e_slash_star_pie,e_slash_star_lin,lambda_H_pie,lambda_H_lin,lambda_H_slash_star_pie,lambda_H_slash_star_lin,lambda_F_slash_star_pie,lambda_F_slash_star_lin,lambda_F_pie,lambda_F_lin,utility_H_with_delta_pie,utility_H_with_delta_lin,utility_F_with_delta_pie,utility_F_with_delta_lin,utility_H_without_delta_pie,utility_H_without_delta_lin,utility_F_without_delta_pie,utility_F_without_delta_lin,p_H_pie,p_H_lin,p_F_star_pie,p_F_star_lin,i_H_notional_pie,i_H_notional_lin,i_H_pie,i_H_lin,i_F_pie,i_F_lin,c_H_W_pie,c_H_W_lin,c_F_W_pie,c_F_W_lin,c_H_H_pie,c_H_H_lin,c_F_H_pie,c_F_H_lin,c_H_F_pie,c_H_F_lin,c_F_F_pie,c_F_F_lin,y_H_pie,y_H_lin,y_F_pie,y_F_lin,l_H_pie,l_H_lin,l_F_pie,l_F_lin,p_H_W_pie,p_H_W_lin,p_F_W_star_pie,p_F_W_star_lin,p_H_W_bar_pie,p_H_W_bar_lin,p_F_W_star_bar_pie,p_F_W_star_bar_lin,p_H_bar_pie,p_H_bar_lin,p_F_star_bar_pie,p_F_star_bar_lin,p_H_bar_y_H_pie,p_H_bar_y_H_lin,p_H_W_c_H_W_pie,p_H_W_c_H_W_lin,p_H_W_slash_p_H_pie,p_H_W_slash_p_H_lin,pi_H_pie,pi_H_lin,pi_F_star_pie,pi_F_star_lin,pi_H_W_pie,pi_H_W_lin,pi_F_W_star_pie,pi_F_W_star_lin,p_H_tilde_pie,p_H_tilde_lin,p_F_star_tilde_pie,p_F_star_tilde_lin,v_H_pie,v_H_lin,v_F_pie,v_F_lin,w_H_pie,w_H_lin,w_F_pie,w_F_lin,p_F_bar_pie,p_F_bar_lin,p_H_star_bar_pie,p_H_star_bar_lin,t_H_pie,t_H_lin,t_F_pie,t_F_lin,b_H_pie,b_H_lin,b_F_star_pie,b_F_star_lin,beta_H_pie,beta_H_lin,beta_F_pie,beta_F_lin,a_H_pie,a_H_lin,a_F_pie,a_F_lin,tau_H_pie,tau_H_lin,tau_F_pie,tau_F_lin,Delta_H_pie,Delta_H_lin,Delta_F_pie,Delta_F_lin
-0.0002219897,-0.0002219897,0.0002219897,0.0002219897,4.5045077e-15,4.5045077e-15,1.993562e-16,1.993562e-16,0.0002219897,0.0002219897,-0.072759806,-0.072759806,-3.9051389e-05,-3.9051389e-05,-0.072759224,-0.072759224,-3.9051389e-05,-3.9051389e-05,3.8352897e-05,3.8352897e-05,-6.8551099e-17,-6.8551099e-17,-0.0002095475,-0.0002095475,-0.0002095475,-0.0002095475,-1.043723e-16,-1.043723e-16,-0.0002212912,-0.0002212912,-3.9051389e-05,-3.9051389e-05,-0.0002212912,-0.0002212912,-3.9051389e-05,-3.9051389e-05,-6.5717796e-16,-6.5717796e-16,-1.1111195e-16,-1.1111195e-16,-0.00026034259,-0.00026034259,-7.7430612e-16,-7.7430612e-16,0.099739657,0.099739657,-7.7910763e-16,-7.7910763e-16,-6.9849166e-07,-6.9849166e-07,3.9051389e-05,3.9051389e-05,-6.9849166e-07,-6.9849166e-07,3.9051389e-05,3.9051389e-05,3.8352897e-05,3.8352897e-05,-6.9276284e-17,-6.9276284e-17,-0.0002219897,-0.0002219897,-0.0002219897,-0.0002219897,-3.9051389e-05,-3.9051389e-05,3.8352897e-05,3.8352897e-05,-7.1027539e-17,-7.1027539e-17,-6.9849166e-07,-6.9849166e-07,3.9051389e-05,3.9051389e-05,0.0038352897,0.0038352897,-2.809209e-16,-2.809209e-16,2.4090255,2.4090255,-1.7334301e-14,-1.7334301e-14,0.18713328,0.18713328,-8.4330833e-15,-8.4330833e-15,-0.0002219897,-0.0002219897,0.00026034259,0.00026034259,-4.4397939e-05,-4.4397939e-05,-1.6856096e-16,-1.6856096e-16,6.2571645e-16,6.2571645e-16,-6.2585538e-16,-6.2585538e-16,-4.9549342e-20,-4.9549342e-20,5.6691698e-21,5.6691698e-21,-0.1,-0.1,3.2251366e-19,3.2251366e-19,0,0,0,0,8.009294e-07,8.009294e-07,8.3241036e-32,8.3241036e-32
-0.00043048946,-0.00043048946,0.00043048946,0.00043048946,3.7376244e-15,3.7376244e-15,3.0404857e-16,3.0404857e-16,0.00043048946,0.00043048946,-0.06915396,-0.06915396,-7.5729762e-05,-7.5729762e-05,-0.06915287,-0.06915287,-7.5729762e-05,-7.5729762e-05,7.4375625e-05,7.4375625e-05,-1.8077947e-16,-1.8077947e-16,-0.00019669353,-0.00019669353,-0.00019669353,-0.00019669353,1.6605741e-16,1.6605741e-16,-0.00042913532,-0.00042913532,-7.5729762e-05,-7.5729762e-05,-0.00042913532,-0.00042913532,-7.5729762e-05,-7.5729762e-05,-5.3487395e-16,-5.3487395e-16,-1.0645735e-16,-1.0645735e-16,-0.00050486508,-0.00050486508,-6.4109216e-16,-6.4109216e-16,0.094495135,0.094495135,2.3090449e-16,2.3090449e-16,-1.3541368e-06,-1.3541368e-06,7.5729762e-05,7.5729762e-05,-1.3541368e-06,-1.3541368e-06,7.5729762e-05,7.5729762e-05,7.4375625e-05,7.4375625e-05,-1.3981669e-16,-1.3981669e-16,-0.00043048946,-0.00043048946,-0.00043048946,-0.00043048946,-7.5729762e-05,-7.5729762e-05,3.6022728e-05,3.6022728e-05,4.0192251e-17,4.0192251e-17,-6.5564509e-07,-6.5564509e-07,3.6678373e-05,3.6678373e-05,0.0036406257,0.0036406257,-3.276868e-16,-3.276868e-16,2.2976864,2.2976864,-2.0236996e-14,-2.0236996e-14,0.18966191,0.18966191,-9.8982839e-15,-9.8982839e-15,-0.00043048946,-0.00043048946,0.00050486508,0.00050486508,-8.6097891e-05,-8.6097891e-05,-1.4962212e-16,-1.4962212e-16,1.2633766e-15,1.2633766e-15,-1.2639207e-15,-1.2639207e-15,8.2513074e-20,8.2513074e-20,-9.7688279e-18,-9.7688279e-18,-0.095,-0.095,-3.3033652e-17,-3.3033652e-17,2.2294391e-17,2.2294391e-17,1.4741118e-17,1.4741118e-17,1.4994834e-06,1.4994834e-06,8.9085159e-32,8.9085159e-32
-0.00062619952,-0.00062619952,0.00062619952,0.00062619952,3.7980686e-15,3.7980686e-15,3.2385957e-16,3.2385957e-16,0.00062619952,0.00062619952,-0.065728026,-0.065728026,-0.0001101583,-0.0001101583,-0.065726493,-0.065726493,-0.0001101583,-0.0001101583,0.00010818913,0.00010818913,-2.3606287e-16,-2.3606287e-16,-0.00018450784,-0.00018450784,-0.00018450784,-0.00018450784,1.740641e-16,1.740641e-16,-0.00062423035,-0.00062423035,-0.0001101583,-0.0001101583,-0.00062423035,-0.00062423035,-0.0001101583,-0.0001101583,-5.3575908e-16,-5.3575908e-16,-7.6171557e-17,-7.6171557e-17,-0.00073438865,-0.00073438865,-6.1151629e-16,-6.1151629e-16,0.089515611,0.089515611,8.9073914e-16,8.9073914e-16,-1.9691629e-06,-1.9691629e-06,0.0001101583,0.0001101583,-1.9691629e-06,-1.9691629e-06,0.0001101583,0.0001101583,0.00010818913,0.00010818913,-1.9724259e-16,-1.9724259e-16,-0.00062619952,-0.00062619952,-0.00062619952,-0.00062619952,-0.0001101583,-0.0001101583,3.3813509e-05,3.3813509e-05,4.8663366e-17,4.8663366e-17,-6.1502614e-07,-6.1502614e-07,3.4428535e-05,3.4428535e-05,0.0034557265,0.0034557265,-3.4781244e-16,-3.4781244e-16,2.1918166,2.1918166,-2.189492e-14,-2.189492e-14,0.19193635,0.19193635,-1.0957453e-14,-1.0957453e-14,-0.00062619952,-0.00062619952,0.00073438865,0.00073438865,-0.0001252399,-0.0001252399,-1.4222292e-16,-1.4222292e-16,1.9056174e-15,1.9056174e-15,-1.9068115e-15,-1.9068115e-15,2.0729062e-19,2.0729062e-19,-1.8090552e-17,-1.8090552e-17,-0.09025,-0.09025,-6.3016633e-17,-6.3016633e-17,4.1291715e-17,4.1291715e-17,2.7282161e-17,2.7282161e-17,2.1070445e-06,2.1070445e-06,1.058879e-31,1.058879e-31
-0.00080978482,-0.00080978482,0.00080978482,0.00080978482,3.8394852e-15,3.8394852e-15,3.3758084e-16,3.3758084e-16,0.00080978482,0.00080978482,-0.062473014,-0.062473014,-0.00014245396,-0.00014245396,-0.062471099,-0.062471099,-0.00014245396,-0.00014245396,0.00013990828,0.00013990828,-2.7977952e-16,-2.7977952e-16,-0.00017295675,-0.00017295675,-0.00017295675,-0.00017295675,1.8047394e-16,1.8047394e-16,-0.00080723913,-0.00080723913,-0.00014245396,-0.00014245396,-0.00080723913,-0.00080723913,-0.00014245396,-0.00014245396,-5.3548694e-16,-5.3548694e-16,-5.0548481e-17,-5.0548481e-17,-0.0009496931,-0.0009496931,-5.8545664e-16,-5.8545664e-16,0.084787807,0.084787807,1.3629884e-15,1.3629884e-15,-2.5456854e-06,-2.5456854e-06,0.00014245396,0.00014245396,-2.5456854e-06,-2.5456854e-06,0.00014245396,0.00014245396,0.00013990828,0.00013990828,-2.4299358e-16,-2.4299358e-16,-0.00080978482,-0.00080978482,-0.00080978482,-0.00080978482,-0.00014245396,-0.00014245396,3.1719145e-05,3.1719145e-05,5.5917455e-17,5.5917455e-17,-5.7652251e-07,-5.7652251e-07,3.2295667e-05,3.2295667e-05,0.0032801036,0.0032801036,-3.6047063e-16,-3.6047063e-16,2.0911436,2.0911436,-2.3029589e-14,-2.3029589e-14,0.1939707,0.1939707,-1.1723725e-14,-1.1723725e-14,-0.00080978482,-0.00080978482,0.0009496931,0.0009496931,-0.00016195696,-0.00016195696,-1.3515749e-16,-1.3515749e-16,2.550713e-15,2.550713e-15,-2.5527802e-15,-2.5527802e-15,3.2513851e-19,3.2513851e-19,-2.5128403e-17,-2.5128403e-17,-0.0857375,-0.0857375,-8.9880773e-17,-8.9880773e-17,5.7374557e-17,5.7374557e-17,3.7879317e-17,3.7879317e-17,2.6337978e-06,2.6337978e-06,1.310075e-31,1.310075e-31
-0.00098187679,-0.00098187679,0.00098187679,0.00098187679,3.8636629e-15,3.8636629e-15,3.4581081e-16,3.4581081e-16,0.00098187679,0.00098187679,-0.059380387,-0.059380387,-0.00017272784,-0.00017272784,-0.059378141,-0.059378141,-0.00017272784,-0.00017272784,0.00016964212,0.00016964212,-3.1321946e-16,-3.1321946e-16,-0.00016200826,-0.00016200826,-0.00016200826,-0.00016200826,1.8547522e-16,1.8547522e-16,-0.00097879108,-0.00097879108,-0.00017272784,-0.00017272784,-0.00097879108,-0.00097879108,-0.00017272784,-0.00017272784,-5.3418712e-16,-5.3418712e-16,-2.899989e-17,-2.899989e-17,-0.0011515189,-0.0011515189,-5.62454e-16,-5.62454e-16,0.080299106,0.080299106,1.6950272e-15,1.6950272e-15,-3.0857129e-06,-3.0857129e-06,0.00017272784,0.00017272784,-3.0857129e-06,-3.0857129e-06,0.00017272784,0.00017272784,0.00016964212,0.00016964212,-2.7836515e-16,-2.7836515e-16,-0.00098187679,-0.00098187679,-0.00098187679,-0.00098187679,-0.00017272784,-0.00017272784,2.9733845e-05,2.9733845e-05,6.2087631e-17,6.2087631e-17,-5.4002753e-07,-5.4002753e-07,3.0273872e-05,3.0273872e-05,0.0031132927,0.0031132927,-3.6653009e-16,-3.6653009e-16,1.9954087,1.9954087,-2.3701537e-14,-2.3701537e-14,0.19577832,0.19577832,-1.2230816e-14,-1.2230816e-14,-0.00098187679,-0.00098187679,0.0011515189,0.0011515189,-0.00019637536,-0.00019637536,-1.2836323e-16,-1.2836323e-16,3.1971508e-15,3.1971508e-15,-3.2002931e-15,-3.2002931e-15,4.363947e-19,4.363947e-19,-3.1033214e-17,-3.1033214e-17,-0.081450625,-0.081450625,-1.1386341e-16,-1.1386341e-16,7.0884604e-17,7.0884604e-17,4.6761349e-17,4.6761349e-17,3.0888531e-06,3.0888531e-06,1.6186104e-31,1.6186104e-31
-0.001143075,-0.001143075,0.001143075,0.001143075,3.8727702e-15,3.8727702e-15,3.4909743e-16,3.4909743e-16,0.001143075,0.001143075,-0.056442033,-0.056442033,-0.00020108539,-0.00020108539,-0.056439502,-0.056439502,-0.00020108539,-0.00020108539,0.00019749423,0.00019749423,-3.3754301e-16,-3.3754301e-16,-0.00015163196,-0.00015163196,-0.00015163196,-0.00015163196,1.8923645e-16,1.8923645e-16,-0.0011394839,-0.0011394839,-0.00020108539,-0.00020108539,-0.0011394839,-0.0011394839,-0.00020108539,-0.00020108539,-5.3197631e-16,-5.3197631e-16,-1.1004913e-17,-1.1004913e-17,-0.0013405692,-0.0013405692,-5.4210368e-16,-5.4210368e-16,0.076037525,0.076037525,1.9224195e-15,1.9224195e-15,-3.5911528e-06,-3.5911528e-06,0.00020108539,0.00020108539,-3.5911528e-06,-3.5911528e-06,0.00020108539,0.00020108539,0.00019749423,0.00019749423,-3.0452276e-16,-3.0452276e-16,-0.001143075,-0.001143075,-0.001143075,-0.001143075,-0.00020108539,-0.00020108539,2.7852109e-05,2.7852109e-05,6.7293418e-17,6.7293418e-17,-5.0543986e-07,-5.0543986e-07,2.8357549e-05,2.8357549e-05,0.002954853,0.002954853,-3.6677169e-16,-3.6677169e-16,1.904366,1.904366,-2.3965164e-14,-2.3965164e-14,0.19737189,0.19737189,-1.2509011e-14,-1.2509011e-14,-0.001143075,-0.001143075,0.0013405692,0.0013405692,-0.000228615,-0.000228615,-1.217871e-16,-1.217871e-16,3.8436082e-15,3.8436082e-15,-3.8480068e-15,-3.8480068e-15,5.4138069e-19,5.4138069e-19,-3.5939611e-17,-3.5939611e-17,-0.077378094,-0.077378094,-1.3518595e-16,-1.3518595e-16,8.2126869e-17,8.2126869e-17,5.4132424e-17,5.4132424e-17,3.480355e-06,3.480355e-06,1.9611445e-31,1.9611445e-31
-0.0012939488,-0.0012939488,0.0012939488,0.0012939488,3.8682165e-15,3.8682165e-15,3.479423e-16,3.479423e-16,0.0012939488,0.0012939488,-0.053650243,-0.053650243,-0.00022762676,-0.00022762676,-0.053647468,-0.053647468,-0.00022762676,-0.00022762676,0.00022356295,0.00022356295,-3.5379352e-16,-3.5379352e-16,-0.00014179898,-0.00014179898,-0.00014179898,-0.00014179898,1.919083e-16,1.919083e-16,-0.001289885,-0.001289885,-0.00022762676,-0.00022762676,-0.001289885,-0.001289885,-0.00022762676,-0.00022762676,-5.2895958e-16,-5.2895958e-16,3.8972529e-18,3.8972529e-18,-0.0015175118,-0.0015175118,-5.2404942e-16,-5.2404942e-16,0.071991677,0.071991677,2.0718638e-15,2.0718638e-15,-4.0638161e-06,-4.0638161e-06,0.00022762676,0.00022762676,-4.0638161e-06,-4.0638161e-06,0.00022762676,0.00022762676,0.00022356295,0.00022356295,-3.2251462e-16,-3.2251462e-16,-0.0012939488,-0.0012939488,-0.0012939488,-0.0012939488,-0.00022762676,-0.00022762676,2.6068714e-05,2.6068714e-05,7.164211e-17,7.164211e-17,-4.7266326e-07,-4.7266326e-07,2.6541377e-05,2.6541377e-05,0.0028043656,0.0028043656,-3.61897e-16,-3.61897e-16,1.8177819,1.8177819,-2.3869331e-14,-2.3869331e-14,0.19876345,0.19876345,-1.2585511e-14,-1.2585511e-14,-0.0012939488,-0.0012939488,0.0015175118,0.0015175118,-0.00025878976,-0.00025878976,-1.1538439e-16,-1.1538439e-16,4.4889324e-15,4.4889324e-15,-4.4947483e-15,-4.4947483e-15,6.4040234e-19,6.4040234e-19,-3.9967694e-17,-3.9967694e-17,-0.073509189,-0.073509189,-1.5405484e-16,-1.5405484e-16,9.1373482e-17,9.1373482e-17,6.0174662e-17,6.0174662e-17,3.8155815e-06,3.8155815e-06,2.317736e-31,2.317736e-31
-0.0014350388,-0.0014350388,0.0014350388,0.0014350388,3.8521703e-15,3.8521703e-15,3.428045e-16,3.428045e-16,0.0014350388,0.0014350388,-0.050997697,-0.050997697,-0.00025244706,-0.00025244706,-0.050994715,-0.050994715,-0.00025244706,-0.00025244706,0.00024794164,0.00024794164,-3.629088e-16,-3.629088e-16,-0.00013248188,-0.00013248188,-0.00013248188,-0.00013248188,1.9362545e-16,1.9362545e-16,-0.0014305334,-0.0014305334,-0.00025244706,-0.00025244706,-0.0014305334,-0.0014305334,-0.00025244706,-0.00025244706,-5.2523153e-16,-5.2523153e-16,1.6113864e-17,1.6113864e-17,-0.0016829804,-0.0016829804,-5.079781e-16,-5.079781e-16,0.068150749,0.068150749,2.1634039e-15,2.1634039e-15,-4.5054223e-06,-4.5054223e-06,0.00025244706,0.00025244706,-4.5054223e-06,-4.5054223e-06,0.00025244706,0.00025244706,0.00024794164,0.00024794164,-3.3328321e-16,-3.3328321e-16,-0.0014350388,-0.0014350388,-0.0014350388,-0.0014350388,-0.00025244706,-0.00025244706,2.4378695e-05,2.4378695e-05,7.5229997e-17,7.5229997e-17,-4.4160628e-07,-4.4160628e-07,2.4820302e-05,2.4820302e-05,0.0026614325,0.0026614325,-3.5253613e-16,-3.5253613e-16,1.7354345,1.7354345,-2.3457915e-14,-2.3457915e-14,0.19996441,0.19996441,-1.2484732e-14,-1.2484732e-14,-0.0014350388,-0.0014350388,0.0016829804,0.0016829804,-0.00028700776,-0.00028700776,-1.091177e-16,-1.091177e-16,5.132121e-15,5.132121e-15,-5.1394964e-15,-5.1394964e-15,7.3375067e-19,7.3375067e-19,-4.3224542e-17,-4.3224542e-17,-0.06983373,-0.06983373,-1.7066254e-16,-1.7066254e-16,9.8867096e-17,9.8867096e-17,6.5050421e-17,6.5050421e-17,4.1010334e-06,4.1010334e-06,2.6721282e-31,2.6721282e-31
-0.0015668583,-0.0015668583,0.0015668583,0.0015668583,3.8254989e-15,3.8254989e-15,3.3410407e-16,3.3410407e-16,0.0015668583,0.0015668583,-0.048477438,-0.048477438,-0.00027563659,-0.00027563659,-0.048474279,-0.048474279,-0.00027563659,-0.00027563659,0.00027071898,0.00027071898,-3.6573156e-16,-3.6573156e-16,-0.00012365462,-0.00012365462,-0.00012365462,-0.00012365462,1.9450822e-16,1.9450822e-16,-0.0015619407,-0.0015619407,-0.00027563659,-0.00027563659,-0.0015619407,-0.0015619407,-0.00027563659,-0.00027563659,-5.2087729e-16,-5.2087729e-16,2.6004475e-17,2.6004475e-17,-0.0018375772,-0.0018375772,-4.9361482e-16,-4.9361482e-16,0.064504466,0.064504466,2.2120864e-15,2.2120864e-15,-4.9176044e-06,-4.9176044e-06,0.00027563659,0.00027563659,-4.9176044e-06,-4.9176044e-06,0.00027563659,0.00027563659,0.00027071898,0.00027071898,-3.3767565e-16,-3.3767565e-16,-0.0015668583,-0.0015668583,-0.0015668583,-0.0015668583,-0.00027563659,-0.00027563659,2.277734e-05,2.277734e-05,7.8143462e-17,7.8143462e-17,-4.1218208e-07,-4.1218208e-07,2.3189522e-05,2.3189522e-05,0.0025256757,0.0025256757,-3.3925468e-16,-3.3925468e-16,1.6571129,1.6571129,-2.277029e-14,-2.277029e-14,0.20098562,0.20098562,-1.2228582e-14,-1.2228582e-14,-0.0015668583,-0.0015668583,0.0018375772,0.0018375772,-0.00031337165,-0.00031337165,-1.0295593e-16,-1.0295593e-16,5.7723062e-15,5.7723062e-15,-5.7813647e-15,-5.7813647e-15,8.2170257e-19,8.2170257e-19,-4.5805564e-17,-4.5805564e-17,-0.066342043,-0.066342043,-1.8518839e-16,-1.8518839e-16,1.0482395e-16,1.0482395e-16,6.8904349e-17,6.8904349e-17,4.3425136e-06,4.3425136e-06,3.0116522e-31,3.0116522e-31
-0.0016898946,-0.0016898946,0.0016898946,0.0016898946,3.7895034e-15,3.7895034e-15,3.2222522e-16,3.2222522e-16,0.0016898946,0.0016898946,-0.046082856,-0.046082856,-0.00029728106,-0.00029728106,-0.046079551,-0.046079551,-0.00029728106,-0.00029728106,0.00029197915,0.00029197915,-3.6301869e-16,-3.6301869e-16,-0.00011529245,-0.00011529245,-0.00011529245,-0.00011529245,1.9466403e-16,1.9466403e-16,-0.0016845927,-0.0016845927,-0.00029728106,-0.00029728106,-0.0016845927,-0.0016845927,-0.00029728106,-0.00029728106,-5.1597345e-16,-5.1597345e-16,3.3886165e-17,3.3886165e-17,-0.0019818738,-0.0019818738,-4.8071868e-16,-4.8071868e-16,0.061043067,0.061043067,2.2292061e-15,2.2292061e-15,-5.3019126e-06,-5.3019126e-06,0.00029728106,0.00029728106,-5.3019126e-06,-5.3019126e-06,0.00029728106,0.00029728106,0.00029197915,0.00029197915,-3.3645303e-16,-3.3645303e-16,-0.0016898946,-0.0016898946,-0.0016898946,-0.0016898946,-0.00029728106,-0.00029728106,2.126017e-05,2.126017e-05,8.0459978e-17,8.0459978e-17,-3.8430816e-07,-3.8430816e-07,2.1644478e-05,2.1644478e-05,0.002396736,0.002396736,-3.2256011e-16,-3.2256011e-16,1.5826168,1.5826168,-2.1841776e-14,-2.1841776e-14,0.20183733,0.20183733,-1.1836706e-14,-1.1836706e-14,-0.0016898946,-0.0016898946,0.0019818738,0.0019818738,-0.00033797892,-0.00033797892,-9.6873494e-17,-9.6873494e-17,6.4087393e-15,6.4087393e-15,-6.4195877e-15,-6.4195877e-15,9.0452147e-19,9.0452147e-19,-4.7795718e-17,-4.7795718e-17,-0.063024941,-0.063024941,-1.9779945e-16,-1.9779945e-16,1.0943662e-16,1.0943662e-16,7.1865233e-17,7.1865233e-17,4.5451997e-06,4.5451997e-06,3.3269175e-31,3.3269175e-31
-0.0018046106,-0.0018046106,0.0018046106,0.0018046106,3.7457017e-15,3.7457017e-15,3.0751925e-16,3.0751925e-16,0.0018046106,0.0018046106,-0.043807674,-0.043807674,-0.0003174619,-0.0003174619,-0.043804246,-0.043804246,-0.0003174619,-0.0003174619,0.00031180208,0.00031180208,-3.5544976e-16,-3.5544976e-16,-0.00010737185,-0.00010737185,-0.00010737185,-0.00010737185,1.9418869e-16,1.9418869e-16,-0.0017989508,-0.0017989508,-0.0003174619,-0.0003174619,-0.0017989508,-0.0017989508,-0.0003174619,-0.0003174619,-5.105889e-16,-5.105889e-16,4.0038214e-17,4.0038214e-17,-0.0021164127,-0.0021164127,-4.6907886e-16,-4.6907886e-16,0.057757281,0.057757281,2.2232394e-15,2.2232394e-15,-5.6598187e-06,-5.6598187e-06,0.0003174619,0.0003174619,-5.6598187e-06,-5.6598187e-06,0.0003174619,0.0003174619,0.00031180208,0.00031180208,-3.3029887e-16,-3.3029887e-16,-0.0018046106,-0.0018046106,-0.0018046106,-0.0018046106,-0.0003174619,-0.0003174619,1.9822931e-05,1.9822931e-05,8.2248998e-17,8.2248998e-17,-3.5790615e-07,-3.5790615e-07,2.0180838e-05,2.0180838e-05,0.0022742723,0.0022742723,-3.0290743e-16,-3.0290743e-16,1.511756,1.511756,-2.0704036e-14,-2.0704036e-14,0.20252931,0.20252931,-1.1326714e-14,-1.1326714e-14,-0.0018046106,-0.0018046106,0.0021164127,0.0021164127,-0.00036092212,-0.00036092212,-9.0849565e-17,-9.0849565e-17,7.0407777e-15,7.0407777e-15,-7.0535065e-15,-7.0535065e-15,9.8245805e-19,9.8245805e-19,-4.9270595e-17,-4.9270595e-17,-0.059873694,-0.059873694,-2.0865127e-16,-2.0865127e-16,1.1287649e-16,1.1287649e-16,7.4047651e-17,7.4047651e-17,4.7137082e-06,4.7137082e-06,3.6113963e-31,3.6113963e-31
-0.0019114456,-0.0019114456,0.0019114456,0.0019114456,3.6947442e-15,3.6947442e-15,2.9030725e-16,2.9030725e-16,0.0019114456,0.0019114456,-0.041645927,-0.041645927,-0.00033625639,-0.00033625639,-0.041642398,-0.041642398,-0.00033625639,-0.00033625639,0.00033026367,0.00033026367,-3.4363456e-16,-3.4363456e-16,-9.9870485e-05,-9.9870485e-05,-9.9870485e-05,-9.9870485e-05,1.9316762e-16,1.9316762e-16,-0.0019054529,-0.0019054529,-0.00033625639,-0.00033625639,-0.0019054529,-0.0019054529,-0.00033625639,-0.00033625639,-5.0478556e-16,-5.0478556e-16,4.4706286e-17,4.4706286e-17,-0.0022417093,-0.0022417093,-4.5851124e-16,-4.5851124e-16,0.0546383,0.0546383,2.2005454e-15,2.2005454e-15,-5.9927203e-06,-5.9927203e-06,0.00033625639,0.00033625639,-5.9927203e-06,-5.9927203e-06,0.00033625639,0.00033625639,0.00033026367,0.00033026367,-3.1982678e-16,-3.1982678e-16,-0.0019114456,-0.0019114456,-0.0019114456,-0.0019114456,-0.00033625639,-0.00033625639,1.8461584e-05,1.8461584e-05,8.3572762e-17,8.3572762e-17,-3.3290162e-07,-3.3290162e-07,1.8794485e-05,1.8794485e-05,0.0021579605,0.0021579605,-2.8070433e-16,-2.8070433e-16,1.4443496,1.4443496,-1.9385437e-14,-1.9385437e-14,0.2030708,0.2030708,-1.0714378e-14,-1.0714378e-14,-0.0019114456,-0.0019114456,0.0022417093,0.0022417093,-0.00038228912,-0.00038228912,-8.4867423e-17,-8.4867423e-17,7.6678728e-15,7.6678728e-15,-7.6825576e-15,-7.6825576e-15,1.0557508e-18,1.0557508e-18,-5.0297406e-17,-5.0297406e-17,-0.056880009,-0.056880009,-2.1788862e-16,-2.1788862e-16,1.1529594e-16,1.1529594e-16,7.5553461e-17,7.5553461e-17,4.8521531e-06,4.8521531e-06,3.8609743e-31,3.8609743e-31
-0.0020108167,-0.0020108167,0.0020108167,0.0020108167,3.6377151e-15,3.6377151e-15,2.7088257e-16,2.7088257e-16,0.0020108167,0.0020108167,-0.039591948,-0.039591948,-0.0003537379,-0.0003537379,-0.039588337,-0.039588337,-0.0003537379,-0.0003537379,0.00034743596,0.00034743596,-3.2812002e-16,-3.2812002e-16,-9.2767155e-05,-9.2767155e-05,-9.2767155e-05,-9.2767155e-05,1.9167691e-16,1.9167691e-16,-0.0020045148,-0.0020045148,-0.0003537379,-0.0003537379,-0.0020045148,-0.0020045148,-0.0003537379,-0.0003537379,-4.9861911e-16,-4.9861911e-16,4.8106166e-17,4.8106166e-17,-0.0023582527,-0.0023582527,-4.4885534e-16,-4.4885534e-16,0.051677756,0.051677756,2.1658926e-15,2.1658926e-15,-6.3019442e-06,-6.3019442e-06,0.0003537379,0.0003537379,-6.3019442e-06,-6.3019442e-06,0.0003537379,0.0003537379,0.00034743596,0.00034743596,-3.0558727e-16,-3.0558727e-16,-0.0020108167,-0.0020108167,-0.0020108167,-0.0020108167,-0.0003537379,-0.0003537379,1.7172289e-05,1.7172289e-05,8.4487019e-17,8.4487019e-17,-3.0922385e-07,-3.0922385e-07,1.7481513e-05,1.7481513e-05,0.0020474926,0.0020474926,-2.5631587e-16,-2.5631587e-16,1.3802259,1.3802259,-1.7911374e-14,-1.7911374e-14,0.20347058,0.20347058,-1.0013819e-14,-1.0013819e-14,-0.0020108167,-0.0020108167,0.0023582527,0.0023582527,-0.00040216334,-0.00040216334,-7.8913881e-17,-7.8913881e-17,8.2895596e-15,8.2895596e-15,-8.3062619e-15,-8.3062619e-15,1.1246268e-18,1.1246268e-18,-5.0935856e-17,-5.0935856e-17,-0.054036009,-0.054036009,-2.2564621e-16,-2.2564621e-16,1.1683038e-16,1.1683038e-16,7.6473135e-17,7.6473135e-17,4.9641978e-06,4.9641978e-06,4.07351e-31,4.07351e-31
-0.00210312,-0.00210312,0.00210312,0.00210312,3.5761324e-15,3.5761324e-15,2.4951307e-16,2.4951307e-16,0.00210312,0.00210312,-0.037640352,-0.037640352,-0.00036997611,-0.00036997611,-0.037636677,-0.037636677,-0.00036997611,-0.00036997611,0.00036338736,0.00036338736,-3.0939637e-16,-3.0939637e-16,-8.6041707e-05,-8.6041707e-05,-8.6041707e-05,-8.6041707e-05,1.8978424e-16,1.8978424e-16,-0.0020965313,-0.0020965313,-0.00036997611,-0.00036997611,-0.0020965313,-0.0020965313,-0.00036997611,-0.00036997611,-4.9213954e-16,-4.9213954e-16,5.0427102e-17,5.0427102e-17,-0.0024665074,-0.0024665074,-4.3997155e-16,-4.3997155e-16,0.048867701,0.048867701,2.1228534e-15,2.1228534e-15,-6.5887499e-06,-6.5887499e-06,0.00036997611,0.00036997611,-6.5887499e-06,-6.5887499e-06,0.00036997611,0.00036997611,0.00036338736,0.00036338736,-2.8807398e-16,-2.8807398e-16,-0.00210312,-0.00210312,-0.00210312,-0.00210312,-0.00036997611,-0.00036997611,1.5951403e-05,1.5951403e-05,8.5041681e-17,8.5041681e-17,-2.8680569e-07,-2.8680569e-07,1.6238208e-05,1.6238208e-05,0.0019425762,0.0019425762,-2.3006866e-16,-2.3006866e-16,1.3192216,1.3192216,-1.6304568e-14,-1.6304568e-14,0.20373696,0.20373696,-9.2376642e-15,-9.2376642e-15,-0.00210312,-0.00210312,0.0024665074,0.0024665074,-0.00042062401,-0.00042062401,-7.2978781e-17,-7.2978781e-17,8.9054465e-15,8.9054465e-15,-8.9242152e-15,-8.9242152e-15,1.1893018e-18,1.1893018e-18,-5.1238939e-17,-5.1238939e-17,-0.051334208,-0.051334208,-2.3204929e-16,-2.3204929e-16,1.1760002e-16,1.1760002e-16,7.6886959e-17,7.6886959e-17,5.0531023e-06,5.0531023e-06,4.2484269e-31,4.2484269e-31
-0.0021887315,-0.0021887315,0.0021887315,0.0021887315,3.5097793e-15,3.5097793e-15,2.2644321e-16,2.2644321e-16,0.0021887315,0.0021887315,-0.035786027,-0.035786027,-0.00038503715,-0.00038503715,-0.035782302,-0.035782302,-0.00038503715,-0.00038503715,0.00037818282,0.00037818282,-2.8790274e-16,-2.8790274e-16,-7.9675002e-05,-7.9675002e-05,-7.9675002e-05,-7.9675002e-05,1.875498e-16,1.875498e-16,-0.0021818772,-0.0021818772,-0.00038503715,-0.00038503715,-0.0021818772,-0.0021818772,-0.00038503715,-0.00038503715,-4.8539174e-16,-4.8539174e-16,5.1834792e-17,5.1834792e-17,-0.0025669144,-0.0025669144,-4.3173873e-16,-4.3173873e-16,0.046200584,0.046200584,2.0741017e-15,2.0741017e-15,-6.8543332e-06,-6.8543332e-06,0.00038503715,0.00038503715,-6.8543332e-06,-6.8543332e-06,0.00038503715,0.00038503715,0.00037818282,0.00037818282,-2.6772929e-16,-2.6772929e-16,-0.0021887315,-0.0021887315,-0.0021887315,-0.0021887315,-0.00038503715,-0.00038503715,1.479546e-05,1.479546e-05,8.5281412e-17,8.5281412e-17,-2.6558334e-07,-2.6558334e-07,1.5061044e-05,1.5061044e-05,0.0018429334,0.0018429334,-2.0225463e-16,-2.0225463e-16,1.2611818,1.2611818,-1.4585324e-14,-1.4585324e-14,0.20387783,0.20387783,-8.3972011e-15,-8.3972011e-15,-0.0021887315,-0.0021887315,0.0025669144,0.0025669144,-0.00043774631,-0.00043774631,-6.7054547e-17,-6.7054547e-17,9.5152077e-15,9.5152077e-15,-9.5360796e-15,-9.5360796e-15,1.2499816e-18,1.2499816e-18,-5.125364e-17,-5.125364e-17,-0.048767498,-0.048767498,-2.3721428e-16,-2.3721428e-16,1.1771146e-16,1.1771146e-16,7.6866109e-17,7.6866109e-17,5.1217654e-06,5.1217654e-06,4.3863519e-31,4.3863519e-31
-0.0022680082,-0.0022680082,0.0022680082,0.0022680082,3.4390893e-15,3.4390893e-15,2.0189592e-16,2.0189592e-16,0.0022680082,0.0022680082,-0.034024111,-0.034024111,-0.00039898382,-0.00039898382,-0.034020349,-0.034020349,-0.00039898382,-0.00039898382,0.00039188399,0.00039188399,-2.6403221e-16,-2.6403221e-16,-7.3648861e-05,-7.3648861e-05,-7.3648861e-05,-7.3648861e-05,1.8502703e-16,1.8502703e-16,-0.0022609083,-0.0022609083,-0.00039898382,-0.00039898382,-0.0022609083,-0.0022609083,-0.00039898382,-0.00039898382,-4.78416e-16,-4.78416e-16,5.2474047e-17,5.2474047e-17,-0.0026598922,-0.0026598922,-4.2405204e-16,-4.2405204e-16,0.043669231,0.043669231,2.0216346e-15,2.0216346e-15,-7.0998294e-06,-7.0998294e-06,0.00039898382,0.00039898382,-7.0998294e-06,-7.0998294e-06,0.00039898382,0.00039898382,0.00039188399,0.00039188399,-2.4494935e-16,-2.4494935e-16,-0.0022680082,-0.0022680082,-0.0022680082,-0.0022680082,-0.00039898382,-0.00039898382,1.3701174e-05,1.3701174e-05,8.5246153e-17,8.5246153e-17,-2.454962e-07,-2.454962e-07,1.394667e-05,1.394667e-05,0.0017483002,0.0017483002,-1.7313448e-16,-1.7313448e-16,1.2059591,1.2059591,-1.2771774e-14,-1.2771774e-14,0.20390069,0.20390069,-7.5025076e-15,-7.5025076e-15,-0.0022680082,-0.0022680082,0.0026598922,0.0026598922,-0.00045360163,-0.00045360163,-6.1135794e-17,-6.1135794e-17,1.0118575e-14,1.0118575e-14,-1.0141576e-14,-1.0141576e-14,1.3068616e-18,1.3068616e-18,-5.1021577e-17,-5.1021577e-17,-0.046329123,-0.046329123,-2.4124936e-16,-2.4124936e-16,1.1725913e-16,1.1725913e-16,7.6473612e-17,7.6473612e-17,5.1727625e-06,5.1727625e-06,4.4888035e-31,4.4888035e-31
-0.0023412888,-0.0023412888,0.0023412888,0.0023412888,3.3644962e-15,3.3644962e-15,1.7607442e-16,1.7607442e-16,0.0023412888,0.0023412888,-0.032349989,-0.032349989,-0.00041187573,-0.00041187573,-0.032346201,-0.032346201,-0.00041187573,-0.00041187573,0.00040454941,0.00040454941,-2.3813633e-16,-2.3813633e-16,-6.7946016e-05,-6.7946016e-05,-6.7946016e-05,-6.7946016e-05,1.8226334e-16,1.8226334e-16,-0.0023339625,-0.0023339625,-0.00041187573,-0.00041187573,-0.0023339625,-0.0023339625,-0.00041187573,-0.00041187573,-4.7124844e-16,-4.7124844e-16,5.2471172e-17,5.2471172e-17,-0.0027458382,-0.0027458382,-4.16821e-16,-4.16821e-16,0.041266829,0.041266829,1.9669412e-15,1.9669412e-15,-7.3263161e-06,-7.3263161e-06,0.00041187573,0.00041187573,-7.3263161e-06,-7.3263161e-06,0.00041187573,0.00041187573,0.00040454941,0.00040454941,-2.2008866e-16,-2.2008866e-16,-0.0023412888,-0.0023412888,-0.0023412888,-0.0023412888,-0.00041187573,-0.00041187573,1.2665418e-05,1.2665418e-05,8.4971603e-17,8.4971603e-17,-2.2648672e-07,-2.2648672e-07,1.2891905e-05,1.2891905e-05,0.0016584258,0.0016584258,-1.4294077e-16,-1.4294077e-16,1.1534136,1.1534136,-1.0880094e-14,-1.0880094e-14,0.20381261,0.20381261,-6.5625732e-15,-6.5625732e-15,-0.0023412888,-0.0023412888,0.0027458382,0.0027458382,-0.00046825776,-0.00046825776,-5.5218991e-17,-5.5218991e-17,1.071533e-14,1.071533e-14,-1.0740477e-14,-1.0740477e-14,1.360128e-18,1.360128e-18,-5.0579565e-17,-5.0579565e-17,-0.044012667,-0.044012667,-2.4425496e-16,-2.4425496e-16,1.1632662e-16,1.1632662e-16,7.5765218e-17,7.5765218e-17,5.2083797e-06,5.2083797e-06,4.5579312e-31,4.5579312e-31
-0.0024088951,-0.0024088951,0.0024088951,0.0024088951,3.2890357e-15,3.2890357e-15,1.4916376e-16,1.4916376e-16,0.0024088951,0.0024088951,-0.030759276,-0.030759276,-0.00042376946,-0.00042376946,-0.030755472,-0.030755472,-0.00042376946,-0.00042376946,0.00041623464,0.00041623464,-2.1052927e-16,-2.1052927e-16,-6.2550066e-05,-6.2550066e-05,-6.2550066e-05,-6.2550066e-05,1.7930071e-16,1.7930071e-16,-0.0024013602,-0.0024013602,-0.00042376946,-0.00042376946,-0.0024013602,-0.0024013602,-0.00042376946,-0.00042376946,-4.6392144e-16,-4.6392144e-16,5.1936091e-17,5.1936091e-17,-0.0028251297,-0.0028251297,-4.0996776e-16,-4.0996776e-16,0.038986904,0.038986904,1.9111275e-15,1.9111275e-15,-7.5348164e-06,-7.5348164e-06,0.00042376946,0.00042376946,-7.5348164e-06,-7.5348164e-06,0.00042376946,0.00042376946,0.00041623464,0.00041623464,-1.9346413e-16,-1.9346413e-16,-0.0024088951,-0.0024088951,-0.0024088951,-0.0024088951,-0.00042376946,-0.00042376946,1.1685227e-05,1.1685227e-05,8.4489643e-17,8.4489643e-17,-2.0850022e-07,-2.0850022e-07,1.1893727e-05,1.1893727e-05,0.0015730721,0.0015730721,-1.1188066e-16,-1.1188066e-16,1.1034123,1.1034123,-8.9246945e-15,-8.9246945e-15,0.20362034,0.20362034,-5.5854076e-15,-5.5854076e-15,-0.0024088951,-0.0024088951,0.0028251297,0.0028251297,-0.00048177901,-0.00048177901,-4.9302156e-17,-4.9302156e-17,1.1305302e-14,1.1305302e-14,-1.1332601e-14,-1.1332601e-14,1.409958e-18,1.409958e-18,-4.9960136e-17,-4.9960136e-17,-0.041812034,-0.041812034,-2.463243e-16,-2.463243e-16,1.1498776e-16,1.1498776e-16,7.4790174e-17,7.4790174e-17,5.2306444e-06,5.2306444e-06,4.5963009e-31,4.5963009e-31
-0.0024711324,-0.0024711324,0.0024711324,0.0024711324,3.2092384e-15,3.2092384e-15,1.2133232e-16,1.2133232e-16,0.0024711324,0.0024711324,-0.029247805,-0.029247805,-0.00043471872,-0.00043471872,-0.029243993,-0.029243993,-0.00043471872,-0.00043471872,0.00042699242,0.00042699242,-1.8149146e-16,-1.8149146e-16,-5.7445432e-05,-5.7445432e-05,-5.7445432e-05,-5.7445432e-05,1.7617626e-16,1.7617626e-16,-0.0024634061,-0.0024634061,-0.00043471872,-0.00043471872,-0.0024634061,-0.0024634061,-0.00043471872,-0.00043471872,-4.5646397e-16,-4.5646397e-16,5.0964237e-17,5.0964237e-17,-0.0028981248,-0.0028981248,-4.0342562e-16,-4.0342562e-16,0.036823307,0.036823307,1.8550113e-15,1.8550113e-15,-7.7263011e-06,-7.7263011e-06,0.00043471872,0.00043471872,-7.7263011e-06,-7.7263011e-06,0.00043471872,0.00043471872,0.00042699242,0.00042699242,-1.6535888e-16,-1.6535888e-16,-0.0024711324,-0.0024711324,-0.0024711324,-0.0024711324,-0.00043471872,-0.00043471872,1.0757779e-05,1.0757779e-05,8.3828727e-17,8.3828727e-17,-1.9148477e-07,-1.9148477e-07,1.0949264e-05,1.0949264e-05,0.0014920126,0.0014920126,-8.0138482e-17,-8.0138482e-17,1.055829,1.055829,-6.9183984e-15,-6.9183984e-15,0.20333025,0.20333025,-4.5781386e-15,-4.5781386e-15,-0.0024711324,-0.0024711324,0.0028981248,0.0028981248,-0.00049422648,-0.00049422648,-4.3384595e-17,-4.3384595e-17,1.1888355e-14,1.1888355e-14,-1.1917806e-14,-1.1917806e-14,1.4565202e-18,1.4565202e-18,-4.9191991e-17,-4.9191991e-17,-0.039721432,-0.039721432,-2.4754385e-16,-2.4754385e-16,1.1330776e-16,1.1330776e-16,7.3591918e-17,7.3591918e-17,5.2413528e-06,5.2413528e-06,4.6067228e-31,4.6067228e-31
-0.0025282906,-0.0025282906,0.0025282906,0.0025282906,3.1285738e-15,3.1285738e-15,9.2733191e-17,9.2733191e-17,0.0025282906,0.0025282906,-0.027811617,-0.027811617,-0.00044477451,-0.00044477451,-0.027807805,-0.027807805,-0.00044477451,-0.00044477451,0.00043687282,0.00043687282,-1.5127302e-16,-1.5127302e-16,-5.2617316e-05,-5.2617316e-05,-5.2617316e-05,-5.2617316e-05,1.7292277e-16,1.7292277e-16,-0.0025203889,-0.0025203889,-0.00044477451,-0.00044477451,-0.0025203889,-0.0025203889,-0.00044477451,-0.00044477451,-4.4890198e-16,-4.4890198e-16,4.9638243e-17,4.9638243e-17,-0.0029651634,-0.0029651634,-3.9713761e-16,-3.9713761e-16,0.034770197,0.034770197,1.7991936e-15,1.7991936e-15,-7.9016922e-06,-7.9016922e-06,0.00044477451,0.00044477451,-7.9016922e-06,-7.9016922e-06,0.00044477451,0.00044477451,0.00043687282,0.00043687282,-1.3602549e-16,-1.3602549e-16,-0.0025282906,-0.0025282906,-0.0025282906,-0.0025282906,-0.00044477451,-0.00044477451,9.8803996e-06,9.8803996e-06,8.3014226e-17,8.3014226e-17,-1.7539105e-07,-1.7539105e-07,1.0055791e-05,1.0055791e-05,0.0014150324,0.0014150324,-4.7877984e-17,-4.7877984e-17,1.0105436,1.0105436,-4.8725996e-15,-4.8725996e-15,0.20294839,0.20294839,-3.5471001e-15,-3.5471001e-15,-0.0025282906,-0.0025282906,0.0029651634,0.0029651634,-0.00050565812,-0.00050565812,-3.7466678e-17,-3.7466678e-17,1.2464393e-14,1.2464393e-14,-1.2495986e-14,-1.2495986e-14,1.499975e-18,1.499975e-18,-4.8300414e-17,-4.8300414e-17,-0.03773536,-0.03773536,-2.4799377e-16,-2.4799377e-16,1.1134405e-16,1.1134405e-16,7.220871e-17,7.220871e-17,5.2420946e-06,5.2420946e-06,4.5921168e-31,4.5921168e-31
-0.0025806448,-0.0025806448,0.0025806448,0.0025806448,3.0448734e-15,3.0448734e-15,6.3505382e-17,6.3505382e-17,0.0025806448,0.0025806448,-0.026446953,-0.026446953,-0.00045398523,-0.00045398523,-0.026443146,-0.026443146,-0.00045398523,-0.00045398523,0.00044592336,0.00044592336,-1.2009668e-16,-1.2009668e-16,-4.8051664e-05,-4.8051664e-05,-4.8051664e-05,-4.8051664e-05,1.6956915e-16,1.6956915e-16,-0.0025725829,-0.0025725829,-0.00045398523,-0.00045398523,-0.0025725829,-0.0025725829,-0.00045398523,-0.00045398523,-4.4125865e-16,-4.4125865e-16,4.8029447e-17,4.8029447e-17,-0.0030265682,-0.0030265682,-3.9105534e-16,-3.9105534e-16,0.032822024,0.032822024,1.7441121e-15,1.7441121e-15,-8.0618644e-06,-8.0618644e-06,0.00045398523,0.00045398523,-8.0618644e-06,-8.0618644e-06,0.00045398523,0.00045398523,0.00044592336,0.00044592336,-1.0568912e-16,-1.0568912e-16,-0.0025806448,-0.0025806448,-0.0025806448,-0.0025806448,-0.00045398523,-0.00045398523,9.0505438e-06,9.0505438e-06,8.2068743e-17,8.2068743e-17,-1.6017221e-07,-1.6017221e-07,9.210716e-06,9.210716e-06,0.0013419272,0.0013419272,-1.5244385e-17,-1.5244385e-17,0.96744205,0.96744205,-2.7974054e-15,-2.7974054e-15,0.20248049,0.20248049,-2.4979124e-15,-2.4979124e-15,-0.0025806448,-0.0025806448,0.0030265682,0.0030265682,-0.00051612896,-0.00051612896,-3.1549641e-17,-3.1549641e-17,1.3033345e-14,1.3033345e-14,-1.3067067e-14,-1.3067067e-14,1.5404753e-18,1.5404753e-18,-4.7307643e-17,-4.7307643e-17,-0.035848592,-0.035848592,-2.4774831e-16,-2.4774831e-16,1.0914717e-16,1.0914717e-16,7.0674185e-17,7.0674185e-17,5.2342749e-06,5.2342749e-06,4.5554086e-31,4.5554086e-31
-0.0026284562,-0.0026284562,0.0026284562,0.0026284562,2.962474e-15,2.962474e-15,3.3774998e-17,3.3774998e-17,0.0026284562,0.0026284562,-0.025150239,-0.025150239,-0.00046239681,-0.00046239681,-0.025146443,-0.025146443,-0.00046239681,-0.00046239681,0.00045418916,0.00045418916,-8.8160582e-17,-8.8160582e-17,-4.3735125e-05,-4.3735125e-05,-4.3735125e-05,-4.3735125e-05,1.6614081e-16,1.6614081e-16,-0.0026202486,-0.0026202486,-0.00046239681,-0.00046239681,-0.0026202486,-0.0026202486,-0.00046239681,-0.00046239681,-4.3355467e-16,-4.3355467e-16,4.6199227e-17,4.6199227e-17,-0.0030826454,-0.0030826454,-3.8513788e-16,-3.8513788e-16,0.030973517,0.030973517,1.6900811e-15,1.6900811e-15,-8.2076482e-06,-8.2076482e-06,0.00046239681,0.00046239681,-8.2076482e-06,-8.2076482e-06,0.00046239681,0.00046239681,0.00045418916,0.00045418916,-7.4550146e-17,-7.4550146e-17,-0.0026284562,-0.0026284562,-0.0026284562,-0.0026284562,-0.00046239681,-0.00046239681,8.2657966e-06,8.2657966e-06,8.1012394e-17,8.1012394e-17,-1.4578375e-07,-1.4578375e-07,8.4115804e-06,8.4115804e-06,0.001272503,0.001272503,1.7633775e-17,1.7633775e-17,0.92641607,0.92641607,-7.0176547e-16,-7.0176547e-16,0.20193199,0.20193199,-1.4355534e-15,-1.4355534e-15,-0.0026284562,-0.0026284562,0.0030826454,0.0030826454,-0.00052569124,-0.00052569124,-2.5635409e-17,-2.5635409e-17,1.3595171e-14,1.3595171e-14,-1.3630999e-14,-1.3630999e-14,1.5781663e-18,1.5781663e-18,-4.6233197e-17,-4.6233197e-17,-0.034056163,-0.034056163,-2.4687623e-16,-2.4687623e-16,1.067615e-16,1.067615e-16,6.9017861e-17,6.9017861e-17,5.2191343e-06,5.2191343e-06,4.4994527e-31,4.4994527e-31
-0.0026719727,-0.0026719727,0.0026719727,0.0026719727,2.8792073e-15,2.8792073e-15,3.6562831e-18,3.6562831e-18,0.0026719727,0.0026719727,-0.023918081,-0.023918081,-0.00047005285,-0.00047005285,-0.023914301,-0.023914301,-0.00047005285,-0.00047005285,0.00046171302,0.00046171302,-5.5640702e-17,-5.5640702e-17,-3.965502e-05,-3.965502e-05,-3.965502e-05,-3.965502e-05,1.6266005e-16,1.6266005e-16,-0.0026636328,-0.0026636328,-0.00047005285,-0.00047005285,-0.0026636328,-0.0026636328,-0.00047005285,-0.00047005285,-4.2580849e-16,-4.2580849e-16,4.4200199e-17,4.4200199e-17,-0.0031336857,-0.0031336857,-3.7935087e-16,-3.7935087e-16,0.029219669,0.029219669,1.6373226e-15,1.6373226e-15,-8.3398316e-06,-8.3398316e-06,0.00047005285,0.00047005285,-8.3398316e-06,-8.3398316e-06,0.00047005285,0.00047005285,0.00046171302,0.00046171302,-4.2786703e-17,-4.2786703e-17,-0.0026719727,-0.0026719727,-0.0026719727,-0.0026719727,-0.00047005285,-0.00047005285,7.5238636e-06,7.5238636e-06,7.9863063e-17,7.9863063e-17,-1.321834e-07,-1.321834e-07,7.656047e-06,7.656047e-06,0.0012065755,0.0012065755,5.0642959e-17,5.0642959e-17,0.88736273,0.88736273,1.4064114e-15,1.4064114e-15,0.20130803,0.20130803,-3.6442399e-16,-3.6442399e-16,-0.0026719727,-0.0026719727,0.0031336857,0.0031336857,-0.00053439453,-0.00053439453,-1.9726455e-17,-1.9726455e-17,1.414985e-14,1.414985e-14,-1.4187759e-14,-1.4187759e-14,1.6131865e-18,1.6131865e-18,-4.5094175e-17,-4.5094175e-17,-0.032353354,-0.032353354,-2.4544115e-16,-2.4544115e-16,1.0422593e-16,1.0422593e-16,6.7265584e-17,6.7265584e-17,5.1977663e-06,5.1977663e-06,4.4269775e-31,4.4269775e-31
-0.0027114294,-0.0027114294,0.0027114294,0.0027114294,2.7929048e-15,2.7929048e-15,-2.6747406e-17,-2.6747406e-17,0.0027114294,0.0027114294,-0.022747256,-0.022747256,-0.00047699475,-0.00047699475,-0.022743495,-0.022743495,-0.00047699475,-0.00047699475,0.00046853559,0.00046853559,-2.2693065e-17,-2.2693065e-17,-3.5799305e-05,-3.5799305e-05,-3.5799305e-05,-3.5799305e-05,1.5914638e-16,1.5914638e-16,-0.0027029703,-0.0027029703,-0.00047699475,-0.00047699475,-0.0027029703,-0.0027029703,-0.00047699475,-0.00047699475,-4.1803656e-16,-4.1803656e-16,4.2077272e-17,4.2077272e-17,-0.003179965,-0.003179965,-3.7366561e-16,-3.7366561e-16,0.027555722,0.027555722,1.5859887e-15,1.5859887e-15,-8.4591626e-06,-8.4591626e-06,0.00047699475,0.00047699475,-8.4591626e-06,-8.4591626e-06,0.00047699475,0.00047699475,0.00046853559,0.00046853559,-1.055686e-17,-1.055686e-17,-0.0027114294,-0.0027114294,-0.0027114294,-0.0027114294,-0.00047699475,-0.00047699475,6.8225656e-06,6.8225656e-06,7.863663e-17,7.863663e-17,-1.1933102e-07,-1.1933102e-07,6.9418966e-06,6.9418966e-06,0.0011439696,0.0011439696,8.3683125e-17,8.3683125e-17,0.85018424,0.85018424,3.5201523e-15,3.5201523e-15,0.2006135,0.2006135,7.1159383e-16,7.1159383e-16,-0.0027114294,-0.0027114294,0.003179965,0.003179965,-0.00054228588,-0.00054228588,-1.3825668e-17,-1.3825668e-17,1.4697384e-14,1.4697384e-14,-1.4737343e-14,-1.4737343e-14,1.6456676e-18,1.6456676e-18,-4.3905521e-17,-4.3905521e-17,-0.030735687,-0.030735687,-2.4350187e-16,-2.4350187e-16,1.0157448e-16,1.0157448e-16,6.5439935e-17,6.5439935e-17,5.1711337e-06,5.1711337e-06,4.3405469e-31,4.3405469e-31
-0.0027470497,-0.0027470497,0.0027470497,0.0027470497,2.7079033e-15,2.7079033e-15,-5.7342711e-17,-5.7342711e-17,0.0027470497,0.0027470497,-0.0216347,-0.0216347,-0.00048326177,-0.00048326177,-0.021630961,-0.021630961,-0.00048326177,-0.00048326177,0.00047469542,0.00047469542,1.0544245e-17,1.0544245e-17,-3.2156541e-05,-3.2156541e-05,-3.2156541e-05,-3.2156541e-05,1.5561686e-16,1.5561686e-16,-0.0027384834,-0.0027384834,-0.00048326177,-0.00048326177,-0.0027384834,-0.0027384834,-0.00048326177,-0.00048326177,-4.1025348e-16,-4.1025348e-16,3.9868592e-17,3.9868592e-17,-0.0032217451,-0.0032217451,-3.6805838e-16,-3.6805838e-16,0.025977157,0.025977157,1.5361788e-15,1.5361788e-15,-8.566351e-06,-8.566351e-06,0.00048326177,0.00048326177,-8.566351e-06,-8.566351e-06,0.00048326177,0.00048326177,0.00047469542,0.00047469542,2.1999359e-17,2.1999359e-17,-0.0027470497,-0.0027470497,-0.0027470497,-0.0027470497,-0.00048326177,-0.00048326177,6.1598327e-06,6.1598327e-06,7.7347173e-17,7.7347173e-17,-1.0718847e-07,-1.0718847e-07,6.2670211e-06,6.2670211e-06,0.0010845189,0.0010845189,1.1666636e-16,1.1666636e-16,0.81478769,0.81478769,5.6333255e-15,5.6333255e-15,0.19985302,0.19985302,1.7890841e-15,1.7890841e-15,-0.0027470497,-0.0027470497,0.0032217451,0.0032217451,-0.00054940994,-0.00054940994,-7.9362458e-18,-7.9362458e-18,1.5237791e-14,1.5237791e-14,-1.5279765e-14,-1.5279765e-14,1.675735e-18,1.675735e-18,-4.2680261e-17,-4.2680261e-17,-0.029198902,-0.029198902,-2.4111275e-16,-2.4111275e-16,9.8836789e-17,9.8836789e-17,6.3560586e-17,6.3560586e-17,5.1400826e-06,5.1400826e-06,4.2425367e-31,4.2425367e-31
-0.0027790455,-0.0027790455,0.0027790455,0.0027790455,2.6224682e-15,2.6224682e-15,-8.8045444e-17,-8.8045444e-17,0.0027790455,0.0027790455,-0.020577502,-0.020577502,-0.00048889119,-0.00048889119,-0.020573789,-0.020573789,-0.00048889119,-0.00048889119,0.00048022912,0.00048022912,4.394928e-17,4.394928e-17,-2.8715863e-05,-2.8715863e-05,-2.8715863e-05,-2.8715863e-05,1.5208629e-16,1.5208629e-16,-0.0027703834,-0.0027703834,-0.00048889119,-0.00048889119,-0.0027703834,-0.0027703834,-0.00048889119,-0.00048889119,-4.0247224e-16,-4.0247224e-16,3.7606383e-17,3.7606383e-17,-0.0032592746,-0.0032592746,-3.6250974e-16,-3.6250974e-16,0.024479683,0.024479683,1.4879533e-15,1.4879533e-15,-8.6620706e-06,-8.6620706e-06,0.00048889119,0.00048889119,-8.6620706e-06,-8.6620706e-06,0.00048889119,0.00048889119,0.00048022912,0.00048022912,5.4758161e-17,5.4758161e-17,-0.0027790455,-0.0027790455,-0.0027790455,-0.0027790455,-0.00048889119,-0.00048889119,5.533699e-06,5.533699e-06,7.600716e-17,7.600716e-17,-9.5719542e-08,-9.5719542e-08,5.6294185e-06,5.6294185e-06,0.0010280653,0.0010280653,1.4951567e-16,1.4951567e-16,0.78108483,0.78108483,7.7405547e-15,7.7405547e-15,0.19903097,0.19903097,2.8650492e-15,2.8650492e-15,-0.0027790455,-0.0027790455,0.0032592746,0.0032592746,-0.0005558091,-0.0005558091,-2.0616e-18,-2.0616e-18,1.5771103e-14,1.5771103e-14,-1.5815053e-14,-1.5815053e-14,1.7035081e-18,1.7035081e-18,-4.1429718e-17,-4.1429718e-17,-0.027738957,-0.027738957,-2.3832395e-16,-2.3832395e-16,9.6038668e-17,9.6038668e-17,6.1644629e-17,6.1644629e-17,5.1053554e-06,5.1053554e-06,4.1351221e-31,4.1351221e-31
-0.0028076178,-0.0028076178,0.0028076178,0.0028076178,2.5374668e-15,2.5374668e-15,-1.1877984e-16,-1.1877984e-16,0.0028076178,0.0028076178,-0.019572898,-0.019572898,-0.00049391838,-0.00049391838,-0.019569213,-0.019569213,-0.00049391838,-0.00049391838,0.00048517142,0.00048517142,7.7414601e-17,7.7414601e-17,-2.5466952e-05,-2.5466952e-05,-2.5466952e-05,-2.5466952e-05,1.4856752e-16,1.4856752e-16,-0.0027988708,-0.0027988708,-0.00049391838,-0.00049391838,-0.0027988708,-0.0027988708,-0.00049391838,-0.00049391838,-3.9470432e-16,-3.9470432e-16,3.5317683e-17,3.5317683e-17,-0.0032927892,-0.0032927892,-3.5700397e-16,-3.5700397e-16,0.02305922,0.02305922,1.4413428e-15,1.4413428e-15,-8.7469604e-06,-8.7469604e-06,0.00049391838,0.00049391838,-8.7469604e-06,-8.7469604e-06,0.00049391838,0.00049391838,0.00048517142,0.00048517142,8.7610355e-17,8.7610355e-17,-0.0028076178,-0.0028076178,-0.0028076178,-0.0028076178,-0.00049391838,-0.00049391838,4.9422972e-06,4.9422972e-06,7.4627609e-17,7.4627609e-17,-8.488984e-08,-8.488984e-08,5.0271871e-06,5.0271871e-06,0.00097445884,0.00097445884,1.8216383e-16,1.8216383e-16,0.74899178,0.74899178,9.8371422e-15,9.8371422e-15,0.1981515,0.1981515,3.9368672e-15,3.9368672e-15,-0.0028076178,-0.0028076178,0.0032927892,0.0032927892,-0.00056152355,-0.00056152355,3.7947219e-18,3.7947219e-18,1.6297365e-14,1.6297365e-14,-1.6343251e-14,-1.6343251e-14,1.7291006e-18,1.7291006e-18,-4.0163698e-17,-4.0163698e-17,-0.026352009,-0.026352009,-2.3518172e-16,-2.3518172e-16,9.3202474e-17,9.3202474e-17,5.970686e-17,5.970686e-17,5.0676019e-06,5.0676019e-06,4.0202728e-31,4.0202728e-31
-0.0028329574,-0.0028329574,0.0028329574,0.0028329574,2.4524653e-15,2.4524653e-15,-1.4947784e-16,-1.4947784e-16,0.0028329574,0.0028329574,-0.018618262,-0.018618262,-0.0004983769,-0.0004983769,-0.018614606,-0.018614606,-0.0004983769,-0.0004983769,0.00048955527,0.00048955527,1.108458e-16,1.108458e-16,-2.2400008e-05,-2.2400008e-05,-2.2400008e-05,-2.2400008e-05,1.4507163e-16,1.4507163e-16,-0.0028241358,-0.0028241358,-0.0004983769,-0.0004983769,-0.0028241358,-0.0028241358,-0.0004983769,-0.0004983769,-3.8695989e-16,-3.8695989e-16,3.3025008e-17,3.3025008e-17,-0.0033225127,-0.0033225127,-3.5152854e-16,-3.5152854e-16,0.021711896,0.021711896,1.3963559e-15,1.3963559e-15,-8.8216271e-06,-8.8216271e-06,0.0004983769,0.0004983769,-8.8216271e-06,-8.8216271e-06,0.0004983769,0.0004983769,0.00048955527,0.00048955527,1.2045987e-16,1.2045987e-16,-0.0028329574,-0.0028329574,-0.0028329574,-0.0028329574,-0.0004983769,-0.0004983769,4.383854e-06,4.383854e-06,7.3218243e-17,7.3218243e-17,-7.4666692e-08,-7.4666692e-08,4.4585207e-06,4.4585207e-06,0.00092355681,0.00092355681,2.1455242e-16,2.1455242e-16,0.71842886,0.71842886,1.1918999e-14,1.1918999e-14,0.19721854,0.19721854,5.002253e-15,5.002253e-15,-0.0028329574,-0.0028329574,0.0033225127,0.0033225127,-0.00056659148,-0.00056659148,9.6291042e-18,9.6291042e-18,1.6816636e-14,1.6816636e-14,-1.6864412e-14,-1.6864412e-14,1.7526206e-18,1.7526206e-18,-3.8890667e-17,-3.8890667e-17,-0.025034409,-0.025034409,-2.317287e-16,-2.317287e-16,9.0347519e-17,9.0347519e-17,5.7760041e-17,5.7760041e-17,5.0273902e-06,5.0273902e-06,3.8997549e-31,3.8997549e-31
-0.0028552454,-0.0028552454,0.0028552454,0.0028552454,2.3670302e-15,2.3670302e-15,-1.8007849e-16,-1.8007849e-16,0.0028552454,0.0028552454,-0.017711098,-0.017711098,-0.0005022986,-0.0005022986,-0.017707472,-0.017707472,-0.0005022986,-0.0005022986,0.00049341196,0.00049341196,1.4416019e-16,1.4416019e-16,-1.9505721e-05,-1.9505721e-05,-1.9505721e-05,-1.9505721e-05,1.4160814e-16,1.4160814e-16,-0.0028463587,-0.0028463587,-0.0005022986,-0.0005022986,-0.0028463587,-0.0028463587,-0.0005022986,-0.0005022986,-3.7924792e-16,-3.7924792e-16,3.0746932e-17,3.0746932e-17,-0.0033486573,-0.0033486573,-3.460737e-16,-3.460737e-16,0.020434031,0.020434031,1.3529845e-15,1.3529845e-15,-8.8866462e-06,-8.8866462e-06,0.0005022986,0.0005022986,-8.8866462e-06,-8.8866462e-06,0.0005022986,0.0005022986,0.00049341196,0.00049341196,1.5322244e-16,1.5322244e-16,-0.0028552454,-0.0028552454,-0.0028552454,-0.0028552454,-0.0005022986,-0.0005022986,3.8566848e-06,3.8566848e-06,7.178762e-17,7.178762e-17,-6.5019071e-08,-6.5019071e-08,3.9217039e-06,3.9217039e-06,0.00087522375,0.00087522375,2.4663089e-16,2.4663089e-16,0.68932038,0.68932038,1.3982581e-14,1.3982581e-14,0.19623583,0.19623583,6.0592234e-15,6.0592234e-15,-0.0028552454,-0.0028552454,0.0033486573,0.0033486573,-0.00057104908,-0.00057104908,1.5437919e-17,1.5437919e-17,1.7328979e-14,1.7328979e-14,-1.7378599e-14,-1.7378599e-14,1.7741712e-18,1.7741712e-18,-3.7617896e-17,-3.7617896e-17,-0.023782689,-0.023782689,-2.2800415e-16,-2.2800415e-16,8.7490415e-17,8.7490415e-17,5.5815127e-17,5.5815127e-17,4.9852152e-06,4.9852152e-06,3.7751375e-31,3.7751375e-31
-0.0028746536,-0.0028746536,0.0028746536,0.0028746536,2.2837635e-15,2.2837635e-15,-2.1052731e-16,-2.1052731e-16,0.0028746536,0.0028746536,-0.016849035,-0.016849035,-0.00050571371,-0.00050571371,-0.016845441,-0.016845441,-0.00050571371,-0.00050571371,0.00049677115,0.00049677115,1.7728558e-16,1.7728558e-16,-1.6775252e-05,-1.6775252e-05,-1.6775252e-05,-1.6775252e-05,1.3818515e-16,1.3818515e-16,-0.002865711,-0.002865711,-0.00050571371,-0.00050571371,-0.002865711,-0.002865711,-0.00050571371,-0.00050571371,-3.7157628e-16,-3.7157628e-16,2.8498607e-17,2.8498607e-17,-0.0033714247,-0.0033714247,-3.40632e-16,-3.40632e-16,0.019222129,0.019222129,1.3112089e-15,1.3112089e-15,-8.9425637e-06,-8.9425637e-06,0.00050571371,0.00050571371,-8.9425637e-06,-8.9425637e-06,0.00050571371,0.00050571371,0.00049677115,0.00049677115,1.8582437e-16,1.8582437e-16,-0.0028746536,-0.0028746536,-0.0028746536,-0.0028746536,-0.00050571371,-0.00050571371,3.3591899e-06,3.3591899e-06,7.0343259e-17,7.0343259e-17,-5.5917507e-08,-5.5917507e-08,3.4151074e-06,3.4151074e-06,0.00082933094,0.00082933094,2.7835578e-16,2.7835578e-16,0.6615944,0.6615944,1.6024834e-14,1.6024834e-14,0.19520687,0.19520687,7.1060657e-15,7.1060657e-15,-0.0028746536,-0.0028746536,0.0033714247,0.0033714247,-0.00057493072,-0.00057493072,2.1217574e-17,2.1217574e-17,1.7834468e-14,1.7834468e-14,-1.7885884e-14,-1.7885884e-14,1.7938504e-18,1.7938504e-18,-3.6351605e-17,-3.6351605e-17,-0.022593554,-0.022593554,-2.2404417e-16,-2.2404417e-16,8.4645379e-17,8.4645379e-17,5.3881478e-17,5.3881478e-17,4.9415073e-06,4.9415073e-06,3.6478018e-31,3.6478018e-31
-0.002891345,-0.002891345,0.002891345,0.002891345,2.1996294e-15,2.1996294e-15,-2.4077577e-16,-2.4077577e-16,0.002891345,0.002891345,-0.016029822,-0.016029822,-0.00050865089,-0.00050865089,-0.016026261,-0.016026261,-0.00050865089,-0.00050865089,0.000499661,0.000499661,2.1015922e-16,2.1015922e-16,-1.4200204e-05,-1.4200204e-05,-1.4200204e-05,-1.4200204e-05,1.3480955e-16,1.3480955e-16,-0.0028823551,-0.0028823551,-0.00050865089,-0.00050865089,-0.0028823551,-0.0028823551,-0.00050865089,-0.00050865089,-3.639519e-16,-3.639519e-16,2.629222e-17,2.629222e-17,-0.003391006,-0.003391006,-3.3519804e-16,-3.3519804e-16,0.01807287,0.01807287,1.271e-15,1.271e-15,-8.9898977e-06,-8.9898977e-06,0.00050865089,0.00050865089,-8.9898977e-06,-8.9898977e-06,0.00050865089,0.00050865089,0.000499661,0.000499661,2.1820149e-16,2.1820149e-16,-0.002891345,-0.002891345,-0.002891345,-0.002891345,-0.00050865089,-0.00050865089,2.8898499e-06,2.8898499e-06,6.8891747e-17,6.8891747e-17,-4.7334012e-08,-4.7334012e-08,2.9371839e-06,2.9371839e-06,0.00078575613,0.00078575613,3.0968994e-16,3.0968994e-16,0.63518258,0.63518258,1.8043142e-14,1.8043142e-14,0.19413502,0.19413502,8.1413095e-15,8.1413095e-15,-0.002891345,-0.002891345,0.003391006,0.003391006,-0.00057826899,-0.00057826899,2.6964547e-17,2.6964547e-17,1.8333183e-14,1.8333183e-14,-1.8386344e-14,-1.8386344e-14,1.8117517e-18,1.8117517e-18,-3.5097079e-17,-3.5097079e-17,-0.021463876,-0.021463876,-2.1988191e-16,-2.1988191e-16,8.1824511e-17,8.1824511e-17,5.1967043e-17,5.1967043e-17,4.8966394e-06,4.8966394e-06,3.5189534e-31,3.5189534e-31
-0.0029054742,-0.0029054742,0.0029054742,0.0029054742,2.1167963e-15,2.1167963e-15,-2.7078078e-16,-2.7078078e-16,0.0029054742,0.0029054742,-0.015251319,-0.015251319,-0.00051113736,-0.00051113736,-0.015247791,-0.015247791,-0.00051113736,-0.00051113736,0.00050210822,0.00050210822,2.4272682e-16,2.4272682e-16,-1.1772601e-05,-1.1772601e-05,-1.1772601e-05,-1.1772601e-05,1.314871e-16,1.314871e-16,-0.002896445,-0.002896445,-0.00051113736,-0.00051113736,-0.002896445,-0.002896445,-0.00051113736,-0.00051113736,-3.563808e-16,-3.563808e-16,2.4137392e-17,2.4137392e-17,-0.0034075824,-0.0034075824,-3.297681e-16,-3.297681e-16,0.0169831,0.0169831,1.2323226e-15,1.2323226e-15,-9.0291397e-06,-9.0291397e-06,0.00051113736,0.00051113736,-9.0291397e-06,-9.0291397e-06,0.00051113736,0.00051113736,0.00050210822,0.00050210822,2.5029813e-16,2.5029813e-16,-0.0029054742,-0.0029054742,-0.0029054742,-0.0029054742,-0.00051113736,-0.00051113736,2.4472216e-06,2.4472216e-06,6.7438836e-17,6.7438836e-17,-3.9242004e-08,-3.9242004e-08,2.4864636e-06,2.4864636e-06,0.00074438316,0.00074438316,3.406019e-16,3.406019e-16,0.61001999,0.61001999,2.003528e-14,2.003528e-14,0.19302344,0.19302344,9.1637007e-15,9.1637007e-15,-0.0029054742,-0.0029054742,0.0034075824,0.0034075824,-0.00058109483,-0.00058109483,3.2675425e-17,3.2675425e-17,1.8825209e-14,1.8825209e-14,-1.8880064e-14,-1.8880064e-14,1.827964e-18,1.827964e-18,-3.385878e-17,-3.385878e-17,-0.020390683,-0.020390683,-2.1554783e-16,-2.1554783e-16,7.9038038e-17,7.9038038e-17,5.0078519e-17,5.0078519e-17,4.850934e-06,4.850934e-06,3.3896345e-31,3.3896345e-31
-0.0029171879,-0.0029171879,0.0029171879,0.0029171879,2.0352643e-15,2.0352643e-15,-3.0050424e-16,-3.0050424e-16,0.0029171879,0.0029171879,-0.014511492,-0.014511492,-0.00051319891,-0.00051319891,-0.014507998,-0.014507998,-0.00051319891,-0.00051319891,0.00050413815,0.00050413815,2.7494164e-16,2.7494164e-16,-9.4848713e-06,-9.4848713e-06,-9.4848713e-06,-9.4848713e-06,1.282226e-16,1.282226e-16,-0.0029081271,-0.0029081271,-0.00051319891,-0.00051319891,-0.0029081271,-0.0029081271,-0.00051319891,-0.00051319891,-3.4886824e-16,-3.4886824e-16,2.204154e-17,2.204154e-17,-0.0034213261,-0.0034213261,-3.2433987e-16,-3.2433987e-16,0.015949822,0.015949822,1.1951369e-15,1.1951369e-15,-9.0607559e-06,-9.0607559e-06,0.00051319891,0.00051319891,-9.0607559e-06,-9.0607559e-06,0.00051319891,0.00051319891,0.00050413815,0.00050413815,2.8206631e-16,2.8206631e-16,-0.0029171879,-0.0029171879,-0.0029171879,-0.0029171879,-0.00051319891,-0.00051319891,2.0299347e-06,2.0299347e-06,6.5989532e-17,6.5989532e-17,-3.1616238e-08,-3.1616238e-08,2.0615509e-06,2.0615509e-06,0.00070510169,0.00070510169,3.7106525e-16,3.7106525e-16,0.58604494,0.58604494,2.1999374e-14,2.1999374e-14,0.1918751,0.1918751,1.0172179e-14,1.0172179e-14,-0.0029171879,-0.0029171879,0.0034213261,0.0034213261,-0.00058343758,-0.00058343758,3.8346922e-17,3.8346922e-17,1.9310634e-14,1.9310634e-14,-1.9367132e-14,-1.9367132e-14,1.8425719e-18,1.8425719e-18,-3.2640442e-17,-3.2640442e-17,-0.019371148,-0.019371148,-2.110698e-16,-2.110698e-16,7.6294538e-17,7.6294538e-17,4.8221507e-17,4.8221507e-17,4.8046683e-06,4.8046683e-06,3.2607379e-31,3.2607379e-31
-0.0029266253,-0.0029266253,0.0029266253,0.0029266253,1.9519976e-15,1.9519976e-15,-3.2991262e-16,-3.2991262e-16,0.0029266253,0.0029266253,-0.013808412,-0.013808412,-0.00051486003,-0.00051486003,-0.013804952,-0.013804952,-0.00051486003,-0.00051486003,0.00050577484,0.00050577484,3.0676376e-16,3.0676376e-16,-7.3298212e-06,-7.3298212e-06,-7.3298212e-06,-7.3298212e-06,1.2502e-16,1.2502e-16,-0.0029175402,-0.0029175402,-0.00051486003,-0.00051486003,-0.0029175402,-0.0029175402,-0.00051486003,-0.00051486003,-3.4141875e-16,-3.4141875e-16,2.0010187e-17,2.0010187e-17,-0.0034324002,-0.0034324002,-3.1891225e-16,-3.1891225e-16,0.014970191,0.014970191,1.1594e-15,1.1594e-15,-9.0851887e-06,-9.0851887e-06,0.00051486003,0.00051486003,-9.0851887e-06,-9.0851887e-06,0.00051486003,0.00051486003,0.00050577484,0.00050577484,3.1346484e-16,3.1346484e-16,-0.0029266253,-0.0029266253,-0.0029266253,-0.0029266253,-0.00051486003,-0.00051486003,1.6366874e-06,1.6366874e-06,6.4548179e-17,6.4548179e-17,-2.4432737e-08,-2.4432737e-08,1.6611202e-06,1.6611202e-06,0.00066780689,0.00066780689,4.0105809e-16,4.0105809e-16,0.56319881,0.56319881,2.3933863e-14,2.3933863e-14,0.19069286,0.19069286,1.1165856e-14,1.1165856e-14,-0.0029266253,-0.0029266253,0.0034324002,0.0034324002,-0.00058532507,-0.00058532507,4.39759e-17,4.39759e-17,1.9789552e-14,1.9789552e-14,-1.9847639e-14,-1.9847639e-14,1.855656e-18,1.855656e-18,-3.1445159e-17,-3.1445159e-17,-0.018402591,-0.018402591,-2.0647337e-16,-2.0647337e-16,7.3601133e-17,7.3601133e-17,4.6400638e-17,4.6400638e-17,4.7580802e-06,4.7580802e-06,3.1330205e-31,3.1330205e-31
-0.0029339185,-0.0029339185,0.0029339185,0.0029339185,1.872634e-15,1.872634e-15,-3.5897655e-16,-3.5897655e-16,0.0029339185,0.0029339185,-0.013140243,-0.013140243,-0.00051614394,-0.00051614394,-0.013136817,-0.013136817,-0.00051614394,-0.00051614394,0.00050704108,0.00050704108,3.3815929e-16,3.3815929e-16,-5.3006201e-06,-5.3006201e-06,-5.3006201e-06,-5.3006201e-06,1.2188246e-16,1.2188246e-16,-0.0029248157,-0.0029248157,-0.00051614394,-0.00051614394,-0.0029248157,-0.0029248157,-0.00051614394,-0.00051614394,-3.3403626e-16,-3.3403626e-16,1.8047242e-17,1.8047242e-17,-0.0034409596,-0.0034409596,-3.1348513e-16,-3.1348513e-16,0.014041502,0.014041502,1.1250671e-15,1.1250671e-15,-9.1028574e-06,-9.1028574e-06,0.00051614394,0.00051614394,-9.1028574e-06,-9.1028574e-06,0.00051614394,0.00051614394,0.00050704108,0.00050704108,3.444587e-16,3.444587e-16,-0.0029339185,-0.0029339185,-0.0029339185,-0.0029339185,-0.00051614394,-0.00051614394,1.2662436e-06,1.2662436e-06,6.3118522e-17,6.3118522e-17,-1.7668734e-08,-1.7668734e-08,1.2839124e-06,1.2839124e-06,0.0006323992,0.0006323992,4.3056257e-16,4.3056257e-16,0.5414259,0.5414259,2.5837463e-14,2.5837463e-14,0.18947937,0.18947937,1.2143999e-14,1.2143999e-14,-0.0029339185,-0.0029339185,0.0034409596,0.0034409596,-0.0005867837,-0.0005867837,4.9559389e-17,4.9559389e-17,2.0262058e-14,2.0262058e-14,-2.032168e-14,-2.032168e-14,1.8672932e-18,1.8672932e-18,-3.0275462e-17,-3.0275462e-17,-0.017482461,-0.017482461,-2.0178186e-16,-2.0178186e-16,7.0963666e-17,7.0963666e-17,4.4619692e-17,4.4619692e-17,4.7113725e-06,4.7113725e-06,3.0071168e-31,3.0071168e-31
-0.0029391926,-0.0029391926,0.0029391926,0.0029391926,1.7928367e-15,1.7928367e-15,-3.8767047e-16,-3.8767047e-16,0.0029391926,0.0029391926,-0.012505244,-0.012505244,-0.00051707267,-0.00051707267,-0.012501851,-0.012501851,-0.00051707267,-0.00051707267,0.00050795851,0.00050795851,3.690998e-16,3.690998e-16,-3.3907805e-06,-3.3907805e-06,-3.3907805e-06,-3.3907805e-06,1.1881247e-16,1.1881247e-16,-0.0029300785,-0.0029300785,-0.00051707267,-0.00051707267,-0.0029300785,-0.0029300785,-0.00051707267,-0.00051707267,-3.267241e-16,-3.267241e-16,1.6155237e-17,1.6155237e-17,-0.0034471511,-0.0034471511,-3.080592e-16,-3.080592e-16,0.013161187,0.013161187,1.0920921e-15,1.0920921e-15,-9.11416e-06,-9.11416e-06,0.00051707267,0.00051707267,-9.11416e-06,-9.11416e-06,0.00051707267,0.00051707267,0.00050795851,0.00050795851,3.7501834e-16,3.7501834e-16,-0.0029391926,-0.0029391926,-0.0029391926,-0.0029391926,-0.00051707267,-0.00051707267,9.1742934e-07,9.1742934e-07,6.1703778e-17,6.1703778e-17,-1.1302602e-08,-1.1302602e-08,9.2873194e-07,9.2873194e-07,0.00059878402,0.00059878402,4.5956445e-16,4.5956445e-16,0.52067331,0.52067331,2.7709141e-14,2.7709141e-14,0.18823719,0.18823719,1.3106012e-14,1.3106012e-14,-0.0029391926,-0.0029391926,0.0034471511,0.0034471511,-0.00058783853,-0.00058783853,5.5094592e-17,5.5094592e-17,2.0728248e-14,2.0728248e-14,-2.0789352e-14,-2.0789352e-14,1.8775565e-18,1.8775565e-18,-2.913339e-17,-2.913339e-17,-0.016608338,-0.016608338,-1.9701656e-16,-1.9701656e-16,6.8386859e-17,6.8386859e-17,4.28817e-17,4.28817e-17,4.664717e-06,4.664717e-06,2.8835514e-31,2.8835514e-31
-0.0029425665,-0.0029425665,0.0029425665,0.0029425665,1.7143405e-15,1.7143405e-15,-4.159723e-16,-4.159723e-16,0.0029425665,0.0029425665,-0.011901757,-0.011901757,-0.00051766712,-0.00051766712,-0.011898398,-0.011898398,-0.00051766712,-0.00051766712,0.00050854764,0.00050854764,3.9956166e-16,3.9956166e-16,-1.5941417e-06,-1.5941417e-06,-1.5941417e-06,-1.5941417e-06,1.1581195e-16,1.1581195e-16,-0.002933447,-0.002933447,-0.00051766712,-0.00051766712,-0.002933447,-0.002933447,-0.00051766712,-0.00051766712,-3.1948509e-16,-3.1948509e-16,1.4335546e-17,1.4335546e-17,-0.0034511141,-0.0034511141,-3.0263581e-16,-3.0263581e-16,0.012326807,0.012326807,1.0604285e-15,1.0604285e-15,-9.1194738e-06,-9.1194738e-06,0.00051766712,0.00051766712,-9.1194738e-06,-9.1194738e-06,0.00051766712,0.00051766712,0.00050854764,0.00050854764,4.0511908e-16,4.0511908e-16,-0.0029425665,-0.0029425665,-0.0029425665,-0.0029425665,-0.00051766712,-0.00051766712,5.8912962e-07,5.8912962e-07,6.0306691e-17,6.0306691e-17,-5.3138055e-09,-5.3138055e-09,5.9444343e-07,5.9444343e-07,0.00056687147,0.00056687147,4.8805264e-16,4.8805264e-16,0.50089074,0.50089074,2.9548083e-14,2.9548083e-14,0.18696871,0.18696871,1.4051419e-14,1.4051419e-14,-0.0029425665,-0.0029425665,0.0034511141,0.0034511141,-0.00058851329,-0.00058851329,6.0578895e-17,6.0578895e-17,2.118822e-14,2.118822e-14,-2.1250752e-14,-2.1250752e-14,1.8865156e-18,1.8865156e-18,-2.8020548e-17,-2.8020548e-17,-0.015777921,-0.015777921,-1.9219689e-16,-1.9219689e-16,6.5874446e-17,6.5874446e-17,4.1189044e-17,4.1189044e-17,4.6182589e-06,4.6182589e-06,2.7627515e-31,2.7627515e-31
-0.0029441526,-0.0029441526,0.0029441526,0.0029441526,1.6362779e-15,1.6362779e-15,-4.4386314e-16,-4.4386314e-16,0.0029441526,0.0029441526,-0.011328209,-0.011328209,-0.00051794708,-0.00051794708,-0.011324884,-0.011324884,-0.00051794708,-0.00051794708,0.00050882793,0.00050882793,4.2952558e-16,4.2952558e-16,9.5147073e-08,9.5147073e-08,9.5147073e-08,9.5147073e-08,1.1288228e-16,1.1288228e-16,-0.0029350335,-0.0029350335,-0.00051794708,-0.00051794708,-0.0029350335,-0.0029350335,-0.00051794708,-0.00051794708,-3.123216e-16,-3.123216e-16,1.2588568e-17,1.2588568e-17,-0.0034529806,-0.0034529806,-2.9721683e-16,-2.9721683e-16,0.011536045,0.011536045,1.0300297e-15,1.0300297e-15,-9.1191567e-06,-9.1191567e-06,0.00051794708,0.00051794708,-9.1191567e-06,-9.1191567e-06,0.00051794708,0.00051794708,0.00050882793,0.00050882793,4.3474065e-16,4.3474065e-16,-0.0029441526,-0.0029441526,-0.0029441526,-0.0029441526,-0.00051794708,-0.00051794708,2.8028565e-07,2.8028565e-07,5.8929585e-17,5.8929585e-17,3.1715691e-10,3.1715691e-10,2.7996849e-07,2.7996849e-07,0.00053657621,0.00053657621,5.1601894e-16,5.1601894e-16,0.48203044,0.48203044,3.1353672e-14,3.1353672e-14,0.18567618,0.18567618,1.4979854e-14,1.4979854e-14,-0.0029441526,-0.0029441526,0.0034529806,0.0034529806,-0.00058883053,-0.00058883053,6.6009875e-17,6.6009875e-17,2.1642075e-14,2.1642075e-14,-2.1705981e-14,-2.1705981e-14,1.8942368e-18,1.8942368e-18,-2.6938162e-17,-2.6938162e-17,-0.014989025,-0.014989025,-1.8734047e-16,-1.8734047e-16,6.3429304e-17,6.3429304e-17,3.954353e-17,3.954353e-17,4.572119e-06,4.572119e-06,2.6450585e-31,2.6450585e-31
-0.002944058,-0.002944058,0.002944058,0.002944058,1.5595164e-15,1.5595164e-15,-4.7132697e-16,-4.7132697e-16,0.002944058,0.002944058,-0.010783108,-0.010783108,-0.00051793137,-0.00051793137,-0.010779816,-0.010779816,-0.00051793137,-0.00051793137,0.00050881782,0.00050881782,4.589761e-16,4.589761e-16,1.6826418e-06,1.6826418e-06,1.6826418e-06,1.6826418e-06,1.1002438e-16,1.1002438e-16,-0.0029349444,-0.0029349444,-0.00051793137,-0.00051793137,-0.0029349444,-0.0029349444,-0.00051793137,-0.00051793137,-3.052356e-16,-3.052356e-16,1.0913892e-17,1.0913892e-17,-0.0034528758,-0.0034528758,-2.9180453e-16,-2.9180453e-16,0.010786698,0.010786698,1.0008496e-15,1.0008496e-15,-9.1135479e-06,-9.1135479e-06,0.00051793137,0.00051793137,-9.1135479e-06,-9.1135479e-06,0.00051793137,0.00051793137,0.00050881782,0.00050881782,4.6386664e-16,4.6386664e-16,-0.002944058,-0.002944058,-0.002944058,-0.002944058,-0.00051793137,-0.00051793137,-1.0108111e-08,-1.0108111e-08,5.7574409e-17,5.7574409e-17,5.6088061e-09,5.6088061e-09,-1.5716917e-08,-1.5716917e-08,0.00050781712,0.00050781712,5.4345764e-16,5.4345764e-16,0.46404699,0.46404699,3.3125465e-14,3.3125465e-14,0.18436177,0.18436177,1.5891047e-14,1.5891047e-14,-0.002944058,-0.002944058,0.0034528758,0.0034528758,-0.00058881159,-0.00058881159,7.1385295e-17,7.1385295e-17,2.2089912e-14,2.2089912e-14,-2.2155138e-14,-2.2155138e-14,1.9007833e-18,1.9007833e-18,-2.5887131e-17,-2.5887131e-17,-0.014239574,-0.014239574,-1.8246331e-16,-1.8246331e-16,6.1053561e-17,6.1053561e-17,3.7946471e-17,3.7946471e-17,4.5263979e-06,4.5263979e-06,2.530738e-31,2.530738e-31
-0.0029423837,-0.0029423837,0.0029423837,0.0029423837,1.4836223e-15,1.4836223e-15,-4.9835041e-16,-4.9835041e-16,0.0029423837,0.0029423837,-0.010265032,-0.010265032,-0.00051763778,-0.00051763778,-0.010261773,-0.010261773,-0.00051763778,-0.00051763778,0.00050853481,0.00050853481,4.8790119e-16,4.8790119e-16,3.1736189e-06,3.1736189e-06,3.1736189e-06,3.1736189e-06,1.0723878e-16,1.0723878e-16,-0.0029332808,-0.0029332808,-0.00051763778,-0.00051763778,-0.0029332808,-0.0029332808,-0.00051763778,-0.00051763778,-2.9822868e-16,-2.9822868e-16,9.310437e-18,9.310437e-18,-0.0034509185,-0.0034509185,-2.8640151e-16,-2.8640151e-16,0.010076677,0.010076677,9.7284254e-16,9.7284254e-16,-9.1029691e-06,-9.1029691e-06,0.00051763778,0.00051763778,-9.1029691e-06,-9.1029691e-06,0.00051763778,0.00051763778,0.00050853481,0.00050853481,4.9248411e-16,4.9248411e-16,-0.0029423837,-0.0029423837,-0.0029423837,-0.0029423837,-0.00051763778,-0.00051763778,-2.8300655e-07,-2.8300655e-07,5.624278e-17,5.624278e-17,1.057873e-08,1.057873e-08,-2.9358527e-07,-2.9358527e-07,0.00048051716,0.00048051716,5.7036527e-16,5.7036527e-16,0.44689728,0.44689728,3.4863173e-14,3.4863173e-14,0.18302749,0.18302749,1.6784814e-14,1.6784814e-14,-0.0029423837,-0.0029423837,0.0034509185,0.0034509185,-0.00058847675,-0.00058847675,7.6703111e-17,7.6703111e-17,2.2531829e-14,2.2531829e-14,-2.2598322e-14,-2.2598322e-14,1.9062151e-18,1.9062151e-18,-2.4868067e-17,-2.4868067e-17,-0.013527595,-0.013527595,-1.7757991e-16,-1.7757991e-16,5.874869e-17,5.874869e-17,3.6398746e-17,3.6398746e-17,4.4811775e-06,4.4811775e-06,2.4199898e-31,2.4199898e-31
-0.002939226,-0.002939226,0.002939226,0.002939226,1.4094628e-15,1.4094628e-15,-5.2492246e-16,-5.2492246e-16,0.002939226,0.002939226,-0.0097726333,-0.0097726333,-0.00051708322,-0.00051708322,-0.0097694067,-0.0097694067,-0.00051708322,-0.00051708322,0.0005079955,0.0005079955,5.1629182e-16,5.1629182e-16,4.5730887e-06,4.5730887e-06,4.5730887e-06,4.5730887e-06,1.0452567e-16,1.0452567e-16,-0.0029301383,-0.0029301383,-0.00051708322,-0.00051708322,-0.0029301383,-0.0029301383,-0.00051708322,-0.00051708322,-2.913021e-16,-2.913021e-16,7.7765791e-18,7.7765791e-18,-0.0034472215,-0.0034472215,-2.8101055e-16,-2.8101055e-16,0.0094039942,0.0094039942,9.4596367e-16,9.4596367e-16,-9.0877255e-06,-9.0877255e-06,0.00051708322,0.00051708322,-9.0877255e-06,-9.0877255e-06,0.00051708322,0.00051708322,0.0005079955,0.0005079955,5.2058319e-16,5.2058319e-16,-0.002939226,-0.002939226,-0.002939226,-0.002939226,-0.00051708322,-0.00051708322,-5.3931646e-07,-5.3931646e-07,5.4936019e-17,5.4936019e-17,1.5243629e-08,1.5243629e-08,-5.5456009e-07,-5.5456009e-07,0.00045460317,0.00045460317,5.967403e-16,5.967403e-16,0.43054031,0.43054031,3.6566642e-14,3.6566642e-14,0.18167525,0.18167525,1.7661043e-14,1.7661043e-14,-0.002939226,-0.002939226,0.0034472215,0.0034472215,-0.0005878452,-0.0005878452,8.1961466e-17,8.1961466e-17,2.2967927e-14,2.2967927e-14,-2.3035633e-14,-2.3035633e-14,1.9105897e-18,1.9105897e-18,-2.3881335e-17,-2.3881335e-17,-0.012851216,-0.012851216,-1.7270338e-16,-1.7270338e-16,5.6515603e-17,5.6515603e-17,3.4900862e-17,3.4900862e-17,4.4365241e-06,4.4365241e-06,2.3129567e-31,2.3129567e-31
-0.0029346758,-0.0029346758,0.0029346758,0.0029346758,1.3361708e-15,1.3361708e-15,-5.5103433e-16,-5.5103433e-16,0.0029346758,0.0029346758,-0.0093046302,-0.0093046302,-0.0005162837,-0.0005162837,-0.0093014357,-0.0093014357,-0.0005162837,-0.0005162837,0.0005072156,0.0005072156,5.4414169e-16,5.4414169e-16,5.8858093e-06,5.8858093e-06,5.8858093e-06,5.8858093e-06,1.0188491e-16,1.0188491e-16,-0.0029256077,-0.0029256077,-0.0005162837,-0.0005162837,-0.0029256077,-0.0029256077,-0.0005162837,-0.0005162837,-2.8445683e-16,-2.8445683e-16,6.3102557e-18,6.3102557e-18,-0.0034418914,-0.0034418914,-2.7563462e-16,-2.7563462e-16,0.0087667635,0.0087667635,9.2016922e-16,9.2016922e-16,-9.0681061e-06,-9.0681061e-06,0.0005162837,0.0005162837,-9.0681061e-06,-9.0681061e-06,0.0005162837,0.0005162837,0.0005072156,0.0005072156,5.4815676e-16,5.4815676e-16,-0.0029346758,-0.0029346758,-0.0029346758,-0.0029346758,-0.0005162837,-0.0005162837,-7.7989897e-07,-7.7989897e-07,5.3655188e-17,5.3655188e-17,1.9619364e-08,1.9619364e-08,-7.9951834e-07,-7.9951834e-07,0.0004300056,0.0004300056,6.2258296e-16,6.2258296e-16,0.41493716,0.41493716,3.8235837e-14,3.8235837e-14,0.18030688,0.18030688,1.8519691e-14,1.8519691e-14,-0.0029346758,-0.0029346758,0.0034418914,0.0034418914,-0.00058693515,-0.00058693515,8.7158691e-17,8.7158691e-17,2.3398303e-14,2.3398303e-14,-2.3467171e-14,-2.3467171e-14,1.9139615e-18,1.9139615e-18,-2.2927086e-17,-2.2927086e-17,-0.012208655,-0.012208655,-1.678455e-16,-1.678455e-16,5.4354723e-17,5.4354723e-17,3.3453004e-17,3.3453004e-17,4.3924901e-06,4.3924901e-06,2.2097326e-31,2.2097326e-31
-0.0029288194,-0.0029288194,0.0029288194,0.0029288194,1.2637461e-15,1.2637461e-15,-5.7667916e-16,-5.7667916e-16,0.0029288194,0.0029288194,-0.0088598054,-0.0088598054,-0.00051525441,-0.00051525441,-0.0088566424,-0.0088566424,-0.00051525441,-0.00051525441,0.00050621003,0.00050621003,5.7144684e-16,5.7144684e-16,7.1162986e-06,7.1162986e-06,7.1162986e-06,7.1162986e-06,9.9316132e-17,9.9316132e-17,-0.002919775,-0.002919775,-0.00051525441,-0.00051525441,-0.002919775,-0.002919775,-0.00051525441,-0.00051525441,-2.7769358e-16,-2.7769358e-16,4.9090605e-18,4.9090605e-18,-0.0034350294,-0.0034350294,-2.7027675e-16,-2.7027675e-16,0.0081631927,0.0081631927,8.9541646e-16,8.9541646e-16,-9.0443851e-06,-9.0443851e-06,0.00051525441,0.00051525441,-9.0443851e-06,-9.0443851e-06,0.00051525441,0.00051525441,0.00050621003,0.00050621003,5.752001e-16,5.752001e-16,-0.0029288194,-0.0029288194,-0.0029288194,-0.0029288194,-0.00051525441,-0.00051525441,-1.0055718e-06,-1.0055718e-06,5.2401118e-17,5.2401118e-17,2.3720995e-08,2.3720995e-08,-1.0292928e-06,-1.0292928e-06,0.00040665842,0.00040665842,6.4789498e-16,6.4789498e-16,0.40005081,0.40005081,3.9870831e-14,3.9870831e-14,0.17892407,0.17892407,1.9360771e-14,1.9360771e-14,-0.0029288194,-0.0029288194,0.0034350294,0.0034350294,-0.00058576388,-0.00058576388,9.2293296e-17,9.2293296e-17,2.3823056e-14,2.3823056e-14,-2.3893034e-14,-2.3893034e-14,1.9163825e-18,1.9163825e-18,-2.2005286e-17,-2.2005286e-17,-0.011598222,-0.011598222,-1.6301687e-16,-1.6301687e-16,5.2266053e-17,5.2266053e-17,3.2055079e-17,3.2055079e-17,4.3491158e-06,4.3491158e-06,2.1103692e-31,2.1103692e-31
-0.0029217387,-0.0029217387,0.0029217387,0.0029217387,1.1926224e-15,1.1926224e-15,-6.018519e-16,-6.018519e-16,0.0029217387,0.0029217387,-0.0084370025,-0.0084370025,-0.00051400974,-0.00051400974,-0.0084338705,-0.0084338705,-0.00051400974,-0.00051400974,0.00050499291,0.00050499291,5.9820542e-16,5.9820542e-16,8.2688469e-06,8.2688469e-06,8.2688469e-06,8.2688469e-06,9.6818724e-17,9.6818724e-17,-0.0029127218,-0.0029127218,-0.00051400974,-0.00051400974,-0.0029127218,-0.0029127218,-0.00051400974,-0.00051400974,-2.7101283e-16,-2.7101283e-16,3.5703233e-18,3.5703233e-18,-0.0034267316,-0.0034267316,-2.6494002e-16,-2.6494002e-16,0.0075915794,0.0075915794,8.7166383e-16,8.7166383e-16,-9.0168223e-06,-9.0168223e-06,0.00051400974,0.00051400974,-9.0168223e-06,-9.0168223e-06,0.00051400974,0.00051400974,0.00050499291,0.00050499291,6.0171061e-16,6.0171061e-16,-0.0029217387,-0.0029217387,-0.0029217387,-0.0029217387,-0.00051400974,-0.00051400974,-1.2171115e-06,-1.2171115e-06,5.1174434e-17,5.1174434e-17,2.7562823e-08,2.7562823e-08,-1.2446743e-06,-1.2446743e-06,0.00038449888,0.00038449888,6.7267942e-16,6.7267942e-16,0.38584612,0.38584612,4.1471786e-14,4.1471786e-14,0.17752844,0.17752844,2.0184347e-14,2.0184347e-14,-0.0029217387,-0.0029217387,0.0034267316,0.0034267316,-0.00058434773,-0.00058434773,9.7363968e-17,9.7363968e-17,2.4242282e-14,2.4242282e-14,-2.4313319e-14,-2.4313319e-14,1.9179023e-18,1.9179023e-18,-2.1115749e-17,-2.1115749e-17,-0.011018311,-0.011018311,-1.5822699e-16,-1.5822699e-16,5.0249241e-17,5.0249241e-17,3.0706762e-17,3.0706762e-17,4.3064312e-06,4.3064312e-06,2.0148826e-31,2.0148826e-31
-0.0029135112,-0.0029135112,0.0029135112,0.0029135112,1.1214987e-15,1.1214987e-15,-6.2654911e-16,-6.2654911e-16,0.0029135112,0.0029135112,-0.0080351227,-0.0080351227,-0.00051256332,-0.00051256332,-0.0080320212,-0.0080320212,-0.00051256332,-0.00051256332,0.00050357766,0.00050357766,6.2441741e-16,6.2441741e-16,9.3475281e-06,9.3475281e-06,9.3475281e-06,9.3475281e-06,9.4391887e-17,9.4391887e-17,-0.0029045255,-0.0029045255,-0.00051256332,-0.00051256332,-0.0029045255,-0.0029045255,-0.00051256332,-0.00051256332,-2.6441484e-16,-2.6441484e-16,2.2911786e-18,2.2911786e-18,-0.0034170888,-0.0034170888,-2.5962749e-16,-2.5962749e-16,0.0070503067,0.0070503067,8.48871e-16,8.48871e-16,-8.9856639e-06,-8.9856639e-06,0.00051256332,0.00051256332,-8.9856639e-06,-8.9856639e-06,0.00051256332,0.00051256332,0.00050357766,0.00050357766,6.2768759e-16,6.2768759e-16,-0.0029135112,-0.0029135112,-0.0029135112,-0.0029135112,-0.00051256332,-0.00051256332,-1.4152553e-06,-1.4152553e-06,4.9975584e-17,4.9975584e-17,3.1158427e-08,3.1158427e-08,-1.4464137e-06,-1.4464137e-06,0.00036346739,0.00036346739,6.9694049e-16,6.9694049e-16,0.37228966,0.37228966,4.3038944e-14,4.3038944e-14,0.17612151,0.17612151,2.0990529e-14,2.0990529e-14,-0.0029135112,-0.0029135112,0.0034170888,0.0034170888,-0.00058270223,-0.00058270223,1.0236956e-16,1.0236956e-16,2.4656076e-14,2.4656076e-14,-2.4728122e-14,-2.4728122e-14,1.918568e-18,1.918568e-18,-2.0258151e-17,-2.0258151e-17,-0.010467395,-0.010467395,-1.5348432e-16,-1.5348432e-16,4.8303627e-17,4.8303627e-17,2.9407525e-17,2.9407525e-17,4.2644575e-06,4.2644575e-06,1.9232592e-31,1.9232592e-31
-0.0029042104,-0.0029042104,0.0029042104,0.0029042104,1.0534108e-15,1.0534108e-15,-6.5076882e-16,-6.5076882e-16,0.0029042104,0.0029042104,-0.0076531222,-0.0076531222,-0.0005109281,-0.0005109281,-0.0076500508,-0.0076500508,-0.0005109281,-0.0005109281,0.00050197696,0.00050197696,6.5008441e-16,6.5008441e-16,1.035621e-05,1.035621e-05,1.035621e-05,1.035621e-05,9.2034658e-17,9.2034658e-17,-0.0028952592,-0.0028952592,-0.0005109281,-0.0005109281,-0.0028952592,-0.0028952592,-0.0005109281,-0.0005109281,-2.5789971e-16,-2.5789971e-16,1.0686255e-18,1.0686255e-18,-0.0034061873,-0.0034061873,-2.5434219e-16,-2.5434219e-16,0.0065378384,0.0065378384,8.2699889e-16,8.2699889e-16,-8.9511432e-06,-8.9511432e-06,0.0005109281,0.0005109281,-8.9511432e-06,-8.9511432e-06,0.0005109281,0.0005109281,0.00050197696,0.00050197696,6.5313199e-16,6.5313199e-16,-0.0029042104,-0.0029042104,-0.0029042104,-0.0029042104,-0.0005109281,-0.0005109281,-1.6007034e-06,-1.6007034e-06,4.8804859e-17,4.8804859e-17,3.4520701e-08,3.4520701e-08,-1.6352241e-06,-1.6352241e-06,0.00034350732,0.00034350732,7.2068341e-16,7.2068341e-16,0.35934971,0.35934971,4.4572618e-14,4.4572618e-14,0.17470472,0.17470472,2.1779464e-14,2.1779464e-14,-0.0029042104,-0.0029042104,0.0034061873,0.0034061873,-0.00058084207,-0.00058084207,1.0730911e-16,1.0730911e-16,2.5064533e-14,2.5064533e-14,-2.5137538e-14,-2.5137538e-14,1.9184246e-18,1.9184246e-18,-1.943206e-17,-1.943206e-17,-0.0099440257,-0.0099440257,-1.4879637e-16,-1.4879637e-16,4.6428297e-17,4.6428297e-17,2.8156674e-17,2.8156674e-17,4.2232081e-06,4.2232081e-06,1.8354603e-31,1.8354603e-31
-0.0028939059,-0.0028939059,0.0028939059,0.0028939059,9.8532293e-16,9.8532293e-16,-6.7451036e-16,-6.7451036e-16,0.0028939059,0.0028939059,-0.0072900094,-0.0072900094,-0.00050911632,-0.00050911632,-0.0072869675,-0.0072869675,-0.00050911632,-0.00050911632,0.00050020283,0.00050020283,6.7520945e-16,6.7520945e-16,1.1298566e-05,1.1298566e-05,1.1298566e-05,1.1298566e-05,8.9745935e-17,8.9745935e-17,-0.0028849925,-0.0028849925,-0.00050911632,-0.00050911632,-0.0028849925,-0.0028849925,-0.00050911632,-0.00050911632,-2.5146736e-16,-2.5146736e-16,-1.0042301e-19,-1.0042301e-19,-0.0033941088,-0.0033941088,-2.4908706e-16,-2.4908706e-16,0.0060527156,0.0060527156,8.060097e-16,8.060097e-16,-8.9134813e-06,-8.9134813e-06,0.00050911632,0.00050911632,-8.9134813e-06,-8.9134813e-06,0.00050911632,0.00050911632,0.00050020283,0.00050020283,6.7804619e-16,6.7804619e-16,-0.0028939059,-0.0028939059,-0.0028939059,-0.0028939059,-0.00050911632,-0.00050911632,-1.7741206e-06,-1.7741206e-06,4.7662408e-17,4.7662408e-17,3.7661888e-08,3.7661888e-08,-1.8117825e-06,-1.8117825e-06,0.0003245649,0.0003245649,7.4391427e-16,7.4391427e-16,0.34699608,0.34699608,4.6073181e-14,4.6073181e-14,0.17327944,0.17327944,2.2551331e-14,2.2551331e-14,-0.0028939059,-0.0028939059,0.0033941088,0.0033941088,-0.00057878119,-0.00057878119,1.1218177e-16,1.1218177e-16,2.5467745e-14,2.5467745e-14,-2.554166e-14,-2.554166e-14,1.9175147e-18,1.9175147e-18,-1.8636948e-17,-1.8636948e-17,-0.0094468244,-0.0094468244,-1.441698e-16,-1.441698e-16,4.462212e-17,4.462212e-17,2.6953372e-17,2.6953372e-17,4.1826898e-06,4.1826898e-06,1.7514265e-31,1.7514265e-31
-0.0028826639,-0.0028826639,0.0028826639,0.0028826639,9.1853608e-16,9.1853608e-16,-6.9777425e-16,-6.9777425e-16,0.0028826639,0.0028826639,-0.0069448423,-0.0069448423,-0.00050713958,-0.00050713958,-0.0069418293,-0.0069418293,-0.00050713958,-0.00050713958,0.0004982667,0.0004982667,6.9979677e-16,6.9979677e-16,1.2178084e-05,1.2178084e-05,1.2178084e-05,1.2178084e-05,8.7524504e-17,8.7524504e-17,-0.002873791,-0.002873791,-0.00050713958,-0.00050713958,-0.002873791,-0.002873791,-0.00050713958,-0.00050713958,-2.4511757e-16,-2.4511757e-16,-1.2190964e-18,-1.2190964e-18,-0.0033809306,-0.0033809306,-2.4386496e-16,-2.4386496e-16,0.0055935526,0.0055935526,7.858669e-16,7.858669e-16,-8.8728877e-06,-8.8728877e-06,0.00050713958,0.00050713958,-8.8728877e-06,-8.8728877e-06,0.00050713958,0.00050713958,0.0004982667,0.0004982667,7.0243385e-16,7.0243385e-16,-0.0028826639,-0.0028826639,-0.0028826639,-0.0028826639,-0.00050713958,-0.00050713958,-1.9361381e-06,-1.9361381e-06,4.6548263e-17,4.6548263e-17,4.0593613e-08,4.0593613e-08,-1.9767317e-06,-1.9767317e-06,0.00030658902,0.00030658902,7.6663988e-16,7.6663988e-16,0.33520013,0.33520013,4.7541054e-14,4.7541054e-14,0.17184693,0.17184693,2.3306339e-14,2.3306339e-14,-0.0028826639,-0.0028826639,0.0033809306,0.0033809306,-0.00057653277,-0.00057653277,1.1698689e-16,1.1698689e-16,2.5865802e-14,2.5865802e-14,-2.594058e-14,-2.594058e-14,1.9158793e-18,1.9158793e-18,-1.7872209e-17,-1.7872209e-17,-0.0089744832,-0.0089744832,-1.3961044e-16,-1.3961044e-16,4.2883787e-17,4.2883787e-17,2.5796669e-17,2.5796669e-17,4.142904e-06,4.142904e-06,1.6710821e-31,1.6710821e-31
-0.0028705467,-0.0028705467,0.0028705467,0.0028705467,8.5261659e-16,8.5261659e-16,-7.2056205e-16,-7.2056205e-16,0.0028705467,0.0028705467,-0.0066167257,-0.0066167257,-0.0005050089,-0.0005050089,-0.0066137411,-0.0066137411,-0.0005050089,-0.0005050089,0.00049617934,0.00049617934,7.2385167e-16,7.2385167e-16,1.2998074e-05,1.2998074e-05,1.2998074e-05,1.2998074e-05,8.5369053e-17,8.5369053e-17,-0.0028617171,-0.0028617171,-0.0005050089,-0.0005050089,-0.0028617171,-0.0028617171,-0.0005050089,-0.0005050089,-2.3885e-16,-2.3885e-16,-2.2905314e-18,-2.2905314e-18,-0.003366726,-0.003366726,-2.3867863e-16,-2.3867863e-16,0.005159033,0.005159033,7.6653527e-16,7.6653527e-16,-8.8295608e-06,-8.8295608e-06,0.0005050089,0.0005050089,-8.8295608e-06,-8.8295608e-06,0.0005050089,0.0005050089,0.00049617934,0.00049617934,7.262997e-16,7.262997e-16,-0.0028705467,-0.0028705467,-0.0028705467,-0.0028705467,-0.0005050089,-0.0005050089,-2.0873554e-06,-2.0873554e-06,4.5462351e-17,4.5462351e-17,4.3326912e-08,4.3326912e-08,-2.1306823e-06,-2.1306823e-06,0.00028953116,0.00028953116,7.8886769e-16,7.8886769e-16,0.32393461,0.32393461,4.8976707e-14,4.8976707e-14,0.1704084,0.1704084,2.4044723e-14,2.4044723e-14,-0.0028705467,-0.0028705467,0.003366726,0.003366726,-0.00057410933,-0.00057410933,1.2172392e-16,1.2172392e-16,2.6258795e-14,2.6258795e-14,-2.6334389e-14,-2.6334389e-14,1.9135571e-18,1.9135571e-18,-1.7137176e-17,-1.7137176e-17,-0.008525759,-0.008525759,-1.351234e-16,-1.351234e-16,4.1211842e-17,4.1211842e-17,2.468552e-17,2.468552e-17,4.1038474e-06,4.1038474e-06,1.5943378e-31,1.5943378e-31
-0.0028576136,-0.0028576136,0.0028576136,0.0028576136,7.8843182e-16,7.8843182e-16,-7.428763e-16,-7.428763e-16,0.0028576136,0.0028576136,-0.0063048095,-0.0063048095,-0.00050273469,-0.00050273469,-0.0063018528,-0.0063018528,-0.00050273469,-0.00050273469,0.000493951,0.000493951,7.4738039e-16,7.4738039e-16,1.376168e-05,1.376168e-05,1.376168e-05,1.376168e-05,8.3278196e-17,8.3278196e-17,-0.0028488299,-0.0028488299,-0.00050273469,-0.00050273469,-0.0028488299,-0.0028488299,-0.00050273469,-0.00050273469,-2.3266418e-16,-2.3266418e-16,-3.3178416e-18,-3.3178416e-18,-0.0033515646,-0.0033515646,-2.3353066e-16,-2.3353066e-16,0.0047479065,0.0047479065,7.4798083e-16,7.4798083e-16,-8.7836885e-06,-8.7836885e-06,0.00050273469,0.00050273469,-8.7836885e-06,-8.7836885e-06,0.00050273469,0.00050273469,0.000493951,0.000493951,7.4964944e-16,7.4964944e-16,-0.0028576136,-0.0028576136,-0.0028576136,-0.0028576136,-0.00050273469,-0.00050273469,-2.2283415e-06,-2.2283415e-06,4.4404505e-17,4.4404505e-17,4.5872267e-08,4.5872267e-08,-2.2742137e-06,-2.2742137e-06,0.0002733452,0.0002733452,8.1060568e-16,8.1060568e-16,0.31317364,0.31317364,5.0380642e-14,5.0380642e-14,0.16896499,0.16896499,2.4766734e-14,2.4766734e-14,-0.0028576136,-0.0028576136,0.0033515646,0.0033515646,-0.00057152272,-0.00057152272,1.2639248e-16,1.2639248e-16,2.664681e-14,2.664681e-14,-2.6723175e-14,-2.6723175e-14,1.9105852e-18,1.9105852e-18,-1.643113e-17,-1.643113e-17,-0.0080994711,-0.0080994711,-1.3071309e-16,-1.3071309e-16,3.9604714e-17,3.9604714e-17,2.3618803e-17,2.3618803e-17,4.0655127e-06,4.0655127e-06,1.5210938e-31,1.5210938e-31
-0.0028439207,-0.0028439207,0.0028439207,0.0028439207,7.2511441e-16,7.2511441e-16,-7.6472035e-16,-7.6472035e-16,0.0028439207,0.0028439207,-0.0060082859,-0.0060082859,-0.00050032681,-0.00050032681,-0.0060053565,-0.0060053565,-0.00050032681,-0.00050032681,0.00049159136,0.00049159136,7.7038993e-16,7.7038993e-16,1.4471888e-05,1.4471888e-05,1.4471888e-05,1.4471888e-05,8.1250483e-17,8.1250483e-17,-0.0028351853,-0.0028351853,-0.00050032681,-0.00050032681,-0.0028351853,-0.0028351853,-0.00050032681,-0.00050032681,-2.2655958e-16,-2.2655958e-16,-4.3040929e-18,-4.3040929e-18,-0.0033355121,-0.0033355121,-2.2842353e-16,-2.2842353e-16,0.0043589854,0.0043589854,7.3017086e-16,7.3017086e-16,-8.7354489e-06,-8.7354489e-06,0.00050032681,0.00050032681,-8.7354489e-06,-8.7354489e-06,0.00050032681,0.00050032681,0.00049159136,0.00049159136,7.7248956e-16,7.7248956e-16,-0.0028439207,-0.0028439207,-0.0028439207,-0.0028439207,-0.00050032681,-0.00050032681,-2.3596366e-06,-2.3596366e-06,4.3374483e-17,4.3374483e-17,4.8239625e-08,4.8239625e-08,-2.4078762e-06,-2.4078762e-06,0.00025798734,0.00025798734,8.3186226e-16,8.3186226e-16,0.30289262,0.30289262,5.1753396e-14,5.1753396e-14,0.16751777,0.16751777,2.5472646e-14,2.5472646e-14,-0.0028439207,-0.0028439207,0.0033355121,0.0033355121,-0.00056878414,-0.00056878414,1.309923e-16,1.309923e-16,2.7029934e-14,2.7029934e-14,-2.7107024e-14,-2.7107024e-14,1.9069988e-18,1.9069988e-18,-1.5753313e-17,-1.5753313e-17,-0.0076944975,-0.0076944975,-1.2638331e-16,-1.2638331e-16,3.8060737e-17,3.8060737e-17,2.2595338e-17,2.2595338e-17,4.0278892e-06,4.0278892e-06,1.4512424e-31,1.4512424e-31
-0.0028295212,-0.0028295212,0.0028295212,0.0028295212,6.6266437e-16,6.6266437e-16,-7.8609832e-16,-7.8609832e-16,0.0028295212,0.0028295212,-0.0057263873,-0.0057263873,-0.00049779462,-0.00049779462,-0.0057234848,-0.0057234848,-0.00049779462,-0.00049779462,0.00048910961,0.00048910961,7.9288798e-16,7.9288798e-16,1.513153e-05,1.513153e-05,1.513153e-05,1.513153e-05,7.9284418e-17,7.9284418e-17,-0.0028208362,-0.0028208362,-0.00049779462,-0.00049779462,-0.0028208362,-0.0028208362,-0.00049779462,-0.00049779462,-2.2053554e-16,-2.2053554e-16,-5.252283e-18,-5.252283e-18,-0.0033186308,-0.0033186308,-2.2335954e-16,-2.2335954e-16,0.0039911419,0.0039911419,7.1307389e-16,7.1307389e-16,-8.6850105e-06,-8.6850105e-06,0.00049779462,0.00049779462,-8.6850105e-06,-8.6850105e-06,0.00049779462,0.00049779462,0.00048910961,0.00048910961,7.9482727e-16,7.9482727e-16,-0.0028295212,-0.0028295212,-0.0028295212,-0.0028295212,-0.00049779462,-0.00049779462,-2.4817539e-06,-2.4817539e-06,4.2371972e-17,4.2371972e-17,5.0438433e-08,5.0438433e-08,-2.5321923e-06,-2.5321923e-06,0.00024341598,0.00024341598,8.5264622e-16,8.5264622e-16,0.29306818,0.29306818,5.3095529e-14,5.3095529e-14,0.16606775,0.16606775,2.6162742e-14,2.6162742e-14,-0.0028295212,-0.0028295212,0.0033186308,0.0033186308,-0.00056590424,-0.00056590424,1.3552321e-16,1.3552321e-16,2.740825e-14,2.740825e-14,-2.7486022e-14,-2.7486022e-14,1.9028315e-18,1.9028315e-18,-1.5102935e-17,-1.5102935e-17,-0.0073097727,-0.0073097727,-1.2213728e-16,-1.2213728e-16,3.6578174e-17,3.6578174e-17,2.1613902e-17,2.1613902e-17,3.990964e-06,3.990964e-06,1.3846701e-31,1.3846701e-31
-0.0028144653,-0.0028144653,0.0028144653,0.0028144653,6.00648e-16,6.00648e-16,-8.0701499e-16,-8.0701499e-16,0.0028144653,0.0028144653,-0.0054583848,-0.0054583848,-0.00049514696,-0.00049514696,-0.0054555086,-0.0054555086,-0.00049514696,-0.00049514696,0.00048651443,0.00048651443,8.1488277e-16,8.1488277e-16,1.5743298e-05,1.5743298e-05,1.5743298e-05,1.5743298e-05,7.7378469e-17,7.7378469e-17,-0.0028058328,-0.0028058328,-0.00049514696,-0.00049514696,-0.0028058328,-0.0028058328,-0.00049514696,-0.00049514696,-2.1459136e-16,-2.1459136e-16,-6.1653248e-18,-6.1653248e-18,-0.0033009797,-0.0033009797,-2.1834086e-16,-2.1834086e-16,0.0036433043,0.0036433043,6.9665962e-16,6.9665962e-16,-8.6325328e-06,-8.6325328e-06,0.00049514696,0.00049514696,-8.6325328e-06,-8.6325328e-06,0.00049514696,0.00049514696,0.00048651443,0.00048651443,8.1667034e-16,8.1667034e-16,-0.0028144653,-0.0028144653,-0.0028144653,-0.0028144653,-0.00049514696,-0.00049514696,-2.5951802e-06,-2.5951802e-06,4.1396605e-17,4.1396605e-17,5.2477659e-08,5.2477659e-08,-2.6476579e-06,-2.6476579e-06,0.00022959159,0.00022959159,8.7296661e-16,8.7296661e-16,0.28367812,0.28367812,5.4407621e-14,5.4407621e-14,0.16461588,0.16461588,2.6837319e-14,2.6837319e-14,-0.0028144653,-0.0028144653,0.0033009797,0.0033009797,-0.00056289306,-0.00056289306,1.3998518e-16,1.3998518e-16,2.7781841e-14,2.7781841e-14,-2.7860253e-14,-2.7860253e-14,1.8981152e-18,1.8981152e-18,-1.4479185e-17,-1.4479185e-17,-0.006944284,-0.006944284,-1.179777e-16,-1.179777e-16,3.5155237e-17,3.5155237e-17,2.0673239e-17,2.0673239e-17,3.9547215e-06,3.9547215e-06,1.3212596e-31,1.3212596e-31
-0.0027988007,-0.0027988007,0.0027988007,0.0027988007,5.3993268e-16,5.3993268e-16,-8.2747572e-16,-8.2747572e-16,0.0027988007,0.0027988007,-0.0052035856,-0.0052035856,-0.00049239222,-0.00049239222,-0.0052007353,-0.0052007353,-0.00049239222,-0.00049239222,0.00048381405,0.00048381405,8.3638301e-16,8.3638301e-16,1.6309745e-05,1.6309745e-05,1.6309745e-05,1.6309745e-05,7.5531079e-17,7.5531079e-17,-0.0027902226,-0.0027902226,-0.00049239222,-0.00049239222,-0.0027902226,-0.0027902226,-0.00049239222,-0.00049239222,-2.0872627e-16,-2.0872627e-16,-7.0460338e-18,-7.0460338e-18,-0.0032826148,-0.0032826148,-2.1336948e-16,-2.1336948e-16,0.003314455,0.003314455,6.8089896e-16,6.8089896e-16,-8.578167e-06,-8.578167e-06,0.00049239222,0.00049239222,-8.578167e-06,-8.578167e-06,0.00049239222,0.00049239222,0.00048381405,0.00048381405,8.3802704e-16,8.3802704e-16,-0.0027988007,-0.0027988007,-0.0027988007,-0.0027988007,-0.00049239222,-0.00049239222,-2.7003781e-06,-2.7003781e-06,4.0447964e-17,4.0447964e-17,5.4365815e-08,5.4365815e-08,-2.7547439e-06,-2.7547439e-06,0.00021647662,0.00021647662,8.9283275e-16,8.9283275e-16,0.27470132,0.27470132,5.569027e-14,5.569027e-14,0.16316306,0.16316306,2.7496683e-14,2.7496683e-14,-0.0027988007,-0.0027988007,0.0032826148,0.0032826148,-0.00055976015,-0.00055976015,1.4437829e-16,1.4437829e-16,2.8150787e-14,2.8150787e-14,-2.8229797e-14,-2.8229797e-14,1.8928806e-18,1.8928806e-18,-1.3881239e-17,-1.3881239e-17,-0.0065970698,-0.0065970698,-1.1390678e-16,-1.1390678e-16,3.3790101e-17,3.3790101e-17,1.9772071e-17,1.9772071e-17,3.9191448e-06,3.9191448e-06,1.260891e-31,1.260891e-31
-0.0027825725,-0.0027825725,0.0027825725,0.0027825725,4.805184e-16,4.805184e-16,-8.4748639e-16,-8.4748639e-16,0.0027825725,0.0027825725,-0.0049613317,-0.0049613317,-0.00048953832,-0.00048953832,-0.0049585069,-0.0049585069,-0.00048953832,-0.00048953832,0.00048101626,0.00048101626,8.573978e-16,8.573978e-16,1.6833296e-05,1.6833296e-05,1.6833296e-05,1.6833296e-05,7.3740679e-17,7.3740679e-17,-0.0027740505,-0.0027740505,-0.00048953832,-0.00048953832,-0.0027740505,-0.0027740505,-0.00048953832,-0.00048953832,-2.0293943e-16,-2.0293943e-16,-7.8971177e-18,-7.8971177e-18,-0.0032635888,-0.0032635888,-2.0844724e-16,-2.0844724e-16,0.0030036275,0.0030036275,6.6576396e-16,6.6576396e-16,-8.522056e-06,-8.522056e-06,0.00048953832,0.00048953832,-8.522056e-06,-8.522056e-06,0.00048953832,0.00048953832,0.00048101626,0.00048101626,8.5890605e-16,8.5890605e-16,-0.0027825725,-0.0027825725,-0.0027825725,-0.0027825725,-0.00048953832,-0.00048953832,-2.7977864e-06,-2.7977864e-06,3.952559e-17,3.952559e-17,5.6110986e-08,5.6110986e-08,-2.8538973e-06,-2.8538973e-06,0.00020403542,0.00020403542,9.1225409e-16,9.1225409e-16,0.26611773,0.26611773,5.6944086e-14,5.6944086e-14,0.16171011,0.16171011,2.8141149e-14,2.8141149e-14,-0.0027825725,-0.0027825725,0.0032635888,0.0032635888,-0.00055651451,-0.00055651451,1.4870268e-16,1.4870268e-16,2.8515167e-14,2.8515167e-14,-2.8594734e-14,-2.8594734e-14,1.8871566e-18,1.8871566e-18,-1.3308263e-17,-1.3308263e-17,-0.0062672163,-0.0062672163,-1.0992628e-16,-1.0992628e-16,3.2480922e-17,3.2480922e-17,1.890911e-17,1.890911e-17,3.8842155e-06,3.8842155e-06,1.2034431e-31,1.2034431e-31
-0.0027658234,-0.0027658234,0.0027658234,0.0027658234,4.2197149e-16,4.2197149e-16,-8.670533e-16,-8.670533e-16,0.0027658234,0.0027658234,-0.004730998,-0.004730998,-0.00048659278,-0.00048659278,-0.0047281981,-0.0047281981,-0.00048659278,-0.00048659278,0.00047812844,0.00047812844,8.7793652e-16,8.7793652e-16,1.7316252e-05,1.7316252e-05,1.7316252e-05,1.7316252e-05,7.2005688e-17,7.2005688e-17,-0.0027573591,-0.0027573591,-0.00048659278,-0.00048659278,-0.0027573591,-0.0027573591,-0.00048659278,-0.00048659278,-1.9722998e-16,-1.9722998e-16,-8.721169e-18,-8.721169e-18,-0.0032439519,-0.0032439519,-2.0357582e-16,-2.0357582e-16,0.0027099037,0.0027099037,6.5122779e-16,6.5122779e-16,-8.4643352e-06,-8.4643352e-06,0.00048659278,0.00048659278,-8.4643352e-06,-8.4643352e-06,0.00048659278,0.00048659278,0.00047812844,0.00047812844,8.7931636e-16,8.7931636e-16,-0.0027658234,-0.0027658234,-0.0027658234,-0.0027658234,-0.00048659278,-0.00048659278,-2.8878218e-06,-2.8878218e-06,3.8628991e-17,3.8628991e-17,5.7720842e-08,5.7720842e-08,-2.9455427e-06,-2.9455427e-06,0.00019223408,0.00019223408,9.3124021e-16,9.3124021e-16,0.25790829,0.25790829,5.8169686e-14,5.8169686e-14,0.16025783,0.16025783,2.8771032e-14,2.8771032e-14,-0.0027658234,-0.0027658234,0.0032439519,0.0032439519,-0.00055316468,-0.00055316468,1.5295861e-16,1.5295861e-16,2.8875058e-14,2.8875058e-14,-2.8955142e-14,-2.8955142e-14,1.8809708e-18,1.8809708e-18,-1.275942e-17,-1.275942e-17,-0.0059538555,-0.0059538555,-1.0603759e-16,-1.0603759e-16,3.1225845e-17,3.1225845e-17,1.8083064e-17,1.8083064e-17,3.8499142e-06,3.8499142e-06,1.1487952e-31,1.1487952e-31
-0.0027485937,-0.0027485937,0.0027485937,0.0027485937,3.6472561e-16,3.6472561e-16,-8.8618316e-16,-8.8618316e-16,0.0027485937,0.0027485937,-0.0045119905,-0.0045119905,-0.0004835627,-0.0004835627,-0.0045092151,-0.0045092151,-0.0004835627,-0.0004835627,0.00047515756,0.00047515756,8.9800883e-16,8.9800883e-16,1.77608e-05,1.77608e-05,1.77608e-05,1.77608e-05,7.0324529e-17,7.0324529e-17,-0.0027401886,-0.0027401886,-0.0004835627,-0.0004835627,-0.0027401886,-0.0027401886,-0.0004835627,-0.0004835627,-1.9159701e-16,-1.9159701e-16,-9.5206595e-18,-9.5206595e-18,-0.0032237513,-0.0032237513,-1.9875676e-16,-1.9875676e-16,0.0024324114,0.0024324114,6.3726468e-16,6.3726468e-16,-8.4051325e-06,-8.4051325e-06,0.0004835627,0.0004835627,-8.4051325e-06,-8.4051325e-06,0.0004835627,0.0004835627,0.00047515756,0.00047515756,8.9926725e-16,8.9926725e-16,-0.0027485937,-0.0027485937,-0.0027485937,-0.0027485937,-0.0004835627,-0.0004835627,-2.97088e-06,-2.97088e-06,3.7757648e-17,3.7757648e-17,5.9202666e-08,5.9202666e-08,-3.0300827e-06,-3.0300827e-06,0.00018104044,0.00018104044,9.4980079e-16,9.4980079e-16,0.25005488,0.25005488,5.9367696e-14,5.9367696e-14,0.15880697,0.15880697,2.9386657e-14,2.9386657e-14,-0.0027485937,-0.0027485937,0.0032237513,0.0032237513,-0.00054971875,-0.00054971875,1.5714641e-16,1.5714641e-16,2.9230534e-14,2.9230534e-14,-2.9311098e-14,-2.9311098e-14,1.8743498e-18,1.8743498e-18,-1.2233873e-17,-1.2233873e-17,-0.0056561627,-0.0056561627,-1.0224171e-16,-1.0224171e-16,3.0023016e-17,3.0023016e-17,1.7292644e-17,1.7292644e-17,3.8162209e-06,3.8162209e-06,1.096827e-31,1.096827e-31
-0.0027309217,-0.0027309217,0.0027309217,0.0027309217,3.0747974e-16,3.0747974e-16,-9.0488299e-16,-9.0488299e-16,0.0027309217,0.0027309217,-0.004303745,-0.004303745,-0.0004804548,-0.0004804548,-0.0043009936,-0.0043009936,-0.0004804548,-0.0004804548,0.00047211023,0.00047211023,9.1762453e-16,9.1762453e-16,1.8169012e-05,1.8169012e-05,1.8169012e-05,1.8169012e-05,6.869563e-17,6.869563e-17,-0.0027225772,-0.0027225772,-0.0004804548,-0.0004804548,-0.0027225772,-0.0027225772,-0.0004804548,-0.0004804548,-1.8603956e-16,-1.8603956e-16,-1.0297937e-17,-1.0297937e-17,-0.003203032,-0.003203032,-1.9399141e-16,-1.9399141e-16,0.0021703226,0.0021703226,6.2384995e-16,6.2384995e-16,-8.3445691e-06,-8.3445691e-06,0.0004804548,0.0004804548,-8.3445691e-06,-8.3445691e-06,0.0004804548,0.0004804548,0.00047211023,0.00047211023,9.1876818e-16,9.1876818e-16,-0.0027309217,-0.0027309217,-0.0027309217,-0.0027309217,-0.0004804548,-0.0004804548,-3.0473365e-06,-3.0473365e-06,3.6911019e-17,3.6911019e-17,6.0563373e-08,6.0563373e-08,-3.1078999e-06,-3.1078999e-06,0.00017042391,0.00017042391,9.6794552e-16,9.6794552e-16,0.24254028,0.24254028,6.0538744e-14,6.0538744e-14,0.15735822,0.15735822,2.9988346e-14,2.9988346e-14,-0.0027309217,-0.0027309217,0.003203032,0.003203032,-0.00054618435,-0.00054618435,1.612665e-16,1.612665e-16,2.9581669e-14,2.9581669e-14,-2.9662675e-14,-2.9662675e-14,1.8673186e-18,1.8673186e-18,-1.1730795e-17,-1.1730795e-17,-0.0053733546,-0.0053733546,-9.853931e-17,-9.853931e-17,2.8870594e-17,2.8870594e-17,1.6536571e-17,1.6536571e-17,3.7831151e-06,3.7831151e-06,1.0474201e-31,1.0474201e-31
-0.0027128436,-0.0027128436,0.0027128436,0.0027128436,2.5196858e-16,2.5196858e-16,-9.2316011e-16,-9.2316011e-16,0.0027128436,0.0027128436,-0.0041057253,-0.0041057253,-0.00047727544,-0.00047727544,-0.0041029976,-0.0041029976,-0.00047727544,-0.00047727544,0.00046899268,0.00046899268,9.3679357e-16,9.3679357e-16,1.8542857e-05,1.8542857e-05,1.8542857e-05,1.8542857e-05,6.7117429e-17,6.7117429e-17,-0.0027045608,-0.0027045608,-0.00047727544,-0.00047727544,-0.0027045608,-0.0027045608,-0.00047727544,-0.00047727544,-1.8055667e-16,-1.8055667e-16,-1.1055223e-17,-1.1055223e-17,-0.0031818363,-0.0031818363,-1.8928099e-16,-1.8928099e-16,0.0019228506,0.0019228506,6.1095991e-16,6.1095991e-16,-8.2827596e-06,-8.2827596e-06,0.00047727544,0.00047727544,-8.2827596e-06,-8.2827596e-06,0.00047727544,0.00047727544,0.00046899268,0.00046899268,9.3782875e-16,9.3782875e-16,-0.0027128436,-0.0027128436,-0.0027128436,-0.0027128436,-0.00047727544,-0.00047727544,-3.1175477e-06,-3.1175477e-06,3.6088544e-17,3.6088544e-17,6.1809525e-08,6.1809525e-08,-3.1793572e-06,-3.1793572e-06,0.00016035546,0.00016035546,9.8568411e-16,9.8568411e-16,0.23534814,0.23534814,6.1683457e-14,6.1683457e-14,0.15591222,0.15591222,3.0576425e-14,3.0576425e-14,-0.0027128436,-0.0027128436,0.0031818363,0.0031818363,-0.00054256872,-0.00054256872,1.6531935e-16,1.6531935e-16,2.9928534e-14,2.9928534e-14,-3.0009947e-14,-3.0009947e-14,1.8599011e-18,1.8599011e-18,-1.1249362e-17,-1.1249362e-17,-0.0051046869,-0.0051046869,-9.4930762e-17,-9.4930762e-17,2.7766753e-17,2.7766753e-17,1.581358e-17,1.581358e-17,3.750576e-06,3.750576e-06,1.0004583e-31,1.0004583e-31
-0.0026943934,-0.0026943934,0.0026943934,0.0026943934,1.973248e-16,1.973248e-16,-9.4102205e-16,-9.4102205e-16,0.0026943934,0.0026943934,-0.0039174222,-0.0039174222,-0.00047403064,-0.00047403064,-0.0039147178,-0.0039147178,-0.00047403064,-0.00047403064,0.00046581083,0.00046581083,9.5552598e-16,9.5552598e-16,1.8884205e-05,1.8884205e-05,1.8884205e-05,1.8884205e-05,6.5588384e-17,6.5588384e-17,-0.0026861736,-0.0026861736,-0.00047403064,-0.00047403064,-0.0026861736,-0.0026861736,-0.00047403064,-0.00047403064,-1.7514734e-16,-1.7514734e-16,-1.1794613e-17,-1.1794613e-17,-0.0031602043,-0.0031602043,-1.8462658e-16,-1.8462658e-16,0.0016892483,0.0016892483,5.9857186e-16,5.9857186e-16,-8.2198122e-06,-8.2198122e-06,0.00047403064,0.00047403064,-8.2198122e-06,-8.2198122e-06,0.00047403064,0.00047403064,0.00046581083,0.00046581083,9.5645867e-16,9.5645867e-16,-0.0026943934,-0.0026943934,-0.0026943934,-0.0026943934,-0.00047403064,-0.00047403064,-3.1818519e-06,-3.1818519e-06,3.5289652e-17,3.5289652e-17,6.2947349e-08,6.2947349e-08,-3.2447992e-06,-3.2447992e-06,0.00015080749,0.00015080749,1.0030262e-15,1.0030262e-15,0.2284629,0.2284629,6.2802463e-14,6.2802463e-14,0.1544696,0.1544696,3.1151218e-14,3.1151218e-14,-0.0026943934,-0.0026943934,0.0031602043,0.0031602043,-0.00053887869,-0.00053887869,1.6930551e-16,1.6930551e-16,3.0271201e-14,3.0271201e-14,-3.0352983e-14,-3.0352983e-14,1.8521201e-18,1.8521201e-18,-1.0788767e-17,-1.0788767e-17,-0.0048494525,-0.0048494525,-9.1416165e-17,-9.1416165e-17,2.6709694e-17,2.6709694e-17,1.5122426e-17,1.5122426e-17,3.7185828e-06,3.7185828e-06,9.5582802e-32,9.5582802e-32
-0.0026756036,-0.0026756036,0.0026756036,0.0026756036,1.4398205e-16,1.4398205e-16,-9.5847654e-16,-9.5847654e-16,0.0026756036,0.0026756036,-0.0037383519,-0.0037383519,-0.00047072609,-0.00047072609,-0.0037356704,-0.0037356704,-0.00047072609,-0.00047072609,0.00046257026,0.00046257026,9.7383183e-16,9.7383183e-16,1.9194827e-05,1.9194827e-05,1.9194827e-05,1.9194827e-05,6.4106969e-17,6.4106969e-17,-0.0026674478,-0.0026674478,-0.00047072609,-0.00047072609,-0.0026674478,-0.0026674478,-0.00047072609,-0.00047072609,-1.6981057e-16,-1.6981057e-16,-1.2518075e-17,-1.2518075e-17,-0.0031381739,-0.0031381739,-1.8002912e-16,-1.8002912e-16,0.001468806,0.001468806,5.8666408e-16,5.8666408e-16,-8.1558295e-06,-8.1558295e-06,0.00047072609,0.00047072609,-8.1558295e-06,-8.1558295e-06,0.00047072609,0.00047072609,0.00046257026,0.00046257026,9.746677e-16,9.746677e-16,-0.0026756036,-0.0026756036,-0.0026756036,-0.0026756036,-0.00047072609,-0.00047072609,-3.2405703e-06,-3.2405703e-06,3.451376e-17,3.451376e-17,6.3982758e-08,6.3982758e-08,-3.3045531e-06,-3.3045531e-06,0.00014175379,0.00014175379,1.0199815e-15,1.0199815e-15,0.22186979,0.22186979,6.3896386e-14,6.3896386e-14,0.15303093,0.15303093,3.1713048e-14,3.1713048e-14,-0.0026756036,-0.0026756036,0.0031381739,0.0031381739,-0.00053512073,-0.00053512073,1.7322559e-16,1.7322559e-16,3.0609735e-14,3.0609735e-14,-3.0691855e-14,-3.0691855e-14,1.8439975e-18,1.8439975e-18,-1.0348214e-17,-1.0348214e-17,-0.0046069799,-0.0046069799,-8.7995369e-17,-8.7995369e-17,2.5697648e-17,2.5697648e-17,1.4461884e-17,1.4461884e-17,3.687115e-06,3.687115e-06,9.1341895e-32,9.1341895e-32
-0.0026565048,-0.0026565048,0.0026565048,0.0026565048,9.1506663e-17,9.1506663e-17,-9.7553146e-16,-9.7553146e-16,0.0026565048,0.0026565048,-0.0035680546,-0.0035680546,-0.00046736716,-0.00046736716,-0.0035653956,-0.0035653956,-0.00046736716,-0.00046736716,0.00045927625,0.00045927625,9.9172118e-16,9.9172118e-16,1.9476409e-05,1.9476409e-05,1.9476409e-05,1.9476409e-05,6.2671685e-17,6.2671685e-17,-0.0026484139,-0.0026484139,-0.00046736716,-0.00046736716,-0.0026484139,-0.0026484139,-0.00046736716,-0.00046736716,-1.6454534e-16,-1.6454534e-16,-1.3227454e-17,-1.3227454e-17,-0.003115781,-0.003115781,-1.7548939e-16,-1.7548939e-16,0.0012608499,0.0012608499,5.7521571e-16,5.7521571e-16,-8.0909081e-06,-8.0909081e-06,0.00046736716,0.00046736716,-8.0909081e-06,-8.0909081e-06,0.00046736716,0.00046736716,0.00045927625,0.00045927625,9.9246562e-16,9.9246562e-16,-0.0026565048,-0.0026565048,-0.0026565048,-0.0026565048,-0.00046736716,-0.00046736716,-3.2940078e-06,-3.2940078e-06,3.3760281e-17,3.3760281e-17,6.4921363e-08,6.4921363e-08,-3.3589292e-06,-3.3589292e-06,0.00013316948,0.00013316948,1.0365595e-15,1.0365595e-15,0.21555477,0.21555477,6.4965847e-14,6.4965847e-14,0.15159674,0.15159674,3.2262236e-14,3.2262236e-14,-0.0026565048,-0.0026565048,0.003115781,0.003115781,-0.00053130096,-0.00053130096,1.7708023e-16,1.7708023e-16,3.0944205e-14,3.0944205e-14,-3.1026628e-14,-3.1026628e-14,1.8355539e-18,1.8355539e-18,-9.9269233e-18,-9.9269233e-18,-0.0043766309,-0.0043766309,-8.4668004e-17,-8.4668004e-17,2.4728878e-17,2.4728878e-17,1.3830755e-17,1.3830755e-17,3.6561519e-06,3.6561519e-06,8.7312405e-32,8.7312405e-32
-0.0026371258,-0.0026371258,0.0026371258,0.0026371258,3.9464959e-17,3.9464959e-17,-9.9219479e-16,-9.9219479e-16,0.0026371258,0.0026371258,-0.0034060937,-0.0034060937,-0.00046395893,-0.00046395893,-0.0034034568,-0.0034034568,-0.00046395893,-0.00046395893,0.00045593379,0.00045593379,1.0092041e-15,1.0092041e-15,1.9730547e-05,1.9730547e-05,1.9730547e-05,1.9730547e-05,6.1281054e-17,6.1281054e-17,-0.0026291006,-0.0026291006,-0.00046395893,-0.00046395893,-0.0026291006,-0.0026291006,-0.00046395893,-0.00046395893,-1.5935061e-16,-1.5935061e-16,-1.3924473e-17,-1.3924473e-17,-0.0030930596,-0.0030930596,-1.7100806e-16,-1.7100806e-16,0.0010647398,0.0010647398,5.6420684e-16,5.6420684e-16,-8.0251396e-06,-8.0251396e-06,0.00046395893,0.00046395893,-8.0251396e-06,-8.0251396e-06,0.00046395893,0.00046395893,0.00045593379,0.00045593379,1.0098622e-15,1.0098622e-15,-0.0026371258,-0.0026371258,-0.0026371258,-0.0026371258,-0.00046395893,-0.00046395893,-3.3424536e-06,-3.3424536e-06,3.3028625e-17,3.3028625e-17,6.5768489e-08,6.5768489e-08,-3.4082221e-06,-3.4082221e-06,0.00012503089,0.00012503089,1.0527696e-15,1.0527696e-15,0.20950448,0.20950448,6.6011459e-14,6.6011459e-14,0.15016753,0.15016753,3.2799101e-14,3.2799101e-14,-0.0026371258,-0.0026371258,0.0030930596,0.0030930596,-0.00052742515,-0.00052742515,1.8087015e-16,1.8087015e-16,3.1274676e-14,3.1274676e-14,-3.1357369e-14,-3.1357369e-14,1.826809e-18,1.826809e-18,-9.5241331e-18,-9.5241331e-18,-0.0041577994,-0.0041577994,-8.1433498e-17,-8.1433498e-17,2.3801688e-17,2.3801688e-17,1.3227869e-17,1.3227869e-17,3.6256735e-06,3.6256735e-06,8.3483989e-32,8.3483989e-32
-0.0026174939,-0.0026174939,0.0026174939,0.0026174939,-1.0842022e-17,-1.0842022e-17,-1.0084746e-15,-1.0084746e-15,0.0026174939,0.0026174939,-0.0032520542,-0.0032520542,-0.00046050622,-0.00046050622,-0.0032494392,-0.0032494392,-0.00046050622,-0.00046050622,0.00045254761,0.00045254761,1.0262905e-15,1.0262905e-15,1.9958757e-05,1.9958757e-05,1.9958757e-05,1.9958757e-05,5.9933633e-17,5.9933633e-17,-0.0026095353,-0.0026095353,-0.00046050622,-0.00046050622,-0.0026095353,-0.0026095353,-0.00046050622,-0.00046050622,-1.5422536e-16,-1.5422536e-16,-1.4610735e-17,-1.4610735e-17,-0.0030700415,-0.0030700415,-1.6658569e-16,-1.6658569e-16,0.0008798679,0.0008798679,5.5361836e-16,5.5361836e-16,-7.9586104e-06,-7.9586104e-06,0.00046050622,0.00046050622,-7.9586104e-06,-7.9586104e-06,0.00046050622,0.00046050622,0.00045254761,0.00045254761,1.0268672e-15,1.0268672e-15,-0.0026174939,-0.0026174939,-0.0026174939,-0.0026174939,-0.00046050622,-0.00046050622,-3.3861822e-06,-3.3861822e-06,3.23182e-17,3.23182e-17,6.6529189e-08,6.6529189e-08,-3.4527114e-06,-3.4527114e-06,0.00011731557,0.00011731557,1.0686212e-15,1.0686212e-15,0.20370623,0.20370623,6.7033828e-14,6.7033828e-14,0.14874378,0.14874378,3.3323956e-14,3.3323956e-14,-0.0026174939,-0.0026174939,0.0030700415,0.0030700415,-0.00052349878,-0.00052349878,1.8459608e-16,1.8459608e-16,3.160121e-14,3.160121e-14,-3.1684143e-14,-3.1684143e-14,1.8177817e-18,1.8177817e-18,-9.1391004e-18,-9.1391004e-18,-0.0039499094,-0.0039499094,-7.8291101e-17,-7.8291101e-17,2.2914422e-17,2.2914422e-17,1.2652083e-17,1.2652083e-17,3.5956602e-06,3.5956602e-06,7.9846682e-32,7.9846682e-32
-0.0025976349,-0.0025976349,0.0025976349,0.0025976349,-6.2450045e-17,-6.2450045e-17,-1.0243791e-15,-1.0243791e-15,0.0025976349,0.0025976349,-0.003105542,-0.003105542,-0.00045701356,-0.00045701356,-0.0031029485,-0.0031029485,-0.00045701356,-0.00045701356,0.00044912216,0.00044912216,1.0429904e-15,1.0429904e-15,2.0162478e-05,2.0162478e-05,2.0162478e-05,2.0162478e-05,5.8628003e-17,5.8628003e-17,-0.0025897435,-0.0025897435,-0.00045701356,-0.00045701356,-0.0025897435,-0.0025897435,-0.00045701356,-0.00045701356,-1.4916855e-16,-1.4916855e-16,-1.5287725e-17,-1.5287725e-17,-0.0030467571,-0.0030467571,-1.6222269e-16,-1.6222269e-16,0.00070565685,0.00070565685,5.43432e-16,5.43432e-16,-7.8914022e-06,-7.8914022e-06,0.00045701356,0.00045701356,-7.8914022e-06,-7.8914022e-06,0.00045701356,0.00045701356,0.00044912216,0.00044912216,1.0434902e-15,1.0434902e-15,-0.0025976349,-0.0025976349,-0.0025976349,-0.0025976349,-0.00045701356,-0.00045701356,-3.4254543e-06,-3.4254543e-06,3.1628419e-17,3.1628419e-17,6.720826e-08,6.720826e-08,-3.4926626e-06,-3.4926626e-06,0.00011000218,0.00011000218,1.0841235e-15,1.0841235e-15,0.19814797,0.19814797,6.8033553e-14,6.8033553e-14,0.14732592,0.14732592,3.3837113e-14,3.3837113e-14,-0.0025976349,-0.0025976349,0.0030467571,0.0030467571,-0.00051952698,-0.00051952698,1.8825882e-16,1.8825882e-16,3.1923869e-14,3.1923869e-14,-3.2007012e-14,-3.2007012e-14,1.8084898e-18,1.8084898e-18,-8.7711018e-18,-8.7711018e-18,-0.0037524139,-0.0037524139,-7.5239905e-17,-7.5239905e-17,2.2065467e-17,2.2065467e-17,1.2102287e-17,1.2102287e-17,3.5660926e-06,3.5660926e-06,7.63909e-32,7.63909e-32
-0.0025775732,-0.0025775732,0.0025775732,0.0025775732,-1.1145598e-16,-1.1145598e-16,-1.0399164e-15,-1.0399164e-15,0.0025775732,0.0025775732,-0.0029661826,-0.0029661826,-0.00045348523,-0.00045348523,-0.0029636103,-0.0029636103,-0.00045348523,-0.00045348523,0.00044566164,0.00044566164,1.0593135e-15,1.0593135e-15,2.0343075e-05,2.0343075e-05,2.0343075e-05,2.0343075e-05,5.7362781e-17,5.7362781e-17,-0.0025697497,-0.0025697497,-0.00045348523,-0.00045348523,-0.0025697497,-0.0025697497,-0.00045348523,-0.00045348523,-1.4417914e-16,-1.4417914e-16,-1.595682e-17,-1.595682e-17,-0.0030232349,-0.0030232349,-1.5791939e-16,-1.5791939e-16,0.00054155834,0.00054155834,5.3363029e-16,5.3363029e-16,-7.8235919e-06,-7.8235919e-06,0.00045348523,0.00045348523,-7.8235919e-06,-7.8235919e-06,0.00045348523,0.00045348523,0.00044566164,0.00044566164,1.0597408e-15,1.0597408e-15,-0.0025775732,-0.0025775732,-0.0025775732,-0.0025775732,-0.00045348523,-0.00045348523,-3.4605171e-06,-3.4605171e-06,3.0958695e-17,3.0958695e-17,6.7810251e-08,6.7810251e-08,-3.5283274e-06,-3.5283274e-06,0.00010307044,0.00010307044,1.0992856e-15,1.0992856e-15,0.19281824,0.19281824,6.9011224e-14,6.9011224e-14,0.14591436,0.14591436,3.4338877e-14,3.4338877e-14,-0.0025775732,-0.0025775732,0.0030232349,0.0030232349,-0.00051551465,-0.00051551465,1.9185918e-16,1.9185918e-16,3.2242714e-14,3.2242714e-14,-3.2326037e-14,-3.2326037e-14,1.7989504e-18,1.7989504e-18,-8.4194346e-18,-8.4194346e-18,-0.0035647932,-0.0035647932,-7.2278858e-17,-7.2278858e-17,2.1253255e-17,2.1253255e-17,1.1577399e-17,1.1577399e-17,3.5369521e-06,3.5369521e-06,7.3107448e-32,7.3107448e-32
-0.0025573319,-0.0025573319,0.0025573319,0.0025573319,-1.6046192e-16,-1.6046192e-16,-1.0550947e-15,-1.0550947e-15,0.0025573319,0.0025573319,-0.0028336202,-0.0028336202,-0.00044992529,-0.00044992529,-0.0028310687,-0.0028310687,-0.00044992529,-0.00044992529,0.00044217004,0.00044217004,1.0752696e-15,1.0752696e-15,2.0501844e-05,2.0501844e-05,2.0501844e-05,2.0501844e-05,5.6136615e-17,5.6136615e-17,-0.0025495766,-0.0025495766,-0.00044992529,-0.00044992529,-0.0025495766,-0.0025495766,-0.00044992529,-0.00044992529,-1.392561e-16,-1.392561e-16,-1.6619286e-17,-1.6619286e-17,-0.0029995019,-0.0029995019,-1.53676e-16,-1.53676e-16,0.00038705164,0.00038705164,5.2419651e-16,5.2419651e-16,-7.7552525e-06,-7.7552525e-06,0.00044992529,0.00044992529,-7.7552525e-06,-7.7552525e-06,0.00044992529,0.00044992529,0.00044217004,0.00044217004,1.0756285e-15,1.0756285e-15,-0.0025573319,-0.0025573319,-0.0025573319,-0.0025573319,-0.00044992529,-0.00044992529,-3.4916053e-06,-3.4916053e-06,3.0308448e-17,3.0308448e-17,6.8339482e-08,6.8339482e-08,-3.5599448e-06,-3.5599448e-06,9.6501112e-05,9.6501112e-05,1.1141163e-15,1.1141163e-15,0.18770614,0.18770614,6.996742e-14,6.996742e-14,0.14450949,0.14450949,3.4829549e-14,3.4829549e-14,-0.0025573319,-0.0025573319,0.0029995019,0.0029995019,-0.00051146638,-0.00051146638,1.95398e-16,1.95398e-16,3.2557805e-14,3.2557805e-14,-3.2641279e-14,-3.2641279e-14,1.7891798e-18,1.7891798e-18,-8.0834169e-18,-8.0834169e-18,-0.0033865536,-0.0033865536,-6.9406784e-17,-6.9406784e-17,2.0476265e-17,2.0476265e-17,1.1076375e-17,1.1076375e-17,3.5082208e-06,3.5082208e-06,6.998752e-32,6.998752e-32
-0.0025369326,-0.0025369326,0.0025369326,0.0025369326,-2.086005e-16,-2.086005e-16,-1.0699221e-15,-1.0699221e-15,0.0025369326,0.0025369326,-0.0027075167,-0.0027075167,-0.00044633755,-0.00044633755,-0.0027049859,-0.0027049859,-0.00044633755,-0.00044633755,0.00043865109,0.00043865109,1.0908681e-15,1.0908681e-15,2.0640015e-05,2.0640015e-05,2.0640015e-05,2.0640015e-05,5.4948189e-17,5.4948189e-17,-0.0025292461,-0.0025292461,-0.00044633755,-0.00044633755,-0.0025292461,-0.0025292461,-0.00044633755,-0.00044633755,-1.343984e-16,-1.343984e-16,-1.7276286e-17,-1.7276286e-17,-0.0029755836,-0.0029755836,-1.4949263e-16,-1.4949263e-16,0.00024164224,0.00024164224,5.1511465e-16,5.1511465e-16,-7.6864524e-06,-7.6864524e-06,0.00044633755,0.00044633755,-7.6864524e-06,-7.6864524e-06,0.00044633755,0.00044633755,0.00043865109,0.00043865109,1.0911626e-15,1.0911626e-15,-0.0025369326,-0.0025369326,-0.0025369326,-0.0025369326,-0.00044633755,-0.00044633755,-3.5189415e-06,-3.5189415e-06,2.9677106e-17,2.9677106e-17,6.8800049e-08,6.8800049e-08,-3.5877415e-06,-3.5877415e-06,9.0275891e-05,9.0275891e-05,1.1286244e-15,1.1286244e-15,0.18280132,0.18280132,7.0902711e-14,7.0902711e-14,0.14311165,0.14311165,3.5309425e-14,3.5309425e-14,-0.0025369326,-0.0025369326,0.0029755836,0.0029755836,-0.00050738651,-0.00050738651,1.9887616e-16,1.9887616e-16,3.2869198e-14,3.2869198e-14,-3.2952797e-14,-3.2952797e-14,1.7791936e-18,1.7791936e-18,-7.7623884e-18,-7.7623884e-18,-0.0032172259,-0.0032172259,-6.6622396e-17,-6.6622396e-17,1.9733023e-17,1.9733023e-17,1.0598199e-17,1.0598199e-17,3.4798811e-06,3.4798811e-06,6.7022695e-32,6.7022695e-32
-0.0025163957,-0.0025163957,0.0025163957,0.0025163957,-2.5543803e-16,-2.5543803e-16,-1.0844067e-15,-1.0844067e-15,0.0025163957,0.0025163957,-0.0025875511,-0.0025875511,-0.00044272561,-0.00044272561,-0.0025850407,-0.0025850407,-0.00044272561,-0.00044272561,0.00043510836,0.00043510836,1.1061185e-15,1.1061185e-15,2.0758752e-05,2.0758752e-05,2.0758752e-05,2.0758752e-05,5.3796217e-17,5.3796217e-17,-0.0025087785,-0.0025087785,-0.00044272561,-0.00044272561,-0.0025087785,-0.0025087785,-0.00044272561,-0.00044272561,-1.2960503e-16,-1.2960503e-16,-1.7928884e-17,-1.7928884e-17,-0.0029515041,-0.0029515041,-1.4536931e-16,-1.4536931e-16,0.0001048605,0.0001048605,5.0636943e-16,5.0636943e-16,-7.6172566e-06,-7.6172566e-06,0.00044272561,0.00044272561,-7.6172566e-06,-7.6172566e-06,0.00044272561,0.00044272561,0.00043510836,0.00043510836,1.1063522e-15,1.1063522e-15,-0.0025163957,-0.0025163957,-0.0025163957,-0.0025163957,-0.00044272561,-0.00044272561,-3.5427369e-06,-3.5427369e-06,2.9064102e-17,2.9064102e-17,6.919584e-08,6.919584e-08,-3.6119327e-06,-3.6119327e-06,8.4377407e-05,8.4377407e-05,1.1428186e-15,1.1428186e-15,0.17809392,0.17809392,7.1817654e-14,7.1817654e-14,0.14172117,0.14172117,3.5778793e-14,3.5778793e-14,-0.0025163957,-0.0025163957,0.0029515041,0.0029515041,-0.00050327915,-0.00050327915,2.0229456e-16,2.0229456e-16,3.3176949e-14,3.3176949e-14,-3.3260646e-14,-3.3260646e-14,1.7690063e-18,1.7690063e-18,-7.4557102e-18,-7.4557102e-18,-0.0030563646,-0.0030563646,-6.3924312e-17,-6.3924312e-17,1.9022102e-17,1.9022102e-17,1.0141892e-17,1.0141892e-17,3.4519163e-06,3.4519163e-06,6.4204934e-32,6.4204934e-32
-0.0024957408,-0.0024957408,0.0024957408,0.0024957408,-3.0184188e-16,-3.0184188e-16,-1.0985568e-15,-1.0985568e-15,0.0024957408,0.0024957408,-0.0024734183,-0.0024734183,-0.00043909289,-0.00043909289,-0.0024709279,-0.0024709279,-0.00043909289,-0.00043909289,0.00043154517,0.00043154517,1.12103e-15,1.12103e-15,2.0859163e-05,2.0859163e-05,2.0859163e-05,2.0859163e-05,5.2679453e-17,5.2679453e-17,-0.0024881931,-0.0024881931,-0.00043909289,-0.00043909289,-0.0024881931,-0.0024881931,-0.00043909289,-0.00043909289,-1.2487495e-16,-1.2487495e-16,-1.8578051e-17,-1.8578051e-17,-0.0029272859,-0.0029272859,-1.4130598e-16,-1.4130598e-16,-2.3739583e-05,-2.3739583e-05,4.9794622e-16,4.9794622e-16,-7.547726e-06,-7.547726e-06,0.00043909289,0.00043909289,-7.547726e-06,-7.547726e-06,0.00043909289,0.00043909289,0.00043154517,0.00043154517,1.1212066e-15,1.1212066e-15,-0.0024957408,-0.0024957408,-0.0024957408,-0.0024957408,-0.00043909289,-0.00043909289,-3.563192e-06,-3.563192e-06,2.846888e-17,2.846888e-17,6.9530544e-08,6.9530544e-08,-3.6327225e-06,-3.6327225e-06,7.8789158e-05,7.8789158e-05,1.1567071e-15,1.1567071e-15,0.17357461,0.17357461,7.2712797e-14,7.2712797e-14,0.14033836,0.14033836,3.6237939e-14,3.6237939e-14,-0.0024957408,-0.0024957408,0.0029272859,0.0029272859,-0.00049914816,-0.00049914816,2.056541e-16,2.056541e-16,3.3481115e-14,3.3481115e-14,-3.3564884e-14,-3.3564884e-14,1.7586322e-18,1.7586322e-18,-7.1627651e-18,-7.1627651e-18,-0.0029035464,-0.0029035464,-6.1311067e-17,-6.1311067e-17,1.8342125e-17,1.8342125e-17,9.7065071e-18,9.7065071e-18,3.4243103e-06,3.4243103e-06,6.1526573e-32,6.1526573e-32
-0.0024749859,-0.0024749859,0.0024749859,0.0024749859,-3.4737838e-16,-3.4737838e-16,-1.1123802e-15,-1.1123802e-15,0.0024749859,0.0024749859,-0.0023648284,-0.0023648284,-0.00043544259,-0.00043544259,-0.0023623578,-0.0023623578,-0.00043544259,-0.00043544259,0.00042796467,0.00042796467,1.1356117e-15,1.1356117e-15,2.0942298e-05,2.0942298e-05,2.0942298e-05,2.0942298e-05,5.1596684e-17,5.1596684e-17,-0.002467508,-0.002467508,-0.00043544259,-0.00043544259,-0.002467508,-0.002467508,-0.00043544259,-0.00043544259,-1.2020718e-16,-1.2020718e-16,-1.9224666e-17,-1.9224666e-17,-0.0029029506,-0.0029029506,-1.3730249e-16,-1.3730249e-16,-0.00014458154,-0.00014458154,4.8983105e-16,4.8983105e-16,-7.4779184e-06,-7.4779184e-06,0.00043544259,0.00043544259,-7.4779184e-06,-7.4779184e-06,0.00043544259,0.00043544259,0.00042796467,0.00042796467,1.1357344e-15,1.1357344e-15,-0.0024749859,-0.0024749859,-0.0024749859,-0.0024749859,-0.00043544259,-0.00043544259,-3.580497e-06,-3.580497e-06,2.7890895e-17,2.7890895e-17,6.9807659e-08,6.9807659e-08,-3.6503047e-06,-3.6503047e-06,7.3495466e-05,7.3495466e-05,1.1702983e-15,1.1702983e-15,0.16923447,0.16923447,7.3588674e-14,7.3588674e-14,0.1389635,0.1389635,3.668714e-14,3.668714e-14,-0.0024749859,-0.0024749859,0.0029029506,0.0029029506,-0.00049499718,-0.00049499718,2.0895572e-16,2.0895572e-16,3.3781747e-14,3.3781747e-14,-3.3865564e-14,-3.3865564e-14,1.7480846e-18,1.7480846e-18,-6.8829576e-18,-6.8829576e-18,-0.002758369,-0.002758369,-5.8781124e-17,-5.8781124e-17,1.769176e-17,1.769176e-17,9.29113e-18,9.29113e-18,3.3970476e-06,3.3970476e-06,5.8980313e-32,5.8980313e-32
-0.0024541483,-0.0024541483,0.0024541483,0.0024541483,-3.9204751e-16,-3.9204751e-16,-1.1258849e-15,-1.1258849e-15,0.0024541483,0.0024541483,-0.0022615059,-0.0022615059,-0.00043177772,-0.00043177772,-0.0022590549,-0.0022590549,-0.00043177772,-0.00043177772,0.00042436984,0.00042436984,1.1498724e-15,1.1498724e-15,2.1009152e-05,2.1009152e-05,2.1009152e-05,2.1009152e-05,5.0546731e-17,5.0546731e-17,-0.0024467404,-0.0024467404,-0.00043177772,-0.00043177772,-0.0024467404,-0.0024467404,-0.00043177772,-0.00043177772,-1.1560072e-16,-1.1560072e-16,-1.9869525e-17,-1.9869525e-17,-0.0028785182,-0.0028785182,-1.3335863e-16,-1.3335863e-16,-0.00025806757,-0.00025806757,4.8201055e-16,4.8201055e-16,-7.4078879e-06,-7.4078879e-06,0.00043177772,0.00043177772,-7.4078879e-06,-7.4078879e-06,0.00043177772,0.00043177772,0.00042436984,0.00042436984,1.1499445e-15,1.1499445e-15,-0.0024541483,-0.0024541483,-0.0024541483,-0.0024541483,-0.00043177772,-0.00043177772,-3.5948323e-06,-3.5948323e-06,2.7329609e-17,2.7329609e-17,7.0030505e-08,7.0030505e-08,-3.6648628e-06,-3.6648628e-06,6.848144e-05,6.848144e-05,1.1836001e-15,1.1836001e-15,0.16506506,0.16506506,7.444581e-14,7.444581e-14,0.13759686,0.13759686,3.7126668e-14,3.7126668e-14,-0.0024541483,-0.0024541483,0.0028785182,0.0028785182,-0.00049082967,-0.00049082967,2.1220036e-16,2.1220036e-16,3.4078899e-14,3.4078899e-14,-3.4162739e-14,-3.4162739e-14,1.7373763e-18,1.7373763e-18,-6.6157134e-18,-6.6157134e-18,-0.0026204506,-0.0026204506,-5.6332885e-17,-5.6332885e-17,1.7069724e-17,1.7069724e-17,8.8948806e-18,8.8948806e-18,3.3701136e-06,3.3701136e-06,5.6559209e-32,5.6559209e-32
-0.0024332442,-0.0024332442,0.0024332442,0.0024332442,-4.3671664e-16,-4.3671664e-16,-1.1390788e-15,-1.1390788e-15,0.0024332442,0.0024332442,-0.0021631893,-0.0021631893,-0.00042810115,-0.00042810115,-0.0021607577,-0.0021607577,-0.00042810115,-0.00042810115,0.00042076347,0.00042076347,1.1638209e-15,1.1638209e-15,2.1060669e-05,2.1060669e-05,2.1060669e-05,2.1060669e-05,4.9528452e-17,4.9528452e-17,-0.0024259065,-0.0024259065,-0.00042810115,-0.00042810115,-0.0024259065,-0.0024259065,-0.00042810115,-0.00042810115,-1.1105457e-16,-1.1105457e-16,-2.051334e-17,-2.051334e-17,-0.0028540077,-0.0028540077,-1.2947412e-16,-1.2947412e-16,-0.00036457962,-0.00036457962,4.7447196e-16,4.7447196e-16,-7.3376856e-06,-7.3376856e-06,0.00042810115,0.00042810115,-7.3376856e-06,-7.3376856e-06,0.00042810115,0.00042810115,0.00042076347,0.00042076347,1.1638454e-15,1.1638454e-15,-0.0024332442,-0.0024332442,-0.0024332442,-0.0024332442,-0.00042810115,-0.00042810115,-3.606369e-06,-3.606369e-06,2.67845e-17,2.67845e-17,7.0202231e-08,7.0202231e-08,-3.6765712e-06,-3.6765712e-06,6.3732937e-05,6.3732937e-05,1.1966205e-15,1.1966205e-15,0.16105833,0.16105833,7.5284716e-14,7.5284716e-14,0.13623867,0.13623867,3.7556789e-14,3.7556789e-14,-0.0024332442,-0.0024332442,0.0028540077,0.0028540077,-0.00048664884,-0.00048664884,2.1538896e-16,2.1538896e-16,3.4372621e-14,3.4372621e-14,-3.4456462e-14,-3.4456462e-14,1.7265194e-18,1.7265194e-18,-6.3604796e-18,-6.3604796e-18,-0.0024894281,-0.0024894281,-5.3964702e-17,-5.3964702e-17,1.6474781e-17,1.6474781e-17,8.5169109e-18,8.5169109e-18,3.3434942e-06,3.3434942e-06,5.4256662e-32,5.4256662e-32
-0.0024122889,-0.0024122889,0.0024122889,0.0024122889,-4.7965104e-16,-4.7965104e-16,-1.1519696e-15,-1.1519696e-15,0.0024122889,0.0024122889,-0.0020696301,-0.0020696301,-0.00042441556,-0.00042441556,-0.0020672176,-0.0020672176,-0.00042441556,-0.00042441556,0.0004171482,0.0004171482,1.1774657e-15,1.1774657e-15,2.1097746e-05,2.1097746e-05,2.1097746e-05,2.1097746e-05,4.8540739e-17,4.8540739e-17,-0.0024050215,-0.0024050215,-0.00042441556,-0.00042441556,-0.0024050215,-0.0024050215,-0.00042441556,-0.00042441556,-1.0656778e-16,-1.0656778e-16,-2.1156752e-17,-2.1156752e-17,-0.0028294371,-0.0028294371,-1.2564862e-16,-1.2564862e-16,-0.00046448039,-0.00046448039,4.6720307e-16,4.6720307e-16,-7.2673598e-06,-7.2673598e-06,0.00042441556,0.00042441556,-7.2673598e-06,-7.2673598e-06,0.00042441556,0.00042441556,0.0004171482,0.0004171482,1.1774454e-15,1.1774454e-15,-0.0024122889,-0.0024122889,-0.0024122889,-0.0024122889,-0.00042441556,-0.00042441556,-3.6152695e-06,-3.6152695e-06,2.6255052e-17,2.6255052e-17,7.0325822e-08,7.0325822e-08,-3.6855953e-06,-3.6855953e-06,5.923652e-05,5.923652e-05,1.209367e-15,1.209367e-15,0.15720666,0.15720666,7.6105891e-14,7.6105891e-14,0.13488915,0.13488915,3.797776e-14,3.797776e-14,-0.0024122889,-0.0024122889,0.0028294371,0.0028294371,-0.00048245777,-0.00048245777,2.1852248e-16,2.1852248e-16,3.4662965e-14,3.4662965e-14,-3.4746784e-14,-3.4746784e-14,1.7155256e-18,1.7155256e-18,-6.1167239e-18,-6.1167239e-18,-0.0023649567,-0.0023649567,-5.1674886e-17,-5.1674886e-17,1.5905742e-17,1.5905742e-17,8.1564052e-18,8.1564052e-18,3.317176e-06,3.317176e-06,5.2066405e-32,5.2066405e-32
-0.0023912966,-0.0023912966,0.0023912966,0.0023912966,-5.2171809e-16,-5.2171809e-16,-1.164565e-15,-1.164565e-15,0.0023912966,0.0023912966,-0.0019805919,-0.0019805919,-0.00042072347,-0.00042072347,-0.0019781983,-0.0019781983,-0.00042072347,-0.00042072347,0.00041352651,0.00041352651,1.1908152e-15,1.1908152e-15,2.1121233e-05,2.1121233e-05,2.1121233e-05,2.1121233e-05,4.7582519e-17,4.7582519e-17,-0.0023840996,-0.0023840996,-0.00042072347,-0.00042072347,-0.0023840996,-0.0023840996,-0.00042072347,-0.00042072347,-1.0213939e-16,-1.0213939e-16,-2.1800328e-17,-2.1800328e-17,-0.0028048231,-0.0028048231,-1.2188171e-16,-1.2188171e-16,-0.00055811428,-0.00055811428,4.6019223e-16,4.6019223e-16,-7.1969557e-06,-7.1969557e-06,0.00042072347,0.00042072347,-7.1969557e-06,-7.1969557e-06,0.00042072347,0.00042072347,0.00041352651,0.00041352651,1.1907528e-15,1.1907528e-15,-0.0023912966,-0.0023912966,-0.0023912966,-0.0023912966,-0.00042072347,-0.00042072347,-3.6216877e-06,-3.6216877e-06,2.5740767e-17,2.5740767e-17,7.0404111e-08,7.0404111e-08,-3.6920918e-06,-3.6920918e-06,5.4979427e-05,5.4979427e-05,1.2218473e-15,1.2218473e-15,0.15350276,0.15350276,7.6909821e-14,7.6909821e-14,0.13354852,0.13354852,3.8389836e-14,3.8389836e-14,-0.0023912966,-0.0023912966,0.0028048231,0.0028048231,-0.00047825932,-0.00047825932,2.2160189e-16,2.2160189e-16,3.4949977e-14,3.4949977e-14,-3.5033753e-14,-3.5033753e-14,1.7044058e-18,1.7044058e-18,-5.8839348e-18,-5.8839348e-18,-0.0022467088,-0.0022467088,-4.9461713e-17,-4.9461713e-17,1.5361462e-17,1.5361462e-17,7.8125792e-18,7.8125792e-18,3.2911462e-06,3.2911462e-06,4.9982491e-32,4.9982491e-32
-0.002370281,-0.002370281,0.002370281,0.002370281,-5.6465249e-16,-5.6465249e-16,-1.1768725e-15,-1.1768725e-15,0.002370281,0.002370281,-0.0018958505,-0.0018958505,-0.00041702726,-0.00041702726,-0.0018934757,-0.0018934757,-0.00041702726,-0.00041702726,0.00040990074,0.00040990074,1.2038773e-15,1.2038773e-15,2.1131935e-05,2.1131935e-05,2.1131935e-05,2.1131935e-05,4.6652753e-17,4.6652753e-17,-0.0023631545,-0.0023631545,-0.00041702726,-0.00041702726,-0.0023631545,-0.0023631545,-0.00041702726,-0.00041702726,-9.7768448e-17,-9.7768448e-17,-2.2444566e-17,-2.2444566e-17,-0.0027801817,-0.0027801817,-1.1817295e-16,-1.1817295e-16,-0.00064580832,-0.00064580832,4.534283e-16,4.534283e-16,-7.1265159e-06,-7.1265159e-06,0.00041702726,0.00041702726,-7.1265159e-06,-7.1265159e-06,0.00041702726,0.00041702726,0.00040990074,0.00040990074,1.2037755e-15,1.2037755e-15,-0.002370281,-0.002370281,-0.002370281,-0.002370281,-0.00041702726,-0.00041702726,-3.6257697e-06,-3.6257697e-06,2.5241155e-17,2.5241155e-17,7.0439785e-08,7.0439785e-08,-3.6962095e-06,-3.6962095e-06,5.0949536e-05,5.0949536e-05,1.2340685e-15,1.2340685e-15,0.14993974,0.14993974,7.7696981e-14,7.7696981e-14,0.13221695,0.13221695,3.8793263e-14,3.8793263e-14,-0.002370281,-0.002370281,0.0027801817,0.0027801817,-0.00047405619,-0.00047405619,2.2462814e-16,2.2462814e-16,3.5233707e-14,3.5233707e-14,-3.5317419e-14,-3.5317419e-14,1.6931706e-18,1.6931706e-18,-5.6616206e-18,-5.6616206e-18,-0.0021343734,-0.0021343734,-4.7323435e-17,-4.7323435e-17,1.4840841e-17,1.4840841e-17,7.4846796e-18,7.4846796e-18,3.2653929e-06,3.2653929e-06,4.799928e-32,4.799928e-32
-0.0023492547,-0.0023492547,0.0023492547,0.0023492547,-6.0541849e-16,-6.0541849e-16,-1.1888995e-15,-1.1888995e-15,0.0023492547,0.0023492547,-0.0018151927,-0.0018151927,-0.00041332917,-0.00041332917,-0.0018128364,-0.0018128364,-0.00041332917,-0.00041332917,0.00040627309,0.00040627309,1.2166602e-15,1.2166602e-15,2.1130617e-05,2.1130617e-05,2.1130617e-05,2.1130617e-05,4.5750435e-17,4.5750435e-17,-0.0023421986,-0.0023421986,-0.00041332917,-0.00041332917,-0.0023421986,-0.0023421986,-0.00041332917,-0.00041332917,-9.3454028e-17,-9.3454028e-17,-2.3089905e-17,-2.3089905e-17,-0.0027555278,-0.0027555278,-1.1452182e-16,-1.1452182e-16,-0.00072787306,-0.00072787306,4.4690065e-16,4.4690065e-16,-7.0560805e-06,-7.0560805e-06,0.00041332917,0.00041332917,-7.0560805e-06,-7.0560805e-06,0.00041332917,0.00041332917,0.00040627309,0.00040627309,1.2165213e-15,1.2165213e-15,-0.0023492547,-0.0023492547,-0.0023492547,-0.0023492547,-0.00041332917,-0.00041332917,-3.6276541e-06,-3.6276541e-06,2.4755739e-17,2.4755739e-17,7.043539e-08,7.043539e-08,-3.6980895e-06,-3.6980895e-06,4.7135333e-05,4.7135333e-05,1.2460377e-15,1.2460377e-15,0.14651102,0.14651102,7.8467834e-14,7.8467834e-14,0.13089462,0.13089462,3.918828e-14,3.918828e-14,-0.0023492547,-0.0023492547,0.0027555278,0.0027555278,-0.00046985094,-0.00046985094,2.2760221e-16,2.2760221e-16,3.55142e-14,3.55142e-14,-3.5597829e-14,-3.5597829e-14,1.6818299e-18,1.6818299e-18,-5.4493094e-18,-5.4493094e-18,-0.0020276547,-0.0020276547,-4.5258284e-17,-4.5258284e-17,1.4342824e-17,1.4342824e-17,7.1719834e-18,7.1719834e-18,3.2399045e-06,3.2399045e-06,4.6111429e-32,4.6111429e-32
-0.0023282297,-0.0023282297,0.0023282297,0.0023282297,-6.4661818e-16,-6.4661818e-16,-1.2006533e-15,-1.2006533e-15,0.0023282297,0.0023282297,-0.0017384159,-0.0017384159,-0.0004096313,-0.0004096313,-0.001736078,-0.001736078,-0.0004096313,-0.0004096313,0.00040264561,0.00040264561,1.2291715e-15,1.2291715e-15,2.1118003e-05,2.1118003e-05,2.1118003e-05,2.1118003e-05,4.4874594e-17,4.4874594e-17,-0.002321244,-0.002321244,-0.0004096313,-0.0004096313,-0.002321244,-0.002321244,-0.0004096313,-0.0004096313,-8.9195214e-17,-8.9195214e-17,-2.3736724e-17,-2.3736724e-17,-0.0027308753,-0.0027308753,-1.1092779e-16,-1.1092779e-16,-0.00080460336,-0.00080460336,4.405991e-16,4.405991e-16,-6.9856872e-06,-6.9856872e-06,0.0004096313,0.0004096313,-6.9856872e-06,-6.9856872e-06,0.0004096313,0.0004096313,0.00040264561,0.00040264561,1.2289979e-15,1.2289979e-15,-0.0023282297,-0.0023282297,-0.0023282297,-0.0023282297,-0.0004096313,-0.0004096313,-3.6274721e-06,-3.6274721e-06,2.4284057e-17,2.4284057e-17,7.0393344e-08,7.0393344e-08,-3.6978654e-06,-3.6978654e-06,4.3525879e-05,4.3525879e-05,1.257762e-15,1.257762e-15,0.14321037,0.14321037,7.9222829e-14,7.9222829e-14,0.12958168,0.12958168,3.9575121e-14,3.9575121e-14,-0.0023282297,-0.0023282297,0.0027308753,0.0027308753,-0.00046564595,-0.00046564595,2.3052505e-16,2.3052505e-16,3.5791503e-14,3.5791503e-14,-3.5875029e-14,-3.5875029e-14,1.6703934e-18,1.6703934e-18,-5.2465483e-18,-5.2465483e-18,-0.001926272,-0.001926272,-4.326448e-17,-4.326448e-17,1.3866397e-17,1.3866397e-17,6.8737968e-18,6.8737968e-18,3.2146703e-06,3.2146703e-06,4.4313876e-32,4.4313876e-32
-0.0023072173,-0.0023072173,0.0023072173,0.0023072173,-6.869505e-16,-6.869505e-16,-1.2121411e-15,-1.2121411e-15,0.0023072173,0.0023072173,-0.0016653277,-0.0016653277,-0.00040593564,-0.00040593564,-0.001663008,-0.001663008,-0.00040593564,-0.00040593564,0.00039902027,0.00039902027,1.2414187e-15,1.2414187e-15,2.1094781e-05,2.1094781e-05,2.1094781e-05,2.1094781e-05,4.4024289e-17,4.4024289e-17,-0.0023003019,-0.0023003019,-0.00040593564,-0.00040593564,-0.0023003019,-0.0023003019,-0.00040593564,-0.00040593564,-8.4991106e-17,-8.4991106e-17,-2.4385346e-17,-2.4385346e-17,-0.0027062376,-0.0027062376,-1.0739026e-16,-1.0739026e-16,-0.0008762792,-0.0008762792,4.3451396e-16,4.3451396e-16,-6.9153712e-06,-6.9153712e-06,0.00040593564,0.00040593564,-6.9153712e-06,-6.9153712e-06,0.00040593564,0.00040593564,0.00039902027,0.00039902027,1.2412126e-15,1.2412126e-15,-0.0023072173,-0.0023072173,-0.0023072173,-0.0023072173,-0.00040593564,-0.00040593564,-3.6253483e-06,-3.6253483e-06,2.3825657e-17,2.3825657e-17,7.0315935e-08,7.0315935e-08,-3.6956642e-06,-3.6956642e-06,4.0110787e-05,4.0110787e-05,1.269248e-15,1.269248e-15,0.14003185,0.14003185,7.9962405e-14,7.9962405e-14,0.12827828,0.12827828,3.9954013e-14,3.9954013e-14,-0.0023072173,-0.0023072173,0.0027062376,0.0027062376,-0.00046144346,-0.00046144346,2.3339763e-16,2.3339763e-16,3.606566e-14,3.606566e-14,-3.6149064e-14,-3.6149064e-14,1.65887e-18,1.65887e-18,-5.052903e-18,-5.052903e-18,-0.0018299584,-0.0018299584,-4.1340237e-17,-4.1340237e-17,1.3410588e-17,1.3410588e-17,6.5894547e-18,6.5894547e-18,3.18968e-06,3.18968e-06,4.2601829e-32,4.2601829e-32
-0.002286228,-0.002286228,0.002286228,0.002286228,-7.2641546e-16,-7.2641546e-16,-1.2233698e-15,-1.2233698e-15,0.002286228,0.002286228,-0.0015957454,-0.0015957454,-0.00040224403,-0.00040224403,-0.0015934436,-0.0015934436,-0.00040224403,-0.00040224403,0.00039539887,0.00039539887,1.2534093e-15,1.2534093e-15,2.1061601e-05,2.1061601e-05,2.1061601e-05,2.1061601e-05,4.3198614e-17,4.3198614e-17,-0.0022793828,-0.0022793828,-0.00040224403,-0.00040224403,-0.0022793828,-0.0022793828,-0.00040224403,-0.00040224403,-8.0840819e-17,-8.0840819e-17,-2.5036044e-17,-2.5036044e-17,-0.0026816269,-0.0026816269,-1.0390862e-16,-1.0390862e-16,-0.00094316641,-0.00094316641,4.2863594e-16,4.2863594e-16,-6.8451659e-06,-6.8451659e-06,0.00040224403,0.00040224403,-6.8451659e-06,-6.8451659e-06,0.00040224403,0.00040224403,0.00039539887,0.00039539887,1.2531726e-15,1.2531726e-15,-0.002286228,-0.002286228,-0.002286228,-0.002286228,-0.00040224403,-0.00040224403,-3.6214008e-06,-3.6214008e-06,2.3380101e-17,2.3380101e-17,7.0205336e-08,7.0205336e-08,-3.6916061e-06,-3.6916061e-06,3.6880188e-05,3.6880188e-05,1.2805022e-15,1.2805022e-15,0.13696981,0.13696981,8.0686986e-14,8.0686986e-14,0.12698453,0.12698453,4.0325177e-14,4.0325177e-14,-0.002286228,-0.002286228,0.0026816269,0.0026816269,-0.0004572456,-0.0004572456,2.3622091e-16,2.3622091e-16,3.6336715e-14,3.6336715e-14,-3.6419979e-14,-3.6419979e-14,1.6472685e-18,1.6472685e-18,-4.8679574e-18,-4.8679574e-18,-0.0017384605,-0.0017384605,-3.9483765e-17,-3.9483765e-17,1.2974465e-17,1.2974465e-17,6.3183198e-18,6.3183198e-18,3.1649241e-06,3.1649241e-06,4.0970752e-32,4.0970752e-32
-0.0022652717,-0.0022652717,0.0022652717,0.0022652717,-7.6544673e-16,-7.6544673e-16,-1.2343463e-15,-1.2343463e-15,0.0022652717,0.0022652717,-0.0015294952,-0.0015294952,-0.00039855823,-0.00039855823,-0.0015272112,-0.0015272112,-0.00039855823,-0.00039855823,0.00039178312,0.00039178312,1.2651503e-15,1.2651503e-15,2.1019081e-05,2.1019081e-05,2.1019081e-05,2.1019081e-05,4.2396691e-17,4.2396691e-17,-0.0022584966,-0.0022584966,-0.00039855823,-0.00039855823,-0.0022584966,-0.0022584966,-0.00039855823,-0.00039855823,-7.6743482e-17,-7.6743482e-17,-2.5689046e-17,-2.5689046e-17,-0.0026570548,-0.0026570548,-1.0048221e-16,-1.0048221e-16,-0.0010055174,-0.0010055174,4.2295621e-16,4.2295621e-16,-6.7751023e-06,-6.7751023e-06,0.00039855823,0.00039855823,-6.7751023e-06,-6.7751023e-06,0.00039855823,0.00039855823,0.00039178312,0.00039178312,1.2648851e-15,1.2648851e-15,-0.0022652717,-0.0022652717,-0.0022652717,-0.0022652717,-0.00039855823,-0.00039855823,-3.6157415e-06,-3.6157415e-06,2.2946964e-17,2.2946964e-17,7.0063605e-08,7.0063605e-08,-3.6858051e-06,-3.6858051e-06,3.3824711e-05,3.3824711e-05,1.2915311e-15,1.2915311e-15,0.13401889,0.13401889,8.1396988e-14,8.1396988e-14,0.12570056,0.12570056,4.0688828e-14,4.0688828e-14,-0.0022652717,-0.0022652717,0.0026570548,0.0026570548,-0.00045305434,-0.00045305434,2.3899582e-16,2.3899582e-16,3.660471e-14,3.660471e-14,-3.6687818e-14,-3.6687818e-14,1.635597e-18,1.635597e-18,-4.6913127e-18,-4.6913127e-18,-0.0016515374,-0.0016515374,-3.769328e-17,-3.769328e-17,1.2557136e-17,1.2557136e-17,6.0597816e-18,6.0597816e-18,3.1403934e-06,3.1403934e-06,3.9416356e-32,3.9416356e-32
-0.0022443577,-0.0022443577,0.0022443577,0.0022443577,-8.0447801e-16,-8.0447801e-16,-1.2450775e-15,-1.2450775e-15,0.0022443577,0.0022443577,-0.001466412,-0.001466412,-0.00039487986,-0.00039487986,-0.0014641457,-0.0014641457,-0.00039487986,-0.00039487986,0.00038817465,0.00038817465,1.2766487e-15,1.2766487e-15,2.0967808e-05,2.0967808e-05,2.0967808e-05,2.0967808e-05,4.1617674e-17,4.1617674e-17,-0.0022376525,-0.0022376525,-0.00039487986,-0.00039487986,-0.0022376525,-0.0022376525,-0.00039487986,-0.00039487986,-7.2698242e-17,-7.2698242e-17,-2.6344534e-17,-2.6344534e-17,-0.0026325324,-0.0026325324,-9.7110355e-17,-9.7110355e-17,-0.0010635718,-0.0010635718,4.174663e-16,4.174663e-16,-6.7052096e-06,-6.7052096e-06,0.00039487986,0.00039487986,-6.7052096e-06,-6.7052096e-06,0.00039487986,0.00039487986,0.00038817465,0.00038817465,1.2763569e-15,1.2763569e-15,-0.0022443577,-0.0022443577,-0.0022443577,-0.0022443577,-0.00039487986,-0.00039487986,-3.6084767e-06,-3.6084767e-06,2.2525832e-17,2.2525832e-17,6.9892693e-08,6.9892693e-08,-3.6783694e-06,-3.6783694e-06,3.0935452e-05,3.0935452e-05,1.3023408e-15,1.3023408e-15,0.13117398,0.13117398,8.2092813e-14,8.2092813e-14,0.12442648,0.12442648,4.1045175e-14,4.1045175e-14,-0.0022443577,-0.0022443577,0.0026325324,0.0026325324,-0.00044887155,-0.00044887155,2.4172331e-16,2.4172331e-16,3.6869688e-14,3.6869688e-14,-3.6952622e-14,-3.6952622e-14,1.6238634e-18,1.6238634e-18,-4.5225874e-18,-4.5225874e-18,-0.0015689606,-0.0015689606,-3.5967002e-17,-3.5967002e-17,1.2157746e-17,1.2157746e-17,5.8132559e-18,5.8132559e-18,3.1160795e-06,3.1160795e-06,3.7934583e-32,3.7934583e-32
-0.0022234948,-0.0022234948,0.0022234948,0.0022234948,-8.4177457e-16,-8.4177457e-16,-1.2555697e-15,-1.2555697e-15,0.0022234948,0.0022234948,-0.0014063391,-0.0014063391,-0.00039121046,-0.00039121046,-0.0014040904,-0.0014040904,-0.00039121046,-0.00039121046,0.00038457494,0.00038457494,1.2879112e-15,1.2879112e-15,2.0908335e-05,2.0908335e-05,2.0908335e-05,2.0908335e-05,4.0860746e-17,4.0860746e-17,-0.0022168592,-0.0022168592,-0.00039121046,-0.00039121046,-0.0022168592,-0.0022168592,-0.00039121046,-0.00039121046,-6.8704258e-17,-6.8704258e-17,-2.700265e-17,-2.700265e-17,-0.0026080697,-0.0026080697,-9.3792343e-17,-9.3792343e-17,-0.0011175572,-0.0011175572,4.1215815e-16,4.1215815e-16,-6.6355152e-06,-6.6355152e-06,0.00039121046,0.00039121046,-6.6355152e-06,-6.6355152e-06,0.00039121046,0.00039121046,0.00038457494,0.00038457494,1.2875946e-15,1.2875946e-15,-0.0022234948,-0.0022234948,-0.0022234948,-0.0022234948,-0.00039121046,-0.00039121046,-3.5997069e-06,-3.5997069e-06,2.2116306e-17,2.2116306e-17,6.9694449e-08,6.9694449e-08,-3.6694014e-06,-3.6694014e-06,2.8203957e-05,2.8203957e-05,1.3129373e-15,1.3129373e-15,0.12843023,0.12843023,8.2774851e-14,8.2774851e-14,0.12316236,0.12316236,4.139442e-14,4.139442e-14,-0.0022234948,-0.0022234948,0.0026080697,0.0026080697,-0.00044469895,-0.00044469895,2.4440433e-16,2.4440433e-16,3.7131688e-14,3.7131688e-14,-3.7214434e-14,-3.7214434e-14,1.6120751e-18,1.6120751e-18,-4.361416e-18,-4.361416e-18,-0.0014905125,-0.0014905125,-3.4303166e-17,-3.4303166e-17,1.1775477e-17,1.1775477e-17,5.5781835e-18,5.5781835e-18,3.0919743e-06,3.0919743e-06,3.6521599e-32,3.6521599e-32
-0.002202691,-0.002202691,0.002202691,0.002202691,-8.7907112e-16,-8.7907112e-16,-1.2658296e-15,-1.2658296e-15,0.002202691,0.002202691,-0.0013491275,-0.0013491275,-0.00038755146,-0.00038755146,-0.0013468962,-0.0013468962,-0.00038755146,-0.00038755146,0.00038098541,0.00038098541,1.2989445e-15,1.2989445e-15,2.0841188e-05,2.0841188e-05,2.0841188e-05,2.0841188e-05,4.0125121e-17,4.0125121e-17,-0.0021961249,-0.0021961249,-0.00038755146,-0.00038755146,-0.0021961249,-0.0021961249,-0.00038755146,-0.00038755146,-6.4760707e-17,-6.4760707e-17,-2.76635e-17,-2.76635e-17,-0.0025836764,-0.0025836764,-9.0527453e-17,-9.0527453e-17,-0.0011676895,-0.0011676895,4.0702404e-16,4.0702404e-16,-6.5660445e-06,-6.5660445e-06,0.00038755146,0.00038755146,-6.5660445e-06,-6.5660445e-06,0.00038755146,0.00038755146,0.00038098541,0.00038098541,1.2986046e-15,1.2986046e-15,-0.002202691,-0.002202691,-0.002202691,-0.002202691,-0.00038755146,-0.00038755146,-3.5895275e-06,-3.5895275e-06,2.1717996e-17,2.1717996e-17,6.9470628e-08,6.9470628e-08,-3.6589981e-06,-3.6589981e-06,2.5622193e-05,2.5622193e-05,1.3233265e-15,1.3233265e-15,0.12578303,0.12578303,8.3443481e-14,8.3443481e-14,0.12190828,0.12190828,4.1736761e-14,4.1736761e-14,-0.002202691,-0.002202691,0.0025836764,0.0025836764,-0.00044053819,-0.00044053819,2.4703978e-16,2.4703978e-16,3.7390752e-14,3.7390752e-14,-3.7473294e-14,-3.7473294e-14,1.6002393e-18,1.6002393e-18,-4.2074492e-18,-4.2074492e-18,-0.0014159869,-0.0014159869,-3.2700016e-17,-3.2700016e-17,1.1409545e-17,1.1409545e-17,5.3540297e-18,5.3540297e-18,3.0680702e-06,3.0680702e-06,3.5173776e-32,3.5173776e-32
-0.002181954,-0.002181954,0.002181954,0.002181954,-9.15934e-16,-9.15934e-16,-1.2758633e-15,-1.2758633e-15,0.002181954,0.002181954,-0.0012946358,-0.0012946358,-0.00038390421,-0.00038390421,-0.0012924217,-0.0012924217,-0.00038390421,-0.00038390421,0.00037740738,0.00037740738,1.3097549e-15,1.3097549e-15,2.0766867e-05,2.0766867e-05,2.0766867e-05,2.0766867e-05,3.9410038e-17,3.9410038e-17,-0.0021754572,-0.0021754572,-0.00038390421,-0.00038390421,-0.0021754572,-0.0021754572,-0.00038390421,-0.00038390421,-6.0866781e-17,-6.0866781e-17,-2.8327154e-17,-2.8327154e-17,-0.0025593614,-0.0025593614,-8.7314939e-17,-8.7314939e-17,-0.0012141738,-0.0012141738,4.0205661e-16,4.0205661e-16,-6.4968216e-06,-6.4968216e-06,0.00038390421,0.00038390421,-6.4968216e-06,-6.4968216e-06,0.00038390421,0.00038390421,0.00037740738,0.00037740738,1.3093934e-15,1.3093934e-15,-0.002181954,-0.002181954,-0.002181954,-0.002181954,-0.00038390421,-0.00038390421,-3.5780288e-06,-3.5780288e-06,2.1330527e-17,2.1330527e-17,6.9222889e-08,6.9222889e-08,-3.6472517e-06,-3.6472517e-06,2.3182533e-05,2.3182533e-05,1.333514e-15,1.333514e-15,0.12322798,0.12322798,8.4099072e-14,8.4099072e-14,0.12066433,0.12066433,4.2072387e-14,4.2072387e-14,-0.002181954,-0.002181954,0.0025593614,0.0025593614,-0.0004363908,-0.0004363908,2.4963059e-16,2.4963059e-16,3.7646918e-14,3.7646918e-14,-3.7729241e-14,-3.7729241e-14,1.5883626e-18,1.5883626e-18,-4.0603529e-18,-4.0603529e-18,-0.0013451876,-0.0013451876,-3.1155819e-17,-3.1155819e-17,1.1059201e-17,1.1059201e-17,5.1402832e-18,5.1402832e-18,3.0443604e-06,3.0443604e-06,3.3887689e-32,3.3887689e-32
-0.002161291,-0.002161291,0.002161291,0.002161291,-9.5192951e-16,-9.5192951e-16,-1.2856771e-15,-1.2856771e-15,0.002161291,0.002161291,-0.0012427293,-0.0012427293,-0.00038026996,-0.00038026996,-0.0012405323,-0.0012405323,-0.00038026996,-0.00038026996,0.00037384209,0.00037384209,1.3203487e-15,1.3203487e-15,2.0685842e-05,2.0685842e-05,2.0685842e-05,2.0685842e-05,3.8714765e-17,3.8714765e-17,-0.0021548631,-0.0021548631,-0.00038026996,-0.00038026996,-0.0021548631,-0.0021548631,-0.00038026996,-0.00038026996,-5.7021686e-17,-5.7021686e-17,-2.8993654e-17,-2.8993654e-17,-0.002535133,-0.002535133,-8.4154044e-17,-8.4154044e-17,-0.0012572049,-0.0012572049,3.9724884e-16,3.9724884e-16,-6.4278688e-06,-6.4278688e-06,0.00038026996,0.00038026996,-6.4278688e-06,-6.4278688e-06,0.00038026996,0.00038026996,0.00037384209,0.00037384209,1.3199671e-15,1.3199671e-15,-0.002161291,-0.002161291,-0.002161291,-0.002161291,-0.00038026996,-0.00038026996,-3.5652965e-06,-3.5652965e-06,2.0953534e-17,2.0953534e-17,6.8952807e-08,6.8952807e-08,-3.6342493e-06,-3.6342493e-06,2.0877731e-05,2.0877731e-05,1.3435053e-15,1.3435053e-15,0.12076091,0.12076091,8.4741982e-14,8.4741982e-14,0.11943056,0.11943056,4.2401484e-14,4.2401484e-14,-0.002161291,-0.002161291,0.002535133,0.002535133,-0.00043225819,-0.00043225819,2.5217766e-16,2.5217766e-16,3.7900225e-14,3.7900225e-14,-3.7982316e-14,-3.7982316e-14,1.5764516e-18,1.5764516e-18,-3.9198075e-18,-3.9198075e-18,-0.0012779282,-0.0012779282,-2.9668857e-17,-2.9668857e-17,1.0723731e-17,1.0723731e-17,4.9364553e-18,4.9364553e-18,3.0208381e-06,3.0208381e-06,3.2660102e-32,3.2660102e-32
-0.0021407085,-0.0021407085,0.0021407085,0.0021407085,-9.861903e-16,-9.861903e-16,-1.2952768e-15,-1.2952768e-15,0.0021407085,0.0021407085,-0.0011932803,-0.0011932803,-0.00037664988,-0.00037664988,-0.0011911003,-0.0011911003,-0.00037664988,-0.00037664988,0.00037029068,0.00037029068,1.3307317e-15,1.3307317e-15,2.0598562e-05,2.0598562e-05,2.0598562e-05,2.0598562e-05,3.8038597e-17,3.8038597e-17,-0.0021343493,-0.0021343493,-0.00037664988,-0.00037664988,-0.0021343493,-0.0021343493,-0.00037664988,-0.00037664988,-5.3224644e-17,-5.3224644e-17,-2.9663012e-17,-2.9663012e-17,-0.0025109992,-0.0025109992,-8.1043995e-17,-8.1043995e-17,-0.0012969674,-0.0012969674,3.9259402e-16,3.9259402e-16,-6.359207e-06,-6.359207e-06,0.00037664988,0.00037664988,-6.359207e-06,-6.359207e-06,0.00037664988,0.00037664988,0.00037029068,0.00037029068,1.3303314e-15,1.3303314e-15,-0.0021407085,-0.0021407085,-0.0021407085,-0.0021407085,-0.00037664988,-0.00037664988,-3.5514118e-06,-3.5514118e-06,2.0586665e-17,2.0586665e-17,6.8661872e-08,6.8661872e-08,-3.6200737e-06,-3.6200737e-06,1.8700906e-05,1.8700906e-05,1.3533057e-15,1.3533057e-15,0.11837784,0.11837784,8.5372556e-14,8.5372556e-14,0.11820702,0.11820702,4.2724232e-14,4.2724232e-14,-0.0021407085,-0.0021407085,0.0025109992,0.0025109992,-0.00042814171,-0.00042814171,2.5468188e-16,2.5468188e-16,3.8150711e-14,3.8150711e-14,-3.8232555e-14,-3.8232555e-14,1.5645123e-18,1.5645123e-18,-3.7855079e-18,-3.7855079e-18,-0.0012140318,-0.0012140318,-2.8237437e-17,-2.8237437e-17,1.0402449e-17,1.0402449e-17,4.7420791e-18,4.7420791e-18,2.9974972e-06,2.9974972e-06,3.1487954e-32,3.1487954e-32
-0.002120213,-0.002120213,0.002120213,0.002120213,-1.0217521e-15,-1.0217521e-15,-1.3046685e-15,-1.3046685e-15,0.002120213,0.002120213,-0.0011461674,-0.0011461674,-0.00037304508,-0.00037304508,-0.0011440043,-0.0011440043,-0.00037304508,-0.00037304508,0.00036675422,0.00036675422,1.34091e-15,1.34091e-15,2.0505449e-05,2.0505449e-05,2.0505449e-05,2.0505449e-05,3.7380854e-17,3.7380854e-17,-0.0021139221,-0.0021139221,-0.00037304508,-0.00037304508,-0.0021139221,-0.0021139221,-0.00037304508,-0.00037304508,-4.9474893e-17,-4.9474893e-17,-3.0335212e-17,-3.0335212e-17,-0.0024869672,-0.0024869672,-7.7984009e-17,-7.7984009e-17,-0.001333637,-0.001333637,3.8808574e-16,3.8808574e-16,-6.2908555e-06,-6.2908555e-06,0.00037304508,0.00037304508,-6.2908555e-06,-6.2908555e-06,0.00037304508,0.00037304508,0.00036675422,0.00036675422,1.3404923e-15,1.3404923e-15,-0.002120213,-0.002120213,-0.002120213,-0.002120213,-0.00037304508,-0.00037304508,-3.5364515e-06,-3.5364515e-06,2.0229579e-17,2.0229579e-17,6.8351497e-08,6.8351497e-08,-3.604803e-06,-3.604803e-06,1.6645522e-05,1.6645522e-05,1.3629205e-15,1.3629205e-15,0.11607501,0.11607501,8.5991131e-14,8.5991131e-14,0.11699375,0.11699375,4.3040805e-14,4.3040805e-14,-0.002120213,-0.002120213,0.0024869672,0.0024869672,-0.00042404259,-0.00042404259,2.5714413e-16,2.5714413e-16,3.8398412e-14,3.8398412e-14,-3.8479998e-14,-3.8479998e-14,1.5525505e-18,1.5525505e-18,-3.6571626e-18,-3.6571626e-18,-0.0011533302,-0.0011533302,-2.6859891e-17,-2.6859891e-17,1.0094703e-17,1.0094703e-17,4.5567088e-18,4.5567088e-18,2.9743321e-06,2.9743321e-06,3.0368357e-32,3.0368357e-32
-0.0020998101,-0.0020998101,0.0020998101,0.0020998101,-1.0560129e-15,-1.0560129e-15,-1.3138577e-15,-1.3138577e-15,0.0020998101,0.0020998101,-0.0011012754,-0.0011012754,-0.00036945657,-0.00036945657,-0.001099129,-0.001099129,-0.00036945657,-0.00036945657,0.00036323374,0.00036323374,1.350889e-15,1.350889e-15,2.0406906e-05,2.0406906e-05,2.0406906e-05,2.0406906e-05,3.6740882e-17,3.6740882e-17,-0.0020935872,-0.0020935872,-0.00036945657,-0.00036945657,-0.0020935872,-0.0020935872,-0.00036945657,-0.00036945657,-4.5771684e-17,-4.5771684e-17,-3.1010219e-17,-3.1010219e-17,-0.0024630438,-0.0024630438,-7.4973296e-17,-7.4973296e-17,-0.0013673801,-0.0013673801,3.8371788e-16,3.8371788e-16,-6.2228324e-06,-6.2228324e-06,0.00036945657,0.00036945657,-6.2228324e-06,-6.2228324e-06,0.00036945657,0.00036945657,0.00036323374,0.00036323374,1.3504553e-15,1.3504553e-15,-0.0020998101,-0.0020998101,-0.0020998101,-0.0020998101,-0.00036945657,-0.00036945657,-3.5204885e-06,-3.5204885e-06,1.9881946e-17,1.9881946e-17,6.802302e-08,6.802302e-08,-3.5885116e-06,-3.5885116e-06,1.470537e-05,1.470537e-05,1.3723547e-15,1.3723547e-15,0.11384882,0.11384882,8.6598034e-14,8.6598034e-14,0.11579079,0.11579079,4.3351372e-14,4.3351372e-14,-0.0020998101,-0.0020998101,0.0024630438,0.0024630438,-0.00041996201,-0.00041996201,2.5956527e-16,2.5956527e-16,3.8643365e-14,3.8643365e-14,-3.872468e-14,-3.872468e-14,1.5405718e-18,1.5405718e-18,-3.5344931e-18,-3.5344931e-18,-0.0010956637,-0.0010956637,-2.5534576e-17,-2.5534576e-17,9.7998662e-18,9.7998662e-18,4.3799184e-18,4.3799184e-18,2.9513372e-06,2.9513372e-06,2.9298582e-32,2.9298582e-32
-0.0020795052,-0.0020795052,0.0020795052,0.0020795052,-1.0902737e-15,-1.0902737e-15,-1.3228501e-15,-1.3228501e-15,0.0020795052,0.0020795052,-0.0010584945,-0.0010584945,-0.0003658853,-0.0003658853,-0.0010563647,-0.0010563647,-0.0003658853,-0.0003658853,0.00035973014,0.00035973014,1.3606745e-15,1.3606745e-15,2.0303313e-05,2.0303313e-05,2.0303313e-05,2.0303313e-05,3.6118048e-17,3.6118048e-17,-0.00207335,-0.00207335,-0.0003658853,-0.0003658853,-0.00207335,-0.00207335,-0.0003658853,-0.0003658853,-4.2114285e-17,-4.2114285e-17,-3.1687972e-17,-3.1687972e-17,-0.0024392353,-0.0024392353,-7.201106e-17,-7.201106e-17,-0.0013983548,-0.0013983548,3.7948461e-16,3.7948461e-16,-6.1551547e-06,-6.1551547e-06,0.0003658853,0.0003658853,-6.1551547e-06,-6.1551547e-06,0.0003658853,0.0003658853,0.00035973014,0.00035973014,1.3602258e-15,1.3602258e-15,-0.0020795052,-0.0020795052,-0.0020795052,-0.0020795052,-0.0003658853,-0.0003658853,-3.5035918e-06,-3.5035918e-06,1.9543447e-17,1.9543447e-17,6.7677709e-08,6.7677709e-08,-3.5712695e-06,-3.5712695e-06,1.2874556e-05,1.2874556e-05,1.381613e-15,1.381613e-15,0.11169585,0.11169585,8.719358e-14,8.719358e-14,0.11459816,0.11459816,4.3656097e-14,4.3656097e-14,-0.0020795052,-0.0020795052,0.0024392353,0.0024392353,-0.00041590104,-0.00041590104,2.6194615e-16,2.6194615e-16,3.8885606e-14,3.8885606e-14,-3.8966637e-14,-3.8966637e-14,1.5285814e-18,1.5285814e-18,-3.4172335e-18,-3.4172335e-18,-0.0010408805,-0.0010408805,-2.4259877e-17,-2.4259877e-17,9.517344e-18,9.517344e-18,4.2113017e-18,4.2113017e-18,2.9285076e-06,2.9285076e-06,2.8276051e-32,2.8276051e-32
-0.0020593034,-0.0020593034,0.0020593034,0.0020593034,-1.1241008e-15,-1.1241008e-15,-1.331651e-15,-1.331651e-15,0.0020593034,0.0020593034,-0.0010177207,-0.0010177207,-0.00036233215,-0.00036233215,-0.0010156074,-0.0010156074,-0.00036233215,-0.00036233215,0.00035624432,0.00035624432,1.3702715e-15,1.3702715e-15,2.0195029e-05,2.0195029e-05,2.0195029e-05,2.0195029e-05,3.5511748e-17,3.5511748e-17,-0.0020532155,-0.0020532155,-0.00036233215,-0.00036233215,-0.0020532155,-0.0020532155,-0.00036233215,-0.00036233215,-3.8501978e-17,-3.8501978e-17,-3.2368396e-17,-3.2368396e-17,-0.0024155477,-0.0024155477,-6.90965e-17,-6.90965e-17,-0.0014267112,-0.0014267112,3.7538035e-16,3.7538035e-16,-6.087838e-06,-6.087838e-06,0.00036233215,0.00036233215,-6.087838e-06,-6.087838e-06,0.00036233215,0.00036233215,0.00035624432,0.00035624432,1.3698092e-15,1.3698092e-15,-0.0020593034,-0.0020593034,-0.0020593034,-0.0020593034,-0.00036233215,-0.00036233215,-3.4858266e-06,-3.4858266e-06,1.9213775e-17,1.9213775e-17,6.7316762e-08,6.7316762e-08,-3.5531434e-06,-3.5531434e-06,1.1147479e-05,1.1147479e-05,1.3907003e-15,1.3907003e-15,0.10961285,0.10961285,8.7778075e-14,8.7778075e-14,0.11341589,0.11341589,4.3955137e-14,4.3955137e-14,-0.0020593034,-0.0020593034,0.0024155477,0.0024155477,-0.00041186068,-0.00041186068,2.6428762e-16,2.6428762e-16,3.9125168e-14,3.9125168e-14,-3.9205905e-14,-3.9205905e-14,1.5165844e-18,1.5165844e-18,-3.3051301e-18,-3.3051301e-18,-0.00098883647,-0.00098883647,-2.3034207e-17,-2.3034207e-17,9.2465667e-18,9.2465667e-18,4.0504706e-18,4.0504706e-18,2.9058388e-06,2.9058388e-06,2.7298329e-32,2.7298329e-32
-0.0020392093,-0.0020392093,0.0020392093,0.0020392093,-1.1574942e-15,-1.1574942e-15,-1.3402658e-15,-1.3402658e-15,0.0020392093,0.0020392093,-0.00097885504,-0.00097885504,-0.00035879796,-0.00035879796,-0.00097675807,-0.00097675807,-0.00035879796,-0.00035879796,0.00035277706,0.00035277706,1.3796854e-15,1.3796854e-15,2.0082395e-05,2.0082395e-05,2.0082395e-05,2.0082395e-05,3.4921395e-17,3.4921395e-17,-0.0020331884,-0.0020331884,-0.00035879796,-0.00035879796,-0.0020331884,-0.0020331884,-0.00035879796,-0.00035879796,-3.4934058e-17,-3.4934058e-17,-3.3051395e-17,-3.3051395e-17,-0.0023919864,-0.0023919864,-6.6228814e-17,-6.6228814e-17,-0.0014525917,-0.0014525917,3.7139978e-16,3.7139978e-16,-6.0208967e-06,-6.0208967e-06,0.00035879796,0.00035879796,-6.0208967e-06,-6.0208967e-06,0.00035879796,0.00035879796,0.00035277706,0.00035277706,1.3792104e-15,1.3792104e-15,-0.0020392093,-0.0020392093,-0.0020392093,-0.0020392093,-0.00035879796,-0.00035879796,-3.467255e-06,-3.467255e-06,1.8892631e-17,1.8892631e-17,6.6941316e-08,6.6941316e-08,-3.5341963e-06,-3.5341963e-06,9.5188216e-06,9.5188216e-06,1.399621e-15,1.399621e-15,0.10759673,0.10759673,8.8351816e-14,8.8351816e-14,0.11224398,0.11224398,4.4248648e-14,4.4248648e-14,-0.0020392093,-0.0020392093,0.0023919864,0.0023919864,-0.00040784187,-0.00040784187,2.665905e-16,2.665905e-16,3.9362087e-14,3.9362087e-14,-3.9442519e-14,-3.9442519e-14,1.5045854e-18,1.5045854e-18,-3.1979408e-18,-3.1979408e-18,-0.00093939465,-0.00093939465,-2.1856011e-17,-2.1856011e-17,8.9869908e-18,8.9869908e-18,3.8970551e-18,3.8970551e-18,2.8833263e-06,2.8833263e-06,2.6363116e-32,2.6363116e-32
-0.0020192273,-0.0020192273,0.0020192273,0.0020192273,-1.1900203e-15,-1.1900203e-15,-1.3486995e-15,-1.3486995e-15,0.0020192273,0.0020192273,-0.00094180348,-0.00094180348,-0.00035528347,-0.00035528347,-0.00093972278,-0.00093972278,-0.00035528347,-0.00035528347,0.00034932913,0.00034932913,1.3889211e-15,1.3889211e-15,1.9965734e-05,1.9965734e-05,1.9965734e-05,1.9965734e-05,3.4346428e-17,3.4346428e-17,-0.002013273,-0.002013273,-0.00035528347,-0.00035528347,-0.002013273,-0.002013273,-0.00035528347,-0.00035528347,-3.1409836e-17,-3.1409836e-17,-3.3736859e-17,-3.3736859e-17,-0.0023685565,-0.0023685565,-6.3407198e-17,-6.3407198e-17,-0.0014761316,-0.0014761316,3.6753781e-16,3.6753781e-16,-5.9543442e-06,-5.9543442e-06,0.00035528347,0.00035528347,-5.9543442e-06,-5.9543442e-06,0.00035528347,0.00035528347,0.00034932913,0.00034932913,1.3884345e-15,1.3884345e-15,-0.0020192273,-0.0020192273,-0.0020192273,-0.0020192273,-0.00035528347,-0.00035528347,-3.4479353e-06,-3.4479353e-06,1.8579729e-17,1.8579729e-17,6.6552447e-08,6.6552447e-08,-3.5144877e-06,-3.5144877e-06,7.9835328e-06,7.9835328e-06,1.4083797e-15,1.4083797e-15,0.10564454,0.10564454,8.891509e-14,8.891509e-14,0.11108245,0.11108245,4.4536777e-14,4.4536777e-14,-0.0020192273,-0.0020192273,0.0023685565,0.0023685565,-0.00040384547,-0.00040384547,2.6885559e-16,2.6885559e-16,3.9596396e-14,3.9596396e-14,-3.9676512e-14,-3.9676512e-14,1.492589e-18,1.492589e-18,-3.0954346e-18,-3.0954346e-18,-0.00089242492,-0.00089242492,-2.0723766e-17,-2.0723766e-17,8.7380981e-18,8.7380981e-18,3.7507023e-18,3.7507023e-18,2.8609662e-06,2.8609662e-06,2.5468242e-32,2.5468242e-32
-0.0019993614,-0.0019993614,0.0019993614,0.0019993614,-1.2212453e-15,-1.2212453e-15,-1.3569571e-15,-1.3569571e-15,0.0019993614,0.0019993614,-0.00090647672,-0.00090647672,-0.0003517894,-0.0003517894,-0.00090441217,-0.00090441217,-0.0003517894,-0.0003517894,0.0003459012,0.0003459012,1.3979836e-15,1.3979836e-15,1.9845352e-05,1.9845352e-05,1.9845352e-05,1.9845352e-05,3.3786304e-17,3.3786304e-17,-0.0019934732,-0.0019934732,-0.0003517894,-0.0003517894,-0.0019934732,-0.0019934732,-0.0003517894,-0.0003517894,-2.7928635e-17,-2.7928635e-17,-3.4424667e-17,-3.4424667e-17,-0.0023452626,-0.0023452626,-6.063085e-17,-6.063085e-17,-0.001497459,-0.001497459,3.637896e-16,3.637896e-16,-5.888193e-06,-5.888193e-06,0.0003517894,0.0003517894,-5.888193e-06,-5.888193e-06,0.0003517894,0.0003517894,0.0003459012,0.0003459012,1.3974863e-15,1.3974863e-15,-0.0019993614,-0.0019993614,-0.0019993614,-0.0019993614,-0.0003517894,-0.0003517894,-3.4279231e-06,-3.4279231e-06,1.827479e-17,1.827479e-17,6.6151172e-08,6.6151172e-08,-3.4940743e-06,-3.4940743e-06,6.5368156e-06,6.5368156e-06,1.4169806e-15,1.4169806e-15,0.10375349,0.10375349,8.9468177e-14,8.9468177e-14,0.10993129,0.10993129,4.4819669e-14,4.4819669e-14,-0.0019993614,-0.0019993614,0.0023452626,0.0023452626,-0.00039987229,-0.00039987229,2.7108369e-16,2.7108369e-16,3.9828128e-14,3.9828128e-14,-3.9907919e-14,-3.9907919e-14,1.4805994e-18,1.4805994e-18,-2.9973912e-18,-2.9973912e-18,-0.00084780367,-0.00084780367,-1.9635978e-17,-1.9635978e-17,8.4993937e-18,8.4993937e-18,3.6110754e-18,3.6110754e-18,2.8387547e-06,2.8387547e-06,2.4611653e-32,2.4611653e-32
-0.0019796153,-0.0019796153,0.0019796153,0.0019796153,-1.2542051e-15,-1.2542051e-15,-1.3650436e-15,-1.3650436e-15,0.0019796153,0.0019796153,-0.0008727899,-0.0008727899,-0.00034831639,-0.00034831639,-0.0008707414,-0.0008707414,-0.00034831639,-0.00034831639,0.00034249393,0.00034249393,1.4068774e-15,1.4068774e-15,1.9721536e-05,1.9721536e-05,1.9721536e-05,1.9721536e-05,3.3240504e-17,3.3240504e-17,-0.0019737929,-0.0019737929,-0.00034831639,-0.00034831639,-0.0019737929,-0.0019737929,-0.00034831639,-0.00034831639,-2.4489794e-17,-2.4489794e-17,-3.5114682e-17,-3.5114682e-17,-0.0023221092,-0.0023221092,-5.7898969e-17,-5.7898969e-17,-0.0015166958,-0.0015166958,3.6015051e-16,3.6015051e-16,-5.8224546e-06,-5.8224546e-06,0.00034831639,0.00034831639,-5.8224546e-06,-5.8224546e-06,0.00034831639,0.00034831639,0.00034249393,0.00034249393,1.4063703e-15,1.4063703e-15,-0.0019796153,-0.0019796153,-0.0019796153,-0.0019796153,-0.00034831639,-0.00034831639,-3.4072709e-06,-3.4072709e-06,1.7977548e-17,1.7977548e-17,6.5738454e-08,6.5738454e-08,-3.4730093e-06,-3.4730093e-06,5.1741142e-06,5.1741142e-06,1.4254278e-15,1.4254278e-15,0.10192091,0.10192091,9.0011346e-14,9.0011346e-14,0.1087905,0.1087905,4.5097463e-14,4.5097463e-14,-0.0019796153,-0.0019796153,0.0023221092,0.0023221092,-0.00039592306,-0.00039592306,2.7327558e-16,2.7327558e-16,4.0057315e-14,4.0057315e-14,-4.0136771e-14,-4.0136771e-14,1.4686209e-18,1.4686209e-18,-2.9036004e-18,-2.9036004e-18,-0.00080541349,-0.00080541349,-1.8591189e-17,-1.8591189e-17,8.270406e-18,8.270406e-18,3.4778535e-18,3.4778535e-18,2.8166886e-06,2.8166886e-06,2.3791411e-32,2.3791411e-32
-0.0019599924,-0.0019599924,0.0019599924,0.0019599924,-1.2854301e-15,-1.2854301e-15,-1.3729636e-15,-1.3729636e-15,0.0019599924,0.0019599924,-0.00084066236,-0.00084066236,-0.00034486504,-0.00034486504,-0.00083862981,-0.00083862981,-0.00034486504,-0.00034486504,0.0003391079,0.0003391079,1.4156071e-15,1.4156071e-15,1.9594561e-05,1.9594561e-05,1.9594561e-05,1.9594561e-05,3.2708525e-17,3.2708525e-17,-0.0019542352,-0.0019542352,-0.00034486504,-0.00034486504,-0.0019542352,-0.0019542352,-0.00034486504,-0.00034486504,-2.1092664e-17,-2.1092664e-17,-3.580676e-17,-3.580676e-17,-0.0022991003,-0.0022991003,-5.5210758e-17,-5.5210758e-17,-0.0015339575,-0.0015339575,3.5661611e-16,3.5661611e-16,-5.7571394e-06,-5.7571394e-06,0.00034486504,0.00034486504,-5.7571394e-06,-5.7571394e-06,0.00034486504,0.00034486504,0.0003391079,0.0003391079,1.4150912e-15,1.4150912e-15,-0.0019599924,-0.0019599924,-0.0019599924,-0.0019599924,-0.00034486504,-0.00034486504,-3.3860283e-06,-3.3860283e-06,1.7687744e-17,1.7687744e-17,6.5315204e-08,6.5315204e-08,-3.4513435e-06,-3.4513435e-06,3.8911021e-06,3.8911021e-06,1.4337255e-15,1.4337255e-15,0.10014427,0.10014427,9.0544858e-14,9.0544858e-14,0.10766006,0.10766006,4.5370295e-14,4.5370295e-14,-0.0019599924,-0.0019599924,0.0022991003,0.0022991003,-0.00039199848,-0.00039199848,2.7543202e-16,2.7543202e-16,4.0283989e-14,4.0283989e-14,-4.0363101e-14,-4.0363101e-14,1.4566571e-18,1.4566571e-18,-2.8138619e-18,-2.8138619e-18,-0.00076514281,-0.00076514281,-1.7587972e-17,-1.7587972e-17,8.0506849e-18,8.0506849e-18,3.3507307e-18,3.3507307e-18,2.7947645e-06,2.7947645e-06,2.3005687e-32,2.3005687e-32
-0.0019404958,-0.0019404958,0.0019404958,0.0019404958,-1.3162214e-15,-1.3162214e-15,-1.3807217e-15,-1.3807217e-15,0.0019404958,0.0019404958,-0.0008100175,-0.0008100175,-0.00034143592,-0.00034143592,-0.00080800079,-0.00080800079,-0.00034143592,-0.00034143592,0.00033574366,0.00033574366,1.4241772e-15,1.4241772e-15,1.9464686e-05,1.9464686e-05,1.9464686e-05,1.9464686e-05,3.2189886e-17,3.2189886e-17,-0.0019348035,-0.0019348035,-0.00034143592,-0.00034143592,-0.0019348035,-0.0019348035,-0.00034143592,-0.00034143592,-1.7736609e-17,-1.7736609e-17,-3.6500747e-17,-3.6500747e-17,-0.0022762395,-0.0022762395,-5.2565426e-17,-5.2565426e-17,-0.0015493538,-0.0015493538,3.531822e-16,3.531822e-16,-5.6922571e-06,-5.6922571e-06,0.00034143592,0.00034143592,-5.6922571e-06,-5.6922571e-06,0.00034143592,0.00034143592,0.00033574366,0.00033574366,1.4236532e-15,1.4236532e-15,-0.0019404958,-0.0019404958,-0.0019404958,-0.0019404958,-0.00034143592,-0.00034143592,-3.3642423e-06,-3.3642423e-06,1.7405128e-17,1.7405128e-17,6.4882286e-08,6.4882286e-08,-3.4291246e-06,-3.4291246e-06,2.6836706e-06,2.6836706e-06,1.4418774e-15,1.4418774e-15,0.098421149,0.098421149,9.1068967e-14,9.1068967e-14,0.10653997,0.10653997,4.5638296e-14,4.5638296e-14,-0.0019404958,-0.0019404958,0.0022762395,0.0022762395,-0.00038809916,-0.00038809916,2.7755376e-16,2.7755376e-16,4.0508181e-14,4.0508181e-14,-4.058694e-14,-4.058694e-14,1.4447118e-18,1.4447118e-18,-2.7279848e-18,-2.7279848e-18,-0.00072688567,-0.00072688567,-1.6624933e-17,-1.6624933e-17,7.8398014e-18,7.8398014e-18,3.2294151e-18,3.2294151e-18,2.7729795e-06,2.7729795e-06,2.225275e-32,2.225275e-32
-0.0019211284,-0.0019211284,0.0019211284,0.0019211284,-1.3467959e-15,-1.3467959e-15,-1.3883223e-15,-1.3883223e-15,0.0019211284,0.0019211284,-0.00078078249,-0.00078078249,-0.00033802952,-0.00033802952,-0.00077878153,-0.00077878153,-0.00033802952,-0.00033802952,0.0003324017,0.0003324017,1.4325919e-15,1.4325919e-15,1.9332154e-05,1.9332154e-05,1.9332154e-05,1.9332154e-05,3.1684123e-17,3.1684123e-17,-0.0019155006,-0.0019155006,-0.00033802952,-0.00033802952,-0.0019155006,-0.0019155006,-0.00033802952,-0.00033802952,-1.4421006e-17,-1.4421006e-17,-3.7196482e-17,-3.7196482e-17,-0.0022535301,-0.0022535301,-4.9962186e-17,-4.9962186e-17,-0.0015629888,-0.0015629888,3.4984472e-16,3.4984472e-16,-5.6278166e-06,-5.6278166e-06,0.00033802952,0.00033802952,-5.6278166e-06,-5.6278166e-06,0.00033802952,0.00033802952,0.0003324017,0.0003324017,1.4320606e-15,1.4320606e-15,-0.0019211284,-0.0019211284,-0.0019211284,-0.0019211284,-0.00033802952,-0.00033802952,-3.3419574e-06,-3.3419574e-06,1.712946e-17,1.712946e-17,6.4440513e-08,6.4440513e-08,-3.406398e-06,-3.406398e-06,1.5479174e-06,1.5479174e-06,1.4498874e-15,1.4498874e-15,0.096749258,0.096749258,9.1583917e-14,9.1583917e-14,0.1054302,0.1054302,4.5901591e-14,4.5901591e-14,-0.0019211284,-0.0019211284,0.0022535301,0.0022535301,-0.00038422569,-0.00038422569,2.7964154e-16,2.7964154e-16,4.0729922e-14,4.0729922e-14,-4.080832e-14,-4.080832e-14,1.4327884e-18,1.4327884e-18,-2.6457869e-18,-2.6457869e-18,-0.00069054139,-0.00069054139,-1.5700714e-17,-1.5700714e-17,7.6373464e-18,7.6373464e-18,3.113629e-18,3.113629e-18,2.7513311e-06,2.7513311e-06,2.1530966e-32,2.1530966e-32
-0.0019018929,-0.0019018929,0.0019018929,0.0019018929,-1.3765031e-15,-1.3765031e-15,-1.3957699e-15,-1.3957699e-15,0.0019018929,0.0019018929,-0.00075288817,-0.00075288817,-0.00033464631,-0.00033464631,-0.00075090285,-0.00075090285,-0.00033464631,-0.00033464631,0.00032908249,0.00032908249,1.4408553e-15,1.4408553e-15,1.9197197e-05,1.9197197e-05,1.9197197e-05,1.9197197e-05,3.119079e-17,3.119079e-17,-0.0018963291,-0.0018963291,-0.00033464631,-0.00033464631,-0.0018963291,-0.0018963291,-0.00033464631,-0.00033464631,-1.1145247e-17,-1.1145247e-17,-3.7893797e-17,-3.7893797e-17,-0.0022309754,-0.0022309754,-4.7400258e-17,-4.7400258e-17,-0.0015749611,-0.0015749611,3.4659984e-16,3.4659984e-16,-5.5638259e-06,-5.5638259e-06,0.00033464631,0.00033464631,-5.5638259e-06,-5.5638259e-06,0.00033464631,0.00033464631,0.00032908249,0.00032908249,1.4403175e-15,1.4403175e-15,-0.0019018929,-0.0019018929,-0.0019018929,-0.0019018929,-0.00033464631,-0.00033464631,-3.3192157e-06,-3.3192157e-06,1.6860508e-17,1.6860508e-17,6.3990658e-08,6.3990658e-08,-3.3832063e-06,-3.3832063e-06,4.8013692e-07,4.8013692e-07,1.4577591e-15,1.4577591e-15,0.095126409,0.095126409,9.2089945e-14,9.2089945e-14,0.10433073,0.10433073,4.6160305e-14,4.6160305e-14,-0.0019018929,-0.0019018929,0.0022309754,0.0022309754,-0.00038037859,-0.00038037859,2.8169607e-16,2.8169607e-16,4.0949242e-14,4.0949242e-14,-4.1027272e-14,-4.1027272e-14,1.4208904e-18,1.4208904e-18,-2.5670949e-18,-2.5670949e-18,-0.00065601432,-0.00065601432,-1.4813989e-17,-1.4813989e-17,7.4429301e-18,7.4429301e-18,3.0031074e-18,3.0031074e-18,2.7298167e-06,2.7298167e-06,2.083879e-32,2.083879e-32
-0.0018827917,-0.0018827917,0.0018827917,0.0018827917,-1.4064271e-15,-1.4064271e-15,-1.4030685e-15,-1.4030685e-15,0.0018827917,0.0018827917,-0.0007262688,-0.0007262688,-0.00033128672,-0.00033128672,-0.00072429903,-0.00072429903,-0.00033128672,-0.00033128672,0.00032578643,0.00032578643,1.4489715e-15,1.4489715e-15,1.9060035e-05,1.9060035e-05,1.9060035e-05,1.9060035e-05,3.0709459e-17,3.0709459e-17,-0.0018772914,-0.0018772914,-0.00033128672,-0.00033128672,-0.0018772914,-0.0018772914,-0.00033128672,-0.00033128672,-7.9087325e-18,-7.9087325e-18,-3.8592519e-17,-3.8592519e-17,-0.0022085782,-0.0022085782,-4.4878869e-17,-4.4878869e-17,-0.0015853646,-0.0015853646,3.4344387e-16,3.4344387e-16,-5.5002925e-06,-5.5002925e-06,0.00033128672,0.00033128672,-5.5002925e-06,-5.5002925e-06,0.00033128672,0.00033128672,0.00032578643,0.00032578643,1.4484278e-15,1.4484278e-15,-0.0018827917,-0.0018827917,-0.0018827917,-0.0018827917,-0.00033128672,-0.00033128672,-3.2960568e-06,-3.2960568e-06,1.6598048e-17,1.6598048e-17,6.3533449e-08,6.3533449e-08,-3.3595902e-06,-3.3595902e-06,-5.2318987e-07,-5.2318987e-07,1.4654961e-15,1.4654961e-15,0.093550522,0.093550522,9.2587281e-14,9.2587281e-14,0.10324154,0.10324154,4.6414555e-14,4.6414555e-14,-0.0018827917,-0.0018827917,0.0022085782,0.0022085782,-0.00037655835,-0.00037655835,2.8371806e-16,2.8371806e-16,4.116617e-14,4.116617e-14,-4.1243824e-14,-4.1243824e-14,1.4090207e-18,1.4090207e-18,-2.4917433e-18,-2.4917433e-18,-0.0006232136,-0.0006232136,-1.3963467e-17,-1.3963467e-17,7.2561808e-18,7.2561808e-18,2.8975981e-18,2.8975981e-18,2.7084339e-06,2.7084339e-06,2.0174764e-32,2.0174764e-32
-0.001863827,-0.001863827,0.001863827,0.001863827,-1.4357005e-15,-1.4357005e-15,-1.4102223e-15,-1.4102223e-15,0.001863827,0.001863827,-0.00070086191,-0.00070086191,-0.00032795114,-0.00032795114,-0.0006989076,-0.0006989076,-0.00032795114,-0.00032795114,0.00032251391,0.00032251391,1.4569443e-15,1.4569443e-15,1.8920873e-05,1.8920873e-05,1.8920873e-05,1.8920873e-05,3.0239716e-17,3.0239716e-17,-0.0018583898,-0.0018583898,-0.00032795114,-0.00032795114,-0.0018583898,-0.0018583898,-0.00032795114,-0.00032795114,-4.7108784e-18,-4.7108784e-18,-3.9292471e-17,-3.9292471e-17,-0.0021863409,-0.0021863409,-4.2397256e-17,-4.2397256e-17,-0.001594288,-0.001594288,3.403733e-16,3.403733e-16,-5.4372229e-06,-5.4372229e-06,0.00032795114,0.00032795114,-5.4372229e-06,-5.4372229e-06,0.00032795114,0.00032795114,0.00032251391,0.00032251391,1.4563954e-15,1.4563954e-15,-0.001863827,-0.001863827,-0.001863827,-0.001863827,-0.00032795114,-0.00032795114,-3.2725184e-06,-3.2725184e-06,1.6341866e-17,1.6341866e-17,6.3069576e-08,6.3069576e-08,-3.3355879e-06,-3.3355879e-06,-1.4654048e-06,-1.4654048e-06,1.4731018e-15,1.4731018e-15,0.092019617,0.092019617,9.3076148e-14,9.3076148e-14,0.10216257,0.10216257,4.6664456e-14,4.6664456e-14,-0.001863827,-0.001863827,0.0021863409,0.0021863409,-0.0003727654,-0.0003727654,2.8570818e-16,2.8570818e-16,4.1380736e-14,4.1380736e-14,-4.1458007e-14,-4.1458007e-14,1.3971824e-18,1.3971824e-18,-2.4195747e-18,-2.4195747e-18,-0.00059205292,-0.00059205292,-1.314789e-17,-1.314789e-17,7.0767444e-18,7.0767444e-18,2.7968607e-18,2.7968607e-18,2.6871808e-06,2.6871808e-06,1.9537506e-32,1.9537506e-32
-0.0018450007,-0.0018450007,0.0018450007,0.0018450007,-1.4645403e-15,-1.4645403e-15,-1.4172353e-15,-1.4172353e-15,0.0018450007,0.0018450007,-0.00067660816,-0.00067660816,-0.0003246399,-0.0003246399,-0.00067466921,-0.00067466921,-0.0003246399,-0.0003246399,0.00031926528,0.00031926528,1.4647775e-15,1.4647775e-15,1.8779906e-05,1.8779906e-05,1.8779906e-05,1.8779906e-05,2.9781165e-17,2.9781165e-17,-0.0018396261,-0.0018396261,-0.0003246399,-0.0003246399,-0.0018396261,-0.0018396261,-0.0003246399,-0.0003246399,-1.5511111e-18,-1.5511111e-18,-3.9993474e-17,-3.9993474e-17,-0.002164266,-0.002164266,-3.9954662e-17,-3.9954662e-17,-0.0016018157,-0.0016018157,3.3738479e-16,3.3738479e-16,-5.3746232e-06,-5.3746232e-06,0.0003246399,0.0003246399,-5.3746232e-06,-5.3746232e-06,0.0003246399,0.0003246399,0.00031926528,0.00031926528,1.464224e-15,1.464224e-15,-0.0018450007,-0.0018450007,-0.0018450007,-0.0018450007,-0.0003246399,-0.0003246399,-3.248636e-06,-3.248636e-06,1.6091752e-17,1.6091752e-17,6.2599688e-08,6.2599688e-08,-3.3112356e-06,-3.3112356e-06,-2.3496813e-06,-2.3496813e-06,1.4805795e-15,1.4805795e-15,0.090531809,0.090531809,9.3556761e-14,9.3556761e-14,0.10109382,0.10109382,4.691012e-14,4.691012e-14,-0.0018450007,-0.0018450007,0.002164266,0.002164266,-0.00036900015,-0.00036900015,2.8766713e-16,2.8766713e-16,4.1592969e-14,4.1592969e-14,-4.166985e-14,-4.166985e-14,1.3853782e-18,1.3853782e-18,-2.3504391e-18,-2.3504391e-18,-0.00056245028,-0.00056245028,-1.2366034e-17,-1.2366034e-17,6.9042833e-18,6.9042833e-18,2.7006664e-18,2.7006664e-18,2.6660555e-06,2.6660555e-06,1.8925714e-32,1.8925714e-32
-0.0018263147,-0.0018263147,0.0018263147,0.0018263147,-1.4922959e-15,-1.4922959e-15,-1.4241113e-15,-1.4241113e-15,0.0018263147,0.0018263147,-0.00065345114,-0.00065345114,-0.00032135333,-0.00032135333,-0.00065152746,-0.00065152746,-0.00032135333,-0.00032135333,0.00031604083,0.00031604083,1.4724748e-15,1.4724748e-15,1.8637321e-05,1.8637321e-05,1.8637321e-05,1.8637321e-05,2.9333425e-17,2.9333425e-17,-0.0018210022,-0.0018210022,-0.00032135333,-0.00032135333,-0.0018210022,-0.0018210022,-0.00032135333,-0.00032135333,1.5711313e-18,1.5711313e-18,-4.0695345e-17,-4.0695345e-17,-0.0021423556,-0.0021423556,-3.7550343e-17,-3.7550343e-17,-0.0016080278,-0.0016080278,3.3447512e-16,3.3447512e-16,-5.3124988e-06,-5.3124988e-06,0.00032135333,0.00032135333,-5.3124988e-06,-5.3124988e-06,0.00032135333,0.00032135333,0.00031604083,0.00031604083,1.4719172e-15,1.4719172e-15,-0.0018263147,-0.0018263147,-0.0018263147,-0.0018263147,-0.00032135333,-0.00032135333,-3.2244431e-06,-3.2244431e-06,1.5847508e-17,1.5847508e-17,6.2124403e-08,6.2124403e-08,-3.2865675e-06,-3.2865675e-06,-3.1790329e-06,-3.1790329e-06,1.4879325e-15,1.4879325e-15,0.089085304,0.089085304,9.4029328e-14,9.4029328e-14,0.10003522,0.10003522,4.7151654e-14,4.7151654e-14,-0.0018263147,-0.0018263147,0.0021423556,0.0021423556,-0.00036526294,-0.00036526294,2.8959555e-16,2.8959555e-16,4.1802895e-14,4.1802895e-14,-4.187938e-14,-4.187938e-14,1.3736109e-18,1.3736109e-18,-2.2841936e-18,-2.2841936e-18,-0.00053432776,-0.00053432776,-1.1616709e-17,-1.1616709e-17,6.7384761e-18,6.7384761e-18,2.6087971e-18,2.6087971e-18,2.6450561e-06,2.6450561e-06,1.8338153e-32,1.8338153e-32
-0.0018077706,-0.0018077706,0.0018077706,0.0018077706,-1.5204851e-15,-1.5204851e-15,-1.4308539e-15,-1.4308539e-15,0.0018077706,0.0018077706,-0.00063133726,-0.00063133726,-0.00031809172,-0.00031809172,-0.00062942877,-0.00062942877,-0.00031809172,-0.00031809172,0.00031284086,0.00031284086,1.4800395e-15,1.4800395e-15,1.849329e-05,1.849329e-05,1.849329e-05,1.849329e-05,2.889613e-17,2.889613e-17,-0.0018025197,-0.0018025197,-0.00031809172,-0.00031809172,-0.0018025197,-0.0018025197,-0.00031809172,-0.00031809172,4.6563991e-18,4.6563991e-18,-4.1397899e-17,-4.1397899e-17,-0.0021206115,-0.0021206115,-3.5183561e-17,-3.5183561e-17,-0.0016130001,-0.0016130001,3.3164124e-16,3.3164124e-16,-5.2508545e-06,-5.2508545e-06,0.00031809172,0.00031809172,-5.2508545e-06,-5.2508545e-06,0.00031809172,0.00031809172,0.00031284086,0.00031284086,1.4794784e-15,1.4794784e-15,-0.0018077706,-0.0018077706,-0.0018077706,-0.0018077706,-0.00031809172,-0.00031809172,-3.1999716e-06,-3.1999716e-06,1.5608939e-17,1.5608939e-17,6.1644299e-08,6.1644299e-08,-3.2616159e-06,-3.2616159e-06,-3.9563211e-06,-3.9563211e-06,1.4951637e-15,1.4951637e-15,0.087678392,0.087678392,9.4494051e-14,9.4494051e-14,0.098986745,0.098986745,4.7389163e-14,4.7389163e-14,-0.0018077706,-0.0018077706,0.0021206115,0.0021206115,-0.00036155412,-0.00036155412,2.9149408e-16,2.9149408e-16,4.2010544e-14,4.2010544e-14,-4.2086627e-14,-4.2086627e-14,1.361883e-18,1.361883e-18,-2.2207019e-18,-2.2207019e-18,-0.00050761137,-0.00050761137,-1.0898757e-17,-1.0898757e-17,6.5790164e-18,6.5790164e-18,2.5210454e-18,2.5210454e-18,2.6241811e-06,2.6241811e-06,1.7773658e-32,1.7773658e-32
-0.0017893698,-0.0017893698,0.0017893698,0.0017893698,-1.5480239e-15,-1.5480239e-15,-1.437467e-15,-1.437467e-15,0.0017893698,0.0017893698,-0.0006102156,-0.0006102156,-0.00031485531,-0.00031485531,-0.0006083222,-0.0006083222,-0.00031485531,-0.00031485531,0.00030966561,0.00030966561,1.4874752e-15,1.4874752e-15,1.8347978e-05,1.8347978e-05,1.8347978e-05,1.8347978e-05,2.8468927e-17,2.8468927e-17,-0.0017841801,-0.0017841801,-0.00031485531,-0.00031485531,-0.0017841801,-0.0017841801,-0.00031485531,-0.00031485531,7.7052315e-18,7.7052315e-18,-4.2100952e-17,-4.2100952e-17,-0.0020990354,-0.0020990354,-3.2853592e-17,-3.2853592e-17,-0.0016168046,-0.0016168046,3.2888022e-16,3.2888022e-16,-5.1896946e-06,-5.1896946e-06,0.00031485531,0.00031485531,-5.1896946e-06,-5.1896946e-06,0.00031485531,0.00031485531,0.00030966561,0.00030966561,1.4869111e-15,1.4869111e-15,-0.0017893698,-0.0017893698,-0.0017893698,-0.0017893698,-0.00031485531,-0.00031485531,-3.1752513e-06,-3.1752513e-06,1.5375861e-17,1.5375861e-17,6.1159927e-08,6.1159927e-08,-3.2364112e-06,-3.2364112e-06,-4.6842632e-06,-4.6842632e-06,1.5022764e-15,1.5022764e-15,0.086309446,0.086309446,9.4951124e-14,9.4951124e-14,0.097948346,0.097948346,4.7622747e-14,4.7622747e-14,-0.0017893698,-0.0017893698,0.0020990354,0.0020990354,-0.00035787395,-0.00035787395,2.9336335e-16,2.9336335e-16,4.2215942e-14,4.2215942e-14,-4.2291617e-14,-4.2291617e-14,1.3501968e-18,1.3501968e-18,-2.1598345e-18,-2.1598345e-18,-0.00048223081,-0.00048223081,-1.0211054e-17,-1.0211054e-17,6.4256123e-18,6.4256123e-18,2.4372134e-18,2.4372134e-18,2.6034291e-06,2.6034291e-06,1.7231125e-32,1.7231125e-32
-0.0017711135,-0.0017711135,0.0017711135,0.0017711135,-1.5753458e-15,-1.5753458e-15,-1.4439538e-15,-1.4439538e-15,0.0017711135,0.0017711135,-0.00059003777,-0.00059003777,-0.00031164432,-0.00031164432,-0.00058815937,-0.00058815937,-0.00031164432,-0.00031164432,0.0003065153,0.0003065153,1.4947851e-15,1.4947851e-15,1.8201541e-05,1.8201541e-05,1.8201541e-05,1.8201541e-05,2.8051476e-17,2.8051476e-17,-0.0017659845,-0.0017659845,-0.00031164432,-0.00031164432,-0.0017659845,-0.0017659845,-0.00031164432,-0.00031164432,1.0718157e-17,1.0718157e-17,-4.280432e-17,-4.280432e-17,-0.0020776288,-0.0020776288,-3.0559722e-17,-3.0559722e-17,-0.0016195096,-0.0016195096,3.2618929e-16,3.2618929e-16,-5.1290228e-06,-5.1290228e-06,0.00031164432,0.00031164432,-5.1290228e-06,-5.1290228e-06,0.00031164432,0.00031164432,0.0003065153,0.0003065153,1.4942186e-15,1.4942186e-15,-0.0017711135,-0.0017711135,-0.0017711135,-0.0017711135,-0.00031164432,-0.00031164432,-3.1503105e-06,-3.1503105e-06,1.5148093e-17,1.5148093e-17,6.0671804e-08,6.0671804e-08,-3.2109823e-06,-3.2109823e-06,-5.3654394e-06,-5.3654394e-06,1.5092733e-15,1.5092733e-15,0.084976917,0.084976917,9.5400738e-14,9.5400738e-14,0.096919974,0.096919974,4.7852503e-14,4.7852503e-14,-0.0017711135,-0.0017711135,0.0020776288,0.0020776288,-0.00035422271,-0.00035422271,2.9520399e-16,2.9520399e-16,4.2419116e-14,4.2419116e-14,-4.2494378e-14,-4.2494378e-14,1.3385546e-18,1.3385546e-18,-2.101468e-18,-2.101468e-18,-0.00045811927,-0.00045811927,-9.5525084e-18,-9.5525084e-18,6.277986e-18,6.277986e-18,2.3571132e-18,2.3571132e-18,2.5827987e-06,2.5827987e-06,1.6709512e-32,1.6709512e-32
-0.001753003,-0.001753003,0.001753003,0.001753003,-1.602234e-15,-1.602234e-15,-1.4503179e-15,-1.4503179e-15,0.001753003,0.001753003,-0.00057075777,-0.00057075777,-0.00030845897,-0.00030845897,-0.00056889428,-0.00056889428,-0.00030845897,-0.00030845897,0.00030339013,0.00030339013,1.5019724e-15,1.5019724e-15,1.8054126e-05,1.8054126e-05,1.8054126e-05,1.8054126e-05,2.7643454e-17,2.7643454e-17,-0.0017479342,-0.0017479342,-0.00030845897,-0.00030845897,-0.0017479342,-0.0017479342,-0.00030845897,-0.00030845897,1.3695694e-17,1.3695694e-17,-4.3507817e-17,-4.3507817e-17,-0.0020563931,-0.0020563931,-2.8301246e-17,-2.8301246e-17,-0.0016211798,-0.0016211798,3.2356576e-16,3.2356576e-16,-5.0688424e-06,-5.0688424e-06,0.00030845897,0.00030845897,-5.0688424e-06,-5.0688424e-06,0.00030845897,0.00030845897,0.00030339013,0.00030339013,1.5014038e-15,1.5014038e-15,-0.001753003,-0.001753003,-0.001753003,-0.001753003,-0.00030845897,-0.00030845897,-3.125176e-06,-3.125176e-06,1.4925463e-17,1.4925463e-17,6.0180419e-08,6.0180419e-08,-3.1853564e-06,-3.1853564e-06,-6.0022995e-06,-6.0022995e-06,1.5161572e-15,1.5161572e-15,0.083679328,0.083679328,9.5843075e-14,9.5843075e-14,0.095901581,0.095901581,4.8078527e-14,4.8078527e-14,-0.001753003,-0.001753003,0.0020563931,0.0020563931,-0.0003506006,-0.0003506006,2.9701658e-16,2.9701658e-16,4.2620092e-14,4.2620092e-14,-4.2694937e-14,-4.2694937e-14,1.3269585e-18,1.3269585e-18,-2.0454848e-18,-2.0454848e-18,-0.0004352133,-0.0004352133,-8.9220596e-18,-8.9220596e-18,6.1358727e-18,6.1358727e-18,2.2805656e-18,2.2805656e-18,2.5622887e-06,2.5622887e-06,1.620783e-32,1.620783e-32
-0.0017350391,-0.0017350391,0.0017350391,0.0017350391,-1.6286885e-15,-1.6286885e-15,-1.4565625e-15,-1.4565625e-15,0.0017350391,0.0017350391,-0.0005523319,-0.0005523319,-0.00030529941,-0.00030529941,-0.00055048325,-0.00055048325,-0.00030529941,-0.00030529941,0.00030029025,0.00030029025,1.5090402e-15,1.5090402e-15,1.790587e-05,1.790587e-05,1.790587e-05,1.790587e-05,2.7244545e-17,2.7244545e-17,-0.00173003,-0.00173003,-0.00030529941,-0.00030529941,-0.00173003,-0.00173003,-0.00030529941,-0.00030529941,1.6638348e-17,1.6638348e-17,-4.421126e-17,-4.421126e-17,-0.0020353294,-0.0020353294,-2.6077474e-17,-2.6077474e-17,-0.0016218768,-0.0016218768,3.2100709e-16,3.2100709e-16,-5.0091561e-06,-5.0091561e-06,0.00030529941,0.00030529941,-5.0091561e-06,-5.0091561e-06,0.00030529941,0.00030529941,0.00030029025,0.00030029025,1.5084701e-15,1.5084701e-15,-0.0017350391,-0.0017350391,-0.0017350391,-0.0017350391,-0.00030529941,-0.00030529941,-3.099873e-06,-3.099873e-06,1.4707806e-17,1.4707806e-17,5.9686232e-08,5.9686232e-08,-3.1595592e-06,-3.1595592e-06,-6.5971699e-06,-6.5971699e-06,1.5229311e-15,1.5229311e-15,0.082415274,0.082415274,9.6278312e-14,9.6278312e-14,0.094893112,0.094893112,4.830091e-14,4.830091e-14,-0.0017350391,-0.0017350391,0.0020353294,0.0020353294,-0.00034700783,-0.00034700783,2.9880171e-16,2.9880171e-16,4.2818897e-14,4.2818897e-14,-4.2893319e-14,-4.2893319e-14,1.3154105e-18,1.3154105e-18,-1.991773e-18,-1.991773e-18,-0.00041345264,-0.00041345264,-8.3186799e-18,-8.3186799e-18,5.9990202e-18,5.9990202e-18,2.2074001e-18,2.2074001e-18,2.541898e-06,2.541898e-06,1.5725145e-32,1.5725145e-32
-0.0017172228,-0.0017172228,0.0017172228,0.0017172228,-1.6553599e-15,-1.6553599e-15,-1.4626909e-15,-1.4626909e-15,0.0017172228,0.0017172228,-0.00053471865,-0.00053471865,-0.00030216579,-0.00030216579,-0.00053288474,-0.00053288474,-0.00030216579,-0.00030216579,0.00029721583,0.00029721583,1.5159915e-15,1.5159915e-15,1.7756904e-05,1.7756904e-05,1.7756904e-05,1.7756904e-05,2.685445e-17,2.685445e-17,-0.0017122728,-0.0017122728,-0.00030216579,-0.00030216579,-0.0017122728,-0.0017122728,-0.00030216579,-0.00030216579,1.9546619e-17,1.9546619e-17,-4.4914468e-17,-4.4914468e-17,-0.0020144386,-0.0020144386,-2.3887725e-17,-2.3887725e-17,-0.0016216586,-0.0016216586,3.1851086e-16,3.1851086e-16,-4.9499664e-06,-4.9499664e-06,0.00030216579,0.00030216579,-4.9499664e-06,-4.9499664e-06,0.00030216579,0.00030216579,0.00029721583,0.00029721583,1.5154202e-15,1.5154202e-15,-0.0017172228,-0.0017172228,-0.0017172228,-0.0017172228,-0.00030216579,-0.00030216579,-3.0744251e-06,-3.0744251e-06,1.4494961e-17,1.4494961e-17,5.9189678e-08,5.9189678e-08,-3.1336148e-06,-3.1336148e-06,-7.1522592e-06,-7.1522592e-06,1.5295974e-15,1.5295974e-15,0.081183416,0.081183416,9.670662e-14,9.670662e-14,0.093894513,0.093894513,4.8519739e-14,4.8519739e-14,-0.0017172228,-0.0017172228,0.0020144386,0.0020144386,-0.00034344456,-0.00034344456,3.0055995e-16,3.0055995e-16,4.3015556e-14,4.3015556e-14,-4.308955e-14,-4.308955e-14,1.3039126e-18,1.3039126e-18,-1.940226e-18,-1.940226e-18,-0.00039278,-0.00039278,-7.7413722e-18,-7.7413722e-18,5.8671884e-18,5.8671884e-18,2.1374544e-18,2.1374544e-18,2.5216257e-06,2.5216257e-06,1.5260573e-32,1.5260573e-32
-0.0016995547,-0.0016995547,0.0016995547,0.0016995547,-1.6813807e-15,-1.6813807e-15,-1.4687061e-15,-1.4687061e-15,0.0016995547,0.0016995547,-0.00051787855,-0.00051787855,-0.00029905825,-0.00029905825,-0.0005160593,-0.0005160593,-0.00029905825,-0.00029905825,0.00029416697,0.00029416697,1.5228291e-15,1.5228291e-15,1.760735e-05,1.760735e-05,1.760735e-05,1.760735e-05,2.6472879e-17,2.6472879e-17,-0.0016946634,-0.0016946634,-0.00029905825,-0.00029905825,-0.0016946634,-0.0016946634,-0.00029905825,-0.00029905825,2.2420993e-17,2.2420993e-17,-4.561726e-17,-4.561726e-17,-0.0019937217,-0.0019937217,-2.1731331e-17,-2.1731331e-17,-0.0016205806,-0.0016205806,3.1607473e-16,3.1607473e-16,-4.8912753e-06,-4.8912753e-06,0.00029905825,0.00029905825,-4.8912753e-06,-4.8912753e-06,0.00029905825,0.00029905825,0.00029416697,0.00029416697,1.522257e-15,1.522257e-15,-0.0016995547,-0.0016995547,-0.0016995547,-0.0016995547,-0.00029905825,-0.00029905825,-3.0488549e-06,-3.0488549e-06,1.4286773e-17,1.4286773e-17,5.8691168e-08,5.8691168e-08,-3.1075461e-06,-3.1075461e-06,-7.6696646e-06,-7.6696646e-06,1.5361587e-15,1.5361587e-15,0.079982477,0.079982477,9.7128166e-14,9.7128166e-14,0.092905727,0.092905727,4.8735102e-14,4.8735102e-14,-0.0016995547,-0.0016995547,0.0019937217,0.0019937217,-0.00033991094,-0.00033991094,3.0229186e-16,3.0229186e-16,4.3210094e-14,4.3210094e-14,-4.3283657e-14,-4.3283657e-14,1.2924665e-18,1.2924665e-18,-1.8907425e-18,-1.8907425e-18,-0.000373141,-0.000373141,-7.1891699e-18,-7.1891699e-18,5.7401486e-18,5.7401486e-18,2.0705742e-18,2.0705742e-18,2.5014708e-06,2.5014708e-06,1.4813276e-32,1.4813276e-32
-0.0016820354,-0.0016820354,0.0016820354,0.0016820354,-1.7067511e-15,-1.7067511e-15,-1.4746112e-15,-1.4746112e-15,0.0016820354,0.0016820354,-0.00050177409,-0.00050177409,-0.00029597687,-0.00029597687,-0.00049996941,-0.00049996941,-0.00029597687,-0.00029597687,0.00029114379,0.00029114379,1.5295559e-15,1.5295559e-15,1.7457326e-05,1.7457326e-05,1.7457326e-05,1.7457326e-05,2.6099555e-17,2.6099555e-17,-0.0016772023,-0.0016772023,-0.00029597687,-0.00029597687,-0.0016772023,-0.0016772023,-0.00029597687,-0.00029597687,2.5261948e-17,2.5261948e-17,-4.6319459e-17,-4.6319459e-17,-0.0019731792,-0.0019731792,-1.9607636e-17,-1.9607636e-17,-0.0016186952,-0.0016186952,3.1369647e-16,3.1369647e-16,-4.8330842e-06,-4.8330842e-06,0.00029597687,0.00029597687,-4.8330842e-06,-4.8330842e-06,0.00029597687,0.00029597687,0.00029114379,0.00029114379,1.5289834e-15,1.5289834e-15,-0.0016820354,-0.0016820354,-0.0016820354,-0.0016820354,-0.00029597687,-0.00029597687,-3.0231835e-06,-3.0231835e-06,1.4083094e-17,1.4083094e-17,5.8191088e-08,5.8191088e-08,-3.0813746e-06,-3.0813746e-06,-8.1513771e-06,-8.1513771e-06,1.5426176e-15,1.5426176e-15,0.078811242,0.078811242,9.754311e-14,9.754311e-14,0.091926695,0.091926695,4.894708e-14,4.894708e-14,-0.0016820354,-0.0016820354,0.0019731792,0.0019731792,-0.00033640707,-0.00033640707,3.0399798e-16,3.0399798e-16,4.3402536e-14,4.3402536e-14,-4.3475664e-14,-4.3475664e-14,1.2810738e-18,1.2810738e-18,-1.8432258e-18,-1.8432258e-18,-0.00035448395,-0.00035448395,-6.6611366e-18,-6.6611366e-18,5.6176831e-18,5.6176831e-18,2.0066124e-18,2.0066124e-18,2.4814327e-06,2.4814327e-06,1.438246e-32,1.438246e-32
-0.0016646653,-0.0016646653,0.0016646653,0.0016646653,-1.7314709e-15,-1.7314709e-15,-1.480409e-15,-1.480409e-15,0.0016646653,0.0016646653,-0.00048636963,-0.00048636963,-0.00029292175,-0.00029292175,-0.00048457944,-0.00048457944,-0.00029292175,-0.00029292175,0.00028814636,0.00028814636,1.5361746e-15,1.5361746e-15,1.730694e-05,1.730694e-05,1.730694e-05,1.730694e-05,2.5734209e-17,2.5734209e-17,-0.0016598899,-0.0016598899,-0.00029292175,-0.00029292175,-0.0016598899,-0.0016598899,-0.00029292175,-0.00029292175,2.8069953e-17,2.8069953e-17,-4.7020891e-17,-4.7020891e-17,-0.0019528117,-0.0019528117,-1.7515996e-17,-1.7515996e-17,-0.0016160519,-0.0016160519,3.1137398e-16,3.1137398e-16,-4.7753944e-06,-4.7753944e-06,0.00029292175,0.00029292175,-4.7753944e-06,-4.7753944e-06,0.00029292175,0.00029292175,0.00028814636,0.00028814636,1.535602e-15,1.535602e-15,-0.0016646653,-0.0016646653,-0.0016646653,-0.0016646653,-0.00029292175,-0.00029292175,-2.9974308e-06,-2.9974308e-06,1.3883782e-17,1.3883782e-17,5.76898e-08,5.76898e-08,-3.0551206e-06,-3.0551206e-06,-8.5992872e-06,-8.5992872e-06,1.5489763e-15,1.5489763e-15,0.077668552,0.077668552,9.7951608e-14,9.7951608e-14,0.090957357,0.090957357,4.9155754e-14,4.9155754e-14,-0.0016646653,-0.0016646653,0.0019528117,0.0019528117,-0.00033293307,-0.00033293307,3.0567884e-16,3.0567884e-16,4.3592907e-14,4.3592907e-14,-4.3665595e-14,-4.3665595e-14,1.2697363e-18,1.2697363e-18,-1.7975842e-18,-1.7975842e-18,-0.00033675976,-0.00033675976,-6.1563654e-18,-6.1563654e-18,5.4995845e-18,5.4995845e-18,1.9454292e-18,1.9454292e-18,2.4615104e-06,2.4615104e-06,1.3967375e-32,1.3967375e-32
-0.0016474449,-0.0016474449,0.0016474449,0.0016474449,-1.7568412e-15,-1.7568412e-15,-1.4861024e-15,-1.4861024e-15,0.0016474449,0.0016474449,-0.0004716313,-0.0004716313,-0.00028989295,-0.00028989295,-0.00046985552,-0.00046985552,-0.00028989295,-0.00028989295,0.00028517474,0.00028517474,1.5426878e-15,1.5426878e-15,1.7156295e-05,1.7156295e-05,1.7156295e-05,1.7156295e-05,2.5376584e-17,2.5376584e-17,-0.0016427267,-0.0016427267,-0.00028989295,-0.00028989295,-0.0016427267,-0.0016427267,-0.00028989295,-0.00028989295,3.0845467e-17,3.0845467e-17,-4.7721383e-17,-4.7721383e-17,-0.0019326197,-0.0019326197,-1.545578e-17,-1.545578e-17,-0.0016126979,-0.0016126979,3.0910521e-16,3.0910521e-16,-4.7182067e-06,-4.7182067e-06,0.00028989295,0.00028989295,-4.7182067e-06,-4.7182067e-06,0.00028989295,0.00028989295,0.00028517474,0.00028517474,1.5421154e-15,1.5421154e-15,-0.0016474449,-0.0016474449,-0.0016474449,-0.0016474449,-0.00028989295,-0.00028989295,-2.9716155e-06,-2.9716155e-06,1.3688698e-17,1.3688698e-17,5.7187649e-08,5.7187649e-08,-3.0288031e-06,-3.0288031e-06,-9.0151896e-06,-9.0151896e-06,1.5552374e-15,1.5552374e-15,0.076553303,0.076553303,9.8353811e-14,9.8353811e-14,0.089997651,0.089997651,4.9361201e-14,4.9361201e-14,-0.0016474449,-0.0016474449,0.0019326197,0.0019326197,-0.00032948898,-0.00032948898,3.0733496e-16,3.0733496e-16,4.378123e-14,4.378123e-14,-4.3853476e-14,-4.3853476e-14,1.2584554e-18,1.2584554e-18,-1.75373e-18,-1.75373e-18,-0.00031992177,-0.00031992177,-5.6739781e-18,-5.6739781e-18,5.3856554e-18,5.3856554e-18,1.8868915e-18,1.8868915e-18,2.4417035e-06,2.4417035e-06,1.3567309e-32,1.3567309e-32
-0.0016303744,-0.0016303744,0.0016303744,0.0016303744,-1.7817779e-15,-1.7817779e-15,-1.4916941e-15,-1.4916941e-15,0.0016303744,0.0016303744,-0.00045752692,-0.00045752692,-0.00028689051,-0.00028689051,-0.00045576546,-0.00045576546,-0.00028689051,-0.00028689051,0.00028222899,0.00028222899,1.549098e-15,1.549098e-15,1.7005487e-05,1.7005487e-05,1.7005487e-05,1.7005487e-05,2.5026434e-17,2.5026434e-17,-0.0016257129,-0.0016257129,-0.00028689051,-0.00028689051,-0.0016257129,-0.0016257129,-0.00028689051,-0.00028689051,3.3588941e-17,3.3588941e-17,-4.8420767e-17,-4.8420767e-17,-0.0019126034,-0.0019126034,-1.3426369e-17,-1.3426369e-17,-0.0016086777,-0.0016086777,3.0688823e-16,3.0688823e-16,-4.6615218e-06,-4.6615218e-06,0.00028689051,0.00028689051,-4.6615218e-06,-4.6615218e-06,0.00028689051,0.00028689051,0.00028222899,0.00028222899,1.5485261e-15,1.5485261e-15,-0.0016303744,-0.0016303744,-0.0016303744,-0.0016303744,-0.00028689051,-0.00028689051,-2.9457553e-06,-2.9457553e-06,1.3497709e-17,1.3497709e-17,5.6684955e-08,5.6684955e-08,-3.0024403e-06,-3.0024403e-06,-9.4007882e-06,-9.4007882e-06,1.5614029e-15,1.5614029e-15,0.075464443,0.075464443,9.8749864e-14,9.8749864e-14,0.089047513,0.089047513,4.9563497e-14,4.9563497e-14,-0.0016303744,-0.0016303744,0.0019126034,0.0019126034,-0.00032607488,-0.00032607488,3.0896684e-16,3.0896684e-16,4.3967529e-14,4.3967529e-14,-4.403933e-14,-4.403933e-14,1.2472324e-18,1.2472324e-18,-1.7115801e-18,-1.7115801e-18,-0.00030392568,-0.00030392568,-5.213125e-18,-5.213125e-18,5.2757077e-18,5.2757077e-18,1.8308728e-18,1.8308728e-18,2.4220114e-06,2.4220114e-06,1.3181586e-32,1.3181586e-32
-0.0016134539,-0.0016134539,0.0016134539,0.0016134539,-1.8056303e-15,-1.8056303e-15,-1.4971867e-15,-1.4971867e-15,0.0016134539,0.0016134539,-0.00044402589,-0.00044402589,-0.00028391446,-0.00028391446,-0.00044227866,-0.00044227866,-0.00028391446,-0.00028391446,0.00027930912,0.00027930912,1.5554077e-15,1.5554077e-15,1.6854607e-05,1.6854607e-05,1.6854607e-05,1.6854607e-05,2.4683521e-17,2.4683521e-17,-0.0016088486,-0.0016088486,-0.00028391446,-0.00028391446,-0.0016088486,-0.0016088486,-0.00028391446,-0.00028391446,3.6300816e-17,3.6300816e-17,-4.9118879e-17,-4.9118879e-17,-0.0018927631,-0.0018927631,-1.1427155e-17,-1.1427155e-17,-0.0016040337,-0.0016040337,3.0472118e-16,3.0472118e-16,-4.6053398e-06,-4.6053398e-06,0.00028391446,0.00028391446,-4.6053398e-06,-4.6053398e-06,0.00028391446,0.00028391446,0.00027930912,0.00027930912,1.5548365e-15,1.5548365e-15,-0.0016134539,-0.0016134539,-0.0016134539,-0.0016134539,-0.00028391446,-0.00028391446,-2.9198669e-06,-2.9198669e-06,1.3310688e-17,1.3310688e-17,5.6182023e-08,5.6182023e-08,-2.9760489e-06,-2.9760489e-06,-9.7577006e-06,-9.7577006e-06,1.5674752e-15,1.5674752e-15,0.074400968,0.074400968,9.9139908e-14,9.9139908e-14,0.088106879,0.088106879,4.9762715e-14,4.9762715e-14,-0.0016134539,-0.0016134539,0.0018927631,0.0018927631,-0.00032269079,-0.00032269079,3.1057498e-16,3.1057498e-16,4.4151828e-14,4.4151828e-14,-4.422318e-14,-4.422318e-14,1.2360687e-18,1.2360687e-18,-1.6710553e-18,-1.6710553e-18,-0.0002887294,-0.0002887294,-4.772984e-18,-4.772984e-18,5.1695625e-18,5.1695625e-18,1.7772525e-18,1.7772525e-18,2.4024335e-06,2.4024335e-06,1.2809568e-32,1.2809568e-32
-0.0015966836,-0.0015966836,0.0015966836,0.0015966836,-1.8294827e-15,-1.8294827e-15,-1.5025829e-15,-1.5025829e-15,0.0015966836,0.0015966836,-0.00043109914,-0.00043109914,-0.00028096482,-0.00028096482,-0.00042936607,-0.00042936607,-0.00028096482,-0.00028096482,0.00027641515,0.00027641515,1.5616192e-15,1.5616192e-15,1.6703741e-05,1.6703741e-05,1.6703741e-05,1.6703741e-05,2.4347617e-17,2.4347617e-17,-0.001592134,-0.001592134,-0.00028096482,-0.00028096482,-0.001592134,-0.001592134,-0.00028096482,-0.00028096482,3.8981526e-17,3.8981526e-17,-4.9815556e-17,-4.9815556e-17,-0.0018730988,-0.0018730988,-9.4575443e-18,-9.4575443e-18,-0.0015988058,-0.0015988058,3.026023e-16,3.026023e-16,-4.5496606e-06,-4.5496606e-06,0.00028096482,0.00028096482,-4.5496606e-06,-4.5496606e-06,0.00028096482,0.00028096482,0.00027641515,0.00027641515,1.5610491e-15,1.5610491e-15,-0.0015966836,-0.0015966836,-0.0015966836,-0.0015966836,-0.00028096482,-0.00028096482,-2.8939658e-06,-2.8939658e-06,1.3127513e-17,1.3127513e-17,5.5679138e-08,5.5679138e-08,-2.949645e-06,-2.949645e-06,-1.0087462e-05,-1.0087462e-05,1.5734562e-15,1.5734562e-15,0.073361923,0.073361923,9.9524081e-14,9.9524081e-14,0.087175683,0.087175683,4.9958925e-14,4.9958925e-14,-0.0015966836,-0.0015966836,0.0018730988,0.0018730988,-0.00031933672,-0.00031933672,3.1215986e-16,3.1215986e-16,4.4334149e-14,4.4334149e-14,-4.440505e-14,-4.440505e-14,1.2249656e-18,1.2249656e-18,-1.63208e-18,-1.63208e-18,-0.00027429293,-0.00027429293,-4.3527598e-18,-4.3527598e-18,5.0670494e-18,5.0670494e-18,1.725916e-18,1.725916e-18,2.3829694e-06,2.3829694e-06,1.2450647e-32,1.2450647e-32
-0.0015800634,-0.0015800634,0.0015800634,0.0015800634,-1.8531184e-15,-1.8531184e-15,-1.507885e-15,-1.507885e-15,0.0015800634,0.0015800634,-0.00041871903,-0.00041871903,-0.00027804157,-0.00027804157,-0.00041700004,-0.00041700004,-0.00027804157,-0.00027804157,0.00027354709,0.00027354709,1.5677349e-15,1.5677349e-15,1.655297e-05,1.655297e-05,1.655297e-05,1.655297e-05,2.4018502e-17,2.4018502e-17,-0.0015755689,-0.0015755689,-0.00027804157,-0.00027804157,-0.0015755689,-0.0015755689,-0.00027804157,-0.00027804157,4.1631496e-17,4.1631496e-17,-5.0510643e-17,-5.0510643e-17,-0.0018536105,-0.0018536105,-7.5169546e-18,-7.5169546e-18,-0.0015930322,-0.0015930322,3.0052987e-16,3.0052987e-16,-4.4944841e-06,-4.4944841e-06,0.00027804157,0.00027804157,-4.4944841e-06,-4.4944841e-06,0.00027804157,0.00027804157,0.00027354709,0.00027354709,1.5671661e-15,1.5671661e-15,-0.0015800634,-0.0015800634,-0.0015800634,-0.0015800634,-0.00027804157,-0.00027804157,-2.8680669e-06,-2.8680669e-06,1.2948063e-17,1.2948063e-17,5.5176567e-08,5.5176567e-08,-2.9232434e-06,-2.9232434e-06,-1.0391531e-05,-1.0391531e-05,1.5793481e-15,1.5793481e-15,0.072346395,0.072346395,9.9902515e-14,9.9902515e-14,0.086253857,0.086253857,5.0152194e-14,5.0152194e-14,-0.0015800634,-0.0015800634,0.0018536105,0.0018536105,-0.00031601268,-0.00031601268,3.1372193e-16,3.1372193e-16,4.4514516e-14,4.4514516e-14,-4.4584963e-14,-4.4584963e-14,1.2139241e-18,1.2139241e-18,-1.5945826e-18,-1.5945826e-18,-0.00026057828,-0.00026057828,-3.9516838e-18,-3.9516838e-18,4.9680062e-18,4.9680062e-18,1.6767543e-18,1.6767543e-18,2.3636186e-06,2.3636186e-06,1.2104249e-32,1.2104249e-32
-0.0015635932,-0.0015635932,0.0015635932,0.0015635932,-1.8769708e-15,-1.8769708e-15,-1.5130956e-15,-1.5130956e-15,0.0015635932,0.0015635932,-0.00040685931,-0.00040685931,-0.00027514471,-0.00027514471,-0.0004051543,-0.0004051543,-0.00027514471,-0.00027514471,0.0002707049,0.0002707049,1.573757e-15,1.573757e-15,1.6402369e-05,1.6402369e-05,1.6402369e-05,1.6402369e-05,2.3695965e-17,2.3695965e-17,-0.0015591534,-0.0015591534,-0.00027514471,-0.00027514471,-0.0015591534,-0.0015591534,-0.00027514471,-0.00027514471,4.4251143e-17,4.4251143e-17,-5.1203986e-17,-5.1203986e-17,-0.0018342981,-0.0018342981,-5.604816e-18,-5.604816e-18,-0.0015867487,-0.0015867487,2.9850229e-16,2.9850229e-16,-4.4398095e-06,-4.4398095e-06,0.00027514471,0.00027514471,-4.4398095e-06,-4.4398095e-06,0.00027514471,0.00027514471,0.0002707049,0.0002707049,1.5731897e-15,1.5731897e-15,-0.0015635932,-0.0015635932,-0.0015635932,-0.0015635932,-0.00027514471,-0.00027514471,-2.8421838e-06,-2.8421838e-06,1.2772226e-17,1.2772226e-17,5.4674562e-08,5.4674562e-08,-2.8968583e-06,-2.8968583e-06,-1.0671291e-05,-1.0671291e-05,1.5851529e-15,1.5851529e-15,0.071353514,0.071353514,1.0027534e-13,1.0027534e-13,0.085341333,0.085341333,5.0342591e-14,5.0342591e-14,-0.0015635932,-0.0015635932,0.0018342981,0.0018342981,-0.00031271864,-0.00031271864,3.1526167e-16,3.1526167e-16,4.469295e-14,4.469295e-14,-4.4762941e-14,-4.4762941e-14,1.2029453e-18,1.2029453e-18,-1.5584947e-18,-1.5584947e-18,-0.00024754937,-0.00024754937,-3.569013e-18,-3.569013e-18,4.8722782e-18,4.8722782e-18,1.6296638e-18,1.6296638e-18,2.3443809e-06,2.3443809e-06,1.1769828e-32,1.1769828e-32
-0.0015472728,-0.0015472728,0.0015472728,0.0015472728,-1.8999559e-15,-1.8999559e-15,-1.5182169e-15,-1.5182169e-15,0.0015472728,0.0015472728,-0.00039549501,-0.00039549501,-0.00027227421,-0.00027227421,-0.00039380392,-0.00039380392,-0.00027227421,-0.00027227421,0.00026788857,0.00026788857,1.5796876e-15,1.5796876e-15,1.6252008e-05,1.6252008e-05,1.6252008e-05,1.6252008e-05,2.3379803e-17,2.3379803e-17,-0.0015428872,-0.0015428872,-0.00027227421,-0.00027227421,-0.0015428872,-0.0015428872,-0.00027227421,-0.00027227421,4.6840876e-17,4.6840876e-17,-5.1895436e-17,-5.1895436e-17,-0.0018151614,-0.0018151614,-3.7205704e-18,-3.7205704e-18,-0.0015799895,-0.0015799895,2.96518e-16,2.96518e-16,-4.3856361e-06,-4.3856361e-06,0.00027227421,0.00027227421,-4.3856361e-06,-4.3856361e-06,0.00027227421,0.00027227421,0.00026788857,0.00026788857,1.5791221e-15,1.5791221e-15,-0.0015472728,-0.0015472728,-0.0015472728,-0.0015472728,-0.00027227421,-0.00027227421,-2.8163296e-06,-2.8163296e-06,1.2599892e-17,1.2599892e-17,5.4173359e-08,5.4173359e-08,-2.8705029e-06,-2.8705029e-06,-1.0928054e-05,-1.0928054e-05,1.5908724e-15,1.5908724e-15,0.070382451,0.070382451,1.0064267e-13,1.0064267e-13,0.084438043,0.084438043,5.0530177e-14,5.0530177e-14,-0.0015472728,-0.0015472728,0.0018151614,0.0018151614,-0.00030945457,-0.00030945457,3.167795e-16,3.167795e-16,4.4869474e-14,4.4869474e-14,-4.4939007e-14,-4.4939007e-14,1.1920304e-18,1.1920304e-18,-1.5237514e-18,-1.5237514e-18,-0.0002351719,-0.0002351719,-3.2040295e-18,-3.2040295e-18,4.7797185e-18,4.7797185e-18,1.5845456e-18,1.5845456e-18,2.3252559e-06,2.3252559e-06,1.1446866e-32,1.1446866e-32
-0.0015311021,-0.0015311021,0.0015311021,0.0015311021,-1.922941e-15,-1.922941e-15,-1.5232512e-15,-1.5232512e-15,0.0015311021,0.0015311021,-0.00038460241,-0.00038460241,-0.00026943002,-0.00026943002,-0.00038292515,-0.00038292515,-0.00026943002,-0.00026943002,0.00026509806,0.00026509806,1.5855288e-15,1.5855288e-15,1.6101954e-05,1.6101954e-05,1.6101954e-05,1.6101954e-05,2.3069821e-17,2.3069821e-17,-0.0015267701,-0.0015267701,-0.00026943002,-0.00026943002,-0.0015267701,-0.0015267701,-0.00026943002,-0.00026943002,4.9401096e-17,4.9401096e-17,-5.258485e-17,-5.258485e-17,-0.0017962001,-0.0017962001,-1.8636723e-18,-1.8636723e-18,-0.0015727868,-0.0015727868,2.9457551e-16,2.9457551e-16,-4.331963e-06,-4.331963e-06,0.00026943002,0.00026943002,-4.331963e-06,-4.331963e-06,0.00026943002,0.00026943002,0.00026509806,0.00026509806,1.5849653e-15,1.5849653e-15,-0.0015311021,-0.0015311021,-0.0015311021,-0.0015311021,-0.00026943002,-0.00026943002,-2.7905164e-06,-2.7905164e-06,1.2430954e-17,1.2430954e-17,5.367318e-08,5.367318e-08,-2.8441896e-06,-2.8441896e-06,-1.1163069e-05,-1.1163069e-05,1.5965085e-15,1.5965085e-15,0.069432415,0.069432415,1.0100465e-13,1.0100465e-13,0.083543915,0.083543915,5.0715016e-14,5.0715016e-14,-0.0015311021,-0.0015311021,0.0017962001,0.0017962001,-0.00030622042,-0.00030622042,3.1827587e-16,3.1827587e-16,4.504411e-14,4.504411e-14,-4.5113183e-14,-4.5113183e-14,1.1811801e-18,1.1811801e-18,-1.4902907e-18,-1.4902907e-18,-0.0002234133,-0.0002234133,-2.8560401e-18,-2.8560401e-18,4.690187e-18,4.690187e-18,1.5413059e-18,1.5413059e-18,2.3062434e-06,2.3062434e-06,1.1134871e-32,1.1134871e-32
-0.0015150806,-0.0015150806,0.0015150806,0.0015150806,-1.9452755e-15,-1.9452755e-15,-1.5282007e-15,-1.5282007e-15,0.0015150806,0.0015150806,-0.00037415897,-0.00037415897,-0.00026661209,-0.00026661209,-0.00037249545,-0.00037249545,-0.00026661209,-0.00026661209,0.0002623333,0.0002623333,1.5912827e-15,1.5912827e-15,1.595227e-05,1.595227e-05,1.595227e-05,1.595227e-05,2.2765831e-17,2.2765831e-17,-0.0015108018,-0.0015108018,-0.00026661209,-0.00026661209,-0.0015108018,-0.0015108018,-0.00026661209,-0.00026661209,5.1932198e-17,5.1932198e-17,-5.3272086e-17,-5.3272086e-17,-0.0017774139,-0.0017774139,-3.3587662e-20,-3.3587662e-20,-0.0015651713,-0.0015651713,2.9267341e-16,2.9267341e-16,-4.2787887e-06,-4.2787887e-06,0.00026661209,0.00026661209,-4.2787887e-06,-4.2787887e-06,0.00026661209,0.00026661209,0.0002623333,0.0002623333,1.5907213e-15,1.5907213e-15,-0.0015150806,-0.0015150806,-0.0015150806,-0.0015150806,-0.00026661209,-0.00026661209,-2.7647558e-06,-2.7647558e-06,1.2265311e-17,1.2265311e-17,5.3174232e-08,5.3174232e-08,-2.81793e-06,-2.81793e-06,-1.1377519e-05,-1.1377519e-05,1.6020631e-15,1.6020631e-15,0.068502651,0.068502651,1.0136137e-13,1.0136137e-13,0.082658881,0.082658881,5.0897168e-14,5.0897168e-14,-0.0015150806,-0.0015150806,0.0017774139,0.0017774139,-0.00030301613,-0.00030301613,3.197512e-16,3.197512e-16,4.5216878e-14,4.5216878e-14,-4.528549e-14,-4.528549e-14,1.1703953e-18,1.1703953e-18,-1.4580539e-18,-1.4580539e-18,-0.00021224264,-0.00021224264,-2.5243751e-18,-2.5243751e-18,4.6035504e-18,4.6035504e-18,1.4998555e-18,1.4998555e-18,2.287343e-06,2.287343e-06,1.0833378e-32,1.0833378e-32
-0.0014992081,-0.0014992081,0.0014992081,0.0014992081,-1.9673933e-15,-1.9673933e-15,-1.5330675e-15,-1.5330675e-15,0.0014992081,0.0014992081,-0.00036414324,-0.00036414324,-0.00026382036,-0.00026382036,-0.00036249339,-0.00036249339,-0.00026382036,-0.00026382036,0.00025959424,0.00025959424,1.5969512e-15,1.5969512e-15,1.5803013e-05,1.5803013e-05,1.5803013e-05,1.5803013e-05,2.2467653e-17,2.2467653e-17,-0.001494982,-0.001494982,-0.00026382036,-0.00026382036,-0.001494982,-0.001494982,-0.00026382036,-0.00026382036,5.4434569e-17,5.4434569e-17,-5.3957009e-17,-5.3957009e-17,-0.0017588024,-0.0017588024,1.7702054e-18,1.7702054e-18,-0.0015571719,-0.0015571719,2.9081035e-16,2.9081035e-16,-4.226112e-06,-4.226112e-06,0.00026382036,0.00026382036,-4.226112e-06,-4.226112e-06,0.00026382036,0.00026382036,0.00025959424,0.00025959424,1.5963921e-15,1.5963921e-15,-0.0014992081,-0.0014992081,-0.0014992081,-0.0014992081,-0.00026382036,-0.00026382036,-2.7390583e-06,-2.7390583e-06,1.2102864e-17,1.2102864e-17,5.267671e-08,5.267671e-08,-2.791735e-06,-2.791735e-06,-1.1572526e-05,-1.1572526e-05,1.6075378e-15,1.6075378e-15,0.067592438,0.067592438,1.0171295e-13,1.0171295e-13,0.081782869,0.081782869,5.107669e-14,5.107669e-14,-0.0014992081,-0.0014992081,0.0017588024,0.0017588024,-0.00029984163,-0.00029984163,3.2120589e-16,3.2120589e-16,4.5387801e-14,4.5387801e-14,-4.5455949e-14,-4.5455949e-14,1.159677e-18,1.159677e-18,-1.4269848e-18,-1.4269848e-18,-0.00020163051,-0.00020163051,-2.2083883e-18,-2.2083883e-18,4.5196818e-18,4.5196818e-18,1.4601095e-18,1.4601095e-18,2.2685547e-06,2.2685547e-06,1.0541942e-32,1.0541942e-32
-0.0014834841,-0.0014834841,0.0014834841,0.0014834841,-1.9899447e-15,-1.9899447e-15,-1.5378536e-15,-1.5378536e-15,0.0014834841,0.0014834841,-0.00035453487,-0.00035453487,-0.00026105474,-0.00026105474,-0.00035289859,-0.00035289859,-0.00026105474,-0.00026105474,0.00025688081,0.00025688081,1.6025361e-15,1.6025361e-15,1.5654239e-05,1.5654239e-05,1.5654239e-05,1.5654239e-05,2.2175113e-17,2.2175113e-17,-0.0014793102,-0.0014793102,-0.00026105474,-0.00026105474,-0.0014793102,-0.0014793102,-0.00026105474,-0.00026105474,5.6908588e-17,5.6908588e-17,-5.463949e-17,-5.463949e-17,-0.0017403649,-0.0017403649,3.5482172e-18,3.5482172e-18,-0.001548816,-0.001548816,2.8898501e-16,2.8898501e-16,-4.1739312e-06,-4.1739312e-06,0.00026105474,0.00026105474,-4.1739312e-06,-4.1739312e-06,0.00026105474,0.00026105474,0.00025688081,0.00025688081,1.6019796e-15,1.6019796e-15,-0.0014834841,-0.0014834841,-0.0014834841,-0.0014834841,-0.00026105474,-0.00026105474,-2.713434e-06,-2.713434e-06,1.194352e-17,1.194352e-17,5.2180796e-08,5.2180796e-08,-2.7656148e-06,-2.7656148e-06,-1.1749156e-05,-1.1749156e-05,1.6129345e-15,1.6129345e-15,0.066701089,0.066701089,1.0205951e-13,1.0205951e-13,0.080915806,0.080915806,5.1253639e-14,5.1253639e-14,-0.0014834841,-0.0014834841,0.0017403649,0.0017403649,-0.00029669683,-0.00029669683,3.2264035e-16,3.2264035e-16,4.5556899e-14,4.5556899e-14,-4.5624582e-14,-4.5624582e-14,1.1490258e-18,1.1490258e-18,-1.3970303e-18,-1.3970303e-18,-0.00019154898,-0.00019154898,-1.9074558e-18,-1.9074558e-18,4.4384602e-18,4.4384602e-18,1.4219869e-18,1.4219869e-18,2.2498781e-06,2.2498781e-06,1.0260143e-32,1.0260143e-32
-0.0014679082,-0.0014679082,0.0014679082,0.0014679082,-2.0116287e-15,-2.0116287e-15,-1.5425611e-15,-1.5425611e-15,0.0014679082,0.0014679082,-0.00034531447,-0.00034531447,-0.00025831516,-0.00025831516,-0.0003436917,-0.0003436917,-0.00025831516,-0.00025831516,0.00025419292,0.00025419292,1.6080395e-15,1.6080395e-15,1.5505998e-05,1.5505998e-05,1.5505998e-05,1.5505998e-05,2.1888043e-17,2.1888043e-17,-0.0014637859,-0.0014637859,-0.00025831516,-0.00025831516,-0.0014637859,-0.0014637859,-0.00025831516,-0.00025831516,5.9354628e-17,5.9354628e-17,-5.5319401e-17,-5.5319401e-17,-0.0017221011,-0.0017221011,5.3009465e-18,5.3009465e-18,-0.0015401295,-0.0015401295,2.8719616e-16,2.8719616e-16,-4.1222446e-06,-4.1222446e-06,0.00025831516,0.00025831516,-4.1222446e-06,-4.1222446e-06,0.00025831516,0.00025831516,0.00025419292,0.00025419292,1.6074856e-15,1.6074856e-15,-0.0014679082,-0.0014679082,-0.0014679082,-0.0014679082,-0.00025831516,-0.00025831516,-2.6878923e-06,-2.6878923e-06,1.1787187e-17,1.1787187e-17,5.1686659e-08,5.1686659e-08,-2.739579e-06,-2.739579e-06,-1.1908422e-05,-1.1908422e-05,1.6182546e-15,1.6182546e-15,0.065827947,0.065827947,1.0240115e-13,1.0240115e-13,0.080057621,0.080057621,5.142807e-14,5.142807e-14,-0.0014679082,-0.0014679082,0.0017221011,0.0017221011,-0.00029358163,-0.00029358163,3.2405497e-16,3.2405497e-16,4.5724192e-14,4.5724192e-14,-4.579141e-14,-4.579141e-14,1.1384423e-18,1.1384423e-18,-1.3681396e-18,-1.3681396e-18,-0.00018197153,-0.00018197153,-1.620976e-18,-1.620976e-18,4.3597707e-18,4.3597707e-18,1.3854111e-18,1.3854111e-18,2.2313132e-06,2.2313132e-06,9.9875809e-33,9.9875809e-33
-0.0014524797,-0.0014524797,0.0014524797,0.0014524797,-2.0322286e-15,-2.0322286e-15,-1.5471918e-15,-1.5471918e-15,0.0014524797,0.0014524797,-0.00033646366,-0.00033646366,-0.00025560153,-0.00025560153,-0.00033485431,-0.00033485431,-0.00025560153,-0.00025560153,0.00025153048,0.00025153048,1.6134629e-15,1.6134629e-15,1.5358338e-05,1.5358338e-05,1.5358338e-05,1.5358338e-05,2.1606284e-17,2.1606284e-17,-0.0014484086,-0.0014484086,-0.00025560153,-0.00025560153,-0.0014484086,-0.0014484086,-0.00025560153,-0.00025560153,6.1773056e-17,6.1773056e-17,-5.599662e-17,-5.599662e-17,-0.0017040102,-0.0017040102,7.0288809e-18,7.0288809e-18,-0.0015311372,-0.0015311372,2.8544261e-16,2.8544261e-16,-4.0710501e-06,-4.0710501e-06,0.00025560153,0.00025560153,-4.0710501e-06,-4.0710501e-06,0.00025560153,0.00025560153,0.00025153048,0.00025153048,1.6129118e-15,1.6129118e-15,-0.0014524797,-0.0014524797,-0.0014524797,-0.0014524797,-0.00025560153,-0.00025560153,-2.662442e-06,-2.662442e-06,1.1633777e-17,1.1633777e-17,5.1194459e-08,5.1194459e-08,-2.7136365e-06,-2.7136365e-06,-1.2051283e-05,-1.2051283e-05,1.6234999e-15,1.6234999e-15,0.064972386,0.064972386,1.0273797e-13,1.0273797e-13,0.079208241,0.079208241,5.1600037e-14,5.1600037e-14,-0.0014524797,-0.0014524797,0.0017040102,0.0017040102,-0.00029049594,-0.00029049594,3.2545013e-16,3.2545013e-16,4.5889702e-14,4.5889702e-14,-4.5956452e-14,-4.5956452e-14,1.1279273e-18,1.1279273e-18,-1.3402644e-18,-1.3402644e-18,-0.00017287296,-0.00017287296,-1.3483682e-18,-1.3483682e-18,4.2835036e-18,4.2835036e-18,1.3503089e-18,1.3503089e-18,2.2128598e-06,2.2128598e-06,9.7238745e-33,9.7238745e-33
-0.0014371981,-0.0014371981,0.0014371981,0.0014371981,-2.0536958e-15,-2.0536958e-15,-1.5517476e-15,-1.5517476e-15,0.0014371981,0.0014371981,-0.00032796492,-0.00032796492,-0.00025291373,-0.00025291373,-0.00032636891,-0.00032636891,-0.00025291373,-0.00025291373,0.00024889338,0.00024889338,1.6188082e-15,1.6188082e-15,1.5211303e-05,1.5211303e-05,1.5211303e-05,1.5211303e-05,2.1329681e-17,2.1329681e-17,-0.0014331778,-0.0014331778,-0.00025291373,-0.00025291373,-0.0014331778,-0.0014331778,-0.00025291373,-0.00025291373,6.416423e-17,6.416423e-17,-5.667103e-17,-5.667103e-17,-0.0016860915,-0.0016860915,8.7324965e-18,8.7324965e-18,-0.0015218622,-0.0015218622,2.8372321e-16,2.8372321e-16,-4.0203458e-06,-4.0203458e-06,0.00025291373,0.00025291373,-4.0203458e-06,-4.0203458e-06,0.00025291373,0.00025291373,0.00024889338,0.00024889338,1.61826e-15,1.61826e-15,-0.0014371981,-0.0014371981,-0.0014371981,-0.0014371981,-0.00025291373,-0.00025291373,-2.6370913e-06,-2.6370913e-06,1.1483207e-17,1.1483207e-17,5.0704345e-08,5.0704345e-08,-2.6877956e-06,-2.6877956e-06,-1.2178651e-05,-1.2178651e-05,1.6286719e-15,1.6286719e-15,0.064133807,0.064133807,1.0307008e-13,1.0307008e-13,0.078367593,0.078367593,5.1769589e-14,5.1769589e-14,-0.0014371981,-0.0014371981,0.0016860915,0.0016860915,-0.00028743963,-0.00028743963,3.268262e-16,3.268262e-16,4.6053447e-14,4.6053447e-14,-4.611973e-14,-4.611973e-14,1.1174813e-18,1.1174813e-18,-1.3133588e-18,-1.3133588e-18,-0.00016422931,-0.00016422931,-1.0890728e-18,-1.0890728e-18,4.2095545e-18,4.2095545e-18,1.3166107e-18,1.3166107e-18,2.1945178e-06,2.1945178e-06,9.4686625e-33,9.4686625e-33
-0.0014220629,-0.0014220629,0.0014220629,0.0014220629,-2.0749461e-15,-2.0749461e-15,-1.5562304e-15,-1.5562304e-15,0.0014220629,0.0014220629,-0.00031980164,-0.00031980164,-0.00025025167,-0.00025025167,-0.00031821888,-0.00031821888,-0.00025025167,-0.00025025167,0.00024628154,0.00024628154,1.624077e-15,1.624077e-15,1.5064936e-05,1.5064936e-05,1.5064936e-05,1.5064936e-05,2.1058085e-17,2.1058085e-17,-0.0014180928,-0.0014180928,-0.00025025167,-0.00025025167,-0.0014180928,-0.0014180928,-0.00025025167,-0.00025025167,6.6528504e-17,6.6528504e-17,-5.734252e-17,-5.734252e-17,-0.0016683444,-0.0016683444,1.0412259e-17,1.0412259e-17,-0.0015123266,-0.0015123266,2.8203688e-16,2.8203688e-16,-3.9701293e-06,-3.9701293e-06,0.00025025167,0.00025025167,-3.9701293e-06,-3.9701293e-06,0.00025025167,0.00025025167,0.00024628154,0.00024628154,1.6235319e-15,1.6235319e-15,-0.0014220629,-0.0014220629,-0.0014220629,-0.0014220629,-0.00025025167,-0.00025025167,-2.6118477e-06,-2.6118477e-06,1.1335394e-17,1.1335394e-17,5.0216453e-08,5.0216453e-08,-2.6620642e-06,-2.6620642e-06,-1.229139e-05,-1.229139e-05,1.633772e-15,1.633772e-15,0.06331164,0.06331164,1.0339756e-13,1.0339756e-13,0.077535603,0.077535603,5.1936778e-14,5.1936778e-14,-0.0014220629,-0.0014220629,0.0016683444,0.0016683444,-0.00028441258,-0.00028441258,3.2818354e-16,3.2818354e-16,4.6215448e-14,4.6215448e-14,-4.6281263e-14,-4.6281263e-14,1.1071049e-18,1.1071049e-18,-1.2873791e-18,-1.2873791e-18,-0.00015601784,-0.00015601784,-8.4255005e-19,-8.4255005e-19,4.1378243e-18,4.1378243e-18,1.2842506e-18,1.2842506e-18,2.1762871e-06,2.1762871e-06,9.221601e-33,9.221601e-33
-0.0014070733,-0.0014070733,0.0014070733,0.0014070733,-2.0959796e-15,-2.0959796e-15,-1.5606418e-15,-1.5606418e-15,0.0014070733,0.0014070733,-0.00031195799,-0.00031195799,-0.00024761522,-0.00024761522,-0.00031038841,-0.00031038841,-0.00024761522,-0.00024761522,0.00024369482,0.00024369482,1.629271e-15,1.629271e-15,1.4919274e-05,1.4919274e-05,1.4919274e-05,1.4919274e-05,2.0791352e-17,2.0791352e-17,-0.0014031529,-0.0014031529,-0.00024761522,-0.00024761522,-0.0014031529,-0.0014031529,-0.00024761522,-0.00024761522,6.8866224e-17,6.8866224e-17,-5.801098e-17,-5.801098e-17,-0.0016507681,-0.0016507681,1.2068621e-17,1.2068621e-17,-0.0015025512,-0.0015025512,2.8038256e-16,2.8038256e-16,-3.9203984e-06,-3.9203984e-06,0.00024761522,0.00024761522,-3.9203984e-06,-3.9203984e-06,0.00024761522,0.00024761522,0.00024369482,0.00024369482,1.628729e-15,1.628729e-15,-0.0014070733,-0.0014070733,-0.0014070733,-0.0014070733,-0.00024761522,-0.00024761522,-2.5867186e-06,-2.5867186e-06,1.1190261e-17,1.1190261e-17,4.9730914e-08,4.9730914e-08,-2.6364495e-06,-2.6364495e-06,-1.2390321e-05,-1.2390321e-05,1.6388017e-15,1.6388017e-15,0.062505338,0.062505338,1.0372052e-13,1.0372052e-13,0.076712198,0.076712198,5.210165e-14,5.210165e-14,-0.0014070733,-0.0014070733,0.0016507681,0.0016507681,-0.00028141466,-0.00028141466,3.295225e-16,3.295225e-16,4.6375725e-14,4.6375725e-14,-4.6441071e-14,-4.6441071e-14,1.0967985e-18,1.0967985e-18,-1.2622837e-18,-1.2622837e-18,-0.00014821695,-0.00014821695,-6.0827973e-19,-6.0827973e-19,4.0682182e-18,4.0682182e-18,1.2531655e-18,1.2531655e-18,2.1581675e-06,2.1581675e-06,8.9823626e-33,8.9823626e-33
-0.0013922286,-0.0013922286,0.0013922286,0.0013922286,-2.1163626e-15,-2.1163626e-15,-1.5649836e-15,-1.5649836e-15,0.0013922286,0.0013922286,-0.00030441895,-0.00030441895,-0.00024500426,-0.00024500426,-0.00030286247,-0.00030286247,-0.00024500426,-0.00024500426,0.00024113311,0.00024113311,1.6343917e-15,1.6343917e-15,1.4774354e-05,1.4774354e-05,1.4774354e-05,1.4774354e-05,2.0529346e-17,2.0529346e-17,-0.0013883575,-0.0013883575,-0.00024500426,-0.00024500426,-0.0013883575,-0.0013883575,-0.00024500426,-0.00024500426,7.1177733e-17,7.1177733e-17,-5.8676308e-17,-5.8676308e-17,-0.0016333617,-0.0016333617,1.3702029e-17,1.3702029e-17,-0.0014925556,-0.0014925556,2.7875927e-16,2.7875927e-16,-3.8711505e-06,-3.8711505e-06,0.00024500426,0.00024500426,-3.8711505e-06,-3.8711505e-06,0.00024500426,0.00024500426,0.00024113311,0.00024113311,1.6338529e-15,1.6338529e-15,-0.0013922286,-0.0013922286,-0.0013922286,-0.0013922286,-0.00024500426,-0.00024500426,-2.5617104e-06,-2.5617104e-06,1.1047731e-17,1.1047731e-17,4.9247847e-08,4.9247847e-08,-2.6109582e-06,-2.6109582e-06,-1.2476221e-05,-1.2476221e-05,1.6437625e-15,1.6437625e-15,0.06171438,0.06171438,1.0403905e-13,1.0403905e-13,0.075897304,0.075897304,5.2264255e-14,5.2264255e-14,-0.0013922286,-0.0013922286,0.0016333617,0.0016333617,-0.00027844572,-0.00027844572,3.3084343e-16,3.3084343e-16,4.6534296e-14,4.6534296e-14,-4.6599173e-14,-4.6599173e-14,1.0865626e-18,1.0865626e-18,-1.2380329e-18,-1.2380329e-18,-0.0001408061,-0.0001408061,-3.8576062e-19,-3.8576062e-19,4.0006461e-18,4.0006461e-18,1.2232957e-18,1.2232957e-18,2.1401591e-06,2.1401591e-06,8.7506359e-33,8.7506359e-33
-0.0013775281,-0.0013775281,0.0013775281,0.0013775281,-2.1365288e-15,-2.1365288e-15,-1.5692575e-15,-1.5692575e-15,0.0013775281,0.0013775281,-0.00029717022,-0.00029717022,-0.00024241866,-0.00024241866,-0.00029562676,-0.00029562676,-0.00024241866,-0.00024241866,0.00023859628,0.00023859628,1.6394406e-15,1.6394406e-15,1.4630209e-05,1.4630209e-05,1.4630209e-05,1.4630209e-05,2.0271933e-17,2.0271933e-17,-0.0013737057,-0.0013737057,-0.00024241866,-0.00024241866,-0.0013737057,-0.0013737057,-0.00024241866,-0.00024241866,7.3463364e-17,7.3463364e-17,-5.9338404e-17,-5.9338404e-17,-0.0016161244,-0.0016161244,1.5312915e-17,1.5312915e-17,-0.0014823586,-0.0014823586,2.7716603e-16,2.7716603e-16,-3.8223832e-06,-3.8223832e-06,0.00024241866,0.00024241866,-3.8223832e-06,-3.8223832e-06,0.00024241866,0.00024241866,0.00023859628,0.00023859628,1.6389052e-15,1.6389052e-15,-0.0013775281,-0.0013775281,-0.0013775281,-0.0013775281,-0.00024241866,-0.00024241866,-2.5368294e-06,-2.5368294e-06,1.0907732e-17,1.0907732e-17,4.8767362e-08,4.8767362e-08,-2.5855967e-06,-2.5855967e-06,-1.254983e-05,-1.254983e-05,1.6486557e-15,1.6486557e-15,0.060938267,0.060938267,1.0435322e-13,1.0435322e-13,0.075090847,0.075090847,5.2424636e-14,5.2424636e-14,-0.0013775281,-0.0013775281,0.0016161244,0.0016161244,-0.00027550563,-0.00027550563,3.3214666e-16,3.3214666e-16,4.6691181e-14,4.6691181e-14,-4.6755588e-14,-4.6755588e-14,1.0763976e-18,1.0763976e-18,-1.2145892e-18,-1.2145892e-18,-0.0001337658,-0.0001337658,-1.7450978e-19,-1.7450978e-19,3.9350223e-18,3.9350223e-18,1.1945844e-18,1.1945844e-18,2.1222616e-06,2.1222616e-06,8.5261243e-33,8.5261243e-33
-0.0013629711,-0.0013629711,0.0013629711,0.0013629711,-2.1560444e-15,-2.1560444e-15,-1.5734649e-15,-1.5734649e-15,0.0013629711,0.0013629711,-0.00029019823,-0.00029019823,-0.00023985829,-0.00023985829,-0.0002886677,-0.0002886677,-0.00023985829,-0.00023985829,0.0002360842,0.0002360842,1.6444192e-15,1.6444192e-15,1.4486869e-05,1.4486869e-05,1.4486869e-05,1.4486869e-05,2.0018987e-17,2.0018987e-17,-0.001359197,-0.001359197,-0.00023985829,-0.00023985829,-0.001359197,-0.001359197,-0.00023985829,-0.00023985829,7.5723447e-17,7.5723447e-17,-5.9997174e-17,-5.9997174e-17,-0.0015990553,-0.0015990553,1.6901701e-17,1.6901701e-17,-0.0014719778,-0.0014719778,2.7560194e-16,2.7560194e-16,-3.7740936e-06,-3.7740936e-06,0.00023985829,0.00023985829,-3.7740936e-06,-3.7740936e-06,0.00023985829,0.00023985829,0.0002360842,0.0002360842,1.6438873e-15,1.6438873e-15,-0.0013629711,-0.0013629711,-0.0013629711,-0.0013629711,-0.00023985829,-0.00023985829,-2.5120813e-06,-2.5120813e-06,1.0770195e-17,1.0770195e-17,4.8289564e-08,4.8289564e-08,-2.5603708e-06,-2.5603708e-06,-1.2611848e-05,-1.2611848e-05,1.6534826e-15,1.6534826e-15,0.060176523,0.060176523,1.0466314e-13,1.0466314e-13,0.074292754,0.074292754,5.2582838e-14,5.2582838e-14,-0.0013629711,-0.0013629711,0.0015990553,0.0015990553,-0.00027259421,-0.00027259421,3.3343252e-16,3.3343252e-16,4.6846398e-14,4.6846398e-14,-4.6910336e-14,-4.6910336e-14,1.0663037e-18,1.0663037e-18,-1.1919166e-18,-1.1919166e-18,-0.00012707751,-0.00012707751,2.5937945e-20,2.5937945e-20,3.871265e-18,3.871265e-18,1.1669772e-18,1.1669772e-18,2.1044751e-06,2.1044751e-06,8.3085454e-33,8.3085454e-33
-0.0013485566,-0.0013485566,0.0013485566,0.0013485566,-2.1755601e-15,-2.1755601e-15,-1.5776074e-15,-1.5776074e-15,0.0013485566,0.0013485566,-0.00028349004,-0.00028349004,-0.000237323,-0.000237323,-0.00028197237,-0.00028197237,-0.000237323,-0.000237323,0.00023359673,0.00023359673,1.6493289e-15,1.6493289e-15,1.4344364e-05,1.4344364e-05,1.4344364e-05,1.4344364e-05,1.9770383e-17,1.9770383e-17,-0.0013448304,-0.0013448304,-0.000237323,-0.000237323,-0.0013448304,-0.0013448304,-0.000237323,-0.000237323,7.7958305e-17,7.7958305e-17,-6.0652527e-17,-6.0652527e-17,-0.0015821534,-0.0015821534,1.8468802e-17,1.8468802e-17,-0.0014614297,-0.0014614297,2.740661e-16,2.740661e-16,-3.7262791e-06,-3.7262791e-06,0.000237323,0.000237323,-3.7262791e-06,-3.7262791e-06,0.000237323,0.000237323,0.00023359673,0.00023359673,1.6488006e-15,1.6488006e-15,-0.0013485566,-0.0013485566,-0.0013485566,-0.0013485566,-0.000237323,-0.000237323,-2.4874714e-06,-2.4874714e-06,1.0635051e-17,1.0635051e-17,4.7814547e-08,4.7814547e-08,-2.5352859e-06,-2.5352859e-06,-1.266294e-05,-1.266294e-05,1.6582446e-15,1.6582446e-15,0.059428694,0.059428694,1.0496888e-13,1.0496888e-13,0.073502949,0.073502949,5.2738903e-14,5.2738903e-14,-0.0013485566,-0.0013485566,0.0015821534,0.0015821534,-0.00026971133,-0.00026971133,3.3470132e-16,3.3470132e-16,4.6999967e-14,4.6999967e-14,-4.7063434e-14,-4.7063434e-14,1.0562814e-18,1.0562814e-18,-1.1699811e-18,-1.1699811e-18,-0.00012072363,-0.00012072363,2.160305e-19,2.160305e-19,3.8092964e-18,3.8092964e-18,1.1404229e-18,1.1404229e-18,2.0867994e-06,2.0867994e-06,8.0976301e-33,8.0976301e-33
-0.001334284,-0.001334284,0.001334284,0.001334284,-2.1955094e-15,-2.1955094e-15,-1.5816866e-15,-1.5816866e-15,0.001334284,0.001334284,-0.0002770334,-0.0002770334,-0.00023481266,-0.00023481266,-0.0002755285,-0.0002755285,-0.00023481266,-0.00023481266,0.00023113372,0.00023113372,1.6541712e-15,1.6541712e-15,1.420272e-05,1.420272e-05,1.420272e-05,1.420272e-05,1.9526004e-17,1.9526004e-17,-0.0013306051,-0.0013306051,-0.00023481266,-0.00023481266,-0.0013306051,-0.0013306051,-0.00023481266,-0.00023481266,8.0168257e-17,8.0168257e-17,-6.1304378e-17,-6.1304378e-17,-0.0015654177,-0.0015654177,2.001462e-17,2.001462e-17,-0.0014507303,-0.0014507303,2.7255768e-16,2.7255768e-16,-3.6789367e-06,-3.6789367e-06,0.00023481266,0.00023481266,-3.6789367e-06,-3.6789367e-06,0.00023481266,0.00023481266,0.00023113372,0.00023113372,1.6536465e-15,1.6536465e-15,-0.001334284,-0.001334284,-0.001334284,-0.001334284,-0.00023481266,-0.00023481266,-2.4630046e-06,-2.4630046e-06,1.0502235e-17,1.0502235e-17,4.7342399e-08,4.7342399e-08,-2.510347e-06,-2.510347e-06,-1.2703736e-05,-1.2703736e-05,1.6629429e-15,1.6629429e-15,0.058694343,0.058694343,1.0527052e-13,1.0527052e-13,0.07272136,0.07272136,5.2892875e-14,5.2892875e-14,-0.001334284,-0.001334284,0.0015654177,0.0015654177,-0.0002668568,-0.0002668568,3.3595337e-16,3.3595337e-16,4.7151904e-14,4.7151904e-14,-4.7214902e-14,-4.7214902e-14,1.0463309e-18,1.0463309e-18,-1.1487502e-18,-1.1487502e-18,-0.00011468745,-0.00011468745,3.9619918e-19,3.9619918e-19,3.7490425e-18,3.7490425e-18,1.1148725e-18,1.1148725e-18,2.0692346e-06,2.0692346e-06,7.8931223e-33,7.8931223e-33
-0.0013201523,-0.0013201523,0.0013201523,0.0013201523,-2.2148082e-15,-2.2148082e-15,-1.5857038e-15,-1.5857038e-15,0.0013201523,0.0013201523,-0.00027081661,-0.00027081661,-0.0002323271,-0.0002323271,-0.00026932441,-0.00026932441,-0.0002323271,-0.0002323271,0.00022869504,0.00022869504,1.6589474e-15,1.6589474e-15,1.4061961e-05,1.4061961e-05,1.4061961e-05,1.4061961e-05,1.9285737e-17,1.9285737e-17,-0.0013165202,-0.0013165202,-0.0002323271,-0.0002323271,-0.0013165202,-0.0013165202,-0.0002323271,-0.0002323271,8.2353615e-17,8.2353615e-17,-6.1952645e-17,-6.1952645e-17,-0.0015488473,-0.0015488473,2.1539549e-17,2.1539549e-17,-0.0014398942,-0.0014398942,2.7107587e-16,2.7107587e-16,-3.6320635e-06,-3.6320635e-06,0.0002323271,0.0002323271,-3.6320635e-06,-3.6320635e-06,0.0002323271,0.0002323271,0.00022869504,0.00022869504,1.6584263e-15,1.6584263e-15,-0.0013201523,-0.0013201523,-0.0013201523,-0.0013201523,-0.0002323271,-0.0002323271,-2.4386856e-06,-2.4386856e-06,1.0371686e-17,1.0371686e-17,4.6873203e-08,4.6873203e-08,-2.4855588e-06,-2.4855588e-06,-1.2734835e-05,-1.2734835e-05,1.6675786e-15,1.6675786e-15,0.057973053,0.057973053,1.0556815e-13,1.0556815e-13,0.071947911,0.071947911,5.3044791e-14,5.3044791e-14,-0.0013201523,-0.0013201523,0.0015488473,0.0015488473,-0.00026403046,-0.00026403046,3.3718899e-16,3.3718899e-16,4.730223e-14,4.730223e-14,-4.7364758e-14,-4.7364758e-14,1.0364525e-18,1.0364525e-18,-1.1281929e-18,-1.1281929e-18,-0.00010895308,-0.00010895308,5.6685913e-19,5.6685913e-19,3.6904325e-18,3.6904325e-18,1.0902794e-18,1.0902794e-18,2.0517805e-06,2.0517805e-06,7.6947774e-33,7.6947774e-33
-0.0013061606,-0.0013061606,0.0013061606,0.0013061606,-2.234107e-15,-2.234107e-15,-1.5896605e-15,-1.5896605e-15,0.0013061606,0.0013061606,-0.00026482859,-0.00026482859,-0.00022986617,-0.00022986617,-0.000263349,-0.000263349,-0.00022986617,-0.00022986617,0.00022628052,0.00022628052,1.6636588e-15,1.6636588e-15,1.392211e-05,1.392211e-05,1.392211e-05,1.392211e-05,1.904947e-17,1.904947e-17,-0.001302575,-0.001302575,-0.00022986617,-0.00022986617,-0.001302575,-0.001302575,-0.00022986617,-0.00022986617,8.4514686e-17,8.4514686e-17,-6.259725e-17,-6.259725e-17,-0.0015324412,-0.0015324412,2.3043973e-17,2.3043973e-17,-0.0014289357,-0.0014289357,2.6961988e-16,2.6961988e-16,-3.5856564e-06,-3.5856564e-06,0.00022986617,0.00022986617,-3.5856564e-06,-3.5856564e-06,0.00022986617,0.00022986617,0.00022628052,0.00022628052,1.6631414e-15,1.6631414e-15,-0.0013061606,-0.0013061606,-0.0013061606,-0.0013061606,-0.00022986617,-0.00022986617,-2.4145184e-06,-2.4145184e-06,1.0243341e-17,1.0243341e-17,4.6407032e-08,4.6407032e-08,-2.4609254e-06,-2.4609254e-06,-1.2756803e-05,-1.2756803e-05,1.6721531e-15,1.6721531e-15,0.057264428,0.057264428,1.0586183e-13,1.0586183e-13,0.07118253,0.07118253,5.3194693e-14,5.3194693e-14,-0.0013061606,-0.0013061606,0.0015324412,0.0015324412,-0.00026123213,-0.00026123213,3.3840845e-16,3.3840845e-16,4.745096e-14,4.745096e-14,-4.751302e-14,-4.751302e-14,1.0266463e-18,1.0266463e-18,-1.1082799e-18,-1.1082799e-18,-0.00010350542,-0.00010350542,7.284099e-19,7.284099e-19,3.6333992e-18,3.6333992e-18,1.0665992e-18,1.0665992e-18,2.0344371e-06,2.0344371e-06,7.5023625e-33,7.5023625e-33
-0.0012923081,-0.0012923081,0.0012923081,0.0012923081,-2.2525384e-15,-2.2525384e-15,-1.593558e-15,-1.593558e-15,0.0012923081,0.0012923081,-0.00025905876,-0.00025905876,-0.00022742972,-0.00022742972,-0.0002575917,-0.0002575917,-0.00022742972,-0.00022742972,0.00022389001,0.00022389001,1.6683066e-15,1.6683066e-15,1.3783187e-05,1.3783187e-05,1.3783187e-05,1.3783187e-05,1.8817099e-17,1.8817099e-17,-0.0012887684,-0.0012887684,-0.00022742972,-0.00022742972,-0.0012887684,-0.0012887684,-0.00022742972,-0.00022742972,8.6651773e-17,8.6651773e-17,-6.3238121e-17,-6.3238121e-17,-0.0015161982,-0.0015161982,2.4528268e-17,2.4528268e-17,-0.001417868,-0.001417868,2.6818898e-16,2.6818898e-16,-3.5397125e-06,-3.5397125e-06,0.00022742972,0.00022742972,-3.5397125e-06,-3.5397125e-06,0.00022742972,0.00022742972,0.00022389001,0.00022389001,1.667793e-15,1.667793e-15,-0.0012923081,-0.0012923081,-0.0012923081,-0.0012923081,-0.00022742972,-0.00022742972,-2.390507e-06,-2.390507e-06,1.0117143e-17,1.0117143e-17,4.5943957e-08,4.5943957e-08,-2.4364509e-06,-2.4364509e-06,-1.2770179e-05,-1.2770179e-05,1.6766674e-15,1.6766674e-15,0.056568084,0.056568084,1.0615165e-13,1.0615165e-13,0.070425142,0.070425142,5.3342617e-14,5.3342617e-14,-0.0012923081,-0.0012923081,0.0015161982,0.0015161982,-0.00025846163,-0.00025846163,3.3961205e-16,3.3961205e-16,4.7598114e-14,4.7598114e-14,-4.7659705e-14,-4.7659705e-14,1.0169125e-18,1.0169125e-18,-1.0889832e-18,-1.0889832e-18,-9.8330153e-05,-9.8330153e-05,8.8123594e-19,8.8123594e-19,3.5778785e-18,3.5778785e-18,1.04379e-18,1.04379e-18,2.0172042e-06,2.0172042e-06,7.3156554e-33,7.3156554e-33
-0.0012785939,-0.0012785939,0.0012785939,0.0012785939,-2.2714036e-15,-2.2714036e-15,-1.5973977e-15,-1.5973977e-15,0.0012785939,0.0012785939,-0.0002534971,-0.0002534971,-0.00022501758,-0.00022501758,-0.00025204249,-0.00025204249,-0.00022501758,-0.00022501758,0.00022152336,0.00022152336,1.6728921e-15,1.6728921e-15,1.3645211e-05,1.3645211e-05,1.3645211e-05,1.3645211e-05,1.8588522e-17,1.8588522e-17,-0.0012750996,-0.0012750996,-0.00022501758,-0.00022501758,-0.0012750996,-0.0012750996,-0.00022501758,-0.00022501758,8.8765174e-17,8.8765174e-17,-6.3875188e-17,-6.3875188e-17,-0.0015001172,-0.0015001172,2.5992798e-17,2.5992798e-17,-0.0014067036,-0.0014067036,2.6678245e-16,2.6678245e-16,-3.4942284e-06,-3.4942284e-06,0.00022501758,0.00022501758,-3.4942284e-06,-3.4942284e-06,0.00022501758,0.00022501758,0.00022152336,0.00022152336,1.6723824e-15,1.6723824e-15,-0.0012785939,-0.0012785939,-0.0012785939,-0.0012785939,-0.00022501758,-0.00022501758,-2.3666548e-06,-2.3666548e-06,9.9930354e-18,9.9930354e-18,4.5484038e-08,4.5484038e-08,-2.4121389e-06,-2.4121389e-06,-1.2775474e-05,-1.2775474e-05,1.6811226e-15,1.6811226e-15,0.055883658,0.055883658,1.0643767e-13,1.0643767e-13,0.069675673,0.069675673,5.3488602e-14,5.3488602e-14,-0.0012785939,-0.0012785939,0.0015001172,0.0015001172,-0.00025571877,-0.00025571877,3.4080007e-16,3.4080007e-16,4.7743708e-14,4.7743708e-14,-4.780483e-14,-4.780483e-14,1.0072513e-18,1.0072513e-18,-1.070276e-18,-1.070276e-18,-9.3413645e-05,-9.3413645e-05,1.0257071e-18,1.0257071e-18,3.5238094e-18,3.5238094e-18,1.0218116e-18,1.0218116e-18,2.000082e-06,2.000082e-06,7.134444e-33,7.134444e-33
-0.0012650169,-0.0012650169,0.0012650169,0.0012650169,-2.2896181e-15,-2.2896181e-15,-1.6011807e-15,-1.6011807e-15,0.0012650169,0.0012650169,-0.00024813405,-0.00024813405,-0.00022262959,-0.00022262959,-0.00024669182,-0.00024669182,-0.00022262959,-0.00022262959,0.00021918039,0.00021918039,1.6774165e-15,1.6774165e-15,1.35082e-05,1.35082e-05,1.35082e-05,1.35082e-05,1.836364e-17,1.836364e-17,-0.0012615677,-0.0012615677,-0.00022262959,-0.00022262959,-0.0012615677,-0.0012615677,-0.00022262959,-0.00022262959,9.085518e-17,9.085518e-17,-6.4508384e-17,-6.4508384e-17,-0.0014841973,-0.0014841973,2.7437922e-17,2.7437922e-17,-0.0013954543,-0.0013954543,2.653996e-16,2.653996e-16,-3.4492011e-06,-3.4492011e-06,0.00022262959,0.00022262959,-3.4492011e-06,-3.4492011e-06,0.00022262959,0.00022262959,0.00021918039,0.00021918039,1.6769107e-15,1.6769107e-15,-0.0012650169,-0.0012650169,-0.0012650169,-0.0012650169,-0.00022262959,-0.00022262959,-2.3429653e-06,-2.3429653e-06,9.8709644e-18,9.8709644e-18,4.5027335e-08,4.5027335e-08,-2.3879926e-06,-2.3879926e-06,-1.2773171e-05,-1.2773171e-05,1.6855199e-15,1.6855199e-15,0.0552108,0.0552108,1.0671997e-13,1.0671997e-13,0.06893405,0.06893405,5.3632682e-14,5.3632682e-14,-0.0012650169,-0.0012650169,0.0014841973,0.0014841973,-0.00025300338,-0.00025300338,3.4197277e-16,3.4197277e-16,4.7887759e-14,4.7887759e-14,-4.7948415e-14,-4.7948415e-14,9.9766269e-19,9.9766269e-19,-1.052133e-18,-1.052133e-18,-8.8742963e-05,-8.8742963e-05,1.1621791e-18,1.1621791e-18,3.4711337e-18,3.4711337e-18,1.0006259e-18,1.0006259e-18,1.9830702e-06,1.9830702e-06,6.958526e-33,6.958526e-33
-0.0012515762,-0.0012515762,0.0012515762,0.0012515762,-2.3078327e-15,-2.3078327e-15,-1.6049084e-15,-1.6049084e-15,0.0012515762,0.0012515762,-0.00024296055,-0.00024296055,-0.00022026558,-0.00022026558,-0.00024153061,-0.00024153061,-0.00022026558,-0.00022026558,0.00021686095,0.00021686095,1.681881e-15,1.681881e-15,1.3372169e-05,1.3372169e-05,1.3372169e-05,1.3372169e-05,1.8142359e-17,1.8142359e-17,-0.0012481716,-0.0012481716,-0.00022026558,-0.00022026558,-0.0012481716,-0.0012481716,-0.00022026558,-0.00022026558,9.292208e-17,9.292208e-17,-6.513765e-17,-6.513765e-17,-0.0014684372,-0.0014684372,2.8863988e-17,2.8863988e-17,-0.0013841314,-0.0013841314,2.6403977e-16,2.6403977e-16,-3.4046272e-06,-3.4046272e-06,0.00022026558,0.00022026558,-3.4046272e-06,-3.4046272e-06,0.00022026558,0.00022026558,0.00021686095,0.00021686095,1.6813791e-15,1.6813791e-15,-0.0012515762,-0.0012515762,-0.0012515762,-0.0012515762,-0.00022026558,-0.00022026558,-2.3194412e-06,-2.3194412e-06,9.7508774e-18,9.7508774e-18,4.4573898e-08,4.4573898e-08,-2.3640151e-06,-2.3640151e-06,-1.2763728e-05,-1.2763728e-05,1.6898602e-15,1.6898602e-15,0.054549176,0.054549176,1.0699861e-13,1.0699861e-13,0.0682002,0.0682002,5.3774893e-14,5.3774893e-14,-0.0012515762,-0.0012515762,0.0014684372,0.0014684372,-0.00025031524,-0.00025031524,3.4313044e-16,3.4313044e-16,4.8030285e-14,4.8030285e-14,-4.8090474e-14,-4.8090474e-14,9.8814685e-19,9.8814685e-19,-1.0345301e-18,-1.0345301e-18,-8.4305815e-05,-8.4305815e-05,1.2909941e-18,1.2909941e-18,3.419796e-18,3.419796e-18,9.8019668e-19,9.8019668e-19,1.9661688e-06,1.9661688e-06,6.7877081e-33,6.7877081e-33
-0.0012382709,-0.0012382709,0.0012382709,0.0012382709,-2.3258305e-15,-2.3258305e-15,-1.608582e-15,-1.608582e-15,0.0012382709,0.0012382709,-0.00023796796,-0.00023796796,-0.00021792537,-0.00021792537,-0.00023655023,-0.00023655023,-0.00021792537,-0.00021792537,0.00021456486,0.00021456486,1.6862866e-15,1.6862866e-15,1.3237133e-05,1.3237133e-05,1.3237133e-05,1.3237133e-05,1.7924588e-17,1.7924588e-17,-0.0012349104,-0.0012349104,-0.00021792537,-0.00021792537,-0.0012349104,-0.0012349104,-0.00021792537,-0.00021792537,9.4966156e-17,9.4966156e-17,-6.5762926e-17,-6.5762926e-17,-0.0014528358,-0.0014528358,3.0271337e-17,3.0271337e-17,-0.0013727453,-0.0013727453,2.6270234e-16,2.6270234e-16,-3.3605034e-06,-3.3605034e-06,0.00021792537,0.00021792537,-3.3605034e-06,-3.3605034e-06,0.00021792537,0.00021792537,0.00021456486,0.00021456486,1.6857887e-15,1.6857887e-15,-0.0012382709,-0.0012382709,-0.0012382709,-0.0012382709,-0.00021792537,-0.00021792537,-2.2960853e-06,-2.2960853e-06,9.6327241e-18,9.6327241e-18,4.4123776e-08,4.4123776e-08,-2.3402091e-06,-2.3402091e-06,-1.2747582e-05,-1.2747582e-05,1.6941447e-15,1.6941447e-15,0.053898465,0.053898465,1.0727365e-13,1.0727365e-13,0.067474049,0.067474049,5.3915269e-14,5.3915269e-14,-0.0012382709,-0.0012382709,0.0014528358,0.0014528358,-0.00024765418,-0.00024765418,3.4427331e-16,3.4427331e-16,4.8171303e-14,4.8171303e-14,-4.8231026e-14,-4.8231026e-14,9.7870381e-19,9.7870381e-19,-1.0174442e-18,-1.0174442e-18,-8.0090524e-05,-8.0090524e-05,1.412481e-18,1.412481e-18,3.3697434e-18,3.3697434e-18,9.6048943e-19,9.6048943e-19,1.9493777e-06,1.9493777e-06,6.6218057e-33,6.6218057e-33
-0.0012251,-0.0012251,0.0012251,0.0012251,-2.3433946e-15,-2.3433946e-15,-1.6122025e-15,-1.6122025e-15,0.0012251,0.0012251,-0.00023314806,-0.00023314806,-0.00021560879,-0.00021560879,-0.00023174246,-0.00023174246,-0.00021560879,-0.00021560879,0.00021229196,0.00021229196,1.6906345e-15,1.6906345e-15,1.3103103e-05,1.3103103e-05,1.3103103e-05,1.3103103e-05,1.7710239e-17,1.7710239e-17,-0.0012217831,-0.0012217831,-0.00021560879,-0.00021560879,-0.0012217831,-0.0012217831,-0.00021560879,-0.00021560879,9.6987688e-17,9.6987688e-17,-6.6384159e-17,-6.6384159e-17,-0.0014373919,-0.0014373919,3.1660299e-17,3.1660299e-17,-0.0013613059,-0.0013613059,2.613867e-16,2.613867e-16,-3.3168264e-06,-3.3168264e-06,0.00021560879,0.00021560879,-3.3168264e-06,-3.3168264e-06,0.00021560879,0.00021560879,0.00021229196,0.00021229196,1.6901407e-15,1.6901407e-15,-0.0012251,-0.0012251,-0.0012251,-0.0012251,-0.00021560879,-0.00021560879,-2.2729001e-06,-2.2729001e-06,9.5164558e-18,9.5164558e-18,4.3677011e-08,4.3677011e-08,-2.3165771e-06,-2.3165771e-06,-1.2725144e-05,-1.2725144e-05,1.6983743e-15,1.6983743e-15,0.05325836,0.05325836,1.0754517e-13,1.0754517e-13,0.066755526,0.066755526,5.4053842e-14,5.4053842e-14,-0.0012251,-0.0012251,0.0014373919,0.0014373919,-0.00024501999,-0.00024501999,3.4540166e-16,3.4540166e-16,4.8310828e-14,4.8310828e-14,-4.8370086e-14,-4.8370086e-14,9.6933357e-19,9.6933357e-19,-1.0008535e-18,-1.0008535e-18,-7.6085998e-05,-7.6085998e-05,1.526956e-18,1.526956e-18,3.3209256e-18,3.3209256e-18,9.4147136e-19,9.4147136e-19,1.9326969e-06,1.9326969e-06,6.4606426e-33,6.4606426e-33
-0.0012120624,-0.0012120624,0.0012120624,0.0012120624,-2.3611755e-15,-2.3611755e-15,-1.6157712e-15,-1.6157712e-15,0.0012120624,0.0012120624,-0.00022849306,-0.00022849306,-0.00021331567,-0.00021331567,-0.00022709951,-0.00022709951,-0.00021331567,-0.00021331567,0.00021004208,0.00021004208,1.6949258e-15,1.6949258e-15,1.2970093e-05,1.2970093e-05,1.2970093e-05,1.2970093e-05,1.7499227e-17,1.7499227e-17,-0.0012087888,-0.0012087888,-0.00021331567,-0.00021331567,-0.0012087888,-0.0012087888,-0.00021331567,-0.00021331567,9.898695e-17,9.898695e-17,-6.7001297e-17,-6.7001297e-17,-0.0014221045,-0.0014221045,3.30312e-17,3.30312e-17,-0.0013498228,-0.0013498228,2.6009227e-16,2.6009227e-16,-3.2735928e-06,-3.2735928e-06,0.00021331567,0.00021331567,-3.2735928e-06,-3.2735928e-06,0.00021331567,0.00021331567,0.00021004208,0.00021004208,1.694436e-15,1.694436e-15,-0.0012120624,-0.0012120624,-0.0012120624,-0.0012120624,-0.00021331567,-0.00021331567,-2.2498877e-06,-2.2498877e-06,9.4020254e-18,9.4020254e-18,4.3233642e-08,4.3233642e-08,-2.2931213e-06,-2.2931213e-06,-1.2696805e-05,-1.2696805e-05,1.70255e-15,1.70255e-15,0.052628567,0.052628567,1.0781323e-13,1.0781323e-13,0.066044556,0.066044556,5.4190645e-14,5.4190645e-14,-0.0012120624,-0.0012120624,0.0014221045,0.0014221045,-0.00024241248,-0.00024241248,3.4651572e-16,3.4651572e-16,4.8448878e-14,4.8448878e-14,-4.8507672e-14,-4.8507672e-14,9.6003616e-19,9.6003616e-19,-9.8473706e-19,-9.8473706e-19,-7.2281698e-05,-7.2281698e-05,1.634723e-18,1.634723e-18,3.2732945e-18,3.2732945e-18,9.2311125e-19,9.2311125e-19,1.9161261e-06,1.9161261e-06,6.3040503e-33,6.3040503e-33
-0.0011991571,-0.0011991571,0.0011991571,0.0011991571,-2.378089e-15,-2.378089e-15,-1.6192891e-15,-1.6192891e-15,0.0011991571,0.0011991571,-0.00022399551,-0.00022399551,-0.00021104582,-0.00021104582,-0.00022261394,-0.00022261394,-0.00021104582,-0.00021104582,0.00020781503,0.00020781503,1.6991615e-15,1.6991615e-15,1.2838111e-05,1.2838111e-05,1.2838111e-05,1.2838111e-05,1.7291471e-17,1.7291471e-17,-0.0011959263,-0.0011959263,-0.00021104582,-0.00021104582,-0.0011959263,-0.0011959263,-0.00021104582,-0.00021104582,1.0096421e-16,1.0096421e-16,-6.7614295e-17,-6.7614295e-17,-0.0014069722,-0.0014069722,3.4384355e-17,3.4384355e-17,-0.0013383046,-0.0013383046,2.5881847e-16,2.5881847e-16,-3.2307991e-06,-3.2307991e-06,0.00021104582,0.00021104582,-3.2307991e-06,-3.2307991e-06,0.00021104582,0.00021104582,0.00020781503,0.00020781503,1.6986757e-15,1.6986757e-15,-0.0011991571,-0.0011991571,-0.0011991571,-0.0011991571,-0.00021104582,-0.00021104582,-2.2270501e-06,-2.2270501e-06,9.2893877e-18,9.2893877e-18,4.2793702e-08,4.2793702e-08,-2.2698438e-06,-2.2698438e-06,-1.2662937e-05,-1.2662937e-05,1.7066727e-15,1.7066727e-15,0.052008804,0.052008804,1.0807789e-13,1.0807789e-13,0.065341068,0.065341068,5.4325709e-14,5.4325709e-14,-0.0011991571,-0.0011991571,0.0014069722,0.0014069722,-0.00023983143,-0.00023983143,3.4761574e-16,3.4761574e-16,4.8585469e-14,4.8585469e-14,-4.86438e-14,-4.86438e-14,9.5081153e-19,9.5081153e-19,-9.690751e-19,-9.690751e-19,-6.8667613e-05,-6.8667613e-05,1.7360742e-18,1.7360742e-18,3.2268045e-18,3.2268045e-18,9.0537943e-19,9.0537943e-19,1.8996655e-06,1.8996655e-06,6.1518677e-33,6.1518677e-33
-0.0011863832,-0.0011863832,0.0011863832,0.0011863832,-2.39587e-15,-2.39587e-15,-1.6227573e-15,-1.6227573e-15,0.0011863832,0.0011863832,-0.00021964837,-0.00021964837,-0.00020879908,-0.00020879908,-0.00021827869,-0.00021827869,-0.00020879908,-0.00020879908,0.00020561064,0.00020561064,1.7033425e-15,1.7033425e-15,1.2707167e-05,1.2707167e-05,1.2707167e-05,1.2707167e-05,1.7086891e-17,1.7086891e-17,-0.0011831948,-0.0011831948,-0.00020879908,-0.00020879908,-0.0011831948,-0.0011831948,-0.00020879908,-0.00020879908,1.0291974e-16,1.0291974e-16,-6.8223107e-17,-6.8223107e-17,-0.0013919939,-0.0013919939,3.5720074e-17,3.5720074e-17,-0.0013267596,-0.0013267596,2.5756479e-16,2.5756479e-16,-3.1884419e-06,-3.1884419e-06,0.00020879908,0.00020879908,-3.1884419e-06,-3.1884419e-06,0.00020879908,0.00020879908,0.00020561064,0.00020561064,1.7028608e-15,1.7028608e-15,-0.0011863832,-0.0011863832,-0.0011863832,-0.0011863832,-0.00020879908,-0.00020879908,-2.2043892e-06,-2.2043892e-06,9.1784988e-18,9.1784988e-18,4.2357222e-08,4.2357222e-08,-2.2467464e-06,-2.2467464e-06,-1.262389e-05,-1.262389e-05,1.7107434e-15,1.7107434e-15,0.0513988,0.0513988,1.0833919e-13,1.0833919e-13,0.064644991,0.064644991,5.4459065e-14,5.4459065e-14,-0.0011863832,-0.0011863832,0.0013919939,0.0013919939,-0.00023727664,-0.00023727664,3.4870194e-16,3.4870194e-16,4.8720616e-14,4.8720616e-14,-4.8778486e-14,-4.8778486e-14,9.4165964e-19,9.4165964e-19,-9.5384869e-19,-9.5384869e-19,-6.5234232e-05,-6.5234232e-05,1.8312901e-18,1.8312901e-18,3.1814119e-18,3.1814119e-18,8.8824764e-19,8.8824764e-19,1.8833147e-06,1.8833147e-06,6.0039406e-33,6.0039406e-33
-0.0011737396,-0.0011737396,0.0011737396,0.0011737396,-2.4123498e-15,-2.4123498e-15,-1.6261768e-15,-1.6261768e-15,0.0011737396,0.0011737396,-0.00021544491,-0.00021544491,-0.00020657525,-0.00020657525,-0.00021408704,-0.00021408704,-0.00020657525,-0.00020657525,0.00020342873,0.00020342873,1.7074699e-15,1.7074699e-15,1.2577269e-05,1.2577269e-05,1.2577269e-05,1.2577269e-05,1.6885412e-17,1.6885412e-17,-0.0011705931,-0.0011705931,-0.00020657525,-0.00020657525,-0.0011705931,-0.0011705931,-0.00020657525,-0.00020657525,1.0485379e-16,1.0485379e-16,-6.8827693e-17,-6.8827693e-17,-0.0013771683,-0.0013771683,3.7038658e-17,3.7038658e-17,-0.0013151958,-0.0013151958,2.5633069e-16,2.5633069e-16,-3.1465176e-06,-3.1465176e-06,0.00020657525,0.00020657525,-3.1465176e-06,-3.1465176e-06,0.00020657525,0.00020657525,0.00020342873,0.00020342873,1.7069923e-15,1.7069923e-15,-0.0011737396,-0.0011737396,-0.0011737396,-0.0011737396,-0.00020657525,-0.00020657525,-2.1819063e-06,-2.1819063e-06,9.0693167e-18,9.0693167e-18,4.1924228e-08,4.1924228e-08,-2.2238306e-06,-2.2238306e-06,-1.2579997e-05,-1.2579997e-05,1.7147629e-15,1.7147629e-15,0.050798297,0.050798297,1.0859722e-13,1.0859722e-13,0.063956252,0.063956252,5.4590741e-14,5.4590741e-14,-0.0011737396,-0.0011737396,0.0013771683,0.0013771683,-0.00023474792,-0.00023474792,3.4977457e-16,3.4977457e-16,4.8854335e-14,4.8854335e-14,-4.8911745e-14,-4.8911745e-14,9.3258043e-19,9.3258043e-19,-9.3903982e-19,-9.3903982e-19,-6.1972521e-05,-6.1972521e-05,1.9206404e-18,1.9206404e-18,3.1370752e-18,3.1370752e-18,8.7168901e-19,8.7168901e-19,1.8670738e-06,1.8670738e-06,5.8601218e-33,5.8601218e-33
-0.0011612252,-0.0011612252,0.0011612252,0.0011612252,-2.4294802e-15,-2.4294802e-15,-1.6295486e-15,-1.6295486e-15,0.0011612252,0.0011612252,-0.00021137873,-0.00021137873,-0.00020437415,-0.00020437415,-0.00021003259,-0.00021003259,-0.00020437415,-0.00020437415,0.00020126913,0.00020126913,1.7115446e-15,1.7115446e-15,1.2448423e-05,1.2448423e-05,1.2448423e-05,1.2448423e-05,1.668696e-17,1.668696e-17,-0.0011581202,-0.0011581202,-0.00020437415,-0.00020437415,-0.0011581202,-0.0011581202,-0.00020437415,-0.00020437415,1.0676663e-16,1.0676663e-16,-6.9428016e-17,-6.9428016e-17,-0.0013624943,-0.0013624943,3.83404e-17,3.83404e-17,-0.0013036204,-0.0013036204,2.5511569e-16,2.5511569e-16,-3.1050229e-06,-3.1050229e-06,0.00020437415,0.00020437415,-3.1050229e-06,-3.1050229e-06,0.00020437415,0.00020437415,0.00020126913,0.00020126913,1.7110711e-15,1.7110711e-15,-0.0011612252,-0.0011612252,-0.0011612252,-0.0011612252,-0.00020437415,-0.00020437415,-2.159603e-06,-2.159603e-06,8.9618005e-18,8.9618005e-18,4.1494745e-08,4.1494745e-08,-2.2010978e-06,-2.2010978e-06,-1.2531574e-05,-1.2531574e-05,1.7187322e-15,1.7187322e-15,0.050207044,0.050207044,1.0885201e-13,1.0885201e-13,0.06327478,0.06327478,5.4720767e-14,5.4720767e-14,-0.0011612252,-0.0011612252,0.0013624943,0.0013624943,-0.00023224504,-0.00023224504,3.5083384e-16,3.5083384e-16,4.8986643e-14,4.8986643e-14,-4.9043593e-14,-4.9043593e-14,9.235738e-19,9.235738e-19,-9.2463134e-19,-9.2463134e-19,-5.8873895e-05,-5.8873895e-05,2.004384e-18,2.004384e-18,3.0937545e-18,3.0937545e-18,8.5567799e-19,8.5567799e-19,1.8509425e-06,1.8509425e-06,5.7202702e-33,5.7202702e-33
-0.001148839,-0.001148839,0.001148839,0.001148839,-2.4455264e-15,-2.4455264e-15,-1.6328737e-15,-1.6328737e-15,0.001148839,0.001148839,-0.00020744376,-0.00020744376,-0.0002021956,-0.0002021956,-0.00020610927,-0.00020610927,-0.0002021956,-0.0002021956,0.00019913165,0.00019913165,1.7155676e-15,1.7155676e-15,1.2320637e-05,1.2320637e-05,1.2320637e-05,1.2320637e-05,1.6491464e-17,1.6491464e-17,-0.0011457751,-0.0011457751,-0.0002021956,-0.0002021956,-0.0011457751,-0.0011457751,-0.0002021956,-0.0002021956,1.0865851e-16,1.0865851e-16,-7.0024042e-17,-7.0024042e-17,-0.0013479707,-0.0013479707,3.9625589e-17,3.9625589e-17,-0.0012920405,-0.0012920405,2.539193e-16,2.539193e-16,-3.0639541e-06,-3.0639541e-06,0.0002021956,0.0002021956,-3.0639541e-06,-3.0639541e-06,0.0002021956,0.0002021956,0.00019913165,0.00019913165,1.7150982e-15,1.7150982e-15,-0.001148839,-0.001148839,-0.001148839,-0.001148839,-0.0002021956,-0.0002021956,-2.1374805e-06,-2.1374805e-06,8.8559108e-18,8.8559108e-18,4.106879e-08,4.106879e-08,-2.1785493e-06,-2.1785493e-06,-1.247892e-05,-1.247892e-05,1.722652e-15,1.722652e-15,0.049624804,0.049624804,1.0910363e-13,1.0910363e-13,0.062600504,0.062600504,5.4849171e-14,5.4849171e-14,-0.001148839,-0.001148839,0.0013479707,0.0013479707,-0.0002297678,-0.0002297678,3.5187997e-16,3.5187997e-16,4.9117554e-14,4.9117554e-14,-4.9174047e-14,-4.9174047e-14,9.1463964e-19,9.1463964e-19,-9.1060692e-19,-9.1060692e-19,-5.59302e-05,-5.59302e-05,2.0827695e-18,2.0827695e-18,3.0514123e-18,3.0514123e-18,8.4019024e-19,8.4019024e-19,1.8349208e-06,1.8349208e-06,5.5842507e-33,5.5842507e-33
-0.00113658,-0.00113658,0.00113658,0.00113658,-2.4622231e-15,-2.4622231e-15,-1.636153e-15,-1.636153e-15,0.00113658,0.00113658,-0.00020363421,-0.00020363421,-0.00020003941,-0.00020003941,-0.0002023113,-0.0002023113,-0.00020003941,-0.00020003941,0.00019701611,0.00019701611,1.7195397e-15,1.7195397e-15,1.2193915e-05,1.2193915e-05,1.2193915e-05,1.2193915e-05,1.6298856e-17,1.6298856e-17,-0.0011335567,-0.0011335567,-0.00020003941,-0.00020003941,-0.0011335567,-0.0011335567,-0.00020003941,-0.00020003941,1.1052967e-16,1.1052967e-16,-7.0615738e-17,-7.0615738e-17,-0.0013335961,-0.0013335961,4.0894504e-17,4.0894504e-17,-0.0012804624,-0.0012804624,2.5274106e-16,2.5274106e-16,-3.0233077e-06,-3.0233077e-06,0.00020003941,0.00020003941,-3.0233077e-06,-3.0233077e-06,0.00020003941,0.00020003941,0.00019701611,0.00019701611,1.7190745e-15,1.7190745e-15,-0.00113658,-0.00113658,-0.00113658,-0.00113658,-0.00020003941,-0.00020003941,-2.1155396e-06,-2.1155396e-06,8.7516096e-18,8.7516096e-18,4.0646382e-08,4.0646382e-08,-2.156186e-06,-2.156186e-06,-1.2422317e-05,-1.2422317e-05,1.7265232e-15,1.7265232e-15,0.049051347,0.049051347,1.0935212e-13,1.0935212e-13,0.061933355,0.061933355,5.497598e-14,5.497598e-14,-0.00113658,-0.00113658,0.0013335961,0.0013335961,-0.000227316,-0.000227316,3.5291318e-16,3.5291318e-16,4.9247084e-14,4.9247084e-14,-4.9303121e-14,-4.9303121e-14,9.0577782e-19,9.0577782e-19,-8.9695101e-19,-8.9695101e-19,-5.313369e-05,-5.313369e-05,2.1560358e-18,2.1560358e-18,3.0100122e-18,3.0100122e-18,8.2520262e-19,8.2520262e-19,1.8190085e-06,1.8190085e-06,5.4519341e-33,5.4519341e-33
-0.001124447,-0.001124447,0.001124447,0.001124447,-2.4780525e-15,-2.4780525e-15,-1.6393874e-15,-1.6393874e-15,0.001124447,0.001124447,-0.00019994458,-0.00019994458,-0.00019790541,-0.00019790541,-0.00019863315,-0.00019863315,-0.00019790541,-0.00019790541,0.00019492233,0.00019492233,1.7234618e-15,1.7234618e-15,1.206826e-05,1.206826e-05,1.206826e-05,1.206826e-05,1.6109069e-17,1.6109069e-17,-0.001121464,-0.001121464,-0.00019790541,-0.00019790541,-0.001121464,-0.001121464,-0.00019790541,-0.00019790541,1.1238037e-16,1.1238037e-16,-7.1203078e-17,-7.1203078e-17,-0.0013193694,-0.0013193694,4.2147419e-17,4.2147419e-17,-0.0012688924,-0.0012688924,2.5158053e-16,2.5158053e-16,-2.9830802e-06,-2.9830802e-06,0.00019790541,0.00019790541,-2.9830802e-06,-2.9830802e-06,0.00019790541,0.00019790541,0.00019492233,0.00019492233,1.7230008e-15,1.7230008e-15,-0.001124447,-0.001124447,-0.001124447,-0.001124447,-0.00019790541,-0.00019790541,-2.0937814e-06,-2.0937814e-06,8.6488602e-18,8.6488602e-18,4.0227533e-08,4.0227533e-08,-2.134009e-06,-2.134009e-06,-1.2362035e-05,-1.2362035e-05,1.7303466e-15,1.7303466e-15,0.048486453,0.048486453,1.0959755e-13,1.0959755e-13,0.061273261,0.061273261,5.510122e-14,5.510122e-14,-0.001124447,-0.001124447,0.0013193694,0.0013193694,-0.00022488941,-0.00022488941,3.5393367e-16,3.5393367e-16,4.9375247e-14,4.9375247e-14,-4.943083e-14,-4.943083e-14,8.969882e-19,8.969882e-19,-8.8364877e-19,-8.8364877e-19,-5.0477005e-05,-5.0477005e-05,2.2244121e-18,2.2244121e-18,2.96952e-18,2.96952e-18,8.1069311e-19,8.1069311e-19,1.8032055e-06,1.8032055e-06,5.3231965e-33,5.3231965e-33
-0.0011124391,-0.0011124391,0.0011124391,0.0011124391,-2.4945324e-15,-2.4945324e-15,-1.6425778e-15,-1.6425778e-15,0.0011124391,0.0011124391,-0.00019636962,-0.00019636962,-0.00019579339,-0.00019579339,-0.00019506961,-0.00019506961,-0.00019579339,-0.00019579339,0.00019285012,0.00019285012,1.7273349e-15,1.7273349e-15,1.1943677e-05,1.1943677e-05,1.1943677e-05,1.1943677e-05,1.5922041e-17,1.5922041e-17,-0.0011094959,-0.0011094959,-0.00019579339,-0.00019579339,-0.0011094959,-0.0011094959,-0.00019579339,-0.00019579339,1.1421085e-16,1.1421085e-16,-7.1786034e-17,-7.1786034e-17,-0.0013052892,-0.0013052892,4.3384601e-17,4.3384601e-17,-0.0012573361,-0.0012573361,2.5043729e-16,2.5043729e-16,-2.9432679e-06,-2.9432679e-06,0.00019579339,0.00019579339,-2.9432679e-06,-2.9432679e-06,0.00019579339,0.00019579339,0.00019285012,0.00019285012,1.7268779e-15,1.7268779e-15,-0.0011124391,-0.0011124391,-0.0011124391,-0.0011124391,-0.00019579339,-0.00019579339,-2.0722065e-06,-2.0722065e-06,8.547627e-18,8.547627e-18,3.9812256e-08,3.9812256e-08,-2.1120188e-06,-2.1120188e-06,-1.2298327e-05,-1.2298327e-05,1.7341229e-15,1.7341229e-15,0.047929909,0.047929909,1.0983995e-13,1.0983995e-13,0.060620154,0.060620154,5.5224917e-14,5.5224917e-14,-0.0011124391,-0.0011124391,0.0013052892,0.0013052892,-0.00022248783,-0.00022248783,3.5494164e-16,3.5494164e-16,4.950206e-14,4.950206e-14,-4.9557189e-14,-4.9557189e-14,8.8827061e-19,8.8827061e-19,-8.7068608e-19,-8.7068608e-19,-4.7953155e-05,-4.7953155e-05,2.2881185e-18,2.2881185e-18,2.9299029e-18,2.9299029e-18,7.9664075e-19,7.9664075e-19,1.7875115e-06,1.7875115e-06,5.1979192e-33,5.1979192e-33
-0.0011005552,-0.0011005552,0.0011005552,0.0011005552,-2.5103617e-15,-2.5103617e-15,-1.6457251e-15,-1.6457251e-15,0.0011005552,0.0011005552,-0.00019290436,-0.00019290436,-0.00019370317,-0.00019370317,-0.00019161568,-0.00019161568,-0.00019370317,-0.00019370317,0.0001907993,0.0001907993,1.7311596e-15,1.7311596e-15,1.1820167e-05,1.1820167e-05,1.1820167e-05,1.1820167e-05,1.5737709e-17,1.5737709e-17,-0.0010976513,-0.0010976513,-0.00019370317,-0.00019370317,-0.0010976513,-0.0010976513,-0.00019370317,-0.00019370317,1.1602134e-16,1.1602134e-16,-7.2364584e-17,-7.2364584e-17,-0.0012913545,-0.0012913545,4.4606311e-17,4.4606311e-17,-0.001245799,-0.001245799,2.4931093e-16,2.4931093e-16,-2.9038674e-06,-2.9038674e-06,0.00019370317,0.00019370317,-2.9038674e-06,-2.9038674e-06,0.00019370317,0.00019370317,0.0001907993,0.0001907993,1.7307068e-15,1.7307068e-15,-0.0011005552,-0.0011005552,-0.0011005552,-0.0011005552,-0.00019370317,-0.00019370317,-2.0508155e-06,-2.0508155e-06,8.4478757e-18,8.4478757e-18,3.9400558e-08,3.9400558e-08,-2.0902161e-06,-2.0902161e-06,-1.2231434e-05,-1.2231434e-05,1.737853e-15,1.737853e-15,0.047381514,0.047381514,1.1007938e-13,1.1007938e-13,0.059973964,0.059973964,5.5347098e-14,5.5347098e-14,-0.0011005552,-0.0011005552,0.0012913545,0.0012913545,-0.00022011103,-0.00022011103,3.559373e-16,3.559373e-16,4.9627535e-14,4.9627535e-14,-4.9682213e-14,-4.9682213e-14,8.7962488e-19,8.7962488e-19,-8.580495e-19,-8.580495e-19,-4.5555497e-05,-4.5555497e-05,2.3473661e-18,2.3473661e-18,2.8911293e-18,2.8911293e-18,7.830256e-19,7.830256e-19,1.7719265e-06,1.7719265e-06,5.0759884e-33,5.0759884e-33
-0.0010887941,-0.0010887941,0.0010887941,0.0010887941,-2.5259742e-15,-2.5259742e-15,-1.64883e-15,-1.64883e-15,0.0010887941,0.0010887941,-0.00018954405,-0.00018954405,-0.00019163457,-0.00019163457,-0.00018826663,-0.00018826663,-0.00019163457,-0.00019163457,0.00018876969,0.00018876969,1.7349369e-15,1.7349369e-15,1.1697734e-05,1.1697734e-05,1.1697734e-05,1.1697734e-05,1.5556014e-17,1.5556014e-17,-0.0010859292,-0.0010859292,-0.00019163457,-0.00019163457,-0.0010859292,-0.0010859292,-0.00019163457,-0.00019163457,1.1781208e-16,1.1781208e-16,-7.2938708e-17,-7.2938708e-17,-0.0012775638,-0.0012775638,4.5812804e-17,4.5812804e-17,-0.0012342861,-0.0012342861,2.4820104e-16,2.4820104e-16,-2.8648749e-06,-2.8648749e-06,0.00019163457,0.00019163457,-2.8648749e-06,-2.8648749e-06,0.00019163457,0.00019163457,0.00018876969,0.00018876969,1.7344882e-15,1.7344882e-15,-0.0010887941,-0.0010887941,-0.0010887941,-0.0010887941,-0.00019163457,-0.00019163457,-2.0296089e-06,-2.0296089e-06,8.3495733e-18,8.3495733e-18,3.8992446e-08,3.8992446e-08,-2.0686013e-06,-2.0686013e-06,-1.2161583e-05,-1.2161583e-05,1.7415376e-15,1.7415376e-15,0.04684107,0.04684107,1.1031589e-13,1.1031589e-13,0.059334622,0.059334622,5.5467785e-14,5.5467785e-14,-0.0010887941,-0.0010887941,0.0012775638,0.0012775638,-0.00021775882,-0.00021775882,3.5692084e-16,3.5692084e-16,4.9751689e-14,4.9751689e-14,-4.9805918e-14,-4.9805918e-14,8.710508e-19,8.710508e-19,-8.4572618e-19,-8.4572618e-19,-4.3277723e-05,-4.3277723e-05,2.4023576e-18,2.4023576e-18,2.8531696e-18,2.8531696e-18,7.6982867e-19,7.6982867e-19,1.7564502e-06,1.7564502e-06,4.9572949e-33,4.9572949e-33
-0.0010771549,-0.0010771549,0.0010771549,0.0010771549,-2.5413699e-15,-2.5413699e-15,-1.6518935e-15,-1.6518935e-15,0.0010771549,0.0010771549,-0.00018628417,-0.00018628417,-0.00018958739,-0.00018958739,-0.00018501793,-0.00018501793,-0.00018958739,-0.00018958739,0.00018676111,0.00018676111,1.7386674e-15,1.7386674e-15,1.1576377e-05,1.1576377e-05,1.1576377e-05,1.1576377e-05,1.5376897e-17,1.5376897e-17,-0.0010743286,-0.0010743286,-0.00018958739,-0.00018958739,-0.0010743286,-0.0010743286,-0.00018958739,-0.00018958739,1.195833e-16,1.195833e-16,-7.3508388e-17,-7.3508388e-17,-0.001263916,-0.001263916,4.700433e-17,4.700433e-17,-0.0012228021,-0.0012228021,2.4710725e-16,2.4710725e-16,-2.826287e-06,-2.826287e-06,0.00018958739,0.00018958739,-2.826287e-06,-2.826287e-06,0.00018958739,0.00018958739,0.00018676111,0.00018676111,1.7382229e-15,1.7382229e-15,-0.0010771549,-0.0010771549,-0.0010771549,-0.0010771549,-0.00018958739,-0.00018958739,-2.0085869e-06,-2.0085869e-06,8.2526875e-18,8.2526875e-18,3.8587922e-08,3.8587922e-08,-2.0471748e-06,-2.0471748e-06,-1.2088991e-05,-1.2088991e-05,1.7451775e-15,1.7451775e-15,0.046308391,0.046308391,1.1054952e-13,1.1054952e-13,0.05870206,0.05870206,5.5587004e-14,5.5587004e-14,-0.0010771549,-0.0010771549,0.001263916,0.001263916,-0.00021543097,-0.00021543097,3.5789245e-16,3.5789245e-16,4.9874535e-14,4.9874535e-14,-4.9928316e-14,-4.9928316e-14,8.6254817e-19,8.6254817e-19,-8.3370393e-19,-8.3370393e-19,-4.1113836e-05,-4.1113836e-05,2.4532875e-18,2.4532875e-18,2.815995e-18,2.815995e-18,7.5703191e-19,7.5703191e-19,1.7410825e-06,1.7410825e-06,4.8417342e-33,4.8417342e-33
-0.0010656364,-0.0010656364,0.0010656364,0.0010656364,-2.5567656e-15,-2.5567656e-15,-1.6549163e-15,-1.6549163e-15,0.0010656364,0.0010656364,-0.00018312044,-0.00018312044,-0.00018756146,-0.00018756146,-0.0001818653,-0.0001818653,-0.00018756146,-0.00018756146,0.00018477336,0.00018477336,1.7423521e-15,1.7423521e-15,1.1456097e-05,1.1456097e-05,1.1456097e-05,1.1456097e-05,1.5200304e-17,1.5200304e-17,-0.0010628483,-0.0010628483,-0.00018756146,-0.00018756146,-0.0010628483,-0.0010628483,-0.00018756146,-0.00018756146,1.2133524e-16,1.2133524e-16,-7.4073608e-17,-7.4073608e-17,-0.0012504097,-0.0012504097,4.8181129e-17,4.8181129e-17,-0.0012113516,-0.0012113516,2.4602919e-16,2.4602919e-16,-2.7881e-06,-2.7881e-06,0.00018756146,0.00018756146,-2.7881e-06,-2.7881e-06,0.00018756146,0.00018756146,0.00018477336,0.00018477336,1.7419117e-15,1.7419117e-15,-0.0010656364,-0.0010656364,-0.0010656364,-0.0010656364,-0.00018756146,-0.00018756146,-1.9877497e-06,-1.9877497e-06,8.1571874e-18,8.1571874e-18,3.818699e-08,3.818699e-08,-2.0259367e-06,-2.0259367e-06,-1.2013862e-05,-1.2013862e-05,1.7487732e-15,1.7487732e-15,0.045783294,0.045783294,1.1078033e-13,1.1078033e-13,0.05807621,0.05807621,5.5704777e-14,5.5704777e-14,-0.0010656364,-0.0010656364,0.0012504097,0.0012504097,-0.00021312727,-0.00021312727,3.5885231e-16,3.5885231e-16,4.9996088e-14,4.9996088e-14,-5.0049423e-14,-5.0049423e-14,8.5411675e-19,8.5411675e-19,-8.2197108e-19,-8.2197108e-19,-3.9058145e-05,-3.9058145e-05,2.5003423e-18,2.5003423e-18,2.7795784e-18,2.7795784e-18,7.446181e-19,7.446181e-19,1.725823e-06,1.725823e-06,4.7292058e-33,4.7292058e-33
-0.0010542375,-0.0010542375,0.0010542375,0.0010542375,-2.5721612e-15,-2.5721612e-15,-1.6578991e-15,-1.6578991e-15,0.0010542375,0.0010542375,-0.00018004876,-0.00018004876,-0.00018555657,-0.00018555657,-0.00017880464,-0.00017880464,-0.00018555657,-0.00018555657,0.00018280626,0.00018280626,1.7459915e-15,1.7459915e-15,1.1336895e-05,1.1336895e-05,1.1336895e-05,1.1336895e-05,1.5026181e-17,1.5026181e-17,-0.0010514872,-0.0010514872,-0.00018555657,-0.00018555657,-0.0010514872,-0.0010514872,-0.00018555657,-0.00018555657,1.2306811e-16,1.2306811e-16,-7.4634355e-17,-7.4634355e-17,-0.0012370438,-0.0012370438,4.9343442e-17,4.9343442e-17,-0.0011999386,-0.0011999386,2.449665e-16,2.449665e-16,-2.7503104e-06,-2.7503104e-06,0.00018555657,0.00018555657,-2.7503104e-06,-2.7503104e-06,0.00018555657,0.00018555657,0.00018280626,0.00018280626,1.7455553e-15,1.7455553e-15,-0.0010542375,-0.0010542375,-0.0010542375,-0.0010542375,-0.00018555657,-0.00018555657,-1.9670975e-06,-1.9670975e-06,8.063043e-18,8.063043e-18,3.7789648e-08,3.7789648e-08,-2.0048871e-06,-2.0048871e-06,-1.1936388e-05,-1.1936388e-05,1.7523256e-15,1.7523256e-15,0.045265607,0.045265607,1.1100834e-13,1.1100834e-13,0.057457006,0.057457006,5.5821127e-14,5.5821127e-14,-0.0010542375,-0.0010542375,0.0012370438,0.0012370438,-0.00021084751,-0.00021084751,3.5980061e-16,3.5980061e-16,5.0116362e-14,5.0116362e-14,-5.0169252e-14,-5.0169252e-14,8.4575633e-19,8.4575633e-19,-8.1051653e-19,-8.1051653e-19,-3.7105237e-05,-3.7105237e-05,2.5437009e-18,2.5437009e-18,2.7438937e-18,2.7438937e-18,7.325709e-19,7.325709e-19,1.7106717e-06,1.7106717e-06,4.6196133e-33,4.6196133e-33
-0.0010429573,-0.0010429573,0.0010429573,0.0010429573,-2.5871232e-15,-2.5871232e-15,-1.6608427e-15,-1.6608427e-15,0.0010429573,0.0010429573,-0.00017706525,-0.00017706525,-0.00018357254,-0.00018357254,-0.00017583206,-0.00017583206,-0.00018357254,-0.00018357254,0.00018085963,0.00018085963,1.7495865e-15,1.7495865e-15,1.1218768e-05,1.1218768e-05,1.1218768e-05,1.1218768e-05,1.4854475e-17,1.4854475e-17,-0.0010402444,-0.0010402444,-0.00018357254,-0.00018357254,-0.0010402444,-0.0010402444,-0.00018357254,-0.00018357254,1.2478215e-16,1.2478215e-16,-7.5190619e-17,-7.5190619e-17,-0.001223817,-0.001223817,5.0491498e-17,5.0491498e-17,-0.001188567,-0.001188567,2.4391886e-16,2.4391886e-16,-2.7129145e-06,-2.7129145e-06,0.00018357254,0.00018357254,-2.7129145e-06,-2.7129145e-06,0.00018357254,0.00018357254,0.00018085963,0.00018085963,1.7491544e-15,1.7491544e-15,-0.0010429573,-0.0010429573,-0.0010429573,-0.0010429573,-0.00018357254,-0.00018357254,-1.9466301e-06,-1.9466301e-06,7.9702252e-18,7.9702252e-18,3.7395895e-08,3.7395895e-08,-1.984026e-06,-1.984026e-06,-1.1856753e-05,-1.1856753e-05,1.7558352e-15,1.7558352e-15,0.044755162,0.044755162,1.1123362e-13,1.1123362e-13,0.056844379,0.056844379,5.5936077e-14,5.5936077e-14,-0.0010429573,-0.0010429573,0.001223817,0.001223817,-0.00020859147,-0.00020859147,3.6073752e-16,3.6073752e-16,5.023537e-14,5.023537e-14,-5.0287818e-14,-5.0287818e-14,8.3746663e-19,8.3746663e-19,-7.9932969e-19,-7.9932969e-19,-3.5249976e-05,-3.5249976e-05,2.583535e-18,2.583535e-18,2.7089161e-18,2.7089161e-18,7.2087472e-19,7.2087472e-19,1.6956283e-06,1.6956283e-06,4.5128641e-33,4.5128641e-33
-0.0010317947,-0.0010317947,0.0010317947,0.0010317947,-2.6016515e-15,-2.6016515e-15,-1.6637479e-15,-1.6637479e-15,0.0010317947,0.0010317947,-0.00017416619,-0.00017416619,-0.00018160919,-0.00018160919,-0.00017294387,-0.00017294387,-0.00018160919,-0.00018160919,0.00017893328,0.00017893328,1.7531378e-15,1.7531378e-15,1.1101718e-05,1.1101718e-05,1.1101718e-05,1.1101718e-05,1.4685137e-17,1.4685137e-17,-0.0010291188,-0.0010291188,-0.00018160919,-0.00018160919,-0.0010291188,-0.0010291188,-0.00018160919,-0.00018160919,1.2647756e-16,1.2647756e-16,-7.5742392e-17,-7.5742392e-17,-0.0012107279,-0.0012107279,5.1625525e-17,5.1625525e-17,-0.0011772405,-0.0011772405,2.4288592e-16,2.4288592e-16,-2.6759087e-06,-2.6759087e-06,0.00018160919,0.00018160919,-2.6759087e-06,-2.6759087e-06,0.00018160919,0.00018160919,0.00017893328,0.00017893328,1.7527098e-15,1.7527098e-15,-0.0010317947,-0.0010317947,-0.0010317947,-0.0010317947,-0.00018160919,-0.00018160919,-1.9263476e-06,-1.9263476e-06,7.8787061e-18,7.8787061e-18,3.7005725e-08,3.7005725e-08,-1.9633533e-06,-1.9633533e-06,-1.177513e-05,-1.177513e-05,1.7593028e-15,1.7593028e-15,0.044251797,0.044251797,1.1145619e-13,1.1145619e-13,0.056238264,0.056238264,5.6049649e-14,5.6049649e-14,-0.0010317947,-0.0010317947,0.0012107279,0.0012107279,-0.00020635893,-0.00020635893,3.6166321e-16,3.6166321e-16,5.0353127e-14,5.0353127e-14,-5.0405135e-14,-5.0405135e-14,8.292474e-19,8.292474e-19,-7.8840048e-19,-7.8840048e-19,-3.3487477e-05,-3.3487477e-05,2.620009e-18,2.620009e-18,2.6746219e-18,2.6746219e-18,7.0951473e-19,7.0951473e-19,1.6806926e-06,1.6806926e-06,4.4088692e-33,4.4088692e-33
-0.0010207485,-0.0010207485,0.0010207485,0.0010207485,-2.615963e-15,-2.615963e-15,-1.6666152e-15,-1.6666152e-15,0.0010207485,0.0010207485,-0.00017134806,-0.00017134806,-0.00017966632,-0.00017966632,-0.00017013652,-0.00017013652,-0.00017966632,-0.00017966632,0.00017702703,0.00017702703,1.7566461e-15,1.7566461e-15,1.098574e-05,1.098574e-05,1.098574e-05,1.098574e-05,1.4518116e-17,1.4518116e-17,-0.0010181092,-0.0010181092,-0.00017966632,-0.00017966632,-0.0010181092,-0.0010181092,-0.00017966632,-0.00017966632,1.2815456e-16,1.2815456e-16,-7.6289665e-17,-7.6289665e-17,-0.0011977755,-0.0011977755,5.2745745e-17,5.2745745e-17,-0.0011659624,-0.0011659624,2.4186737e-16,2.4186737e-16,-2.6392896e-06,-2.6392896e-06,0.00017966632,0.00017966632,-2.6392896e-06,-2.6392896e-06,0.00017966632,0.00017966632,0.00017702703,0.00017702703,1.7562222e-15,1.7562222e-15,-0.0010207485,-0.0010207485,-0.0010207485,-0.0010207485,-0.00017966632,-0.00017966632,-1.9062497e-06,-1.9062497e-06,7.7884584e-18,7.7884584e-18,3.6619133e-08,3.6619133e-08,-1.9428688e-06,-1.9428688e-06,-1.1691682e-05,-1.1691682e-05,1.7627291e-15,1.7627291e-15,0.043755357,0.043755357,1.1167611e-13,1.1167611e-13,0.055638595,0.055638595,5.6161863e-14,5.6161863e-14,-0.0010207485,-0.0010207485,0.0011977755,0.0011977755,-0.00020414969,-0.00020414969,3.6257786e-16,3.6257786e-16,5.0469645e-14,5.0469645e-14,-5.0521215e-14,-5.0521215e-14,8.2109837e-19,8.2109837e-19,-7.7771927e-19,-7.7771927e-19,-3.1813103e-05,-3.1813103e-05,2.6532807e-18,2.6532807e-18,2.6409883e-18,2.6409883e-18,6.984768e-19,6.984768e-19,1.6658642e-06,1.6658642e-06,4.3075433e-33,4.3075433e-33
-0.0010098176,-0.0010098176,0.0010098176,0.0010098176,-2.630925e-15,-2.630925e-15,-1.6694455e-15,-1.6694455e-15,0.0010098176,0.0010098176,-0.0001686075,-0.0001686075,-0.00017774375,-0.00017774375,-0.00016740667,-0.00016740667,-0.00017774375,-0.00017774375,0.0001751407,0.0001751407,1.760112e-15,1.760112e-15,1.0870834e-05,1.0870834e-05,1.0870834e-05,1.0870834e-05,1.4353367e-17,1.4353367e-17,-0.0010072146,-0.0010072146,-0.00017774375,-0.00017774375,-0.0010072146,-0.0010072146,-0.00017774375,-0.00017774375,1.2981337e-16,1.2981337e-16,-7.6832435e-17,-7.6832435e-17,-0.0011849583,-0.0011849583,5.3852373e-17,5.3852373e-17,-0.0011547359,-0.0011547359,2.408629e-16,2.408629e-16,-2.6030535e-06,-2.6030535e-06,0.00017774375,0.00017774375,-2.6030535e-06,-2.6030535e-06,0.00017774375,0.00017774375,0.0001751407,0.0001751407,1.7596921e-15,1.7596921e-15,-0.0010098176,-0.0010098176,-0.0010098176,-0.0010098176,-0.00017774375,-0.00017774375,-1.886336e-06,-1.886336e-06,7.6994557e-18,7.6994557e-18,3.6236113e-08,3.6236113e-08,-1.9225721e-06,-1.9225721e-06,-1.1606565e-05,-1.1606565e-05,1.7661145e-15,1.7661145e-15,0.043265692,0.043265692,1.118934e-13,1.118934e-13,0.055045306,0.055045306,5.627274e-14,5.627274e-14,-0.0010098176,-0.0010098176,0.0011849583,0.0011849583,-0.00020196353,-0.00020196353,3.6348163e-16,3.6348163e-16,5.0584939e-14,5.0584939e-14,-5.0636073e-14,-5.0636073e-14,8.1301925e-19,8.1301925e-19,-7.6727688e-19,-7.6727688e-19,-3.0222448e-05,-3.0222448e-05,2.6835014e-18,2.6835014e-18,2.6079937e-18,2.6079937e-18,6.8774749e-19,6.8774749e-19,1.6511431e-06,1.6511431e-06,4.2088042e-33,4.2088042e-33
-0.00099900116,-0.00099900116,0.00099900116,0.00099900116,-2.6450196e-15,-2.6450196e-15,-1.6722394e-15,-1.6722394e-15,0.00099900116,0.00099900116,-0.00016594131,-0.00016594131,-0.00017584129,-0.00017584129,-0.00016475111,-0.00016475111,-0.00017584129,-0.00017584129,0.00017327409,0.00017327409,1.7635362e-15,1.7635362e-15,1.0756996e-05,1.0756996e-05,1.0756996e-05,1.0756996e-05,1.4190844e-17,1.4190844e-17,-0.00099643396,-0.00099643396,-0.00017584129,-0.00017584129,-0.00099643396,-0.00099643396,-0.00017584129,-0.00017584129,1.3145419e-16,1.3145419e-16,-7.73707e-17,-7.73707e-17,-0.0011722753,-0.0011722753,5.4945622e-17,5.4945622e-17,-0.0011435639,-0.0011435639,2.3987221e-16,2.3987221e-16,-2.5671968e-06,-2.5671968e-06,0.00017584129,0.00017584129,-2.5671968e-06,-2.5671968e-06,0.00017584129,0.00017584129,0.00017327409,0.00017327409,1.7631204e-15,1.7631204e-15,-0.00099900116,-0.00099900116,-0.00099900116,-0.00099900116,-0.00017584129,-0.00017584129,-1.8666062e-06,-1.8666062e-06,7.6116727e-18,7.6116727e-18,3.5856653e-08,3.5856653e-08,-1.9024629e-06,-1.9024629e-06,-1.1519924e-05,-1.1519924e-05,1.7694598e-15,1.7694598e-15,0.042782657,0.042782657,1.1210812e-13,1.1210812e-13,0.054458332,0.054458332,5.63823e-14,5.63823e-14,-0.00099900116,-0.00099900116,0.0011722753,0.0011722753,-0.00019980023,-0.00019980023,3.6437467e-16,3.6437467e-16,5.0699022e-14,5.0699022e-14,-5.0749721e-14,-5.0749721e-14,8.0500975e-19,8.0500975e-19,-7.5706455e-19,-7.5706455e-19,-2.8711325e-05,-2.8711325e-05,2.7108159e-18,2.7108159e-18,2.5756174e-18,2.5756174e-18,6.7731401e-19,6.7731401e-19,1.6365288e-06,1.6365288e-06,4.1125729e-33,4.1125729e-33
-0.00098829795,-0.00098829795,0.00098829795,0.00098829795,-2.6586806e-15,-2.6586806e-15,-1.6749975e-15,-1.6749975e-15,0.00098829795,0.00098829795,-0.00016334645,-0.00016334645,-0.00017395875,-0.00017395875,-0.0001621668,-0.0001621668,-0.00017395875,-0.00017395875,0.00017142703,0.00017142703,1.7669194e-15,1.7669194e-15,1.0644224e-05,1.0644224e-05,1.0644224e-05,1.0644224e-05,1.4030501e-17,1.4030501e-17,-0.00098576623,-0.00098576623,-0.00017395875,-0.00017395875,-0.00098576623,-0.00098576623,-0.00017395875,-0.00017395875,1.3307724e-16,1.3307724e-16,-7.7904458e-17,-7.7904458e-17,-0.001159725,-0.001159725,5.6025698e-17,5.6025698e-17,-0.0011324492,-0.0011324492,2.3889503e-16,2.3889503e-16,-2.5317161e-06,-2.5317161e-06,0.00017395875,0.00017395875,-2.5317161e-06,-2.5317161e-06,0.00017395875,0.00017395875,0.00017142703,0.00017142703,1.7665076e-15,1.7665076e-15,-0.00098829795,-0.00098829795,-0.00098829795,-0.00098829795,-0.00017395875,-0.00017395875,-1.8470599e-06,-1.8470599e-06,7.5250845e-18,7.5250845e-18,3.5480746e-08,3.5480746e-08,-1.8825406e-06,-1.8825406e-06,-1.1431899e-05,-1.1431899e-05,1.7727655e-15,1.7727655e-15,0.042306114,0.042306114,1.123203e-13,1.123203e-13,0.05387761,0.05387761,5.6490564e-14,5.6490564e-14,-0.00098829795,-0.00098829795,0.001159725,0.001159725,-0.00019765959,-0.00019765959,3.6525716e-16,3.6525716e-16,5.0811907e-14,5.0811907e-14,-5.0862174e-14,-5.0862174e-14,7.9706956e-19,7.9706956e-19,-7.4707393e-19,-7.4707393e-19,-2.7275759e-05,-2.7275759e-05,2.7353632e-18,2.7353632e-18,2.5438396e-18,2.5438396e-18,6.6716415e-19,6.6716415e-19,1.6220211e-06,1.6220211e-06,4.0187735e-33,4.0187735e-33
-0.00097770695,-0.00097770695,0.00097770695,0.00097770695,-2.6727752e-15,-2.6727752e-15,-1.6777204e-15,-1.6777204e-15,0.00097770695,0.00097770695,-0.00016082002,-0.00016082002,-0.00017209594,-0.00017209594,-0.00015965084,-0.00015965084,-0.00017209594,-0.00017209594,0.00016959933,0.00016959933,1.7702621e-15,1.7702621e-15,1.0532514e-05,1.0532514e-05,1.0532514e-05,1.0532514e-05,1.3872297e-17,1.3872297e-17,-0.00097521034,-0.00097521034,-0.00017209594,-0.00017209594,-0.00097521034,-0.00097521034,-0.00017209594,-0.00017209594,1.3468272e-16,1.3468272e-16,-7.8433711e-17,-7.8433711e-17,-0.0011473063,-0.0011473063,5.7092804e-17,5.7092804e-17,-0.0011213943,-0.0011213943,2.3793107e-16,2.3793107e-16,-2.4966077e-06,-2.4966077e-06,0.00017209594,0.00017209594,-2.4966077e-06,-2.4966077e-06,0.00017209594,0.00017209594,0.00016959933,0.00016959933,1.7698544e-15,1.7698544e-15,-0.00097770695,-0.00097770695,-0.00097770695,-0.00097770695,-0.00017209594,-0.00017209594,-1.8276965e-06,-1.8276965e-06,7.4396674e-18,7.4396674e-18,3.5108379e-08,3.5108379e-08,-1.8628049e-06,-1.8628049e-06,-1.1342619e-05,-1.1342619e-05,1.7760322e-15,1.7760322e-15,0.041835927,0.041835927,1.1252997e-13,1.1252997e-13,0.053303075,0.053303075,5.659755e-14,5.659755e-14,-0.00097770695,-0.00097770695,0.0011473063,0.0011473063,-0.00019554139,-0.00019554139,3.6612923e-16,3.6612923e-16,5.0923606e-14,5.0923606e-14,-5.0973443e-14,-5.0973443e-14,7.8919836e-19,7.8919836e-19,-7.3729704e-19,-7.3729704e-19,-2.5911971e-05,-2.5911971e-05,2.7572764e-18,2.7572764e-18,2.5126414e-18,2.5126414e-18,6.5728631e-19,6.5728631e-19,1.6076198e-06,1.6076198e-06,3.9273328e-33,3.9273328e-33
-0.0009672271,-0.0009672271,0.0009672271,0.0009672271,-2.6871951e-15,-2.6871951e-15,-1.6804088e-15,-1.6804088e-15,0.0009672271,0.0009672271,-0.00015835925,-0.00015835925,-0.00017025269,-0.00017025269,-0.00015720047,-0.00015720047,-0.00017025269,-0.00017025269,0.00016779082,0.00016779082,1.773565e-15,1.773565e-15,1.0421862e-05,1.0421862e-05,1.0421862e-05,1.0421862e-05,1.3716189e-17,1.3716189e-17,-0.00096476523,-0.00096476523,-0.00017025269,-0.00017025269,-0.00096476523,-0.00096476523,-0.00017025269,-0.00017025269,1.3627083e-16,1.3627083e-16,-7.8958462e-17,-7.8958462e-17,-0.0011350179,-0.0011350179,5.8147136e-17,5.8147136e-17,-0.0011104015,-0.0011104015,2.3698006e-16,2.3698006e-16,-2.4618682e-06,-2.4618682e-06,0.00017025269,0.00017025269,-2.4618682e-06,-2.4618682e-06,0.00017025269,0.00017025269,0.00016779082,0.00016779082,1.7731613e-15,1.7731613e-15,-0.0009672271,-0.0009672271,-0.0009672271,-0.0009672271,-0.00017025269,-0.00017025269,-1.8085154e-06,-1.8085154e-06,7.3553981e-18,7.3553981e-18,3.4739539e-08,3.4739539e-08,-1.843255e-06,-1.843255e-06,-1.1252209e-05,-1.1252209e-05,1.7792605e-15,1.7792605e-15,0.041371968,0.041371968,1.1273718e-13,1.1273718e-13,0.052734663,0.052734663,5.6703278e-14,5.6703278e-14,-0.0009672271,-0.0009672271,0.0011350179,0.0011350179,-0.00019344542,-0.00019344542,3.6699106e-16,3.6699106e-16,5.1034133e-14,5.1034133e-14,-5.1083542e-14,-5.1083542e-14,7.8139584e-19,7.8139584e-19,-7.2772629e-19,-7.2772629e-19,-2.4616373e-05,-2.4616373e-05,2.7766831e-18,2.7766831e-18,2.4820046e-18,2.4820046e-18,6.4766942e-19,6.4766942e-19,1.5933245e-06,1.5933245e-06,3.8381807e-33,3.8381807e-33
-0.00095685734,-0.00095685734,0.00095685734,0.00095685734,-2.7007476e-15,-2.7007476e-15,-1.6830632e-15,-1.6830632e-15,0.00095685734,0.00095685734,-0.00015596152,-0.00015596152,-0.0001684288,-0.0001684288,-0.00015481306,-0.00015481306,-0.0001684288,-0.0001684288,0.0001660013,0.0001660013,1.7768287e-15,1.7768287e-15,1.0312264e-05,1.0312264e-05,1.0312264e-05,1.0312264e-05,1.3562138e-17,1.3562138e-17,-0.00095442985,-0.00095442985,-0.0001684288,-0.0001684288,-0.00095442985,-0.00095442985,-0.0001684288,-0.0001684288,1.3784176e-16,1.3784176e-16,-7.9478714e-17,-7.9478714e-17,-0.0011228586,-0.0011228586,5.9188889e-17,5.9188889e-17,-0.0010994731,-0.0010994731,2.3604176e-16,2.3604176e-16,-2.427494e-06,-2.427494e-06,0.0001684288,0.0001684288,-2.427494e-06,-2.427494e-06,0.0001684288,0.0001684288,0.0001660013,0.0001660013,1.776429e-15,1.776429e-15,-0.00095685734,-0.00095685734,-0.00095685734,-0.00095685734,-0.0001684288,-0.0001684288,-1.789516e-06,-1.789516e-06,7.2722542e-18,7.2722542e-18,3.4374212e-08,3.4374212e-08,-1.8238903e-06,-1.8238903e-06,-1.1160785e-05,-1.1160785e-05,1.782451e-15,1.782451e-15,0.04091411,0.04091411,1.1294196e-13,1.1294196e-13,0.052172313,0.052172313,5.6807765e-14,5.6807765e-14,-0.00095685734,-0.00095685734,0.0011228586,0.0011228586,-0.00019137147,-0.00019137147,3.6784277e-16,3.6784277e-16,5.11435e-14,5.11435e-14,-5.1192484e-14,-5.1192484e-14,7.7366166e-19,7.7366166e-19,-7.1835442e-19,-7.1835442e-19,-2.3385554e-05,-2.3385554e-05,2.7937053e-18,2.7937053e-18,2.451912e-18,2.451912e-18,6.3830296e-19,6.3830296e-19,1.579135e-06,1.579135e-06,3.7512493e-33,3.7512493e-33
-0.00094659664,-0.00094659664,0.00094659664,0.00094659664,-2.7141917e-15,-2.7141917e-15,-1.6856843e-15,-1.6856843e-15,0.00094659664,0.00094659664,-0.00015362431,-0.00015362431,-0.00016662409,-0.00016662409,-0.00015248609,-0.00015248609,-0.00016662409,-0.00016662409,0.00016423061,0.00016423061,1.7800538e-15,1.7800538e-15,1.0203715e-05,1.0203715e-05,1.0203715e-05,1.0203715e-05,1.3410105e-17,1.3410105e-17,-0.00094420316,-0.00094420316,-0.00016662409,-0.00016662409,-0.00094420316,-0.00094420316,-0.00016662409,-0.00016662409,1.3939572e-16,1.3939572e-16,-7.9994473e-17,-7.9994473e-17,-0.0011108272,-0.0011108272,6.0218252e-17,6.0218252e-17,-0.001088611,-0.001088611,2.351159e-16,2.351159e-16,-2.3934816e-06,-2.3934816e-06,0.00016662409,0.00016662409,-2.3934816e-06,-2.3934816e-06,0.00016662409,0.00016662409,0.00016423061,0.00016423061,1.7796581e-15,1.7796581e-15,-0.00094659664,-0.00094659664,-0.00094659664,-0.00094659664,-0.00016662409,-0.00016662409,-1.7706976e-06,-1.7706976e-06,7.1902139e-18,7.1902139e-18,3.4012384e-08,3.4012384e-08,-1.80471e-06,-1.80471e-06,-1.1068457e-05,-1.1068457e-05,1.7856042e-15,1.7856042e-15,0.040462233,0.040462233,1.1314435e-13,1.1314435e-13,0.051615961,0.051615961,5.691103e-14,5.691103e-14,-0.00094659664,-0.00094659664,0.0011108272,0.0011108272,-0.00018931933,-0.00018931933,3.6868453e-16,3.6868453e-16,5.125172e-14,5.125172e-14,-5.1300281e-14,-5.1300281e-14,7.6599548e-19,7.6599548e-19,-7.0917449e-19,-7.0917449e-19,-2.2216276e-05,-2.2216276e-05,2.80846e-18,2.80846e-18,2.4223469e-18,2.4223469e-18,6.291769e-19,6.291769e-19,1.5650508e-06,1.5650508e-06,3.6664733e-33,3.6664733e-33
-0.00093644395,-0.00093644395,0.00093644395,0.00093644395,-2.7275274e-15,-2.7275274e-15,-1.6882726e-15,-1.6882726e-15,0.00093644395,0.00093644395,-0.00015134524,-0.00015134524,-0.00016483837,-0.00016483837,-0.00015021719,-0.00015021719,-0.00016483837,-0.00016483837,0.00016247855,0.00016247855,1.7832409e-15,1.7832409e-15,1.0096212e-05,1.0096212e-05,1.0096212e-05,1.0096212e-05,1.326005e-17,1.326005e-17,-0.00093408412,-0.00093408412,-0.00016483837,-0.00016483837,-0.00093408412,-0.00093408412,-0.00016483837,-0.00016483837,1.4093289e-16,1.4093289e-16,-8.0505748e-17,-8.0505748e-17,-0.0010989225,-0.0010989225,6.1235409e-17,6.1235409e-17,-0.001077817,-0.001077817,2.3420224e-16,2.3420224e-16,-2.3598275e-06,-2.3598275e-06,0.00016483837,0.00016483837,-2.3598275e-06,-2.3598275e-06,0.00016483837,0.00016483837,0.00016247855,0.00016247855,1.7828491e-15,1.7828491e-15,-0.00093644395,-0.00093644395,-0.00093644395,-0.00093644395,-0.00016483837,-0.00016483837,-1.7520594e-06,-1.7520594e-06,7.109256e-18,7.109256e-18,3.3654038e-08,3.3654038e-08,-1.7857134e-06,-1.7857134e-06,-1.097533e-05,-1.097533e-05,1.7887206e-15,1.7887206e-15,0.04001622,0.04001622,1.1334437e-13,1.1334437e-13,0.051065546,0.051065546,5.7013091e-14,5.7013091e-14,-0.00093644395,-0.00093644395,0.0010989225,0.0010989225,-0.00018728879,-0.00018728879,3.6951647e-16,3.6951647e-16,5.1358805e-14,5.1358805e-14,-5.1406945e-14,-5.1406945e-14,7.5839697e-19,7.5839697e-19,-7.001799e-19,-7.001799e-19,-2.1105462e-05,-2.1105462e-05,2.8210594e-18,2.8210594e-18,2.3932936e-18,2.3932936e-18,6.2028166e-19,6.2028166e-19,1.5510718e-06,1.5510718e-06,3.5837901e-33,3.5837901e-33
-0.00092639822,-0.00092639822,0.00092639822,0.00092639822,-2.7409715e-15,-2.7409715e-15,-1.6908287e-15,-1.6908287e-15,0.00092639822,0.00092639822,-0.00014912203,-0.00014912203,-0.00016307147,-0.00016307147,-0.00014800407,-0.00014800407,-0.00016307147,-0.00016307147,0.00016074495,0.00016074495,1.7863904e-15,1.7863904e-15,9.9897476e-06,9.9897476e-06,9.9897476e-06,9.9897476e-06,1.3111939e-17,1.3111939e-17,-0.00092407169,-0.00092407169,-0.00016307147,-0.00016307147,-0.00092407169,-0.00092407169,-0.00016307147,-0.00016307147,1.4245347e-16,1.4245347e-16,-8.1012547e-17,-8.1012547e-17,-0.0010871432,-0.0010871432,6.2240542e-17,6.2240542e-17,-0.001067093,-0.001067093,2.3330056e-16,2.3330056e-16,-2.3265284e-06,-2.3265284e-06,0.00016307147,0.00016307147,-2.3265284e-06,-2.3265284e-06,0.00016307147,0.00016307147,0.00016074495,0.00016074495,1.7860025e-15,1.7860025e-15,-0.00092639822,-0.00092639822,-0.00092639822,-0.00092639822,-0.00016307147,-0.00016307147,-1.7336005e-06,-1.7336005e-06,7.0293601e-18,7.0293601e-18,3.3299159e-08,3.3299159e-08,-1.7668996e-06,-1.7668996e-06,-1.0881502e-05,-1.0881502e-05,1.7918008e-15,1.7918008e-15,0.039575958,0.039575958,1.1354207e-13,1.1354207e-13,0.050521007,0.050521007,5.7113964e-14,5.7113964e-14,-0.00092639822,-0.00092639822,0.0010871432,0.0010871432,-0.00018527964,-0.00018527964,3.7033872e-16,3.7033872e-16,5.1464768e-14,5.1464768e-14,-5.1512489e-14,-5.1512489e-14,7.5086576e-19,7.5086576e-19,-6.9136431e-19,-6.9136431e-19,-2.0050189e-05,-2.0050189e-05,2.8316107e-18,2.8316107e-18,2.3647368e-18,2.3647368e-18,6.1160814e-19,6.1160814e-19,1.5371975e-06,1.5371975e-06,3.503139e-33,3.503139e-33
-0.00091645842,-0.00091645842,0.00091645842,0.00091645842,-2.7538735e-15,-2.7538735e-15,-1.693353e-15,-1.693353e-15,0.00091645842,0.00091645842,-0.00014695252,-0.00014695252,-0.00016132321,-0.00016132321,-0.00014584457,-0.00014584457,-0.00016132321,-0.00016132321,0.00015902963,0.00015902963,1.7895031e-15,1.7895031e-15,9.884318e-06,9.884318e-06,9.884318e-06,9.884318e-06,1.2965734e-17,1.2965734e-17,-0.00091416484,-0.00091416484,-0.00016132321,-0.00016132321,-0.00091416484,-0.00091416484,-0.00016132321,-0.00016132321,1.4395765e-16,1.4395765e-16,-8.151488e-17,-8.151488e-17,-0.001075488,-0.001075488,6.3233827e-17,6.3233827e-17,-0.0010564404,-0.0010564404,2.3241063e-16,2.3241063e-16,-2.2935807e-06,-2.2935807e-06,0.00016132321,0.00016132321,-2.2935807e-06,-2.2935807e-06,0.00016132321,0.00016132321,0.00015902963,0.00015902963,1.7891191e-15,1.7891191e-15,-0.00091645842,-0.00091645842,-0.00091645842,-0.00091645842,-0.00016132321,-0.00016132321,-1.7153201e-06,-1.7153201e-06,6.9505063e-18,6.9505063e-18,3.2947727e-08,3.2947727e-08,-1.7482678e-06,-1.7482678e-06,-1.0787066e-05,-1.0787066e-05,1.7948453e-15,1.7948453e-15,0.039141337,0.039141337,1.1373748e-13,1.1373748e-13,0.049982282,0.049982282,5.7213667e-14,5.7213667e-14,-0.00091645842,-0.00091645842,0.001075488,0.001075488,-0.00018329168,-0.00018329168,3.7115143e-16,3.7115143e-16,5.1569621e-14,5.1569621e-14,-5.1616926e-14,-5.1616926e-14,7.4340149e-19,7.4340149e-19,-6.8272171e-19,-6.8272171e-19,-1.904768e-05,-1.904768e-05,2.8402167e-18,2.8402167e-18,2.3366621e-18,2.3366621e-18,6.0314766e-19,6.0314766e-19,1.5234276e-06,1.5234276e-06,3.4244616e-33,3.4244616e-33
-0.00090662352,-0.00090662352,0.00090662352,0.00090662352,-2.7669924e-15,-2.7669924e-15,-1.6958462e-15,-1.6958462e-15,0.00090662352,0.00090662352,-0.00014483463,-0.00014483463,-0.00015959339,-0.00015959339,-0.00014373662,-0.00014373662,-0.00015959339,-0.00015959339,0.00015733241,0.00015733241,1.7925793e-15,1.7925793e-15,9.7799173e-06,9.7799173e-06,9.7799173e-06,9.7799173e-06,1.2821402e-17,1.2821402e-17,-0.00090436254,-0.00090436254,-0.00015959339,-0.00015959339,-0.00090436254,-0.00090436254,-0.00015959339,-0.00015959339,1.4544561e-16,1.4544561e-16,-8.2012758e-17,-8.2012758e-17,-0.0010639559,-0.0010639559,6.4215439e-17,6.4215439e-17,-0.0010458606,-0.0010458606,2.3153222e-16,2.3153222e-16,-2.2609809e-06,-2.2609809e-06,0.00015959339,0.00015959339,-2.2609809e-06,-2.2609809e-06,0.00015959339,0.00015959339,0.00015733241,0.00015733241,1.7921992e-15,1.7921992e-15,-0.00090662352,-0.00090662352,-0.00090662352,-0.00090662352,-0.00015959339,-0.00015959339,-1.6972173e-06,-1.6972173e-06,6.8726753e-18,6.8726753e-18,3.2599724e-08,3.2599724e-08,-1.7298171e-06,-1.7298171e-06,-1.0692109e-05,-1.0692109e-05,1.7978546e-15,1.7978546e-15,0.038712252,0.038712252,1.1393062e-13,1.1393062e-13,0.049449313,0.049449313,5.7312215e-14,5.7312215e-14,-0.00090662352,-0.00090662352,0.0010639559,0.0010639559,-0.0001813247,-0.0001813247,3.7195474e-16,3.7195474e-16,5.1673375e-14,5.1673375e-14,-5.1720266e-14,-5.1720266e-14,7.360038e-19,7.360038e-19,-6.7424633e-19,-6.7424633e-19,-1.8095296e-05,-1.8095296e-05,2.8469755e-18,2.8469755e-18,2.3090555e-18,2.3090555e-18,5.9489195e-19,5.9489195e-19,1.5097618e-06,1.5097618e-06,3.3477017e-33,3.3477017e-33
-0.0008968925,-0.0008968925,0.0008968925,0.0008968925,-2.779786e-15,-2.779786e-15,-1.6983086e-15,-1.6983086e-15,0.0008968925,0.0008968925,-0.0001427664,-0.0001427664,-0.00015788184,-0.00015788184,-0.00014167826,-0.00014167826,-0.00015788184,-0.00015788184,0.00015565312,0.00015565312,1.7956196e-15,1.7956196e-15,9.6765397e-06,9.6765397e-06,9.6765397e-06,9.6765397e-06,1.2678909e-17,1.2678909e-17,-0.00089466378,-0.00089466378,-0.00015788184,-0.00015788184,-0.00089466378,-0.00089466378,-0.00015788184,-0.00015788184,1.4691753e-16,1.4691753e-16,-8.2506195e-17,-8.2506195e-17,-0.0010525456,-0.0010525456,6.5185547e-17,6.5185547e-17,-0.0010353551,-0.0010353551,2.3066512e-16,2.3066512e-16,-2.2287258e-06,-2.2287258e-06,0.00015788184,0.00015788184,-2.2287258e-06,-2.2287258e-06,0.00015788184,0.00015788184,0.00015565312,0.00015565312,1.7952434e-15,1.7952434e-15,-0.0008968925,-0.0008968925,-0.0008968925,-0.0008968925,-0.00015788184,-0.00015788184,-1.6792912e-06,-1.6792912e-06,6.7958483e-18,6.7958483e-18,3.2255132e-08,3.2255132e-08,-1.7115463e-06,-1.7115463e-06,-1.0596713e-05,-1.0596713e-05,1.8008291e-15,1.8008291e-15,0.0382886,0.0382886,1.1412154e-13,1.1412154e-13,0.048922038,0.048922038,5.7409626e-14,5.7409626e-14,-0.0008968925,-0.0008968925,0.0010525456,0.0010525456,-0.0001793785,-0.0001793785,3.7274876e-16,3.7274876e-16,5.1776043e-14,5.1776043e-14,-5.1822523e-14,-5.1822523e-14,7.2867232e-19,7.2867232e-19,-6.6593265e-19,-6.6593265e-19,-1.7190531e-05,-1.7190531e-05,2.8519815e-18,2.8519815e-18,2.2819037e-18,2.2819037e-18,5.8683312e-19,5.8683312e-19,1.4961997e-06,1.4961997e-06,3.2728049e-33,3.2728049e-33
-0.00088726434,-0.00088726434,0.00088726434,0.00088726434,-2.7924711e-15,-2.7924711e-15,-1.7007409e-15,-1.7007409e-15,0.00088726434,0.00088726434,-0.00014074595,-0.00014074595,-0.00015618839,-0.00015618839,-0.00013966759,-0.00013966759,-0.00015618839,-0.00015618839,0.00015399158,0.00015399158,1.7986246e-15,1.7986246e-15,9.5741793e-06,9.5741793e-06,9.5741793e-06,9.5741793e-06,1.2538222e-17,1.2538222e-17,-0.00088506753,-0.00088506753,-0.00015618839,-0.00015618839,-0.00088506753,-0.00088506753,-0.00015618839,-0.00015618839,1.483736e-16,1.483736e-16,-8.2995205e-17,-8.2995205e-17,-0.0010412559,-0.0010412559,6.6144316e-17,6.6144316e-17,-0.0010249249,-0.0010249249,2.2980913e-16,2.2980913e-16,-2.1968119e-06,-2.1968119e-06,0.00015618839,0.00015618839,-2.1968119e-06,-2.1968119e-06,0.00015618839,0.00015618839,0.00015399158,0.00015399158,1.7982522e-15,1.7982522e-15,-0.00088726434,-0.00088726434,-0.00088726434,-0.00088726434,-0.00015618839,-0.00015618839,-1.6615407e-06,-1.6615407e-06,6.7200071e-18,6.7200071e-18,3.1913931e-08,3.1913931e-08,-1.6934547e-06,-1.6934547e-06,-1.0500957e-05,-1.0500957e-05,1.8037694e-15,1.8037694e-15,0.037870281,0.037870281,1.1431026e-13,1.1431026e-13,0.048400399,0.048400399,5.7505916e-14,5.7505916e-14,-0.00088726434,-0.00088726434,0.0010412559,0.0010412559,-0.00017745287,-0.00017745287,3.7353363e-16,3.7353363e-16,5.1877637e-14,5.1877637e-14,-5.1923707e-14,-5.1923707e-14,7.2140668e-19,7.2140668e-19,-6.5777542e-19,-6.5777542e-19,-1.6331005e-05,-1.6331005e-05,2.8553245e-18,2.8553245e-18,2.2551938e-18,2.2551938e-18,5.7896365e-19,5.7896365e-19,1.4827409e-06,1.4827409e-06,3.1997189e-33,3.1997189e-33
-0.00087773804,-0.00087773804,0.00087773804,0.00087773804,-2.804831e-15,-2.804831e-15,-1.7031435e-15,-1.7031435e-15,0.00087773804,0.00087773804,-0.00013877149,-0.00013877149,-0.00015451285,-0.00015451285,-0.00013770284,-0.00013770284,-0.00015451285,-0.00015451285,0.00015234761,0.00015234761,1.8015948e-15,1.8015948e-15,9.4728298e-06,9.4728298e-06,9.4728298e-06,9.4728298e-06,1.2399309e-17,1.2399309e-17,-0.0008755728,-0.0008755728,-0.00015451285,-0.00015451285,-0.0008755728,-0.0008755728,-0.00015451285,-0.00015451285,1.4981399e-16,1.4981399e-16,-8.3479802e-17,-8.3479802e-17,-0.0010300856,-0.0010300856,6.7091911e-17,6.7091911e-17,-0.0010145712,-0.0010145712,2.2896405e-16,2.2896405e-16,-2.1652358e-06,-2.1652358e-06,0.00015451285,0.00015451285,-2.1652358e-06,-2.1652358e-06,0.00015451285,0.00015451285,0.00015234761,0.00015234761,1.8012261e-15,1.8012261e-15,-0.00087773804,-0.00087773804,-0.00087773804,-0.00087773804,-0.00015451285,-0.00015451285,-1.6439649e-06,-1.6439649e-06,6.6451342e-18,6.6451342e-18,3.1576099e-08,3.1576099e-08,-1.675541e-06,-1.675541e-06,-1.0404913e-05,-1.0404913e-05,1.8066759e-15,1.8066759e-15,0.037457201,0.037457201,1.1449681e-13,1.1449681e-13,0.047884337,0.047884337,5.7601098e-14,5.7601098e-14,-0.00087773804,-0.00087773804,0.0010300856,0.0010300856,-0.00017554761,-0.00017554761,3.7430948e-16,3.7430948e-16,5.1978167e-14,5.1978167e-14,-5.202383e-14,-5.202383e-14,7.1420648e-19,7.1420648e-19,-6.4976961e-19,-6.4976961e-19,-1.5514454e-05,-1.5514454e-05,2.8570908e-18,2.8570908e-18,2.2289138e-18,2.2289138e-18,5.7127638e-19,5.7127638e-19,1.4693851e-06,1.4693851e-06,3.128393e-33,3.128393e-33
-0.00086831257,-0.00086831257,0.00086831257,0.00086831257,-2.8174078e-15,-2.8174078e-15,-1.7055169e-15,-1.7055169e-15,0.00086831257,0.00086831257,-0.0001368413,-0.0001368413,-0.00015285504,-0.00015285504,-0.00013578229,-0.00013578229,-0.00015285504,-0.00015285504,0.00015072105,0.00015072105,1.8045305e-15,1.8045305e-15,9.3724849e-06,9.3724849e-06,9.3724849e-06,9.3724849e-06,1.2262139e-17,1.2262139e-17,-0.00086617858,-0.00086617858,-0.00015285504,-0.00015285504,-0.00086617858,-0.00086617858,-0.00015285504,-0.00015285504,1.5123889e-16,1.5123889e-16,-8.3960003e-17,-8.3960003e-17,-0.0010190336,-0.0010190336,6.8028489e-17,6.8028489e-17,-0.0010042949,-0.0010042949,2.2812968e-16,2.2812968e-16,-2.1339942e-06,-2.1339942e-06,0.00015285504,0.00015285504,-2.1339942e-06,-2.1339942e-06,0.00015285504,0.00015285504,0.00015072105,0.00015072105,1.8041657e-15,1.8041657e-15,-0.00086831257,-0.00086831257,-0.00086831257,-0.00086831257,-0.00015285504,-0.00015285504,-1.6265626e-06,-1.6265626e-06,6.5712122e-18,6.5712122e-18,3.1241616e-08,3.1241616e-08,-1.6578042e-06,-1.6578042e-06,-1.0308651e-05,-1.0308651e-05,1.8095491e-15,1.8095491e-15,0.037049266,0.037049266,1.1468122e-13,1.1468122e-13,0.047373794,0.047373794,5.769519e-14,5.769519e-14,-0.00086831257,-0.00086831257,0.0010190336,0.0010190336,-0.00017366251,-0.00017366251,3.7507643e-16,3.7507643e-16,5.2077645e-14,5.2077645e-14,-5.2122904e-14,-5.2122904e-14,7.0707135e-19,7.0707135e-19,-6.4191042e-19,-6.4191042e-19,-1.4738732e-05,-1.4738732e-05,2.8573629e-18,2.8573629e-18,2.2030518e-18,2.2030518e-18,5.6376448e-19,5.6376448e-19,1.4561318e-06,1.4561318e-06,3.0587784e-33,3.0587784e-33
-0.00085898695,-0.00085898695,0.00085898695,0.00085898695,-2.8297677e-15,-2.8297677e-15,-1.7078615e-15,-1.7078615e-15,0.00085898695,0.00085898695,-0.00013495376,-0.00013495376,-0.0001512148,-0.0001512148,-0.00013390432,-0.00013390432,-0.0001512148,-0.0001512148,0.00014911172,0.00014911172,1.8074324e-15,1.8074324e-15,9.2731382e-06,9.2731382e-06,9.2731382e-06,9.2731382e-06,1.2126684e-17,1.2126684e-17,-0.00085688386,-0.00085688386,-0.0001512148,-0.0001512148,-0.00085688386,-0.00085688386,-0.0001512148,-0.0001512148,1.5264846e-16,1.5264846e-16,-8.4435824e-17,-8.4435824e-17,-0.0010080987,-0.0010080987,6.8954207e-17,6.8954207e-17,-0.00099409687,-0.00099409687,2.2730583e-16,2.2730583e-16,-2.1030837e-06,-2.1030837e-06,0.0001512148,0.0001512148,-2.1030837e-06,-2.1030837e-06,0.0001512148,0.0001512148,0.00014911172,0.00014911172,1.8070713e-15,1.8070713e-15,-0.00085898695,-0.00085898695,-0.00085898695,-0.00085898695,-0.0001512148,-0.0001512148,-1.6093328e-06,-1.6093328e-06,6.4982245e-18,6.4982245e-18,3.0910461e-08,3.0910461e-08,-1.6402433e-06,-1.6402433e-06,-1.0212235e-05,-1.0212235e-05,1.8123895e-15,1.8123895e-15,0.036646385,0.036646385,1.1486352e-13,1.1486352e-13,0.046868713,0.046868713,5.7788205e-14,5.7788205e-14,-0.00085898695,-0.00085898695,0.0010080987,0.0010080987,-0.00017179739,-0.00017179739,3.7583459e-16,3.7583459e-16,5.2176083e-14,5.2176083e-14,-5.222094e-14,-5.222094e-14,7.0000089e-19,7.0000089e-19,-6.3419323e-19,-6.3419323e-19,-1.4001795e-05,-1.4001795e-05,2.8562195e-18,2.8562195e-18,2.1775966e-18,2.1775966e-18,5.5642143e-19,5.5642143e-19,1.4429807e-06,1.4429807e-06,2.990828e-33,2.990828e-33
-0.00084976018,-0.00084976018,0.00084976018,0.00084976018,-2.8418023e-15,-2.8418023e-15,-1.7101777e-15,-1.7101777e-15,0.00084976018,0.00084976018,-0.00013310733,-0.00013310733,-0.00014959194,-0.00014959194,-0.00013206738,-0.00013206738,-0.00014959194,-0.00014959194,0.00014751944,0.00014751944,1.8103008e-15,1.8103008e-15,9.174783e-06,9.174783e-06,9.174783e-06,9.174783e-06,1.1992912e-17,1.1992912e-17,-0.00084768767,-0.00084768767,-0.00014959194,-0.00014959194,-0.00084768767,-0.00084768767,-0.00014959194,-0.00014959194,1.5404287e-16,1.5404287e-16,-8.4907284e-17,-8.4907284e-17,-0.00099727962,-0.00099727962,6.9869219e-17,6.9869219e-17,-0.00098397791,-0.00098397791,2.2649233e-16,2.2649233e-16,-2.0725011e-06,-2.0725011e-06,0.00014959194,0.00014959194,-2.0725011e-06,-2.0725011e-06,0.00014959194,0.00014959194,0.00014751944,0.00014751944,1.8099434e-15,1.8099434e-15,-0.00084976018,-0.00084976018,-0.00084976018,-0.00084976018,-0.00014959194,-0.00014959194,-1.5922744e-06,-1.5922744e-06,6.4261549e-18,6.4261549e-18,3.058261e-08,3.058261e-08,-1.622857e-06,-1.622857e-06,-1.0115727e-05,-1.0115727e-05,1.8151974e-15,1.8151974e-15,0.036248471,0.036248471,1.1504374e-13,1.1504374e-13,0.046369037,0.046369037,5.7880158e-14,5.7880158e-14,-0.00084976018,-0.00084976018,0.00099727962,0.00099727962,-0.00016995204,-0.00016995204,3.7658409e-16,3.7658409e-16,5.2273493e-14,5.2273493e-14,-5.231795e-14,-5.231795e-14,6.9299471e-19,6.9299471e-19,-6.2661366e-19,-6.2661366e-19,-1.3301705e-05,-1.3301705e-05,2.8537361e-18,2.8537361e-18,2.1525374e-18,2.1525374e-18,5.4924101e-19,5.4924101e-19,1.4299314e-06,1.4299314e-06,2.9244962e-33,2.9244962e-33
-0.00084063127,-0.00084063127,0.00084063127,0.00084063127,-2.8537285e-15,-2.8537285e-15,-1.7124662e-15,-1.7124662e-15,0.00084063127,0.00084063127,-0.0001313005,-0.0001313005,-0.0001479863,-0.0001479863,-0.00013026997,-0.00013026997,-0.0001479863,-0.0001479863,0.00014594406,0.00014594406,1.8131363e-15,1.8131363e-15,9.0774126e-06,9.0774126e-06,9.0774126e-06,9.0774126e-06,1.1860797e-17,1.1860797e-17,-0.00083858902,-0.00083858902,-0.0001479863,-0.0001479863,-0.00083858902,-0.00083858902,-0.0001479863,-0.0001479863,1.5542231e-16,1.5542231e-16,-8.5374403e-17,-8.5374403e-17,-0.00098657532,-0.00098657532,7.0773673e-17,7.0773673e-17,-0.0009739387,-0.0009739387,2.2568899e-16,2.2568899e-16,-2.042243e-06,-2.042243e-06,0.0001479863,0.0001479863,-2.042243e-06,-2.042243e-06,0.0001479863,0.0001479863,0.00014594406,0.00014594406,1.8127826e-15,1.8127826e-15,-0.00084063127,-0.00084063127,-0.00084063127,-0.00084063127,-0.0001479863,-0.0001479863,-1.5753863e-06,-1.5753863e-06,6.3549876e-18,6.3549876e-18,3.0258042e-08,3.0258042e-08,-1.6056443e-06,-1.6056443e-06,-1.0019185e-05,-1.0019185e-05,1.8179734e-15,1.8179734e-15,0.03585544,0.03585544,1.1522191e-13,1.1522191e-13,0.045874708,0.045874708,5.7971064e-14,5.7971064e-14,-0.00084063127,-0.00084063127,0.00098657532,0.00098657532,-0.00016812625,-0.00016812625,3.7732505e-16,3.7732505e-16,5.2369884e-14,5.2369884e-14,-5.2413945e-14,-5.2413945e-14,6.8605241e-19,6.8605241e-19,-6.191675e-19,-6.191675e-19,-1.263662e-05,-1.263662e-05,2.8499849e-18,2.8499849e-18,2.1278639e-18,2.1278639e-18,5.4221731e-19,5.4221731e-19,1.4169834e-06,1.4169834e-06,2.859739e-33,2.859739e-33
-0.00083159924,-0.00083159924,0.00083159924,0.00083159924,-2.8653295e-15,-2.8653295e-15,-1.7147271e-15,-1.7147271e-15,0.00083159924,0.00083159924,-0.00012953188,-0.00012953188,-0.00014639769,-0.00014639769,-0.00012851069,-0.00012851069,-0.00014639769,-0.00014639769,0.00014438539,0.00014438539,1.8159393e-15,1.8159393e-15,8.98102e-06,8.98102e-06,8.98102e-06,8.98102e-06,1.173031e-17,1.173031e-17,-0.00082958693,-0.00082958693,-0.00014639769,-0.00014639769,-0.00082958693,-0.00082958693,-0.00014639769,-0.00014639769,1.5678692e-16,1.5678692e-16,-8.5837199e-17,-8.5837199e-17,-0.00097598463,-0.00097598463,7.1667716e-17,7.1667716e-17,-0.00096397984,-0.00096397984,2.2489564e-16,2.2489564e-16,-2.0123063e-06,-2.0123063e-06,0.00014639769,0.00014639769,-2.0123063e-06,-2.0123063e-06,0.00014639769,0.00014639769,0.00014438539,0.00014438539,1.8155893e-15,1.8155893e-15,-0.00083159924,-0.00083159924,-0.00083159924,-0.00083159924,-0.00014639769,-0.00014639769,-1.5586672e-06,-1.5586672e-06,6.2847072e-18,6.2847072e-18,2.9936733e-08,2.9936733e-08,-1.5886039e-06,-1.5886039e-06,-9.9226618e-06,-9.9226618e-06,1.8207178e-15,1.8207178e-15,0.035467208,0.035467208,1.1539806e-13,1.1539806e-13,0.045385671,0.045385671,5.8060937e-14,5.8060937e-14,-0.00083159924,-0.00083159924,0.00097598463,0.00097598463,-0.00016631985,-0.00016631985,3.7805757e-16,3.7805757e-16,5.2465268e-14,5.2465268e-14,-5.2508935e-14,-5.2508935e-14,6.7917358e-19,6.7917358e-19,-6.1185072e-19,-6.1185072e-19,-1.2004789e-05,-1.2004789e-05,2.8450347e-18,2.8450347e-18,2.103566e-18,2.103566e-18,5.3534465e-19,5.3534465e-19,1.4041364e-06,1.4041364e-06,2.7965137e-33,2.7965137e-33
-0.00082266313,-0.00082266313,0.00082266313,0.00082266313,-2.8774726e-15,-2.8774726e-15,-1.7169611e-15,-1.7169611e-15,0.00082266313,0.00082266313,-0.0001278001,-0.0001278001,-0.00014482596,-0.00014482596,-0.00012678818,-0.00012678818,-0.00014482596,-0.00014482596,0.00014284327,0.00014284327,1.8187102e-15,1.8187102e-15,8.8855982e-06,8.8855982e-06,8.8855982e-06,8.8855982e-06,1.1601425e-17,1.1601425e-17,-0.00082068044,-0.00082068044,-0.00014482596,-0.00014482596,-0.00082068044,-0.00082068044,-0.00014482596,-0.00014482596,1.5813689e-16,1.5813689e-16,-8.6295693e-17,-8.6295693e-17,-0.0009655064,-0.0009655064,7.2551494e-17,7.2551494e-17,-0.00095410185,-0.00095410185,2.2411212e-16,2.2411212e-16,-1.9826876e-06,-1.9826876e-06,0.00014482596,0.00014482596,-1.9826876e-06,-1.9826876e-06,0.00014482596,0.00014482596,0.00014284327,0.00014284327,1.8183638e-15,1.8183638e-15,-0.00082266313,-0.00082266313,-0.00082266313,-0.00082266313,-0.00014482596,-0.00014482596,-1.542116e-06,-1.542116e-06,6.2152988e-18,6.2152988e-18,2.9618661e-08,2.9618661e-08,-1.5717346e-06,-1.5717346e-06,-9.8262087e-06,-9.8262087e-06,1.8234311e-15,1.8234311e-15,0.035083695,0.035083695,1.155722e-13,1.155722e-13,0.044901871,0.044901871,5.814979e-14,5.814979e-14,-0.00082266313,-0.00082266313,0.0009655064,0.0009655064,-0.00016453263,-0.00016453263,3.7878178e-16,3.7878178e-16,5.2559656e-14,5.2559656e-14,-5.2602931e-14,-5.2602931e-14,6.7235783e-19,6.7235783e-19,-6.0465947e-19,-6.0465947e-19,-1.140455e-05,-1.140455e-05,2.8389515e-18,2.8389515e-18,2.0796343e-18,2.0796343e-18,5.2861765e-19,5.2861765e-19,1.39139e-06,1.39139e-06,2.7347793e-33,2.7347793e-33
-0.00081382196,-0.00081382196,0.00081382196,0.00081382196,-2.8888567e-15,-2.8888567e-15,-1.7191684e-15,-1.7191684e-15,0.00081382196,0.00081382196,-0.0001261039,-0.0001261039,-0.00014327092,-0.00014327092,-0.00012510117,-0.00012510117,-0.00014327092,-0.00014327092,0.00014131754,0.00014131754,1.8214495e-15,1.8214495e-15,8.7911402e-06,8.7911402e-06,8.7911402e-06,8.7911402e-06,1.1474115e-17,1.1474115e-17,-0.00081186857,-0.00081186857,-0.00014327092,-0.00014327092,-0.00081186857,-0.00081186857,-0.00014327092,-0.00014327092,1.5947237e-16,1.5947237e-16,-8.6749908e-17,-8.6749908e-17,-0.0009551395,-0.0009551395,7.3425145e-17,7.3425145e-17,-0.00094430517,-0.00094430517,2.2333825e-16,2.2333825e-16,-1.9533838e-06,-1.9533838e-06,0.00014327092,0.00014327092,-1.9533838e-06,-1.9533838e-06,0.00014327092,0.00014327092,0.00014131754,0.00014131754,1.8211067e-15,1.8211067e-15,-0.00081382196,-0.00081382196,-0.00081382196,-0.00081382196,-0.00014327092,-0.00014327092,-1.5257315e-06,-1.5257315e-06,6.1467479e-18,6.1467479e-18,2.9303801e-08,2.9303801e-08,-1.5550353e-06,-1.5550353e-06,-9.7298735e-06,-9.7298735e-06,1.8261136e-15,1.8261136e-15,0.034704825,0.034704825,1.1574438e-13,1.1574438e-13,0.044423253,0.044423253,5.8237636e-14,5.8237636e-14,-0.00081382196,-0.00081382196,0.0009551395,0.0009551395,-0.00016276439,-0.00016276439,3.7949777e-16,3.7949777e-16,5.2653059e-14,5.2653059e-14,-5.2695944e-14,-5.2695944e-14,6.6560474e-19,6.6560474e-19,-5.9759006e-19,-5.9759006e-19,-1.0834322e-05,-1.0834322e-05,2.8317983e-18,2.8317983e-18,2.0560596e-18,2.0560596e-18,5.2203115e-19,5.2203115e-19,1.3787436e-06,1.3787436e-06,2.6744959e-33,2.6744959e-33
-0.00080507477,-0.00080507477,0.00080507477,0.00080507477,-2.9004577e-15,-2.9004577e-15,-1.7213495e-15,-1.7213495e-15,0.00080507477,0.00080507477,-0.00012444202,-0.00012444202,-0.00014173242,-0.00014173242,-0.00012344842,-0.00012344842,-0.00014173242,-0.00014173242,0.00013980803,0.00013980803,1.8241576e-15,1.8241576e-15,8.6976388e-06,8.6976388e-06,8.6976388e-06,8.6976388e-06,1.1348355e-17,1.1348355e-17,-0.00080315038,-0.00080315038,-0.00014173242,-0.00014173242,-0.00080315038,-0.00080315038,-0.00014173242,-0.00014173242,1.6079352e-16,1.6079352e-16,-8.7199864e-17,-8.7199864e-17,-0.0009448828,-0.0009448828,7.428881e-17,7.428881e-17,-0.00093459019,-0.00093459019,2.2257389e-16,2.2257389e-16,-1.9243917e-06,-1.9243917e-06,0.00014173242,0.00014173242,-1.9243917e-06,-1.9243917e-06,0.00014173242,0.00014173242,0.00013980803,0.00013980803,1.8238184e-15,1.8238184e-15,-0.00080507477,-0.00080507477,-0.00080507477,-0.00080507477,-0.00014173242,-0.00014173242,-1.5095124e-06,-1.5095124e-06,6.0790403e-18,6.0790403e-18,2.8992129e-08,2.8992129e-08,-1.5385045e-06,-1.5385045e-06,-9.6337008e-06,-9.6337008e-06,1.8287659e-15,1.8287659e-15,0.03433052,0.03433052,1.1591461e-13,1.1591461e-13,0.043949761,0.043949761,5.832449e-14,5.832449e-14,-0.00080507477,-0.00080507477,0.0009448828,0.0009448828,-0.00016101495,-0.00016101495,3.8020566e-16,3.8020566e-16,5.2745487e-14,5.2745487e-14,-5.2787986e-14,-5.2787986e-14,6.589139e-19,6.589139e-19,-5.9063896e-19,-5.9063896e-19,-1.0292606e-05,-1.0292606e-05,2.8236353e-18,2.8236353e-18,2.0328331e-18,2.0328331e-18,5.1558025e-19,5.1558025e-19,1.3661969e-06,1.3661969e-06,2.615625e-33,2.615625e-33
-0.00079642062,-0.00079642062,0.00079642062,0.00079642062,-2.9115165e-15,-2.9115165e-15,-1.7235048e-15,-1.7235048e-15,0.00079642062,0.00079642062,-0.0001228133,-0.0001228133,-0.00014021028,-0.00014021028,-0.00012182876,-0.00012182876,-0.00014021028,-0.00014021028,0.00013831457,0.00013831457,1.8268349e-15,1.8268349e-15,8.6050866e-06,8.6050866e-06,8.6050866e-06,8.6050866e-06,1.122412e-17,1.122412e-17,-0.00079452491,-0.00079452491,-0.00014021028,-0.00014021028,-0.00079452491,-0.00079452491,-0.00014021028,-0.00014021028,1.6210051e-16,1.6210051e-16,-8.7645586e-17,-8.7645586e-17,-0.00093473519,-0.00093473519,7.5142623e-17,7.5142623e-17,-0.00092495722,-0.00092495722,2.2181888e-16,2.2181888e-16,-1.8957081e-06,-1.8957081e-06,0.00014021028,0.00014021028,-1.8957081e-06,-1.8957081e-06,0.00014021028,0.00014021028,0.00013831457,0.00013831457,1.8264993e-15,1.8264993e-15,-0.00079642062,-0.00079642062,-0.00079642062,-0.00079642062,-0.00014021028,-0.00014021028,-1.4934576e-06,-1.4934576e-06,6.0121622e-18,6.0121622e-18,2.8683622e-08,2.8683622e-08,-1.5221412e-06,-1.5221412e-06,-9.5377327e-06,-9.5377327e-06,1.8313882e-15,1.8313882e-15,0.033960708,0.033960708,1.1608291e-13,1.1608291e-13,0.043481343,0.043481343,5.8410364e-14,5.8410364e-14,-0.00079642062,-0.00079642062,0.00093473519,0.00093473519,-0.00015928412,-0.00015928412,3.8090556e-16,3.8090556e-16,5.2836951e-14,5.2836951e-14,-5.2879065e-14,-5.2879065e-14,6.522849e-19,6.522849e-19,-5.8380279e-19,-5.8380279e-19,-9.7779757e-06,-9.7779757e-06,2.8145201e-18,2.8145201e-18,2.0099462e-18,2.0099462e-18,5.0926024e-19,5.0926024e-19,1.3537494e-06,1.3537494e-06,2.5581293e-33,2.5581293e-33
-0.00078785856,-0.00078785856,0.00078785856,0.00078785856,-2.9226838e-15,-2.9226838e-15,-1.7256346e-15,-1.7256346e-15,0.00078785856,0.00078785856,-0.00012121662,-0.00012121662,-0.00013870433,-0.00013870433,-0.00012024106,-0.00012024106,-0.00013870433,-0.00013870433,0.000136837,0.000136837,1.8294819e-15,1.8294819e-15,8.5134764e-06,8.5134764e-06,8.5134764e-06,8.5134764e-06,1.1101386e-17,1.1101386e-17,-0.00078599123,-0.00078599123,-0.00013870433,-0.00013870433,-0.00078599123,-0.00078599123,-0.00013870433,-0.00013870433,1.6339349e-16,1.6339349e-16,-8.8087096e-17,-8.8087096e-17,-0.00092469556,-0.00092469556,7.5986717e-17,7.5986717e-17,-0.00091540649,-0.00091540649,2.2107307e-16,2.2107307e-16,-1.8673298e-06,-1.8673298e-06,0.00013870433,0.00013870433,-1.8673298e-06,-1.8673298e-06,0.00013870433,0.00013870433,0.000136837,0.000136837,1.8291497e-15,1.8291497e-15,-0.00078785856,-0.00078785856,-0.00078785856,-0.00078785856,-0.00013870433,-0.00013870433,-1.4775658e-06,-1.4775658e-06,5.9461002e-18,5.9461002e-18,2.8378255e-08,2.8378255e-08,-1.505944e-06,-1.505944e-06,-9.4420085e-06,-9.4420085e-06,1.833981e-15,1.833981e-15,0.033595317,0.033595317,1.1624933e-13,1.1624933e-13,0.043017945,0.043017945,5.8495271e-14,5.8495271e-14,-0.00078785856,-0.00078785856,0.00092469556,0.00092469556,-0.00015757171,-0.00015757171,3.8159756e-16,3.8159756e-16,5.2927461e-14,5.2927461e-14,-5.2969193e-14,-5.2969193e-14,6.4571733e-19,6.4571733e-19,-5.770783e-19,-5.770783e-19,-9.2890769e-06,-9.2890769e-06,2.8045075e-18,2.8045075e-18,1.987391e-18,1.987391e-18,5.0306664e-19,5.0306664e-19,1.3414006e-06,1.3414006e-06,2.5019727e-33,2.5019727e-33
-0.00077938765,-0.00077938765,0.00077938765,0.00077938765,-2.9339595e-15,-2.9339595e-15,-1.7277393e-15,-1.7277393e-15,0.00077938765,0.00077938765,-0.00011965091,-0.00011965091,-0.00013721442,-0.00013721442,-0.00011868425,-0.00011868425,-0.00013721442,-0.00013721442,0.00013537517,0.00013537517,1.8320988e-15,1.8320988e-15,8.4228006e-06,8.4228006e-06,8.4228006e-06,8.4228006e-06,1.0980129e-17,1.0980129e-17,-0.0007775484,-0.0007775484,-0.00013721442,-0.00013721442,-0.0007775484,-0.0007775484,-0.00013721442,-0.00013721442,1.6467261e-16,1.6467261e-16,-8.8524419e-17,-8.8524419e-17,-0.00091476282,-0.00091476282,7.6821223e-17,7.6821223e-17,-0.0009059382,-0.0009059382,2.2033631e-16,2.2033631e-16,-1.8392538e-06,-1.8392538e-06,0.00013721442,0.00013721442,-1.8392538e-06,-1.8392538e-06,0.00013721442,0.00013721442,0.00013537517,0.00013537517,1.8317702e-15,1.8317702e-15,-0.00077938765,-0.00077938765,-0.00077938765,-0.00077938765,-0.00013721442,-0.00013721442,-1.4618357e-06,-1.4618357e-06,5.8808412e-18,5.8808412e-18,2.8076002e-08,2.8076002e-08,-1.4899117e-06,-1.4899117e-06,-9.346565e-06,-9.346565e-06,1.8365446e-15,1.8365446e-15,0.033234278,0.033234278,1.1641387e-13,1.1641387e-13,0.042559513,0.042559513,5.8579223e-14,5.8579223e-14,-0.00077938765,-0.00077938765,0.00091476282,0.00091476282,-0.00015587753,-0.00015587753,3.8228178e-16,3.8228178e-16,5.3017028e-14,5.3017028e-14,-5.3058381e-14,-5.3058381e-14,6.3921076e-19,6.3921076e-19,-5.7046239e-19,-5.7046239e-19,-8.824623e-06,-8.824623e-06,2.7936502e-18,2.7936502e-18,1.9651595e-18,1.9651595e-18,4.9699519e-19,4.9699519e-19,1.3291502e-06,1.3291502e-06,2.4471204e-33,2.4471204e-33
-0.00077100696,-0.00077100696,0.00077100696,0.00077100696,-2.9450184e-15,-2.9450184e-15,-1.7298194e-15,-1.7298194e-15,0.00077100696,0.00077100696,-0.00011811514,-0.00011811514,-0.00013574038,-0.00013574038,-0.00011715732,-0.00011715732,-0.00013574038,-0.00013574038,0.0001339289,0.0001339289,1.8346862e-15,1.8346862e-15,8.3330519e-06,8.3330519e-06,8.3330519e-06,8.3330519e-06,1.0860327e-17,1.0860327e-17,-0.00076919549,-0.00076919549,-0.00013574038,-0.00013574038,-0.00076919549,-0.00076919549,-0.00013574038,-0.00013574038,1.6593803e-16,1.6593803e-16,-8.895758e-17,-8.895758e-17,-0.00090493587,-0.00090493587,7.764627e-17,7.764627e-17,-0.00089655248,-0.00089655248,2.1960846e-16,2.1960846e-16,-1.811477e-06,-1.811477e-06,0.00013574038,0.00013574038,-1.811477e-06,-1.811477e-06,0.00013574038,0.00013574038,0.0001339289,0.0001339289,1.834361e-15,1.834361e-15,-0.00077100696,-0.00077100696,-0.00077100696,-0.00077100696,-0.00013574038,-0.00013574038,-1.4462661e-06,-1.4462661e-06,5.8163725e-18,5.8163725e-18,2.777684e-08,2.777684e-08,-1.4740429e-06,-1.4740429e-06,-9.2514368e-06,-9.2514368e-06,1.8390795e-15,1.8390795e-15,0.032877523,0.032877523,1.1657656e-13,1.1657656e-13,0.042105997,0.042105997,5.8662232e-14,5.8662232e-14,-0.00077100696,-0.00077100696,0.00090493587,0.00090493587,-0.00015420139,-0.00015420139,3.829583e-16,3.829583e-16,5.3105661e-14,5.3105661e-14,-5.3146637e-14,-5.3146637e-14,6.3276477e-19,6.3276477e-19,-5.6395209e-19,-5.6395209e-19,-8.3833919e-06,-8.3833919e-06,2.7819982e-18,2.7819982e-18,1.9432442e-18,1.9432442e-18,4.9104179e-19,4.9104179e-19,1.3169976e-06,1.3169976e-06,2.3935384e-33,2.3935384e-33
-0.00076271558,-0.00076271558,0.00076271558,0.00076271558,-2.9558604e-15,-2.9558604e-15,-1.7318751e-15,-1.7318751e-15,0.00076271558,0.00076271558,-0.00011660834,-0.00011660834,-0.00013428204,-0.00013428204,-0.00011565929,-0.00011565929,-0.00013428204,-0.00013428204,0.00013249805,0.00013249805,1.8372444e-15,1.8372444e-15,8.2442227e-06,8.2442227e-06,8.2442227e-06,8.2442227e-06,1.0741957e-17,1.0741957e-17,-0.00076093158,-0.00076093158,-0.00013428204,-0.00013428204,-0.00076093158,-0.00076093158,-0.00013428204,-0.00013428204,1.6718991e-16,1.6718991e-16,-8.9386603e-17,-8.9386603e-17,-0.00089521363,-0.00089521363,7.8461982e-17,7.8461982e-17,-0.0008872494,-0.0008872494,2.1888938e-16,2.1888938e-16,-1.7839963e-06,-1.7839963e-06,0.00013428204,0.00013428204,-1.7839963e-06,-1.7839963e-06,0.00013428204,0.00013428204,0.00013249805,0.00013249805,1.8369226e-15,1.8369226e-15,-0.00076271558,-0.00076271558,-0.00076271558,-0.00076271558,-0.00013428204,-0.00013428204,-1.4308556e-06,-1.4308556e-06,5.7526816e-18,5.7526816e-18,2.7480742e-08,2.7480742e-08,-1.4583363e-06,-1.4583363e-06,-9.156656e-06,-9.156656e-06,1.841586e-15,1.841586e-15,0.032524985,0.032524985,1.1673743e-13,1.1673743e-13,0.041657343,0.041657343,5.8744312e-14,5.8744312e-14,-0.00076271558,-0.00076271558,0.00089521363,0.00089521363,-0.00015254312,-0.00015254312,3.8362723e-16,3.8362723e-16,5.319337e-14,5.319337e-14,-5.3233973e-14,-5.3233973e-14,6.2637895e-19,6.2637895e-19,-5.5754453e-19,-5.5754453e-19,-7.9642223e-06,-7.9642223e-06,2.7695995e-18,2.7695995e-18,1.9216379e-18,1.9216379e-18,4.8520253e-19,4.8520253e-19,1.3049424e-06,1.3049424e-06,2.341194e-33,2.341194e-33
-0.00075451258,-0.00075451258,0.00075451258,0.00075451258,-2.966594e-15,-2.966594e-15,-1.7339068e-15,-1.7339068e-15,0.00075451258,0.00075451258,-0.00011512957,-0.00011512957,-0.00013283925,-0.00013283925,-0.00011418922,-0.00011418922,-0.00013283925,-0.00013283925,0.00013108244,0.00013108244,1.8397738e-15,1.8397738e-15,8.1563054e-06,8.1563054e-06,8.1563054e-06,8.1563054e-06,1.0624997e-17,1.0624997e-17,-0.00075275577,-0.00075275577,-0.00013283925,-0.00013283925,-0.00075275577,-0.00075275577,-0.00013283925,-0.00013283925,1.6842838e-16,1.6842838e-16,-8.9811515e-17,-8.9811515e-17,-0.00088559502,-0.00088559502,7.9268482e-17,7.9268482e-17,-0.00087802901,-0.00087802901,2.1817894e-16,2.1817894e-16,-1.7568086e-06,-1.7568086e-06,0.00013283925,0.00013283925,-1.7568086e-06,-1.7568086e-06,0.00013283925,0.00013283925,0.00013108244,0.00013108244,1.8394554e-15,1.8394554e-15,-0.00075451258,-0.00075451258,-0.00075451258,-0.00075451258,-0.00013283925,-0.00013283925,-1.415603e-06,-1.415603e-06,5.6897564e-18,5.6897564e-18,2.7187685e-08,2.7187685e-08,-1.4427907e-06,-1.4427907e-06,-9.0622527e-06,-9.0622527e-06,1.8440644e-15,1.8440644e-15,0.032176601,0.032176601,1.168965e-13,1.168965e-13,0.0412135,0.0412135,5.8825472e-14,5.8825472e-14,-0.00075451258,-0.00075451258,0.00088559502,0.00088559502,-0.00015090252,-0.00015090252,3.8428867e-16,3.8428867e-16,5.3280167e-14,5.3280167e-14,-5.3320398e-14,-5.3320398e-14,6.2005287e-19,6.2005287e-19,-5.5123698e-19,-5.5123698e-19,-7.5660112e-06,-7.5660112e-06,2.7564997e-18,2.7564997e-18,1.9003336e-18,1.9003336e-18,4.7947369e-19,4.7947369e-19,1.2929841e-06,1.2929841e-06,2.2900554e-33,2.2900554e-33
-0.00074639705,-0.00074639705,0.00074639705,0.00074639705,-2.9772192e-15,-2.9772192e-15,-1.7359148e-15,-1.7359148e-15,0.00074639705,0.00074639705,-0.00011367794,-0.00011367794,-0.00013141185,-0.00013141185,-0.00011274621,-0.00011274621,-0.00013141185,-0.00013141185,0.00012968194,0.00012968194,1.8422747e-15,1.8422747e-15,8.0692926e-06,8.0692926e-06,8.0692926e-06,8.0692926e-06,1.0509425e-17,1.0509425e-17,-0.00074466714,-0.00074466714,-0.00013141185,-0.00013141185,-0.00074466714,-0.00074466714,-0.00013141185,-0.00013141185,1.6965361e-16,1.6965361e-16,-9.0232341e-17,-9.0232341e-17,-0.00087607899,-0.00087607899,8.0065893e-17,8.0065893e-17,-0.00086889128,-0.00086889128,2.17477e-16,2.17477e-16,-1.7299109e-06,-1.7299109e-06,0.00013141185,0.00013141185,-1.7299109e-06,-1.7299109e-06,0.00013141185,0.00013141185,0.00012968194,0.00012968194,1.8419597e-15,1.8419597e-15,-0.00074639705,-0.00074639705,-0.00074639705,-0.00074639705,-0.00013141185,-0.00013141185,-1.400507e-06,-1.400507e-06,5.6275851e-18,5.6275851e-18,2.6897642e-08,2.6897642e-08,-1.4274046e-06,-1.4274046e-06,-8.968255e-06,-8.968255e-06,1.8465151e-15,1.8465151e-15,0.031832308,0.031832308,1.170538e-13,1.170538e-13,0.040774418,0.040774418,5.8905726e-14,5.8905726e-14,-0.00074639705,-0.00074639705,0.00087607899,0.00087607899,-0.00014927941,-0.00014927941,3.8494271e-16,3.8494271e-16,5.3366059e-14,5.3366059e-14,-5.3405921e-14,-5.3405921e-14,6.137861e-19,6.137861e-19,-5.4502681e-19,-5.4502681e-19,-7.1877106e-06,-7.1877106e-06,2.7427425e-18,2.7427425e-18,1.8793245e-18,1.8793245e-18,4.7385169e-19,4.7385169e-19,1.2811223e-06,1.2811223e-06,2.2400918e-33,2.2400918e-33
-0.00073836811,-0.00073836811,0.00073836811,0.00073836811,-2.9877359e-15,-2.9877359e-15,-1.7378996e-15,-1.7378996e-15,0.00073836811,0.00073836811,-0.00011225259,-0.00011225259,-0.00012999967,-0.00012999967,-0.00011132942,-0.00011132942,-0.00012999967,-0.00012999967,0.00012829637,0.00012829637,1.8447475e-15,1.8447475e-15,7.9831764e-06,7.9831764e-06,7.9831764e-06,7.9831764e-06,1.0395222e-17,1.0395222e-17,-0.00073666481,-0.00073666481,-0.00012999967,-0.00012999967,-0.00073666481,-0.00073666481,-0.00012999967,-0.00012999967,1.7086573e-16,1.7086573e-16,-9.0649109e-17,-9.0649109e-17,-0.00086666448,-0.00086666448,8.0854333e-17,8.0854333e-17,-0.00085983615,-0.00085983615,2.1678344e-16,2.1678344e-16,-1.7033003e-06,-1.7033003e-06,0.00012999967,0.00012999967,-1.7033003e-06,-1.7033003e-06,0.00012999967,0.00012999967,0.00012829637,0.00012829637,1.8444359e-15,1.8444359e-15,-0.00073836811,-0.00073836811,-0.00073836811,-0.00073836811,-0.00012999967,-0.00012999967,-1.3855663e-06,-1.3855663e-06,5.5661561e-18,5.5661561e-18,2.6610588e-08,2.6610588e-08,-1.4121769e-06,-1.4121769e-06,-8.8746892e-06,-8.8746892e-06,1.8489385e-15,1.8489385e-15,0.031492045,0.031492045,1.1720934e-13,1.1720934e-13,0.040340046,0.040340046,5.8985085e-14,5.8985085e-14,-0.00073836811,-0.00073836811,0.00086666448,0.00086666448,-0.00014767362,-0.00014767362,3.8558944e-16,3.8558944e-16,5.3451058e-14,5.3451058e-14,-5.3490554e-14,-5.3490554e-14,6.0757823e-19,6.0757823e-19,-5.389115e-19,-5.389115e-19,-6.8283251e-06,-6.8283251e-06,2.7283695e-18,2.7283695e-18,1.8586043e-18,1.8586043e-18,4.6833314e-19,4.6833314e-19,1.2693564e-06,1.2693564e-06,2.1912734e-33,2.1912734e-33
-0.00073042485,-0.00073042485,0.00073042485,0.00073042485,-2.9980358e-15,-2.9980358e-15,-1.7398613e-15,-1.7398613e-15,0.00073042485,0.00073042485,-0.00011085271,-0.00011085271,-0.00012860257,-0.00012860257,-0.00010993803,-0.00010993803,-0.00012860257,-0.00012860257,0.00012692559,0.00012692559,1.8471927e-15,1.8471927e-15,7.8979493e-06,7.8979493e-06,7.8979493e-06,7.8979493e-06,1.0282366e-17,1.0282366e-17,-0.00072874787,-0.00072874787,-0.00012860257,-0.00012860257,-0.00072874787,-0.00072874787,-0.00012860257,-0.00012860257,1.7206489e-16,1.7206489e-16,-9.1061845e-17,-9.1061845e-17,-0.00085735044,-0.00085735044,8.1633917e-17,8.1633917e-17,-0.00085086353,-0.00085086353,2.1609813e-16,2.1609813e-16,-1.6769738e-06,-1.6769738e-06,0.00012860257,0.00012860257,-1.6769738e-06,-1.6769738e-06,0.00012860257,0.00012860257,0.00012692559,0.00012692559,1.8468844e-15,1.8468844e-15,-0.00073042485,-0.00073042485,-0.00073042485,-0.00073042485,-0.00012860257,-0.00012860257,-1.3707795e-06,-1.3707795e-06,5.5054581e-18,5.5054581e-18,2.6326498e-08,2.6326498e-08,-1.397106e-06,-1.397106e-06,-8.7815794e-06,-8.7815794e-06,1.8513348e-15,1.8513348e-15,0.031155752,0.031155752,1.1736314e-13,1.1736314e-13,0.039910335,0.039910335,5.906356e-14,5.906356e-14,-0.00073042485,-0.00073042485,0.00085735044,0.00085735044,-0.00014608497,-0.00014608497,3.8622896e-16,3.8622896e-16,5.3535173e-14,5.3535173e-14,-5.3574305e-14,-5.3574305e-14,6.0142882e-19,6.0142882e-19,-5.3288862e-19,-5.3288862e-19,-6.4869088e-06,-6.4869088e-06,2.7134204e-18,2.7134204e-18,1.8381666e-18,1.8381666e-18,4.6291478e-19,4.6291478e-19,1.257686e-06,1.257686e-06,2.1435712e-33,2.1435712e-33
-0.00072256639,-0.00072256639,0.00072256639,0.00072256639,-3.0083358e-15,-3.0083358e-15,-1.7418003e-15,-1.7418003e-15,0.00072256639,0.00072256639,-0.00010947752,-0.00010947752,-0.00012722037,-0.00012722037,-0.00010857126,-0.00010857126,-0.00012722037,-0.00012722037,0.00012556945,0.00012556945,1.8496104e-15,1.8496104e-15,7.8136037e-06,7.8136037e-06,7.8136037e-06,7.8136037e-06,1.0170838e-17,1.0170838e-17,-0.00072091546,-0.00072091546,-0.00012722037,-0.00012722037,-0.00072091546,-0.00072091546,-0.00012722037,-0.00012722037,1.7325124e-16,1.7325124e-16,-9.1470577e-17,-9.1470577e-17,-0.00084813583,-0.00084813583,8.2404762e-17,8.2404762e-17,-0.00084197327,-0.00084197327,2.1542095e-16,2.1542095e-16,-1.6509285e-06,-1.6509285e-06,0.00012722037,0.00012722037,-1.6509285e-06,-1.6509285e-06,0.00012722037,0.00012722037,0.00012556945,0.00012556945,1.8493054e-15,1.8493054e-15,-0.00072256639,-0.00072256639,-0.00072256639,-0.00072256639,-0.00012722037,-0.00012722037,-1.3561454e-06,-1.3561454e-06,5.4454802e-18,5.4454802e-18,2.6045346e-08,2.6045346e-08,-1.3821907e-06,-1.3821907e-06,-8.6889485e-06,-8.6889485e-06,1.8537045e-15,1.8537045e-15,0.030823372,0.030823372,1.1751524e-13,1.1751524e-13,0.039485234,0.039485234,5.9141161e-14,5.9141161e-14,-0.00072256639,-0.00072256639,0.00084813583,0.00084813583,-0.00014451328,-0.00014451328,3.8686135e-16,3.8686135e-16,5.3618413e-14,5.3618413e-14,-5.3657184e-14,-5.3657184e-14,5.9533746e-19,5.9533746e-19,-5.2695587e-19,-5.2695587e-19,-6.1625634e-06,-6.1625634e-06,2.6979332e-18,2.6979332e-18,1.8180054e-18,1.8180054e-18,4.5759348e-19,4.5759348e-19,1.2461105e-06,1.2461105e-06,2.0969571e-33,2.0969571e-33
-0.00071479185,-0.00071479185,0.00071479185,0.00071479185,-3.0184188e-15,-3.0184188e-15,-1.743717e-15,-1.743717e-15,0.00071479185,0.00071479185,-0.00010812627,-0.00010812627,-0.00012585295,-0.00012585295,-0.00010722836,-0.00010722836,-0.00012585295,-0.00012585295,0.00012422778,0.00012422778,1.8520012e-15,1.8520012e-15,7.7301317e-06,7.7301317e-06,7.7301317e-06,7.7301317e-06,1.0060618e-17,1.0060618e-17,-0.00071316669,-0.00071316669,-0.00012585295,-0.00012585295,-0.00071316669,-0.00071316669,-0.00012585295,-0.00012585295,1.744249e-16,1.744249e-16,-9.1875332e-17,-9.1875332e-17,-0.00083901963,-0.00083901963,8.316698e-17,8.316698e-17,-0.0008331652,-0.0008331652,2.1475178e-16,2.1475178e-16,-1.6251614e-06,-1.6251614e-06,0.00012585295,0.00012585295,-1.6251614e-06,-1.6251614e-06,0.00012585295,0.00012585295,0.00012422778,0.00012422778,1.8516995e-15,1.8516995e-15,-0.00071479185,-0.00071479185,-0.00071479185,-0.00071479185,-0.00012585295,-0.00012585295,-1.3416626e-06,-1.3416626e-06,5.3862117e-18,5.3862117e-18,2.5767106e-08,2.5767106e-08,-1.3674297e-06,-1.3674297e-06,-8.5968174e-06,-8.5968174e-06,1.8560479e-15,1.8560479e-15,0.030494847,0.030494847,1.1766564e-13,1.1766564e-13,0.039064696,0.039064696,5.92179e-14,5.92179e-14,-0.00071479185,-0.00071479185,0.00083901963,0.00083901963,-0.00014295837,-0.00014295837,3.8748671e-16,3.8748671e-16,5.3700787e-14,5.3700787e-14,-5.37392e-14,-5.37392e-14,5.893037e-19,5.893037e-19,-5.2111099e-19,-5.2111099e-19,-5.8544352e-06,-5.8544352e-06,2.681944e-18,2.681944e-18,1.798115e-18,1.798115e-18,4.5236626e-19,4.5236626e-19,1.2346295e-06,1.2346295e-06,2.0514039e-33,2.0514039e-33
-0.00070710037,-0.00070710037,0.00070710037,0.00070710037,-3.0286103e-15,-3.0286103e-15,-1.7456116e-15,-1.7456116e-15,0.00070710037,0.00070710037,-0.00010679825,-0.00010679825,-0.00012450012,-0.00012450012,-0.00010590862,-0.00010590862,-0.00012450012,-0.00012450012,0.00012290045,0.00012290045,1.8543653e-15,1.8543653e-15,7.6475259e-06,7.6475259e-06,7.6475259e-06,7.6475259e-06,9.9516875e-18,9.9516875e-18,-0.0007055007,-0.0007055007,-0.00012450012,-0.00012450012,-0.0007055007,-0.0007055007,-0.00012450012,-0.00012450012,1.7558603e-16,1.7558603e-16,-9.2276139e-17,-9.2276139e-17,-0.00083000082,-0.00083000082,8.392068e-17,8.392068e-17,-0.00082443911,-0.00082443911,2.1409051e-16,2.1409051e-16,-1.5996696e-06,-1.5996696e-06,0.00012450012,0.00012450012,-1.5996696e-06,-1.5996696e-06,0.00012450012,0.00012450012,0.00012290045,0.00012290045,1.8540668e-15,1.8540668e-15,-0.00070710037,-0.00070710037,-0.00070710037,-0.00070710037,-0.00012450012,-0.00012450012,-1.3273299e-06,-1.3273299e-06,5.327642e-18,5.327642e-18,2.5491753e-08,2.5491753e-08,-1.3528216e-06,-1.3528216e-06,-8.5052057e-06,-8.5052057e-06,1.8583653e-15,1.8583653e-15,0.030170122,0.030170122,1.1781438e-13,1.1781438e-13,0.038648671,0.038648671,5.9293788e-14,5.9293788e-14,-0.00070710037,-0.00070710037,0.00083000082,0.00083000082,-0.00014142007,-0.00014142007,3.8810512e-16,3.8810512e-16,5.3782306e-14,5.3782306e-14,-5.3820363e-14,-5.3820363e-14,5.8332713e-19,5.8332713e-19,-5.1535184e-19,-5.1535184e-19,-5.5617135e-06,-5.5617135e-06,2.6654872e-18,2.6654872e-18,1.7784898e-18,1.7784898e-18,4.4723028e-19,4.4723028e-19,1.2232425e-06,1.2232425e-06,2.0068851e-33,2.0068851e-33
-0.00069949108,-0.00069949108,0.00069949108,0.00069949108,-3.0384766e-15,-3.0384766e-15,-1.7474845e-15,-1.7474845e-15,0.00069949108,0.00069949108,-0.00010549277,-0.00010549277,-0.00012316176,-0.00012316176,-0.00010461135,-0.00010461135,-0.00012316176,-0.00012316176,0.00012158731,0.00012158731,1.856703e-15,1.856703e-15,7.5657783e-06,7.5657783e-06,7.5657783e-06,7.5657783e-06,9.8440277e-18,9.8440277e-18,-0.00069791663,-0.00069791663,-0.00012316176,-0.00012316176,-0.00069791663,-0.00069791663,-0.00012316176,-0.00012316176,1.7673476e-16,1.7673476e-16,-9.2673025e-17,-9.2673025e-17,-0.00082107839,-0.00082107839,8.4665972e-17,8.4665972e-17,-0.00081579476,-0.00081579476,2.1343701e-16,2.1343701e-16,-1.5744504e-06,-1.5744504e-06,0.00012316176,0.00012316176,-1.5744504e-06,-1.5744504e-06,0.00012316176,0.00012316176,0.00012158731,0.00012158731,1.8564077e-15,1.8564077e-15,-0.00069949108,-0.00069949108,-0.00069949108,-0.00069949108,-0.00012316176,-0.00012316176,-1.3131459e-06,-1.3131459e-06,5.2697608e-18,5.2697608e-18,2.5219261e-08,2.5219261e-08,-1.3383651e-06,-1.3383651e-06,-8.4141313e-06,-8.4141313e-06,1.8606569e-15,1.8606569e-15,0.029849144,0.029849144,1.1796146e-13,1.1796146e-13,0.038237113,0.038237113,5.9368835e-14,5.9368835e-14,-0.00069949108,-0.00069949108,0.00082107839,0.00082107839,-0.00013989822,-0.00013989822,3.8871668e-16,3.8871668e-16,5.3862978e-14,5.3862978e-14,-5.3900681e-14,-5.3900681e-14,5.7740732e-19,5.7740732e-19,-5.0967637e-19,-5.0967637e-19,-5.2836278e-06,-5.2836278e-06,2.6485958e-18,2.6485958e-18,1.7591243e-18,1.7591243e-18,4.4218279e-19,4.4218279e-19,1.211949e-06,1.211949e-06,1.9633751e-33,1.9633751e-33
-0.00069196313,-0.00069196313,0.00069196313,0.00069196313,-3.0484512e-15,-3.0484512e-15,-1.7493359e-15,-1.7493359e-15,0.00069196313,0.00069196313,-0.00010420917,-0.00010420917,-0.0001218377,-0.0001218377,-0.0001033359,-0.0001033359,-0.0001218377,-0.0001218377,0.0001202882,0.0001202882,1.8590147e-15,1.8590147e-15,7.4848815e-06,7.4848815e-06,7.4848815e-06,7.4848815e-06,9.7376206e-18,9.7376206e-18,-0.00069041363,-0.00069041363,-0.0001218377,-0.0001218377,-0.00069041363,-0.00069041363,-0.0001218377,-0.0001218377,1.7787123e-16,1.7787123e-16,-9.306602e-17,-9.306602e-17,-0.00081225133,-0.00081225133,8.5402963e-17,8.5402963e-17,-0.00080723188,-0.00080723188,2.1279118e-16,2.1279118e-16,-1.5495008e-06,-1.5495008e-06,0.0001218377,0.0001218377,-1.5495008e-06,-1.5495008e-06,0.0001218377,0.0001218377,0.0001202882,0.0001202882,1.8587226e-15,1.8587226e-15,-0.00069196313,-0.00069196313,-0.00069196313,-0.00069196313,-0.0001218377,-0.0001218377,-1.2991092e-06,-1.2991092e-06,5.2125583e-18,5.2125583e-18,2.4949605e-08,2.4949605e-08,-1.3240588e-06,-1.3240588e-06,-8.3236109e-06,-8.3236109e-06,1.8629233e-15,1.8629233e-15,0.029531859,0.029531859,1.1810692e-13,1.1810692e-13,0.037829972,0.037829972,5.9443051e-14,5.9443051e-14,-0.00069196313,-0.00069196313,0.00081225133,0.00081225133,-0.00013839263,-0.00013839263,3.8932145e-16,3.8932145e-16,5.3942812e-14,5.3942812e-14,-5.3980165e-14,-5.3980165e-14,5.7154383e-19,5.7154383e-19,-5.0408258e-19,-5.0408258e-19,-5.0194464e-06,-5.0194464e-06,2.6313011e-18,2.6313011e-18,1.7400133e-18,1.7400133e-18,4.372212e-19,4.372212e-19,1.2007485e-06,1.2007485e-06,1.9208489e-33,1.9208489e-33
-0.00068451567,-0.00068451567,0.00068451567,0.00068451567,-3.0581006e-15,-3.0581006e-15,-1.7511662e-15,-1.7511662e-15,0.00068451567,0.00068451567,-0.00010294683,-0.00010294683,-0.0001205278,-0.0001205278,-0.00010208163,-0.00010208163,-0.0001205278,-0.0001205278,0.00011900298,0.00011900298,1.8613008e-15,1.8613008e-15,7.4048276e-06,7.4048276e-06,7.4048276e-06,7.4048276e-06,9.6324483e-18,9.6324483e-18,-0.00068299086,-0.00068299086,-0.0001205278,-0.0001205278,-0.00068299086,-0.00068299086,-0.0001205278,-0.0001205278,1.7899557e-16,1.7899557e-16,-9.3455153e-17,-9.3455153e-17,-0.00080351865,-0.00080351865,8.6131757e-17,8.6131757e-17,-0.00079875018,-0.00079875018,2.1215291e-16,2.1215291e-16,-1.524818e-06,-1.524818e-06,0.0001205278,0.0001205278,-1.524818e-06,-1.524818e-06,0.0001205278,0.0001205278,0.00011900298,0.00011900298,1.8610118e-15,1.8610118e-15,-0.00068451567,-0.00068451567,-0.00068451567,-0.00068451567,-0.0001205278,-0.0001205278,-1.2852186e-06,-1.2852186e-06,5.1560245e-18,5.1560245e-18,2.4682759e-08,2.4682759e-08,-1.3099013e-06,-1.3099013e-06,-8.2336599e-06,-8.2336599e-06,1.8651645e-15,1.8651645e-15,0.029218216,0.029218216,1.1825077e-13,1.1825077e-13,0.037427203,0.037427203,5.9516446e-14,5.9516446e-14,-0.00068451567,-0.00068451567,0.00080351865,0.00080351865,-0.00013690313,-0.00013690313,3.8991953e-16,3.8991953e-16,5.4021818e-14,5.4021818e-14,-5.4058822e-14,-5.4058822e-14,5.6573624e-19,5.6573624e-19,-4.9856857e-19,-4.9856857e-19,-4.7684741e-06,-4.7684741e-06,2.6136329e-18,2.6136329e-18,1.7211518e-18,1.7211518e-18,4.32343e-19,4.32343e-19,1.1896404e-06,1.1896404e-06,1.8792824e-33,1.8792824e-33
-0.00067714787,-0.00067714787,0.00067714787,0.00067714787,-3.06775e-15,-3.06775e-15,-1.7529756e-15,-1.7529756e-15,0.00067714787,0.00067714787,-0.00010170514,-0.00010170514,-0.00011923191,-0.00011923191,-0.00010084796,-0.00010084796,-0.00011923191,-0.00011923191,0.00011773151,0.00011773151,1.8635615e-15,1.8635615e-15,7.325609e-06,7.325609e-06,7.325609e-06,7.325609e-06,9.5284935e-18,9.5284935e-18,-0.00067564747,-0.00067564747,-0.00011923191,-0.00011923191,-0.00067564747,-0.00067564747,-0.00011923191,-0.00011923191,1.8010792e-16,1.8010792e-16,-9.3840452e-17,-9.3840452e-17,-0.00079487938,-0.00079487938,8.6852458e-17,8.6852458e-17,-0.00079034933,-0.00079034933,2.115221e-16,2.115221e-16,-1.5003993e-06,-1.5003993e-06,0.00011923191,0.00011923191,-1.5003993e-06,-1.5003993e-06,0.00011923191,0.00011923191,0.00011773151,0.00011773151,1.8632755e-15,1.8632755e-15,-0.00067714787,-0.00067714787,-0.00067714787,-0.00067714787,-0.00011923191,-0.00011923191,-1.2714727e-06,-1.2714727e-06,5.1001498e-18,5.1001498e-18,2.4418697e-08,2.4418697e-08,-1.2958914e-06,-1.2958914e-06,-8.1442924e-06,-8.1442924e-06,1.867381e-15,1.867381e-15,0.028908163,0.028908163,1.1839303e-13,1.1839303e-13,0.037028759,0.037028759,5.9589031e-14,5.9589031e-14,-0.00067714787,-0.00067714787,0.00079487938,0.00079487938,-0.00013542957,-0.00013542957,3.90511e-16,3.90511e-16,5.4100004e-14,5.4100004e-14,-5.4136662e-14,-5.4136662e-14,5.5998413e-19,5.5998413e-19,-4.9313251e-19,-4.9313251e-19,-4.5300504e-06,-4.5300504e-06,2.5956197e-18,2.5956197e-18,1.7025349e-18,1.7025349e-18,4.2754579e-19,4.2754579e-19,1.1786242e-06,1.1786242e-06,1.838652e-33,1.838652e-33
-0.00066985889,-0.00066985889,0.00066985889,0.00066985889,-3.077291e-15,-3.077291e-15,-1.7547643e-15,-1.7547643e-15,0.00066985889,0.00066985889,-0.00010048354,-0.00010048354,-0.00011794988,-0.00011794988,-9.96343e-05,-9.96343e-05,-0.00011794988,-0.00011794988,0.00011647364,0.00011647364,1.8657971e-15,1.8657971e-15,7.247218e-06,7.247218e-06,7.247218e-06,7.247218e-06,9.4257393e-18,9.4257393e-18,-0.00066838265,-0.00066838265,-0.00011794988,-0.00011794988,-0.00066838265,-0.00066838265,-0.00011794988,-0.00011794988,1.812084e-16,1.812084e-16,-9.4221946e-17,-9.4221946e-17,-0.00078633253,-0.00078633253,8.7565166e-17,8.7565166e-17,-0.00078202898,-0.00078202898,2.1089863e-16,2.1089863e-16,-1.4762419e-06,-1.4762419e-06,0.00011794988,0.00011794988,-1.4762419e-06,-1.4762419e-06,0.00011794988,0.00011794988,0.00011647364,0.00011647364,1.8655142e-15,1.8655142e-15,-0.00066985889,-0.00066985889,-0.00066985889,-0.00066985889,-0.00011794988,-0.00011794988,-1.2578703e-06,-1.2578703e-06,5.0449251e-18,5.0449251e-18,2.4157393e-08,2.4157393e-08,-1.2820277e-06,-1.2820277e-06,-8.0555214e-06,-8.0555214e-06,1.869573e-15,1.869573e-15,0.028601653,0.028601653,1.1853373e-13,1.1853373e-13,0.036634595,0.036634595,5.9660816e-14,5.9660816e-14,-0.00066985889,-0.00066985889,0.00078633253,0.00078633253,-0.00013397178,-0.00013397178,3.9109594e-16,3.9109594e-16,5.4177379e-14,5.4177379e-14,-5.4213694e-14,-5.4213694e-14,5.5428706e-19,5.5428706e-19,-4.8777261e-19,-4.8777261e-19,-4.3035479e-06,-4.3035479e-06,2.5772886e-18,2.5772886e-18,1.6841579e-18,1.6841579e-18,4.2282728e-19,4.2282728e-19,1.1676995e-06,1.1676995e-06,1.7989349e-33,1.7989349e-33
-0.00066264791,-0.00066264791,0.00066264791,0.00066264791,-3.0867236e-15,-3.0867236e-15,-1.7565328e-15,-1.7565328e-15,0.00066264791,0.00066264791,-9.9281457e-05,-9.9281457e-05,-0.00011668157,-0.00011668157,-9.84401e-05,-9.84401e-05,-0.00011668157,-0.00011668157,0.00011522923,0.00011522923,1.8680079e-15,1.8680079e-15,7.1696471e-06,7.1696471e-06,7.1696471e-06,7.1696471e-06,9.324169e-18,9.324169e-18,-0.00066119557,-0.00066119557,-0.00011668157,-0.00011668157,-0.00066119557,-0.00066119557,-0.00011668157,-0.00011668157,1.8229714e-16,1.8229714e-16,-9.4599666e-17,-9.4599666e-17,-0.00077787714,-0.00077787714,8.8269982e-17,8.8269982e-17,-0.00077378876,-0.00077378876,2.1028241e-16,2.1028241e-16,-1.4523431e-06,-1.4523431e-06,0.00011668157,0.00011668157,-1.4523431e-06,-1.4523431e-06,0.00011668157,0.00011668157,0.00011522923,0.00011522923,1.8677281e-15,1.8677281e-15,-0.00066264791,-0.00066264791,-0.00066264791,-0.00066264791,-0.00011668157,-0.00011668157,-1.24441e-06,-1.24441e-06,4.9903409e-18,4.9903409e-18,2.3898824e-08,2.3898824e-08,-1.2683088e-06,-1.2683088e-06,-7.9673588e-06,-7.9673588e-06,1.8717409e-15,1.8717409e-15,0.028298636,0.028298636,1.1867287e-13,1.1867287e-13,0.036244663,0.036244663,5.9731809e-14,5.9731809e-14,-0.00066264791,-0.00066264791,0.00077787714,0.00077787714,-0.00013252958,-0.00013252958,3.9167442e-16,3.9167442e-16,5.4253951e-14,5.4253951e-14,-5.4289926e-14,-5.4289926e-14,5.486446e-19,5.486446e-19,-4.8248719e-19,-4.8248719e-19,-4.0883705e-06,-4.0883705e-06,2.5586653e-18,2.5586653e-18,1.6660163e-18,1.6660163e-18,4.1818526e-19,4.1818526e-19,1.1568657e-06,1.1568657e-06,1.760109e-33,1.760109e-33
-0.00065551411,-0.00065551411,0.00065551411,0.00065551411,-3.0962646e-15,-3.0962646e-15,-1.7582812e-15,-1.7582812e-15,0.00065551411,0.00065551411,-9.8098375e-05,-9.8098375e-05,-0.00011542684,-0.00011542684,-9.7264832e-05,-9.7264832e-05,-0.00011542684,-0.00011542684,0.00011399814,0.00011399814,1.8701943e-15,1.8701943e-15,7.0928885e-06,7.0928885e-06,7.0928885e-06,7.0928885e-06,9.2237664e-18,9.2237664e-18,-0.00065408541,-0.00065408541,-0.00011542684,-0.00011542684,-0.00065408541,-0.00065408541,-0.00011542684,-0.00011542684,1.8337428e-16,1.8337428e-16,-9.497364e-17,-9.497364e-17,-0.00076951225,-0.00076951225,8.8967004e-17,8.8967004e-17,-0.00076562829,-0.00076562829,2.0967334e-16,2.0967334e-16,-1.4287001e-06,-1.4287001e-06,0.00011542684,0.00011542684,-1.4287001e-06,-1.4287001e-06,0.00011542684,0.00011542684,0.00011399814,0.00011399814,1.8699176e-15,1.8699176e-15,-0.00065551411,-0.00065551411,-0.00065551411,-0.00065551411,-0.00011542684,-0.00011542684,-1.2310904e-06,-1.2310904e-06,4.9363885e-18,4.9363885e-18,2.3642962e-08,2.3642962e-08,-1.2547334e-06,-1.2547334e-06,-7.8798153e-06,-7.8798153e-06,1.8738849e-15,1.8738849e-15,0.027999065,0.027999065,1.1881048e-13,1.1881048e-13,0.03585892,0.03585892,5.9802021e-14,5.9802021e-14,-0.00065551411,-0.00065551411,0.00076951225,0.00076951225,-0.00013110282,-0.00013110282,3.9224654e-16,3.9224654e-16,5.432973e-14,5.432973e-14,-5.4365368e-14,-5.4365368e-14,5.4305634e-19,5.4305634e-19,-4.7727461e-19,-4.7727461e-19,-3.8839519e-06,-3.8839519e-06,2.5397745e-18,2.5397745e-18,1.6481056e-18,1.6481056e-18,4.1361763e-19,4.1361763e-19,1.1461223e-06,1.1461223e-06,1.7221526e-33,1.7221526e-33
-0.00064845669,-0.00064845669,0.00064845669,0.00064845669,-3.1052634e-15,-3.1052634e-15,-1.7600098e-15,-1.7600098e-15,0.00064845669,0.00064845669,-9.6933783e-05,-9.6933783e-05,-0.00011418554,-0.00011418554,-9.6107988e-05,-9.6107988e-05,-0.00011418554,-0.00011418554,0.00011278023,0.00011278023,1.8723566e-15,1.8723566e-15,7.0169346e-06,7.0169346e-06,7.0169346e-06,7.0169346e-06,9.1245154e-18,9.1245154e-18,-0.00064705137,-0.00064705137,-0.00011418554,-0.00011418554,-0.00064705137,-0.00064705137,-0.00011418554,-0.00011418554,1.8443994e-16,1.8443994e-16,-9.5343898e-17,-9.5343898e-17,-0.00076123691,-0.00076123691,8.9656328e-17,8.9656328e-17,-0.00075754716,-0.00075754716,2.0907131e-16,2.0907131e-16,-1.4053104e-06,-1.4053104e-06,0.00011418554,0.00011418554,-1.4053104e-06,-1.4053104e-06,0.00011418554,0.00011418554,0.00011278023,0.00011278023,1.8720828e-15,1.8720828e-15,-0.00064845669,-0.00064845669,-0.00064845669,-0.00064845669,-0.00011418554,-0.00011418554,-1.2179104e-06,-1.2179104e-06,4.8830589e-18,4.8830589e-18,2.3389782e-08,2.3389782e-08,-1.2413002e-06,-1.2413002e-06,-7.7929008e-06,-7.7929008e-06,1.8760054e-15,1.8760054e-15,0.027702895,0.027702895,1.1894658e-13,1.1894658e-13,0.035477321,0.035477321,5.9871461e-14,5.9871461e-14,-0.00064845669,-0.00064845669,0.00076123691,0.00076123691,-0.00012969134,-0.00012969134,3.9281235e-16,3.9281235e-16,5.4404725e-14,5.4404725e-14,-5.4440027e-14,-5.4440027e-14,5.3752183e-19,5.3752183e-19,-4.7213327e-19,-4.7213327e-19,-3.6897543e-06,-3.6897543e-06,2.5206395e-18,2.5206395e-18,1.6304215e-18,1.6304215e-18,4.0912237e-19,4.0912237e-19,1.1354687e-06,1.1354687e-06,1.6850448e-33,1.6850448e-33
-0.00064147484,-0.00064147484,0.00064147484,0.00064147484,-3.1143707e-15,-3.1143707e-15,-1.7617188e-15,-1.7617188e-15,0.00064147484,0.00064147484,-9.5787194e-05,-9.5787194e-05,-0.00011295753,-0.00011295753,-9.4969081e-05,-9.4969081e-05,-0.00011295753,-0.00011295753,0.00011157536,0.00011157536,1.874495e-15,1.874495e-15,6.9417779e-06,6.9417779e-06,6.9417779e-06,6.9417779e-06,9.0264005e-18,9.0264005e-18,-0.00064009266,-0.00064009266,-0.00011295753,-0.00011295753,-0.00064009266,-0.00064009266,-0.00011295753,-0.00011295753,1.8549425e-16,1.8549425e-16,-9.5710471e-17,-9.5710471e-17,-0.00075305019,-0.00075305019,9.0338049e-17,9.0338049e-17,-0.00074954493,-0.00074954493,2.0847625e-16,2.0847625e-16,-1.3821711e-06,-1.3821711e-06,0.00011295753,0.00011295753,-1.3821711e-06,-1.3821711e-06,0.00011295753,0.00011295753,0.00011157536,0.00011157536,1.8742242e-15,1.8742242e-15,-0.00064147484,-0.00064147484,-0.00064147484,-0.00064147484,-0.00011295753,-0.00011295753,-1.2048685e-06,-1.2048685e-06,4.8303437e-18,4.8303437e-18,2.313926e-08,2.313926e-08,-1.2280078e-06,-1.2280078e-06,-7.7066242e-06,-7.7066242e-06,1.8781025e-15,1.8781025e-15,0.027410079,0.027410079,1.1908118e-13,1.1908118e-13,0.035099822,0.035099822,5.9940138e-14,5.9940138e-14,-0.00064147484,-0.00064147484,0.00075305019,0.00075305019,-0.00012829497,-0.00012829497,3.9337194e-16,3.9337194e-16,5.4478942e-14,5.4478942e-14,-5.4513911e-14,-5.4513911e-14,5.3204067e-19,5.3204067e-19,-4.6706166e-19,-4.6706166e-19,-3.5052666e-06,-3.5052666e-06,2.5012826e-18,2.5012826e-18,1.61296e-18,1.61296e-18,4.0469754e-19,4.0469754e-19,1.1249045e-06,1.1249045e-06,1.6487652e-33,1.6487652e-33
-0.00063456777,-0.00063456777,0.00063456777,0.00063456777,-3.1233696e-15,-3.1233696e-15,-1.7634086e-15,-1.7634086e-15,0.00063456777,0.00063456777,-9.4658139e-05,-9.4658139e-05,-0.00011174267,-0.00011174267,-9.3847645e-05,-9.3847645e-05,-0.00011174267,-0.00011174267,0.00011038339,0.00011038339,1.8766098e-15,1.8766098e-15,6.8674109e-06,6.8674109e-06,6.8674109e-06,6.8674109e-06,8.9294063e-18,8.9294063e-18,-0.00063320849,-0.00063320849,-0.00011174267,-0.00011174267,-0.00063320849,-0.00063320849,-0.00011174267,-0.00011174267,1.8653732e-16,1.8653732e-16,-9.6073387e-17,-9.6073387e-17,-0.00074495116,-0.00074495116,9.1012261e-17,9.1012261e-17,-0.00074162116,-0.00074162116,2.0788804e-16,2.0788804e-16,-1.3592797e-06,-1.3592797e-06,0.00011174267,0.00011174267,-1.3592797e-06,-1.3592797e-06,0.00011174267,0.00011174267,0.00011038339,0.00011038339,1.876342e-15,1.876342e-15,-0.00063456777,-0.00063456777,-0.00063456777,-0.00063456777,-0.00011174267,-0.00011174267,-1.1919635e-06,-1.1919635e-06,4.7782343e-18,4.7782343e-18,2.289137e-08,2.289137e-08,-1.2148549e-06,-1.2148549e-06,-7.6209936e-06,-7.6209936e-06,1.8801766e-15,1.8801766e-15,0.027120573,0.027120573,1.192143e-13,1.192143e-13,0.034726378,0.034726378,6.0008062e-14,6.0008062e-14,-0.00063456777,-0.00063456777,0.00074495116,0.00074495116,-0.00012691355,-0.00012691355,3.9392539e-16,3.9392539e-16,5.4552391e-14,5.4552391e-14,-5.4587031e-14,-5.4587031e-14,5.2661242e-19,5.2661242e-19,-4.6205831e-19,-4.6205831e-19,-3.3300033e-06,-3.3300033e-06,2.481725e-18,2.481725e-18,1.5957171e-18,1.5957171e-18,4.0034128e-19,4.0034128e-19,1.1144291e-06,1.1144291e-06,1.6132941e-33,1.6132941e-33
-0.00062773469,-0.00062773469,0.00062773469,0.00062773469,-3.1324769e-15,-3.1324769e-15,-1.7650793e-15,-1.7650793e-15,0.00062773469,0.00062773469,-9.354617e-05,-9.354617e-05,-0.00011054083,-0.00011054083,-9.274323e-05,-9.274323e-05,-0.00011054083,-0.00011054083,0.0001092042,0.0001092042,1.8787014e-15,1.8787014e-15,6.7938259e-06,6.7938259e-06,6.7938259e-06,6.7938259e-06,8.8335179e-18,8.8335179e-18,-0.00062639806,-0.00062639806,-0.00011054083,-0.00011054083,-0.00062639806,-0.00062639806,-0.00011054083,-0.00011054083,1.8756929e-16,1.8756929e-16,-9.6432678e-17,-9.6432678e-17,-0.00073693889,-0.00073693889,9.1679054e-17,9.1679054e-17,-0.00073377539,-0.00073377539,2.073066e-16,2.073066e-16,-1.3366336e-06,-1.3366336e-06,0.00011054083,0.00011054083,-1.3366336e-06,-1.3366336e-06,0.00011054083,0.00011054083,0.0001092042,0.0001092042,1.8784364e-15,1.8784364e-15,-0.00062773469,-0.00062773469,-0.00062773469,-0.00062773469,-0.00011054083,-0.00011054083,-1.1791941e-06,-1.1791941e-06,4.7267226e-18,4.7267226e-18,2.2646086e-08,2.2646086e-08,-1.2018402e-06,-1.2018402e-06,-7.536016e-06,-7.536016e-06,1.882228e-15,1.882228e-15,0.026834333,0.026834333,1.1934597e-13,1.1934597e-13,0.034356947,0.034356947,6.0075241e-14,6.0075241e-14,-0.00062773469,-0.00062773469,0.00073693889,0.00073693889,-0.00012554694,-0.00012554694,3.9447277e-16,3.9447277e-16,5.4625081e-14,5.4625081e-14,-5.4659392e-14,-5.4659392e-14,5.2123665e-19,5.2123665e-19,-4.571218e-19,-4.571218e-19,-3.1635031e-06,-3.1635031e-06,2.4619868e-18,2.4619868e-18,1.5786888e-18,1.5786888e-18,3.9605181e-19,3.9605181e-19,1.1040419e-06,1.1040419e-06,1.578612e-33,1.578612e-33
-0.00062097484,-0.00062097484,0.00062097484,0.00062097484,-3.1411505e-15,-3.1411505e-15,-1.7667312e-15,-1.7667312e-15,0.00062097484,0.00062097484,-9.2450855e-05,-9.2450855e-05,-0.00010935187,-0.00010935187,-9.1655406e-05,-9.1655406e-05,-0.00010935187,-0.00010935187,0.00010803764,0.00010803764,1.88077e-15,1.88077e-15,6.7210156e-06,6.7210156e-06,6.7210156e-06,6.7210156e-06,8.7387205e-18,8.7387205e-18,-0.00061966061,-0.00061966061,-0.00010935187,-0.00010935187,-0.00061966061,-0.00061966061,-0.00010935187,-0.00010935187,1.8859027e-16,1.8859027e-16,-9.6788373e-17,-9.6788373e-17,-0.00072901248,-0.00072901248,9.233852e-17,9.233852e-17,-0.00072600715,-0.00072600715,2.0673185e-16,2.0673185e-16,-1.3142303e-06,-1.3142303e-06,0.00010935187,0.00010935187,-1.3142303e-06,-1.3142303e-06,0.00010935187,0.00010935187,0.00010803764,0.00010803764,1.8805079e-15,1.8805079e-15,-0.00062097484,-0.00062097484,-0.00062097484,-0.00062097484,-0.00010935187,-0.00010935187,-1.166559e-06,-1.166559e-06,4.6758004e-18,4.6758004e-18,2.2403385e-08,2.2403385e-08,-1.1889624e-06,-1.1889624e-06,-7.451698e-06,-7.451698e-06,1.8842569e-15,1.8842569e-15,0.026551318,0.026551318,1.1947619e-13,1.1947619e-13,0.033991486,0.033991486,6.0141684e-14,6.0141684e-14,-0.00062097484,-0.00062097484,0.00072901248,0.00072901248,-0.00012419497,-0.00012419497,3.9501414e-16,3.9501414e-16,5.4697018e-14,5.4697018e-14,-5.4731005e-14,-5.4731005e-14,5.1591295e-19,5.1591295e-19,-4.5225076e-19,-4.5225076e-19,-3.005328e-06,-3.005328e-06,2.4420871e-18,2.4420871e-18,1.5618713e-18,1.5618713e-18,3.918274e-19,3.918274e-19,1.0937425e-06,1.0937425e-06,1.5447003e-33,1.5447003e-33
-0.00061428743,-0.00061428743,0.00061428743,0.00061428743,-3.1499326e-15,-3.1499326e-15,-1.7683646e-15,-1.7683646e-15,0.00061428743,0.00061428743,-9.1371782e-05,-9.1371782e-05,-0.00010817565,-0.00010817565,-9.058376e-05,-9.058376e-05,-0.00010817565,-0.00010817565,0.00010688358,0.00010688358,1.8828158e-15,1.8828158e-15,6.6489724e-06,6.6489724e-06,6.6489724e-06,6.6489724e-06,8.6449998e-18,8.6449998e-18,-0.00061299536,-0.00061299536,-0.00010817565,-0.00010817565,-0.00061299536,-0.00061299536,-0.00010817565,-0.00010817565,1.8960039e-16,1.8960039e-16,-9.7140502e-17,-9.7140502e-17,-0.00072117101,-0.00072117101,9.2990748e-17,9.2990748e-17,-0.00071831595,-0.00071831595,2.0616368e-16,2.0616368e-16,-1.292067e-06,-1.292067e-06,0.00010817565,0.00010817565,-1.292067e-06,-1.292067e-06,0.00010817565,0.00010817565,0.00010688358,0.00010688358,1.8825566e-15,1.8825566e-15,-0.00061428743,-0.00061428743,-0.00061428743,-0.00061428743,-0.00010817565,-0.00010817565,-1.1540569e-06,-1.1540569e-06,4.6254599e-18,4.6254599e-18,2.2163241e-08,2.2163241e-08,-1.1762201e-06,-1.1762201e-06,-7.3680453e-06,-7.3680453e-06,1.8862636e-15,1.8862636e-15,0.026271485,0.026271485,1.1960499e-13,1.1960499e-13,0.033629953,0.033629953,6.02074e-14,6.02074e-14,-0.00061428743,-0.00061428743,0.00072117101,0.00072117101,-0.00012285749,-0.00012285749,3.9554958e-16,3.9554958e-16,5.4768212e-14,5.4768212e-14,-5.4801876e-14,-5.4801876e-14,5.1064089e-19,5.1064089e-19,-4.4744388e-19,-4.4744388e-19,-2.8550616e-06,-2.8550616e-06,2.4220441e-18,2.4220441e-18,1.5452612e-18,1.5452612e-18,3.8766643e-19,3.8766643e-19,1.0835302e-06,1.0835302e-06,1.5115407e-33,1.5115407e-33
-0.0006076717,-0.0006076717,0.0006076717,0.0006076717,-3.1584978e-15,-3.1584978e-15,-1.7699796e-15,-1.7699796e-15,0.0006076717,0.0006076717,-9.0308551e-05,-9.0308551e-05,-0.00010701204,-0.00010701204,-8.9527893e-05,-8.9527893e-05,-0.00010701204,-0.00010701204,0.0001057419,0.0001057419,1.8848392e-15,1.8848392e-15,6.5776889e-06,6.5776889e-06,6.5776889e-06,6.5776889e-06,8.5523416e-18,8.5523416e-18,-0.00060640156,-0.00060640156,-0.00010701204,-0.00010701204,-0.00060640156,-0.00060640156,-0.00010701204,-0.00010701204,1.9059975e-16,1.9059975e-16,-9.7489095e-17,-9.7489095e-17,-0.0007134136,-0.0007134136,9.3635824e-17,9.3635824e-17,-0.00071070129,-0.00071070129,2.0560202e-16,2.0560202e-16,-1.2701414e-06,-1.2701414e-06,0.00010701204,0.00010701204,-1.2701414e-06,-1.2701414e-06,0.00010701204,0.00010701204,0.0001057419,0.0001057419,1.8845828e-15,1.8845828e-15,-0.0006076717,-0.0006076717,-0.0006076717,-0.0006076717,-0.00010701204,-0.00010701204,-1.1416865e-06,-1.1416865e-06,4.5756932e-18,4.5756932e-18,2.192563e-08,2.192563e-08,-1.1636121e-06,-1.1636121e-06,-7.2850626e-06,-7.2850626e-06,1.8882483e-15,1.8882483e-15,0.025994793,0.025994793,1.1973237e-13,1.1973237e-13,0.033272305,0.033272305,6.0272397e-14,6.0272397e-14,-0.0006076717,-0.0006076717,0.0007134136,0.0007134136,-0.00012153434,-0.00012153434,3.9607917e-16,3.9607917e-16,5.483867e-14,5.483867e-14,-5.4872014e-14,-5.4872014e-14,5.0542006e-19,5.0542006e-19,-4.4269987e-19,-4.4269987e-19,-2.7123085e-06,-2.7123085e-06,2.4018752e-18,2.4018752e-18,1.5288547e-18,1.5288547e-18,3.835673e-19,3.835673e-19,1.0734047e-06,1.0734047e-06,1.4791155e-33,1.4791155e-33
-0.0006011269,-0.0006011269,0.0006011269,0.0006011269,-3.1673882e-15,-3.1673882e-15,-1.7715766e-15,-1.7715766e-15,0.0006011269,0.0006011269,-8.9260781e-05,-8.9260781e-05,-0.0001058609,-0.0001058609,-8.8487424e-05,-8.8487424e-05,-0.0001058609,-0.0001058609,0.00010461245,0.00010461245,1.8868403e-15,1.8868403e-15,6.5071578e-06,6.5071578e-06,6.5071578e-06,6.5071578e-06,8.4607319e-18,8.4607319e-18,-0.00059987845,-0.00059987845,-0.0001058609,-0.0001058609,-0.00059987845,-0.00059987845,-0.0001058609,-0.0001058609,1.9158849e-16,1.9158849e-16,-9.7834182e-17,-9.7834182e-17,-0.00070573935,-0.00070573935,9.4273836e-17,9.4273836e-17,-0.00070316266,-0.00070316266,2.0504678e-16,2.0504678e-16,-1.2484509e-06,-1.2484509e-06,0.0001058609,0.0001058609,-1.2484509e-06,-1.2484509e-06,0.0001058609,0.0001058609,0.00010461245,0.00010461245,1.8865867e-15,1.8865867e-15,-0.0006011269,-0.0006011269,-0.0006011269,-0.0006011269,-0.0001058609,-0.0001058609,-1.1294465e-06,-1.1294465e-06,4.5264927e-18,4.5264927e-18,2.1690526e-08,2.1690526e-08,-1.1511371e-06,-1.1511371e-06,-7.2027545e-06,-7.2027545e-06,1.8902113e-15,1.8902113e-15,0.025721202,0.025721202,1.1985837e-13,1.1985837e-13,0.032918502,0.032918502,6.0336684e-14,6.0336684e-14,-0.0006011269,-0.0006011269,0.00070573935,0.00070573935,-0.00012022538,-0.00012022538,3.9660296e-16,3.9660296e-16,5.49084e-14,5.49084e-14,-5.4941427e-14,-5.4941427e-14,5.0025002e-19,5.0025002e-19,-4.380175e-19,-4.380175e-19,-2.5766931e-06,-2.5766931e-06,2.3815967e-18,2.3815967e-18,1.5126485e-18,1.5126485e-18,3.7952849e-19,3.7952849e-19,1.0633652e-06,1.0633652e-06,1.4474074e-33,1.4474074e-33
-0.00059465228,-0.00059465228,0.00059465228,0.00059465228,-3.1755197e-15,-3.1755197e-15,-1.7731557e-15,-1.7731557e-15,0.00059465228,0.00059465228,-8.8228103e-05,-8.8228103e-05,-0.00010472211,-0.00010472211,-8.7461986e-05,-8.7461986e-05,-0.00010472211,-0.00010472211,0.00010349512,0.00010349512,1.8888196e-15,1.8888196e-15,6.4373717e-06,6.4373717e-06,6.4373717e-06,6.4373717e-06,8.3701573e-18,8.3701573e-18,-0.00059342528,-0.00059342528,-0.00010472211,-0.00010472211,-0.00059342528,-0.00059342528,-0.00010472211,-0.00010472211,1.9256671e-16,1.9256671e-16,-9.8175794e-17,-9.8175794e-17,-0.00069814739,-0.00069814739,9.4904868e-17,9.4904868e-17,-0.00069569953,-0.00069569953,2.0449788e-16,2.0449788e-16,-1.226993e-06,-1.226993e-06,0.00010472211,0.00010472211,-1.226993e-06,-1.226993e-06,0.00010472211,0.00010472211,0.00010349512,0.00010349512,1.8885688e-15,1.8885688e-15,-0.00059465228,-0.00059465228,-0.00059465228,-0.00059465228,-0.00010472211,-0.00010472211,-1.1173358e-06,-1.1173358e-06,4.4778511e-18,4.4778511e-18,2.1457906e-08,2.1457906e-08,-1.1387937e-06,-1.1387937e-06,-7.1211245e-06,-7.1211245e-06,1.8921529e-15,1.8921529e-15,0.025450672,0.025450672,1.1998299e-13,1.1998299e-13,0.032568501,0.032568501,6.040027e-14,6.040027e-14,-0.00059465228,-0.00059465228,0.00069814739,0.00069814739,-0.00011893046,-0.00011893046,3.9712103e-16,3.9712103e-16,5.497741e-14,5.497741e-14,-5.5010122e-14,-5.5010122e-14,4.9513037e-19,4.9513037e-19,-4.3339558e-19,-4.3339558e-19,-2.4478584e-06,-2.4478584e-06,2.3612243e-18,2.3612243e-18,1.4966392e-18,1.4966392e-18,3.7554856e-19,3.7554856e-19,1.0534113e-06,1.0534113e-06,1.4163995e-33,1.4163995e-33
-0.00058824709,-0.00058824709,0.00058824709,0.00058824709,-3.1839765e-15,-3.1839765e-15,-1.7747172e-15,-1.7747172e-15,0.00058824709,0.00058824709,-8.7210165e-05,-8.7210165e-05,-0.00010359553,-0.00010359553,-8.6451225e-05,-8.6451225e-05,-0.00010359553,-0.00010359553,0.00010238976,0.00010238976,1.8907772e-15,1.8907772e-15,6.3683232e-06,6.3683232e-06,6.3683232e-06,6.3683232e-06,8.2806042e-18,8.2806042e-18,-0.00058704133,-0.00058704133,-0.00010359553,-0.00010359553,-0.00058704133,-0.00058704133,-0.00010359553,-0.00010359553,1.9353453e-16,1.9353453e-16,-9.8513961e-17,-9.8513961e-17,-0.00069063685,-0.00069063685,9.5529004e-17,9.5529004e-17,-0.00068831139,-0.00068831139,2.0395524e-16,2.0395524e-16,-1.2057652e-06,-1.2057652e-06,0.00010359553,0.00010359553,-1.2057652e-06,-1.2057652e-06,0.00010359553,0.00010359553,0.00010238976,0.00010238976,1.8905291e-15,1.8905291e-15,-0.00058824709,-0.00058824709,-0.00058824709,-0.00058824709,-0.00010359553,-0.00010359553,-1.1053529e-06,-1.1053529e-06,4.4297609e-18,4.4297609e-18,2.1227744e-08,2.1227744e-08,-1.1265807e-06,-1.1265807e-06,-7.0401757e-06,-7.0401757e-06,1.8940733e-15,1.8940733e-15,0.025183165,0.025183165,1.2010625e-13,1.2010625e-13,0.032222263,0.032222263,6.0463161e-14,6.0463161e-14,-0.00058824709,-0.00058824709,0.00069063685,0.00069063685,-0.00011764942,-0.00011764942,3.9763345e-16,3.9763345e-16,5.5045708e-14,5.5045708e-14,-5.5078108e-14,-5.5078108e-14,4.9006069e-19,4.9006069e-19,-4.2883297e-19,-4.2883297e-19,-2.3254655e-06,-2.3254655e-06,2.3407726e-18,2.3407726e-18,1.4808237e-18,1.4808237e-18,3.716261e-19,3.716261e-19,1.0435425e-06,1.0435425e-06,1.3860755e-33,1.3860755e-33
-0.00058191061,-0.00058191061,0.00058191061,0.00058191061,-3.1923249e-15,-3.1923249e-15,-1.7762613e-15,-1.7762613e-15,0.00058191061,0.00058191061,-8.6206626e-05,-8.6206626e-05,-0.00010248103,-0.00010248103,-8.5454802e-05,-8.5454802e-05,-0.00010248103,-0.00010248103,0.00010129627,0.00010129627,1.8927134e-15,1.8927134e-15,6.3000052e-06,6.3000052e-06,6.3000052e-06,6.3000052e-06,8.1920597e-18,8.1920597e-18,-0.00058072584,-0.00058072584,-0.00010248103,-0.00010248103,-0.00058072584,-0.00058072584,-0.00010248103,-0.00010248103,1.9449206e-16,1.9449206e-16,-9.8848712e-17,-9.8848712e-17,-0.00068320687,-0.00068320687,9.6146326e-17,9.6146326e-17,-0.00068099768,-0.00068099768,2.0341877e-16,2.0341877e-16,-1.1847652e-06,-1.1847652e-06,0.00010248103,0.00010248103,-1.1847652e-06,-1.1847652e-06,0.00010248103,0.00010248103,0.00010129627,0.00010129627,1.892468e-15,1.892468e-15,-0.00058191061,-0.00058191061,-0.00058191061,-0.00058191061,-0.00010248103,-0.00010248103,-1.0934967e-06,-1.0934967e-06,4.3822149e-18,4.3822149e-18,2.1000017e-08,2.1000017e-08,-1.1144968e-06,-1.1144968e-06,-6.9599108e-06,-6.9599108e-06,1.8959728e-15,1.8959728e-15,0.024918643,0.024918643,1.2022817e-13,1.2022817e-13,0.031879747,0.031879747,6.0525368e-14,6.0525368e-14,-0.00058191061,-0.00058191061,0.00068320687,0.00068320687,-0.00011638212,-0.00011638212,3.9814027e-16,3.9814027e-16,5.5113302e-14,5.5113302e-14,-5.5145391e-14,-5.5145391e-14,4.8504055e-19,4.8504055e-19,-4.2432853e-19,-4.2432853e-19,-2.2091922e-06,-2.2091922e-06,2.3202559e-18,2.3202559e-18,1.4651986e-18,1.4651986e-18,3.6775975e-19,3.6775975e-19,1.0337582e-06,1.0337582e-06,1.3564195e-33,1.3564195e-33
-0.0005756421,-0.0005756421,0.0005756421,0.0005756421,-3.2004564e-15,-3.2004564e-15,-1.7777882e-15,-1.7777882e-15,0.0005756421,0.0005756421,-8.5217158e-05,-8.5217158e-05,-0.00010137849,-0.00010137849,-8.4472389e-05,-8.4472389e-05,-0.00010137849,-0.00010137849,0.0001002145,0.0001002145,1.8946284e-15,1.8946284e-15,6.2324105e-06,6.2324105e-06,6.2324105e-06,6.2324105e-06,8.1045108e-18,8.1045108e-18,-0.00057447811,-0.00057447811,-0.00010137849,-0.00010137849,-0.00057447811,-0.00057447811,-0.00010137849,-0.00010137849,1.9543941e-16,1.9543941e-16,-9.9180078e-17,-9.9180078e-17,-0.0006758566,-0.0006758566,9.6756915e-17,9.6756915e-17,-0.00067375787,-0.00067375787,2.028884e-16,2.028884e-16,-1.1639905e-06,-1.1639905e-06,0.00010137849,0.00010137849,-1.1639905e-06,-1.1639905e-06,0.00010137849,0.00010137849,0.0001002145,0.0001002145,1.8943857e-15,1.8943857e-15,-0.0005756421,-0.0005756421,-0.0005756421,-0.0005756421,-0.00010137849,-0.00010137849,-1.081766e-06,-1.081766e-06,4.3352062e-18,4.3352062e-18,2.0774702e-08,2.0774702e-08,-1.1025407e-06,-1.1025407e-06,-6.8803317e-06,-6.8803317e-06,1.8978516e-15,1.8978516e-15,0.024657068,0.024657068,1.2034876e-13,1.2034876e-13,0.031540914,0.031540914,6.0586896e-14,6.0586896e-14,-0.0005756421,-0.0005756421,0.0006758566,0.0006758566,-0.00011512842,-0.00011512842,3.9864158e-16,3.9864158e-16,5.5180198e-14,5.5180198e-14,-5.521198e-14,-5.521198e-14,4.8006956e-19,4.8006956e-19,-4.198812e-19,-4.198812e-19,-2.0987326e-06,-2.0987326e-06,2.2996874e-18,2.2996874e-18,1.4497611e-18,1.4497611e-18,3.6394822e-19,3.6394822e-19,1.0240578e-06,1.0240578e-06,1.3274158e-33,1.3274158e-33
-0.00056944086,-0.00056944086,0.00056944086,0.00056944086,-3.2085879e-15,-3.2085879e-15,-1.7792981e-15,-1.7792981e-15,0.00056944086,0.00056944086,-8.4241446e-05,-8.4241446e-05,-0.00010028778,-0.00010028778,-8.3503671e-05,-8.3503671e-05,-0.00010028778,-0.00010028778,9.9144341e-05,9.9144341e-05,1.8965225e-15,1.8965225e-15,6.1655318e-06,6.1655318e-06,6.1655318e-06,6.1655318e-06,8.0179449e-18,8.0179449e-18,-0.00056829742,-0.00056829742,-0.00010028778,-0.00010028778,-0.00056829742,-0.00056829742,-0.00010028778,-0.00010028778,1.963767e-16,1.963767e-16,-9.9508089e-17,-9.9508089e-17,-0.0006685852,-0.0006685852,9.7360851e-17,9.7360851e-17,-0.0006665914,-0.0006665914,2.0236405e-16,2.0236405e-16,-1.1434387e-06,-1.1434387e-06,0.00010028778,0.00010028778,-1.1434387e-06,-1.1434387e-06,0.00010028778,0.00010028778,9.9144341e-05,9.9144341e-05,1.8962824e-15,1.8962824e-15,-0.00056944086,-0.00056944086,-0.00056944086,-0.00056944086,-0.00010028778,-0.00010028778,-1.0701594e-06,-1.0701594e-06,4.2887277e-18,4.2887277e-18,2.0551773e-08,2.0551773e-08,-1.0907112e-06,-1.0907112e-06,-6.80144e-06,-6.80144e-06,1.8997099e-15,1.8997099e-15,0.024398403,0.024398403,1.2046803e-13,1.2046803e-13,0.031205723,0.031205723,6.0647755e-14,6.0647755e-14,-0.00056944086,-0.00056944086,0.0006685852,0.0006685852,-0.00011388817,-0.00011388817,3.9913742e-16,3.9913742e-16,5.5246405e-14,5.5246405e-14,-5.5277882e-14,-5.5277882e-14,4.7514728e-19,4.7514728e-19,-4.1548993e-19,-4.1548993e-19,-1.993796e-06,-1.993796e-06,2.2790797e-18,2.2790797e-18,1.434508e-18,1.434508e-18,3.6019025e-19,3.6019025e-19,1.0144408e-06,1.0144408e-06,1.2990494e-33,1.2990494e-33
-0.00056330615,-0.00056330615,0.00056330615,0.00056330615,-3.2163942e-15,-3.2163942e-15,-1.7807912e-15,-1.7807912e-15,0.00056330615,0.00056330615,-8.3279187e-05,-8.3279187e-05,-9.9208772e-05,-9.9208772e-05,-8.2548346e-05,-8.2548346e-05,-9.9208772e-05,-9.9208772e-05,9.8085665e-05,9.8085665e-05,1.8983959e-15,1.8983959e-15,6.099362e-06,6.099362e-06,6.099362e-06,6.099362e-06,7.9323496e-18,7.9323496e-18,-0.00056218304,-0.00056218304,-9.9208772e-05,-9.9208772e-05,-0.00056218304,-0.00056218304,-9.9208772e-05,-9.9208772e-05,1.9730403e-16,1.9730403e-16,-9.9832774e-17,-9.9832774e-17,-0.00066139182,-0.00066139182,9.7958213e-17,9.7958213e-17,-0.00065949771,-0.00065949771,2.0184564e-16,2.0184564e-16,-1.1231075e-06,-1.1231075e-06,9.9208772e-05,9.9208772e-05,-1.1231075e-06,-1.1231075e-06,9.9208772e-05,9.9208772e-05,9.8085665e-05,9.8085665e-05,1.8981585e-15,1.8981585e-15,-0.00056330615,-0.00056330615,-0.00056330615,-0.00056330615,-9.9208772e-05,-9.9208772e-05,-1.0586758e-06,-1.0586758e-06,4.2427727e-18,4.2427727e-18,2.0331207e-08,2.0331207e-08,-1.079007e-06,-1.079007e-06,-6.7232367e-06,-6.7232367e-06,1.901548e-15,1.901548e-15,0.024142613,0.024142613,1.2058601e-13,1.2058601e-13,0.030874137,0.030874137,6.0707953e-14,6.0707953e-14,-0.00056330615,-0.00056330615,0.00066139182,0.00066139182,-0.00011266123,-0.00011266123,3.9962787e-16,3.9962787e-16,5.5311929e-14,5.5311929e-14,-5.5343104e-14,-5.5343104e-14,4.7027332e-19,4.7027332e-19,-4.111537e-19,-4.111537e-19,-1.8941062e-06,-1.8941062e-06,2.2584447e-18,2.2584447e-18,1.4194365e-18,1.4194365e-18,3.5648466e-19,3.5648466e-19,1.0049066e-06,1.0049066e-06,1.2713055e-33,1.2713055e-33
-0.00055723729,-0.00055723729,0.00055723729,0.00055723729,-3.2246341e-15,-3.2246341e-15,-1.7822677e-15,-1.7822677e-15,0.00055723729,0.00055723729,-8.2330087e-05,-8.2330087e-05,-9.8141346e-05,-9.8141346e-05,-8.160612e-05,-8.160612e-05,-9.8141346e-05,-9.8141346e-05,9.7038351e-05,9.7038351e-05,1.9002489e-15,1.9002489e-15,6.033894e-06,6.033894e-06,6.033894e-06,6.033894e-06,7.8477126e-18,7.8477126e-18,-0.00055613429,-0.00055613429,-9.8141346e-05,-9.8141346e-05,-0.00055613429,-0.00055613429,-9.8141346e-05,-9.8141346e-05,1.9822151e-16,1.9822151e-16,-1.0015416e-16,-1.0015416e-16,-0.00065427564,-0.00065427564,9.8549077e-17,9.8549077e-17,-0.00065247624,-0.00065247624,2.0133311e-16,2.0133311e-16,-1.1029945e-06,-1.1029945e-06,9.8141346e-05,9.8141346e-05,-1.1029945e-06,-1.1029945e-06,9.8141346e-05,9.8141346e-05,9.7038351e-05,9.7038351e-05,1.9000141e-15,1.9000141e-15,-0.00055723729,-0.00055723729,-0.00055723729,-0.00055723729,-9.8141346e-05,-9.8141346e-05,-1.0473139e-06,-1.0473139e-06,4.1973345e-18,4.1973345e-18,2.011298e-08,2.011298e-08,-1.0674269e-06,-1.0674269e-06,-6.6457225e-06,-6.6457225e-06,1.9033661e-15,1.9033661e-15,0.023889663,0.023889663,1.2070271e-13,1.2070271e-13,0.030546116,0.030546116,6.0767495e-14,6.0767495e-14,-0.00055723729,-0.00055723729,0.00065427564,0.00065427564,-0.00011144746,-0.00011144746,4.0011299e-16,4.0011299e-16,5.5376779e-14,5.5376779e-14,-5.5407654e-14,-5.5407654e-14,4.6544726e-19,4.6544726e-19,-4.0687154e-19,-4.0687154e-19,-1.7994009e-06,-1.7994009e-06,2.2377939e-18,2.2377939e-18,1.4045438e-18,1.4045438e-18,3.5283027e-19,3.5283027e-19,9.954548e-07,9.954548e-07,1.2441698e-33,1.2441698e-33
-0.00055123356,-0.00055123356,0.00055123356,0.00055123356,-3.2324404e-15,-3.2324404e-15,-1.7837279e-15,-1.7837279e-15,0.00055123356,0.00055123356,-8.1393864e-05,-8.1393864e-05,-9.7085376e-05,-9.7085376e-05,-8.0676712e-05,-8.0676712e-05,-9.7085376e-05,-9.7085376e-05,9.6002279e-05,9.6002279e-05,1.9020818e-15,1.9020818e-15,5.9691209e-06,5.9691209e-06,5.9691209e-06,5.9691209e-06,7.7640219e-18,7.7640219e-18,-0.00055015046,-0.00055015046,-9.7085376e-05,-9.7085376e-05,-0.00055015046,-0.00055015046,-9.7085376e-05,-9.7085376e-05,1.9912925e-16,1.9912925e-16,-1.0047229e-16,-1.0047229e-16,-0.00064723584,-0.00064723584,9.9133522e-17,9.9133522e-17,-0.00064552641,-0.00064552641,2.0082637e-16,2.0082637e-16,-1.0830975e-06,-1.0830975e-06,9.7085376e-05,9.7085376e-05,-1.0830975e-06,-1.0830975e-06,9.7085376e-05,9.7085376e-05,9.6002279e-05,9.6002279e-05,1.9018495e-15,1.9018495e-15,-0.00055123356,-0.00055123356,-0.00055123356,-0.00055123356,-9.7085376e-05,-9.7085376e-05,-1.0360725e-06,-1.0360725e-06,4.1524066e-18,4.1524066e-18,1.989707e-08,1.989707e-08,-1.0559696e-06,-1.0559696e-06,-6.5688976e-06,-6.5688976e-06,1.9051644e-15,1.9051644e-15,0.023639516,0.023639516,1.2081814e-13,1.2081814e-13,0.030221623,0.030221623,6.0826392e-14,6.0826392e-14,-0.00055123356,-0.00055123356,0.00064723584,0.00064723584,-0.00011024671,-0.00011024671,4.0059283e-16,4.0059283e-16,5.5440961e-14,5.5440961e-14,-5.5471539e-14,-5.5471539e-14,4.606687e-19,4.606687e-19,-4.0264249e-19,-4.0264249e-19,-1.7094308e-06,-1.7094308e-06,2.217138e-18,2.217138e-18,1.3898271e-18,1.3898271e-18,3.4922596e-19,3.4922596e-19,9.8608474e-07,9.8608474e-07,1.2176283e-33,1.2176283e-33
-0.00054529429,-0.00054529429,0.00054529429,0.00054529429,-3.2402466e-15,-3.2402466e-15,-1.785172e-15,-1.785172e-15,0.00054529429,0.00054529429,-8.0470247e-05,-8.0470247e-05,-9.6040742e-05,-9.6040742e-05,-7.975985e-05,-7.975985e-05,-9.6040742e-05,-9.6040742e-05,9.4977328e-05,9.4977328e-05,1.9038946e-15,1.9038946e-15,5.9050356e-06,5.9050356e-06,5.9050356e-06,5.9050356e-06,7.6812658e-18,7.6812658e-18,-0.00054423087,-0.00054423087,-9.6040742e-05,-9.6040742e-05,-0.00054423087,-0.00054423087,-9.6040742e-05,-9.6040742e-05,2.0002735e-16,2.0002735e-16,-1.0078718e-16,-1.0078718e-16,-0.00064027161,-0.00064027161,9.9711621e-17,9.9711621e-17,-0.00063864765,-0.00063864765,2.0032536e-16,2.0032536e-16,-1.063414e-06,-1.063414e-06,9.6040742e-05,9.6040742e-05,-1.063414e-06,-1.063414e-06,9.6040742e-05,9.6040742e-05,9.4977328e-05,9.4977328e-05,1.903665e-15,1.903665e-15,-0.00054529429,-0.00054529429,-0.00054529429,-0.00054529429,-9.6040742e-05,-9.6040742e-05,-1.0249504e-06,-1.0249504e-06,4.1079825e-18,4.1079825e-18,1.9683452e-08,1.9683452e-08,-1.0446339e-06,-1.0446339e-06,-6.4927618e-06,-6.4927618e-06,1.9069432e-15,1.9069432e-15,0.02339214,0.02339214,1.2093231e-13,1.2093231e-13,0.029900619,0.029900619,6.0884649e-14,6.0884649e-14,-0.00054529429,-0.00054529429,0.00064027161,0.00064027161,-0.00010905886,-0.00010905886,4.0106746e-16,4.0106746e-16,5.5504483e-14,5.5504483e-14,-5.5534766e-14,-5.5534766e-14,4.5593723e-19,4.5593723e-19,-3.9846563e-19,-3.9846563e-19,-1.6239593e-06,-1.6239593e-06,2.196487e-18,2.196487e-18,1.3752837e-18,1.3752837e-18,3.4567068e-19,3.4567068e-19,9.7679591e-07,9.7679591e-07,1.1916673e-33,1.1916673e-33
-0.00053941878,-0.00053941878,0.00053941878,0.00053941878,-3.247836e-15,-3.247836e-15,-1.7866e-15,-1.7866e-15,0.00053941878,0.00053941878,-7.9558973e-05,-7.9558973e-05,-9.5007324e-05,-9.5007324e-05,-7.8855273e-05,-7.8855273e-05,-9.5007324e-05,-9.5007324e-05,9.3963382e-05,9.3963382e-05,1.9056878e-15,1.9056878e-15,5.8416313e-06,5.8416313e-06,5.8416313e-06,5.8416313e-06,7.5994327e-18,7.5994327e-18,-0.00053837483,-0.00053837483,-9.5007324e-05,-9.5007324e-05,-0.00053837483,-0.00053837483,-9.5007324e-05,-9.5007324e-05,2.0091592e-16,2.0091592e-16,-1.0109886e-16,-1.0109886e-16,-0.00063338216,-0.00063338216,1.0028345e-16,1.0028345e-16,-0.0006318394,-0.0006318394,1.9983e-16,1.9983e-16,-1.0439419e-06,-1.0439419e-06,9.5007324e-05,9.5007324e-05,-1.0439419e-06,-1.0439419e-06,9.5007324e-05,9.5007324e-05,9.3963382e-05,9.3963382e-05,1.9054606e-15,1.9054606e-15,-0.00053941878,-0.00053941878,-0.00053941878,-0.00053941878,-9.5007324e-05,-9.5007324e-05,-1.0139464e-06,-1.0139464e-06,4.0640559e-18,4.0640559e-18,1.9472104e-08,1.9472104e-08,-1.0334185e-06,-1.0334185e-06,-6.4173146e-06,-6.4173146e-06,1.9087028e-15,1.9087028e-15,0.0231475,0.0231475,1.2104525e-13,1.2104525e-13,0.029583067,0.029583067,6.0942273e-14,6.0942273e-14,-0.00053941878,-0.00053941878,0.00063338216,0.00063338216,-0.00010788376,-0.00010788376,4.0153694e-16,4.0153694e-16,5.5567352e-14,5.5567352e-14,-5.5597342e-14,-5.5597342e-14,4.5125244e-19,4.5125244e-19,-3.9434007e-19,-3.9434007e-19,-1.5427613e-06,-1.5427613e-06,2.1758507e-18,2.1758507e-18,1.3609111e-18,1.3609111e-18,3.4216336e-19,3.4216336e-19,9.6758774e-07,9.6758774e-07,1.1662736e-33,1.1662736e-33
-0.00053360635,-0.00053360635,0.00053360635,0.00053360635,-3.2554254e-15,-3.2554254e-15,-1.7880123e-15,-1.7880123e-15,0.00053360635,0.00053360635,-7.8659789e-05,-7.8659789e-05,-9.3985001e-05,-9.3985001e-05,-7.7962727e-05,-7.7962727e-05,-9.3985001e-05,-9.3985001e-05,9.2960322e-05,9.2960322e-05,1.9074614e-15,1.9074614e-15,5.7789009e-06,5.7789009e-06,5.7789009e-06,5.7789009e-06,7.5185112e-18,7.5185112e-18,-0.00053258167,-0.00053258167,-9.3985001e-05,-9.3985001e-05,-0.00053258167,-0.00053258167,-9.3985001e-05,-9.3985001e-05,2.0179506e-16,2.0179506e-16,-1.0140737e-16,-1.0140737e-16,-0.00062656667,-0.00062656667,1.0084908e-16,1.0084908e-16,-0.00062510105,-0.00062510105,1.9934023e-16,1.9934023e-16,-1.0246789e-06,-1.0246789e-06,9.3985001e-05,9.3985001e-05,-1.0246789e-06,-1.0246789e-06,9.3985001e-05,9.3985001e-05,9.2960322e-05,9.2960322e-05,1.9072368e-15,1.9072368e-15,-0.00053360635,-0.00053360635,-0.00053360635,-0.00053360635,-9.3985001e-05,-9.3985001e-05,-1.0030594e-06,-1.0030594e-06,4.0206205e-18,4.0206205e-18,1.9263003e-08,1.9263003e-08,-1.0223224e-06,-1.0223224e-06,-6.3425552e-06,-6.3425552e-06,1.9104432e-15,1.9104432e-15,0.022905563,0.022905563,1.2115696e-13,1.2115696e-13,0.02926893,0.02926893,6.0999274e-14,6.0999274e-14,-0.00053360635,-0.00053360635,0.00062656667,0.00062656667,-0.00010672127,-0.00010672127,4.0200133e-16,4.0200133e-16,5.5629575e-14,5.5629575e-14,-5.5659275e-14,-5.5659275e-14,4.4661393e-19,4.4661393e-19,-3.9026494e-19,-3.9026494e-19,-1.4656233e-06,-1.4656233e-06,2.1552381e-18,2.1552381e-18,1.3467066e-18,1.3467066e-18,3.3870302e-19,3.3870302e-19,9.584597e-07,9.584597e-07,1.1414341e-33,1.1414341e-33
-0.00052785635,-0.00052785635,0.00052785635,0.00052785635,-3.2631233e-15,-3.2631233e-15,-1.789409e-15,-1.789409e-15,0.00052785635,0.00052785635,-7.7772449e-05,-7.7772449e-05,-9.2973657e-05,-9.2973657e-05,-7.7081968e-05,-7.7081968e-05,-9.2973657e-05,-9.2973657e-05,9.1968034e-05,9.1968034e-05,1.9092158e-15,1.9092158e-15,5.7168378e-06,5.7168378e-06,5.7168378e-06,5.7168378e-06,7.43849e-18,7.43849e-18,-0.00052685072,-0.00052685072,-9.2973657e-05,-9.2973657e-05,-0.00052685072,-0.00052685072,-9.2973657e-05,-9.2973657e-05,2.0266488e-16,2.0266488e-16,-1.0171272e-16,-1.0171272e-16,-0.00061982438,-0.00061982438,1.0140859e-16,1.0140859e-16,-0.00061843204,-0.00061843204,1.9885598e-16,1.9885598e-16,-1.0056228e-06,-1.0056228e-06,9.2973657e-05,9.2973657e-05,-1.0056228e-06,-1.0056228e-06,9.2973657e-05,9.2973657e-05,9.1968034e-05,9.1968034e-05,1.9089936e-15,1.9089936e-15,-0.00052785635,-0.00052785635,-0.00052785635,-0.00052785635,-9.2973657e-05,-9.2973657e-05,-9.9228805e-07,-9.9228805e-07,3.9776702e-18,3.9776702e-18,1.9056126e-08,1.9056126e-08,-1.0113442e-06,-1.0113442e-06,-6.2684824e-06,-6.2684824e-06,1.9121648e-15,1.9121648e-15,0.022666297,0.022666297,1.2126746e-13,1.2126746e-13,0.028958172,0.028958172,6.1055656e-14,6.1055656e-14,-0.00052785635,-0.00052785635,0.00061982438,0.00061982438,-0.00010557127,-0.00010557127,4.0246069e-16,4.0246069e-16,5.5691158e-14,5.5691158e-14,-5.572057e-14,-5.572057e-14,4.4202131e-19,4.4202131e-19,-3.8623939e-19,-3.8623939e-19,-1.3923421e-06,-1.3923421e-06,2.1346577e-18,2.1346577e-18,1.3326679e-18,1.3326679e-18,3.3528869e-19,3.3528869e-19,9.4941124e-07,9.4941124e-07,1.1171363e-33,1.1171363e-33
-0.00052216809,-0.00052216809,0.00052216809,0.00052216809,-3.2704959e-15,-3.2704959e-15,-1.7907903e-15,-1.7907903e-15,0.00052216809,0.00052216809,-7.6896718e-05,-7.6896718e-05,-9.1973174e-05,-9.1973174e-05,-7.6212761e-05,-7.6212761e-05,-9.1973174e-05,-9.1973174e-05,9.0986403e-05,9.0986403e-05,1.9109511e-15,1.9109511e-15,5.6554352e-06,5.6554352e-06,5.6554352e-06,5.6554352e-06,7.3593581e-18,7.3593581e-18,-0.00052118132,-0.00052118132,-9.1973174e-05,-9.1973174e-05,-0.00052118132,-0.00052118132,-9.1973174e-05,-9.1973174e-05,2.0352547e-16,2.0352547e-16,-1.0201496e-16,-1.0201496e-16,-0.0006131545,-0.0006131545,1.0196204e-16,1.0196204e-16,-0.00061183177,-0.00061183177,1.9837717e-16,1.9837717e-16,-9.8677132e-07,-9.8677132e-07,9.1973174e-05,9.1973174e-05,-9.8677132e-07,-9.8677132e-07,9.1973174e-05,9.1973174e-05,9.0986403e-05,9.0986403e-05,1.9107314e-15,1.9107314e-15,-0.00052216809,-0.00052216809,-0.00052216809,-0.00052216809,-9.1973174e-05,-9.1973174e-05,-9.8163129e-07,-9.8163129e-07,3.9351991e-18,3.9351991e-18,1.8851451e-08,1.8851451e-08,-1.0004827e-06,-1.0004827e-06,-6.1950947e-06,-6.1950947e-06,1.9138677e-15,1.9138677e-15,0.022429669,0.022429669,1.2137676e-13,1.2137676e-13,0.028650757,0.028650757,6.1111428e-14,6.1111428e-14,-0.00052216809,-0.00052216809,0.0006131545,0.0006131545,-0.00010443362,-0.00010443362,4.0291507e-16,4.0291507e-16,5.5752108e-14,5.5752108e-14,-5.5781236e-14,-5.5781236e-14,4.3747417e-19,4.3747417e-19,-3.8226261e-19,-3.8226261e-19,-1.322725e-06,-1.322725e-06,2.1141177e-18,2.1141177e-18,1.3187924e-18,1.3187924e-18,3.3191943e-19,3.3191943e-19,9.4044181e-07,9.4044181e-07,1.0933678e-33,1.0933678e-33
-0.00051654093,-0.00051654093,0.00051654093,0.00051654093,-3.2776516e-15,-3.2776516e-15,-1.7921564e-15,-1.7921564e-15,0.00051654093,0.00051654093,-7.6032369e-05,-7.6032369e-05,-9.0983437e-05,-9.0983437e-05,-7.5354877e-05,-7.5354877e-05,-9.0983437e-05,-9.0983437e-05,9.0015315e-05,9.0015315e-05,1.9126676e-15,1.9126676e-15,5.5946862e-06,5.5946862e-06,5.5946862e-06,5.5946862e-06,7.2811048e-18,7.2811048e-18,-0.00051557281,-0.00051557281,-9.0983437e-05,-9.0983437e-05,-0.00051557281,-0.00051557281,-9.0983437e-05,-9.0983437e-05,2.0437693e-16,2.0437693e-16,-1.0231411e-16,-1.0231411e-16,-0.00060655625,-0.00060655625,1.025095e-16,1.025095e-16,-0.00060529966,-0.00060529966,1.9790375e-16,1.9790375e-16,-9.6812237e-07,-9.6812237e-07,9.0983437e-05,9.0983437e-05,-9.6812237e-07,-9.6812237e-07,9.0983437e-05,9.0983437e-05,9.0015315e-05,9.0015315e-05,1.9124503e-15,1.9124503e-15,-0.00051654093,-0.00051654093,-0.00051654093,-0.00051654093,-9.0983437e-05,-9.0983437e-05,-9.7108793e-07,-9.7108793e-07,3.8932011e-18,3.8932011e-18,1.8648954e-08,1.8648954e-08,-9.8973689e-07,-9.8973689e-07,-6.1223903e-06,-6.1223903e-06,1.9155522e-15,1.9155522e-15,0.022195649,0.022195649,1.2148489e-13,1.2148489e-13,0.028346648,0.028346648,6.1166597e-14,6.1166597e-14,-0.00051654093,-0.00051654093,0.00060655625,0.00060655625,-0.00010330819,-0.00010330819,4.0336454e-16,4.0336454e-16,5.5812433e-14,5.5812433e-14,-5.5841278e-14,-5.5841278e-14,4.3297211e-19,4.3297211e-19,-3.783338e-19,-3.783338e-19,-1.2565887e-06,-1.2565887e-06,2.0936257e-18,2.0936257e-18,1.3050779e-18,1.3050779e-18,3.2859435e-19,3.2859435e-19,9.3155086e-07,9.3155086e-07,1.0701166e-33,1.0701166e-33
-0.00051097422,-0.00051097422,0.00051097422,0.00051097422,-3.285241e-15,-3.285241e-15,-1.7935075e-15,-1.7935075e-15,0.00051097422,0.00051097422,-7.5179179e-05,-7.5179179e-05,-9.0004332e-05,-9.0004332e-05,-7.4508097e-05,-7.4508097e-05,-9.0004332e-05,-9.0004332e-05,8.9054658e-05,8.9054658e-05,1.9143655e-15,1.9143655e-15,5.5345843e-06,5.5345843e-06,5.5345843e-06,5.5345843e-06,7.2037193e-18,7.2037193e-18,-0.00051002455,-0.00051002455,-9.0004332e-05,-9.0004332e-05,-0.00051002455,-0.00051002455,-9.0004332e-05,-9.0004332e-05,2.0521937e-16,2.0521937e-16,-1.0261021e-16,-1.0261021e-16,-0.00060002888,-0.00060002888,1.0305105e-16,1.0305105e-16,-0.00059883512,-0.00059883512,1.9743565e-16,1.9743565e-16,-9.4967375e-07,-9.4967375e-07,9.0004332e-05,9.0004332e-05,-9.4967375e-07,-9.4967375e-07,9.0004332e-05,9.0004332e-05,8.9054658e-05,8.9054658e-05,1.9141506e-15,1.9141506e-15,-0.00051097422,-0.00051097422,-0.00051097422,-0.00051097422,-9.0004332e-05,-9.0004332e-05,-9.6065682e-07,-9.6065682e-07,3.8516706e-18,3.8516706e-18,1.8448614e-08,1.8448614e-08,-9.7910544e-07,-9.7910544e-07,-6.0503673e-06,-6.0503673e-06,1.9172184e-15,1.9172184e-15,0.021964204,0.021964204,1.2159184e-13,1.2159184e-13,0.028045811,0.028045811,6.1221169e-14,6.1221169e-14,-0.00051097422,-0.00051097422,0.00060002888,0.00060002888,-0.00010219484,-0.00010219484,4.0380914e-16,4.0380914e-16,5.587214e-14,5.587214e-14,-5.5900703e-14,-5.5900703e-14,4.2851475e-19,4.2851475e-19,-3.7445218e-19,-3.7445218e-19,-1.1937593e-06,-1.1937593e-06,2.0731889e-18,2.0731889e-18,1.2915219e-18,1.2915219e-18,3.2531257e-19,3.2531257e-19,9.2273785e-07,9.2273785e-07,1.047371e-33,1.047371e-33
-0.00050546731,-0.00050546731,0.00050546731,0.00050546731,-3.2922883e-15,-3.2922883e-15,-1.7948437e-15,-1.7948437e-15,0.00050546731,0.00050546731,-7.4336936e-05,-7.4336936e-05,-8.9035745e-05,-8.9035745e-05,-7.3672207e-05,-7.3672207e-05,-8.9035745e-05,-8.9035745e-05,8.8104321e-05,8.8104321e-05,1.916045e-15,1.916045e-15,5.4751228e-06,5.4751228e-06,5.4751228e-06,5.4751228e-06,7.1271911e-18,7.1271911e-18,-0.00050453589,-0.00050453589,-8.9035745e-05,-8.9035745e-05,-0.00050453589,-0.00050453589,-8.9035745e-05,-8.9035745e-05,2.0605287e-16,2.0605287e-16,-1.0290327e-16,-1.0290327e-16,-0.00059357163,-0.00059357163,1.0358676e-16,1.0358676e-16,-0.00059243756,-0.00059243756,1.969728e-16,1.969728e-16,-9.3142334e-07,-9.3142334e-07,8.9035745e-05,8.9035745e-05,-9.3142334e-07,-9.3142334e-07,8.9035745e-05,8.9035745e-05,8.8104321e-05,8.8104321e-05,1.9158325e-15,1.9158325e-15,-0.00050546731,-0.00050546731,-0.00050546731,-0.00050546731,-8.9035745e-05,-8.9035745e-05,-9.5033682e-07,-9.5033682e-07,3.8106017e-18,3.8106017e-18,1.8250409e-08,1.8250409e-08,-9.6858722e-07,-9.6858722e-07,-5.9790233e-06,-5.9790233e-06,1.9188666e-15,1.9188666e-15,0.021735306,0.021735306,1.2169763e-13,1.2169763e-13,0.027748209,0.027748209,6.1275151e-14,6.1275151e-14,-0.00050546731,-0.00050546731,0.00059357163,0.00059357163,-0.00010109346,-0.00010109346,4.0424893e-16,4.0424893e-16,5.5931233e-14,5.5931233e-14,-5.5959519e-14,-5.5959519e-14,4.2410169e-19,4.2410169e-19,-3.70617e-19,-3.70617e-19,-1.1340713e-06,-1.1340713e-06,2.0528141e-18,2.0528141e-18,1.2781223e-18,1.2781223e-18,3.2207325e-19,3.2207325e-19,9.1400223e-07,9.1400223e-07,1.0251195e-33,1.0251195e-33
-0.00050001956,-0.00050001956,0.00050001956,0.00050001956,-3.2994441e-15,-3.2994441e-15,-1.7961652e-15,-1.7961652e-15,0.00050001956,0.00050001956,-7.3505433e-05,-7.3505433e-05,-8.8077564e-05,-8.8077564e-05,-7.2847001e-05,-7.2847001e-05,-8.8077564e-05,-8.8077564e-05,8.7164195e-05,8.7164195e-05,1.9177063e-15,1.9177063e-15,5.4162951e-06,5.4162951e-06,5.4162951e-06,5.4162951e-06,7.0515099e-18,7.0515099e-18,-0.00049910619,-0.00049910619,-8.8077564e-05,-8.8077564e-05,-0.00049910619,-0.00049910619,-8.8077564e-05,-8.8077564e-05,2.0687755e-16,2.0687755e-16,-1.0319332e-16,-1.0319332e-16,-0.00058718376,-0.00058718376,1.0411668e-16,1.0411668e-16,-0.00058610639,-0.00058610639,1.9651514e-16,1.9651514e-16,-9.1336903e-07,-9.1336903e-07,8.8077564e-05,8.8077564e-05,-9.1336903e-07,-9.1336903e-07,8.8077564e-05,8.8077564e-05,8.7164195e-05,8.7164195e-05,1.9174961e-15,1.9174961e-15,-0.00050001956,-0.00050001956,-0.00050001956,-0.00050001956,-8.8077564e-05,-8.8077564e-05,-9.4012677e-07,-9.4012677e-07,3.7699889e-18,3.7699889e-18,1.8054317e-08,1.8054317e-08,-9.5818109e-07,-9.5818109e-07,-5.9083559e-06,-5.9083559e-06,1.920497e-15,1.920497e-15,0.021508922,0.021508922,1.2180228e-13,1.2180228e-13,0.027453809,0.027453809,6.1328549e-14,6.1328549e-14,-0.00050001956,-0.00050001956,0.00058718376,0.00058718376,-0.00010000391,-0.00010000391,4.0468397e-16,4.0468397e-16,5.5989722e-14,5.5989722e-14,-5.6017732e-14,-5.6017732e-14,4.1973255e-19,4.1973255e-19,-3.6682754e-19,-3.6682754e-19,-1.0773678e-06,-1.0773678e-06,2.0325077e-18,2.0325077e-18,1.2648769e-18,1.2648769e-18,3.1887558e-19,3.1887558e-19,9.0534346e-07,9.0534346e-07,1.0033511e-33,1.0033511e-33
-0.00049463035,-0.00049463035,0.00049463035,0.00049463035,-3.3064914e-15,-3.3064914e-15,-1.7974722e-15,-1.7974722e-15,0.00049463035,0.00049463035,-7.2684471e-05,-7.2684471e-05,-8.7129678e-05,-8.7129678e-05,-7.2032281e-05,-7.2032281e-05,-8.7129678e-05,-8.7129678e-05,8.6234169e-05,8.6234169e-05,1.9193496e-15,1.9193496e-15,5.3580949e-06,5.3580949e-06,5.3580949e-06,5.3580949e-06,6.9766656e-18,6.9766656e-18,-0.00049373484,-0.00049373484,-8.7129678e-05,-8.7129678e-05,-0.00049373484,-0.00049373484,-8.7129678e-05,-8.7129678e-05,2.0769348e-16,2.0769348e-16,-1.0348041e-16,-1.0348041e-16,-0.00058086452,-0.00058086452,1.0464089e-16,1.0464089e-16,-0.00057984102,-0.00057984102,1.9606262e-16,1.9606262e-16,-8.9550871e-07,-8.9550871e-07,8.7129678e-05,8.7129678e-05,-8.9550871e-07,-8.9550871e-07,8.7129678e-05,8.7129678e-05,8.6234169e-05,8.6234169e-05,1.9191418e-15,1.9191418e-15,-0.00049463035,-0.00049463035,-0.00049463035,-0.00049463035,-8.7129678e-05,-8.7129678e-05,-9.3002557e-07,-9.3002557e-07,3.7298266e-18,3.7298266e-18,1.7860316e-08,1.7860316e-08,-9.4788589e-07,-9.4788589e-07,-5.8383624e-06,-5.8383624e-06,1.9221098e-15,1.9221098e-15,0.021285025,0.021285025,1.219058e-13,1.219058e-13,0.027162576,0.027162576,6.1381371e-14,6.1381371e-14,-0.00049463035,-0.00049463035,0.00058086452,0.00058086452,-9.892607e-05,-9.892607e-05,4.0511431e-16,4.0511431e-16,5.6047611e-14,5.6047611e-14,-5.6075347e-14,-5.6075347e-14,4.1540692e-19,4.1540692e-19,-3.6308307e-19,-3.6308307e-19,-1.0234994e-06,-1.0234994e-06,2.0122757e-18,2.0122757e-18,1.2517834e-18,1.2517834e-18,3.1571877e-19,3.1571877e-19,8.9676099e-07,8.9676099e-07,9.8205485e-34,9.8205485e-34
-0.00048929905,-0.00048929905,0.00048929905,0.00048929905,-3.3134303e-15,-3.3134303e-15,-1.7987649e-15,-1.7987649e-15,0.00048929905,0.00048929905,-7.1873857e-05,-7.1873857e-05,-8.6191977e-05,-8.6191977e-05,-7.1227854e-05,-7.1227854e-05,-8.6191977e-05,-8.6191977e-05,8.5314137e-05,8.5314137e-05,1.9209751e-15,1.9209751e-15,5.3005155e-06,5.3005155e-06,5.3005155e-06,5.3005155e-06,6.902648e-18,6.902648e-18,-0.0004884212,-0.0004884212,-8.6191977e-05,-8.6191977e-05,-0.0004884212,-0.0004884212,-8.6191977e-05,-8.6191977e-05,2.0850078e-16,2.0850078e-16,-1.0376455e-16,-1.0376455e-16,-0.00057461318,-0.00057461318,1.0515946e-16,1.0515946e-16,-0.00057364086,-0.00057364086,1.9561516e-16,1.9561516e-16,-8.7784033e-07,-8.7784033e-07,8.6191977e-05,8.6191977e-05,-8.7784033e-07,-8.7784033e-07,8.6191977e-05,8.6191977e-05,8.5314137e-05,8.5314137e-05,1.9207696e-15,1.9207696e-15,-0.00048929905,-0.00048929905,-0.00048929905,-0.00048929905,-8.6191977e-05,-8.6191977e-05,-9.2003209e-07,-9.2003209e-07,3.6901094e-18,3.6901094e-18,1.7668385e-08,1.7668385e-08,-9.3770047e-07,-9.3770047e-07,-5.7690398e-06,-5.7690398e-06,1.9237052e-15,1.9237052e-15,0.021063584,0.021063584,1.2200821e-13,1.2200821e-13,0.026874476,0.026874476,6.1433623e-14,6.1433623e-14,-0.00048929905,-0.00048929905,0.00057461318,0.00057461318,-9.7859809e-05,-9.7859809e-05,4.0554001e-16,4.0554001e-16,5.6104907e-14,5.6104907e-14,-5.6132372e-14,-5.6132372e-14,4.1112443e-19,4.1112443e-19,-3.593829e-19,-3.593829e-19,-9.7232441e-07,-9.7232441e-07,1.9921237e-18,1.9921237e-18,1.2388398e-18,1.2388398e-18,3.1260205e-19,3.1260205e-19,8.8825427e-07,8.8825427e-07,9.6122011e-34,9.6122011e-34
-0.00048402503,-0.00048402503,0.00048402503,0.00048402503,-3.3204776e-15,-3.3204776e-15,-1.8000434e-15,-1.8000434e-15,0.00048402503,0.00048402503,-7.1073403e-05,-7.1073403e-05,-8.5264354e-05,-8.5264354e-05,-7.0433532e-05,-7.0433532e-05,-8.5264354e-05,-8.5264354e-05,8.4403992e-05,8.4403992e-05,1.9225831e-15,1.9225831e-15,5.2435506e-06,5.2435506e-06,5.2435506e-06,5.2435506e-06,6.8294475e-18,6.8294475e-18,-0.00048316467,-0.00048316467,-8.5264354e-05,-8.5264354e-05,-0.00048316467,-0.00048316467,-8.5264354e-05,-8.5264354e-05,2.0929952e-16,2.0929952e-16,-1.0404577e-16,-1.0404577e-16,-0.00056842902,-0.00056842902,1.0567244e-16,1.0567244e-16,-0.00056750532,-0.00056750532,1.9517271e-16,1.9517271e-16,-8.6036182e-07,-8.6036182e-07,8.5264354e-05,8.5264354e-05,-8.6036182e-07,-8.6036182e-07,8.5264354e-05,8.5264354e-05,8.4403992e-05,8.4403992e-05,1.9223798e-15,1.9223798e-15,-0.00048402503,-0.00048402503,-0.00048402503,-0.00048402503,-8.5264354e-05,-8.5264354e-05,-9.1014522e-07,-9.1014522e-07,3.6508319e-18,3.6508319e-18,1.7478502e-08,1.7478502e-08,-9.2762372e-07,-9.2762372e-07,-5.7003851e-06,-5.7003851e-06,1.9252833e-15,1.9252833e-15,0.02084457,0.02084457,1.221095e-13,1.221095e-13,0.026589475,0.026589475,6.1485311e-14,6.1485311e-14,-0.00048402503,-0.00048402503,0.00056842902,0.00056842902,-9.6805006e-05,-9.6805006e-05,4.0596111e-16,4.0596111e-16,5.6161617e-14,5.6161617e-14,-5.6188814e-14,-5.6188814e-14,4.0688469e-19,4.0688469e-19,-3.5572636e-19,-3.5572636e-19,-9.2370819e-07,-9.2370819e-07,1.9720571e-18,1.9720571e-18,1.2260441e-18,1.2260441e-18,3.0952471e-19,3.0952471e-19,8.7982277e-07,8.7982277e-07,9.4083654e-34,9.4083654e-34
-0.0004788077,-0.0004788077,0.0004788077,0.0004788077,-3.3273623e-15,-3.3273623e-15,-1.801308e-15,-1.801308e-15,0.0004788077,0.0004788077,-7.0282927e-05,-7.0282927e-05,-8.4346699e-05,-8.4346699e-05,-6.9649134e-05,-6.9649134e-05,-8.4346699e-05,-8.4346699e-05,8.3503628e-05,8.3503628e-05,1.9241736e-15,1.9241736e-15,5.1871939e-06,5.1871939e-06,5.1871939e-06,5.1871939e-06,6.7570541e-18,6.7570541e-18,-0.00047796463,-0.00047796463,-8.4346699e-05,-8.4346699e-05,-0.00047796463,-0.00047796463,-8.4346699e-05,-8.4346699e-05,2.1008981e-16,2.1008981e-16,-1.0432411e-16,-1.0432411e-16,-0.00056231133,-0.00056231133,1.061799e-16,1.061799e-16,-0.0005614338,-0.0005614338,1.9473521e-16,1.9473521e-16,-8.4307118e-07,-8.4307118e-07,8.4346699e-05,8.4346699e-05,-8.4307118e-07,-8.4307118e-07,8.4346699e-05,8.4346699e-05,8.3503628e-05,8.3503628e-05,1.9239726e-15,1.9239726e-15,-0.0004788077,-0.0004788077,-0.0004788077,-0.0004788077,-8.4346699e-05,-8.4346699e-05,-9.0036387e-07,-9.0036387e-07,3.6119887e-18,3.6119887e-18,1.7290646e-08,1.7290646e-08,-9.1765451e-07,-9.1765451e-07,-5.632395e-06,-5.632395e-06,1.9268445e-15,1.9268445e-15,0.020627957,0.020627957,1.2220971e-13,1.2220971e-13,0.026307541,0.026307541,6.1536442e-14,6.1536442e-14,-0.0004788077,-0.0004788077,0.00056231133,0.00056231133,-9.576154e-05,-9.576154e-05,4.0637767e-16,4.0637767e-16,5.6217747e-14,5.6217747e-14,-5.6244677e-14,-5.6244677e-14,4.0268732e-19,4.0268732e-19,-3.5211279e-19,-3.5211279e-19,-8.7752278e-07,-8.7752278e-07,1.9520807e-18,1.9520807e-18,1.2133942e-18,1.2133942e-18,3.06486e-19,3.06486e-19,8.7146595e-07,8.7146595e-07,9.2089404e-34,9.2089404e-34
-0.00047364644,-0.00047364644,0.00047364644,0.00047364644,-3.3340301e-15,-3.3340301e-15,-1.8025587e-15,-1.8025587e-15,0.00047364644,0.00047364644,-6.9502255e-05,-6.9502255e-05,-8.3438907e-05,-8.3438907e-05,-6.8874485e-05,-6.8874485e-05,-8.3438907e-05,-8.3438907e-05,8.2612941e-05,8.2612941e-05,1.925747e-15,1.925747e-15,5.1314391e-06,5.1314391e-06,5.1314391e-06,5.1314391e-06,6.6854585e-18,6.6854585e-18,-0.00047282047,-0.00047282047,-8.3438907e-05,-8.3438907e-05,-0.00047282047,-0.00047282047,-8.3438907e-05,-8.3438907e-05,2.1087173e-16,2.1087173e-16,-1.0459958e-16,-1.0459958e-16,-0.00055625938,-0.00055625938,1.066819e-16,1.066819e-16,-0.00055542574,-0.00055542574,1.943026e-16,1.943026e-16,-8.2596638e-07,-8.2596638e-07,8.3438907e-05,8.3438907e-05,-8.2596638e-07,-8.2596638e-07,8.3438907e-05,8.3438907e-05,8.2612941e-05,8.2612941e-05,1.9255483e-15,1.9255483e-15,-0.00047364644,-0.00047364644,-0.00047364644,-0.00047364644,-8.3438907e-05,-8.3438907e-05,-8.9068694e-07,-8.9068694e-07,3.5735749e-18,3.5735749e-18,1.7104797e-08,1.7104797e-08,-9.0779174e-07,-9.0779174e-07,-5.5650661e-06,-5.5650661e-06,1.9283887e-15,1.9283887e-15,0.020413715,0.020413715,1.2230883e-13,1.2230883e-13,0.02602864,0.02602864,6.1587021e-14,6.1587021e-14,-0.00047364644,-0.00047364644,0.00055625938,0.00055625938,-9.4729288e-05,-9.4729288e-05,4.0678974e-16,4.0678974e-16,5.6273303e-14,5.6273303e-14,-5.6299969e-14,-5.6299969e-14,3.9853194e-19,3.9853194e-19,-3.4854154e-19,-3.4854154e-19,-8.3364664e-07,-8.3364664e-07,1.9321994e-18,1.9321994e-18,1.2008881e-18,1.2008881e-18,3.0348526e-19,3.0348526e-19,8.6318325e-07,8.6318325e-07,9.0138274e-34,9.0138274e-34
-0.00046854066,-0.00046854066,0.00046854066,0.00046854066,-3.3407522e-15,-3.3407522e-15,-1.8037957e-15,-1.8037957e-15,0.00046854066,0.00046854066,-6.8731215e-05,-6.8731215e-05,-8.2540873e-05,-8.2540873e-05,-6.8109416e-05,-6.8109416e-05,-8.2540873e-05,-8.2540873e-05,8.1731828e-05,8.1731828e-05,1.9273034e-15,1.9273034e-15,5.0762799e-06,5.0762799e-06,5.0762799e-06,5.0762799e-06,6.6146511e-18,6.6146511e-18,-0.00046773161,-0.00046773161,-8.2540873e-05,-8.2540873e-05,-0.00046773161,-0.00046773161,-8.2540873e-05,-8.2540873e-05,2.1164537e-16,2.1164537e-16,-1.0487222e-16,-1.0487222e-16,-0.00055027249,-0.00055027249,1.0717851e-16,1.0717851e-16,-0.00054948052,-0.00054948052,1.9387483e-16,1.9387483e-16,-8.0904545e-07,-8.0904545e-07,8.2540873e-05,8.2540873e-05,-8.0904545e-07,-8.0904545e-07,8.2540873e-05,8.2540873e-05,8.1731828e-05,8.1731828e-05,1.9271069e-15,1.9271069e-15,-0.00046854066,-0.00046854066,-0.00046854066,-0.00046854066,-8.2540873e-05,-8.2540873e-05,-8.8111336e-07,-8.8111336e-07,3.5355851e-18,3.5355851e-18,1.6920933e-08,1.6920933e-08,-8.9803429e-07,-8.9803429e-07,-5.4983948e-06,-5.4983948e-06,1.9299164e-15,1.9299164e-15,0.020201817,0.020201817,1.2240689e-13,1.2240689e-13,0.02575274,0.02575274,6.1637056e-14,6.1637056e-14,-0.00046854066,-0.00046854066,0.00055027249,0.00055027249,-9.3708132e-05,-9.3708132e-05,4.0719737e-16,4.0719737e-16,5.6328291e-14,5.6328291e-14,-5.6354695e-14,-5.6354695e-14,3.9441818e-19,3.9441818e-19,-3.4501198e-19,-3.4501198e-19,-7.9196431e-07,-7.9196431e-07,1.9124173e-18,1.9124173e-18,1.1885239e-18,1.1885239e-18,3.005218e-19,3.005218e-19,8.5497415e-07,8.5497415e-07,8.8229303e-34,8.8229303e-34
-0.00046348976,-0.00046348976,0.00046348976,0.00046348976,-3.3473658e-15,-3.3473658e-15,-1.8050192e-15,-1.8050192e-15,0.00046348976,0.00046348976,-6.7969642e-05,-6.7969642e-05,-8.1652492e-05,-8.1652492e-05,-6.735376e-05,-6.735376e-05,-8.1652492e-05,-8.1652492e-05,8.0860186e-05,8.0860186e-05,1.928843e-15,1.928843e-15,5.0217102e-06,5.0217102e-06,5.0217102e-06,5.0217102e-06,6.5446227e-18,6.5446227e-18,-0.00046269745,-0.00046269745,-8.1652492e-05,-8.1652492e-05,-0.00046269745,-0.00046269745,-8.1652492e-05,-8.1652492e-05,2.1241083e-16,2.1241083e-16,-1.0514205e-16,-1.0514205e-16,-0.00054434995,-0.00054434995,1.0766978e-16,1.0766978e-16,-0.00054359758,-0.00054359758,1.9345183e-16,1.9345183e-16,-7.9230641e-07,-7.9230641e-07,8.1652492e-05,8.1652492e-05,-7.9230641e-07,-7.9230641e-07,8.1652492e-05,8.1652492e-05,8.0860186e-05,8.0860186e-05,1.9286486e-15,1.9286486e-15,-0.00046348976,-0.00046348976,-0.00046348976,-0.00046348976,-8.1652492e-05,-8.1652492e-05,-8.7164205e-07,-8.7164205e-07,3.4980143e-18,3.4980143e-18,1.6739034e-08,1.6739034e-08,-8.8838108e-07,-8.8838108e-07,-5.4323774e-06,-5.4323774e-06,1.9314276e-15,1.9314276e-15,0.019992236,0.019992236,1.2250389e-13,1.2250389e-13,0.025479809,0.025479809,6.1686551e-14,6.1686551e-14,-0.00046348976,-0.00046348976,0.00054434995,0.00054434995,-9.2697952e-05,-9.2697952e-05,4.0760061e-16,4.0760061e-16,5.6382718e-14,5.6382718e-14,-5.6408863e-14,-5.6408863e-14,3.9034565e-19,3.9034565e-19,-3.4152352e-19,-3.4152352e-19,-7.523661e-07,-7.523661e-07,1.8927387e-18,1.8927387e-18,1.1762997e-18,1.1762997e-18,2.9759497e-19,2.9759497e-19,8.468381e-07,8.468381e-07,8.6361549e-34,8.6361549e-34
-0.00045849316,-0.00045849316,0.00045849316,0.00045849316,-3.3539252e-15,-3.3539252e-15,-1.8062294e-15,-1.8062294e-15,0.00045849316,0.00045849316,-6.7217375e-05,-6.7217375e-05,-8.0773661e-05,-8.0773661e-05,-6.6607357e-05,-6.6607357e-05,-8.0773661e-05,-8.0773661e-05,7.9997914e-05,7.9997914e-05,1.930366e-15,1.930366e-15,4.9677237e-06,4.9677237e-06,4.9677237e-06,4.9677237e-06,6.4753641e-18,6.4753641e-18,-0.00045771741,-0.00045771741,-8.0773661e-05,-8.0773661e-05,-0.00045771741,-0.00045771741,-8.0773661e-05,-8.0773661e-05,2.1316819e-16,2.1316819e-16,-1.0540911e-16,-1.0540911e-16,-0.00053849107,-0.00053849107,1.0815578e-16,1.0815578e-16,-0.00053777633,-0.00053777633,1.9303355e-16,1.9303355e-16,-7.7574733e-07,-7.7574733e-07,8.0773661e-05,8.0773661e-05,-7.7574733e-07,-7.7574733e-07,8.0773661e-05,8.0773661e-05,7.9997914e-05,7.9997914e-05,1.9301738e-15,1.9301738e-15,-0.00045849316,-0.00045849316,-0.00045849316,-0.00045849316,-8.0773661e-05,-8.0773661e-05,-8.6227195e-07,-8.6227195e-07,3.4608577e-18,3.4608577e-18,1.6559079e-08,1.6559079e-08,-8.7883103e-07,-8.7883103e-07,-5.36701e-06,-5.36701e-06,1.9329224e-15,1.9329224e-15,0.019784945,0.019784945,1.2259984e-13,1.2259984e-13,0.025209814,0.025209814,6.1735514e-14,6.1735514e-14,-0.00045849316,-0.00045849316,0.00053849107,0.00053849107,-9.1698632e-05,-9.1698632e-05,4.0799951e-16,4.0799951e-16,5.6436589e-14,5.6436589e-14,-5.6462477e-14,-5.6462477e-14,3.8631399e-19,3.8631399e-19,-3.3807554e-19,-3.3807554e-19,-7.1474779e-07,-7.1474779e-07,1.8731673e-18,1.8731673e-18,1.1642137e-18,1.1642137e-18,2.9470415e-19,2.9470415e-19,8.3877456e-07,8.3877456e-07,8.4534097e-34,8.4534097e-34
-0.00045355027,-0.00045355027,0.00045355027,0.00045355027,-3.360322e-15,-3.360322e-15,-1.8074263e-15,-1.8074263e-15,0.00045355027,0.00045355027,-6.6474259e-05,-6.6474259e-05,-7.9904278e-05,-7.9904278e-05,-6.5870053e-05,-6.5870053e-05,-7.9904278e-05,-7.9904278e-05,7.9144912e-05,7.9144912e-05,1.9318726e-15,1.9318726e-15,4.9143146e-06,4.9143146e-06,4.9143146e-06,4.9143146e-06,6.4068663e-18,6.4068663e-18,-0.00045279091,-0.00045279091,-7.9904278e-05,-7.9904278e-05,-0.00045279091,-0.00045279091,-7.9904278e-05,-7.9904278e-05,2.1391754e-16,2.1391754e-16,-1.0567342e-16,-1.0567342e-16,-0.00053269519,-0.00053269519,1.0863657e-16,1.0863657e-16,-0.00053201618,-0.00053201618,1.9261994e-16,1.9261994e-16,-7.5936629e-07,-7.5936629e-07,7.9904278e-05,7.9904278e-05,-7.5936629e-07,-7.5936629e-07,7.9904278e-05,7.9904278e-05,7.9144912e-05,7.9144912e-05,1.9316825e-15,1.9316825e-15,-0.00045355027,-0.00045355027,-0.00045355027,-0.00045355027,-7.9904278e-05,-7.9904278e-05,-8.5300202e-07,-8.5300202e-07,3.4241103e-18,3.4241103e-18,1.6381049e-08,1.6381049e-08,-8.6938307e-07,-8.6938307e-07,-5.3022886e-06,-5.3022886e-06,1.9344012e-15,1.9344012e-15,0.019579919,0.019579919,1.2269477e-13,1.2269477e-13,0.024942725,0.024942725,6.178395e-14,6.178395e-14,-0.00045355027,-0.00045355027,0.00053269519,0.00053269519,-9.0710055e-05,-9.0710055e-05,4.0839412e-16,4.0839412e-16,5.6489911e-14,5.6489911e-14,-5.6515543e-14,-5.6515543e-14,3.8232283e-19,3.8232283e-19,-3.3466747e-19,-3.3466747e-19,-6.790104e-07,-6.790104e-07,1.8537067e-18,1.8537067e-18,1.1522641e-18,1.1522641e-18,2.9184873e-19,2.9184873e-19,8.30783e-07,8.30783e-07,8.2746049e-34,8.2746049e-34
-0.00044866053,-0.00044866053,0.00044866053,0.00044866053,-3.366773e-15,-3.366773e-15,-1.8086103e-15,-1.8086103e-15,0.00044866053,0.00044866053,-6.5740142e-05,-6.5740142e-05,-7.9044242e-05,-7.9044242e-05,-6.5141696e-05,-6.5141696e-05,-7.9044242e-05,-7.9044242e-05,7.830108e-05,7.830108e-05,1.9333629e-15,1.9333629e-15,4.8614766e-06,4.8614766e-06,4.8614766e-06,4.8614766e-06,6.3391205e-18,6.3391205e-18,-0.00044791737,-0.00044791737,-7.9044242e-05,-7.9044242e-05,-0.00044791737,-0.00044791737,-7.9044242e-05,-7.9044242e-05,2.1465897e-16,2.1465897e-16,-1.05935e-16,-1.05935e-16,-0.00052696161,-0.00052696161,1.091122e-16,1.091122e-16,-0.00052631655,-0.00052631655,1.9221094e-16,1.9221094e-16,-7.4316136e-07,-7.4316136e-07,7.9044242e-05,7.9044242e-05,-7.4316136e-07,-7.4316136e-07,7.9044242e-05,7.9044242e-05,7.830108e-05,7.830108e-05,1.9331749e-15,1.9331749e-15,-0.00044866053,-0.00044866053,-0.00044866053,-0.00044866053,-7.9044242e-05,-7.9044242e-05,-8.4383121e-07,-8.4383121e-07,3.3877673e-18,3.3877673e-18,1.6204922e-08,1.6204922e-08,-8.6003613e-07,-8.6003613e-07,-5.2382093e-06,-5.2382093e-06,1.9358641e-15,1.9358641e-15,0.01937713,0.01937713,1.2278867e-13,1.2278867e-13,0.024678509,0.024678509,6.1831865e-14,6.1831865e-14,-0.00044866053,-0.00044866053,0.00052696161,0.00052696161,-8.9732106e-05,-8.9732106e-05,4.0878449e-16,4.0878449e-16,5.6542689e-14,5.6542689e-14,-5.6568069e-14,-5.6568069e-14,3.7837179e-19,3.7837179e-19,-3.3129874e-19,-3.3129874e-19,-6.4505988e-07,-6.4505988e-07,1.8343601e-18,1.8343601e-18,1.140449e-18,1.140449e-18,2.890281e-19,2.890281e-19,8.2286288e-07,8.2286288e-07,8.0996533e-34,8.0996533e-34
-0.00044382336,-0.00044382336,0.00044382336,0.00044382336,-3.3731156e-15,-3.3731156e-15,-1.8097813e-15,-1.8097813e-15,0.00044382336,0.00044382336,-6.5014876e-05,-6.5014876e-05,-7.8193453e-05,-7.8193453e-05,-6.4422139e-05,-6.4422139e-05,-7.8193453e-05,-7.8193453e-05,7.7466322e-05,7.7466322e-05,1.9348371e-15,1.9348371e-15,4.809204e-06,4.809204e-06,4.809204e-06,4.809204e-06,6.2721179e-18,6.2721179e-18,-0.00044309623,-0.00044309623,-7.8193453e-05,-7.8193453e-05,-0.00044309623,-0.00044309623,-7.8193453e-05,-7.8193453e-05,2.1539256e-16,2.1539256e-16,-1.0619389e-16,-1.0619389e-16,-0.00052128968,-0.00052128968,1.0958274e-16,1.0958274e-16,-0.00052067688,-0.00052067688,1.918065e-16,1.918065e-16,-7.2713068e-07,-7.2713068e-07,7.8193453e-05,7.8193453e-05,-7.2713068e-07,-7.2713068e-07,7.8193453e-05,7.8193453e-05,7.7466322e-05,7.7466322e-05,1.9346513e-15,1.9346513e-15,-0.00044382336,-0.00044382336,-0.00044382336,-0.00044382336,-7.8193453e-05,-7.8193453e-05,-8.3475848e-07,-8.3475848e-07,3.3518239e-18,3.3518239e-18,1.603068e-08,1.603068e-08,-8.5078916e-07,-8.5078916e-07,-5.1747678e-06,-5.1747678e-06,1.9373113e-15,1.9373113e-15,0.019176553,0.019176553,1.2288156e-13,1.2288156e-13,0.024417136,0.024417136,6.1879265e-14,6.1879265e-14,-0.00044382336,-0.00044382336,0.00052128968,0.00052128968,-8.8764672e-05,-8.8764672e-05,4.0917066e-16,4.0917066e-16,5.6594929e-14,5.6594929e-14,-5.6620058e-14,-5.6620058e-14,3.7446052e-19,3.7446052e-19,-3.2796879e-19,-3.2796879e-19,-6.1280689e-07,-6.1280689e-07,1.8151306e-18,1.8151306e-18,1.1287667e-18,1.1287667e-18,2.8624169e-19,2.8624169e-19,8.1501367e-07,8.1501367e-07,7.9284693e-34,7.9284693e-34
-0.0004390382,-0.0004390382,0.0004390382,0.0004390382,-3.3793498e-15,-3.3793498e-15,-1.8109395e-15,-1.8109395e-15,0.0004390382,0.0004390382,-6.4298319e-05,-6.4298319e-05,-7.7351811e-05,-7.7351811e-05,-6.371124e-05,-6.371124e-05,-7.7351811e-05,-7.7351811e-05,7.6640539e-05,7.6640539e-05,1.9362955e-15,1.9362955e-15,4.7574907e-06,4.7574907e-06,4.7574907e-06,4.7574907e-06,6.2058498e-18,6.2058498e-18,-0.00043832693,-0.00043832693,-7.7351811e-05,-7.7351811e-05,-0.00043832693,-0.00043832693,-7.7351811e-05,-7.7351811e-05,2.1611839e-16,2.1611839e-16,-1.064501e-16,-1.064501e-16,-0.00051567874,-0.00051567874,1.1004823e-16,1.1004823e-16,-0.00051509658,-0.00051509658,1.9140656e-16,1.9140656e-16,-7.1127238e-07,-7.1127238e-07,7.7351811e-05,7.7351811e-05,-7.1127238e-07,-7.1127238e-07,7.7351811e-05,7.7351811e-05,7.6640539e-05,7.6640539e-05,1.9361118e-15,1.9361118e-15,-0.0004390382,-0.0004390382,-0.0004390382,-0.0004390382,-7.7351811e-05,-7.7351811e-05,-8.2578282e-07,-8.2578282e-07,3.3162755e-18,3.3162755e-18,1.5858302e-08,1.5858302e-08,-8.4164112e-07,-8.4164112e-07,-5.1119599e-06,-5.1119599e-06,1.9387429e-15,1.9387429e-15,0.018978164,0.018978164,1.2297345e-13,1.2297345e-13,0.024158577,0.024158577,6.1926156e-14,6.1926156e-14,-0.0004390382,-0.0004390382,0.00051567874,0.00051567874,-8.7807641e-05,-8.7807641e-05,4.0955268e-16,4.0955268e-16,5.6646637e-14,5.6646637e-14,-5.6671518e-14,-5.6671518e-14,3.7058865e-19,3.7058865e-19,-3.2467708e-19,-3.2467708e-19,-5.8216654e-07,-5.8216654e-07,1.7960211e-18,1.7960211e-18,1.1172156e-18,1.1172156e-18,2.8348893e-19,2.8348893e-19,8.0723484e-07,8.0723484e-07,7.7609696e-34,7.7609696e-34
-0.0004343045,-0.0004343045,0.0004343045,0.0004343045,-3.3855839e-15,-3.3855839e-15,-1.8120852e-15,-1.8120852e-15,0.0004343045,0.0004343045,-6.3590332e-05,-6.3590332e-05,-7.651922e-05,-7.651922e-05,-6.3008859e-05,-6.3008859e-05,-7.651922e-05,-7.651922e-05,7.5823636e-05,7.5823636e-05,1.9377382e-15,1.9377382e-15,4.706331e-06,4.706331e-06,4.706331e-06,4.706331e-06,6.1403078e-18,6.1403078e-18,-0.00043360892,-0.00043360892,-7.651922e-05,-7.651922e-05,-0.00043360892,-0.00043360892,-7.651922e-05,-7.651922e-05,2.1683655e-16,2.1683655e-16,-1.0670368e-16,-1.0670368e-16,-0.00051012814,-0.00051012814,1.1050875e-16,1.1050875e-16,-0.00050957508,-0.00050957508,1.9101108e-16,1.9101108e-16,-6.9558461e-07,-6.9558461e-07,7.651922e-05,7.651922e-05,-6.9558461e-07,-6.9558461e-07,7.651922e-05,7.651922e-05,7.5823636e-05,7.5823636e-05,1.9375565e-15,1.9375565e-15,-0.0004343045,-0.0004343045,-0.0004343045,-0.0004343045,-7.651922e-05,-7.651922e-05,-8.169032e-07,-8.169032e-07,3.2811174e-18,3.2811174e-18,1.568777e-08,1.568777e-08,-8.3259097e-07,-8.3259097e-07,-5.0497813e-06,-5.0497813e-06,1.9401591e-15,1.9401591e-15,0.018781937,0.018781937,1.2306436e-13,1.2306436e-13,0.023902799,0.023902799,6.1972543e-14,6.1972543e-14,-0.0004343045,-0.0004343045,0.00051012814,0.00051012814,-8.68609e-05,-8.68609e-05,4.099306e-16,4.099306e-16,5.6697819e-14,5.6697819e-14,-5.6722454e-14,-5.6722454e-14,3.6675581e-19,3.6675581e-19,-3.2142308e-19,-3.2142308e-19,-5.5305822e-07,-5.5305822e-07,1.7770342e-18,1.7770342e-18,1.1057939e-18,1.1057939e-18,2.807693e-19,2.807693e-19,7.9952585e-07,7.9952585e-07,7.5970729e-34,7.5970729e-34
-0.0004296217,-0.0004296217,0.0004296217,0.0004296217,-3.3917639e-15,-3.3917639e-15,-1.8132184e-15,-1.8132184e-15,0.0004296217,0.0004296217,-6.289078e-05,-6.289078e-05,-7.5695583e-05,-7.5695583e-05,-6.2314862e-05,-6.2314862e-05,-7.5695583e-05,-7.5695583e-05,7.5015517e-05,7.5015517e-05,1.9391654e-15,1.9391654e-15,4.655719e-06,4.655719e-06,4.655719e-06,4.655719e-06,6.0754834e-18,6.0754834e-18,-0.00042894164,-0.00042894164,-7.5695583e-05,-7.5695583e-05,-0.00042894164,-0.00042894164,-7.5695583e-05,-7.5695583e-05,2.1754713e-16,2.1754713e-16,-1.0695463e-16,-1.0695463e-16,-0.00050463722,-0.00050463722,1.1096433e-16,1.1096433e-16,-0.00050411181,-0.00050411181,1.9062e-16,1.9062e-16,-6.8006555e-07,-6.8006555e-07,7.5695583e-05,7.5695583e-05,-6.8006555e-07,-6.8006555e-07,7.5695583e-05,7.5695583e-05,7.5015517e-05,7.5015517e-05,1.9389857e-15,1.9389857e-15,-0.0004296217,-0.0004296217,-0.0004296217,-0.0004296217,-7.5695583e-05,-7.5695583e-05,-8.0811863e-07,-8.0811863e-07,3.2463451e-18,3.2463451e-18,1.5519063e-08,1.5519063e-08,-8.236377e-07,-8.236377e-07,-4.9882274e-06,-4.9882274e-06,1.94156e-15,1.94156e-15,0.018587847,0.018587847,1.2315428e-13,1.2315428e-13,0.023649774,0.023649774,6.2018431e-14,6.2018431e-14,-0.0004296217,-0.0004296217,0.00050463722,0.00050463722,-8.592434e-05,-8.592434e-05,4.1030446e-16,4.1030446e-16,5.674848e-14,5.674848e-14,-5.6772871e-14,-5.6772871e-14,3.6296166e-19,3.6296166e-19,-3.1820627e-19,-3.1820627e-19,-5.254053e-07,-5.254053e-07,1.7581723e-18,1.7581723e-18,1.0945e-18,1.0945e-18,2.7808224e-19,2.7808224e-19,7.9188618e-07,7.9188618e-07,7.4366995e-34,7.4366995e-34
-0.00042498926,-0.00042498926,0.00042498926,0.00042498926,-3.3978896e-15,-3.3978896e-15,-1.8143393e-15,-1.8143393e-15,0.00042498926,0.00042498926,-6.219953e-05,-6.219953e-05,-7.4880802e-05,-7.4880802e-05,-6.1629118e-05,-6.1629118e-05,-7.4880802e-05,-7.4880802e-05,7.4216089e-05,7.4216089e-05,1.9405772e-15,1.9405772e-15,4.6056489e-06,4.6056489e-06,4.6056489e-06,4.6056489e-06,6.0113684e-18,6.0113684e-18,-0.00042432455,-0.00042432455,-7.4880802e-05,-7.4880802e-05,-0.00042432455,-0.00042432455,-7.4880802e-05,-7.4880802e-05,2.182502e-16,2.182502e-16,-1.07203e-16,-1.07203e-16,-0.00049920535,-0.00049920535,1.1141505e-16,1.1141505e-16,-0.00049870621,-0.00049870621,1.9023328e-16,1.9023328e-16,-6.6471339e-07,-6.6471339e-07,7.4880802e-05,7.4880802e-05,-6.6471339e-07,-6.6471339e-07,7.4880802e-05,7.4880802e-05,7.4216089e-05,7.4216089e-05,1.9403995e-15,1.9403995e-15,-0.00042498926,-0.00042498926,-0.00042498926,-0.00042498926,-7.4880802e-05,-7.4880802e-05,-7.9942811e-07,-7.9942811e-07,3.2119541e-18,3.2119541e-18,1.5352163e-08,1.5352163e-08,-8.1478027e-07,-8.1478027e-07,-4.9272938e-06,-4.9272938e-06,1.942946e-15,1.942946e-15,0.01839587,0.01839587,1.2324325e-13,1.2324325e-13,0.023399472,0.023399472,6.2063827e-14,6.2063827e-14,-0.00042498926,-0.00042498926,0.00049920535,0.00049920535,-8.4997852e-05,-8.4997852e-05,4.106743e-16,4.106743e-16,5.6798627e-14,5.6798627e-14,-5.6822776e-14,-5.6822776e-14,3.5920582e-19,3.5920582e-19,-3.1502614e-19,-3.1502614e-19,-4.9913504e-07,-4.9913504e-07,1.7394377e-18,1.7394377e-18,1.0833323e-18,1.0833323e-18,2.7542726e-19,2.7542726e-19,7.843153e-07,7.843153e-07,7.2797717e-34,7.2797717e-34
-0.00042040664,-0.00042040664,0.00042040664,0.00042040664,-3.4038527e-15,-3.4038527e-15,-1.815448e-15,-1.815448e-15,0.00042040664,0.00042040664,-6.1516454e-05,-6.1516454e-05,-7.4074785e-05,-7.4074785e-05,-6.0951499e-05,-6.0951499e-05,-7.4074785e-05,-7.4074785e-05,7.3425258e-05,7.3425258e-05,1.9419739e-15,1.9419739e-15,4.5561152e-06,4.5561152e-06,4.5561152e-06,4.5561152e-06,5.9479547e-18,5.9479547e-18,-0.00041975711,-0.00041975711,-7.4074785e-05,-7.4074785e-05,-0.00041975711,-0.00041975711,-7.4074785e-05,-7.4074785e-05,2.1894584e-16,2.1894584e-16,-1.074488e-16,-1.074488e-16,-0.0004938319,-0.0004938319,1.1186095e-16,1.1186095e-16,-0.00049335772,-0.00049335772,1.8985085e-16,1.8985085e-16,-6.4952633e-07,-6.4952633e-07,7.4074785e-05,7.4074785e-05,-6.4952633e-07,-6.4952633e-07,7.4074785e-05,7.4074785e-05,7.3425258e-05,7.3425258e-05,1.9417982e-15,1.9417982e-15,-0.00042040664,-0.00042040664,-0.00042040664,-0.00042040664,-7.4074785e-05,-7.4074785e-05,-7.9083065e-07,-7.9083065e-07,3.1779401e-18,3.1779401e-18,1.5187051e-08,1.5187051e-08,-8.060177e-07,-8.060177e-07,-4.866976e-06,-4.866976e-06,1.944317e-15,1.944317e-15,0.018205983,0.018205983,1.2333125e-13,1.2333125e-13,0.023151864,0.023151864,6.2108736e-14,6.2108736e-14,-0.00042040664,-0.00042040664,0.0004938319,0.0004938319,-8.4081328e-05,-8.4081328e-05,4.1104018e-16,4.1104018e-16,5.6848263e-14,5.6848263e-14,-5.6872173e-14,-5.6872173e-14,3.5548796e-19,3.5548796e-19,-3.1188219e-19,-3.1188219e-19,-4.7417829e-07,-4.7417829e-07,1.7208323e-18,1.7208323e-18,1.0722891e-18,1.0722891e-18,2.7280384e-19,2.7280384e-19,7.7681269e-07,7.7681269e-07,7.1262138e-34,7.1262138e-34
-0.00041587331,-0.00041587331,0.00041587331,0.00041587331,-3.4097616e-15,-3.4097616e-15,-1.8165447e-15,-1.8165447e-15,0.00041587331,0.00041587331,-6.0841427e-05,-6.0841427e-05,-7.3277436e-05,-7.3277436e-05,-6.028188e-05,-6.028188e-05,-7.3277436e-05,-7.3277436e-05,7.2642933e-05,7.2642933e-05,1.9433555e-15,1.9433555e-15,4.5071121e-06,4.5071121e-06,4.5071121e-06,4.5071121e-06,5.8852341e-18,5.8852341e-18,-0.0004152388,-0.0004152388,-7.3277436e-05,-7.3277436e-05,-0.0004152388,-0.0004152388,-7.3277436e-05,-7.3277436e-05,2.1963414e-16,2.1963414e-16,-1.0769206e-16,-1.0769206e-16,-0.00048851624,-0.00048851624,1.1230208e-16,1.1230208e-16,-0.00048806577,-0.00048806577,1.8947268e-16,1.8947268e-16,-6.3450263e-07,-6.3450263e-07,7.3277436e-05,7.3277436e-05,-6.3450263e-07,-6.3450263e-07,7.3277436e-05,7.3277436e-05,7.2642933e-05,7.2642933e-05,1.9431817e-15,1.9431817e-15,-0.00041587331,-0.00041587331,-0.00041587331,-0.00041587331,-7.3277436e-05,-7.3277436e-05,-7.8232528e-07,-7.8232528e-07,3.1442986e-18,3.1442986e-18,1.5023707e-08,1.5023707e-08,-7.9734898e-07,-7.9734898e-07,-4.8072693e-06,-4.8072693e-06,1.9456733e-15,1.9456733e-15,0.018018162,0.018018162,1.2341832e-13,1.2341832e-13,0.02290692,0.02290692,6.2153163e-14,6.2153163e-14,-0.00041587331,-0.00041587331,0.00048851624,0.00048851624,-8.3174661e-05,-8.3174661e-05,4.1140214e-16,4.1140214e-16,5.6897396e-14,5.6897396e-14,-5.6921068e-14,-5.6921068e-14,3.5180772e-19,3.5180772e-19,-3.0877394e-19,-3.0877394e-19,-4.5046937e-07,-4.5046937e-07,1.7023581e-18,1.7023581e-18,1.061369e-18,1.061369e-18,2.7021149e-19,2.7021149e-19,7.6937781e-07,7.6937781e-07,6.9759516e-34,6.9759516e-34
-0.00041138873,-0.00041138873,0.00041138873,0.00041138873,-3.4156163e-15,-3.4156163e-15,-1.8176294e-15,-1.8176294e-15,0.00041138873,0.00041138873,-6.0174328e-05,-6.0174328e-05,-7.2488663e-05,-7.2488663e-05,-5.9620139e-05,-5.9620139e-05,-7.2488663e-05,-7.2488663e-05,7.1869022e-05,7.1869022e-05,1.9447223e-15,1.9447223e-15,4.4586341e-06,4.4586341e-06,4.4586341e-06,4.4586341e-06,5.8231988e-18,5.8231988e-18,-0.00041076909,-0.00041076909,-7.2488663e-05,-7.2488663e-05,-0.00041076909,-0.00041076909,-7.2488663e-05,-7.2488663e-05,2.2031518e-16,2.2031518e-16,-1.0793281e-16,-1.0793281e-16,-0.00048325775,-0.00048325775,1.127385e-16,1.127385e-16,-0.00048282981,-0.00048282981,1.8909871e-16,1.8909871e-16,-6.1964051e-07,-6.1964051e-07,7.2488663e-05,7.2488663e-05,-6.1964051e-07,-6.1964051e-07,7.2488663e-05,7.2488663e-05,7.1869022e-05,7.1869022e-05,1.9445505e-15,1.9445505e-15,-0.00041138873,-0.00041138873,-0.00041138873,-0.00041138873,-7.2488663e-05,-7.2488663e-05,-7.7391102e-07,-7.7391102e-07,3.1110253e-18,3.1110253e-18,1.4862114e-08,1.4862114e-08,-7.8877314e-07,-7.8877314e-07,-4.748169e-06,-4.748169e-06,1.9470151e-15,1.9470151e-15,0.017832383,0.017832383,1.2350445e-13,1.2350445e-13,0.022664613,0.022664613,6.2197114e-14,6.2197114e-14,-0.00041138873,-0.00041138873,0.00048325775,0.00048325775,-8.2277746e-05,-8.2277746e-05,4.1176021e-16,4.1176021e-16,5.694603e-14,5.694603e-14,-5.6969466e-14,-5.6969466e-14,3.4816474e-19,3.4816474e-19,-3.057009e-19,-3.057009e-19,-4.279459e-07,-4.279459e-07,1.6840168e-18,1.6840168e-18,1.0505704e-18,1.0505704e-18,2.6764975e-19,2.6764975e-19,7.6201015e-07,7.6201015e-07,6.8289126e-34,6.8289126e-34
-0.00040695239,-0.00040695239,0.00040695239,0.00040695239,-3.4215252e-15,-3.4215252e-15,-1.8187024e-15,-1.8187024e-15,0.00040695239,0.00040695239,-5.9515039e-05,-5.9515039e-05,-7.1708373e-05,-7.1708373e-05,-5.8966159e-05,-5.8966159e-05,-7.1708373e-05,-7.1708373e-05,7.1103435e-05,7.1103435e-05,1.9460744e-15,1.9460744e-15,4.4106757e-06,4.4106757e-06,4.4106757e-06,4.4106757e-06,5.7618408e-18,5.7618408e-18,-0.00040634745,-0.00040634745,-7.1708373e-05,-7.1708373e-05,-0.00040634745,-0.00040634745,-7.1708373e-05,-7.1708373e-05,2.2098902e-16,2.2098902e-16,-1.0817107e-16,-1.0817107e-16,-0.00047805582,-0.00047805582,1.1317027e-16,1.1317027e-16,-0.00047764927,-0.00047764927,1.887289e-16,1.887289e-16,-6.0493826e-07,-6.0493826e-07,7.1708373e-05,7.1708373e-05,-6.0493826e-07,-6.0493826e-07,7.1708373e-05,7.1708373e-05,7.1103435e-05,7.1103435e-05,1.9459045e-15,1.9459045e-15,-0.00040695239,-0.00040695239,-0.00040695239,-0.00040695239,-7.1708373e-05,-7.1708373e-05,-7.6558693e-07,-7.6558693e-07,3.0781161e-18,3.0781161e-18,1.4702252e-08,1.4702252e-08,-7.8028918e-07,-7.8028918e-07,-4.6896706e-06,-4.6896706e-06,1.9483425e-15,1.9483425e-15,0.017648623,0.017648623,1.2358965e-13,1.2358965e-13,0.022424913,0.022424913,6.2240593e-14,6.2240593e-14,-0.00040695239,-0.00040695239,0.00047805582,0.00047805582,-8.1390478e-05,-8.1390478e-05,4.1211445e-16,4.1211445e-16,5.6994171e-14,5.6994171e-14,-5.7017374e-14,-5.7017374e-14,3.4455869e-19,3.4455869e-19,-3.0266263e-19,-3.0266263e-19,-4.0654861e-07,-4.0654861e-07,1.66581e-18,1.66581e-18,1.0398917e-18,1.0398917e-18,2.6511814e-19,2.6511814e-19,7.547092e-07,7.547092e-07,6.6850262e-34,6.6850262e-34
-0.00040256377,-0.00040256377,0.00040256377,0.00040256377,-3.4273257e-15,-3.4273257e-15,-1.8197638e-15,-1.8197638e-15,0.00040256377,0.00040256377,-5.8863442e-05,-5.8863442e-05,-7.0936477e-05,-7.0936477e-05,-5.8319824e-05,-5.8319824e-05,-7.0936477e-05,-7.0936477e-05,7.0346083e-05,7.0346083e-05,1.947412e-15,1.947412e-15,4.3632313e-06,4.3632313e-06,4.3632313e-06,4.3632313e-06,5.7011526e-18,5.7011526e-18,-0.00040197337,-0.00040197337,-7.0936477e-05,-7.0936477e-05,-0.00040197337,-0.00040197337,-7.0936477e-05,-7.0936477e-05,2.2165576e-16,2.2165576e-16,-1.0840686e-16,-1.0840686e-16,-0.00047290985,-0.00047290985,1.1359743e-16,1.1359743e-16,-0.00047252363,-0.00047252363,1.883632e-16,1.883632e-16,-5.9039416e-07,-5.9039416e-07,7.0936477e-05,7.0936477e-05,-5.9039416e-07,-5.9039416e-07,7.0936477e-05,7.0936477e-05,7.0346083e-05,7.0346083e-05,1.947244e-15,1.947244e-15,-0.00040256377,-0.00040256377,-0.00040256377,-0.00040256377,-7.0936477e-05,-7.0936477e-05,-7.5735204e-07,-7.5735204e-07,3.0455666e-18,3.0455666e-18,1.4544104e-08,1.4544104e-08,-7.7189615e-07,-7.7189615e-07,-4.6317691e-06,-4.6317691e-06,1.9496556e-15,1.9496556e-15,0.017466861,0.017466861,1.2367394e-13,1.2367394e-13,0.022187793,0.022187793,6.2283607e-14,6.2283607e-14,-0.00040256377,-0.00040256377,0.00047290985,0.00047290985,-8.0512753e-05,-8.0512753e-05,4.124649e-16,4.124649e-16,5.7041823e-14,5.7041823e-14,-5.7064795e-14,-5.7064795e-14,3.4098922e-19,3.4098922e-19,-2.9965864e-19,-2.9965864e-19,-3.8622118e-07,-3.8622118e-07,1.6477389e-18,1.6477389e-18,1.0293316e-18,1.0293316e-18,2.6261622e-19,2.6261622e-19,7.4747442e-07,7.4747442e-07,6.5442232e-34,6.5442232e-34
-0.00039822235,-0.00039822235,0.00039822235,0.00039822235,-3.4329093e-15,-3.4329093e-15,-1.8208137e-15,-1.8208137e-15,0.00039822235,0.00039822235,-5.8219426e-05,-5.8219426e-05,-7.0172884e-05,-7.0172884e-05,-5.7681022e-05,-5.7681022e-05,-7.0172884e-05,-7.0172884e-05,6.9596878e-05,6.9596878e-05,1.9487352e-15,1.9487352e-15,4.3162956e-06,4.3162956e-06,4.3162956e-06,4.3162956e-06,5.6411264e-18,5.6411264e-18,-0.00039764634,-0.00039764634,-7.0172884e-05,-7.0172884e-05,-0.00039764634,-0.00039764634,-7.0172884e-05,-7.0172884e-05,2.2231546e-16,2.2231546e-16,-1.0864022e-16,-1.0864022e-16,-0.00046781923,-0.00046781923,1.1402004e-16,1.1402004e-16,-0.00046745232,-0.00046745232,1.8800156e-16,1.8800156e-16,-5.7600651e-07,-5.7600651e-07,7.0172884e-05,7.0172884e-05,-5.7600651e-07,-5.7600651e-07,7.0172884e-05,7.0172884e-05,6.9596878e-05,6.9596878e-05,1.9485691e-15,1.9485691e-15,-0.00039822235,-0.00039822235,-0.00039822235,-0.00039822235,-7.0172884e-05,-7.0172884e-05,-7.4920543e-07,-7.4920543e-07,3.0133729e-18,3.0133729e-18,1.4387652e-08,1.4387652e-08,-7.6359308e-07,-7.6359308e-07,-4.5744598e-06,-4.5744598e-06,1.9509547e-15,1.9509547e-15,0.017287072,0.017287072,1.2375733e-13,1.2375733e-13,0.021953225,0.021953225,6.232616e-14,6.232616e-14,-0.00039822235,-0.00039822235,0.00046781923,0.00046781923,-7.964447e-05,-7.964447e-05,4.1281159e-16,4.1281159e-16,5.7088993e-14,5.7088993e-14,-5.7111736e-14,-5.7111736e-14,3.3745598e-19,3.3745598e-19,-2.9668851e-19,-2.9668851e-19,-3.6691012e-07,-3.6691012e-07,1.629805e-18,1.629805e-18,1.0188885e-18,1.0188885e-18,2.6014353e-19,2.6014353e-19,7.4030531e-07,7.4030531e-07,6.4064361e-34,6.4064361e-34
-0.00039392764,-0.00039392764,0.00039392764,0.00039392764,-3.4385472e-15,-3.4385472e-15,-1.8218522e-15,-1.8218522e-15,0.00039392764,0.00039392764,-5.758288e-05,-5.758288e-05,-6.9417505e-05,-6.9417505e-05,-5.7049642e-05,-5.7049642e-05,-6.9417505e-05,-6.9417505e-05,6.8855732e-05,6.8855732e-05,1.9500442e-15,1.9500442e-15,4.2698631e-06,4.2698631e-06,4.2698631e-06,4.2698631e-06,5.5817548e-18,5.5817548e-18,-0.00039336586,-0.00039336586,-6.9417505e-05,-6.9417505e-05,-0.00039336586,-0.00039336586,-6.9417505e-05,-6.9417505e-05,2.229682e-16,2.229682e-16,-1.0887116e-16,-1.0887116e-16,-0.00046278337,-0.00046278337,1.1443814e-16,1.1443814e-16,-0.0004624348,-0.0004624348,1.8764394e-16,1.8764394e-16,-5.6177363e-07,-5.6177363e-07,6.9417505e-05,6.9417505e-05,-5.6177363e-07,-5.6177363e-07,6.9417505e-05,6.9417505e-05,6.8855732e-05,6.8855732e-05,1.94988e-15,1.94988e-15,-0.00039392764,-0.00039392764,-0.00039392764,-0.00039392764,-6.9417505e-05,-6.9417505e-05,-7.4114616e-07,-7.4114616e-07,2.9815309e-18,2.9815309e-18,1.4232877e-08,1.4232877e-08,-7.5537903e-07,-7.5537903e-07,-4.517738e-06,-4.517738e-06,1.9522398e-15,1.9522398e-15,0.017109236,0.017109236,1.2383983e-13,1.2383983e-13,0.021721182,0.021721182,6.2368256e-14,6.2368256e-14,-0.00039392764,-0.00039392764,0.00046278337,0.00046278337,-7.8785527e-05,-7.8785527e-05,4.1315457e-16,4.1315457e-16,5.7135686e-14,5.7135686e-14,-5.7158202e-14,-5.7158202e-14,3.3395865e-19,3.3395865e-19,-2.9375178e-19,-2.9375178e-19,-3.4856461e-07,-3.4856461e-07,1.6120093e-18,1.6120093e-18,1.0085611e-18,1.0085611e-18,2.5769967e-19,2.5769967e-19,7.3320135e-07,7.3320135e-07,6.2715989e-34,6.2715989e-34
-0.00038967912,-0.00038967912,0.00038967912,0.00038967912,-3.4442393e-15,-3.4442393e-15,-1.8228795e-15,-1.8228795e-15,0.00038967912,0.00038967912,-5.6953696e-05,-5.6953696e-05,-6.8670252e-05,-6.8670252e-05,-5.6425578e-05,-5.6425578e-05,-6.8670252e-05,-6.8670252e-05,6.8122558e-05,6.8122558e-05,1.9513392e-15,1.9513392e-15,4.2239286e-06,4.2239286e-06,4.2239286e-06,4.2239286e-06,5.5230303e-18,5.5230303e-18,-0.00038913143,-0.00038913143,-6.8670252e-05,-6.8670252e-05,-0.00038913143,-0.00038913143,-6.8670252e-05,-6.8670252e-05,2.2361407e-16,2.2361407e-16,-1.0909972e-16,-1.0909972e-16,-0.00045780168,-0.00045780168,1.1485179e-16,1.1485179e-16,-0.00045747054,-0.00045747054,1.8729029e-16,1.8729029e-16,-5.4769387e-07,-5.4769387e-07,6.8670252e-05,6.8670252e-05,-5.4769387e-07,-5.4769387e-07,6.8670252e-05,6.8670252e-05,6.8122558e-05,6.8122558e-05,1.9511769e-15,1.9511769e-15,-0.00038967912,-0.00038967912,-0.00038967912,-0.00038967912,-6.8670252e-05,-6.8670252e-05,-7.331733e-07,-7.331733e-07,2.9500364e-18,2.9500364e-18,1.4079762e-08,1.4079762e-08,-7.4725307e-07,-7.4725307e-07,-4.4615987e-06,-4.4615987e-06,1.9535112e-15,1.9535112e-15,0.01693333,0.01693333,1.2392144e-13,1.2392144e-13,0.021491636,0.021491636,6.2409903e-14,6.2409903e-14,-0.00038967912,-0.00038967912,0.00045780168,0.00045780168,-7.7935825e-05,-7.7935825e-05,4.1349388e-16,4.1349388e-16,5.7181906e-14,5.7181906e-14,-5.7204197e-14,-5.7204197e-14,3.3049687e-19,3.3049687e-19,-2.9084803e-19,-2.9084803e-19,-3.3113638e-07,-3.3113638e-07,1.5943527e-18,1.5943527e-18,9.9834792e-19,9.9834792e-19,2.5528419e-19,2.5528419e-19,7.2616203e-07,7.2616203e-07,6.1396472e-34,6.1396472e-34
-0.00038547631,-0.00038547631,0.00038547631,0.00038547631,-3.4496061e-15,-3.4496061e-15,-1.8238956e-15,-1.8238956e-15,0.00038547631,0.00038547631,-5.633177e-05,-5.633177e-05,-6.7931038e-05,-6.7931038e-05,-5.5808725e-05,-5.5808725e-05,-6.7931038e-05,-6.7931038e-05,6.7397272e-05,6.7397272e-05,1.9526203e-15,1.9526203e-15,4.1784869e-06,4.1784869e-06,4.1784869e-06,4.1784869e-06,5.4649456e-18,5.4649456e-18,-0.00038494255,-0.00038494255,-6.7931038e-05,-6.7931038e-05,-0.00038494255,-0.00038494255,-6.7931038e-05,-6.7931038e-05,2.2425312e-16,2.2425312e-16,-1.0932591e-16,-1.0932591e-16,-0.00045287359,-0.00045287359,1.1526103e-16,1.1526103e-16,-0.00045255901,-0.00045255901,1.8694057e-16,1.8694057e-16,-5.3376558e-07,-5.3376558e-07,6.7931038e-05,6.7931038e-05,-5.3376558e-07,-5.3376558e-07,6.7931038e-05,6.7931038e-05,6.7397272e-05,6.7397272e-05,1.9524598e-15,1.9524598e-15,-0.00038547631,-0.00038547631,-0.00038547631,-0.00038547631,-6.7931038e-05,-6.7931038e-05,-7.2528595e-07,-7.2528595e-07,2.9188857e-18,2.9188857e-18,1.392829e-08,1.392829e-08,-7.3921424e-07,-7.3921424e-07,-4.4060371e-06,-4.4060371e-06,1.954769e-15,1.954769e-15,0.016759333,0.016759333,1.2400218e-13,1.2400218e-13,0.021264561,0.021264561,6.2451103e-14,6.2451103e-14,-0.00038547631,-0.00038547631,0.00045287359,0.00045287359,-7.7095263e-05,-7.7095263e-05,4.1382956e-16,4.1382956e-16,5.7227659e-14,5.7227659e-14,-5.7249727e-14,-5.7249727e-14,3.2707033e-19,3.2707033e-19,-2.8797683e-19,-2.8797683e-19,-3.1457956e-07,-3.1457956e-07,1.5768363e-18,1.5768363e-18,9.8824756e-19,9.8824756e-19,2.528967e-19,2.528967e-19,7.1918684e-07,7.1918684e-07,6.0105178e-34,6.0105178e-34
-0.00038131872,-0.00038131872,0.00038131872,0.00038131872,-3.4551355e-15,-3.4551355e-15,-1.8249008e-15,-1.8249008e-15,0.00038131872,0.00038131872,-5.5716999e-05,-5.5716999e-05,-6.7199776e-05,-6.7199776e-05,-5.5198981e-05,-5.5198981e-05,-6.7199776e-05,-6.7199776e-05,6.6679789e-05,6.6679789e-05,1.9538877e-15,1.9538877e-15,4.1335326e-06,4.1335326e-06,4.1335326e-06,4.1335326e-06,5.4074934e-18,5.4074934e-18,-0.00038079873,-0.00038079873,-6.7199776e-05,-6.7199776e-05,-0.00038079873,-0.00038079873,-6.7199776e-05,-6.7199776e-05,2.2488543e-16,2.2488543e-16,-1.0954976e-16,-1.0954976e-16,-0.00044799851,-0.00044799851,1.1566592e-16,1.1566592e-16,-0.00044769966,-0.00044769966,1.8659472e-16,1.8659472e-16,-5.1998713e-07,-5.1998713e-07,6.7199776e-05,6.7199776e-05,-5.1998713e-07,-5.1998713e-07,6.7199776e-05,6.7199776e-05,6.6679789e-05,6.6679789e-05,1.953729e-15,1.953729e-15,-0.00038131872,-0.00038131872,-0.00038131872,-0.00038131872,-6.7199776e-05,-6.7199776e-05,-7.1748321e-07,-7.1748321e-07,2.8880747e-18,2.8880747e-18,1.3778442e-08,1.3778442e-08,-7.3126165e-07,-7.3126165e-07,-4.3510483e-06,-4.3510483e-06,1.9560132e-15,1.9560132e-15,0.016587223,0.016587223,1.2408205e-13,1.2408205e-13,0.021039929,0.021039929,6.2491863e-14,6.2491863e-14,-0.00038131872,-0.00038131872,0.00044799851,0.00044799851,-7.6263744e-05,-7.6263744e-05,4.1416164e-16,4.1416164e-16,5.7272949e-14,5.7272949e-14,-5.7294796e-14,-5.7294796e-14,3.2367867e-19,3.2367867e-19,-2.8513777e-19,-2.8513777e-19,-2.9885059e-07,-2.9885059e-07,1.5594607e-18,1.5594607e-18,9.7825869e-19,9.7825869e-19,2.505368e-19,2.505368e-19,7.1227527e-07,7.1227527e-07,5.8841493e-34,5.8841493e-34
-0.00037720585,-0.00037720585,0.00037720585,0.00037720585,-3.4605023e-15,-3.4605023e-15,-1.8258951e-15,-1.8258951e-15,0.00037720585,0.00037720585,-5.5109283e-05,-5.5109283e-05,-6.6476382e-05,-6.6476382e-05,-5.4596246e-05,-5.4596246e-05,-6.6476382e-05,-6.6476382e-05,6.5970025e-05,6.5970025e-05,1.9551415e-15,1.9551415e-15,4.0890607e-06,4.0890607e-06,4.0890607e-06,4.0890607e-06,5.3506667e-18,5.3506667e-18,-0.0003766995,-0.0003766995,-6.6476382e-05,-6.6476382e-05,-0.0003766995,-0.0003766995,-6.6476382e-05,-6.6476382e-05,2.2551109e-16,2.2551109e-16,-1.0977129e-16,-1.0977129e-16,-0.00044317588,-0.00044317588,1.1606649e-16,1.1606649e-16,-0.00044289197,-0.00044289197,1.8625272e-16,1.8625272e-16,-5.0635693e-07,-5.0635693e-07,6.6476382e-05,6.6476382e-05,-5.0635693e-07,-5.0635693e-07,6.6476382e-05,6.6476382e-05,6.5970025e-05,6.5970025e-05,1.9549846e-15,1.9549846e-15,-0.00037720585,-0.00037720585,-0.00037720585,-0.00037720585,-6.6476382e-05,-6.6476382e-05,-7.0976417e-07,-7.0976417e-07,2.8575996e-18,2.8575996e-18,1.3630202e-08,1.3630202e-08,-7.2339437e-07,-7.2339437e-07,-4.2966274e-06,-4.2966274e-06,1.9572442e-15,1.9572442e-15,0.01641698,0.01641698,1.2416107e-13,1.2416107e-13,0.020817716,0.020817716,6.2532187e-14,6.2532187e-14,-0.00037720585,-0.00037720585,0.00044317588,0.00044317588,-7.5441171e-05,-7.5441171e-05,4.1449018e-16,4.1449018e-16,5.7317782e-14,5.7317782e-14,-5.7339411e-14,-5.7339411e-14,3.2032159e-19,3.2032159e-19,-2.8233044e-19,-2.8233044e-19,-2.8390806e-07,-2.8390806e-07,1.5422266e-18,1.5422266e-18,9.6837996e-19,9.6837996e-19,2.4820408e-19,2.4820408e-19,7.0542681e-07,7.0542681e-07,5.7604815e-34,5.7604815e-34
-0.00037313724,-0.00037313724,0.00037313724,0.00037313724,-3.4658149e-15,-3.4658149e-15,-1.8268786e-15,-1.8268786e-15,0.00037313724,0.00037313724,-5.4508524e-05,-5.4508524e-05,-6.576077e-05,-6.576077e-05,-5.4000421e-05,-5.4000421e-05,-6.576077e-05,-6.576077e-05,6.5267897e-05,6.5267897e-05,1.9563819e-15,1.9563819e-15,4.045066e-06,4.045066e-06,4.045066e-06,4.045066e-06,5.2944583e-18,5.2944583e-18,-0.00037264437,-0.00037264437,-6.576077e-05,-6.576077e-05,-0.00037264437,-0.00037264437,-6.576077e-05,-6.576077e-05,2.2613015e-16,2.2613015e-16,-1.0999054e-16,-1.0999054e-16,-0.00043840514,-0.00043840514,1.1646281e-16,1.1646281e-16,-0.00043813542,-0.00043813542,1.8591452e-16,1.8591452e-16,-4.9287338e-07,-4.9287338e-07,6.576077e-05,6.576077e-05,-4.9287338e-07,-4.9287338e-07,6.576077e-05,6.576077e-05,6.5267897e-05,6.5267897e-05,1.9562267e-15,1.9562267e-15,-0.00037313724,-0.00037313724,-0.00037313724,-0.00037313724,-6.576077e-05,-6.576077e-05,-7.0212794e-07,-7.0212794e-07,2.8274566e-18,2.8274566e-18,1.3483553e-08,1.3483553e-08,-7.156115e-07,-7.156115e-07,-4.2427695e-06,-4.2427695e-06,1.958462e-15,1.958462e-15,0.016248582,0.016248582,1.2423924e-13,1.2423924e-13,0.020597894,0.020597894,6.2572079e-14,6.2572079e-14,-0.00037313724,-0.00037313724,0.00043840514,0.00043840514,-7.4627448e-05,-7.4627448e-05,4.1481521e-16,4.1481521e-16,5.7362163e-14,5.7362163e-14,-5.7383575e-14,-5.7383575e-14,3.1699874e-19,3.1699874e-19,-2.7955444e-19,-2.7955444e-19,-2.6971265e-07,-2.6971265e-07,1.5251345e-18,1.5251345e-18,9.5861007e-19,9.5861007e-19,2.4589818e-19,2.4589818e-19,6.9864098e-07,6.9864098e-07,5.6394554e-34,5.6394554e-34
-0.0003691124,-0.0003691124,0.0003691124,0.0003691124,-3.4711817e-15,-3.4711817e-15,-1.8278515e-15,-1.8278515e-15,0.0003691124,0.0003691124,-5.3914625e-05,-5.3914625e-05,-6.5052858e-05,-6.5052858e-05,-5.3411413e-05,-5.3411413e-05,-6.5052858e-05,-6.5052858e-05,6.4573323e-05,6.4573323e-05,1.957609e-15,1.957609e-15,4.0015434e-06,4.0015434e-06,4.0015434e-06,4.0015434e-06,5.2388614e-18,5.2388614e-18,-0.00036863286,-0.00036863286,-6.5052858e-05,-6.5052858e-05,-0.00036863286,-0.00036863286,-6.5052858e-05,-6.5052858e-05,2.2674269e-16,2.2674269e-16,-1.1020751e-16,-1.1020751e-16,-0.00043368572,-0.00043368572,1.1685492e-16,1.1685492e-16,-0.00043342949,-0.00043342949,1.8558006e-16,1.8558006e-16,-4.795349e-07,-4.795349e-07,6.5052858e-05,6.5052858e-05,-4.795349e-07,-4.795349e-07,6.5052858e-05,6.5052858e-05,6.4573323e-05,6.4573323e-05,1.9574556e-15,1.9574556e-15,-0.0003691124,-0.0003691124,-0.0003691124,-0.0003691124,-6.5052858e-05,-6.5052858e-05,-6.9457367e-07,-6.9457367e-07,2.797642e-18,2.797642e-18,1.3338478e-08,1.3338478e-08,-7.0791215e-07,-7.0791215e-07,-4.1894697e-06,-4.1894697e-06,1.9596668e-15,1.9596668e-15,0.016082009,0.016082009,1.2431658e-13,1.2431658e-13,0.020380438,0.020380438,6.2611545e-14,6.2611545e-14,-0.0003691124,-0.0003691124,0.00043368572,0.00043368572,-7.382248e-05,-7.382248e-05,4.1513677e-16,4.1513677e-16,5.7406096e-14,5.7406096e-14,-5.7427293e-14,-5.7427293e-14,3.1370981e-19,3.1370981e-19,-2.7680938e-19,-2.7680938e-19,-2.5622702e-07,-2.5622702e-07,1.508185e-18,1.508185e-18,9.4894772e-19,9.4894772e-19,2.4361871e-19,2.4361871e-19,6.9191725e-07,6.9191725e-07,5.5210137e-34,5.5210137e-34
-0.00036513086,-0.00036513086,0.00036513086,0.00036513086,-3.4763858e-15,-3.4763858e-15,-1.828814e-15,-1.828814e-15,0.00036513086,0.00036513086,-5.3327494e-05,-5.3327494e-05,-6.4352563e-05,-6.4352563e-05,-5.2829126e-05,-5.2829126e-05,-6.4352563e-05,-6.4352563e-05,6.3886223e-05,6.3886223e-05,1.9588229e-15,1.9588229e-15,3.958488e-06,3.958488e-06,3.958488e-06,3.958488e-06,5.183869e-18,5.183869e-18,-0.00036466452,-0.00036466452,-6.4352563e-05,-6.4352563e-05,-0.00036466452,-0.00036466452,-6.4352563e-05,-6.4352563e-05,2.2734879e-16,2.2734879e-16,-1.1042223e-16,-1.1042223e-16,-0.00042901709,-0.00042901709,1.1724286e-16,1.1724286e-16,-0.00042877367,-0.00042877367,1.8524932e-16,1.8524932e-16,-4.6633994e-07,-4.6633994e-07,6.4352563e-05,6.4352563e-05,-4.6633994e-07,-4.6633994e-07,6.4352563e-05,6.4352563e-05,6.3886223e-05,6.3886223e-05,1.9586712e-15,1.9586712e-15,-0.00036513086,-0.00036513086,-0.00036513086,-0.00036513086,-6.4352563e-05,-6.4352563e-05,-6.8710046e-07,-6.8710046e-07,2.7681521e-18,2.7681521e-18,1.319496e-08,1.319496e-08,-7.0029542e-07,-7.0029542e-07,-4.1367231e-06,-4.1367231e-06,1.9608587e-15,1.9608587e-15,0.015917242,0.015917242,1.2439309e-13,1.2439309e-13,0.020165323,0.020165323,6.2650589e-14,6.2650589e-14,-0.00036513086,-0.00036513086,0.00042901709,0.00042901709,-7.3026173e-05,-7.3026173e-05,4.1545489e-16,4.1545489e-16,5.7449586e-14,5.7449586e-14,-5.747057e-14,-5.747057e-14,3.1045448e-19,3.1045448e-19,-2.7409487e-19,-2.7409487e-19,-2.4341567e-07,-2.4341567e-07,1.4913782e-18,1.4913782e-18,9.3939163e-19,9.3939163e-19,2.4136532e-19,2.4136532e-19,6.8525514e-07,6.8525514e-07,5.4051001e-34,5.4051001e-34
-0.00036119217,-0.00036119217,0.00036119217,0.00036119217,-3.4815358e-15,-3.4815358e-15,-1.829766e-15,-1.829766e-15,0.00036119217,0.00036119217,-5.2747038e-05,-5.2747038e-05,-6.3659802e-05,-6.3659802e-05,-5.2253471e-05,-5.2253471e-05,-6.3659802e-05,-6.3659802e-05,6.3206515e-05,6.3206515e-05,1.9600239e-15,1.9600239e-15,3.9158948e-06,3.9158948e-06,3.9158948e-06,3.9158948e-06,5.1294745e-18,5.1294745e-18,-0.00036073888,-0.00036073888,-6.3659802e-05,-6.3659802e-05,-0.00036073888,-0.00036073888,-6.3659802e-05,-6.3659802e-05,2.279485e-16,2.279485e-16,-1.1063473e-16,-1.1063473e-16,-0.00042439868,-0.00042439868,1.1762667e-16,1.1762667e-16,-0.00042416744,-0.00042416744,1.8492225e-16,1.8492225e-16,-4.5328696e-07,-4.5328696e-07,6.3659802e-05,6.3659802e-05,-4.5328696e-07,-4.5328696e-07,6.3659802e-05,6.3659802e-05,6.3206515e-05,6.3206515e-05,1.9598739e-15,1.9598739e-15,-0.00036119217,-0.00036119217,-0.00036119217,-0.00036119217,-6.3659802e-05,-6.3659802e-05,-6.7970748e-07,-6.7970748e-07,2.7389831e-18,2.7389831e-18,1.3052983e-08,1.3052983e-08,-6.9276046e-07,-6.9276046e-07,-4.0845247e-06,-4.0845247e-06,1.9620378e-15,1.9620378e-15,0.015754259,0.015754259,1.2446879e-13,1.2446879e-13,0.019952524,0.019952524,6.2689216e-14,6.2689216e-14,-0.00036119217,-0.00036119217,0.00042439868,0.00042439868,-7.2238433e-05,-7.2238433e-05,4.1576961e-16,4.1576961e-16,5.7492638e-14,5.7492638e-14,-5.7513412e-14,-5.7513412e-14,3.0723241e-19,3.0723241e-19,-2.7141054e-19,-2.7141054e-19,-2.3124489e-07,-2.3124489e-07,1.4747145e-18,1.4747145e-18,9.2994054e-19,9.2994054e-19,2.3913763e-19,2.3913763e-19,6.7865415e-07,6.7865415e-07,5.2916598e-34,5.2916598e-34
-0.00035729585,-0.00035729585,0.00035729585,0.00035729585,-3.4866316e-15,-3.4866316e-15,-1.8307078e-15,-1.8307078e-15,0.00035729585,0.00035729585,-5.2173167e-05,-5.2173167e-05,-6.2974496e-05,-6.2974496e-05,-5.1684357e-05,-5.1684357e-05,-6.2974496e-05,-6.2974496e-05,6.2534122e-05,6.2534122e-05,1.961212e-15,1.961212e-15,3.8737589e-06,3.8737589e-06,3.8737589e-06,3.8737589e-06,5.075671e-18,5.075671e-18,-0.00035685548,-0.00035685548,-6.2974496e-05,-6.2974496e-05,-0.00035685548,-0.00035685548,-6.2974496e-05,-6.2974496e-05,2.285419e-16,2.285419e-16,-1.1084504e-16,-1.1084504e-16,-0.00041982997,-0.00041982997,1.1800642e-16,1.1800642e-16,-0.00041961029,-0.00041961029,1.845988e-16,1.845988e-16,-4.4037443e-07,-4.4037443e-07,6.2974496e-05,6.2974496e-05,-4.4037443e-07,-4.4037443e-07,6.2974496e-05,6.2974496e-05,6.2534122e-05,6.2534122e-05,1.9610637e-15,1.9610637e-15,-0.00035729585,-0.00035729585,-0.00035729585,-0.00035729585,-6.2974496e-05,-6.2974496e-05,-6.7239385e-07,-6.7239385e-07,2.7101315e-18,2.7101315e-18,1.291253e-08,1.291253e-08,-6.8530638e-07,-6.8530638e-07,-4.0328697e-06,-4.0328697e-06,1.9632043e-15,1.9632043e-15,0.015593042,0.015593042,1.2454367e-13,1.2454367e-13,0.019742015,0.019742015,6.2727431e-14,6.2727431e-14,-0.00035729585,-0.00035729585,0.00041982997,0.00041982997,-7.145917e-05,-7.145917e-05,4.1608098e-16,4.1608098e-16,5.7535257e-14,5.7535257e-14,-5.7555822e-14,-5.7555822e-14,3.0404331e-19,3.0404331e-19,-2.6875601e-19,-2.6875601e-19,-2.1968264e-07,-2.1968264e-07,1.4581942e-18,1.4581942e-18,9.2059323e-19,9.2059323e-19,2.3693532e-19,2.3693532e-19,6.7211378e-07,6.7211378e-07,5.1806389e-34,5.1806389e-34
-0.00035344146,-0.00035344146,0.00035344146,0.00035344146,-3.4916189e-15,-3.4916189e-15,-1.8316394e-15,-1.8316394e-15,0.00035344146,0.00035344146,-5.1605794e-05,-5.1605794e-05,-6.2296564e-05,-6.2296564e-05,-5.1121696e-05,-5.1121696e-05,-6.2296564e-05,-6.2296564e-05,6.1868963e-05,6.1868963e-05,1.9623874e-15,1.9623874e-15,3.8320754e-06,3.8320754e-06,3.8320754e-06,3.8320754e-06,5.0224519e-18,5.0224519e-18,-0.00035301386,-0.00035301386,-6.2296564e-05,-6.2296564e-05,-0.00035301386,-0.00035301386,-6.2296564e-05,-6.2296564e-05,2.2912906e-16,2.2912906e-16,-1.1105316e-16,-1.1105316e-16,-0.00041531042,-0.00041531042,1.1838213e-16,1.1838213e-16,-0.00041510173,-0.00041510173,1.8427895e-16,1.8427895e-16,-4.2760084e-07,-4.2760084e-07,6.2296564e-05,6.2296564e-05,-4.2760084e-07,-4.2760084e-07,6.2296564e-05,6.2296564e-05,6.1868963e-05,6.1868963e-05,1.9622408e-15,1.9622408e-15,-0.00035344146,-0.00035344146,-0.00035344146,-0.00035344146,-6.2296564e-05,-6.2296564e-05,-6.6515875e-07,-6.6515875e-07,2.6815937e-18,2.6815937e-18,1.2773585e-08,1.2773585e-08,-6.7793233e-07,-6.7793233e-07,-3.981753e-06,-3.981753e-06,1.9643584e-15,1.9643584e-15,0.01543357,0.01543357,1.2461775e-13,1.2461775e-13,0.019533772,0.019533772,6.2765237e-14,6.2765237e-14,-0.00035344146,-0.00035344146,0.00041531042,0.00041531042,-7.0688292e-05,-7.0688292e-05,4.1638902e-16,4.1638902e-16,5.7577448e-14,5.7577448e-14,-5.7597805e-14,-5.7597805e-14,3.0088684e-19,3.0088684e-19,-2.6613091e-19,-2.6613091e-19,-2.0869851e-07,-2.0869851e-07,1.4418172e-18,1.4418172e-18,9.1134846e-19,9.1134846e-19,2.3475803e-19,2.3475803e-19,6.6563355e-07,6.6563355e-07,5.071985e-34,5.071985e-34
-0.00034962855,-0.00034962855,0.00034962855,0.00034962855,-3.4966604e-15,-3.4966604e-15,-1.8325609e-15,-1.8325609e-15,0.00034962855,0.00034962855,-5.1044832e-05,-5.1044832e-05,-6.1625926e-05,-6.1625926e-05,-5.0565404e-05,-5.0565404e-05,-6.1625926e-05,-6.1625926e-05,6.1210961e-05,6.1210961e-05,1.9635503e-15,1.9635503e-15,3.7908396e-06,3.7908396e-06,3.7908396e-06,3.7908396e-06,4.9698109e-18,4.9698109e-18,-0.00034921358,-0.00034921358,-6.1625926e-05,-6.1625926e-05,-0.00034921358,-0.00034921358,-6.1625926e-05,-6.1625926e-05,2.2971003e-16,2.2971003e-16,-1.1125913e-16,-1.1125913e-16,-0.00041083951,-0.00041083951,1.1875385e-16,1.1875385e-16,-0.00041064124,-0.00041064124,1.8396264e-16,1.8396264e-16,-4.1496471e-07,-4.1496471e-07,6.1625926e-05,6.1625926e-05,-4.1496471e-07,-4.1496471e-07,6.1625926e-05,6.1625926e-05,6.1210961e-05,6.1210961e-05,1.9634053e-15,1.9634053e-15,-0.00034962855,-0.00034962855,-0.00034962855,-0.00034962855,-6.1625926e-05,-6.1625926e-05,-6.5800133e-07,-6.5800133e-07,2.6533661e-18,2.6533661e-18,1.2636132e-08,1.2636132e-08,-6.7063746e-07,-6.7063746e-07,-3.9311699e-06,-3.9311699e-06,1.9655001e-15,1.9655001e-15,0.015275825,0.015275825,1.2469105e-13,1.2469105e-13,0.01932777,0.01932777,6.280264e-14,6.280264e-14,-0.00034962855,-0.00034962855,0.00041083951,0.00041083951,-6.9925709e-05,-6.9925709e-05,4.1669378e-16,4.1669378e-16,5.7619214e-14,5.7619214e-14,-5.7639367e-14,-5.7639367e-14,2.977627e-19,2.977627e-19,-2.6353489e-19,-2.6353489e-19,-1.9826358e-07,-1.9826358e-07,1.4255835e-18,1.4255835e-18,9.0220505e-19,9.0220505e-19,2.3260542e-19,2.3260542e-19,6.5921297e-07,6.5921297e-07,4.9656468e-34,4.9656468e-34
-0.00034585666,-0.00034585666,0.00034585666,0.00034585666,-3.5017562e-15,-3.5017562e-15,-1.8334725e-15,-1.8334725e-15,0.00034585666,0.00034585666,-5.0490197e-05,-5.0490197e-05,-6.0962505e-05,-6.0962505e-05,-5.0015396e-05,-5.0015396e-05,-6.0962505e-05,-6.0962505e-05,6.0560041e-05,6.0560041e-05,1.9647007e-15,1.9647007e-15,3.7500466e-06,3.7500466e-06,3.7500466e-06,3.7500466e-06,4.9177413e-18,4.9177413e-18,-0.0003454542,-0.0003454542,-6.0962505e-05,-6.0962505e-05,-0.0003454542,-0.0003454542,-6.0962505e-05,-6.0962505e-05,2.302849e-16,2.302849e-16,-1.1146297e-16,-1.1146297e-16,-0.0004064167,-0.0004064167,1.1912164e-16,1.1912164e-16,-0.00040622835,-0.00040622835,1.8364984e-16,1.8364984e-16,-4.0246456e-07,-4.0246456e-07,6.0962505e-05,6.0962505e-05,-4.0246456e-07,-4.0246456e-07,6.0962505e-05,6.0962505e-05,6.0560041e-05,6.0560041e-05,1.9645574e-15,1.9645574e-15,-0.00034585666,-0.00034585666,-0.00034585666,-0.00034585666,-6.0962505e-05,-6.0962505e-05,-6.5092077e-07,-6.5092077e-07,2.6254454e-18,2.6254454e-18,1.2500155e-08,1.2500155e-08,-6.6342092e-07,-6.6342092e-07,-3.8811153e-06,-3.8811153e-06,1.9666297e-15,1.9666297e-15,0.015119786,0.015119786,1.2476356e-13,1.2476356e-13,0.019123986,0.019123986,6.2839644e-14,6.2839644e-14,-0.00034585666,-0.00034585666,0.0004064167,0.0004064167,-6.9171332e-05,-6.9171332e-05,4.1699528e-16,4.1699528e-16,5.7660561e-14,5.7660561e-14,-5.768051e-14,-5.768051e-14,2.9467059e-19,2.9467059e-19,-2.6096759e-19,-2.6096759e-19,-1.8835041e-07,-1.8835041e-07,1.4094933e-18,1.4094933e-18,8.9316181e-19,8.9316181e-19,2.3047718e-19,2.3047718e-19,6.5285154e-07,6.5285154e-07,4.8615742e-34,4.8615742e-34
-0.00034212536,-0.00034212536,0.00034212536,0.00034212536,-3.5065809e-15,-3.5065809e-15,-1.8343743e-15,-1.8343743e-15,0.00034212536,0.00034212536,-4.9941806e-05,-4.9941806e-05,-6.0306223e-05,-6.0306223e-05,-4.9471589e-05,-4.9471589e-05,-6.0306223e-05,-6.0306223e-05,5.9916124e-05,5.9916124e-05,1.9658388e-15,1.9658388e-15,3.7096917e-06,3.7096917e-06,3.7096917e-06,3.7096917e-06,4.8662369e-18,4.8662369e-18,-0.00034173527,-0.00034173527,-6.0306223e-05,-6.0306223e-05,-0.00034173527,-0.00034173527,-6.0306223e-05,-6.0306223e-05,2.3085373e-16,2.3085373e-16,-1.116647e-16,-1.116647e-16,-0.00040204149,-0.00040204149,1.1948552e-16,1.1948552e-16,-0.00040186256,-0.00040186256,1.8334051e-16,1.8334051e-16,-3.9009892e-07,-3.9009892e-07,6.0306223e-05,6.0306223e-05,-3.9009892e-07,-3.9009892e-07,6.0306223e-05,6.0306223e-05,5.9916124e-05,5.9916124e-05,1.9656971e-15,1.9656971e-15,-0.00034212536,-0.00034212536,-0.00034212536,-0.00034212536,-6.0306223e-05,-6.0306223e-05,-6.4391625e-07,-6.4391625e-07,2.5978281e-18,2.5978281e-18,1.2365639e-08,1.2365639e-08,-6.5628189e-07,-6.5628189e-07,-3.8315845e-06,-3.8315845e-06,1.9677471e-15,1.9677471e-15,0.014965437,0.014965437,1.2483529e-13,1.2483529e-13,0.018922396,0.018922396,6.2876253e-14,6.2876253e-14,-0.00034212536,-0.00034212536,0.00040204149,0.00040204149,-6.8425073e-05,-6.8425073e-05,4.1729357e-16,4.1729357e-16,5.7701493e-14,5.7701493e-14,-5.7721241e-14,-5.7721241e-14,2.9161019e-19,2.9161019e-19,-2.5842867e-19,-2.5842867e-19,-1.7893289e-07,-1.7893289e-07,1.3935463e-18,1.3935463e-18,8.8421757e-19,8.8421757e-19,2.2837297e-19,2.2837297e-19,6.4654879e-07,6.4654879e-07,4.7597179e-34,4.7597179e-34
-0.00033843422,-0.00033843422,0.00033843422,0.00033843422,-3.511514e-15,-3.511514e-15,-1.8352664e-15,-1.8352664e-15,0.00033843422,0.00033843422,-4.9399578e-05,-4.9399578e-05,-5.9657004e-05,-5.9657004e-05,-4.8933902e-05,-4.8933902e-05,-5.9657004e-05,-5.9657004e-05,5.9279138e-05,5.9279138e-05,1.9669647e-15,1.9669647e-15,3.6697704e-06,3.6697704e-06,3.6697704e-06,3.6697704e-06,4.8152913e-18,4.8152913e-18,-0.00033805636,-0.00033805636,-5.9657004e-05,-5.9657004e-05,-0.00033805636,-0.00033805636,-5.9657004e-05,-5.9657004e-05,2.3141657e-16,2.3141657e-16,-1.1186434e-16,-1.1186434e-16,-0.00039771336,-0.00039771336,1.1984555e-16,1.1984555e-16,-0.00039754337,-0.00039754337,1.8303461e-16,1.8303461e-16,-3.7786635e-07,-3.7786635e-07,5.9657004e-05,5.9657004e-05,-3.7786635e-07,-3.7786635e-07,5.9657004e-05,5.9657004e-05,5.9279138e-05,5.9279138e-05,1.9668246e-15,1.9668246e-15,-0.00033843422,-0.00033843422,-0.00033843422,-0.00033843422,-5.9657004e-05,-5.9657004e-05,-6.3698697e-07,-6.3698697e-07,2.5705108e-18,2.5705108e-18,1.2232568e-08,1.2232568e-08,-6.4921954e-07,-6.4921954e-07,-3.7825724e-06,-3.7825724e-06,1.9688527e-15,1.9688527e-15,0.014812757,0.014812757,1.2490626e-13,1.2490626e-13,0.018722975,0.018722975,6.2912471e-14,6.2912471e-14,-0.00033843422,-0.00033843422,0.00039771336,0.00039771336,-6.7686844e-05,-6.7686844e-05,4.1758869e-16,4.1758869e-16,5.7742015e-14,5.7742015e-14,-5.7761563e-14,-5.7761563e-14,2.8858119e-19,2.8858119e-19,-2.5591778e-19,-2.5591778e-19,-1.6998624e-07,-1.6998624e-07,1.3777423e-18,1.3777423e-18,8.7537119e-19,8.7537119e-19,2.2629249e-19,2.2629249e-19,6.4030423e-07,6.4030423e-07,4.6600302e-34,4.6600302e-34
-0.0003347828,-0.0003347828,0.0003347828,0.0003347828,-3.5162845e-15,-3.5162845e-15,-1.8361489e-15,-1.8361489e-15,0.0003347828,0.0003347828,-4.8863434e-05,-4.8863434e-05,-5.9014771e-05,-5.9014771e-05,-4.8402258e-05,-4.8402258e-05,-5.9014771e-05,-5.9014771e-05,5.8649005e-05,5.8649005e-05,1.9680787e-15,1.9680787e-15,3.6302779e-06,3.6302779e-06,3.6302779e-06,3.6302779e-06,4.7648983e-18,4.7648983e-18,-0.00033441703,-0.00033441703,-5.9014771e-05,-5.9014771e-05,-0.00033441703,-0.00033441703,-5.9014771e-05,-5.9014771e-05,2.319735e-16,2.319735e-16,-1.1206191e-16,-1.1206191e-16,-0.00039343181,-0.00039343181,1.2020176e-16,1.2020176e-16,-0.00039327032,-0.00039327032,1.8273211e-16,1.8273211e-16,-3.6576542e-07,-3.6576542e-07,5.9014771e-05,5.9014771e-05,-3.6576542e-07,-3.6576542e-07,5.9014771e-05,5.9014771e-05,5.8649005e-05,5.8649005e-05,1.9679402e-15,1.9679402e-15,-0.0003347828,-0.0003347828,-0.0003347828,-0.0003347828,-5.9014771e-05,-5.9014771e-05,-6.3013212e-07,-6.3013212e-07,2.5434901e-18,2.5434901e-18,1.2100926e-08,1.2100926e-08,-6.4223305e-07,-6.4223305e-07,-3.7340744e-06,-3.7340744e-06,1.9699464e-15,1.9699464e-15,0.014661728,0.014661728,1.2497648e-13,1.2497648e-13,0.018525701,0.018525701,6.2948303e-14,6.2948303e-14,-0.0003347828,-0.0003347828,0.00039343181,0.00039343181,-6.695656e-05,-6.695656e-05,4.1788065e-16,4.1788065e-16,5.778213e-14,5.778213e-14,-5.7801481e-14,-5.7801481e-14,2.855833e-19,2.855833e-19,-2.5343459e-19,-2.5343459e-19,-1.6148693e-07,-1.6148693e-07,1.3620812e-18,1.3620812e-18,8.6662154e-19,8.6662154e-19,2.2423542e-19,2.2423542e-19,6.3411739e-07,6.3411739e-07,4.5624641e-34,4.5624641e-34
-0.00033117067,-0.00033117067,0.00033117067,0.00033117067,-3.5210008e-15,-3.5210008e-15,-1.8370219e-15,-1.8370219e-15,0.00033117067,0.00033117067,-4.8333295e-05,-4.8333295e-05,-5.8379449e-05,-5.8379449e-05,-4.7876577e-05,-4.7876577e-05,-5.8379449e-05,-5.8379449e-05,5.8025654e-05,5.8025654e-05,1.9691807e-15,1.9691807e-15,3.5912097e-06,3.5912097e-06,3.5912097e-06,3.5912097e-06,4.7150519e-18,4.7150519e-18,-0.00033081688,-0.00033081688,-5.8379449e-05,-5.8379449e-05,-0.00033081688,-0.00033081688,-5.8379449e-05,-5.8379449e-05,2.3252458e-16,2.3252458e-16,-1.1225743e-16,-1.1225743e-16,-0.00038919633,-0.00038919633,1.205542e-16,1.205542e-16,-0.00038904292,-0.00038904292,1.8243296e-16,1.8243296e-16,-3.5379472e-07,-3.5379472e-07,5.8379449e-05,5.8379449e-05,-3.5379472e-07,-3.5379472e-07,5.8379449e-05,5.8379449e-05,5.8025654e-05,5.8025654e-05,1.9690438e-15,1.9690438e-15,-0.00033117067,-0.00033117067,-0.00033117067,-0.00033117067,-5.8379449e-05,-5.8379449e-05,-6.2335091e-07,-6.2335091e-07,2.5167627e-18,2.5167627e-18,1.1970699e-08,1.1970699e-08,-6.3532161e-07,-6.3532161e-07,-3.6860854e-06,-3.6860854e-06,1.9710285e-15,1.9710285e-15,0.014512333,0.014512333,1.2504594e-13,1.2504594e-13,0.018330551,0.018330551,6.2983753e-14,6.2983753e-14,-0.00033117067,-0.00033117067,0.00038919633,0.00038919633,-6.6234135e-05,-6.6234135e-05,4.1816951e-16,4.1816951e-16,5.7821844e-14,5.7821844e-14,-5.7840999e-14,-5.7840999e-14,2.8261622e-19,2.8261622e-19,-2.5097876e-19,-2.5097876e-19,-1.5341258e-07,-1.5341258e-07,1.3465626e-18,1.3465626e-18,8.5796749e-19,8.5796749e-19,2.2220147e-19,2.2220147e-19,6.2798779e-07,6.2798779e-07,4.4669737e-34,4.4669737e-34
-0.00032759742,-0.00032759742,0.00032759742,0.00032759742,-3.5258255e-15,-3.5258255e-15,-1.8378855e-15,-1.8378855e-15,0.00032759742,0.00032759742,-4.7809085e-05,-4.7809085e-05,-5.7750965e-05,-5.7750965e-05,-4.7356784e-05,-4.7356784e-05,-5.7750965e-05,-5.7750965e-05,5.7409012e-05,5.7409012e-05,1.970271e-15,1.970271e-15,3.5525612e-06,3.5525612e-06,3.5525612e-06,3.5525612e-06,4.6657458e-18,4.6657458e-18,-0.00032725547,-0.00032725547,-5.7750965e-05,-5.7750965e-05,-0.00032725547,-0.00032725547,-5.7750965e-05,-5.7750965e-05,2.3306987e-16,2.3306987e-16,-1.1245094e-16,-1.1245094e-16,-0.00038500643,-0.00038500643,1.2090291e-16,1.2090291e-16,-0.00038486069,-0.00038486069,1.8213713e-16,1.8213713e-16,-3.4195285e-07,-3.4195285e-07,5.7750965e-05,5.7750965e-05,-3.4195285e-07,-3.4195285e-07,5.7750965e-05,5.7750965e-05,5.7409012e-05,5.7409012e-05,1.9701356e-15,1.9701356e-15,-0.00032759742,-0.00032759742,-0.00032759742,-0.00032759742,-5.7750965e-05,-5.7750965e-05,-6.1664255e-07,-6.1664255e-07,2.4903255e-18,2.4903255e-18,1.1841871e-08,1.1841871e-08,-6.2848442e-07,-6.2848442e-07,-3.6386008e-06,-3.6386008e-06,1.972099e-15,1.972099e-15,0.014364553,0.014364553,1.2511467e-13,1.2511467e-13,0.018137501,0.018137501,6.3018825e-14,6.3018825e-14,-0.00032759742,-0.00032759742,0.00038500643,0.00038500643,-6.5519484e-05,-6.5519484e-05,4.1845529e-16,4.1845529e-16,5.786116e-14,5.786116e-14,-5.7880122e-14,-5.7880122e-14,2.7967965e-19,2.7967965e-19,-2.4854997e-19,-2.4854997e-19,-1.4574195e-07,-1.4574195e-07,1.3311862e-18,1.3311862e-18,8.4940796e-19,8.4940796e-19,2.2019032e-19,2.2019032e-19,6.2191496e-07,6.2191496e-07,4.3735142e-34,4.3735142e-34
-0.00032406262,-0.00032406262,0.00032406262,0.00032406262,-3.5303791e-15,-3.5303791e-15,-1.8387398e-15,-1.8387398e-15,0.00032406262,0.00032406262,-4.7290729e-05,-4.7290729e-05,-5.7129244e-05,-5.7129244e-05,-4.6842803e-05,-4.6842803e-05,-5.7129244e-05,-5.7129244e-05,5.6799006e-05,5.6799006e-05,1.9713496e-15,1.9713496e-15,3.5143281e-06,3.5143281e-06,3.5143281e-06,3.5143281e-06,4.6169743e-18,4.6169743e-18,-0.00032373238,-0.00032373238,-5.7129244e-05,-5.7129244e-05,-0.00032373238,-0.00032373238,-5.7129244e-05,-5.7129244e-05,2.3360943e-16,2.3360943e-16,-1.1264244e-16,-1.1264244e-16,-0.00038086163,-0.00038086163,1.2124793e-16,1.2124793e-16,-0.00038072317,-0.00038072317,1.8184458e-16,1.8184458e-16,-3.3023843e-07,-3.3023843e-07,5.7129244e-05,5.7129244e-05,-3.3023843e-07,-3.3023843e-07,5.7129244e-05,5.7129244e-05,5.6799006e-05,5.6799006e-05,1.9712158e-15,1.9712158e-15,-0.00032406262,-0.00032406262,-0.00032406262,-0.00032406262,-5.7129244e-05,-5.7129244e-05,-6.1000628e-07,-6.1000628e-07,2.464175e-18,2.464175e-18,1.1714427e-08,1.1714427e-08,-6.217207e-07,-6.217207e-07,-3.5916156e-06,-3.5916156e-06,1.9731582e-15,1.9731582e-15,0.014218371,0.014218371,1.2518266e-13,1.2518266e-13,0.01794653,0.01794653,6.3053523e-14,6.3053523e-14,-0.00032406262,-0.00032406262,0.00038086163,0.00038086163,-6.4812524e-05,-6.4812524e-05,4.1873803e-16,4.1873803e-16,5.7900083e-14,5.7900083e-14,-5.7918853e-14,-5.7918853e-14,2.7677328e-19,2.7677328e-19,-2.4614789e-19,-2.4614789e-19,-1.3845486e-07,-1.3845486e-07,1.3159517e-18,1.3159517e-18,8.4094185e-19,8.4094185e-19,2.1820171e-19,2.1820171e-19,6.1589842e-07,6.1589842e-07,4.2820418e-34,4.2820418e-34
-0.00032056587,-0.00032056587,0.00032056587,0.00032056587,-3.5350412e-15,-3.5350412e-15,-1.8395849e-15,-1.8395849e-15,0.00032056587,0.00032056587,-4.6778153e-05,-4.6778153e-05,-5.6514214e-05,-5.6514214e-05,-4.6334562e-05,-4.6334562e-05,-5.6514214e-05,-5.6514214e-05,5.6195564e-05,5.6195564e-05,1.9724167e-15,1.9724167e-15,3.4765058e-06,3.4765058e-06,3.4765058e-06,3.4765058e-06,4.5687312e-18,4.5687312e-18,-0.00032024722,-0.00032024722,-5.6514214e-05,-5.6514214e-05,-0.00032024722,-0.00032024722,-5.6514214e-05,-5.6514214e-05,2.3414333e-16,2.3414333e-16,-1.1283195e-16,-1.1283195e-16,-0.00037676143,-0.00037676143,1.2158929e-16,1.2158929e-16,-0.0003766299,-0.0003766299,1.8155527e-16,1.8155527e-16,-3.1865007e-07,-3.1865007e-07,5.6514214e-05,5.6514214e-05,-3.1865007e-07,-3.1865007e-07,5.6514214e-05,5.6514214e-05,5.6195564e-05,5.6195564e-05,1.9722844e-15,1.9722844e-15,-0.00032056587,-0.00032056587,-0.00032056587,-0.00032056587,-5.6514214e-05,-5.6514214e-05,-6.0344131e-07,-6.0344131e-07,2.4383082e-18,2.4383082e-18,1.1588353e-08,1.1588353e-08,-6.1502966e-07,-6.1502966e-07,-3.5451251e-06,-3.5451251e-06,1.974206e-15,1.974206e-15,0.014073769,0.014073769,1.2524992e-13,1.2524992e-13,0.017757614,0.017757614,6.3087852e-14,6.3087852e-14,-0.00032056587,-0.00032056587,0.00037676143,0.00037676143,-6.4113173e-05,-6.4113173e-05,4.1901776e-16,4.1901776e-16,5.7938618e-14,5.7938618e-14,-5.7957197e-14,-5.7957197e-14,2.7389684e-19,2.7389684e-19,-2.4377222e-19,-2.4377222e-19,-1.3153211e-07,-1.3153211e-07,1.3008584e-18,1.3008584e-18,8.3256809e-19,8.3256809e-19,2.1623532e-19,2.1623532e-19,6.0993772e-07,6.0993772e-07,4.1925136e-34,4.1925136e-34
-0.00031710674,-0.00031710674,0.00031710674,0.00031710674,-3.5395406e-15,-3.5395406e-15,-1.8404209e-15,-1.8404209e-15,0.00031710674,0.00031710674,-4.6271285e-05,-4.6271285e-05,-5.5905804e-05,-5.5905804e-05,-4.5831989e-05,-4.5831989e-05,-5.5905804e-05,-5.5905804e-05,5.5598617e-05,5.5598617e-05,1.9734725e-15,1.9734725e-15,3.43909e-06,3.43909e-06,3.43909e-06,3.43909e-06,4.5210109e-18,4.5210109e-18,-0.00031679956,-0.00031679956,-5.5905804e-05,-5.5905804e-05,-0.00031679956,-0.00031679956,-5.5905804e-05,-5.5905804e-05,2.3467162e-16,2.3467162e-16,-1.1301951e-16,-1.1301951e-16,-0.00037270536,-0.00037270536,1.2192705e-16,1.2192705e-16,-0.0003725804,-0.0003725804,1.8126918e-16,1.8126918e-16,-3.0718644e-07,-3.0718644e-07,5.5905804e-05,5.5905804e-05,-3.0718644e-07,-3.0718644e-07,5.5905804e-05,5.5905804e-05,5.5598617e-05,5.5598617e-05,1.9733417e-15,1.9733417e-15,-0.00031710674,-0.00031710674,-0.00031710674,-0.00031710674,-5.5905804e-05,-5.5905804e-05,-5.9694689e-07,-5.9694689e-07,2.4127219e-18,2.4127219e-18,1.1463633e-08,1.1463633e-08,-6.0841052e-07,-6.0841052e-07,-3.4991246e-06,-3.4991246e-06,1.9752426e-15,1.9752426e-15,0.01393073,0.01393073,1.2531647e-13,1.2531647e-13,0.017570732,0.017570732,6.3121815e-14,6.3121815e-14,-0.00031710674,-0.00031710674,0.00037270536,0.00037270536,-6.3421348e-05,-6.3421348e-05,4.1929451e-16,4.1929451e-16,5.7976767e-14,5.7976767e-14,-5.7995158e-14,-5.7995158e-14,2.7105003e-19,2.7105003e-19,-2.4142264e-19,-2.4142264e-19,-1.2495551e-07,-1.2495551e-07,1.2859061e-18,1.2859061e-18,8.2428564e-19,8.2428564e-19,2.142909e-19,2.142909e-19,6.0403237e-07,6.0403237e-07,4.1048877e-34,4.1048877e-34
-0.00031368485,-0.00031368485,0.00031368485,0.00031368485,-3.5440943e-15,-3.5440943e-15,-1.841248e-15,-1.841248e-15,0.00031368485,0.00031368485,-4.5770054e-05,-4.5770054e-05,-5.5303941e-05,-5.5303941e-05,-4.5335012e-05,-4.5335012e-05,-5.5303941e-05,-5.5303941e-05,5.5008095e-05,5.5008095e-05,1.974517e-15,1.974517e-15,3.4020763e-06,3.4020763e-06,3.4020763e-06,3.4020763e-06,4.4738074e-18,4.4738074e-18,-0.000313389,-0.000313389,-5.5303941e-05,-5.5303941e-05,-0.000313389,-0.000313389,-5.5303941e-05,-5.5303941e-05,2.3519437e-16,2.3519437e-16,-1.1320513e-16,-1.1320513e-16,-0.00036869294,-0.00036869294,1.2226124e-16,1.2226124e-16,-0.00036857423,-0.00036857423,1.8098626e-16,1.8098626e-16,-2.9584619e-07,-2.9584619e-07,5.5303941e-05,5.5303941e-05,-2.9584619e-07,-2.9584619e-07,5.5303941e-05,5.5303941e-05,5.5008095e-05,5.5008095e-05,1.9743876e-15,1.9743876e-15,-0.00031368485,-0.00031368485,-0.00031368485,-0.00031368485,-5.5303941e-05,-5.5303941e-05,-5.9052227e-07,-5.9052227e-07,2.387413e-18,2.387413e-18,1.1340254e-08,1.1340254e-08,-6.0186252e-07,-6.0186252e-07,-3.4536092e-06,-3.4536092e-06,1.9762682e-15,1.9762682e-15,0.013789236,0.013789236,1.2538231e-13,1.2538231e-13,0.017385862,0.017385862,6.3155417e-14,6.3155417e-14,-0.00031368485,-0.00031368485,0.00036869294,0.00036869294,-6.2736969e-05,-6.2736969e-05,4.1956832e-16,4.1956832e-16,5.8014536e-14,5.8014536e-14,-5.803274e-14,-5.803274e-14,2.6823256e-19,2.6823256e-19,-2.3909884e-19,-2.3909884e-19,-1.1870773e-07,-1.1870773e-07,1.271094e-18,1.271094e-18,8.1609345e-19,8.1609345e-19,2.1236816e-19,2.1236816e-19,5.9818192e-07,5.9818192e-07,4.019123e-34,4.019123e-34
-0.00031029978,-0.00031029978,0.00031029978,0.00031029978,-3.5485937e-15,-3.5485937e-15,-1.8420661e-15,-1.8420661e-15,0.00031029978,0.00031029978,-4.5274389e-05,-4.5274389e-05,-5.4708556e-05,-5.4708556e-05,-4.4843562e-05,-4.4843562e-05,-5.4708556e-05,-5.4708556e-05,5.4423928e-05,5.4423928e-05,1.9755503e-15,1.9755503e-15,3.3654605e-06,3.3654605e-06,3.3654605e-06,3.3654605e-06,4.4271152e-18,4.4271152e-18,-0.00031001515,-0.00031001515,-5.4708556e-05,-5.4708556e-05,-0.00031001515,-0.00031001515,-5.4708556e-05,-5.4708556e-05,2.3571163e-16,2.3571163e-16,-1.1338882e-16,-1.1338882e-16,-0.00036472371,-0.00036472371,1.225919e-16,1.225919e-16,-0.00036461094,-0.00036461094,1.8070648e-16,1.8070648e-16,-2.8462798e-07,-2.8462798e-07,5.4708556e-05,5.4708556e-05,-2.8462798e-07,-2.8462798e-07,5.4708556e-05,5.4708556e-05,5.4423928e-05,5.4423928e-05,1.9754224e-15,1.9754224e-15,-0.00031029978,-0.00031029978,-0.00031029978,-0.00031029978,-5.4708556e-05,-5.4708556e-05,-5.8416669e-07,-5.8416669e-07,2.3623785e-18,2.3623785e-18,1.1218202e-08,1.1218202e-08,-5.953849e-07,-5.953849e-07,-3.4085743e-06,-3.4085743e-06,1.9772829e-15,1.9772829e-15,0.013649271,0.013649271,1.2544745e-13,1.2544745e-13,0.017202982,0.017202982,6.3188661e-14,6.3188661e-14,-0.00031029978,-0.00031029978,0.00036472371,0.00036472371,-6.2059956e-05,-6.2059956e-05,4.1983921e-16,4.1983921e-16,5.8051929e-14,5.8051929e-14,-5.8069948e-14,-5.8069948e-14,2.6544414e-19,2.6544414e-19,-2.3680052e-19,-2.3680052e-19,-1.1277235e-07,-1.1277235e-07,1.2564218e-18,1.2564218e-18,8.079905e-19,8.079905e-19,2.1046682e-19,2.1046682e-19,5.9238591e-07,5.9238591e-07,3.9351796e-34,3.9351796e-34
-0.00030695115,-0.00030695115,0.00030695115,0.00030695115,-3.5528763e-15,-3.5528763e-15,-1.8428755e-15,-1.8428755e-15,0.00030695115,0.00030695115,-4.4784222e-05,-4.4784222e-05,-5.411958e-05,-5.411958e-05,-4.4357571e-05,-4.4357571e-05,-5.411958e-05,-5.411958e-05,5.3846049e-05,5.3846049e-05,1.9765726e-15,1.9765726e-15,3.3292383e-06,3.3292383e-06,3.3292383e-06,3.3292383e-06,4.3809285e-18,4.3809285e-18,-0.00030667762,-0.00030667762,-5.411958e-05,-5.411958e-05,-0.00030667762,-0.00030667762,-5.411958e-05,-5.411958e-05,2.3622347e-16,2.3622347e-16,-1.1357062e-16,-1.1357062e-16,-0.0003607972,-0.0003607972,1.2291906e-16,1.2291906e-16,-0.00036069006,-0.00036069006,1.804298e-16,1.804298e-16,-2.7353052e-07,-2.7353052e-07,5.411958e-05,5.411958e-05,-2.7353052e-07,-2.7353052e-07,5.411958e-05,5.411958e-05,5.3846049e-05,5.3846049e-05,1.9764462e-15,1.9764462e-15,-0.00030695115,-0.00030695115,-0.00030695115,-0.00030695115,-5.411958e-05,-5.411958e-05,-5.7787944e-07,-5.7787944e-07,2.3376152e-18,2.3376152e-18,1.1097461e-08,1.1097461e-08,-5.889769e-07,-5.889769e-07,-3.3640151e-06,-3.3640151e-06,1.9782868e-15,1.9782868e-15,0.013510818,0.013510818,1.255119e-13,1.255119e-13,0.01702207,0.01702207,6.3221551e-14,6.3221551e-14,-0.00030695115,-0.00030695115,0.0003607972,0.0003607972,-6.139023e-05,-6.139023e-05,4.2010723e-16,4.2010723e-16,5.8088949e-14,5.8088949e-14,-5.8106785e-14,-5.8106785e-14,2.626845e-19,2.626845e-19,-2.3452739e-19,-2.3452739e-19,-1.0713373e-07,-1.0713373e-07,1.2418887e-18,1.2418887e-18,7.9997577e-19,7.9997577e-19,2.0858663e-19,2.0858663e-19,5.8664389e-07,5.8664389e-07,3.8530181e-34,3.8530181e-34
-0.00030363856,-0.00030363856,0.00030363856,0.00030363856,-3.5573215e-15,-3.5573215e-15,-1.8436762e-15,-1.8436762e-15,0.00030363856,0.00030363856,-4.4299485e-05,-4.4299485e-05,-5.3536942e-05,-5.3536942e-05,-4.3876972e-05,-4.3876972e-05,-5.3536942e-05,-5.3536942e-05,5.3274389e-05,5.3274389e-05,1.9775841e-15,1.9775841e-15,3.2934055e-06,3.2934055e-06,3.2934055e-06,3.2934055e-06,4.3352419e-18,4.3352419e-18,-0.000303376,-0.000303376,-5.3536942e-05,-5.3536942e-05,-0.000303376,-0.000303376,-5.3536942e-05,-5.3536942e-05,2.3672995e-16,2.3672995e-16,-1.1375053e-16,-1.1375053e-16,-0.00035691295,-0.00035691295,1.2324277e-16,1.2324277e-16,-0.00035681117,-0.00035681117,1.801562e-16,1.801562e-16,-2.6255251e-07,-2.6255251e-07,5.3536942e-05,5.3536942e-05,-2.6255251e-07,-2.6255251e-07,5.3536942e-05,5.3536942e-05,5.3274389e-05,5.3274389e-05,1.9774591e-15,1.9774591e-15,-0.00030363856,-0.00030363856,-0.00030363856,-0.00030363856,-5.3536942e-05,-5.3536942e-05,-5.7165976e-07,-5.7165976e-07,2.3131202e-18,2.3131202e-18,1.0978018e-08,1.0978018e-08,-5.8263778e-07,-5.8263778e-07,-3.319927e-06,-3.319927e-06,1.97928e-15,1.97928e-15,0.013373861,0.013373861,1.2557566e-13,1.2557566e-13,0.016843106,0.016843106,6.3254091e-14,6.3254091e-14,-0.00030363856,-0.00030363856,0.00035691295,0.00035691295,-6.0727711e-05,-6.0727711e-05,4.203724e-16,4.203724e-16,5.8125601e-14,5.8125601e-14,-5.8143255e-14,-5.8143255e-14,2.5995335e-19,2.5995335e-19,-2.3227914e-19,-2.3227914e-19,-1.0177704e-07,-1.0177704e-07,1.2274941e-18,1.2274941e-18,7.9204826e-19,7.9204826e-19,2.0672732e-19,2.0672732e-19,5.8095539e-07,5.8095539e-07,3.7726002e-34,3.7726002e-34
-0.00030036162,-0.00030036162,0.00030036162,0.00030036162,-3.5616583e-15,-3.5616583e-15,-1.8444683e-15,-1.8444683e-15,0.00030036162,0.00030036162,-4.3820113e-05,-4.3820113e-05,-5.2960575e-05,-5.2960575e-05,-4.3401698e-05,-4.3401698e-05,-5.2960575e-05,-5.2960575e-05,5.2708882e-05,5.2708882e-05,1.9785847e-15,1.9785847e-15,3.2579579e-06,3.2579579e-06,3.2579579e-06,3.2579579e-06,4.2900497e-18,4.2900497e-18,-0.00030010992,-0.00030010992,-5.2960575e-05,-5.2960575e-05,-0.00030010992,-0.00030010992,-5.2960575e-05,-5.2960575e-05,2.3723111e-16,2.3723111e-16,-1.1392858e-16,-1.1392858e-16,-0.0003530705,-0.0003530705,1.2356306e-16,1.2356306e-16,-0.00035297381,-0.00035297381,1.7988563e-16,1.7988563e-16,-2.5169265e-07,-2.5169265e-07,5.2960575e-05,5.2960575e-05,-2.5169265e-07,-2.5169265e-07,5.2960575e-05,5.2960575e-05,5.2708882e-05,5.2708882e-05,1.9784612e-15,1.9784612e-15,-0.00030036162,-0.00030036162,-0.00030036162,-0.00030036162,-5.2960575e-05,-5.2960575e-05,-5.6550695e-07,-5.6550695e-07,2.2888906e-18,2.2888906e-18,1.085986e-08,1.085986e-08,-5.7636681e-07,-5.7636681e-07,-3.2763054e-06,-3.2763054e-06,1.9802626e-15,1.9802626e-15,0.013238382,0.013238382,1.2563874e-13,1.2563874e-13,0.016666069,0.016666069,6.3286285e-14,6.3286285e-14,-0.00030036162,-0.00030036162,0.0003530705,0.0003530705,-6.0072324e-05,-6.0072324e-05,4.2063474e-16,4.2063474e-16,5.8161888e-14,5.8161888e-14,-5.8179363e-14,-5.8179363e-14,2.5725041e-19,2.5725041e-19,-2.300555e-19,-2.300555e-19,-9.6688189e-08,-9.6688189e-08,1.2132375e-18,1.2132375e-18,7.8420699e-19,7.8420699e-19,2.0488864e-19,2.0488864e-19,5.7531996e-07,5.7531996e-07,3.6938885e-34,3.6938885e-34
-0.00029711995,-0.00029711995,0.00029711995,0.00029711995,-3.5659952e-15,-3.5659952e-15,-1.8452518e-15,-1.8452518e-15,0.00029711995,0.00029711995,-4.3346039e-05,-4.3346039e-05,-5.2390412e-05,-5.2390412e-05,-4.2931685e-05,-4.2931685e-05,-5.2390412e-05,-5.2390412e-05,5.2149462e-05,5.2149462e-05,1.9795747e-15,1.9795747e-15,3.2228914e-06,3.2228914e-06,3.2228914e-06,3.2228914e-06,4.2453466e-18,4.2453466e-18,-0.000296879,-0.000296879,-5.2390412e-05,-5.2390412e-05,-0.000296879,-0.000296879,-5.2390412e-05,-5.2390412e-05,2.3772703e-16,2.3772703e-16,-1.1410479e-16,-1.1410479e-16,-0.00034926941,-0.00034926941,1.2387996e-16,1.2387996e-16,-0.00034917756,-0.00034917756,1.7961806e-16,1.7961806e-16,-2.4094967e-07,-2.4094967e-07,5.2390412e-05,5.2390412e-05,-2.4094967e-07,-2.4094967e-07,5.2390412e-05,5.2390412e-05,5.2149462e-05,5.2149462e-05,1.9794526e-15,1.9794526e-15,-0.00029711995,-0.00029711995,-0.00029711995,-0.00029711995,-5.2390412e-05,-5.2390412e-05,-5.5942028e-07,-5.5942028e-07,2.2649233e-18,2.2649233e-18,1.0742971e-08,1.0742971e-08,-5.7016325e-07,-5.7016325e-07,-3.2331457e-06,-3.2331457e-06,1.9812347e-15,1.9812347e-15,0.013104367,0.013104367,1.2570115e-13,1.2570115e-13,0.016490937,0.016490937,6.3318136e-14,6.3318136e-14,-0.00029711995,-0.00029711995,0.00034926941,0.00034926941,-5.942399e-05,-5.942399e-05,4.208943e-16,4.208943e-16,5.8197814e-14,5.8197814e-14,-5.8215111e-14,-5.8215111e-14,2.5457541e-19,2.5457541e-19,-2.2785618e-19,-2.2785618e-19,-9.185378e-08,-9.185378e-08,1.1991179e-18,1.1991179e-18,7.7645099e-19,7.7645099e-19,2.0307034e-19,2.0307034e-19,5.6973717e-07,5.6973717e-07,3.6168462e-34,3.6168462e-34
-0.00029391317,-0.00029391317,0.00029391317,0.00029391317,-3.5701693e-15,-3.5701693e-15,-1.846027e-15,-1.846027e-15,0.00029391317,0.00029391317,-4.2877201e-05,-4.2877201e-05,-5.1826385e-05,-5.1826385e-05,-4.2466869e-05,-4.2466869e-05,-5.1826385e-05,-5.1826385e-05,5.1596063e-05,5.1596063e-05,1.9805542e-15,1.9805542e-15,3.1882019e-06,3.1882019e-06,3.1882019e-06,3.1882019e-06,4.2011271e-18,4.2011271e-18,-0.00029368285,-0.00029368285,-5.1826385e-05,-5.1826385e-05,-0.00029368285,-0.00029368285,-5.1826385e-05,-5.1826385e-05,2.3821774e-16,2.3821774e-16,-1.1427918e-16,-1.1427918e-16,-0.00034550924,-0.00034550924,1.2419353e-16,1.2419353e-16,-0.00034542197,-0.00034542197,1.7935347e-16,1.7935347e-16,-2.3032234e-07,-2.3032234e-07,5.1826385e-05,5.1826385e-05,-2.3032234e-07,-2.3032234e-07,5.1826385e-05,5.1826385e-05,5.1596063e-05,5.1596063e-05,1.9804335e-15,1.9804335e-15,-0.00029391317,-0.00029391317,-0.00029391317,-0.00029391317,-5.1826385e-05,-5.1826385e-05,-5.5339905e-07,-5.5339905e-07,2.2412156e-18,2.2412156e-18,1.062734e-08,1.062734e-08,-5.6402639e-07,-5.6402639e-07,-3.1904432e-06,-3.1904432e-06,1.9821965e-15,1.9821965e-15,0.012971799,0.012971799,1.257629e-13,1.257629e-13,0.016317691,0.016317691,6.3349649e-14,6.3349649e-14,-0.00029391317,-0.00029391317,0.00034550924,0.00034550924,-5.8782635e-05,-5.8782635e-05,4.2115111e-16,4.2115111e-16,5.8233384e-14,5.8233384e-14,-5.8250505e-14,-5.8250505e-14,2.5192807e-19,2.5192807e-19,-2.256809e-19,-2.256809e-19,-8.7261091e-08,-8.7261091e-08,1.1851348e-18,1.1851348e-18,7.6877929e-19,7.6877929e-19,2.0127215e-19,2.0127215e-19,5.6420655e-07,5.6420655e-07,3.5414375e-34,3.5414375e-34
-0.00029074091,-0.00029074091,0.00029074091,0.00029074091,-3.5743977e-15,-3.5743977e-15,-1.8467939e-15,-1.8467939e-15,0.00029074091,0.00029074091,-4.2413534e-05,-4.2413534e-05,-5.126843e-05,-5.126843e-05,-4.2007187e-05,-4.2007187e-05,-5.126843e-05,-5.126843e-05,5.104862e-05,5.104862e-05,1.9815232e-15,1.9815232e-15,3.1538854e-06,3.1538854e-06,3.1538854e-06,3.1538854e-06,4.157386e-18,4.157386e-18,-0.0002905211,-0.0002905211,-5.126843e-05,-5.126843e-05,-0.0002905211,-0.0002905211,-5.126843e-05,-5.126843e-05,2.3870332e-16,2.3870332e-16,-1.1445177e-16,-1.1445177e-16,-0.00034178953,-0.00034178953,1.2450379e-16,1.2450379e-16,-0.00034170663,-0.00034170663,1.7909181e-16,1.7909181e-16,-2.1980938e-07,-2.1980938e-07,5.126843e-05,5.126843e-05,-2.1980938e-07,-2.1980938e-07,5.126843e-05,5.126843e-05,5.104862e-05,5.104862e-05,1.9814039e-15,1.9814039e-15,-0.00029074091,-0.00029074091,-0.00029074091,-0.00029074091,-5.126843e-05,-5.126843e-05,-5.4744256e-07,-5.4744256e-07,2.2177645e-18,2.2177645e-18,1.0512951e-08,1.0512951e-08,-5.5795552e-07,-5.5795552e-07,-3.1481934e-06,-3.1481934e-06,1.9831481e-15,1.9831481e-15,0.012840661,0.012840661,1.2582399e-13,1.2582399e-13,0.01614631,0.01614631,6.3380827e-14,6.3380827e-14,-0.00029074091,-0.00029074091,0.00034178953,0.00034178953,-5.8148182e-05,-5.8148182e-05,4.2140519e-16,4.2140519e-16,5.8268601e-14,5.8268601e-14,-5.8285547e-14,-5.8285547e-14,2.4930813e-19,2.4930813e-19,-2.2352937e-19,-2.2352937e-19,-8.2898036e-08,-8.2898036e-08,1.1712874e-18,1.1712874e-18,7.6119094e-19,7.6119094e-19,1.9949385e-19,1.9949385e-19,5.5872767e-07,5.5872767e-07,3.4676272e-34,3.4676272e-34
-0.0002876028,-0.0002876028,0.0002876028,0.0002876028,-3.5784635e-15,-3.5784635e-15,-1.8475525e-15,-1.8475525e-15,0.0002876028,0.0002876028,-4.1954977e-05,-4.1954977e-05,-5.071648e-05,-5.071648e-05,-4.1552577e-05,-4.1552577e-05,-5.071648e-05,-5.071648e-05,5.050707e-05,5.050707e-05,1.9824819e-15,1.9824819e-15,3.1199379e-06,3.1199379e-06,3.1199379e-06,3.1199379e-06,4.1141181e-18,4.1141181e-18,-0.00028739339,-0.00028739339,-5.071648e-05,-5.071648e-05,-0.00028739339,-0.00028739339,-5.071648e-05,-5.071648e-05,2.3918382e-16,2.3918382e-16,-1.1462258e-16,-1.1462258e-16,-0.00033810987,-0.00033810987,1.2481078e-16,1.2481078e-16,-0.00033803111,-0.00033803111,1.7883306e-16,1.7883306e-16,-2.0940959e-07,-2.0940959e-07,5.071648e-05,5.071648e-05,-2.0940959e-07,-2.0940959e-07,5.071648e-05,5.071648e-05,5.050707e-05,5.050707e-05,1.982364e-15,1.982364e-15,-0.0002876028,-0.0002876028,-0.0002876028,-0.0002876028,-5.071648e-05,-5.071648e-05,-5.4155012e-07,-5.4155012e-07,2.1945673e-18,2.1945673e-18,1.0399793e-08,1.0399793e-08,-5.5194992e-07,-5.5194992e-07,-3.1063918e-06,-3.1063918e-06,1.9840895e-15,1.9840895e-15,0.01271094,0.01271094,1.2588443e-13,1.2588443e-13,0.015976774,0.015976774,6.3411673e-14,6.3411673e-14,-0.0002876028,-0.0002876028,0.00033810987,0.00033810987,-5.7520559e-05,-5.7520559e-05,4.2165656e-16,4.2165656e-16,5.8303469e-14,5.8303469e-14,-5.8320242e-14,-5.8320242e-14,2.467153e-19,2.467153e-19,-2.2140133e-19,-2.2140133e-19,-7.8753135e-08,-7.8753135e-08,1.1575749e-18,1.1575749e-18,7.5368502e-19,7.5368502e-19,1.9773519e-19,1.9773519e-19,5.5330008e-07,5.5330008e-07,3.3953811e-34,3.3953811e-34
-0.00028449846,-0.00028449846,0.00028449846,0.00028449846,-3.5826377e-15,-3.5826377e-15,-1.848303e-15,-1.848303e-15,0.00028449846,0.00028449846,-4.1501468e-05,-4.1501468e-05,-5.0170471e-05,-5.0170471e-05,-4.1102978e-05,-4.1102978e-05,-5.0170471e-05,-5.0170471e-05,4.9971349e-05,4.9971349e-05,1.9834305e-15,1.9834305e-15,3.0863555e-06,3.0863555e-06,3.0863555e-06,3.0863555e-06,4.071318e-18,4.071318e-18,-0.00028429934,-0.00028429934,-5.0170471e-05,-5.0170471e-05,-0.00028429934,-0.00028429934,-5.0170471e-05,-5.0170471e-05,2.3965928e-16,2.3965928e-16,-1.1479161e-16,-1.1479161e-16,-0.00033446981,-0.00033446981,1.2511453e-16,1.2511453e-16,-0.00033439499,-0.00033439499,1.7857718e-16,1.7857718e-16,-1.9912174e-07,-1.9912174e-07,5.0170471e-05,5.0170471e-05,-1.9912174e-07,-1.9912174e-07,5.0170471e-05,5.0170471e-05,4.9971349e-05,4.9971349e-05,1.9833138e-15,1.9833138e-15,-0.00028449846,-0.00028449846,-0.00028449846,-0.00028449846,-5.0170471e-05,-5.0170471e-05,-5.3572104e-07,-5.3572104e-07,2.171621e-18,2.171621e-18,1.0287852e-08,1.0287852e-08,-5.4600889e-07,-5.4600889e-07,-3.0650339e-06,-3.0650339e-06,1.9850209e-15,1.9850209e-15,0.012582619,0.012582619,1.2594422e-13,1.2594422e-13,0.015809063,0.015809063,6.3442192e-14,6.3442192e-14,-0.00028449846,-0.00028449846,0.00033446981,0.00033446981,-5.6899692e-05,-5.6899692e-05,4.2190528e-16,4.2190528e-16,5.8337992e-14,5.8337992e-14,-5.8354594e-14,-5.8354594e-14,2.4414933e-19,2.4414933e-19,-2.1929651e-19,-2.1929651e-19,-7.4815478e-08,-7.4815478e-08,1.1439964e-18,1.1439964e-18,7.462606e-19,7.462606e-19,1.9599594e-19,1.9599594e-19,5.4792335e-07,5.4792335e-07,3.3246656e-34,3.3246656e-34
-0.00028142753,-0.00028142753,0.00028142753,0.00028142753,-3.5866492e-15,-3.5866492e-15,-1.8490454e-15,-1.8490454e-15,0.00028142753,0.00028142753,-4.1052948e-05,-4.1052948e-05,-4.9630339e-05,-4.9630339e-05,-4.0658332e-05,-4.0658332e-05,-4.9630339e-05,-4.9630339e-05,4.9441395e-05,4.9441395e-05,1.9843689e-15,1.9843689e-15,3.0531343e-06,3.0531343e-06,3.0531343e-06,3.0531343e-06,4.0289807e-18,4.0289807e-18,-0.00028123859,-0.00028123859,-4.9630339e-05,-4.9630339e-05,-0.00028123859,-0.00028123859,-4.9630339e-05,-4.9630339e-05,2.4012977e-16,2.4012977e-16,-1.1495891e-16,-1.1495891e-16,-0.00033086893,-0.00033086893,1.2541508e-16,1.2541508e-16,-0.00033079785,-0.00033079785,1.7832415e-16,1.7832415e-16,-1.8894462e-07,-1.8894462e-07,4.9630339e-05,4.9630339e-05,-1.8894462e-07,-1.8894462e-07,4.9630339e-05,4.9630339e-05,4.9441395e-05,4.9441395e-05,1.9842536e-15,1.9842536e-15,-0.00028142753,-0.00028142753,-0.00028142753,-0.00028142753,-4.9630339e-05,-4.9630339e-05,-5.2995465e-07,-5.2995465e-07,2.1489231e-18,2.1489231e-18,1.0177114e-08,1.0177114e-08,-5.4013176e-07,-5.4013176e-07,-3.0241152e-06,-3.0241152e-06,1.9859425e-15,1.9859425e-15,0.012455682,0.012455682,1.2600338e-13,1.2600338e-13,0.015643157,0.015643157,6.3472387e-14,6.3472387e-14,-0.00028142753,-0.00028142753,0.00033086893,0.00033086893,-5.6285507e-05,-5.6285507e-05,4.2215135e-16,4.2215135e-16,5.8372173e-14,5.8372173e-14,-5.8388605e-14,-5.8388605e-14,2.4160996e-19,2.4160996e-19,-2.1721464e-19,-2.1721464e-19,-7.1074704e-08,-7.1074704e-08,1.1305513e-18,1.1305513e-18,7.3891677e-19,7.3891677e-19,1.9427585e-19,1.9427585e-19,5.4259704e-07,5.4259704e-07,3.2554478e-34,3.2554478e-34
-0.00027838967,-0.00027838967,0.00027838967,0.00027838967,-3.5906608e-15,-3.5906608e-15,-1.8497799e-15,-1.8497799e-15,0.00027838967,0.00027838967,-4.0609357e-05,-4.0609357e-05,-4.9096021e-05,-4.9096021e-05,-4.0218578e-05,-4.0218578e-05,-4.9096021e-05,-4.9096021e-05,4.8917144e-05,4.8917144e-05,1.9852973e-15,1.9852973e-15,3.0202703e-06,3.0202703e-06,3.0202703e-06,3.0202703e-06,3.9871012e-18,3.9871012e-18,-0.00027821079,-0.00027821079,-4.9096021e-05,-4.9096021e-05,-0.00027821079,-0.00027821079,-4.9096021e-05,-4.9096021e-05,2.4059534e-16,2.4059534e-16,-1.1512447e-16,-1.1512447e-16,-0.00032730681,-0.00032730681,1.2571247e-16,1.2571247e-16,-0.00032723929,-0.00032723929,1.7807392e-16,1.7807392e-16,-1.7887706e-07,-1.7887706e-07,4.9096021e-05,4.9096021e-05,-1.7887706e-07,-1.7887706e-07,4.9096021e-05,4.9096021e-05,4.8917144e-05,4.8917144e-05,1.9851834e-15,1.9851834e-15,-0.00027838967,-0.00027838967,-0.00027838967,-0.00027838967,-4.9096021e-05,-4.9096021e-05,-5.2425026e-07,-5.2425026e-07,2.1264707e-18,2.1264707e-18,1.0067568e-08,1.0067568e-08,-5.3431783e-07,-5.3431783e-07,-2.9836314e-06,-2.9836314e-06,1.9868542e-15,1.9868542e-15,0.012330116,0.012330116,1.2606192e-13,1.2606192e-13,0.015479038,0.015479038,6.3502261e-14,6.3502261e-14,-0.00027838967,-0.00027838967,0.00032730681,0.00032730681,-5.5677933e-05,-5.5677933e-05,4.2239481e-16,4.2239481e-16,5.8406016e-14,5.8406016e-14,-5.842228e-14,-5.842228e-14,2.3909691e-19,2.3909691e-19,-2.1515547e-19,-2.1515547e-19,-6.7520969e-08,-6.7520969e-08,1.1172386e-18,1.1172386e-18,7.3165262e-19,7.3165262e-19,1.9257472e-19,1.9257472e-19,5.3732072e-07,5.3732072e-07,3.1876956e-34,3.1876956e-34
-0.0002753845,-0.0002753845,0.0002753845,0.0002753845,-3.5946723e-15,-3.5946723e-15,-1.8505065e-15,-1.8505065e-15,0.0002753845,0.0002753845,-4.0170637e-05,-4.0170637e-05,-4.8567455e-05,-4.8567455e-05,-3.9783659e-05,-3.9783659e-05,-4.8567455e-05,-4.8567455e-05,4.8398537e-05,4.8398537e-05,1.9862159e-15,1.9862159e-15,2.9877597e-06,2.9877597e-06,2.9877597e-06,2.9877597e-06,3.9456744e-18,3.9456744e-18,-0.00027521558,-0.00027521558,-4.8567455e-05,-4.8567455e-05,-0.00027521558,-0.00027521558,-4.8567455e-05,-4.8567455e-05,2.4105603e-16,2.4105603e-16,-1.1528833e-16,-1.1528833e-16,-0.00032378303,-0.00032378303,1.2600672e-16,1.2600672e-16,-0.00032371889,-0.00032371889,1.7782648e-16,1.7782648e-16,-1.6891786e-07,-1.6891786e-07,4.8567455e-05,4.8567455e-05,-1.6891786e-07,-1.6891786e-07,4.8567455e-05,4.8567455e-05,4.8398537e-05,4.8398537e-05,1.9861032e-15,1.9861032e-15,-0.0002753845,-0.0002753845,-0.0002753845,-0.0002753845,-4.8567455e-05,-4.8567455e-05,-5.1860722e-07,-5.1860722e-07,2.1042611e-18,2.1042611e-18,9.9591992e-09,9.9591992e-09,-5.2856642e-07,-5.2856642e-07,-2.943578e-06,-2.943578e-06,1.9877562e-15,1.9877562e-15,0.012205904,0.012205904,1.2611983e-13,1.2611983e-13,0.015316685,0.015316685,6.3531817e-14,6.3531817e-14,-0.0002753845,-0.0002753845,0.00032378303,0.00032378303,-5.5076899e-05,-5.5076899e-05,4.2263569e-16,4.2263569e-16,5.8439525e-14,5.8439525e-14,-5.8455623e-14,-5.8455623e-14,2.3660993e-19,2.3660993e-19,-2.1311873e-19,-2.1311873e-19,-6.414492e-08,-6.414492e-08,1.1040574e-18,1.1040574e-18,7.2446727e-19,7.2446727e-19,1.908923e-19,1.908923e-19,5.3209395e-07,5.3209395e-07,3.1213777e-34,3.1213777e-34
-0.00027241168,-0.00027241168,0.00027241168,0.00027241168,-3.5986296e-15,-3.5986296e-15,-1.8512254e-15,-1.8512254e-15,0.00027241168,0.00027241168,-3.973673e-05,-3.973673e-05,-4.8044578e-05,-4.8044578e-05,-3.9353519e-05,-3.9353519e-05,-4.8044578e-05,-4.8044578e-05,4.7885512e-05,4.7885512e-05,1.9871247e-15,1.9871247e-15,2.9555989e-06,2.9555989e-06,2.9555989e-06,2.9555989e-06,3.9046953e-18,3.9046953e-18,-0.00027225261,-0.00027225261,-4.8044578e-05,-4.8044578e-05,-0.00027225261,-0.00027225261,-4.8044578e-05,-4.8044578e-05,2.4151191e-16,2.4151191e-16,-1.1545049e-16,-1.1545049e-16,-0.00032029719,-0.00032029719,1.2629788e-16,1.2629788e-16,-0.00032023625,-0.00032023625,1.7758179e-16,1.7758179e-16,-1.5906586e-07,-1.5906586e-07,4.8044578e-05,4.8044578e-05,-1.5906586e-07,-1.5906586e-07,4.8044578e-05,4.8044578e-05,4.7885512e-05,4.7885512e-05,1.9870133e-15,1.9870133e-15,-0.00027241168,-0.00027241168,-0.00027241168,-0.00027241168,-4.8044578e-05,-4.8044578e-05,-5.1302488e-07,-5.1302488e-07,2.0822917e-18,2.0822917e-18,9.8519963e-09,9.8519963e-09,-5.2287687e-07,-5.2287687e-07,-2.9039506e-06,-2.9039506e-06,1.9886487e-15,1.9886487e-15,0.012083032,0.012083032,1.2617713e-13,1.2617713e-13,0.01515608,0.01515608,6.356106e-14,6.356106e-14,-0.00027241168,-0.00027241168,0.00032029719,0.00032029719,-5.4482335e-05,-5.4482335e-05,4.2287402e-16,4.2287402e-16,5.8472703e-14,5.8472703e-14,-5.8488636e-14,-5.8488636e-14,2.3414876e-19,2.3414876e-19,-2.1110416e-19,-2.1110416e-19,-6.0937674e-08,-6.0937674e-08,1.0910069e-18,1.0910069e-18,7.1735984e-19,7.1735984e-19,1.8922837e-19,1.8922837e-19,5.2691632e-07,5.2691632e-07,3.0564632e-34,3.0564632e-34
-0.00026947085,-0.00026947085,0.00026947085,0.00026947085,-3.6025328e-15,-3.6025328e-15,-1.8519365e-15,-1.8519365e-15,0.00026947085,0.00026947085,-3.9307581e-05,-3.9307581e-05,-4.752733e-05,-4.752733e-05,-3.8928099e-05,-3.8928099e-05,-4.752733e-05,-4.752733e-05,4.737801e-05,4.737801e-05,1.9880238e-15,1.9880238e-15,2.9237839e-06,2.9237839e-06,2.9237839e-06,2.9237839e-06,3.864159e-18,3.864159e-18,-0.00026932153,-0.00026932153,-4.752733e-05,-4.752733e-05,-0.00026932153,-0.00026932153,-4.752733e-05,-4.752733e-05,2.4196303e-16,2.4196303e-16,-1.1561098e-16,-1.1561098e-16,-0.00031684886,-0.00031684886,1.2658597e-16,1.2658597e-16,-0.00031679097,-0.00031679097,1.7733982e-16,1.7733982e-16,-1.4931992e-07,-1.4931992e-07,4.752733e-05,4.752733e-05,-1.4931992e-07,-1.4931992e-07,4.752733e-05,4.752733e-05,4.737801e-05,4.737801e-05,1.9879138e-15,1.9879138e-15,-0.00026947085,-0.00026947085,-0.00026947085,-0.00026947085,-4.752733e-05,-4.752733e-05,-5.0750257e-07,-5.0750257e-07,2.0605599e-18,2.0605599e-18,9.7459464e-09,9.7459464e-09,-5.1724852e-07,-5.1724852e-07,-2.8647449e-06,-2.8647449e-06,1.9895316e-15,1.9895316e-15,0.011961487,0.011961487,1.2623381e-13,1.2623381e-13,0.014997204,0.014997204,6.3589993e-14,6.3589993e-14,-0.00026947085,-0.00026947085,0.00031684886,0.00031684886,-5.3894171e-05,-5.3894171e-05,4.2310981e-16,4.2310981e-16,5.8505554e-14,5.8505554e-14,-5.8521324e-14,-5.8521324e-14,2.3171315e-19,2.3171315e-19,-2.0911152e-19,-2.0911152e-19,-5.7890791e-08,-5.7890791e-08,1.0780863e-18,1.0780863e-18,7.1032946e-19,7.1032946e-19,1.8758273e-19,1.8758273e-19,5.217874e-07,5.217874e-07,2.9929221e-34,2.9929221e-34
-0.00026656169,-0.00026656169,0.00026656169,0.00026656169,-3.6063275e-15,-3.6063275e-15,-1.85264e-15,-1.85264e-15,0.00026656169,0.00026656169,-3.8883133e-05,-3.8883133e-05,-4.7015649e-05,-4.7015649e-05,-3.8507346e-05,-3.8507346e-05,-4.7015649e-05,-4.7015649e-05,4.687597e-05,4.687597e-05,1.9889134e-15,1.9889134e-15,2.8923112e-06,2.8923112e-06,2.8923112e-06,2.8923112e-06,3.8240608e-18,3.8240608e-18,-0.00026642201,-0.00026642201,-4.7015649e-05,-4.7015649e-05,-0.00026642201,-0.00026642201,-4.7015649e-05,-4.7015649e-05,2.4240943e-16,2.4240943e-16,-1.1576981e-16,-1.1576981e-16,-0.00031343766,-0.00031343766,1.2687104e-16,1.2687104e-16,-0.00031338266,-0.00031338266,1.7710053e-16,1.7710053e-16,-1.3967888e-07,-1.3967888e-07,4.7015649e-05,4.7015649e-05,-1.3967888e-07,-1.3967888e-07,4.7015649e-05,4.7015649e-05,4.687597e-05,4.687597e-05,1.9888046e-15,1.9888046e-15,-0.00026656169,-0.00026656169,-0.00026656169,-0.00026656169,-4.7015649e-05,-4.7015649e-05,-5.0203966e-07,-5.0203966e-07,2.0390631e-18,2.0390631e-18,9.6410373e-09,9.6410373e-09,-5.116807e-07,-5.116807e-07,-2.8259567e-06,-2.8259567e-06,1.9904052e-15,1.9904052e-15,0.011841252,0.011841252,1.262899e-13,1.262899e-13,0.014840039,0.014840039,6.3618618e-14,6.3618618e-14,-0.00026656169,-0.00026656169,0.00031343766,0.00031343766,-5.3312338e-05,-5.3312338e-05,4.2334311e-16,4.2334311e-16,5.8538082e-14,5.8538082e-14,-5.855369e-14,-5.855369e-14,2.2930283e-19,2.2930283e-19,-2.0714057e-19,-2.0714057e-19,-5.4996251e-08,-5.4996251e-08,1.0652945e-18,1.0652945e-18,7.0337528e-19,7.0337528e-19,1.8595514e-19,1.8595514e-19,5.1670677e-07,5.1670677e-07,2.930725e-34,2.930725e-34
-0.00026368384,-0.00026368384,0.00026368384,0.00026368384,-3.6101222e-15,-3.6101222e-15,-1.853336e-15,-1.853336e-15,0.00026368384,0.00026368384,-3.8463332e-05,-3.8463332e-05,-4.6509476e-05,-4.6509476e-05,-3.8091205e-05,-3.8091205e-05,-4.6509476e-05,-4.6509476e-05,4.6379335e-05,4.6379335e-05,1.9897936e-15,1.9897936e-15,2.861177e-06,2.861177e-06,2.861177e-06,2.861177e-06,3.7843958e-18,3.7843958e-18,-0.0002635537,-0.0002635537,-4.6509476e-05,-4.6509476e-05,-0.0002635537,-0.0002635537,-4.6509476e-05,-4.6509476e-05,2.4285117e-16,2.4285117e-16,-1.15927e-16,-1.15927e-16,-0.00031006317,-0.00031006317,1.271531e-16,1.271531e-16,-0.00031001093,-0.00031001093,1.7686391e-16,1.7686391e-16,-1.3014162e-07,-1.3014162e-07,4.6509476e-05,4.6509476e-05,-1.3014162e-07,-1.3014162e-07,4.6509476e-05,4.6509476e-05,4.6379335e-05,4.6379335e-05,1.989686e-15,1.989686e-15,-0.00026368384,-0.00026368384,-0.00026368384,-0.00026368384,-4.6509476e-05,-4.6509476e-05,-4.9663552e-07,-4.9663552e-07,2.0177986e-18,2.0177986e-18,9.5372567e-09,9.5372567e-09,-5.0617277e-07,-5.0617277e-07,-2.7875817e-06,-2.7875817e-06,1.9912696e-15,1.9912696e-15,0.011722315,0.011722315,1.2634539e-13,1.2634539e-13,0.014684565,0.014684565,6.364694e-14,6.364694e-14,-0.00026368384,-0.00026368384,0.00031006317,0.00031006317,-5.2736768e-05,-5.2736768e-05,4.2357394e-16,4.2357394e-16,5.8570289e-14,5.8570289e-14,-5.8585737e-14,-5.8585737e-14,2.2691757e-19,2.2691757e-19,-2.0519104e-19,-2.0519104e-19,-5.2246439e-08,-5.2246439e-08,1.0526308e-18,1.0526308e-18,6.9649645e-19,6.9649645e-19,1.8434541e-19,1.8434541e-19,5.11674e-07,5.11674e-07,2.8698431e-34,2.8698431e-34
-0.00026083697,-0.00026083697,0.00026083697,0.00026083697,-3.6138627e-15,-3.6138627e-15,-1.8540245e-15,-1.8540245e-15,0.00026083697,0.00026083697,-3.8048123e-05,-3.8048123e-05,-4.6008752e-05,-4.6008752e-05,-3.7679622e-05,-3.7679622e-05,-4.6008752e-05,-4.6008752e-05,4.5888045e-05,4.5888045e-05,1.9906644e-15,1.9906644e-15,2.8303777e-06,2.8303777e-06,2.8303777e-06,2.8303777e-06,3.7451593e-18,3.7451593e-18,-0.00026071626,-0.00026071626,-4.6008752e-05,-4.6008752e-05,-0.00026071626,-0.00026071626,-4.6008752e-05,-4.6008752e-05,2.432883e-16,2.432883e-16,-1.1608258e-16,-1.1608258e-16,-0.00030672501,-0.00030672501,1.2743221e-16,1.2743221e-16,-0.00030667538,-0.00030667538,1.7662992e-16,1.7662992e-16,-1.2070703e-07,-1.2070703e-07,4.6008752e-05,4.6008752e-05,-1.2070703e-07,-1.2070703e-07,4.6008752e-05,4.6008752e-05,4.5888045e-05,4.5888045e-05,1.9905581e-15,1.9905581e-15,-0.00026083697,-0.00026083697,-0.00026083697,-0.00026083697,-4.6008752e-05,-4.6008752e-05,-4.912895e-07,-4.912895e-07,1.996764e-18,1.996764e-18,9.4345924e-09,9.4345924e-09,-5.0072409e-07,-5.0072409e-07,-2.7496156e-06,-2.7496156e-06,1.9921247e-15,1.9921247e-15,0.01160466,0.01160466,1.2640029e-13,1.2640029e-13,0.014530765,0.014530765,6.3674962e-14,6.3674962e-14,-0.00026083697,-0.00026083697,0.00030672501,0.00030672501,-5.2167394e-05,-5.2167394e-05,4.2380233e-16,4.2380233e-16,5.860218e-14,5.860218e-14,-5.8617469e-14,-5.8617469e-14,2.2455711e-19,2.2455711e-19,-2.0326271e-19,-2.0326271e-19,-4.9634117e-08,-4.9634117e-08,1.040094e-18,1.040094e-18,6.8969214e-19,6.8969214e-19,1.8275333e-19,1.8275333e-19,5.0668868e-07,5.0668868e-07,2.8102483e-34,2.8102483e-34
-0.00025802074,-0.00025802074,0.00025802074,0.00025802074,-3.6176574e-15,-3.6176574e-15,-1.8547057e-15,-1.8547057e-15,0.00025802074,0.00025802074,-3.7637453e-05,-3.7637453e-05,-4.5513418e-05,-4.5513418e-05,-3.7272544e-05,-3.7272544e-05,-4.5513418e-05,-4.5513418e-05,4.5402044e-05,4.5402044e-05,1.9915259e-15,1.9915259e-15,2.7999098e-06,2.7999098e-06,2.7999098e-06,2.7999098e-06,3.7063466e-18,3.7063466e-18,-0.00025790937,-0.00025790937,-4.5513418e-05,-4.5513418e-05,-0.00025790937,-0.00025790937,-4.5513418e-05,-4.5513418e-05,2.4372086e-16,2.4372086e-16,-1.1623655e-16,-1.1623655e-16,-0.00030342279,-0.00030342279,1.2770837e-16,1.2770837e-16,-0.00030337563,-0.00030337563,1.7639854e-16,1.7639854e-16,-1.11374e-07,-1.11374e-07,4.5513418e-05,4.5513418e-05,-1.11374e-07,-1.11374e-07,4.5513418e-05,4.5513418e-05,4.5402044e-05,4.5402044e-05,1.9914208e-15,1.9914208e-15,-0.00025802074,-0.00025802074,-0.00025802074,-0.00025802074,-4.5513418e-05,-4.5513418e-05,-4.8600099e-07,-4.8600099e-07,1.9759566e-18,1.9759566e-18,9.3330326e-09,9.3330326e-09,-4.9533403e-07,-4.9533403e-07,-2.7120543e-06,-2.7120543e-06,1.9929708e-15,1.9929708e-15,0.011488274,0.011488274,1.2645461e-13,1.2645461e-13,0.014378621,0.014378621,6.3702687e-14,6.3702687e-14,-0.00025802074,-0.00025802074,0.00030342279,0.00030342279,-5.1604149e-05,-5.1604149e-05,4.2402829e-16,4.2402829e-16,5.8633757e-14,5.8633757e-14,-5.864889e-14,-5.864889e-14,2.2222121e-19,2.2222121e-19,-2.0135534e-19,-2.0135534e-19,-4.7152411e-08,-4.7152411e-08,1.0276834e-18,1.0276834e-18,6.8296151e-19,6.8296151e-19,1.8117868e-19,1.8117868e-19,5.017504e-07,5.017504e-07,2.751913e-34,2.751913e-34
-0.00025523483,-0.00025523483,0.00025523483,0.00025523483,-3.6213979e-15,-3.6213979e-15,-1.8553796e-15,-1.8553796e-15,0.00025523483,0.00025523483,-3.723127e-05,-3.723127e-05,-4.5023416e-05,-4.5023416e-05,-3.6869918e-05,-3.6869918e-05,-4.5023416e-05,-4.5023416e-05,4.4921275e-05,4.4921275e-05,1.9923783e-15,1.9923783e-15,2.7697696e-06,2.7697696e-06,2.7697696e-06,2.7697696e-06,3.6679532e-18,3.6679532e-18,-0.00025513269,-0.00025513269,-4.5023416e-05,-4.5023416e-05,-0.00025513269,-0.00025513269,-4.5023416e-05,-4.5023416e-05,2.4414891e-16,2.4414891e-16,-1.1638893e-16,-1.1638893e-16,-0.00030015611,-0.00030015611,1.2798164e-16,1.2798164e-16,-0.00030011131,-0.00030011131,1.7616972e-16,1.7616972e-16,-1.0214143e-07,-1.0214143e-07,4.5023416e-05,4.5023416e-05,-1.0214143e-07,-1.0214143e-07,4.5023416e-05,4.5023416e-05,4.4921275e-05,4.4921275e-05,1.9922744e-15,1.9922744e-15,-0.00025523483,-0.00025523483,-0.00025523483,-0.00025523483,-4.5023416e-05,-4.5023416e-05,-4.8076938e-07,-4.8076938e-07,1.9553742e-18,1.9553742e-18,9.2325653e-09,9.2325653e-09,-4.9000194e-07,-4.9000194e-07,-2.6748935e-06,-2.6748935e-06,1.9938079e-15,1.9938079e-15,0.011373144,0.011373144,1.2650836e-13,1.2650836e-13,0.014228115,0.014228115,6.3730117e-14,6.3730117e-14,-0.00025523483,-0.00025523483,0.00030015611,0.00030015611,-5.1046967e-05,-5.1046967e-05,4.2425186e-16,4.2425186e-16,5.8665025e-14,5.8665025e-14,-5.8680002e-14,-5.8680002e-14,2.1990961e-19,2.1990961e-19,-1.9946868e-19,-1.9946868e-19,-4.479479e-08,-4.479479e-08,1.0153979e-18,1.0153979e-18,6.7630377e-19,6.7630377e-19,1.7962126e-19,1.7962126e-19,4.9685875e-07,4.9685875e-07,2.6948103e-34,2.6948103e-34
-0.00025247891,-0.00025247891,0.00025247891,0.00025247891,-3.6249758e-15,-3.6249758e-15,-1.8560463e-15,-1.8560463e-15,0.00025247891,0.00025247891,-3.6829522e-05,-3.6829522e-05,-4.4538689e-05,-4.4538689e-05,-3.6471695e-05,-3.6471695e-05,-4.4538689e-05,-4.4538689e-05,4.4445681e-05,4.4445681e-05,1.9932217e-15,1.9932217e-15,2.7399537e-06,2.7399537e-06,2.7399537e-06,2.7399537e-06,3.6299743e-18,3.6299743e-18,-0.0002523859,-0.0002523859,-4.4538689e-05,-4.4538689e-05,-0.0002523859,-0.0002523859,-4.4538689e-05,-4.4538689e-05,2.4457249e-16,2.4457249e-16,-1.1653974e-16,-1.1653974e-16,-0.00029692459,-0.00029692459,1.2825204e-16,1.2825204e-16,-0.00029688204,-0.00029688204,1.7594346e-16,1.7594346e-16,-9.3008252e-08,-9.3008252e-08,4.4538689e-05,4.4538689e-05,-9.3008252e-08,-9.3008252e-08,4.4538689e-05,4.4538689e-05,4.4445681e-05,4.4445681e-05,1.993119e-15,1.993119e-15,-0.00025247891,-0.00025247891,-0.00025247891,-0.00025247891,-4.4538689e-05,-4.4538689e-05,-4.7559404e-07,-4.7559404e-07,1.9350141e-18,1.9350141e-18,9.1331789e-09,9.1331789e-09,-4.8472722e-07,-4.8472722e-07,-2.6381293e-06,-2.6381293e-06,1.9946361e-15,1.9946361e-15,0.011259255,0.011259255,1.2656153e-13,1.2656153e-13,0.01407923,0.01407923,6.3757257e-14,6.3757257e-14,-0.00025247891,-0.00025247891,0.00029692459,0.00029692459,-5.0495782e-05,-5.0495782e-05,4.2447307e-16,4.2447307e-16,5.8695986e-14,5.8695986e-14,-5.8710809e-14,-5.8710809e-14,2.1762208e-19,2.1762208e-19,-1.9760251e-19,-1.9760251e-19,-4.2555051e-08,-4.2555051e-08,1.0032367e-18,1.0032367e-18,6.6971809e-19,6.6971809e-19,1.7808088e-19,1.7808088e-19,4.9201333e-07,4.9201333e-07,2.6389138e-34,2.6389138e-34
-0.00024975266,-0.00024975266,0.00024975266,0.00024975266,-3.6286078e-15,-3.6286078e-15,-1.8567058e-15,-1.8567058e-15,0.00024975266,0.00024975266,-3.6432159e-05,-3.6432159e-05,-4.405918e-05,-4.405918e-05,-3.6077821e-05,-3.6077821e-05,-4.405918e-05,-4.405918e-05,4.3975206e-05,4.3975206e-05,1.9940561e-15,1.9940561e-15,2.7104585e-06,2.7104585e-06,2.7104585e-06,2.7104585e-06,3.5924056e-18,3.5924056e-18,-0.00024966868,-0.00024966868,-4.405918e-05,-4.405918e-05,-0.00024966868,-0.00024966868,-4.405918e-05,-4.405918e-05,2.4499166e-16,2.4499166e-16,-1.16689e-16,-1.16689e-16,-0.00029372786,-0.00029372786,1.285196e-16,1.285196e-16,-0.00029368744,-0.00029368744,1.7571971e-16,1.7571971e-16,-8.397339e-08,-8.397339e-08,4.405918e-05,4.405918e-05,-8.397339e-08,-8.397339e-08,4.405918e-05,4.405918e-05,4.3975206e-05,4.3975206e-05,1.9939546e-15,1.9939546e-15,-0.00024975266,-0.00024975266,-0.00024975266,-0.00024975266,-4.405918e-05,-4.405918e-05,-4.7047438e-07,-4.7047438e-07,1.9148739e-18,1.9148739e-18,9.0348617e-09,9.0348617e-09,-4.7950924e-07,-4.7950924e-07,-2.6017574e-06,-2.6017574e-06,1.9954555e-15,1.9954555e-15,0.011146594,0.011146594,1.2661414e-13,1.2661414e-13,0.013931947,0.013931947,6.378411e-14,6.378411e-14,-0.00024975266,-0.00024975266,0.00029372786,0.00029372786,-4.9950532e-05,-4.9950532e-05,4.2469194e-16,4.2469194e-16,5.8726643e-14,5.8726643e-14,-5.8741314e-14,-5.8741314e-14,2.1535838e-19,2.1535838e-19,-1.957566e-19,-1.957566e-19,-4.0427298e-08,-4.0427298e-08,9.9119867e-19,9.9119867e-19,6.6320369e-19,6.6320369e-19,1.7655734e-19,1.7655734e-19,4.8721372e-07,4.8721372e-07,2.5841978e-34,2.5841978e-34
-0.00024705575,-0.00024705575,0.00024705575,0.00024705575,-3.6321857e-15,-3.6321857e-15,-1.8573583e-15,-1.8573583e-15,0.00024705575,0.00024705575,-3.6039129e-05,-3.6039129e-05,-4.3584832e-05,-4.3584832e-05,-3.5688249e-05,-3.5688249e-05,-4.3584832e-05,-4.3584832e-05,4.3509796e-05,4.3509796e-05,1.9948816e-15,1.9948816e-15,2.6812807e-06,2.6812807e-06,2.6812807e-06,2.6812807e-06,3.5552424e-18,3.5552424e-18,-0.00024698072,-0.00024698072,-4.3584832e-05,-4.3584832e-05,-0.00024698072,-0.00024698072,-4.3584832e-05,-4.3584832e-05,2.4540645e-16,2.4540645e-16,-1.1683672e-16,-1.1683672e-16,-0.00029056555,-0.00029056555,1.2878435e-16,1.2878435e-16,-0.00029052714,-0.00029052714,1.7549846e-16,1.7549846e-16,-7.5035788e-08,-7.5035788e-08,4.3584832e-05,4.3584832e-05,-7.5035788e-08,-7.5035788e-08,4.3584832e-05,4.3584832e-05,4.3509796e-05,4.3509796e-05,1.9947813e-15,1.9947813e-15,-0.00024705575,-0.00024705575,-0.00024705575,-0.00024705575,-4.3584832e-05,-4.3584832e-05,-4.654098e-07,-4.654098e-07,1.8949513e-18,1.8949513e-18,8.9376023e-09,8.9376023e-09,-4.743474e-07,-4.743474e-07,-2.5657738e-06,-2.5657738e-06,1.9962662e-15,1.9962662e-15,0.011035148,0.011035148,1.2666619e-13,1.2666619e-13,0.01378625,0.01378625,6.3810677e-14,6.3810677e-14,-0.00024705575,-0.00024705575,0.00029056555,0.00029056555,-4.941115e-05,-4.941115e-05,4.2490849e-16,4.2490849e-16,5.8757001e-14,5.8757001e-14,-5.877152e-14,-5.877152e-14,2.1311827e-19,2.1311827e-19,-1.9393072e-19,-1.9393072e-19,-3.8405933e-08,-3.8405933e-08,9.7928292e-19,9.7928292e-19,6.5675978e-19,6.5675978e-19,1.7505045e-19,1.7505045e-19,4.8245952e-07,4.8245952e-07,2.5306371e-34,2.5306371e-34
-0.00024438788,-0.00024438788,0.00024438788,0.00024438788,-3.6357094e-15,-3.6357094e-15,-1.8580038e-15,-1.8580038e-15,0.00024438788,0.00024438788,-3.5650383e-05,-3.5650383e-05,-4.3115591e-05,-4.3115591e-05,-3.5302928e-05,-3.5302928e-05,-4.3115591e-05,-4.3115591e-05,4.3049397e-05,4.3049397e-05,1.9956984e-15,1.9956984e-15,2.6524168e-06,2.6524168e-06,2.6524168e-06,2.6524168e-06,3.5184805e-18,3.5184805e-18,-0.00024432168,-0.00024432168,-4.3115591e-05,-4.3115591e-05,-0.00024432168,-0.00024432168,-4.3115591e-05,-4.3115591e-05,2.4581692e-16,2.4581692e-16,-1.1698292e-16,-1.1698292e-16,-0.00028743727,-0.00028743727,1.2904632e-16,1.2904632e-16,-0.00028740079,-0.00028740079,1.7527967e-16,1.7527967e-16,-6.6194399e-08,-6.6194399e-08,4.3115591e-05,4.3115591e-05,-6.6194399e-08,-6.6194399e-08,4.3115591e-05,4.3115591e-05,4.3049397e-05,4.3049397e-05,1.9955992e-15,1.9955992e-15,-0.00024438788,-0.00024438788,-0.00024438788,-0.00024438788,-4.3115591e-05,-4.3115591e-05,-4.6039971e-07,-4.6039971e-07,1.8752439e-18,1.8752439e-18,8.8413893e-09,8.8413893e-09,-4.692411e-07,-4.692411e-07,-2.5301746e-06,-2.5301746e-06,1.9970684e-15,1.9970684e-15,0.010924903,0.010924903,1.2671769e-13,1.2671769e-13,0.013642121,0.013642121,6.3836964e-14,6.3836964e-14,-0.00024438788,-0.00024438788,0.00028743727,0.00028743727,-4.8877575e-05,-4.8877575e-05,4.2512275e-16,4.2512275e-16,5.8787061e-14,5.8787061e-14,-5.8801432e-14,-5.8801432e-14,2.1090152e-19,2.1090152e-19,-1.9212465e-19,-1.9212465e-19,-3.6485637e-08,-3.6485637e-08,9.6748845e-19,9.6748845e-19,6.5038558e-19,6.5038558e-19,1.7356001e-19,1.7356001e-19,4.7775034e-07,4.7775034e-07,2.4782069e-34,2.4782069e-34
-0.00024174872,-0.00024174872,0.00024174872,0.00024174872,-3.639233e-15,-3.639233e-15,-1.8586424e-15,-1.8586424e-15,0.00024174872,0.00024174872,-3.5265872e-05,-3.5265872e-05,-4.2651401e-05,-4.2651401e-05,-3.4921809e-05,-3.4921809e-05,-4.2651401e-05,-4.2651401e-05,4.2593953e-05,4.2593953e-05,1.9965065e-15,1.9965065e-15,2.6238635e-06,2.6238635e-06,2.6238635e-06,2.6238635e-06,3.4821155e-18,3.4821155e-18,-0.00024169127,-0.00024169127,-4.2651401e-05,-4.2651401e-05,-0.00024169127,-0.00024169127,-4.2651401e-05,-4.2651401e-05,2.4622312e-16,2.4622312e-16,-1.1712762e-16,-1.1712762e-16,-0.00028434268,-0.00028434268,1.2930555e-16,1.2930555e-16,-0.00028430801,-0.00028430801,1.7506332e-16,1.7506332e-16,-5.7448187e-08,-5.7448187e-08,4.2651401e-05,4.2651401e-05,-5.7448187e-08,-5.7448187e-08,4.2651401e-05,4.2651401e-05,4.2593953e-05,4.2593953e-05,1.9964085e-15,1.9964085e-15,-0.00024174872,-0.00024174872,-0.00024174872,-0.00024174872,-4.2651401e-05,-4.2651401e-05,-4.5544352e-07,-4.5544352e-07,1.8557494e-18,1.8557494e-18,8.7462116e-09,8.7462116e-09,-4.6418974e-07,-4.6418974e-07,-2.4949557e-06,-2.4949557e-06,1.997862e-15,1.997862e-15,0.010815847,0.010815847,1.2676865e-13,1.2676865e-13,0.013499544,0.013499544,6.3862972e-14,6.3862972e-14,-0.00024174872,-0.00024174872,0.00028434268,0.00028434268,-4.8349745e-05,-4.8349745e-05,4.2533474e-16,4.2533474e-16,5.8816828e-14,5.8816828e-14,-5.8831051e-14,-5.8831051e-14,2.0870788e-19,2.0870788e-19,-1.9033817e-19,-1.9033817e-19,-3.4661355e-08,-3.4661355e-08,9.5581429e-19,9.5581429e-19,6.4408033e-19,6.4408033e-19,1.7208583e-19,1.7208583e-19,4.7308578e-07,4.7308578e-07,2.4268831e-34,2.4268831e-34
-0.00023913798,-0.00023913798,0.00023913798,0.00023913798,-3.6427296e-15,-3.6427296e-15,-1.8592742e-15,-1.8592742e-15,0.00023913798,0.00023913798,-3.4885548e-05,-3.4885548e-05,-4.2192209e-05,-4.2192209e-05,-3.4544846e-05,-3.4544846e-05,-4.2192209e-05,-4.2192209e-05,4.2143413e-05,4.2143413e-05,1.9973061e-15,1.9973061e-15,2.5956174e-06,2.5956174e-06,2.5956174e-06,2.5956174e-06,3.446143e-18,3.446143e-18,-0.00023908918,-0.00023908918,-4.2192209e-05,-4.2192209e-05,-0.00023908918,-0.00023908918,-4.2192209e-05,-4.2192209e-05,2.4662508e-16,2.4662508e-16,-1.1727082e-16,-1.1727082e-16,-0.00028128139,-0.00028128139,1.2956206e-16,1.2956206e-16,-0.00028124846,-0.00028124846,1.7484938e-16,1.7484938e-16,-4.8796129e-08,-4.8796129e-08,4.2192209e-05,4.2192209e-05,-4.8796129e-08,-4.8796129e-08,4.2192209e-05,4.2192209e-05,4.2143413e-05,4.2143413e-05,1.9972092e-15,1.9972092e-15,-0.00023913798,-0.00023913798,-0.00023913798,-0.00023913798,-4.2192209e-05,-4.2192209e-05,-4.5054066e-07,-4.5054066e-07,1.8364653e-18,1.8364653e-18,8.6520579e-09,8.6520579e-09,-4.5919272e-07,-4.5919272e-07,-2.4601132e-06,-2.4601132e-06,1.9986472e-15,1.9986472e-15,0.010707967,0.010707967,1.2681906e-13,1.2681906e-13,0.013358502,0.013358502,6.3888705e-14,6.3888705e-14,-0.00023913798,-0.00023913798,0.00028128139,0.00028128139,-4.7827596e-05,-4.7827596e-05,4.2554449e-16,4.2554449e-16,5.8846305e-14,5.8846305e-14,-5.8860381e-14,-5.8860381e-14,2.0653713e-19,2.0653713e-19,-1.8857105e-19,-1.8857105e-19,-3.2928287e-08,-3.2928287e-08,9.4425944e-19,9.4425944e-19,6.3784326e-19,6.3784326e-19,1.7062773e-19,1.7062773e-19,4.6846545e-07,4.6846545e-07,2.3766421e-34,2.3766421e-34
-0.00023655534,-0.00023655534,0.00023655534,0.00023655534,-3.6461177e-15,-3.6461177e-15,-1.8598993e-15,-1.8598993e-15,0.00023655534,0.00023655534,-3.4509364e-05,-3.4509364e-05,-4.1737959e-05,-4.1737959e-05,-3.417199e-05,-3.417199e-05,-4.1737959e-05,-4.1737959e-05,4.1697722e-05,4.1697722e-05,1.9980972e-15,1.9980972e-15,2.5676752e-06,2.5676752e-06,2.5676752e-06,2.5676752e-06,3.4105587e-18,3.4105587e-18,-0.0002365151,-0.0002365151,-4.1737959e-05,-4.1737959e-05,-0.0002365151,-0.0002365151,-4.1737959e-05,-4.1737959e-05,2.4702286e-16,2.4702286e-16,-1.1741256e-16,-1.1741256e-16,-0.00027825306,-0.00027825306,1.2981588e-16,1.2981588e-16,-0.00027822178,-0.00027822178,1.7463782e-16,1.7463782e-16,-4.0237212e-08,-4.0237212e-08,4.1737959e-05,4.1737959e-05,-4.0237212e-08,-4.0237212e-08,4.1737959e-05,4.1737959e-05,4.1697722e-05,4.1697722e-05,1.9980014e-15,1.9980014e-15,-0.00023655534,-0.00023655534,-0.00023655534,-0.00023655534,-4.1737959e-05,-4.1737959e-05,-4.4569056e-07,-4.4569056e-07,1.8173895e-18,1.8173895e-18,8.5589173e-09,8.5589173e-09,-4.5424947e-07,-4.5424947e-07,-2.4256432e-06,-2.4256432e-06,1.9994241e-15,1.9994241e-15,0.01060125,0.01060125,1.2686894e-13,1.2686894e-13,0.013218978,0.013218978,6.3914166e-14,6.3914166e-14,-0.00023655534,-0.00023655534,0.00027825306,0.00027825306,-4.7311068e-05,-4.7311068e-05,4.2575203e-16,4.2575203e-16,5.8875494e-14,5.8875494e-14,-5.8889425e-14,-5.8889425e-14,2.0438905e-19,2.0438905e-19,-1.8682309e-19,-1.8682309e-19,-3.1281873e-08,-3.1281873e-08,9.3282292e-19,9.3282292e-19,6.3167364e-19,6.3167364e-19,1.6918552e-19,1.6918552e-19,4.6388896e-07,4.6388896e-07,2.3274608e-34,2.3274608e-34
-0.0002340005,-0.0002340005,0.0002340005,0.0002340005,-3.6495329e-15,-3.6495329e-15,-1.8605176e-15,-1.8605176e-15,0.0002340005,0.0002340005,-3.4137272e-05,-3.4137272e-05,-4.12886e-05,-4.12886e-05,-3.3803195e-05,-3.3803195e-05,-4.12886e-05,-4.12886e-05,4.1256829e-05,4.1256829e-05,1.9988799e-15,1.9988799e-15,2.5400337e-06,2.5400337e-06,2.5400337e-06,2.5400337e-06,3.3753585e-18,3.3753585e-18,-0.00023396873,-0.00023396873,-4.12886e-05,-4.12886e-05,-0.00023396873,-0.00023396873,-4.12886e-05,-4.12886e-05,2.474165e-16,2.474165e-16,-1.1755283e-16,-1.1755283e-16,-0.00027525733,-0.00027525733,1.3006704e-16,1.3006704e-16,-0.00027522761,-0.00027522761,1.7442862e-16,1.7442862e-16,-3.1770433e-08,-3.1770433e-08,4.12886e-05,4.12886e-05,-3.1770433e-08,-3.1770433e-08,4.12886e-05,4.12886e-05,4.1256829e-05,4.1256829e-05,1.9987852e-15,1.9987852e-15,-0.0002340005,-0.0002340005,-0.0002340005,-0.0002340005,-4.12886e-05,-4.12886e-05,-4.4089264e-07,-4.4089264e-07,1.7985196e-18,1.7985196e-18,8.4667789e-09,8.4667789e-09,-4.4935942e-07,-4.4935942e-07,-2.3915417e-06,-2.3915417e-06,2.0001928e-15,2.0001928e-15,0.010495683,0.010495683,1.269183e-13,1.269183e-13,0.013080957,0.013080957,6.3939357e-14,6.3939357e-14,-0.0002340005,-0.0002340005,0.00027525733,0.00027525733,-4.68001e-05,-4.68001e-05,4.2595737e-16,4.2595737e-16,5.89044e-14,5.89044e-14,-5.8918186e-14,-5.8918186e-14,2.0226339e-19,2.0226339e-19,-1.8509407e-19,-1.8509407e-19,-2.9717779e-08,-2.9717779e-08,9.2150374e-19,9.2150374e-19,6.2557071e-19,6.2557071e-19,1.6775903e-19,1.6775903e-19,4.5935591e-07,4.5935591e-07,2.2793166e-34,2.2793166e-34
-0.00023147317,-0.00023147317,0.00023147317,0.00023147317,-3.6528669e-15,-3.6528669e-15,-1.8611294e-15,-1.8611294e-15,0.00023147317,0.00023147317,-3.3769226e-05,-3.3769226e-05,-4.0844078e-05,-4.0844078e-05,-3.3438414e-05,-3.3438414e-05,-4.0844078e-05,-4.0844078e-05,4.0820683e-05,4.0820683e-05,1.9996543e-15,1.9996543e-15,2.5126896e-06,2.5126896e-06,2.5126896e-06,2.5126896e-06,3.3405382e-18,3.3405382e-18,-0.00023144977,-0.00023144977,-4.0844078e-05,-4.0844078e-05,-0.00023144977,-0.00023144977,-4.0844078e-05,-4.0844078e-05,2.4780604e-16,2.4780604e-16,-1.1769167e-16,-1.1769167e-16,-0.00027229385,-0.00027229385,1.3031557e-16,1.3031557e-16,-0.00027226562,-0.00027226562,1.7422176e-16,1.7422176e-16,-2.3394801e-08,-2.3394801e-08,4.0844078e-05,4.0844078e-05,-2.3394801e-08,-2.3394801e-08,4.0844078e-05,4.0844078e-05,4.0820683e-05,4.0820683e-05,1.9995608e-15,1.9995608e-15,-0.00023147317,-0.00023147317,-0.00023147317,-0.00023147317,-4.0844078e-05,-4.0844078e-05,-4.3614634e-07,-4.3614634e-07,1.7798534e-18,1.7798534e-18,8.3756319e-09,8.3756319e-09,-4.4452198e-07,-4.4452198e-07,-2.357805e-06,-2.357805e-06,2.0009533e-15,2.0009533e-15,0.010391254,0.010391254,1.2696713e-13,1.2696713e-13,0.012944421,0.012944421,6.3964282e-14,6.3964282e-14,-0.00023147317,-0.00023147317,0.00027229385,0.00027229385,-4.6294634e-05,-4.6294634e-05,4.2616055e-16,4.2616055e-16,5.8933023e-14,5.8933023e-14,-5.8946668e-14,-5.8946668e-14,2.0015994e-19,2.0015994e-19,-1.8338378e-19,-1.8338378e-19,-2.823189e-08,-2.823189e-08,9.1030089e-19,9.1030089e-19,6.1953374e-19,6.1953374e-19,1.6634808e-19,1.6634808e-19,4.5486593e-07,4.5486593e-07,2.2321874e-34,2.2321874e-34
-0.00022897304,-0.00022897304,0.00022897304,0.00022897304,-3.6562279e-15,-3.6562279e-15,-1.8617346e-15,-1.8617346e-15,0.00022897304,0.00022897304,-3.340518e-05,-3.340518e-05,-4.0404341e-05,-4.0404341e-05,-3.3077603e-05,-3.3077603e-05,-4.0404341e-05,-4.0404341e-05,4.0389232e-05,4.0389232e-05,2.0004205e-15,2.0004205e-15,2.4856397e-06,2.4856397e-06,2.4856397e-06,2.4856397e-06,3.3060936e-18,3.3060936e-18,-0.00022895793,-0.00022895793,-4.0404341e-05,-4.0404341e-05,-0.00022895793,-0.00022895793,-4.0404341e-05,-4.0404341e-05,2.4819153e-16,2.4819153e-16,-1.1782908e-16,-1.1782908e-16,-0.00026936227,-0.00026936227,1.305615e-16,1.305615e-16,-0.00026933545,-0.00026933545,1.740172e-16,1.740172e-16,-1.5109335e-08,-1.5109335e-08,4.0404341e-05,4.0404341e-05,-1.5109335e-08,-1.5109335e-08,4.0404341e-05,4.0404341e-05,4.0389232e-05,4.0389232e-05,2.000328e-15,2.000328e-15,-0.00022897304,-0.00022897304,-0.00022897304,-0.00022897304,-4.0404341e-05,-4.0404341e-05,-4.3145112e-07,-4.3145112e-07,1.7613888e-18,1.7613888e-18,8.2854658e-09,8.2854658e-09,-4.3973659e-07,-4.3973659e-07,-2.3244293e-06,-2.3244293e-06,2.0017058e-15,2.0017058e-15,0.01028795,0.01028795,1.2701544e-13,1.2701544e-13,0.012809356,0.012809356,6.3988943e-14,6.3988943e-14,-0.00022897304,-0.00022897304,0.00026936227,0.00026936227,-4.5794609e-05,-4.5794609e-05,4.2636158e-16,4.2636158e-16,5.8961369e-14,5.8961369e-14,-5.8974873e-14,-5.8974873e-14,1.9807847e-19,1.9807847e-19,-1.8169202e-19,-1.8169202e-19,-2.6820296e-08,-2.6820296e-08,8.9921338e-19,8.9921338e-19,6.1356202e-19,6.1356202e-19,1.6495249e-19,1.6495249e-19,4.5041863e-07,4.5041863e-07,2.1860515e-34,2.1860515e-34
-0.00022649983,-0.00022649983,0.00022649983,0.00022649983,-3.6595347e-15,-3.6595347e-15,-1.8623334e-15,-1.8623334e-15,0.00022649983,0.00022649983,-3.304509e-05,-3.304509e-05,-3.9969339e-05,-3.9969339e-05,-3.2720716e-05,-3.2720716e-05,-3.9969339e-05,-3.9969339e-05,3.9962425e-05,3.9962425e-05,2.0011786e-15,2.0011786e-15,2.458881e-06,2.458881e-06,2.458881e-06,2.458881e-06,3.2720206e-18,3.2720206e-18,-0.00022649292,-0.00022649292,-3.9969339e-05,-3.9969339e-05,-0.00022649292,-0.00022649292,-3.9969339e-05,-3.9969339e-05,2.4857301e-16,2.4857301e-16,-1.1796508e-16,-1.1796508e-16,-0.00026646226,-0.00026646226,1.3080485e-16,1.3080485e-16,-0.00026643678,-0.00026643678,1.7381493e-16,1.7381493e-16,-6.9130655e-09,-6.9130655e-09,3.9969339e-05,3.9969339e-05,-6.9130655e-09,-6.9130655e-09,3.9969339e-05,3.9969339e-05,3.9962425e-05,3.9962425e-05,2.0010872e-15,2.0010872e-15,-0.00022649983,-0.00022649983,-0.00022649983,-0.00022649983,-3.9969339e-05,-3.9969339e-05,-4.2680643e-07,-4.2680643e-07,1.7431234e-18,1.7431234e-18,8.19627e-09,8.19627e-09,-4.350027e-07,-4.350027e-07,-2.2914107e-06,-2.2914107e-06,2.0024504e-15,2.0024504e-15,0.010185761,0.010185761,1.2706325e-13,1.2706325e-13,0.012675744,0.012675744,6.4013344e-14,6.4013344e-14,-0.00022649983,-0.00022649983,0.00026646226,0.00026646226,-4.5299966e-05,-4.5299966e-05,4.2656048e-16,4.2656048e-16,5.898944e-14,5.898944e-14,-5.9002804e-14,-5.9002804e-14,1.9601876e-19,1.9601876e-19,-1.8001857e-19,-1.8001857e-19,-2.5479281e-08,-2.5479281e-08,8.8824021e-19,8.8824021e-19,6.0765483e-19,6.0765483e-19,1.6357208e-19,1.6357208e-19,4.4601363e-07,4.4601363e-07,2.1408877e-34,2.1408877e-34
-0.00022405324,-0.00022405324,0.00022405324,0.00022405324,-3.6627602e-15,-3.6627602e-15,-1.8629258e-15,-1.8629258e-15,0.00022405324,0.00022405324,-3.2688911e-05,-3.2688911e-05,-3.9539019e-05,-3.9539019e-05,-3.236771e-05,-3.236771e-05,-3.9539019e-05,-3.9539019e-05,3.9540214e-05,3.9540214e-05,2.0019286e-15,2.0019286e-15,2.4324102e-06,2.4324102e-06,2.4324102e-06,2.4324102e-06,3.2383153e-18,3.2383153e-18,-0.00022405444,-0.00022405444,-3.9539019e-05,-3.9539019e-05,-0.00022405444,-0.00022405444,-3.9539019e-05,-3.9539019e-05,2.4895053e-16,2.4895053e-16,-1.1809968e-16,-1.1809968e-16,-0.00026359346,-0.00026359346,1.3104566e-16,1.3104566e-16,-0.00026356925,-0.00026356925,1.7361492e-16,1.7361492e-16,1.1949685e-09,1.1949685e-09,3.9539019e-05,3.9539019e-05,1.1949685e-09,1.1949685e-09,3.9539019e-05,3.9539019e-05,3.9540214e-05,3.9540214e-05,2.0018384e-15,2.0018384e-15,-0.00022405324,-0.00022405324,-0.00022405324,-0.00022405324,-3.9539019e-05,-3.9539019e-05,-4.2221171e-07,-4.2221171e-07,1.7250552e-18,1.7250552e-18,8.108034e-09,8.108034e-09,-4.3031974e-07,-4.3031974e-07,-2.2587456e-06,-2.2587456e-06,2.003187e-15,2.003187e-15,0.010084672,0.010084672,1.2711054e-13,1.2711054e-13,0.012543571,0.012543571,6.4037486e-14,6.4037486e-14,-0.00022405324,-0.00022405324,0.00026359346,0.00026359346,-4.4810649e-05,-4.4810649e-05,4.2675729e-16,4.2675729e-16,5.9017238e-14,5.9017238e-14,-5.9030464e-14,-5.9030464e-14,1.9398059e-19,1.9398059e-19,-1.7836324e-19,-1.7836324e-19,-2.4205317e-08,-2.4205317e-08,8.7738039e-19,8.7738039e-19,6.0181146e-19,6.0181146e-19,1.6220668e-19,1.6220668e-19,4.4165056e-07,4.4165056e-07,2.0966753e-34,2.0966753e-34
-0.000221633,-0.000221633,0.000221633,0.000221633,-3.6659857e-15,-3.6659857e-15,-1.8635118e-15,-1.8635118e-15,0.000221633,0.000221633,-3.2336598e-05,-3.2336598e-05,-3.9113332e-05,-3.9113332e-05,-3.201854e-05,-3.201854e-05,-3.9113332e-05,-3.9113332e-05,3.9122547e-05,3.9122547e-05,2.0026708e-15,2.0026708e-15,2.4062243e-06,2.4062243e-06,2.4062243e-06,2.4062243e-06,3.2049736e-18,3.2049736e-18,-0.00022164221,-0.00022164221,-3.9113332e-05,-3.9113332e-05,-0.00022164221,-0.00022164221,-3.9113332e-05,-3.9113332e-05,2.4932412e-16,2.4932412e-16,-1.182329e-16,-1.182329e-16,-0.00026075554,-0.00026075554,1.3128395e-16,1.3128395e-16,-0.00026073255,-0.00026073255,1.7341714e-16,1.7341714e-16,9.215716e-09,9.215716e-09,3.9113332e-05,3.9113332e-05,9.215716e-09,9.215716e-09,3.9113332e-05,3.9113332e-05,3.9122547e-05,3.9122547e-05,2.0025815e-15,2.0025815e-15,-0.000221633,-0.000221633,-0.000221633,-0.000221633,-3.9113332e-05,-3.9113332e-05,-4.1766644e-07,-4.1766644e-07,1.7071819e-18,1.7071819e-18,8.0207475e-09,8.0207475e-09,-4.2568719e-07,-4.2568719e-07,-2.2264302e-06,-2.2264302e-06,2.0039158e-15,2.0039158e-15,0.0099846729,0.0099846729,1.2715734e-13,1.2715734e-13,0.012412821,0.012412821,6.4061374e-14,6.4061374e-14,-0.000221633,-0.000221633,0.00026075554,0.00026075554,-4.4326599e-05,-4.4326599e-05,4.2695202e-16,4.2695202e-16,5.9044767e-14,5.9044767e-14,-5.9057856e-14,-5.9057856e-14,1.9196375e-19,1.9196375e-19,-1.7672583e-19,-1.7672583e-19,-2.2995051e-08,-2.2995051e-08,8.6663291e-19,8.6663291e-19,5.9603121e-19,5.9603121e-19,1.6085613e-19,1.6085613e-19,4.3732904e-07,4.3732904e-07,2.053394e-34,2.053394e-34
-0.0002192388,-0.0002192388,0.0002192388,0.0002192388,-3.6692383e-15,-3.6692383e-15,-1.8640916e-15,-1.8640916e-15,0.0002192388,0.0002192388,-3.1988109e-05,-3.1988109e-05,-3.8692227e-05,-3.8692227e-05,-3.1673164e-05,-3.1673164e-05,-3.8692227e-05,-3.8692227e-05,3.8709377e-05,3.8709377e-05,2.003405e-15,2.003405e-15,2.3803201e-06,2.3803201e-06,2.3803201e-06,2.3803201e-06,3.1719916e-18,3.1719916e-18,-0.00021925595,-0.00021925595,-3.8692227e-05,-3.8692227e-05,-0.00021925595,-0.00021925595,-3.8692227e-05,-3.8692227e-05,2.4969384e-16,2.4969384e-16,-1.1836475e-16,-1.1836475e-16,-0.00025794818,-0.00025794818,1.3151975e-16,1.3151975e-16,-0.00025792634,-0.00025792634,1.7322156e-16,1.7322156e-16,1.7150116e-08,1.7150116e-08,3.8692227e-05,3.8692227e-05,1.7150116e-08,1.7150116e-08,3.8692227e-05,3.8692227e-05,3.8709377e-05,3.8709377e-05,2.0033168e-15,2.0033168e-15,-0.0002192388,-0.0002192388,-0.0002192388,-0.0002192388,-3.8692227e-05,-3.8692227e-05,-4.1317008e-07,-4.1317008e-07,1.6895015e-18,1.6895015e-18,7.9344004e-09,7.9344004e-09,-4.2110448e-07,-4.2110448e-07,-2.1944609e-06,-2.1944609e-06,2.004637e-15,2.004637e-15,0.0098857515,0.0098857515,1.2720364e-13,1.2720364e-13,0.012283479,0.012283479,6.4085009e-14,6.4085009e-14,-0.0002192388,-0.0002192388,0.00025794818,0.00025794818,-4.3847761e-05,-4.3847761e-05,4.2714469e-16,4.2714469e-16,5.907203e-14,5.907203e-14,-5.9084984e-14,-5.9084984e-14,1.8996801e-19,1.8996801e-19,-1.7510613e-19,-1.7510613e-19,-2.1845298e-08,-2.1845298e-08,8.5599678e-19,8.5599678e-19,5.903134e-19,5.903134e-19,1.5952026e-19,1.5952026e-19,4.330487e-07,4.330487e-07,2.0110241e-34,2.0110241e-34
-0.00021687038,-0.00021687038,0.00021687038,0.00021687038,-3.6723554e-15,-3.6723554e-15,-1.8646652e-15,-1.8646652e-15,0.00021687038,0.00021687038,-3.16434e-05,-3.16434e-05,-3.8275656e-05,-3.8275656e-05,-3.1331539e-05,-3.1331539e-05,-3.8275656e-05,-3.8275656e-05,3.8300655e-05,3.8300655e-05,2.0041315e-15,2.0041315e-15,2.3546948e-06,2.3546948e-06,2.3546948e-06,2.3546948e-06,3.1393653e-18,3.1393653e-18,-0.00021689538,-0.00021689538,-3.8275656e-05,-3.8275656e-05,-0.00021689538,-0.00021689538,-3.8275656e-05,-3.8275656e-05,2.5005972e-16,2.5005972e-16,-1.1849525e-16,-1.1849525e-16,-0.00025517104,-0.00025517104,1.3175309e-16,1.3175309e-16,-0.00025515029,-0.00025515029,1.7302818e-16,1.7302818e-16,2.4999099e-08,2.4999099e-08,3.8275656e-05,3.8275656e-05,2.4999099e-08,2.4999099e-08,3.8275656e-05,3.8275656e-05,3.8300655e-05,3.8300655e-05,2.0040444e-15,2.0040444e-15,-0.00021687038,-0.00021687038,-0.00021687038,-0.00021687038,-3.8275656e-05,-3.8275656e-05,-4.0872211e-07,-4.0872211e-07,1.672012e-18,1.672012e-18,7.8489825e-09,7.8489825e-09,-4.1657109e-07,-4.1657109e-07,-2.162834e-06,-2.162834e-06,2.0053505e-15,2.0053505e-15,0.009787896,0.009787896,1.2724946e-13,1.2724946e-13,0.012155529,0.012155529,6.4108394e-14,6.4108394e-14,-0.00021687038,-0.00021687038,0.00025517104,0.00025517104,-4.3374077e-05,-4.3374077e-05,4.2733534e-16,4.2733534e-16,5.9099029e-14,5.9099029e-14,-5.9111849e-14,-5.9111849e-14,1.8799317e-19,1.8799317e-19,-1.7350396e-19,-1.7350396e-19,-2.0753033e-08,-2.0753033e-08,8.45471e-19,8.45471e-19,5.8465733e-19,5.8465733e-19,1.581989e-19,1.581989e-19,4.2880917e-07,4.2880917e-07,1.969546e-34,1.969546e-34
-0.00021452746,-0.00021452746,0.00021452746,0.00021452746,-3.6754996e-15,-3.6754996e-15,-1.8652327e-15,-1.8652327e-15,0.00021452746,0.00021452746,-3.130243e-05,-3.130243e-05,-3.786357e-05,-3.786357e-05,-3.0993623e-05,-3.0993623e-05,-3.786357e-05,-3.786357e-05,3.7896333e-05,3.7896333e-05,2.0048504e-15,2.0048504e-15,2.3293452e-06,2.3293452e-06,2.3293452e-06,2.3293452e-06,3.107091e-18,3.107091e-18,-0.00021456023,-0.00021456023,-3.786357e-05,-3.786357e-05,-0.00021456023,-0.00021456023,-3.786357e-05,-3.786357e-05,2.5042179e-16,2.5042179e-16,-1.1862442e-16,-1.1862442e-16,-0.0002524238,-0.0002524238,1.3198398e-16,1.3198398e-16,-0.00025240408,-0.00025240408,1.7283695e-16,1.7283695e-16,3.2763583e-08,3.2763583e-08,3.786357e-05,3.786357e-05,3.2763583e-08,3.2763583e-08,3.786357e-05,3.786357e-05,3.7896333e-05,3.7896333e-05,2.0047642e-15,2.0047642e-15,-0.00021452746,-0.00021452746,-0.00021452746,-0.00021452746,-3.786357e-05,-3.786357e-05,-4.0432201e-07,-4.0432201e-07,1.6547111e-18,1.6547111e-18,7.7644839e-09,7.7644839e-09,-4.1208649e-07,-4.1208649e-07,-2.1315459e-06,-2.1315459e-06,2.0060565e-15,2.0060565e-15,0.0096910951,0.0096910951,1.2729479e-13,1.2729479e-13,0.012028957,0.012028957,6.4131532e-14,6.4131532e-14,-0.00021452746,-0.00021452746,0.0002524238,0.0002524238,-4.2905493e-05,-4.2905493e-05,4.2752397e-16,4.2752397e-16,5.9125768e-14,5.9125768e-14,-5.9138455e-14,-5.9138455e-14,1.8603902e-19,1.8603902e-19,-1.7191912e-19,-1.7191912e-19,-1.9715382e-08,-1.9715382e-08,8.3505457e-19,8.3505457e-19,5.7906235e-19,5.7906235e-19,1.568919e-19,1.568919e-19,4.2461009e-07,4.2461009e-07,1.9289408e-34,1.9289408e-34
-0.00021220977,-0.00021220977,0.00021220977,0.00021220977,-3.6785896e-15,-3.6785896e-15,-1.8657942e-15,-1.8657942e-15,0.00021220977,0.00021220977,-3.0965156e-05,-3.0965156e-05,-3.7455919e-05,-3.7455919e-05,-3.0659374e-05,-3.0659374e-05,-3.7455919e-05,-3.7455919e-05,3.7496364e-05,3.7496364e-05,2.0055616e-15,2.0055616e-15,2.3042684e-06,2.3042684e-06,2.3042684e-06,2.3042684e-06,3.0751647e-18,3.0751647e-18,-0.00021225021,-0.00021225021,-3.7455919e-05,-3.7455919e-05,-0.00021225021,-0.00021225021,-3.7455919e-05,-3.7455919e-05,2.5078012e-16,2.5078012e-16,-1.1875226e-16,-1.1875226e-16,-0.00024970613,-0.00024970613,1.3221247e-16,1.3221247e-16,-0.0002496874,-0.0002496874,1.7264787e-16,1.7264787e-16,4.0444478e-08,4.0444478e-08,3.7455919e-05,3.7455919e-05,4.0444478e-08,4.0444478e-08,3.7455919e-05,3.7455919e-05,3.7496364e-05,3.7496364e-05,2.0054764e-15,2.0054764e-15,-0.00021220977,-0.00021220977,-0.00021220977,-0.00021220977,-3.7455919e-05,-3.7455919e-05,-3.9996926e-07,-3.9996926e-07,1.6375968e-18,1.6375968e-18,7.6808947e-09,7.6808947e-09,-4.0765016e-07,-4.0765016e-07,-2.1005931e-06,-2.1005931e-06,2.006755e-15,2.006755e-15,0.0095953373,0.0095953373,1.2733964e-13,1.2733964e-13,0.011903747,0.011903747,6.4154427e-14,6.4154427e-14,-0.00021220977,-0.00021220977,0.00024970613,0.00024970613,-4.2441953e-05,-4.2441953e-05,4.2771062e-16,4.2771062e-16,5.9152248e-14,5.9152248e-14,-5.9164804e-14,-5.9164804e-14,1.8410534e-19,1.8410534e-19,-1.7035142e-19,-1.7035142e-19,-1.8729613e-08,-1.8729613e-08,8.2474651e-19,8.2474651e-19,5.7352777e-19,5.7352777e-19,1.5559908e-19,1.5559908e-19,4.204511e-07,4.204511e-07,1.88919e-34,1.88919e-34
-0.00020991702,-0.00020991702,0.00020991702,0.00020991702,-3.6815982e-15,-3.6815982e-15,-1.8663496e-15,-1.8663496e-15,0.00020991702,0.00020991702,-3.0631538e-05,-3.0631538e-05,-3.7052658e-05,-3.7052658e-05,-3.0328751e-05,-3.0328751e-05,-3.7052658e-05,-3.7052658e-05,3.71007e-05,3.71007e-05,2.0062653e-15,2.0062653e-15,2.2794615e-06,2.2794615e-06,2.2794615e-06,2.2794615e-06,3.0435828e-18,3.0435828e-18,-0.00020996506,-0.00020996506,-3.7052658e-05,-3.7052658e-05,-0.00020996506,-0.00020996506,-3.7052658e-05,-3.7052658e-05,2.5113472e-16,2.5113472e-16,-1.1887879e-16,-1.1887879e-16,-0.00024701772,-0.00024701772,1.3243857e-16,1.3243857e-16,-0.00024699993,-0.00024699993,1.724609e-16,1.724609e-16,4.8042683e-08,4.8042683e-08,3.7052658e-05,3.7052658e-05,4.8042683e-08,4.8042683e-08,3.7052658e-05,3.7052658e-05,3.71007e-05,3.71007e-05,2.0061811e-15,2.0061811e-15,-0.00020991702,-0.00020991702,-0.00020991702,-0.00020991702,-3.7052658e-05,-3.7052658e-05,-3.9566336e-07,-3.9566336e-07,1.6206672e-18,1.6206672e-18,7.5982051e-09,7.5982051e-09,-4.0326156e-07,-4.0326156e-07,-2.0699721e-06,-2.0699721e-06,2.0074461e-15,2.0074461e-15,0.0095006113,0.0095006113,1.2738401e-13,1.2738401e-13,0.011779885,0.011779885,6.4177079e-14,6.4177079e-14,-0.00020991702,-0.00020991702,0.00024701772,0.00024701772,-4.1983404e-05,-4.1983404e-05,4.278953e-16,4.278953e-16,5.9178474e-14,5.9178474e-14,-5.9190899e-14,-5.9190899e-14,1.8219193e-19,1.8219193e-19,-1.6880067e-19,-1.6880067e-19,-1.7793132e-08,-1.7793132e-08,8.1454581e-19,8.1454581e-19,5.6805294e-19,5.6805294e-19,1.5432029e-19,1.5432029e-19,4.1633183e-07,4.1633183e-07,1.8502753e-34,1.8502753e-34
-0.00020764895,-0.00020764895,0.00020764895,0.00020764895,-3.684634e-15,-3.684634e-15,-1.8668992e-15,-1.8668992e-15,0.00020764895,0.00020764895,-3.0301535e-05,-3.0301535e-05,-3.6653738e-05,-3.6653738e-05,-3.0001715e-05,-3.0001715e-05,-3.6653738e-05,-3.6653738e-05,3.6709297e-05,3.6709297e-05,2.0069615e-15,2.0069615e-15,2.2549216e-06,2.2549216e-06,2.2549216e-06,2.2549216e-06,3.0123415e-18,3.0123415e-18,-0.00020770451,-0.00020770451,-3.6653738e-05,-3.6653738e-05,-0.00020770451,-0.00020770451,-3.6653738e-05,-3.6653738e-05,2.5148565e-16,2.5148565e-16,-1.1900403e-16,-1.1900403e-16,-0.00024435825,-0.00024435825,1.3266231e-16,1.3266231e-16,-0.00024434135,-0.00024434135,1.7227602e-16,1.7227602e-16,5.5559088e-08,5.5559088e-08,3.6653738e-05,3.6653738e-05,5.5559088e-08,5.5559088e-08,3.6653738e-05,3.6653738e-05,3.6709297e-05,3.6709297e-05,2.0068784e-15,2.0068784e-15,-0.00020764895,-0.00020764895,-0.00020764895,-0.00020764895,-3.6653738e-05,-3.6653738e-05,-3.914038e-07,-3.914038e-07,1.6039203e-18,1.6039203e-18,7.5164054e-09,7.5164054e-09,-3.989202e-07,-3.989202e-07,-2.0396793e-06,-2.0396793e-06,2.0081299e-15,2.0081299e-15,0.0094069059,0.0094069059,1.2742792e-13,1.2742792e-13,0.011657357,0.011657357,6.4199493e-14,6.4199493e-14,-0.00020764895,-0.00020764895,0.00024435825,0.00024435825,-4.1529791e-05,-4.1529791e-05,4.2807803e-16,4.2807803e-16,5.9204447e-14,5.9204447e-14,-5.9216743e-14,-5.9216743e-14,1.8029858e-19,1.8029858e-19,-1.6726669e-19,-1.6726669e-19,-1.6903475e-08,-1.6903475e-08,8.044515e-19,8.044515e-19,5.6263722e-19,5.6263722e-19,1.5305538e-19,1.5305538e-19,4.1225193e-07,4.1225193e-07,1.8121789e-34,1.8121789e-34
-0.00020540531,-0.00020540531,0.00020540531,0.00020540531,-3.6876426e-15,-3.6876426e-15,-1.8674429e-15,-1.8674429e-15,0.00020540531,0.00020540531,-2.9975106e-05,-2.9975106e-05,-3.6259112e-05,-3.6259112e-05,-2.9678225e-05,-2.9678225e-05,-3.6259112e-05,-3.6259112e-05,3.6322107e-05,3.6322107e-05,2.0076504e-15,2.0076504e-15,2.2306458e-06,2.2306458e-06,2.2306458e-06,2.2306458e-06,2.9814371e-18,2.9814371e-18,-0.0002054683,-0.0002054683,-3.6259112e-05,-3.6259112e-05,-0.0002054683,-0.0002054683,-3.6259112e-05,-3.6259112e-05,2.5183295e-16,2.5183295e-16,-1.1912798e-16,-1.1912798e-16,-0.00024172741,-0.00024172741,1.3288371e-16,1.3288371e-16,-0.00024171136,-0.00024171136,1.7209321e-16,1.7209321e-16,6.2994574e-08,6.2994574e-08,3.6259112e-05,3.6259112e-05,6.2994574e-08,6.2994574e-08,3.6259112e-05,3.6259112e-05,3.6322107e-05,3.6322107e-05,2.0075683e-15,2.0075683e-15,-0.00020540531,-0.00020540531,-0.00020540531,-0.00020540531,-3.6259112e-05,-3.6259112e-05,-3.8719008e-07,-3.8719008e-07,1.587354e-18,1.587354e-18,7.4354862e-09,7.4354862e-09,-3.9462557e-07,-3.9462557e-07,-2.0097113e-06,-2.0097113e-06,2.0088065e-15,2.0088065e-15,0.0093142102,0.0093142102,1.2747137e-13,1.2747137e-13,0.011536148,0.011536148,6.422167e-14,6.422167e-14,-0.00020540531,-0.00020540531,0.00024172741,0.00024172741,-4.1081061e-05,-4.1081061e-05,4.2825884e-16,4.2825884e-16,5.9230171e-14,5.9230171e-14,-5.9242339e-14,-5.9242339e-14,1.7842509e-19,1.7842509e-19,-1.6574929e-19,-1.6574929e-19,-1.6058302e-08,-1.6058302e-08,7.9446259e-19,7.9446259e-19,5.5727995e-19,5.5727995e-19,1.5180419e-19,1.5180419e-19,4.0821104e-07,4.0821104e-07,1.7748835e-34,1.7748835e-34
-0.00020318581,-0.00020318581,0.00020318581,0.00020318581,-3.69057e-15,-3.69057e-15,-1.8679808e-15,-1.8679808e-15,0.00020318581,0.00020318581,-2.9652212e-05,-2.9652212e-05,-3.5868735e-05,-3.5868735e-05,-2.9358242e-05,-2.9358242e-05,-3.5868735e-05,-3.5868735e-05,3.5939085e-05,3.5939085e-05,2.008332e-15,2.008332e-15,2.2066313e-06,2.2066313e-06,2.2066313e-06,2.2066313e-06,2.950866e-18,2.950866e-18,-0.00020325616,-0.00020325616,-3.5868735e-05,-3.5868735e-05,-0.00020325616,-0.00020325616,-3.5868735e-05,-3.5868735e-05,2.5217664e-16,2.5217664e-16,-1.1925067e-16,-1.1925067e-16,-0.0002391249,-0.0002391249,1.3310281e-16,1.3310281e-16,-0.00023910964,-0.00023910964,1.7191245e-16,1.7191245e-16,7.0350012e-08,7.0350012e-08,3.5868735e-05,3.5868735e-05,7.0350012e-08,7.0350012e-08,3.5868735e-05,3.5868735e-05,3.5939085e-05,3.5939085e-05,2.0082509e-15,2.0082509e-15,-0.00020318581,-0.00020318581,-0.00020318581,-0.00020318581,-3.5868735e-05,-3.5868735e-05,-3.8302171e-07,-3.8302171e-07,1.5709663e-18,1.5709663e-18,7.3554378e-09,7.3554378e-09,-3.9037715e-07,-3.9037715e-07,-1.9800646e-06,-1.9800646e-06,2.009476e-15,2.009476e-15,0.0092225133,0.0092225133,1.2751435e-13,1.2751435e-13,0.011416244,0.011416244,6.4243613e-14,6.4243613e-14,-0.00020318581,-0.00020318581,0.0002391249,0.0002391249,-4.0637163e-05,-4.0637163e-05,4.2843774e-16,4.2843774e-16,5.9255647e-14,5.9255647e-14,-5.9267689e-14,-5.9267689e-14,1.7657126e-19,1.7657126e-19,-1.6424828e-19,-1.6424828e-19,-1.5255387e-08,-1.5255387e-08,7.8457808e-19,7.8457808e-19,5.519805e-19,5.519805e-19,1.5056656e-19,1.5056656e-19,4.0420881e-07,4.0420881e-07,1.7383719e-34,1.7383719e-34
-0.00020099022,-0.00020099022,0.00020099022,0.00020099022,-3.6934702e-15,-3.6934702e-15,-1.8685129e-15,-1.8685129e-15,0.00020099022,0.00020099022,-2.9332813e-05,-2.9332813e-05,-3.548256e-05,-3.548256e-05,-2.9041726e-05,-2.9041726e-05,-3.548256e-05,-3.548256e-05,3.5560187e-05,3.5560187e-05,2.0090065e-15,2.0090065e-15,2.1828753e-06,2.1828753e-06,2.1828753e-06,2.1828753e-06,2.9206245e-18,2.9206245e-18,-0.00020106784,-0.00020106784,-3.548256e-05,-3.548256e-05,-0.00020106784,-0.00020106784,-3.548256e-05,-3.548256e-05,2.5251678e-16,2.5251678e-16,-1.1937211e-16,-1.1937211e-16,-0.0002365504,-0.0002365504,1.3331962e-16,1.3331962e-16,-0.00023653591,-0.00023653591,1.7173371e-16,1.7173371e-16,7.7626263e-08,7.7626263e-08,3.548256e-05,3.548256e-05,7.7626263e-08,7.7626263e-08,3.548256e-05,3.548256e-05,3.5560187e-05,3.5560187e-05,2.0089262e-15,2.0089262e-15,-0.00020099022,-0.00020099022,-0.00020099022,-0.00020099022,-3.548256e-05,-3.548256e-05,-3.7889821e-07,-3.7889821e-07,1.5547554e-18,1.5547554e-18,7.276251e-09,7.276251e-09,-3.8617446e-07,-3.8617446e-07,-1.9507359e-06,-1.9507359e-06,2.0101384e-15,2.0101384e-15,0.0091318042,0.0091318042,1.2755688e-13,1.2755688e-13,0.011297631,0.011297631,6.4265325e-14,6.4265325e-14,-0.00020099022,-0.00020099022,0.0002365504,0.0002365504,-4.0198043e-05,-4.0198043e-05,4.2861476e-16,4.2861476e-16,5.9280879e-14,5.9280879e-14,-5.9292797e-14,-5.9292797e-14,1.7473688e-19,1.7473688e-19,-1.627635e-19,-1.627635e-19,-1.4492617e-08,-1.4492617e-08,7.7479702e-19,7.7479702e-19,5.4673823e-19,5.4673823e-19,1.4934235e-19,1.4934235e-19,4.0024489e-07,4.0024489e-07,1.7026276e-34,1.7026276e-34
-0.00019881826,-0.00019881826,0.00019881826,0.00019881826,-3.6964518e-15,-3.6964518e-15,-1.8690394e-15,-1.8690394e-15,0.00019881826,0.00019881826,-2.9016871e-05,-2.9016871e-05,-3.5100543e-05,-3.5100543e-05,-2.872864e-05,-2.872864e-05,-3.5100543e-05,-3.5100543e-05,3.5185368e-05,3.5185368e-05,2.0096738e-15,2.0096738e-15,2.1593749e-06,2.1593749e-06,2.1593749e-06,2.1593749e-06,2.890709e-18,2.890709e-18,-0.00019890308,-0.00019890308,-3.5100543e-05,-3.5100543e-05,-0.00019890308,-0.00019890308,-3.5100543e-05,-3.5100543e-05,2.528534e-16,2.528534e-16,-1.194923e-16,-1.194923e-16,-0.00023400362,-0.00023400362,1.3353418e-16,1.3353418e-16,-0.00023398985,-0.00023398985,1.7155697e-16,1.7155697e-16,8.482418e-08,8.482418e-08,3.5100543e-05,3.5100543e-05,8.482418e-08,8.482418e-08,3.5100543e-05,3.5100543e-05,3.5185368e-05,3.5185368e-05,2.0095945e-15,2.0095945e-15,-0.00019881826,-0.00019881826,-0.00019881826,-0.00019881826,-3.5100543e-05,-3.5100543e-05,-3.7481908e-07,-3.7481908e-07,1.5387194e-18,1.5387194e-18,7.1979165e-09,7.1979165e-09,-3.82017e-07,-3.82017e-07,-1.9217218e-06,-1.9217218e-06,2.0107938e-15,2.0107938e-15,0.0090420724,0.0090420724,1.2759897e-13,1.2759897e-13,0.011180295,0.011180295,6.4286808e-14,6.4286808e-14,-0.00019881826,-0.00019881826,0.00023400362,0.00023400362,-3.9763651e-05,-3.9763651e-05,4.2878992e-16,4.2878992e-16,5.930587e-14,5.930587e-14,-5.9317663e-14,-5.9317663e-14,1.7292177e-19,1.7292177e-19,-1.6129476e-19,-1.6129476e-19,-1.3767986e-08,-1.3767986e-08,7.6511841e-19,7.6511841e-19,5.4155254e-19,5.4155254e-19,1.481314e-19,1.481314e-19,3.9631894e-07,3.9631894e-07,1.6676341e-34,1.6676341e-34
-0.00019666968,-0.00019666968,0.00019666968,0.00019666968,-3.6992707e-15,-3.6992707e-15,-1.8695603e-15,-1.8695603e-15,0.00019666968,0.00019666968,-2.8704349e-05,-2.8704349e-05,-3.4722639e-05,-3.4722639e-05,-2.8418944e-05,-2.8418944e-05,-3.4722639e-05,-3.4722639e-05,3.4814584e-05,3.4814584e-05,2.010334e-15,2.010334e-15,2.1361275e-06,2.1361275e-06,2.1361275e-06,2.1361275e-06,2.8611161e-18,2.8611161e-18,-0.00019676162,-0.00019676162,-3.4722639e-05,-3.4722639e-05,-0.00019676162,-0.00019676162,-3.4722639e-05,-3.4722639e-05,2.5318653e-16,2.5318653e-16,-1.1961126e-16,-1.1961126e-16,-0.00023148426,-0.00023148426,1.3374649e-16,1.3374649e-16,-0.00023147118,-0.00023147118,1.7138222e-16,1.7138222e-16,9.1944605e-08,9.1944605e-08,3.4722639e-05,3.4722639e-05,9.1944605e-08,9.1944605e-08,3.4722639e-05,3.4722639e-05,3.4814584e-05,3.4814584e-05,2.0102557e-15,2.0102557e-15,-0.00019666968,-0.00019666968,-0.00019666968,-0.00019666968,-3.4722639e-05,-3.4722639e-05,-3.7078387e-07,-3.7078387e-07,1.5228563e-18,1.5228563e-18,7.1204251e-09,7.1204251e-09,-3.7790429e-07,-3.7790429e-07,-1.8930189e-06,-1.8930189e-06,2.0114422e-15,2.0114422e-15,0.0089533074,0.0089533074,1.2764061e-13,1.2764061e-13,0.011064222,0.011064222,6.4308065e-14,6.4308065e-14,-0.00019666968,-0.00019666968,0.00023148426,0.00023148426,-3.9333935e-05,-3.9333935e-05,4.2896324e-16,4.2896324e-16,5.9330621e-14,5.9330621e-14,-5.9342292e-14,-5.9342292e-14,1.7112571e-19,1.7112571e-19,-1.5984189e-19,-1.5984189e-19,-1.3079587e-08,-1.3079587e-08,7.5554129e-19,7.5554129e-19,5.364228e-19,5.364228e-19,1.4693358e-19,1.4693358e-19,3.9243061e-07,3.9243061e-07,1.6333756e-34,1.6333756e-34
-0.00019454423,-0.00019454423,0.00019454423,0.00019454423,-3.7020625e-15,-3.7020625e-15,-1.8700756e-15,-1.8700756e-15,0.00019454423,0.00019454423,-2.8395206e-05,-2.8395206e-05,-3.4348803e-05,-3.4348803e-05,-2.8112603e-05,-2.8112603e-05,-3.4348803e-05,-3.4348803e-05,3.4447792e-05,3.4447792e-05,2.0109873e-15,2.0109873e-15,2.1131303e-06,2.1131303e-06,2.1131303e-06,2.1131303e-06,2.8318423e-18,2.8318423e-18,-0.00019464322,-0.00019464322,-3.4348803e-05,-3.4348803e-05,-0.00019464322,-0.00019464322,-3.4348803e-05,-3.4348803e-05,2.5351622e-16,2.5351622e-16,-1.1972902e-16,-1.1972902e-16,-0.00022899202,-0.00022899202,1.339566e-16,1.339566e-16,-0.0002289796,-0.0002289796,1.7120943e-16,1.7120943e-16,9.8988372e-08,9.8988372e-08,3.4348803e-05,3.4348803e-05,9.8988372e-08,9.8988372e-08,3.4348803e-05,3.4348803e-05,3.4447792e-05,3.4447792e-05,2.0109099e-15,2.0109099e-15,-0.00019454423,-0.00019454423,-0.00019454423,-0.00019454423,-3.4348803e-05,-3.4348803e-05,-3.6679208e-07,-3.6679208e-07,1.5071642e-18,1.5071642e-18,7.0437678e-09,7.0437678e-09,-3.7383585e-07,-3.7383585e-07,-1.8646241e-06,-1.8646241e-06,2.0120839e-15,2.0120839e-15,0.0088654986,0.0088654986,1.2768181e-13,1.2768181e-13,0.010949399,0.010949399,6.4329097e-14,6.4329097e-14,-0.00019454423,-0.00019454423,0.00022899202,0.00022899202,-3.8908846e-05,-3.8908846e-05,4.2913473e-16,4.2913473e-16,5.9355136e-14,5.9355136e-14,-5.9366686e-14,-5.9366686e-14,1.6934853e-19,1.6934853e-19,-1.5840471e-19,-1.5840471e-19,-1.2425608e-08,-1.2425608e-08,7.4606469e-19,7.4606469e-19,5.313484e-19,5.313484e-19,1.4574873e-19,1.4574873e-19,3.8857956e-07,3.8857956e-07,1.5998365e-34,1.5998365e-34
-0.00019244167,-0.00019244167,0.00019244167,0.00019244167,-3.7049628e-15,-3.7049628e-15,-1.8705855e-15,-1.8705855e-15,0.00019244167,0.00019244167,-2.8089408e-05,-2.8089408e-05,-3.3978992e-05,-3.3978992e-05,-2.7809578e-05,-2.7809578e-05,-3.3978992e-05,-3.3978992e-05,3.4084948e-05,3.4084948e-05,2.0116337e-15,2.0116337e-15,2.0903807e-06,2.0903807e-06,2.0903807e-06,2.0903807e-06,2.802884e-18,2.802884e-18,-0.00019254762,-0.00019254762,-3.3978992e-05,-3.3978992e-05,-0.00019254762,-0.00019254762,-3.3978992e-05,-3.3978992e-05,2.538425e-16,2.538425e-16,-1.1984556e-16,-1.1984556e-16,-0.00022652661,-0.00022652661,1.3416452e-16,1.3416452e-16,-0.00022651481,-0.00022651481,1.7103857e-16,1.7103857e-16,1.0595631e-07,1.0595631e-07,3.3978992e-05,3.3978992e-05,1.0595631e-07,1.0595631e-07,3.3978992e-05,3.3978992e-05,3.4084948e-05,3.4084948e-05,2.0115572e-15,2.0115572e-15,-0.00019244167,-0.00019244167,-0.00019244167,-0.00019244167,-3.3978992e-05,-3.3978992e-05,-3.6284326e-07,-3.6284326e-07,1.4916414e-18,1.4916414e-18,6.9679356e-09,6.9679356e-09,-3.6981119e-07,-3.6981119e-07,-1.8365339e-06,-1.8365339e-06,2.0127187e-15,2.0127187e-15,0.0087786358,0.0087786358,1.2772258e-13,1.2772258e-13,0.010835812,0.010835812,6.4349908e-14,6.4349908e-14,-0.00019244167,-0.00019244167,0.00022652661,0.00022652661,-3.8488333e-05,-3.8488333e-05,4.2930442e-16,4.2930442e-16,5.9379417e-14,5.9379417e-14,-5.9390847e-14,-5.9390847e-14,1.6759002e-19,1.6759002e-19,-1.5698305e-19,-1.5698305e-19,-1.1804327e-08,-1.1804327e-08,7.3668765e-19,7.3668765e-19,5.2632874e-19,5.2632874e-19,1.4457671e-19,1.4457671e-19,3.8476545e-07,3.8476545e-07,1.5670014e-34,1.5670014e-34
-0.00019036174,-0.00019036174,0.00019036174,0.00019036174,-3.7077275e-15,-3.7077275e-15,-1.8710899e-15,-1.8710899e-15,0.00019036174,0.00019036174,-2.7786916e-05,-2.7786916e-05,-3.3613162e-05,-3.3613162e-05,-2.7509834e-05,-2.7509834e-05,-3.3613162e-05,-3.3613162e-05,3.3726011e-05,3.3726011e-05,2.0122733e-15,2.0122733e-15,2.0678759e-06,2.0678759e-06,2.0678759e-06,2.0678759e-06,2.774238e-18,2.774238e-18,-0.00019047459,-0.00019047459,-3.3613162e-05,-3.3613162e-05,-0.00019047459,-0.00019047459,-3.3613162e-05,-3.3613162e-05,2.5416541e-16,2.5416541e-16,-1.1996093e-16,-1.1996093e-16,-0.00022408775,-0.00022408775,1.3437028e-16,1.3437028e-16,-0.00022407653,-0.00022407653,1.7086963e-16,1.7086963e-16,1.1284923e-07,1.1284923e-07,3.3613162e-05,3.3613162e-05,1.1284923e-07,1.1284923e-07,3.3613162e-05,3.3613162e-05,3.3726011e-05,3.3726011e-05,2.0121977e-15,2.0121977e-15,-0.00019036174,-0.00019036174,-0.00019036174,-0.00019036174,-3.3613162e-05,-3.3613162e-05,-3.5893694e-07,-3.5893694e-07,1.4762859e-18,1.4762859e-18,6.8929196e-09,6.8929196e-09,-3.6582986e-07,-3.6582986e-07,-1.8087452e-06,-1.8087452e-06,2.0133469e-15,2.0133469e-15,0.0086927087,0.0086927087,1.2776291e-13,1.2776291e-13,0.010723448,0.010723448,6.43705e-14,6.43705e-14,-0.00019036174,-0.00019036174,0.00022408775,0.00022408775,-3.8072347e-05,-3.8072347e-05,4.2947232e-16,4.2947232e-16,5.9403467e-14,5.9403467e-14,-5.9414777e-14,-5.9414777e-14,1.6584999e-19,1.6584999e-19,-1.5557674e-19,-1.5557674e-19,-1.1214111e-08,-1.1214111e-08,7.2740921e-19,7.2740921e-19,5.2136323e-19,5.2136323e-19,1.4341738e-19,1.4341738e-19,3.8098794e-07,3.8098794e-07,1.5348554e-34,1.5348554e-34
-0.0001883042,-0.0001883042,0.0001883042,0.0001883042,-3.7104651e-15,-3.7104651e-15,-1.871589e-15,-1.871589e-15,0.0001883042,0.0001883042,-2.7487694e-05,-2.7487694e-05,-3.3251271e-05,-3.3251271e-05,-2.7213333e-05,-2.7213333e-05,-3.3251271e-05,-3.3251271e-05,3.3370939e-05,3.3370939e-05,2.0129061e-15,2.0129061e-15,2.0456133e-06,2.0456133e-06,2.0456133e-06,2.0456133e-06,2.7459007e-18,2.7459007e-18,-0.00018842387,-0.00018842387,-3.3251271e-05,-3.3251271e-05,-0.00018842387,-0.00018842387,-3.3251271e-05,-3.3251271e-05,2.5448498e-16,2.5448498e-16,-1.2007511e-16,-1.2007511e-16,-0.00022167514,-0.00022167514,1.3457389e-16,1.3457389e-16,-0.00022166449,-0.00022166449,1.7070259e-16,1.7070259e-16,1.1966794e-07,1.1966794e-07,3.3251271e-05,3.3251271e-05,1.1966794e-07,1.1966794e-07,3.3251271e-05,3.3251271e-05,3.3370939e-05,3.3370939e-05,2.0128314e-15,2.0128314e-15,-0.0001883042,-0.0001883042,-0.0001883042,-0.0001883042,-3.3251271e-05,-3.3251271e-05,-3.5507266e-07,-3.5507266e-07,1.461096e-18,1.461096e-18,6.818711e-09,6.818711e-09,-3.6189137e-07,-3.6189137e-07,-1.7812548e-06,-1.7812548e-06,2.0139685e-15,2.0139685e-15,0.0086077072,0.0086077072,1.2780283e-13,1.2780283e-13,0.010612294,0.010612294,6.4390876e-14,6.4390876e-14,-0.0001883042,-0.0001883042,0.00022167514,0.00022167514,-3.766084e-05,-3.766084e-05,4.2963846e-16,4.2963846e-16,5.9427287e-14,5.9427287e-14,-5.943848e-14,-5.943848e-14,1.6412827e-19,1.6412827e-19,-1.5418562e-19,-1.5418562e-19,-1.0653405e-08,-1.0653405e-08,7.1822842e-19,7.1822842e-19,5.1645127e-19,5.1645127e-19,1.422706e-19,1.422706e-19,3.7724671e-07,3.7724671e-07,1.5033838e-34,1.5033838e-34
-0.00018626881,-0.00018626881,0.00018626881,0.00018626881,-3.7132298e-15,-3.7132298e-15,-1.8720827e-15,-1.8720827e-15,0.00018626881,0.00018626881,-2.7191707e-05,-2.7191707e-05,-3.2893276e-05,-3.2893276e-05,-2.6920041e-05,-2.6920041e-05,-3.2893276e-05,-3.2893276e-05,3.3019689e-05,3.3019689e-05,2.0135323e-15,2.0135323e-15,2.0235904e-06,2.0235904e-06,2.0235904e-06,2.0235904e-06,2.7178689e-18,2.7178689e-18,-0.00018639523,-0.00018639523,-3.2893276e-05,-3.2893276e-05,-0.00018639523,-0.00018639523,-3.2893276e-05,-3.2893276e-05,2.5480125e-16,2.5480125e-16,-1.2018813e-16,-1.2018813e-16,-0.0002192885,-0.0002192885,1.3477539e-16,1.3477539e-16,-0.00021927838,-0.00021927838,1.7053743e-16,1.7053743e-16,1.2641324e-07,1.2641324e-07,3.2893276e-05,3.2893276e-05,1.2641324e-07,1.2641324e-07,3.2893276e-05,3.2893276e-05,3.3019689e-05,3.3019689e-05,2.0134585e-15,2.0134585e-15,-0.00018626881,-0.00018626881,-0.00018626881,-0.00018626881,-3.2893276e-05,-3.2893276e-05,-3.5124998e-07,-3.5124998e-07,1.4460699e-18,1.4460699e-18,6.7453013e-09,6.7453013e-09,-3.5799528e-07,-3.5799528e-07,-1.7540595e-06,-1.7540595e-06,2.0145835e-15,2.0145835e-15,0.0085236214,0.0085236214,1.2784232e-13,1.2784232e-13,0.010502336,0.010502336,6.4411036e-14,6.4411036e-14,-0.00018626881,-0.00018626881,0.0002192885,0.0002192885,-3.7253763e-05,-3.7253763e-05,4.2980286e-16,4.2980286e-16,5.9450882e-14,5.9450882e-14,-5.9461957e-14,-5.9461957e-14,1.6242465e-19,1.6242465e-19,-1.5280952e-19,-1.5280952e-19,-1.0120735e-08,-1.0120735e-08,7.0914434e-19,7.0914434e-19,5.115923e-19,5.115923e-19,1.4113623e-19,1.4113623e-19,3.7354142e-07,3.7354142e-07,1.4725723e-34,1.4725723e-34
-0.00018425534,-0.00018425534,0.00018425534,0.00018425534,-3.7159132e-15,-3.7159132e-15,-1.8725712e-15,-1.8725712e-15,0.00018425534,0.00018425534,-2.6898918e-05,-2.6898918e-05,-3.2539134e-05,-3.2539134e-05,-2.6629921e-05,-2.6629921e-05,-3.2539134e-05,-3.2539134e-05,3.267222e-05,3.267222e-05,2.0141518e-15,2.0141518e-15,2.0018045e-06,2.0018045e-06,2.0018045e-06,2.0018045e-06,2.6901393e-18,2.6901393e-18,-0.00018438843,-0.00018438843,-3.2539134e-05,-3.2539134e-05,-0.00018438843,-0.00018438843,-3.2539134e-05,-3.2539134e-05,2.5511426e-16,2.5511426e-16,-1.203e-16,-1.203e-16,-0.00021692756,-0.00021692756,1.349748e-16,1.349748e-16,-0.00021691795,-0.00021691795,1.7037412e-16,1.7037412e-16,1.3308592e-07,1.3308592e-07,3.2539134e-05,3.2539134e-05,1.3308592e-07,1.3308592e-07,3.2539134e-05,3.2539134e-05,3.267222e-05,3.267222e-05,2.0140789e-15,2.0140789e-15,-0.00018425534,-0.00018425534,-0.00018425534,-0.00018425534,-3.2539134e-05,-3.2539134e-05,-3.4746845e-07,-3.4746845e-07,1.4312058e-18,1.4312058e-18,6.6726817e-09,6.6726817e-09,-3.5414113e-07,-3.5414113e-07,-1.7271562e-06,-1.7271562e-06,2.015192e-15,2.015192e-15,0.0084404414,0.0084404414,1.2788139e-13,1.2788139e-13,0.010393562,0.010393562,6.4430985e-14,6.4430985e-14,-0.00018425534,-0.00018425534,0.00021692756,0.00021692756,-3.6851069e-05,-3.6851069e-05,4.2996552e-16,4.2996552e-16,5.9474252e-14,5.9474252e-14,-5.9485212e-14,-5.9485212e-14,1.6073896e-19,1.6073896e-19,-1.5144827e-19,-1.5144827e-19,-9.6146984e-09,-9.6146984e-09,7.0015602e-19,7.0015602e-19,5.0678572e-19,5.0678572e-19,1.4001414e-19,1.4001414e-19,3.6987175e-07,3.6987175e-07,1.442407e-34,1.442407e-34
-0.00018226355,-0.00018226355,0.00018226355,0.00018226355,-3.7185695e-15,-3.7185695e-15,-1.8730545e-15,-1.8730545e-15,0.00018226355,0.00018226355,-2.6609293e-05,-2.6609293e-05,-3.2188806e-05,-3.2188806e-05,-2.6342939e-05,-2.6342939e-05,-3.2188806e-05,-3.2188806e-05,3.2328493e-05,3.2328493e-05,2.0147649e-15,2.0147649e-15,1.9802531e-06,1.9802531e-06,1.9802531e-06,1.9802531e-06,2.6627085e-18,2.6627085e-18,-0.00018240323,-0.00018240323,-3.2188806e-05,-3.2188806e-05,-0.00018240323,-0.00018240323,-3.2188806e-05,-3.2188806e-05,2.5542404e-16,2.5542404e-16,-1.2041074e-16,-1.2041074e-16,-0.00021459204,-0.00021459204,1.3517213e-16,1.3517213e-16,-0.00021458291,-0.00021458291,1.7021265e-16,1.7021265e-16,1.3968677e-07,1.3968677e-07,3.2188806e-05,3.2188806e-05,1.3968677e-07,1.3968677e-07,3.2188806e-05,3.2188806e-05,3.2328493e-05,3.2328493e-05,2.0146928e-15,2.0146928e-15,-0.00018226355,-0.00018226355,-0.00018226355,-0.00018226355,-3.2188806e-05,-3.2188806e-05,-3.4372762e-07,-3.4372762e-07,1.4165019e-18,1.4165019e-18,6.6008438e-09,6.6008438e-09,-3.5032847e-07,-3.5032847e-07,-1.7005418e-06,-1.7005418e-06,2.0157941e-15,2.0157941e-15,0.0083581573,0.0083581573,1.2792006e-13,1.2792006e-13,0.01028596,0.01028596,6.4450724e-14,6.4450724e-14,-0.00018226355,-0.00018226355,0.00021459204,0.00021459204,-3.6452709e-05,-3.6452709e-05,4.3012648e-16,4.3012648e-16,5.94974e-14,5.94974e-14,-5.9508246e-14,-5.9508246e-14,1.5907101e-19,1.5907101e-19,-1.5010172e-19,-1.5010172e-19,-9.1339635e-09,-9.1339635e-09,6.9126252e-19,6.9126252e-19,5.0203099e-19,5.0203099e-19,1.3890418e-19,1.3890418e-19,3.6623736e-07,3.6623736e-07,1.4128741e-34,1.4128741e-34
-0.0001802932,-0.0001802932,0.0001802932,0.0001802932,-3.7212258e-15,-3.7212258e-15,-1.8735326e-15,-1.8735326e-15,0.0001802932,0.0001802932,-2.6322797e-05,-2.6322797e-05,-3.1842249e-05,-3.1842249e-05,-2.605906e-05,-2.605906e-05,-3.1842249e-05,-3.1842249e-05,3.1988466e-05,3.1988466e-05,2.0153714e-15,2.0153714e-15,1.9589337e-06,1.9589337e-06,1.9589337e-06,1.9589337e-06,2.6355734e-18,2.6355734e-18,-0.00018043941,-0.00018043941,-3.1842249e-05,-3.1842249e-05,-0.00018043941,-0.00018043941,-3.1842249e-05,-3.1842249e-05,2.5573063e-16,2.5573063e-16,-1.2052034e-16,-1.2052034e-16,-0.00021228166,-0.00021228166,1.3536741e-16,1.3536741e-16,-0.00021227298,-0.00021227298,1.7005299e-16,1.7005299e-16,1.4621654e-07,1.4621654e-07,3.1842249e-05,3.1842249e-05,1.4621654e-07,1.4621654e-07,3.1842249e-05,3.1842249e-05,3.1988466e-05,3.1988466e-05,2.0153002e-15,2.0153002e-15,-0.0001802932,-0.0001802932,-0.0001802932,-0.0001802932,-3.1842249e-05,-3.1842249e-05,-3.4002706e-07,-3.4002706e-07,1.4019566e-18,1.4019566e-18,6.5297791e-09,6.5297791e-09,-3.4655684e-07,-3.4655684e-07,-1.6742132e-06,-1.6742132e-06,2.0163899e-15,2.0163899e-15,0.0082767596,0.0082767596,1.2795832e-13,1.2795832e-13,0.010179516,0.010179516,6.4470255e-14,6.4470255e-14,-0.0001802932,-0.0001802932,0.00021228166,0.00021228166,-3.6058639e-05,-3.6058639e-05,4.3028576e-16,4.3028576e-16,5.9520329e-14,5.9520329e-14,-5.9531062e-14,-5.9531062e-14,1.5742063e-19,1.5742063e-19,-1.487697e-19,-1.487697e-19,-8.6772653e-09,-8.6772653e-09,6.8246292e-19,6.8246292e-19,4.9732752e-19,4.9732752e-19,1.3780622e-19,1.3780622e-19,3.6263794e-07,3.6263794e-07,1.3839601e-34,1.3839601e-34
-0.00017834406,-0.00017834406,0.00017834406,0.00017834406,-3.7237737e-15,-3.7237737e-15,-1.8740057e-15,-1.8740057e-15,0.00017834406,0.00017834406,-2.6039395e-05,-2.6039395e-05,-3.1499423e-05,-3.1499423e-05,-2.5778251e-05,-2.5778251e-05,-3.1499423e-05,-3.1499423e-05,3.1652099e-05,3.1652099e-05,2.0159716e-15,2.0159716e-15,1.9378438e-06,1.9378438e-06,1.9378438e-06,1.9378438e-06,2.6087308e-18,2.6087308e-18,-0.00017849673,-0.00017849673,-3.1499423e-05,-3.1499423e-05,-0.00017849673,-0.00017849673,-3.1499423e-05,-3.1499423e-05,2.5603406e-16,2.5603406e-16,-1.2062883e-16,-1.2062883e-16,-0.00020999616,-0.00020999616,1.3556067e-16,1.3556067e-16,-0.00020998791,-0.00020998791,1.6989513e-16,1.6989513e-16,1.5267602e-07,1.5267602e-07,3.1499423e-05,3.1499423e-05,1.5267602e-07,1.5267602e-07,3.1499423e-05,3.1499423e-05,3.1652099e-05,3.1652099e-05,2.0159013e-15,2.0159013e-15,-0.00017834406,-0.00017834406,-0.00017834406,-0.00017834406,-3.1499423e-05,-3.1499423e-05,-3.3636633e-07,-3.3636633e-07,1.387568e-18,1.387568e-18,6.4594794e-09,6.4594794e-09,-3.4282581e-07,-3.4282581e-07,-1.6481673e-06,-1.6481673e-06,2.0169794e-15,2.0169794e-15,0.0081962386,0.0081962386,1.2799617e-13,1.2799617e-13,0.010074217,0.010074217,6.4489581e-14,6.4489581e-14,-0.00017834406,-0.00017834406,0.00020999616,0.00020999616,-3.5668811e-05,-3.5668811e-05,4.3044335e-16,4.3044335e-16,5.9543041e-14,5.9543041e-14,-5.9553662e-14,-5.9553662e-14,1.5578762e-19,1.5578762e-19,-1.4745205e-19,-1.4745205e-19,-8.243402e-09,-8.243402e-09,6.7375629e-19,6.7375629e-19,4.9267476e-19,4.9267476e-19,1.3672014e-19,1.3672014e-19,3.5907317e-07,3.5907317e-07,1.355652e-34,1.355652e-34
-0.0001764159,-0.0001764159,0.0001764159,0.0001764159,-3.7263487e-15,-3.7263487e-15,-1.8744738e-15,-1.8744738e-15,0.0001764159,0.0001764159,-2.5759053e-05,-2.5759053e-05,-3.1160288e-05,-3.1160288e-05,-2.5500477e-05,-2.5500477e-05,-3.1160288e-05,-3.1160288e-05,3.1319354e-05,3.1319354e-05,2.0165655e-15,2.0165655e-15,1.9169809e-06,1.9169809e-06,1.9169809e-06,1.9169809e-06,2.5821774e-18,2.5821774e-18,-0.00017657497,-0.00017657497,-3.1160288e-05,-3.1160288e-05,-0.00017657497,-0.00017657497,-3.1160288e-05,-3.1160288e-05,2.5633436e-16,2.5633436e-16,-1.2073622e-16,-1.2073622e-16,-0.00020773526,-0.00020773526,1.3575192e-16,1.3575192e-16,-0.00020772742,-0.00020772742,1.6973905e-16,1.6973905e-16,1.5906596e-07,1.5906596e-07,3.1160288e-05,3.1160288e-05,1.5906596e-07,1.5906596e-07,3.1160288e-05,3.1160288e-05,3.1319354e-05,3.1319354e-05,2.016496e-15,2.016496e-15,-0.0001764159,-0.0001764159,-0.0001764159,-0.0001764159,-3.1160288e-05,-3.1160288e-05,-3.3274501e-07,-3.3274501e-07,1.3733346e-18,1.3733346e-18,6.3899365e-09,6.3899365e-09,-3.3913494e-07,-3.3913494e-07,-1.6224012e-06,-1.6224012e-06,2.0175627e-15,2.0175627e-15,0.0081165849,0.0081165849,1.2803363e-13,1.2803363e-13,0.0099700529,0.0099700529,6.4508704e-14,6.4508704e-14,-0.0001764159,-0.0001764159,0.00020773526,0.00020773526,-3.528318e-05,-3.528318e-05,4.305993e-16,4.305993e-16,5.9565539e-14,5.9565539e-14,-5.9576049e-14,-5.9576049e-14,1.5417181e-19,1.5417181e-19,-1.4614863e-19,-1.4614863e-19,-7.8312319e-09,-7.8312319e-09,6.6514171e-19,6.6514171e-19,4.8807218e-19,4.8807218e-19,1.3564581e-19,1.3564581e-19,3.5554273e-07,3.5554273e-07,1.3279369e-34,1.3279369e-34
-0.00017450851,-0.00017450851,0.00017450851,0.00017450851,-3.729005e-15,-3.729005e-15,-1.8749368e-15,-1.8749368e-15,0.00017450851,0.00017450851,-2.5481739e-05,-2.5481739e-05,-3.0824805e-05,-3.0824805e-05,-2.5225705e-05,-2.5225705e-05,-3.0824805e-05,-3.0824805e-05,3.0990192e-05,3.0990192e-05,2.0171531e-15,2.0171531e-15,1.8963426e-06,1.8963426e-06,1.8963426e-06,1.8963426e-06,2.5559103e-18,2.5559103e-18,-0.00017467389,-0.00017467389,-3.0824805e-05,-3.0824805e-05,-0.00017467389,-0.00017467389,-3.0824805e-05,-3.0824805e-05,2.5663157e-16,2.5663157e-16,-1.2084252e-16,-1.2084252e-16,-0.0002054987,-0.0002054987,1.3594119e-16,1.3594119e-16,-0.00020549126,-0.00020549126,1.6958473e-16,1.6958473e-16,1.653871e-07,1.653871e-07,3.0824805e-05,3.0824805e-05,1.653871e-07,1.653871e-07,3.0824805e-05,3.0824805e-05,3.0990192e-05,3.0990192e-05,2.0170844e-15,2.0170844e-15,-0.00017450851,-0.00017450851,-0.00017450851,-0.00017450851,-3.0824805e-05,-3.0824805e-05,-3.2916266e-07,-3.2916266e-07,1.3592546e-18,1.3592546e-18,6.3211421e-09,6.3211421e-09,-3.354838e-07,-3.354838e-07,-1.5969119e-06,-1.5969119e-06,2.0181399e-15,2.0181399e-15,0.0080377892,0.0080377892,1.2807069e-13,1.2807069e-13,0.0098670099,0.0098670099,6.4527626e-14,6.4527626e-14,-0.00017450851,-0.00017450851,0.0002054987,0.0002054987,-3.4901701e-05,-3.4901701e-05,4.3075361e-16,4.3075361e-16,5.9587824e-14,5.9587824e-14,-5.9598225e-14,-5.9598225e-14,1.5257303e-19,1.5257303e-19,-1.4485926e-19,-1.4485926e-19,-7.4396703e-09,-7.4396703e-09,6.5661827e-19,6.5661827e-19,4.8351921e-19,4.8351921e-19,1.3458308e-19,1.3458308e-19,3.5204629e-07,3.5204629e-07,1.3008022e-34,1.3008022e-34
-0.00017262164,-0.00017262164,0.00017262164,0.00017262164,-3.7314715e-15,-3.7314715e-15,-1.875395e-15,-1.875395e-15,0.00017262164,0.00017262164,-2.5207418e-05,-2.5207418e-05,-3.0492933e-05,-3.0492933e-05,-2.4953903e-05,-2.4953903e-05,-3.0492933e-05,-3.0492933e-05,3.0664573e-05,3.0664573e-05,2.0177345e-15,2.0177345e-15,1.8759265e-06,1.8759265e-06,1.8759265e-06,1.8759265e-06,2.5299262e-18,2.5299262e-18,-0.00017279328,-0.00017279328,-3.0492933e-05,-3.0492933e-05,-0.00017279328,-0.00017279328,-3.0492933e-05,-3.0492933e-05,2.5692572e-16,2.5692572e-16,-1.2094774e-16,-1.2094774e-16,-0.00020328622,-0.00020328622,1.3612849e-16,1.3612849e-16,-0.00020327915,-0.00020327915,1.6943214e-16,1.6943214e-16,1.7164019e-07,1.7164019e-07,3.0492933e-05,3.0492933e-05,1.7164019e-07,1.7164019e-07,3.0492933e-05,3.0492933e-05,3.0664573e-05,3.0664573e-05,2.0176666e-15,2.0176666e-15,-0.00017262164,-0.00017262164,-0.00017262164,-0.00017262164,-3.0492933e-05,-3.0492933e-05,-3.2561888e-07,-3.2561888e-07,1.3453263e-18,1.3453263e-18,6.2530883e-09,6.2530883e-09,-3.3187197e-07,-3.3187197e-07,-1.5716964e-06,-1.5716964e-06,2.0187109e-15,2.0187109e-15,0.0079598421,0.0079598421,1.2810736e-13,1.2810736e-13,0.0097650762,0.0097650762,6.4546349e-14,6.4546349e-14,-0.00017262164,-0.00017262164,0.00020328622,0.00020328622,-3.4524329e-05,-3.4524329e-05,4.309063e-16,4.309063e-16,5.96099e-14,5.96099e-14,-5.9620191e-14,-5.9620191e-14,1.509911e-19,1.509911e-19,-1.4358381e-19,-1.4358381e-19,-7.0676868e-09,-7.0676868e-09,6.4818507e-19,6.4818507e-19,4.7901533e-19,4.7901533e-19,1.3353184e-19,1.3353184e-19,3.4858356e-07,3.4858356e-07,1.2742356e-34,1.2742356e-34
-0.0001707551,-0.0001707551,0.0001707551,0.0001707551,-3.7339923e-15,-3.7339923e-15,-1.8758483e-15,-1.8758483e-15,0.0001707551,0.0001707551,-2.4936059e-05,-2.4936059e-05,-3.0164634e-05,-3.0164634e-05,-2.4685038e-05,-2.4685038e-05,-3.0164634e-05,-3.0164634e-05,3.034246e-05,3.034246e-05,2.0183098e-15,2.0183098e-15,1.8557301e-06,1.8557301e-06,1.8557301e-06,1.8557301e-06,2.5042221e-18,2.5042221e-18,-0.00017093292,-0.00017093292,-3.0164634e-05,-3.0164634e-05,-0.00017093292,-0.00017093292,-3.0164634e-05,-3.0164634e-05,2.5721684e-16,2.5721684e-16,-1.2105189e-16,-1.2105189e-16,-0.00020109756,-0.00020109756,1.3631386e-16,1.3631386e-16,-0.00020109084,-0.00020109084,1.6928128e-16,1.6928128e-16,1.7782596e-07,1.7782596e-07,3.0164634e-05,3.0164634e-05,1.7782596e-07,1.7782596e-07,3.0164634e-05,3.0164634e-05,3.034246e-05,3.034246e-05,2.0182428e-15,2.0182428e-15,-0.0001707551,-0.0001707551,-0.0001707551,-0.0001707551,-3.0164634e-05,-3.0164634e-05,-3.2211325e-07,-3.2211325e-07,1.3315482e-18,1.3315482e-18,6.185767e-09,6.185767e-09,-3.2829901e-07,-3.2829901e-07,-1.5467519e-06,-1.5467519e-06,2.019276e-15,2.019276e-15,0.0078827346,0.0078827346,1.2814365e-13,1.2814365e-13,0.00966424,0.00966424,6.4564875e-14,6.4564875e-14,-0.0001707551,-0.0001707551,0.00020109756,0.00020109756,-3.415102e-05,-3.415102e-05,4.310574e-16,4.310574e-16,5.9631767e-14,5.9631767e-14,-5.9641952e-14,-5.9641952e-14,1.4942585e-19,1.4942585e-19,-1.4232212e-19,-1.4232212e-19,-6.7143025e-09,-6.7143025e-09,6.398412e-19,6.398412e-19,4.7456e-19,4.7456e-19,1.3249197e-19,1.3249197e-19,3.4515422e-07,3.4515422e-07,1.2482251e-34,1.2482251e-34
-0.00016890865,-0.00016890865,0.00016890865,0.00016890865,-3.7364588e-15,-3.7364588e-15,-1.8762967e-15,-1.8762967e-15,0.00016890865,0.00016890865,-2.4667629e-05,-2.4667629e-05,-2.9839869e-05,-2.9839869e-05,-2.4419077e-05,-2.4419077e-05,-2.9839869e-05,-2.9839869e-05,3.0023814e-05,3.0023814e-05,2.0188791e-15,2.0188791e-15,1.8357511e-06,1.8357511e-06,1.8357511e-06,1.8357511e-06,2.4787951e-18,2.4787951e-18,-0.00016909259,-0.00016909259,-2.9839869e-05,-2.9839869e-05,-0.00016909259,-0.00016909259,-2.9839869e-05,-2.9839869e-05,2.5750497e-16,2.5750497e-16,-1.2115499e-16,-1.2115499e-16,-0.00019893246,-0.00019893246,1.364973e-16,1.364973e-16,-0.00019892608,-0.00019892608,1.6913211e-16,1.6913211e-16,1.8394513e-07,1.8394513e-07,2.9839869e-05,2.9839869e-05,1.8394513e-07,1.8394513e-07,2.9839869e-05,2.9839869e-05,3.0023814e-05,3.0023814e-05,2.0188128e-15,2.0188128e-15,-0.00016890865,-0.00016890865,-0.00016890865,-0.00016890865,-2.9839869e-05,-2.9839869e-05,-3.1864535e-07,-3.1864535e-07,1.3179185e-18,1.3179185e-18,6.1191704e-09,6.1191704e-09,-3.2476452e-07,-3.2476452e-07,-1.5220753e-06,-1.5220753e-06,2.0198352e-15,2.0198352e-15,0.0078064576,0.0078064576,1.2817956e-13,1.2817956e-13,0.0095644895,0.0095644895,6.4583208e-14,6.4583208e-14,-0.00016890865,-0.00016890865,0.00019893246,0.00019893246,-3.3781729e-05,-3.3781729e-05,4.312069e-16,4.312069e-16,5.965343e-14,5.965343e-14,-5.9663507e-14,-5.9663507e-14,1.4787711e-19,1.4787711e-19,-1.4107404e-19,-1.4107404e-19,-6.3785874e-09,-6.3785874e-09,6.3158576e-19,6.3158576e-19,4.701527e-19,4.701527e-19,1.3146333e-19,1.3146333e-19,3.4175797e-07,3.4175797e-07,1.2227589e-34,1.2227589e-34
-0.00016708207,-0.00016708207,0.00016708207,0.00016708207,-3.7388983e-15,-3.7388983e-15,-1.8767404e-15,-1.8767404e-15,0.00016708207,0.00016708207,-2.4402095e-05,-2.4402095e-05,-2.9518601e-05,-2.9518601e-05,-2.415599e-05,-2.415599e-05,-2.9518601e-05,-2.9518601e-05,2.9708599e-05,2.9708599e-05,2.0194423e-15,2.0194423e-15,1.8159872e-06,1.8159872e-06,1.8159872e-06,1.8159872e-06,2.453642e-18,2.453642e-18,-0.00016727207,-0.00016727207,-2.9518601e-05,-2.9518601e-05,-0.00016727207,-0.00016727207,-2.9518601e-05,-2.9518601e-05,2.5779014e-16,2.5779014e-16,-1.2125704e-16,-1.2125704e-16,-0.00019679067,-0.00019679067,1.3667884e-16,1.3667884e-16,-0.00019678461,-0.00019678461,1.6898463e-16,1.6898463e-16,1.8999842e-07,1.8999842e-07,2.9518601e-05,2.9518601e-05,1.8999842e-07,1.8999842e-07,2.9518601e-05,2.9518601e-05,2.9708599e-05,2.9708599e-05,2.0193769e-15,2.0193769e-15,-0.00016708207,-0.00016708207,-0.00016708207,-0.00016708207,-2.9518601e-05,-2.9518601e-05,-3.1521478e-07,-3.1521478e-07,1.3044358e-18,1.3044358e-18,6.0532907e-09,6.0532907e-09,-3.2126807e-07,-3.2126807e-07,-1.4976639e-06,-1.4976639e-06,2.0203884e-15,2.0203884e-15,0.007731002,0.007731002,1.2821509e-13,1.2821509e-13,0.0094658128,0.0094658128,6.4601347e-14,6.4601347e-14,-0.00016708207,-0.00016708207,0.00019679067,0.00019679067,-3.3416415e-05,-3.3416415e-05,4.3135485e-16,4.3135485e-16,5.9674888e-14,5.9674888e-14,-5.9684861e-14,-5.9684861e-14,1.463447e-19,1.463447e-19,-1.3983942e-19,-1.3983942e-19,-6.059658e-09,-6.059658e-09,6.2341788e-19,6.2341788e-19,4.6579291e-19,4.6579291e-19,1.304458e-19,1.304458e-19,3.3839449e-07,3.3839449e-07,1.1978253e-34,1.1978253e-34
-0.00016527517,-0.00016527517,0.00016527517,0.00016527517,-3.7413649e-15,-3.7413649e-15,-1.8771794e-15,-1.8771794e-15,0.00016527517,0.00016527517,-2.4139426e-05,-2.4139426e-05,-2.9200792e-05,-2.9200792e-05,-2.3895744e-05,-2.3895744e-05,-2.9200792e-05,-2.9200792e-05,2.9396778e-05,2.9396778e-05,2.0199997e-15,2.0199997e-15,1.7964361e-06,1.7964361e-06,1.7964361e-06,1.7964361e-06,2.42876e-18,2.42876e-18,-0.00016547115,-0.00016547115,-2.9200792e-05,-2.9200792e-05,-0.00016547115,-0.00016547115,-2.9200792e-05,-2.9200792e-05,2.5807238e-16,2.5807238e-16,-1.2135806e-16,-1.2135806e-16,-0.00019467194,-0.00019467194,1.3685851e-16,1.3685851e-16,-0.00019466619,-0.00019466619,1.6883881e-16,1.6883881e-16,1.9598654e-07,1.9598654e-07,2.9200792e-05,2.9200792e-05,1.9598654e-07,1.9598654e-07,2.9200792e-05,2.9200792e-05,2.9396778e-05,2.9396778e-05,2.019935e-15,2.019935e-15,-0.00016527517,-0.00016527517,-0.00016527517,-0.00016527517,-2.9200792e-05,-2.9200792e-05,-3.1182114e-07,-3.1182114e-07,1.2910984e-18,1.2910984e-18,5.9881202e-09,5.9881202e-09,-3.1780926e-07,-3.1780926e-07,-1.4735149e-06,-1.4735149e-06,2.0209359e-15,2.0209359e-15,0.0076563592,0.0076563592,1.2825025e-13,1.2825025e-13,0.0093681986,0.0093681986,6.4619297e-14,6.4619297e-14,-0.00016527517,-0.00016527517,0.00019467194,0.00019467194,-3.3055033e-05,-3.3055033e-05,4.3150124e-16,4.3150124e-16,5.9696146e-14,5.9696146e-14,-5.9706014e-14,-5.9706014e-14,1.4482846e-19,1.4482846e-19,-1.3861811e-19,-1.3861811e-19,-5.7566751e-09,-5.7566751e-09,6.1533667e-19,6.1533667e-19,4.614801e-19,4.614801e-19,1.2943926e-19,1.2943926e-19,3.3506349e-07,3.3506349e-07,1.1734133e-34,1.1734133e-34
-0.00016348771,-0.00016348771,0.00016348771,0.00016348771,-3.7437772e-15,-3.7437772e-15,-1.8776138e-15,-1.8776138e-15,0.00016348771,0.00016348771,-2.3879591e-05,-2.3879591e-05,-2.8886404e-05,-2.8886404e-05,-2.3638308e-05,-2.3638308e-05,-2.8886404e-05,-2.8886404e-05,2.9088314e-05,2.9088314e-05,2.0205512e-15,2.0205512e-15,1.7770954e-06,1.7770954e-06,1.7770954e-06,1.7770954e-06,2.4041461e-18,2.4041461e-18,-0.00016368962,-0.00016368962,-2.8886404e-05,-2.8886404e-05,-0.00016368962,-0.00016368962,-2.8886404e-05,-2.8886404e-05,2.5835172e-16,2.5835172e-16,-1.2145806e-16,-1.2145806e-16,-0.00019257603,-0.00019257603,1.3703631e-16,1.3703631e-16,-0.00019257056,-0.00019257056,1.6869464e-16,1.6869464e-16,2.0191019e-07,2.0191019e-07,2.8886404e-05,2.8886404e-05,2.0191019e-07,2.0191019e-07,2.8886404e-05,2.8886404e-05,2.9088314e-05,2.9088314e-05,2.0204873e-15,2.0204873e-15,-0.00016348771,-0.00016348771,-0.00016348771,-0.00016348771,-2.8886404e-05,-2.8886404e-05,-3.0846404e-07,-3.0846404e-07,1.2779047e-18,1.2779047e-18,5.9236512e-09,5.9236512e-09,-3.1438769e-07,-3.1438769e-07,-1.4496253e-06,-1.4496253e-06,2.0214776e-15,2.0214776e-15,0.0075825202,0.0075825202,1.2828503e-13,1.2828503e-13,0.0092716353,0.0092716353,6.4637058e-14,6.4637058e-14,-0.00016348771,-0.00016348771,0.00019257603,0.00019257603,-3.2697543e-05,-3.2697543e-05,4.316461e-16,4.316461e-16,5.9717205e-14,5.9717205e-14,-5.972697e-14,-5.972697e-14,1.4332822e-19,1.4332822e-19,-1.3740998e-19,-1.3740998e-19,-5.4688413e-09,-5.4688413e-09,6.0734126e-19,6.0734126e-19,4.5721379e-19,4.5721379e-19,1.2844359e-19,1.2844359e-19,3.3176466e-07,3.3176466e-07,1.1495116e-34,1.1495116e-34
-0.0001617195,-0.0001617195,0.0001617195,0.0001617195,-3.7461625e-15,-3.7461625e-15,-1.8780435e-15,-1.8780435e-15,0.0001617195,0.0001617195,-2.362256e-05,-2.362256e-05,-2.8575401e-05,-2.8575401e-05,-2.3383652e-05,-2.3383652e-05,-2.8575401e-05,-2.8575401e-05,2.8783171e-05,2.8783171e-05,2.0210969e-15,2.0210969e-15,1.7579629e-06,1.7579629e-06,1.7579629e-06,1.7579629e-06,2.3797974e-18,2.3797974e-18,-0.00016192727,-0.00016192727,-2.8575401e-05,-2.8575401e-05,-0.00016192727,-0.00016192727,-2.8575401e-05,-2.8575401e-05,2.5862819e-16,2.5862819e-16,-1.2155704e-16,-1.2155704e-16,-0.00019050267,-0.00019050267,1.3721228e-16,1.3721228e-16,-0.00019049748,-0.00019049748,1.685521e-16,1.685521e-16,2.0777007e-07,2.0777007e-07,2.8575401e-05,2.8575401e-05,2.0777007e-07,2.0777007e-07,2.8575401e-05,2.8575401e-05,2.8783171e-05,2.8783171e-05,2.0210337e-15,2.0210337e-15,-0.0001617195,-0.0001617195,-0.0001617195,-0.0001617195,-2.8575401e-05,-2.8575401e-05,-3.0514307e-07,-3.0514307e-07,1.2648532e-18,1.2648532e-18,5.8598763e-09,5.8598763e-09,-3.1100294e-07,-3.1100294e-07,-1.4259926e-06,-1.4259926e-06,2.0220136e-15,2.0220136e-15,0.0075094765,0.0075094765,1.2831946e-13,1.2831946e-13,0.0091761117,0.0091761117,6.4654632e-14,6.4654632e-14,-0.0001617195,-0.0001617195,0.00019050267,0.00019050267,-3.2343901e-05,-3.2343901e-05,4.3178945e-16,4.3178945e-16,5.9738067e-14,5.9738067e-14,-5.974773e-14,-5.974773e-14,1.4184382e-19,1.4184382e-19,-1.3621488e-19,-1.3621488e-19,-5.1953993e-09,-5.1953993e-09,5.9943078e-19,5.9943078e-19,4.5299345e-19,4.5299345e-19,1.2745868e-19,1.2745868e-19,3.2849771e-07,3.2849771e-07,1.1261095e-34,1.1261095e-34
-0.00015997033,-0.00015997033,0.00015997033,0.00015997033,-3.7484935e-15,-3.7484935e-15,-1.8784686e-15,-1.8784686e-15,0.00015997033,0.00015997033,-2.33683e-05,-2.33683e-05,-2.8267746e-05,-2.8267746e-05,-2.3131746e-05,-2.3131746e-05,-2.8267746e-05,-2.8267746e-05,2.8481313e-05,2.8481313e-05,2.0216368e-15,2.0216368e-15,1.7390364e-06,1.7390364e-06,1.7390364e-06,1.7390364e-06,2.355711e-18,2.355711e-18,-0.0001601839,-0.0001601839,-2.8267746e-05,-2.8267746e-05,-0.0001601839,-0.0001601839,-2.8267746e-05,-2.8267746e-05,2.5890183e-16,2.5890183e-16,-1.2165503e-16,-1.2165503e-16,-0.00018845164,-0.00018845164,1.3738642e-16,1.3738642e-16,-0.00018844671,-0.00018844671,1.6841117e-16,1.6841117e-16,2.1356685e-07,2.1356685e-07,2.8267746e-05,2.8267746e-05,2.1356685e-07,2.1356685e-07,2.8267746e-05,2.8267746e-05,2.8481313e-05,2.8481313e-05,2.0215745e-15,2.0215745e-15,-0.00015997033,-0.00015997033,-0.00015997033,-0.00015997033,-2.8267746e-05,-2.8267746e-05,-3.0185785e-07,-3.0185785e-07,1.2519423e-18,1.2519423e-18,5.7967879e-09,5.7967879e-09,-3.0765464e-07,-3.0765464e-07,-1.4026138e-06,-1.4026138e-06,2.022544e-15,2.022544e-15,0.0074372194,0.0074372194,1.2835352e-13,1.2835352e-13,0.0090816165,0.0090816165,6.4672023e-14,6.4672023e-14,-0.00015997033,-0.00015997033,0.00018845164,0.00018845164,-3.1994066e-05,-3.1994066e-05,4.3193129e-16,4.3193129e-16,5.9758735e-14,5.9758735e-14,-5.9768296e-14,-5.9768296e-14,1.4037509e-19,1.4037509e-19,-1.3503266e-19,-1.3503266e-19,-4.9356293e-09,-4.9356293e-09,5.9160436e-19,5.9160436e-19,4.4881859e-19,4.4881859e-19,1.264844e-19,1.264844e-19,3.2526235e-07,3.2526235e-07,1.1031965e-34,1.1031965e-34
-0.00015823999,-0.00015823999,0.00015823999,0.00015823999,-3.7508245e-15,-3.7508245e-15,-1.8788893e-15,-1.8788893e-15,0.00015823999,0.00015823999,-2.3116783e-05,-2.3116783e-05,-2.7963404e-05,-2.7963404e-05,-2.2882559e-05,-2.2882559e-05,-2.7963404e-05,-2.7963404e-05,2.8182705e-05,2.8182705e-05,2.0221711e-15,2.0221711e-15,1.7203136e-06,1.7203136e-06,1.7203136e-06,1.7203136e-06,2.3318842e-18,2.3318842e-18,-0.00015845929,-0.00015845929,-2.7963404e-05,-2.7963404e-05,-0.00015845929,-0.00015845929,-2.7963404e-05,-2.7963404e-05,2.5917266e-16,2.5917266e-16,-1.2175202e-16,-1.2175202e-16,-0.00018642269,-0.00018642269,1.3755877e-16,1.3755877e-16,-0.00018641801,-0.00018641801,1.6827184e-16,1.6827184e-16,2.1930123e-07,2.1930123e-07,2.7963404e-05,2.7963404e-05,2.1930123e-07,2.1930123e-07,2.7963404e-05,2.7963404e-05,2.8182705e-05,2.8182705e-05,2.0221095e-15,2.0221095e-15,-0.00015823999,-0.00015823999,-0.00015823999,-0.00015823999,-2.7963404e-05,-2.7963404e-05,-2.98608e-07,-2.98608e-07,1.2391706e-18,1.2391706e-18,5.7343786e-09,5.7343786e-09,-3.0434238e-07,-3.0434238e-07,-1.3794864e-06,-1.3794864e-06,2.0230688e-15,2.0230688e-15,0.0073657405,0.0073657405,1.2838722e-13,1.2838722e-13,0.0089881387,0.0089881387,6.4689232e-14,6.4689232e-14,-0.00015823999,-0.00015823999,0.00018642269,0.00018642269,-3.1647998e-05,-3.1647998e-05,4.3207165e-16,4.3207165e-16,5.977921e-14,5.977921e-14,-5.9788671e-14,-5.9788671e-14,1.3892188e-19,1.3892188e-19,-1.3386319e-19,-1.3386319e-19,-4.6888478e-09,-4.6888478e-09,5.8386117e-19,5.8386117e-19,4.4468873e-19,4.4468873e-19,1.2552064e-19,1.2552064e-19,3.2205828e-07,3.2205828e-07,1.0807621e-34,1.0807621e-34
-0.00015652828,-0.00015652828,0.00015652828,0.00015652828,-3.7531556e-15,-3.7531556e-15,-1.8793055e-15,-1.8793055e-15,0.00015652828,0.00015652828,-2.2867978e-05,-2.2867978e-05,-2.7662338e-05,-2.7662338e-05,-2.2636062e-05,-2.2636062e-05,-2.7662338e-05,-2.7662338e-05,2.7887312e-05,2.7887312e-05,2.0226998e-15,2.0226998e-15,1.7017923e-06,1.7017923e-06,1.7017923e-06,1.7017923e-06,2.3083141e-18,2.3083141e-18,-0.00015675325,-0.00015675325,-2.7662338e-05,-2.7662338e-05,-0.00015675325,-0.00015675325,-2.7662338e-05,-2.7662338e-05,2.5944072e-16,2.5944072e-16,-1.2184804e-16,-1.2184804e-16,-0.00018441559,-0.00018441559,1.3772934e-16,1.3772934e-16,-0.00018441113,-0.00018441113,1.6813408e-16,1.6813408e-16,2.2497387e-07,2.2497387e-07,2.7662338e-05,2.7662338e-05,2.2497387e-07,2.2497387e-07,2.7662338e-05,2.7662338e-05,2.7887312e-05,2.7887312e-05,2.0226389e-15,2.0226389e-15,-0.00015652828,-0.00015652828,-0.00015652828,-0.00015652828,-2.7662338e-05,-2.7662338e-05,-2.9539313e-07,-2.9539313e-07,1.2265365e-18,1.2265365e-18,5.6726412e-09,5.6726412e-09,-3.0106577e-07,-3.0106577e-07,-1.3566076e-06,-1.3566076e-06,2.0235881e-15,2.0235881e-15,0.0072950314,0.0072950314,1.2842057e-13,1.2842057e-13,0.0088956672,0.0088956672,6.470626e-14,6.470626e-14,-0.00015652828,-0.00015652828,0.00018441559,0.00018441559,-3.1305655e-05,-3.1305655e-05,4.3221055e-16,4.3221055e-16,5.9799494e-14,5.9799494e-14,-5.9808856e-14,-5.9808856e-14,1.3748401e-19,1.3748401e-19,-1.3270633e-19,-1.3270633e-19,-4.4544055e-09,-4.4544055e-09,5.7620034e-19,5.7620034e-19,4.4060337e-19,4.4060337e-19,1.2456729e-19,1.2456729e-19,3.1888521e-07,3.1888521e-07,1.0587962e-34,1.0587962e-34
-0.00015483499,-0.00015483499,0.00015483499,0.00015483499,-3.7554053e-15,-3.7554053e-15,-1.8797172e-15,-1.8797172e-15,0.00015483499,0.00015483499,-2.2621856e-05,-2.2621856e-05,-2.7364514e-05,-2.7364514e-05,-2.2392225e-05,-2.2392225e-05,-2.7364514e-05,-2.7364514e-05,2.7595099e-05,2.7595099e-05,2.0232229e-15,2.0232229e-15,1.6834705e-06,1.6834705e-06,1.6834705e-06,1.6834705e-06,2.284998e-18,2.284998e-18,-0.00015506558,-0.00015506558,-2.7364514e-05,-2.7364514e-05,-0.00015506558,-0.00015506558,-2.7364514e-05,-2.7364514e-05,2.5970603e-16,2.5970603e-16,-1.2194309e-16,-1.2194309e-16,-0.00018243009,-0.00018243009,1.3789814e-16,1.3789814e-16,-0.00018242586,-0.00018242586,1.6799788e-16,1.6799788e-16,2.3058544e-07,2.3058544e-07,2.7364514e-05,2.7364514e-05,2.3058544e-07,2.3058544e-07,2.7364514e-05,2.7364514e-05,2.7595099e-05,2.7595099e-05,2.0231628e-15,2.0231628e-15,-0.00015483499,-0.00015483499,-0.00015483499,-0.00015483499,-2.7364514e-05,-2.7364514e-05,-2.9221287e-07,-2.9221287e-07,1.2140385e-18,1.2140385e-18,5.6115683e-09,5.6115683e-09,-2.9782444e-07,-2.9782444e-07,-1.3339748e-06,-1.3339748e-06,2.024102e-15,2.024102e-15,0.0072250838,0.0072250838,1.2845357e-13,1.2845357e-13,0.0088041914,0.0088041914,6.4723109e-14,6.4723109e-14,-0.00015483499,-0.00015483499,0.00018243009,0.00018243009,-3.0966999e-05,-3.0966999e-05,4.3234799e-16,4.3234799e-16,5.981959e-14,5.981959e-14,-5.9828853e-14,-5.9828853e-14,1.3606134e-19,1.3606134e-19,-1.3156194e-19,-1.3156194e-19,-4.2316852e-09,-4.2316852e-09,5.6862104e-19,5.6862104e-19,4.3656204e-19,4.3656204e-19,1.2362422e-19,1.2362422e-19,3.1574285e-07,3.1574285e-07,1.0372889e-34,1.0372889e-34
-0.00015315994,-0.00015315994,0.00015315994,0.00015315994,-3.7576821e-15,-3.7576821e-15,-1.8801247e-15,-1.8801247e-15,0.00015315994,0.00015315994,-2.2378388e-05,-2.2378388e-05,-2.7069896e-05,-2.7069896e-05,-2.215102e-05,-2.215102e-05,-2.7069896e-05,-2.7069896e-05,2.7306032e-05,2.7306032e-05,2.0237406e-15,2.0237406e-15,1.6653459e-06,1.6653459e-06,1.6653459e-06,1.6653459e-06,2.2619331e-18,2.2619331e-18,-0.00015339608,-0.00015339608,-2.7069896e-05,-2.7069896e-05,-0.00015339608,-0.00015339608,-2.7069896e-05,-2.7069896e-05,2.5996863e-16,2.5996863e-16,-1.2203718e-16,-1.2203718e-16,-0.00018046597,-0.00018046597,1.3806521e-16,1.3806521e-16,-0.00018046195,-0.00018046195,1.6786323e-16,1.6786323e-16,2.361366e-07,2.361366e-07,2.7069896e-05,2.7069896e-05,2.361366e-07,2.361366e-07,2.7069896e-05,2.7069896e-05,2.7306032e-05,2.7306032e-05,2.0236812e-15,2.0236812e-15,-0.00015315994,-0.00015315994,-0.00015315994,-0.00015315994,-2.7069896e-05,-2.7069896e-05,-2.8906685e-07,-2.8906685e-07,1.2016752e-18,1.2016752e-18,5.551153e-09,5.551153e-09,-2.94618e-07,-2.94618e-07,-1.3115853e-06,-1.3115853e-06,2.0246104e-15,2.0246104e-15,0.0071558895,0.0071558895,1.2848623e-13,1.2848623e-13,0.0087137004,0.0087137004,6.4739783e-14,6.4739783e-14,-0.00015315994,-0.00015315994,0.00018046597,0.00018046597,-3.0631988e-05,-3.0631988e-05,4.32484e-16,4.32484e-16,5.9839499e-14,5.9839499e-14,-5.9848666e-14,-5.9848666e-14,1.3465371e-19,1.3465371e-19,-1.3042989e-19,-1.3042989e-19,-4.0201009e-09,-4.0201009e-09,5.6112243e-19,5.6112243e-19,4.3256425e-19,4.3256425e-19,1.2269134e-19,1.2269134e-19,3.1263092e-07,3.1263092e-07,1.0162305e-34,1.0162305e-34
-0.00015150292,-0.00015150292,0.00015150292,0.00015150292,-3.7599047e-15,-3.7599047e-15,-1.8805277e-15,-1.8805277e-15,0.00015150292,0.00015150292,-2.2137545e-05,-2.2137545e-05,-2.677845e-05,-2.677845e-05,-2.1912418e-05,-2.1912418e-05,-2.677845e-05,-2.677845e-05,2.7020078e-05,2.7020078e-05,2.0242528e-15,2.0242528e-15,1.6474164e-06,1.6474164e-06,1.6474164e-06,1.6474164e-06,2.2391166e-18,2.2391166e-18,-0.00015174455,-0.00015174455,-2.677845e-05,-2.677845e-05,-0.00015174455,-0.00015174455,-2.677845e-05,-2.677845e-05,2.6022853e-16,2.6022853e-16,-1.2213032e-16,-1.2213032e-16,-0.000178523,-0.000178523,1.3823055e-16,1.3823055e-16,-0.00017851918,-0.00017851918,1.677301e-16,1.677301e-16,2.4162798e-07,2.4162798e-07,2.677845e-05,2.677845e-05,2.4162798e-07,2.4162798e-07,2.677845e-05,2.677845e-05,2.7020078e-05,2.7020078e-05,2.0241941e-15,2.0241941e-15,-0.00015150292,-0.00015150292,-0.00015150292,-0.00015150292,-2.677845e-05,-2.677845e-05,-2.8595469e-07,-2.8595469e-07,1.1894452e-18,1.1894452e-18,5.491388e-09,5.491388e-09,-2.9144608e-07,-2.9144608e-07,-1.2894365e-06,-1.2894365e-06,2.0251136e-15,2.0251136e-15,0.0070874403,0.0070874403,1.2851854e-13,1.2851854e-13,0.0086241837,0.0086241837,6.4756282e-14,6.4756282e-14,-0.00015150292,-0.00015150292,0.000178523,0.000178523,-3.0300584e-05,-3.0300584e-05,4.3261859e-16,4.3261859e-16,5.9859224e-14,5.9859224e-14,-5.9868295e-14,-5.9868295e-14,1.3326096e-19,1.3326096e-19,-1.2931005e-19,-1.2931005e-19,-3.8190959e-09,-3.8190959e-09,5.537037e-19,5.537037e-19,4.2860954e-19,4.2860954e-19,1.2176852e-19,1.2176852e-19,3.0954913e-07,3.0954913e-07,9.9561156e-35,9.9561156e-35
-0.00014986374,-0.00014986374,0.00014986374,0.00014986374,-3.7621002e-15,-3.7621002e-15,-1.8809266e-15,-1.8809266e-15,0.00014986374,0.00014986374,-2.1899298e-05,-2.1899298e-05,-2.6490142e-05,-2.6490142e-05,-2.1676391e-05,-2.1676391e-05,-2.6490142e-05,-2.6490142e-05,2.6737202e-05,2.6737202e-05,2.0247596e-15,2.0247596e-15,1.6296799e-06,1.6296799e-06,1.6296799e-06,1.6296799e-06,2.216546e-18,2.216546e-18,-0.0001501108,-0.0001501108,-2.6490142e-05,-2.6490142e-05,-0.0001501108,-0.0001501108,-2.6490142e-05,-2.6490142e-05,2.6048578e-16,2.6048578e-16,-1.2222252e-16,-1.2222252e-16,-0.00017660094,-0.00017660094,1.3839419e-16,1.3839419e-16,-0.00017659732,-0.00017659732,1.6759848e-16,1.6759848e-16,2.4706025e-07,2.4706025e-07,2.6490142e-05,2.6490142e-05,2.4706025e-07,2.4706025e-07,2.6490142e-05,2.6490142e-05,2.6737202e-05,2.6737202e-05,2.0247017e-15,2.0247017e-15,-0.00014986374,-0.00014986374,-0.00014986374,-0.00014986374,-2.6490142e-05,-2.6490142e-05,-2.8287604e-07,-2.8287604e-07,1.1773469e-18,1.1773469e-18,5.4322664e-09,5.4322664e-09,-2.883083e-07,-2.883083e-07,-1.2675259e-06,-1.2675259e-06,2.0256114e-15,2.0256114e-15,0.0070197283,0.0070197283,1.2855052e-13,1.2855052e-13,0.0085356308,0.0085356308,6.4772608e-14,6.4772608e-14,-0.00014986374,-0.00014986374,0.00017660094,0.00017660094,-2.9972748e-05,-2.9972748e-05,4.3275177e-16,4.3275177e-16,5.9878767e-14,5.9878767e-14,-5.9887742e-14,-5.9887742e-14,1.3188294e-19,1.3188294e-19,-1.2820227e-19,-1.2820227e-19,-3.6281411e-09,-3.6281411e-09,5.4636401e-19,5.4636401e-19,4.2469745e-19,4.2469745e-19,1.2085566e-19,1.2085566e-19,3.0649721e-07,3.0649721e-07,9.754227e-35,9.754227e-35
-0.00014824221,-0.00014824221,0.00014824221,0.00014824221,-3.7643228e-15,-3.7643228e-15,-1.8813211e-15,-1.8813211e-15,0.00014824221,0.00014824221,-2.1663619e-05,-2.1663619e-05,-2.6204937e-05,-2.6204937e-05,-2.144291e-05,-2.144291e-05,-2.6204937e-05,-2.6204937e-05,2.6457371e-05,2.6457371e-05,2.0252612e-15,2.0252612e-15,1.6121344e-06,1.6121344e-06,1.6121344e-06,1.6121344e-06,2.1942186e-18,2.1942186e-18,-0.00014849464,-0.00014849464,-2.6204937e-05,-2.6204937e-05,-0.00014849464,-0.00014849464,-2.6204937e-05,-2.6204937e-05,2.6074041e-16,2.6074041e-16,-1.2231379e-16,-1.2231379e-16,-0.00017469958,-0.00017469958,1.3855614e-16,1.3855614e-16,-0.00017469613,-0.00017469613,1.6746835e-16,1.6746835e-16,2.5243403e-07,2.5243403e-07,2.6204937e-05,2.6204937e-05,2.5243403e-07,2.5243403e-07,2.6204937e-05,2.6204937e-05,2.6457371e-05,2.6457371e-05,2.0252039e-15,2.0252039e-15,-0.00014824221,-0.00014824221,-0.00014824221,-0.00014824221,-2.6204937e-05,-2.6204937e-05,-2.7983053e-07,-2.7983053e-07,1.1653789e-18,1.1653789e-18,5.3737813e-09,5.3737813e-09,-2.8520431e-07,-2.8520431e-07,-1.2458509e-06,-1.2458509e-06,2.0261041e-15,2.0261041e-15,0.0069527454,0.0069527454,1.2858216e-13,1.2858216e-13,0.0084480312,0.0084480312,6.4788764e-14,6.4788764e-14,-0.00014824221,-0.00014824221,0.00017469958,0.00017469958,-2.9648442e-05,-2.9648442e-05,4.3288356e-16,4.3288356e-16,5.9898129e-14,5.9898129e-14,-5.990701e-14,-5.990701e-14,1.3051949e-19,1.3051949e-19,-1.2710644e-19,-1.2710644e-19,-3.446734e-09,-3.446734e-09,5.3910256e-19,5.3910256e-19,4.208275e-19,4.208275e-19,1.1995265e-19,1.1995265e-19,3.0347488e-07,3.0347488e-07,9.5565485e-35,9.5565485e-35
-0.00014663814,-0.00014663814,0.00014663814,0.00014663814,-3.7664912e-15,-3.7664912e-15,-1.8817116e-15,-1.8817116e-15,0.00014663814,0.00014663814,-2.143048e-05,-2.143048e-05,-2.5922803e-05,-2.5922803e-05,-2.1211948e-05,-2.1211948e-05,-2.5922803e-05,-2.5922803e-05,2.6180553e-05,2.6180553e-05,2.0257574e-15,2.0257574e-15,1.5947777e-06,1.5947777e-06,1.5947777e-06,1.5947777e-06,2.1721316e-18,2.1721316e-18,-0.00014689589,-0.00014689589,-2.5922803e-05,-2.5922803e-05,-0.00014689589,-0.00014689589,-2.5922803e-05,-2.5922803e-05,2.6099243e-16,2.6099243e-16,-1.2240415e-16,-1.2240415e-16,-0.00017281869,-0.00017281869,1.3871642e-16,1.3871642e-16,-0.00017281542,-0.00017281542,1.673397e-16,1.673397e-16,2.5774996e-07,2.5774996e-07,2.5922803e-05,2.5922803e-05,2.5774996e-07,2.5774996e-07,2.5922803e-05,2.5922803e-05,2.6180553e-05,2.6180553e-05,2.0257009e-15,2.0257009e-15,-0.00014663814,-0.00014663814,-0.00014663814,-0.00014663814,-2.5922803e-05,-2.5922803e-05,-2.768178e-07,-2.768178e-07,1.1535399e-18,1.1535399e-18,5.3159258e-09,5.3159258e-09,-2.8213373e-07,-2.8213373e-07,-1.224409e-06,-1.224409e-06,2.0265916e-15,2.0265916e-15,0.0068864839,0.0068864839,1.2861347e-13,1.2861347e-13,0.0083613748,0.0083613748,6.480475e-14,6.480475e-14,-0.00014663814,-0.00014663814,0.00017281869,0.00017281869,-2.9327627e-05,-2.9327627e-05,4.3301397e-16,4.3301397e-16,5.9917313e-14,5.9917313e-14,-5.99261e-14,-5.99261e-14,1.2917046e-19,1.2917046e-19,-1.2602242e-19,-1.2602242e-19,-3.2743973e-09,-3.2743973e-09,5.3191854e-19,5.3191854e-19,4.1699925e-19,4.1699925e-19,1.1905938e-19,1.1905938e-19,3.0048185e-07,3.0048185e-07,9.362991e-35,9.362991e-35
-0.00014505133,-0.00014505133,0.00014505133,0.00014505133,-3.7686054e-15,-3.7686054e-15,-1.8820978e-15,-1.8820978e-15,0.00014505133,0.00014505133,-2.1199854e-05,-2.1199854e-05,-2.5643707e-05,-2.5643707e-05,-2.0983477e-05,-2.0983477e-05,-2.5643707e-05,-2.5643707e-05,2.5906716e-05,2.5906716e-05,2.0262485e-15,2.0262485e-15,1.5776079e-06,1.5776079e-06,1.5776079e-06,1.5776079e-06,2.1502827e-18,2.1502827e-18,-0.00014531434,-0.00014531434,-2.5643707e-05,-2.5643707e-05,-0.00014531434,-0.00014531434,-2.5643707e-05,-2.5643707e-05,2.6124187e-16,2.6124187e-16,-1.224936e-16,-1.224936e-16,-0.00017095805,-0.00017095805,1.3887505e-16,1.3887505e-16,-0.00017095494,-0.00017095494,1.6721252e-16,1.6721252e-16,2.6300865e-07,2.6300865e-07,2.5643707e-05,2.5643707e-05,2.6300865e-07,2.6300865e-07,2.5643707e-05,2.5643707e-05,2.5906716e-05,2.5906716e-05,2.0261927e-15,2.0261927e-15,-0.00014505133,-0.00014505133,-0.00014505133,-0.00014505133,-2.5643707e-05,-2.5643707e-05,-2.7383751e-07,-2.7383751e-07,1.1418285e-18,1.1418285e-18,5.2586931e-09,5.2586931e-09,-2.790962e-07,-2.790962e-07,-1.2031976e-06,-1.2031976e-06,2.027074e-15,2.027074e-15,0.0068209359,0.0068209359,1.2864445e-13,1.2864445e-13,0.0082756514,0.0082756514,6.482057e-14,6.482057e-14,-0.00014505133,-0.00014505133,0.00017095805,0.00017095805,-2.9010267e-05,-2.9010267e-05,4.3314303e-16,4.3314303e-16,5.993632e-14,5.993632e-14,-5.9945015e-14,-5.9945015e-14,1.2783571e-19,1.2783571e-19,-1.2495008e-19,-1.2495008e-19,-3.1106775e-09,-3.1106775e-09,5.2481115e-19,5.2481115e-19,4.1321224e-19,4.1321224e-19,1.1817575e-19,1.1817575e-19,2.9751787e-07,2.9751787e-07,9.1734675e-35,9.1734675e-35
-0.00014348161,-0.00014348161,0.00014348161,0.00014348161,-3.7707467e-15,-3.7707467e-15,-1.88248e-15,-1.88248e-15,0.00014348161,0.00014348161,-2.0971713e-05,-2.0971713e-05,-2.5367616e-05,-2.5367616e-05,-2.0757471e-05,-2.0757471e-05,-2.5367616e-05,-2.5367616e-05,2.5635827e-05,2.5635827e-05,2.0267344e-15,2.0267344e-15,1.560623e-06,1.560623e-06,1.560623e-06,1.560623e-06,2.128669e-18,2.128669e-18,-0.00014374982,-0.00014374982,-2.5367616e-05,-2.5367616e-05,-0.00014374982,-0.00014374982,-2.5367616e-05,-2.5367616e-05,2.6148877e-16,2.6148877e-16,-1.2258215e-16,-1.2258215e-16,-0.00016911744,-0.00016911744,1.3903205e-16,1.3903205e-16,-0.00016911448,-0.00016911448,1.6708678e-16,1.6708678e-16,2.6821073e-07,2.6821073e-07,2.5367616e-05,2.5367616e-05,2.6821073e-07,2.6821073e-07,2.5367616e-05,2.5367616e-05,2.5635827e-05,2.5635827e-05,2.0266793e-15,2.0266793e-15,-0.00014348161,-0.00014348161,-0.00014348161,-0.00014348161,-2.5367616e-05,-2.5367616e-05,-2.708893e-07,-2.708893e-07,1.1302432e-18,1.1302432e-18,5.2020766e-09,5.2020766e-09,-2.7609138e-07,-2.7609138e-07,-1.1822144e-06,-1.1822144e-06,2.0275513e-15,2.0275513e-15,0.0067560938,0.0067560938,1.2867511e-13,1.2867511e-13,0.0081908509,0.0081908509,6.4836224e-14,6.4836224e-14,-0.00014348161,-0.00014348161,0.00016911744,0.00016911744,-2.8696323e-05,-2.8696323e-05,4.3327074e-16,4.3327074e-16,5.9955152e-14,5.9955152e-14,-5.9963756e-14,-5.9963756e-14,1.2651509e-19,1.2651509e-19,-1.238893e-19,-1.238893e-19,-2.9551436e-09,-2.9551436e-09,5.177796e-19,5.177796e-19,4.0946604e-19,4.0946604e-19,1.1730166e-19,1.1730166e-19,2.9458264e-07,2.9458264e-07,8.9878927e-35,8.9878927e-35
-0.00014192879,-0.00014192879,0.00014192879,0.00014192879,-3.7728609e-15,-3.7728609e-15,-1.8828581e-15,-1.8828581e-15,0.00014192879,0.00014192879,-2.0746031e-05,-2.0746031e-05,-2.5094497e-05,-2.5094497e-05,-2.0533903e-05,-2.0533903e-05,-2.5094497e-05,-2.5094497e-05,2.5367854e-05,2.5367854e-05,2.0272153e-15,2.0272153e-15,1.5438209e-06,1.5438209e-06,1.5438209e-06,1.5438209e-06,2.1072883e-18,2.1072883e-18,-0.00014220215,-0.00014220215,-2.5094497e-05,-2.5094497e-05,-0.00014220215,-0.00014220215,-2.5094497e-05,-2.5094497e-05,2.6173316e-16,2.6173316e-16,-1.2266981e-16,-1.2266981e-16,-0.00016729665,-0.00016729665,1.3918743e-16,1.3918743e-16,-0.00016729384,-0.00016729384,1.6696246e-16,1.6696246e-16,2.733568e-07,2.733568e-07,2.5094497e-05,2.5094497e-05,2.733568e-07,2.733568e-07,2.5094497e-05,2.5094497e-05,2.5367854e-05,2.5367854e-05,2.0271608e-15,2.0271608e-15,-0.00014192879,-0.00014192879,-0.00014192879,-0.00014192879,-2.5094497e-05,-2.5094497e-05,-2.6797284e-07,-2.6797284e-07,1.1187828e-18,1.1187828e-18,5.1460696e-09,5.1460696e-09,-2.731189e-07,-2.731189e-07,-1.1614569e-06,-1.1614569e-06,2.0280237e-15,2.0280237e-15,0.0066919499,0.0066919499,1.2870544e-13,1.2870544e-13,0.0081069634,0.0081069634,6.4851714e-14,6.4851714e-14,-0.00014192879,-0.00014192879,0.00016729665,0.00016729665,-2.8385759e-05,-2.8385759e-05,4.3339712e-16,4.3339712e-16,5.9973811e-14,5.9973811e-14,-5.9982325e-14,-5.9982325e-14,1.2520844e-19,1.2520844e-19,-1.2283996e-19,-1.2283996e-19,-2.8073864e-09,-2.8073864e-09,5.1082311e-19,5.1082311e-19,4.0576019e-19,4.0576019e-19,1.1643699e-19,1.1643699e-19,2.9167592e-07,2.9167592e-07,8.8061832e-35,8.8061832e-35
-0.00014039269,-0.00014039269,0.00014039269,0.00014039269,-3.7748938e-15,-3.7748938e-15,-1.8832323e-15,-1.8832323e-15,0.00014039269,0.00014039269,-2.052278e-05,-2.052278e-05,-2.4824319e-05,-2.4824319e-05,-2.0312746e-05,-2.0312746e-05,-2.4824319e-05,-2.4824319e-05,2.5102766e-05,2.5102766e-05,2.0276911e-15,2.0276911e-15,1.5271996e-06,1.5271996e-06,1.5271996e-06,1.5271996e-06,2.0861378e-18,2.0861378e-18,-0.00014067114,-0.00014067114,-2.4824319e-05,-2.4824319e-05,-0.00014067114,-0.00014067114,-2.4824319e-05,-2.4824319e-05,2.6197505e-16,2.6197505e-16,-1.227566e-16,-1.227566e-16,-0.00016549546,-0.00016549546,1.3934122e-16,1.3934122e-16,-0.00016549279,-0.00016549279,1.6683957e-16,1.6683957e-16,2.7844746e-07,2.7844746e-07,2.4824319e-05,2.4824319e-05,2.7844746e-07,2.7844746e-07,2.4824319e-05,2.4824319e-05,2.5102766e-05,2.5102766e-05,2.0276373e-15,2.0276373e-15,-0.00014039269,-0.00014039269,-0.00014039269,-0.00014039269,-2.4824319e-05,-2.4824319e-05,-2.6508776e-07,-2.6508776e-07,1.1074458e-18,1.1074458e-18,5.0906655e-09,5.0906655e-09,-2.7017843e-07,-2.7017843e-07,-1.1409226e-06,-1.1409226e-06,2.0284911e-15,2.0284911e-15,0.0066284967,0.0066284967,1.2873546e-13,1.2873546e-13,0.008023979,0.008023979,6.4867043e-14,6.4867043e-14,-0.00014039269,-0.00014039269,0.00016549546,0.00016549546,-2.8078538e-05,-2.8078538e-05,4.3352218e-16,4.3352218e-16,5.99923e-14,5.99923e-14,-6.0000724e-14,-6.0000724e-14,1.2391564e-19,1.2391564e-19,-1.2180192e-19,-1.2180192e-19,-2.6670171e-09,-2.6670171e-09,5.0394089e-19,5.0394089e-19,4.0209427e-19,4.0209427e-19,1.1558164e-19,1.1558164e-19,2.8879742e-07,2.8879742e-07,8.6282571e-35,8.6282571e-35
-0.00013887313,-0.00013887313,0.00013887313,0.00013887313,-3.7769538e-15,-3.7769538e-15,-1.8836024e-15,-1.8836024e-15,0.00013887313,0.00013887313,-2.0301935e-05,-2.0301935e-05,-2.4557049e-05,-2.4557049e-05,-2.0093974e-05,-2.0093974e-05,-2.4557049e-05,-2.4557049e-05,2.4840532e-05,2.4840532e-05,2.0281619e-15,2.0281619e-15,1.5107574e-06,1.5107574e-06,1.5107574e-06,1.5107574e-06,2.0652152e-18,2.0652152e-18,-0.00013915661,-0.00013915661,-2.4557049e-05,-2.4557049e-05,-0.00013915661,-0.00013915661,-2.4557049e-05,-2.4557049e-05,2.6221448e-16,2.6221448e-16,-1.2284251e-16,-1.2284251e-16,-0.00016371366,-0.00016371366,1.3949342e-16,1.3949342e-16,-0.00016371113,-0.00016371113,1.6671807e-16,1.6671807e-16,2.8348332e-07,2.8348332e-07,2.4557049e-05,2.4557049e-05,2.8348332e-07,2.8348332e-07,2.4557049e-05,2.4557049e-05,2.4840532e-05,2.4840532e-05,2.0281088e-15,2.0281088e-15,-0.00013887313,-0.00013887313,-0.00013887313,-0.00013887313,-2.4557049e-05,-2.4557049e-05,-2.6223375e-07,-2.6223375e-07,1.096231e-18,1.096231e-18,5.0358579e-09,5.0358579e-09,-2.6726961e-07,-2.6726961e-07,-1.1206092e-06,-1.1206092e-06,2.0289536e-15,2.0289536e-15,0.0065657269,0.0065657269,1.2876517e-13,1.2876517e-13,0.0079418881,0.0079418881,6.4882212e-14,6.4882212e-14,-0.00013887313,-0.00013887313,0.00016371366,0.00016371366,-2.7774625e-05,-2.7774625e-05,4.3364594e-16,4.3364594e-16,6.0010619e-14,6.0010619e-14,-6.0018954e-14,-6.0018954e-14,1.2263652e-19,1.2263652e-19,-1.2077506e-19,-1.2077506e-19,-2.5336662e-09,-2.5336662e-09,4.9713219e-19,4.9713219e-19,3.9846784e-19,3.9846784e-19,1.1473553e-19,1.1473553e-19,2.8594689e-07,2.8594689e-07,8.4540347e-35,8.4540347e-35
-0.00013736992,-0.00013736992,0.00013736992,0.00013736992,-3.7789867e-15,-3.7789867e-15,-1.8839687e-15,-1.8839687e-15,0.00013736992,0.00013736992,-2.0083469e-05,-2.0083469e-05,-2.4292657e-05,-2.4292657e-05,-1.9877561e-05,-1.9877561e-05,-2.4292657e-05,-2.4292657e-05,2.4581122e-05,2.4581122e-05,2.0286278e-15,2.0286278e-15,1.4944921e-06,1.4944921e-06,1.4944921e-06,1.4944921e-06,2.044518e-18,2.044518e-18,-0.00013765839,-0.00013765839,-2.4292657e-05,-2.4292657e-05,-0.00013765839,-0.00013765839,-2.4292657e-05,-2.4292657e-05,2.6245147e-16,2.6245147e-16,-1.2292756e-16,-1.2292756e-16,-0.00016195105,-0.00016195105,1.3964407e-16,1.3964407e-16,-0.00016194864,-0.00016194864,1.6659796e-16,1.6659796e-16,2.8846496e-07,2.8846496e-07,2.4292657e-05,2.4292657e-05,2.8846496e-07,2.8846496e-07,2.4292657e-05,2.4292657e-05,2.4581122e-05,2.4581122e-05,2.0285753e-15,2.0285753e-15,-0.00013736992,-0.00013736992,-0.00013736992,-0.00013736992,-2.4292657e-05,-2.4292657e-05,-2.5941047e-07,-2.5941047e-07,1.085137e-18,1.085137e-18,4.9816403e-09,4.9816403e-09,-2.6439211e-07,-2.6439211e-07,-1.1005143e-06,-1.1005143e-06,2.0294112e-15,2.0294112e-15,0.006503633,0.006503633,1.2879457e-13,1.2879457e-13,0.007860681,0.007860681,6.4897223e-14,6.4897223e-14,-0.00013736992,-0.00013736992,0.00016195105,0.00016195105,-2.7473985e-05,-2.7473985e-05,4.3376841e-16,4.3376841e-16,6.0028771e-14,6.0028771e-14,-6.0037019e-14,-6.0037019e-14,1.2137095e-19,1.2137095e-19,-1.1975928e-19,-1.1975928e-19,-2.4069829e-09,-2.4069829e-09,4.9039622e-19,4.9039622e-19,3.9488047e-19,3.9488047e-19,1.1389853e-19,1.1389853e-19,2.8312406e-07,2.8312406e-07,8.2834377e-35,8.2834377e-35
-0.0001358829,-0.0001358829,0.0001358829,0.0001358829,-3.7810738e-15,-3.7810738e-15,-1.8843311e-15,-1.8843311e-15,0.0001358829,0.0001358829,-1.9867357e-05,-1.9867357e-05,-2.4031111e-05,-2.4031111e-05,-1.9663481e-05,-1.9663481e-05,-2.4031111e-05,-2.4031111e-05,2.4324504e-05,2.4324504e-05,2.0290889e-15,2.0290889e-15,1.4784019e-06,1.4784019e-06,1.4784019e-06,1.4784019e-06,2.0240437e-18,2.0240437e-18,-0.0001361763,-0.0001361763,-2.4031111e-05,-2.4031111e-05,-0.0001361763,-0.0001361763,-2.4031111e-05,-2.4031111e-05,2.6268605e-16,2.6268605e-16,-1.2301177e-16,-1.2301177e-16,-0.00016020741,-0.00016020741,1.3979316e-16,1.3979316e-16,-0.00016020512,-0.00016020512,1.6647921e-16,1.6647921e-16,2.9339297e-07,2.9339297e-07,2.4031111e-05,2.4031111e-05,2.9339297e-07,2.9339297e-07,2.4031111e-05,2.4031111e-05,2.4324504e-05,2.4324504e-05,2.029037e-15,2.029037e-15,-0.0001358829,-0.0001358829,-0.0001358829,-0.0001358829,-2.4031111e-05,-2.4031111e-05,-2.5661757e-07,-2.5661757e-07,1.0741625e-18,1.0741625e-18,4.9280064e-09,4.9280064e-09,-2.6154558e-07,-2.6154558e-07,-1.0806356e-06,-1.0806356e-06,2.0298641e-15,2.0298641e-15,0.0064422077,0.0064422077,1.2882366e-13,1.2882366e-13,0.0077803483,0.0077803483,6.4912077e-14,6.4912077e-14,-0.0001358829,-0.0001358829,0.00016020741,0.00016020741,-2.7176581e-05,-2.7176581e-05,4.3388961e-16,4.3388961e-16,6.0046758e-14,6.0046758e-14,-6.0054918e-14,-6.0054918e-14,1.2011879e-19,1.2011879e-19,-1.1875444e-19,-1.1875444e-19,-2.2866338e-09,-2.2866338e-09,4.8373225e-19,4.8373225e-19,3.9133175e-19,3.9133175e-19,1.1307057e-19,1.1307057e-19,2.8032868e-07,2.8032868e-07,8.1163895e-35,8.1163895e-35
-0.00013441189,-0.00013441189,0.00013441189,0.00013441189,-3.7830524e-15,-3.7830524e-15,-1.8846896e-15,-1.8846896e-15,0.00013441189,0.00013441189,-1.9653572e-05,-1.9653572e-05,-2.3772382e-05,-2.3772382e-05,-1.945171e-05,-1.945171e-05,-2.3772382e-05,-2.3772382e-05,2.4070649e-05,2.4070649e-05,2.0295451e-15,2.0295451e-15,1.462485e-06,1.462485e-06,1.462485e-06,1.462485e-06,2.00379e-18,2.00379e-18,-0.00013471016,-0.00013471016,-2.3772382e-05,-2.3772382e-05,-0.00013471016,-0.00013471016,-2.3772382e-05,-2.3772382e-05,2.6291824e-16,2.6291824e-16,-1.2309513e-16,-1.2309513e-16,-0.00015848254,-0.00015848254,1.3994073e-16,1.3994073e-16,-0.00015848037,-0.00015848037,1.6636182e-16,1.6636182e-16,2.9826792e-07,2.9826792e-07,2.3772382e-05,2.3772382e-05,2.9826792e-07,2.9826792e-07,2.3772382e-05,2.3772382e-05,2.4070649e-05,2.4070649e-05,2.0294939e-15,2.0294939e-15,-0.00013441189,-0.00013441189,-0.00013441189,-0.00013441189,-2.3772382e-05,-2.3772382e-05,-2.5385475e-07,-2.5385475e-07,1.0633062e-18,1.0633062e-18,4.8749499e-09,4.8749499e-09,-2.587297e-07,-2.587297e-07,-1.0609706e-06,-1.0609706e-06,2.0303123e-15,2.0303123e-15,0.0063814438,0.0063814438,1.2885244e-13,1.2885244e-13,0.0077008804,0.0077008804,6.4926776e-14,6.4926776e-14,-0.00013441189,-0.00013441189,0.00015848254,0.00015848254,-2.6882379e-05,-2.6882379e-05,4.3400955e-16,4.3400955e-16,6.0064581e-14,6.0064581e-14,-6.0072655e-14,-6.0072655e-14,1.188799e-19,1.188799e-19,-1.1776042e-19,-1.1776042e-19,-2.1723021e-09,-2.1723021e-09,4.7713951e-19,4.7713951e-19,3.8782126e-19,3.8782126e-19,1.1225153e-19,1.1225153e-19,2.7756048e-07,2.7756048e-07,7.9528152e-35,7.9528152e-35
-0.00013295672,-0.00013295672,0.00013295672,0.00013295672,-3.7849769e-15,-3.7849769e-15,-1.8850444e-15,-1.8850444e-15,0.00013295672,0.00013295672,-1.9442091e-05,-1.9442091e-05,-2.3516437e-05,-2.3516437e-05,-1.9242222e-05,-1.9242222e-05,-2.3516437e-05,-2.3516437e-05,2.3819528e-05,2.3819528e-05,2.0299965e-15,2.0299965e-15,1.4467394e-06,1.4467394e-06,1.4467394e-06,1.4467394e-06,1.9837544e-18,1.9837544e-18,-0.00013325981,-0.00013325981,-2.3516437e-05,-2.3516437e-05,-0.00013325981,-0.00013325981,-2.3516437e-05,-2.3516437e-05,2.6314808e-16,2.6314808e-16,-1.2317765e-16,-1.2317765e-16,-0.00015677625,-0.00015677625,1.4008678e-16,1.4008678e-16,-0.00015677419,-0.00015677419,1.6624578e-16,1.6624578e-16,3.0309038e-07,3.0309038e-07,2.3516437e-05,2.3516437e-05,3.0309038e-07,3.0309038e-07,2.3516437e-05,2.3516437e-05,2.3819528e-05,2.3819528e-05,2.029946e-15,2.029946e-15,-0.00013295672,-0.00013295672,-0.00013295672,-0.00013295672,-2.3516437e-05,-2.3516437e-05,-2.5112167e-07,-2.5112167e-07,1.0525669e-18,1.0525669e-18,4.8224646e-09,4.8224646e-09,-2.5594413e-07,-2.5594413e-07,-1.0415173e-06,-1.0415173e-06,2.0307558e-15,2.0307558e-15,0.0063213343,0.0063213343,1.2888093e-13,1.2888093e-13,0.0076222681,0.0076222681,6.4941322e-14,6.4941322e-14,-0.00013295672,-0.00013295672,0.00015677625,0.00015677625,-2.6591344e-05,-2.6591344e-05,4.3412824e-16,4.3412824e-16,6.0082241e-14,6.0082241e-14,-6.0090231e-14,-6.0090231e-14,1.1765415e-19,1.1765415e-19,-1.1677712e-19,-1.1677712e-19,-2.063687e-09,-2.063687e-09,4.7061726e-19,4.7061726e-19,3.8434858e-19,3.8434858e-19,1.1144132e-19,1.1144132e-19,2.7481921e-07,2.7481921e-07,7.7926414e-35,7.7926414e-35
-0.00013151722,-0.00013151722,0.00013151722,0.00013151722,-3.7869827e-15,-3.7869827e-15,-1.8853954e-15,-1.8853954e-15,0.00013151722,0.00013151722,-1.9232887e-05,-1.9232887e-05,-2.3263249e-05,-2.3263249e-05,-1.9034993e-05,-1.9034993e-05,-2.3263249e-05,-2.3263249e-05,2.357111e-05,2.357111e-05,2.0304433e-15,2.0304433e-15,1.4311633e-06,1.4311633e-06,1.4311633e-06,1.4311633e-06,1.9639346e-18,1.9639346e-18,-0.00013182508,-0.00013182508,-2.3263249e-05,-2.3263249e-05,-0.00013182508,-0.00013182508,-2.3263249e-05,-2.3263249e-05,2.6337558e-16,2.6337558e-16,-1.2325936e-16,-1.2325936e-16,-0.00015508833,-0.00015508833,1.4023134e-16,1.4023134e-16,-0.00015508637,-0.00015508637,1.6613105e-16,1.6613105e-16,3.0786093e-07,3.0786093e-07,2.3263249e-05,2.3263249e-05,3.0786093e-07,3.0786093e-07,2.3263249e-05,2.3263249e-05,2.357111e-05,2.357111e-05,2.0303933e-15,2.0303933e-15,-0.00013151722,-0.00013151722,-0.00013151722,-0.00013151722,-2.3263249e-05,-2.3263249e-05,-2.4841801e-07,-2.4841801e-07,1.0419432e-18,1.0419432e-18,4.7705444e-09,4.7705444e-09,-2.5318855e-07,-2.5318855e-07,-1.0222732e-06,-1.0222732e-06,2.0311946e-15,2.0311946e-15,0.006261872,0.006261872,1.2890911e-13,1.2890911e-13,0.0075445022,0.0075445022,6.4955717e-14,6.4955717e-14,-0.00013151722,-0.00013151722,0.00015508833,0.00015508833,-2.6303443e-05,-2.6303443e-05,4.3424569e-16,4.3424569e-16,6.0099742e-14,6.0099742e-14,-6.0107647e-14,-6.0107647e-14,1.1644138e-19,1.1644138e-19,-1.1580441e-19,-1.1580441e-19,-1.9605026e-09,-1.9605026e-09,4.6416478e-19,4.6416478e-19,3.8091331e-19,3.8091331e-19,1.1063985e-19,1.1063985e-19,2.7210462e-07,2.7210462e-07,7.6357964e-35,7.6357964e-35
-0.00013009321,-0.00013009321,0.00013009321,0.00013009321,-3.7889342e-15,-3.7889342e-15,-1.8857427e-15,-1.8857427e-15,0.00013009321,0.00013009321,-1.9025937e-05,-1.9025937e-05,-2.3012786e-05,-2.3012786e-05,-1.8829998e-05,-1.8829998e-05,-2.3012786e-05,-2.3012786e-05,2.3325366e-05,2.3325366e-05,2.0308853e-15,2.0308853e-15,1.4157549e-06,1.4157549e-06,1.4157549e-06,1.4157549e-06,1.9443284e-18,1.9443284e-18,-0.00013040579,-0.00013040579,-2.3012786e-05,-2.3012786e-05,-0.00013040579,-0.00013040579,-2.3012786e-05,-2.3012786e-05,2.6360077e-16,2.6360077e-16,-1.2334025e-16,-1.2334025e-16,-0.00015341857,-0.00015341857,1.4037442e-16,1.4037442e-16,-0.00015341671,-0.00015341671,1.6601764e-16,1.6601764e-16,3.1258011e-07,3.1258011e-07,2.3012786e-05,2.3012786e-05,3.1258011e-07,3.1258011e-07,2.3012786e-05,2.3012786e-05,2.3325366e-05,2.3325366e-05,2.030836e-15,2.030836e-15,-0.00013009321,-0.00013009321,-0.00013009321,-0.00013009321,-2.3012786e-05,-2.3012786e-05,-2.4574346e-07,-2.4574346e-07,1.031434e-18,1.031434e-18,4.7191831e-09,4.7191831e-09,-2.5046264e-07,-2.5046264e-07,-1.0032361e-06,-1.0032361e-06,2.0316289e-15,2.0316289e-15,0.00620305,0.00620305,1.2893701e-13,1.2893701e-13,0.0074675735,0.0074675735,6.4969961e-14,6.4969961e-14,-0.00013009321,-0.00013009321,0.00015341857,0.00015341857,-2.6018642e-05,-2.6018642e-05,4.3436193e-16,4.3436193e-16,6.0117084e-14,6.0117084e-14,-6.0124906e-14,-6.0124906e-14,1.1524148e-19,1.1524148e-19,-1.1484218e-19,-1.1484218e-19,-1.8624775e-09,-1.8624775e-09,4.5778132e-19,4.5778132e-19,3.7751504e-19,3.7751504e-19,1.0984701e-19,1.0984701e-19,2.6941646e-07,2.6941646e-07,7.48221e-35,7.48221e-35
-0.00012868453,-0.00012868453,0.00012868453,0.00012868453,-3.7908858e-15,-3.7908858e-15,-1.8860863e-15,-1.8860863e-15,0.00012868453,0.00012868453,-1.8821216e-05,-1.8821216e-05,-2.276502e-05,-2.276502e-05,-1.8627212e-05,-1.8627212e-05,-2.276502e-05,-2.276502e-05,2.3082269e-05,2.3082269e-05,2.0313228e-15,2.0313228e-15,1.4005124e-06,1.4005124e-06,1.4005124e-06,1.4005124e-06,1.9249333e-18,1.9249333e-18,-0.00012900178,-0.00012900178,-2.276502e-05,-2.276502e-05,-0.00012900178,-0.00012900178,-2.276502e-05,-2.276502e-05,2.6382367e-16,2.6382367e-16,-1.2342033e-16,-1.2342033e-16,-0.0001517668,-0.0001517668,1.4051603e-16,1.4051603e-16,-0.00015176503,-0.00015176503,1.6590552e-16,1.6590552e-16,3.1724848e-07,3.1724848e-07,2.276502e-05,2.276502e-05,3.1724848e-07,3.1724848e-07,2.276502e-05,2.276502e-05,2.3082269e-05,2.3082269e-05,2.0312741e-15,2.0312741e-15,-0.00012868453,-0.00012868453,-0.00012868453,-0.00012868453,-2.276502e-05,-2.276502e-05,-2.430977e-07,-2.430977e-07,1.021038e-18,1.021038e-18,4.6683747e-09,4.6683747e-09,-2.4776608e-07,-2.4776608e-07,-9.8440389e-07,-9.8440389e-07,2.0320587e-15,2.0320587e-15,0.0061448614,0.0061448614,1.2896461e-13,1.2896461e-13,0.0073914731,0.0073914731,6.4984057e-14,6.4984057e-14,-0.00012868453,-0.00012868453,0.0001517668,0.0001517668,-2.5736906e-05,-2.5736906e-05,4.3447695e-16,4.3447695e-16,6.0134269e-14,6.0134269e-14,-6.0142009e-14,-6.0142009e-14,1.140543e-19,1.140543e-19,-1.1389032e-19,-1.1389032e-19,-1.7693536e-09,-1.7693536e-09,4.5146616e-19,4.5146616e-19,3.7415337e-19,3.7415337e-19,1.0906273e-19,1.0906273e-19,2.6675447e-07,2.6675447e-07,7.3318133e-35,7.3318133e-35
-0.00012729102,-0.00012729102,0.00012729102,0.00012729102,-3.7927018e-15,-3.7927018e-15,-1.8864263e-15,-1.8864263e-15,0.00012729102,0.00012729102,-1.8618699e-05,-1.8618699e-05,-2.2519922e-05,-2.2519922e-05,-1.8426613e-05,-1.8426613e-05,-2.2519922e-05,-2.2519922e-05,2.2841788e-05,2.2841788e-05,2.0317557e-15,2.0317557e-15,1.385434e-06,1.385434e-06,1.385434e-06,1.385434e-06,1.9057471e-18,1.9057471e-18,-0.00012761289,-0.00012761289,-2.2519922e-05,-2.2519922e-05,-0.00012761289,-0.00012761289,-2.2519922e-05,-2.2519922e-05,2.6404432e-16,2.6404432e-16,-1.2349961e-16,-1.2349961e-16,-0.00015013281,-0.00015013281,1.4065619e-16,1.4065619e-16,-0.00015013113,-0.00015013113,1.6579469e-16,1.6579469e-16,3.218666e-07,3.218666e-07,2.2519922e-05,2.2519922e-05,3.218666e-07,3.218666e-07,2.2519922e-05,2.2519922e-05,2.2841788e-05,2.2841788e-05,2.0317076e-15,2.0317076e-15,-0.00012729102,-0.00012729102,-0.00012729102,-0.00012729102,-2.2519922e-05,-2.2519922e-05,-2.4048043e-07,-2.4048043e-07,1.010754e-18,1.010754e-18,4.6181134e-09,4.6181134e-09,-2.4509854e-07,-2.4509854e-07,-9.6577426e-07,-9.6577426e-07,2.0324839e-15,2.0324839e-15,0.0060872994,0.0060872994,1.2899193e-13,1.2899193e-13,0.0073161921,0.0073161921,6.4998006e-14,6.4998006e-14,-0.00012729102,-0.00012729102,0.00015013281,0.00015013281,-2.5458205e-05,-2.5458205e-05,4.3459079e-16,4.3459079e-16,6.01513e-14,6.01513e-14,-6.0158957e-14,-6.0158957e-14,1.1287971e-19,1.1287971e-19,-1.1294872e-19,-1.1294872e-19,-1.6808859e-09,-1.6808859e-09,4.452186e-19,4.452186e-19,3.7082792e-19,3.7082792e-19,1.082869e-19,1.082869e-19,2.6411842e-07,2.6411842e-07,7.1845392e-35,7.1845392e-35
-0.00012591252,-0.00012591252,0.00012591252,0.00012591252,-3.7945992e-15,-3.7945992e-15,-1.8867627e-15,-1.8867627e-15,0.00012591252,0.00012591252,-1.8418363e-05,-1.8418363e-05,-2.2277462e-05,-2.2277462e-05,-1.8228176e-05,-1.8228176e-05,-2.2277462e-05,-2.2277462e-05,2.2603897e-05,2.2603897e-05,2.032184e-15,2.032184e-15,1.3705179e-06,1.3705179e-06,1.3705179e-06,1.3705179e-06,1.8867676e-18,1.8867676e-18,-0.00012623895,-0.00012623895,-2.2277462e-05,-2.2277462e-05,-0.00012623895,-0.00012623895,-2.2277462e-05,-2.2277462e-05,2.6426273e-16,2.6426273e-16,-1.2357811e-16,-1.2357811e-16,-0.00014851641,-0.00014851641,1.4079492e-16,1.4079492e-16,-0.00014851482,-0.00014851482,1.6568513e-16,1.6568513e-16,3.2643499e-07,3.2643499e-07,2.2277462e-05,2.2277462e-05,3.2643499e-07,3.2643499e-07,2.2277462e-05,2.2277462e-05,2.2603897e-05,2.2603897e-05,2.0321365e-15,2.0321365e-15,-0.00012591252,-0.00012591252,-0.00012591252,-0.00012591252,-2.2277462e-05,-2.2277462e-05,-2.3789133e-07,-2.3789133e-07,1.0005808e-18,1.0005808e-18,4.5683931e-09,4.5683931e-09,-2.4245973e-07,-2.4245973e-07,-9.4734507e-07,-9.4734507e-07,2.0329048e-15,2.0329048e-15,0.0060303572,0.0060303572,1.2901896e-13,1.2901896e-13,0.0072417215,0.0072417215,6.5011811e-14,6.5011811e-14,-0.00012591252,-0.00012591252,0.00014851641,0.00014851641,-2.5182503e-05,-2.5182503e-05,4.3470344e-16,4.3470344e-16,6.0168176e-14,6.0168176e-14,-6.0175753e-14,-6.0175753e-14,1.1171759e-19,1.1171759e-19,-1.1201725e-19,-1.1201725e-19,-1.5968416e-09,-1.5968416e-09,4.3903792e-19,4.3903792e-19,3.6753828e-19,3.6753828e-19,1.0751943e-19,1.0751943e-19,2.6150805e-07,2.6150805e-07,7.0403216e-35,7.0403216e-35
-0.00012454885,-0.00012454885,0.00012454885,0.00012454885,-3.7964965e-15,-3.7964965e-15,-1.8870955e-15,-1.8870955e-15,0.00012454885,0.00012454885,-1.8220185e-05,-1.8220185e-05,-2.2037613e-05,-2.2037613e-05,-1.8031877e-05,-1.8031877e-05,-2.2037613e-05,-2.2037613e-05,2.2368567e-05,2.2368567e-05,2.0326079e-15,2.0326079e-15,1.3557624e-06,1.3557624e-06,1.3557624e-06,1.3557624e-06,1.8679925e-18,1.8679925e-18,-0.0001248798,-0.0001248798,-2.2037613e-05,-2.2037613e-05,-0.0001248798,-0.0001248798,-2.2037613e-05,-2.2037613e-05,2.6447893e-16,2.6447893e-16,-1.2365582e-16,-1.2365582e-16,-0.00014691742,-0.00014691742,1.4093223e-16,1.4093223e-16,-0.0001469159,-0.0001469159,1.6557682e-16,1.6557682e-16,3.309542e-07,3.309542e-07,2.2037613e-05,2.2037613e-05,3.309542e-07,3.309542e-07,2.2037613e-05,2.2037613e-05,2.2368567e-05,2.2368567e-05,2.032561e-15,2.032561e-15,-0.00012454885,-0.00012454885,-0.00012454885,-0.00012454885,-2.2037613e-05,-2.2037613e-05,-2.3533011e-07,-2.3533011e-07,9.9051718e-19,9.9051718e-19,4.5192082e-09,4.5192082e-09,-2.3984932e-07,-2.3984932e-07,-9.2911417e-07,-9.2911417e-07,2.0333212e-15,2.0333212e-15,0.0059740281,0.0059740281,1.2904571e-13,1.2904571e-13,0.0071680527,0.0071680527,6.5025471e-14,6.5025471e-14,-0.00012454885,-0.00012454885,0.00014691742,0.00014691742,-2.490977e-05,-2.490977e-05,4.3481492e-16,4.3481492e-16,6.0184901e-14,6.0184901e-14,-6.0192398e-14,-6.0192398e-14,1.105678e-19,1.105678e-19,-1.1109583e-19,-1.1109583e-19,-1.5169996e-09,-1.5169996e-09,4.3292341e-19,4.3292341e-19,3.6428407e-19,3.6428407e-19,1.0676024e-19,1.0676024e-19,2.5892312e-07,2.5892312e-07,6.8990963e-35,6.8990963e-35
-0.00012319987,-0.00012319987,0.00012319987,0.00012319987,-3.7983126e-15,-3.7983126e-15,-1.8874249e-15,-1.8874249e-15,0.00012319987,0.00012319987,-1.8024141e-05,-1.8024141e-05,-2.1800346e-05,-2.1800346e-05,-1.7837694e-05,-1.7837694e-05,-2.1800346e-05,-2.1800346e-05,2.213577e-05,2.213577e-05,2.0330274e-15,2.0330274e-15,1.3411658e-06,1.3411658e-06,1.3411658e-06,1.3411658e-06,1.8494196e-18,1.8494196e-18,-0.00012353529,-0.00012353529,-2.1800346e-05,-2.1800346e-05,-0.00012353529,-0.00012353529,-2.1800346e-05,-2.1800346e-05,2.6469294e-16,2.6469294e-16,-1.2373277e-16,-1.2373277e-16,-0.00014533564,-0.00014533564,1.4106813e-16,1.4106813e-16,-0.0001453342,-0.0001453342,1.6546975e-16,1.6546975e-16,3.3542475e-07,3.3542475e-07,2.1800346e-05,2.1800346e-05,3.3542475e-07,3.3542475e-07,2.1800346e-05,2.1800346e-05,2.213577e-05,2.213577e-05,2.0329811e-15,2.0329811e-15,-0.00012319987,-0.00012319987,-0.00012319987,-0.00012319987,-2.1800346e-05,-2.1800346e-05,-2.3279646e-07,-2.3279646e-07,9.8056194e-19,9.8056194e-19,4.4705527e-09,4.4705527e-09,-2.3726701e-07,-2.3726701e-07,-9.1107943e-07,-9.1107943e-07,2.0337333e-15,2.0337333e-15,0.0059183055,0.0059183055,1.2907218e-13,1.2907218e-13,0.0070951771,0.0070951771,6.503899e-14,6.503899e-14,-0.00012319987,-0.00012319987,0.00014533564,0.00014533564,-2.4639973e-05,-2.4639973e-05,4.3492524e-16,4.3492524e-16,6.0201476e-14,6.0201476e-14,-6.0208894e-14,-6.0208894e-14,1.0943021e-19,1.0943021e-19,-1.1018433e-19,-1.1018433e-19,-1.4411496e-09,-1.4411496e-09,4.2687439e-19,4.2687439e-19,3.6106491e-19,3.6106491e-19,1.0600923e-19,1.0600923e-19,2.563634e-07,2.563634e-07,6.7608001e-35,6.7608001e-35
-0.00012186541,-0.00012186541,0.00012186541,0.00012186541,-3.8001151e-15,-3.8001151e-15,-1.8877507e-15,-1.8877507e-15,0.00012186541,0.00012186541,-1.7830207e-05,-1.7830207e-05,-2.1565633e-05,-2.1565633e-05,-1.7645605e-05,-1.7645605e-05,-2.1565633e-05,-2.1565633e-05,2.190548e-05,2.190548e-05,2.0334425e-15,2.0334425e-15,1.3267263e-06,1.3267263e-06,1.3267263e-06,1.3267263e-06,1.8310468e-18,1.8310468e-18,-0.00012220525,-0.00012220525,-2.1565633e-05,-2.1565633e-05,-0.00012220525,-0.00012220525,-2.1565633e-05,-2.1565633e-05,2.6490479e-16,2.6490479e-16,-1.2380894e-16,-1.2380894e-16,-0.00014377089,-0.00014377089,1.4120265e-16,1.4120265e-16,-0.00014376952,-0.00014376952,1.6536392e-16,1.6536392e-16,3.3984717e-07,3.3984717e-07,2.1565633e-05,2.1565633e-05,3.3984717e-07,3.3984717e-07,2.1565633e-05,2.1565633e-05,2.190548e-05,2.190548e-05,2.0333968e-15,2.0333968e-15,-0.00012186541,-0.00012186541,-0.00012186541,-0.00012186541,-2.1565633e-05,-2.1565633e-05,-2.3029009e-07,-2.3029009e-07,9.7071394e-19,9.7071394e-19,4.4224211e-09,4.4224211e-09,-2.3471251e-07,-2.3471251e-07,-8.9323874e-07,-8.9323874e-07,2.0341411e-15,2.0341411e-15,0.005863183,0.005863183,1.2909837e-13,1.2909837e-13,0.007023086,0.007023086,6.5052368e-14,6.5052368e-14,-0.00012186541,-0.00012186541,0.00014377089,0.00014377089,-2.4373081e-05,-2.4373081e-05,4.3503443e-16,4.3503443e-16,6.0217902e-14,6.0217902e-14,-6.0225242e-14,-6.0225242e-14,1.083047e-19,1.083047e-19,-1.0928265e-19,-1.0928265e-19,-1.3690921e-09,-1.3690921e-09,4.2089017e-19,4.2089017e-19,3.5788043e-19,3.5788043e-19,1.0526631e-19,1.0526631e-19,2.5382864e-07,2.5382864e-07,6.6253712e-35,6.6253712e-35
-0.00012054531,-0.00012054531,0.00012054531,0.00012054531,-3.8019175e-15,-3.8019175e-15,-1.8880731e-15,-1.8880731e-15,0.00012054531,0.00012054531,-1.7638362e-05,-1.7638362e-05,-2.1333448e-05,-2.1333448e-05,-1.7455585e-05,-1.7455585e-05,-2.1333448e-05,-2.1333448e-05,2.167767e-05,2.167767e-05,2.0338533e-15,2.0338533e-15,1.3124423e-06,1.3124423e-06,1.3124423e-06,1.3124423e-06,1.8128718e-18,1.8128718e-18,-0.00012088954,-0.00012088954,-2.1333448e-05,-2.1333448e-05,-0.00012088954,-0.00012088954,-2.1333448e-05,-2.1333448e-05,2.6511449e-16,2.6511449e-16,-1.2388437e-16,-1.2388437e-16,-0.00014222298,-0.00014222298,1.413358e-16,1.413358e-16,-0.00014222168,-0.00014222168,1.652593e-16,1.652593e-16,3.4422198e-07,3.4422198e-07,2.1333448e-05,2.1333448e-05,3.4422198e-07,3.4422198e-07,2.1333448e-05,2.1333448e-05,2.167767e-05,2.167767e-05,2.0338082e-15,2.0338082e-15,-0.00012054531,-0.00012054531,-0.00012054531,-0.00012054531,-2.1333448e-05,-2.1333448e-05,-2.278107e-07,-2.278107e-07,9.6097201e-19,9.6097201e-19,4.3748077e-09,4.3748077e-09,-2.3218551e-07,-2.3218551e-07,-8.7559003e-07,-8.7559003e-07,2.0345447e-15,2.0345447e-15,0.005808654,0.005808654,1.291243e-13,1.291243e-13,0.0069517712,0.0069517712,6.5065607e-14,6.5065607e-14,-0.00012054531,-0.00012054531,0.00014222298,0.00014222298,-2.4109063e-05,-2.4109063e-05,4.3514248e-16,4.3514248e-16,6.0234182e-14,6.0234182e-14,-6.0241444e-14,-6.0241444e-14,1.0719113e-19,1.0719113e-19,-1.0839068e-19,-1.0839068e-19,-1.3006375e-09,-1.3006375e-09,4.1497006e-19,4.1497006e-19,3.5473024e-19,3.5473024e-19,1.045314e-19,1.045314e-19,2.5131861e-07,2.5131861e-07,6.4927493e-35,6.4927493e-35
-0.00011923943,-0.00011923943,0.00011923943,0.00011923943,-3.8036929e-15,-3.8036929e-15,-1.8883921e-15,-1.8883921e-15,0.00011923943,0.00011923943,-1.7448582e-05,-1.7448582e-05,-2.1103762e-05,-2.1103762e-05,-1.7267613e-05,-1.7267613e-05,-2.1103762e-05,-2.1103762e-05,2.1452312e-05,2.1452312e-05,2.0342598e-15,2.0342598e-15,1.298312e-06,1.298312e-06,1.298312e-06,1.298312e-06,1.7948926e-18,1.7948926e-18,-0.00011958798,-0.00011958798,-2.1103762e-05,-2.1103762e-05,-0.00011958798,-0.00011958798,-2.1103762e-05,-2.1103762e-05,2.6532208e-16,2.6532208e-16,-1.2395904e-16,-1.2395904e-16,-0.00014069175,-0.00014069175,1.4146759e-16,1.4146759e-16,-0.00014069051,-0.00014069051,1.6515588e-16,1.6515588e-16,3.4854969e-07,3.4854969e-07,2.1103762e-05,2.1103762e-05,3.4854969e-07,3.4854969e-07,2.1103762e-05,2.1103762e-05,2.1452312e-05,2.1452312e-05,2.0342153e-15,2.0342153e-15,-0.00011923943,-0.00011923943,-0.00011923943,-0.00011923943,-2.1103762e-05,-2.1103762e-05,-2.2535801e-07,-2.2535801e-07,9.5133501e-19,9.5133501e-19,4.3277068e-09,4.3277068e-09,-2.2968571e-07,-2.2968571e-07,-8.5813122e-07,-8.5813122e-07,2.034944e-15,2.034944e-15,0.0057547121,0.0057547121,1.2914995e-13,1.2914995e-13,0.0068812241,0.0068812241,6.5078709e-14,6.5078709e-14,-0.00011923943,-0.00011923943,0.00014069175,0.00014069175,-2.3847887e-05,-2.3847887e-05,4.3524941e-16,4.3524941e-16,6.0250316e-14,6.0250316e-14,-6.0257501e-14,-6.0257501e-14,1.0608939e-19,1.0608939e-19,-1.0750832e-19,-1.0750832e-19,-1.2356056e-09,-1.2356056e-09,4.0911338e-19,4.0911338e-19,3.5161398e-19,3.5161398e-19,1.0380441e-19,1.0380441e-19,2.4883308e-07,2.4883308e-07,6.3628752e-35,6.3628752e-35
-0.00011794761,-0.00011794761,0.00011794761,0.00011794761,-3.8054548e-15,-3.8054548e-15,-1.8887078e-15,-1.8887078e-15,0.00011794761,0.00011794761,-1.7260846e-05,-1.7260846e-05,-2.0876549e-05,-2.0876549e-05,-1.7081666e-05,-1.7081666e-05,-2.0876549e-05,-2.0876549e-05,2.122938e-05,2.122938e-05,2.0346621e-15,2.0346621e-15,1.2843339e-06,1.2843339e-06,1.2843339e-06,1.2843339e-06,1.7771071e-18,1.7771071e-18,-0.00011830044,-0.00011830044,-2.0876549e-05,-2.0876549e-05,-0.00011830044,-0.00011830044,-2.0876549e-05,-2.0876549e-05,2.6552757e-16,2.6552757e-16,-1.2403298e-16,-1.2403298e-16,-0.00013917699,-0.00013917699,1.4159803e-16,1.4159803e-16,-0.00013917582,-0.00013917582,1.6505365e-16,1.6505365e-16,3.528308e-07,3.528308e-07,2.0876549e-05,2.0876549e-05,3.528308e-07,3.528308e-07,2.0876549e-05,2.0876549e-05,2.122938e-05,2.122938e-05,2.0346181e-15,2.0346181e-15,-0.00011794761,-0.00011794761,-0.00011794761,-0.00011794761,-2.0876549e-05,-2.0876549e-05,-2.2293172e-07,-2.2293172e-07,9.4180182e-19,9.4180182e-19,4.2811131e-09,4.2811131e-09,-2.2721283e-07,-2.2721283e-07,-8.4086028e-07,-8.4086028e-07,2.0353393e-15,2.0353393e-15,0.0057013511,0.0057013511,1.2917534e-13,1.2917534e-13,0.0068114366,0.0068114366,6.5091675e-14,6.5091675e-14,-0.00011794761,-0.00011794761,0.00013917699,0.00013917699,-2.3589523e-05,-2.3589523e-05,4.3535523e-16,4.3535523e-16,6.0266306e-14,6.0266306e-14,-6.0273415e-14,-6.0273415e-14,1.0499936e-19,1.0499936e-19,-1.0663546e-19,-1.0663546e-19,-1.1738253e-09,-1.1738253e-09,4.0331948e-19,4.0331948e-19,3.4853128e-19,3.4853128e-19,1.0308525e-19,1.0308525e-19,2.4637181e-07,2.4637181e-07,6.235691e-35,6.235691e-35
-0.0001166697,-0.0001166697,0.0001166697,0.0001166697,-3.8072166e-15,-3.8072166e-15,-1.8890201e-15,-1.8890201e-15,0.0001166697,0.0001166697,-1.7075131e-05,-1.7075131e-05,-2.0651782e-05,-2.0651782e-05,-1.6897724e-05,-1.6897724e-05,-2.0651782e-05,-2.0651782e-05,2.1008848e-05,2.1008848e-05,2.0350602e-15,2.0350602e-15,1.2705063e-06,1.2705063e-06,1.2705063e-06,1.2705063e-06,1.7595131e-18,1.7595131e-18,-0.00011702677,-0.00011702677,-2.0651782e-05,-2.0651782e-05,-0.00011702677,-0.00011702677,-2.0651782e-05,-2.0651782e-05,2.6573099e-16,2.6573099e-16,-1.2410618e-16,-1.2410618e-16,-0.00013767855,-0.00013767855,1.4172715e-16,1.4172715e-16,-0.00013767743,-0.00013767743,1.6495259e-16,1.6495259e-16,3.5706582e-07,3.5706582e-07,2.0651782e-05,2.0651782e-05,3.5706582e-07,3.5706582e-07,2.0651782e-05,2.0651782e-05,2.1008848e-05,2.1008848e-05,2.0350167e-15,2.0350167e-15,-0.0001166697,-0.0001166697,-0.0001166697,-0.0001166697,-2.0651782e-05,-2.0651782e-05,-2.2053155e-07,-2.2053155e-07,9.323713e-19,9.323713e-19,4.235021e-09,4.235021e-09,-2.2476657e-07,-2.2476657e-07,-8.237752e-07,-8.237752e-07,2.0357304e-15,2.0357304e-15,0.0056485646,0.0056485646,1.2920046e-13,1.2920046e-13,0.0067424004,0.0067424004,6.5104506e-14,6.5104506e-14,-0.0001166697,-0.0001166697,0.00013767855,0.00013767855,-2.333394e-05,-2.333394e-05,4.3545996e-16,4.3545996e-16,6.0282154e-14,6.0282154e-14,-6.0289188e-14,-6.0289188e-14,1.039209e-19,1.039209e-19,-1.0577201e-19,-1.0577201e-19,-1.1151341e-09,-1.1151341e-09,3.9758768e-19,3.9758768e-19,3.4548178e-19,3.4548178e-19,1.0237384e-19,1.0237384e-19,2.4393457e-07,2.4393457e-07,6.11114e-35,6.11114e-35
-0.00011540555,-0.00011540555,0.00011540555,0.00011540555,-3.8089784e-15,-3.8089784e-15,-1.8893291e-15,-1.8893291e-15,0.00011540555,0.00011540555,-1.6891415e-05,-1.6891415e-05,-2.0429436e-05,-2.0429436e-05,-1.6715763e-05,-1.6715763e-05,-2.0429436e-05,-2.0429436e-05,2.0790691e-05,2.0790691e-05,2.0354542e-15,2.0354542e-15,1.2568275e-06,1.2568275e-06,1.2568275e-06,1.2568275e-06,1.7421085e-18,1.7421085e-18,-0.0001157668,-0.0001157668,-2.0429436e-05,-2.0429436e-05,-0.0001157668,-0.0001157668,-2.0429436e-05,-2.0429436e-05,2.6593236e-16,2.6593236e-16,-1.2417866e-16,-1.2417866e-16,-0.00013619624,-0.00013619624,1.4185495e-16,1.4185495e-16,-0.00013619518,-0.00013619518,1.648527e-16,1.648527e-16,3.6125525e-07,3.6125525e-07,2.0429436e-05,2.0429436e-05,3.6125525e-07,3.6125525e-07,2.0429436e-05,2.0429436e-05,2.0790691e-05,2.0790691e-05,2.0354113e-15,2.0354113e-15,-0.00011540555,-0.00011540555,-0.00011540555,-0.00011540555,-2.0429436e-05,-2.0429436e-05,-2.1815722e-07,-2.1815722e-07,9.2304236e-19,9.2304236e-19,4.1894251e-09,4.1894251e-09,-2.2234665e-07,-2.2234665e-07,-8.0687397e-07,-8.0687397e-07,2.0361174e-15,2.0361174e-15,0.0055963465,0.0055963465,1.2922532e-13,1.2922532e-13,0.0066741076,0.0066741076,6.5117204e-14,6.5117204e-14,-0.00011540555,-0.00011540555,0.00013619624,0.00013619624,-2.3081109e-05,-2.3081109e-05,4.3556361e-16,4.3556361e-16,6.0297861e-14,6.0297861e-14,-6.030482e-14,-6.030482e-14,1.028539e-19,1.028539e-19,-1.0491786e-19,-1.0491786e-19,-1.0593774e-09,-1.0593774e-09,3.9191733e-19,3.9191733e-19,3.4246512e-19,3.4246512e-19,1.016701e-19,1.016701e-19,2.4152114e-07,2.4152114e-07,5.9891669e-35,5.9891669e-35
-0.000114155,-0.000114155,0.000114155,0.000114155,-3.8106589e-15,-3.8106589e-15,-1.8896349e-15,-1.8896349e-15,0.000114155,0.000114155,-1.6709677e-05,-1.6709677e-05,-2.0209483e-05,-2.0209483e-05,-1.6535763e-05,-1.6535763e-05,-2.0209483e-05,-2.0209483e-05,2.0574883e-05,2.0574883e-05,2.035844e-15,2.035844e-15,1.243296e-06,1.243296e-06,1.243296e-06,1.243296e-06,1.7248915e-18,1.7248915e-18,-0.0001145204,-0.0001145204,-2.0209483e-05,-2.0209483e-05,-0.0001145204,-0.0001145204,-2.0209483e-05,-2.0209483e-05,2.661317e-16,2.661317e-16,-1.2425042e-16,-1.2425042e-16,-0.00013472989,-0.00013472989,1.4198145e-16,1.4198145e-16,-0.00013472888,-0.00013472888,1.6475396e-16,1.6475396e-16,3.6539957e-07,3.6539957e-07,2.0209483e-05,2.0209483e-05,3.6539957e-07,3.6539957e-07,2.0209483e-05,2.0209483e-05,2.0574883e-05,2.0574883e-05,2.0358017e-15,2.0358017e-15,-0.000114155,-0.000114155,-0.000114155,-0.000114155,-2.0209483e-05,-2.0209483e-05,-2.1580846e-07,-2.1580846e-07,9.1381391e-19,9.1381391e-19,4.1443201e-09,4.1443201e-09,-2.1995278e-07,-2.1995278e-07,-7.9015463e-07,-7.9015463e-07,2.0365004e-15,2.0365004e-15,0.0055446906,0.0055446906,1.2924993e-13,1.2924993e-13,0.00660655,0.00660655,6.512977e-14,6.512977e-14,-0.000114155,-0.000114155,0.00013472989,0.00013472989,-2.2831001e-05,-2.2831001e-05,4.3566618e-16,4.3566618e-16,6.0313429e-14,6.0313429e-14,-6.0320315e-14,-6.0320315e-14,1.0179824e-19,1.0179824e-19,-1.0407291e-19,-1.0407291e-19,-1.0064085e-09,-1.0064085e-09,3.8630778e-19,3.8630778e-19,3.3948096e-19,3.3948096e-19,1.0097395e-19,1.0097395e-19,2.3913129e-07,2.3913129e-07,5.8697174e-35,5.8697174e-35
-0.00011291792,-0.00011291792,0.00011291792,0.00011291792,-3.8123801e-15,-3.8123801e-15,-1.8899375e-15,-1.8899375e-15,0.00011291792,0.00011291792,-1.6529896e-05,-1.6529896e-05,-1.9991898e-05,-1.9991898e-05,-1.6357703e-05,-1.6357703e-05,-1.9991898e-05,-1.9991898e-05,2.0361398e-05,2.0361398e-05,2.0362298e-15,2.0362298e-15,1.2299102e-06,1.2299102e-06,1.2299102e-06,1.2299102e-06,1.7078598e-18,1.7078598e-18,-0.00011328742,-0.00011328742,-1.9991898e-05,-1.9991898e-05,-0.00011328742,-0.00011328742,-1.9991898e-05,-1.9991898e-05,2.6632904e-16,2.6632904e-16,-1.2432148e-16,-1.2432148e-16,-0.00013327932,-0.00013327932,1.4210666e-16,1.4210666e-16,-0.00013327837,-0.00013327837,1.6465636e-16,1.6465636e-16,3.6949927e-07,3.6949927e-07,1.9991898e-05,1.9991898e-05,3.6949927e-07,3.6949927e-07,1.9991898e-05,1.9991898e-05,2.0361398e-05,2.0361398e-05,2.036188e-15,2.036188e-15,-0.00011291792,-0.00011291792,-0.00011291792,-0.00011291792,-1.9991898e-05,-1.9991898e-05,-2.1348498e-07,-2.1348498e-07,9.0468484e-19,9.0468484e-19,4.0997007e-09,4.0997007e-09,-2.1758468e-07,-2.1758468e-07,-7.7361521e-07,-7.7361521e-07,2.0368794e-15,2.0368794e-15,0.005493591,0.005493591,1.2927428e-13,1.2927428e-13,0.0065397197,0.0065397197,6.5142206e-14,6.5142206e-14,-0.00011291792,-0.00011291792,0.00013327932,0.00013327932,-2.2583585e-05,-2.2583585e-05,4.357677e-16,4.357677e-16,6.0328859e-14,6.0328859e-14,-6.0335672e-14,-6.0335672e-14,1.007538e-19,1.007538e-19,-1.0323706e-19,-1.0323706e-19,-9.5608808e-10,-9.5608808e-10,3.8075839e-19,3.8075839e-19,3.3652893e-19,3.3652893e-19,1.0028529e-19,1.0028529e-19,2.3676479e-07,2.3676479e-07,5.7527382e-35,5.7527382e-35
-0.00011169416,-0.00011169416,0.00011169416,0.00011169416,-3.8140335e-15,-3.8140335e-15,-1.8902368e-15,-1.8902368e-15,0.00011169416,0.00011169416,-1.6352049e-05,-1.6352049e-05,-1.9776656e-05,-1.9776656e-05,-1.6181561e-05,-1.6181561e-05,-1.9776656e-05,-1.9776656e-05,2.0150211e-05,2.0150211e-05,2.0366116e-15,2.0366116e-15,1.2166685e-06,1.2166685e-06,1.2166685e-06,1.2166685e-06,1.6910116e-18,1.6910116e-18,-0.00011206772,-0.00011206772,-1.9776656e-05,-1.9776656e-05,-0.00011206772,-0.00011206772,-1.9776656e-05,-1.9776656e-05,2.6652438e-16,2.6652438e-16,-1.2439183e-16,-1.2439183e-16,-0.00013184437,-0.00013184437,1.422306e-16,1.422306e-16,-0.00013184347,-0.00013184347,1.6455989e-16,1.6455989e-16,3.7355483e-07,3.7355483e-07,1.9776656e-05,1.9776656e-05,3.7355483e-07,3.7355483e-07,1.9776656e-05,1.9776656e-05,2.0150211e-05,2.0150211e-05,2.0365703e-15,2.0365703e-15,-0.00011169416,-0.00011169416,-0.00011169416,-0.00011169416,-1.9776656e-05,-1.9776656e-05,-2.1118651e-07,-2.1118651e-07,8.9565411e-19,8.9565411e-19,4.0555617e-09,4.0555617e-09,-2.1524208e-07,-2.1524208e-07,-7.5725379e-07,-7.5725379e-07,2.0372545e-15,2.0372545e-15,0.0054430415,0.0054430415,1.2929837e-13,1.2929837e-13,0.006473609,0.006473609,6.5154514e-14,6.5154514e-14,-0.00011169416,-0.00011169416,0.00013184437,0.00013184437,-2.2338833e-05,-2.2338833e-05,4.3586816e-16,4.3586816e-16,6.0344153e-14,6.0344153e-14,-6.0350894e-14,-6.0350894e-14,9.9720456e-20,9.9720456e-20,-1.0241021e-19,-1.0241021e-19,-9.0828368e-10,-9.0828368e-10,3.7526852e-19,3.7526852e-19,3.3360869e-19,3.3360869e-19,9.9604056e-20,9.9604056e-20,2.3442143e-07,2.3442143e-07,5.6381775e-35,5.6381775e-35
-0.00011048358,-0.00011048358,0.00011048358,0.00011048358,-3.8157005e-15,-3.8157005e-15,-1.890533e-15,-1.890533e-15,0.00011048358,0.00011048358,-1.6176118e-05,-1.6176118e-05,-1.9563732e-05,-1.9563732e-05,-1.6007317e-05,-1.6007317e-05,-1.9563732e-05,-1.9563732e-05,1.9941298e-05,1.9941298e-05,2.0369895e-15,2.0369895e-15,1.2035694e-06,1.2035694e-06,1.2035694e-06,1.2035694e-06,1.6743449e-18,1.6743449e-18,-0.00011086115,-0.00011086115,-1.9563732e-05,-1.9563732e-05,-0.00011086115,-0.00011086115,-1.9563732e-05,-1.9563732e-05,2.6671777e-16,2.6671777e-16,-1.244615e-16,-1.244615e-16,-0.00013042488,-0.00013042488,1.4235328e-16,1.4235328e-16,-0.00013042401,-0.00013042401,1.6446453e-16,1.6446453e-16,3.7756673e-07,3.7756673e-07,1.9563732e-05,1.9563732e-05,3.7756673e-07,3.7756673e-07,1.9563732e-05,1.9563732e-05,1.9941298e-05,1.9941298e-05,2.0369487e-15,2.0369487e-15,-0.00011048358,-0.00011048358,-0.00011048358,-0.00011048358,-1.9563732e-05,-1.9563732e-05,-2.089128e-07,-2.089128e-07,8.8672063e-19,8.8672063e-19,4.0118979e-09,4.0118979e-09,-2.1292469e-07,-2.1292469e-07,-7.4106844e-07,-7.4106844e-07,2.0376257e-15,2.0376257e-15,0.0053930364,0.0053930364,1.2932222e-13,1.2932222e-13,0.00640821,0.00640821,6.5166693e-14,6.5166693e-14,-0.00011048358,-0.00011048358,0.00013042488,0.00013042488,-2.2096716e-05,-2.2096716e-05,4.3596759e-16,4.3596759e-16,6.0359312e-14,6.0359312e-14,-6.0365982e-14,-6.0365982e-14,9.8698103e-20,9.8698103e-20,-1.0159227e-19,-1.0159227e-19,-8.6286949e-10,-8.6286949e-10,3.6983755e-19,3.6983755e-19,3.307199e-19,3.307199e-19,9.893016e-20,9.893016e-20,2.3210098e-07,2.3210098e-07,5.5259844e-35,5.5259844e-35
-0.00010928603,-0.00010928603,0.00010928603,0.00010928603,-3.8173268e-15,-3.8173268e-15,-1.8908261e-15,-1.8908261e-15,0.00010928603,0.00010928603,-1.600208e-05,-1.600208e-05,-1.9353099e-05,-1.9353099e-05,-1.583495e-05,-1.583495e-05,-1.9353099e-05,-1.9353099e-05,1.9734635e-05,1.9734635e-05,2.0373634e-15,2.0373634e-15,1.1906112e-06,1.1906112e-06,1.1906112e-06,1.1906112e-06,1.6578576e-18,1.6578576e-18,-0.00010966756,-0.00010966756,-1.9353099e-05,-1.9353099e-05,-0.00010966756,-0.00010966756,-1.9353099e-05,-1.9353099e-05,2.6690921e-16,2.6690921e-16,-1.2453047e-16,-1.2453047e-16,-0.00012902066,-0.00012902066,1.4247472e-16,1.4247472e-16,-0.00012901984,-0.00012901984,1.6437027e-16,1.6437027e-16,3.8153543e-07,3.8153543e-07,1.9353099e-05,1.9353099e-05,3.8153543e-07,3.8153543e-07,1.9353099e-05,1.9353099e-05,1.9734635e-05,1.9734635e-05,2.0373231e-15,2.0373231e-15,-0.00010928603,-0.00010928603,-0.00010928603,-0.00010928603,-1.9353099e-05,-1.9353099e-05,-2.0666356e-07,-2.0666356e-07,8.7788338e-19,8.7788338e-19,3.9687041e-09,3.9687041e-09,-2.1063226e-07,-2.1063226e-07,-7.2505729e-07,-7.2505729e-07,2.0379931e-15,2.0379931e-15,0.0053435696,0.0053435696,1.2934582e-13,1.2934582e-13,0.0063435152,0.0063435152,6.5178747e-14,6.5178747e-14,-0.00010928603,-0.00010928603,0.00012902066,0.00012902066,-2.1857205e-05,-2.1857205e-05,4.3606599e-16,4.3606599e-16,6.0374338e-14,6.0374338e-14,-6.0380937e-14,-6.0380937e-14,9.768662e-20,9.768662e-20,-1.0078314e-19,-1.0078314e-19,-8.1972602e-10,-8.1972602e-10,3.6446484e-19,3.6446484e-19,3.2786221e-19,3.2786221e-19,9.8263525e-20,9.8263525e-20,2.2980322e-07,2.2980322e-07,5.416109e-35,5.416109e-35
-0.00010810137,-0.00010810137,0.00010810137,0.00010810137,-3.8189531e-15,-3.8189531e-15,-1.8911161e-15,-1.8911161e-15,0.00010810137,0.00010810137,-1.5829915e-05,-1.5829915e-05,-1.9144735e-05,-1.9144735e-05,-1.566444e-05,-1.566444e-05,-1.9144735e-05,-1.9144735e-05,1.9530196e-05,1.9530196e-05,2.0377334e-15,2.0377334e-15,1.1777926e-06,1.1777926e-06,1.1777926e-06,1.1777926e-06,1.6415479e-18,1.6415479e-18,-0.00010848683,-0.00010848683,-1.9144735e-05,-1.9144735e-05,-0.00010848683,-0.00010848683,-1.9144735e-05,-1.9144735e-05,2.6709874e-16,2.6709874e-16,-1.2459877e-16,-1.2459877e-16,-0.00012763157,-0.00012763157,1.4259492e-16,1.4259492e-16,-0.00012763079,-0.00012763079,1.6427711e-16,1.6427711e-16,3.854614e-07,3.854614e-07,1.9144735e-05,1.9144735e-05,3.854614e-07,3.854614e-07,1.9144735e-05,1.9144735e-05,1.9530196e-05,1.9530196e-05,2.0376937e-15,2.0376937e-15,-0.00010810137,-0.00010810137,-0.00010810137,-0.00010810137,-1.9144735e-05,-1.9144735e-05,-2.0443853e-07,-2.0443853e-07,8.691413e-19,8.691413e-19,3.9259754e-09,3.9259754e-09,-2.0836451e-07,-2.0836451e-07,-7.0921846e-07,-7.0921846e-07,2.0383567e-15,2.0383567e-15,0.0052946355,0.0052946355,1.2936917e-13,1.2936917e-13,0.0062795169,0.0062795169,6.5190676e-14,6.5190676e-14,-0.00010810137,-0.00010810137,0.00012763157,0.00012763157,-2.1620274e-05,-2.1620274e-05,4.3616338e-16,4.3616338e-16,6.0389233e-14,6.0389233e-14,-6.0395761e-14,-6.0395761e-14,9.6685894e-20,9.6685894e-20,-9.9982718e-20,-9.9982718e-20,-7.7873972e-10,-7.7873972e-10,3.5914978e-19,3.5914978e-19,3.2503531e-19,3.2503531e-19,9.7604072e-20,9.7604072e-20,2.2752795e-07,2.2752795e-07,5.3085026e-35,5.3085026e-35
-0.00010692947,-0.00010692947,0.00010692947,0.00010692947,-3.8205929e-15,-3.8205929e-15,-1.8914031e-15,-1.8914031e-15,0.00010692947,0.00010692947,-1.5659604e-05,-1.5659604e-05,-1.8938614e-05,-1.8938614e-05,-1.5495767e-05,-1.5495767e-05,-1.8938614e-05,-1.8938614e-05,1.9327959e-05,1.9327959e-05,2.0380996e-15,2.0380996e-15,1.165112e-06,1.165112e-06,1.165112e-06,1.165112e-06,1.6254139e-18,1.6254139e-18,-0.00010731881,-0.00010731881,-1.8938614e-05,-1.8938614e-05,-0.00010731881,-0.00010731881,-1.8938614e-05,-1.8938614e-05,2.6728636e-16,2.6728636e-16,-1.246664e-16,-1.246664e-16,-0.00012625742,-0.00012625742,1.4271391e-16,1.4271391e-16,-0.00012625668,-0.00012625668,1.6418502e-16,1.6418502e-16,3.8934511e-07,3.8934511e-07,1.8938614e-05,1.8938614e-05,3.8934511e-07,3.8934511e-07,1.8938614e-05,1.8938614e-05,1.9327959e-05,1.9327959e-05,2.0380604e-15,2.0380604e-15,-0.00010692947,-0.00010692947,-0.00010692947,-0.00010692947,-1.8938614e-05,-1.8938614e-05,-2.0223746e-07,-2.0223746e-07,8.6049338e-19,8.6049338e-19,3.8837068e-09,3.8837068e-09,-2.0612117e-07,-2.0612117e-07,-6.9355009e-07,-6.9355009e-07,2.0387164e-15,2.0387164e-15,0.0052462282,0.0052462282,1.2939229e-13,1.2939229e-13,0.0062162076,0.0062162076,6.5202482e-14,6.5202482e-14,-0.00010692947,-0.00010692947,0.00012625742,0.00012625742,-2.1385893e-05,-2.1385893e-05,4.3625976e-16,4.3625976e-16,6.0403996e-14,6.0403996e-14,-6.0410456e-14,-6.0410456e-14,9.5695812e-20,9.5695812e-20,-9.9190921e-20,-9.9190921e-20,-7.3980273e-10,-7.3980273e-10,3.5389176e-19,3.5389176e-19,3.2223884e-19,3.2223884e-19,9.6951723e-20,9.6951723e-20,2.2527494e-07,2.2527494e-07,5.2031176e-35,5.2031176e-35
-0.00010577018,-0.00010577018,0.00010577018,0.00010577018,-3.822165e-15,-3.822165e-15,-1.891687e-15,-1.891687e-15,0.00010577018,0.00010577018,-1.5491125e-05,-1.5491125e-05,-1.8734712e-05,-1.8734712e-05,-1.5328912e-05,-1.5328912e-05,-1.8734712e-05,-1.8734712e-05,1.9127899e-05,1.9127899e-05,2.038462e-15,2.038462e-15,1.1525679e-06,1.1525679e-06,1.1525679e-06,1.1525679e-06,1.6094536e-18,1.6094536e-18,-0.00010616337,-0.00010616337,-1.8734712e-05,-1.8734712e-05,-0.00010616337,-0.00010616337,-1.8734712e-05,-1.8734712e-05,2.674721e-16,2.674721e-16,-1.2473336e-16,-1.2473336e-16,-0.00012489808,-0.00012489808,1.4283169e-16,1.4283169e-16,-0.00012489737,-0.00012489737,1.64094e-16,1.64094e-16,3.93187e-07,3.93187e-07,1.8734712e-05,1.8734712e-05,3.93187e-07,3.93187e-07,1.8734712e-05,1.8734712e-05,1.9127899e-05,1.9127899e-05,2.0384233e-15,2.0384233e-15,-0.00010577018,-0.00010577018,-0.00010577018,-0.00010577018,-1.8734712e-05,-1.8734712e-05,-2.0006009e-07,-2.0006009e-07,8.519386e-19,8.519386e-19,3.8418932e-09,3.8418932e-09,-2.0390198e-07,-2.0390198e-07,-6.7805035e-07,-6.7805035e-07,2.0390725e-15,2.0390725e-15,0.0051983422,0.0051983422,1.2941516e-13,1.2941516e-13,0.00615358,0.00615358,6.5214166e-14,6.5214166e-14,-0.00010577018,-0.00010577018,0.00012489808,0.00012489808,-2.1154036e-05,-2.1154036e-05,4.3635514e-16,4.3635514e-16,6.0418631e-14,6.0418631e-14,-6.0425022e-14,-6.0425022e-14,9.4716263e-20,9.4716263e-20,-9.8407652e-20,-9.8407652e-20,-7.0281259e-10,-7.0281259e-10,3.4869017e-19,3.4869017e-19,3.1947249e-19,3.1947249e-19,9.6306403e-20,9.6306403e-20,2.2304398e-07,2.2304398e-07,5.0999072e-35,5.0999072e-35
-0.00010462337,-0.00010462337,0.00010462337,0.00010462337,-3.8237507e-15,-3.8237507e-15,-1.8919679e-15,-1.8919679e-15,0.00010462337,0.00010462337,-1.532446e-05,-1.532446e-05,-1.8533005e-05,-1.8533005e-05,-1.5163853e-05,-1.5163853e-05,-1.8533005e-05,-1.8533005e-05,1.8929992e-05,1.8929992e-05,2.0388206e-15,2.0388206e-15,1.1401589e-06,1.1401589e-06,1.1401589e-06,1.1401589e-06,1.5936651e-18,1.5936651e-18,-0.00010502036,-0.00010502036,-1.8533005e-05,-1.8533005e-05,-0.00010502036,-0.00010502036,-1.8533005e-05,-1.8533005e-05,2.6765598e-16,2.6765598e-16,-1.2479966e-16,-1.2479966e-16,-0.00012355337,-0.00012355337,1.4294828e-16,1.4294828e-16,-0.0001235527,-0.0001235527,1.6400403e-16,1.6400403e-16,3.9698753e-07,3.9698753e-07,1.8533005e-05,1.8533005e-05,3.9698753e-07,3.9698753e-07,1.8533005e-05,1.8533005e-05,1.8929992e-05,1.8929992e-05,2.0387824e-15,2.0387824e-15,-0.00010462337,-0.00010462337,-0.00010462337,-0.00010462337,-1.8533005e-05,-1.8533005e-05,-1.9790616e-07,-1.9790616e-07,8.4347595e-19,8.4347595e-19,3.8005297e-09,3.8005297e-09,-2.0170669e-07,-2.0170669e-07,-6.6271744e-07,-6.6271744e-07,2.0394248e-15,2.0394248e-15,0.0051509718,0.0051509718,1.294378e-13,1.294378e-13,0.0060916266,0.0060916266,6.5225728e-14,6.5225728e-14,-0.00010462337,-0.00010462337,0.00012355337,0.00012355337,-2.0924675e-05,-2.0924675e-05,4.3644955e-16,4.3644955e-16,6.0433138e-14,6.0433138e-14,-6.0439461e-14,-6.0439461e-14,9.3747137e-20,9.3747137e-20,-9.7632819e-20,-9.7632819e-20,-6.6767197e-10,-6.6767197e-10,3.4354442e-19,3.4354442e-19,3.1673593e-19,3.1673593e-19,9.5668034e-20,9.5668034e-20,2.2083487e-07,2.2083487e-07,4.9988256e-35,4.9988256e-35
-0.00010348892,-0.00010348892,0.00010348892,0.00010348892,-3.8253228e-15,-3.8253228e-15,-1.8922459e-15,-1.8922459e-15,0.00010348892,0.00010348892,-1.5159589e-05,-1.5159589e-05,-1.833347e-05,-1.833347e-05,-1.5000573e-05,-1.5000573e-05,-1.833347e-05,-1.833347e-05,1.8734217e-05,1.8734217e-05,2.0391755e-15,2.0391755e-15,1.1278835e-06,1.1278835e-06,1.1278835e-06,1.1278835e-06,1.5780468e-18,1.5780468e-18,-0.00010388966,-0.00010388966,-1.833347e-05,-1.833347e-05,-0.00010388966,-0.00010388966,-1.833347e-05,-1.833347e-05,2.6783802e-16,2.6783802e-16,-1.2486532e-16,-1.2486532e-16,-0.00012222313,-0.00012222313,1.4306368e-16,1.4306368e-16,-0.0001222225,-0.0001222225,1.6391511e-16,1.6391511e-16,4.0074715e-07,4.0074715e-07,1.833347e-05,1.833347e-05,4.0074715e-07,4.0074715e-07,1.833347e-05,1.833347e-05,1.8734217e-05,1.8734217e-05,2.0391378e-15,2.0391378e-15,-0.00010348892,-0.00010348892,-0.00010348892,-0.00010348892,-1.833347e-05,-1.833347e-05,-1.9577542e-07,-1.9577542e-07,8.3510444e-19,8.3510444e-19,3.7596116e-09,3.7596116e-09,-1.9953503e-07,-1.9953503e-07,-6.4754955e-07,-6.4754955e-07,2.0397736e-15,2.0397736e-15,0.0051041114,0.0051041114,1.294602e-13,1.294602e-13,0.0060303403,0.0060303403,6.5237172e-14,6.5237172e-14,-0.00010348892,-0.00010348892,0.00012222313,0.00012222313,-2.0697783e-05,-2.0697783e-05,4.3654298e-16,4.3654298e-16,6.0447518e-14,6.0447518e-14,-6.0453775e-14,-6.0453775e-14,9.2788323e-20,9.2788323e-20,-9.6866331e-20,-9.6866331e-20,-6.3428837e-10,-6.3428837e-10,3.3845391e-19,3.3845391e-19,3.1402884e-19,3.1402884e-19,9.5036543e-20,9.5036543e-20,2.1864739e-07,2.1864739e-07,4.8998283e-35,4.8998283e-35
-0.00010236667,-0.00010236667,0.00010236667,0.00010236667,-3.8268542e-15,-3.8268542e-15,-1.892521e-15,-1.892521e-15,0.00010236667,0.00010236667,-1.4996493e-05,-1.4996493e-05,-1.8136083e-05,-1.8136083e-05,-1.4839052e-05,-1.4839052e-05,-1.8136083e-05,-1.8136083e-05,1.8540549e-05,1.8540549e-05,2.0395268e-15,2.0395268e-15,1.1157402e-06,1.1157402e-06,1.1157402e-06,1.1157402e-06,1.5625966e-18,1.5625966e-18,-0.00010277114,-0.00010277114,-1.8136083e-05,-1.8136083e-05,-0.00010277114,-0.00010277114,-1.8136083e-05,-1.8136083e-05,2.6801824e-16,2.6801824e-16,-1.2493033e-16,-1.2493033e-16,-0.00012090722,-0.00012090722,1.4317792e-16,1.4317792e-16,-0.00012090662,-0.00012090662,1.6382722e-16,1.6382722e-16,4.0446628e-07,4.0446628e-07,1.8136083e-05,1.8136083e-05,4.0446628e-07,4.0446628e-07,1.8136083e-05,1.8136083e-05,1.8540549e-05,1.8540549e-05,2.0394895e-15,2.0394895e-15,-0.00010236667,-0.00010236667,-0.00010236667,-0.00010236667,-1.8136083e-05,-1.8136083e-05,-1.9366762e-07,-1.9366762e-07,8.2682309e-19,8.2682309e-19,3.7191341e-09,3.7191341e-09,-1.9738675e-07,-1.9738675e-07,-6.3254491e-07,-6.3254491e-07,2.0401187e-15,2.0401187e-15,0.0050577555,0.0050577555,1.2948237e-13,1.2948237e-13,0.0059697137,0.0059697137,6.5248497e-14,6.5248497e-14,-0.00010236667,-0.00010236667,0.00012090722,0.00012090722,-2.0473334e-05,-2.0473334e-05,4.3663545e-16,4.3663545e-16,6.0461774e-14,6.0461774e-14,-6.0467964e-14,-6.0467964e-14,9.1839713e-20,9.1839713e-20,-9.6108097e-20,-9.6108097e-20,-6.0257395e-10,-6.0257395e-10,3.3341805e-19,3.3341805e-19,3.113509e-19,3.113509e-19,9.4411854e-20,9.4411854e-20,2.1648134e-07,2.1648134e-07,4.8028713e-35,4.8028713e-35
-0.00010125651,-0.00010125651,0.00010125651,0.00010125651,-3.8283856e-15,-3.8283856e-15,-1.8927931e-15,-1.8927931e-15,0.00010125651,0.00010125651,-1.4835151e-05,-1.4835151e-05,-1.7940822e-05,-1.7940822e-05,-1.467927e-05,-1.467927e-05,-1.7940822e-05,-1.7940822e-05,1.8348967e-05,1.8348967e-05,2.0398744e-15,2.0398744e-15,1.1037277e-06,1.1037277e-06,1.1037277e-06,1.1037277e-06,1.5473128e-18,1.5473128e-18,-0.00010166466,-0.00010166466,-1.7940822e-05,-1.7940822e-05,-0.00010166466,-0.00010166466,-1.7940822e-05,-1.7940822e-05,2.6819666e-16,2.6819666e-16,-1.2499471e-16,-1.2499471e-16,-0.00011960548,-0.00011960548,1.4329101e-16,1.4329101e-16,-0.0001196049,-0.0001196049,1.6374036e-16,1.6374036e-16,4.0814537e-07,4.0814537e-07,1.7940822e-05,1.7940822e-05,4.0814537e-07,4.0814537e-07,1.7940822e-05,1.7940822e-05,1.8348967e-05,1.8348967e-05,2.0398376e-15,2.0398376e-15,-0.00010125651,-0.00010125651,-0.00010125651,-0.00010125651,-1.7940822e-05,-1.7940822e-05,-1.9158251e-07,-1.9158251e-07,8.1863094e-19,8.1863094e-19,3.6790923e-09,3.6790923e-09,-1.952616e-07,-1.952616e-07,-6.1770178e-07,-6.1770178e-07,2.0404602e-15,2.0404602e-15,0.0050118988,0.0050118988,1.2950432e-13,1.2950432e-13,0.00590974,0.00590974,6.5259706e-14,6.5259706e-14,-0.00010125651,-0.00010125651,0.00011960548,0.00011960548,-2.0251302e-05,-2.0251302e-05,4.3672697e-16,4.3672697e-16,6.0475906e-14,6.0475906e-14,-6.048203e-14,-6.048203e-14,9.0901201e-20,9.0901201e-20,-9.535803e-20,-9.535803e-20,-5.7244525e-10,-5.7244525e-10,3.2843626e-19,3.2843626e-19,3.087018e-19,3.087018e-19,9.3793895e-20,9.3793895e-20,2.1433651e-07,2.1433651e-07,4.7079119e-35,4.7079119e-35
-0.0001001583,-0.0001001583,0.0001001583,0.0001001583,-3.8299035e-15,-3.8299035e-15,-1.8930625e-15,-1.8930625e-15,0.0001001583,0.0001001583,-1.4675547e-05,-1.4675547e-05,-1.7747662e-05,-1.7747662e-05,-1.452121e-05,-1.452121e-05,-1.7747662e-05,-1.7747662e-05,1.8159447e-05,1.8159447e-05,2.0402184e-15,2.0402184e-15,1.0918445e-06,1.0918445e-06,1.0918445e-06,1.0918445e-06,1.5321936e-18,1.5321936e-18,-0.00010057009,-0.00010057009,-1.7747662e-05,-1.7747662e-05,-0.00010057009,-0.00010057009,-1.7747662e-05,-1.7747662e-05,2.683733e-16,2.683733e-16,-1.2505846e-16,-1.2505846e-16,-0.00011831775,-0.00011831775,1.4340295e-16,1.4340295e-16,-0.0001183172,-0.0001183172,1.636545e-16,1.636545e-16,4.1178485e-07,4.1178485e-07,1.7747662e-05,1.7747662e-05,4.1178485e-07,4.1178485e-07,1.7747662e-05,1.7747662e-05,1.8159447e-05,1.8159447e-05,2.0401821e-15,2.0401821e-15,-0.0001001583,-0.0001001583,-0.0001001583,-0.0001001583,-1.7747662e-05,-1.7747662e-05,-1.8951985e-07,-1.8951985e-07,8.10527e-19,8.10527e-19,3.6394816e-09,3.6394816e-09,-1.9315933e-07,-1.9315933e-07,-6.0301841e-07,-6.0301841e-07,2.0407982e-15,2.0407982e-15,0.0049665358,0.0049665358,1.2952603e-13,1.2952603e-13,0.0058504119,0.0058504119,6.5270799e-14,6.5270799e-14,-0.0001001583,-0.0001001583,0.00011831775,0.00011831775,-2.003166e-05,-2.003166e-05,4.3681755e-16,4.3681755e-16,6.0489916e-14,6.0489916e-14,-6.0495975e-14,-6.0495975e-14,8.997268e-20,8.997268e-20,-9.461604e-20,-9.461604e-20,-5.4382299e-10,-5.4382299e-10,3.2350797e-19,3.2350797e-19,3.0608123e-19,3.0608123e-19,9.3182592e-20,9.3182592e-20,2.122127e-07,2.122127e-07,4.6149081e-35,4.6149081e-35
-9.9071916e-05,-9.9071916e-05,9.9071916e-05,9.9071916e-05,-3.8314078e-15,-3.8314078e-15,-1.8933289e-15,-1.8933289e-15,9.9071916e-05,9.9071916e-05,-1.4517659e-05,-1.4517659e-05,-1.7556583e-05,-1.7556583e-05,-1.4364852e-05,-1.4364852e-05,-1.7556583e-05,-1.7556583e-05,1.7971968e-05,1.7971968e-05,2.0405588e-15,2.0405588e-15,1.0800892e-06,1.0800892e-06,1.0800892e-06,1.0800892e-06,1.5172372e-18,1.5172372e-18,-9.9487301e-05,-9.9487301e-05,-1.7556583e-05,-1.7556583e-05,-9.9487301e-05,-9.9487301e-05,-1.7556583e-05,-1.7556583e-05,2.6854817e-16,2.6854817e-16,-1.2512159e-16,-1.2512159e-16,-0.00011704388,-0.00011704388,1.4351377e-16,1.4351377e-16,-0.00011704337,-0.00011704337,1.6356965e-16,1.6356965e-16,4.1538515e-07,4.1538515e-07,1.7556583e-05,1.7556583e-05,4.1538515e-07,4.1538515e-07,1.7556583e-05,1.7556583e-05,1.7971968e-05,1.7971968e-05,2.040523e-15,2.040523e-15,-9.9071916e-05,-9.9071916e-05,-9.9071916e-05,-9.9071916e-05,-1.7556583e-05,-1.7556583e-05,-1.874794e-07,-1.874794e-07,8.0251035e-19,8.0251035e-19,3.6002974e-09,3.6002974e-09,-1.910797e-07,-1.910797e-07,-5.8849308e-07,-5.8849308e-07,2.0411327e-15,2.0411327e-15,0.0049216612,0.0049216612,1.2954752e-13,1.2954752e-13,0.0057917226,0.0057917226,6.5281777e-14,6.5281777e-14,-9.9071916e-05,-9.9071916e-05,0.00011704388,0.00011704388,-1.9814383e-05,-1.9814383e-05,4.369072e-16,4.369072e-16,6.0503805e-14,6.0503805e-14,-6.05098e-14,-6.05098e-14,8.9054046e-20,8.9054046e-20,-9.3882041e-20,-9.3882041e-20,-5.1663184e-10,-5.1663184e-10,3.1863261e-19,3.1863261e-19,3.0348887e-19,3.0348887e-19,9.2577874e-20,9.2577874e-20,2.1010972e-07,2.1010972e-07,4.5238188e-35,4.5238188e-35
-9.7997227e-05,-9.7997227e-05,9.7997227e-05,9.7997227e-05,-3.8328986e-15,-3.8328986e-15,-1.8935926e-15,-1.8935926e-15,9.7997227e-05,9.7997227e-05,-1.4361471e-05,-1.4361471e-05,-1.736756e-05,-1.736756e-05,-1.4210179e-05,-1.4210179e-05,-1.736756e-05,-1.736756e-05,1.7786507e-05,1.7786507e-05,2.0408958e-15,2.0408958e-15,1.0684605e-06,1.0684605e-06,1.0684605e-06,1.0684605e-06,1.5024419e-18,1.5024419e-18,-9.8416174e-05,-9.8416174e-05,-1.736756e-05,-1.736756e-05,-9.8416174e-05,-9.8416174e-05,-1.736756e-05,-1.736756e-05,2.687213e-16,2.687213e-16,-1.251841e-16,-1.251841e-16,-0.00011578373,-0.00011578373,1.4362346e-16,1.4362346e-16,-0.00011578324,-0.00011578324,1.6348578e-16,1.6348578e-16,4.1894669e-07,4.1894669e-07,1.736756e-05,1.736756e-05,4.1894669e-07,4.1894669e-07,1.736756e-05,1.736756e-05,1.7786507e-05,1.7786507e-05,2.0408604e-15,2.0408604e-15,-9.7997227e-05,-9.7997227e-05,-9.7997227e-05,-9.7997227e-05,-1.736756e-05,-1.736756e-05,-1.8546092e-07,-1.8546092e-07,7.9458003e-19,7.9458003e-19,3.561535e-09,3.561535e-09,-1.8902245e-07,-1.8902245e-07,-5.7412409e-07,-5.7412409e-07,2.0414638e-15,2.0414638e-15,0.0048772698,0.0048772698,1.2956879e-13,1.2956879e-13,0.0057336651,0.0057336651,6.5292642e-14,6.5292642e-14,-9.7997227e-05,-9.7997227e-05,0.00011578373,0.00011578373,-1.9599445e-05,-1.9599445e-05,4.3699592e-16,4.3699592e-16,6.0517574e-14,6.0517574e-14,-6.0523505e-14,-6.0523505e-14,8.8145194e-20,8.8145194e-20,-9.3155947e-20,-9.3155947e-20,-4.9080025e-10,-4.9080025e-10,3.1380961e-19,3.1380961e-19,3.0092443e-19,3.0092443e-19,9.197967e-20,9.197967e-20,2.0802735e-07,2.0802735e-07,4.4346038e-35,4.4346038e-35
-9.6934109e-05,-9.6934109e-05,9.6934109e-05,9.6934109e-05,-3.8343623e-15,-3.8343623e-15,-1.8938535e-15,-1.8938535e-15,9.6934109e-05,9.6934109e-05,-1.4206964e-05,-1.4206964e-05,-1.7180573e-05,-1.7180573e-05,-1.4057171e-05,-1.4057171e-05,-1.7180573e-05,-1.7180573e-05,1.7603043e-05,1.7603043e-05,2.0412292e-15,2.0412292e-15,1.056957e-06,1.056957e-06,1.056957e-06,1.056957e-06,1.4878059e-18,1.4878059e-18,-9.7356579e-05,-9.7356579e-05,-1.7180573e-05,-1.7180573e-05,-9.7356579e-05,-9.7356579e-05,-1.7180573e-05,-1.7180573e-05,2.6889271e-16,2.6889271e-16,-1.25246e-16,-1.25246e-16,-0.00011453715,-0.00011453715,1.4373205e-16,1.4373205e-16,-0.00011453669,-0.00011453669,1.6340289e-16,1.6340289e-16,4.2246988e-07,4.2246988e-07,1.7180573e-05,1.7180573e-05,4.2246988e-07,4.2246988e-07,1.7180573e-05,1.7180573e-05,1.7603043e-05,1.7603043e-05,2.0411944e-15,2.0411944e-15,-9.6934109e-05,-9.6934109e-05,-9.6934109e-05,-9.6934109e-05,-1.7180573e-05,-1.7180573e-05,-1.8346417e-07,-1.8346417e-07,7.8673511e-19,7.8673511e-19,3.52319e-09,3.52319e-09,-1.8698736e-07,-1.8698736e-07,-5.5990977e-07,-5.5990977e-07,2.0417914e-15,2.0417914e-15,0.0048333564,0.0048333564,1.2958984e-13,1.2958984e-13,0.0056762327,0.0056762327,6.5303396e-14,6.5303396e-14,-9.6934109e-05,-9.6934109e-05,0.00011453715,0.00011453715,-1.9386822e-05,-1.9386822e-05,4.3708374e-16,4.3708374e-16,6.0531225e-14,6.0531225e-14,-6.0537093e-14,-6.0537093e-14,8.7246022e-20,8.7246022e-20,-9.2437672e-20,-9.2437672e-20,-4.6626023e-10,-4.6626023e-10,3.0903841e-19,3.0903841e-19,2.983876e-19,2.983876e-19,9.1387909e-20,9.1387909e-20,2.059654e-07,2.059654e-07,4.3472239e-35,4.3472239e-35
-9.5882437e-05,-9.5882437e-05,9.5882437e-05,9.5882437e-05,-3.8358395e-15,-3.8358395e-15,-1.8941117e-15,-1.8941117e-15,9.5882437e-05,9.5882437e-05,-1.405412e-05,-1.405412e-05,-1.6995599e-05,-1.6995599e-05,-1.3905812e-05,-1.3905812e-05,-1.6995599e-05,-1.6995599e-05,1.7421554e-05,1.7421554e-05,2.0415592e-15,2.0415592e-15,1.0455773e-06,1.0455773e-06,1.0455773e-06,1.0455773e-06,1.4733275e-18,1.4733275e-18,-9.6308392e-05,-9.6308392e-05,-1.6995599e-05,-1.6995599e-05,-9.6308392e-05,-9.6308392e-05,-1.6995599e-05,-1.6995599e-05,2.6906241e-16,2.6906241e-16,-1.253073e-16,-1.253073e-16,-0.00011330399,-0.00011330399,1.4383955e-16,1.4383955e-16,-0.00011330355,-0.00011330355,1.6332097e-16,1.6332097e-16,4.2595513e-07,4.2595513e-07,1.6995599e-05,1.6995599e-05,4.2595513e-07,4.2595513e-07,1.6995599e-05,1.6995599e-05,1.7421554e-05,1.7421554e-05,2.0415248e-15,2.0415248e-15,-9.5882437e-05,-9.5882437e-05,-9.5882437e-05,-9.5882437e-05,-1.6995599e-05,-1.6995599e-05,-1.8148891e-07,-1.8148891e-07,7.7897469e-19,7.7897469e-19,3.4852578e-09,3.4852578e-09,-1.8497417e-07,-1.8497417e-07,-5.4584845e-07,-5.4584845e-07,2.0421156e-15,2.0421156e-15,0.0047899158,0.0047899158,1.2961068e-13,1.2961068e-13,0.0056194187,0.0056194187,6.5314039e-14,6.5314039e-14,-9.5882437e-05,-9.5882437e-05,0.00011330399,0.00011330399,-1.9176487e-05,-1.9176487e-05,4.3717065e-16,4.3717065e-16,6.0544759e-14,6.0544759e-14,-6.0550565e-14,-6.0550565e-14,8.6356427e-20,8.6356427e-20,-9.1727132e-20,-9.1727132e-20,-4.4294722e-10,-4.4294722e-10,3.0431848e-19,3.0431848e-19,2.9587809e-19,2.9587809e-19,9.0802523e-20,9.0802523e-20,2.0392368e-07,2.0392368e-07,4.2616405e-35,4.2616405e-35
-9.4842087e-05,-9.4842087e-05,9.4842087e-05,9.4842087e-05,-3.837249e-15,-3.837249e-15,-1.8943672e-15,-1.8943672e-15,9.4842087e-05,9.4842087e-05,-1.390292e-05,-1.390292e-05,-1.6812616e-05,-1.6812616e-05,-1.3756083e-05,-1.3756083e-05,-1.6812616e-05,-1.6812616e-05,1.7242019e-05,1.7242019e-05,2.0418858e-15,2.0418858e-15,1.0343202e-06,1.0343202e-06,1.0343202e-06,1.0343202e-06,1.459005e-18,1.459005e-18,-9.527149e-05,-9.527149e-05,-1.6812616e-05,-1.6812616e-05,-9.527149e-05,-9.527149e-05,-1.6812616e-05,-1.6812616e-05,2.6923043e-16,2.6923043e-16,-1.25368e-16,-1.25368e-16,-0.00011208411,-0.00011208411,1.4394596e-16,1.4394596e-16,-0.00011208369,-0.00011208369,1.6324001e-16,1.6324001e-16,4.2940287e-07,4.2940287e-07,1.6812616e-05,1.6812616e-05,4.2940287e-07,4.2940287e-07,1.6812616e-05,1.6812616e-05,1.7242019e-05,1.7242019e-05,2.0418519e-15,2.0418519e-15,-9.4842087e-05,-9.4842087e-05,-9.4842087e-05,-9.4842087e-05,-1.6812616e-05,-1.6812616e-05,-1.7953492e-07,-1.7953492e-07,7.7129783e-19,7.7129783e-19,3.447734e-09,3.447734e-09,-1.8298266e-07,-1.8298266e-07,-5.3193849e-07,-5.3193849e-07,2.0424365e-15,2.0424365e-15,0.0047469429,0.0047469429,1.296313e-13,1.296313e-13,0.0055632164,0.0055632164,6.5324572e-14,6.5324572e-14,-9.4842087e-05,-9.4842087e-05,0.00011208411,0.00011208411,-1.8968417e-05,-1.8968417e-05,4.3725668e-16,4.3725668e-16,6.0558177e-14,6.0558177e-14,-6.0563921e-14,-6.0563921e-14,8.547631e-20,8.547631e-20,-9.1024243e-20,-9.1024243e-20,-4.2079986e-10,-4.2079986e-10,2.9964924e-19,2.9964924e-19,2.933956e-19,2.933956e-19,9.0223441e-20,9.0223441e-20,2.01902e-07,2.01902e-07,4.1778159e-35,4.1778159e-35
-9.3812939e-05,-9.3812939e-05,9.3812939e-05,9.3812939e-05,-3.838672e-15,-3.838672e-15,-1.89462e-15,-1.89462e-15,9.3812939e-05,9.3812939e-05,-1.3753348e-05,-1.3753348e-05,-1.6631603e-05,-1.6631603e-05,-1.3607966e-05,-1.3607966e-05,-1.6631603e-05,-1.6631603e-05,1.7064417e-05,1.7064417e-05,2.0422091e-15,2.0422091e-15,1.0231842e-06,1.0231842e-06,1.0231842e-06,1.0231842e-06,1.4448368e-18,1.4448368e-18,-9.4245752e-05,-9.4245752e-05,-1.6631603e-05,-1.6631603e-05,-9.4245752e-05,-9.4245752e-05,-1.6631603e-05,-1.6631603e-05,2.6939677e-16,2.6939677e-16,-1.2542812e-16,-1.2542812e-16,-0.00011087736,-0.00011087736,1.4405131e-16,1.4405131e-16,-0.00011087696,-0.00011087696,1.6315999e-16,1.6315999e-16,4.3281348e-07,4.3281348e-07,1.6631603e-05,1.6631603e-05,4.3281348e-07,4.3281348e-07,1.6631603e-05,1.6631603e-05,1.7064417e-05,1.7064417e-05,2.0421756e-15,2.0421756e-15,-9.3812939e-05,-9.3812939e-05,-9.3812939e-05,-9.3812939e-05,-1.6631603e-05,-1.6631603e-05,-1.7760197e-07,-1.7760197e-07,7.6370365e-19,7.6370365e-19,3.4106142e-09,3.4106142e-09,-1.8101258e-07,-1.8101258e-07,-5.1817825e-07,-5.1817825e-07,2.0427541e-15,2.0427541e-15,0.0047044326,0.0047044326,1.296517e-13,1.296517e-13,0.0055076191,0.0055076191,6.5334997e-14,6.5334997e-14,-9.3812939e-05,-9.3812939e-05,0.00011087736,0.00011087736,-1.8762588e-05,-1.8762588e-05,4.3734182e-16,4.3734182e-16,6.0571481e-14,6.0571481e-14,-6.0577164e-14,-6.0577164e-14,8.460557e-20,8.460557e-20,-9.0328925e-20,-9.0328925e-20,-3.9975987e-10,-3.9975987e-10,2.9503018e-19,2.9503018e-19,2.9093985e-19,2.9093985e-19,8.9650597e-20,8.9650597e-20,1.9990015e-07,1.9990015e-07,4.0957133e-35,4.0957133e-35
-9.279487e-05,-9.279487e-05,9.279487e-05,9.279487e-05,-3.8401086e-15,-3.8401086e-15,-1.8948701e-15,-1.8948701e-15,9.279487e-05,9.279487e-05,-1.3605385e-05,-1.3605385e-05,-1.645254e-05,-1.645254e-05,-1.3461445e-05,-1.3461445e-05,-1.645254e-05,-1.645254e-05,1.6888727e-05,1.6888727e-05,2.0425289e-15,2.0425289e-15,1.0121682e-06,1.0121682e-06,1.0121682e-06,1.0121682e-06,1.4308212e-18,1.4308212e-18,-9.3231058e-05,-9.3231058e-05,-1.645254e-05,-1.645254e-05,-9.3231058e-05,-9.3231058e-05,-1.645254e-05,-1.645254e-05,2.6956147e-16,2.6956147e-16,-1.2548765e-16,-1.2548765e-16,-0.0001096836,-0.0001096836,1.4415559e-16,1.4415559e-16,-0.00010968322,-0.00010968322,1.6308091e-16,1.6308091e-16,4.3618738e-07,4.3618738e-07,1.645254e-05,1.645254e-05,4.3618738e-07,4.3618738e-07,1.645254e-05,1.645254e-05,1.6888727e-05,1.6888727e-05,2.0424959e-15,2.0424959e-15,-9.279487e-05,-9.279487e-05,-9.279487e-05,-9.279487e-05,-1.645254e-05,-1.645254e-05,-1.7568983e-07,-1.7568983e-07,7.5619125e-19,7.5619125e-19,3.373894e-09,3.373894e-09,-1.7906372e-07,-1.7906372e-07,-5.0456613e-07,-5.0456613e-07,2.0430685e-15,2.0430685e-15,0.0046623801,0.0046623801,1.296719e-13,1.296719e-13,0.0054526205,0.0054526205,6.5345314e-14,6.5345314e-14,-9.279487e-05,-9.279487e-05,0.0001096836,0.0001096836,-1.8558974e-05,-1.8558974e-05,4.3742608e-16,4.3742608e-16,6.0584671e-14,6.0584671e-14,-6.0590293e-14,-6.0590293e-14,8.3744109e-20,8.3744109e-20,-8.9641093e-20,-8.9641093e-20,-3.7977188e-10,-3.7977188e-10,2.9046075e-19,2.9046075e-19,2.8851053e-19,2.8851053e-19,8.9083922e-20,8.9083922e-20,1.9791796e-07,1.9791796e-07,4.0152966e-35,4.0152966e-35
-9.1787763e-05,-9.1787763e-05,9.1787763e-05,9.1787763e-05,-3.8414909e-15,-3.8414909e-15,-1.8951176e-15,-1.8951176e-15,9.1787763e-05,9.1787763e-05,-1.3459015e-05,-1.3459015e-05,-1.6275404e-05,-1.6275404e-05,-1.3316502e-05,-1.3316502e-05,-1.6275404e-05,-1.6275404e-05,1.6714929e-05,1.6714929e-05,2.0428455e-15,2.0428455e-15,1.0012707e-06,1.0012707e-06,1.0012707e-06,1.0012707e-06,1.4169564e-18,1.4169564e-18,-9.2227288e-05,-9.2227288e-05,-1.6275404e-05,-1.6275404e-05,-9.2227288e-05,-9.2227288e-05,-1.6275404e-05,-1.6275404e-05,2.6972452e-16,2.6972452e-16,-1.255466e-16,-1.255466e-16,-0.00010850269,-0.00010850269,1.4425883e-16,1.4425883e-16,-0.00010850233,-0.00010850233,1.6300276e-16,1.6300276e-16,4.3952495e-07,4.3952495e-07,1.6275404e-05,1.6275404e-05,4.3952495e-07,4.3952495e-07,1.6275404e-05,1.6275404e-05,1.6714929e-05,1.6714929e-05,2.0428129e-15,2.0428129e-15,-9.1787763e-05,-9.1787763e-05,-9.1787763e-05,-9.1787763e-05,-1.6275404e-05,-1.6275404e-05,-1.7379827e-07,-1.7379827e-07,7.4875976e-19,7.4875976e-19,3.3375691e-09,3.3375691e-09,-1.7713584e-07,-1.7713584e-07,-4.9110054e-07,-4.9110054e-07,2.0433796e-15,2.0433796e-15,0.0046207804,0.0046207804,1.2969189e-13,1.2969189e-13,0.0053982139,0.0053982139,6.5355526e-14,6.5355526e-14,-9.1787763e-05,-9.1787763e-05,0.00010850269,0.00010850269,-1.8357553e-05,-1.8357553e-05,4.3750949e-16,4.3750949e-16,6.0597749e-14,6.0597749e-14,-6.0603311e-14,-6.0603311e-14,8.2891829e-20,8.2891829e-20,-8.8960669e-20,-8.8960669e-20,-3.6078328e-10,-3.6078328e-10,2.8594042e-19,2.8594042e-19,2.8610738e-19,2.8610738e-19,8.8523351e-20,8.8523351e-20,1.9595522e-07,1.9595522e-07,3.9365304e-35,3.9365304e-35
-9.0791498e-05,-9.0791498e-05,9.0791498e-05,9.0791498e-05,-3.8428733e-15,-3.8428733e-15,-1.8953625e-15,-1.8953625e-15,9.0791498e-05,9.0791498e-05,-1.3314219e-05,-1.3314219e-05,-1.6100175e-05,-1.6100175e-05,-1.317312e-05,-1.317312e-05,-1.6100175e-05,-1.6100175e-05,1.6543002e-05,1.6543002e-05,2.0431589e-15,2.0431589e-15,9.9049062e-07,9.9049062e-07,9.9049062e-07,9.9049062e-07,1.403241e-18,1.403241e-18,-9.1234325e-05,-9.1234325e-05,-1.6100175e-05,-1.6100175e-05,-9.1234325e-05,-9.1234325e-05,-1.6100175e-05,-1.6100175e-05,2.6988597e-16,2.6988597e-16,-1.2560499e-16,-1.2560499e-16,-0.0001073345,-0.0001073345,1.4436103e-16,1.4436103e-16,-0.00010733416,-0.00010733416,1.6292553e-16,1.6292553e-16,4.4282658e-07,4.4282658e-07,1.6100175e-05,1.6100175e-05,4.4282658e-07,4.4282658e-07,1.6100175e-05,1.6100175e-05,1.6543002e-05,1.6543002e-05,2.0431267e-15,2.0431267e-15,-9.0791498e-05,-9.0791498e-05,-9.0791498e-05,-9.0791498e-05,-1.6100175e-05,-1.6100175e-05,-1.7192709e-07,-1.7192709e-07,7.4140829e-19,7.4140829e-19,3.3016354e-09,3.3016354e-09,-1.7522872e-07,-1.7522872e-07,-4.7777989e-07,-4.7777989e-07,2.0436874e-15,2.0436874e-15,0.0045796285,0.0045796285,1.2971167e-13,1.2971167e-13,0.0053443932,0.0053443932,6.5365633e-14,6.5365633e-14,-9.0791498e-05,-9.0791498e-05,0.0001073345,0.0001073345,-1.81583e-05,-1.81583e-05,4.3759204e-16,4.3759204e-16,6.0610716e-14,6.0610716e-14,-6.0616219e-14,-6.0616219e-14,8.2048633e-20,8.2048633e-20,-8.8287572e-20,-8.8287572e-20,-3.4274412e-10,-3.4274412e-10,2.8146866e-19,2.8146866e-19,2.837301e-19,2.837301e-19,8.7968818e-20,8.7968818e-20,1.9401177e-07,1.9401177e-07,3.8593801e-35,3.8593801e-35
-8.980596e-05,-8.980596e-05,8.980596e-05,8.980596e-05,-3.8442556e-15,-3.8442556e-15,-1.8956049e-15,-1.8956049e-15,8.980596e-05,8.980596e-05,-1.3170982e-05,-1.3170982e-05,-1.5926833e-05,-1.5926833e-05,-1.3031282e-05,-1.3031282e-05,-1.5926833e-05,-1.5926833e-05,1.6372926e-05,1.6372926e-05,2.043469e-15,2.043469e-15,9.7982655e-07,9.7982655e-07,9.7982655e-07,9.7982655e-07,1.3896733e-18,1.3896733e-18,-9.0252053e-05,-9.0252053e-05,-1.5926833e-05,-1.5926833e-05,-9.0252053e-05,-9.0252053e-05,-1.5926833e-05,-1.5926833e-05,2.7004581e-16,2.7004581e-16,-1.2566281e-16,-1.2566281e-16,-0.00010617889,-0.00010617889,1.4446221e-16,1.4446221e-16,-0.00010617856,-0.00010617856,1.628492e-16,1.628492e-16,4.4609267e-07,4.4609267e-07,1.5926833e-05,1.5926833e-05,4.4609267e-07,4.4609267e-07,1.5926833e-05,1.5926833e-05,1.6372926e-05,1.6372926e-05,2.0434372e-15,2.0434372e-15,-8.980596e-05,-8.980596e-05,-8.980596e-05,-8.980596e-05,-1.5926833e-05,-1.5926833e-05,-1.7007604e-07,-1.7007604e-07,7.34136e-19,7.34136e-19,3.2660885e-09,3.2660885e-09,-1.7334213e-07,-1.7334213e-07,-4.6460263e-07,-4.6460263e-07,2.0439922e-15,2.0439922e-15,0.0045389198,0.0045389198,1.2973125e-13,1.2973125e-13,0.0052911519,0.0052911519,6.5375636e-14,6.5375636e-14,-8.980596e-05,-8.980596e-05,0.00010617889,0.00010617889,-1.7961192e-05,-1.7961192e-05,4.3767375e-16,4.3767375e-16,6.0623573e-14,6.0623573e-14,-6.0629018e-14,-6.0629018e-14,8.1214426e-20,8.1214426e-20,-8.7621723e-20,-8.7621723e-20,-3.2560691e-10,-3.2560691e-10,2.7704497e-19,2.7704497e-19,2.8137842e-19,2.8137842e-19,8.7420257e-20,8.7420257e-20,1.920874e-07,1.920874e-07,3.7838119e-35,3.7838119e-35
-8.8831033e-05,-8.8831033e-05,8.8831033e-05,8.8831033e-05,-3.8456244e-15,-3.8456244e-15,-1.8958447e-15,-1.8958447e-15,8.8831033e-05,8.8831033e-05,-1.3029286e-05,-1.3029286e-05,-1.5755357e-05,-1.5755357e-05,-1.2890972e-05,-1.2890972e-05,-1.5755357e-05,-1.5755357e-05,1.6204681e-05,1.6204681e-05,2.0437759e-15,2.0437759e-15,9.692773e-07,9.692773e-07,9.692773e-07,9.692773e-07,1.3762517e-18,1.3762517e-18,-8.9280356e-05,-8.9280356e-05,-1.5755357e-05,-1.5755357e-05,-8.9280356e-05,-8.9280356e-05,-1.5755357e-05,-1.5755357e-05,2.7020408e-16,2.7020408e-16,-1.2572007e-16,-1.2572007e-16,-0.00010503571,-0.00010503571,1.4456237e-16,1.4456237e-16,-0.0001050354,-0.0001050354,1.6277377e-16,1.6277377e-16,4.4932359e-07,4.4932359e-07,1.5755357e-05,1.5755357e-05,4.4932359e-07,4.4932359e-07,1.5755357e-05,1.5755357e-05,1.6204681e-05,1.6204681e-05,2.0437446e-15,2.0437446e-15,-8.8831033e-05,-8.8831033e-05,-8.8831033e-05,-8.8831033e-05,-1.5755357e-05,-1.5755357e-05,-1.6824493e-07,-1.6824493e-07,7.2694202e-19,7.2694202e-19,3.2309243e-09,3.2309243e-09,-1.7147585e-07,-1.7147585e-07,-4.5156722e-07,-4.5156722e-07,2.0442937e-15,2.0442937e-15,0.0044986493,0.0044986493,1.2975063e-13,1.2975063e-13,0.0052384838,0.0052384838,6.5385536e-14,6.5385536e-14,-8.8831033e-05,-8.8831033e-05,0.00010503571,0.00010503571,-1.7766207e-05,-1.7766207e-05,4.3775462e-16,4.3775462e-16,6.0636322e-14,6.0636322e-14,-6.0641709e-14,-6.0641709e-14,8.0389113e-20,8.0389113e-20,-8.6963045e-20,-8.6963045e-20,-3.0932657e-10,-3.0932657e-10,2.7266882e-19,2.7266882e-19,2.7905206e-19,2.7905206e-19,8.6877604e-20,8.6877604e-20,1.9018194e-07,1.9018194e-07,3.7097927e-35,3.7097927e-35
-8.7866602e-05,-8.7866602e-05,8.7866602e-05,8.7866602e-05,-3.8469526e-15,-3.8469526e-15,-1.896082e-15,-1.896082e-15,8.7866602e-05,8.7866602e-05,-1.2889114e-05,-1.2889114e-05,-1.5585727e-05,-1.5585727e-05,-1.2752172e-05,-1.2752172e-05,-1.5585727e-05,-1.5585727e-05,1.6038247e-05,1.6038247e-05,2.0440796e-15,2.0440796e-15,9.5884163e-07,9.5884163e-07,9.5884163e-07,9.5884163e-07,1.3629746e-18,1.3629746e-18,-8.8319122e-05,-8.8319122e-05,-1.5585727e-05,-1.5585727e-05,-8.8319122e-05,-8.8319122e-05,-1.5585727e-05,-1.5585727e-05,2.7036077e-16,2.7036077e-16,-1.2577677e-16,-1.2577677e-16,-0.00010390485,-0.00010390485,1.4466153e-16,1.4466153e-16,-0.00010390456,-0.00010390456,1.6269922e-16,1.6269922e-16,4.5251973e-07,4.5251973e-07,1.5585727e-05,1.5585727e-05,4.5251973e-07,4.5251973e-07,1.5585727e-05,1.5585727e-05,1.6038247e-05,1.6038247e-05,2.0440487e-15,2.0440487e-15,-8.7866602e-05,-8.7866602e-05,-8.7866602e-05,-8.7866602e-05,-1.5585727e-05,-1.5585727e-05,-1.6643353e-07,-1.6643353e-07,7.1982551e-19,7.1982551e-19,3.1961388e-09,3.1961388e-09,-1.6962967e-07,-1.6962967e-07,-4.3867213e-07,-4.3867213e-07,2.0445922e-15,2.0445922e-15,0.0044588124,0.0044588124,1.2976981e-13,1.2976981e-13,0.0051863828,0.0051863828,6.5395335e-14,6.5395335e-14,-8.7866602e-05,-8.7866602e-05,0.00010390485,0.00010390485,-1.757332e-05,-1.757332e-05,4.3783466e-16,4.3783466e-16,6.0648964e-14,6.0648964e-14,-6.0654293e-14,-6.0654293e-14,7.9572599e-20,7.9572599e-20,-8.6311459e-20,-8.6311459e-20,-2.9386024e-10,-2.9386024e-10,2.6833971e-19,2.6833971e-19,2.7675075e-19,2.7675075e-19,8.6340795e-20,8.6340795e-20,1.882952e-07,1.882952e-07,3.63729e-35,3.63729e-35
-8.6912555e-05,-8.6912555e-05,8.6912555e-05,8.6912555e-05,-3.8482672e-15,-3.8482672e-15,-1.8963168e-15,-1.8963168e-15,8.6912555e-05,8.6912555e-05,-1.2750451e-05,-1.2750451e-05,-1.5417924e-05,-1.5417924e-05,-1.2614868e-05,-1.2614868e-05,-1.5417924e-05,-1.5417924e-05,1.5873605e-05,1.5873605e-05,2.0443803e-15,2.0443803e-15,9.485183e-07,9.485183e-07,9.485183e-07,9.485183e-07,1.3498405e-18,1.3498405e-18,-8.7368236e-05,-8.7368236e-05,-1.5417924e-05,-1.5417924e-05,-8.7368236e-05,-8.7368236e-05,-1.5417924e-05,-1.5417924e-05,2.7051592e-16,2.7051592e-16,-1.2583294e-16,-1.2583294e-16,-0.00010278616,-0.00010278616,1.447597e-16,1.447597e-16,-0.00010278588,-0.00010278588,1.6262556e-16,1.6262556e-16,4.5568146e-07,4.5568146e-07,1.5417924e-05,1.5417924e-05,4.5568146e-07,4.5568146e-07,1.5417924e-05,1.5417924e-05,1.5873605e-05,1.5873605e-05,2.0443498e-15,2.0443498e-15,-8.6912555e-05,-8.6912555e-05,-8.6912555e-05,-8.6912555e-05,-1.5417924e-05,-1.5417924e-05,-1.6464163e-07,-1.6464163e-07,7.1278564e-19,7.1278564e-19,3.1617277e-09,3.1617277e-09,-1.6780336e-07,-1.6780336e-07,-4.2591585e-07,-4.2591585e-07,2.0448876e-15,2.0448876e-15,0.0044194045,0.0044194045,1.2978879e-13,1.2978879e-13,0.0051348427,0.0051348427,6.5405034e-14,6.5405034e-14,-8.6912555e-05,-8.6912555e-05,0.00010278616,0.00010278616,-1.7382511e-05,-1.7382511e-05,4.3791389e-16,4.3791389e-16,6.0661499e-14,6.0661499e-14,-6.0666772e-14,-6.0666772e-14,7.8764794e-20,7.8764794e-20,-8.5666889e-20,-8.5666889e-20,-2.7916723e-10,-2.7916723e-10,2.6405713e-19,2.6405713e-19,2.7447423e-19,2.7447423e-19,8.5809767e-20,8.5809767e-20,1.8642701e-07,1.8642701e-07,3.566272e-35,3.566272e-35
-8.5968779e-05,-8.5968779e-05,8.5968779e-05,8.5968779e-05,-3.8496089e-15,-3.8496089e-15,-1.8965492e-15,-1.8965492e-15,8.5968779e-05,8.5968779e-05,-1.261328e-05,-1.261328e-05,-1.5251927e-05,-1.5251927e-05,-1.2479042e-05,-1.2479042e-05,-1.5251927e-05,-1.5251927e-05,1.5710736e-05,1.5710736e-05,2.0446778e-15,2.0446778e-15,9.3830613e-07,9.3830613e-07,9.3830613e-07,9.3830613e-07,1.3368478e-18,1.3368478e-18,-8.6427588e-05,-8.6427588e-05,-1.5251927e-05,-1.5251927e-05,-8.6427588e-05,-8.6427588e-05,-1.5251927e-05,-1.5251927e-05,2.7066954e-16,2.7066954e-16,-1.2588856e-16,-1.2588856e-16,-0.00010167952,-0.00010167952,1.4485688e-16,1.4485688e-16,-0.00010167925,-0.00010167925,1.6255276e-16,1.6255276e-16,4.5880915e-07,4.5880915e-07,1.5251927e-05,1.5251927e-05,4.5880915e-07,4.5880915e-07,1.5251927e-05,1.5251927e-05,1.5710736e-05,1.5710736e-05,2.0446477e-15,2.0446477e-15,-8.5968779e-05,-8.5968779e-05,-8.5968779e-05,-8.5968779e-05,-1.5251927e-05,-1.5251927e-05,-1.6286902e-07,-1.6286902e-07,7.0582158e-19,7.0582158e-19,3.1276871e-09,3.1276871e-09,-1.6599671e-07,-1.6599671e-07,-4.1329688e-07,-4.1329688e-07,2.04518e-15,2.04518e-15,0.0043804208,0.0043804208,1.2980758e-13,1.2980758e-13,0.0050838576,0.0050838576,6.5414633e-14,6.5414633e-14,-8.5968779e-05,-8.5968779e-05,0.00010167952,0.00010167952,-1.7193756e-05,-1.7193756e-05,4.3799231e-16,4.3799231e-16,6.0673929e-14,6.0673929e-14,-6.0679146e-14,-6.0679146e-14,7.7965603e-20,7.7965603e-20,-8.5029261e-20,-8.5029261e-20,-2.6520886e-10,-2.6520886e-10,2.5982059e-19,2.5982059e-19,2.7222221e-19,2.7222221e-19,8.5284459e-20,8.5284459e-20,1.8457718e-07,1.8457718e-07,3.4967078e-35,3.4967078e-35
-8.5035164e-05,-8.5035164e-05,8.5035164e-05,8.5035164e-05,-3.8509099e-15,-3.8509099e-15,-1.8967791e-15,-1.8967791e-15,8.5035164e-05,8.5035164e-05,-1.2477585e-05,-1.2477585e-05,-1.5087718e-05,-1.5087718e-05,-1.234468e-05,-1.234468e-05,-1.5087718e-05,-1.5087718e-05,1.5549621e-05,1.5549621e-05,2.0449723e-15,2.0449723e-15,9.282039e-07,9.282039e-07,9.282039e-07,9.282039e-07,1.323995e-18,1.323995e-18,-8.5497067e-05,-8.5497067e-05,-1.5087718e-05,-1.5087718e-05,-8.5497067e-05,-8.5497067e-05,-1.5087718e-05,-1.5087718e-05,2.7082165e-16,2.7082165e-16,-1.2594364e-16,-1.2594364e-16,-0.00010058479,-0.00010058479,1.449531e-16,1.449531e-16,-0.00010058453,-0.00010058453,1.6248082e-16,1.6248082e-16,4.6190316e-07,4.6190316e-07,1.5087718e-05,1.5087718e-05,4.6190316e-07,4.6190316e-07,1.5087718e-05,1.5087718e-05,1.5549621e-05,1.5549621e-05,2.0449426e-15,2.0449426e-15,-8.5035164e-05,-8.5035164e-05,-8.5035164e-05,-8.5035164e-05,-1.5087718e-05,-1.5087718e-05,-1.611155e-07,-1.611155e-07,6.9893251e-19,6.9893251e-19,3.094013e-09,3.094013e-09,-1.6420951e-07,-1.6420951e-07,-4.0081376e-07,-4.0081376e-07,2.0454694e-15,2.0454694e-15,0.0043418569,0.0043418569,1.2982617e-13,1.2982617e-13,0.0050334213,0.0050334213,6.5424134e-14,6.5424134e-14,-8.5035164e-05,-8.5035164e-05,0.00010058479,0.00010058479,-1.7007033e-05,-1.7007033e-05,4.3806993e-16,4.3806993e-16,6.0686255e-14,6.0686255e-14,-6.0691416e-14,-6.0691416e-14,7.7174938e-20,7.7174938e-20,-8.4398498e-20,-8.4398498e-20,-2.5194842e-10,-2.5194842e-10,2.556296e-19,2.556296e-19,2.6999444e-19,2.6999444e-19,8.4764808e-20,8.4764808e-20,1.8274554e-07,1.8274554e-07,3.4285668e-35,3.4285668e-35
-8.4111601e-05,-8.4111601e-05,8.4111601e-05,8.4111601e-05,-3.8521974e-15,-3.8521974e-15,-1.8970066e-15,-1.8970066e-15,8.4111601e-05,8.4111601e-05,-1.2343351e-05,-1.2343351e-05,-1.4925276e-05,-1.4925276e-05,-1.2211764e-05,-1.2211764e-05,-1.4925276e-05,-1.4925276e-05,1.539024e-05,1.539024e-05,2.0452637e-15,2.0452637e-15,9.1821044e-07,9.1821044e-07,9.1821044e-07,9.1821044e-07,1.3112807e-18,1.3112807e-18,-8.4576565e-05,-8.4576565e-05,-1.4925276e-05,-1.4925276e-05,-8.4576565e-05,-8.4576565e-05,-1.4925276e-05,-1.4925276e-05,2.7097225e-16,2.7097225e-16,-1.259982e-16,-1.259982e-16,-9.9501841e-05,-9.9501841e-05,1.4504835e-16,1.4504835e-16,-9.9501602e-05,-9.9501602e-05,1.6240974e-16,1.6240974e-16,4.6496386e-07,4.6496386e-07,1.4925276e-05,1.4925276e-05,4.6496386e-07,4.6496386e-07,1.4925276e-05,1.4925276e-05,1.539024e-05,1.539024e-05,2.0452345e-15,2.0452345e-15,-8.4111601e-05,-8.4111601e-05,-8.4111601e-05,-8.4111601e-05,-1.4925276e-05,-1.4925276e-05,-1.5938086e-07,-1.5938086e-07,6.9211763e-19,6.9211763e-19,3.0607015e-09,3.0607015e-09,-1.6244156e-07,-1.6244156e-07,-3.8846502e-07,-3.8846502e-07,2.0457558e-15,2.0457558e-15,0.0043037082,0.0043037082,1.2984458e-13,1.2984458e-13,0.0049835281,0.0049835281,6.5433537e-14,6.5433537e-14,-8.4111601e-05,-8.4111601e-05,9.9501841e-05,9.9501841e-05,-1.682232e-05,-1.682232e-05,4.3814675e-16,4.3814675e-16,6.0698479e-14,6.0698479e-14,-6.0703585e-14,-6.0703585e-14,7.6392707e-20,7.6392707e-20,-8.3774528e-20,-8.3774528e-20,-2.39351e-10,-2.39351e-10,2.5148367e-19,2.5148367e-19,2.6779066e-19,2.6779066e-19,8.4250753e-20,8.4250753e-20,1.8093192e-07,1.8093192e-07,3.3618194e-35,3.3618194e-35
-8.3197982e-05,-8.3197982e-05,8.3197982e-05,8.3197982e-05,-3.8534714e-15,-3.8534714e-15,-1.8972317e-15,-1.8972317e-15,8.3197982e-05,8.3197982e-05,-1.221056e-05,-1.221056e-05,-1.4764584e-05,-1.4764584e-05,-1.2080279e-05,-1.2080279e-05,-1.4764584e-05,-1.4764584e-05,1.5232575e-05,1.5232575e-05,2.0455522e-15,2.0455522e-15,9.0832456e-07,9.0832456e-07,9.0832456e-07,9.0832456e-07,1.2987032e-18,1.2987032e-18,-8.3665974e-05,-8.3665974e-05,-1.4764584e-05,-1.4764584e-05,-8.3665974e-05,-8.3665974e-05,-1.4764584e-05,-1.4764584e-05,2.7112138e-16,2.7112138e-16,-1.2605224e-16,-1.2605224e-16,-9.8430557e-05,-9.8430557e-05,1.4514265e-16,1.4514265e-16,-9.843033e-05,-9.843033e-05,1.6233949e-16,1.6233949e-16,4.6799161e-07,4.6799161e-07,1.4764584e-05,1.4764584e-05,4.6799161e-07,4.6799161e-07,1.4764584e-05,1.4764584e-05,1.5232575e-05,1.5232575e-05,2.0455233e-15,2.0455233e-15,-8.3197982e-05,-8.3197982e-05,-8.3197982e-05,-8.3197982e-05,-1.4764584e-05,-1.4764584e-05,-1.5766489e-07,-1.5766489e-07,6.8537614e-19,6.8537614e-19,3.0277485e-09,3.0277485e-09,-1.6069264e-07,-1.6069264e-07,-3.7624921e-07,-3.7624921e-07,2.0460392e-15,2.0460392e-15,0.0042659702,0.0042659702,1.2986279e-13,1.2986279e-13,0.004934172,0.004934172,6.5442845e-14,6.5442845e-14,-8.3197982e-05,-8.3197982e-05,9.8430557e-05,9.8430557e-05,-1.6639596e-05,-1.6639596e-05,4.382228e-16,4.382228e-16,6.0710601e-14,6.0710601e-14,-6.0715652e-14,-6.0715652e-14,7.5618822e-20,7.5618822e-20,-8.3157276e-20,-8.3157276e-20,-2.2738345e-10,-2.2738345e-10,2.4738231e-19,2.4738231e-19,2.6561061e-19,2.6561061e-19,8.3742234e-20,8.3742234e-20,1.7913614e-07,1.7913614e-07,3.2964363e-35,3.2964363e-35
-8.2294199e-05,-8.2294199e-05,8.2294199e-05,8.2294199e-05,-3.8547317e-15,-3.8547317e-15,-1.8974545e-15,-1.8974545e-15,8.2294199e-05,8.2294199e-05,-1.2079198e-05,-1.2079198e-05,-1.4605621e-05,-1.4605621e-05,-1.1950211e-05,-1.1950211e-05,-1.4605621e-05,-1.4605621e-05,1.5076608e-05,1.5076608e-05,2.0458377e-15,2.0458377e-15,8.9854513e-07,8.9854513e-07,8.9854513e-07,8.9854513e-07,1.2862612e-18,1.2862612e-18,-8.2765186e-05,-8.2765186e-05,-1.4605621e-05,-1.4605621e-05,-8.2765186e-05,-8.2765186e-05,-1.4605621e-05,-1.4605621e-05,2.7126904e-16,2.7126904e-16,-1.2610575e-16,-1.2610575e-16,-9.7370807e-05,-9.7370807e-05,1.4523602e-16,1.4523602e-16,-9.7370591e-05,-9.7370591e-05,1.6227007e-16,1.6227007e-16,4.7098676e-07,4.7098676e-07,1.4605621e-05,1.4605621e-05,4.7098676e-07,4.7098676e-07,1.4605621e-05,1.4605621e-05,1.5076608e-05,1.5076608e-05,2.0458092e-15,2.0458092e-15,-8.2294199e-05,-8.2294199e-05,-8.2294199e-05,-8.2294199e-05,-1.4605621e-05,-1.4605621e-05,-1.559674e-07,-1.559674e-07,6.7870724e-19,6.7870724e-19,2.9951504e-09,2.9951504e-09,-1.5896255e-07,-1.5896255e-07,-3.641649e-07,-3.641649e-07,2.0463198e-15,2.0463198e-15,0.0042286385,0.0042286385,1.2988082e-13,1.2988082e-13,0.0048853474,0.0048853474,6.5452057e-14,6.5452057e-14,-8.2294199e-05,-8.2294199e-05,9.7370807e-05,9.7370807e-05,-1.645884e-05,-1.645884e-05,4.3829807e-16,4.3829807e-16,6.0722622e-14,6.0722622e-14,-6.0727619e-14,-6.0727619e-14,7.4853195e-20,7.4853195e-20,-8.2546671e-20,-8.2546671e-20,-2.1601428e-10,-2.1601428e-10,2.4332504e-19,2.4332504e-19,2.6345403e-19,2.6345403e-19,8.3239191e-20,8.3239191e-20,1.7735802e-07,1.7735802e-07,3.232389e-35,3.232389e-35
-8.1400147e-05,-8.1400147e-05,8.1400147e-05,8.1400147e-05,-3.8559786e-15,-3.8559786e-15,-1.897675e-15,-1.897675e-15,8.1400147e-05,8.1400147e-05,-1.194925e-05,-1.194925e-05,-1.444837e-05,-1.444837e-05,-1.1821543e-05,-1.1821543e-05,-1.444837e-05,-1.444837e-05,1.492232e-05,1.492232e-05,2.0461203e-15,2.0461203e-15,8.8887098e-07,8.8887098e-07,8.8887098e-07,8.8887098e-07,1.2739531e-18,1.2739531e-18,-8.1874096e-05,-8.1874096e-05,-1.444837e-05,-1.444837e-05,-8.1874096e-05,-8.1874096e-05,-1.444837e-05,-1.444837e-05,2.7141524e-16,2.7141524e-16,-1.2615876e-16,-1.2615876e-16,-9.6322466e-05,-9.6322466e-05,1.4532845e-16,1.4532845e-16,-9.6322261e-05,-9.6322261e-05,1.6220148e-16,1.6220148e-16,4.7394966e-07,4.7394966e-07,1.444837e-05,1.444837e-05,4.7394966e-07,4.7394966e-07,1.444837e-05,1.444837e-05,1.492232e-05,1.492232e-05,2.0460922e-15,2.0460922e-15,-8.1400147e-05,-8.1400147e-05,-8.1400147e-05,-8.1400147e-05,-1.444837e-05,-1.444837e-05,-1.5428818e-07,-1.5428818e-07,6.7211016e-19,6.7211016e-19,2.9629033e-09,2.9629033e-09,-1.5725109e-07,-1.5725109e-07,-3.5221068e-07,-3.5221068e-07,2.0465975e-15,2.0465975e-15,0.0041917088,0.0041917088,1.2989867e-13,1.2989867e-13,0.0048370484,0.0048370484,6.5461175e-14,6.5461175e-14,-8.1400147e-05,-8.1400147e-05,9.6322466e-05,9.6322466e-05,-1.6280029e-05,-1.6280029e-05,4.3837257e-16,4.3837257e-16,6.0734543e-14,6.0734543e-14,-6.0739487e-14,-6.0739487e-14,7.4095738e-20,7.4095738e-20,-8.1942641e-20,-8.1942641e-20,-2.0521356e-10,-2.0521356e-10,2.3931141e-19,2.3931141e-19,2.6132067e-19,2.6132067e-19,8.2741566e-20,8.2741566e-20,1.755974e-07,1.755974e-07,3.1696497e-35,3.1696497e-35
-8.051572e-05,-8.051572e-05,8.051572e-05,8.051572e-05,-3.8572254e-15,-3.8572254e-15,-1.8978931e-15,-1.8978931e-15,8.051572e-05,8.051572e-05,-1.18207e-05,-1.18207e-05,-1.4292812e-05,-1.4292812e-05,-1.1694261e-05,-1.1694261e-05,-1.4292812e-05,-1.4292812e-05,1.4769693e-05,1.4769693e-05,2.0464e-15,2.0464e-15,8.7930099e-07,8.7930099e-07,8.7930099e-07,8.7930099e-07,1.2617776e-18,1.2617776e-18,-8.0992601e-05,-8.0992601e-05,-1.4292812e-05,-1.4292812e-05,-8.0992601e-05,-8.0992601e-05,-1.4292812e-05,-1.4292812e-05,2.7156002e-16,2.7156002e-16,-1.2621125e-16,-1.2621125e-16,-9.5285413e-05,-9.5285413e-05,1.4541996e-16,1.4541996e-16,-9.5285218e-05,-9.5285218e-05,1.621337e-16,1.621337e-16,4.7688067e-07,4.7688067e-07,1.4292812e-05,1.4292812e-05,4.7688067e-07,4.7688067e-07,1.4292812e-05,1.4292812e-05,1.4769693e-05,1.4769693e-05,2.0463723e-15,2.0463723e-15,-8.051572e-05,-8.051572e-05,-8.051572e-05,-8.051572e-05,-1.4292812e-05,-1.4292812e-05,-1.5262705e-07,-1.5262705e-07,6.6558412e-19,6.6558412e-19,2.9310033e-09,2.9310033e-09,-1.5555805e-07,-1.5555805e-07,-3.4038515e-07,-3.4038515e-07,2.0468723e-15,2.0468723e-15,0.0041551767,0.0041551767,1.2991633e-13,1.2991633e-13,0.0047892694,0.0047892694,6.5470201e-14,6.5470201e-14,-8.051572e-05,-8.051572e-05,9.5285413e-05,9.5285413e-05,-1.6103144e-05,-1.6103144e-05,4.3844631e-16,4.3844631e-16,6.0746366e-14,6.0746366e-14,-6.0751258e-14,-6.0751258e-14,7.3346365e-20,7.3346365e-20,-8.1345115e-20,-8.1345115e-20,-1.9495289e-10,-1.9495289e-10,2.3534094e-19,2.3534094e-19,2.5921029e-19,2.5921029e-19,8.22493e-20,8.22493e-20,1.7385411e-07,1.7385411e-07,3.1081909e-35,3.1081909e-35
-7.9640816e-05,-7.9640816e-05,7.9640816e-05,7.9640816e-05,-3.8584858e-15,-3.8584858e-15,-1.898109e-15,-1.898109e-15,7.9640816e-05,7.9640816e-05,-1.1693533e-05,-1.1693533e-05,-1.4138929e-05,-1.4138929e-05,-1.1568349e-05,-1.1568349e-05,-1.4138929e-05,-1.4138929e-05,1.4618709e-05,1.4618709e-05,2.0466768e-15,2.0466768e-15,8.6983403e-07,8.6983403e-07,8.6983403e-07,8.6983403e-07,1.2497332e-18,1.2497332e-18,-8.0120596e-05,-8.0120596e-05,-1.4138929e-05,-1.4138929e-05,-8.0120596e-05,-8.0120596e-05,-1.4138929e-05,-1.4138929e-05,2.7170337e-16,2.7170337e-16,-1.2626325e-16,-1.2626325e-16,-9.4259524e-05,-9.4259524e-05,1.4551057e-16,1.4551057e-16,-9.4259339e-05,-9.4259339e-05,1.6206673e-16,1.6206673e-16,4.7978011e-07,4.7978011e-07,1.4138929e-05,1.4138929e-05,4.7978011e-07,4.7978011e-07,1.4138929e-05,1.4138929e-05,1.4618709e-05,1.4618709e-05,2.0466495e-15,2.0466495e-15,-7.9640816e-05,-7.9640816e-05,-7.9640816e-05,-7.9640816e-05,-1.4138929e-05,-1.4138929e-05,-1.5098379e-07,-1.5098379e-07,6.5912836e-19,6.5912836e-19,2.8994468e-09,2.8994468e-09,-1.5388324e-07,-1.5388324e-07,-3.2868692e-07,-3.2868692e-07,2.0471443e-15,2.0471443e-15,0.0041190379,0.0041190379,1.2993381e-13,1.2993381e-13,0.0047420049,0.0047420049,6.5479134e-14,6.5479134e-14,-7.9640816e-05,-7.9640816e-05,9.4259524e-05,9.4259524e-05,-1.5928163e-05,-1.5928163e-05,4.3851931e-16,4.3851931e-16,6.0758092e-14,6.0758092e-14,-6.0762931e-14,-6.0762931e-14,7.260499e-20,7.260499e-20,-8.0754023e-20,-8.0754023e-20,-1.8520524e-10,-1.8520524e-10,2.3141316e-19,2.3141316e-19,2.5712262e-19,2.5712262e-19,8.1762335e-20,8.1762335e-20,1.7212798e-07,1.7212798e-07,3.047986e-35,3.047986e-35
-7.8775331e-05,-7.8775331e-05,7.8775331e-05,7.8775331e-05,-3.8596649e-15,-3.8596649e-15,-1.8983227e-15,-1.8983227e-15,7.8775331e-05,7.8775331e-05,-1.1567734e-05,-1.1567734e-05,-1.3986702e-05,-1.3986702e-05,-1.1443793e-05,-1.1443793e-05,-1.3986702e-05,-1.3986702e-05,1.4469351e-05,1.4469351e-05,2.0469507e-15,2.0469507e-15,8.6046899e-07,8.6046899e-07,8.6046899e-07,8.6046899e-07,1.2378185e-18,1.2378185e-18,-7.9257979e-05,-7.9257979e-05,-1.3986702e-05,-1.3986702e-05,-7.9257979e-05,-7.9257979e-05,-1.3986702e-05,-1.3986702e-05,2.7184532e-16,2.7184532e-16,-1.2631475e-16,-1.2631475e-16,-9.3244681e-05,-9.3244681e-05,1.4560027e-16,1.4560027e-16,-9.3244505e-05,-9.3244505e-05,1.6200055e-16,1.6200055e-16,4.8264834e-07,4.8264834e-07,1.3986702e-05,1.3986702e-05,4.8264834e-07,4.8264834e-07,1.3986702e-05,1.3986702e-05,1.4469351e-05,1.4469351e-05,2.0469238e-15,2.0469238e-15,-7.8775331e-05,-7.8775331e-05,-7.8775331e-05,-7.8775331e-05,-1.3986702e-05,-1.3986702e-05,-1.4935823e-07,-1.4935823e-07,6.5274211e-19,6.5274211e-19,2.86823e-09,2.86823e-09,-1.5222646e-07,-1.5222646e-07,-3.1711463e-07,-3.1711463e-07,2.0474136e-15,2.0474136e-15,0.0040832882,0.0040832882,1.2995112e-13,1.2995112e-13,0.0046952492,0.0046952492,6.5487976e-14,6.5487976e-14,-7.8775331e-05,-7.8775331e-05,9.3244681e-05,9.3244681e-05,-1.5755066e-05,-1.5755066e-05,4.3859156e-16,4.3859156e-16,6.0769721e-14,6.0769721e-14,-6.0774509e-14,-6.0774509e-14,7.187153e-20,7.187153e-20,-8.0169296e-20,-8.0169296e-20,-1.7594498e-10,-1.7594498e-10,2.2752762e-19,2.2752762e-19,2.5505744e-19,2.5505744e-19,8.1280613e-20,8.1280613e-20,1.7041885e-07,1.7041885e-07,2.9890087e-35,2.9890087e-35
-7.7919164e-05,-7.7919164e-05,7.7919164e-05,7.7919164e-05,-3.860871e-15,-3.860871e-15,-1.898534e-15,-1.898534e-15,7.7919164e-05,7.7919164e-05,-1.1443289e-05,-1.1443289e-05,-1.3836115e-05,-1.3836115e-05,-1.1320579e-05,-1.1320579e-05,-1.3836115e-05,-1.3836115e-05,1.43216e-05,1.43216e-05,2.0472219e-15,2.0472219e-15,8.5120479e-07,8.5120479e-07,8.5120479e-07,8.5120479e-07,1.2260321e-18,1.2260321e-18,-7.840465e-05,-7.840465e-05,-1.3836115e-05,-1.3836115e-05,-7.840465e-05,-7.840465e-05,-1.3836115e-05,-1.3836115e-05,2.7198588e-16,2.7198588e-16,-1.2636576e-16,-1.2636576e-16,-9.2240764e-05,-9.2240764e-05,1.4568908e-16,1.4568908e-16,-9.2240597e-05,-9.2240597e-05,1.6193516e-16,1.6193516e-16,4.8548569e-07,4.8548569e-07,1.3836115e-05,1.3836115e-05,4.8548569e-07,4.8548569e-07,1.3836115e-05,1.3836115e-05,1.43216e-05,1.43216e-05,2.0471954e-15,2.0471954e-15,-7.7919164e-05,-7.7919164e-05,-7.7919164e-05,-7.7919164e-05,-1.3836115e-05,-1.3836115e-05,-1.4775017e-07,-1.4775017e-07,6.4642463e-19,6.4642463e-19,2.8373493e-09,2.8373493e-09,-1.5058752e-07,-1.5058752e-07,-3.0566691e-07,-3.0566691e-07,2.0476801e-15,2.0476801e-15,0.0040479234,0.0040479234,1.2996824e-13,1.2996824e-13,0.0046489969,0.0046489969,6.5496727e-14,6.5496727e-14,-7.7919164e-05,-7.7919164e-05,9.2240764e-05,9.2240764e-05,-1.5583833e-05,-1.5583833e-05,4.3866308e-16,4.3866308e-16,6.0781255e-14,6.0781255e-14,-6.0785992e-14,-6.0785992e-14,7.1145901e-20,7.1145901e-20,-7.9590865e-20,-7.9590865e-20,-1.6714773e-10,-1.6714773e-10,2.2368387e-19,2.2368387e-19,2.5301449e-19,2.5301449e-19,8.080408e-20,8.080408e-20,1.6872655e-07,1.6872655e-07,2.9312335e-35,2.9312335e-35
-7.7072215e-05,-7.7072215e-05,7.7072215e-05,7.7072215e-05,-3.8620908e-15,-3.8620908e-15,-1.8987432e-15,-1.8987432e-15,7.7072215e-05,7.7072215e-05,-1.1320183e-05,-1.1320183e-05,-1.3687148e-05,-1.3687148e-05,-1.1198691e-05,-1.1198691e-05,-1.3687148e-05,-1.3687148e-05,1.4175441e-05,1.4175441e-05,2.0474903e-15,2.0474903e-15,8.4204032e-07,8.4204032e-07,8.4204032e-07,8.4204032e-07,1.2143727e-18,1.2143727e-18,-7.7560508e-05,-7.7560508e-05,-1.3687148e-05,-1.3687148e-05,-7.7560508e-05,-7.7560508e-05,-1.3687148e-05,-1.3687148e-05,2.7212507e-16,2.7212507e-16,-1.2641628e-16,-1.2641628e-16,-9.1247656e-05,-9.1247656e-05,1.4577702e-16,1.4577702e-16,-9.1247497e-05,-9.1247497e-05,1.6187055e-16,1.6187055e-16,4.8829249e-07,4.8829249e-07,1.3687148e-05,1.3687148e-05,4.8829249e-07,4.8829249e-07,1.3687148e-05,1.3687148e-05,1.4175441e-05,1.4175441e-05,2.0474641e-15,2.0474641e-15,-7.7072215e-05,-7.7072215e-05,-7.7072215e-05,-7.7072215e-05,-1.3687148e-05,-1.3687148e-05,-1.4615943e-07,-1.4615943e-07,6.4017519e-19,6.4017519e-19,2.8068011e-09,2.8068011e-09,-1.4896623e-07,-1.4896623e-07,-2.9434244e-07,-2.9434244e-07,2.0479439e-15,2.0479439e-15,0.0040129394,0.0040129394,1.2998519e-13,1.2998519e-13,0.0046032425,0.0046032425,6.550539e-14,6.550539e-14,-7.7072215e-05,-7.7072215e-05,9.1247656e-05,9.1247656e-05,-1.5414443e-05,-1.5414443e-05,4.3873388e-16,4.3873388e-16,6.0792695e-14,6.0792695e-14,-6.0797381e-14,-6.0797381e-14,7.0428019e-20,7.0428019e-20,-7.9018662e-20,-7.9018662e-20,-1.5879034e-10,-1.5879034e-10,2.1988146e-19,2.1988146e-19,2.5099354e-19,2.5099354e-19,8.0332677e-20,8.0332677e-20,1.6705091e-07,1.6705091e-07,2.8746352e-35,2.8746352e-35
-7.6234385e-05,-7.6234385e-05,7.6234385e-05,7.6234385e-05,-3.8632563e-15,-3.8632563e-15,-1.8989502e-15,-1.8989502e-15,7.6234385e-05,7.6234385e-05,-1.1198401e-05,-1.1198401e-05,-1.3539786e-05,-1.3539786e-05,-1.1078116e-05,-1.1078116e-05,-1.3539786e-05,-1.3539786e-05,1.4030855e-05,1.4030855e-05,2.047756e-15,2.047756e-15,8.3297453e-07,8.3297453e-07,8.3297453e-07,8.3297453e-07,1.2028387e-18,1.2028387e-18,-7.6725454e-05,-7.6725454e-05,-1.3539786e-05,-1.3539786e-05,-7.6725454e-05,-7.6725454e-05,-1.3539786e-05,-1.3539786e-05,2.7226289e-16,2.7226289e-16,-1.2646633e-16,-1.2646633e-16,-9.026524e-05,-9.026524e-05,1.4586408e-16,1.4586408e-16,-9.0265089e-05,-9.0265089e-05,1.6180671e-16,1.6180671e-16,4.9106908e-07,4.9106908e-07,1.3539786e-05,1.3539786e-05,4.9106908e-07,4.9106908e-07,1.3539786e-05,1.3539786e-05,1.4030855e-05,1.4030855e-05,2.0477301e-15,2.0477301e-15,-7.6234385e-05,-7.6234385e-05,-7.6234385e-05,-7.6234385e-05,-1.3539786e-05,-1.3539786e-05,-1.4458581e-07,-1.4458581e-07,6.3399304e-19,6.3399304e-19,2.7765818e-09,2.7765818e-09,-1.4736239e-07,-1.4736239e-07,-2.8313987e-07,-2.8313987e-07,2.0482049e-15,2.0482049e-15,0.003978332,0.003978332,1.3000197e-13,1.3000197e-13,0.0045579808,0.0045579808,6.5513965e-14,6.5513965e-14,-7.6234385e-05,-7.6234385e-05,9.026524e-05,9.026524e-05,-1.5246877e-05,-1.5246877e-05,4.3880396e-16,4.3880396e-16,6.0804042e-14,6.0804042e-14,-6.0808677e-14,-6.0808677e-14,6.9717804e-20,6.9717804e-20,-7.845262e-20,-7.845262e-20,-1.5085083e-10,-1.5085083e-10,2.1611995e-19,2.1611995e-19,2.4899435e-19,2.4899435e-19,7.9866352e-20,7.9866352e-20,1.6539179e-07,1.6539179e-07,2.8191892e-35,2.8191892e-35
-7.5405575e-05,-7.5405575e-05,7.5405575e-05,7.5405575e-05,-3.8644083e-15,-3.8644083e-15,-1.8991551e-15,-1.8991551e-15,7.5405575e-05,7.5405575e-05,-1.107793e-05,-1.107793e-05,-1.339401e-05,-1.339401e-05,-1.095884e-05,-1.095884e-05,-1.339401e-05,-1.339401e-05,1.3887826e-05,1.3887826e-05,2.0480189e-15,2.0480189e-15,8.2400634e-07,8.2400634e-07,8.2400634e-07,8.2400634e-07,1.191429e-18,1.191429e-18,-7.5899391e-05,-7.5899391e-05,-1.339401e-05,-1.339401e-05,-7.5899391e-05,-7.5899391e-05,-1.339401e-05,-1.339401e-05,2.7239937e-16,2.7239937e-16,-1.265159e-16,-1.265159e-16,-8.9293401e-05,-8.9293401e-05,1.4595027e-16,1.4595027e-16,-8.9293258e-05,-8.9293258e-05,1.6174364e-16,1.6174364e-16,4.9381576e-07,4.9381576e-07,1.339401e-05,1.339401e-05,4.9381576e-07,4.9381576e-07,1.339401e-05,1.339401e-05,1.3887826e-05,1.3887826e-05,2.0479935e-15,2.0479935e-15,-7.5405575e-05,-7.5405575e-05,-7.5405575e-05,-7.5405575e-05,-1.339401e-05,-1.339401e-05,-1.4302913e-07,-1.4302913e-07,6.2787746e-19,6.2787746e-19,2.7466878e-09,2.7466878e-09,-1.4577582e-07,-1.4577582e-07,-2.7205791e-07,-2.7205791e-07,2.0484633e-15,2.0484633e-15,0.0039440973,0.0039440973,1.3001858e-13,1.3001858e-13,0.0045132064,0.0045132064,6.5522452e-14,6.5522452e-14,-7.5405575e-05,-7.5405575e-05,8.9293401e-05,8.9293401e-05,-1.5081115e-05,-1.5081115e-05,4.3887332e-16,4.3887332e-16,6.0815296e-14,6.0815296e-14,-6.0819882e-14,-6.0819882e-14,6.9015173e-20,6.9015173e-20,-7.7892673e-20,-7.7892673e-20,-1.4330829e-10,-1.4330829e-10,2.123989e-19,2.123989e-19,2.4701668e-19,2.4701668e-19,7.9405047e-20,7.9405047e-20,1.6374901e-07,1.6374901e-07,2.7648716e-35,2.7648716e-35
-7.4585689e-05,-7.4585689e-05,7.4585689e-05,7.4585689e-05,-3.8656009e-15,-3.8656009e-15,-1.8993578e-15,-1.8993578e-15,7.4585689e-05,7.4585689e-05,-1.0958755e-05,-1.0958755e-05,-1.3249804e-05,-1.3249804e-05,-1.0840848e-05,-1.0840848e-05,-1.3249804e-05,-1.3249804e-05,1.3746337e-05,1.3746337e-05,2.0482792e-15,2.0482792e-15,8.151347e-07,8.151347e-07,8.151347e-07,8.151347e-07,1.1801421e-18,1.1801421e-18,-7.5082222e-05,-7.5082222e-05,-1.3249804e-05,-1.3249804e-05,-7.5082222e-05,-7.5082222e-05,-1.3249804e-05,-1.3249804e-05,2.7253453e-16,2.7253453e-16,-1.26565e-16,-1.26565e-16,-8.8332026e-05,-8.8332026e-05,1.4603562e-16,1.4603562e-16,-8.833189e-05,-8.833189e-05,1.6168131e-16,1.6168131e-16,4.9653288e-07,4.9653288e-07,1.3249804e-05,1.3249804e-05,4.9653288e-07,4.9653288e-07,1.3249804e-05,1.3249804e-05,1.3746337e-05,1.3746337e-05,2.0482541e-15,2.0482541e-15,-7.4585689e-05,-7.4585689e-05,-7.4585689e-05,-7.4585689e-05,-1.3249804e-05,-1.3249804e-05,-1.4148921e-07,-1.4148921e-07,6.2182773e-19,6.2182773e-19,2.7171157e-09,2.7171157e-09,-1.4420633e-07,-1.4420633e-07,-2.6109524e-07,-2.6109524e-07,2.0487191e-15,2.0487191e-15,0.0039102311,0.0039102311,1.3003502e-13,1.3003502e-13,0.0044689141,0.0044689141,6.5530853e-14,6.5530853e-14,-7.4585689e-05,-7.4585689e-05,8.8332026e-05,8.8332026e-05,-1.4917138e-05,-1.4917138e-05,4.3894198e-16,4.3894198e-16,6.0826459e-14,6.0826459e-14,-6.0830996e-14,-6.0830996e-14,6.8320046e-20,6.8320046e-20,-7.7338756e-20,-7.7338756e-20,-1.3614287e-10,-1.3614287e-10,2.0871787e-19,2.0871787e-19,2.4506031e-19,2.4506031e-19,7.8948711e-20,7.8948711e-20,1.6212242e-07,1.6212242e-07,2.7116587e-35,2.7116587e-35
-7.377463e-05,-7.377463e-05,7.377463e-05,7.377463e-05,-3.8667257e-15,-3.8667257e-15,-1.8995584e-15,-1.8995584e-15,7.377463e-05,7.377463e-05,-1.0840862e-05,-1.0840862e-05,-1.310715e-05,-1.310715e-05,-1.0724126e-05,-1.0724126e-05,-1.310715e-05,-1.310715e-05,1.3606371e-05,1.3606371e-05,2.0485368e-15,2.0485368e-15,8.0635858e-07,8.0635858e-07,8.0635858e-07,8.0635858e-07,1.1689768e-18,1.1689768e-18,-7.4273851e-05,-7.4273851e-05,-1.310715e-05,-1.310715e-05,-7.4273851e-05,-7.4273851e-05,-1.310715e-05,-1.310715e-05,2.7266836e-16,2.7266836e-16,-1.2661364e-16,-1.2661364e-16,-8.7381001e-05,-8.7381001e-05,1.4612012e-16,1.4612012e-16,-8.7380872e-05,-8.7380872e-05,1.6161974e-16,1.6161974e-16,4.9922074e-07,4.9922074e-07,1.310715e-05,1.310715e-05,4.9922074e-07,4.9922074e-07,1.310715e-05,1.310715e-05,1.3606371e-05,1.3606371e-05,2.048512e-15,2.048512e-15,-7.377463e-05,-7.377463e-05,-7.377463e-05,-7.377463e-05,-1.310715e-05,-1.310715e-05,-1.3996587e-07,-1.3996587e-07,6.1584316e-19,6.1584316e-19,2.6878619e-09,2.6878619e-09,-1.4265374e-07,-1.4265374e-07,-2.502506e-07,-2.502506e-07,2.0489723e-15,2.0489723e-15,0.0038767296,0.0038767296,1.3005129e-13,1.3005129e-13,0.0044250986,0.0044250986,6.5539168e-14,6.5539168e-14,-7.377463e-05,-7.377463e-05,8.7381001e-05,8.7381001e-05,-1.4754926e-05,-1.4754926e-05,4.3900995e-16,4.3900995e-16,6.0837531e-14,6.0837531e-14,-6.084202e-14,-6.084202e-14,6.7632345e-20,6.7632345e-20,-7.6790803e-20,-7.6790803e-20,-1.2933573e-10,-1.2933573e-10,2.0507644e-19,2.0507644e-19,2.43125e-19,2.43125e-19,7.8497288e-20,7.8497288e-20,1.6051186e-07,1.6051186e-07,2.6595277e-35,2.6595277e-35
