e_slash_star_pie,e_slash_star_lin,lambda_H_pie,lambda_H_lin,lambda_H_slash_star_pie,lambda_H_slash_star_lin,lambda_F_slash_star_pie,lambda_F_slash_star_lin,lambda_F_pie,lambda_F_lin,utility_H_with_delta_pie,utility_H_with_delta_lin,utility_F_with_delta_pie,utility_F_with_delta_lin,utility_H_without_delta_pie,utility_H_without_delta_lin,utility_F_without_delta_pie,utility_F_without_delta_lin,gamma_H_pie,gamma_H_lin,chi_H_pie,chi_H_lin,p_H_pie,p_H_lin,p_F_star_pie,p_F_star_lin,i_H_notional_pie,i_H_notional_lin,i_H_pie,i_H_lin,i_F_pie,i_F_lin,c_H_W_pie,c_H_W_lin,c_F_W_pie,c_F_W_lin,c_H_H_pie,c_H_H_lin,c_F_H_pie,c_F_H_lin,c_H_F_pie,c_H_F_lin,c_F_F_pie,c_F_F_lin,y_H_pie,y_H_lin,y_F_pie,y_F_lin,l_H_pie,l_H_lin,l_F_pie,l_F_lin,p_H_W_pie,p_H_W_lin,p_F_W_star_pie,p_F_W_star_lin,p_H_W_bar_pie,p_H_W_bar_lin,p_F_W_star_bar_pie,p_F_W_star_bar_lin,p_H_bar_pie,p_H_bar_lin,p_F_star_bar_pie,p_F_star_bar_lin,p_H_bar_y_H_pie,p_H_bar_y_H_lin,p_H_W_c_H_W_pie,p_H_W_c_H_W_lin,p_H_W_slash_p_H_pie,p_H_W_slash_p_H_lin,pi_H_pie,pi_H_lin,pi_F_star_pie,pi_F_star_lin,pi_H_W_pie,pi_H_W_lin,pi_F_W_star_pie,pi_F_W_star_lin,p_H_tilde_pie,p_H_tilde_lin,p_F_star_tilde_pie,p_F_star_tilde_lin,v_H_pie,v_H_lin,v_F_pie,v_F_lin,w_H_pie,w_H_lin,w_F_pie,w_F_lin,p_F_bar_pie,p_F_bar_lin,p_H_star_bar_pie,p_H_star_bar_lin,t_H_pie,t_H_lin,t_F_pie,t_F_lin,b_H_pie,b_H_lin,b_F_star_pie,b_F_star_lin,beta_H_pie,beta_H_lin,beta_F_pie,beta_F_lin,a_H_pie,a_H_lin,a_F_pie,a_F_lin,tau_H_pie,tau_H_lin,tau_F_pie,tau_F_lin,Delta_H_pie,Delta_H_lin,Delta_F_pie,Delta_F_lin
-0.00021773295,-0.00021773295,0.00021773295,0.00021773295,-2.6315755e-15,-2.6315755e-15,2.4982682e-16,2.4982682e-16,0.00021773295,0.00021773295,-0.072759294,-0.072759294,-3.8422751e-05,-3.8422751e-05,-0.07275871,-0.07275871,-3.8422751e-05,-3.8422751e-05,6.1730112e-18,6.1730112e-18,1.1179842e-17,1.1179842e-17,3.8418722e-05,3.8418722e-05,-3.5760094e-17,-3.5760094e-17,-0.00020547616,-0.00020547616,-0.00020547616,-0.00020547616,-2.4179348e-17,-2.4179348e-17,-0.00021772892,-0.00021772892,-3.8422751e-05,-3.8422751e-05,-0.00021772892,-0.00021772892,-3.8422751e-05,-3.8422751e-05,3.8399932e-16,3.8399932e-16,-1.8967299e-16,-1.8967299e-16,-0.00025615168,-0.00025615168,2.0205153e-16,2.0205153e-16,0.099743848,0.099743848,2.3561755e-16,2.3561755e-16,-4.0289444e-09,-4.0289444e-09,3.8422751e-05,3.8422751e-05,-4.0289444e-09,-4.0289444e-09,3.8422751e-05,3.8422751e-05,3.8418722e-05,3.8418722e-05,-2.0583574e-17,-2.0583574e-17,-0.00021773295,-0.00021773295,-0.00021773295,-0.00021773295,-3.8422751e-05,-3.8422751e-05,3.8418722e-05,3.8418722e-05,-1.8553419e-17,-1.8553419e-17,-4.0289444e-09,-4.0289444e-09,3.8422751e-05,3.8422751e-05,0.0038418722,0.0038418722,-8.8578057e-17,-8.8578057e-17,2.4138366,2.4138366,-7.6711523e-15,-7.6711523e-15,0.18819862,0.18819862,-5.0765828e-15,-5.0765828e-15,-0.00021773295,-0.00021773295,0.00025615168,0.00025615168,-4.3546591e-05,-4.3546591e-05,3.3274404e-17,3.3274404e-17,-5.0288147e-16,-5.0288147e-16,5.0299098e-16,5.0299098e-16,1.7432401e-19,1.7432401e-19,-4.421351e-21,-4.421351e-21,-0.1,-0.1,0,0,0,0,0,0,8.0368104e-07,8.0368104e-07,5.6797841e-33,5.6797841e-33
-0.00042218173,-0.00042218173,0.00042218173,0.00042218173,-9.4656271e-16,-9.4656271e-16,2.805141e-16,2.805141e-16,0.00042218173,0.00042218173,-0.069152961,-0.069152961,-7.4503385e-05,-7.4503385e-05,-0.069151866,-0.069151866,-7.4503385e-05,-7.4503385e-05,-4.0288385e-09,-4.0288385e-09,3.4587276e-18,3.4587276e-18,7.4507501e-05,7.4507501e-05,-1.68425e-15,-1.68425e-15,-0.00019300118,-0.00019300118,-0.00019300165,-0.00019300165,-8.9048212e-16,-8.9048212e-16,-0.00042218585,-0.00042218585,-7.4503385e-05,-7.4503385e-05,-0.00042218585,-0.00042218585,-7.4503385e-05,-7.4503385e-05,8.7492704e-15,8.7492704e-15,6.6394635e-15,6.6394635e-15,-0.00049668924,-0.00049668924,1.768098e-14,1.768098e-14,0.094503311,0.094503311,1.4554709e-14,1.4554709e-14,4.1153556e-09,4.1153556e-09,7.4503385e-05,7.4503385e-05,4.1147096e-09,4.1147096e-09,7.4503386e-05,7.4503386e-05,7.4507501e-05,7.4507501e-05,-7.6304716e-17,-7.6304716e-17,-0.00042218174,-0.00042218174,-0.00042218173,-0.00042218173,-7.4503386e-05,-7.4503386e-05,3.6088778e-05,3.6088778e-05,-3.972186e-16,-3.972186e-16,8.143654e-09,8.143654e-09,3.6080634e-05,3.6080634e-05,0.0036472965,0.0036472965,-1.1696634e-16,-1.1696634e-16,2.3025633,2.3025633,-9.9656423e-15,-9.9656423e-15,0.19074288,0.19074288,-6.7535966e-15,-6.7535966e-15,-0.00042218173,-0.00042218173,0.00049668924,0.00049668924,-8.4436347e-05,-8.4436347e-05,3.1381311e-15,3.1381311e-15,-9.0075607e-16,-9.0075607e-16,9.0113651e-16,9.0113651e-16,-3.7119568e-19,-3.7119568e-19,4.7670933e-18,4.7670933e-18,-0.095,-0.095,-1.7981853e-18,-1.7981853e-18,1.023703e-17,1.023703e-17,-6.120561e-17,-6.120561e-17,1.504801e-06,1.504801e-06,2.607673e-30,2.607673e-30
-0.00061421884,-0.00061421884,0.00061421884,0.00061421884,-8.8178163e-16,-8.8178163e-16,3.4771437e-16,3.4771437e-16,0.00061421884,0.00061421884,-0.065726585,-0.065726585,-0.0001083909,-0.0001083909,-0.065725047,-0.065725047,-0.0001083909,-0.0001083909,8.661896e-11,8.661896e-11,-3.1601881e-18,-3.1601881e-18,0.00010838719,0.00010838719,-1.6662212e-15,-1.6662212e-15,-0.00018097091,-0.00018097091,-0.00018097135,-0.00018097135,-8.5340215e-16,-8.5340215e-16,-0.00061421512,-0.00061421512,-0.0001083909,-0.0001083909,-0.00061421512,-0.00061421512,-0.0001083909,-0.0001083909,8.3434685e-15,8.3434685e-15,6.3165785e-15,6.3165785e-15,-0.00072260602,-0.00072260602,1.6848465e-14,1.6848465e-14,0.089527394,0.089527394,1.1508264e-14,1.1508264e-14,-3.7182818e-09,-3.7182818e-09,0.0001083909,0.0001083909,-3.7188955e-09,-3.7188955e-09,0.0001083909,0.0001083909,0.00010838718,0.00010838718,-1.3439232e-16,-1.3439232e-16,-0.00061421884,-0.00061421884,-0.00061421884,-0.00061421884,-0.0001083909,-0.0001083909,3.3879684e-05,3.3879684e-05,-3.824614e-16,-3.824614e-16,-7.8336051e-09,-7.8336051e-09,3.3887518e-05,3.3887518e-05,0.0034624759,0.0034624759,-1.8753031e-16,-1.8753031e-16,2.1967532,2.1967532,-1.390447e-14,-1.390447e-14,0.19303266,0.19303266,-8.4074014e-15,-8.4074014e-15,-0.00061421884,-0.00061421884,0.00072260602,0.00072260602,-0.00012284377,-0.00012284377,2.9225388e-15,2.9225388e-15,-1.2904673e-15,-1.2904673e-15,1.2912604e-15,1.2912604e-15,-8.8269282e-19,-8.8269282e-19,8.746516e-18,8.746516e-18,-0.09025,-0.09025,-3.5188742e-18,-3.5188742e-18,1.9235489e-17,1.9235489e-17,-1.1390129e-16,-1.1390129e-16,2.114748e-06,2.114748e-06,4.3693207e-30,4.3693207e-30
-0.00079428577,-0.00079428577,0.00079428577,0.00079428577,-8.1174217e-16,-8.1174217e-16,4.1443478e-16,4.1443478e-16,0.00079428577,0.00079428577,-0.062471152,-0.062471152,-0.00014016875,-0.00014016875,-0.062469229,-0.062469229,-0.00014016875,-0.00014016875,-3.6315646e-09,-3.6315646e-09,-8.803629e-18,-8.803629e-18,0.00014017254,0.00014017254,-1.6535878e-15,-1.6535878e-15,-0.00016976281,-0.00016976281,-0.00016976323,-0.00016976323,-8.173153e-16,-8.173153e-16,-0.00079428957,-0.00079428957,-0.00014016875,-0.00014016875,-0.00079428957,-0.00079428957,-0.00014016875,-0.00014016875,7.9571055e-15,7.9571055e-15,6.0109863e-15,6.0109863e-15,-0.00093445831,-0.00093445831,1.6057762e-14,1.6057762e-14,0.084803042,0.084803042,9.2051404e-15,9.2051404e-15,3.7920405e-09,3.7920405e-09,0.00014016875,0.00014016875,3.7914575e-09,3.7914575e-09,0.00014016875,0.00014016875,0.00014017254,0.00014017254,-1.9415211e-16,-1.9415211e-16,-0.00079428577,-0.00079428577,-0.00079428577,-0.00079428577,-0.00014016875,-0.00014016875,3.1785354e-05,3.1785354e-05,-3.6786647e-16,-3.6786647e-16,7.510353e-09,7.510353e-09,3.1777844e-05,3.1777844e-05,0.0032869226,0.0032869226,-2.5742513e-16,-2.5742513e-16,2.0961346,2.0961346,-1.7861438e-14,-1.7861438e-14,0.19508203,0.19508203,-1.0106925e-14,-1.0106925e-14,-0.00079428577,-0.00079428577,0.00093445831,0.00093445831,-0.00015885715,-0.00015885715,2.7217764e-15,2.7217764e-15,-1.6715478e-15,-1.6715478e-15,1.6728765e-15,1.6728765e-15,-1.3619641e-18,-1.3619641e-18,1.2029616e-17,1.2029616e-17,-0.0857375,-0.0857375,-5.1642315e-18,-5.1642315e-18,2.7126814e-17,2.7126814e-17,-1.5905035e-16,-1.5905035e-16,2.6437137e-06,2.6437137e-06,5.5098652e-30,5.5098652e-30
-0.00096320061,-0.00096320061,0.00096320061,0.00096320061,-7.3769116e-16,-7.3769116e-16,4.8036141e-16,4.8036141e-16,0.00096320061,0.00096320061,-0.059378145,-0.059378145,-0.00016997597,-0.00016997597,-0.059375889,-0.059375889,-0.00016997597,-0.00016997597,1.6057059e-10,1.6057059e-10,-1.3584821e-17,-1.3584821e-17,0.00016997254,0.00016997254,-1.6456384e-15,-1.6456384e-15,-0.00015895055,-0.00015895055,-0.00015895095,-0.00015895095,-7.8226323e-16,-7.8226323e-16,-0.00096319718,-0.00096319718,-0.00016997597,-0.00016997597,-0.00096319718,-0.00096319718,-0.00016997597,-0.00016997597,7.5892661e-15,7.5892661e-15,5.7217175e-15,5.7217175e-15,-0.0011331731,-0.0011331731,1.5306727e-14,1.5306727e-14,0.080317452,0.080317452,7.4604368e-15,7.4604368e-15,-3.431514e-09,-3.431514e-09,0.00016997597,0.00016997597,-3.4320679e-09,-3.4320679e-09,0.00016997597,0.00016997597,0.00016997254,0.00016997254,-2.5498544e-16,-2.5498544e-16,-0.00096320061,-0.00096320061,-0.00096320061,-0.00096320061,-0.00016997597,-0.00016997597,2.9800002e-05,2.9800002e-05,-3.5348693e-16,-3.5348693e-16,-7.2235253e-09,-7.2235253e-09,2.9807225e-05,2.9807225e-05,0.0031201727,0.0031201727,-3.2635142e-16,-3.2635142e-16,2.0004487,2.0004487,-2.1811275e-14,-2.1811275e-14,0.19690438,0.19690438,-1.1835673e-14,-1.1835673e-14,-0.00096320061,-0.00096320061,0.0011331731,0.0011331731,-0.00019264012,-0.00019264012,2.5346958e-15,2.5346958e-15,-2.0438157e-15,-2.0438157e-15,2.0457862e-15,2.0457862e-15,-1.8107148e-18,-1.8107148e-18,1.470175e-17,1.470175e-17,-0.081450625,-0.081450625,-6.7364109e-18,-6.7364109e-18,3.4028957e-17,3.4028957e-17,-1.9751425e-16,-1.9751425e-16,3.1008144e-06,3.1008144e-06,6.1941236e-30,6.1941236e-30
-0.0011213572,-0.0011213572,0.0011213572,0.0011213572,-6.6049596e-16,-6.6049596e-16,5.4520503e-16,5.4520503e-16,0.0011213572,0.0011213572,-0.056439426,-0.056439426,-0.00019788718,-0.00019788718,-0.056436885,-0.056436885,-0.00019788718,-0.00019788718,-3.2708521e-09,-3.2708521e-09,-1.7604884e-17,-1.7604884e-17,0.00019789068,0.00019789068,-1.6416036e-15,-1.6416036e-15,-0.00014888375,-0.00014888375,-0.00014888413,-0.00014888413,-7.4826825e-16,-7.4826825e-16,-0.0011213607,-0.0011213607,-0.00019788718,-0.00019788718,-0.0011213607,-0.0011213607,-0.00019788718,-0.00019788718,7.239073e-15,7.239073e-15,5.4478014e-15,5.4478014e-15,-0.0013192479,-0.0013192479,1.4593277e-14,1.4593277e-14,0.076058846,0.076058846,6.1353779e-15,6.1353779e-15,3.4941536e-09,3.4941536e-09,0.00019788718,0.00019788718,3.4936274e-09,3.4936274e-09,0.00019788718,0.00019788718,0.00019789067,0.00019789067,-3.1637298e-16,-3.1637298e-16,-0.0011213572,-0.0011213572,-0.0011213572,-0.0011213572,-0.00019788718,-0.00019788718,2.7918134e-05,2.7918134e-05,-3.3936106e-16,-3.3936106e-16,6.9256953e-09,6.9256953e-09,2.7911209e-05,2.7911209e-05,0.002961786,0.002961786,-3.9404036e-16,-3.9404036e-16,1.90945,1.90945,-2.5731193e-14,-2.5731193e-14,0.19851235,0.19851235,-1.3578726e-14,-1.3578726e-14,-0.0011213572,-0.0011213572,0.0013192479,0.0013192479,-0.00022427144,-0.00022427144,2.3602646e-15,2.3602646e-15,-2.406983e-15,-2.406983e-15,2.4096852e-15,2.4096852e-15,-2.2305633e-18,-2.2305633e-18,1.6838942e-17,1.6838942e-17,-0.077378094,-0.077378094,-8.2375506e-18,-8.2375506e-18,4.0047743e-17,4.0047743e-17,-2.3006302e-16,-2.3006302e-16,3.4942016e-06,3.4942016e-06,6.5458305e-30,6.5458305e-30
-0.0012694973,-0.0012694973,0.0012694973,0.0012694973,-5.8113236e-16,-5.8113236e-16,6.0874863e-16,6.0874863e-16,0.0012694973,0.0012694973,-0.053647311,-0.053647311,-0.00022402837,-0.00022402837,-0.053644524,-0.053644524,-0.00022402837,-0.00022402837,2.2338964e-10,2.2338964e-10,-2.0954079e-17,-2.0954079e-17,0.00022402521,0.00022402521,-1.6409395e-15,-1.6409395e-15,-0.0001391699,-0.0001391699,-0.00013917026,-0.00013917026,-7.1535196e-16,-7.1535196e-16,-0.0012694941,-0.0012694941,-0.00022402837,-0.00022402837,-0.0012694941,-0.0012694941,-0.00022402837,-0.00022402837,6.9056905e-15,6.9056905e-15,5.1883897e-15,5.1883897e-15,-0.0014935225,-0.0014935225,1.3915495e-14,1.3915495e-14,0.072015667,0.072015667,5.12587e-15,5.12587e-15,-3.1668335e-09,-3.1668335e-09,0.00022402837,0.00022402837,-3.1673334e-09,-3.1673334e-09,0.00022402837,0.00022402837,0.00022402521,0.00022402521,-3.7787103e-16,-3.7787103e-16,-0.0012694973,-0.0012694973,-0.0012694973,-0.0012694973,-0.00022402837,-0.00022402837,2.6134531e-05,2.6134531e-05,-3.2552614e-16,-3.2552614e-16,-6.6609608e-09,-6.6609608e-09,2.6141192e-05,2.6141192e-05,0.0028113438,0.0028113438,-4.6028634e-16,-4.6028634e-16,1.8229051,1.8229051,-2.960309e-14,-2.960309e-14,0.199918,0.199918,-1.5323933e-14,-1.5323933e-14,-0.0012694973,-0.0012694973,0.0014935225,0.0014935225,-0.00025389946,-0.00025389946,2.1975199e-15,2.1975199e-15,-2.7610099e-15,-2.7610099e-15,2.7645195e-15,2.7645195e-15,-2.6230459e-18,-2.6230459e-18,1.8508861e-17,1.8508861e-17,-0.073509189,-0.073509189,-9.6697691e-18,-9.6697691e-18,4.5278103e-17,4.5278103e-17,-2.573847e-16,-2.573847e-16,3.8311606e-06,3.8311606e-06,6.6578328e-30,6.6578328e-30
-0.001407972,-0.001407972,0.001407972,0.001407972,-5.0025088e-16,-5.0025088e-16,6.7079033e-16,6.7079033e-16,0.001407972,0.001407972,-0.050994453,-0.050994453,-0.00024846622,-0.00024846622,-0.050991458,-0.050991458,-0.00024846622,-0.00024846622,-2.9433588e-09,-2.9433588e-09,-2.3712937e-17,-2.3712937e-17,0.00024846944,0.00024846944,-1.643037e-15,-1.643037e-15,-0.00013013199,-0.00013013199,-0.00013013233,-0.00013013233,-6.8351991e-16,-6.8351991e-16,-0.0014079753,-0.0014079753,-0.00024846622,-0.00024846622,-0.0014079753,-0.0014079753,-0.00024846622,-0.00024846622,6.5883183e-15,6.5883183e-15,4.9426288e-15,4.9426288e-15,-0.0016564415,-0.0016564415,1.3271517e-14,1.3271517e-14,0.068177288,0.068177288,4.353754e-15,4.353754e-15,3.2196907e-09,3.2196907e-09,0.00024846622,0.00024846622,3.2192159e-09,3.2192159e-09,0.00024846622,0.00024846622,0.00024846944,0.00024846944,-4.3909774e-16,-4.3909774e-16,-0.001407972,-0.001407972,-0.001407972,-0.001407972,-0.00024846622,-0.00024846622,2.4444237e-05,2.4444237e-05,-3.12007e-16,-3.12007e-16,6.3865492e-09,6.3865492e-09,2.4437851e-05,2.4437851e-05,0.0026684489,0.0026684489,-5.2490449e-16,-5.2490449e-16,1.7405925,1.7405925,-3.341061e-14,-3.341061e-14,0.20113274,0.20113274,-1.7060275e-14,-1.7060275e-14,-0.001407972,-0.001407972,0.0016564415,0.0016564415,-0.00028159441,-0.00028159441,2.0455961e-15,2.0455961e-15,-3.1057448e-15,-3.1057448e-15,3.1101238e-15,3.1101238e-15,-2.9896201e-18,-2.9896201e-18,1.9771692e-17,1.9771692e-17,-0.06983373,-0.06983373,-1.1035162e-17,-1.1035162e-17,4.9805178e-17,4.9805178e-17,-2.8009376e-16,-2.8009376e-16,4.118199e-06,4.118199e-06,6.5996227e-30,6.5996227e-30
-0.0015374541,-0.0015374541,0.0015374541,0.0015374541,-4.1806836e-16,-4.1806836e-16,7.3118801e-16,7.3118801e-16,0.0015374541,0.0015374541,-0.048473915,-0.048473915,-0.00027131491,-0.00027131491,-0.048470744,-0.048470744,-0.00027131491,-0.00027131491,2.7641412e-10,2.7641412e-10,-2.5953262e-17,-2.5953262e-17,0.00027131198,0.00027131198,-1.6474849e-15,-1.6474849e-15,-0.00012140862,-0.00012140862,-0.00012140895,-0.00012140895,-6.5277865e-16,-6.5277865e-16,-0.0015374511,-0.0015374511,-0.00027131491,-0.00027131491,-0.0015374511,-0.0015374511,-0.00027131491,-0.00027131491,6.2861945e-15,6.2861945e-15,4.7097748e-15,4.7097748e-15,-0.001808766,-0.001808766,1.2659625e-14,1.2659625e-14,0.064533277,0.064533277,3.7604027e-15,3.7604027e-15,-2.9225434e-09,-2.9225434e-09,0.00027131491,0.00027131491,-2.9229946e-09,-2.9229946e-09,0.00027131491,0.00027131491,0.00027131198,0.00027131198,-4.9973089e-16,-4.9973089e-16,-0.0015374541,-0.0015374541,-0.0015374541,-0.0015374541,-0.00027131491,-0.00027131491,2.284254e-05,2.284254e-05,-2.9882867e-16,-2.9882867e-16,-6.1422104e-09,-6.1422104e-09,2.2848682e-05,2.2848682e-05,0.0025327234,0.0025327234,-5.8776152e-16,-5.8776152e-16,1.6623015,1.6623015,-3.7141227e-14,-3.7141227e-14,0.20216738,0.20216738,-1.8778999e-14,-1.8778999e-14,-0.0015374541,-0.0015374541,0.001808766,0.001808766,-0.00030749081,-0.00030749081,1.9036835e-15,1.9036835e-15,-3.4412528e-15,-3.4412528e-15,3.4465517e-15,3.4465517e-15,-3.3316696e-18,-3.3316696e-18,2.0680917e-17,2.0680917e-17,-0.066342043,-0.066342043,-1.2335799e-17,-1.2335799e-17,5.3705311e-17,5.3705311e-17,-2.9873871e-16,-2.9873871e-16,4.3611271e-06,4.3611271e-06,6.4231435e-30,6.4231435e-30
-0.0016582563,-0.0016582563,0.0016582563,0.0016582563,-3.3566899e-16,-3.3566899e-16,7.8980736e-16,7.8980736e-16,0.0016582563,0.0016582563,-0.046079069,-0.046079069,-0.00029263399,-0.00029263399,-0.046075749,-0.046075749,-0.00029263399,-0.00029263399,-2.64605e-09,-2.64605e-09,-2.7739037e-17,-2.7739037e-17,0.00029263695,0.00029263695,-1.6538024e-15,-1.6538024e-15,-0.00011329818,-0.00011329818,-0.00011329849,-0.00011329849,-6.2312138e-16,-6.2312138e-16,-0.0016582593,-0.0016582593,-0.00029263399,-0.00029263399,-0.0016582593,-0.0016582593,-0.00029263399,-0.00029263399,5.9985895e-15,5.9985895e-15,4.4890756e-15,4.4890756e-15,-0.0019508932,-0.0019508932,1.2078147e-14,1.2078147e-14,0.061074048,0.061074048,3.3017669e-15,3.3017669e-15,2.9668063e-09,2.9668063e-09,0.00029263399,0.00029263399,2.9663777e-09,2.9663777e-09,0.00029263399,0.00029263399,0.00029263695,0.00029263695,-5.5949621e-16,-5.5949621e-16,-0.0016582563,-0.0016582563,-0.0016582563,-0.0016582563,-0.00029263399,-0.00029263399,2.1324969e-05,2.1324969e-05,-2.8600566e-16,-2.8600566e-16,5.8893723e-09,5.8893723e-09,2.1319079e-05,2.1319079e-05,0.0024038089,0.0024038089,-6.4873733e-16,-6.4873733e-16,1.587832,1.587832,-4.0783587e-14,-4.0783587e-14,0.20303222,0.20303222,-2.0472142e-14,-2.0472142e-14,-0.0016582563,-0.0016582563,0.0019508932,0.0019508932,-0.00033165126,-0.00033165126,1.7710546e-15,1.7710546e-15,-3.7674848e-15,-3.7674848e-15,3.7737426e-15,3.7737426e-15,-3.650507e-18,-3.650507e-18,2.1284028e-17,2.1284028e-17,-0.063024941,-0.063024941,-1.357372e-17,-1.357372e-17,5.7046944e-17,5.7046944e-17,-3.1380893e-16,-3.1380893e-16,4.5651296e-06,4.5651296e-06,6.167045e-30,6.167045e-30
-0.0017709886,-0.0017709886,0.0017709886,0.0017709886,-2.5435383e-16,-2.5435383e-16,8.4656368e-16,8.4656368e-16,0.0017709886,0.0017709886,-0.043803652,-0.043803652,-0.00031252692,-0.00031252692,-0.043800209,-0.043800209,-0.00031252692,-0.00031252692,3.2083306e-10,3.2083306e-10,-2.9127244e-17,-2.9127244e-17,0.00031252422,0.00031252422,-1.6616829e-15,-1.6616829e-15,-0.00010546791,-0.00010546791,-0.0001054682,-0.0001054682,-5.9454352e-16,-5.9454352e-16,-0.0017709859,-0.0017709859,-0.00031252692,-0.00031252692,-0.0017709859,-0.0017709859,-0.00031252692,-0.00031252692,5.7248093e-15,5.7248093e-15,4.2798773e-15,4.2798773e-15,-0.0020835128,-0.0020835128,1.1525544e-14,1.1525544e-14,0.057790181,0.057790181,2.9448049e-15,2.9448049e-15,-2.6970769e-09,-2.6970769e-09,0.00031252692,0.00031252692,-2.697484e-09,-2.697484e-09,0.00031252692,0.00031252692,0.00031252422,0.00031252422,-6.1816625e-16,-6.1816625e-16,-0.0017709886,-0.0017709886,-0.0017709886,-0.0017709886,-0.00031252692,-0.00031252692,1.9887272e-05,1.9887272e-05,-2.7355357e-16,-2.7355357e-16,-5.6638618e-09,-5.6638618e-09,1.9892936e-05,1.9892936e-05,0.0022813642,0.0022813642,-7.0775401e-16,-7.0775401e-16,1.5169939,1.5169939,-4.4329476e-14,-4.4329476e-14,0.20373699,0.20373699,-2.21336e-14,-2.21336e-14,-0.0017709886,-0.0017709886,0.0020835128,0.0020835128,-0.00035419772,-0.00035419772,1.6470265e-15,1.6470265e-15,-4.0845818e-15,-4.0845818e-15,4.0918284e-15,4.0918284e-15,-3.9473783e-18,-3.9473783e-18,2.1623149e-17,2.1623149e-17,-0.059873694,-0.059873694,-1.4750935e-17,-1.4750935e-17,5.9891418e-17,5.9891418e-17,-3.2574078e-16,-3.2574078e-16,4.73483e-06,4.73483e-06,5.8600044e-30,5.8600044e-30
-0.0018759297,-0.0018759297,0.0018759297,0.0018759297,-1.7238815e-16,-1.7238815e-16,9.0137452e-16,9.0137452e-16,0.0018759297,0.0018759297,-0.041641681,-0.041641681,-0.00033104691,-0.00033104691,-0.041638136,-0.041638136,-0.00033104691,-0.00033104691,-2.3761697e-09,-2.3761697e-09,-3.0168588e-17,-3.0168588e-17,0.00033104964,0.00033104964,-1.6707486e-15,-1.6707486e-15,-9.8193425e-05,-9.8193425e-05,-9.8193702e-05,-9.8193702e-05,-5.6702935e-16,-5.6702935e-16,-0.0018759325,-0.0018759325,-0.00033104691,-0.00033104691,-0.0018759325,-0.0018759325,-0.00033104691,-0.00033104691,5.4641901e-15,5.4641901e-15,4.0815158e-15,4.0815158e-15,-0.0022069794,-0.0022069794,1.1000317e-14,1.1000317e-14,0.05467303,0.05467303,2.6646653e-15,2.6646653e-15,2.7338004e-09,2.7338004e-09,0.00033104691,0.00033104691,2.7334136e-09,2.7334136e-09,0.00033104691,0.00033104691,0.00033104964,0.00033104964,-6.7555045e-16,-6.7555045e-16,-0.0018759297,-0.0018759297,-0.0018759297,-0.0018759297,-0.00033104691,-0.00033104691,1.8525416e-05,1.8525416e-05,-2.6147912e-16,-2.6147912e-16,5.4308977e-09,5.4308977e-09,1.8519985e-05,1.8519985e-05,0.0021650658,0.0021650658,-7.6474098e-16,-7.6474098e-16,1.4496066,1.4496066,-4.7771404e-14,-4.7771404e-14,0.20429095,0.20429095,-2.3757788e-14,-2.3757788e-14,-0.0018759297,-0.0018759297,0.0022069794,0.0022069794,-0.00037518595,-0.00037518595,1.5309861e-15,1.5309861e-15,-4.3925708e-15,-4.3925708e-15,4.4008265e-15,4.4008265e-15,-4.2234655e-18,-4.2234655e-18,2.173561e-17,2.173561e-17,-0.056880009,-0.056880009,-1.586942e-17,-1.586942e-17,6.2293695e-17,6.2293695e-17,-3.3492311e-16,-3.3492311e-16,4.8743492e-06,4.8743492e-06,5.5231302e-30,5.5231302e-30
-0.0019736327,-0.0019736327,0.0019736327,0.0019736327,-9.1940344e-17,-9.1940344e-17,9.5419874e-16,9.5419874e-16,0.0019736327,0.0019736327,-0.039587505,-0.039587505,-0.00034828769,-0.00034828769,-0.039583878,-0.039583878,-0.00034828769,-0.00034828769,3.577024e-10,3.577024e-10,-3.0908157e-17,-3.0908157e-17,0.0003482852,0.0003482852,-1.680775e-15,-1.680775e-15,-9.1168357e-05,-9.1168357e-05,-9.1168619e-05,-9.1168619e-05,-5.4056627e-16,-5.4056627e-16,-0.0019736303,-0.0019736303,-0.00034828769,-0.00034828769,-0.0019736303,-0.0019736303,-0.00034828769,-0.00034828769,5.2161001e-15,5.2161001e-15,3.8934153e-15,3.8934153e-15,-0.0023219179,-0.0023219179,1.0501086e-14,1.0501086e-14,0.051714091,0.051714091,2.4427075e-15,2.4427075e-15,-2.488987e-09,-2.488987e-09,0.00034828769,0.00034828769,-2.4893544e-09,-2.4893544e-09,0.00034828769,0.00034828769,0.0003482852,0.0003482852,-7.3149486e-16,-7.3149486e-16,-0.0019736327,-0.0019736327,-0.0019736327,-0.0019736327,-0.00034828769,-0.00034828769,1.7235563e-05,1.7235563e-05,-2.4979072e-16,-2.4979072e-16,-5.222768e-09,-5.222768e-09,1.7240786e-05,1.7240786e-05,0.002054606,0.002054606,-8.1966228e-16,-8.1966228e-16,1.3854986,1.3854986,-5.1104461e-14,-5.1104461e-14,0.20470286,0.20470286,-2.5340652e-14,-2.5340652e-14,-0.0019736327,-0.0019736327,0.0023219179,0.0023219179,-0.00039472655,-0.00039472655,1.4223559e-15,1.4223559e-15,-4.6916459e-15,-4.6916459e-15,4.7009238e-15,4.7009238e-15,-4.4798904e-18,-4.4798904e-18,2.1654452e-17,2.1654452e-17,-0.054036009,-0.054036009,-1.6931115e-17,-1.6931115e-17,6.4303013e-17,6.4303013e-17,-3.4170219e-16,-3.4170219e-16,4.9873574e-06,4.9873574e-06,5.1718718e-30,5.1718718e-30
-0.0020643458,-0.0020643458,0.0020643458,0.0020643458,-1.2143064e-17,-1.2143064e-17,1.0049933e-15,1.0049933e-15,0.0020643458,0.0020643458,-0.037635723,-0.037635723,-0.00036429676,-0.00036429676,-0.037632031,-0.037632031,-0.00036429676,-0.00036429676,-2.1312152e-09,-2.1312152e-09,-3.1386009e-17,-3.1386009e-17,0.00036429928,0.00036429928,-1.691466e-15,-1.691466e-15,-8.4647291e-05,-8.4647291e-05,-8.464754e-05,-8.464754e-05,-5.1513231e-16,-5.1513231e-16,-0.0020643483,-0.0020643483,-0.00036429676,-0.00036429676,-0.0020643483,-0.0020643483,-0.00036429676,-0.00036429676,4.9799356e-15,4.9799356e-15,3.7149883e-15,3.7149883e-15,-0.0024286451,-0.0024286451,1.0026505e-14,1.0026505e-14,0.048905563,0.048905563,2.2648881e-15,2.2648881e-15,2.5191074e-09,2.5191074e-09,0.00036429676,0.00036429676,2.5187583e-09,2.5187583e-09,0.00036429676,0.00036429676,0.00036429928,0.00036429928,-7.8587363e-16,-7.8587363e-16,-0.0020643458,-0.0020643458,-0.0020643458,-0.0020643458,-0.00036429676,-0.00036429676,1.6014075e-05,1.6014075e-05,-2.3848927e-16,-2.3848927e-16,5.0081127e-09,5.0081127e-09,1.6009067e-05,1.6009067e-05,0.0019496928,0.0019496928,-8.724848e-16,-8.724848e-16,1.324507,1.324507,-5.4324119e-14,-5.4324119e-14,0.20498104,0.20498104,-2.6878449e-14,-2.6878449e-14,-0.0020643458,-0.0020643458,0.0024286451,0.0024286451,-0.00041286916,-0.00041286916,1.3206178e-15,1.3206178e-15,-4.9818891e-15,-4.9818891e-15,4.9921947e-15,4.9921947e-15,-4.7177173e-18,-4.7177173e-18,2.1408888e-17,2.1408888e-17,-0.051334208,-0.051334208,-1.7937924e-17,-1.7937924e-17,6.5963462e-17,6.5963462e-17,-3.4638618e-16,-3.4638618e-16,5.0771212e-06,5.0771212e-06,4.8173766e-30,4.8173766e-30
-0.0021485703,-0.0021485703,0.0021485703,0.0021485703,6.505213e-17,6.505213e-17,1.0537497e-15,1.0537497e-15,0.0021485703,0.0021485703,-0.035781235,-0.035781235,-0.00037915907,-0.00037915907,-0.035777492,-0.035777492,-0.00037915907,-0.00037915907,3.8795934e-10,3.8795934e-10,-3.1637704e-17,-3.1637704e-17,0.00037915677,0.00037915677,-1.702662e-15,-1.702662e-15,-7.8348117e-05,-7.8348117e-05,-7.8348354e-05,-7.8348354e-05,-4.9070923e-16,-4.9070923e-16,-0.002148568,-0.002148568,-0.00037915907,-0.00037915907,-0.002148568,-0.002148568,-0.00037915907,-0.00037915907,4.7551224e-15,4.7551224e-15,3.5457265e-15,3.5457265e-15,-0.0025277271,-0.0025277271,9.5753364e-15,9.5753364e-15,0.046239771,0.046239771,2.1206748e-15,2.1206748e-15,-2.2969376e-09,-2.2969376e-09,0.00037915907,0.00037915907,-2.2972692e-09,-2.2972692e-09,0.00037915907,0.00037915907,0.00037915677,0.00037915677,-8.3858936e-16,-8.3858936e-16,-0.0021485703,-0.0021485703,-0.0021485703,-0.0021485703,-0.00037915907,-0.00037915907,1.4857491e-05,1.4857491e-05,-2.2757779e-16,-2.2757779e-16,-4.8160275e-09,-4.8160275e-09,1.4862307e-05,1.4862307e-05,0.0018500483,0.0018500483,-9.2320391e-16,-9.2320391e-16,1.2664766,1.2664766,-5.7427976e-14,-5.7427976e-14,0.20513339,0.20513339,-2.8368698e-14,-2.8368698e-14,-0.0021485703,-0.0021485703,0.0025277271,0.0025277271,-0.00042971407,-0.00042971407,1.2252822e-15,1.2252822e-15,-5.2635301e-15,-5.2635301e-15,5.2748635e-15,5.2748635e-15,-4.9379558e-18,-4.9379558e-18,2.1024706e-17,2.1024706e-17,-0.048767498,-0.048767498,-1.8891714e-17,-1.8891714e-17,6.7314515e-17,6.7314515e-17,-3.4924911e-16,-3.4924911e-16,5.1465456e-06,5.1465456e-06,4.4675947e-30,4.4675947e-30
-0.0022265272,-0.0022265272,0.0022265272,0.0022265272,1.4181364e-16,1.4181364e-16,1.1004544e-15,1.1004544e-15,0.0022265272,0.0022265272,-0.034019166,-0.034019166,-0.00039291697,-0.00039291697,-0.034015385,-0.034015385,-0.00039291697,-0.00039291697,-1.9089132e-09,-1.9089132e-09,-3.1694775e-17,-3.1694775e-17,0.00039291929,0.00039291929,-1.7141319e-15,-1.7141319e-15,-7.2505994e-05,-7.2505994e-05,-7.2506219e-05,-7.2506219e-05,-4.6727092e-16,-4.6727092e-16,-0.0022265295,-0.0022265295,-0.00039291697,-0.00039291697,-0.0022265295,-0.0022265295,-0.00039291697,-0.00039291697,4.5411117e-15,4.5411117e-15,3.3851093e-15,3.3851093e-15,-0.0026194465,-0.0026194465,9.1463703e-15,9.1463703e-15,0.043709677,0.043709677,2.0021118e-15,2.0021118e-15,2.3212853e-09,2.3212853e-09,0.00039291697,0.00039291697,2.3209702e-09,2.3209702e-09,0.00039291697,0.00039291697,0.00039291929,0.00039291929,-8.8956585e-16,-8.8956585e-16,-0.0022265272,-0.0022265272,-0.0022265272,-0.0022265272,-0.00039291697,-0.00039291697,1.3762524e-05,1.3762524e-05,-2.1705287e-16,-2.1705287e-16,4.6182394e-09,4.6182394e-09,1.3757906e-05,1.3757906e-05,0.0017554092,0.0017554092,-9.7181452e-16,-9.7181452e-16,1.2112606,1.2112606,-6.0413752e-14,-6.0413752e-14,0.20516739,0.20516739,-2.9809072e-14,-2.9809072e-14,-0.0022265272,-0.0022265272,0.0026194465,0.0026194465,-0.00044530544,-0.00044530544,1.13591e-15,1.13591e-15,-5.5366898e-15,-5.5366898e-15,5.5490449e-15,5.5490449e-15,-5.1415641e-18,-5.1415641e-18,2.0524642e-17,2.0524642e-17,-0.046329123,-0.046329123,-1.9794311e-17,-1.9794311e-17,6.83915e-17,6.83915e-17,-3.5053443e-16,-3.5053443e-16,5.1982123e-06,5.1982123e-06,4.1280431e-30,4.1280431e-30
-0.0022986711,-0.0022986711,0.0022986711,0.0022986711,2.1553939e-16,2.1553939e-16,1.145123e-15,1.145123e-15,0.0022986711,0.0022986711,-0.032344912,-0.032344912,-0.00040564747,-0.00040564747,-0.032341106,-0.032341106,-0.00040564747,-0.00040564747,4.1243508e-10,4.1243508e-10,-3.1585157e-17,-3.1585157e-17,0.00040564535,0.00040564535,-1.7257661e-15,-1.7257661e-15,-6.6861149e-05,-6.6861149e-05,-6.6861363e-05,-6.6861363e-05,-4.4479535e-16,-4.4479535e-16,-0.002298669,-0.002298669,-0.00040564747,-0.00040564747,-0.002298669,-0.002298669,-0.00040564747,-0.00040564747,4.337382e-15,4.337382e-15,3.2326876e-15,3.2326876e-15,-0.0027043165,-0.0027043165,8.7384954e-15,8.7384954e-15,0.04130835,0.04130835,1.9032339e-15,1.9032339e-15,-2.119695e-09,-2.119695e-09,0.00040564747,0.00040564747,-2.1199943e-09,-2.1199943e-09,0.00040564747,0.00040564747,0.00040564535,0.00040564535,-9.3874884e-16,-9.3874884e-16,-0.0022986711,-0.0022986711,-0.0022986711,-0.0022986711,-0.00040564747,-0.00040564747,1.2726054e-05,1.2726054e-05,-2.0691354e-16,-2.0691354e-16,-4.4409645e-09,-4.4409645e-09,1.2730495e-05,1.2730495e-05,0.0016655247,0.0016655247,-1.018335e-15,-1.018335e-15,1.1587191,1.1587191,-6.328092e-14,-6.328092e-14,0.20509013,0.20509013,-3.1198285e-14,-3.1198285e-14,-0.0022986711,-0.0022986711,0.0027043165,0.0027043165,-0.00045973422,-0.00045973422,1.0520846e-15,1.0520846e-15,-5.80162e-15,-5.80162e-15,5.8149867e-15,5.8149867e-15,-5.3294509e-18,-5.3294509e-18,1.9928707e-17,1.9928707e-17,-0.044012667,-0.044012667,-2.0647502e-17,-2.0647502e-17,6.922602e-17,6.922602e-17,-3.5045826e-16,-3.5045826e-16,5.2344133e-06,5.2344133e-06,3.8024504e-30,3.8024504e-30
-0.0023651984,-0.0023651984,0.0023651984,0.0023651984,2.879641e-16,2.879641e-16,1.1877639e-15,1.1877639e-15,0.0023651984,0.0023651984,-0.030754075,-0.030754075,-0.00041738833,-0.00041738833,-0.030750251,-0.030750251,-0.00041738833,-0.00041738833,-1.7071988e-09,-1.7071988e-09,-3.1333567e-17,-3.1333567e-17,0.00041739047,0.00041739047,-1.7373856e-15,-1.7373856e-15,-6.1630784e-05,-6.1630784e-05,-6.1630987e-05,-6.1630987e-05,-4.2325385e-16,-4.2325385e-16,-0.0023652005,-0.0023652005,-0.00041738833,-0.00041738833,-0.0023652005,-0.0023652005,-0.00041738833,-0.00041738833,4.1434347e-15,4.1434347e-15,3.0879989e-15,3.0879989e-15,-0.0027825888,-0.0027825888,8.3506257e-15,8.3506257e-15,0.039029445,0.039029445,1.8195168e-15,1.8195168e-15,2.1390059e-09,2.1390059e-09,0.00041738833,0.00041738833,2.1387216e-09,2.1387216e-09,0.00041738833,0.00041738833,0.00041739046,0.00041739046,-9.8609981e-16,-9.8609981e-16,-0.0023651984,-0.0023651984,-0.0023651984,-0.0023651984,-0.00041738833,-0.00041738833,1.1745117e-05,1.1745117e-05,-1.9715331e-16,-1.9715331e-16,4.2587159e-09,4.2587159e-09,1.1740858e-05,1.1740858e-05,0.001580157,0.001580157,-1.0627807e-15,-1.0627807e-15,1.1087192,1.1087192,-6.6028886e-14,-6.6028886e-14,0.20490835,0.20490835,-3.2535089e-14,-3.2535089e-14,-0.0023651984,-0.0023651984,0.0027825888,0.0027825888,-0.00047303968,-0.00047303968,9.7343308e-16,9.7343308e-16,-6.0584676e-15,-6.0584676e-15,6.072831e-15,6.072831e-15,-5.5024785e-18,-5.5024785e-18,1.9254483e-17,1.9254483e-17,-0.041812034,-0.041812034,-2.1453033e-17,-2.1453033e-17,6.9846338e-17,6.9846338e-17,-3.4921223e-16,-3.4921223e-16,5.2571817e-06,5.2571817e-06,3.4931834e-30,3.4931834e-30
-0.0024265214,-0.0024265214,0.0024265214,0.0024265214,3.582204e-16,3.582204e-16,1.2284099e-15,1.2284099e-15,0.0024265214,0.0024265214,-0.029242499,-0.029242499,-0.00042820932,-0.00042820932,-0.029238667,-0.029238667,-0.00042820932,-0.00042820932,4.3186627e-10,4.3186627e-10,-3.0961849e-17,-3.0961849e-17,0.00042820736,0.00042820736,-1.7489195e-15,-1.7489195e-15,-5.6575691e-05,-5.6575691e-05,-5.6575884e-05,-5.6575884e-05,-4.0262205e-16,-4.0262205e-16,-0.0024265195,-0.0024265195,-0.00042820932,-0.00042820932,-0.0024265195,-0.0024265195,-0.00042820932,-0.00042820932,3.9587967e-15,3.9587967e-15,2.9506456e-15,2.9506456e-15,-0.0028547288,-0.0028547288,7.9817622e-15,7.9817622e-15,0.036866703,0.036866703,1.7475697e-15,1.7475697e-15,-1.9561201e-09,-1.9561201e-09,0.00042820932,0.00042820932,-1.9563902e-09,-1.9563902e-09,0.00042820932,0.00042820932,0.00042820736,0.00042820736,-1.031597e-15,-1.031597e-15,-0.0024265214,-0.0024265214,-0.0024265214,-0.0024265214,-0.00042820932,-0.00042820932,1.0816895e-05,1.0816895e-05,-1.8776833e-16,-1.8776833e-16,-4.0951118e-09,-4.0951118e-09,1.082099e-05,1.082099e-05,0.0014990799,0.0014990799,-1.1051865e-15,-1.1051865e-15,1.0611348,1.0611348,-6.8658505e-14,-6.8658505e-14,0.20462842,0.20462842,-3.3819095e-14,-3.3819095e-14,-0.0024265214,-0.0024265214,0.0028547288,0.0028547288,-0.00048530428,-0.00048530428,8.9959994e-16,8.9959994e-16,-6.3074963e-15,-6.3074963e-15,6.3228389e-15,6.3228389e-15,-5.6614648e-18,-5.6614648e-18,1.8517384e-17,1.8517384e-17,-0.039721432,-0.039721432,-2.2212611e-17,-2.2212611e-17,7.0277719e-17,7.0277719e-17,-3.4696614e-16,-3.4696614e-16,5.2683193e-06,5.2683193e-06,3.2016271e-30,3.2016271e-30
-0.0024828146,-0.0024828146,0.0024828146,0.0024828146,4.284767e-16,4.284767e-16,1.2670851e-15,1.2670851e-15,0.0024828146,0.0024828146,-0.027806212,-0.027806212,-0.0004381441,-0.0004381441,-0.02780238,-0.02780238,-0.0004381441,-0.0004381441,-1.5241964e-09,-1.5241964e-09,-3.0489279e-17,-3.0489279e-17,0.00043814607,0.00043814607,-1.7602299e-15,-1.7602299e-15,-5.1896479e-05,-5.1896479e-05,-5.1896662e-05,-5.1896662e-05,-3.8286992e-16,-3.8286992e-16,-0.0024828166,-0.0024828166,-0.0004381441,-0.0004381441,-0.0024828166,-0.0024828166,-0.0004381441,-0.0004381441,3.7830153e-15,3.7830153e-15,2.8202167e-15,2.8202167e-15,-0.0029209607,-0.0029209607,7.6309286e-15,7.6309286e-15,0.0348144,0.0348144,1.6848043e-15,1.6848043e-15,1.971046e-09,1.971046e-09,0.0004381441,0.0004381441,1.9707894e-09,1.9707894e-09,0.0004381441,0.0004381441,0.00043814607,0.00043814607,-1.0752302e-15,-1.0752302e-15,-0.0024828146,-0.0024828146,-0.0024828146,-0.0024828146,-0.0004381441,-0.0004381441,9.9387141e-06,9.9387141e-06,-1.7874997e-16,-1.7874997e-16,3.9271797e-09,3.9271797e-09,9.9347869e-06,9.9347869e-06,0.0014220788,0.0014220788,-1.1455825e-15,-1.1455825e-15,1.0158461,1.0158461,-7.1170423e-14,-7.1170423e-14,0.2042564,0.2042564,-3.5049863e-14,-3.5049863e-14,-0.0024828146,-0.0024828146,0.0029209607,0.0029209607,-0.00049656292,-0.00049656292,8.3026734e-16,8.3026734e-16,-6.5488696e-15,-6.5488696e-15,6.5651697e-15,6.5651697e-15,-5.8071856e-18,-5.8071856e-18,1.7730898e-17,1.7730898e-17,-0.03773536,-0.03773536,-2.2927897e-17,-2.2927897e-17,7.0542738e-17,7.0542738e-17,-3.4387019e-16,-3.4387019e-16,5.2694207e-06,5.2694207e-06,2.9284209e-30,2.9284209e-30
-0.002534452,-0.002534452,0.002534452,0.002534452,4.9309515e-16,4.9309515e-16,1.3038345e-15,1.3038345e-15,0.002534452,0.002534452,-0.026441467,-0.026441467,-0.00044725591,-0.00044725591,-0.02643764,-0.02643764,-0.00044725591,-0.00044725591,4.469053e-10,4.469053e-10,-2.9932842e-17,-2.9932842e-17,0.00044725411,0.00044725411,-1.7712757e-15,-1.7712757e-15,-4.7372867e-05,-4.7372867e-05,-4.7373041e-05,-4.7373041e-05,-3.6397183e-16,-3.6397183e-16,-0.0025344502,-0.0025344502,-0.00044725591,-0.00044725591,-0.0025344502,-0.0025344502,-0.00044725591,-0.00044725591,3.6156613e-15,3.6156613e-15,2.6963592e-15,2.6963592e-15,-0.0029817061,-0.0029817061,7.2972274e-15,7.2972274e-15,0.032866886,0.032866886,1.6292826e-15,1.6292826e-15,-1.8051613e-09,-1.8051613e-09,0.00044725591,0.00044725591,-1.805405e-09,-1.805405e-09,0.00044725591,0.00044725591,0.00044725411,0.00044725411,-1.1170019e-15,-1.1170019e-15,-0.002534452,-0.002534452,-0.002534452,-0.002534452,-0.00044725591,-0.00044725591,9.1080332e-06,9.1080332e-06,-1.7009231e-16,-1.7009231e-16,-3.7761945e-09,-3.7761945e-09,9.1118094e-06,9.1118094e-06,0.0013489494,0.0013489494,-1.1840149e-15,-1.1840149e-15,0.9727391,0.9727391,-7.3566489e-14,-7.3566489e-14,0.20379801,0.20379801,-3.6227672e-14,-3.6227672e-14,-0.002534452,-0.002534452,0.0029817061,0.0029817061,-0.00050689039,-0.00050689039,7.651312e-16,7.651312e-16,-6.7828552e-15,-6.7828552e-15,6.8000897e-15,6.8000897e-15,-5.9403766e-18,-5.9403766e-18,1.6906797e-17,1.6906797e-17,-0.035848592,-0.035848592,-2.3600516e-17,-2.3600516e-17,7.0661557e-17,7.0661557e-17,-3.4005715e-16,-3.4005715e-16,5.2618962e-06,5.2618962e-06,2.6736837e-30,2.6736837e-30
-0.0025815883,-0.0025815883,0.0025815883,0.0025815883,5.577136e-16,5.577136e-16,1.3386932e-15,1.3386932e-15,0.0025815883,0.0025815883,-0.025144677,-0.025144677,-0.00045557473,-0.00045557473,-0.025140861,-0.025140861,-0.00045557473,-0.00045557473,-1.3582019e-09,-1.3582019e-09,-2.9307481e-17,-2.9307481e-17,0.00045557655,0.00045557655,-1.7819514e-15,-1.7819514e-15,-4.3190135e-05,-4.3190135e-05,-4.31903e-05,-4.31903e-05,-3.4589732e-16,-3.4589732e-16,-0.0025815901,-0.0025815901,-0.00045557473,-0.00045557473,-0.0025815901,-0.0025815901,-0.00045557473,-0.00045557473,3.4563242e-15,3.4563242e-15,2.5787073e-15,2.5787073e-15,-0.0030371649,-0.0030371649,6.9797803e-15,6.9797803e-15,0.031018998,0.031018998,1.5795106e-15,1.5795106e-15,1.8162788e-09,1.8162788e-09,0.00045557473,0.00045557473,1.8160472e-09,1.8160472e-09,0.00045557473,0.00045557473,0.00045557655,0.00045557655,-1.1569225e-15,-1.1569225e-15,-0.0025815883,-0.0025815883,-0.0025815883,-0.0025815883,-0.00045557473,-0.00045557473,8.3224401e-06,8.3224401e-06,-1.6178534e-16,-1.6178534e-16,3.6214522e-09,3.6214522e-09,8.3188187e-06,8.3188187e-06,0.0012794981,0.0012794981,-1.2205241e-15,-1.2205241e-15,0.93170565,0.93170565,-7.5848242e-14,-7.5848242e-14,0.20325869,0.20325869,-3.7352679e-14,-3.7352679e-14,-0.0025815883,-0.0025815883,0.0030371649,0.0030371649,-0.00051631766,-0.00051631766,7.0391983e-16,7.0391983e-16,-7.0096255e-15,-7.0096255e-15,7.0277683e-15,7.0277683e-15,-6.0617359e-18,-6.0617359e-18,1.6055327e-17,1.6055327e-17,-0.034056163,-0.034056163,-2.4232045e-17,-2.4232045e-17,7.0652173e-17,7.0652173e-17,-3.3564416e-16,-3.3564416e-16,5.2469909e-06,5.2469909e-06,2.4371419e-30,2.4371419e-30
-0.0026245628,-0.0026245628,0.0026245628,0.0026245628,6.1972996e-16,6.1972996e-16,1.3717141e-15,1.3717141e-15,0.0026245628,0.0026245628,-0.02391246,-0.02391246,-0.00046315785,-0.00046315785,-0.02390866,-0.02390866,-0.00046315785,-0.00046315785,4.5812941e-10,4.5812941e-10,-2.8626317e-17,-2.8626317e-17,0.00046315619,0.00046315619,-1.7922387e-15,-1.7922387e-15,-3.9145428e-05,-3.9145428e-05,-3.9145585e-05,-3.9145585e-05,-3.2862032e-16,-3.2862032e-16,-0.0026245612,-0.0026245612,-0.00046315785,-0.00046315785,-0.0026245612,-0.0026245612,-0.00046315785,-0.00046315785,3.3046147e-15,3.3046147e-15,2.4669475e-15,2.4669475e-15,-0.003087719,-0.003087719,6.6777804e-15,6.6777804e-15,0.029265635,0.029265635,1.5343714e-15,1.5343714e-15,-1.6658473e-09,-1.6658473e-09,0.00046315785,0.00046315785,-1.6660673e-09,-1.6660673e-09,0.00046315785,0.00046315785,0.00046315619,0.00046315619,-1.1950122e-15,-1.1950122e-15,-0.0026245628,-0.0026245628,-0.0026245628,-0.0026245628,-0.00046315785,-0.00046315785,7.5796414e-06,7.5796414e-06,-1.5382176e-16,-1.5382176e-16,-3.4821145e-09,-3.4821145e-09,7.5831235e-06,7.5831235e-06,0.0012135407,0.0012135407,-1.2551636e-15,-1.2551636e-15,0.89264289,0.89264289,-7.8018226e-14,-7.8018226e-14,0.2026436,0.2026436,-3.8425642e-14,-3.8425642e-14,-0.0026245628,-0.0026245628,0.003087719,0.003087719,-0.00052491257,-0.00052491257,6.4637229e-16,6.4637229e-16,-7.2294465e-15,-7.2294465e-15,7.2484706e-15,7.2484706e-15,-6.1719254e-18,-6.1719254e-18,1.5185376e-17,1.5185376e-17,-0.032353354,-0.032353354,-2.4824025e-17,-2.4824025e-17,7.0530643e-17,7.0530643e-17,-3.3073446e-16,-3.3073446e-16,5.2258031e-06,5.2258031e-06,2.2182651e-30,2.2182651e-30
-0.0026635129,-0.0026635129,0.0026635129,0.0026635129,6.7914424e-16,6.7914424e-16,1.4029398e-15,1.4029398e-15,0.0026635129,0.0026635129,-0.02274158,-0.02274158,-0.00047003198,-0.00047003198,-0.022737798,-0.022737798,-0.00047003198,-0.00047003198,-1.2076669e-09,-1.2076669e-09,-2.7900845e-17,-2.7900845e-17,0.00047003365,0.00047003365,-1.8020575e-15,-1.8020575e-15,-3.5409858e-05,-3.5409858e-05,-3.5410008e-05,-3.5410008e-05,-3.1211062e-16,-3.1211062e-16,-0.0026635145,-0.0026635145,-0.00047003198,-0.00047003198,-0.0026635145,-0.0026635145,-0.00047003198,-0.00047003198,3.1601607e-15,3.1601607e-15,2.3607536e-15,2.3607536e-15,-0.0031335465,-0.0031335465,6.3904373e-15,6.3904373e-15,0.02760214,0.02760214,1.4929908e-15,1.4929908e-15,1.6736662e-09,1.6736662e-09,0.00047003198,0.00047003198,1.6734572e-09,1.6734572e-09,0.00047003198,0.00047003198,0.00047003365,0.00047003365,-1.2312965e-15,-1.2312965e-15,-0.0026635129,-0.0026635129,-0.0026635129,-0.0026635129,-0.00047003198,-0.00047003198,6.8774609e-06,6.8774609e-06,-1.461907e-16,-1.461907e-16,3.3395245e-09,3.3395245e-09,6.8741214e-06,6.8741214e-06,0.0011509023,0.0011509023,-1.2879805e-15,-1.2879805e-15,0.85545322,0.85545322,-8.0078601e-14,-8.0078601e-14,0.20195762,0.20195762,-3.9447153e-14,-3.9447153e-14,-0.0026635129,-0.0026635129,0.0031335465,0.0031335465,-0.00053270257,-0.00053270257,5.922557e-16,5.922557e-16,-7.4424942e-15,-7.4424942e-15,7.4623703e-15,7.4623703e-15,-6.2715726e-18,-6.2715726e-18,1.430463e-17,1.430463e-17,-0.030735687,-0.030735687,-2.5377952e-17,-2.5377952e-17,7.0311282e-17,7.0311282e-17,-3.2541885e-16,-3.2541885e-16,5.1992996e-06,5.1992996e-06,2.0163322e-30,2.0163322e-30
-0.002698746,-0.002698746,0.002698746,0.002698746,7.3595643e-16,7.3595643e-16,1.4324281e-15,1.4324281e-15,0.002698746,0.002698746,-0.021628982,-0.021628982,-0.00047624902,-0.00047624902,-0.021625224,-0.021625224,-0.00047624902,-0.00047624902,4.6604893e-10,4.6604893e-10,-2.7141118e-17,-2.7141118e-17,0.00047624748,0.00047624748,-1.8114064e-15,-1.8114064e-15,-3.1796616e-05,-3.1796616e-05,-3.1796758e-05,-3.1796758e-05,-2.963423e-16,-2.963423e-16,-0.0026987444,-0.0026987444,-0.00047624902,-0.00047624902,-0.0026987444,-0.0026987444,-0.00047624902,-0.00047624902,3.0226093e-15,3.0226093e-15,2.2598468e-15,2.2598468e-15,-0.0031749934,-0.0031749934,6.1170253e-15,6.1170253e-15,0.026023909,0.026023909,1.4547174e-15,1.4547174e-15,-1.5372817e-09,-1.5372817e-09,0.00047624902,0.00047624902,-1.5374803e-09,-1.5374803e-09,0.00047624902,0.00047624902,0.00047624748,0.00047624748,-1.265808e-15,-1.265808e-15,-0.002698746,-0.002698746,-0.002698746,-0.002698746,-0.00047624902,-0.00047624902,6.2138297e-06,6.2138297e-06,-1.38884e-16,-1.38884e-16,-3.2109375e-09,-3.2109375e-09,6.2170407e-06,6.2170407e-06,0.0010914166,0.0010914166,-1.319033e-15,-1.319033e-15,0.82004377,0.82004377,-8.2032372e-14,-8.2032372e-14,0.20120537,0.20120537,-4.0418309e-14,-4.0418309e-14,-0.002698746,-0.002698746,0.0031749934,0.0031749934,-0.00053974919,-0.00053974919,5.4134549e-16,5.4134549e-16,-7.6490287e-15,-7.6490287e-15,7.6697274e-15,7.6697274e-15,-6.361273e-18,-6.361273e-18,1.3419709e-17,1.3419709e-17,-0.029198902,-0.029198902,-2.5895281e-17,-2.5895281e-17,7.0006848e-17,7.0006848e-17,-3.1977706e-16,-3.1977706e-16,5.1683307e-06,5.1683307e-06,1.8305138e-30,1.8305138e-30
-0.0027303839,-0.0027303839,0.0027303839,0.0027303839,7.9233495e-16,7.9233495e-16,1.4602262e-15,1.4602262e-15,0.0027303839,0.0027303839,-0.020571747,-0.020571747,-0.00048183272,-0.00048183272,-0.020568014,-0.020568014,-0.00048183272,-0.00048183272,-1.0711846e-09,-1.0711846e-09,-2.6355899e-17,-2.6355899e-17,0.00048183426,0.00048183426,-1.8202256e-15,-1.8202256e-15,-2.8463726e-05,-2.8463726e-05,-2.846386e-05,-2.846386e-05,-2.8128588e-16,-2.8128588e-16,-0.0027303854,-0.0027303854,-0.00048183272,-0.00048183272,-0.0027303854,-0.0027303854,-0.00048183272,-0.00048183272,2.8916234e-15,2.8916234e-15,2.1639357e-15,2.1639357e-15,-0.0032122181,-0.0032122181,5.8568331e-15,5.8568331e-15,0.024526739,0.024526739,1.4190294e-15,1.4190294e-15,1.5422523e-09,1.5422523e-09,0.00048183272,0.00048183272,1.5420637e-09,1.5420637e-09,0.00048183272,0.00048183272,0.00048183426,0.00048183426,-1.2985827e-15,-1.2985827e-15,-0.0027303839,-0.0027303839,-0.0027303839,-0.0027303839,-0.00048183272,-0.00048183272,5.5867848e-06,5.5867848e-06,-1.3189037e-16,-1.3189037e-16,3.079544e-09,3.079544e-09,5.5837052e-06,5.5837052e-06,0.001034926,0.001034926,-1.3483718e-15,-1.3483718e-15,0.78632643,0.78632643,-8.3882111e-14,-8.3882111e-14,0.20039124,0.20039124,-4.1340008e-14,-4.1340008e-14,-0.0027303839,-0.0027303839,0.0032122181,0.0032122181,-0.00054607678,-0.00054607678,4.9344149e-16,4.9344149e-16,-7.8492253e-15,-7.8492253e-15,7.8707153e-15,7.8707153e-15,-6.4415908e-18,-6.4415908e-18,1.2536284e-17,1.2536284e-17,-0.027738957,-0.027738957,-2.6377427e-17,-2.6377427e-17,6.9628701e-17,6.9628701e-17,-3.1387896e-16,-3.1387896e-16,5.1336424e-06,5.1336424e-06,1.659904e-30,1.659904e-30
-0.0027587056,-0.0027587056,0.0027587056,0.0027587056,8.4524401e-16,8.4524401e-16,1.4863943e-15,1.4863943e-15,0.0027587056,0.0027587056,-0.019567119,-0.019567119,-0.00048683014,-0.00048683014,-0.019563413,-0.019563413,-0.00048683014,-0.00048683014,4.711146e-10,4.711146e-10,-2.5552812e-17,-2.5552812e-17,0.00048682872,0.00048682872,-1.8285261e-15,-1.8285261e-15,-2.5239145e-05,-2.5239145e-05,-2.5239273e-05,-2.5239273e-05,-2.6691606e-16,-2.6691606e-16,-0.0027587041,-0.0027587041,-0.00048683014,-0.00048683014,-0.0027587041,-0.0027587041,-0.00048683014,-0.00048683014,2.7668833e-15,2.7668833e-15,2.0727722e-15,2.0727722e-15,-0.0032455343,-0.0032455343,5.6092078e-15,5.6092078e-15,0.023106475,0.023106475,1.3855401e-15,1.3855401e-15,-1.4186368e-09,-1.4186368e-09,0.00048683014,0.00048683014,-1.418816e-09,-1.418816e-09,0.00048683014,0.00048683014,0.00048682872,0.00048682872,-1.3296618e-15,-1.3296618e-15,-0.0027587056,-0.0027587056,-0.0027587056,-0.0027587056,-0.00048683014,-0.00048683014,4.9944595e-06,4.9944595e-06,-1.2520117e-16,-1.2520117e-16,-2.9608797e-09,-2.9608797e-09,4.9974204e-06,4.9974204e-06,0.00098128022,0.00098128022,-1.3760574e-15,-1.3760574e-15,0.75421738,0.75421738,-8.5631104e-14,-8.5631104e-14,0.19951938,0.19951938,-4.221357e-14,-4.221357e-14,-0.0027587056,-0.0027587056,0.0032455343,0.0032455343,-0.00055174111,-0.00055174111,4.4834983e-16,4.4834983e-16,-8.0433352e-15,-8.0433352e-15,8.0655858e-15,8.0655858e-15,-6.5130614e-18,-6.5130614e-18,1.1659192e-17,1.1659192e-17,-0.026352009,-0.026352009,-2.6825762e-17,-2.6825762e-17,6.9186947e-17,6.9186947e-17,-3.0778561e-16,-3.0778561e-16,5.0958883e-06,5.0958883e-06,1.503571e-30,1.503571e-30
-0.0027838188,-0.0027838188,0.0027838188,0.0027838188,8.9555099e-16,8.9555099e-16,1.5109821e-15,1.5109821e-15,0.0027838188,0.0027838188,-0.018612462,-0.018612462,-0.00049126239,-0.00049126239,-0.018608785,-0.018608785,-0.00049126239,-0.00049126239,-9.474766e-10,-9.474766e-10,-2.4738462e-17,-2.4738462e-17,0.00049126381,0.00049126381,-1.8362637e-15,-1.8362637e-15,-2.2268808e-05,-2.2268808e-05,-2.226893e-05,-2.226893e-05,-2.5320443e-16,-2.5320443e-16,-0.0027838202,-0.0027838202,-0.00049126239,-0.00049126239,-0.0027838202,-0.0027838202,-0.00049126239,-0.00049126239,2.6480835e-15,2.6480835e-15,1.9860959e-15,1.9860959e-15,-0.0032750826,-0.0032750826,5.3735087e-15,5.3735087e-15,0.021759326,0.021759326,1.3539294e-15,1.3539294e-15,1.4211563e-09,1.4211563e-09,0.00049126239,0.00049126239,1.4209861e-09,1.4209861e-09,0.00049126239,0.00049126239,0.00049126381,0.00049126381,-1.3590883e-15,-1.3590883e-15,-0.0027838188,-0.0027838188,-0.0027838188,-0.0027838188,-0.00049126239,-0.00049126239,4.4350831e-06,4.4350831e-06,-1.18805e-16,-1.18805e-16,2.8398021e-09,2.8398021e-09,4.4322433e-06,4.4322433e-06,0.00093033703,0.00093033703,-1.4021427e-15,-1.4021427e-15,0.72363708,0.72363708,-8.7282177e-14,-8.7282177e-14,0.19859373,0.19859373,-4.30401e-14,-4.30401e-14,-0.0027838188,-0.0027838188,0.0032750826,0.0032750826,-0.00055676375,-0.00055676375,4.0589798e-16,4.0589798e-16,-8.23153e-15,-8.23153e-15,8.254509e-15,8.254509e-15,-6.5761919e-18,-6.5761919e-18,1.0792529e-17,1.0792529e-17,-0.025034409,-0.025034409,-2.724162e-17,-2.724162e-17,6.8690572e-17,6.8690572e-17,-3.0155026e-16,-3.0155026e-16,5.0556397e-06,5.0556397e-06,1.3605697e-30,1.3605697e-30
-0.0028059765,-0.0028059765,0.0028059765,0.0028059765,9.4455693e-16,9.4455693e-16,1.5340506e-15,1.5340506e-15,0.0028059765,0.0028059765,-0.017705288,-0.017705288,-0.00049517209,-0.00049517209,-0.017701642,-0.017701642,-0.00049517209,-0.00049517209,4.7372413e-10,4.7372413e-10,-2.3918553e-17,-2.3918553e-17,0.00049517078,0.00049517078,-1.8434585e-15,-1.8434585e-15,-1.9394272e-05,-1.9394272e-05,-1.9394388e-05,-1.9394388e-05,-2.4012659e-16,-2.4012659e-16,-0.0028059752,-0.0028059752,-0.00049517209,-0.00049517209,-0.0028059752,-0.0028059752,-0.00049517209,-0.00049517209,2.5349346e-15,2.5349346e-15,1.9036855e-15,1.9036855e-15,-0.0033011472,-0.0033011472,5.1491482e-15,5.1491482e-15,0.020481541,0.020481541,1.323962e-15,1.323962e-15,-1.3091484e-09,-1.3091484e-09,0.00049517209,0.00049517209,-1.3093102e-09,-1.3093102e-09,0.00049517209,0.00049517209,0.00049517078,0.00049517078,-1.3869087e-15,-1.3869087e-15,-0.0028059765,-0.0028059765,-0.0028059765,-0.0028059765,-0.00049517209,-0.00049517209,3.9069716e-06,3.9069716e-06,-1.1269304e-16,-1.1269304e-16,-2.7302962e-09,-2.7302962e-09,3.9097019e-06,3.9097019e-06,0.00088196097,0.00088196097,-1.4266883e-15,-1.4266883e-15,0.69450985,0.69450985,-8.8838757e-14,-8.8838757e-14,0.197618,0.197618,-4.3821061e-14,-4.3821061e-14,-0.0028059765,-0.0028059765,0.0033011472,0.0033011472,-0.00056119529,-0.00056119529,3.6591811e-16,3.6591811e-16,-8.4140501e-15,-8.4140501e-15,8.4377262e-15,8.4377262e-15,-6.6314635e-18,-6.6314635e-18,9.9397387e-18,9.9397387e-18,-0.023782689,-0.023782689,-2.7626294e-17,-2.7626294e-17,6.814756e-17,6.814756e-17,-2.9521923e-16,-2.9521923e-16,5.0133948e-06,5.0133948e-06,1.2299726e-30,1.2299726e-30
-0.002825274,-0.002825274,0.002825274,0.002825274,9.9139447e-16,9.9139447e-16,1.5556502e-15,1.5556502e-15,0.002825274,0.002825274,-0.016843217,-0.016843217,-0.000498578,-0.000498578,-0.016839603,-0.016839603,-0.000498578,-0.000498578,-8.3538106e-10,-8.3538106e-10,-2.309799e-17,-2.309799e-17,0.00049857931,0.00049857931,-1.8500785e-15,-1.8500785e-15,-1.6750299e-05,-1.6750299e-05,-1.6750409e-05,-1.6750409e-05,-2.2765545e-16,-2.2765545e-16,-0.0028252753,-0.0028252753,-0.000498578,-0.000498578,-0.0028252753,-0.0028252753,-0.000498578,-0.000498578,2.4271599e-15,2.4271599e-15,1.8253079e-15,1.8253079e-15,-0.0033238533,-0.0033238533,4.9355494e-15,4.9355494e-15,0.019269701,0.019269701,1.2954342e-15,1.2954342e-15,1.309567e-09,1.309567e-09,0.000498578,0.000498578,1.3094133e-09,1.3094133e-09,0.000498578,0.000498578,0.00049857931,0.00049857931,-1.4131703e-15,-1.4131703e-15,-0.002825274,-0.002825274,-0.002825274,-0.002825274,-0.000498578,-0.000498578,3.4085276e-06,3.4085276e-06,-1.0685401e-16,-1.0685401e-16,2.6187235e-09,2.6187235e-09,3.4059089e-06,3.4059089e-06,0.00083602354,0.00083602354,-1.4497477e-15,-1.4497477e-15,0.6667639,0.6667639,-9.0303804e-14,-9.0303804e-14,0.19659575,0.19659575,-4.4557685e-14,-4.4557685e-14,-0.002825274,-0.002825274,0.0033238533,0.0033238533,-0.0005650548,-0.0005650548,3.2826108e-16,3.2826108e-16,-8.5910612e-15,-8.5910612e-15,8.6154021e-15,8.6154021e-15,-6.6793322e-18,-6.6793322e-18,9.1036883e-18,9.1036883e-18,-0.022593554,-0.022593554,-2.7981038e-17,-2.7981038e-17,6.7564995e-17,6.7564995e-17,-2.8883262e-16,-2.8883262e-16,4.9695869e-06,4.9695869e-06,1.1108728e-30,1.1108728e-30
-0.0028419408,-0.0028419408,0.0028419408,0.0028419408,1.0356299e-15,1.0356299e-15,1.5758414e-15,1.5758414e-15,0.0028419408,0.0028419408,-0.016024007,-0.016024007,-0.00050151875,-0.00050151875,-0.016020425,-0.016020425,-0.00050151875,-0.00050151875,4.7422805e-10,4.7422805e-10,-2.2280971e-17,-2.2280971e-17,0.00050151754,0.00050151754,-1.8561499e-15,-1.8561499e-15,-1.4190966e-05,-1.4190966e-05,-1.419107e-05,-1.419107e-05,-2.1576775e-16,-2.1576775e-16,-0.0028419396,-0.0028419396,-0.00050151875,-0.00050151875,-0.0028419396,-0.0028419396,-0.00050151875,-0.00050151875,2.3244975e-15,2.3244975e-15,1.7507659e-15,1.7507659e-15,-0.0033434583,-0.0033434583,4.7321832e-15,4.7321832e-15,0.018120418,0.018120418,1.2681979e-15,1.2681979e-15,-1.2081111e-09,-1.2081111e-09,0.00050151875,0.00050151875,-1.2082571e-09,-1.2082571e-09,0.00050151875,0.00050151875,0.00050151754,0.00050151754,-1.4379228e-15,-1.4379228e-15,-0.0028419408,-0.0028419408,-0.0028419408,-0.0028419408,-0.00050151875,-0.00050151875,2.9382322e-06,2.9382322e-06,-1.0127912e-16,-1.0127912e-16,-2.5176704e-09,-2.5176704e-09,2.9407499e-06,2.9407499e-06,0.00079240253,0.00079240253,-1.4713808e-15,-1.4713808e-15,0.64033093,0.64033093,-9.1680786e-14,-9.1680786e-14,0.19553029,0.19553029,-4.5251511e-14,-4.5251511e-14,-0.0028419408,-0.0028419408,0.0033434583,0.0033434583,-0.00056838815,-0.00056838815,2.9278122e-16,2.9278122e-16,-8.7627918e-15,-8.7627918e-15,8.7877661e-15,8.7877661e-15,-6.72023e-18,-6.72023e-18,8.2867405e-18,8.2867405e-18,-0.021463876,-0.021463876,-2.8307068e-17,-2.8307068e-17,6.6949155e-17,6.6949155e-17,-2.8242509e-16,-2.8242509e-16,4.9245918e-06,4.9245918e-06,1.0024027e-30,1.0024027e-30
-0.002856061,-0.002856061,0.002856061,0.002856061,1.0785643e-15,1.0785643e-15,1.5946743e-15,1.5946743e-15,0.002856061,0.002856061,-0.015245508,-0.015245508,-0.00050401098,-0.00050401098,-0.01524196,-0.01524196,-0.00050401098,-0.00050401098,-7.3384201e-10,-7.3384201e-10,-2.1471065e-17,-2.1471065e-17,0.00050401218,0.00050401218,-1.8616503e-15,-1.8616503e-15,-1.1840716e-05,-1.1840716e-05,-1.1840815e-05,-1.1840815e-05,-2.0443783e-16,-2.0443783e-16,-0.0028560622,-0.0028560622,-0.00050401098,-0.00050401098,-0.0028560622,-0.0028560622,-0.00050401098,-0.00050401098,2.2266969e-15,2.2266969e-15,1.6798505e-15,1.6798505e-15,-0.0033600732,-0.0033600732,4.5385298e-15,4.5385298e-15,0.017030609,0.017030609,1.2421175e-15,1.2421175e-15,1.2067369e-09,1.2067369e-09,0.00050401098,0.00050401098,1.2065982e-09,1.2065982e-09,0.00050401098,0.00050401098,0.00050401218,0.00050401218,-1.4612158e-15,-1.4612158e-15,-0.002856061,-0.002856061,-0.002856061,-0.002856061,-0.00050401098,-0.00050401098,2.4946444e-06,2.4946444e-06,-9.5957409e-17,-9.5957409e-17,2.4148554e-09,2.4148554e-09,2.4922296e-06,2.4922296e-06,0.00075098198,0.00075098198,-1.4916402e-15,-1.4916402e-15,0.61514611,0.61514611,-9.2972702e-14,-9.2972702e-14,0.1944248,0.1944248,-4.5903844e-14,-4.5903844e-14,-0.002856061,-0.002856061,0.0033600732,0.0033600732,-0.0005712122,-0.0005712122,2.5934926e-16,2.5934926e-16,-8.9294001e-15,-8.9294001e-15,8.954976e-15,8.954976e-15,-6.7545667e-18,-6.7545667e-18,7.4908125e-18,7.4908125e-18,-0.020390683,-0.020390683,-2.860556e-17,-2.860556e-17,6.6305602e-17,6.6305602e-17,-2.7602641e-16,-2.7602641e-16,4.8787345e-06,4.8787345e-06,9.0373115e-31,9.0373115e-31
-0.0028678427,-0.0028678427,0.0028678427,0.0028678427,1.118463e-15,1.118463e-15,1.6122076e-15,1.6122076e-15,0.0028678427,0.0028678427,-0.014505696,-0.014505696,-0.00050608969,-0.00050608969,-0.014502181,-0.014502181,-0.00050608969,-0.00050608969,4.7293496e-10,4.7293496e-10,-2.0671291e-17,-2.0671291e-17,0.00050608858,0.00050608858,-1.86661e-15,-1.86661e-15,-9.565153e-06,-9.565153e-06,-9.5652471e-06,-9.5652471e-06,-1.936437e-16,-1.936437e-16,-0.0028678416,-0.0028678416,-0.00050608969,-0.00050608969,-0.0028678416,-0.0028678416,-0.00050608969,-0.00050608969,2.1335209e-15,2.1335209e-15,1.6123855e-15,1.6123855e-15,-0.0033739313,-0.0033739313,4.3541129e-15,4.3541129e-15,0.015997217,0.015997217,1.2170959e-15,1.2170959e-15,-1.1148736e-09,-1.1148736e-09,0.00050608969,0.00050608969,-1.1150054e-09,-1.1150054e-09,0.00050608969,0.00050608969,0.00050608858,0.00050608858,-1.4831003e-15,-1.4831003e-15,-0.0028678427,-0.0028678427,-0.0028678427,-0.0028678427,-0.00050608969,-0.00050608969,2.076394e-06,2.076394e-06,-9.0880262e-17,-9.0880262e-17,-2.3216036e-09,-2.3216036e-09,2.0787156e-06,2.0787156e-06,0.00071165159,0.00071165159,-1.5105843e-15,-1.5105843e-15,0.59114778,0.59114778,-9.4182986e-14,-9.4182986e-14,0.19328227,0.19328227,-4.6516249e-14,-4.6516249e-14,-0.0028678427,-0.0028678427,0.0033739313,0.0033739313,-0.00057356854,-0.00057356854,2.278384e-16,2.278384e-16,-9.0911016e-15,-9.0911016e-15,9.1172485e-15,9.1172485e-15,-6.7827305e-18,-6.7827305e-18,6.7174326e-18,6.7174326e-18,-0.019371148,-0.019371148,-2.8877656e-17,-2.8877656e-17,6.5639255e-17,6.5639255e-17,-2.6966205e-16,-2.6966205e-16,4.8322947e-06,4.8322947e-06,8.1407553e-31,8.1407553e-31
-0.0028773602,-0.0028773602,0.0028773602,0.0028773602,1.1583616e-15,1.1583616e-15,1.6284905e-15,1.6284905e-15,0.0028773602,0.0028773602,-0.013802631,-0.013802631,-0.00050776965,-0.00050776965,-0.01379915,-0.01379915,-0.00050776965,-0.00050776965,-6.4189963e-10,-6.4189963e-10,-1.9884178e-17,-1.9884178e-17,0.00050777076,0.00050777076,-1.8710138e-15,-1.8710138e-15,-7.4791889e-06,-7.4791889e-06,-7.4792783e-06,-7.4792783e-06,-1.8336124e-16,-1.8336124e-16,-0.0028773613,-0.0028773613,-0.00050776965,-0.00050776965,-0.0028773613,-0.0028773613,-0.00050776965,-0.00050776965,2.0447429e-15,2.0447429e-15,1.5481837e-15,1.5481837e-15,-0.003385131,-0.003385131,4.1784638e-15,4.1784638e-15,0.01501746,0.01501746,1.1930379e-15,1.1930379e-15,1.1119777e-09,1.1119777e-09,0.00050776965,0.00050776965,1.1118525e-09,1.1118525e-09,0.00050776965,0.00050776965,0.00050777076,0.00050777076,-1.5036266e-15,-1.5036266e-15,-0.0028773602,-0.0028773602,-0.0028773602,-0.0028773602,-0.00050776965,-0.00050776965,1.6821814e-06,1.6821814e-06,-8.603714e-17,-8.603714e-17,2.2268579e-09,2.2268579e-09,1.6799545e-06,1.6799545e-06,0.00067430671,0.00067430671,-1.528264e-15,-1.528264e-15,0.56827743,0.56827743,-9.5314609e-14,-9.5314609e-14,0.19210554,0.19210554,-4.7090057e-14,-4.7090057e-14,-0.0028773602,-0.0028773602,0.003385131,0.003385131,-0.00057547204,-0.00057547204,1.981363e-16,1.981363e-16,-9.2480467e-15,-9.2480467e-15,9.2747334e-15,9.2747334e-15,-6.8050892e-18,-6.8050892e-18,5.9677878e-18,5.9677878e-18,-0.018402591,-0.018402591,-2.9124458e-17,-2.9124458e-17,6.4954456e-17,6.4954456e-17,-2.6335368e-16,-2.6335368e-16,4.7855125e-06,4.7855125e-06,7.3269607e-31,7.3269607e-31
-0.0028848022,-0.0028848022,0.0028848022,0.0028848022,1.1952245e-15,1.1952245e-15,1.6435794e-15,1.6435794e-15,0.0028848022,0.0028848022,-0.013134486,-0.013134486,-0.00050908256,-0.00050908256,-0.01313104,-0.01313104,-0.00050908256,-0.00050908256,4.7011617e-10,4.7011617e-10,-1.9111825e-17,-1.9111825e-17,0.00050908153,0.00050908153,-1.8748946e-15,-1.8748946e-15,-5.459041e-06,-5.459041e-06,-5.459126e-06,-5.459126e-06,-1.7356976e-16,-1.7356976e-16,-0.0028848012,-0.0028848012,-0.00050908256,-0.00050908256,-0.0028848012,-0.0028848012,-0.00050908256,-0.00050908256,1.9601483e-15,1.9601483e-15,1.4870875e-15,1.4870875e-15,-0.0033938837,-0.0033938837,4.0111538e-15,4.0111538e-15,0.014088578,0.014088578,1.1698769e-15,1.1698769e-15,-1.0288348e-09,-1.0288348e-09,0.00050908256,0.00050908256,-1.0289537e-09,-1.0289537e-09,0.00050908256,0.00050908256,0.00050908153,0.00050908153,-1.5228456e-15,-1.5228456e-15,-0.0028848022,-0.0028848022,-0.0028848022,-0.0028848022,-0.00050908256,-0.00050908256,1.3107705e-06,1.3107705e-06,-8.1419728e-17,-8.1419728e-17,-2.1408062e-09,-2.1408062e-09,1.3129113e-06,1.3129113e-06,0.00063884781,0.00063884781,-1.5447355e-15,-1.5447355e-15,0.54647938,0.54647938,-9.6370916e-14,-9.6370916e-14,0.19089729,0.19089729,-4.7626824e-14,-4.7626824e-14,-0.0028848022,-0.0028848022,0.0033938837,0.0033938837,-0.00057696044,-0.00057696044,1.7013232e-16,1.7013232e-16,-9.4004375e-15,-9.4004375e-15,9.4276343e-15,9.4276343e-15,-6.8219915e-18,-6.8219915e-18,5.2427686e-18,5.2427686e-18,-0.017482461,-0.017482461,-2.9347033e-17,-2.9347033e-17,6.4255036e-17,6.4255036e-17,-2.5711959e-16,-2.5711959e-16,4.7385929e-06,4.7385929e-06,6.5890339e-31,6.5890339e-31
-0.0028902341,-0.0028902341,0.0028902341,0.0028902341,1.2299189e-15,1.2299189e-15,1.6575214e-15,1.6575214e-15,0.0028902341,0.0028902341,-0.01249951,-0.01249951,-0.00051004149,-0.00051004149,-0.012496098,-0.012496098,-0.00051004149,-0.00051004149,-5.5868142e-10,-5.5868142e-10,-1.8355953e-17,-1.8355953e-17,0.00051004252,0.00051004252,-1.8782425e-15,-1.8782425e-15,-3.6108154e-06,-3.6108154e-06,-3.6108961e-06,-3.6108961e-06,-1.6424674e-16,-1.6424674e-16,-0.0028902351,-0.0028902351,-0.00051004149,-0.00051004149,-0.0028902351,-0.0028902351,-0.00051004149,-0.00051004149,1.8795321e-15,1.8795321e-15,1.4289289e-15,1.4289289e-15,-0.0034002766,-0.0034002766,3.8517601e-15,3.8517601e-15,0.013208062,0.013208062,1.1475423e-15,1.1475423e-15,1.024655e-09,1.024655e-09,0.00051004149,0.00051004149,1.0245421e-09,1.0245421e-09,0.00051004149,0.00051004149,0.00051004252,0.00051004252,-1.5408073e-15,-1.5408073e-15,-0.0028902341,-0.0028902341,-0.0028902341,-0.0028902341,-0.00051004149,-0.00051004149,9.6098923e-07,9.6098923e-07,-7.7017988e-17,-7.7017988e-17,2.0534958e-09,2.0534958e-09,9.5893573e-07,9.5893573e-07,0.00060518045,0.00060518045,-1.5600476e-15,-1.5600476e-15,0.52570083,0.52570083,-9.73548e-14,-9.73548e-14,0.18966005,0.18966005,-4.8127875e-14,-4.8127875e-14,-0.0028902341,-0.0028902341,0.0034002766,0.0034002766,-0.00057804682,-0.00057804682,1.4372857e-16,1.4372857e-16,-9.5484156e-15,-9.5484156e-15,9.5760928e-15,9.5760928e-15,-6.8337677e-18,-6.8337677e-18,4.5430066e-18,4.5430066e-18,-0.016608338,-0.016608338,-2.9546414e-17,-2.9546414e-17,6.3544368e-17,6.3544368e-17,-2.5097512e-16,-2.5097512e-16,4.6917098e-06,4.6917098e-06,5.9205176e-31,5.9205176e-31
-0.002893827,-0.002893827,0.002893827,0.002893827,1.2646134e-15,1.2646134e-15,1.6703706e-15,1.6703706e-15,0.002893827,0.002893827,-0.011896055,-0.011896055,-0.00051067519,-0.00051067519,-0.011892677,-0.011892677,-0.00051067519,-0.00051067519,4.6600993e-10,4.6600993e-10,-1.7617951e-17,-1.7617951e-17,0.00051067424,0.00051067424,-1.8810918e-15,-1.8810918e-15,-1.8205028e-06,-1.8205028e-06,-1.8205794e-06,-1.8205794e-06,-1.5537284e-16,-1.5537284e-16,-0.0028938261,-0.0028938261,-0.00051067519,-0.00051067519,-0.0028938261,-0.0028938261,-0.00051067519,-0.00051067519,1.8027002e-15,1.8027002e-15,1.3735669e-15,1.3735669e-15,-0.0034045013,-0.0034045013,3.6998967e-15,3.6998967e-15,0.01237342,0.01237342,1.1259861e-15,1.1259861e-15,-9.494396e-10,-9.494396e-10,0.00051067519,0.00051067519,-9.495469e-10,-9.495469e-10,0.00051067519,0.00051067519,0.00051067424,0.00051067424,-1.5575618e-15,-1.5575618e-15,-0.002893827,-0.002893827,-0.002893827,-0.002893827,-0.00051067519,-0.00051067519,6.3172272e-07,6.3172272e-07,-7.282398e-17,-7.282398e-17,-1.974089e-09,-1.974089e-09,6.3369681e-07,6.3369681e-07,0.00057321479,0.00057321479,-1.5742537e-15,-1.5742537e-15,0.5058915,0.5058915,-9.826948e-14,-9.826948e-14,0.18839624,0.18839624,-4.8594731e-14,-4.8594731e-14,-0.002893827,-0.002893827,0.0034045013,0.0034045013,-0.0005787654,-0.0005787654,1.1882826e-16,1.1882826e-16,-9.6921702e-15,-9.6921702e-15,9.720299e-15,9.720299e-15,-6.8407306e-18,-6.8407306e-18,3.8689095e-18,3.8689095e-18,-0.015777921,-0.015777921,-2.9723599e-17,-2.9723599e-17,6.2825415e-17,6.2825415e-17,-2.4493297e-16,-2.4493297e-16,4.64501e-06,4.64501e-06,5.315438e-31,5.315438e-31
-0.0028956386,-0.0028956386,0.0028956386,0.0028956386,1.2962721e-15,1.2962721e-15,1.6821718e-15,1.6821718e-15,0.0028956386,0.0028956386,-0.011322541,-0.011322541,-0.00051099521,-0.00051099521,-0.011319196,-0.011319196,-0.00051099521,-0.00051099521,-4.833942e-10,-4.833942e-10,-1.6898917e-17,-1.6898917e-17,0.00051099615,0.00051099615,-1.8834367e-15,-1.8834367e-15,-1.8607588e-07,-1.8607588e-07,-1.8614869e-07,-1.8614869e-07,-1.4692708e-16,-1.4692708e-16,-0.0028956395,-0.0028956395,-0.00051099521,-0.00051099521,-0.0028956395,-0.0028956395,-0.00051099521,-0.00051099521,1.729467e-15,1.729467e-15,1.3208507e-15,1.3208507e-15,-0.0034066347,-0.0034066347,3.5551824e-15,3.5551824e-15,0.011582391,0.011582391,1.1051534e-15,1.1051534e-15,9.4418463e-10,9.4418463e-10,0.00051099521,0.00051099521,9.4408269e-10,9.4408269e-10,0.00051099521,0.00051099521,0.00051099615,0.00051099615,-1.5731575e-15,-1.5731575e-15,-0.0028956386,-0.0028956386,-0.0028956386,-0.0028956386,-0.00051099521,-0.00051099521,3.2191371e-07,3.2191371e-07,-6.8828215e-17,-6.8828215e-17,1.8936296e-09,1.8936296e-09,3.2002008e-07,3.2002008e-07,0.00054286561,0.00054286561,-1.5874003e-15,-1.5874003e-15,0.48700372,0.48700372,-9.9117738e-14,-9.9117738e-14,0.18710811,0.18710811,-4.9028687e-14,-4.9028687e-14,-0.0028956386,-0.0028956386,0.0034066347,0.0034066347,-0.00057912772,-0.00057912772,9.5345915e-17,9.5345915e-17,-9.8318338e-15,-9.8318338e-15,9.8603859e-15,9.8603859e-15,-6.8431766e-18,-6.8431766e-18,3.2206917e-18,3.2206917e-18,-0.014989025,-0.014989025,-2.9879551e-17,-2.9879551e-17,6.2100776e-17,6.2100776e-17,-2.3900356e-16,-2.3900356e-16,4.5986163e-06,4.5986163e-06,4.7682368e-31,4.7682368e-31
-0.0028958239,-0.0028958239,0.0028958239,0.0028958239,1.3261961e-15,1.3261961e-15,1.6929759e-15,1.6929759e-15,0.0028958239,0.0028958239,-0.010777478,-0.010777478,-0.00051102759,-0.00051102759,-0.010774167,-0.010774167,-0.00051102759,-0.00051102759,4.6082509e-10,4.6082509e-10,-1.6199696e-17,-1.6199696e-17,0.00051102671,0.00051102671,-1.8853118e-15,-1.8853118e-15,1.3974753e-06,1.3974753e-06,1.3974061e-06,1.3974061e-06,-1.388915e-16,-1.388915e-16,-0.002895823,-0.002895823,-0.00051102759,-0.00051102759,-0.002895823,-0.002895823,-0.00051102759,-0.00051102759,1.659657e-15,1.659657e-15,1.2706541e-15,1.2706541e-15,-0.0034068506,-0.0034068506,3.4172692e-15,3.4172692e-15,0.010832724,0.010832724,1.0850076e-15,1.0850076e-15,-8.7617579e-10,-8.7617579e-10,0.00051102759,0.00051102759,-8.7627263e-10,-8.7627263e-10,0.00051102759,0.00051102759,0.00051102671,0.00051102671,-1.5876431e-15,-1.5876431e-15,-0.0028958239,-0.0028958239,-0.0028958239,-0.0028958239,-0.00051102759,-0.00051102759,3.0556833e-08,3.0556833e-08,-6.5023176e-17,-6.5023176e-17,-1.8203553e-09,-1.8203553e-09,3.2377189e-08,3.2377189e-08,0.00051405184,0.00051405184,-1.5995377e-15,-1.5995377e-15,0.4689921,0.4689921,-9.9902639e-14,-9.9902639e-14,0.18579782,0.18579782,-4.9431208e-14,-4.9431208e-14,-0.0028958239,-0.0028958239,0.0034068506,0.0034068506,-0.00057916477,-0.00057916477,7.3196625e-17,7.3196625e-17,-9.9675826e-15,-9.9675826e-15,9.9965308e-15,9.9965308e-15,-6.8413866e-18,-6.8413866e-18,2.5984008e-18,2.5984008e-18,-0.014239574,-0.014239574,-3.0015203e-17,-3.0015203e-17,6.1372724e-17,6.1372724e-17,-2.3319527e-16,-2.3319527e-16,4.5526307e-06,4.5526307e-06,4.2737998e-31,4.2737998e-31
-0.0028944335,-0.0028944335,0.0028944335,0.0028944335,1.3561201e-15,1.3561201e-15,1.7028254e-15,1.7028254e-15,0.0028944335,0.0028944335,-0.010259442,-0.010259442,-0.00051078254,-0.00051078254,-0.010256164,-0.010256164,-0.00051078254,-0.00051078254,-4.1531682e-10,-4.1531682e-10,-1.552091e-17,-1.552091e-17,0.00051078341,0.00051078341,-1.8867145e-15,-1.8867145e-15,2.8396904e-06,2.8396904e-06,2.8396247e-06,2.8396247e-06,-1.3124663e-16,-1.3124663e-16,-0.0028944344,-0.0028944344,-0.00051078254,-0.00051078254,-0.0028944344,-0.0028944344,-0.00051078254,-0.00051078254,1.5931024e-15,1.5931024e-15,1.2228415e-15,1.2228415e-15,-0.0034052169,-0.0034052169,3.2858136e-15,3.2858136e-15,0.010122378,0.010122378,1.0655043e-15,1.0655043e-15,8.7002819e-10,8.7002819e-10,0.00051078254,0.00051078254,8.6993618e-10,8.6993618e-10,0.00051078254,0.00051078254,0.00051078341,0.00051078341,-1.6010653e-15,-1.6010653e-15,-0.0028944335,-0.0028944335,-0.0028944335,-0.0028944335,-0.00051078254,-0.00051078254,-2.4330145e-07,-2.4330145e-07,-6.1399951e-17,-6.1399951e-17,1.7462088e-09,1.7462088e-09,-2.4504766e-07,-2.4504766e-07,0.00048669657,0.00048669657,-1.6107096e-15,-1.6107096e-15,0.45181359,0.45181359,-1.0062683e-13,-1.0062683e-13,0.18446739,0.18446739,-4.9803546e-14,-4.9803546e-14,-0.0028944335,-0.0028944335,0.0034052169,0.0034052169,-0.0005788867,-0.0005788867,5.2305575e-17,5.2305575e-17,-1.009954e-14,-1.009954e-14,1.0128858e-14,1.0128858e-14,-6.8356262e-18,-6.8356262e-18,2.0019421e-18,2.0019421e-18,-0.013527595,-0.013527595,-3.0131453e-17,-3.0131453e-17,6.0643245e-17,6.0643245e-17,-2.2751473e-16,-2.2751473e-16,4.5071366e-06,4.5071366e-06,3.8273923e-31,3.8273923e-31
-0.0028916082,-0.0028916082,0.0028916082,0.0028916082,1.383442e-15,1.383442e-15,1.7117681e-15,1.7117681e-15,0.0028916082,0.0028916082,-0.0097670887,-0.0097670887,-0.00051028365,-0.00051028365,-0.0097638435,-0.0097638435,-0.00051028365,-0.00051028365,4.5474449e-10,4.5474449e-10,-1.4862991e-17,-1.4862991e-17,0.00051028284,0.00051028284,-1.8876788e-15,-1.8876788e-15,4.2372926e-06,4.2372926e-06,4.2372302e-06,4.2372302e-06,-1.2397585e-16,-1.2397585e-16,-0.0028916073,-0.0028916073,-0.00051028365,-0.00051028365,-0.0028916073,-0.0028916073,-0.00051028365,-0.00051028365,1.5296444e-15,1.5296444e-15,1.1772998e-15,1.1772998e-15,-0.003401891,-0.003401891,3.1605018e-15,3.1605018e-15,0.0094493247,0.0094493247,1.0466146e-15,1.0466146e-15,-8.0857049e-10,-8.0857049e-10,0.00051028365,0.00051028365,-8.0865789e-10,-8.0865789e-10,0.00051028365,0.00051028365,0.00051028284,0.00051028284,-1.6134703e-15,-1.6134703e-15,-0.0028916082,-0.0028916082,-0.0028916082,-0.0028916082,-0.00051028365,-0.00051028365,-5.0056786e-07,-5.0056786e-07,-5.7951472e-17,-5.7951472e-17,-1.6785941e-09,-1.6785941e-09,-4.9888926e-07,-4.9888926e-07,0.00046072662,0.00046072662,-1.6209634e-15,-1.6209634e-15,0.43542724,0.43542724,-1.0129321e-13,-1.0129321e-13,0.18311875,0.18311875,-5.0147098e-14,-5.0147098e-14,-0.0028916082,-0.0028916082,0.003401891,0.003401891,-0.00057832163,-0.00057832163,3.2598137e-17,3.2598137e-17,-1.0227871e-14,-1.0227871e-14,1.0257532e-14,1.0257532e-14,-6.8261473e-18,-6.8261473e-18,1.4310995e-18,1.4310995e-18,-0.012851216,-0.012851216,-3.0229169e-17,-3.0229169e-17,5.9914064e-17,5.9914064e-17,-2.21967e-16,-2.21967e-16,4.4622017e-06,4.4622017e-06,3.4246758e-31,3.4246758e-31
-0.0028873922,-0.0028873922,0.0028873922,0.0028873922,1.4094628e-15,1.4094628e-15,1.7198439e-15,1.7198439e-15,0.0028873922,0.0028873922,-0.009299131,-0.009299131,-0.00050953994,-0.00050953994,-0.009295918,-0.009295918,-0.00050953994,-0.00050953994,-3.5379359e-10,-3.5379359e-10,-1.42262e-17,-1.42262e-17,0.00050954074,0.00050954074,-1.8882045e-15,-1.8882045e-15,5.5067601e-06,5.5067601e-06,5.5067008e-06,5.5067008e-06,-1.1706114e-16,-1.1706114e-16,-0.002887393,-0.002887393,-0.00050953994,-0.00050953994,-0.002887393,-0.002887393,-0.00050953994,-0.00050953994,1.4691314e-15,1.4691314e-15,1.1339071e-15,1.1339071e-15,-0.0033969329,-0.0033969329,3.0410239e-15,3.0410239e-15,0.008811722,0.008811722,1.0283012e-15,1.0283012e-15,8.0168977e-10,8.0168977e-10,0.00050953994,0.00050953994,8.0160673e-10,8.0160673e-10,0.00050953994,0.00050953994,0.00050954074,0.00050954074,-1.6249029e-15,-1.6249029e-15,-0.0028873922,-0.0028873922,-0.0028873922,-0.0028873922,-0.00050953994,-0.00050953994,-7.4210228e-07,-7.4210228e-07,-5.4669411e-17,-5.4669411e-17,1.6102646e-09,1.6102646e-09,-7.4371255e-07,-7.4371255e-07,0.00043607261,0.00043607261,-1.63034e-15,-1.63034e-15,0.41979416,0.41979416,-1.0190428e-13,-1.0190428e-13,0.18175371,0.18175371,-5.0463056e-14,-5.0463056e-14,-0.0028873922,-0.0028873922,0.0033969329,0.0033969329,-0.00057747844,-0.00057747844,1.4008674e-17,1.4008674e-17,-1.0352689e-14,-1.0352689e-14,1.0382668e-14,1.0382668e-14,-6.8131884e-18,-6.8131884e-18,8.855543e-19,8.855543e-19,-0.012208655,-0.012208655,-3.0309188e-17,-3.0309188e-17,5.918668e-17,5.918668e-17,-2.1655582e-16,-2.1655582e-16,4.4178795e-06,4.4178795e-06,3.0616497e-31,3.0616497e-31
-0.0028819131,-0.0028819131,0.0028819131,0.0028819131,1.4346163e-15,1.4346163e-15,1.7270974e-15,1.7270974e-15,0.0028819131,0.0028819131,-0.0088543569,-0.0088543569,-0.00050857276,-0.00050857276,-0.0088511756,-0.0088511756,-0.00050857276,-0.00050857276,4.4792787e-10,4.4792787e-10,-1.3610659e-17,-1.3610659e-17,0.00050857202,0.00050857202,-1.8883247e-15,-1.8883247e-15,6.737185e-06,6.737185e-06,6.7371287e-06,6.7371287e-06,-1.1048716e-16,-1.1048716e-16,-0.0028819123,-0.0028819123,-0.00050857276,-0.00050857276,-0.0028819123,-0.0028819123,-0.00050857276,-0.00050857276,1.4114197e-15,1.4114197e-15,1.0925621e-15,1.0925621e-15,-0.0033904851,-0.0033904851,2.9270972e-15,2.9270972e-15,0.008207737,0.008207737,1.0105405e-15,1.0105405e-15,-7.4618719e-10,-7.4618719e-10,0.00050857276,0.00050857276,-7.4626608e-10,-7.4626608e-10,0.00050857276,0.00050857276,0.00050857202,0.00050857202,-1.6354069e-15,-1.6354069e-15,-0.0028819131,-0.0028819131,-0.0028819131,-0.0028819131,-0.00050857276,-0.00050857276,-9.687224e-07,-9.687224e-07,-5.1547164e-17,-5.1547164e-17,-1.5478728e-09,-1.5478728e-09,-9.6717452e-07,-9.6717452e-07,0.0004126685,0.0004126685,-1.6388834e-15,-1.6388834e-15,0.40487738,0.40487738,-1.0246275e-13,-1.0246275e-13,0.18037397,0.18037397,-5.0752743e-14,-5.0752743e-14,-0.0028819131,-0.0028819131,0.0033904851,0.0033904851,-0.00057638261,-0.00057638261,-3.5285557e-18,-3.5285557e-18,-1.0474147e-14,-1.0474147e-14,1.0504419e-14,1.0504419e-14,-6.796975e-18,-6.796975e-18,3.6490187e-19,3.6490187e-19,-0.011598222,-0.011598222,-3.0372319e-17,-3.0372319e-17,5.8462385e-17,5.8462385e-17,-2.1128373e-16,-2.1128373e-16,4.3742117e-06,4.3742117e-06,2.7346604e-31,2.7346604e-31
-0.0028752097,-0.0028752097,0.0028752097,0.0028752097,1.4580351e-15,1.4580351e-15,1.7335657e-15,1.7335657e-15,0.0028752097,0.0028752097,-0.0084316044,-0.0084316044,-0.00050739007,-0.00050739007,-0.0084284544,-0.0084284544,-0.00050739007,-0.00050739007,-2.9822829e-10,-2.9822829e-10,-1.3016362e-17,-1.3016362e-17,0.00050739081,0.00050739081,-1.8880406e-15,-1.8880406e-15,7.8514539e-06,7.8514539e-06,7.8514004e-06,7.8514004e-06,-1.0423733e-16,-1.0423733e-16,-0.0028752104,-0.0028752104,-0.00050739007,-0.00050739007,-0.0028752104,-0.0028752104,-0.00050739007,-0.00050739007,1.3563723e-15,1.3563723e-15,1.053155e-15,1.053155e-15,-0.0033826005,-0.0033826005,2.8184421e-15,2.8184421e-15,0.0076357105,0.0076357105,9.9330035e-16,9.9330035e-16,7.3871246e-10,7.3871246e-10,0.00050739007,0.00050739007,7.3863752e-10,7.3863752e-10,0.00050739007,0.00050739007,0.00050739081,0.00050739081,-1.6450243e-15,-1.6450243e-15,-0.0028752097,-0.0028752097,-0.0028752097,-0.0028752097,-0.00050739007,-0.00050739007,-1.1812036e-06,-1.1812036e-06,-4.8576982e-17,-4.8576982e-17,1.4849036e-09,1.4849036e-09,-1.1826885e-06,-1.1826885e-06,0.00039045166,0.00039045166,-1.646632e-15,-1.646632e-15,0.39064179,0.39064179,-1.0297097e-13,-1.0297097e-13,0.17898116,0.17898116,-5.1017288e-14,-5.1017288e-14,-0.0028752097,-0.0028752097,0.0033826005,0.0033826005,-0.00057504194,-0.00057504194,-2.0071254e-17,-2.0071254e-17,-1.059235e-14,-1.059235e-14,1.0622893e-14,1.0622893e-14,-6.7777207e-18,-6.7777207e-18,-1.3133401e-19,-1.3133401e-19,-0.011018311,-0.011018311,-3.0419341e-17,-3.0419341e-17,5.7742293e-17,5.7742293e-17,-2.0615227e-16,-2.0615227e-16,4.3312293e-06,4.3312293e-06,2.4403496e-31,2.4403496e-31
-0.0028673976,-0.0028673976,0.0028673976,0.0028673976,1.4801528e-15,1.4801528e-15,1.7392903e-15,1.7392903e-15,0.0028673976,0.0028673976,-0.0080297797,-0.0080297797,-0.00050601122,-0.00050601122,-0.0080266604,-0.0080266604,-0.00050601122,-0.00050601122,4.4051455e-10,4.4051455e-10,-1.2443202e-17,-1.2443202e-17,0.00050601053,0.00050601053,-1.8873844e-15,-1.8873844e-15,8.9316314e-06,8.9316314e-06,8.9315806e-06,8.9315806e-06,-9.8297512e-17,-9.8297512e-17,-0.0028673969,-0.0028673969,-0.00050601122,-0.00050601122,-0.0028673969,-0.0028673969,-0.00050601122,-0.00050601122,1.3038593e-15,1.3038593e-15,1.015595e-15,1.015595e-15,-0.0033734081,-0.0033734081,2.7148037e-15,2.7148037e-15,0.0070939873,0.0070939873,9.7656092e-16,9.7656092e-16,-6.8862301e-10,-6.8862301e-10,0.00050601122,0.00050601122,-6.8869421e-10,-6.8869421e-10,0.00050601122,0.00050601122,0.00050601053,0.00050601053,-1.6537967e-15,-1.6537967e-15,-0.0028673976,-0.0028673976,-0.0028673976,-0.0028673976,-0.00050601122,-0.00050601122,-1.3802833e-06,-1.3802833e-06,-4.5752721e-17,-4.5752721e-17,-1.4273317e-09,-1.4273317e-09,-1.3788559e-06,-1.3788559e-06,0.00036936249,0.00036936249,-1.6536264e-15,-1.6536264e-15,0.37705401,0.37705401,-1.0343147e-13,-1.0343147e-13,0.17757681,0.17757681,-5.1257933e-14,-5.1257933e-14,-0.0028673976,-0.0028673976,0.0033734081,0.0033734081,-0.00057347952,-0.00057347952,-3.5677451e-17,-3.5677451e-17,-1.070744e-14,-1.070744e-14,1.073823e-14,1.073823e-14,-6.7556279e-18,-6.7556279e-18,-6.036882e-19,-6.036882e-19,-0.010467395,-0.010467395,-3.0451003e-17,-3.0451003e-17,5.7027356e-17,5.7027356e-17,-2.011621e-16,-2.011621e-16,4.2889544e-06,4.2889544e-06,2.1756586e-31,2.1756586e-31
-0.0028585107,-0.0028585107,0.0028585107,0.0028585107,1.5014032e-15,1.5014032e-15,1.7443058e-15,1.7443058e-15,0.0028585107,0.0028585107,-0.007647834,-0.007647834,-0.00050444319,-0.00050444319,-0.0076447449,-0.0076447449,-0.00050444319,-0.00050444319,-2.4807871e-10,-2.4807871e-10,-1.1890977e-17,-1.1890977e-17,0.00050444387,0.00050444387,-1.8863581e-15,-1.8863581e-15,9.9065226e-06,9.9065226e-06,9.9064743e-06,9.9064743e-06,-9.2652452e-17,-9.2652452e-17,-0.0028585114,-0.0028585114,-0.00050444319,-0.00050444319,-0.0028585114,-0.0028585114,-0.00050444319,-0.00050444319,1.2537566e-15,1.2537566e-15,9.7978332e-16,9.7978332e-16,-0.0033629546,-0.0033629546,2.6159298e-15,2.6159298e-15,0.0065810711,0.0065810711,9.6029425e-16,9.6029425e-16,6.8067532e-10,6.8067532e-10,0.00050444319,0.00050444319,6.8060768e-10,6.8060768e-10,0.00050444319,0.00050444319,0.00050444387,0.00050444387,-1.6617634e-15,-1.6617634e-15,-0.0028585107,-0.0028585107,-0.0028585107,-0.0028585107,-0.00050444319,-0.00050444319,-1.5666605e-06,-1.5666605e-06,-4.3067198e-17,-4.3067198e-17,1.3693019e-09,1.3693019e-09,-1.5680298e-06,-1.5680298e-06,0.00034934448,0.00034934448,-1.6599022e-15,-1.6599022e-15,0.36408234,0.36408234,-1.0384645e-13,-1.0384645e-13,0.17616235,0.17616235,-5.1475736e-14,-5.1475736e-14,-0.0028585107,-0.0028585107,0.0033629546,0.0033629546,-0.00057170214,-0.00057170214,-5.0397975e-17,-5.0397975e-17,-1.0819514e-14,-1.0819514e-14,1.085053e-14,1.085053e-14,-6.7308877e-18,-6.7308877e-18,-1.052743e-18,-1.052743e-18,-0.0099440257,-0.0099440257,-3.046803e-17,-3.046803e-17,5.6318384e-17,5.6318384e-17,-1.9631313e-16,-1.9631313e-16,4.2474013e-06,4.2474013e-06,1.9377832e-31,1.9377832e-31
-0.0028486538,-0.0028486538,0.0028486538,0.0028486538,1.5217862e-15,1.5217862e-15,1.7486506e-15,1.7486506e-15,0.0028486538,0.0028486538,-0.00728478,-0.00728478,-0.0005027035,-0.0005027035,-0.0072817206,-0.0072817206,-0.0005027035,-0.0005027035,4.3262575e-10,4.3262575e-10,-1.1359414e-17,-1.1359414e-17,0.00050270287,0.00050270287,-1.8849925e-15,-1.8849925e-15,1.0851721e-05,1.0851721e-05,1.0851675e-05,1.0851675e-05,-8.728918e-17,-8.728918e-17,-0.0028486532,-0.0028486532,-0.0005027035,-0.0005027035,-0.0028486532,-0.0028486532,-0.0005027035,-0.0005027035,1.2059471e-15,1.2059471e-15,9.4563838e-16,9.4563838e-16,-0.0033513567,-0.0033513567,2.5215905e-15,2.5215905e-15,0.0060954677,0.0060954677,9.4448322e-16,9.4448322e-16,-6.3550607e-10,-6.3550607e-10,0.0005027035,0.0005027035,-6.3557032e-10,-6.3557032e-10,0.0005027035,0.0005027035,0.00050270287,0.00050270287,-1.6689631e-15,-1.6689631e-15,-0.0028486538,-0.0028486538,-0.0028486538,-0.0028486538,-0.0005027035,-0.0005027035,-1.7410002e-06,-1.7410002e-06,-4.0514723e-17,-4.0514723e-17,-1.316178e-09,-1.316178e-09,-1.7396841e-06,-1.7396841e-06,0.00033034385,0.00033034385,-1.6654973e-15,-1.6654973e-15,0.35169664,0.35169664,-1.0421826e-13,-1.0421826e-13,0.17473915,0.17473915,-5.1671861e-14,-5.1671861e-14,-0.0028486538,-0.0028486538,0.0033513567,0.0033513567,-0.00056973077,-0.00056973077,-6.4284146e-17,-6.4284146e-17,-1.0928703e-14,-1.0928703e-14,1.0959924e-14,1.0959924e-14,-6.7036813e-18,-6.7036813e-18,-1.4791183e-18,-1.4791183e-18,-0.0094468244,-0.0094468244,-3.0471118e-17,-3.0471118e-17,5.5616063e-17,5.5616063e-17,-1.9160462e-16,-1.9160462e-16,4.2065777e-06,4.2065777e-06,1.7241755e-31,1.7241755e-31
-0.0028378565,-0.0028378565,0.0028378565,0.0028378565,1.5395671e-15,1.5395671e-15,1.7523565e-15,1.7523565e-15,0.0028378565,0.0028378565,-0.0069396711,-0.0069396711,-0.00050079831,-0.00050079831,-0.0069366409,-0.0069366409,-0.00050079831,-0.00050079831,-2.0285175e-10,-2.0285175e-10,-1.0848173e-17,-1.0848173e-17,0.00050079894,0.00050079894,-1.8832904e-15,-1.8832904e-15,1.1701496e-05,1.1701496e-05,1.1701453e-05,1.1701453e-05,-8.2193698e-17,-8.2193698e-17,-0.0028378571,-0.0028378571,-0.00050079831,-0.00050079831,-0.0028378571,-0.0028378571,-0.00050079831,-0.00050079831,1.1603185e-15,1.1603185e-15,9.1307122e-16,9.1307122e-16,-0.0033386554,-0.0033386554,2.4315582e-15,2.4315582e-15,0.0056358278,0.0056358278,9.2910315e-16,9.2910315e-16,6.2719048e-10,6.2719048e-10,0.00050079831,0.00050079831,6.2712943e-10,6.2712943e-10,0.00050079831,0.00050079831,0.00050079894,0.00050079894,-1.6754328e-15,-1.6754328e-15,-0.0028378565,-0.0028378565,-0.0028378565,-0.0028378565,-0.00050079831,-0.00050079831,-1.9039328e-06,-1.9039328e-06,-3.8088659e-17,-3.8088659e-17,1.2626998e-09,1.2626998e-09,-1.9051955e-06,-1.9051955e-06,0.00031230959,0.00031230959,-1.6704442e-15,-1.6704442e-15,0.33986829,0.33986829,-1.0454892e-13,-1.0454892e-13,0.17330849,0.17330849,-5.1847294e-14,-5.1847294e-14,-0.0028378565,-0.0028378565,0.0033386554,0.0033386554,-0.00056757129,-0.00056757129,-7.7380818e-17,-7.7380818e-17,-1.1035096e-14,-1.1035096e-14,1.1066501e-14,1.1066501e-14,-6.6741799e-18,-6.6741799e-18,-1.8834629e-18,-1.8834629e-18,-0.0089744832,-0.0089744832,-3.0460939e-17,-3.0460939e-17,5.4920964e-17,5.4920964e-17,-1.8703528e-16,-1.8703528e-16,4.1664857e-06,4.1664857e-06,1.5325047e-31,1.5325047e-31
-0.0028262136,-0.0028262136,0.0028262136,0.0028262136,1.5582154e-15,1.5582154e-15,1.7554589e-15,1.7554589e-15,0.0028262136,0.0028262136,-0.0066116164,-0.0066116164,-0.00049874347,-0.00049874347,-0.0066086149,-0.0066086149,-0.00049874347,-0.00049874347,4.2436672e-10,4.2436672e-10,-1.0356864e-17,-1.0356864e-17,0.00049874288,0.00049874288,-1.8812808e-15,-1.8812808e-15,1.2525482e-05,1.2525482e-05,1.2525441e-05,1.2525441e-05,-7.7354123e-17,-7.7354123e-17,-0.002826213,-0.002826213,-0.00049874347,-0.00049874347,-0.002826213,-0.002826213,-0.00049874347,-0.00049874347,1.1167649e-15,1.1167649e-15,8.8200865e-16,8.8200865e-16,-0.0033249564,-0.0033249564,2.3456257e-15,2.3456257e-15,0.0052008026,0.0052008026,9.1413915e-16,9.1413915e-16,-5.8649312e-10,-5.8649312e-10,0.00049874347,0.00049874347,-5.8655111e-10,-5.8655111e-10,0.00049874347,0.00049874347,0.00049874288,0.00049874288,-1.6812083e-15,-1.6812083e-15,-0.0028262136,-0.0028262136,-0.0028262136,-0.0028262136,-0.00049874347,-0.00049874347,-2.0560575e-06,-2.0560575e-06,-3.5783753e-17,-3.5783753e-17,-1.2136805e-09,-1.2136805e-09,-2.0548439e-06,-2.0548439e-06,0.00029519318,0.00029519318,-1.6747779e-15,-1.6747779e-15,0.32857006,0.32857006,-1.0484062e-13,-1.0484062e-13,0.17187158,0.17187158,-5.2003116e-14,-5.2003116e-14,-0.0028262136,-0.0028262136,0.0033249564,0.0033249564,-0.00056524271,-0.00056524271,-8.973346e-17,-8.973346e-17,-1.1138814e-14,-1.1138814e-14,1.1170384e-14,1.1170384e-14,-6.6425454e-18,-6.6425454e-18,-2.2664473e-18,-2.2664473e-18,-0.008525759,-0.008525759,-3.0438138e-17,-3.0438138e-17,5.4233563e-17,5.4233563e-17,-1.8260338e-16,-1.8260338e-16,4.1271226e-06,4.1271226e-06,1.3606572e-31,1.3606572e-31
-0.0028137508,-0.0028137508,0.0028137508,0.0028137508,1.5751289e-15,1.5751289e-15,1.7579873e-15,1.7579873e-15,0.0028137508,0.0028137508,-0.0062997614,-0.0062997614,-0.00049654436,-0.00049654436,-0.006296788,-0.006296788,-0.00049654436,-0.00049654436,-1.6209894e-10,-1.6209894e-10,-9.8850526e-18,-9.8850526e-18,0.00049654494,0.00049654494,-1.8789671e-15,-1.8789671e-15,1.3262998e-05,1.3262998e-05,1.3262958e-05,1.3262958e-05,-7.2757632e-17,-7.2757632e-17,-0.0028137514,-0.0028137514,-0.00049654436,-0.00049654436,-0.0028137514,-0.0028137514,-0.00049654436,-0.00049654436,1.0751849e-15,1.0751849e-15,8.5237049e-16,8.5237049e-16,-0.0033102957,-0.0033102957,2.2635875e-15,2.2635875e-15,0.0047891754,0.0047891754,8.9956923e-16,8.9956923e-16,5.779006e-10,5.779006e-10,0.00049654436,0.00049654436,5.7784551e-10,5.7784551e-10,0.00049654436,0.00049654436,0.00049654494,0.00049654494,-1.6863239e-15,-1.6863239e-15,-0.0028137508,-0.0028137508,-0.0028137508,-0.0028137508,-0.00049654436,-0.00049654436,-2.1979429e-06,-2.1979429e-06,-3.3593887e-17,-3.3593887e-17,1.1643966e-09,1.1643966e-09,-2.1991073e-06,-2.1991073e-06,0.00027894859,0.00027894859,-1.6785285e-15,-1.6785285e-15,0.31777613,0.31777613,-1.0509523e-13,-1.0509523e-13,0.17042956,0.17042956,-5.2140245e-14,-5.2140245e-14,-0.0028137508,-0.0028137508,0.0033102957,0.0033102957,-0.00056275016,-0.00056275016,-1.0138172e-16,-1.0138172e-16,-1.1239941e-14,-1.1239941e-14,1.1271656e-14,1.1271656e-14,-6.6089312e-18,-6.6089312e-18,-2.6287566e-18,-2.6287566e-18,-0.0080994711,-0.0080994711,-3.0403337e-17,-3.0403337e-17,5.3554249e-17,5.3554249e-17,-1.7830678e-16,-1.7830678e-16,4.0884819e-06,4.0884819e-06,1.2067035e-31,1.2067035e-31
-0.0028005542,-0.0028005542,0.0028005542,0.0028005542,1.5903077e-15,1.5903077e-15,1.7599743e-15,1.7599743e-15,0.0028005542,0.0028005542,-0.0060033021,-0.0060033021,-0.00049421535,-0.00049421535,-0.0060003562,-0.0060003562,-0.00049421535,-0.00049421535,4.1582859e-10,4.1582859e-10,-9.4322702e-18,-9.4322702e-18,0.00049421481,0.00049421481,-1.8763764e-15,-1.8763764e-15,1.3978187e-05,1.3978187e-05,1.3978149e-05,1.3978149e-05,-6.8393361e-17,-6.8393361e-17,-0.0028005536,-0.0028005536,-0.00049421535,-0.00049421535,-0.0028005536,-0.0028005536,-0.00049421535,-0.00049421535,1.0354826e-15,1.0354826e-15,8.2409101e-16,8.2409101e-16,-0.003294769,-0.003294769,2.1852566e-15,2.1852566e-15,0.0043997285,0.0043997285,8.853803e-16,8.853803e-16,-5.4126736e-10,-5.4126736e-10,0.00049421535,0.00049421535,-5.4131969e-10,-5.4131969e-10,0.00049421535,0.00049421535,0.00049421481,0.00049421481,-1.6908131e-15,-1.6908131e-15,-0.0028005542,-0.0028005542,-0.0028005542,-0.0028005542,-0.00049421535,-0.00049421535,-2.3301292e-06,-2.3301292e-06,-3.1514229e-17,-3.1514229e-17,-1.1191652e-09,-1.1191652e-09,-2.32901e-06,-2.32901e-06,0.00026353202,0.00026353202,-1.681728e-15,-1.681728e-15,0.30746189,0.30746189,-1.0531476e-13,-1.0531476e-13,0.1689835,0.1689835,-5.2259681e-14,-5.2259681e-14,-0.0028005542,-0.0028005542,0.003294769,0.003294769,-0.00056011084,-0.00056011084,-1.1236596e-16,-1.1236596e-16,-1.1338585e-14,-1.1338585e-14,1.1370429e-14,1.1370429e-14,-6.573482e-18,-6.573482e-18,-2.9710855e-18,-2.9710855e-18,-0.0076944975,-0.0076944975,-3.0357135e-17,-3.0357135e-17,5.2883333e-17,5.2883333e-17,-1.7414302e-16,-1.7414302e-16,4.0505534e-06,4.0505534e-06,1.0688969e-31,1.0688969e-31
-0.002786646,-0.002786646,0.002786646,0.002786646,1.6059203e-15,1.6059203e-15,1.7614468e-15,1.7614468e-15,0.002786646,0.002786646,-0.0057214671,-0.0057214671,-0.00049176115,-0.00049176115,-0.0057185483,-0.0057185483,-0.00049176115,-0.00049176115,-1.2541235e-10,-1.2541235e-10,-8.9980212e-18,-8.9980212e-18,0.00049176168,0.00049176168,-1.8735123e-15,-1.8735123e-15,1.4615028e-05,1.4615028e-05,1.4614993e-05,1.4614993e-05,-6.4249583e-17,-6.4249583e-17,-0.0027866465,-0.0027866465,-0.00049176115,-0.00049176115,-0.0027866465,-0.0027866465,-0.00049176115,-0.00049176115,9.9756658e-16,9.9756658e-16,7.9709791e-16,7.9709791e-16,-0.0032784076,-0.0032784076,2.1104477e-15,2.1104477e-15,0.004031365,0.004031365,8.7155266e-16,8.7155266e-16,5.3247645e-10,5.3247645e-10,0.00049176115,0.00049176115,5.3242673e-10,5.3242673e-10,0.00049176115,0.00049176115,0.00049176168,0.00049176168,-1.6947073e-15,-1.6947073e-15,-0.002786646,-0.002786646,-0.002786646,-0.002786646,-0.00049176115,-0.00049176115,-2.4531287e-06,-2.4531287e-06,-2.9539153e-17,-2.9539153e-17,1.0737464e-09,1.0737464e-09,-2.4542025e-06,-2.4542025e-06,0.00024890194,0.00024890194,-1.6844042e-15,-1.6844042e-15,0.29760403,0.29760403,-1.0550094e-13,-1.0550094e-13,0.16753442,0.16753442,-5.2362273e-14,-5.2362273e-14,-0.002786646,-0.002786646,0.0032784076,0.0032784076,-0.00055732919,-0.00055732919,-1.2272127e-16,-1.2272127e-16,-1.1434825e-14,-1.1434825e-14,1.1466779e-14,1.1466779e-14,-6.5363348e-18,-6.5363348e-18,-3.294133e-18,-3.294133e-18,-0.0073097727,-0.0073097727,-3.0300107e-17,-3.0300107e-17,5.2221061e-17,5.2221061e-17,-1.7010938e-16,-1.7010938e-16,4.0133246e-06,4.0133246e-06,9.456453e-32,9.456453e-32
-0.0027721041,-0.0027721041,0.0027721041,0.0027721041,1.6202317e-15,1.6202317e-15,1.7624347e-15,1.7624347e-15,0.0027721041,0.0027721041,-0.0054535308,-0.0054535308,-0.00048919475,-0.00048919475,-0.0054506386,-0.0054506386,-0.00048919475,-0.00048919475,4.0709002e-10,4.0709002e-10,-8.5817889e-18,-8.5817889e-18,0.00048919425,0.00048919425,-1.8704004e-15,-1.8704004e-15,1.5232613e-05,1.5232613e-05,1.5232579e-05,1.5232579e-05,-6.031638e-17,-6.031638e-17,-0.0027721036,-0.0027721036,-0.00048919475,-0.00048919475,-0.0027721036,-0.0027721036,-0.00048919475,-0.00048919475,9.6135006e-16,9.6135006e-16,7.7133215e-16,7.7133215e-16,-0.0032612983,-0.0032612983,2.0389921e-15,2.0389921e-15,0.0036829857,0.0036829857,8.5807476e-16,8.5807476e-16,-4.9953639e-10,-4.9953639e-10,0.00048919475,0.00048919475,-4.9958362e-10,-4.9958362e-10,0.00048919475,0.00048919475,0.00048919425,0.00048919425,-1.6980375e-15,-1.6980375e-15,-0.0027721041,-0.0027721041,-0.0027721041,-0.0027721041,-0.00048919475,-0.00048919475,-2.5674287e-06,-2.5674287e-06,-2.7664223e-17,-2.7664223e-17,-1.0320104e-09,-1.0320104e-09,-2.5663967e-06,-2.5663967e-06,0.00023501881,0.00023501881,-1.6865862e-15,-1.6865862e-15,0.28818033,0.28818033,-1.0565563e-13,-1.0565563e-13,0.16608328,0.16608328,-5.2448944e-14,-5.2448944e-14,-0.0027721041,-0.0027721041,0.0032612983,0.0032612983,-0.00055442082,-0.00055442082,-1.3248353e-16,-1.3248353e-16,-1.1528761e-14,-1.1528761e-14,1.1560808e-14,1.1560808e-14,-6.497619e-18,-6.497619e-18,-3.5985983e-18,-3.5985983e-18,-0.006944284,-0.006944284,-3.0232807e-17,-3.0232807e-17,5.156762e-17,5.156762e-17,-1.6620295e-16,-1.6620295e-16,3.9767805e-06,3.9767805e-06,8.3550999e-32,8.3550999e-32
-0.0027569477,-0.0027569477,0.0027569477,0.0027569477,1.6336758e-15,1.6336758e-15,1.7629628e-15,1.7629628e-15,0.0027569477,0.0027569477,-0.0051987971,-0.0051987971,-0.00048652027,-0.00048652027,-0.005195931,-0.005195931,-0.00048652027,-0.00048652027,-9.2420927e-11,-9.2420927e-11,-8.1830418e-18,-8.1830418e-18,0.00048652076,0.00048652076,-1.8670441e-15,-1.8670441e-15,1.5779223e-05,1.5779223e-05,1.5779191e-05,1.5779191e-05,-5.6583042e-17,-5.6583042e-17,-0.0027569482,-0.0027569482,-0.00048652027,-0.00048652027,-0.0027569482,-0.0027569482,-0.00048652027,-0.00048652027,9.2675034e-16,9.2675034e-16,7.4672853e-16,7.4672853e-16,-0.0032434685,-0.0032434685,1.9707224e-15,1.9707224e-15,0.0033536014,0.0033536014,8.4492885e-16,8.4492885e-16,4.9061465e-10,4.9061465e-10,0.00048652027,0.00048652027,4.9056977e-10,4.9056977e-10,0.00048652027,0.00048652027,0.00048652076,0.00048652076,-1.7008327e-15,-1.7008327e-15,-0.0027569477,-0.0027569477,-0.0027569477,-0.0027569477,-0.00048652027,-0.00048652027,-2.6734908e-06,-2.6734908e-06,-2.5884275e-17,-2.5884275e-17,9.901534e-10,9.901534e-10,-2.6744809e-06,-2.6744809e-06,0.00022184517,0.00022184517,-1.6882996e-15,-1.6882996e-15,0.27916974,0.27916974,-1.0578039e-13,-1.0578039e-13,0.16463095,0.16463095,-5.2520477e-14,-5.2520477e-14,-0.0027569477,-0.0027569477,0.0032434685,0.0032434685,-0.00055138954,-0.00055138954,-1.4168387e-16,-1.4168387e-16,-1.1620463e-14,-1.1620463e-14,1.1652589e-14,1.1652589e-14,-6.4574569e-18,-6.4574569e-18,-3.8851773e-18,-3.8851773e-18,-0.0065970698,-0.0065970698,-3.0155766e-17,-3.0155766e-17,5.0923144e-17,5.0923144e-17,-1.6242062e-16,-1.6242062e-16,3.9409046e-06,3.9409046e-06,7.3718179e-32,7.3718179e-32
-0.0027412474,-0.0027412474,0.0027412474,0.0027412474,1.6466863e-15,1.6466863e-15,1.7630583e-15,1.7630583e-15,0.0027412474,0.0027412474,-0.004956611,-0.004956611,-0.00048374947,-0.00048374947,-0.0049537705,-0.0049537705,-0.00048374947,-0.00048374947,3.982187e-10,3.982187e-10,-7.8012376e-18,-7.8012376e-18,0.000483749,0.000483749,-1.8634673e-15,-1.8634673e-15,1.6309293e-05,1.6309293e-05,1.6309262e-05,1.6309262e-05,-5.3040529e-17,-5.3040529e-17,-0.002741247,-0.002741247,-0.00048374947,-0.00048374947,-0.002741247,-0.002741247,-0.00048374947,-0.00048374947,8.936891e-16,8.936891e-16,7.2323399e-16,7.2323399e-16,-0.0032249964,-0.0032249964,1.9054865e-15,1.9054865e-15,0.0030422199,0.0030422199,8.3210466e-16,8.3210466e-16,-4.6103035e-10,-4.6103035e-10,0.00048374947,0.00048374947,-4.6107298e-10,-4.6107298e-10,0.00048374947,0.00048374947,0.000483749,0.000483749,-1.7031214e-15,-1.7031214e-15,-0.0027412474,-0.0027412474,-0.0027412474,-0.0027412474,-0.00048374947,-0.00048374947,-2.7717542e-06,-2.7717542e-06,-2.419525e-17,-2.419525e-17,-9.5164275e-10,-9.5164275e-10,-2.7708025e-06,-2.7708025e-06,0.00020934534,0.00020934534,-1.6895711e-15,-1.6895711e-15,0.2705522,0.2705522,-1.0587694e-13,-1.0587694e-13,0.1631783,0.1631783,-5.257772e-14,-5.257772e-14,-0.0027412474,-0.0027412474,0.0032249964,0.0032249964,-0.00054824949,-0.00054824949,-1.503542e-16,-1.503542e-16,-1.1710026e-14,-1.1710026e-14,1.1742214e-14,1.1742214e-14,-6.4159641e-18,-6.4159641e-18,-4.1545596e-18,-4.1545596e-18,-0.0062672163,-0.0062672163,-3.0069495e-17,-3.0069495e-17,5.0287725e-17,5.0287725e-17,-1.5875917e-16,-1.5875917e-16,3.9056787e-06,3.9056787e-06,6.4947901e-32,6.4947901e-32
-0.0027250197,-0.0027250197,0.0027250197,0.0027250197,1.6588293e-15,1.6588293e-15,1.762744e-15,1.762744e-15,0.0027250197,0.0027250197,-0.0047263442,-0.0047263442,-0.00048088592,-0.00048088592,-0.0047235288,-0.0047235288,-0.00048088592,-0.00048088592,-6.2787108e-11,-6.2787108e-11,-7.4358284e-18,-7.4358284e-18,0.00048088637,0.00048088637,-1.8596734e-15,-1.8596734e-15,1.6775081e-05,1.6775081e-05,1.6775052e-05,1.6775052e-05,-4.9679072e-17,-4.9679072e-17,-0.0027250202,-0.0027250202,-0.00048088592,-0.00048088592,-0.0027250202,-0.0027250202,-0.00048088592,-0.00048088592,8.6209157e-16,8.6209157e-16,7.007897e-16,7.007897e-16,-0.0032059061,-0.0032059061,1.8431333e-15,1.8431333e-15,0.0027479494,0.0027479494,8.1958619e-16,8.1958619e-16,4.5203568e-10,4.5203568e-10,0.00048088592,0.00048088592,4.5199518e-10,4.5199518e-10,0.00048088592,0.00048088592,0.00048088637,0.00048088637,-1.7049302e-15,-1.7049302e-15,-0.0027250197,-0.0027250197,-0.0027250197,-0.0027250197,-0.00048088592,-0.00048088592,-2.862635e-06,-2.862635e-06,-2.2592416e-17,-2.2592416e-17,9.1306816e-10,9.1306816e-10,-2.8635481e-06,-2.8635481e-06,0.0001974855,0.0001974855,-1.6904239e-15,-1.6904239e-15,0.26230868,0.26230868,-1.0594672e-13,-1.0594672e-13,0.16172612,0.16172612,-5.2621392e-14,-5.2621392e-14,-0.0027250197,-0.0027250197,0.0032059061,0.0032059061,-0.00054500395,-0.00054500395,-1.5852217e-16,-1.5852217e-16,-1.1797514e-14,-1.1797514e-14,1.182975e-14,1.182975e-14,-6.3732498e-18,-6.3732498e-18,-4.4074255e-18,-4.4074255e-18,-0.0059538555,-0.0059538555,-2.9974486e-17,-2.9974486e-17,4.9661414e-17,4.9661414e-17,-1.5521529e-16,-1.5521529e-16,3.8710839e-06,3.8710839e-06,5.7132811e-32,5.7132811e-32
-0.0027083286,-0.0027083286,0.0027083286,0.0027083286,1.6696713e-15,1.6696713e-15,1.7620447e-15,1.7620447e-15,0.0027083286,0.0027083286,-0.0045074056,-0.0045074056,-0.00047794027,-0.00047794027,-0.0045046149,-0.0045046149,-0.00047794027,-0.00047794027,3.8927268e-10,3.8927268e-10,-7.0862635e-18,-7.0862635e-18,0.00047793984,0.00047793984,-1.8556845e-15,-1.8556845e-15,1.7226732e-05,1.7226732e-05,1.7226705e-05,1.7226705e-05,-4.6490441e-17,-4.6490441e-17,-0.0027083282,-0.0027083282,-0.00047794027,-0.00047794027,-0.0027083282,-0.0027083282,-0.00047794027,-0.00047794027,8.3188699e-16,8.3188699e-16,6.7934796e-16,6.7934796e-16,-0.0031862684,-0.0031862684,1.7835256e-15,1.7835256e-15,0.0024698943,0.0024698943,8.0736428e-16,8.0736428e-16,-4.2550017e-10,-4.2550017e-10,0.00047794027,0.00047794027,-4.2553865e-10,-4.2553865e-10,0.00047794027,0.00047794027,0.00047793984,0.00047793984,-1.7062853e-15,-1.7062853e-15,-0.0027083286,-0.0027083286,-0.0027083286,-0.0027083286,-0.00047794027,-0.00047794027,-2.946529e-06,-2.946529e-06,-2.1072061e-17,-2.1072061e-17,-8.7753383e-10,-8.7753383e-10,-2.9456515e-06,-2.9456515e-06,0.00018623347,0.00018623347,-1.6908825e-15,-1.6908825e-15,0.25442108,0.25442108,-1.0599128e-13,-1.0599128e-13,0.16027514,0.16027514,-5.2652273e-14,-5.2652273e-14,-0.0027083286,-0.0027083286,0.0031862684,0.0031862684,-0.00054166572,-0.00054166572,-1.6621623e-16,-1.6621623e-16,-1.1883012e-14,-1.1883012e-14,1.1915282e-14,1.1915282e-14,-6.3294171e-18,-6.3294171e-18,-4.6444445e-18,-4.6444445e-18,-0.0056561627,-0.0056561627,-2.9871211e-17,-2.9871211e-17,4.9044229e-17,4.9044229e-17,-1.517856e-16,-1.517856e-16,3.8371004e-06,3.8371004e-06,5.0176132e-32,5.0176132e-32
-0.0026911881,-0.0026911881,0.0026911881,0.0026911881,1.679646e-15,1.679646e-15,1.7609811e-15,1.7609811e-15,0.0026911881,0.0026911881,-0.0042992279,-0.0042992279,-0.00047491561,-0.00047491561,-0.0042964616,-0.0042964616,-0.00047491561,-0.00047491561,-3.6203812e-11,-3.6203812e-11,-6.7519928e-18,-6.7519928e-18,0.00047491603,0.00047491603,-1.851504e-15,-1.851504e-15,1.7620175e-05,1.7620175e-05,1.7620149e-05,1.7620149e-05,-4.3465735e-17,-4.3465735e-17,-0.0026911885,-0.0026911885,-0.00047491561,-0.00047491561,-0.0026911885,-0.0026911885,-0.00047491561,-0.00047491561,8.0300776e-16,8.0300776e-16,6.5885569e-16,6.5885569e-16,-0.0031661041,-0.0031661041,1.7265268e-15,1.7265268e-15,0.0022072505,0.0022072505,7.9542445e-16,7.9542445e-16,4.16482e-10,4.16482e-10,0.00047491561,0.00047491561,4.1644545e-10,4.1644545e-10,0.00047491561,0.00047491561,0.00047491603,0.00047491603,-1.7072112e-15,-1.7072112e-15,-0.0026911881,-0.0026911881,-0.0026911881,-0.0026911881,-0.00047491561,-0.00047491561,-3.0238112e-06,-3.0238112e-06,-1.9629859e-17,-1.9629859e-17,8.4198409e-10,8.4198409e-10,-3.0246532e-06,-3.0246532e-06,0.00017555872,0.00017555872,-1.6909679e-15,-1.6909679e-15,0.24687221,0.24687221,-1.0601195e-13,-1.0601195e-13,0.15882607,0.15882607,-5.267102e-14,-5.267102e-14,-0.0026911881,-0.0026911881,0.0031661041,0.0031661041,-0.00053823761,-0.00053823761,-1.7346095e-16,-1.7346095e-16,-1.1966579e-14,-1.1966579e-14,1.199887e-14,1.199887e-14,-6.2845632e-18,-6.2845632e-18,-4.866273e-18,-4.866273e-18,-0.0053733546,-0.0053733546,-2.9760122e-17,-2.9760122e-17,4.8436159e-17,4.8436159e-17,-1.4846669e-16,-1.4846669e-16,3.803708e-06,3.803708e-06,4.3990067e-32,4.3990067e-32
-0.002673656,-0.002673656,0.002673656,0.002673656,1.6900543e-15,1.6900543e-15,1.7595759e-15,1.7595759e-15,0.002673656,0.002673656,-0.0041012778,-0.0041012778,-0.00047182158,-0.00047182158,-0.0040985354,-0.0040985354,-0.00047182158,-0.00047182158,3.8030146e-10,3.8030146e-10,-6.4324697e-18,-6.4324697e-18,0.00047182119,0.00047182119,-1.8471522e-15,-1.8471522e-15,1.8001606e-05,1.8001606e-05,1.8001581e-05,1.8001581e-05,-4.0597469e-17,-4.0597469e-17,-0.0026736556,-0.0026736556,-0.00047182158,-0.00047182158,-0.0026736556,-0.0026736556,-0.00047182158,-0.00047182158,7.7538995e-16,7.7538995e-16,6.3926998e-16,6.3926998e-16,-0.0031454772,-0.0031454772,1.6720131e-15,1.6720131e-15,0.0019592096,0.0019592096,7.8375852e-16,7.8375852e-16,-3.9271599e-10,-3.9271599e-10,0.00047182158,0.00047182158,-3.9275072e-10,-3.9275072e-10,0.00047182158,0.00047182158,0.00047182119,0.00047182119,-1.7077317e-15,-1.7077317e-15,-0.002673656,-0.002673656,-0.002673656,-0.002673656,-0.00047182158,-0.00047182158,-3.0948383e-06,-3.0948383e-06,-1.8262423e-17,-1.8262423e-17,-8.0919617e-10,-8.0919617e-10,-3.0940291e-06,-3.0940291e-06,0.0001654322,0.0001654322,-1.6907026e-15,-1.6907026e-15,0.23964571,0.23964571,-1.0601015e-13,-1.0601015e-13,0.15737957,0.15737957,-5.2678347e-14,-5.2678347e-14,-0.002673656,-0.002673656,0.0031454772,0.0031454772,-0.00053473121,-0.00053473121,-1.8028173e-16,-1.8028173e-16,-1.2048295e-14,-1.2048295e-14,1.2080594e-14,1.2080594e-14,-6.23878e-18,-6.23878e-18,-5.0735532e-18,-5.0735532e-18,-0.0051046869,-0.0051046869,-2.9641655e-17,-2.9641655e-17,4.7837168e-17,4.7837168e-17,-1.4525511e-16,-1.4525511e-16,3.7708862e-06,3.7708862e-06,3.8495566e-32,3.8495566e-32
-0.0026557445,-0.0026557445,0.0026557445,0.0026557445,1.6991616e-15,1.6991616e-15,1.7578479e-15,1.7578479e-15,0.0026557445,0.0026557445,-0.0039130433,-0.0039130433,-0.00046866086,-0.00046866086,-0.0039103244,-0.0039103244,-0.00046866086,-0.00046866086,-1.2391654e-11,-1.2391654e-11,-6.1271529e-18,-6.1271529e-18,0.00046866124,0.00046866124,-1.8426323e-15,-1.8426323e-15,1.8330342e-05,1.8330342e-05,1.8330319e-05,1.8330319e-05,-3.7877541e-17,-3.7877541e-17,-0.0026557449,-0.0026557449,-0.00046866086,-0.00046866086,-0.0026557449,-0.0026557449,-0.00046866086,-0.00046866086,7.4897246e-16,7.4897246e-16,6.2054292e-16,6.2054292e-16,-0.0031244057,-0.0031244057,1.6198613e-15,1.6198613e-15,0.0017250468,0.0017250468,7.7235336e-16,7.7235336e-16,3.8371629e-10,3.8371629e-10,0.00046866086,0.00046866086,3.8368329e-10,3.8368329e-10,0.00046866086,0.00046866086,0.00046866124,0.00046866124,-1.7078692e-15,-1.7078692e-15,-0.0026557445,-0.0026557445,-0.0026557445,-0.0026557445,-0.00046866086,-0.00046866086,-3.1599481e-06,-3.1599481e-06,-1.6965801e-17,-1.6965801e-17,7.7643401e-10,7.7643401e-10,-3.1607245e-06,-3.1607245e-06,0.00015582638,0.00015582638,-1.6901057e-15,-1.6901057e-15,0.23272606,0.23272606,-1.0598709e-13,-1.0598709e-13,0.15593624,0.15593624,-5.2674855e-14,-5.2674855e-14,-0.0026557445,-0.0026557445,0.0031244057,0.0031244057,-0.0005311489,-0.0005311489,-1.8670043e-16,-1.8670043e-16,-1.2128214e-14,-1.2128214e-14,1.2160509e-14,1.2160509e-14,-6.1921542e-18,-6.1921542e-18,-5.2669115e-18,-5.2669115e-18,-0.0048494525,-0.0048494525,-2.9516226e-17,-2.9516226e-17,4.7247198e-17,4.7247198e-17,-1.4214745e-16,-1.4214745e-16,3.7386143e-06,3.7386143e-06,3.3621008e-32,3.3621008e-32
-0.0026375058,-0.0026375058,0.0026375058,0.0026375058,1.7074016e-15,1.7074016e-15,1.7558178e-15,1.7558178e-15,0.0026375058,0.0026375058,-0.003734043,-0.003734043,-0.00046544214,-0.00046544214,-0.0037313471,-0.0037313471,-0.00046544214,-0.00046544214,3.7134712e-10,3.7134712e-10,-5.8355088e-18,-5.8355088e-18,0.00046544178,0.00046544178,-1.837963e-15,-1.837963e-15,1.8648941e-05,1.8648941e-05,1.8648919e-05,1.8648919e-05,-3.5299152e-17,-3.5299152e-17,-0.0026375055,-0.0026375055,-0.00046544214,-0.00046544214,-0.0026375055,-0.0026375055,-0.00046544214,-0.00046544214,7.2369752e-16,7.2369752e-16,6.0263591e-16,6.0263591e-16,-0.0031029476,-0.0031029476,1.5699597e-15,1.5699597e-15,0.0015040323,0.0015040323,7.6120163e-16,7.6120163e-16,-3.6246568e-10,-3.6246568e-10,0.00046544214,0.00046544214,-3.6249702e-10,-3.6249702e-10,0.00046544214,0.00046544214,0.00046544178,0.00046544178,-1.7076455e-15,-1.7076455e-15,-0.0026375058,-0.0026375058,-0.0026375058,-0.0026375058,-0.00046544214,-0.00046544214,-3.219462e-06,-3.219462e-06,-1.5736907e-17,-1.5736907e-17,-7.4618031e-10,-7.4618031e-10,-3.2187158e-06,-3.2187158e-06,0.00014671505,0.00014671505,-1.6891976e-15,-1.6891976e-15,0.2260985,0.2260985,-1.0594405e-13,-1.0594405e-13,0.15449668,0.15449668,-5.2661196e-14,-5.2661196e-14,-0.0026375058,-0.0026375058,0.0031029476,0.0031029476,-0.00052750117,-0.00052750117,-1.9273974e-16,-1.9273974e-16,-1.2206407e-14,-1.2206407e-14,1.2238687e-14,1.2238687e-14,-6.1447675e-18,-6.1447675e-18,-5.4469581e-18,-5.4469581e-18,-0.0046069799,-0.0046069799,-2.9384237e-17,-2.9384237e-17,4.6666173e-17,4.6666173e-17,-1.3914029e-16,-1.3914029e-16,3.7068719e-06,3.7068719e-06,2.9301985e-32,2.9301985e-32
-0.0026189502,-0.0026189502,0.0026189502,0.0026189502,1.7156415e-15,1.7156415e-15,1.7535026e-15,1.7535026e-15,0.0026189502,0.0026189502,-0.0035638147,-0.0035638147,-0.00046216774,-0.00046216774,-0.0035611415,-0.0035611415,-0.00046216774,-0.00046216774,8.9035668e-12,8.9035668e-12,-5.5570125e-18,-5.5570125e-18,0.0004621681,0.0004621681,-1.8331474e-15,-1.8331474e-15,1.8919849e-05,1.8919849e-05,1.8919827e-05,1.8919827e-05,-3.2854932e-17,-3.2854932e-17,-0.0026189505,-0.0026189505,-0.00046216774,-0.00046216774,-0.0026189505,-0.0026189505,-0.00046216774,-0.00046216774,6.9950994e-16,6.9950994e-16,5.8550569e-16,5.8550569e-16,-0.0030811183,-0.0030811183,1.5221969e-15,1.5221969e-15,0.0012955126,0.0012955126,7.5029144e-16,7.5029144e-16,3.5351986e-10,3.5351986e-10,0.00046216774,0.00046216774,3.5349008e-10,3.5349008e-10,0.00046216774,0.00046216774,0.0004621681,0.0004621681,-1.707081e-15,-1.707081e-15,-0.0026189502,-0.0026189502,-0.0026189502,-0.0026189502,-0.00046216774,-0.00046216774,-3.2736844e-06,-3.2736844e-06,-1.4572135e-17,-1.4572135e-17,7.159871e-10,7.159871e-10,-3.2744004e-06,-3.2744004e-06,0.00013807334,0.00013807334,-1.6879956e-15,-1.6879956e-15,0.21974899,0.21974899,-1.0588214e-13,-1.0588214e-13,0.15306141,0.15306141,-5.2637917e-14,-5.2637917e-14,-0.0026189502,-0.0026189502,0.0030811183,0.0030811183,-0.00052379004,-0.00052379004,-1.9841915e-16,-1.9841915e-16,-1.2282926e-14,-1.2282926e-14,1.2315179e-14,1.2315179e-14,-6.0966972e-18,-6.0966972e-18,-5.6142856e-18,-5.6142856e-18,-0.0043766309,-0.0043766309,-2.9246071e-17,-2.9246071e-17,4.6094001e-17,4.6094001e-17,-1.3623026e-16,-1.3623026e-16,3.6756386e-06,3.6756386e-06,2.5480216e-32,2.5480216e-32
-0.002600125,-0.002600125,0.002600125,0.002600125,1.7225804e-15,1.7225804e-15,1.7509212e-15,1.7509212e-15,0.002600125,0.002600125,-0.003401924,-0.003401924,-0.00045884553,-0.00045884553,-0.0033992731,-0.0033992731,-0.00045884553,-0.00045884553,3.6244518e-10,3.6244518e-10,-5.2911498e-18,-5.2911498e-18,0.00045884519,0.00045884519,-1.8282027e-15,-1.8282027e-15,1.9182273e-05,1.9182273e-05,1.9182253e-05,1.9182253e-05,-3.0538711e-17,-3.0538711e-17,-0.0026001246,-0.0026001246,-0.00045884553,-0.00045884553,-0.0026001246,-0.0026001246,-0.00045884553,-0.00045884553,6.7635748e-16,6.7635748e-16,5.6911752e-16,5.6911752e-16,-0.0030589702,-0.0030589702,1.476472e-15,1.476472e-15,0.0010988292,0.0010988292,7.3961618e-16,7.3961618e-16,-3.3455345e-10,-3.3455345e-10,0.00045884553,0.00045884553,-3.3458173e-10,-3.3458173e-10,0.00045884553,0.00045884553,0.00045884519,0.00045884519,-1.7061957e-15,-1.7061957e-15,-0.002600125,-0.002600125,-0.002600125,-0.002600125,-0.00045884553,-0.00045884553,-3.3229048e-06,-3.3229048e-06,-1.3468678e-17,-1.3468678e-17,-6.8807182e-10,-6.8807182e-10,-3.3222168e-06,-3.3222168e-06,0.00012987761,0.00012987761,-1.6865183e-15,-1.6865183e-15,0.2136642,0.2136642,-1.0580253e-13,-1.0580253e-13,0.15163095,0.15163095,-5.2605614e-14,-5.2605614e-14,-0.002600125,-0.002600125,0.0030589702,0.0030589702,-0.000520025,-0.000520025,-2.0375892e-16,-2.0375892e-16,-1.2357836e-14,-1.2357836e-14,1.2390051e-14,1.2390051e-14,-6.0480159e-18,-6.0480159e-18,-5.7694694e-18,-5.7694694e-18,-0.0041577994,-0.0041577994,-2.9102097e-17,-2.9102097e-17,4.5530579e-17,4.5530579e-17,-1.3341403e-16,-1.3341403e-16,3.6448944e-06,3.6448944e-06,2.2103349e-32,2.2103349e-32
-0.0025810387,-0.0025810387,0.0025810387,0.0025810387,1.7295193e-15,1.7295193e-15,1.7480889e-15,1.7480889e-15,0.0025810387,0.0025810387,-0.0032479536,-0.0032479536,-0.00045547747,-0.00045547747,-0.0032453248,-0.0032453248,-0.00045547747,-0.00045547747,2.7913142e-11,2.7913142e-11,-5.0374177e-18,-5.0374177e-18,0.00045547779,0.00045547779,-1.8231315e-15,-1.8231315e-15,1.9401548e-05,1.9401548e-05,1.9401529e-05,1.9401529e-05,-2.834379e-17,-2.834379e-17,-0.002581039,-0.002581039,-0.00045547747,-0.00045547747,-0.002581039,-0.002581039,-0.00045547747,-0.00045547747,6.5419027e-16,6.5419027e-16,5.5343234e-16,5.5343234e-16,-0.0030365165,-0.0030365165,1.4326845e-15,1.4326845e-15,0.00091339293,0.00091339293,7.2916504e-16,7.2916504e-16,3.2569123e-10,3.2569123e-10,0.00045547747,0.00045547747,3.2566435e-10,3.2566435e-10,0.00045547747,0.00045547747,0.00045547779,0.00045547779,-1.705008e-15,-1.705008e-15,-0.0025810387,-0.0025810387,-0.0025810387,-0.0025810387,-0.00045547747,-0.00045547747,-3.3673976e-06,-3.3673976e-06,-1.2423249e-17,-1.2423249e-17,6.6024609e-10,6.6024609e-10,-3.3680578e-06,-3.3680578e-06,0.00012210544,0.00012210544,-1.6847814e-15,-1.6847814e-15,0.20783146,0.20783146,-1.0570623e-13,-1.0570623e-13,0.15020577,0.15020577,-5.2564784e-14,-5.2564784e-14,-0.0025810387,-0.0025810387,0.0030365165,0.0030365165,-0.00051620773,-0.00051620773,-2.0877646e-16,-2.0877646e-16,-1.2431182e-14,-1.2431182e-14,1.2463351e-14,1.2463351e-14,-5.998792e-18,-5.998792e-18,-5.9130665e-18,-5.9130665e-18,-0.0039499094,-0.0039499094,-2.8952667e-17,-2.8952667e-17,4.4975791e-17,4.4975791e-17,-1.3068831e-16,-1.3068831e-16,3.6146197e-06,3.6146197e-06,1.9124074e-32,1.9124074e-32
-0.0025617342,-0.0025617342,0.0025617342,0.0025617342,1.7364582e-15,1.7364582e-15,1.745023e-15,1.745023e-15,0.0025617342,0.0025617342,-0.0031015114,-0.0031015114,-0.00045207068,-0.00045207068,-0.0030989043,-0.0030989043,-0.00045207068,-0.00045207068,3.5362543e-10,3.5362543e-10,-4.7953255e-18,-4.7953255e-18,0.00045207037,0.00045207037,-1.8179498e-15,-1.8179498e-15,1.9613795e-05,1.9613795e-05,1.9613777e-05,1.9613777e-05,-2.6264574e-17,-2.6264574e-17,-0.0025617339,-0.0025617339,-0.00045207068,-0.00045207068,-0.0025617339,-0.0025617339,-0.00045207068,-0.00045207068,6.3296111e-16,6.3296111e-16,5.3841889e-16,5.3841889e-16,-0.0030138045,-0.0030138045,1.3907435e-15,1.3907435e-15,0.00073860939,0.00073860939,7.1893209e-16,7.1893209e-16,-3.0879863e-10,-3.0879863e-10,0.00045207068,0.00045207068,-3.0882416e-10,-3.0882416e-10,0.00045207068,0.00045207068,0.00045207037,0.00045207037,-1.7035361e-15,-1.7035361e-15,-0.0025617342,-0.0025617342,-0.0025617342,-0.0025617342,-0.00045207068,-0.00045207068,-3.4074233e-06,-3.4074233e-06,-1.1433297e-17,-1.1433297e-17,-6.3448851e-10,-6.3448851e-10,-3.4067888e-06,-3.4067888e-06,0.00011473547,0.00011473547,-1.6828017e-15,-1.6828017e-15,0.20223871,0.20223871,-1.0559429e-13,-1.0559429e-13,0.1487863,0.1487863,-5.2515968e-14,-5.2515968e-14,-0.0025617342,-0.0025617342,0.0030138045,0.0030138045,-0.00051234683,-0.00051234683,-2.134899e-16,-2.134899e-16,-1.2503026e-14,-1.2503026e-14,1.2535138e-14,1.2535138e-14,-5.9490902e-18,-5.9490902e-18,-6.0456156e-18,-6.0456156e-18,-0.0037524139,-0.0037524139,-2.8798121e-17,-2.8798121e-17,4.4429513e-17,4.4429513e-17,-1.2804989e-16,-1.2804989e-16,3.5847955e-06,3.5847955e-06,1.649994e-32,1.649994e-32
-0.0025422185,-0.0025422185,0.0025422185,0.0025422185,1.7425297e-15,1.7425297e-15,1.7417372e-15,1.7417372e-15,0.0025422185,0.0025422185,-0.002962221,-0.002962221,-0.00044862684,-0.00044862684,-0.0029596352,-0.0029596352,-0.00044862684,-0.00044862684,4.4847533e-11,4.4847533e-11,-4.5643956e-18,-4.5643956e-18,0.00044862714,0.00044862714,-1.8126599e-15,-1.8126599e-15,1.9787016e-05,1.9787016e-05,1.9786999e-05,1.9786999e-05,-2.4294976e-17,-2.4294976e-17,-0.0025422188,-0.0025422188,-0.00044862684,-0.00044862684,-0.0025422188,-0.0025422188,-0.00044862684,-0.00044862684,6.1262493e-16,6.1262493e-16,5.2404186e-16,5.2404186e-16,-0.0029908456,-0.0029908456,1.350558e-15,1.350558e-15,0.00057394761,0.00057394761,7.089075e-16,7.089075e-16,3.0004471e-10,3.0004471e-10,0.00044862684,0.00044862684,3.0002045e-10,3.0002045e-10,0.00044862684,0.00044862684,0.00044862714,0.00044862714,-1.7017969e-15,-1.7017969e-15,-0.0025422185,-0.0025422185,-0.0025422185,-0.0025422185,-0.00044862684,-0.00044862684,-3.443229e-06,-3.443229e-06,-1.0495829e-17,-1.0495829e-17,6.0884461e-10,6.0884461e-10,-3.4438378e-06,-3.4438378e-06,0.00010774747,0.00010774747,-1.6805935e-15,-1.6805935e-15,0.19687452,0.19687452,-1.0546763e-13,-1.0546763e-13,0.14737296,0.14737296,-5.245962e-14,-5.245962e-14,-0.0025422185,-0.0025422185,0.0029908456,0.0029908456,-0.00050844369,-0.00050844369,-2.1791476e-16,-2.1791476e-16,-1.257341e-14,-1.257341e-14,1.2605456e-14,1.2605456e-14,-5.8989713e-18,-5.8989713e-18,-6.1676371e-18,-6.1676371e-18,-0.0035647932,-0.0035647932,-2.8638782e-17,-2.8638782e-17,4.3891615e-17,4.3891615e-17,-1.2549564e-16,-1.2549564e-16,3.555403e-06,3.555403e-06,1.4192635e-32,1.4192635e-32
-0.0025225304,-0.0025225304,0.0025225304,0.0025225304,1.7477339e-15,1.7477339e-15,1.7382472e-15,1.7382472e-15,0.0025225304,0.0025225304,-0.0028297283,-0.0028297283,-0.00044515238,-0.00044515238,-0.0028271636,-0.0028271636,-0.00044515238,-0.00044515238,3.4491265e-10,3.4491265e-10,-4.3441636e-18,-4.3441636e-18,0.00044515209,0.00044515209,-1.8072764e-15,-1.8072764e-15,1.995449e-05,1.995449e-05,1.9954474e-05,1.9954474e-05,-2.2429929e-17,-2.2429929e-17,-0.0025225301,-0.0025225301,-0.00044515238,-0.00044515238,-0.0025225301,-0.0025225301,-0.00044515238,-0.00044515238,5.9313908e-16,5.9313908e-16,5.1027312e-16,5.1027312e-16,-0.0029676825,-0.0029676825,1.3120459e-15,1.3120459e-15,0.00041887105,0.00041887105,6.9908591e-16,6.9908591e-16,-2.8503448e-10,-2.8503448e-10,0.00044515238,0.00044515238,-2.8505753e-10,-2.8505753e-10,0.00044515238,0.00044515238,0.00044515209,0.00044515209,-1.6998067e-15,-1.6998067e-15,-0.0025225304,-0.0025225304,-0.0025225304,-0.0025225304,-0.00044515238,-0.00044515238,-3.4750495e-06,-3.4750495e-06,-9.6085306e-18,-9.6085306e-18,-5.8507798e-10,-5.8507798e-10,-3.4744645e-06,-3.4744645e-06,0.00010112219,0.00010112219,-1.678172e-15,-1.678172e-15,0.19172799,0.19172799,-1.0532721e-13,-1.0532721e-13,0.14596614,0.14596614,-5.239623e-14,-5.239623e-14,-0.0025225304,-0.0025225304,0.0029676825,0.0029676825,-0.00050450608,-0.00050450608,-2.220673e-16,-2.220673e-16,-1.2642389e-14,-1.2642389e-14,1.2674361e-14,1.2674361e-14,-5.8484924e-18,-5.8484924e-18,-6.2796331e-18,-6.2796331e-18,-0.0033865536,-0.0033865536,-2.8474961e-17,-2.8474961e-17,4.336196e-17,4.336196e-17,-1.2302247e-16,-1.2302247e-16,3.5264243e-06,3.5264243e-06,1.216782e-32,1.216782e-32
-0.0025026757,-0.0025026757,0.0025026757,0.0025026757,1.7538054e-15,1.7538054e-15,1.7345656e-15,1.7345656e-15,0.0025026757,0.0025026757,-0.0027036935,-0.0027036935,-0.00044164871,-0.00044164871,-0.0027011496,-0.0027011496,-0.00044164871,-0.00044164871,5.9898254e-11,5.9898254e-11,-4.1341792e-18,-4.1341792e-18,0.00044164898,0.00044164898,-1.8018013e-15,-1.8018013e-15,2.008668e-05,2.008668e-05,2.0086664e-05,2.0086664e-05,-2.0663907e-17,-2.0663907e-17,-0.002502676,-0.002502676,-0.00044164871,-0.00044164871,-0.002502676,-0.002502676,-0.00044164871,-0.00044164871,5.7446282e-16,5.7446282e-16,4.9708077e-16,4.9708077e-16,-0.0029443247,-0.0029443247,1.275125e-15,1.275125e-15,0.00027290116,0.00027290116,6.8945837e-16,6.8945837e-16,2.7640921e-10,2.7640921e-10,0.00044164871,0.00044164871,2.7638732e-10,2.7638732e-10,0.00044164871,0.00044164871,0.00044164898,0.00044164898,-1.6975811e-15,-1.6975811e-15,-0.0025026757,-0.0025026757,-0.0025026757,-0.0025026757,-0.00044164871,-0.00044164871,-3.5031074e-06,-3.5031074e-06,-8.7686762e-18,-8.7686762e-18,5.6144485e-10,5.6144485e-10,-3.5036688e-06,-3.5036688e-06,9.4841354e-05,9.4841354e-05,-1.6755502e-15,-1.6755502e-15,0.18678878,0.18678878,-1.0517386e-13,-1.0517386e-13,0.14456619,0.14456619,-5.232621e-14,-5.232621e-14,-0.0025026757,-0.0025026757,0.0029443247,0.0029443247,-0.00050053515,-0.00050053515,-2.2596138e-16,-2.2596138e-16,-1.2710002e-14,-1.2710002e-14,1.2741891e-14,1.2741891e-14,-5.7977075e-18,-5.7977075e-18,-6.3820874e-18,-6.3820874e-18,-0.0032172259,-0.0032172259,-2.8306956e-17,-2.8306956e-17,4.2840408e-17,4.2840408e-17,-1.2062739e-16,-1.2062739e-16,3.4978421e-06,3.4978421e-06,1.0394545e-32,1.0394545e-32
-0.0024826895,-0.0024826895,0.0024826895,0.0024826895,1.7581422e-15,1.7581422e-15,1.7307063e-15,1.7307063e-15,0.0024826895,0.0024826895,-0.0025837971,-0.0025837971,-0.00043812163,-0.00043812163,-0.0025812738,-0.0025812738,-0.00043812163,-0.00043812163,3.3632725e-10,3.3632725e-10,-3.934006e-18,-3.934006e-18,0.00043812137,0.00043812137,-1.7962481e-15,-1.7962481e-15,2.0214246e-05,2.0214246e-05,2.0214231e-05,2.0214231e-05,-1.8992319e-17,-1.8992319e-17,-0.0024826893,-0.0024826893,-0.00043812163,-0.00043812163,-0.0024826893,-0.0024826893,-0.00043812163,-0.00043812163,5.565576e-16,5.565576e-16,4.8443948e-16,4.8443948e-16,-0.0029208109,-0.0029208109,1.2397213e-15,1.2397213e-15,0.0001355537,0.0001355537,6.8002005e-16,6.8002005e-16,-2.6310715e-10,-2.6310715e-10,0.00043812163,0.00043812163,-2.6312795e-10,-2.6312795e-10,0.00043812163,0.00043812163,0.00043812137,0.00043812137,-1.6951347e-15,-1.6951347e-15,-0.0024826895,-0.0024826895,-0.0024826895,-0.0024826895,-0.00043812163,-0.00043812163,-3.5276139e-06,-3.5276139e-06,-7.9741678e-18,-7.9741678e-18,-5.3951527e-10,-5.3951527e-10,-3.5270744e-06,-3.5270744e-06,8.8887593e-05,8.8887593e-05,-1.6727417e-15,-1.6727417e-15,0.18204705,0.18204705,-1.0500845e-13,-1.0500845e-13,0.14317344,0.14317344,-5.2250005e-14,-5.2250005e-14,-0.0024826895,-0.0024826895,0.0029208109,0.0029208109,-0.0004965379,-0.0004965379,-2.2961158e-16,-2.2961158e-16,-1.27763e-14,-1.27763e-14,1.2808099e-14,1.2808099e-14,-5.7466672e-18,-5.7466672e-18,-6.4754656e-18,-6.4754656e-18,-0.0030563646,-0.0030563646,-2.8135051e-17,-2.8135051e-17,4.2326814e-17,4.2326814e-17,-1.183075e-16,-1.183075e-16,3.4696394e-06,3.4696394e-06,8.8451e-33,8.8451e-33
-0.0024625764,-0.0024625764,0.0024625764,0.0024625764,1.7633464e-15,1.7633464e-15,1.7266808e-15,1.7266808e-15,0.0024625764,0.0024625764,-0.0024697324,-0.0024697324,-0.00043457235,-0.00043457235,-0.0024672293,-0.0024672293,-0.00043457235,-0.00043457235,7.3239583e-11,7.3239583e-11,-3.7432219e-18,-3.7432219e-18,0.0004345726,0.0004345726,-1.7906185e-15,-1.7906185e-15,2.0309925e-05,2.0309925e-05,2.0309911e-05,2.0309911e-05,-1.7410152e-17,-1.7410152e-17,-0.0024625766,-0.0024625766,-0.00043457235,-0.00043457235,-0.0024625766,-0.0024625766,-0.00043457235,-0.00043457235,5.3938661e-16,5.3938661e-16,4.723204e-16,4.723204e-16,-0.002897149,-0.002897149,1.2057606e-15,1.2057606e-15,6.3973813e-06,6.3973813e-06,6.7076278e-16,6.7076278e-16,2.5462707e-10,2.5462707e-10,0.00043457235,0.00043457235,2.5460731e-10,2.5460731e-10,0.00043457235,0.00043457235,0.0004345726,0.0004345726,-1.6924816e-15,-1.6924816e-15,-0.0024625764,-0.0024625764,-0.0024625764,-0.0024625764,-0.00043457235,-0.00043457235,-3.5487694e-06,-3.5487694e-06,-7.2225274e-18,-7.2225274e-18,5.1773526e-10,5.1773526e-10,-3.5492872e-06,-3.5492872e-06,8.3244428e-05,8.3244428e-05,-1.6697583e-15,-1.6697583e-15,0.17749347,0.17749347,-1.0483172e-13,-1.0483172e-13,0.1417882,0.1417882,-5.2167986e-14,-5.2167986e-14,-0.0024625764,-0.0024625764,0.002897149,0.002897149,-0.00049251528,-0.00049251528,-2.3303028e-16,-2.3303028e-16,-1.2841318e-14,-1.2841318e-14,1.2873019e-14,1.2873019e-14,-5.6954191e-18,-5.6954191e-18,-6.5602158e-18,-6.5602158e-18,-0.0029035464,-0.0029035464,-2.7959518e-17,-2.7959518e-17,4.1821032e-17,4.1821032e-17,-1.1605997e-16,-1.1605997e-16,3.4418004e-06,3.4418004e-06,7.4945459e-33,7.4945459e-33
-0.002442368,-0.002442368,0.002442368,0.002442368,1.7672495e-15,1.7672495e-15,1.7225018e-15,1.7225018e-15,0.002442368,0.002442368,-0.002361211,-0.002361211,-0.00043100608,-0.00043100608,-0.0023587279,-0.0023587279,-0.00043100608,-0.00043100608,3.2788585e-10,3.2788585e-10,-3.561419e-18,-3.561419e-18,0.00043100584,0.00043100584,-1.7849248e-15,-1.7849248e-15,2.0401965e-05,2.0401965e-05,2.0401952e-05,2.0401952e-05,-1.5913252e-17,-1.5913252e-17,-0.0024423678,-0.0024423678,-0.00043100608,-0.00043100608,-0.0024423678,-0.0024423678,-0.00043100608,-0.00043100608,5.2291502e-16,5.2291502e-16,4.6070075e-16,4.6070075e-16,-0.0028733739,-0.0028733739,1.1731758e-15,1.1731758e-15,-0.00011500483,-0.00011500483,6.6168221e-16,6.6168221e-16,-2.4287463e-10,-2.4287463e-10,0.00043100608,0.00043100608,-2.4289341e-10,-2.4289341e-10,0.00043100608,0.00043100608,0.00043100584,0.00043100584,-1.6896352e-15,-1.6896352e-15,-0.002442368,-0.002442368,-0.002442368,-0.002442368,-0.00043100608,-0.00043100608,-3.5667643e-06,-3.5667643e-06,-6.5118539e-18,-6.5118539e-18,-4.9750072e-10,-4.9750072e-10,-3.5662668e-06,-3.5662668e-06,7.7896175e-05,7.7896175e-05,-1.6666123e-15,-1.6666123e-15,0.17311913,0.17311913,-1.0464447e-13,-1.0464447e-13,0.14041076,0.14041076,-5.2080558e-14,-5.2080558e-14,-0.002442368,-0.002442368,0.0028733739,0.0028733739,-0.00048847361,-0.00048847361,-2.3623057e-16,-2.3623057e-16,-1.2905104e-14,-1.2905104e-14,1.29367e-14,1.29367e-14,-5.644008e-18,-5.644008e-18,-6.6367681e-18,-6.6367681e-18,-0.002758369,-0.002758369,-2.7780619e-17,-2.7780619e-17,4.1322915e-17,4.1322915e-17,-1.1388205e-16,-1.1388205e-16,3.4143094e-06,3.4143094e-06,6.3205794e-33,6.3205794e-33
-0.0024220681,-0.0024220681,0.0024220681,0.0024220681,1.770719e-15,1.770719e-15,1.7181794e-15,1.7181794e-15,0.0024220681,0.0024220681,-0.002257956,-0.002257956,-0.00042742382,-0.00042742382,-0.0022554926,-0.0022554926,-0.00042742382,-0.00042742382,8.5030119e-11,8.5030119e-11,-3.3882038e-18,-3.3882038e-18,0.00042742406,0.00042742406,-1.7791684e-15,-1.7791684e-15,2.0465202e-05,2.0465202e-05,2.046519e-05,2.046519e-05,-1.4497072e-17,-1.4497072e-17,-0.0024220683,-0.0024220683,-0.00042742382,-0.00042742382,-0.0024220683,-0.0024220683,-0.00042742382,-0.00042742382,5.0710953e-16,5.0710953e-16,4.4955442e-16,4.4955442e-16,-0.0028494922,-0.0028494922,1.1419e-15,1.1419e-15,-0.00022904157,-0.00022904157,6.5277087e-16,6.5277087e-16,2.34553e-10,2.34553e-10,0.00042742382,0.00042742382,2.3453516e-10,2.3453516e-10,0.00042742382,0.00042742382,0.00042742406,0.00042742406,-1.6866081e-15,-1.6866081e-15,-0.0024220681,-0.0024220681,-0.0024220681,-0.0024220681,-0.00042742382,-0.00042742382,-3.5817787e-06,-3.5817787e-06,-5.8398954e-18,-5.8398954e-18,4.7742857e-10,4.7742857e-10,-3.5822561e-06,-3.5822561e-06,7.282797e-05,7.282797e-05,-1.6633144e-15,-1.6633144e-15,0.16891561,0.16891561,-1.0444737e-13,-1.0444737e-13,0.13904138,0.13904138,-5.1988057e-14,-5.1988057e-14,-0.0024220681,-0.0024220681,0.0028494922,0.0028494922,-0.00048441362,-0.00048441362,-2.3922351e-16,-2.3922351e-16,-1.296769e-14,-1.296769e-14,1.2999175e-14,1.2999175e-14,-5.592476e-18,-5.592476e-18,-6.7055357e-18,-6.7055357e-18,-0.0026204506,-0.0026204506,-2.7598603e-17,-2.7598603e-17,4.0832316e-17,4.0832316e-17,-1.117711e-16,-1.117711e-16,3.3871518e-06,3.3871518e-06,5.3031568e-33,5.3031568e-33
-0.0024017053,-0.0024017053,0.0024017053,0.0024017053,1.7741884e-15,1.7741884e-15,1.7137252e-15,1.7137252e-15,0.0024017053,0.0024017053,-0.0021597072,-0.0021597072,-0.0004238303,-0.0004238303,-0.0021572634,-0.0021572634,-0.0004238303,-0.0004238303,3.1960175e-10,3.1960175e-10,-3.2231966e-18,-3.2231966e-18,0.00042383007,0.00042383007,-1.7733606e-15,-1.7733606e-15,2.0525661e-05,2.0525661e-05,2.0525649e-05,2.0525649e-05,-1.3157854e-17,-1.3157854e-17,-0.002401705,-0.002401705,-0.0004238303,-0.0004238303,-0.002401705,-0.002401705,-0.0004238303,-0.0004238303,4.9193867e-16,4.9193867e-16,4.388609e-16,4.388609e-16,-0.0028255353,-0.0028255353,1.1118727e-15,1.1118727e-15,-0.00033610726,-0.00033610726,6.4402482e-16,6.4402482e-16,-2.2420591e-10,-2.2420591e-10,0.0004238303,0.0004238303,-2.2422285e-10,-2.2422285e-10,0.0004238303,0.0004238303,0.00042383007,0.00042383007,-1.6834125e-15,-1.6834125e-15,-0.0024017053,-0.0024017053,-0.0024017053,-0.0024017053,-0.0004238303,-0.0004238303,-3.593984e-06,-3.593984e-06,-5.2049309e-18,-5.2049309e-18,-4.5875802e-10,-4.5875802e-10,-3.5935252e-06,-3.5935252e-06,6.8025659e-05,6.8025659e-05,-1.6598757e-15,-1.6598757e-15,0.16487485,0.16487485,-1.0424113e-13,-1.0424113e-13,0.13768031,0.13768031,-5.1890848e-14,-5.1890848e-14,-0.0024017053,-0.0024017053,0.0028255353,0.0028255353,-0.00048034105,-0.00048034105,-2.4202085e-16,-2.4202085e-16,-1.3029118e-14,-1.3029118e-14,1.3060486e-14,1.3060486e-14,-5.5408624e-18,-5.5408624e-18,-6.7669152e-18,-6.7669152e-18,-0.0024894281,-0.0024894281,-2.7413708e-17,-2.7413708e-17,4.0349086e-17,4.0349086e-17,-1.0972454e-16,-1.0972454e-16,3.3603134e-06,3.3603134e-06,4.4243742e-33,4.4243742e-33
-0.0023812822,-0.0023812822,0.0023812822,0.0023812822,1.7767905e-15,1.7767905e-15,1.7091483e-15,1.7091483e-15,0.0023812822,0.0023812822,-0.0020662146,-0.0020662146,-0.00042022632,-0.00042022632,-0.00206379,-0.00206379,-0.00042022632,-0.00042022632,9.5414194e-11,9.5414194e-11,-3.0660321e-18,-3.0660321e-18,0.00042022653,0.00042022653,-1.7675027e-15,-1.7675027e-15,2.0560116e-05,2.0560116e-05,2.0560105e-05,2.0560105e-05,-1.1891477e-17,-1.1891477e-17,-0.0023812825,-0.0023812825,-0.00042022632,-0.00042022632,-0.0023812825,-0.0023812825,-0.00042022632,-0.00042022632,4.7737236e-16,4.7737236e-16,4.285966e-16,4.285966e-16,-0.0028015088,-0.0028015088,1.0830332e-15,1.0830332e-15,-0.00043655212,-0.00043655212,6.3543725e-16,6.3543725e-16,2.160531e-10,2.160531e-10,0.00042022632,0.00042022632,2.16037e-10,2.16037e-10,0.00042022632,0.00042022632,0.00042022653,0.00042022653,-1.6800597e-15,-1.6800597e-15,-0.0023812822,-0.0023812822,-0.0023812822,-0.0023812822,-0.00042022632,-0.00042022632,-3.6035424e-06,-3.6035424e-06,-4.6049151e-18,-4.6049151e-18,4.4025986e-10,4.4025986e-10,-3.6039827e-06,-3.6039827e-06,6.347583e-05,6.347583e-05,-1.6563057e-15,-1.6563057e-15,0.16098924,0.16098924,-1.0402636e-13,-1.0402636e-13,0.13632777,0.13632777,-5.1789235e-14,-5.1789235e-14,-0.0023812822,-0.0023812822,0.0028015088,0.0028015088,-0.00047625645,-0.00047625645,-2.4463251e-16,-2.4463251e-16,-1.3089419e-14,-1.3089419e-14,1.3120663e-14,1.3120663e-14,-5.4892044e-18,-5.4892044e-18,-6.8212863e-18,-6.8212863e-18,-0.0023649567,-0.0023649567,-2.7226162e-17,-2.7226162e-17,3.9873078e-17,3.9873078e-17,-1.0773989e-16,-1.0773989e-16,3.3337809e-06,3.3337809e-06,3.6681671e-33,3.6681671e-33
-0.0023608249,-0.0023608249,0.0023608249,0.0023608249,1.7806936e-15,1.7806936e-15,1.7044592e-15,1.7044592e-15,0.0023608249,0.0023608249,-0.0019772433,-0.0019772433,-0.00041661613,-0.00041661613,-0.0019748378,-0.0019748378,-0.00041661613,-0.00041661613,3.1148539e-10,3.1148539e-10,-2.9163585e-18,-2.9163585e-18,0.00041661592,0.00041661592,-1.7616047e-15,-1.7616047e-15,2.0592545e-05,2.0592545e-05,2.0592534e-05,2.0592534e-05,-1.0694542e-17,-1.0694542e-17,-0.0023608247,-0.0023608247,-0.00041661613,-0.00041661613,-0.0023608247,-0.0023608247,-0.00041661613,-0.00041661613,4.6338214e-16,4.6338214e-16,4.1874301e-16,4.1874301e-16,-0.0027774409,-0.0027774409,1.0553271e-15,1.0553271e-15,-0.00053073205,-0.00053073205,6.2700458e-16,6.2700458e-16,-2.0698006e-10,-2.0698006e-10,0.00041661613,0.00041661613,-2.0699536e-10,-2.0699536e-10,0.00041661613,0.00041661613,0.00041661592,0.00041661592,-1.6765609e-15,-1.6765609e-15,-0.0023608249,-0.0023608249,-0.0023608249,-0.0023608249,-0.00041661613,-0.00041661613,-3.6106082e-06,-3.6106082e-06,-4.038291e-18,-4.038291e-18,-4.2303236e-10,-4.2303236e-10,-3.6101852e-06,-3.6101852e-06,5.9165713e-05,5.9165713e-05,-1.6526146e-15,-1.6526146e-15,0.15725151,0.15725151,-1.038037e-13,-1.038037e-13,0.13498397,0.13498397,-5.1683548e-14,-5.1683548e-14,-0.0023608249,-0.0023608249,0.0027774409,0.0027774409,-0.00047216499,-0.00047216499,-2.4706901e-16,-2.4706901e-16,-1.3148633e-14,-1.3148633e-14,1.3179748e-14,1.3179748e-14,-5.4375367e-18,-5.4375367e-18,-6.8690131e-18,-6.8690131e-18,-0.0022467088,-0.0022467088,-2.7036184e-17,-2.7036184e-17,3.9404147e-17,3.9404147e-17,-1.0581477e-16,-1.0581477e-16,3.3075414e-06,3.3075414e-06,3.020204e-33,3.020204e-33
-0.0023403354,-0.0023403354,0.0023403354,0.0023403354,1.7824284e-15,1.7824284e-15,1.6996661e-15,1.6996661e-15,0.0023403354,0.0023403354,-0.0018925676,-0.0018925676,-0.0004130004,-0.0004130004,-0.001890181,-0.001890181,-0.0004130004,-0.0004130004,1.0452316e-10,1.0452316e-10,-2.7738377e-18,-2.7738377e-18,0.0004130006,0.0004130006,-1.7556679e-15,-1.7556679e-15,2.060151e-05,2.060151e-05,2.06015e-05,2.06015e-05,-9.5633152e-18,-9.5633152e-18,-0.0023403356,-0.0023403356,-0.0004130004,-0.0004130004,-0.0023403356,-0.0023403356,-0.0004130004,-0.0004130004,4.4994082e-16,4.4994082e-16,4.0927882e-16,4.0927882e-16,-0.002753336,-0.002753336,1.0286995e-15,1.0286995e-15,-0.0006189626,-0.0006189626,6.1872058e-16,6.1872058e-16,1.99004e-10,1.99004e-10,0.0004130004,0.0004130004,1.9898947e-10,1.9898947e-10,0.0004130004,0.0004130004,0.0004130006,0.0004130006,-1.6729261e-15,-1.6729261e-15,-0.0023403354,-0.0023403354,-0.0023403354,-0.0023403354,-0.0004130004,-0.0004130004,-3.6153272e-06,-3.6153272e-06,-3.5032019e-18,-3.5032019e-18,4.0598483e-10,4.0598483e-10,-3.6157332e-06,-3.6157332e-06,5.5083207e-05,5.5083207e-05,-1.6488108e-15,-1.6488108e-15,0.15365477,0.15365477,-1.0357371e-13,-1.0357371e-13,0.13364909,0.13364909,-5.1574059e-14,-5.1574059e-14,-0.0023403354,-0.0023403354,0.002753336,0.002753336,-0.00046806708,-0.00046806708,-2.4933926e-16,-2.4933926e-16,-1.3206786e-14,-1.3206786e-14,1.3237767e-14,1.3237767e-14,-5.3858917e-18,-5.3858917e-18,-6.910444e-18,-6.910444e-18,-0.0021343734,-0.0021343734,-2.684398e-17,-2.684398e-17,3.8942149e-17,3.8942149e-17,-1.0394685e-16,-1.0394685e-16,3.281583e-06,3.281583e-06,2.4676479e-33,2.4676479e-33
-0.0023198369,-0.0023198369,0.0023198369,0.0023198369,1.7845968e-15,1.7845968e-15,1.6947782e-15,1.6947782e-15,0.0023198369,0.0023198369,-0.0018119756,-0.0018119756,-0.00040938295,-0.00040938295,-0.0018096077,-0.0018096077,-0.00040938295,-0.00040938295,3.0354475e-10,3.0354475e-10,-2.6381448e-18,-2.6381448e-18,0.00040938276,0.00040938276,-1.7497013e-15,-1.7497013e-15,2.0609104e-05,2.0609104e-05,2.0609094e-05,2.0609094e-05,-8.4947255e-18,-8.4947255e-18,-0.0023198367,-0.0023198367,-0.00040938295,-0.00040938295,-0.0023198367,-0.0023198367,-0.00040938295,-0.00040938295,4.3702267e-16,4.3702267e-16,4.0018735e-16,4.0018735e-16,-0.0027292197,-0.0027292197,1.003101e-15,1.003101e-15,-0.00070156495,-0.00070156495,6.10582e-16,6.10582e-16,-1.9108552e-10,-1.9108552e-10,0.00040938295,0.00040938295,-1.9109932e-10,-1.9109932e-10,0.00040938295,0.00040938295,0.00040938276,0.00040938276,-1.6691655e-15,-1.6691655e-15,-0.0023198369,-0.0023198369,-0.0023198369,-0.0023198369,-0.00040938295,-0.00040938295,-3.6178381e-06,-3.6178381e-06,-2.9982401e-18,-2.9982401e-18,-3.900888e-10,-3.900888e-10,-3.617448e-06,-3.617448e-06,5.1216787e-05,5.1216787e-05,-1.6449035e-15,-1.6449035e-15,0.15019245,0.15019245,-1.0333696e-13,-1.0333696e-13,0.13232332,0.13232332,-5.1461069e-14,-5.1461069e-14,-0.0023198369,-0.0023198369,0.0027292197,0.0027292197,-0.00046396738,-0.00046396738,-2.514527e-16,-2.514527e-16,-1.3263916e-14,-1.3263916e-14,1.3294757e-14,1.3294757e-14,-5.3342999e-18,-5.3342999e-18,-6.9459127e-18,-6.9459127e-18,-0.0020276547,-0.0020276547,-2.6649751e-17,-2.6649751e-17,3.8486939e-17,3.8486939e-17,-1.0213392e-16,-1.0213392e-16,3.2558939e-06,3.2558939e-06,1.9990618e-33,1.9990618e-33
-0.0022993309,-0.0022993309,0.0022993309,0.0022993309,1.7871989e-15,1.7871989e-15,1.6898032e-15,1.6898032e-15,0.0022993309,0.0022993309,-0.0017352635,-0.0017352635,-0.0004057643,-0.0004057643,-0.0017329141,-0.0017329141,-0.0004057643,-0.0004057643,1.1247657e-10,1.1247657e-10,-2.5089678e-18,-2.5089678e-18,0.00040576449,0.00040576449,-1.743706e-15,-1.743706e-15,2.0595539e-05,2.0595539e-05,2.059553e-05,2.059553e-05,-7.4853887e-18,-7.4853887e-18,-0.0022993311,-0.0022993311,-0.0004057643,-0.0004057643,-0.0022993311,-0.0022993311,-0.0004057643,-0.0004057643,4.246031e-16,4.246031e-16,3.914493e-16,3.914493e-16,-0.0027050954,-0.0027050954,9.7848226e-16,9.7848226e-16,-0.00077882338,-0.00077882338,6.0258315e-16,6.0258315e-16,1.83292e-10,1.83292e-10,0.0004057643,0.0004057643,1.8327888e-10,1.8327888e-10,0.0004057643,0.0004057643,0.00040576449,0.00040576449,-1.6652881e-15,-1.6652881e-15,-0.0022993309,-0.0022993309,-0.0022993309,-0.0022993309,-0.0004057643,-0.0004057643,-3.6182722e-06,-3.6182722e-06,-2.5217209e-18,-2.5217209e-18,3.7437821e-10,3.7437821e-10,-3.6186466e-06,-3.6186466e-06,4.7555536e-05,4.7555536e-05,-1.6409003e-15,-1.6409003e-15,0.14685832,0.14685832,-1.0309394e-13,-1.0309394e-13,0.13100681,0.13100681,-5.1344822e-14,-5.1344822e-14,-0.0022993309,-0.0022993309,0.0027050954,0.0027050954,-0.00045986617,-0.00045986617,-2.5341731e-16,-2.5341731e-16,-1.3320046e-14,-1.3320046e-14,1.3350744e-14,1.3350744e-14,-5.28279e-18,-5.28279e-18,-6.9757378e-18,-6.9757378e-18,-0.001926272,-0.001926272,-2.6453685e-17,-2.6453685e-17,3.8038379e-17,3.8038379e-17,-1.0037383e-16,-1.0037383e-16,3.2304635e-06,3.2304635e-06,1.6042211e-33,1.6042211e-33
-0.0022788383,-0.0022788383,0.0022788383,0.0022788383,1.7889336e-15,1.7889336e-15,1.6847492e-15,1.6847492e-15,0.0022788383,0.0022788383,-0.00166224,-0.00166224,-0.00040214791,-0.00040214791,-0.0016599089,-0.0016599089,-0.00040214791,-0.00040214791,2.9578566e-10,2.9578566e-10,-2.3860075e-18,-2.3860075e-18,0.00040214773,0.00040214773,-1.7376903e-15,-1.7376903e-15,2.0581172e-05,2.0581172e-05,2.0581163e-05,2.0581163e-05,-6.5325318e-18,-6.5325318e-18,-0.0022788381,-0.0022788381,-0.00040214791,-0.00040214791,-0.0022788381,-0.0022788381,-0.00040214791,-0.00040214791,4.1265888e-16,4.1265888e-16,3.8304966e-16,3.8304966e-16,-0.0026809861,-0.0026809861,9.5479864e-16,9.5479864e-16,-0.00085102768,-0.00085102768,5.9472105e-16,5.9472105e-16,-1.7641933e-10,-1.7641933e-10,0.00040214791,0.00040214791,-1.7643179e-10,-1.7643179e-10,0.00040214791,0.00040214791,0.00040214773,0.00040214773,-1.661303e-15,-1.661303e-15,-0.0022788383,-0.0022788383,-0.0022788383,-0.0022788383,-0.00040214791,-0.00040214791,-3.6167543e-06,-3.6167543e-06,-2.0723724e-18,-2.0723724e-18,-3.5971067e-10,-3.5971067e-10,-3.6163946e-06,-3.6163946e-06,4.4089057e-05,4.4089057e-05,-1.6368096e-15,-1.6368096e-15,0.14364643,0.14364643,-1.0284518e-13,-1.0284518e-13,0.12969971,0.12969971,-5.1225588e-14,-5.1225588e-14,-0.0022788383,-0.0022788383,0.0026809861,0.0026809861,-0.00045576767,-0.00045576767,-2.5524158e-16,-2.5524158e-16,-1.3375212e-14,-1.3375212e-14,1.3405761e-14,1.3405761e-14,-5.2313884e-18,-5.2313884e-18,-7.0002242e-18,-7.0002242e-18,-0.0018299584,-0.0018299584,-2.6255964e-17,-2.6255964e-17,3.7596329e-17,3.7596329e-17,-9.8664515e-17,-9.8664515e-17,3.2052815e-06,3.2052815e-06,1.2740288e-33,1.2740288e-33
-0.0022583601,-0.0022583601,0.0022583601,0.0022583601,1.7906683e-15,1.7906683e-15,1.679623e-15,1.679623e-15,0.0022583601,0.0022583601,-0.0015927213,-0.0015927213,-0.00039853416,-0.00039853416,-0.0015904083,-0.0015904083,-0.00039853416,-0.00039853416,1.193832e-10,1.193832e-10,-2.268977e-18,-2.268977e-18,0.00039853433,0.00039853433,-1.7316549e-15,-1.7316549e-15,2.0547739e-05,2.0547739e-05,2.0547731e-05,2.0547731e-05,-5.6330895e-18,-5.6330895e-18,-0.0022583602,-0.0022583602,-0.00039853416,-0.00039853416,-0.0022583602,-0.0022583602,-0.00039853416,-0.00039853416,4.0116776e-16,4.0116776e-16,3.7497096e-16,3.7497096e-16,-0.0026568944,-0.0026568944,9.3200533e-16,9.3200533e-16,-0.00091843395,-0.00091843395,5.8699049e-16,5.8699049e-16,1.6881231e-10,1.6881231e-10,0.00039853416,0.00039853416,1.6880047e-10,1.6880047e-10,0.00039853416,0.00039853416,0.00039853433,0.00039853433,-1.6572186e-15,-1.6572186e-15,-0.0022583601,-0.0022583601,-0.0022583601,-0.0022583601,-0.00039853416,-0.00039853416,-3.6134023e-06,-3.6134023e-06,-1.6486664e-18,-1.6486664e-18,3.4523226e-10,3.4523226e-10,-3.6137476e-06,-3.6137476e-06,4.0807498e-05,4.0807498e-05,-1.632638e-15,-1.632638e-15,0.14055117,0.14055117,-1.0259112e-13,-1.0259112e-13,0.12840214,0.12840214,-5.1103586e-14,-5.1103586e-14,-0.0022583601,-0.0022583601,0.0026568944,0.0026568944,-0.00045167202,-0.00045167202,-2.5693265e-16,-2.5693265e-16,-1.3429435e-14,-1.3429435e-14,1.3459832e-14,1.3459832e-14,-5.1801201e-18,-5.1801201e-18,-7.0196631e-18,-7.0196631e-18,-0.0017384605,-0.0017384605,-2.605676e-17,-2.605676e-17,3.7160655e-17,3.7160655e-17,-9.7003998e-17,-9.7003998e-17,3.180338e-06,3.180338e-06,1.0003703e-33,1.0003703e-33
-0.0022379151,-0.0022379151,0.0022379151,0.0022379151,1.7919694e-15,1.7919694e-15,1.6744322e-15,1.6744322e-15,0.0022379151,0.0022379151,-0.0015265345,-0.0015265345,-0.00039492616,-0.00039492616,-0.0015242395,-0.0015242395,-0.00039492616,-0.00039492616,2.8821214e-10,2.8821214e-10,-2.1576013e-18,-2.1576013e-18,0.000394926,0.000394926,-1.7256075e-15,-1.7256075e-15,2.0513995e-05,2.0513995e-05,2.0513988e-05,2.0513988e-05,-4.784558e-18,-4.784558e-18,-0.0022379149,-0.0022379149,-0.00039492616,-0.00039492616,-0.0022379149,-0.0022379149,-0.00039492616,-0.00039492616,3.9010872e-16,3.9010872e-16,3.6719968e-16,3.6719968e-16,-0.0026328411,-0.0026328411,9.1006215e-16,9.1006215e-16,-0.00098130366,-0.00098130366,5.7938878e-16,5.7938878e-16,-1.6288648e-10,-1.6288648e-10,0.00039492616,0.00039492616,-1.6289772e-10,-1.6289772e-10,0.00039492616,0.00039492616,0.000394926,0.000394926,-1.6530427e-15,-1.6530427e-15,-0.0022379151,-0.0022379151,-0.0022379151,-0.0022379151,-0.00039492616,-0.00039492616,-3.6083285e-06,-3.6083285e-06,-1.2494545e-18,-1.2494545e-18,-3.316982e-10,-3.316982e-10,-3.6079968e-06,-3.6079968e-06,3.7701478e-05,3.7701478e-05,-1.6283931e-15,-1.6283931e-15,0.13756715,0.13756715,-1.0233223e-13,-1.0233223e-13,0.12711422,0.12711422,-5.0979062e-14,-5.0979062e-14,-0.0022379151,-0.0022379151,0.0026328411,0.0026328411,-0.00044758302,-0.00044758302,-2.5849817e-16,-2.5849817e-16,-1.3482747e-14,-1.3482747e-14,1.3512988e-14,1.3512988e-14,-5.1290083e-18,-5.1290083e-18,-7.0343324e-18,-7.0343324e-18,-0.0016515374,-0.0016515374,-2.5856238e-17,-2.5856238e-17,3.6731224e-17,3.6731224e-17,-9.539037e-17,-9.539037e-17,3.155624e-06,3.155624e-06,7.7603647e-34,7.7603647e-34
-0.0022175037,-0.0022175037,0.0022175037,0.0022175037,1.7937041e-15,1.7937041e-15,1.6691826e-15,1.6691826e-15,0.0022175037,0.0022175037,-0.0014635138,-0.0014635138,-0.00039132421,-0.00039132421,-0.0014612366,-0.0014612366,-0.00039132421,-0.00039132421,1.2534207e-10,1.2534207e-10,-2.0516169e-18,-2.0516169e-18,0.00039132436,0.00039132436,-1.7195485e-15,-1.7195485e-15,2.0463086e-05,2.0463086e-05,2.0463078e-05,2.0463078e-05,-3.9841616e-18,-3.9841616e-18,-0.0022175038,-0.0022175038,-0.00039132421,-0.00039132421,-0.0022175038,-0.0022175038,-0.00039132421,-0.00039132421,3.7946166e-16,3.7946166e-16,3.5972e-16,3.5972e-16,-0.002608828,-0.002608828,8.8892854e-16,8.8892854e-16,-0.0010398675,-0.0010398675,5.7191112e-16,5.7191112e-16,1.5546837e-10,1.5546837e-10,0.00039132421,0.00039132421,1.5545769e-10,1.5545769e-10,0.00039132421,0.00039132421,0.00039132436,0.00039132436,-1.6487831e-15,-1.6487831e-15,-0.0022175037,-0.0022175037,-0.0022175037,-0.0022175037,-0.00039132421,-0.00039132421,-3.6016389e-06,-3.6016389e-06,-8.7335081e-19,-8.7335081e-19,3.1835541e-10,3.1835541e-10,-3.6019573e-06,-3.6019573e-06,3.4762109e-05,3.4762109e-05,-1.624081e-15,-1.624081e-15,0.13468929,0.13468929,-1.0206891e-13,-1.0206891e-13,0.12583606,0.12583606,-5.085221e-14,-5.085221e-14,-0.0022175037,-0.0022175037,0.002608828,0.002608828,-0.00044350074,-0.00044350074,-2.5994454e-16,-2.5994454e-16,-1.353517e-14,-1.353517e-14,1.3565251e-14,1.3565251e-14,-5.0780747e-18,-5.0780747e-18,-7.0444975e-18,-7.0444975e-18,-0.0015689606,-0.0015689606,-2.5654556e-17,-2.5654556e-17,3.6307905e-17,3.6307905e-17,-9.3821803e-17,-9.3821803e-17,3.1311309e-06,3.1311309e-06,5.9461259e-34,5.9461259e-34
-0.0021971429,-0.0021971429,0.0021971429,0.0021971429,1.7941378e-15,1.7941378e-15,1.6638811e-15,1.6638811e-15,0.0021971429,0.0021971429,-0.0014035032,-0.0014035032,-0.00038773108,-0.00038773108,-0.0014012436,-0.0014012436,-0.00038773108,-0.00038773108,2.8082662e-10,2.8082662e-10,-1.9507718e-18,-1.9507718e-18,0.00038773093,0.00038773093,-1.7134849e-15,-1.7134849e-15,2.041229e-05,2.041229e-05,2.0412283e-05,2.0412283e-05,-3.2296405e-18,-3.2296405e-18,-0.0021971428,-0.0021971428,-0.00038773108,-0.00038773108,-0.0021971428,-0.0021971428,-0.00038773108,-0.00038773108,3.6920759e-16,3.6920759e-16,3.5251973e-16,3.5251973e-16,-0.0025848739,-0.0025848739,8.685682e-16,8.685682e-16,-0.0010943613,-0.0010943613,5.6455505e-16,5.6455505e-16,-1.5039931e-10,-1.5039931e-10,0.00038773108,0.00038773108,-1.5040946e-10,-1.5040946e-10,0.00038773108,0.00038773108,0.00038773093,0.00038773093,-1.6444468e-15,-1.6444468e-15,-0.0021971429,-0.0021971429,-0.0021971429,-0.0021971429,-0.00038773108,-0.00038773108,-3.5934343e-06,-3.5934343e-06,-5.1931901e-19,-5.1931901e-19,-3.0586715e-10,-3.0586715e-10,-3.5931285e-06,-3.5931285e-06,3.1980928e-05,3.1980928e-05,-1.6197083e-15,-1.6197083e-15,0.13191273,0.13191273,-1.0180157e-13,-1.0180157e-13,0.12456775,0.12456775,-5.0723252e-14,-5.0723252e-14,-0.0021971429,-0.0021971429,0.0025848739,0.0025848739,-0.00043942859,-0.00043942859,-2.6127862e-16,-2.6127862e-16,-1.3586731e-14,-1.3586731e-14,1.3616649e-14,1.3616649e-14,-5.0273395e-18,-5.0273395e-18,-7.0504116e-18,-7.0504116e-18,-0.0014905125,-0.0014905125,-2.5451863e-17,-2.5451863e-17,3.5890572e-17,3.5890572e-17,-9.2296538e-17,-9.2296538e-17,3.1068506e-06,3.1068506e-06,4.5040936e-34,4.5040936e-34
-0.0021768327,-0.0021768327,0.0021768327,0.0021768327,1.7954388e-15,1.7954388e-15,1.658533e-15,1.658533e-15,0.0021768327,0.0021768327,-0.0013463528,-0.0013463528,-0.00038414697,-0.00038414697,-0.0013441107,-0.0013441107,-0.00038414697,-0.00038414697,1.3044328e-10,1.3044328e-10,-1.8548246e-18,-1.8548246e-18,0.00038414712,0.00038414712,-1.707417e-15,-1.707417e-15,2.0346052e-05,2.0346052e-05,2.0346045e-05,2.0346045e-05,-2.518482e-18,-2.518482e-18,-0.0021768329,-0.0021768329,-0.00038414697,-0.00038414697,-0.0021768329,-0.0021768329,-0.00038414697,-0.00038414697,3.593283e-16,3.593283e-16,3.4558456e-16,3.4558456e-16,-0.0025609798,-0.0025609798,8.4894443e-16,8.4894443e-16,-0.0011449929,-0.0011449929,5.5731618e-16,5.5731618e-16,1.4317119e-10,1.4317119e-10,0.00038414697,0.00038414697,1.4316155e-10,1.4316155e-10,0.00038414697,0.00038414697,0.00038414712,0.00038414712,-1.6400405e-15,-1.6400405e-15,-0.0021768327,-0.0021768327,-0.0021768327,-0.0021768327,-0.00038414697,-0.00038414697,-3.5838101e-06,-3.5838101e-06,-1.8610268e-19,-1.8610268e-19,2.9357101e-10,2.9357101e-10,-3.5841037e-06,-3.5841037e-06,2.9349915e-05,2.9349915e-05,-1.6152805e-15,-1.6152805e-15,0.12923286,0.12923286,-1.0153058e-13,-1.0153058e-13,0.12330938,0.12330938,-5.0592363e-14,-5.0592363e-14,-0.0021768327,-0.0021768327,0.0025609798,0.0025609798,-0.00043536654,-0.00043536654,-2.6250615e-16,-2.6250615e-16,-1.363745e-14,-1.363745e-14,1.3667201e-14,1.3667201e-14,-4.9768213e-18,-4.9768213e-18,-7.052316e-18,-7.052316e-18,-0.0014159869,-0.0014159869,-2.5248302e-17,-2.5248302e-17,3.54791e-17,3.54791e-17,-9.081289e-17,-9.081289e-17,3.0827755e-06,3.0827755e-06,3.3837849e-34,3.3837849e-34
-0.0021565884,-0.0021565884,0.0021565884,0.0021565884,1.7958725e-15,1.7958725e-15,1.6531442e-15,1.6531442e-15,0.0021565884,0.0021565884,-0.0012919219,-0.0012919219,-0.0003805744,-0.0003805744,-0.0012896973,-0.0012896973,-0.0003805744,-0.0003805744,2.7363023e-10,2.7363023e-10,-1.7635446e-18,-1.7635446e-18,0.00038057426,0.00038057426,-1.7013511e-15,-1.7013511e-15,2.0280293e-05,2.0280293e-05,2.0280286e-05,2.0280286e-05,-1.8486471e-18,-1.8486471e-18,-0.0021565883,-0.0021565883,-0.0003805744,-0.0003805744,-0.0021565883,-0.0021565883,-0.0003805744,-0.0003805744,3.4980663e-16,3.4980663e-16,3.3890349e-16,3.3890349e-16,-0.0025371627,-0.0025371627,8.3002444e-16,8.3002444e-16,-0.0011919751,-0.0011919751,5.5019225e-16,5.5019225e-16,-1.3887694e-10,-1.3887694e-10,0.0003805744,0.0003805744,-1.388861e-10,-1.388861e-10,0.0003805744,0.0003805744,0.00038057426,0.00038057426,-1.6355709e-15,-1.6355709e-15,-0.0021565884,-0.0021565884,-0.0021565884,-0.0021565884,-0.0003805744,-0.0003805744,-3.5728568e-06,-3.5728568e-06,1.2723291e-19,1.2723291e-19,-2.8204765e-10,-2.8204765e-10,-3.5725748e-06,-3.5725748e-06,2.6861435e-05,2.6861435e-05,-1.6108037e-15,-1.6108037e-15,0.1266453,0.1266453,-1.0125632e-13,-1.0125632e-13,0.12206102,0.12206102,-5.045974e-14,-5.045974e-14,-0.0021565884,-0.0021565884,0.0025371627,0.0025371627,-0.00043131768,-0.00043131768,-2.6363333e-16,-2.6363333e-16,-1.3687354e-14,-1.3687354e-14,1.3716936e-14,1.3716936e-14,-4.9265378e-18,-4.9265378e-18,-7.050441e-18,-7.050441e-18,-0.0013451876,-0.0013451876,-2.5044008e-17,-2.5044008e-17,3.5073369e-17,3.5073369e-17,-8.9369239e-17,-8.9369239e-17,3.0588985e-06,3.0588985e-06,2.5405097e-34,2.5405097e-34
-0.0021364095,-0.0021364095,0.0021364095,0.0021364095,1.7967398e-15,1.7967398e-15,1.6477197e-15,1.6477197e-15,0.0021364095,0.0021364095,-0.0012400753,-0.0012400753,-0.00037701347,-0.00037701347,-0.0012378679,-0.0012378679,-0.00037701347,-0.00037701347,1.3476885e-10,1.3476885e-10,-1.6767111e-18,-1.6767111e-18,0.0003770136,0.0003770136,-1.6952875e-15,-1.6952875e-15,2.0200655e-05,2.0200655e-05,2.0200649e-05,2.0200649e-05,-1.2178615e-18,-1.2178615e-18,-0.0021364097,-0.0021364097,-0.00037701347,-0.00037701347,-0.0021364097,-0.0021364097,-0.00037701347,-0.00037701347,3.4062612e-16,3.4062612e-16,3.3246356e-16,3.3246356e-16,-0.0025134231,-0.0025134231,8.1177502e-16,8.1177502e-16,-0.0012354949,-0.0012354949,5.4317922e-16,5.4317922e-16,1.3183876e-10,1.3183876e-10,0.00037701347,0.00037701347,1.3183006e-10,1.3183006e-10,0.00037701347,0.00037701347,0.0003770136,0.0003770136,-1.631044e-15,-1.631044e-15,-0.0021364095,-0.0021364095,-0.0021364095,-0.0021364095,-0.00037701347,-0.00037701347,-3.5606601e-06,-3.5606601e-06,4.2182642e-19,4.2182642e-19,2.7071616e-10,2.7071616e-10,-3.5609308e-06,-3.5609308e-06,2.4508253e-05,2.4508253e-05,-1.6062826e-15,-1.6062826e-15,0.12414588,0.12414588,-1.0097909e-13,-1.0097909e-13,0.12082272,0.12082272,-5.0325542e-14,-5.0325542e-14,-0.0021364095,-0.0021364095,0.0025134231,0.0025134231,-0.00042728191,-0.00042728191,-2.646653e-16,-2.646653e-16,-1.373646e-14,-1.373646e-14,1.376587e-14,1.376587e-14,-4.876505e-18,-4.876505e-18,-7.0450057e-18,-7.0450057e-18,-0.0012779282,-0.0012779282,-2.483911e-17,-2.483911e-17,3.4673259e-17,3.4673259e-17,-8.7964037e-17,-8.7964037e-17,3.0352128e-06,3.0352128e-06,1.934742e-34,1.934742e-34
-0.0021163099,-0.0021163099,0.0021163099,0.0021163099,1.7967398e-15,1.7967398e-15,1.6422648e-15,1.6422648e-15,0.0021163099,0.0021163099,-0.001190686,-0.001190686,-0.00037346643,-0.00037346643,-0.0011884956,-0.0011884956,-0.00037346643,-0.00037346643,2.6662296e-10,2.6662296e-10,-1.5941133e-18,-1.5941133e-18,0.0003734663,0.0003734663,-1.6892318e-15,-1.6892318e-15,2.0121809e-05,2.0121809e-05,2.0121803e-05,2.0121803e-05,-6.2428603e-19,-6.2428603e-19,-0.0021163098,-0.0021163098,-0.00037346643,-0.00037346643,-0.0021163098,-0.0021163098,-0.00037346643,-0.00037346643,3.3177123e-16,3.3177123e-16,3.2625487e-16,3.2625487e-16,-0.0024897762,-0.0024897762,7.9416653e-16,7.9416653e-16,-0.0012757444,-0.0012757444,5.3627503e-16,5.3627503e-16,-1.2824473e-10,-1.2824473e-10,0.00037346643,0.00037346643,-1.28253e-10,-1.28253e-10,0.00037346643,0.00037346643,0.0003734663,0.0003734663,-1.6264654e-15,-1.6264654e-15,-0.0021163099,-0.0021163099,-0.0021163099,-0.0021163099,-0.00037346643,-0.00037346643,-3.5473012e-06,-3.5473012e-06,6.9852069e-19,6.9852069e-19,-2.6008305e-10,-2.6008305e-10,-3.5470411e-06,-3.5470411e-06,2.2283479e-05,2.2283479e-05,-1.6017226e-15,-1.6017226e-15,0.12173061,0.12173061,-1.0069926e-13,-1.0069926e-13,0.11959455,0.11959455,-5.0189945e-14,-5.0189945e-14,-0.0021163099,-0.0021163099,0.0024897762,0.0024897762,-0.00042326198,-0.00042326198,-2.6560761e-16,-2.6560761e-16,-1.3784793e-14,-1.3784793e-14,1.3814028e-14,1.3814028e-14,-4.826738e-18,-4.826738e-18,-7.0362192e-18,-7.0362192e-18,-0.0012140318,-0.0012140318,-2.4633732e-17,-2.4633732e-17,3.4278656e-17,3.4278656e-17,-8.6595795e-17,-8.6595795e-17,3.0117123e-06,3.0117123e-06,1.5315651e-34,1.5315651e-34
-0.0020962887,-0.0020962887,0.0020962887,0.0020962887,1.7976072e-15,1.7976072e-15,1.6367836e-15,1.6367836e-15,0.0020962887,0.0020962887,-0.0011436317,-0.0011436317,-0.00036993332,-0.00036993332,-0.0011414583,-0.0011414583,-0.00036993332,-0.00036993332,1.3839338e-10,1.3839338e-10,-1.5155497e-18,-1.5155497e-18,0.00036993344,0.00036993344,-1.683184e-15,-1.683184e-15,2.0030503e-05,2.0030503e-05,2.0030497e-05,2.0030497e-05,-6.5862842e-20,-6.5862842e-20,-0.0020962888,-0.0020962888,-0.00036993332,-0.00036993332,-0.0020962888,-0.0020962888,-0.00036993332,-0.00036993332,3.2322709e-16,3.2322709e-16,3.2026567e-16,3.2026567e-16,-0.0024662221,-0.0024662221,7.7716893e-16,7.7716893e-16,-0.001312892,-0.001312892,5.2947597e-16,5.2947597e-16,1.2139549e-10,1.2139549e-10,0.00036993332,0.00036993332,1.2138764e-10,1.2138764e-10,0.00036993332,0.00036993332,0.00036993344,0.00036993344,-1.6218407e-15,-1.6218407e-15,-0.0020962887,-0.0020962887,-0.0020962887,-0.0020962887,-0.00036993332,-0.00036993332,-3.5328571e-06,-3.5328571e-06,9.5834733e-19,9.5834733e-19,2.4964064e-10,2.4964064e-10,-3.5331068e-06,-3.5331068e-06,2.0180588e-05,2.0180588e-05,-1.5971282e-15,-1.5971282e-15,0.11939575,0.11939575,-1.0041708e-13,-1.0041708e-13,0.11837655,0.11837655,-5.0053091e-14,-5.0053091e-14,-0.0020962887,-0.0020962887,0.0024662221,0.0024662221,-0.00041925774,-0.00041925774,-2.6646489e-16,-2.6646489e-16,-1.383237e-14,-1.383237e-14,1.3861427e-14,1.3861427e-14,-4.7772507e-18,-4.7772507e-18,-7.0242803e-18,-7.0242803e-18,-0.0011533302,-0.0011533302,-2.4427991e-17,-2.4427991e-17,3.3889448e-17,3.3889448e-17,-8.5263089e-17,-8.5263089e-17,2.9883912e-06,2.9883912e-06,1.3002147e-34,1.3002147e-34
-0.0020763584,-0.0020763584,0.0020763584,0.0020763584,1.7980409e-15,1.7980409e-15,1.6312812e-15,1.6312812e-15,0.0020763584,0.0020763584,-0.0010987979,-0.0010987979,-0.00036641616,-0.00036641616,-0.0010966414,-0.0010966414,-0.00036641616,-0.00036641616,2.5980383e-10,2.5980383e-10,-1.4408277e-18,-1.4408277e-18,0.00036641604,0.00036641604,-1.6771495e-15,-1.6771495e-15,1.9940254e-05,1.9940254e-05,1.9940248e-05,1.9940248e-05,4.590666e-19,4.590666e-19,-0.0020763582,-0.0020763582,-0.00036641616,-0.00036641616,-0.0020763582,-0.0020763582,-0.00036641616,-0.00036641616,3.1497964e-16,3.1497964e-16,3.1448703e-16,3.1448703e-16,-0.0024427744,-0.0024427744,7.6075543e-16,7.6075543e-16,-0.0013471107,-0.0013471107,5.2278012e-16,5.2278012e-16,-1.1843381e-10,-1.1843381e-10,0.00036641616,0.00036641616,-1.1844127e-10,-1.1844127e-10,0.00036641616,0.00036641616,0.00036641604,0.00036641604,-1.6171751e-15,-1.6171751e-15,-0.0020763584,-0.0020763584,-0.0020763584,-0.0020763584,-0.00036641616,-0.00036641616,-3.5174008e-06,-3.5174008e-06,1.202066e-18,1.202066e-18,-2.3982891e-10,-2.3982891e-10,-3.517161e-06,-3.517161e-06,1.8193362e-05,1.8193362e-05,-1.592504e-15,-1.592504e-15,0.11713768,0.11713768,-1.0013288e-13,-1.0013288e-13,0.11716876,0.11716876,-4.9915138e-14,-4.9915138e-14,-0.0020763584,-0.0020763584,0.0024427744,0.0024427744,-0.00041527167,-0.00041527167,-2.6724214e-16,-2.6724214e-16,-1.3879212e-14,-1.3879212e-14,1.390809e-14,1.390809e-14,-4.7280557e-18,-4.7280557e-18,-7.0093784e-18,-7.0093784e-18,-0.0010956637,-0.0010956637,-2.4221998e-17,-2.4221998e-17,3.3505525e-17,3.3505525e-17,-8.3964554e-17,-8.3964554e-17,2.9652439e-06,2.9652439e-06,1.2135799e-34,1.2135799e-34
-0.0020565178,-0.0020565178,0.0020565178,0.0020565178,1.7971735e-15,1.7971735e-15,1.6257613e-15,1.6257613e-15,0.0020565178,0.0020565178,-0.0010560742,-0.0010560742,-0.00036291493,-0.00036291493,-0.0010539344,-0.0010539344,-0.00036291493,-0.00036291493,1.4138479e-10,1.4138479e-10,-1.3697638e-18,-1.3697638e-18,0.00036291504,0.00036291504,-1.671128e-15,-1.671128e-15,1.9838832e-05,1.9838832e-05,1.9838827e-05,1.9838827e-05,9.5236408e-19,9.5236408e-19,-0.0020565179,-0.0020565179,-0.00036291493,-0.00036291493,-0.0020565179,-0.0020565179,-0.00036291493,-0.00036291493,3.0701541e-16,3.0701541e-16,3.0890831e-16,3.0890831e-16,-0.0024194329,-0.0024194329,7.4489883e-16,7.4489883e-16,-0.0013785524,-0.0013785524,5.1618409e-16,5.1618409e-16,1.1177173e-10,1.1177173e-10,0.00036291493,0.00036291493,1.1176464e-10,1.1176464e-10,0.00036291493,0.00036291493,0.00036291504,0.00036291504,-1.6124734e-15,-1.6124734e-15,-0.0020565178,-0.0020565178,-0.0020565178,-0.0020565178,-0.00036291493,-0.00036291493,-3.5010013e-06,-3.5010013e-06,1.4306111e-18,1.4306111e-18,2.3020592e-10,2.3020592e-10,-3.5012315e-06,-3.5012315e-06,1.6315916e-05,1.6315916e-05,-1.5878541e-15,-1.5878541e-15,0.11495301,0.11495301,-9.9846897e-14,-9.9846897e-14,0.1159712,0.1159712,-4.9776211e-14,-4.9776211e-14,-0.0020565178,-0.0020565178,0.0024194329,0.0024194329,-0.00041130356,-0.00041130356,-2.6794351e-16,-2.6794351e-16,-1.3925336e-14,-1.3925336e-14,1.3954032e-14,1.3954032e-14,-4.6791651e-18,-4.6791651e-18,-6.9916938e-18,-6.9916938e-18,-0.0010408805,-0.0010408805,-2.4015859e-17,-2.4015859e-17,3.3126782e-17,3.3126782e-17,-8.2698883e-17,-8.2698883e-17,2.9422654e-06,2.9422654e-06,1.2478818e-34,1.2478818e-34
-0.0020367782,-0.0020367782,0.0020367782,0.0020367782,1.7971735e-15,1.7971735e-15,1.6202281e-15,1.6202281e-15,0.0020367782,0.0020367782,-0.0010153573,-0.0010153573,-0.00035943143,-0.00035943143,-0.0010132341,-0.0010132341,-0.00035943143,-0.00035943143,2.531711e-10,2.531711e-10,-1.3021825e-18,-1.3021825e-18,0.00035943132,0.00035943132,-1.6651243e-15,-1.6651243e-15,1.9738693e-05,1.9738693e-05,1.9738688e-05,1.9738688e-05,1.4155247e-18,1.4155247e-18,-0.0020367781,-0.0020367781,-0.00035943143,-0.00035943143,-0.0020367781,-0.0020367781,-0.00035943143,-0.00035943143,2.9932169e-16,2.9932169e-16,3.0352146e-16,3.0352146e-16,-0.0023962095,-0.0023962095,7.2957491e-16,7.2957491e-16,-0.001407373,-0.001407373,5.0968611e-16,5.0968611e-16,-1.0938064e-10,-1.0938064e-10,0.00035943143,0.00035943143,-1.0938737e-10,-1.0938737e-10,0.00035943143,0.00035943143,0.00035943132,0.00035943132,-1.6077402e-15,-1.6077402e-15,-0.0020367782,-0.0020367782,-0.0020367782,-0.0020367782,-0.00035943143,-0.00035943143,-3.483724e-06,-3.483724e-06,1.6446669e-18,1.6446669e-18,-2.2115202e-10,-2.2115202e-10,-3.4835028e-06,-3.4835028e-06,1.4542642e-05,1.4542642e-05,-1.5831827e-15,-1.5831827e-15,0.11283847,0.11283847,-9.9559415e-14,-9.9559415e-14,0.1147839,0.1147839,-4.9636453e-14,-4.9636453e-14,-0.0020367782,-0.0020367782,0.0023962095,0.0023962095,-0.00040735564,-0.00040735564,-2.685735e-16,-2.685735e-16,-1.3970761e-14,-1.3970761e-14,1.3999275e-14,1.3999275e-14,-4.6305895e-18,-4.6305895e-18,-6.9713978e-18,-6.9713978e-18,-0.00098883647,-0.00098883647,-2.3809673e-17,-2.3809673e-17,3.2753114e-17,3.2753114e-17,-8.1464824e-17,-8.1464824e-17,2.9194509e-06,2.9194509e-06,1.3822247e-34,1.3822247e-34
-0.0020171382,-0.0020171382,0.0020171382,0.0020171382,1.7967398e-15,1.7967398e-15,1.614685e-15,1.614685e-15,0.0020171382,0.0020171382,-0.00097654744,-0.00097654744,-0.00035596558,-0.00035596558,-0.00097444067,-0.00097444067,-0.00035596558,-0.00035596558,1.4380486e-10,1.4380486e-10,-1.2379164e-18,-1.2379164e-18,0.00035596569,0.00035596569,-1.6591382e-15,-1.6591382e-15,1.9628549e-05,1.9628549e-05,1.9628545e-05,1.9628545e-05,1.8502326e-18,1.8502326e-18,-0.0020171383,-0.0020171383,-0.00035596558,-0.00035596558,-0.0020171383,-0.0020171383,-0.00035596558,-0.00035596558,2.918863e-16,2.918863e-16,2.9831683e-16,2.9831683e-16,-0.0023731039,-0.0023731039,7.1475905e-16,7.1475905e-16,-0.0014337092,-0.0014337092,5.0328303e-16,5.0328303e-16,1.0290329e-10,1.0290329e-10,0.00035596558,0.00035596558,1.0289689e-10,1.0289689e-10,0.00035596558,0.00035596558,0.00035596569,0.00035596569,-1.6029799e-15,-1.6029799e-15,-0.0020171382,-0.0020171382,-0.0020171382,-0.0020171382,-0.00035596558,-0.00035596558,-3.4656309e-06,-3.4656309e-06,1.8450799e-18,1.8450799e-18,2.1228426e-10,2.1228426e-10,-3.4658432e-06,-3.4658432e-06,1.2868228e-05,1.2868228e-05,-1.5784932e-15,-1.5784932e-15,0.11079098,0.11079098,-9.9270652e-14,-9.9270652e-14,0.11360687,0.11360687,-4.9495977e-14,-4.9495977e-14,-0.0020171382,-0.0020171382,0.0023731039,0.0023731039,-0.00040342764,-0.00040342764,-2.6913582e-16,-2.6913582e-16,-1.4015503e-14,-1.4015503e-14,1.4043831e-14,1.4043831e-14,-4.5823391e-18,-4.5823391e-18,-6.9486535e-18,-6.9486535e-18,-0.00093939465,-0.00093939465,-2.3603536e-17,-2.3603536e-17,3.2384423e-17,3.2384423e-17,-8.0261178e-17,-8.0261178e-17,2.8967962e-06,2.8967962e-06,1.5983813e-34,1.5983813e-34
-0.0019976078,-0.0019976078,0.0019976078,0.0019976078,1.7967398e-15,1.7967398e-15,1.6091359e-15,1.6091359e-15,0.0019976078,0.0019976078,-0.00093955134,-0.00093955134,-0.00035251901,-0.00035251901,-0.00093746094,-0.00093746094,-0.00035251901,-0.00035251901,2.4672236e-10,2.4672236e-10,-1.1768059e-18,-1.1768059e-18,0.00035251891,0.00035251891,-1.653174e-15,-1.653174e-15,1.9519877e-05,1.9519877e-05,1.9519872e-05,1.9519872e-05,2.2578353e-18,2.2578353e-18,-0.0019976077,-0.0019976077,-0.00035251901,-0.00035251901,-0.0019976077,-0.0019976077,-0.00035251901,-0.00035251901,2.8469772e-16,2.8469772e-16,2.9328715e-16,2.9328715e-16,-0.0023501267,-0.0023501267,7.0042935e-16,7.0042935e-16,-0.0014577018,-0.0014577018,4.9697325e-16,4.9697325e-16,-1.0102658e-10,-1.0102658e-10,0.00035251901,0.00035251901,-1.0103266e-10,-1.0103266e-10,0.00035251901,0.00035251901,0.00035251891,0.00035251891,-1.5981966e-15,-1.5981966e-15,-0.0019976078,-0.0019976078,-0.0019976078,-0.0019976078,-0.00035251901,-0.00035251901,-3.4467807e-06,-3.4467807e-06,2.0324662e-18,2.0324662e-18,-2.0392955e-10,-2.0392955e-10,-3.4465768e-06,-3.4465768e-06,1.1287617e-05,1.1287617e-05,-1.5737895e-15,-1.5737895e-15,0.1088076,0.1088076,-9.8980855e-14,-9.8980855e-14,0.11244012,0.11244012,-4.9354908e-14,-4.9354908e-14,-0.0019976078,-0.0019976078,0.0023501267,0.0023501267,-0.00039952156,-0.00039952156,-2.6963455e-16,-2.6963455e-16,-1.405958e-14,-1.405958e-14,1.4087722e-14,1.4087722e-14,-4.5344229e-18,-4.5344229e-18,-6.9236159e-18,-6.9236159e-18,-0.00089242492,-0.00089242492,-2.3397539e-17,-2.3397539e-17,3.2020609e-17,3.2020609e-17,-7.90868e-17,-7.90868e-17,2.8742971e-06,2.8742971e-06,1.8803876e-34,1.8803876e-34
-0.0019781855,-0.0019781855,0.0019781855,0.0019781855,1.7963062e-15,1.7963062e-15,1.6035836e-15,1.6035836e-15,0.0019781855,0.0019781855,-0.00090427902,-0.00090427902,-0.00034909158,-0.00034909158,-0.00090220487,-0.00090220487,-0.00034909158,-0.00034909158,1.4570982e-10,1.4570982e-10,-1.1186987e-18,-1.1186987e-18,0.00034909168,0.00034909168,-1.6472314e-15,-1.6472314e-15,1.9402258e-05,1.9402258e-05,1.9402254e-05,1.9402254e-05,2.6398558e-18,2.6398558e-18,-0.0019781856,-0.0019781856,-0.00034909158,-0.00034909158,-0.0019781856,-0.0019781856,-0.00034909158,-0.00034909158,2.7774494e-16,2.7774494e-16,2.884237e-16,2.884237e-16,-0.0023272772,-0.0023272772,6.8656353e-16,6.8656353e-16,-0.0014794735,-0.0014794735,4.9075386e-16,4.9075386e-16,9.4730983e-11,9.4730983e-11,0.00034909158,0.00034909158,9.4725205e-11,9.4725205e-11,0.00034909158,0.00034909158,0.00034909168,0.00034909168,-1.5933942e-15,-1.5933942e-15,-0.0019781855,-0.0019781855,-0.0019781855,-0.0019781855,-0.00034909158,-0.00034909158,-3.4272289e-06,-3.4272289e-06,2.207592e-18,2.207592e-18,1.9575787e-10,1.9575787e-10,-3.4274246e-06,-3.4274246e-06,9.7960165e-06,9.7960165e-06,-1.5690746e-15,-1.5690746e-15,0.10688553,0.10688553,-9.8690221e-14,-9.8690221e-14,0.11128366,0.11128366,-4.9213347e-14,-4.9213347e-14,-0.0019781855,-0.0019781855,0.0023272772,0.0023272772,-0.00039563711,-0.00039563711,-2.7007299e-16,-2.7007299e-16,-1.4103007e-14,-1.4103007e-14,1.413096e-14,1.413096e-14,-4.4868493e-18,-4.4868493e-18,-6.8964325e-18,-6.8964325e-18,-0.00084780367,-0.00084780367,-2.3191767e-17,-2.3191767e-17,3.1661579e-17,3.1661579e-17,-7.7940591e-17,-7.7940591e-17,2.8519497e-06,2.8519497e-06,2.214412e-34,2.214412e-34
-0.0019588803,-0.0019588803,0.0019588803,0.0019588803,1.7958725e-15,1.7958725e-15,1.5980318e-15,1.5980318e-15,0.0019588803,0.0019588803,-0.00087064623,-0.00087064623,-0.00034568474,-0.00034568474,-0.00086858823,-0.00086858823,-0.00034568474,-0.00034568474,2.4045467e-10,2.4045467e-10,-1.0634496e-18,-1.0634496e-18,0.00034568465,0.00034568465,-1.6413142e-15,-1.6413142e-15,1.9286268e-05,1.9286268e-05,1.9286264e-05,1.9286264e-05,2.9975082e-18,2.9975082e-18,-0.0019588802,-0.0019588802,-0.00034568474,-0.00034568474,-0.0019588802,-0.0019588802,-0.00034568474,-0.00034568474,2.7101754e-16,2.7101754e-16,2.8371991e-16,2.8371991e-16,-0.0023045649,-0.0023045649,6.7314176e-16,6.7314176e-16,-0.0014991515,-0.0014991515,4.8462336e-16,4.8462336e-16,-9.3317547e-11,-9.3317547e-11,0.00034568474,0.00034568474,-9.3323036e-11,-9.3323036e-11,0.00034568474,0.00034568474,0.00034568465,0.00034568465,-1.5885763e-15,-1.5885763e-15,-0.0019588803,-0.0019588803,-0.0019588803,-0.0019588803,-0.00034568474,-0.00034568474,-3.4070281e-06,-3.4070281e-06,2.3710122e-18,2.3710122e-18,-1.8804824e-10,-1.8804824e-10,-3.4068401e-06,-3.4068401e-06,8.3888644e-06,8.3888644e-06,-1.564352e-15,-1.564352e-15,0.1050221,0.1050221,-9.8398971e-14,-9.8398971e-14,0.11013749,0.11013749,-4.9071406e-14,-4.9071406e-14,-0.0019588803,-0.0019588803,0.0023045649,0.0023045649,-0.00039177606,-0.00039177606,-2.7045481e-16,-2.7045481e-16,-1.4145799e-14,-1.4145799e-14,1.4173563e-14,1.4173563e-14,-4.4396259e-18,-4.4396259e-18,-6.8672432e-18,-6.8672432e-18,-0.00080541349,-0.00080541349,-2.2986301e-17,-2.2986301e-17,3.130724e-17,3.130724e-17,-7.68215e-17,-7.68215e-17,2.8297507e-06,2.8297507e-06,2.5883893e-34,2.5883893e-34
-0.0019396905,-0.0019396905,0.0019396905,0.0019396905,1.7954388e-15,1.7954388e-15,1.5924829e-15,1.5924829e-15,0.0019396905,0.0019396905,-0.00083857173,-0.00083857173,-0.00034229833,-0.00034229833,-0.00083652977,-0.00083652977,-0.00034229833,-0.00034229833,1.4715082e-10,1.4715082e-10,-1.0109201e-18,-1.0109201e-18,0.00034229842,0.00034229842,-1.6354221e-15,-1.6354221e-15,1.9162293e-05,1.9162293e-05,1.916229e-05,1.916229e-05,3.3321699e-18,3.3321699e-18,-0.0019396906,-0.0019396906,-0.00034229833,-0.00034229833,-0.0019396906,-0.0019396906,-0.00034229833,-0.00034229833,2.6450555e-16,2.6450555e-16,2.7916786e-16,2.7916786e-16,-0.0022819889,-0.0022819889,6.6014387e-16,6.6014387e-16,-0.0015168461,-0.0015168461,4.7857906e-16,4.7857906e-16,8.7200296e-11,8.7200296e-11,0.00034229833,0.00034229833,8.7195081e-11,8.7195081e-11,0.00034229833,0.00034229833,0.00034229842,0.00034229842,-1.5837465e-15,-1.5837465e-15,-0.0019396905,-0.0019396905,-0.0019396905,-0.0019396905,-0.00034229833,-0.00034229833,-3.3862281e-06,-3.3862281e-06,2.5234204e-18,2.5234204e-18,1.8051812e-10,1.8051812e-10,-3.3864086e-06,-3.3864086e-06,7.0618391e-06,7.0618391e-06,-1.5596243e-15,-1.5596243e-15,0.10321479,0.10321479,-9.8107278e-14,-9.8107278e-14,0.10900158,0.10900158,-4.8929175e-14,-4.8929175e-14,-0.0019396905,-0.0019396905,0.0022819889,0.0022819889,-0.00038793809,-0.00038793809,-2.70783e-16,-2.70783e-16,-1.418797e-14,-1.418797e-14,1.4215544e-14,1.4215544e-14,-4.3927595e-18,-4.3927595e-18,-6.836181e-18,-6.836181e-18,-0.00076514281,-0.00076514281,-2.2781218e-17,-2.2781218e-17,3.0957502e-17,3.0957502e-17,-7.5728523e-17,-7.5728523e-17,2.8076967e-06,2.8076967e-06,2.9919544e-34,2.9919544e-34
-0.001920624,-0.001920624,0.001920624,0.001920624,1.7947883e-15,1.7947883e-15,1.58694e-15,1.58694e-15,0.001920624,0.001920624,-0.00080797948,-0.00080797948,-0.00033893363,-0.00033893363,-0.00080595346,-0.00080595346,-0.00033893363,-0.00033893363,2.3436464e-10,2.3436464e-10,-9.6097823e-19,-9.6097823e-19,0.00033893354,0.00033893354,-1.6295585e-15,-1.6295585e-15,1.9040076e-05,1.9040076e-05,1.9040072e-05,1.9040072e-05,3.6449345e-18,3.6449345e-18,-0.0019206239,-0.0019206239,-0.00033893363,-0.00033893363,-0.0019206239,-0.0019206239,-0.00033893363,-0.00033893363,2.5819952e-16,2.5819952e-16,2.7476163e-16,2.7476163e-16,-0.0022595575,-0.0022595575,6.4755194e-16,6.4755194e-16,-0.0015326719,-0.0015326719,4.7261959e-16,4.7261959e-16,-8.6203623e-11,-8.6203623e-11,0.00033893363,0.00033893363,-8.6208577e-11,-8.6208577e-11,0.00033893363,0.00033893363,0.00033893354,0.00033893354,-1.5789079e-15,-1.5789079e-15,-0.001920624,-0.001920624,-0.001920624,-0.001920624,-0.00033893363,-0.00033893363,-3.364876e-06,-3.364876e-06,2.6653159e-18,2.6653159e-18,-1.7340366e-10,-1.7340366e-10,-3.3647026e-06,-3.3647026e-06,5.8108244e-06,5.8108244e-06,-1.5548946e-15,-1.5548946e-15,0.10146119,0.10146119,-9.7815338e-14,-9.7815338e-14,0.10787594,0.10787594,-4.8786753e-14,-4.8786753e-14,-0.001920624,-0.001920624,0.0022595575,0.0022595575,-0.0003841248,-0.0003841248,-2.7106085e-16,-2.7106085e-16,-1.4229537e-14,-1.4229537e-14,1.4256919e-14,1.4256919e-14,-4.3462563e-18,-4.3462563e-18,-6.8033723e-18,-6.8033723e-18,-0.00072688567,-0.00072688567,-2.2576591e-17,-2.2576591e-17,3.0612278e-17,3.0612278e-17,-7.4660699e-17,-7.4660699e-17,2.7857848e-06,2.7857848e-06,3.4161107e-34,3.4161107e-34
-0.0019016791,-0.0019016791,0.0019016791,0.0019016791,1.7941378e-15,1.7941378e-15,1.5814053e-15,1.5814053e-15,0.0019016791,0.0019016791,-0.00077879611,-0.00077879611,-0.00033559045,-0.00033559045,-0.00077678592,-0.00077678592,-0.00033559045,-0.00033559045,1.4817438e-10,1.4817438e-10,-9.1349825e-19,-9.1349825e-19,0.00033559053,0.00033559053,-1.623723e-15,-1.623723e-15,1.8910744e-05,1.8910744e-05,1.891074e-05,1.891074e-05,3.9370472e-18,3.9370472e-18,-0.0019016792,-0.0019016792,-0.00033559045,-0.00033559045,-0.0019016792,-0.0019016792,-0.00033559045,-0.00033559045,2.5209042e-16,2.5209042e-16,2.7049405e-16,2.7049405e-16,-0.0022372697,-0.0022372697,6.3534767e-16,6.3534767e-16,-0.0015467283,-0.0015467283,4.6674247e-16,4.6674247e-16,8.0260968e-11,8.0260968e-11,0.00033559045,0.00033559045,8.0256261e-11,8.0256261e-11,0.00033559045,0.00033559045,0.00033559053,0.00033559053,-1.5740637e-15,-1.5740637e-15,-0.0019016791,-0.0019016791,-0.0019016791,-0.0019016791,-0.00033559045,-0.00033559045,-3.3430162e-06,-3.3430162e-06,2.7973264e-18,2.7973264e-18,1.6646484e-10,1.6646484e-10,-3.3431827e-06,-3.3431827e-06,4.6319225e-06,4.6319225e-06,-1.5501653e-15,-1.5501653e-15,0.099758987,0.099758987,-9.7523306e-14,-9.7523306e-14,0.10676054,0.10676054,-4.864422e-14,-4.864422e-14,-0.0019016791,-0.0019016791,0.0022372697,0.0022372697,-0.00038033582,-0.00038033582,-2.7129104e-16,-2.7129104e-16,-1.427051e-14,-1.427051e-14,1.42977e-14,1.42977e-14,-4.300122e-18,-4.300122e-18,-6.768937e-18,-6.768937e-18,-0.00069054139,-0.00069054139,-2.2372489e-17,-2.2372489e-17,3.0271484e-17,3.0271484e-17,-7.3617108e-17,-7.3617108e-17,2.7640122e-06,2.7640122e-06,3.8532138e-34,3.8532138e-34
-0.0018828629,-0.0018828629,0.0018828629,0.0018828629,1.7930536e-15,1.7930536e-15,1.5758817e-15,1.5758817e-15,0.0018828629,0.0018828629,-0.00075095298,-0.00075095298,-0.00033226992,-0.00033226992,-0.00074895853,-0.00074895853,-0.00033226992,-0.00033226992,2.2844854e-10,2.2844854e-10,-8.6836031e-19,-8.6836031e-19,0.00033226984,0.00033226984,-1.6179188e-15,-1.6179188e-15,1.8783275e-05,1.8783275e-05,1.8783271e-05,1.8783271e-05,4.2094929e-18,4.2094929e-18,-0.0018828629,-0.0018828629,-0.00033226992,-0.00033226992,-0.0018828629,-0.0018828629,-0.00033226992,-0.00033226992,2.4616973e-16,2.4616973e-16,2.6635976e-16,2.6635976e-16,-0.0022151328,-0.0022151328,6.2351484e-16,6.2351484e-16,-0.0015591185,-0.0015591185,4.609464e-16,4.609464e-16,-7.9638757e-11,-7.9638757e-11,0.00033226992,0.00033226992,-7.9643229e-11,-7.9643229e-11,0.00033226992,0.00033226992,0.00033226984,0.00033226984,-1.5692167e-15,-1.5692167e-15,-0.0018828629,-0.0018828629,-0.0018828629,-0.0018828629,-0.00033226992,-0.00033226992,-3.3206911e-06,-3.3206911e-06,2.919901e-18,2.919901e-18,-1.5989949e-10,-1.5989949e-10,-3.3205312e-06,-3.3205312e-06,3.5214206e-06,3.5214206e-06,-1.5454392e-15,-1.5454392e-15,0.09810601,0.09810601,-9.7231355e-14,-9.7231355e-14,0.10565536,0.10565536,-4.8501665e-14,-4.8501665e-14,-0.0018828629,-0.0018828629,0.0022151328,0.0022151328,-0.00037657259,-0.00037657259,-2.7147652e-16,-2.7147652e-16,-1.4310906e-14,-1.4310906e-14,1.4337902e-14,1.4337902e-14,-4.2543615e-18,-4.2543615e-18,-6.7329889e-18,-6.7329889e-18,-0.00065601432,-0.00065601432,-2.2168977e-17,-2.2168977e-17,2.9935038e-17,2.9935038e-17,-7.259687e-17,-7.259687e-17,2.7423762e-06,2.7423762e-06,4.296671e-34,4.296671e-34
-0.0018641736,-0.0018641736,0.0018641736,0.0018641736,1.792403e-15,1.792403e-15,1.570371e-15,1.570371e-15,0.0018641736,0.0018641736,-0.00072438384,-0.00072438384,-0.00032897182,-0.00032897182,-0.00072240502,-0.00072240502,-0.00032897182,-0.00032897182,1.4882282e-10,1.4882282e-10,-8.2545023e-19,-8.2545023e-19,0.0003289719,0.0003289719,-1.6121454e-15,-1.6121454e-15,1.864948e-05,1.864948e-05,1.8649477e-05,1.8649477e-05,4.4633975e-18,4.4633975e-18,-0.0018641737,-0.0018641737,-0.00032897182,-0.00032897182,-0.0018641737,-0.0018641737,-0.00032897182,-0.00032897182,2.4042925e-16,2.4042925e-16,2.6235226e-16,2.6235226e-16,-0.0021931455,-0.0021931455,6.120369e-16,6.120369e-16,-0.0015699319,-0.0015699319,4.552291e-16,4.552291e-16,7.3866681e-11,7.3866681e-11,0.00032897182,0.00032897182,7.3862432e-11,7.3862432e-11,0.00032897182,0.00032897182,0.0003289719,0.0003289719,-1.5643697e-15,-1.5643697e-15,-0.0018641736,-0.0018641736,-0.0018641736,-0.0018641736,-0.00032897182,-0.00032897182,-3.2979403e-06,-3.2979403e-06,3.033608e-18,3.033608e-18,1.5350566e-10,1.5350566e-10,-3.2980938e-06,-3.2980938e-06,2.4758033e-06,2.4758033e-06,-1.5407182e-15,-1.5407182e-15,0.096500179,0.096500179,-9.6939621e-14,-9.6939621e-14,0.10456038,0.10456038,-4.8359157e-14,-4.8359157e-14,-0.0018641736,-0.0018641736,0.0021931455,0.0021931455,-0.00037283472,-0.00037283472,-2.7161971e-16,-2.7161971e-16,-1.4350733e-14,-1.4350733e-14,1.4377536e-14,1.4377536e-14,-4.2089792e-18,-4.2089792e-18,-6.6956362e-18,-6.6956362e-18,-0.0006232136,-0.0006232136,-2.1966116e-17,-2.1966116e-17,2.960286e-17,2.960286e-17,-7.1599145e-17,-7.1599145e-17,2.7208747e-06,2.7208747e-06,4.7409616e-34,4.7409616e-34
-0.0018456174,-0.0018456174,0.0018456174,0.0018456174,1.7915357e-15,1.7915357e-15,1.5648757e-15,1.5648757e-15,0.0018456174,0.0018456174,-0.00069902672,-0.00069902672,-0.00032569717,-0.00032569717,-0.00069706344,-0.00069706344,-0.00032569717,-0.00032569717,2.2270239e-10,2.2270239e-10,-7.8465927e-19,-7.8465927e-19,0.00032569709,0.00032569709,-1.6064055e-15,-1.6064055e-15,1.8517633e-05,1.8517633e-05,1.851763e-05,1.851763e-05,4.6996475e-18,4.6996475e-18,-0.0018456173,-0.0018456173,-0.00032569717,-0.00032569717,-0.0018456173,-0.0018456173,-0.00032569717,-0.00032569717,2.3486125e-16,2.3486125e-16,2.5846672e-16,2.5846672e-16,-0.0021713145,-0.0021713145,6.0089916e-16,6.0089916e-16,-0.0015792615,-0.0015792615,4.4958935e-16,4.4958935e-16,-7.3580459e-11,-7.3580459e-11,0.00032569717,0.00032569717,-7.3584496e-11,-7.3584496e-11,0.00032569717,0.00032569717,0.00032569709,0.00032569709,-1.5595253e-15,-1.5595253e-15,-0.0018456174,-0.0018456174,-0.0018456174,-0.0018456174,-0.00032569717,-0.00032569717,-3.2748017e-06,-3.2748017e-06,3.1388511e-18,3.1388511e-18,-1.4744693e-10,-1.4744693e-10,-3.2746543e-06,-3.2746543e-06,1.4917216e-06,1.4917216e-06,-1.5360048e-15,-1.5360048e-15,0.094939512,0.094939512,-9.6648259e-14,-9.6648259e-14,0.10347557,0.10347557,-4.8216775e-14,-4.8216775e-14,-0.0018456174,-0.0018456174,0.0021713145,0.0021713145,-0.00036912347,-0.00036912347,-2.7172327e-16,-2.7172327e-16,-1.4390008e-14,-1.4390008e-14,1.4416616e-14,1.4416616e-14,-4.1639791e-18,-4.1639791e-18,-6.6569812e-18,-6.6569812e-18,-0.00059205292,-0.00059205292,-2.1763964e-17,-2.1763964e-17,2.9274873e-17,2.9274873e-17,-7.0623126e-17,-7.0623126e-17,2.6995053e-06,2.6995053e-06,5.1813649e-34,5.1813649e-34
-0.0018271923,-0.0018271923,0.0018271923,0.0018271923,1.7904515e-15,1.7904515e-15,1.5593975e-15,1.5593975e-15,0.0018271923,0.0018271923,-0.0006748218,-0.0006748218,-0.00032244572,-0.00032244572,-0.00067287397,-0.00067287397,-0.00032244572,-0.00032244572,1.4913466e-10,1.4913466e-10,-7.4588384e-19,-7.4588384e-19,0.00032244578,0.00032244578,-1.6006987e-15,-1.6006987e-15,1.8380175e-05,1.8380175e-05,1.8380172e-05,1.8380172e-05,4.9192606e-18,4.9192606e-18,-0.0018271924,-0.0018271924,-0.00032244572,-0.00032244572,-0.0018271924,-0.0018271924,-0.00032244572,-0.00032244572,2.2945832e-16,2.2945832e-16,2.5469724e-16,2.5469724e-16,-0.0021496381,-0.0021496381,5.9008659e-16,5.9008659e-16,-0.0015871878,-0.0015871878,4.4402505e-16,4.4402505e-16,6.7974745e-11,6.7974745e-11,0.00032244572,0.00032244572,6.7970909e-11,6.7970909e-11,0.00032244572,0.00032244572,0.00032244578,0.00032244578,-1.5546857e-15,-1.5546857e-15,-0.0018271923,-0.0018271923,-0.0018271923,-0.0018271923,-0.00032244572,-0.00032244572,-3.2513109e-06,-3.2513109e-06,3.2361445e-18,3.2361445e-18,1.4155541e-10,1.4155541e-10,-3.2514524e-06,-3.2514524e-06,5.6600517e-07,5.6600517e-07,-1.5313008e-15,-1.5313008e-15,0.093422127,0.093422127,-9.6357389e-14,-9.6357389e-14,0.10240088,0.10240088,-4.8074582e-14,-4.8074582e-14,-0.0018271923,-0.0018271923,0.0021496381,0.0021496381,-0.00036543846,-0.00036543846,-2.7178935e-16,-2.7178935e-16,-1.442874e-14,-1.442874e-14,1.4455152e-14,1.4455152e-14,-4.1193645e-18,-4.1193645e-18,-6.6171212e-18,-6.6171212e-18,-0.00056245028,-0.00056245028,-2.1562576e-17,-2.1562576e-17,2.8951001e-17,2.8951001e-17,-6.9668045e-17,-6.9668045e-17,2.6782662e-06,2.6782662e-06,5.6140079e-34,5.6140079e-34
-0.0018089041,-0.0018089041,0.0018089041,0.0018089041,1.7893673e-15,1.7893673e-15,1.5539386e-15,1.5539386e-15,0.0018089041,0.0018089041,-0.00065171314,-0.00065171314,-0.00031921835,-0.00031921835,-0.00064978066,-0.00064978066,-0.00031921835,-0.00031921835,2.1712198e-10,2.1712198e-10,-7.0902531e-19,-7.0902531e-19,0.00031921828,0.00031921828,-1.5950274e-15,-1.5950274e-15,1.8244729e-05,1.8244729e-05,1.8244727e-05,1.8244727e-05,5.1230348e-18,5.1230348e-18,-0.001808904,-0.001808904,-0.00031921835,-0.00031921835,-0.001808904,-0.001808904,-0.00031921835,-0.00031921835,2.2421346e-16,2.2421346e-16,2.5103944e-16,2.5103944e-16,-0.0021281223,-0.0021281223,5.7958593e-16,5.7958593e-16,-0.0015937946,-0.0015937946,4.3853505e-16,4.3853505e-16,-6.7989528e-11,-6.7989528e-11,0.00031921835,0.00031921835,-6.7993172e-11,-6.7993172e-11,0.00031921835,0.00031921835,0.00031921828,0.00031921828,-1.5498534e-15,-1.5498534e-15,-0.0018089041,-0.0018089041,-0.0018089041,-0.0018089041,-0.00031921835,-0.00031921835,-3.2275015e-06,-3.2275015e-06,3.3258511e-18,3.3258511e-18,-1.3596408e-10,-1.3596408e-10,-3.2273655e-06,-3.2273655e-06,-3.0436657e-07,-3.0436657e-07,-1.5266084e-15,-1.5266084e-15,0.091946227,0.091946227,-9.6067146e-14,-9.6067146e-14,0.1013363,0.1013363,-4.7932646e-14,-4.7932646e-14,-0.0018089041,-0.0018089041,0.0021281223,0.0021281223,-0.00036178081,-0.00036178081,-2.7182036e-16,-2.7182036e-16,-1.4466941e-14,-1.4466941e-14,1.4493158e-14,1.4493158e-14,-4.0751385e-18,-4.0751385e-18,-6.5761484e-18,-6.5761484e-18,-0.00053432776,-0.00053432776,-2.1362002e-17,-2.1362002e-17,2.863117e-17,2.863117e-17,-6.8733165e-17,-6.8733165e-17,2.6571555e-06,2.6571555e-06,6.035618e-34,6.035618e-34
-0.0017907506,-0.0017907506,0.0017907506,0.0017907506,1.7882831e-15,1.7882831e-15,1.5485005e-15,1.5485005e-15,0.0017907506,0.0017907506,-0.0006296467,-0.0006296467,-0.00031601481,-0.00031601481,-0.00062772948,-0.00062772948,-0.00031601481,-0.00031601481,1.4914488e-10,1.4914488e-10,-6.7398978e-19,-6.7398978e-19,0.00031601488,0.00031601488,-1.5893912e-15,-1.5893912e-15,1.8104322e-05,1.8104322e-05,1.8104319e-05,1.8104319e-05,5.3118898e-18,5.3118898e-18,-0.0017907506,-0.0017907506,-0.00031601481,-0.00031601481,-0.0017907506,-0.0017907506,-0.00031601481,-0.00031601481,2.1911994e-16,2.1911994e-16,2.4748798e-16,2.4748798e-16,-0.0021067654,-0.0021067654,5.6938353e-16,5.6938353e-16,-0.0015991541,-0.0015991541,4.331174e-16,4.331174e-16,6.2545814e-11,6.2545814e-11,0.00031601481,0.00031601481,6.2542351e-11,6.2542351e-11,0.00031601481,0.00031601481,0.00031601488,0.00031601488,-1.5450304e-15,-1.5450304e-15,-0.0017907506,-0.0017907506,-0.0017907506,-0.0017907506,-0.00031601481,-0.00031601481,-3.2034053e-06,-3.2034053e-06,3.408436e-18,3.408436e-18,1.3053552e-10,1.3053552e-10,-3.2035359e-06,-3.2035359e-06,-1.1222528e-06,-1.1222528e-06,-1.5219291e-15,-1.5219291e-15,0.090510108,0.090510108,-9.5777636e-14,-9.5777636e-14,0.10028176,0.10028176,-4.7791022e-14,-4.7791022e-14,-0.0017907506,-0.0017907506,0.0021067654,0.0021067654,-0.00035815011,-0.00035815011,-2.7181823e-16,-2.7181823e-16,-1.4504622e-14,-1.4504622e-14,1.4530643e-14,1.4530643e-14,-4.0313034e-18,-4.0313034e-18,-6.5341501e-18,-6.5341501e-18,-0.00050761137,-0.00050761137,-2.1162293e-17,-2.1162293e-17,2.8315311e-17,2.8315311e-17,-6.7817783e-17,-6.7817783e-17,2.6361715e-06,2.6361715e-06,6.4435905e-34,6.4435905e-34
-0.0017727368,-0.0017727368,0.0017727368,0.0017727368,1.7871989e-15,1.7871989e-15,1.5430849e-15,1.5430849e-15,0.0017727368,0.0017727368,-0.00060857199,-0.00060857199,-0.00031283589,-0.00031283589,-0.00060666995,-0.00060666995,-0.00031283589,-0.00031283589,2.1170297e-10,2.1170297e-10,-6.4068783e-19,-6.4068783e-19,0.00031283582,0.00031283582,-1.5837922e-15,-1.5837922e-15,1.7965975e-05,1.7965975e-05,1.7965973e-05,1.7965973e-05,5.4865438e-18,5.4865438e-18,-0.0017727367,-0.0017727367,-0.00031283589,-0.00031283589,-0.0017727367,-0.0017727367,-0.00031283589,-0.00031283589,2.1417142e-16,2.1417142e-16,2.4403891e-16,2.4403891e-16,-0.0020855726,-0.0020855726,5.5946738e-16,5.5946738e-16,-0.0016033418,-0.0016033418,4.2777105e-16,4.2777105e-16,-6.2829795e-11,-6.2829795e-11,0.00031283589,0.00031283589,-6.2833085e-11,-6.2833085e-11,0.00031283589,0.00031283589,0.00031283582,0.00031283582,-1.5402187e-15,-1.5402187e-15,-0.0017727368,-0.0017727368,-0.0017727368,-0.0017727368,-0.00031283589,-0.00031283589,-3.1790525e-06,-3.1790525e-06,3.4842255e-18,3.4842255e-18,-1.2537544e-10,-1.2537544e-10,-3.1789272e-06,-3.1789272e-06,-1.8903775e-06,-1.8903775e-06,-1.5172649e-15,-1.5172649e-15,0.089112138,0.089112138,-9.5488979e-14,-9.5488979e-14,0.09923724,0.09923724,-4.7649771e-14,-4.7649771e-14,-0.0017727368,-0.0017727368,0.0020855726,0.0020855726,-0.00035454735,-0.00035454735,-2.7178512e-16,-2.7178512e-16,-1.4541794e-14,-1.4541794e-14,1.4567619e-14,1.4567619e-14,-3.9878614e-18,-3.9878614e-18,-6.4912092e-18,-6.4912092e-18,-0.00048223081,-0.00048223081,-2.0963493e-17,-2.0963493e-17,2.8003354e-17,2.8003354e-17,-6.6921225e-17,-6.6921225e-17,2.6153127e-06,2.6153127e-06,6.8357644e-34,6.8357644e-34
-0.0017548606,-0.0017548606,0.0017548606,0.0017548606,1.7861147e-15,1.7861147e-15,1.5376933e-15,1.5376933e-15,0.0017548606,0.0017548606,-0.00058844022,-0.00058844022,-0.0003096813,-0.0003096813,-0.00058655325,-0.00058655325,-0.0003096813,-0.0003096813,1.4888531e-10,1.4888531e-10,-6.0903436e-19,-6.0903436e-19,0.00030968135,0.00030968135,-1.57823e-15,-1.57823e-15,1.7823253e-05,1.7823253e-05,1.7823251e-05,1.7823251e-05,5.6478278e-18,5.6478278e-18,-0.0017548607,-0.0017548607,-0.0003096813,-0.0003096813,-0.0017548607,-0.0017548607,-0.0003096813,-0.0003096813,2.0936181e-16,2.0936181e-16,2.4068737e-16,2.4068737e-16,-0.002064542,-0.002064542,5.4982511e-16,5.4982511e-16,-0.0016064227,-0.0016064227,4.2249416e-16,4.2249416e-16,5.7543623e-11,5.7543623e-11,0.0003096813,0.0003096813,5.7540497e-11,5.7540497e-11,0.0003096813,0.0003096813,0.00030968135,0.00030968135,-1.5354202e-15,-1.5354202e-15,-0.0017548606,-0.0017548606,-0.0017548606,-0.0017548606,-0.0003096813,-0.0003096813,-3.1544714e-06,-3.1544714e-06,3.5536401e-18,3.5536401e-18,1.2037358e-10,1.2037358e-10,-3.1545918e-06,-3.1545918e-06,-2.611319e-06,-2.611319e-06,-1.5126171e-15,-1.5126171e-15,0.087750773,0.087750773,-9.5201266e-14,-9.5201266e-14,0.098202684,0.098202684,-4.7508942e-14,-4.7508942e-14,-0.0017548606,-0.0017548606,0.002064542,0.002064542,-0.00035097212,-0.00035097212,-2.7172275e-16,-2.7172275e-16,-1.4578467e-14,-1.4578467e-14,1.4604095e-14,1.4604095e-14,-3.9448143e-18,-3.9448143e-18,-6.447404e-18,-6.447404e-18,-0.00045811927,-0.00045811927,-2.0765644e-17,-2.0765644e-17,2.7695231e-17,2.7695231e-17,-6.6042847e-17,-6.6042847e-17,2.5945777e-06,2.5945777e-06,7.2105024e-34,7.2105024e-34
-0.0017371265,-0.0017371265,0.0017371265,0.0017371265,1.7848136e-15,1.7848136e-15,1.5323272e-15,1.5323272e-15,0.0017371265,0.0017371265,-0.00056920579,-0.00056920579,-0.00030655172,-0.00030655172,-0.00056733381,-0.00056733381,-0.00030655172,-0.00030655172,2.0644092e-10,2.0644092e-10,-5.7894835e-19,-5.7894835e-19,0.00030655166,0.00030655166,-1.5727064e-15,-1.5727064e-15,1.7682628e-05,1.7682628e-05,1.7682626e-05,1.7682626e-05,5.796388e-18,5.796388e-18,-0.0017371264,-0.0017371264,-0.00030655172,-0.00030655172,-0.0017371264,-0.0017371264,-0.00030655172,-0.00030655172,2.0468536e-16,2.0468536e-16,2.374298e-16,2.374298e-16,-0.0020436781,-0.0020436781,5.4044583e-16,5.4044583e-16,-0.0016084648,-0.0016084648,4.1728575e-16,4.1728575e-16,-5.806789e-11,-5.806789e-11,0.00030655172,0.00030655172,-5.807086e-11,-5.807086e-11,0.00030655172,0.00030655172,0.00030655166,0.00030655166,-1.5306367e-15,-1.5306367e-15,-0.0017371265,-0.0017371265,-0.0017371265,-0.0017371265,-0.00030655172,-0.00030655172,-3.1296889e-06,-3.1296889e-06,3.616973e-18,3.616973e-18,-1.1561136e-10,-1.1561136e-10,-3.1295733e-06,-3.1295733e-06,-3.2875339e-06,-3.2875339e-06,-1.5079874e-15,-1.5079874e-15,0.086424533,0.086424533,-9.4914604e-14,-9.4914604e-14,0.097178044,0.097178044,-4.7368587e-14,-4.7368587e-14,-0.0017371265,-0.0017371265,0.0020436781,0.0020436781,-0.0003474253,-0.0003474253,-2.7163308e-16,-2.7163308e-16,-1.4614652e-14,-1.4614652e-14,1.4640084e-14,1.4640084e-14,-3.9021632e-18,-3.9021632e-18,-6.4028089e-18,-6.4028089e-18,-0.0004352133,-0.0004352133,-2.0568788e-17,-2.0568788e-17,2.7390878e-17,2.7390878e-17,-6.5182034e-17,-6.5182034e-17,2.5739653e-06,2.5739653e-06,7.5664883e-34,7.5664883e-34
-0.0017195323,-0.0017195323,0.0017195323,0.0017195323,1.7835126e-15,1.7835126e-15,1.5269877e-15,1.5269877e-15,0.0017195323,0.0017195323,-0.00055082462,-0.00055082462,-0.00030344688,-0.00030344688,-0.00054896755,-0.00054896755,-0.00030344688,-0.00030344688,1.4838489e-10,1.4838489e-10,-5.5035271e-19,-5.5035271e-19,0.00030344693,0.00030344693,-1.5672209e-15,-1.5672209e-15,1.7538159e-05,1.7538159e-05,1.7538157e-05,1.7538157e-05,5.9329752e-18,5.9329752e-18,-0.0017195323,-0.0017195323,-0.00030344688,-0.00030344688,-0.0017195323,-0.0017195323,-0.00030344688,-0.00030344688,2.0013655e-16,2.0013655e-16,2.3426177e-16,2.3426177e-16,-0.0020229792,-0.0020229792,5.3131833e-16,5.3131833e-16,-0.0016095266,-0.0016095266,4.1214411e-16,4.1214411e-16,5.2934748e-11,5.2934748e-11,0.00030344688,0.00030344688,5.2931926e-11,5.2931926e-11,0.00030344688,0.00030344688,0.00030344693,0.00030344693,-1.5258698e-15,-1.5258698e-15,-0.0017195323,-0.0017195323,-0.0017195323,-0.0017195323,-0.00030344688,-0.00030344688,-3.1047301e-06,-3.1047301e-06,3.6746046e-18,3.6746046e-18,1.1100279e-10,1.1100279e-10,-3.1048411e-06,-3.1048411e-06,-3.9213472e-06,-3.9213472e-06,-1.5033771e-15,-1.5033771e-15,0.085132015,0.085132015,-9.4629072e-14,-9.4629072e-14,0.096163272,0.096163272,-4.7228749e-14,-4.7228749e-14,-0.0017195323,-0.0017195323,0.0020229792,0.0020229792,-0.00034390645,-0.00034390645,-2.7151766e-16,-2.7151766e-16,-1.4650357e-14,-1.4650357e-14,1.4675592e-14,1.4675592e-14,-3.8599094e-18,-3.8599094e-18,-6.3574943e-18,-6.3574943e-18,-0.00041345264,-0.00041345264,-2.0372961e-17,-2.0372961e-17,2.709023e-17,2.709023e-17,-6.4338195e-17,-6.4338195e-17,2.5534742e-06,2.5534742e-06,7.9028148e-34,7.9028148e-34
-0.0017020818,-0.0017020818,0.0017020818,0.0017020818,1.7819947e-15,1.7819947e-15,1.5216764e-15,1.5216764e-15,0.0017020818,0.0017020818,-0.00053325556,-0.00053325556,-0.00030036737,-0.00030036737,-0.00053141331,-0.00053141331,-0.00030036737,-0.00030036737,2.0133135e-10,2.0133135e-10,-5.2317408e-19,-5.2317408e-19,0.00030036731,0.00030036731,-1.5617753e-15,-1.5617753e-15,1.7395809e-05,1.7395809e-05,1.7395807e-05,1.7395807e-05,6.0581705e-18,6.0581705e-18,-0.0017020818,-0.0017020818,-0.00030036737,-0.00030036737,-0.0017020818,-0.0017020818,-0.00030036737,-0.00030036737,1.9571015e-16,1.9571015e-16,2.3118007e-16,2.3118007e-16,-0.0020024491,-0.0020024491,5.2243273e-16,5.2243273e-16,-0.0016096691,-0.0016096691,4.0706832e-16,4.0706832e-16,-5.3673025e-11,-5.3673025e-11,0.00030036737,0.00030036737,-5.3675707e-11,-5.3675707e-11,0.00030036737,0.00030036737,0.00030036731,0.00030036731,-1.521121e-15,-1.521121e-15,-0.0017020818,-0.0017020818,-0.0017020818,-0.0017020818,-0.00030036737,-0.00030036737,-3.0796191e-06,-3.0796191e-06,3.7267979e-18,3.7267979e-18,-1.0660763e-10,-1.0660763e-10,-3.0795125e-06,-3.0795125e-06,-4.514974e-06,-4.514974e-06,-1.4987874e-15,-1.4987874e-15,0.083871878,0.083871878,-9.4344764e-14,-9.4344764e-14,0.095158313,0.095158313,-4.7089475e-14,-4.7089475e-14,-0.0017020818,-0.0017020818,0.0020024491,0.0020024491,-0.00034041636,-0.00034041636,-2.7137824e-16,-2.7137824e-16,-1.4685592e-14,-1.4685592e-14,1.4710631e-14,1.4710631e-14,-3.8180533e-18,-3.8180533e-18,-6.3115266e-18,-6.3115266e-18,-0.00039278,-0.00039278,-2.0178198e-17,-2.0178198e-17,2.6793227e-17,2.6793227e-17,-6.3510767e-17,-6.3510767e-17,2.5331036e-06,2.5331036e-06,8.2187998e-34,8.2187998e-34
-0.001684773,-0.001684773,0.001684773,0.001684773,1.7806936e-15,1.7806936e-15,1.5163942e-15,1.5163942e-15,0.001684773,0.001684773,-0.0005164588,-0.0005164588,-0.00029731289,-0.00029731289,-0.00051463128,-0.00051463128,-0.00029731289,-0.00029731289,1.476699e-10,1.476699e-10,-4.9734264e-19,-4.9734264e-19,0.00029731294,0.00029731294,-1.556369e-15,-1.556369e-15,1.7250096e-05,1.7250096e-05,1.7250094e-05,1.7250094e-05,6.1726523e-18,6.1726523e-18,-0.001684773,-0.001684773,-0.00029731289,-0.00029731289,-0.001684773,-0.001684773,-0.00029731289,-0.00029731289,1.9140116e-16,1.9140116e-16,2.2818069e-16,2.2818069e-16,-0.0019820859,-0.0019820859,5.1377885e-16,5.1377885e-16,-0.0016089449,-0.0016089449,4.020568e-16,4.020568e-16,4.8688384e-11,4.8688384e-11,0.00029731289,0.00029731289,4.8685836e-11,4.8685836e-11,0.00029731289,0.00029731289,0.00029731294,0.00029731294,-1.5163917e-15,-1.5163917e-15,-0.001684773,-0.001684773,-0.001684773,-0.001684773,-0.00029731289,-0.00029731289,-3.0543783e-06,-3.0543783e-06,3.7738971e-18,3.7738971e-18,1.0236154e-10,1.0236154e-10,-3.0544806e-06,-3.0544806e-06,-5.0705106e-06,-5.0705106e-06,-1.4942196e-15,-1.4942196e-15,0.082642848,0.082642848,-9.4061747e-14,-9.4061747e-14,0.094163113,0.094163113,-4.6950801e-14,-4.6950801e-14,-0.001684773,-0.001684773,0.0019820859,0.0019820859,-0.0003369546,-0.0003369546,-2.712162e-16,-2.712162e-16,-1.4720366e-14,-1.4720366e-14,1.4745208e-14,1.4745208e-14,-3.7765954e-18,-3.7765954e-18,-6.264969e-18,-6.264969e-18,-0.000373141,-0.000373141,-1.9984533e-17,-1.9984533e-17,2.6499807e-17,2.6499807e-17,-6.2699211e-17,-6.2699211e-17,2.5128523e-06,2.5128523e-06,8.5140793e-34,8.5140793e-34
-0.0016676091,-0.0016676091,0.0016676091,0.0016676091,1.7793926e-15,1.7793926e-15,1.5111422e-15,1.5111422e-15,0.0016676091,0.0016676091,-0.00050039718,-0.00050039718,-0.00029428396,-0.00029428396,-0.0004985843,-0.0004985843,-0.00029428396,-0.00029428396,1.9636973e-10,1.9636973e-10,-4.7279197e-19,-4.7279197e-19,0.00029428391,0.00029428391,-1.5510035e-15,-1.5510035e-15,1.7106514e-05,1.7106514e-05,1.7106513e-05,1.7106513e-05,6.276943e-18,6.276943e-18,-0.0016676091,-0.0016676091,-0.00029428396,-0.00029428396,-0.0016676091,-0.0016676091,-0.00029428396,-0.00029428396,1.8720485e-16,1.8720485e-16,2.2526071e-16,2.2526071e-16,-0.001961893,-0.001961893,5.0534776e-16,5.0534776e-16,-0.0016074091,-0.0016074091,3.9710867e-16,3.9710867e-16,-4.9616797e-11,-4.9616797e-11,0.00029428396,0.00029428396,-4.9619218e-11,-4.9619218e-11,0.00029428396,0.00029428396,0.00029428391,0.00029428391,-1.5116834e-15,-1.5116834e-15,-0.0016676091,-0.0016676091,-0.0016676091,-0.0016676091,-0.00029428396,-0.00029428396,-3.0290289e-06,-3.0290289e-06,3.8161382e-18,3.8161382e-18,-9.8305054e-11,-9.8305054e-11,-3.0289306e-06,-3.0289306e-06,-5.5899545e-06,-5.5899545e-06,-1.4896748e-15,-1.4896748e-15,0.081443708,0.081443708,-9.3780104e-14,-9.3780104e-14,0.093177615,0.093177615,-4.6812769e-14,-4.6812769e-14,-0.0016676091,-0.0016676091,0.001961893,0.001961893,-0.00033352183,-0.00033352183,-2.7103313e-16,-2.7103313e-16,-1.4754688e-14,-1.4754688e-14,1.4779334e-14,1.4779334e-14,-3.7355359e-18,-3.7355359e-18,-6.217881e-18,-6.217881e-18,-0.00035448395,-0.00035448395,-1.9791997e-17,-1.9791997e-17,2.6209913e-17,2.6209913e-17,-6.1903011e-17,-6.1903011e-17,2.4927196e-06,2.4927196e-06,8.7884398e-34,8.7884398e-34
-0.0016505882,-0.0016505882,0.0016505882,0.0016505882,1.7783084e-15,1.7783084e-15,1.5059213e-15,1.5059213e-15,0.0016505882,0.0016505882,-0.00048503474,-0.00048503474,-0.00029128027,-0.00029128027,-0.00048323641,-0.00048323641,-0.00029128027,-0.00029128027,1.4676424e-10,1.4676424e-10,-4.4945888e-19,-4.4945888e-19,0.00029128032,0.00029128032,-1.5456782e-15,-1.5456782e-15,1.6960005e-05,1.6960005e-05,1.6960004e-05,1.6960004e-05,6.3716555e-18,6.3716555e-18,-0.0016505882,-0.0016505882,-0.00029128027,-0.00029128027,-0.0016505882,-0.0016505882,-0.00029128027,-0.00029128027,1.8311667e-16,1.8311667e-16,2.2241649e-16,2.2241649e-16,-0.0019418685,-0.0019418685,4.9713019e-16,4.9713019e-16,-0.0016051087,-0.0016051087,3.9222245e-16,3.9222245e-16,4.4776135e-11,4.4776135e-11,0.00029128027,0.00029128027,4.4773835e-11,4.4773835e-11,0.00029128027,0.00029128027,0.00029128032,0.00029128032,-1.5069972e-15,-1.5069972e-15,-0.0016505882,-0.0016505882,-0.0016505882,-0.0016505882,-0.00029128027,-0.00029128027,-3.003591e-06,-3.003591e-06,3.8538325e-18,3.8538325e-18,9.4393053e-11,9.4393053e-11,-3.0036854e-06,-3.0036854e-06,-6.0751954e-06,-6.0751954e-06,-1.4851539e-15,-1.4851539e-15,0.080273301,0.080273301,-9.3499892e-14,-9.3499892e-14,0.09220176,0.09220176,-4.6675409e-14,-4.6675409e-14,-0.0016505882,-0.0016505882,0.0019418685,0.0019418685,-0.00033011763,-0.00033011763,-2.7083026e-16,-2.7083026e-16,-1.4788566e-14,-1.4788566e-14,1.4813016e-14,1.4813016e-14,-3.6948744e-18,-3.6948744e-18,-6.1703191e-18,-6.1703191e-18,-0.00033675976,-0.00033675976,-1.9600616e-17,-1.9600616e-17,2.5923488e-17,2.5923488e-17,-6.1121673e-17,-6.1121673e-17,2.4727046e-06,2.4727046e-06,9.0419139e-34,9.0419139e-34
-0.001633713,-0.001633713,0.001633713,0.001633713,1.7767905e-15,1.7767905e-15,1.5007326e-15,1.5007326e-15,0.001633713,0.001633713,-0.00047033792,-0.00047033792,-0.00028830228,-0.00028830228,-0.00046855406,-0.00046855406,-0.00028830228,-0.00028830228,1.9155156e-10,1.9155156e-10,-4.2728326e-19,-4.2728326e-19,0.00028830223,0.00028830223,-1.5403945e-15,-1.5403945e-15,1.6815631e-05,1.6815631e-05,1.681563e-05,1.681563e-05,6.4572592e-18,6.4572592e-18,-0.0016337129,-0.0016337129,-0.00028830228,-0.00028830228,-0.0016337129,-0.0016337129,-0.00028830228,-0.00028830228,1.7913233e-16,1.7913233e-16,2.1964539e-16,2.1964539e-16,-0.0019220152,-0.0019220152,4.8911804e-16,4.8911804e-16,-0.0016020934,-0.0016020934,3.8739733e-16,3.8739733e-16,-4.5873e-11,-4.5873e-11,0.00028830228,0.00028830228,-4.5875185e-11,-4.5875185e-11,0.00028830228,0.00028830228,0.00028830223,0.00028830223,-1.5023343e-15,-1.5023343e-15,-0.001633713,-0.001633713,-0.001633713,-0.001633713,-0.00028830228,-0.00028830228,-2.9780835e-06,-2.9780835e-06,3.8871916e-18,3.8871916e-18,-9.0649021e-11,-9.0649021e-11,-2.9779929e-06,-2.9779929e-06,-6.5280343e-06,-6.5280343e-06,-1.4806581e-15,-1.4806581e-15,0.079130521,0.079130521,-9.3221184e-14,-9.3221184e-14,0.091235488,0.091235488,-4.6538758e-14,-4.6538758e-14,-0.001633713,-0.001633713,0.0019220152,0.0019220152,-0.00032674259,-0.00032674259,-2.7060901e-16,-2.7060901e-16,-1.4822009e-14,-1.4822009e-14,1.4846264e-14,1.4846264e-14,-3.6546107e-18,-3.6546107e-18,-6.1223364e-18,-6.1223364e-18,-0.00031992177,-0.00031992177,-1.9410419e-17,-1.9410419e-17,2.5640476e-17,2.5640476e-17,-6.0354725e-17,-6.0354725e-17,2.4528067e-06,2.4528067e-06,9.2746281e-34,9.2746281e-34
-0.0016169814,-0.0016169814,0.0016169814,0.0016169814,1.7754895e-15,1.7754895e-15,1.4955767e-15,1.4955767e-15,0.0016169814,0.0016169814,-0.00045627424,-0.00045627424,-0.00028534967,-0.00028534967,-0.00045450477,-0.00045450477,-0.00028534967,-0.00028534967,1.4568961e-10,1.4568961e-10,-4.0620792e-19,-4.0620792e-19,0.00028534971,0.00028534971,-1.5351519e-15,-1.5351519e-15,1.6668723e-05,1.6668723e-05,1.6668722e-05,1.6668722e-05,6.5343079e-18,6.5343079e-18,-0.0016169815,-0.0016169815,-0.00028534967,-0.00028534967,-0.0016169815,-0.0016169815,-0.00028534967,-0.00028534967,1.752477e-16,1.752477e-16,2.1694411e-16,2.1694411e-16,-0.0019023311,-0.0019023311,4.8130291e-16,4.8130291e-16,-0.0015984054,-0.0015984054,3.8263191e-16,3.8263191e-16,4.1171832e-11,4.1171832e-11,0.00028534967,0.00028534967,4.1169755e-11,4.1169755e-11,0.00028534967,0.00028534967,0.00028534971,0.00028534971,-1.4976957e-15,-1.4976957e-15,-0.0016169814,-0.0016169814,-0.0016169814,-0.0016169814,-0.00028534967,-0.00028534967,-2.9525241e-06,-2.9525241e-06,3.9164969e-18,3.9164969e-18,8.7044941e-11,8.7044941e-11,-2.9526111e-06,-2.9526111e-06,-6.950175e-06,-6.950175e-06,-1.4761882e-15,-1.4761882e-15,0.078014317,0.078014317,-9.294403e-14,-9.294403e-14,0.090278738,0.090278738,-4.6402842e-14,-4.6402842e-14,-0.0016169814,-0.0016169814,0.0019023311,0.0019023311,-0.00032339628,-0.00032339628,-2.703705e-16,-2.703705e-16,-1.4855024e-14,-1.4855024e-14,1.4879083e-14,1.4879083e-14,-3.6147441e-18,-3.6147441e-18,-6.0739834e-18,-6.0739834e-18,-0.00030392568,-0.00030392568,-1.9221429e-17,-1.9221429e-17,2.5360823e-17,2.5360823e-17,-5.9601713e-17,-5.9601713e-17,2.4330253e-06,2.4330253e-06,9.4868976e-34,9.4868976e-34
-0.001600396,-0.001600396,0.001600396,0.001600396,1.7737548e-15,1.7737548e-15,1.4904546e-15,1.4904546e-15,0.001600396,0.001600396,-0.0004428134,-0.0004428134,-0.00028242282,-0.00028242282,-0.00044105823,-0.00044105823,-0.00028242282,-0.00028242282,1.8687237e-10,1.8687237e-10,-3.8617847e-19,-3.8617847e-19,0.00028242278,0.00028242278,-1.5299514e-15,-1.5299514e-15,1.6523945e-05,1.6523945e-05,1.6523944e-05,1.6523944e-05,6.6032233e-18,6.6032233e-18,-0.001600396,-0.001600396,-0.00028242282,-0.00028242282,-0.001600396,-0.001600396,-0.00028242282,-0.00028242282,1.7145889e-16,1.7145889e-16,2.1431024e-16,2.1431024e-16,-0.0018828188,-0.0018828188,4.7367744e-16,4.7367744e-16,-0.0015940894,-0.0015940894,3.7792542e-16,3.7792542e-16,-4.2417456e-11,-4.2417456e-11,0.00028242282,0.00028242282,-4.2419429e-11,-4.2419429e-11,0.00028242282,0.00028242282,0.00028242278,0.00028242278,-1.4930826e-15,-1.4930826e-15,-0.001600396,-0.001600396,-0.001600396,-0.001600396,-0.00028242282,-0.00028242282,-2.9269295e-06,-2.9269295e-06,3.9419384e-18,3.9419384e-18,-8.3589184e-11,-8.3589184e-11,-2.9268459e-06,-2.9268459e-06,-7.3432411e-06,-7.3432411e-06,-1.471745e-15,-1.471745e-15,0.076923684,0.076923684,-9.2668491e-14,-9.2668491e-14,0.089331445,0.089331445,-4.6267693e-14,-4.6267693e-14,-0.001600396,-0.001600396,0.0018828188,0.0018828188,-0.00032007921,-0.00032007921,-2.70116e-16,-2.70116e-16,-1.488762e-14,-1.488762e-14,1.4911484e-14,1.4911484e-14,-3.5752737e-18,-3.5752737e-18,-6.0253076e-18,-6.0253076e-18,-0.0002887294,-0.0002887294,-1.9033669e-17,-1.9033669e-17,2.5084477e-17,2.5084477e-17,-5.8862206e-17,-5.8862206e-17,2.4133597e-06,2.4133597e-06,9.6790881e-34,9.6790881e-34
-0.0015839547,-0.0015839547,0.0015839547,0.0015839547,1.7726706e-15,1.7726706e-15,1.4853668e-15,1.4853668e-15,0.0015839547,0.0015839547,-0.00042992607,-0.00042992607,-0.00027952143,-0.00027952143,-0.00042818511,-0.00042818511,-0.00027952143,-0.00027952143,1.4446571e-10,1.4446571e-10,-3.6714318e-19,-3.6714318e-19,0.00027952146,0.00027952146,-1.5247925e-15,-1.5247925e-15,1.6376989e-05,1.6376989e-05,1.6376988e-05,1.6376988e-05,6.6645053e-18,6.6645053e-18,-0.0015839547,-0.0015839547,-0.00027952143,-0.00027952143,-0.0015839547,-0.0015839547,-0.00027952143,-0.00027952143,1.6776215e-16,1.6776215e-16,2.1174078e-16,2.1174078e-16,-0.0018634762,-0.0018634762,4.6623399e-16,4.6623399e-16,-0.0015891832,-0.0015891832,3.7327657e-16,3.7327657e-16,3.7851351e-11,3.7851351e-11,0.00027952143,0.00027952143,3.7849477e-11,3.7849477e-11,0.00027952143,0.00027952143,0.00027952146,0.00027952146,-1.4884958e-15,-1.4884958e-15,-0.0015839547,-0.0015839547,-0.0015839547,-0.0015839547,-0.00027952143,-0.00027952143,-2.9013155e-06,-2.9013155e-06,3.9637702e-18,3.9637702e-18,8.0268906e-11,8.0268906e-11,-2.9013957e-06,-2.9013957e-06,-7.7087683e-06,-7.7087683e-06,-1.4673291e-15,-1.4673291e-15,0.075857667,0.075857667,-9.2394609e-14,-9.2394609e-14,0.088393546,0.088393546,-4.6133334e-14,-4.6133334e-14,-0.0015839547,-0.0015839547,0.0018634762,0.0018634762,-0.00031679094,-0.00031679094,-2.698465e-16,-2.698465e-16,-1.4919803e-14,-1.4919803e-14,1.4943472e-14,1.4943472e-14,-3.5361984e-18,-3.5361984e-18,-5.976354e-18,-5.976354e-18,-0.00027429293,-0.00027429293,-1.8847161e-17,-1.8847161e-17,2.4811386e-17,2.4811386e-17,-5.8135788e-17,-5.8135788e-17,2.3938095e-06,2.3938095e-06,9.8517093e-34,9.8517093e-34
-0.0015676596,-0.0015676596,0.0015676596,0.0015676596,1.770719e-15,1.770719e-15,1.4803141e-15,1.4803141e-15,0.0015676596,0.0015676596,-0.00041758486,-0.00041758486,-0.00027664581,-0.00027664581,-0.00041585805,-0.00041585805,-0.00027664581,-0.00027664581,1.8232774e-10,1.8232774e-10,-3.4905286e-19,-3.4905286e-19,0.00027664577,0.00027664577,-1.5196762e-15,-1.5196762e-15,1.6232152e-05,1.6232152e-05,1.6232151e-05,1.6232151e-05,6.718533e-18,6.718533e-18,-0.0015676596,-0.0015676596,-0.00027664581,-0.00027664581,-0.0015676596,-0.0015676596,-0.00027664581,-0.00027664581,1.6415393e-16,1.6415393e-16,2.0923357e-16,2.0923357e-16,-0.0018443054,-0.0018443054,4.5896589e-16,4.5896589e-16,-0.0015837271,-0.0015837271,3.6868463e-16,3.6868463e-16,-3.922786e-11,-3.922786e-11,0.00027664581,0.00027664581,-3.9229641e-11,-3.9229641e-11,0.00027664581,0.00027664581,0.00027664577,0.00027664577,-1.4839362e-15,-1.4839362e-15,-0.0015676596,-0.0015676596,-0.0015676596,-0.0015676596,-0.00027664581,-0.00027664581,-2.8756968e-06,-2.8756968e-06,3.9821626e-18,3.9821626e-18,-7.7079118e-11,-7.7079118e-11,-2.8756198e-06,-2.8756198e-06,-8.0482201e-06,-8.0482201e-06,-1.4629415e-15,-1.4629415e-15,0.074815353,0.074815353,-9.2122437e-14,-9.2122437e-14,0.087464976,0.087464976,-4.5999791e-14,-4.5999791e-14,-0.0015676596,-0.0015676596,0.0018443054,0.0018443054,-0.00031353192,-0.00031353192,-2.6956316e-16,-2.6956316e-16,-1.4951581e-14,-1.4951581e-14,1.4975056e-14,1.4975056e-14,-3.4975171e-18,-3.4975171e-18,-5.927165e-18,-5.927165e-18,-0.00026057828,-0.00026057828,-1.8661923e-17,-1.8661923e-17,2.4541501e-17,2.4541501e-17,-5.7422063e-17,-5.7422063e-17,2.3743742e-06,2.3743742e-06,1.0005289e-33,1.0005289e-33
-0.0015515086,-0.0015515086,0.0015515086,0.0015515086,1.7702853e-15,1.7702853e-15,1.475297e-15,1.475297e-15,0.0015515086,0.0015515086,-0.00040576329,-0.00040576329,-0.00027379564,-0.00027379564,-0.00040405052,-0.00040405052,-0.00027379564,-0.00027379564,1.4311044e-10,1.4311044e-10,-3.3186071e-19,-3.3186071e-19,0.00027379568,0.00027379568,-1.514602e-15,-1.514602e-15,1.6085459e-05,1.6085459e-05,1.6085457e-05,1.6085457e-05,6.7657577e-18,6.7657577e-18,-0.0015515087,-0.0015515087,-0.00027379564,-0.00027379564,-0.0015515087,-0.0015515087,-0.00027379564,-0.00027379564,1.6063084e-16,1.6063084e-16,2.0678587e-16,2.0678587e-16,-0.0018253043,-0.0018253043,4.5186619e-16,4.5186619e-16,-0.0015777549,-0.0015777549,3.6414837e-16,3.6414837e-16,3.4792461e-11,3.4792461e-11,0.00027379564,0.00027379564,3.4790768e-11,3.4790768e-11,0.00027379564,0.00027379564,0.00027379568,0.00027379568,-1.4794045e-15,-1.4794045e-15,-0.0015515086,-0.0015515086,-0.0015515086,-0.0015515086,-0.00027379564,-0.00027379564,-2.8500875e-06,-2.8500875e-06,3.9973454e-18,3.9973454e-18,7.4020409e-11,7.4020409e-11,-2.8501615e-06,-2.8501615e-06,-8.3629809e-06,-8.3629809e-06,-1.4585827e-15,-1.4585827e-15,0.073795872,0.073795872,-9.1852012e-14,-9.1852012e-14,0.086545668,0.086545668,-4.5867084e-14,-4.5867084e-14,-0.0015515086,-0.0015515086,0.0018253043,0.0018253043,-0.00031030172,-0.00031030172,-2.6926685e-16,-2.6926685e-16,-1.498296e-14,-1.498296e-14,1.5006243e-14,1.5006243e-14,-3.4592283e-18,-3.4592283e-18,-5.8777807e-18,-5.8777807e-18,-0.00024754937,-0.00024754937,-1.8477973e-17,-1.8477973e-17,2.4274773e-17,2.4274773e-17,-5.672065e-17,-5.672065e-17,2.3550535e-06,2.3550535e-06,1.0140464e-33,1.0140464e-33
-0.0015355036,-0.0015355036,0.0015355036,0.0015355036,1.7685506e-15,1.7685506e-15,1.4703161e-15,1.4703161e-15,0.0015355036,0.0015355036,-0.00039443663,-0.00039443663,-0.00027097122,-0.00027097122,-0.00039273783,-0.00039273783,-0.00027097122,-0.00027097122,1.7791334e-10,1.7791334e-10,-3.1552224e-19,-3.1552224e-19,0.00027097118,0.00027097118,-1.5095707e-15,-1.5095707e-15,1.5940868e-05,1.5940868e-05,1.5940867e-05,1.5940867e-05,6.8065196e-18,6.8065196e-18,-0.0015355036,-0.0015355036,-0.00027097122,-0.00027097122,-0.0015355036,-0.0015355036,-0.00027097122,-0.00027097122,1.5718965e-16,1.5718965e-16,2.0439572e-16,2.0439572e-16,-0.0018064748,-0.0018064748,4.4492881e-16,4.4492881e-16,-0.0015713029,-0.0015713029,3.596671e-16,3.596671e-16,-3.6283634e-11,-3.6283634e-11,0.00027097122,0.00027097122,-3.6285242e-11,-3.6285242e-11,0.00027097122,0.00027097122,0.00027097118,0.00027097118,-1.4749015e-15,-1.4749015e-15,-0.0015355036,-0.0015355036,-0.0015355036,-0.0015355036,-0.00027097122,-0.00027097122,-2.8245005e-06,-2.8245005e-06,4.0094712e-18,4.0094712e-18,-7.107601e-11,-7.107601e-11,-2.8244294e-06,-2.8244294e-06,-8.6543698e-06,-8.6543698e-06,-1.4542533e-15,-1.4542533e-15,0.072798393,0.072798393,-9.1583379e-14,-9.1583379e-14,0.085635554,0.085635554,-4.5735236e-14,-4.5735236e-14,-0.0015355036,-0.0015355036,0.0018064748,0.0018064748,-0.00030710072,-0.00030710072,-2.6895861e-16,-2.6895861e-16,-1.5013949e-14,-1.5013949e-14,1.5037038e-14,1.5037038e-14,-3.4213305e-18,-3.4213305e-18,-5.8282387e-18,-5.8282387e-18,-0.0002351719,-0.0002351719,-1.8295327e-17,-1.8295327e-17,2.4011154e-17,2.4011154e-17,-5.6031186e-17,-5.6031186e-17,2.3358468e-06,2.3358468e-06,1.0257865e-33,1.0257865e-33
-0.0015196424,-0.0015196424,0.0015196424,0.0015196424,1.7672495e-15,1.7672495e-15,1.4653718e-15,1.4653718e-15,0.0015196424,0.0015196424,-0.00038358093,-0.00038358093,-0.0002681722,-0.0002681722,-0.00038189602,-0.00038189602,-0.0002681722,-0.0002681722,1.4164003e-10,1.4164003e-10,-2.9999516e-19,-2.9999516e-19,0.00026817223,0.00026817223,-1.5045818e-15,-1.5045818e-15,1.579471e-05,1.579471e-05,1.5794709e-05,1.5794709e-05,6.8412264e-18,6.8412264e-18,-0.0015196425,-0.0015196425,-0.0002681722,-0.0002681722,-0.0015196425,-0.0015196425,-0.0002681722,-0.0002681722,1.5382727e-16,1.5382727e-16,2.0206062e-16,2.0206062e-16,-0.0017878147,-0.0017878147,4.3814746e-16,4.3814746e-16,-0.0015644014,-0.0015644014,3.5523969e-16,3.5523969e-16,3.1974667e-11,3.1974667e-11,0.0002681722,0.0002681722,3.1973138e-11,3.1973138e-11,0.0002681722,0.0002681722,0.00026817223,0.00026817223,-1.4704279e-15,-1.4704279e-15,-0.0015196424,-0.0015196424,-0.0015196424,-0.0015196424,-0.0002681722,-0.0002681722,-2.7989481e-06,-2.7989481e-06,4.0187476e-18,4.0187476e-18,6.8258381e-11,6.8258381e-11,-2.7990164e-06,-2.7990164e-06,-8.9236342e-06,-8.9236342e-06,-1.4499538e-15,-1.4499538e-15,0.071822127,0.071822127,-9.1316566e-14,-9.1316566e-14,0.084734566,0.084734566,-4.5604262e-14,-4.5604262e-14,-0.0015196424,-0.0015196424,0.0017878147,0.0017878147,-0.00030392849,-0.00030392849,-2.6863923e-16,-2.6863923e-16,-1.5044553e-14,-1.5044553e-14,1.506745e-14,1.506745e-14,-3.3838218e-18,-3.3838218e-18,-5.7785748e-18,-5.7785748e-18,-0.0002234133,-0.0002234133,-1.8114e-17,-1.8114e-17,2.3750599e-17,2.3750599e-17,-5.5353321e-17,-5.5353321e-17,2.316754e-06,2.316754e-06,1.0358203e-33,1.0358203e-33
-0.0015039267,-0.0015039267,0.0015039267,0.0015039267,1.765298e-15,1.765298e-15,1.4604646e-15,1.4604646e-15,0.0015039267,0.0015039267,-0.00037317388,-0.00037317388,-0.00026539882,-0.00026539882,-0.00037150277,-0.00037150277,-0.00026539882,-0.00026539882,1.736249e-10,1.736249e-10,-2.8523922e-19,-2.8523922e-19,0.00026539879,0.00026539879,-1.4996359e-15,-1.4996359e-15,1.5650633e-05,1.5650633e-05,1.5650632e-05,1.5650632e-05,6.8701835e-18,6.8701835e-18,-0.0015039267,-0.0015039267,-0.00026539882,-0.00026539882,-0.0015039267,-0.0015039267,-0.00026539882,-0.00026539882,1.5054078e-16,1.5054078e-16,1.997788e-16,1.997788e-16,-0.0017693255,-0.0017693255,4.3151661e-16,4.3151661e-16,-0.0015570828,-0.0015570828,3.5086547e-16,3.5086547e-16,-3.3565792e-11,-3.3565792e-11,0.00026539882,0.00026539882,-3.3567244e-11,-3.3567244e-11,0.00026539882,0.00026539882,0.00026539879,0.00026539879,-1.4659844e-15,-1.4659844e-15,-0.0015039267,-0.0015039267,-0.0015039267,-0.0015039267,-0.00026539882,-0.00026539882,-2.7734419e-06,-2.7734419e-06,4.0253111e-18,4.0253111e-18,-6.5540383e-11,-6.5540383e-11,-2.7733764e-06,-2.7733764e-06,-9.1719632e-06,-9.1719632e-06,-1.4456848e-15,-1.4456848e-15,0.070866315,0.070866315,-9.1051612e-14,-9.1051612e-14,0.083842636,0.083842636,-4.5474183e-14,-4.5474183e-14,-0.0015039267,-0.0015039267,0.0017693255,0.0017693255,-0.00030078534,-0.00030078534,-2.6830965e-16,-2.6830965e-16,-1.5074779e-14,-1.5074779e-14,1.5097485e-14,1.5097485e-14,-3.3467005e-18,-3.3467005e-18,-5.7288223e-18,-5.7288223e-18,-0.00021224264,-0.00021224264,-1.7934006e-17,-1.7934006e-17,2.3493061e-17,2.3493061e-17,-5.4686721e-17,-5.4686721e-17,2.2977748e-06,2.2977748e-06,1.0442169e-33,1.0442169e-33
-0.0014883543,-0.0014883543,0.0014883543,0.0014883543,1.7637801e-15,1.7637801e-15,1.4555948e-15,1.4555948e-15,0.0014883543,0.0014883543,-0.00036319384,-0.00036319384,-0.00026265077,-0.00026265077,-0.00036153645,-0.00036153645,-0.00026265077,-0.00026265077,1.4006919e-10,1.4006919e-10,-2.7121619e-19,-2.7121619e-19,0.0002626508,0.0002626508,-1.4947326e-15,-1.4947326e-15,1.5505252e-05,1.5505252e-05,1.5505251e-05,1.5505251e-05,6.8937587e-18,6.8937587e-18,-0.0014883543,-0.0014883543,-0.00026265077,-0.00026265077,-0.0014883543,-0.0014883543,-0.00026265077,-0.00026265077,1.4732736e-16,1.4732736e-16,1.9754799e-16,1.9754799e-16,-0.0017510051,-0.0017510051,4.2503053e-16,4.2503053e-16,-0.0015493746,-0.0015493746,3.4654337e-16,3.4654337e-16,2.9379081e-11,2.9379081e-11,0.00026265077,0.00026265077,2.9377701e-11,2.9377701e-11,0.00026265077,0.00026265077,0.0002626508,0.0002626508,-1.4615713e-15,-1.4615713e-15,-0.0014883543,-0.0014883543,-0.0014883543,-0.0014883543,-0.00026265077,-0.00026265077,-2.7479927e-06,-2.7479927e-06,4.0293494e-18,4.0293494e-18,6.2944945e-11,6.2944945e-11,-2.7480556e-06,-2.7480556e-06,-9.4004809e-06,-9.4004809e-06,-1.4414466e-15,-1.4414466e-15,0.069930239,0.069930239,-9.0788542e-14,-9.0788542e-14,0.082959693,0.082959693,-4.5345012e-14,-4.5345012e-14,-0.0014883543,-0.0014883543,0.0017510051,0.0017510051,-0.00029767086,-0.00029767086,-2.6797056e-16,-2.6797056e-16,-1.5104633e-14,-1.5104633e-14,1.5127148e-14,1.5127148e-14,-3.3099644e-18,-3.3099644e-18,-5.679013e-18,-5.679013e-18,-0.00020163051,-0.00020163051,-1.7755355e-17,-1.7755355e-17,2.3238498e-17,2.3238498e-17,-5.4031066e-17,-5.4031066e-17,2.2789088e-06,2.2789088e-06,1.051051e-33,1.051051e-33
-0.0014729266,-0.0014729266,0.0014729266,0.0014729266,1.7622622e-15,1.7622622e-15,1.4507629e-15,1.4507629e-15,0.0014729266,0.0014729266,-0.00035362064,-0.00035362064,-0.00025992822,-0.00025992822,-0.00035197689,-0.00035197689,-0.00025992822,-0.00025992822,1.6945825e-10,1.6945825e-10,-2.5788971e-19,-2.5788971e-19,0.00025992819,0.00025992819,-1.4898725e-15,-1.4898725e-15,1.5361926e-05,1.5361926e-05,1.5361926e-05,1.5361926e-05,6.9122261e-18,6.9122261e-18,-0.0014729266,-0.0014729266,-0.00025992822,-0.00025992822,-0.0014729266,-0.0014729266,-0.00025992822,-0.00025992822,1.4418435e-16,1.4418435e-16,1.9536657e-16,1.9536657e-16,-0.0017328548,-0.0017328548,4.1868418e-16,4.1868418e-16,-0.0015413058,-0.0015413058,3.4227276e-16,3.4227276e-16,-3.105682e-11,-3.105682e-11,0.00025992822,0.00025992822,-3.1058132e-11,-3.1058132e-11,0.00025992822,0.00025992822,0.00025992819,0.00025992819,-1.4571893e-15,-1.4571893e-15,-0.0014729266,-0.0014729266,-0.0014729266,-0.0014729266,-0.00025992822,-0.00025992822,-2.7226106e-06,-2.7226106e-06,4.0309847e-18,4.0309847e-18,-6.0435833e-11,-6.0435833e-11,-2.7225501e-06,-2.7225501e-06,-9.6102586e-06,-9.6102586e-06,-1.4372397e-15,-1.4372397e-15,0.06901321,0.06901321,-9.0527387e-14,-9.0527387e-14,0.082085667,0.082085667,-4.5216764e-14,-4.5216764e-14,-0.0014729266,-0.0014729266,0.0017328548,0.0017328548,-0.00029458532,-0.00029458532,-2.6762279e-16,-2.6762279e-16,-1.5134122e-14,-1.5134122e-14,1.5156446e-14,1.5156446e-14,-3.2736116e-18,-3.2736116e-18,-5.6291766e-18,-5.6291766e-18,-0.00019154898,-0.00019154898,-1.757806e-17,-1.757806e-17,2.2986865e-17,2.2986865e-17,-5.3386049e-17,-5.3386049e-17,2.2601559e-06,2.2601559e-06,1.0563941e-33,1.0563941e-33
-0.0014576415,-0.0014576415,0.0014576415,0.0014576415,1.7605275e-15,1.7605275e-15,1.445969e-15,1.445969e-15,0.0014576415,0.0014576415,-0.00034443473,-0.00034443473,-0.00025723085,-0.00025723085,-0.00034280454,-0.00034280454,-0.00025723085,-0.00025723085,1.3841129e-10,1.3841129e-10,-2.4522519e-19,-2.4522519e-19,0.00025723088,0.00025723088,-1.485055e-15,-1.485055e-15,1.5217532e-05,1.5217532e-05,1.5217531e-05,1.5217531e-05,6.9259177e-18,6.9259177e-18,-0.0014576415,-0.0014576415,-0.00025723085,-0.00025723085,-0.0014576415,-0.0014576415,-0.00025723085,-0.00025723085,1.4110919e-16,1.4110919e-16,1.9323248e-16,1.9323248e-16,-0.0017148724,-0.0017148724,4.1247234e-16,4.1247234e-16,-0.0015329008,-0.0015329008,3.3805262e-16,3.3805262e-16,2.6988293e-11,2.6988293e-11,0.00025723085,0.00025723085,2.6987047e-11,2.6987047e-11,0.00025723085,0.00025723085,0.00025723088,0.00025723088,-1.4528389e-15,-1.4528389e-15,-0.0014576415,-0.0014576415,-0.0014576415,-0.0014576415,-0.00025723085,-0.00025723085,-2.697305e-06,-2.697305e-06,4.0303864e-18,4.0303864e-18,5.8045179e-11,5.8045179e-11,-2.697363e-06,-2.697363e-06,-9.8023092e-06,-9.8023092e-06,-1.4330644e-15,-1.4330644e-15,0.068114571,0.068114571,-9.0268166e-14,-9.0268166e-14,0.081220488,0.081220488,-4.5089452e-14,-4.5089452e-14,-0.0014576415,-0.0014576415,0.0017148724,0.0017148724,-0.0002915283,-0.0002915283,-2.6726699e-16,-2.6726699e-16,-1.516325e-14,-1.516325e-14,1.5185385e-14,1.5185385e-14,-3.2376398e-18,-3.2376398e-18,-5.5793411e-18,-5.5793411e-18,-0.00018197153,-0.00018197153,-1.740213e-17,-1.740213e-17,2.2738121e-17,2.2738121e-17,-5.2751374e-17,-5.2751374e-17,2.2415158e-06,2.2415158e-06,1.0603218e-33,1.0603218e-33
-0.0014425,-0.0014425,0.0014425,0.0014425,1.7590096e-15,1.7590096e-15,1.4412136e-15,1.4412136e-15,0.0014425,0.0014425,-0.00033561791,-0.00033561791,-0.00025455882,-0.00025455882,-0.00033400119,-0.00033400119,-0.00025455882,-0.00025455882,1.6540934e-10,1.6540934e-10,-2.3318978e-19,-2.3318978e-19,0.0002545588,0.0002545588,-1.4802806e-15,-1.4802806e-15,1.5075165e-05,1.5075165e-05,1.5075164e-05,1.5075164e-05,6.9350792e-18,6.9350792e-18,-0.0014425,-0.0014425,-0.00025455882,-0.00025455882,-0.0014425,-0.0014425,-0.00025455882,-0.00025455882,1.3809946e-16,1.3809946e-16,1.9114426e-16,1.9114426e-16,-0.0016970588,-0.0016970588,4.0639045e-16,4.0639045e-16,-0.0015241859,-0.0015241859,3.3388237e-16,3.3388237e-16,-2.874056e-11,-2.874056e-11,0.00025455882,0.00025455882,-2.8741744e-11,-2.8741744e-11,0.00025455882,0.00025455882,0.0002545588,0.0002545588,-1.4485204e-15,-1.4485204e-15,-0.0014425,-0.0014425,-0.0014425,-0.0014425,-0.00025455882,-0.00025455882,-2.6720848e-06,-2.6720848e-06,4.027664e-18,4.027664e-18,-5.5728791e-11,-5.5728791e-11,-2.6720291e-06,-2.6720291e-06,-9.9775981e-06,-9.9775981e-06,-1.4289211e-15,-1.4289211e-15,0.067233695,0.067233695,-9.0010907e-14,-9.0010907e-14,0.080364084,0.080364084,-4.4963087e-14,-4.4963087e-14,-0.0014425,-0.0014425,0.0016970588,0.0016970588,-0.00028850001,-0.00028850001,-2.6690389e-16,-2.6690389e-16,-1.5192025e-14,-1.5192025e-14,1.5213972e-14,1.5213972e-14,-3.2020466e-18,-3.2020466e-18,-5.5295327e-18,-5.5295327e-18,-0.00017287296,-0.00017287296,-1.7227572e-17,-1.7227572e-17,2.2492224e-17,2.2492224e-17,-5.2126759e-17,-5.2126759e-17,2.2229884e-06,2.2229884e-06,1.0629056e-33,1.0629056e-33
-0.0014275002,-0.0014275002,0.0014275002,0.0014275002,1.757058e-15,1.757058e-15,1.4364967e-15,1.4364967e-15,0.0014275002,0.0014275002,-0.00032715249,-0.00032715249,-0.00025191181,-0.00025191181,-0.00032554916,-0.00032554916,-0.00025191181,-0.00025191181,1.3667843e-10,1.3667843e-10,-2.2175222e-19,-2.2175222e-19,0.00025191184,0.00025191184,-1.4755488e-15,-1.4755488e-15,1.4931941e-05,1.4931941e-05,1.493194e-05,1.493194e-05,6.9400103e-18,6.9400103e-18,-0.0014275003,-0.0014275003,-0.00025191181,-0.00025191181,-0.0014275003,-0.0014275003,-0.00025191181,-0.00025191181,1.3515282e-16,1.3515282e-16,1.8910001e-16,1.8910001e-16,-0.0016794121,-0.0016794121,4.0043374e-16,4.0043374e-16,-0.0015151828,-0.0015151828,3.2976105e-16,3.2976105e-16,2.4786256e-11,2.4786256e-11,0.00025191181,0.00025191181,2.478513e-11,2.478513e-11,0.00025191181,0.00025191181,0.00025191184,0.00025191184,-1.4442343e-15,-1.4442343e-15,-0.0014275002,-0.0014275002,-0.0014275002,-0.0014275002,-0.00025191181,-0.00025191181,-2.6469583e-06,-2.6469583e-06,4.0229704e-18,4.0229704e-18,5.3526874e-11,5.3526874e-11,-2.6470119e-06,-2.6470119e-06,-1.0137038e-05,-1.0137038e-05,-1.4248101e-15,-1.4248101e-15,0.066369983,0.066369983,-8.9755623e-14,-8.9755623e-14,0.079516383,0.079516383,-4.483768e-14,-4.483768e-14,-0.0014275002,-0.0014275002,0.0016794121,0.0016794121,-0.00028550005,-0.00028550005,-2.6653406e-16,-2.6653406e-16,-1.5220452e-14,-1.5220452e-14,1.524221e-14,1.524221e-14,-3.1668296e-18,-3.1668296e-18,-5.4797764e-18,-5.4797764e-18,-0.00016422931,-0.00016422931,-1.7054395e-17,-1.7054395e-17,2.2249135e-17,2.2249135e-17,-5.1511934e-17,-5.1511934e-17,2.2045735e-06,2.2045735e-06,1.06422e-33,1.06422e-33
-0.001412643,-0.001412643,0.001412643,0.001412643,1.7555402e-15,1.7555402e-15,1.4318187e-15,1.4318187e-15,0.001412643,0.001412643,-0.00031902203,-0.00031902203,-0.00024928993,-0.00024928993,-0.00031743201,-0.00031743201,-0.00024928993,-0.00024928993,1.6147422e-10,1.6147422e-10,-2.1088283e-19,-2.1088283e-19,0.0002492899,0.0002492899,-1.4708601e-15,-1.4708601e-15,1.4790714e-05,1.4790714e-05,1.4790713e-05,1.4790713e-05,6.9409313e-18,6.9409313e-18,-0.0014126429,-0.0014126429,-0.00024928993,-0.00024928993,-0.0014126429,-0.0014126429,-0.00024928993,-0.00024928993,1.3226707e-16,1.3226707e-16,1.8709841e-16,1.8709841e-16,-0.0016619329,-0.0016619329,3.9459805e-16,3.9459805e-16,-0.001505915,-0.001505915,3.2568808e-16,3.2568808e-16,-2.6602103e-11,-2.6602103e-11,0.00024928993,0.00024928993,-2.6603173e-11,-2.6603173e-11,0.00024928993,0.00024928993,0.0002492899,0.0002492899,-1.4399808e-15,-1.4399808e-15,-0.001412643,-0.001412643,-0.001412643,-0.001412643,-0.00024928993,-0.00024928993,-2.6219334e-06,-2.6219334e-06,4.0164033e-18,4.0164033e-18,-5.1388303e-11,-5.1388303e-11,-2.621882e-06,-2.621882e-06,-1.0281498e-05,-1.0281498e-05,-1.4207315e-15,-1.4207315e-15,0.065522863,0.065522863,-8.9502336e-14,-8.9502336e-14,0.078677315,0.078677315,-4.471324e-14,-4.471324e-14,-0.001412643,-0.001412643,0.0016619329,0.0016619329,-0.00028252859,-0.00028252859,-2.6615817e-16,-2.6615817e-16,-1.5248536e-14,-1.5248536e-14,1.5270107e-14,1.5270107e-14,-3.1319863e-18,-3.1319863e-18,-5.4300952e-18,-5.4300952e-18,-0.00015601784,-0.00015601784,-1.6882605e-17,-1.6882605e-17,2.2008815e-17,2.2008815e-17,-5.0906639e-17,-5.0906639e-17,2.186271e-06,2.186271e-06,1.0643347e-33,1.0643347e-33
-0.0013979262,-0.0013979262,0.0013979262,0.0013979262,1.754456e-15,1.754456e-15,1.4271795e-15,1.4271795e-15,0.0013979262,0.0013979262,-0.00031121055,-0.00031121055,-0.00024669286,-0.00024669286,-0.00030963376,-0.00030963376,-0.00024669286,-0.00024669286,1.3488155e-10,1.3488155e-10,-2.0055336e-19,-2.0055336e-19,0.00024669289,0.00024669289,-1.4662139e-15,-1.4662139e-15,1.4648821e-05,1.4648821e-05,1.464882e-05,1.464882e-05,6.9381125e-18,6.9381125e-18,-0.0013979262,-0.0013979262,-0.00024669286,-0.00024669286,-0.0013979262,-0.0013979262,-0.00024669286,-0.00024669286,1.2944009e-16,1.2944009e-16,1.8513774e-16,1.8513774e-16,-0.0016446191,-0.0016446191,3.8887904e-16,3.8887904e-16,-0.0014964021,-0.0014964021,3.2166257e-16,3.2166257e-16,2.2758177e-11,2.2758177e-11,0.00024669286,0.00024669286,2.275716e-11,2.275716e-11,0.00024669286,0.00024669286,0.00024669289,0.00024669289,-1.4357604e-15,-1.4357604e-15,-0.0013979262,-0.0013979262,-0.0013979262,-0.0013979262,-0.00024669286,-0.00024669286,-2.597017e-06,-2.597017e-06,4.008101e-18,4.008101e-18,4.9360333e-11,4.9360333e-11,-2.5970664e-06,-2.5970664e-06,-1.04118e-05,-1.04118e-05,-1.4166857e-15,-1.4166857e-15,0.064691788,0.064691788,-8.9251058e-14,-8.9251058e-14,0.077846805,0.077846805,-4.4589775e-14,-4.4589775e-14,-0.0013979262,-0.0013979262,0.0016446191,0.0016446191,-0.00027958524,-0.00027958524,-2.6577671e-16,-2.6577671e-16,-1.5276282e-14,-1.5276282e-14,1.5297667e-14,1.5297667e-14,-3.0975142e-18,-3.0975142e-18,-5.3805111e-18,-5.3805111e-18,-0.00014821695,-0.00014821695,-1.6712207e-17,-1.6712207e-17,2.1771225e-17,2.1771225e-17,-5.0310622e-17,-5.0310622e-17,2.1680806e-06,2.1680806e-06,1.0633214e-33,1.0633214e-33
-0.0013833506,-0.0013833506,0.0013833506,0.0013833506,1.7525044e-15,1.7525044e-15,1.4225795e-15,1.4225795e-15,0.0013833506,0.0013833506,-0.00030370319,-0.00030370319,-0.0002441207,-0.0002441207,-0.00030213955,-0.00030213955,-0.0002441207,-0.0002441207,1.5764905e-10,1.5764905e-10,-1.9073698e-19,-1.9073698e-19,0.00024412067,0.00024412067,-1.4616105e-15,-1.4616105e-15,1.4508892e-05,1.4508892e-05,1.4508891e-05,1.4508891e-05,6.9317513e-18,6.9317513e-18,-0.0013833506,-0.0013833506,-0.0002441207,-0.0002441207,-0.0013833506,-0.0013833506,-0.0002441207,-0.0002441207,1.2666986e-16,1.2666986e-16,1.8321679e-16,1.8321679e-16,-0.0016274713,-0.0016274713,3.8327292e-16,3.8327292e-16,-0.0014866652,-0.0014866652,3.1768397e-16,3.1768397e-16,-2.4627699e-11,-2.4627699e-11,0.0002441207,0.0002441207,-2.4628665e-11,-2.4628665e-11,0.0002441207,0.0002441207,0.00024412067,0.00024412067,-1.4315732e-15,-1.4315732e-15,-0.0013833506,-0.0013833506,-0.0013833506,-0.0013833506,-0.0002441207,-0.0002441207,-2.5722162e-06,-2.5722162e-06,3.9981508e-18,3.9981508e-18,-4.7385825e-11,-4.7385825e-11,-2.5721688e-06,-2.5721688e-06,-1.0528728e-05,-1.0528728e-05,-1.4126728e-15,-1.4126728e-15,0.063876237,0.063876237,-8.9001805e-14,-8.9001805e-14,0.077024782,0.077024782,-4.4467293e-14,-4.4467293e-14,-0.0013833506,-0.0013833506,0.0016274713,0.0016274713,-0.00027667013,-0.00027667013,-2.6539029e-16,-2.6539029e-16,-1.5303696e-14,-1.5303696e-14,1.5324896e-14,1.5324896e-14,-3.0634104e-18,-3.0634104e-18,-5.3310444e-18,-5.3310444e-18,-0.0001408061,-0.0001408061,-1.6543205e-17,-1.6543205e-17,2.1536327e-17,2.1536327e-17,-4.9723646e-17,-4.9723646e-17,2.1500024e-06,2.1500024e-06,1.061247e-33,1.061247e-33
-0.0013689143,-0.0013689143,0.0013689143,0.0013689143,1.7512033e-15,1.7512033e-15,1.4180187e-15,1.4180187e-15,0.0013689143,0.0013689143,-0.00029648552,-0.00029648552,-0.00024157311,-0.00024157311,-0.00029493495,-0.00029493495,-0.00024157311,-0.00024157311,1.3303057e-10,1.3303057e-10,-1.8140818e-19,-1.8140818e-19,0.00024157313,0.00024157313,-1.4570494e-15,-1.4570494e-15,1.4368468e-05,1.4368468e-05,1.4368468e-05,1.4368468e-05,6.9220915e-18,6.9220915e-18,-0.0013689143,-0.0013689143,-0.00024157311,-0.00024157311,-0.0013689143,-0.0013689143,-0.00024157311,-0.00024157311,1.2395444e-16,1.2395444e-16,1.81334e-16,1.81334e-16,-0.0016104874,-0.0016104874,3.7777573e-16,3.7777573e-16,-0.0014767216,-0.0014767216,3.1375142e-16,3.1375142e-16,2.0890423e-11,2.0890423e-11,0.00024157311,0.00024157311,2.0889504e-11,2.0889504e-11,0.00024157311,0.00024157311,0.00024157313,0.00024157313,-1.4274194e-15,-1.4274194e-15,-0.0013689143,-0.0013689143,-0.0013689143,-0.0013689143,-0.00024157311,-0.00024157311,-2.5475369e-06,-2.5475369e-06,3.9866773e-18,3.9866773e-18,4.5518169e-11,4.5518169e-11,-2.5475824e-06,-2.5475824e-06,-1.0633021e-05,-1.0633021e-05,-1.408693e-15,-1.408693e-15,0.06307571,0.06307571,-8.8754584e-14,-8.8754584e-14,0.076211174,0.076211174,-4.4345798e-14,-4.4345798e-14,-0.0013689143,-0.0013689143,0.0016104874,0.0016104874,-0.00027378286,-0.00027378286,-2.6499935e-16,-2.6499935e-16,-1.5330783e-14,-1.5330783e-14,1.5351798e-14,1.5351798e-14,-3.0296724e-18,-3.0296724e-18,-5.2817144e-18,-5.2817144e-18,-0.0001337658,-0.0001337658,-1.6375604e-17,-1.6375604e-17,2.1304085e-17,2.1304085e-17,-4.914548e-17,-4.914548e-17,2.1320361e-06,2.1320361e-06,1.0581796e-33,1.0581796e-33
-0.0013546177,-0.0013546177,0.0013546177,0.0013546177,1.7496855e-15,1.7496855e-15,1.4134972e-15,1.4134972e-15,0.0013546177,0.0013546177,-0.0002895441,-0.0002895441,-0.00023905017,-0.00023905017,-0.00028800651,-0.00028800651,-0.00023905017,-0.00023905017,1.5393012e-10,1.5393012e-10,-1.7254272e-19,-1.7254272e-19,0.00023905015,0.00023905015,-1.4525309e-15,-1.4525309e-15,1.4229974e-05,1.4229974e-05,1.4229973e-05,1.4229973e-05,6.9093099e-18,6.9093099e-18,-0.0013546176,-0.0013546176,-0.00023905017,-0.00023905017,-0.0013546176,-0.0013546176,-0.00023905017,-0.00023905017,1.2129201e-16,1.2129201e-16,1.7948826e-16,1.7948826e-16,-0.0015936678,-0.0015936678,3.7238401e-16,3.7238401e-16,-0.0014665903,-0.0014665903,3.0986441e-16,3.0986441e-16,-2.2804659e-11,-2.2804659e-11,0.00023905017,0.00023905017,-2.2805531e-11,-2.2805531e-11,0.00023905017,0.00023905017,0.00023905015,0.00023905015,-1.4232994e-15,-1.4232994e-15,-0.0013546177,-0.0013546177,-0.0013546177,-0.0013546177,-0.00023905017,-0.00023905017,-2.5229852e-06,-2.5229852e-06,3.9737586e-18,3.9737586e-18,-4.3695036e-11,-4.3695036e-11,-2.5229415e-06,-2.5229415e-06,-1.0725386e-05,-1.0725386e-05,-1.4047464e-15,-1.4047464e-15,0.06228973,0.06228973,-8.850941e-14,-8.850941e-14,0.075405907,0.075405907,-4.4225298e-14,-4.4225298e-14,-0.0013546177,-0.0013546177,0.0015936678,0.0015936678,-0.00027092353,-0.00027092353,-2.6460442e-16,-2.6460442e-16,-1.5357548e-14,-1.5357548e-14,1.537838e-14,1.537838e-14,-2.9962973e-18,-2.9962973e-18,-5.2325391e-18,-5.2325391e-18,-0.00012707751,-0.00012707751,-1.6209405e-17,-1.6209405e-17,2.1074463e-17,2.1074463e-17,-4.8575903e-17,-4.8575903e-17,2.1141818e-06,2.1141818e-06,1.0541822e-33,1.0541822e-33
-0.0013404588,-0.0013404588,0.0013404588,0.0013404588,1.7479507e-15,1.7479507e-15,1.409015e-15,1.409015e-15,0.0013404588,0.0013404588,-0.00028286588,-0.00028286588,-0.00023655156,-0.00023655156,-0.00028134119,-0.00028134119,-0.00023655156,-0.00023655156,1.3113448e-10,1.3113448e-10,-1.6411755e-19,-1.6411755e-19,0.00023655158,0.00023655158,-1.4480544e-15,-1.4480544e-15,1.4091139e-05,1.4091139e-05,1.4091139e-05,1.4091139e-05,6.8936262e-18,6.8936262e-18,-0.0013404589,-0.0013404589,-0.00023655156,-0.00023655156,-0.0013404589,-0.0013404589,-0.00023655156,-0.00023655156,1.1868079e-16,1.1868079e-16,1.7767813e-16,1.7767813e-16,-0.0015770104,-0.0015770104,3.6709414e-16,3.6709414e-16,-0.0014562868,-0.0014562868,3.0602212e-16,3.0602212e-16,1.9170426e-11,1.9170426e-11,0.00023655156,0.00023655156,1.9169597e-11,1.9169597e-11,0.00023655156,0.00023655156,0.00023655158,0.00023655158,-1.4192132e-15,-1.4192132e-15,-0.0013404588,-0.0013404588,-0.0013404588,-0.0013404588,-0.00023655156,-0.00023655156,-2.4985664e-06,-2.4985664e-06,3.9595071e-18,3.9595071e-18,4.1975128e-11,4.1975128e-11,-2.4986084e-06,-2.4986084e-06,-1.0806489e-05,-1.0806489e-05,-1.400833e-15,-1.400833e-15,0.061517842,0.061517842,-8.8266285e-14,-8.8266285e-14,0.074608909,0.074608909,-4.4105796e-14,-4.4105796e-14,-0.0013404588,-0.0013404588,0.0015770104,0.0015770104,-0.00026809177,-0.00026809177,-2.6420592e-16,-2.6420592e-16,-1.5383995e-14,-1.5383995e-14,1.5404644e-14,1.5404644e-14,-2.9632823e-18,-2.9632823e-18,-5.1835352e-18,-5.1835352e-18,-0.00012072363,-0.00012072363,-1.6044611e-17,-1.6044611e-17,2.0847425e-17,2.0847425e-17,-4.8014701e-17,-4.8014701e-17,2.0964392e-06,2.0964392e-06,1.0493186e-33,1.0493186e-33
-0.0013264382,-0.0013264382,0.0013264382,0.0013264382,1.7466497e-15,1.7466497e-15,1.4045721e-15,1.4045721e-15,0.0013264382,0.0013264382,-0.00027643872,-0.00027643872,-0.00023407732,-0.00023407732,-0.00027492686,-0.00027492686,-0.00023407732,-0.00023407732,1.5031383e-10,1.5031383e-10,-1.5611077e-19,-1.5611077e-19,0.0002340773,0.0002340773,-1.4436203e-15,-1.4436203e-15,1.3954197e-05,1.3954197e-05,1.3954196e-05,1.3954196e-05,6.8751989e-18,6.8751989e-18,-0.0013264381,-0.0013264381,-0.00023407732,-0.00023407732,-0.0013264381,-0.0013264381,-0.00023407732,-0.00023407732,1.1611912e-16,1.1611912e-16,1.7590263e-16,1.7590263e-16,-0.0015605155,-0.0015605155,3.6190297e-16,3.6190297e-16,-0.001445828,-0.001445828,3.0222406e-16,3.0222406e-16,-2.1121278e-11,-2.1121278e-11,0.00023407732,0.00023407732,-2.1122066e-11,-2.1122066e-11,0.00023407732,0.00023407732,0.0002340773,0.0002340773,-1.415161e-15,-1.415161e-15,-0.0013264382,-0.0013264382,-0.0013264382,-0.0013264382,-0.00023407732,-0.00023407732,-2.4742855e-06,-2.4742855e-06,3.9439925e-18,3.9439925e-18,-4.0291663e-11,-4.0291663e-11,-2.4742452e-06,-2.4742452e-06,-1.0876964e-05,-1.0876964e-05,-1.3969531e-15,-1.3969531e-15,0.060759608,0.060759608,-8.8025221e-14,-8.8025221e-14,0.073820107,0.073820107,-4.3987297e-14,-4.3987297e-14,-0.0013264382,-0.0013264382,0.0015605155,0.0015605155,-0.00026528763,-0.00026528763,-2.638043e-16,-2.638043e-16,-1.541013e-14,-1.541013e-14,1.5430598e-14,1.5430598e-14,-2.9306245e-18,-2.9306245e-18,-5.1347184e-18,-5.1347184e-18,-0.00011468745,-0.00011468745,-1.5881223e-17,-1.5881223e-17,2.0622938e-17,2.0622938e-17,-4.7461672e-17,-4.7461672e-17,2.0788083e-06,2.0788083e-06,1.0436477e-33,1.0436477e-33
-0.0013125537,-0.0013125537,0.0013125537,0.0013125537,1.7451318e-15,1.7451318e-15,1.4001686e-15,1.4001686e-15,0.0013125537,0.0013125537,-0.00027025083,-0.00027025083,-0.00023162713,-0.00023162713,-0.00026875171,-0.00026875171,-0.00023162713,-0.00023162713,1.2920137e-10,1.2920137e-10,-1.4850156e-19,-1.4850156e-19,0.00023162715,0.00023162715,-1.4392279e-15,-1.4392279e-15,1.3817053e-05,1.3817053e-05,1.3817053e-05,1.3817053e-05,6.8542259e-18,6.8542259e-18,-0.0013125538,-0.0013125538,-0.00023162713,-0.00023162713,-0.0013125538,-0.0013125538,-0.00023162713,-0.00023162713,1.1360537e-16,1.1360537e-16,1.7416043e-16,1.7416043e-16,-0.0015441809,-0.0015441809,3.5680719e-16,3.5680719e-16,-0.0014352278,-0.0014352278,2.9846945e-16,2.9846945e-16,1.7586604e-11,1.7586604e-11,0.00023162713,0.00023162713,1.7585855e-11,1.7585855e-11,0.00023162713,0.00023162713,0.00023162715,0.00023162715,-1.4111429e-15,-1.4111429e-15,-0.0013125537,-0.0013125537,-0.0013125537,-0.0013125537,-0.00023162713,-0.00023162713,-2.4501471e-06,-2.4501471e-06,3.9273162e-18,3.9273162e-18,3.8707921e-11,3.8707921e-11,-2.4501858e-06,-2.4501858e-06,-1.0937413e-05,-1.0937413e-05,-1.3931067e-15,-1.3931067e-15,0.060014612,0.060014612,-8.7786217e-14,-8.7786217e-14,0.073039428,0.073039428,-4.3869801e-14,-4.3869801e-14,-0.0013125537,-0.0013125537,0.0015441809,0.0015441809,-0.00026251075,-0.00026251075,-2.6339993e-16,-2.6339993e-16,-1.5435957e-14,-1.5435957e-14,1.5456244e-14,1.5456244e-14,-2.8983209e-18,-2.8983209e-18,-5.0861035e-18,-5.0861035e-18,-0.00010895308,-0.00010895308,-1.5719241e-17,-1.5719241e-17,2.0400967e-17,2.0400967e-17,-4.6916619e-17,-4.6916619e-17,2.0612889e-06,2.0612889e-06,1.0372287e-33,1.0372287e-33
-0.0012988058,-0.0012988058,0.0012988058,0.0012988058,1.7436139e-15,1.7436139e-15,1.3958045e-15,1.3958045e-15,0.0012988058,0.0012988058,-0.00026429123,-0.00026429123,-0.00022920101,-0.00022920101,-0.00026280477,-0.00026280477,-0.00022920101,-0.00022920101,1.467967e-10,1.467967e-10,-1.4127013e-19,-1.4127013e-19,0.00022920099,0.00022920099,-1.4348774e-15,-1.4348774e-15,1.3681765e-05,1.3681765e-05,1.3681764e-05,1.3681764e-05,6.8308491e-18,6.8308491e-18,-0.0012988057,-0.0012988057,-0.00022920101,-0.00022920101,-0.0012988057,-0.0012988057,-0.00022920101,-0.00022920101,1.1113801e-16,1.1113801e-16,1.7245064e-16,1.7245064e-16,-0.0015280068,-0.0015280068,3.5180393e-16,3.5180393e-16,-0.0014245013,-0.0014245013,2.9475782e-16,2.9475782e-16,-1.9566759e-11,-1.9566759e-11,0.00022920101,0.00022920101,-1.9567471e-11,-1.9567471e-11,0.00022920101,0.00022920101,0.00022920099,0.00022920099,-1.407159e-15,-1.407159e-15,-0.0012988058,-0.0012988058,-0.0012988058,-0.0012988058,-0.00022920101,-0.00022920101,-2.4261556e-06,-2.4261556e-06,3.9095402e-18,3.9095402e-18,-3.7153325e-11,-3.7153325e-11,-2.4261184e-06,-2.4261184e-06,-1.0988406e-05,-1.0988406e-05,-1.3892938e-15,-1.3892938e-15,0.059282454,0.059282454,-8.7549282e-14,-8.7549282e-14,0.0722668,0.0722668,-4.3753314e-14,-4.3753314e-14,-0.0012988058,-0.0012988058,0.0015280068,0.0015280068,-0.00025976115,-0.00025976115,-2.6299323e-16,-2.6299323e-16,-1.546148e-14,-1.546148e-14,1.5481588e-14,1.5481588e-14,-2.8663686e-18,-2.8663686e-18,-5.0377041e-18,-5.0377041e-18,-0.00010350542,-0.00010350542,-1.5558666e-17,-1.5558666e-17,2.0181479e-17,2.0181479e-17,-4.6379353e-17,-4.6379353e-17,2.0438811e-06,2.0438811e-06,1.0301159e-33,1.0301159e-33
-0.0012851924,-0.0012851924,0.0012851924,0.0012851924,1.7418792e-15,1.7418792e-15,1.3914796e-15,1.3914796e-15,0.0012851924,0.0012851924,-0.00025854926,-0.00025854926,-0.00022679866,-0.00022679866,-0.00025707538,-0.00025707538,-0.00022679866,-0.00022679866,1.2723857e-10,1.2723857e-10,-1.3439769e-19,-1.3439769e-19,0.00022679868,0.00022679868,-1.4305683e-15,-1.4305683e-15,1.3546399e-05,1.3546399e-05,1.3546398e-05,1.3546398e-05,6.8052467e-18,6.8052467e-18,-0.0012851924,-0.0012851924,-0.00022679866,-0.00022679866,-0.0012851924,-0.0012851924,-0.00022679866,-0.00022679866,1.0871558e-16,1.0871558e-16,1.7077204e-16,1.7077204e-16,-0.0015119911,-0.0015119911,3.4689015e-16,3.4689015e-16,-0.0014136609,-0.0014136609,2.9108844e-16,2.9108844e-16,1.6128278e-11,1.6128278e-11,0.00022679866,0.00022679866,1.6127602e-11,1.6127602e-11,0.00022679866,0.00022679866,0.00022679868,0.00022679868,-1.4032094e-15,-1.4032094e-15,-0.0012851924,-0.0012851924,-0.0012851924,-0.0012851924,-0.00022679866,-0.00022679866,-2.4023148e-06,-2.4023148e-06,3.8907561e-18,3.8907561e-18,3.5695072e-11,3.5695072e-11,-2.4023505e-06,-2.4023505e-06,-1.1030484e-05,-1.1030484e-05,-1.3855143e-15,-1.3855143e-15,0.058562754,0.058562754,-8.7314414e-14,-8.7314414e-14,0.071502149,0.071502149,-4.3637835e-14,-4.3637835e-14,-0.0012851924,-0.0012851924,0.0015119911,0.0015119911,-0.00025703848,-0.00025703848,-2.6258452e-16,-2.6258452e-16,-1.5486704e-14,-1.5486704e-14,1.5506633e-14,1.5506633e-14,-2.8347646e-18,-2.8347646e-18,-4.989533e-18,-4.989533e-18,-9.8330153e-05,-9.8330153e-05,-1.5399495e-17,-1.5399495e-17,1.9964443e-17,1.9964443e-17,-4.5849691e-17,-4.5849691e-17,2.0265847e-06,2.0265847e-06,1.0223636e-33,1.0223636e-33
-0.0012717137,-0.0012717137,0.0012717137,0.0012717137,1.7401445e-15,1.7401445e-15,1.3871941e-15,1.3871941e-15,0.0012717137,0.0012717137,-0.000253015,-0.000253015,-0.00022442007,-0.00022442007,-0.00025155362,-0.00025155362,-0.00022442007,-0.00022442007,1.4337538e-10,1.4337538e-10,-1.2786636e-19,-1.2786636e-19,0.00022442005,0.00022442005,-1.4263008e-15,-1.4263008e-15,1.341285e-05,1.341285e-05,1.3412849e-05,1.3412849e-05,6.7775456e-18,6.7775456e-18,-0.0012717137,-0.0012717137,-0.00022442007,-0.00022442007,-0.0012717137,-0.0012717137,-0.00022442007,-0.00022442007,1.0633668e-16,1.0633668e-16,1.6912382e-16,1.6912382e-16,-0.0014961338,-0.0014961338,3.4206323e-16,3.4206323e-16,-0.0014027202,-0.0014027202,2.8746083e-16,2.8746083e-16,-1.813114e-11,-1.813114e-11,0.00022442007,0.00022442007,-1.8131783e-11,-1.8131783e-11,0.00022442007,0.00022442007,0.00022442005,0.00022442005,-1.3992941e-15,-1.3992941e-15,-0.0012717137,-0.0012717137,-0.0012717137,-0.0012717137,-0.00022442007,-0.00022442007,-2.3786284e-06,-2.3786284e-06,3.8710192e-18,3.8710192e-18,-3.4259385e-11,-3.4259385e-11,-2.3785942e-06,-2.3785942e-06,-1.1064162e-05,-1.1064162e-05,-1.3817684e-15,-1.3817684e-15,0.057855143,0.057855143,-8.7081616e-14,-8.7081616e-14,0.070745403,0.070745403,-4.3523366e-14,-4.3523366e-14,-0.0012717137,-0.0012717137,0.0014961338,0.0014961338,-0.00025434275,-0.00025434275,-2.6217417e-16,-2.6217417e-16,-1.5511634e-14,-1.5511634e-14,1.5531385e-14,1.5531385e-14,-2.8035058e-18,-2.8035058e-18,-4.9416021e-18,-4.9416021e-18,-9.3413645e-05,-9.3413645e-05,-1.5241729e-17,-1.5241729e-17,1.9749826e-17,1.9749826e-17,-4.5327461e-17,-4.5327461e-17,2.0093995e-06,2.0093995e-06,1.0140217e-33,1.0140217e-33
-0.001258368,-0.001258368,0.001258368,0.001258368,1.7386266e-15,1.7386266e-15,1.3829476e-15,1.3829476e-15,0.001258368,0.001258368,-0.00024767879,-0.00024767879,-0.00022206494,-0.00022206494,-0.00024622983,-0.00024622983,-0.00022206494,-0.00022206494,1.2525268e-10,1.2525268e-10,-1.2165917e-19,-1.2165917e-19,0.00022206495,0.00022206495,-1.4220742e-15,-1.4220742e-15,1.3279334e-05,1.3279334e-05,1.3279334e-05,1.3279334e-05,6.7479065e-18,6.7479065e-18,-0.001258368,-0.001258368,-0.00022206494,-0.00022206494,-0.001258368,-0.001258368,-0.00022206494,-0.00022206494,1.0399995e-16,1.0399995e-16,1.6750486e-16,1.6750486e-16,-0.0014804329,-0.0014804329,3.3732039e-16,3.3732039e-16,-0.00139169,-0.00139169,2.8387433e-16,2.8387433e-16,1.4785609e-11,1.4785609e-11,0.00022206494,0.00022206494,1.4784997e-11,1.4784997e-11,0.00022206494,0.00022206494,0.00022206495,0.00022206495,-1.3954132e-15,-1.3954132e-15,-0.001258368,-0.001258368,-0.001258368,-0.001258368,-0.00022206494,-0.00022206494,-2.3550998e-06,-2.3550998e-06,3.8504118e-18,3.8504118e-18,3.291678e-11,3.291678e-11,-2.3551327e-06,-2.3551327e-06,-1.1089925e-05,-1.1089925e-05,-1.378056e-15,-1.378056e-15,0.057159274,0.057159274,-8.6850886e-14,-8.6850886e-14,0.06999649,0.06999649,-4.3409906e-14,-4.3409906e-14,-0.001258368,-0.001258368,0.0014804329,0.0014804329,-0.00025167359,-0.00025167359,-2.6176247e-16,-2.6176247e-16,-1.5536273e-14,-1.5536273e-14,1.5555848e-14,1.5555848e-14,-2.7725892e-18,-2.7725892e-18,-4.8939224e-18,-4.8939224e-18,-8.8742963e-05,-8.8742963e-05,-1.5085364e-17,-1.5085364e-17,1.9537597e-17,1.9537597e-17,-4.4812492e-17,-4.4812492e-17,1.9923256e-06,1.9923256e-06,1.0051399e-33,1.0051399e-33
-0.001245155,-0.001245155,0.001245155,0.001245155,1.7373256e-15,1.7373256e-15,1.3787403e-15,1.3787403e-15,0.001245155,0.001245155,-0.00024253169,-0.00024253169,-0.00021973324,-0.00021973324,-0.00024109506,-0.00024109506,-0.00021973324,-0.00021973324,1.4004664e-10,1.4004664e-10,-1.1575998e-19,-1.1575998e-19,0.00021973322,0.00021973322,-1.4178888e-15,-1.4178888e-15,1.3147597e-05,1.3147597e-05,1.3147597e-05,1.3147597e-05,6.7164425e-18,6.7164425e-18,-0.001245155,-0.001245155,-0.00021973324,-0.00021973324,-0.001245155,-0.001245155,-0.00021973324,-0.00021973324,1.0170411e-16,1.0170411e-16,1.6591442e-16,1.6591442e-16,-0.0014648882,-0.0014648882,3.3265924e-16,3.3265924e-16,-0.0013805824,-0.0013805824,2.8032846e-16,2.8032846e-16,-1.680523e-11,-1.680523e-11,0.00021973324,0.00021973324,-1.6805811e-11,-1.6805811e-11,0.00021973324,0.00021973324,0.00021973322,0.00021973322,-1.3915666e-15,-1.3915666e-15,-0.001245155,-0.001245155,-0.001245155,-0.001245155,-0.00021973324,-0.00021973324,-2.3317319e-06,-2.3317319e-06,3.8289832e-18,3.8289832e-18,-3.1590809e-11,-3.1590809e-11,-2.3317003e-06,-2.3317003e-06,-1.1108236e-05,-1.1108236e-05,-1.3743771e-15,-1.3743771e-15,0.056474809,0.056474809,-8.6622225e-14,-8.6622225e-14,0.069255338,0.069255338,-4.3297457e-14,-4.3297457e-14,-0.001245155,-0.001245155,0.0014648882,0.0014648882,-0.000249031,-0.000249031,-2.6134974e-16,-2.6134974e-16,-1.5560625e-14,-1.5560625e-14,1.5580025e-14,1.5580025e-14,-2.7420117e-18,-2.7420117e-18,-4.8465041e-18,-4.8465041e-18,-8.4305815e-05,-8.4305815e-05,-1.4930398e-17,-1.4930398e-17,1.9327725e-17,1.9327725e-17,-4.4304623e-17,-4.4304623e-17,1.9753628e-06,1.9753628e-06,9.9576326e-34,9.9576326e-34
-0.0012320732,-0.0012320732,0.0012320732,0.0012320732,1.7355908e-15,1.7355908e-15,1.374572e-15,1.374572e-15,0.0012320732,0.0012320732,-0.00023756494,-0.00023756494,-0.00021742468,-0.00021742468,-0.00023614057,-0.00023614057,-0.00021742468,-0.00021742468,1.2324967e-10,1.2324967e-10,-1.1015344e-19,-1.1015344e-19,0.00021742469,0.00021742469,-1.4137438e-15,-1.4137438e-15,1.3015992e-05,1.3015992e-05,1.3015992e-05,1.3015992e-05,6.6832985e-18,6.6832985e-18,-0.0012320732,-0.0012320732,-0.00021742468,-0.00021742468,-0.0012320732,-0.0012320732,-0.00021742468,-0.00021742468,9.9447934e-17,9.9447934e-17,1.6435148e-16,1.6435148e-16,-0.0014494979,-0.0014494979,3.2807723e-16,3.2807723e-16,-0.0013694073,-0.0013694073,2.7682258e-16,2.7682258e-16,1.3549523e-11,1.3549523e-11,0.00021742468,0.00021742468,1.3548971e-11,1.3548971e-11,0.00021742468,0.00021742468,0.00021742469,0.00021742469,-1.3877544e-15,-1.3877544e-15,-0.0012320732,-0.0012320732,-0.0012320732,-0.0012320732,-0.00021742468,-0.00021742468,-2.3085275e-06,-2.3085275e-06,3.8068077e-18,3.8068077e-18,3.0354782e-11,3.0354782e-11,-2.3085579e-06,-2.3085579e-06,-1.1119534e-05,-1.1119534e-05,-1.3707316e-15,-1.3707316e-15,0.055801429,0.055801429,-8.6395628e-14,-8.6395628e-14,0.068521874,0.068521874,-4.3186016e-14,-4.3186016e-14,-0.0012320732,-0.0012320732,0.0014494979,0.0014494979,-0.00024641463,-0.00024641463,-2.6093624e-16,-2.6093624e-16,-1.5584695e-14,-1.5584695e-14,1.5603921e-14,1.5603921e-14,-2.7117701e-18,-2.7117701e-18,-4.7993568e-18,-4.7993568e-18,-8.0090524e-05,-8.0090524e-05,-1.4776828e-17,-1.4776828e-17,1.9120181e-17,1.9120181e-17,-4.3803699e-17,-4.3803699e-17,1.9585109e-06,1.9585109e-06,9.859369e-34,9.859369e-34
-0.0012191223,-0.0012191223,0.0012191223,0.0012191223,1.7347235e-15,1.7347235e-15,1.3704425e-15,1.3704425e-15,0.0012191223,0.0012191223,-0.00023277046,-0.00023277046,-0.00021513922,-0.00021513922,-0.00023135827,-0.00023135827,-0.00021513922,-0.00021513922,1.3680736e-10,1.3680736e-10,-1.0482498e-19,-1.0482498e-19,0.0002151392,0.0002151392,-1.4096395e-15,-1.4096395e-15,1.2886127e-05,1.2886127e-05,1.2886127e-05,1.2886127e-05,6.6485754e-18,6.6485754e-18,-0.0012191222,-0.0012191222,-0.00021513922,-0.00021513922,-0.0012191222,-0.0012191222,-0.00021513922,-0.00021513922,9.7230246e-17,9.7230246e-17,1.6281537e-16,1.6281537e-16,-0.0014342615,-0.0014342615,3.2357215e-16,3.2357215e-16,-0.0013581755,-0.0013581755,2.7335625e-16,2.7335625e-16,-1.5580553e-11,-1.5580553e-11,0.00021513922,0.00021513922,-1.5581078e-11,-1.5581078e-11,0.00021513922,0.00021513922,0.0002151392,0.0002151392,-1.3839764e-15,-1.3839764e-15,-0.0012191223,-0.0012191223,-0.0012191223,-0.0012191223,-0.00021513922,-0.00021513922,-2.2854893e-06,-2.2854893e-06,3.783929e-18,3.783929e-18,-2.9130049e-11,-2.9130049e-11,-2.2854601e-06,-2.2854601e-06,-1.1124234e-05,-1.1124234e-05,-1.3671194e-15,-1.3671194e-15,0.055138824,0.055138824,-8.6171094e-14,-8.6171094e-14,0.067796027,0.067796027,-4.3075584e-14,-4.3075584e-14,-0.0012191223,-0.0012191223,0.0014342615,0.0014342615,-0.00024382445,-0.00024382445,-2.6052227e-16,-2.6052227e-16,-1.5608487e-14,-1.5608487e-14,1.5627539e-14,1.5627539e-14,-2.6818614e-18,-2.6818614e-18,-4.7524892e-18,-4.7524892e-18,-7.6085998e-05,-7.6085998e-05,-1.4624651e-17,-1.4624651e-17,1.8914936e-17,1.8914936e-17,-4.3309567e-17,-4.3309567e-17,1.94177e-06,1.94177e-06,9.7570164e-34,9.7570164e-34
-0.0012063006,-0.0012063006,0.0012063006,0.0012063006,1.7327719e-15,1.7327719e-15,1.3663518e-15,1.3663518e-15,0.0012063006,0.0012063006,-0.00022814035,-0.00022814035,-0.00021287657,-0.00021287657,-0.00022674025,-0.00022674025,-0.00021287657,-0.00021287657,1.2123488e-10,1.2123488e-10,-9.9760767e-20,-9.9760767e-20,0.00021287658,0.00021287658,-1.4055753e-15,-1.4055753e-15,1.2756483e-05,1.2756483e-05,1.2756482e-05,1.2756482e-05,6.6124037e-18,6.6124037e-18,-0.0012063006,-0.0012063006,-0.00021287657,-0.00021287657,-0.0012063006,-0.0012063006,-0.00021287657,-0.00021287657,9.5049914e-17,9.5049914e-17,1.6130514e-16,1.6130514e-16,-0.0014191771,-0.0014191771,3.1914168e-16,3.1914168e-16,-0.0013468954,-0.0013468954,2.6992885e-16,2.6992885e-16,1.241166e-11,1.241166e-11,0.00021287657,0.00021287657,1.2411161e-11,1.2411161e-11,0.00021287657,0.00021287657,0.00021287658,0.00021287658,-1.3802328e-15,-1.3802328e-15,-0.0012063006,-0.0012063006,-0.0012063006,-0.0012063006,-0.00021287657,-0.00021287657,-2.2626193e-06,-2.2626193e-06,3.7604141e-18,3.7604141e-18,2.7992239e-11,2.7992239e-11,-2.2626473e-06,-2.2626473e-06,-1.1122729e-05,-1.1122729e-05,-1.3635405e-15,-1.3635405e-15,0.054486701,0.054486701,-8.5948617e-14,-8.5948617e-14,0.067077726,0.067077726,-4.2966157e-14,-4.2966157e-14,-0.0012063006,-0.0012063006,0.0014191771,0.0014191771,-0.00024126011,-0.00024126011,-2.6010804e-16,-2.6010804e-16,-1.5632004e-14,-1.5632004e-14,1.5650884e-14,1.5650884e-14,-2.6522824e-18,-2.6522824e-18,-4.7059095e-18,-4.7059095e-18,-7.2281698e-05,-7.2281698e-05,-1.4473862e-17,-1.4473862e-17,1.8711959e-17,1.8711959e-17,-4.2822083e-17,-4.2822083e-17,1.9251398e-06,1.9251398e-06,9.6509801e-34,9.6509801e-34
-0.0011936079,-0.0011936079,0.0011936079,0.0011936079,1.7308203e-15,1.7308203e-15,1.3622996e-15,1.3622996e-15,0.0011936079,0.0011936079,-0.00022366727,-0.00022366727,-0.00021063668,-0.00021063668,-0.00022227918,-0.00022227918,-0.00021063668,-0.00021063668,1.3365453e-10,1.3365453e-10,-9.4947624e-20,-9.4947624e-20,0.00021063666,0.00021063666,-1.4015512e-15,-1.4015512e-15,1.2628539e-05,1.2628539e-05,1.2628539e-05,1.2628539e-05,6.5748734e-18,6.5748734e-18,-0.0011936078,-0.0011936078,-0.00021063668,-0.00021063668,-0.0011936078,-0.0011936078,-0.00021063668,-0.00021063668,9.2905864e-17,9.2905864e-17,1.5982018e-16,1.5982018e-16,-0.0014042445,-0.0014042445,3.147838e-16,3.147838e-16,-0.0013355769,-0.0013355769,2.6653995e-16,2.6653995e-16,-1.4449287e-11,-1.4449287e-11,0.00021063668,0.00021063668,-1.4449761e-11,-1.4449761e-11,0.00021063668,0.00021063668,0.00021063666,0.00021063666,-1.3765233e-15,-1.3765233e-15,-0.0011936079,-0.0011936079,-0.0011936079,-0.0011936079,-0.00021063668,-0.00021063668,-2.2399198e-06,-2.2399198e-06,3.7363017e-18,3.7363017e-18,-2.6860922e-11,-2.6860922e-11,-2.2398929e-06,-2.2398929e-06,-1.1115395e-05,-1.1115395e-05,-1.3599948e-15,-1.3599948e-15,0.053844776,0.053844776,-8.5728194e-14,-8.5728194e-14,0.066366898,0.066366898,-4.2857734e-14,-4.2857734e-14,-0.0011936079,-0.0011936079,0.0014042445,0.0014042445,-0.00023872157,-0.00023872157,-2.5969383e-16,-2.5969383e-16,-1.565525e-14,-1.565525e-14,1.5673959e-14,1.5673959e-14,-2.62303e-18,-2.62303e-18,-4.6596251e-18,-4.6596251e-18,-6.8667613e-05,-6.8667613e-05,-1.4324458e-17,-1.4324458e-17,1.8511224e-17,1.8511224e-17,-4.2341108e-17,-4.2341108e-17,1.9086203e-06,1.9086203e-06,9.5416269e-34,9.5416269e-34
-0.0011810425,-0.0011810425,0.0011810425,0.0011810425,1.729953e-15,1.729953e-15,1.3582859e-15,1.3582859e-15,0.0011810425,0.0011810425,-0.00021934408,-0.00021934408,-0.00020841926,-0.00020841926,-0.00021796793,-0.00021796793,-0.00020841926,-0.00020841926,1.1921315e-10,1.1921315e-10,-9.0373051e-20,-9.0373051e-20,0.00020841927,0.00020841927,-1.3975666e-15,-1.3975666e-15,1.2500895e-05,1.2500895e-05,1.2500894e-05,1.2500894e-05,6.5361018e-18,6.5361018e-18,-0.0011810425,-0.0011810425,-0.00020841926,-0.00020841926,-0.0011810425,-0.0011810425,-0.00020841926,-0.00020841926,9.0797058e-17,9.0797058e-17,1.5835963e-16,1.5835963e-16,-0.0013894617,-0.0013894617,3.1049637e-16,3.1049637e-16,-0.0013242275,-0.0013242275,2.6318896e-16,2.6318896e-16,1.1364312e-11,1.1364312e-11,0.00020841926,0.00020841926,1.1363861e-11,1.1363861e-11,0.00020841926,0.00020841926,0.00020841927,0.00020841927,-1.3728479e-15,-1.3728479e-15,-0.0011810425,-0.0011810425,-0.0011810425,-0.0011810425,-0.00020841926,-0.00020841926,-2.2173925e-06,-2.2173925e-06,3.7116521e-18,3.7116521e-18,2.5813622e-11,2.5813622e-11,-2.2174183e-06,-2.2174183e-06,-1.1102584e-05,-1.1102584e-05,-1.3564822e-15,-1.3564822e-15,0.053212778,0.053212778,-8.5509816e-14,-8.5509816e-14,0.065663474,0.065663474,-4.2750312e-14,-4.2750312e-14,-0.0011810425,-0.0011810425,0.0013894617,0.0013894617,-0.00023620849,-0.00023620849,-2.5927981e-16,-2.5927981e-16,-1.5678229e-14,-1.5678229e-14,1.5696768e-14,1.5696768e-14,-2.594101e-18,-2.594101e-18,-4.6136428e-18,-4.6136428e-18,-6.5234232e-05,-6.5234232e-05,-1.4176432e-17,-1.4176432e-17,1.8312702e-17,1.8312702e-17,-4.1866506e-17,-4.1866506e-17,1.8922113e-06,1.8922113e-06,9.4293198e-34,9.4293198e-34
-0.0011686041,-0.0011686041,0.0011686041,0.0011686041,1.7284351e-15,1.7284351e-15,1.3543104e-15,1.3543104e-15,0.0011686041,0.0011686041,-0.00021516415,-0.00021516415,-0.00020622425,-0.00020622425,-0.00021379985,-0.00021379985,-0.00020622425,-0.00020622425,1.3058528e-10,1.3058528e-10,-8.6025163e-20,-8.6025163e-20,0.00020622423,0.00020622423,-1.3936216e-15,-1.3936216e-15,1.2374912e-05,1.2374912e-05,1.2374912e-05,1.2374912e-05,6.4961693e-18,6.4961693e-18,-0.0011686041,-0.0011686041,-0.00020622425,-0.00020622425,-0.0011686041,-0.0011686041,-0.00020622425,-0.00020622425,8.8722508e-17,8.8722508e-17,1.5692292e-16,1.5692292e-16,-0.0013748283,-0.0013748283,3.0627754e-16,3.0627754e-16,-0.0013128558,-0.0013128558,2.5987547e-16,2.5987547e-16,-1.3404216e-11,-1.3404216e-11,0.00020622425,0.00020622425,-1.3404645e-11,-1.3404645e-11,0.00020622425,0.00020622425,0.00020622423,0.00020622423,-1.3692065e-15,-1.3692065e-15,-0.0011686041,-0.0011686041,-0.0011686041,-0.0011686041,-0.00020622425,-0.00020622425,-2.1950391e-06,-2.1950391e-06,3.6864997e-18,3.6864997e-18,-2.4768506e-11,-2.4768506e-11,-2.1950143e-06,-2.1950143e-06,-1.1084634e-05,-1.1084634e-05,-1.3530025e-15,-1.3530025e-15,0.052590446,0.052590446,-8.529348e-14,-8.529348e-14,0.064967382,0.064967382,-4.2643889e-14,-4.2643889e-14,-0.0011686041,-0.0011686041,0.0013748283,0.0013748283,-0.00023372081,-0.00023372081,-2.5886623e-16,-2.5886623e-16,-1.5700945e-14,-1.5700945e-14,1.5719314e-14,1.5719314e-14,-2.5654924e-18,-2.5654924e-18,-4.567969e-18,-4.567969e-18,-6.1972521e-05,-6.1972521e-05,-1.402978e-17,-1.402978e-17,1.8116365e-17,1.8116365e-17,-4.1398147e-17,-4.1398147e-17,1.8759127e-06,1.8759127e-06,9.314386e-34,9.314386e-34
-0.001156291,-0.001156291,0.001156291,0.001156291,1.7264835e-15,1.7264835e-15,1.3503731e-15,1.3503731e-15,0.001156291,0.001156291,-0.00021112102,-0.00021112102,-0.00020405136,-0.00020405136,-0.00020976849,-0.00020976849,-0.00020405136,-0.00020405136,1.1718879e-10,1.1718879e-10,-8.1892668e-20,-8.1892668e-20,0.00020405137,0.00020405137,-1.3897157e-15,-1.3897157e-15,1.2249298e-05,1.2249298e-05,1.2249298e-05,1.2249298e-05,6.4551812e-18,6.4551812e-18,-0.001156291,-0.001156291,-0.00020405136,-0.00020405136,-0.001156291,-0.001156291,-0.00020405136,-0.00020405136,8.6681262e-17,8.6681262e-17,1.5550926e-16,1.5550926e-16,-0.0013603424,-0.0013603424,3.0212534e-16,3.0212534e-16,-0.0013014685,-0.0013014685,2.5659892e-16,2.5659892e-16,1.0400374e-11,1.0400374e-11,0.00020405136,0.00020405136,1.0399967e-11,1.0399967e-11,0.00020405136,0.00020405136,0.00020405137,0.00020405137,-1.3655991e-15,-1.3655991e-15,-0.001156291,-0.001156291,-0.001156291,-0.001156291,-0.00020405136,-0.00020405136,-2.1728609e-06,-2.1728609e-06,3.6608988e-18,3.6608988e-18,2.3804612e-11,2.3804612e-11,-2.1728847e-06,-2.1728847e-06,-1.1061862e-05,-1.1061862e-05,-1.3495557e-15,-1.3495557e-15,0.05197753,0.05197753,-8.5079175e-14,-8.5079175e-14,0.064278553,0.064278553,-4.2538461e-14,-4.2538461e-14,-0.001156291,-0.001156291,0.0013603424,0.0013603424,-0.00023125821,-0.00023125821,-2.5845325e-16,-2.5845325e-16,-1.57234e-14,-1.57234e-14,1.5741602e-14,1.5741602e-14,-2.5372008e-18,-2.5372008e-18,-4.5226094e-18,-4.5226094e-18,-5.8873895e-05,-5.8873895e-05,-1.3884497e-17,-1.3884497e-17,1.7922188e-17,1.7922188e-17,-4.0935905e-17,-4.0935905e-17,1.8597244e-06,1.8597244e-06,9.1971492e-34,9.1971492e-34
-0.001144103,-0.001144103,0.001144103,0.001144103,1.7251825e-15,1.7251825e-15,1.3464736e-15,1.3464736e-15,0.001144103,0.001144103,-0.00020720868,-0.00020720868,-0.00020190052,-0.00020190052,-0.00020586785,-0.00020586785,-0.00020190052,-0.00020190052,1.2759681e-10,1.2759681e-10,-7.7964837e-20,-7.7964837e-20,0.00020190051,0.00020190051,-1.3858488e-15,-1.3858488e-15,1.2125308e-05,1.2125308e-05,1.2125308e-05,1.2125308e-05,6.4132091e-18,6.4132091e-18,-0.001144103,-0.001144103,-0.00020190052,-0.00020190052,-0.001144103,-0.001144103,-0.00020190052,-0.00020190052,8.4672412e-17,8.4672412e-17,1.5411813e-16,1.5411813e-16,-0.0013460035,-0.0013460035,2.9803806e-16,2.9803806e-16,-0.0012900733,-0.0012900733,2.533589e-16,2.533589e-16,-1.2438684e-11,-1.2438684e-11,0.00020190052,0.00020190052,-1.2439072e-11,-1.2439072e-11,0.00020190052,0.00020190052,0.00020190051,0.00020190051,-1.3620255e-15,-1.3620255e-15,-0.001144103,-0.001144103,-0.001144103,-0.001144103,-0.00020190052,-0.00020190052,-2.1508594e-06,-2.1508594e-06,3.6348797e-18,3.6348797e-18,-2.2839039e-11,-2.2839039e-11,-2.1508366e-06,-2.1508366e-06,-1.1034571e-05,-1.1034571e-05,-1.3461416e-15,-1.3461416e-15,0.051373792,0.051373792,-8.4866897e-14,-8.4866897e-14,0.063596916,0.063596916,-4.2434025e-14,-4.2434025e-14,-0.001144103,-0.001144103,0.0013460035,0.0013460035,-0.0002288206,-0.0002288206,-2.5804109e-16,-2.5804109e-16,-1.5745599e-14,-1.5745599e-14,1.5763635e-14,1.5763635e-14,-2.5092232e-18,-2.5092232e-18,-4.4775693e-18,-4.4775693e-18,-5.59302e-05,-5.59302e-05,-1.3740576e-17,-1.3740576e-17,1.7730143e-17,1.7730143e-17,-4.0479659e-17,-4.0479659e-17,1.8436461e-06,1.8436461e-06,9.0778997e-34,9.0778997e-34
-0.0011320383,-0.0011320383,0.0011320383,0.0011320383,1.7236646e-15,1.7236646e-15,1.3426118e-15,1.3426118e-15,0.0011320383,0.0011320383,-0.00020342129,-0.00020342129,-0.00019977147,-0.00019977147,-0.00020209207,-0.00020209207,-0.00019977147,-0.00019977147,1.1516569e-10,1.1516569e-10,-7.4231472e-20,-7.4231472e-20,0.00019977148,0.00019977148,-1.3820205e-15,-1.3820205e-15,1.2001748e-05,1.2001748e-05,1.2001747e-05,1.2001747e-05,6.3703478e-18,6.3703478e-18,-0.0011320383,-0.0011320383,-0.00019977147,-0.00019977147,-0.0011320383,-0.0011320383,-0.00019977147,-0.00019977147,8.2695083e-17,8.2695083e-17,1.5274881e-16,1.5274881e-16,-0.0013318098,-0.0013318098,2.940139e-16,2.940139e-16,-0.0012786761,-0.0012786761,2.5015487e-16,2.5015487e-16,9.5132992e-12,9.5132992e-12,0.00019977147,0.00019977147,9.5129309e-12,9.5129309e-12,0.00019977147,0.00019977147,0.00019977148,0.00019977148,-1.3584855e-15,-1.3584855e-15,-0.0011320383,-0.0011320383,-0.0011320383,-0.0011320383,-0.00019977147,-0.00019977147,-2.1290356e-06,-2.1290356e-06,3.6084913e-18,3.6084913e-18,2.1952003e-11,2.1952003e-11,-2.1290575e-06,-2.1290575e-06,-1.1003047e-05,-1.1003047e-05,-1.34276e-15,-1.34276e-15,0.050779,0.050779,-8.4656634e-14,-8.4656634e-14,0.062922401,0.062922401,-4.2330576e-14,-4.2330576e-14,-0.0011320383,-0.0011320383,0.0013318098,0.0013318098,-0.00022640766,-0.00022640766,-2.5762989e-16,-2.5762989e-16,-1.5767545e-14,-1.5767545e-14,1.5785415e-14,1.5785415e-14,-2.4815565e-18,-2.4815565e-18,-4.4328534e-18,-4.4328534e-18,-5.313369e-05,-5.313369e-05,-1.3598011e-17,-1.3598011e-17,1.7540205e-17,1.7540205e-17,-4.002929e-17,-4.002929e-17,1.8276777e-06,1.8276777e-06,8.9569244e-34,8.9569244e-34
-0.0011200966,-0.0011200966,0.0011200966,0.0011200966,1.7221467e-15,1.7221467e-15,1.3387875e-15,1.3387875e-15,0.0011200966,0.0011200966,-0.00019975341,-0.00019975341,-0.0001976641,-0.0001976641,-0.00019843572,-0.00019843572,-0.0001976641,-0.0001976641,1.2468648e-10,1.2468648e-10,-7.0682888e-20,-7.0682888e-20,0.00019766409,0.00019766409,-1.3782306e-15,-1.3782306e-15,1.1879773e-05,1.1879773e-05,1.1879773e-05,1.1879773e-05,6.3266609e-18,6.3266609e-18,-0.0011200966,-0.0011200966,-0.0001976641,-0.0001976641,-0.0011200966,-0.0011200966,-0.0001976641,-0.0001976641,8.0748441e-17,8.0748441e-17,1.5140081e-16,1.5140081e-16,-0.0013177607,-0.0013177607,2.900513e-16,2.900513e-16,-0.0012672836,-0.0012672836,2.4698646e-16,2.4698646e-16,-1.1546551e-11,-1.1546551e-11,0.0001976641,0.0001976641,-1.1546901e-11,-1.1546901e-11,0.0001976641,0.0001976641,0.00019766409,0.00019766409,-1.3549791e-15,-1.3549791e-15,-0.0011200966,-0.0011200966,-0.0011200966,-0.0011200966,-0.0001976641,-0.0001976641,-2.1073904e-06,-2.1073904e-06,3.5817605e-18,3.5817605e-18,-2.1059832e-11,-2.1059832e-11,-2.1073693e-06,-2.1073693e-06,-1.0967561e-05,-1.0967561e-05,-1.3394109e-15,-1.3394109e-15,0.050192933,0.050192933,-8.4448379e-14,-8.4448379e-14,0.062254941,0.062254941,-4.2228111e-14,-4.2228111e-14,-0.0011200966,-0.0011200966,0.0013177607,0.0013177607,-0.00022401931,-0.00022401931,-2.5721983e-16,-2.5721983e-16,-1.5789242e-14,-1.5789242e-14,1.5806947e-14,1.5806947e-14,-2.4541974e-18,-2.4541974e-18,-4.388466e-18,-4.388466e-18,-5.0477005e-05,-5.0477005e-05,-1.3456795e-17,-1.3456795e-17,1.7352347e-17,1.7352347e-17,-3.9584686e-17,-3.9584686e-17,1.8118191e-06,1.8118191e-06,8.8344797e-34,8.8344797e-34
-0.0011082762,-0.0011082762,0.0011082762,0.0011082762,1.7212794e-15,1.7212794e-15,1.3350005e-15,1.3350005e-15,0.0011082762,0.0011082762,-0.00019619974,-0.00019619974,-0.00019557815,-0.00019557815,-0.00019489351,-0.00019489351,-0.00019557815,-0.00019557815,1.1314733e-10,1.1314733e-10,-6.7309877e-20,-6.7309877e-20,0.00019557816,0.00019557816,-1.3744786e-15,-1.3744786e-15,1.1758282e-05,1.1758282e-05,1.1758282e-05,1.1758282e-05,6.2822335e-18,6.2822335e-18,-0.0011082762,-0.0011082762,-0.00019557815,-0.00019557815,-0.0011082762,-0.0011082762,-0.00019557815,-0.00019557815,7.8831679e-17,7.8831679e-17,1.5007348e-16,1.5007348e-16,-0.0013038544,-0.0013038544,2.8614858e-16,2.8614858e-16,-0.0012559012,-0.0012559012,2.4385313e-16,2.4385313e-16,8.6970508e-12,8.6970508e-12,0.00019557815,0.00019557815,8.6967178e-12,8.6967178e-12,0.00019557815,0.00019557815,0.00019557816,0.00019557816,-1.3515061e-15,-1.3515061e-15,-0.0011082762,-0.0011082762,-0.0011082762,-0.0011082762,-0.00019557815,-0.00019557815,-2.0859246e-06,-2.0859246e-06,3.5547312e-18,3.5547312e-18,2.0243619e-11,2.0243619e-11,-2.0859448e-06,-2.0859448e-06,-1.0928369e-05,-1.0928369e-05,-1.3360939e-15,-1.3360939e-15,0.049615379,0.049615379,-8.4242121e-14,-8.4242121e-14,0.061594465,0.061594465,-4.2126624e-14,-4.2126624e-14,-0.0011082762,-0.0011082762,0.0013038544,0.0013038544,-0.00022165524,-0.00022165524,-2.5681104e-16,-2.5681104e-16,-1.5810691e-14,-1.5810691e-14,1.5828233e-14,1.5828233e-14,-2.4271429e-18,-2.4271429e-18,-4.3444111e-18,-4.3444111e-18,-4.7953155e-05,-4.7953155e-05,-1.3316922e-17,-1.3316922e-17,1.7166546e-17,1.7166546e-17,-3.9145737e-17,-3.9145737e-17,1.7960701e-06,1.7960701e-06,8.7108185e-34,8.7108185e-34
-0.0010965767,-0.0010965767,0.0010965767,0.0010965767,1.7195446e-15,1.7195446e-15,1.3312505e-15,1.3312505e-15,0.0010965767,0.0010965767,-0.00019275538,-0.00019275538,-0.00019351353,-0.00019351353,-0.00019146053,-0.00019146053,-0.00019351353,-0.00019351353,1.218517e-10,1.218517e-10,-6.4103693e-20,-6.4103693e-20,0.00019351352,0.00019351352,-1.3707645e-15,-1.3707645e-15,1.163834e-05,1.163834e-05,1.163834e-05,1.163834e-05,6.2371221e-18,6.2371221e-18,-0.0010965767,-0.0010965767,-0.00019351353,-0.00019351353,-0.0010965767,-0.0010965767,-0.00019351353,-0.00019351353,7.6944029e-17,7.6944029e-17,1.4876637e-16,1.4876637e-16,-0.0012900902,-0.0012900902,2.823043e-16,2.823043e-16,-0.0012445347,-0.0012445347,2.4075453e-16,2.4075453e-16,-1.0722151e-11,-1.0722151e-11,0.00019351353,0.00019351353,-1.0722467e-11,-1.0722467e-11,0.00019351353,0.00019351353,0.00019351352,0.00019351352,-1.3480664e-15,-1.3480664e-15,-0.0010965767,-0.0010965767,-0.0010965767,-0.0010965767,-0.00019351353,-0.00019351353,-2.0646388e-06,-2.0646388e-06,3.5274269e-18,3.5274269e-18,-1.9419185e-11,-1.9419185e-11,-2.0646194e-06,-2.0646194e-06,-1.0885717e-05,-1.0885717e-05,-1.3328091e-15,-1.3328091e-15,0.049046134,0.049046134,-8.4037851e-14,-8.4037851e-14,0.060940907,0.060940907,-4.2026112e-14,-4.2026112e-14,-0.0010965767,-0.0010965767,0.0012900902,0.0012900902,-0.00021931534,-0.00021931534,-2.5640369e-16,-2.5640369e-16,-1.5831898e-14,-1.5831898e-14,1.5849278e-14,1.5849278e-14,-2.4003898e-18,-2.4003898e-18,-4.3006919e-18,-4.3006919e-18,-4.5555497e-05,-4.5555497e-05,-1.3178385e-17,-1.3178385e-17,1.6982776e-17,1.6982776e-17,-3.8712337e-17,-3.8712337e-17,1.7804305e-06,1.7804305e-06,8.5861661e-34,8.5861661e-34
-0.0010849966,-0.0010849966,0.0010849966,0.0010849966,1.7182436e-15,1.7182436e-15,1.3275374e-15,1.3275374e-15,0.0010849966,0.0010849966,-0.00018941553,-0.00018941553,-0.00019146998,-0.00019146998,-0.00018813196,-0.00018813196,-0.00019146998,-0.00019146998,1.1113679e-10,1.1113679e-10,-6.1056025e-20,-6.1056025e-20,0.00019146999,0.00019146999,-1.3670879e-15,-1.3670879e-15,1.1518928e-05,1.1518928e-05,1.1518928e-05,1.1518928e-05,6.1914032e-18,6.1914032e-18,-0.0010849966,-0.0010849966,-0.00019146998,-0.00019146998,-0.0010849966,-0.0010849966,-0.00019146998,-0.00019146998,7.5084747e-17,7.5084747e-17,1.4747886e-16,1.4747886e-16,-0.0012764665,-0.0012764665,2.7851693e-16,2.7851693e-16,-0.0012331888,-0.0012331888,2.3769013e-16,2.3769013e-16,7.9460652e-12,7.9460652e-12,0.00019146998,0.00019146998,7.9457642e-12,7.9457642e-12,0.00019146998,0.00019146998,0.00019146999,0.00019146999,-1.3446597e-15,-1.3446597e-15,-0.0010849966,-0.0010849966,-0.0010849966,-0.0010849966,-0.00019146998,-0.00019146998,-2.0435336e-06,-2.0435336e-06,3.4998873e-18,3.4998873e-18,1.8668231e-11,1.8668231e-11,-2.0435522e-06,-2.0435522e-06,-1.0839834e-05,-1.0839834e-05,-1.3295561e-15,-1.3295561e-15,0.048485001,0.048485001,-8.3835558e-14,-8.3835558e-14,0.060294197,0.060294197,-4.1926568e-14,-4.1926568e-14,-0.0010849966,-0.0010849966,0.0012764665,0.0012764665,-0.00021699931,-0.00021699931,-2.5599788e-16,-2.5599788e-16,-1.5852864e-14,-1.5852864e-14,1.5870083e-14,1.5870083e-14,-2.373935e-18,-2.373935e-18,-4.2573117e-18,-4.2573117e-18,-4.3277723e-05,-4.3277723e-05,-1.3041176e-17,-1.3041176e-17,1.6801013e-17,1.6801013e-17,-3.8284383e-17,-3.8284383e-17,1.7649e-06,1.7649e-06,8.4607444e-34,8.4607444e-34
-0.0010735352,-0.0010735352,0.0010735352,0.0010735352,1.7169426e-15,1.7169426e-15,1.3238609e-15,1.3238609e-15,0.0010735352,0.0010735352,-0.00018617573,-0.00018617573,-0.00018944739,-0.00018944739,-0.00018490338,-0.00018490338,-0.00018944739,-0.00018944739,1.1909002e-10,1.1909002e-10,-5.8158976e-20,-5.8158976e-20,0.00018944738,0.00018944738,-1.3634485e-15,-1.3634485e-15,1.1401029e-05,1.1401029e-05,1.1401029e-05,1.1401029e-05,6.1451269e-18,6.1451269e-18,-0.0010735352,-0.0010735352,-0.00018944739,-0.00018944739,-0.0010735352,-0.0010735352,-0.00018944739,-0.00018944739,7.3253125e-17,7.3253125e-17,1.4621056e-16,1.4621056e-16,-0.0012629826,-0.0012629826,2.7478513e-16,2.7478513e-16,-0.0012218688,-0.0012218688,2.346596e-16,2.346596e-16,-9.9602573e-12,-9.9602573e-12,0.00018944739,0.00018944739,-9.9605435e-12,-9.9605435e-12,0.00018944739,0.00018944739,0.00018944738,0.00018944738,-1.3412859e-15,-1.3412859e-15,-0.0010735352,-0.0010735352,-0.0010735352,-0.0010735352,-0.00018944739,-0.00018944739,-2.0226093e-06,-2.0226093e-06,3.472133e-18,3.472133e-18,-1.7906308e-11,-1.7906308e-11,-2.0225914e-06,-2.0225914e-06,-1.079094e-05,-1.079094e-05,-1.3263349e-15,-1.3263349e-15,0.04793179,0.04793179,-8.3635232e-14,-8.3635232e-14,0.059654268,0.059654268,-4.1827989e-14,-4.1827989e-14,-0.0010735352,-0.0010735352,0.0012629826,0.0012629826,-0.00021470704,-0.00021470704,-2.5559376e-16,-2.5559376e-16,-1.5873594e-14,-1.5873594e-14,1.5890653e-14,1.5890653e-14,-2.3477754e-18,-2.3477754e-18,-4.2142731e-18,-4.2142731e-18,-4.1113836e-05,-4.1113836e-05,-1.2905287e-17,-1.2905287e-17,1.6621233e-17,1.6621233e-17,-3.7861774e-17,-3.7861774e-17,1.7494785e-06,1.7494785e-06,8.3347501e-34,8.3347501e-34
-0.0010621912,-0.0010621912,0.0010621912,0.0010621912,1.7154247e-15,1.7154247e-15,1.3202207e-15,1.3202207e-15,0.0010621912,0.0010621912,-0.00018303164,-0.00018303164,-0.00018744551,-0.00018744551,-0.00018177043,-0.00018177043,-0.00018744551,-0.00018744551,1.0913685e-10,1.0913685e-10,-5.5405042e-20,-5.5405042e-20,0.00018744551,0.00018744551,-1.3598459e-15,-1.3598459e-15,1.1283701e-05,1.1283701e-05,1.12837e-05,1.12837e-05,6.0983617e-18,6.0983617e-18,-0.0010621912,-0.0010621912,-0.00018744551,-0.00018744551,-0.0010621912,-0.0010621912,-0.00018744551,-0.00018744551,7.1448478e-17,7.1448478e-17,1.4496089e-16,1.4496089e-16,-0.0012496367,-0.0012496367,2.7110749e-16,2.7110749e-16,-0.0012105786,-0.0012105786,2.3166244e-16,2.3166244e-16,7.2552143e-12,7.2552143e-12,0.00018744551,0.00018744551,7.2549421e-12,7.2549421e-12,0.00018744551,0.00018744551,0.00018744551,0.00018744551,-1.3379449e-15,-1.3379449e-15,-0.0010621912,-0.0010621912,-0.0010621912,-0.0010621912,-0.00018744551,-0.00018744551,-2.0018662e-06,-2.0018662e-06,3.4441996e-18,3.4441996e-18,1.7215486e-11,1.7215486e-11,-2.0018834e-06,-2.0018834e-06,-1.073924e-05,-1.073924e-05,-1.3231452e-15,-1.3231452e-15,0.047386321,0.047386321,-8.3436859e-14,-8.3436859e-14,0.059021054,0.059021054,-4.1730368e-14,-4.1730368e-14,-0.0010621912,-0.0010621912,0.0012496367,0.0012496367,-0.00021243824,-0.00021243824,-2.5519142e-16,-2.5519142e-16,-1.5894089e-14,-1.5894089e-14,1.591099e-14,1.591099e-14,-2.3219078e-18,-2.3219078e-18,-4.1715786e-18,-4.1715786e-18,-3.9058145e-05,-3.9058145e-05,-1.2770712e-17,-1.2770712e-17,1.6443413e-17,1.6443413e-17,-3.7444416e-17,-3.7444416e-17,1.7341658e-06,1.7341658e-06,8.2083768e-34,8.2083768e-34
-0.0010509639,-0.0010509639,0.0010509639,0.0010509639,1.7139068e-15,1.7139068e-15,1.3166167e-15,1.3166167e-15,0.0010509639,0.0010509639,-0.00017997923,-0.00017997923,-0.00018546422,-0.00018546422,-0.00017872908,-0.00017872908,-0.00018546422,-0.00018546422,1.1639907e-10,1.1639907e-10,-5.2787095e-20,-5.2787095e-20,0.00018546421,0.00018546421,-1.35628e-15,-1.35628e-15,1.1167849e-05,1.1167849e-05,1.1167848e-05,1.1167848e-05,6.051152e-18,6.051152e-18,-0.0010509639,-0.0010509639,-0.00018546422,-0.00018546422,-0.0010509639,-0.0010509639,-0.00018546422,-0.00018546422,6.9670151e-17,6.9670151e-17,1.4372948e-16,1.4372948e-16,-0.0012364281,-0.0012364281,2.6748278e-16,2.6748278e-16,-0.0011993229,-0.0011993229,2.286983e-16,2.286983e-16,-9.2560496e-12,-9.2560496e-12,0.00018546422,0.00018546422,-9.2563084e-12,-9.2563084e-12,0.00018546422,0.00018546422,0.00018546421,0.00018546421,-1.3346363e-15,-1.3346363e-15,-0.0010509639,-0.0010509639,-0.0010509639,-0.0010509639,-0.00018546422,-0.00018546422,-1.9813045e-06,-1.9813045e-06,3.4161053e-18,3.4161053e-18,-1.6511251e-11,-1.6511251e-11,-1.9812879e-06,-1.9812879e-06,-1.0684932e-05,-1.0684932e-05,-1.3199868e-15,-1.3199868e-15,0.046848418,0.046848418,-8.324043e-14,-8.324043e-14,0.058394487,0.058394487,-4.1633701e-14,-4.1633701e-14,-0.0010509639,-0.0010509639,0.0012364281,0.0012364281,-0.00021019278,-0.00021019278,-2.5479099e-16,-2.5479099e-16,-1.5914354e-14,-1.5914354e-14,1.5931097e-14,1.5931097e-14,-2.2963293e-18,-2.2963293e-18,-4.12923e-18,-4.12923e-18,-3.7105237e-05,-3.7105237e-05,-1.2637441e-17,-1.2637441e-17,1.6267529e-17,1.6267529e-17,-3.7032215e-17,-3.7032215e-17,1.7189616e-06,1.7189616e-06,8.0817955e-34,8.0817955e-34
-0.0010398519,-0.0010398519,0.0010398519,0.0010398519,1.7123889e-15,1.7123889e-15,1.3130485e-15,1.3130485e-15,0.0010398519,0.0010398519,-0.00017701457,-0.00017701457,-0.00018350328,-0.00018350328,-0.00017577539,-0.00017577539,-0.00018350328,-0.00018350328,1.0714996e-10,1.0714996e-10,-5.0298359e-20,-5.0298359e-20,0.00018350329,0.00018350329,-1.3527503e-15,-1.3527503e-15,1.1052604e-05,1.1052604e-05,1.1052604e-05,1.1052604e-05,6.0035594e-18,6.0035594e-18,-0.0010398519,-0.0010398519,-0.00018350328,-0.00018350328,-0.0010398519,-0.0010398519,-0.00018350328,-0.00018350328,6.7917511e-17,6.7917511e-17,1.4251581e-16,1.4251581e-16,-0.0012233552,-0.0012233552,2.6390968e-16,2.6390968e-16,-0.0011881052,-0.0011881052,2.2576674e-16,2.2576674e-16,6.619771e-12,6.619771e-12,0.00018350328,0.00018350328,6.6195249e-12,6.6195249e-12,0.00018350328,0.00018350328,0.00018350329,0.00018350329,-1.3313602e-15,-1.3313602e-15,-0.0010398519,-0.0010398519,-0.0010398519,-0.0010398519,-0.00018350328,-0.00018350328,-1.9609241e-06,-1.9609241e-06,3.3878819e-18,3.3878819e-18,1.5875833e-11,1.5875833e-11,-1.96094e-06,-1.96094e-06,-1.06282e-05,-1.06282e-05,-1.3168595e-15,-1.3168595e-15,0.046317914,0.046317914,-8.3045931e-14,-8.3045931e-14,0.057774503,0.057774503,-4.153798e-14,-4.153798e-14,-0.0010398519,-0.0010398519,0.0012233552,0.0012233552,-0.00020797038,-0.00020797038,-2.5439255e-16,-2.5439255e-16,-1.5934391e-14,-1.5934391e-14,1.5950977e-14,1.5950977e-14,-2.2710367e-18,-2.2710367e-18,-4.0872292e-18,-4.0872292e-18,-3.5249976e-05,-3.5249976e-05,-1.2505467e-17,-1.2505467e-17,1.6093559e-17,1.6093559e-17,-3.6625079e-17,-3.6625079e-17,1.7038657e-06,1.7038657e-06,7.9551743e-34,7.9551743e-34
-0.0010288546,-0.0010288546,0.0010288546,0.0010288546,1.7115215e-15,1.7115215e-15,1.309516e-15,1.309516e-15,0.0010288546,0.0010288546,-0.000174134,-0.000174134,-0.00018156257,-0.00018156257,-0.00017290572,-0.00017290572,-0.00018156257,-0.00018156257,1.1377659e-10,1.1377659e-10,-4.7932399e-20,-4.7932399e-20,0.00018156256,0.00018156256,-1.3492567e-15,-1.3492567e-15,1.09388e-05,1.09388e-05,1.0938799e-05,1.0938799e-05,5.955623e-18,5.955623e-18,-0.0010288546,-0.0010288546,-0.00018156257,-0.00018156257,-0.0010288546,-0.0010288546,-0.00018156257,-0.00018156257,6.6189953e-17,6.6189953e-17,1.4131953e-16,1.4131953e-16,-0.0012104171,-0.0012104171,2.6038705e-16,2.6038705e-16,-0.0011769296,-0.0011769296,2.2286739e-16,2.2286739e-16,-8.6050798e-12,-8.6050798e-12,0.00018156257,0.00018156257,-8.6053138e-12,-8.6053138e-12,0.00018156257,0.00018156257,0.00018156256,0.00018156256,-1.3281162e-15,-1.3281162e-15,-0.0010288546,-0.0010288546,-0.0010288546,-0.0010288546,-0.00018156257,-0.00018156257,-1.9407251e-06,-1.9407251e-06,3.3595453e-18,3.3595453e-18,-1.5224839e-11,-1.5224839e-11,-1.9407098e-06,-1.9407098e-06,-1.0569222e-05,-1.0569222e-05,-1.3137632e-15,-1.3137632e-15,0.045794644,0.045794644,-8.2853352e-14,-8.2853352e-14,0.057161034,0.057161034,-4.1443201e-14,-4.1443201e-14,-0.0010288546,-0.0010288546,0.0012104171,0.0012104171,-0.00020577091,-0.00020577091,-2.539962e-16,-2.539962e-16,-1.5954202e-14,-1.5954202e-14,1.5970634e-14,1.5970634e-14,-2.246027e-18,-2.246027e-18,-4.0455777e-18,-4.0455777e-18,-3.3487477e-05,-3.3487477e-05,-1.2374782e-17,-1.2374782e-17,1.592148e-17,1.592148e-17,-3.6222922e-17,-3.6222922e-17,1.6888779e-06,1.6888779e-06,7.8286606e-34,7.8286606e-34
-0.0010179705,-0.0010179705,0.0010179705,0.0010179705,1.7100037e-15,1.7100037e-15,1.3060188e-15,1.3060188e-15,0.0010179705,0.0010179705,-0.00017133395,-0.00017133395,-0.00017964185,-0.00017964185,-0.00017011649,-0.00017011649,-0.00017964185,-0.00017964185,1.0517829e-10,1.0517829e-10,-4.56831e-20,-4.56831e-20,0.00017964185,0.00017964185,-1.3457987e-15,-1.3457987e-15,1.0825633e-05,1.0825633e-05,1.0825633e-05,1.0825633e-05,5.907398e-18,5.907398e-18,-0.0010179705,-0.0010179705,-0.00017964185,-0.00017964185,-0.0010179705,-0.0010179705,-0.00017964185,-0.00017964185,6.448689e-17,6.448689e-17,1.4014016e-16,1.4014016e-16,-0.0011976123,-0.0011976123,2.5691369e-16,2.5691369e-16,-0.0011657992,-0.0011657992,2.1999983e-16,2.1999983e-16,6.0353785e-12,6.0353785e-12,0.00017964185,0.00017964185,6.0351558e-12,6.0351558e-12,0.00017964185,0.00017964185,0.00017964185,0.00017964185,-1.3249041e-15,-1.3249041e-15,-0.0010179705,-0.0010179705,-0.0010179705,-0.0010179705,-0.00017964185,-0.00017964185,-1.9207072e-06,-1.9207072e-06,3.3311241e-18,3.3311241e-18,1.464047e-11,1.464047e-11,-1.9207219e-06,-1.9207219e-06,-1.0508163e-05,-1.0508163e-05,-1.3106976e-15,-1.3106976e-15,0.045278454,0.045278454,-8.2662677e-14,-8.2662677e-14,0.056554016,0.056554016,-4.1349357e-14,-4.1349357e-14,-0.0010179705,-0.0010179705,0.0011976123,0.0011976123,-0.00020359409,-0.00020359409,-2.5360202e-16,-2.5360202e-16,-1.5973791e-14,-1.5973791e-14,1.5990069e-14,1.5990069e-14,-2.2212971e-18,-2.2212971e-18,-4.0042766e-18,-4.0042766e-18,-3.1813103e-05,-3.1813103e-05,-1.2245376e-17,-1.2245376e-17,1.5751271e-17,1.5751271e-17,-3.5825659e-17,-3.5825659e-17,1.6739978e-06,1.6739978e-06,7.7023995e-34,7.7023995e-34
-0.001007199,-0.001007199,0.001007199,0.001007199,1.7082689e-15,1.7082689e-15,1.3025567e-15,1.3025567e-15,0.001007199,0.001007199,-0.00016861112,-0.00016861112,-0.00017774099,-0.00017774099,-0.00016740441,-0.00016740441,-0.00017774099,-0.00017774099,1.1122038e-10,1.1122038e-10,-4.3544651e-20,-4.3544651e-20,0.00017774098,0.00017774098,-1.3423762e-15,-1.3423762e-15,1.0713873e-05,1.0713873e-05,1.0713873e-05,1.0713873e-05,5.8589188e-18,5.8589188e-18,-0.0010071989,-0.0010071989,-0.00017774099,-0.00017774099,-0.0010071989,-0.0010071989,-0.00017774099,-0.00017774099,6.2807763e-17,6.2807763e-17,1.3897738e-16,1.3897738e-16,-0.0011849399,-0.0011849399,2.5348853e-16,2.5348853e-16,-0.0011547175,-0.0011547175,2.1716371e-16,2.1716371e-16,-8.0032443e-12,-8.0032443e-12,0.00017774099,0.00017774099,-8.0034561e-12,-8.0034561e-12,0.00017774099,0.00017774099,0.00017774098,0.00017774098,-1.3217237e-15,-1.3217237e-15,-0.001007199,-0.001007199,-0.001007199,-0.001007199,-0.00017774099,-0.00017774099,-1.9008703e-06,-1.9008703e-06,3.3026323e-18,3.3026323e-18,-1.4038612e-11,-1.4038612e-11,-1.9008563e-06,-1.9008563e-06,-1.0445181e-05,-1.0445181e-05,-1.3076625e-15,-1.3076625e-15,0.044769191,0.044769191,-8.2473896e-14,-8.2473896e-14,0.055953384,0.055953384,-4.1256443e-14,-4.1256443e-14,-0.001007199,-0.001007199,0.0011849399,0.0011849399,-0.00020143979,-0.00020143979,-2.5321011e-16,-2.5321011e-16,-1.5993161e-14,-1.5993161e-14,1.6009286e-14,1.6009286e-14,-2.1968441e-18,-2.1968441e-18,-3.9633267e-18,-3.9633267e-18,-3.0222448e-05,-3.0222448e-05,-1.2117242e-17,-1.2117242e-17,1.5582908e-17,1.5582908e-17,-3.5433205e-17,-3.5433205e-17,1.6592253e-06,1.6592253e-06,7.5765173e-34,7.5765173e-34
-0.00099653865,-0.00099653865,0.00099653865,0.00099653865,1.7074016e-15,1.7074016e-15,1.2991294e-15,1.2991294e-15,0.00099653865,0.00099653865,-0.00016596227,-0.00016596227,-0.00017585976,-0.00017585976,-0.00016476622,-0.00016476622,-0.00017585976,-0.00017585976,1.0322378e-10,1.0322378e-10,-4.1511531e-20,-4.1511531e-20,0.00017585977,0.00017585977,-1.3389887e-15,-1.3389887e-15,1.0602777e-05,1.0602777e-05,1.0602777e-05,1.0602777e-05,5.8102349e-18,5.8102349e-18,-0.00099653866,-0.00099653866,-0.00017585976,-0.00017585976,-0.00099653866,-0.00099653866,-0.00017585976,-0.00017585976,6.1152029e-17,6.1152029e-17,1.3783074e-16,1.3783074e-16,-0.0011723984,-0.0011723984,2.5011046e-16,2.5011046e-16,-0.0011436871,-0.0011436871,2.1435861e-16,2.1435861e-16,5.4980206e-12,5.4980206e-12,0.00017585976,0.00017585976,5.4978192e-12,5.4978192e-12,0.00017585976,0.00017585976,0.00017585977,0.00017585977,-1.3185749e-15,-1.3185749e-15,-0.00099653865,-0.00099653865,-0.00099653865,-0.00099653865,-0.00017585976,-0.00017585976,-1.8812141e-06,-1.8812141e-06,3.2740953e-18,3.2740953e-18,1.3501275e-11,1.3501275e-11,-1.8812276e-06,-1.8812276e-06,-1.0380425e-05,-1.0380425e-05,-1.3046577e-15,-1.3046577e-15,0.044266712,0.044266712,-8.2286994e-14,-8.2286994e-14,0.055359074,0.055359074,-4.1164451e-14,-4.1164451e-14,-0.00099653865,-0.00099653865,0.0011723984,0.0011723984,-0.00019930773,-0.00019930773,-2.5282051e-16,-2.5282051e-16,-1.6012314e-14,-1.6012314e-14,1.6028287e-14,1.6028287e-14,-2.172665e-18,-2.172665e-18,-3.9227289e-18,-3.9227289e-18,-2.8711325e-05,-2.8711325e-05,-1.1990371e-17,-1.1990371e-17,1.5416372e-17,1.5416372e-17,-3.5045482e-17,-3.5045482e-17,1.64456e-06,1.64456e-06,7.4511384e-34,7.4511384e-34
-0.00098598889,-0.00098598889,0.00098598889,0.00098598889,1.7056669e-15,1.7056669e-15,1.2957368e-15,1.2957368e-15,0.00098598889,0.00098598889,-0.0001633844,-0.0001633844,-0.00017399804,-0.00017399804,-0.00016219895,-0.00016219895,-0.00017399804,-0.00017399804,1.0872837e-10,1.0872837e-10,-3.9578495e-20,-3.9578495e-20,0.00017399803,0.00017399803,-1.3356361e-15,-1.3356361e-15,1.0493052e-05,1.0493052e-05,1.0493052e-05,1.0493052e-05,5.7613767e-18,5.7613767e-18,-0.00098598888,-0.00098598888,-0.00017399804,-0.00017399804,-0.00098598888,-0.00098598888,-0.00017399804,-0.00017399804,5.9519168e-17,5.9519168e-17,1.3669995e-16,1.3669995e-16,-0.0011599869,-0.0011599869,2.4677849e-16,2.4677849e-16,-0.0011327112,-0.0011327112,2.1158421e-16,2.1158421e-16,-7.4467577e-12,-7.4467577e-12,0.00017399804,0.00017399804,-7.4469493e-12,-7.4469493e-12,0.00017399804,0.00017399804,0.00017399803,0.00017399803,-1.3154575e-15,-1.3154575e-15,-0.00098598889,-0.00098598889,-0.00098598889,-0.00098598889,-0.00017399804,-0.00017399804,-1.8617381e-06,-1.8617381e-06,3.2455252e-18,3.2455252e-18,-1.2944768e-11,-1.2944768e-11,-1.8617251e-06,-1.8617251e-06,-1.0314037e-05,-1.0314037e-05,-1.3016829e-15,-1.3016829e-15,0.043770875,0.043770875,-8.210196e-14,-8.210196e-14,0.054771023,0.054771023,-4.1073376e-14,-4.1073376e-14,-0.00098598889,-0.00098598889,0.0011599869,0.0011599869,-0.00019719778,-0.00019719778,-2.5243331e-16,-2.5243331e-16,-1.6031253e-14,-1.6031253e-14,1.6047075e-14,1.6047075e-14,-2.1487567e-18,-2.1487567e-18,-3.8824835e-18,-3.8824835e-18,-2.7275759e-05,-2.7275759e-05,-1.1864753e-17,-1.1864753e-17,1.5251641e-17,1.5251641e-17,-3.4662412e-17,-3.4662412e-17,1.6300017e-06,1.6300017e-06,7.3263704e-34,7.3263704e-34
-0.0009755483,-0.0009755483,0.0009755483,0.0009755483,1.7043658e-15,1.7043658e-15,1.2923784e-15,1.2923784e-15,0.0009755483,0.0009755483,-0.00016087458,-0.00016087458,-0.00017215558,-0.00017215558,-0.00015969964,-0.00015969964,-0.00017215558,-0.00017215558,1.0128811e-10,1.0128811e-10,-3.774056e-20,-3.774056e-20,0.00017215559,0.00017215559,-1.3323179e-15,-1.3323179e-15,1.0384014e-05,1.0384014e-05,1.0384014e-05,1.0384014e-05,5.7123882e-18,5.7123882e-18,-0.00097554831,-0.00097554831,-0.00017215558,-0.00017215558,-0.00097554831,-0.00097554831,-0.00017215558,-0.00017215558,5.7908677e-17,5.7908677e-17,1.3558459e-16,1.3558459e-16,-0.0011477039,-0.0011477039,2.4349158e-16,2.4349158e-16,-0.0011217919,-0.0011217919,2.088401e-16,2.088401e-16,5.0039957e-12,5.0039957e-12,0.00017215558,0.00017215558,5.0038134e-12,5.0038134e-12,0.00017215558,0.00017215558,0.00017215559,0.00017215559,-1.3123711e-15,-1.3123711e-15,-0.0009755483,-0.0009755483,-0.0009755483,-0.0009755483,-0.00017215558,-0.00017215558,-1.8424418e-06,-1.8424418e-06,3.216945e-18,3.216945e-18,1.2450763e-11,1.2450763e-11,-1.8424542e-06,-1.8424542e-06,-1.0246149e-05,-1.0246149e-05,-1.298738e-15,-1.298738e-15,0.043281546,0.043281546,-8.1918778e-14,-8.1918778e-14,0.054189167,0.054189167,-4.098321e-14,-4.098321e-14,-0.0009755483,-0.0009755483,0.0011477039,0.0011477039,-0.00019510966,-0.00019510966,-2.5204857e-16,-2.5204857e-16,-1.6049981e-14,-1.6049981e-14,1.6065653e-14,1.6065653e-14,-2.1251163e-18,-2.1251163e-18,-3.8425907e-18,-3.8425907e-18,-2.5911971e-05,-2.5911971e-05,-1.174038e-17,-1.174038e-17,1.5088694e-17,1.5088694e-17,-3.4283918e-17,-3.4283918e-17,1.61555e-06,1.61555e-06,7.2023191e-34,7.2023191e-34
-0.00096521621,-0.00096521621,0.00096521621,0.00096521621,1.7029564e-15,1.7029564e-15,1.289054e-15,1.289054e-15,0.00096521621,0.00096521621,-0.0001584301,-0.0001584301,-0.00017033227,-0.00017033227,-0.00015726558,-0.00015726558,-0.00017033227,-0.00017033227,1.0629853e-10,1.0629853e-10,-3.5992989e-20,-3.5992989e-20,0.00017033226,0.00017033226,-1.329034e-15,-1.329034e-15,1.0276314e-05,1.0276314e-05,1.0276314e-05,1.0276314e-05,5.6632962e-18,5.6632962e-18,-0.0009652162,-0.0009652162,-0.00017033227,-0.00017033227,-0.0009652162,-0.0009652162,-0.00017033227,-0.00017033227,5.6320073e-17,5.6320073e-17,1.3448438e-16,1.3448438e-16,-0.0011355485,-0.0011355485,2.4024882e-16,2.4024882e-16,-0.0011109321,-0.0011109321,2.0612596e-16,2.0612596e-16,-6.9321276e-12,-6.9321276e-12,0.00017033227,0.00017033227,-6.932301e-12,-6.932301e-12,0.00017033227,0.00017033227,0.00017033226,0.00017033226,-1.3093155e-15,-1.3093155e-15,-0.00096521621,-0.00096521621,-0.00096521621,-0.00096521621,-0.00017033227,-0.00017033227,-1.8233248e-06,-1.8233248e-06,3.1883651e-18,3.1883651e-18,-1.1936114e-11,-1.1936114e-11,-1.8233128e-06,-1.8233128e-06,-1.0176887e-05,-1.0176887e-05,-1.2958228e-15,-1.2958228e-15,0.042798592,0.042798592,-8.1737435e-14,-8.1737435e-14,0.053613443,0.053613443,-4.0893947e-14,-4.0893947e-14,-0.00096521621,-0.00096521621,0.0011355485,0.0011355485,-0.00019304324,-0.00019304324,-2.5166634e-16,-2.5166634e-16,-1.6068499e-14,-1.6068499e-14,1.6084024e-14,1.6084024e-14,-2.1017409e-18,-2.1017409e-18,-3.8030507e-18,-3.8030507e-18,-2.4616373e-05,-2.4616373e-05,-1.1617243e-17,-1.1617243e-17,1.492751e-17,1.492751e-17,-3.3909927e-17,-3.3909927e-17,1.6012047e-06,1.6012047e-06,7.0790752e-34,7.0790752e-34
-0.00095499128,-0.00095499128,0.00095499128,0.00095499128,1.7015469e-15,1.7015469e-15,1.2857635e-15,1.2857635e-15,0.00095499128,0.00095499128,-0.00015604827,-0.00015604827,-0.00016852787,-0.00016852787,-0.00015489412,-0.00015489412,-0.00016852787,-0.00016852787,9.937276e-11,9.937276e-11,-3.4331285e-20,-3.4331285e-20,0.00016852788,0.00016852788,-1.3257838e-15,-1.3257838e-15,1.016932e-05,1.016932e-05,1.016932e-05,1.016932e-05,5.6141401e-18,5.6141401e-18,-0.00095499128,-0.00095499128,-0.00016852787,-0.00016852787,-0.00095499128,-0.00095499128,-0.00016852787,-0.00016852787,5.4752888e-17,5.4752888e-17,1.3339895e-16,1.3339895e-16,-0.0011235192,-0.0011235192,2.3704923e-16,2.3704923e-16,-0.0011001336,-0.0011001336,2.034414e-16,2.034414e-16,4.5498918e-12,4.5498918e-12,0.00016852787,0.00016852787,4.5497268e-12,4.5497268e-12,0.00016852787,0.00016852787,0.00016852788,0.00016852788,-1.3062906e-15,-1.3062906e-15,-0.00095499128,-0.00095499128,-0.00095499128,-0.00095499128,-0.00016852787,-0.00016852787,-1.8043864e-06,-1.8043864e-06,3.1598059e-18,3.1598059e-18,1.1482028e-11,1.1482028e-11,-1.8043978e-06,-1.8043978e-06,-1.0106373e-05,-1.0106373e-05,-1.2929369e-15,-1.2929369e-15,0.04232189,0.04232189,-8.1557917e-14,-8.1557917e-14,0.05304379,0.05304379,-4.0805581e-14,-4.0805581e-14,-0.00095499128,-0.00095499128,0.0011235192,0.0011235192,-0.00019099826,-0.00019099826,-2.5128668e-16,-2.5128668e-16,-1.6086812e-14,-1.6086812e-14,1.6102189e-14,1.6102189e-14,-2.0786275e-18,-2.0786275e-18,-3.7638632e-18,-3.7638632e-18,-2.3385554e-05,-2.3385554e-05,-1.1495332e-17,-1.1495332e-17,1.476807e-17,1.476807e-17,-3.3540367e-17,-3.3540367e-17,1.5869655e-06,1.5869655e-06,6.9567279e-34,6.9567279e-34
-0.0009448728,-0.0009448728,0.0009448728,0.0009448728,1.7004627e-15,1.7004627e-15,1.2825064e-15,1.2825064e-15,0.0009448728,0.0009448728,-0.00015372665,-0.00015372665,-0.00016674226,-0.00016674226,-0.00015258278,-0.00015258278,-0.00016674226,-0.00016674226,1.0392894e-10,1.0392894e-10,-3.2751173e-20,-3.2751173e-20,0.00016674225,0.00016674225,-1.3225673e-15,-1.3225673e-15,1.0063631e-05,1.0063631e-05,1.0063631e-05,1.0063631e-05,5.5649433e-18,5.5649433e-18,-0.0009448728,-0.0009448728,-0.00016674226,-0.00016674226,-0.0009448728,-0.0009448728,-0.00016674226,-0.00016674226,5.3206674e-17,5.3206674e-17,1.3232803e-16,1.3232803e-16,-0.0011116151,-0.0011116151,2.3389198e-16,2.3389198e-16,-0.0010893988,-0.0010893988,2.007861e-16,2.007861e-16,-6.4561321e-12,-6.4561321e-12,0.00016674226,0.00016674226,-6.456289e-12,-6.456289e-12,0.00016674226,0.00016674226,0.00016674225,0.00016674225,-1.3032961e-15,-1.3032961e-15,-0.0009448728,-0.0009448728,-0.0009448728,-0.0009448728,-0.00016674226,-0.00016674226,-1.7856259e-06,-1.7856259e-06,3.1312764e-18,3.1312764e-18,-1.1006016e-11,-1.1006016e-11,-1.7856149e-06,-1.7856149e-06,-1.0034717e-05,-1.0034717e-05,-1.2900802e-15,-1.2900802e-15,0.041851315,0.041851315,-8.1380211e-14,-8.1380211e-14,0.052480145,0.052480145,-4.0718105e-14,-4.0718105e-14,-0.0009448728,-0.0009448728,0.0011116151,0.0011116151,-0.00018897456,-0.00018897456,-2.5090964e-16,-2.5090964e-16,-1.6104921e-14,-1.6104921e-14,1.6120152e-14,1.6120152e-14,-2.0557734e-18,-2.0557734e-18,-3.7250279e-18,-3.7250279e-18,-2.2216276e-05,-2.2216276e-05,-1.1374638e-17,-1.1374638e-17,1.4610353e-17,1.4610353e-17,-3.3175169e-17,-3.3175169e-17,1.5728319e-06,1.5728319e-06,6.8353531e-34,6.8353531e-34
-0.00093485949,-0.00093485949,0.00093485949,0.00093485949,1.6991616e-15,1.6991616e-15,1.2792825e-15,1.2792825e-15,0.00093485949,0.00093485949,-0.00015146282,-0.00015146282,-0.0001649752,-0.0001649752,-0.00015032914,-0.00015032914,-0.0001649752,-0.0001649752,9.7479032e-11,9.7479032e-11,-3.1248592e-20,-3.1248592e-20,0.00016497521,0.00016497521,-1.319384e-15,-1.319384e-15,9.9586639e-06,9.9586639e-06,9.9586638e-06,9.9586638e-06,5.5157409e-18,5.5157409e-18,-0.00093485949,-0.00093485949,-0.0001649752,-0.0001649752,-0.00093485949,-0.00093485949,-0.0001649752,-0.0001649752,5.1680996e-17,5.1680996e-17,1.3127128e-16,1.3127128e-16,-0.0010998347,-0.0010998347,2.3077616e-16,2.3077616e-16,-0.0010787292,-0.0010787292,1.981597e-16,1.981597e-16,4.132564e-12,4.132564e-12,0.0001649752,0.0001649752,4.1324147e-12,4.1324147e-12,0.0001649752,0.0001649752,0.00016497521,0.00016497521,-1.3003318e-15,-1.3003318e-15,-0.00093485949,-0.00093485949,-0.00093485949,-0.00093485949,-0.0001649752,-0.0001649752,-1.7670428e-06,-1.7670428e-06,3.1027949e-18,3.1027949e-18,1.0588704e-11,1.0588704e-11,-1.7670534e-06,-1.7670534e-06,-9.9620276e-06,-9.9620276e-06,-1.2872524e-15,-1.2872524e-15,0.041386751,0.041386751,-8.1204302e-14,-8.1204302e-14,0.051922447,0.051922447,-4.0631511e-14,-4.0631511e-14,-0.00093485949,-0.00093485949,0.0010998347,0.0010998347,-0.0001869719,-0.0001869719,-2.5053525e-16,-2.5053525e-16,-1.6122828e-14,-1.6122828e-14,1.6137915e-14,1.6137915e-14,-2.0331755e-18,-2.0331755e-18,-3.6865443e-18,-3.6865443e-18,-2.1105462e-05,-2.1105462e-05,-1.1255153e-17,-1.1255153e-17,1.445434e-17,1.445434e-17,-3.2814265e-17,-3.2814265e-17,1.5588038e-06,1.5588038e-06,6.7150253e-34,6.7150253e-34
-0.00092495062,-0.00092495062,0.00092495062,0.00092495062,1.697969e-15,1.697969e-15,1.2760916e-15,1.2760916e-15,0.00092495062,0.00092495062,-0.00014925452,-0.00014925452,-0.00016322658,-0.00016322658,-0.00014813097,-0.00014813097,-0.00016322658,-0.00016322658,1.0161775e-10,1.0161775e-10,-2.9819683e-20,-2.9819683e-20,0.00016322657,0.00016322657,-1.3162338e-15,-1.3162338e-15,9.8549694e-06,9.8549694e-06,9.8549693e-06,9.8549693e-06,5.4665534e-18,5.4665534e-18,-0.00092495061,-0.00092495061,-0.00016322658,-0.00016322658,-0.00092495061,-0.00092495061,-0.00016322658,-0.00016322658,5.0175435e-17,5.0175435e-17,1.3022844e-16,1.3022844e-16,-0.0010881772,-0.0010881772,2.2770098e-16,2.2770098e-16,-0.001068127,-0.001068127,1.9556187e-16,1.9556187e-16,-6.0157988e-12,-6.0157988e-12,0.00016322658,0.00016322658,-6.0159409e-12,-6.0159409e-12,0.00016322658,0.00016322658,0.00016322657,0.00016322657,-1.2973975e-15,-1.2973975e-15,-0.00092495062,-0.00092495062,-0.00092495062,-0.00092495062,-0.00016322658,-0.00016322658,-1.7486361e-06,-1.7486361e-06,3.074369e-18,3.074369e-18,-1.0148356e-11,-1.0148356e-11,-1.748626e-06,-1.748626e-06,-9.8884049e-06,-9.8884049e-06,-1.2844534e-15,-1.2844534e-15,0.040928083,0.040928083,-8.1030175e-14,-8.1030175e-14,0.051370637,0.051370637,-4.0545794e-14,-4.0545794e-14,-0.00092495062,-0.00092495062,0.0010881772,0.0010881772,-0.00018499012,-0.00018499012,-2.5016356e-16,-2.5016356e-16,-1.6140537e-14,-1.6140537e-14,1.615548e-14,1.615548e-14,-2.0108311e-18,-2.0108311e-18,-3.6484118e-18,-3.6484118e-18,-2.0050189e-05,-2.0050189e-05,-1.1136866e-17,-1.1136866e-17,1.4300011e-17,1.4300011e-17,-3.245759e-17,-3.245759e-17,1.5448807e-06,1.5448807e-06,6.5958069e-34,6.5958069e-34
-0.00091514492,-0.00091514492,0.00091514492,0.00091514492,1.6964511e-15,1.6964511e-15,1.2729333e-15,1.2729333e-15,0.00091514492,0.00091514492,-0.00014709958,-0.00014709958,-0.00016149616,-0.00016149616,-0.00014598608,-0.00014598608,-0.00016149616,-0.00016149616,9.5608042e-11,9.5608042e-11,-2.8460779e-20,-2.8460779e-20,0.00016149617,0.00016149617,-1.3131161e-15,-1.3131161e-15,9.752009e-06,9.752009e-06,9.7520089e-06,9.7520089e-06,5.4174119e-18,5.4174119e-18,-0.00091514493,-0.00091514493,-0.00016149616,-0.00016149616,-0.00091514493,-0.00091514493,-0.00016149616,-0.00016149616,4.8689585e-17,4.8689585e-17,1.291992e-16,1.291992e-16,-0.0010766411,-0.0010766411,2.246656e-16,2.246656e-16,-0.0010575934,-0.0010575934,1.9299226e-16,1.9299226e-16,3.7491138e-12,3.7491138e-12,0.00016149616,0.00016149616,3.7489786e-12,3.7489786e-12,0.00016149616,0.00016149616,0.00016149617,0.00016149617,-1.2944929e-15,-1.2944929e-15,-0.00091514492,-0.00091514492,-0.00091514492,-0.00091514492,-0.00016149616,-0.00016149616,-1.7304052e-06,-1.7304052e-06,3.0460151e-18,3.0460151e-18,9.7649194e-12,9.7649194e-12,-1.7304149e-06,-1.7304149e-06,-9.8139442e-06,-9.8139442e-06,-1.2816828e-15,-1.2816828e-15,0.040475202,0.040475202,-8.0857817e-14,-8.0857817e-14,0.050824653,0.050824653,-4.0460945e-14,-4.0460945e-14,-0.00091514492,-0.00091514492,0.0010766411,0.0010766411,-0.00018302898,-0.00018302898,-2.497946e-16,-2.497946e-16,-1.6158049e-14,-1.6158049e-14,1.617285e-14,1.617285e-14,-1.9887373e-18,-1.9887373e-18,-3.6106295e-18,-3.6106295e-18,-1.904768e-05,-1.904768e-05,-1.1019768e-17,-1.1019768e-17,1.4147348e-17,1.4147348e-17,-3.2105077e-17,-3.2105077e-17,1.5310623e-06,1.5310623e-06,6.4777595e-34,6.4777595e-34
-0.00090544167,-0.00090544167,0.00090544167,0.00090544167,1.6952585e-15,1.6952585e-15,1.2698074e-15,1.2698074e-15,0.00090544167,0.00090544167,-0.00014499596,-0.00014499596,-0.00015978382,-0.00015978382,-0.00014389243,-0.00014389243,-0.00015978382,-0.00015978382,9.936318e-11,9.936318e-11,-2.7168399e-20,-2.7168399e-20,0.00015978382,0.00015978382,-1.3100309e-15,-1.3100309e-15,9.6502903e-06,9.6502903e-06,9.6502902e-06,9.6502902e-06,5.3683344e-18,5.3683344e-18,-0.00090544167,-0.00090544167,-0.00015978382,-0.00015978382,-0.00090544167,-0.00090544167,-0.00015978382,-0.00015978382,4.7223058e-17,4.7223058e-17,1.2818331e-16,1.2818331e-16,-0.0010652255,-0.0010652255,2.2166927e-16,2.2166927e-16,-0.0010471302,-0.0010471302,1.9045058e-16,1.9045058e-16,-5.6083854e-12,-5.6083854e-12,0.00015978382,0.00015978382,-5.6085141e-12,-5.6085141e-12,0.00015978382,0.00015978382,0.00015978382,0.00015978382,-1.2916177e-15,-1.2916177e-15,-0.00090544167,-0.00090544167,-0.00090544167,-0.00090544167,-0.00015978382,-0.00015978382,-1.712349e-06,-1.712349e-06,3.0177398e-18,3.0177398e-18,-9.3574927e-12,-9.3574927e-12,-1.7123397e-06,-1.7123397e-06,-9.7387357e-06,-9.7387357e-06,-1.2789405e-15,-1.2789405e-15,0.040027999,0.040027999,-8.0687214e-14,-8.0687214e-14,0.050284436,0.050284436,-4.0376958e-14,-4.0376958e-14,-0.00090544167,-0.00090544167,0.0010652255,0.0010652255,-0.00018108833,-0.00018108833,-2.4942841e-16,-2.4942841e-16,-1.6175368e-14,-1.6175368e-14,1.6190027e-14,1.6190027e-14,-1.9668914e-18,-1.9668914e-18,-3.5731965e-18,-3.5731965e-18,-1.8095296e-05,-1.8095296e-05,-1.090385e-17,-1.090385e-17,1.3996331e-17,1.3996331e-17,-3.1756666e-17,-3.1756666e-17,1.5173482e-06,1.5173482e-06,6.3609339e-34,6.3609339e-34
-0.00089583964,-0.00089583964,0.00089583964,0.00089583964,1.6940659e-15,1.6940659e-15,1.2667136e-15,1.2667136e-15,0.00089583964,0.00089583964,-0.00014294166,-0.00014294166,-0.00015808935,-0.00015808935,-0.00014184803,-0.00014184803,-0.00015808935,-0.00015808935,9.3760754e-11,9.3760754e-11,-2.5939232e-20,-2.5939232e-20,0.00015808935,0.00015808935,-1.3069776e-15,-1.3069776e-15,9.5493157e-06,9.5493157e-06,9.5493156e-06,9.5493156e-06,5.3193485e-18,5.3193485e-18,-0.00089583964,-0.00089583964,-0.00015808935,-0.00015808935,-0.00089583964,-0.00089583964,-0.00015808935,-0.00015808935,4.5775474e-17,4.5775474e-17,1.2718049e-16,1.2718049e-16,-0.001053929,-0.001053929,2.1871122e-16,2.1871122e-16,-0.0010367385,-0.0010367385,1.8793647e-16,1.8793647e-16,3.3968692e-12,3.3968692e-12,0.00015808935,0.00015808935,3.3967468e-12,3.3967468e-12,0.00015808935,0.00015808935,0.00015808935,0.00015808935,-1.2887718e-15,-1.2887718e-15,-0.00089583964,-0.00089583964,-0.00089583964,-0.00089583964,-0.00015808935,-0.00015808935,-1.6944668e-06,-1.6944668e-06,2.9895573e-18,2.9895573e-18,9.0052609e-12,9.0052609e-12,-1.6944758e-06,-1.6944758e-06,-9.6628642e-06,-9.6628642e-06,-1.2762262e-15,-1.2762262e-15,0.039586373,0.039586373,-8.051835e-14,-8.051835e-14,0.049749926,0.049749926,-4.0293826e-14,-4.0293826e-14,-0.00089583964,-0.00089583964,0.001053929,0.001053929,-0.00017916793,-0.00017916793,-2.4906501e-16,-2.4906501e-16,-1.6192494e-14,-1.6192494e-14,1.6207013e-14,1.6207013e-14,-1.9452906e-18,-1.9452906e-18,-3.5361117e-18,-3.5361117e-18,-1.7190531e-05,-1.7190531e-05,-1.0789102e-17,-1.0789102e-17,1.3846942e-17,1.3846942e-17,-3.1412295e-17,-3.1412295e-17,1.5037381e-06,1.5037381e-06,6.2453802e-34,6.2453802e-34
-0.00088633807,-0.00088633807,0.00088633807,0.00088633807,1.6928733e-15,1.6928733e-15,1.2636516e-15,1.2636516e-15,0.00088633807,0.00088633807,-0.00014093484,-0.00014093484,-0.0001564126,-0.0001564126,-0.00013985104,-0.00013985104,-0.0001564126,-0.0001564126,9.7163518e-11,9.7163518e-11,-2.4770134e-20,-2.4770134e-20,0.00015641259,0.00015641259,-1.3039562e-15,-1.3039562e-15,9.4495523e-06,9.4495523e-06,9.4495523e-06,9.4495523e-06,5.2704697e-18,5.2704697e-18,-0.00088633806,-0.00088633806,-0.0001564126,-0.0001564126,-0.00088633806,-0.00088633806,-0.0001564126,-0.0001564126,4.4346468e-17,4.4346468e-17,1.2619051e-16,1.2619051e-16,-0.0010427507,-0.0010427507,2.1579075e-16,2.1579075e-16,-0.0010264197,-0.0010264197,1.8544963e-16,1.8544963e-16,-5.2313621e-12,-5.2313621e-12,0.0001564126,0.0001564126,-5.2314786e-12,-5.2314786e-12,0.0001564126,0.0001564126,0.00015641259,0.00015641259,-1.2859548e-15,-1.2859548e-15,-0.00088633807,-0.00088633807,-0.00088633807,-0.00088633807,-0.0001564126,-0.0001564126,-1.6767576e-06,-1.6767576e-06,2.9614734e-18,2.9614734e-18,-8.6282254e-12,-8.6282254e-12,-1.676749e-06,-1.676749e-06,-9.5864102e-06,-9.5864102e-06,-1.2735396e-15,-1.2735396e-15,0.039150222,0.039150222,-8.0351211e-14,-8.0351211e-14,0.049221067,0.049221067,-4.0211542e-14,-4.0211542e-14,-0.00088633807,-0.00088633807,0.0010427507,0.0010427507,-0.00017726761,-0.00017726761,-2.4870444e-16,-2.4870444e-16,-1.6209432e-14,-1.6209432e-14,1.6223812e-14,1.6223812e-14,-1.9239321e-18,-1.9239321e-18,-3.499374e-18,-3.499374e-18,-1.6331005e-05,-1.6331005e-05,-1.0675514e-17,-1.0675514e-17,1.3699163e-17,1.3699163e-17,-3.1071904e-17,-3.1071904e-17,1.4902316e-06,1.4902316e-06,6.1311388e-34,6.1311388e-34
-0.00087693576,-0.00087693576,0.00087693576,0.00087693576,1.6917891e-15,1.6917891e-15,1.2606212e-15,1.2606212e-15,0.00087693576,0.00087693576,-0.00013897369,-0.00013897369,-0.00015475337,-0.00015475337,-0.00013789963,-0.00013789963,-0.00015475337,-0.00015475337,9.1937988e-11,9.1937988e-11,-2.3658118e-20,-2.3658118e-20,0.00015475337,0.00015475337,-1.3009662e-15,-1.3009662e-15,9.3505406e-06,9.3505406e-06,9.3505405e-06,9.3505405e-06,5.2217226e-18,5.2217226e-18,-0.00087693577,-0.00087693577,-0.00015475337,-0.00015475337,-0.00087693577,-0.00087693577,-0.00015475337,-0.00015475337,4.2935687e-17,4.2935687e-17,1.252131e-16,1.252131e-16,-0.0010316891,-0.0010316891,2.1290712e-16,2.1290712e-16,-0.0010161747,-0.0010161747,1.8298974e-16,1.8298974e-16,3.0733679e-12,3.0733679e-12,0.00015475337,0.00015475337,3.073257e-12,3.073257e-12,0.00015475337,0.00015475337,0.00015475337,0.00015475337,-1.2831666e-15,-1.2831666e-15,-0.00087693576,-0.00087693576,-0.00087693576,-0.00087693576,-0.00015475337,-0.00015475337,-1.6592204e-06,-1.6592204e-06,2.9335008e-18,2.9335008e-18,8.3047356e-12,8.3047356e-12,-1.6592287e-06,-1.6592287e-06,-9.5094491e-06,-9.5094491e-06,-1.2708806e-15,-1.2708806e-15,0.038719451,0.038719451,-8.0185782e-14,-8.0185782e-14,0.048697798,0.048697798,-4.0130099e-14,-4.0130099e-14,-0.00087693576,-0.00087693576,0.0010316891,0.0010316891,-0.00017538715,-0.00017538715,-2.483467e-16,-2.483467e-16,-1.6226182e-14,-1.6226182e-14,1.6240424e-14,1.6240424e-14,-1.9028132e-18,-1.9028132e-18,-3.4629819e-18,-3.4629819e-18,-1.5514454e-05,-1.5514454e-05,-1.0563078e-17,-1.0563078e-17,1.3552975e-17,1.3552975e-17,-3.0735436e-17,-3.0735436e-17,1.4768283e-06,1.4768283e-06,6.0182495e-34,6.0182495e-34
-0.00086763197,-0.00086763197,0.00086763197,0.00086763197,1.690488e-15,1.690488e-15,1.257622e-15,1.257622e-15,0.00086763197,0.00086763197,-0.00013705653,-0.00013705653,-0.00015311152,-0.00015311152,-0.00013599214,-0.00013599214,-0.00015311152,-0.00015311152,9.5017126e-11,9.5017126e-11,-2.2600345e-20,-2.2600345e-20,0.00015311152,0.00015311152,-1.2980074e-15,-1.2980074e-15,9.2527104e-06,9.2527104e-06,9.2527104e-06,9.2527104e-06,5.1731206e-18,5.1731206e-18,-0.00086763197,-0.00086763197,-0.00015311152,-0.00015311152,-0.00086763197,-0.00086763197,-0.00015311152,-0.00015311152,4.154279e-17,4.154279e-17,1.2424804e-16,1.2424804e-16,-0.0010207435,-0.0010207435,2.100597e-16,2.100597e-16,-0.0010060048,-0.0010060048,1.8055649e-16,1.8055649e-16,-4.8823947e-12,-4.8823947e-12,0.00015311152,0.00015311152,-4.8825003e-12,-4.8825003e-12,0.00015311152,0.00015311152,0.00015311152,0.00015311152,-1.280407e-15,-1.280407e-15,-0.00086763197,-0.00086763197,-0.00086763197,-0.00086763197,-0.00015311152,-0.00015311152,-1.6418543e-06,-1.6418543e-06,2.9056442e-18,2.9056442e-18,-7.9557573e-12,-7.9557573e-12,-1.6418463e-06,-1.6418463e-06,-9.4320527e-06,-9.4320527e-06,-1.2682489e-15,-1.2682489e-15,0.038293964,0.038293964,-8.002205e-14,-8.002205e-14,0.048180063,0.048180063,-4.0049489e-14,-4.0049489e-14,-0.00086763197,-0.00086763197,0.0010207435,0.0010207435,-0.00017352639,-0.00017352639,-2.4799183e-16,-2.4799183e-16,-1.6242747e-14,-1.6242747e-14,1.6256852e-14,1.6256852e-14,-1.8819312e-18,-1.8819312e-18,-3.4269342e-18,-3.4269342e-18,-1.4738732e-05,-1.4738732e-05,-1.0451783e-17,-1.0451783e-17,1.340836e-17,1.340836e-17,-3.0402834e-17,-3.0402834e-17,1.4635278e-06,1.4635278e-06,5.9067439e-34,5.9067439e-34
-0.00085842553,-0.00085842553,0.00085842553,0.00085842553,1.6892954e-15,1.6892954e-15,1.2546538e-15,1.2546538e-15,0.00085842553,0.00085842553,-0.0001351817,-0.0001351817,-0.00015148686,-0.00015148686,-0.00013412692,-0.00013412692,-0.00015148686,-0.00015148686,9.0140439e-11,9.0140439e-11,-2.1594119e-20,-2.1594119e-20,0.00015148686,0.00015148686,-1.2950795e-15,-1.2950795e-15,9.1556372e-06,9.1556372e-06,9.1556372e-06,9.1556372e-06,5.1246854e-18,5.1246854e-18,-0.00085842553,-0.00085842553,-0.00015148686,-0.00015148686,-0.00085842553,-0.00085842553,-0.00015148686,-0.00015148686,4.0167445e-17,4.0167445e-17,1.2329508e-16,1.2329508e-16,-0.0010099124,-0.0010099124,2.0724779e-16,2.0724779e-16,-0.00099591059,-0.00099591059,1.7814958e-16,1.7814958e-16,2.7763401e-12,2.7763401e-12,0.00015148686,0.00015148686,2.7762396e-12,2.7762396e-12,0.00015148686,0.00015148686,0.00015148686,0.00015148686,-1.2776756e-15,-1.2776756e-15,-0.00085842553,-0.00085842553,-0.00085842553,-0.00085842553,-0.00015148686,-0.00015148686,-1.6246581e-06,-1.6246581e-06,2.8779149e-18,2.8779149e-18,7.6587399e-12,7.6587399e-12,-1.6246657e-06,-1.6246657e-06,-9.3542879e-06,-9.3542879e-06,-1.2656442e-15,-1.2656442e-15,0.03787367,0.03787367,-7.9859998e-14,-7.9859998e-14,0.047667804,0.047667804,-3.9969706e-14,-3.9969706e-14,-0.00085842553,-0.00085842553,0.0010099124,0.0010099124,-0.00017168511,-0.00017168511,-2.4763984e-16,-2.4763984e-16,-1.625913e-14,-1.625913e-14,1.6273099e-14,1.6273099e-14,-1.8612834e-18,-1.8612834e-18,-3.3912293e-18,-3.3912293e-18,-1.4001795e-05,-1.4001795e-05,-1.0341619e-17,-1.0341619e-17,1.3265302e-17,1.3265302e-17,-3.0074041e-17,-3.0074041e-17,1.4503297e-06,1.4503297e-06,5.7966529e-34,5.7966529e-34
-0.00084931567,-0.00084931567,0.00084931567,0.00084931567,1.6879944e-15,1.6879944e-15,1.2517164e-15,1.2517164e-15,0.00084931567,0.00084931567,-0.00013334769,-0.00013334769,-0.00014987923,-0.00014987923,-0.00013230243,-0.00013230243,-0.00014987923,-0.00014987923,9.2922426e-11,9.2922426e-11,-2.0636878e-20,-2.0636878e-20,0.00014987923,0.00014987923,-1.2921821e-15,-1.2921821e-15,9.0597167e-06,9.0597167e-06,9.0597167e-06,9.0597167e-06,5.0764285e-18,5.0764285e-18,-0.00084931566,-0.00084931566,-0.00014987923,-0.00014987923,-0.00084931566,-0.00084931566,-0.00014987923,-0.00014987923,3.8809333e-17,3.8809333e-17,1.2235404e-16,1.2235404e-16,-0.0009991949,-0.0009991949,2.0447078e-16,2.0447078e-16,-0.00098589319,-0.00098589319,1.7576871e-16,1.7576871e-16,-4.5593298e-12,-4.5593298e-12,0.00014987923,0.00014987923,-4.5594255e-12,-4.5594255e-12,0.00014987923,0.00014987923,0.00014987923,0.00014987923,-1.2749722e-15,-1.2749722e-15,-0.00084931567,-0.00084931567,-0.00084931567,-0.00084931567,-0.00014987923,-0.00014987923,-1.6076308e-06,-1.6076308e-06,2.8503167e-18,2.8503167e-18,-7.3356651e-12,-7.3356651e-12,-1.6076235e-06,-1.6076235e-06,-9.2762187e-06,-9.2762187e-06,-1.2630663e-15,-1.2630663e-15,0.037458482,0.037458482,-7.9699613e-14,-7.9699613e-14,0.047160966,0.047160966,-3.9890742e-14,-3.9890742e-14,-0.00084931567,-0.00084931567,0.0009991949,0.0009991949,-0.00016986313,-0.00016986313,-2.4729074e-16,-2.4729074e-16,-1.6275332e-14,-1.6275332e-14,1.6289166e-14,1.6289166e-14,-1.8408672e-18,-1.8408672e-18,-3.3558656e-18,-3.3558656e-18,-1.3301705e-05,-1.3301705e-05,-1.0232578e-17,-1.0232578e-17,1.3123782e-17,1.3123782e-17,-2.9749006e-17,-2.9749006e-17,1.4372337e-06,1.4372337e-06,5.6880001e-34,5.6880001e-34
-0.00084030125,-0.00084030125,0.00084030125,0.00084030125,1.6868017e-15,1.6868017e-15,1.2488093e-15,1.2488093e-15,0.00084030125,0.00084030125,-0.000131553,-0.000131553,-0.00014828846,-0.00014828846,-0.00013051719,-0.00013051719,-0.00014828846,-0.00014828846,8.8368682e-11,8.8368682e-11,-1.9726188e-20,-1.9726188e-20,0.00014828846,0.00014828846,-1.2893151e-15,-1.2893151e-15,8.9645566e-06,8.9645566e-06,8.9645565e-06,8.9645565e-06,5.0283691e-18,5.0283691e-18,-0.00084030125,-0.00084030125,-0.00014828846,-0.00014828846,-0.00084030125,-0.00084030125,-0.00014828846,-0.00014828846,3.7468143e-17,3.7468143e-17,1.2142465e-16,1.2142465e-16,-0.00098858971,-0.00098858971,2.0172803e-16,2.0172803e-16,-0.00097595309,-0.00097595309,1.7341358e-16,1.7341358e-16,2.503694e-12,2.503694e-12,0.00014828846,0.00014828846,2.5036028e-12,2.5036028e-12,0.00014828846,0.00014828846,0.00014828846,0.00014828846,-1.2722966e-15,-1.2722966e-15,-0.00084030125,-0.00084030125,-0.00084030125,-0.00084030125,-0.00014828846,-0.00014828846,-1.5907714e-06,-1.5907714e-06,2.8228598e-18,2.8228598e-18,7.0630284e-12,7.0630284e-12,-1.5907784e-06,-1.5907784e-06,-9.1979047e-06,-9.1979047e-06,-1.260515e-15,-1.260515e-15,0.037048313,0.037048313,-7.954088e-14,-7.954088e-14,0.046659491,0.046659491,-3.9812591e-14,-3.9812591e-14,-0.00084030125,-0.00084030125,0.00098858971,0.00098858971,-0.00016806025,-0.00016806025,-2.4694454e-16,-2.4694454e-16,-1.6291355e-14,-1.6291355e-14,1.6305056e-14,1.6305056e-14,-1.82068e-18,-1.82068e-18,-3.3208414e-18,-3.3208414e-18,-1.263662e-05,-1.263662e-05,-1.0124649e-17,-1.0124649e-17,1.2983784e-17,1.2983784e-17,-2.9427673e-17,-2.9427673e-17,1.4242392e-06,1.4242392e-06,5.5808087e-34,5.5808087e-34
-0.00083138152,-0.00083138152,0.00083138152,0.00083138152,1.6857175e-15,1.6857175e-15,1.2459324e-15,1.2459324e-15,0.00083138152,0.00083138152,-0.00012979623,-0.00012979623,-0.00014671438,-0.00014671438,-0.0001287698,-0.0001287698,-0.00014671438,-0.00014671438,9.0877902e-11,9.0877902e-11,-1.8859735e-20,-1.8859735e-20,0.00014671438,0.00014671438,-1.286478e-15,-1.286478e-15,8.870521e-06,8.870521e-06,8.870521e-06,8.870521e-06,4.9805169e-18,4.9805169e-18,-0.00083138151,-0.00083138151,-0.00014671438,-0.00014671438,-0.00083138151,-0.00083138151,-0.00014671438,-0.00014671438,3.6143574e-17,3.6143574e-17,1.2050675e-16,1.2050675e-16,-0.0009780959,-0.0009780959,1.9901897e-16,1.9901897e-16,-0.00096609111,-0.00096609111,1.710839e-16,1.710839e-16,-4.2601807e-12,-4.2601807e-12,0.00014671438,0.00014671438,-4.2602675e-12,-4.2602675e-12,0.00014671438,0.00014671438,0.00014671438,0.00014671438,-1.2696485e-15,-1.2696485e-15,-0.00083138152,-0.00083138152,-0.00083138152,-0.00083138152,-0.00014671438,-0.00014671438,-1.5740786e-06,-1.5740786e-06,2.7955471e-18,2.7955471e-18,-6.7638703e-12,-6.7638703e-12,-1.5740719e-06,-1.5740719e-06,-9.1194025e-06,-9.1194025e-06,-1.2579901e-15,-1.2579901e-15,0.03664308,0.03664308,-7.9383784e-14,-7.9383784e-14,0.046163326,0.046163326,-3.9735244e-14,-3.9735244e-14,-0.00083138152,-0.00083138152,0.0009780959,0.0009780959,-0.0001662763,-0.0001662763,-2.4660127e-16,-2.4660127e-16,-1.6307202e-14,-1.6307202e-14,1.6320771e-14,1.6320771e-14,-1.8007192e-18,-1.8007192e-18,-3.2861549e-18,-3.2861549e-18,-1.2004789e-05,-1.2004789e-05,-1.0017823e-17,-1.0017823e-17,1.284529e-17,1.284529e-17,-2.9109993e-17,-2.9109993e-17,1.411346e-06,1.411346e-06,5.4750953e-34,5.4750953e-34
-0.00082255535,-0.00082255535,0.00082255535,0.00082255535,1.6844165e-15,1.6844165e-15,1.2430854e-15,1.2430854e-15,0.00082255535,0.00082255535,-0.00012807602,-0.00012807602,-0.00014515683,-0.00014515683,-0.00012705889,-0.00012705889,-0.00014515683,-0.00014515683,8.6623189e-11,8.6623189e-11,-1.8035323e-20,-1.8035323e-20,0.00014515683,0.00014515683,-1.2836706e-15,-1.2836706e-15,8.7772474e-06,8.7772474e-06,8.7772474e-06,8.7772474e-06,4.932889e-18,4.932889e-18,-0.00082255535,-0.00082255535,-0.00014515683,-0.00014515683,-0.00082255535,-0.00082255535,-0.00014515683,-0.00014515683,3.4835334e-17,3.4835334e-17,1.196001e-16,1.196001e-16,-0.00096771218,-0.00096771218,1.9634298e-16,1.9634298e-16,-0.00095630763,-0.00095630763,1.6877938e-16,1.6877938e-16,2.2535013e-12,2.2535013e-12,0.00014515683,0.00014515683,2.2534187e-12,2.2534187e-12,0.00014515683,0.00014515683,0.00014515683,0.00014515683,-1.2670278e-15,-1.2670278e-15,-0.00082255535,-0.00082255535,-0.00082255535,-0.00082255535,-0.00014515683,-0.00014515683,-1.5575515e-06,-1.5575515e-06,2.7683875e-18,2.7683875e-18,6.5136862e-12,6.5136862e-12,-1.557558e-06,-1.557558e-06,-9.0407649e-06,-9.0407649e-06,-1.2554913e-15,-1.2554913e-15,0.036242702,0.036242702,-7.922831e-14,-7.922831e-14,0.045672413,0.045672413,-3.9658695e-14,-3.9658695e-14,-0.00082255535,-0.00082255535,0.00096771218,0.00096771218,-0.00016451107,-0.00016451107,-2.4626091e-16,-2.4626091e-16,-1.6322875e-14,-1.6322875e-14,1.6336313e-14,1.6336313e-14,-1.7809822e-18,-1.7809822e-18,-3.2518044e-18,-3.2518044e-18,-1.140455e-05,-1.140455e-05,-9.9120904e-18,-9.9120904e-18,1.2708284e-17,1.2708284e-17,-2.8795914e-17,-2.8795914e-17,1.3985534e-06,1.3985534e-06,5.3708765e-34,5.3708765e-34
-0.00081382199,-0.00081382199,0.00081382199,0.00081382199,1.6834407e-15,1.6834407e-15,1.2402679e-15,1.2402679e-15,0.00081382199,0.00081382199,-0.00012639111,-0.00012639111,-0.00014361564,-0.00014361564,-0.00012538322,-0.00012538322,-0.00014361564,-0.00014361564,8.8882098e-11,8.8882098e-11,-1.7250863e-20,-1.7250863e-20,0.00014361564,0.00014361564,-1.2808926e-15,-1.2808926e-15,8.685071e-06,8.685071e-06,8.685071e-06,8.685071e-06,4.8854934e-18,4.8854934e-18,-0.00081382198,-0.00081382198,-0.00014361564,-0.00014361564,-0.00081382198,-0.00081382198,-0.00014361564,-0.00014361564,3.3543142e-17,3.3543142e-17,1.1870454e-16,1.1870454e-16,-0.00095743763,-0.00095743763,1.9369954e-16,1.9369954e-16,-0.00094660331,-0.00094660331,1.6649974e-16,1.6649974e-16,-3.9831144e-12,-3.9831144e-12,0.00014361564,0.00014361564,-3.9831931e-12,-3.9831931e-12,0.00014361564,0.00014361564,0.00014361564,0.00014361564,-1.264434e-15,-1.264434e-15,-0.00081382199,-0.00081382199,-0.00081382199,-0.00081382199,-0.00014361564,-0.00014361564,-1.5411887e-06,-1.5411887e-06,2.7413836e-18,2.7413836e-18,-6.2366118e-12,-6.2366118e-12,-1.5411825e-06,-1.5411825e-06,-8.9620421e-06,-8.9620421e-06,-1.2530183e-15,-1.2530183e-15,0.0358471,0.0358471,-7.9074444e-14,-7.9074444e-14,0.0451867,0.0451867,-3.9582937e-14,-3.9582937e-14,-0.00081382199,-0.00081382199,0.00095743763,0.00095743763,-0.0001627644,-0.0001627644,-2.4592348e-16,-2.4592348e-16,-1.6338376e-14,-1.6338376e-14,1.6351684e-14,1.6351684e-14,-1.7614664e-18,-1.7614664e-18,-3.2177878e-18,-3.2177878e-18,-1.0834322e-05,-1.0834322e-05,-9.8074411e-18,-9.8074411e-18,1.2572749e-17,1.2572749e-17,-2.8485388e-17,-2.8485388e-17,1.3858612e-06,1.3858612e-06,5.2681628e-34,5.2681628e-34
-0.00080518034,-0.00080518034,0.00080518034,0.00080518034,1.6822481e-15,1.6822481e-15,1.2374798e-15,1.2374798e-15,0.00080518034,0.00080518034,-0.00012474026,-0.00012474026,-0.00014209065,-0.00014209065,-0.00012374152,-0.00012374152,-0.00014209065,-0.00014209065,8.4904335e-11,8.4904335e-11,-1.6504372e-20,-1.6504372e-20,0.00014209065,0.00014209065,-1.2781437e-15,-1.2781437e-15,8.5936567e-06,8.5936567e-06,8.5936567e-06,8.5936567e-06,4.8383452e-18,4.8383452e-18,-0.00080518034,-0.00080518034,-0.00014209065,-0.00014209065,-0.00080518034,-0.00080518034,-0.00014209065,-0.00014209065,3.2266722e-17,3.2266722e-17,1.1781984e-16,1.1781984e-16,-0.00094727099,-0.00094727099,1.9108807e-16,1.9108807e-16,-0.00093697839,-0.00093697839,1.6424468e-16,1.6424468e-16,2.0239852e-12,2.0239852e-12,0.00014209065,0.00014209065,2.0239102e-12,2.0239102e-12,0.00014209065,0.00014209065,0.00014209065,0.00014209065,-1.2618671e-15,-1.2618671e-15,-0.00080518034,-0.00080518034,-0.00080518034,-0.00080518034,-0.00014209065,-0.00014209065,-1.5249892e-06,-1.5249892e-06,2.7145431e-18,2.7145431e-18,6.0071034e-12,6.0071034e-12,-1.5249952e-06,-1.5249952e-06,-8.8832811e-06,-8.8832811e-06,-1.250571e-15,-1.250571e-15,0.035456197,0.035456197,-7.8922171e-14,-7.8922171e-14,0.044706131,0.044706131,-3.9507962e-14,-3.9507962e-14,-0.00080518034,-0.00080518034,0.00094727099,0.00094727099,-0.00016103607,-0.00016103607,-2.4558899e-16,-2.4558899e-16,-1.6353707e-14,-1.6353707e-14,1.6366885e-14,1.6366885e-14,-1.7421694e-18,-1.7421694e-18,-3.1841033e-18,-3.1841033e-18,-1.0292606e-05,-1.0292606e-05,-9.7038657e-18,-9.7038657e-18,1.2438669e-17,1.2438669e-17,-2.8178365e-17,-2.8178365e-17,1.3732689e-06,1.3732689e-06,5.1669649e-34,5.1669649e-34
-0.00079662965,-0.00079662965,0.00079662965,0.00079662965,1.6810555e-15,1.6810555e-15,1.2347207e-15,1.2347207e-15,0.00079662965,0.00079662965,-0.0001231223,-0.0001231223,-0.0001405817,-0.0001405817,-0.00012213265,-0.00012213265,-0.0001405817,-0.0001405817,8.6933613e-11,8.6933613e-11,-1.5793966e-20,-1.5793966e-20,0.0001405817,0.0001405817,-1.2754237e-15,-1.2754237e-15,8.5033129e-06,8.5033129e-06,8.5033129e-06,8.5033129e-06,4.7914511e-18,4.7914511e-18,-0.00079662965,-0.00079662965,-0.0001405817,-0.0001405817,-0.00079662965,-0.00079662965,-0.0001405817,-0.0001405817,3.1005809e-17,3.1005809e-17,1.1694586e-16,1.1694586e-16,-0.00093721135,-0.00093721135,1.8850806e-16,1.8850806e-16,-0.00092743338,-0.00092743338,1.6201395e-16,1.6201395e-16,-3.7264397e-12,-3.7264397e-12,0.0001405817,0.0001405817,-3.7265111e-12,-3.7265111e-12,0.0001405817,0.0001405817,0.0001405817,0.0001405817,-1.2593268e-15,-1.2593268e-15,-0.00079662965,-0.00079662965,-0.00079662965,-0.00079662965,-0.0001405817,-0.0001405817,-1.5089518e-06,-1.5089518e-06,2.6878678e-18,2.6878678e-18,-5.7504214e-12,-5.7504214e-12,-1.508946e-06,-1.508946e-06,-8.8045262e-06,-8.8045262e-06,-1.2481491e-15,-1.2481491e-15,0.03506992,0.03506992,-7.8771477e-14,-7.8771477e-14,0.044230654,0.044230654,-3.9433763e-14,-3.9433763e-14,-0.00079662965,-0.00079662965,0.00093721135,0.00093721135,-0.00015932593,-0.00015932593,-2.4525743e-16,-2.4525743e-16,-1.6368869e-14,-1.6368869e-14,1.6381919e-14,1.6381919e-14,-1.7230887e-18,-1.7230887e-18,-3.1507488e-18,-3.1507488e-18,-9.7779757e-06,-9.7779757e-06,-9.6013546e-18,-9.6013546e-18,1.2306028e-17,1.2306028e-17,-2.7874799e-17,-2.7874799e-17,1.360776e-06,1.360776e-06,5.0672882e-34,5.0672882e-34
-0.00078816886,-0.00078816886,0.00078816886,0.00078816886,1.6800797e-15,1.6800797e-15,1.2319904e-15,1.2319904e-15,0.00078816886,0.00078816886,-0.00012153612,-0.00012153612,-0.00013908862,-0.00013908862,-0.00012055547,-0.00012055547,-0.00013908862,-0.00013908862,8.321241e-11,8.321241e-11,-1.5117853e-20,-1.5117853e-20,0.00013908862,0.00013908862,-1.2727323e-15,-1.2727323e-15,8.4137299e-06,8.4137299e-06,8.4137299e-06,8.4137299e-06,4.7448242e-18,4.7448242e-18,-0.00078816886,-0.00078816886,-0.00013908862,-0.00013908862,-0.00078816886,-0.00078816886,-0.00013908862,-0.00013908862,2.9760143e-17,2.9760143e-17,1.1608239e-16,1.1608239e-16,-0.00092725748,-0.00092725748,1.8595898e-16,1.8595898e-16,-0.00091796841,-0.00091796841,1.5980726e-16,1.5980726e-16,1.8135079e-12,1.8135079e-12,0.00013908862,0.00013908862,1.8134398e-12,1.8134398e-12,0.00013908862,0.00013908862,0.00013908862,0.00013908862,-1.2568128e-15,-1.2568128e-15,-0.00078816886,-0.00078816886,-0.00078816886,-0.00078816886,-0.00013908862,-0.00013908862,-1.4930752e-06,-1.4930752e-06,2.6613646e-18,2.6613646e-18,5.539951e-12,5.539951e-12,-1.4930807e-06,-1.4930807e-06,-8.7258188e-06,-8.7258188e-06,-1.2457523e-15,-1.2457523e-15,0.034688195,0.034688195,-7.8622346e-14,-7.8622346e-14,0.043760216,0.043760216,-3.9360334e-14,-3.9360334e-14,-0.00078816886,-0.00078816886,0.00092725748,0.00092725748,-0.00015763377,-0.00015763377,-2.449288e-16,-2.449288e-16,-1.6383865e-14,-1.6383865e-14,1.6396789e-14,1.6396789e-14,-1.7042217e-18,-1.7042217e-18,-3.1177222e-18,-3.1177222e-18,-9.2890769e-06,-9.2890769e-06,-9.4998983e-18,-9.4998983e-18,1.217481e-17,1.217481e-17,-2.7574644e-17,-2.7574644e-17,1.3483821e-06,1.3483821e-06,4.9691383e-34,4.9691383e-34
-0.0007797972,-0.0007797972,0.0007797972,0.0007797972,1.6788871e-15,1.6788871e-15,1.2292886e-15,1.2292886e-15,0.0007797972,0.0007797972,-0.00011998065,-0.00011998065,-0.00013761127,-0.00013761127,-0.00011900895,-0.00011900895,-0.00013761127,-0.00013761127,8.5031099e-11,8.5031099e-11,-1.4474334e-20,-1.4474334e-20,0.00013761127,0.00013761127,-1.2700691e-15,-1.2700691e-15,8.3251915e-06,8.3251915e-06,8.3251915e-06,8.3251915e-06,4.6984701e-18,4.6984701e-18,-0.00077979719,-0.00077979719,-0.00013761127,-0.00013761127,-0.00077979719,-0.00077979719,-0.00013761127,-0.00013761127,2.8529473e-17,2.8529473e-17,1.1522927e-16,1.1522927e-16,-0.00091740846,-0.00091740846,1.8344034e-16,1.8344034e-16,-0.00090858384,-0.00090858384,1.5762436e-16,1.5762436e-16,-3.4885963e-12,-3.4885963e-12,0.00013761127,0.00013761127,-3.4886611e-12,-3.4886611e-12,0.00013761127,0.00013761127,0.00013761127,0.00013761127,-1.2543248e-15,-1.2543248e-15,-0.0007797972,-0.0007797972,-0.0007797972,-0.0007797972,-0.00013761127,-0.00013761127,-1.4773582e-06,-1.4773582e-06,2.635035e-18,2.635035e-18,-5.3021009e-12,-5.3021009e-12,-1.4773529e-06,-1.4773529e-06,-8.647198e-06,-8.647198e-06,-1.2433804e-15,-1.2433804e-15,0.034310952,0.034310952,-7.8474766e-14,-7.8474766e-14,0.043294764,0.043294764,-3.9287667e-14,-3.9287667e-14,-0.0007797972,-0.0007797972,0.00091740846,0.00091740846,-0.00015595944,-0.00015595944,-2.4460311e-16,-2.4460311e-16,-1.6398697e-14,-1.6398697e-14,1.6411495e-14,1.6411495e-14,-1.6855661e-18,-1.6855661e-18,-3.0850213e-18,-3.0850213e-18,-8.824623e-06,-8.824623e-06,-9.3994872e-18,-9.3994872e-18,1.2045e-17,1.2045e-17,-2.7277854e-17,-2.7277854e-17,1.3360867e-06,1.3360867e-06,4.8725163e-34,4.8725163e-34
-0.00077151363,-0.00077151363,0.00077151363,0.00077151363,1.6778029e-15,1.6778029e-15,1.226615e-15,1.226615e-15,0.00077151363,0.00077151363,-0.00011845486,-0.00011845486,-0.00013614946,-0.00013614946,-0.00011749203,-0.00011749203,-0.00013614946,-0.00013614946,8.1547628e-11,8.1547628e-11,-1.386179e-20,-1.386179e-20,0.00013614947,0.00013614947,-1.2674339e-15,-1.2674339e-15,8.2374113e-06,8.2374113e-06,8.2374113e-06,8.2374113e-06,4.6524003e-18,4.6524003e-18,-0.00077151363,-0.00077151363,-0.00013614946,-0.00013614946,-0.00077151363,-0.00077151363,-0.00013614946,-0.00013614946,2.7313556e-17,2.7313556e-17,1.1438632e-16,1.1438632e-16,-0.0009076631,-0.0009076631,1.8095164e-16,1.8095164e-16,-0.00089927971,-0.00089927971,1.5546495e-16,1.5546495e-16,1.6205599e-12,1.6205599e-12,0.00013614946,0.00013614946,1.6204981e-12,1.6204981e-12,0.00013614946,0.00013614946,0.00013614947,0.00013614947,-1.2518627e-15,-1.2518627e-15,-0.00077151363,-0.00077151363,-0.00077151363,-0.00077151363,-0.00013614946,-0.00013614946,-1.4617997e-06,-1.4617997e-06,2.6088847e-18,2.6088847e-18,5.1091592e-12,5.1091592e-12,-1.4618048e-06,-1.4618048e-06,-8.5687005e-06,-8.5687005e-06,-1.2410333e-15,-1.2410333e-15,0.033938124,0.033938124,-7.832872e-14,-7.832872e-14,0.042834245,0.042834245,-3.9215755e-14,-3.9215755e-14,-0.00077151363,-0.00077151363,0.0009076631,0.0009076631,-0.00015430273,-0.00015430273,-2.4428034e-16,-2.4428034e-16,-1.6413366e-14,-1.6413366e-14,1.6426039e-14,1.6426039e-14,-1.6671194e-18,-1.6671194e-18,-3.0526441e-18,-3.0526441e-18,-8.3833919e-06,-8.3833919e-06,-9.3001117e-18,-9.3001117e-18,1.1916581e-17,1.1916581e-17,-2.6984386e-17,-2.6984386e-17,1.3238893e-06,1.3238893e-06,4.7774233e-34,4.7774233e-34
-0.00076331741,-0.00076331741,0.00076331741,0.00076331741,1.6767187e-15,1.6767187e-15,1.2239693e-15,1.2239693e-15,0.00076331741,0.00076331741,-0.00011695779,-0.00011695779,-0.00013470307,-0.00013470307,-0.00011600377,-0.00011600377,-0.00013470307,-0.00013470307,8.3173258e-11,8.3173258e-11,-1.3278687e-20,-1.3278687e-20,0.00013470307,0.00013470307,-1.2648264e-15,-1.2648264e-15,8.1506505e-06,8.1506505e-06,8.1506505e-06,8.1506505e-06,4.6066192e-18,4.6066192e-18,-0.0007633174,-0.0007633174,-0.00013470307,-0.00013470307,-0.0007633174,-0.0007633174,-0.00013470307,-0.00013470307,2.6112154e-17,2.6112154e-17,1.1355339e-16,1.1355339e-16,-0.00089802047,-0.00089802047,1.7849243e-16,1.7849243e-16,-0.00089005625,-0.00089005625,1.533288e-16,1.533288e-16,-3.2681444e-12,-3.2681444e-12,0.00013470307,0.00013470307,-3.2682033e-12,-3.2682033e-12,0.00013470307,0.00013470307,0.00013470307,0.00013470307,-1.2494262e-15,-1.2494262e-15,-0.00076331741,-0.00076331741,-0.00076331741,-0.00076331741,-0.00013470307,-0.00013470307,-1.4463983e-06,-1.4463983e-06,2.5829148e-18,2.5829148e-18,-4.8887014e-12,-4.8887014e-12,-1.4463934e-06,-1.4463934e-06,-8.4903606e-06,-8.4903606e-06,-1.2387106e-15,-1.2387106e-15,0.033569642,0.033569642,-7.8184195e-14,-7.8184195e-14,0.04237861,0.04237861,-3.9144591e-14,-3.9144591e-14,-0.00076331741,-0.00076331741,0.00089802047,0.00089802047,-0.00015266348,-0.00015266348,-2.439605e-16,-2.439605e-16,-1.6427875e-14,-1.6427875e-14,1.6440424e-14,1.6440424e-14,-1.6488793e-18,-1.6488793e-18,-3.0205883e-18,-3.0205883e-18,-7.9642223e-06,-7.9642223e-06,-9.2017623e-18,-9.2017623e-18,1.1789538e-17,1.1789538e-17,-2.6694194e-17,-2.6694194e-17,1.3117896e-06,1.3117896e-06,4.6838565e-34,4.6838565e-34
-0.00075520751,-0.00075520751,0.00075520751,0.00075520751,1.6757429e-15,1.6757429e-15,1.2213514e-15,1.2213514e-15,0.00075520751,0.00075520751,-0.00011548851,-0.00011548851,-0.00013327191,-0.00013327191,-0.00011454321,-0.00011454321,-0.00013327191,-0.00013327191,7.991013e-11,7.991013e-11,-1.2723566e-20,-1.2723566e-20,0.00013327192,0.00013327192,-1.2622463e-15,-1.2622463e-15,8.0646443e-06,8.0646443e-06,8.0646443e-06,8.0646443e-06,4.5611368e-18,4.5611368e-18,-0.00075520751,-0.00075520751,-0.00013327191,-0.00013327191,-0.00075520751,-0.00075520751,-0.00013327191,-0.00013327191,2.4925035e-17,2.4925035e-17,1.127303e-16,1.127303e-16,-0.00088847942,-0.00088847942,1.7606221e-16,1.7606221e-16,-0.00088091341,-0.00088091341,1.5121564e-16,1.5121564e-16,1.4437502e-12,1.4437502e-12,0.00013327191,0.00013327191,1.443694e-12,1.443694e-12,0.00013327191,0.00013327191,0.00013327192,0.00013327192,-1.2470151e-15,-1.2470151e-15,-0.00075520751,-0.00075520751,-0.00075520751,-0.00075520751,-0.00013327191,-0.00013327191,-1.4311528e-06,-1.4311528e-06,2.5571304e-18,2.5571304e-18,4.7118973e-12,4.7118973e-12,-1.4311575e-06,-1.4311575e-06,-8.4122105e-06,-8.4122105e-06,-1.2364121e-15,-1.2364121e-15,0.033205441,0.033205441,-7.8041175e-14,-7.8041175e-14,0.041927806,0.041927806,-3.9074168e-14,-3.9074168e-14,-0.00075520751,-0.00075520751,0.00088847942,0.00088847942,-0.0001510415,-0.0001510415,-2.4364358e-16,-2.4364358e-16,-1.6442225e-14,-1.6442225e-14,1.6454652e-14,1.6454652e-14,-1.6308433e-18,-1.6308433e-18,-2.9888516e-18,-2.9888516e-18,-7.5660112e-06,-7.5660112e-06,-9.1044296e-18,-9.1044296e-18,1.1663857e-17,1.1663857e-17,-2.6407238e-17,-2.6407238e-17,1.2997869e-06,1.2997869e-06,4.5918135e-34,4.5918135e-34
-0.00074718319,-0.00074718319,0.00074718319,0.00074718319,1.6747671e-15,1.6747671e-15,1.2187608e-15,1.2187608e-15,0.00074718319,0.00074718319,-0.00011404613,-0.00011404613,-0.00013185586,-0.00013185586,-0.00011310949,-0.00011310949,-0.00013185586,-0.00013185586,8.1358843e-11,8.1358843e-11,-1.219504e-20,-1.219504e-20,0.00013185585,0.00013185585,-1.2596935e-15,-1.2596935e-15,7.9796328e-06,7.9796328e-06,7.9796328e-06,7.9796328e-06,4.5159567e-18,4.5159567e-18,-0.00074718319,-0.00074718319,-0.00013185586,-0.00013185586,-0.00074718319,-0.00074718319,-0.00013185586,-0.00013185586,2.3751976e-17,2.3751976e-17,1.1191693e-16,1.1191693e-16,-0.00087903904,-0.00087903904,1.7366057e-16,1.7366057e-16,-0.00087185133,-0.00087185133,1.4912521e-16,1.4912521e-16,-3.0637558e-12,-3.0637558e-12,0.00013185586,0.00013185586,-3.0638093e-12,-3.0638093e-12,0.00013185586,0.00013185586,0.00013185585,0.00013185585,-1.244629e-15,-1.244629e-15,-0.00074718319,-0.00074718319,-0.00074718319,-0.00074718319,-0.00013185586,-0.00013185586,-1.416062e-06,-1.416062e-06,2.5315321e-18,2.5315321e-18,-4.5075033e-12,-4.5075033e-12,-1.4160574e-06,-1.4160574e-06,-8.3342806e-06,-8.3342806e-06,-1.2341376e-15,-1.2341376e-15,0.032845459,0.032845459,-7.7899648e-14,-7.7899648e-14,0.041481783,0.041481783,-3.9004479e-14,-3.9004479e-14,-0.00074718319,-0.00074718319,0.00087903904,0.00087903904,-0.00014943664,-0.00014943664,-2.4332958e-16,-2.4332958e-16,-1.6456418e-14,-1.6456418e-14,1.6468724e-14,1.6468724e-14,-1.6130092e-18,-1.6130092e-18,-2.9574317e-18,-2.9574317e-18,-7.1877106e-06,-7.1877106e-06,-9.0081041e-18,-9.0081041e-18,1.1539523e-17,1.1539523e-17,-2.6123476e-17,-2.6123476e-17,1.2878809e-06,1.2878809e-06,4.5012881e-34,4.5012881e-34
-0.00073924345,-0.00073924345,0.00073924345,0.00073924345,1.6736829e-15,1.6736829e-15,1.2161974e-15,1.2161974e-15,0.00073924345,0.00073924345,-0.00011262979,-0.00011262979,-0.00013045473,-0.00013045473,-0.00011170174,-0.00011170174,-0.00013045473,-0.00013045473,7.8299997e-11,7.8299997e-11,-1.1691792e-20,-1.1691792e-20,0.00013045473,0.00013045473,-1.2571675e-15,-1.2571675e-15,7.8953713e-06,7.8953713e-06,7.8953713e-06,7.8953713e-06,4.4710873e-18,4.4710873e-18,-0.00073924346,-0.00073924346,-0.00013045473,-0.00013045473,-0.00073924346,-0.00073924346,-0.00013045473,-0.00013045473,2.2592756e-17,2.2592756e-17,1.1111309e-16,1.1111309e-16,-0.00086969818,-0.00086969818,1.7128704e-16,1.7128704e-16,-0.00086286986,-0.00086286986,1.4705725e-16,1.4705725e-16,1.2817967e-12,1.2817967e-12,0.00013045473,0.00013045473,1.2817457e-12,1.2817457e-12,0.00013045473,0.00013045473,0.00013045473,0.00013045473,-1.2422679e-15,-1.2422679e-15,-0.00073924345,-0.00073924345,-0.00073924345,-0.00073924345,-0.00013045473,-0.00013045473,-1.4011245e-06,-1.4011245e-06,2.5061243e-18,2.5061243e-18,4.3455549e-12,4.3455549e-12,-1.4011289e-06,-1.4011289e-06,-8.2565988e-06,-8.2565988e-06,-1.2318869e-15,-1.2318869e-15,0.032489632,0.032489632,-7.7759598e-14,-7.7759598e-14,0.041040492,0.041040492,-3.8935516e-14,-3.8935516e-14,-0.00073924345,-0.00073924345,0.00086969818,0.00086969818,-0.00014784869,-0.00014784869,-2.4301848e-16,-2.4301848e-16,-1.6470456e-14,-1.6470456e-14,1.6482641e-14,1.6482641e-14,-1.5953747e-18,-1.5953747e-18,-2.9263263e-18,-2.9263263e-18,-6.8283251e-06,-6.8283251e-06,-8.9127764e-18,-8.9127764e-18,1.141652e-17,1.141652e-17,-2.5842865e-17,-2.5842865e-17,1.276071e-06,1.276071e-06,4.4122748e-34,4.4122748e-34
-0.00073138756,-0.00073138756,0.00073138756,0.00073138756,1.6724903e-15,1.6724903e-15,1.2136609e-15,1.2136609e-15,0.00073138756,0.00073138756,-0.0001112387,-0.0001112387,-0.00012906839,-0.00012906839,-0.00011031916,-0.00011031916,-0.00012906839,-0.00012906839,7.9586651e-11,7.9586651e-11,-1.121257e-20,-1.121257e-20,0.00012906839,0.00012906839,-1.2546681e-15,-1.2546681e-15,7.8120806e-06,7.8120806e-06,7.8120806e-06,7.8120806e-06,4.4265315e-18,4.4265315e-18,-0.00073138756,-0.00073138756,-0.00012906839,-0.00012906839,-0.00073138756,-0.00073138756,-0.00012906839,-0.00012906839,2.1447165e-17,2.1447165e-17,1.1031866e-16,1.1031866e-16,-0.00086045595,-0.00086045595,1.6894122e-16,1.6894122e-16,-0.00085396904,-0.00085396904,1.4501153e-16,1.4501153e-16,-2.8742047e-12,-2.8742047e-12,0.00012906839,0.00012906839,-2.8742533e-12,-2.8742533e-12,0.00012906839,0.00012906839,0.00012906839,0.00012906839,-1.2399314e-15,-1.2399314e-15,-0.00073138756,-0.00073138756,-0.00073138756,-0.00073138756,-0.00012906839,-0.00012906839,-1.3863392e-06,-1.3863392e-06,2.4809072e-18,2.4809072e-18,-4.155999e-12,-4.155999e-12,-1.386335e-06,-1.386335e-06,-8.1791919e-06,-8.1791919e-06,-1.2296597e-15,-1.2296597e-15,0.032137902,0.032137902,-7.7621012e-14,-7.7621012e-14,0.040603882,0.040603882,-3.8867274e-14,-3.8867274e-14,-0.00073138756,-0.00073138756,0.00086045595,0.00086045595,-0.00014627751,-0.00014627751,-2.4271028e-16,-2.4271028e-16,-1.6484341e-14,-1.6484341e-14,1.6496407e-14,1.6496407e-14,-1.5779373e-18,-1.5779373e-18,-2.8955331e-18,-2.8955331e-18,-6.4869088e-06,-6.4869088e-06,-8.8184373e-18,-8.8184373e-18,1.1294834e-17,1.1294834e-17,-2.5565367e-17,-2.5565367e-17,1.2643568e-06,1.2643568e-06,4.3247647e-34,4.3247647e-34
-0.00072361454,-0.00072361454,0.00072361454,0.00072361454,1.6714061e-15,1.6714061e-15,1.211151e-15,1.211151e-15,0.00072361454,0.00072361454,-0.00010987205,-0.00010987205,-0.00012769668,-0.00012769668,-0.00010896097,-0.00010896097,-0.00012769668,-0.00012769668,7.6717251e-11,7.6717251e-11,-1.0756186e-20,-1.0756186e-20,0.00012769668,0.00012769668,-1.2521951e-15,-1.2521951e-15,7.7295346e-06,7.7295346e-06,7.7295345e-06,7.7295345e-06,4.3822966e-18,4.3822966e-18,-0.00072361454,-0.00072361454,-0.00012769668,-0.00012769668,-0.00072361454,-0.00072361454,-0.00012769668,-0.00012769668,2.0314993e-17,2.0314993e-17,1.0953348e-16,1.0953348e-16,-0.00085131122,-0.00085131122,1.6662268e-16,1.6662268e-16,-0.00084514866,-0.00084514866,1.4298779e-16,1.4298779e-16,1.1335179e-12,1.1335179e-12,0.00012769668,0.00012769668,1.1334716e-12,1.1334716e-12,0.00012769668,0.00012769668,0.00012769668,0.00012769668,-1.2376193e-15,-1.2376193e-15,-0.00072361454,-0.00072361454,-0.00072361454,-0.00072361454,-0.00012769668,-0.00012769668,-1.3717047e-06,-1.3717047e-06,2.4558847e-18,2.4558847e-18,4.0077249e-12,4.0077249e-12,-1.3717087e-06,-1.3717087e-06,-8.1020843e-06,-8.1020843e-06,-1.2274558e-15,-1.2274558e-15,0.031790208,0.031790208,-7.7483875e-14,-7.7483875e-14,0.040171905,0.040171905,-3.8799745e-14,-3.8799745e-14,-0.00072361454,-0.00072361454,0.00085131122,0.00085131122,-0.00014472291,-0.00014472291,-2.4240496e-16,-2.4240496e-16,-1.6498074e-14,-1.6498074e-14,1.6510021e-14,1.6510021e-14,-1.560695e-18,-1.560695e-18,-2.8650497e-18,-2.8650497e-18,-6.1625634e-06,-6.1625634e-06,-8.7250772e-18,-8.7250772e-18,1.1174451e-17,1.1174451e-17,-2.5290942e-17,-2.5290942e-17,1.2527378e-06,1.2527378e-06,4.2387496e-34,4.2387496e-34
-0.00071592365,-0.00071592365,0.00071592365,0.00071592365,1.6704303e-15,1.6704303e-15,1.2086674e-15,1.2086674e-15,0.00071592365,0.00071592365,-0.00010852913,-0.00010852913,-0.00012633947,-0.00012633947,-0.00010762643,-0.00010762643,-0.00012633947,-0.00012633947,7.7855523e-11,7.7855523e-11,-1.032151e-20,-1.032151e-20,0.00012633946,0.00012633946,-1.2497481e-15,-1.2497481e-15,7.647936e-06,7.647936e-06,7.647936e-06,7.647936e-06,4.3383846e-18,4.3383846e-18,-0.00071592365,-0.00071592365,-0.00012633947,-0.00012633947,-0.00071592365,-0.00071592365,-0.00012633947,-0.00012633947,1.919604e-17,1.919604e-17,1.0875743e-16,1.0875743e-16,-0.00084226312,-0.00084226312,1.6433102e-16,1.6433102e-16,-0.00083640868,-0.00083640868,1.4098579e-16,1.4098579e-16,-2.6983603e-12,-2.6983603e-12,0.00012633947,0.00012633947,-2.6984045e-12,-2.6984045e-12,0.00012633947,0.00012633947,0.00012633946,0.00012633946,-1.2353314e-15,-1.2353314e-15,-0.00071592365,-0.00071592365,-0.00071592365,-0.00071592365,-0.00012633947,-0.00012633947,-1.3572198e-06,-1.3572198e-06,2.4310567e-18,2.4310567e-18,-3.8318761e-12,-3.8318761e-12,-1.357216e-06,-1.357216e-06,-8.0252992e-06,-8.0252992e-06,-1.225275e-15,-1.225275e-15,0.031446493,0.031446493,-7.7348173e-14,-7.7348173e-14,0.039744512,0.039744512,-3.8732922e-14,-3.8732922e-14,-0.00071592365,-0.00071592365,0.00084226312,0.00084226312,-0.00014318473,-0.00014318473,-2.4210252e-16,-2.4210252e-16,-1.6511658e-14,-1.6511658e-14,1.6523487e-14,1.6523487e-14,-1.5436454e-18,-1.5436454e-18,-2.8348737e-18,-2.8348737e-18,-5.8544352e-06,-5.8544352e-06,-8.6326871e-18,-8.6326871e-18,1.1055357e-17,1.1055357e-17,-2.5019551e-17,-2.5019551e-17,1.2412134e-06,1.2412134e-06,4.1542182e-34,4.1542182e-34
-0.00070831396,-0.00070831396,0.00070831396,0.00070831396,1.6694545e-15,1.6694545e-15,1.20621e-15,1.20621e-15,0.00070831396,0.00070831396,-0.0001072092,-0.0001072092,-0.00012499658,-0.00012499658,-0.00010631481,-0.00010631481,-0.00012499658,-0.00012499658,7.5161866e-11,7.5161866e-11,-9.9074685e-21,-9.9074685e-21,0.00012499658,0.00012499658,-1.247327e-15,-1.247327e-15,7.5670757e-06,7.5670757e-06,7.5670757e-06,7.5670757e-06,4.2948017e-18,4.2948017e-18,-0.00070831396,-0.00070831396,-0.00012499658,-0.00012499658,-0.00070831396,-0.00070831396,-0.00012499658,-0.00012499658,1.8090107e-17,1.8090107e-17,1.0799036e-16,1.0799036e-16,-0.00083331054,-0.00083331054,1.6206584e-16,1.6206584e-16,-0.00082774882,-0.00082774882,1.3900529e-16,1.3900529e-16,9.9782514e-13,9.9782514e-13,0.00012499658,0.00012499658,9.9778294e-13,9.9778294e-13,0.00012499658,0.00012499658,0.00012499658,0.00012499658,-1.2330674e-15,-1.2330674e-15,-0.00070831396,-0.00070831396,-0.00070831396,-0.00070831396,-0.00012499658,-0.00012499658,-1.3428832e-06,-1.3428832e-06,2.4064263e-18,2.4064263e-18,3.6961875e-12,3.6961875e-12,-1.3428869e-06,-1.3428869e-06,-7.948858e-06,-7.948858e-06,-1.2231171e-15,-1.2231171e-15,0.031106701,0.031106701,-7.7213893e-14,-7.7213893e-14,0.039321655,0.039321655,-3.8666799e-14,-3.8666799e-14,-0.00070831396,-0.00070831396,0.00083331054,0.00083331054,-0.00014166279,-0.00014166279,-2.4180294e-16,-2.4180294e-16,-1.6525093e-14,-1.6525093e-14,1.6536806e-14,1.6536806e-14,-1.5267863e-18,-1.5267863e-18,-2.8050027e-18,-2.8050027e-18,-5.5617135e-06,-5.5617135e-06,-8.5412576e-18,-8.5412576e-18,1.0937536e-17,1.0937536e-17,-2.4751156e-17,-2.4751156e-17,1.2297832e-06,1.2297832e-06,4.0711602e-34,4.0711602e-34
-0.00070078472,-0.00070078472,0.00070078472,0.00070078472,1.6682619e-15,1.6682619e-15,1.2037784e-15,1.2037784e-15,0.00070078472,0.00070078472,-0.0001059116,-0.0001059116,-0.00012366789,-0.00012366789,-0.00010502546,-0.00010502546,-0.00012366789,-0.00012366789,7.6164344e-11,7.6164344e-11,-9.5130413e-21,-9.5130413e-21,0.00012366789,0.00012366789,-1.2449315e-15,-1.2449315e-15,7.4871403e-06,7.4871403e-06,7.4871403e-06,7.4871403e-06,4.2515492e-18,4.2515492e-18,-0.00070078471,-0.00070078471,-0.00012366789,-0.00012366789,-0.00070078471,-0.00070078471,-0.00012366789,-0.00012366789,1.6997003e-17,1.6997003e-17,1.0723214e-16,1.0723214e-16,-0.0008244526,-0.0008244526,1.5982676e-16,1.5982676e-16,-0.00081916898,-0.00081916898,1.3704606e-16,1.3704606e-16,-2.535179e-12,-2.535179e-12,0.00012366789,0.00012366789,-2.5352192e-12,-2.5352192e-12,0.00012366789,0.00012366789,0.00012366789,0.00012366789,-1.2308271e-15,-1.2308271e-15,-0.00070078472,-0.00070078472,-0.00070078472,-0.00070078472,-0.00012366789,-0.00012366789,-1.3286936e-06,-1.3286936e-06,2.3819933e-18,2.3819933e-18,-3.5330022e-12,-3.5330022e-12,-1.3286901e-06,-1.3286901e-06,-7.8727808e-06,-7.8727808e-06,-1.2209818e-15,-1.2209818e-15,0.030770778,0.030770778,-7.708102e-14,-7.708102e-14,0.038903286,0.038903286,-3.8601368e-14,-3.8601368e-14,-0.00070078472,-0.00070078472,0.0008244526,0.0008244526,-0.00014015694,-0.00014015694,-2.4150622e-16,-2.4150622e-16,-1.6538382e-14,-1.6538382e-14,1.654998e-14,1.654998e-14,-1.5101155e-18,-1.5101155e-18,-2.7754342e-18,-2.7754342e-18,-5.2836278e-06,-5.2836278e-06,-8.4507795e-18,-8.4507795e-18,1.0820977e-17,1.0820977e-17,-2.448572e-17,-2.448572e-17,1.2184466e-06,1.2184466e-06,3.9895623e-34,3.9895623e-34
-0.00069333501,-0.00069333501,0.00069333501,0.00069333501,1.6675029e-15,1.6675029e-15,1.2013724e-15,1.2013724e-15,0.00069333501,0.00069333501,-0.00010463567,-0.00010463567,-0.00012235324,-0.00012235324,-0.0001037577,-0.0001037577,-0.00012235324,-0.00012235324,7.3633768e-11,7.3633768e-11,-9.1372596e-21,-9.1372596e-21,0.00012235324,0.00012235324,-1.2425612e-15,-1.2425612e-15,7.4079363e-06,7.4079363e-06,7.4079363e-06,7.4079363e-06,4.2086324e-18,4.2086324e-18,-0.00069333501,-0.00069333501,-0.00012235324,-0.00012235324,-0.00069333501,-0.00069333501,-0.00012235324,-0.00012235324,1.5916539e-17,1.5916539e-17,1.0648264e-16,1.0648264e-16,-0.00081568825,-0.00081568825,1.5761341e-16,1.5761341e-16,-0.0008106688,-0.0008106688,1.3510785e-16,1.3510785e-16,8.7371493e-13,8.7371493e-13,0.00012235324,0.00012235324,8.7367651e-13,8.7367651e-13,0.00012235324,0.00012235324,0.00012235324,0.00012235324,-1.2286103e-15,-1.2286103e-15,-0.00069333501,-0.00069333501,-0.00069333501,-0.00069333501,-0.00012235324,-0.00012235324,-1.3146497e-06,-1.3146497e-06,2.3577604e-18,2.3577604e-18,3.4088958e-12,3.4088958e-12,-1.3146532e-06,-1.3146532e-06,-7.7970861e-06,-7.7970861e-06,-1.2188689e-15,-1.2188689e-15,0.030438668,0.030438668,-7.6949541e-14,-7.6949541e-14,0.038489359,0.038489359,-3.8536622e-14,-3.8536622e-14,-0.00069333501,-0.00069333501,0.00081568825,0.00081568825,-0.000138667,-0.000138667,-2.4121233e-16,-2.4121233e-16,-1.6551526e-14,-1.6551526e-14,1.656301e-14,1.656301e-14,-1.493631e-18,-1.493631e-18,-2.7461658e-18,-2.7461658e-18,-5.0194464e-06,-5.0194464e-06,-8.3612438e-18,-8.3612438e-18,1.0705664e-17,1.0705664e-17,-2.4223207e-17,-2.4223207e-17,1.2072032e-06,1.2072032e-06,3.9094124e-34,3.9094124e-34
-0.00068596411,-0.00068596411,0.00068596411,0.00068596411,1.6664187e-15,1.6664187e-15,1.1989917e-15,1.1989917e-15,0.00068596411,0.00068596411,-0.00010338078,-0.00010338078,-0.00012105249,-0.00012105249,-0.00010251093,-0.00010251093,-0.00012105249,-0.00012105249,7.4512037e-11,7.4512037e-11,-8.7792027e-21,-8.7792027e-21,0.00012105249,0.00012105249,-1.240216e-15,-1.240216e-15,7.3296352e-06,7.3296352e-06,7.3296352e-06,7.3296352e-06,4.1660521e-18,4.1660521e-18,-0.00068596411,-0.00068596411,-0.00012105249,-0.00012105249,-0.00068596411,-0.00068596411,-0.00012105249,-0.00012105249,1.4848534e-17,1.4848534e-17,1.0574174e-16,1.0574174e-16,-0.0008070166,-0.0008070166,1.5542541e-16,1.5542541e-16,-0.00080224813,-0.00080224813,1.3319044e-16,1.3319044e-16,-2.3836979e-12,-2.3836979e-12,0.00012105249,0.00012105249,-2.3837346e-12,-2.3837346e-12,0.00012105249,0.00012105249,0.00012105249,0.00012105249,-1.2264167e-15,-1.2264167e-15,-0.00068596411,-0.00068596411,-0.00068596411,-0.00068596411,-0.00012105249,-0.00012105249,-1.3007503e-06,-1.3007503e-06,2.333727e-18,2.333727e-18,-3.2574111e-12,-3.2574111e-12,-1.300747e-06,-1.300747e-06,-7.7217914e-06,-7.7217914e-06,-1.2167782e-15,-1.2167782e-15,0.03011032,0.03011032,-7.6819441e-14,-7.6819441e-14,0.038079827,0.038079827,-3.8472556e-14,-3.8472556e-14,-0.00068596411,-0.00068596411,0.0008070166,0.0008070166,-0.00013719282,-0.00013719282,-2.4092127e-16,-2.4092127e-16,-1.6564527e-14,-1.6564527e-14,1.6575898e-14,1.6575898e-14,-1.4773305e-18,-1.4773305e-18,-2.7171951e-18,-2.7171951e-18,-4.7684741e-06,-4.7684741e-06,-8.2726414e-18,-8.2726414e-18,1.0591584e-17,1.0591584e-17,-2.3963581e-17,-2.3963581e-17,1.1960524e-06,1.1960524e-06,3.8306957e-34,3.8306957e-34
-0.00067867113,-0.00067867113,0.00067867113,0.00067867113,1.665443e-15,1.665443e-15,1.1966361e-15,1.1966361e-15,0.00067867113,0.00067867113,-0.00010214634,-0.00010214634,-0.00011976549,-0.00011976549,-0.00010128453,-0.00010128453,-0.00011976549,-0.00011976549,7.2132845e-11,7.2132845e-11,-8.4379958e-21,-8.4379958e-21,0.00011976549,0.00011976549,-1.2378956e-15,-1.2378956e-15,7.2520579e-06,7.2520579e-06,7.2520579e-06,7.2520579e-06,4.1238125e-18,4.1238125e-18,-0.00067867113,-0.00067867113,-0.00011976549,-0.00011976549,-0.00067867113,-0.00067867113,-0.00011976549,-0.00011976549,1.3792807e-17,1.3792807e-17,1.0500931e-16,1.0500931e-16,-0.00079843662,-0.00079843662,1.5326241e-16,1.5326241e-16,-0.00079390657,-0.00079390657,1.312936e-16,1.312936e-16,7.6026268e-13,7.6026268e-13,0.00011976549,0.00011976549,7.6022767e-13,7.6022767e-13,0.00011976549,0.00011976549,0.00011976549,0.00011976549,-1.2242462e-15,-1.2242462e-15,-0.00067867113,-0.00067867113,-0.00067867113,-0.00067867113,-0.00011976549,-0.00011976549,-1.286994e-06,-1.286994e-06,2.3098952e-18,2.3098952e-18,3.1439622e-12,3.1439622e-12,-1.2869971e-06,-1.2869971e-06,-7.6469125e-06,-7.6469125e-06,-1.2147094e-15,-1.2147094e-15,0.029785683,0.029785683,-7.6690708e-14,-7.6690708e-14,0.037674643,0.037674643,-3.8409163e-14,-3.8409163e-14,-0.00067867113,-0.00067867113,0.00079843662,0.00079843662,-0.00013573423,-0.00013573423,-2.4063301e-16,-2.4063301e-16,-1.6577387e-14,-1.6577387e-14,1.6588645e-14,1.6588645e-14,-1.4612119e-18,-1.4612119e-18,-2.6885195e-18,-2.6885195e-18,-4.5300504e-06,-4.5300504e-06,-8.1849633e-18,-8.1849633e-18,1.0478725e-17,1.0478725e-17,-2.3706805e-17,-2.3706805e-17,1.1849938e-06,1.1849938e-06,3.7533984e-34,3.7533984e-34
-0.00067145533,-0.00067145533,0.00067145533,0.00067145533,1.6644672e-15,1.6644672e-15,1.1943053e-15,1.1943053e-15,0.00067145533,0.00067145533,-0.00010093179,-0.00010093179,-0.00011849212,-0.00011849212,-0.00010007795,-0.00010007795,-0.00011849212,-0.00011849212,7.2897565e-11,7.2897565e-11,-8.1128078e-21,-8.1128078e-21,0.00011849211,0.00011849211,-1.2355997e-15,-1.2355997e-15,7.1753621e-06,7.1753621e-06,7.1753621e-06,7.1753621e-06,4.081914e-18,4.081914e-18,-0.00067145533,-0.00067145533,-0.00011849212,-0.00011849212,-0.00067145533,-0.00067145533,-0.00011849212,-0.00011849212,1.2749185e-17,1.2749185e-17,1.0428523e-16,1.0428523e-16,-0.00078994744,-0.00078994744,1.5112406e-16,1.5112406e-16,-0.0007856439,-0.0007856439,1.294171e-16,1.294171e-16,-2.2430284e-12,-2.2430284e-12,0.00011849212,0.00011849212,-2.2430619e-12,-2.2430619e-12,0.00011849212,0.00011849212,0.00011849211,0.00011849211,-1.2220984e-15,-1.2220984e-15,-0.00067145533,-0.00067145533,-0.00067145533,-0.00067145533,-0.00011849212,-0.00011849212,-1.2733796e-06,-1.2733796e-06,2.2862645e-18,2.2862645e-18,-3.0032895e-12,-3.0032895e-12,-1.2733766e-06,-1.2733766e-06,-7.5724644e-06,-7.5724644e-06,-1.2126624e-15,-1.2126624e-15,0.029464705,0.029464705,-7.6563328e-14,-7.6563328e-14,0.037273762,0.037273762,-3.8346435e-14,-3.8346435e-14,-0.00067145533,-0.00067145533,0.00078994744,0.00078994744,-0.00013429107,-0.00013429107,-2.4034755e-16,-2.4034755e-16,-1.6590106e-14,-1.6590106e-14,1.6601253e-14,1.6601253e-14,-1.4452732e-18,-1.4452732e-18,-2.6601366e-18,-2.6601366e-18,-4.3035479e-06,-4.3035479e-06,-8.0982004e-18,-8.0982004e-18,1.0367071e-17,1.0367071e-17,-2.3452847e-17,-2.3452847e-17,1.1740268e-06,1.1740268e-06,3.6775047e-34,3.6775047e-34
-0.00066431584,-0.00066431584,0.00066431584,0.00066431584,1.6634914e-15,1.6634914e-15,1.191999e-15,1.191999e-15,0.00066431584,0.00066431584,-9.9736549e-05,-9.9736549e-05,-0.00011723221,-0.00011723221,-9.8890621e-05,-9.8890621e-05,-0.00011723221,-0.00011723221,7.0658946e-11,7.0658946e-11,-7.8028487e-21,-7.8028487e-21,0.00011723221,0.00011723221,-1.2333281e-15,-1.2333281e-15,7.0993821e-06,7.0993821e-06,7.0993821e-06,7.0993821e-06,4.0403602e-18,4.0403602e-18,-0.00066431585,-0.00066431585,-0.00011723221,-0.00011723221,-0.00066431585,-0.00066431585,-0.00011723221,-0.00011723221,1.1717498e-17,1.1717498e-17,1.0356939e-16,1.0356939e-16,-0.00078154805,-0.00078154805,1.4901e-16,1.4901e-16,-0.00077745968,-0.00077745968,1.2756072e-16,1.2756072e-16,6.5661636e-13,6.5661636e-13,0.00011723221,0.00011723221,6.5658445e-13,6.5658445e-13,0.00011723221,0.00011723221,0.00011723221,0.00011723221,-1.2199732e-15,-1.2199732e-15,-0.00066431584,-0.00066431584,-0.00066431584,-0.00066431584,-0.00011723221,-0.00011723221,-1.2599058e-06,-1.2599058e-06,2.2628365e-18,2.2628365e-18,2.8996463e-12,2.8996463e-12,-1.2599087e-06,-1.2599087e-06,-7.4984608e-06,-7.4984608e-06,-1.210637e-15,-1.210637e-15,0.029147339,0.029147339,-7.6437287e-14,-7.6437287e-14,0.036877138,0.036877138,-3.8284366e-14,-3.8284366e-14,-0.00066431584,-0.00066431584,0.00078154805,0.00078154805,-0.00013286317,-0.00013286317,-2.4006487e-16,-2.4006487e-16,-1.6602687e-14,-1.6602687e-14,1.6613724e-14,1.6613724e-14,-1.4295122e-18,-1.4295122e-18,-2.632044e-18,-2.632044e-18,-4.0883705e-06,-4.0883705e-06,-8.0123439e-18,-8.0123439e-18,1.0256611e-17,1.0256611e-17,-2.320167e-17,-2.320167e-17,1.1631508e-06,1.1631508e-06,3.6029993e-34,3.6029993e-34
-0.00065725196,-0.00065725196,0.00065725196,0.00065725196,1.662624e-15,1.662624e-15,1.1897172e-15,1.1897172e-15,0.00065725196,0.00065725196,-9.8560118e-05,-9.8560118e-05,-0.00011598564,-0.00011598564,-9.7722034e-05,-9.7722034e-05,-0.00011598564,-0.00011598564,7.1319925e-11,7.1319925e-11,-7.5073683e-21,-7.5073683e-21,0.00011598564,0.00011598564,-1.2310805e-15,-1.2310805e-15,7.0242627e-06,7.0242627e-06,7.0242627e-06,7.0242627e-06,3.9991507e-18,3.9991507e-18,-0.00065725196,-0.00065725196,-0.00011598564,-0.00011598564,-0.00065725196,-0.00065725196,-0.00011598564,-0.00011598564,1.0697577e-17,1.0697577e-17,1.0286167e-16,1.0286167e-16,-0.0007732376,-0.0007732376,1.4691993e-16,1.4691993e-16,-0.00076935365,-0.00076935365,1.2572424e-16,1.2572424e-16,-2.1123507e-12,-2.1123507e-12,0.00011598564,0.00011598564,-2.1123811e-12,-2.1123811e-12,0.00011598564,0.00011598564,0.00011598564,0.00011598564,-1.2178703e-15,-1.2178703e-15,-0.00065725196,-0.00065725196,-0.00065725196,-0.00065725196,-0.00011598564,-0.00011598564,-1.2465712e-06,-1.2465712e-06,2.2396104e-18,2.2396104e-18,-2.7689656e-12,-2.7689656e-12,-1.2465685e-06,-1.2465685e-06,-7.4249144e-06,-7.4249144e-06,-1.2086328e-15,-1.2086328e-15,0.028833535,0.028833535,-7.6312572e-14,-7.6312572e-14,0.036484727,0.036484727,-3.822295e-14,-3.822295e-14,-0.00065725196,-0.00065725196,0.0007732376,0.0007732376,-0.00013145039,-0.00013145039,-2.3978495e-16,-2.3978495e-16,-1.6615132e-14,-1.6615132e-14,1.6626059e-14,1.6626059e-14,-1.413927e-18,-1.413927e-18,-2.604239e-18,-2.604239e-18,-3.8839519e-06,-3.8839519e-06,-7.9273849e-18,-7.9273849e-18,1.0147332e-17,1.0147332e-17,-2.2953242e-17,-2.2953242e-17,1.1523654e-06,1.1523654e-06,3.5298656e-34,3.5298656e-34
-0.00065026282,-0.00065026282,0.00065026282,0.00065026282,1.6616482e-15,1.6616482e-15,1.1874593e-15,1.1874593e-15,0.00065026282,0.00065026282,-9.7401978e-05,-9.7401978e-05,-0.00011475226,-0.00011475226,-9.6571672e-05,-9.6571672e-05,-0.00011475226,-0.00011475226,6.9211891e-11,6.9211891e-11,-7.2256535e-21,-7.2256535e-21,0.00011475226,0.00011475226,-1.2288567e-15,-1.2288567e-15,6.9498506e-06,6.9498506e-06,6.9498506e-06,6.9498506e-06,3.9582886e-18,3.9582886e-18,-0.00065026282,-0.00065026282,-0.00011475226,-0.00011475226,-0.00065026282,-0.00065026282,-0.00011475226,-0.00011475226,9.6892613e-18,9.6892613e-18,1.0216195e-16,1.0216195e-16,-0.00076501508,-0.00076501508,1.4485349e-16,1.4485349e-16,-0.00076132533,-0.00076132533,1.2390744e-16,1.2390744e-16,5.6199088e-13,5.6199088e-13,0.00011475226,0.00011475226,5.6196176e-13,5.6196176e-13,0.00011475226,0.00011475226,0.00011475226,0.00011475226,-1.2157896e-15,-1.2157896e-15,-0.00065026282,-0.00065026282,-0.00065026282,-0.00065026282,-0.00011475226,-0.00011475226,-1.2333747e-06,-1.2333747e-06,2.2165877e-18,2.2165877e-18,2.6743429e-12,2.6743429e-12,-1.2333774e-06,-1.2333774e-06,-7.3518368e-06,-7.3518368e-06,-1.2066498e-15,-1.2066498e-15,0.028523247,0.028523247,-7.618917e-14,-7.618917e-14,0.036096484,0.036096484,-3.816218e-14,-3.816218e-14,-0.00065026282,-0.00065026282,0.00076501508,0.00076501508,-0.00013005256,-0.00013005256,-2.3950777e-16,-2.3950777e-16,-1.6627441e-14,-1.6627441e-14,1.663826e-14,1.663826e-14,-1.3985155e-18,-1.3985155e-18,-2.5767192e-18,-2.5767192e-18,-3.6897543e-06,-3.6897543e-06,-7.8433146e-18,-7.8433146e-18,1.0039221e-17,1.0039221e-17,-2.2707531e-17,-2.2707531e-17,1.1416701e-06,1.1416701e-06,3.4580872e-34,3.4580872e-34
-0.00064334772,-0.00064334772,0.00064334772,0.00064334772,1.6607809e-15,1.6607809e-15,1.1852254e-15,1.1852254e-15,0.00064334772,0.00064334772,-9.6261654e-05,-9.6261654e-05,-0.00011353195,-0.00011353195,-9.5439062e-05,-9.5439062e-05,-0.00011353195,-0.00011353195,6.9778152e-11,6.9778152e-11,-6.9570269e-21,-6.9570269e-21,0.00011353195,0.00011353195,-1.2266565e-15,-1.2266565e-15,6.8762789e-06,6.8762789e-06,6.8762789e-06,6.8762789e-06,3.917773e-18,3.917773e-18,-0.00064334771,-0.00064334771,-0.00011353195,-0.00011353195,-0.00064334771,-0.00064334771,-0.00011353195,-0.00011353195,8.6923906e-18,8.6923906e-18,1.0147014e-16,1.0147014e-16,-0.00075687966,-0.00075687966,1.4281038e-16,1.4281038e-16,-0.0007533744,-0.0007533744,1.2211011e-16,1.2211011e-16,-1.9909079e-12,-1.9909079e-12,0.00011353195,0.00011353195,-1.9909357e-12,-1.9909357e-12,0.00011353195,0.00011353195,0.00011353195,0.00011353195,-1.2137308e-15,-1.2137308e-15,-0.00064334772,-0.00064334772,-0.00064334772,-0.00064334772,-0.00011353195,-0.00011353195,-1.220315e-06,-1.220315e-06,2.1937671e-18,2.1937671e-18,-2.5528975e-12,-2.5528975e-12,-1.2203125e-06,-1.2203125e-06,-7.2792388e-06,-7.2792388e-06,-1.2046877e-15,-1.2046877e-15,0.028216429,0.028216429,-7.6067067e-14,-7.6067067e-14,0.035712366,0.035712366,-3.810205e-14,-3.810205e-14,-0.00064334772,-0.00064334772,0.00075687966,0.00075687966,-0.00012866954,-0.00012866954,-2.3923332e-16,-2.3923332e-16,-1.6639617e-14,-1.6639617e-14,1.6650329e-14,1.6650329e-14,-1.3832756e-18,-1.3832756e-18,-2.5494822e-18,-2.5494822e-18,-3.5052666e-06,-3.5052666e-06,-7.7601243e-18,-7.7601243e-18,9.9322642e-18,9.9322642e-18,-2.2464502e-17,-2.2464502e-17,1.1310642e-06,1.1310642e-06,3.3876468e-34,3.3876468e-34
-0.00063650582,-0.00063650582,0.00063650582,0.00063650582,1.6598051e-15,1.6598051e-15,1.183015e-15,1.183015e-15,0.00063650582,0.00063650582,-9.5138674e-05,-9.5138674e-05,-0.00011232456,-0.00011232456,-9.432373e-05,-9.432373e-05,-0.00011232456,-0.00011232456,6.7791469e-11,6.7791469e-11,-6.7008446e-21,-6.7008446e-21,0.00011232456,0.00011232456,-1.2244796e-15,-1.2244796e-15,6.8034057e-06,6.8034057e-06,6.8034057e-06,6.8034057e-06,3.8776065e-18,3.8776065e-18,-0.00063650582,-0.00063650582,-0.00011232456,-0.00011232456,-0.00063650582,-0.00063650582,-0.00011232456,-0.00011232456,7.7068089e-18,7.7068089e-18,1.0078612e-16,1.0078612e-16,-0.00074883038,-0.00074883038,1.4079027e-16,1.4079027e-16,-0.00074550037,-0.00074550037,1.2033204e-16,1.2033204e-16,4.756628e-13,4.756628e-13,0.00011232456,0.00011232456,4.7563622e-13,4.7563622e-13,0.00011232456,0.00011232456,0.00011232456,0.00011232456,-1.2116936e-15,-1.2116936e-15,-0.00063650582,-0.00063650582,-0.00063650582,-0.00063650582,-0.00011232456,-0.00011232456,-1.2073908e-06,-1.2073908e-06,2.1711499e-18,2.1711499e-18,2.4665719e-12,2.4665719e-12,-1.2073932e-06,-1.2073932e-06,-7.2071302e-06,-7.2071302e-06,-1.2027462e-15,-1.2027462e-15,0.027913035,0.027913035,-7.5946251e-14,-7.5946251e-14,0.035332329,0.035332329,-3.8042552e-14,-3.8042552e-14,-0.00063650582,-0.00063650582,0.00074883038,0.00074883038,-0.00012730116,-0.00012730116,-2.3896158e-16,-2.3896158e-16,-1.665166e-14,-1.665166e-14,1.6662266e-14,1.6662266e-14,-1.3682056e-18,-1.3682056e-18,-2.5225254e-18,-2.5225254e-18,-3.3300033e-06,-3.3300033e-06,-7.6778053e-18,-7.6778053e-18,9.8264503e-18,9.8264503e-18,-2.2224125e-17,-2.2224125e-17,1.1205474e-06,1.1205474e-06,3.3185272e-34,3.3185272e-34
-0.00062973643,-0.00062973643,0.00062973643,0.00062973643,1.6590462e-15,1.6590462e-15,1.180828e-15,1.180828e-15,0.00062973643,0.00062973643,-9.40326e-05,-9.40326e-05,-0.00011112996,-0.00011112996,-9.3225241e-05,-9.3225241e-05,-0.00011112996,-0.00011112996,6.8271311e-11,6.8271311e-11,-6.4564951e-21,-6.4564951e-21,0.00011112996,0.00011112996,-1.2223257e-15,-1.2223257e-15,6.731353e-06,6.731353e-06,6.731353e-06,6.731353e-06,3.8377878e-18,3.8377878e-18,-0.00062973643,-0.00062973643,-0.00011112996,-0.00011112996,-0.00062973643,-0.00062973643,-0.00011112996,-0.00011112996,6.7323639e-18,6.7323639e-18,1.0010978e-16,1.0010978e-16,-0.00074086639,-0.00074086639,1.3879287e-16,1.3879287e-16,-0.00073770288,-0.00073770288,1.18573e-16,1.18573e-16,-1.8780018e-12,-1.8780018e-12,0.00011112996,0.00011112996,-1.8780272e-12,-1.8780272e-12,0.00011112996,0.00011112996,0.00011112996,0.00011112996,-1.2096779e-15,-1.2096779e-15,-0.00062973643,-0.00062973643,-0.00062973643,-0.00062973643,-0.00011112996,-0.00011112996,-1.1946008e-06,-1.1946008e-06,2.1487348e-18,2.1487348e-18,-2.3536634e-12,-2.3536634e-12,-1.1945984e-06,-1.1945984e-06,-7.1355199e-06,-7.1355199e-06,-1.2008252e-15,-1.2008252e-15,0.027613021,0.027613021,-7.5826709e-14,-7.5826709e-14,0.034956329,0.034956329,-3.7983682e-14,-3.7983682e-14,-0.00062973643,-0.00062973643,0.00074086639,0.00074086639,-0.00012594729,-0.00012594729,-2.3869253e-16,-2.3869253e-16,-1.6663573e-14,-1.6663573e-14,1.6674073e-14,1.6674073e-14,-1.3533033e-18,-1.3533033e-18,-2.4958463e-18,-2.4958463e-18,-3.1635031e-06,-3.1635031e-06,-7.596349e-18,-7.596349e-18,9.7217666e-18,9.7217666e-18,-2.1986368e-17,-2.1986368e-17,1.1101189e-06,1.1101189e-06,3.2507106e-34,3.2507106e-34
-0.00062303873,-0.00062303873,0.00062303873,0.00062303873,1.6580704e-15,1.6580704e-15,1.178664e-15,1.178664e-15,0.00062303873,0.00062303873,-9.2942996e-05,-9.2942996e-05,-0.00010994801,-0.00010994801,-9.2143157e-05,-9.2143157e-05,-0.00010994801,-0.00010994801,6.6397444e-11,6.6397444e-11,-6.2233972e-21,-6.2233972e-21,0.00010994801,0.00010994801,-1.2201946e-15,-1.2201946e-15,6.6599897e-06,6.6599897e-06,6.6599897e-06,6.6599897e-06,3.7983188e-18,3.7983188e-18,-0.00062303873,-0.00062303873,-0.00010994801,-0.00010994801,-0.00062303873,-0.00062303873,-0.00010994801,-0.00010994801,5.768906e-18,5.768906e-18,9.944103e-17,9.944103e-17,-0.00073298675,-0.00073298675,1.3681786e-16,1.3681786e-16,-0.00072998142,-0.00072998142,1.168328e-16,1.168328e-16,3.9696558e-13,3.9696558e-13,0.00010994801,0.00010994801,3.9694129e-13,3.9694129e-13,0.00010994801,0.00010994801,0.00010994801,0.00010994801,-1.2076835e-15,-1.2076835e-15,-0.00062303873,-0.00062303873,-0.00062303873,-0.00062303873,-0.00010994801,-0.00010994801,-1.1819437e-06,-1.1819437e-06,2.1265227e-18,2.1265227e-18,2.2749685e-12,2.2749685e-12,-1.181946e-06,-1.181946e-06,-7.0644161e-06,-7.0644161e-06,-1.1989245e-15,-1.1989245e-15,0.027316344,0.027316344,-7.5708427e-14,-7.5708427e-14,0.034584325,0.034584325,-3.7925433e-14,-3.7925433e-14,-0.00062303873,-0.00062303873,0.00073298675,0.00073298675,-0.00012460775,-0.00012460775,-2.3842615e-16,-2.3842615e-16,-1.6675356e-14,-1.6675356e-14,1.6685752e-14,1.6685752e-14,-1.3385669e-18,-1.3385669e-18,-2.4694424e-18,-2.4694424e-18,-3.005328e-06,-3.005328e-06,-7.5157468e-18,-7.5157468e-18,9.618201e-18,9.618201e-18,-2.17512e-17,-2.17512e-17,1.0997784e-06,1.0997784e-06,3.1841792e-34,3.1841792e-34
-0.00061641204,-0.00061641204,0.00061641204,0.00061641204,1.657203e-15,1.657203e-15,1.176523e-15,1.176523e-15,0.00061641204,0.00061641204,-9.186946e-05,-9.186946e-05,-0.0001087786,-0.0001087786,-9.1077078e-05,-9.1077078e-05,-0.0001087786,-0.0001087786,6.67985e-11,6.67985e-11,-6.0009985e-21,-6.0009985e-21,0.00010877859,0.00010877859,-1.2180861e-15,-1.2180861e-15,6.5894277e-06,6.5894277e-06,6.5894277e-06,6.5894277e-06,3.7591981e-18,3.7591981e-18,-0.00061641204,-0.00061641204,-0.0001087786,-0.0001087786,-0.00061641204,-0.00061641204,-0.0001087786,-0.0001087786,4.8162891e-18,4.8162891e-18,9.8779765e-17,9.8779765e-17,-0.00072519064,-0.00072519064,1.3486497e-16,1.3486497e-16,-0.00072233558,-0.00072233558,1.1511124e-16,1.1511124e-16,-1.7729879e-12,-1.7729879e-12,0.0001087786,0.0001087786,-1.7730112e-12,-1.7730112e-12,0.0001087786,0.0001087786,0.00010877859,0.00010877859,-1.20571e-15,-1.20571e-15,-0.00061641204,-0.00061641204,-0.00061641204,-0.00061641204,-0.0001087786,-0.0001087786,-1.1694184e-06,-1.1694184e-06,2.1045122e-18,2.1045122e-18,-2.1699524e-12,-2.1699524e-12,-1.1694162e-06,-1.1694162e-06,-6.9938262e-06,-6.9938262e-06,-1.1970439e-15,-1.1970439e-15,0.02702296,0.02702296,-7.5591393e-14,-7.5591393e-14,0.034216275,0.034216275,-3.7867797e-14,-3.7867797e-14,-0.00061641204,-0.00061641204,0.00072519064,0.00072519064,-0.00012328241,-0.00012328241,-2.3816243e-16,-2.3816243e-16,-1.6687012e-14,-1.6687012e-14,1.6697304e-14,1.6697304e-14,-1.3239944e-18,-1.3239944e-18,-2.4433113e-18,-2.4433113e-18,-2.8550616e-06,-2.8550616e-06,-7.4359903e-18,-7.4359903e-18,9.5157412e-18,9.5157412e-18,-2.151859e-17,-2.151859e-17,1.0895252e-06,1.0895252e-06,3.1189147e-34,3.1189147e-34
-0.00060985556,-0.00060985556,0.00060985556,0.00060985556,1.6564441e-15,1.6564441e-15,1.1744046e-15,1.1744046e-15,0.00060985556,0.00060985556,-9.0811588e-05,-9.0811588e-05,-0.00010762157,-0.00010762157,-9.00266e-05,-9.00266e-05,-0.00010762157,-0.00010762157,6.502956e-11,6.502956e-11,-5.7887744e-21,-5.7887744e-21,0.00010762157,0.00010762157,-1.216e-15,-1.216e-15,6.5195455e-06,6.5195455e-06,6.5195455e-06,6.5195455e-06,3.7204269e-18,3.7204269e-18,-0.00060985556,-0.00060985556,-0.00010762157,-0.00010762157,-0.00060985556,-0.00060985556,-0.00010762157,-0.00010762157,3.8743698e-18,3.8743698e-18,9.8125882e-17,9.8125882e-17,-0.00071747713,-0.00071747713,1.3293389e-16,1.3293389e-16,-0.00071476483,-0.00071476483,1.134081e-16,1.134081e-16,3.2528506e-13,3.2528506e-13,0.00010762157,0.00010762157,3.2526284e-13,3.2526284e-13,0.00010762157,0.00010762157,0.00010762157,0.00010762157,-1.2037574e-15,-1.2037574e-15,-0.00060985556,-0.00060985556,-0.00060985556,-0.00060985556,-0.00010762157,-0.00010762157,-1.1570235e-06,-1.1570235e-06,2.0827039e-18,2.0827039e-18,2.098274e-12,2.098274e-12,-1.1570256e-06,-1.1570256e-06,-6.9237569e-06,-6.9237569e-06,-1.1951831e-15,-1.1951831e-15,0.026732828,0.026732828,-7.5475595e-14,-7.5475595e-14,0.033852135,0.033852135,-3.781077e-14,-3.781077e-14,-0.00060985556,-0.00060985556,0.00071747713,0.00071747713,-0.00012197111,-0.00012197111,-2.3790134e-16,-2.3790134e-16,-1.6698541e-14,-1.6698541e-14,1.6708731e-14,1.6708731e-14,-1.309584e-18,-1.309584e-18,-2.4174505e-18,-2.4174505e-18,-2.7123085e-06,-2.7123085e-06,-7.3570709e-18,-7.3570709e-18,9.4143754e-18,9.4143754e-18,-2.128851e-17,-2.128851e-17,1.0793589e-06,1.0793589e-06,3.0548992e-34,3.0548992e-34
-0.00060336862,-0.00060336862,0.00060336862,0.00060336862,1.6552515e-15,1.6552515e-15,1.1723087e-15,1.1723087e-15,0.00060336862,0.00060336862,-8.9769009e-05,-8.9769009e-05,-0.00010647681,-0.00010647681,-8.8991352e-05,-8.8991352e-05,-0.00010647681,-0.00010647681,6.5358849e-11,6.5358849e-11,-5.5862262e-21,-5.5862262e-21,0.00010647681,0.00010647681,-1.213936e-15,-1.213936e-15,6.450446e-06,6.450446e-06,6.450446e-06,6.450446e-06,3.6820037e-18,3.6820037e-18,-0.00060336861,-0.00060336861,-0.00010647681,-0.00010647681,-0.00060336861,-0.00060336861,-0.00010647681,-0.00010647681,2.9430078e-18,2.9430078e-18,9.7479292e-17,9.7479292e-17,-0.00070984543,-0.00070984543,1.3102434e-16,1.3102434e-16,-0.00070726874,-0.00070726874,1.1172319e-16,1.1172319e-16,-1.6752715e-12,-1.6752715e-12,0.00010647681,0.00010647681,-1.6752928e-12,-1.6752928e-12,0.00010647681,0.00010647681,0.00010647681,0.00010647681,-1.2018254e-15,-1.2018254e-15,-0.00060336862,-0.00060336862,-0.00060336862,-0.00060336862,-0.00010647681,-0.00010647681,-1.1447578e-06,-1.1447578e-06,2.0610964e-18,2.0610964e-18,-2.0005556e-12,-2.0005556e-12,-1.1447558e-06,-1.1447558e-06,-6.8542142e-06,-6.8542142e-06,-1.1933419e-15,-1.1933419e-15,0.026445907,0.026445907,-7.5361019e-14,-7.5361019e-14,0.033491866,0.033491866,-3.7754344e-14,-3.7754344e-14,-0.00060336862,-0.00060336862,0.00070984543,0.00070984543,-0.00012067372,-0.00012067372,-2.3764287e-16,-2.3764287e-16,-1.6709945e-14,-1.6709945e-14,1.6720034e-14,1.6720034e-14,-1.2953338e-18,-1.2953338e-18,-2.3918574e-18,-2.3918574e-18,-2.5766931e-06,-2.5766931e-06,-7.2789804e-18,-7.2789804e-18,9.3140918e-18,9.3140918e-18,-2.1060928e-17,-2.1060928e-17,1.0692789e-06,1.0692789e-06,2.9921139e-34,2.9921139e-34
-0.00059695042,-0.00059695042,0.00059695042,0.00059695042,1.6544925e-15,1.6544925e-15,1.1702349e-15,1.1702349e-15,0.00059695042,0.00059695042,-8.8741352e-05,-8.8741352e-05,-0.00010534419,-0.00010534419,-8.7970963e-05,-8.7970963e-05,-0.00010534419,-0.00010534419,6.3687538e-11,6.3687538e-11,-5.3928801e-21,-5.3928801e-21,0.00010534419,0.00010534419,-1.2118939e-15,-1.2118939e-15,6.3820167e-06,6.3820167e-06,6.3820167e-06,6.3820167e-06,3.6439292e-18,3.6439292e-18,-0.00059695042,-0.00059695042,-0.00010534419,-0.00010534419,-0.00059695042,-0.00059695042,-0.00010534419,-0.00010534419,2.0220653e-18,2.0220653e-18,9.6839893e-17,9.6839893e-17,-0.00070229461,-0.00070229461,1.2913606e-16,1.2913606e-16,-0.00069984676,-0.00069984676,1.100563e-16,1.100563e-16,2.6005542e-13,2.6005542e-13,0.00010534419,0.00010534419,2.6003507e-13,2.6003507e-13,0.00010534419,0.00010534419,0.00010534419,0.00010534419,-1.1999139e-15,-1.1999139e-15,-0.00059695042,-0.00059695042,-0.00059695042,-0.00059695042,-0.00010534419,-0.00010534419,-1.1326202e-06,-1.1326202e-06,2.0396899e-18,2.0396899e-18,1.9353279e-12,1.9353279e-12,-1.1326221e-06,-1.1326221e-06,-6.7852034e-06,-6.7852034e-06,-1.1915203e-15,-1.1915203e-15,0.026162157,0.026162157,-7.5247654e-14,-7.5247654e-14,0.033135426,0.033135426,-3.7698515e-14,-3.7698515e-14,-0.00059695042,-0.00059695042,0.00070229461,0.00070229461,-0.00011939008,-0.00011939008,-2.3738699e-16,-2.3738699e-16,-1.6721226e-14,-1.6721226e-14,1.6731214e-14,1.6731214e-14,-1.281242e-18,-1.281242e-18,-2.3665296e-18,-2.3665296e-18,-2.4478584e-06,-2.4478584e-06,-7.2017105e-18,-7.2017105e-18,9.2148787e-18,9.2148787e-18,-2.0835816e-17,-2.0835816e-17,1.0592846e-06,1.0592846e-06,2.9305407e-34,2.9305407e-34
-0.00059060032,-0.00059060032,0.00059060032,0.00059060032,1.6536252e-15,1.6536252e-15,1.1681831e-15,1.1681831e-15,0.00059060032,0.00059060032,-8.7728272e-05,-8.7728272e-05,-0.00010422358,-0.00010422358,-8.696509e-05,-8.696509e-05,-0.00010422358,-0.00010422358,6.3951513e-11,6.3951513e-11,-5.2082858e-21,-5.2082858e-21,0.00010422358,0.00010422358,-1.2098734e-15,-1.2098734e-15,6.3143518e-06,6.3143518e-06,6.3143518e-06,6.3143518e-06,3.6062017e-18,3.6062017e-18,-0.00059060031,-0.00059060031,-0.00010422358,-0.00010422358,-0.00059060031,-0.00059060031,-0.00010422358,-0.00010422358,1.1114078e-18,1.1114078e-18,9.62076e-17,9.62076e-17,-0.0006948239,-0.0006948239,1.2726876e-16,1.2726876e-16,-0.00069249843,-0.00069249843,1.0840725e-16,1.0840725e-16,-1.5843036e-12,-1.5843036e-12,0.00010422358,0.00010422358,-1.5843231e-12,-1.5843231e-12,0.00010422358,0.00010422358,0.00010422358,0.00010422358,-1.1980224e-15,-1.1980224e-15,-0.00059060032,-0.00059060032,-0.00059060032,-0.00059060032,-0.00010422358,-0.00010422358,-1.1206092e-06,-1.1206092e-06,2.018483e-18,2.018483e-18,-1.8443582e-12,-1.8443582e-12,-1.1206074e-06,-1.1206074e-06,-6.7167293e-06,-6.7167293e-06,-1.1897178e-15,-1.1897178e-15,0.025881538,0.025881538,-7.5135486e-14,-7.5135486e-14,0.032782775,0.032782775,-3.7643275e-14,-3.7643275e-14,-0.00059060032,-0.00059060032,0.0006948239,0.0006948239,-0.00011812006,-0.00011812006,-2.371337e-16,-2.371337e-16,-1.6732385e-14,-1.6732385e-14,1.6742273e-14,1.6742273e-14,-1.2673068e-18,-1.2673068e-18,-2.3414646e-18,-2.3414646e-18,-2.3254655e-06,-2.3254655e-06,-7.1252528e-18,-7.1252528e-18,9.1167245e-18,9.1167245e-18,-2.0613145e-17,-2.0613145e-17,1.0493755e-06,1.0493755e-06,2.8701607e-34,2.8701607e-34
-0.00058431754,-0.00058431754,0.00058431754,0.00058431754,1.6527578e-15,1.6527578e-15,1.166153e-15,1.166153e-15,0.00058431754,0.00058431754,-8.6729425e-05,-8.6729425e-05,-0.00010311486,-0.00010311486,-8.5973388e-05,-8.5973388e-05,-0.00010311486,-0.00010311486,6.2371086e-11,6.2371086e-11,-5.0320156e-21,-5.0320156e-21,0.00010311486,0.00010311486,-1.2078744e-15,-1.2078744e-15,6.2473472e-06,6.2473472e-06,6.2473472e-06,6.2473472e-06,3.5688214e-18,3.5688214e-18,-0.00058431754,-0.00058431754,-0.00010311486,-0.00010311486,-0.00058431754,-0.00058431754,-0.00010311486,-0.00010311486,2.1090244e-19,2.1090244e-19,9.5582314e-17,9.5582314e-17,-0.0006874324,-0.0006874324,1.2542218e-16,1.2542218e-16,-0.0006852232,-0.0006852232,1.0677584e-16,1.0677584e-16,2.0075534e-13,2.0075534e-13,0.00010311486,0.00010311486,2.007367e-13,2.007367e-13,0.00010311486,0.00010311486,0.00010311486,0.00010311486,-1.196151e-15,-1.196151e-15,-0.00058431754,-0.00058431754,-0.00058431754,-0.00058431754,-0.00010311486,-0.00010311486,-1.1087238e-06,-1.1087238e-06,1.9974759e-18,1.9974759e-18,1.7850598e-12,1.7850598e-12,-1.1087256e-06,-1.1087256e-06,-6.6487961e-06,-6.6487961e-06,-1.1879345e-15,-1.1879345e-15,0.025604011,0.025604011,-7.5024505e-14,-7.5024505e-14,0.032433873,0.032433873,-3.7588619e-14,-3.7588619e-14,-0.00058431754,-0.00058431754,0.0006874324,0.0006874324,-0.00011686351,-0.00011686351,-2.3688295e-16,-2.3688295e-16,-1.6743422e-14,-1.6743422e-14,1.6753211e-14,1.6753211e-14,-1.2535263e-18,-1.2535263e-18,-2.3166601e-18,-2.3166601e-18,-2.2091922e-06,-2.2091922e-06,-7.0495993e-18,-7.0495993e-18,9.0196179e-18,9.0196179e-18,-2.0392888e-17,-2.0392888e-17,1.0395511e-06,1.0395511e-06,2.8109556e-34,2.8109556e-34
-0.00057810143,-0.00057810143,0.00057810143,0.00057810143,1.6518904e-15,1.6518904e-15,1.1641444e-15,1.1641444e-15,0.00057810143,0.00057810143,-8.5744494e-05,-8.5744494e-05,-0.0001020179,-0.0001020179,-8.4995541e-05,-8.4995541e-05,-0.0001020179,-0.0001020179,6.2575678e-11,6.2575678e-11,-4.863663e-21,-4.863663e-21,0.0001020179,0.0001020179,-1.2058965e-15,-1.2058965e-15,6.1810893e-06,6.1810893e-06,6.1810893e-06,6.1810893e-06,3.5317864e-18,3.5317864e-18,-0.00057810142,-0.00057810142,-0.0001020179,-0.0001020179,-0.00057810142,-0.00057810142,-0.0001020179,-0.0001020179,-6.7958008e-19,-6.7958008e-19,9.4963953e-17,9.4963953e-17,-0.00068011932,-0.00068011932,1.2359605e-16,1.2359605e-16,-0.00067802059,-0.00067802059,1.0516188e-16,1.0516188e-16,-1.4995775e-12,-1.4995775e-12,0.0001020179,0.0001020179,-1.4995954e-12,-1.4995954e-12,0.0001020179,0.0001020179,0.0001020179,0.0001020179,-1.1942994e-15,-1.1942994e-15,-0.00057810143,-0.00057810143,-0.00057810143,-0.00057810143,-0.0001020179,-0.0001020179,-1.0969627e-06,-1.0969627e-06,1.9766668e-18,1.9766668e-18,-1.7003321e-12,-1.7003321e-12,-1.096961e-06,-1.096961e-06,-6.5814075e-06,-6.5814075e-06,-1.18617e-15,-1.18617e-15,0.025329538,0.025329538,-7.4914696e-14,-7.4914696e-14,0.03208868,0.03208868,-3.753454e-14,-3.753454e-14,-0.00057810143,-0.00057810143,0.00068011932,0.00068011932,-0.00011562029,-0.00011562029,-2.3663474e-16,-2.3663474e-16,-1.675434e-14,-1.675434e-14,1.6764032e-14,1.6764032e-14,-1.2398988e-18,-1.2398988e-18,-2.2921134e-18,-2.2921134e-18,-2.0987326e-06,-2.0987326e-06,-6.9747418e-18,-6.9747418e-18,8.9235475e-18,8.9235475e-18,-2.0175016e-17,-2.0175016e-17,1.0298108e-06,1.0298108e-06,2.7529067e-34,2.7529067e-34
-0.00057195124,-0.00057195124,0.00057195124,0.00057195124,1.6509146e-15,1.6509146e-15,1.1621571e-15,1.1621571e-15,0.00057195124,0.00057195124,-8.4773159e-05,-8.4773159e-05,-0.00010093257,-0.00010093257,-8.4031229e-05,-8.4031229e-05,-0.00010093257,-0.00010093257,6.1079895e-11,6.1079895e-11,-4.7028415e-21,-4.7028415e-21,0.00010093257,0.00010093257,-1.2039397e-15,-1.2039397e-15,6.1154817e-06,6.1154817e-06,6.1154817e-06,6.1154817e-06,3.4950967e-18,3.4950967e-18,-0.00057195124,-0.00057195124,-0.00010093257,-0.00010093257,-0.00057195124,-0.00057195124,-0.00010093257,-0.00010093257,-1.5601674e-18,-1.5601674e-18,9.4352424e-17,9.4352424e-17,-0.00067288381,-0.00067288381,1.2179013e-16,1.2179013e-16,-0.00067089002,-0.00067089002,1.0356518e-16,1.0356518e-16,1.469046e-13,1.469046e-13,0.00010093257,0.00010093257,1.468875e-13,1.468875e-13,0.00010093257,0.00010093257,0.00010093257,0.00010093257,-1.1924673e-15,-1.1924673e-15,-0.00057195124,-0.00057195124,-0.00057195124,-0.00057195124,-0.00010093257,-0.00010093257,-1.0853246e-06,-1.0853246e-06,1.9560559e-18,1.9560559e-18,1.6464829e-12,1.6464829e-12,-1.0853263e-06,-1.0853263e-06,-6.5145665e-06,-6.5145665e-06,-1.1844241e-15,-1.1844241e-15,0.025058082,0.025058082,-7.480605e-14,-7.480605e-14,0.031747157,0.031747157,-3.7481034e-14,-3.7481034e-14,-0.00057195124,-0.00057195124,0.00067288381,0.00067288381,-0.00011439025,-0.00011439025,-2.3638905e-16,-2.3638905e-16,-1.676514e-14,-1.676514e-14,1.6774735e-14,1.6774735e-14,-1.2264225e-18,-1.2264225e-18,-2.2678223e-18,-2.2678223e-18,-1.993796e-06,-1.993796e-06,-6.9006723e-18,-6.9006723e-18,8.8285023e-18,8.8285023e-18,-1.9959502e-17,-1.9959502e-17,1.0201541e-06,1.0201541e-06,2.6959955e-34,2.6959955e-34
-0.00056586634,-0.00056586634,0.00056586634,0.00056586634,1.6502641e-15,1.6502641e-15,1.1601909e-15,1.1601909e-15,0.00056586634,0.00056586634,-8.3815125e-05,-8.3815125e-05,-9.9858765e-05,-9.9858765e-05,-8.3080158e-05,-8.3080158e-05,-9.9858765e-05,-9.9858765e-05,6.1230554e-11,6.1230554e-11,-4.5491841e-21,-4.5491841e-21,9.9858764e-05,9.9858764e-05,-1.2020036e-15,-1.2020036e-15,6.0506035e-06,6.0506035e-06,6.0506035e-06,6.0506035e-06,3.4587502e-18,3.4587502e-18,-0.00056586634,-0.00056586634,-9.9858765e-05,-9.9858765e-05,-0.00056586634,-0.00056586634,-9.9858765e-05,-9.9858765e-05,-2.4309843e-18,-2.4309843e-18,9.3747648e-17,9.3747648e-17,-0.0006657251,-0.0006657251,1.2000415e-16,1.2000415e-16,-0.00066383099,-0.00066383099,1.0198555e-16,1.0198555e-16,-1.4206255e-12,-1.4206255e-12,9.9858765e-05,9.9858765e-05,-1.4206419e-12,-1.4206419e-12,9.9858765e-05,9.9858765e-05,9.9858764e-05,9.9858764e-05,-1.1906546e-15,-1.1906546e-15,-0.00056586634,-0.00056586634,-0.00056586634,-0.00056586634,-9.9858765e-05,-9.9858765e-05,-1.0738085e-06,-1.0738085e-06,1.9356413e-18,1.9356413e-18,-1.5675294e-12,-1.5675294e-12,-1.0738069e-06,-1.0738069e-06,-6.4482759e-06,-6.4482759e-06,-1.1826968e-15,-1.1826968e-15,0.024789605,0.024789605,-7.4698553e-14,-7.4698553e-14,0.031409264,0.031409264,-3.7428093e-14,-3.7428093e-14,-0.00056586634,-0.00056586634,0.0006657251,0.0006657251,-0.00011317327,-0.00011317327,-2.3614586e-16,-2.3614586e-16,-1.6775824e-14,-1.6775824e-14,1.6785322e-14,1.6785322e-14,-1.2130957e-18,-1.2130957e-18,-2.2437842e-18,-2.2437842e-18,-1.8941062e-06,-1.8941062e-06,-6.8273828e-18,-6.8273828e-18,8.7344711e-18,8.7344711e-18,-1.9746318e-17,-1.9746318e-17,1.0105804e-06,1.0105804e-06,2.6402033e-34,2.6402033e-34
-0.00055984599,-0.00055984599,0.00055984599,0.00055984599,1.6493968e-15,1.6493968e-15,1.1582455e-15,1.1582455e-15,0.00055984599,0.00055984599,-8.2870098e-05,-8.2870098e-05,-9.8796351e-05,-9.8796351e-05,-8.2142033e-05,-8.2142033e-05,-9.8796351e-05,-9.8796351e-05,5.9813643e-11,5.9813643e-11,-4.4023419e-21,-4.4023419e-21,9.8796351e-05,9.8796351e-05,-1.2000881e-15,-1.2000881e-15,5.9863654e-06,5.9863654e-06,5.9863654e-06,5.9863654e-06,3.4227464e-18,3.4227464e-18,-0.00055984599,-0.00055984599,-9.8796351e-05,-9.8796351e-05,-0.00055984599,-0.00055984599,-9.8796351e-05,-9.8796351e-05,-3.2921537e-18,-3.2921537e-18,9.3149532e-17,9.3149532e-17,-0.00065864234,-0.00065864234,1.1823788e-16,1.1823788e-16,-0.00065684294,-0.00065684294,1.0042281e-16,1.0042281e-16,9.8060777e-14,9.8060777e-14,9.8796351e-05,9.8796351e-05,9.8045075e-14,9.8045075e-14,9.8796351e-05,9.8796351e-05,9.8796351e-05,9.8796351e-05,-1.1888611e-15,-1.1888611e-15,-0.00055984599,-0.00055984599,-0.00055984599,-0.00055984599,-9.8796351e-05,-9.8796351e-05,-1.062413e-06,-1.062413e-06,1.915423e-18,1.915423e-18,1.518687e-12,1.518687e-12,-1.0624145e-06,-1.0624145e-06,-6.3825378e-06,-6.3825378e-06,-1.1809877e-15,-1.1809877e-15,0.024524072,0.024524072,-7.4592193e-14,-7.4592193e-14,0.031074965,0.031074965,-3.7375713e-14,-3.7375713e-14,-0.00055984599,-0.00055984599,0.00065864234,0.00065864234,-0.0001119692,-0.0001119692,-2.3590513e-16,-2.3590513e-16,-1.6786391e-14,-1.6786391e-14,1.6795794e-14,1.6795794e-14,-1.1999167e-18,-1.1999167e-18,-2.2199968e-18,-2.2199968e-18,-1.7994009e-06,-1.7994009e-06,-6.7548654e-18,-6.7548654e-18,8.6414432e-18,8.6414432e-18,-1.9535439e-17,-1.9535439e-17,1.0010891e-06,1.0010891e-06,2.585512e-34,2.585512e-34
-0.00055388955,-0.00055388955,0.00055388955,0.00055388955,1.6486378e-15,1.6486378e-15,1.1563207e-15,1.1563207e-15,0.00055388955,0.00055388955,-8.1937802e-05,-8.1937802e-05,-9.7745215e-05,-9.7745215e-05,-8.121658e-05,-8.121658e-05,-9.7745215e-05,-9.7745215e-05,5.9915379e-11,5.9915379e-11,-4.2619835e-21,-4.2619835e-21,9.7745214e-05,9.7745214e-05,-1.198193e-15,-1.198193e-15,5.9228401e-06,5.9228401e-06,5.9228401e-06,5.9228401e-06,3.3870831e-18,3.3870831e-18,-0.00055388955,-0.00055388955,-9.7745215e-05,-9.7745215e-05,-0.00055388955,-0.00055388955,-9.7745215e-05,-9.7745215e-05,-4.1437959e-18,-4.1437959e-18,9.2558002e-17,9.2558002e-17,-0.00065163477,-0.00065163477,1.1649106e-16,1.1649106e-16,-0.00064992534,-0.00064992534,9.8876775e-17,9.8876775e-17,-1.347016e-12,-1.347016e-12,9.7745215e-05,9.7745215e-05,-1.3470311e-12,-1.3470311e-12,9.7745215e-05,9.7745215e-05,9.7745214e-05,9.7745214e-05,-1.1870866e-15,-1.1870866e-15,-0.00055388955,-0.00055388955,-0.00055388955,-0.00055388955,-9.7745215e-05,-9.7745215e-05,-1.051137e-06,-1.051137e-06,1.8953992e-18,1.8953992e-18,-1.4450761e-12,-1.4450761e-12,-1.0511356e-06,-1.0511356e-06,-6.317354e-06,-6.317354e-06,-1.1792967e-15,-1.1792967e-15,0.024261447,0.024261447,-7.448696e-14,-7.448696e-14,0.03074422,0.03074422,-3.7323886e-14,-3.7323886e-14,-0.00055388955,-0.00055388955,0.00065163477,0.00065163477,-0.00011077791,-0.00011077791,-2.3566687e-16,-2.3566687e-16,-1.6796845e-14,-1.6796845e-14,1.6806153e-14,1.6806153e-14,-1.1868837e-18,-1.1868837e-18,-2.1964576e-18,-2.1964576e-18,-1.7094308e-06,-1.7094308e-06,-6.6831122e-18,-6.6831122e-18,8.5494076e-18,8.5494076e-18,-1.9326838e-17,-1.9326838e-17,9.9167986e-07,9.9167986e-07,2.5319028e-34,2.5319028e-34
-0.00054799633,-0.00054799633,0.00054799633,0.00054799633,1.6478789e-15,1.6478789e-15,1.1544164e-15,1.1544164e-15,0.00054799633,0.00054799633,-8.1017963e-05,-8.1017963e-05,-9.6705234e-05,-9.6705234e-05,-8.0303526e-05,-8.0303526e-05,-9.6705234e-05,-9.6705234e-05,5.8571999e-11,5.8571999e-11,-4.1277937e-21,-4.1277937e-21,9.6705234e-05,9.6705234e-05,-1.1963179e-15,-1.1963179e-15,5.8599445e-06,5.8599445e-06,5.8599445e-06,5.8599445e-06,3.3517598e-18,3.3517598e-18,-0.00054799633,-0.00054799633,-9.6705234e-05,-9.6705234e-05,-0.00054799633,-0.00054799633,-9.6705234e-05,-9.6705234e-05,-4.9860293e-18,-4.9860293e-18,9.1972969e-17,9.1972969e-17,-0.00064470156,-0.00064470156,1.1476346e-16,1.1476346e-16,-0.0006430776,-0.0006430776,9.7347262e-17,9.7347262e-17,5.3816342e-14,5.3816342e-14,9.6705234e-05,9.6705234e-05,5.3801906e-14,5.3801906e-14,9.6705234e-05,9.6705234e-05,9.6705234e-05,9.6705234e-05,-1.1853309e-15,-1.1853309e-15,-0.00054799633,-0.00054799633,-0.00054799633,-0.00054799633,-9.6705234e-05,-9.6705234e-05,-1.0399794e-06,-1.0399794e-06,1.8755695e-18,1.8755695e-18,1.400833e-12,1.400833e-12,-1.0399808e-06,-1.0399808e-06,-6.2527259e-06,-6.2527259e-06,-1.1776237e-15,-1.1776237e-15,0.024001695,0.024001695,-7.4382841e-14,-7.4382841e-14,0.030416993,0.030416993,-3.7272609e-14,-3.7272609e-14,-0.00054799633,-0.00054799633,0.00064470156,0.00064470156,-0.00010959927,-0.00010959927,-2.3543103e-16,-2.3543103e-16,-1.6807185e-14,-1.6807185e-14,1.68164e-14,1.68164e-14,-1.1739952e-18,-1.1739952e-18,-2.1731642e-18,-2.1731642e-18,-1.6239593e-06,-1.6239593e-06,-6.6121155e-18,-6.6121155e-18,8.4583537e-18,8.4583537e-18,-1.9120489e-17,-1.9120489e-17,9.8235197e-07,9.8235197e-07,2.4793576e-34,2.4793576e-34
-0.00054216568,-0.00054216568,0.00054216568,0.00054216568,1.6471199e-15,1.6471199e-15,1.1525323e-15,1.1525323e-15,0.00054216568,0.00054216568,-8.0110327e-05,-8.0110327e-05,-9.5676297e-05,-9.5676297e-05,-7.9402615e-05,-7.9402615e-05,-9.5676297e-05,-9.5676297e-05,5.8629412e-11,5.8629412e-11,-3.9994733e-21,-3.9994733e-21,9.5676295e-05,9.5676295e-05,-1.1944628e-15,-1.1944628e-15,5.7977453e-06,5.7977453e-06,5.7977454e-06,5.7977454e-06,3.3167739e-18,3.3167739e-18,-0.00054216568,-0.00054216568,-9.5676297e-05,-9.5676297e-05,-0.00054216568,-0.00054216568,-9.5676297e-05,-9.5676297e-05,-5.8189701e-18,-5.8189701e-18,9.1394361e-17,9.1394361e-17,-0.00063784198,-0.00063784198,1.1305484e-16,1.1305484e-16,-0.00063629922,-0.00063629922,9.5834097e-17,9.5834097e-17,-1.2783504e-12,-1.2783504e-12,9.5676297e-05,9.5676297e-05,-1.2783642e-12,-1.2783642e-12,9.5676297e-05,9.5676297e-05,9.5676295e-05,9.5676295e-05,-1.1835937e-15,-1.1835937e-15,-0.00054216568,-0.00054216568,-0.00054216568,-0.00054216568,-9.5676297e-05,-9.5676297e-05,-1.0289389e-06,-1.0289389e-06,1.8559323e-18,1.8559323e-18,-1.3321661e-12,-1.3321661e-12,-1.0289376e-06,-1.0289376e-06,-6.1886546e-06,-6.1886546e-06,-1.1759684e-15,-1.1759684e-15,0.023744781,0.023744781,-7.4279825e-14,-7.4279825e-14,0.030093245,0.030093245,-3.7221874e-14,-3.7221874e-14,-0.00054216568,-0.00054216568,0.00063784198,0.00063784198,-0.00010843314,-0.00010843314,-2.3519761e-16,-2.3519761e-16,-1.6817414e-14,-1.6817414e-14,1.6826536e-14,1.6826536e-14,-1.1612495e-18,-1.1612495e-18,-2.1501143e-18,-2.1501143e-18,-1.5427613e-06,-1.5427613e-06,-6.5418676e-18,-6.5418676e-18,8.368271e-18,8.368271e-18,-1.8916366e-17,-1.8916366e-17,9.7310492e-07,9.7310492e-07,2.4278582e-34,2.4278582e-34
-0.00053639693,-0.00053639693,0.00053639693,0.00053639693,1.6462526e-15,1.6462526e-15,1.1506681e-15,1.1506681e-15,0.00053639693,0.00053639693,-7.9214638e-05,-7.9214638e-05,-9.4658281e-05,-9.4658281e-05,-7.8513592e-05,-7.8513592e-05,-9.4658281e-05,-9.4658281e-05,5.735462e-11,5.735462e-11,-3.8767377e-21,-3.8767377e-21,9.4658281e-05,9.4658281e-05,-1.1926274e-15,-1.1926274e-15,5.7361656e-06,5.7361656e-06,5.7361656e-06,5.7361656e-06,3.2821247e-18,3.2821247e-18,-0.00053639693,-0.00053639693,-9.4658281e-05,-9.4658281e-05,-0.00053639693,-0.00053639693,-9.4658281e-05,-9.4658281e-05,-6.6427326e-18,-6.6427326e-18,9.0822092e-17,9.0822092e-17,-0.00063105521,-0.00063105521,1.1136497e-16,1.1136497e-16,-0.00062958958,-0.00062958958,9.4337099e-17,9.4337099e-17,1.3795913e-14,1.3795913e-14,9.4658281e-05,9.4658281e-05,1.3782627e-14,1.3782627e-14,9.4658281e-05,9.4658281e-05,9.4658281e-05,9.4658281e-05,-1.181875e-15,-1.181875e-15,-0.00053639693,-0.00053639693,-0.00053639693,-0.00053639693,-9.4658281e-05,-9.4658281e-05,-1.0180144e-06,-1.0180144e-06,1.8364871e-18,1.8364871e-18,1.2921468e-12,1.2921468e-12,-1.0180157e-06,-1.0180157e-06,-6.1251405e-06,-6.1251405e-06,-1.1743306e-15,-1.1743306e-15,0.023490672,0.023490672,-7.4177901e-14,-7.4177901e-14,0.02977294,0.02977294,-3.7171677e-14,-3.7171677e-14,-0.00053639693,-0.00053639693,0.00063105521,0.00063105521,-0.00010727939,-0.00010727939,-2.3496658e-16,-2.3496658e-16,-1.6827532e-14,-1.6827532e-14,1.6836563e-14,1.6836563e-14,-1.1486448e-18,-1.1486448e-18,-2.1273055e-18,-2.1273055e-18,-1.4656233e-06,-1.4656233e-06,-6.4723608e-18,-6.4723608e-18,8.2791491e-18,8.2791491e-18,-1.8714445e-17,-1.8714445e-17,9.6393817e-07,9.6393817e-07,2.3773867e-34,2.3773867e-34
-0.00053068944,-0.00053068944,0.00053068944,0.00053068944,1.6456021e-15,1.6456021e-15,1.1488238e-15,1.1488238e-15,0.00053068944,0.00053068944,-7.8330659e-05,-7.8330659e-05,-9.3651078e-05,-9.3651078e-05,-7.7636221e-05,-7.7636221e-05,-9.3651078e-05,-9.3651078e-05,5.7371937e-11,5.7371937e-11,-3.7593164e-21,-3.7593164e-21,9.3651076e-05,9.3651076e-05,-1.1908115e-15,-1.1908115e-15,5.6752664e-06,5.6752664e-06,5.6752664e-06,5.6752664e-06,3.2478096e-18,3.2478096e-18,-0.00053068944,-0.00053068944,-9.3651078e-05,-9.3651078e-05,-0.00053068944,-0.00053068944,-9.3651078e-05,-9.3651078e-05,-7.457429e-18,-7.457429e-18,9.0256091e-17,9.0256091e-17,-0.00062434052,-0.00062434052,1.0969363e-16,1.0969363e-16,-0.00062294818,-0.00062294818,9.2856097e-17,9.2856097e-17,-1.2142608e-12,-1.2142608e-12,9.3651078e-05,9.3651078e-05,-1.2142735e-12,-1.2142735e-12,9.3651078e-05,9.3651078e-05,9.3651076e-05,9.3651076e-05,-1.1801744e-15,-1.1801744e-15,-0.00053068944,-0.00053068944,-0.00053068944,-0.00053068944,-9.3651078e-05,-9.3651078e-05,-1.0072047e-06,-1.0072047e-06,1.817232e-18,1.817232e-18,-1.2280561e-12,-1.2280561e-12,-1.0072034e-06,-1.0072034e-06,-6.062184e-06,-6.062184e-06,-1.1727102e-15,-1.1727102e-15,0.023239334,0.023239334,-7.4077056e-14,-7.4077056e-14,0.029456042,0.029456042,-3.7122012e-14,-3.7122012e-14,-0.00053068944,-0.00053068944,0.00062434052,0.00062434052,-0.00010613789,-0.00010613789,-2.3473793e-16,-2.3473793e-16,-1.683754e-14,-1.683754e-14,1.6846481e-14,1.6846481e-14,-1.1361797e-18,-1.1361797e-18,-2.1047355e-18,-2.1047355e-18,-1.3923421e-06,-1.3923421e-06,-6.4035875e-18,-6.4035875e-18,8.1909775e-18,8.1909775e-18,-1.85147e-17,-1.85147e-17,9.5485116e-07,9.5485116e-07,2.3279248e-34,2.3279248e-34
-0.00052504255,-0.00052504255,0.00052504255,0.00052504255,1.6446263e-15,1.6446263e-15,1.146999e-15,1.146999e-15,0.00052504255,0.00052504255,-7.7458151e-05,-7.7458151e-05,-9.2654568e-05,-9.2654568e-05,-7.6770265e-05,-7.6770265e-05,-9.2654568e-05,-9.2654568e-05,5.6161159e-11,5.6161159e-11,-3.6469527e-21,-3.6469527e-21,9.2654568e-05,9.2654568e-05,-1.1890148e-15,-1.1890148e-15,5.6149763e-06,5.6149763e-06,5.6149763e-06,5.6149763e-06,3.2138276e-18,3.2138276e-18,-0.00052504255,-0.00052504255,-9.2654568e-05,-9.2654568e-05,-0.00052504255,-0.00052504255,-9.2654568e-05,-9.2654568e-05,-8.2631698e-18,-8.2631698e-18,8.9696278e-17,8.9696278e-17,-0.00061769712,-0.00061769712,1.0804058e-16,1.0804058e-16,-0.00061637439,-0.00061637439,9.1390916e-17,9.1390916e-17,-2.2346257e-14,-2.2346257e-14,9.2654568e-05,9.2654568e-05,-2.2358502e-14,-2.2358502e-14,9.2654568e-05,9.2654568e-05,9.2654568e-05,9.2654568e-05,-1.1784919e-15,-1.1784919e-15,-0.00052504255,-0.00052504255,-0.00052504255,-0.00052504255,-9.2654568e-05,-9.2654568e-05,-9.9650862e-07,-9.9650862e-07,1.7981665e-18,1.7981665e-18,1.191915e-12,1.191915e-12,-9.9650981e-07,-9.9650981e-07,-5.9997852e-06,-5.9997852e-06,-1.1711069e-15,-1.1711069e-15,0.022990735,0.022990735,-7.3977281e-14,-7.3977281e-14,0.029142513,0.029142513,-3.7072873e-14,-3.7072873e-14,-0.00052504255,-0.00052504255,0.00061769712,0.00061769712,-0.00010500851,-0.00010500851,-2.3451162e-16,-2.3451162e-16,-1.6847441e-14,-1.6847441e-14,1.6856291e-14,1.6856291e-14,-1.1238525e-18,-1.1238525e-18,-2.0824019e-18,-2.0824019e-18,-1.322725e-06,-1.322725e-06,-6.3355403e-18,-6.3355403e-18,8.1037463e-18,8.1037463e-18,-1.8317107e-17,-1.8317107e-17,9.4584335e-07,9.4584335e-07,2.2794551e-34,2.2794551e-34
-0.00051945565,-0.00051945565,0.00051945565,0.00051945565,1.6439758e-15,1.6439758e-15,1.1451936e-15,1.1451936e-15,0.00051945565,0.00051945565,-7.6596892e-05,-7.6596892e-05,-9.1668644e-05,-9.1668644e-05,-7.59155e-05,-7.59155e-05,-9.1668644e-05,-9.1668644e-05,5.6142259e-11,5.6142259e-11,-3.5394022e-21,-3.5394022e-21,9.1668643e-05,9.1668643e-05,-1.1872373e-15,-1.1872373e-15,5.5553511e-06,5.5553511e-06,5.5553512e-06,5.5553512e-06,3.180176e-18,3.180176e-18,-0.00051945565,-0.00051945565,-9.1668644e-05,-9.1668644e-05,-0.00051945565,-0.00051945565,-9.1668644e-05,-9.1668644e-05,-9.0600634e-18,-9.0600634e-18,8.9142583e-17,8.9142583e-17,-0.00061112429,-0.00061112429,1.0640562e-16,1.0640562e-16,-0.0006098677,-0.0006098677,8.9941388e-17,8.9941388e-17,-1.1544075e-12,-1.1544075e-12,9.1668644e-05,9.1668644e-05,-1.1544193e-12,-1.1544193e-12,9.1668644e-05,9.1668644e-05,9.1668643e-05,9.1668643e-05,-1.1768272e-15,-1.1768272e-15,-0.00051945565,-0.00051945565,-0.00051945565,-0.00051945565,-9.1668644e-05,-9.1668644e-05,-9.8592511e-07,-9.8592511e-07,1.7792889e-18,1.7792889e-18,-1.1320608e-12,-1.1320608e-12,-9.8592398e-07,-9.8592398e-07,-5.9379437e-06,-5.9379437e-06,-1.1695207e-15,-1.1695207e-15,0.022744842,0.022744842,-7.3878564e-14,-7.3878564e-14,0.02883232,0.02883232,-3.7024255e-14,-3.7024255e-14,-0.00051945565,-0.00051945565,0.00061112429,0.00061112429,-0.00010389113,-0.00010389113,-2.3428765e-16,-2.3428765e-16,-1.6857235e-14,-1.6857235e-14,1.6865996e-14,1.6865996e-14,-1.1116616e-18,-1.1116616e-18,-2.0603023e-18,-2.0603023e-18,-1.2565887e-06,-1.2565887e-06,-6.2682116e-18,-6.2682116e-18,8.0174451e-18,8.0174451e-18,-1.8121642e-17,-1.8121642e-17,9.369142e-07,9.369142e-07,2.2319597e-34,2.2319597e-34
-0.00051392807,-0.00051392807,0.00051392807,0.00051392807,1.6432168e-15,1.6432168e-15,1.1434074e-15,1.1434074e-15,0.00051392807,0.00051392807,-7.5746662e-05,-7.5746662e-05,-9.069319e-05,-9.069319e-05,-7.5071707e-05,-7.5071707e-05,-9.069319e-05,-9.069319e-05,5.4991261e-11,5.4991261e-11,-3.4364328e-21,-3.4364328e-21,9.069319e-05,9.069319e-05,-1.1854787e-15,-1.1854787e-15,5.4963248e-06,5.4963248e-06,5.4963248e-06,5.4963248e-06,3.1468536e-18,3.1468536e-18,-0.00051392807,-0.00051392807,-9.069319e-05,-9.069319e-05,-0.00051392807,-0.00051392807,-9.069319e-05,-9.069319e-05,-9.8482167e-18,-9.8482167e-18,8.8594927e-17,8.8594927e-17,-0.00060462126,-0.00060462126,1.0478852e-16,1.0478852e-16,-0.00060342751,-0.00060342751,8.850734e-17,8.850734e-17,-5.4928606e-14,-5.4928606e-14,9.069319e-05,9.069319e-05,-5.4939905e-14,-5.4939905e-14,9.069319e-05,9.069319e-05,9.069319e-05,9.069319e-05,-1.1751802e-15,-1.1751802e-15,-0.00051392807,-0.00051392807,-0.00051392807,-0.00051392807,-9.069319e-05,-9.069319e-05,-9.7545302e-07,-9.7545302e-07,1.7605983e-18,1.7605983e-18,1.0994794e-12,1.0994794e-12,-9.7545412e-07,-9.7545412e-07,-5.876659e-06,-5.876659e-06,-1.1679512e-15,-1.1679512e-15,0.022501623,0.022501623,-7.3780893e-14,-7.3780893e-14,0.028525426,0.028525426,-3.6976152e-14,-3.6976152e-14,-0.00051392807,-0.00051392807,0.00060462126,0.00060462126,-0.00010278561,-0.00010278561,-2.3406598e-16,-2.3406598e-16,-1.6866923e-14,-1.6866923e-14,1.6875596e-14,1.6875596e-14,-1.0996055e-18,-1.0996055e-18,-2.0384346e-18,-2.0384346e-18,-1.1937593e-06,-1.1937593e-06,-6.2015942e-18,-6.2015942e-18,7.9320642e-18,7.9320642e-18,-1.7928281e-17,-1.7928281e-17,9.2806315e-07,9.2806315e-07,2.1854213e-34,2.1854213e-34
-0.00050845923,-0.00050845923,0.00050845923,0.00050845923,1.6425663e-15,1.6425663e-15,1.1416401e-15,1.1416401e-15,0.00050845923,0.00050845923,-7.4907253e-05,-7.4907253e-05,-8.9728099e-05,-8.9728099e-05,-7.4238679e-05,-7.4238679e-05,-8.9728099e-05,-8.9728099e-05,5.4939705e-11,5.4939705e-11,-3.3378241e-21,-3.3378241e-21,8.9728098e-05,8.9728098e-05,-1.1837387e-15,-1.1837387e-15,5.4379482e-06,5.4379482e-06,5.4379482e-06,5.4379482e-06,3.1138578e-18,3.1138578e-18,-0.00050845923,-0.00050845923,-8.9728099e-05,-8.9728099e-05,-0.00050845923,-0.00050845923,-8.9728099e-05,-8.9728099e-05,-1.0627734e-17,-1.0627734e-17,8.8053243e-17,8.8053243e-17,-0.00059818733,-0.00059818733,1.0318908e-16,1.0318908e-16,-0.00059705326,-0.00059705326,8.708861e-17,8.708861e-17,-1.0984771e-12,-1.0984771e-12,8.9728099e-05,8.9728099e-05,-1.0984879e-12,-1.0984879e-12,8.9728099e-05,8.9728099e-05,8.9728098e-05,8.9728098e-05,-1.1735506e-15,-1.1735506e-15,-0.00050845923,-0.00050845923,-0.00050845923,-0.00050845923,-8.9728099e-05,-8.9728099e-05,-9.650912e-07,-9.650912e-07,1.7420931e-18,1.7420931e-18,-1.043548e-12,-1.043548e-12,-9.6509015e-07,-9.6509015e-07,-5.8159301e-06,-5.8159301e-06,-1.1663985e-15,-1.1663985e-15,0.022261048,0.022261048,-7.3684258e-14,-7.3684258e-14,0.028221796,0.028221796,-3.692856e-14,-3.692856e-14,-0.00050845923,-0.00050845923,0.00059818733,0.00059818733,-0.00010169185,-0.00010169185,-2.338466e-16,-2.338466e-16,-1.6876507e-14,-1.6876507e-14,1.6885092e-14,1.6885092e-14,-1.0876827e-18,-1.0876827e-18,-2.0167963e-18,-2.0167963e-18,-1.1340713e-06,-1.1340713e-06,-6.1356806e-18,-6.1356806e-18,7.8475935e-18,7.8475935e-18,-1.7737e-17,-1.7737e-17,9.1928967e-07,9.1928967e-07,2.1398226e-34,2.1398226e-34
-0.00050304847,-0.00050304847,0.00050304847,0.00050304847,1.6416989e-15,1.6416989e-15,1.1398916e-15,1.1398916e-15,0.00050304847,0.00050304847,-7.4078457e-05,-7.4078457e-05,-8.877326e-05,-8.877326e-05,-7.3416207e-05,-7.3416207e-05,-8.877326e-05,-8.877326e-05,5.3844565e-11,5.3844565e-11,-3.2433663e-21,-3.2433663e-21,8.877326e-05,8.877326e-05,-1.1820173e-15,-1.1820173e-15,5.3801601e-06,5.3801601e-06,5.3801601e-06,5.3801601e-06,3.081187e-18,3.081187e-18,-0.00050304847,-0.00050304847,-8.877326e-05,-8.877326e-05,-0.00050304847,-0.00050304847,-8.877326e-05,-8.877326e-05,-1.139872e-17,-1.139872e-17,8.7517456e-17,8.7517456e-17,-0.00059182173,-0.00059182173,1.0160708e-16,1.0160708e-16,-0.00059074437,-0.00059074437,8.5685029e-17,8.5685029e-17,-8.4244395e-14,-8.4244395e-14,8.877326e-05,8.877326e-05,-8.4254836e-14,-8.4254836e-14,8.877326e-05,8.877326e-05,8.877326e-05,8.877326e-05,-1.1719383e-15,-1.1719383e-15,-0.00050304847,-0.00050304847,-0.00050304847,-0.00050304847,-8.877326e-05,-8.877326e-05,-9.5483854e-07,-9.5483854e-07,1.7237725e-18,1.7237725e-18,1.0142331e-12,1.0142331e-12,-9.5483956e-07,-9.5483956e-07,-5.755756e-06,-5.755756e-06,-1.1648622e-15,-1.1648622e-15,0.022023084,0.022023084,-7.3588649e-14,-7.3588649e-14,0.027921397,0.027921397,-3.6881472e-14,-3.6881472e-14,-0.00050304847,-0.00050304847,0.00059182173,0.00059182173,-0.00010060969,-0.00010060969,-2.3362949e-16,-2.3362949e-16,-1.6885987e-14,-1.6885987e-14,1.6894486e-14,1.6894486e-14,-1.0758916e-18,-1.0758916e-18,-1.9953852e-18,-1.9953852e-18,-1.0773678e-06,-1.0773678e-06,-6.0704637e-18,-6.0704637e-18,7.7640234e-18,7.7640234e-18,-1.7547777e-17,-1.7547777e-17,9.105932e-07,9.105932e-07,2.0951466e-34,2.0951466e-34
-0.00049769521,-0.00049769521,0.00049769521,0.00049769521,1.6410484e-15,1.6410484e-15,1.1381617e-15,1.1381617e-15,0.00049769521,0.00049769521,-7.326008e-05,-7.326008e-05,-8.7828567e-05,-8.7828567e-05,-7.26041e-05,-7.26041e-05,-8.7828567e-05,-8.7828567e-05,5.3763623e-11,5.3763623e-11,-3.1528602e-21,-3.1528602e-21,8.7828566e-05,8.7828566e-05,-1.1803141e-15,-1.1803141e-15,5.3230071e-06,5.3230071e-06,5.3230071e-06,5.3230071e-06,3.0488387e-18,3.0488387e-18,-0.00049769521,-0.00049769521,-8.7828567e-05,-8.7828567e-05,-0.00049769521,-0.00049769521,-8.7828567e-05,-8.7828567e-05,-1.2161275e-17,-1.2161275e-17,8.6987501e-17,8.6987501e-17,-0.00058552378,-0.00058552378,1.0004232e-16,1.0004232e-16,-0.00058450028,-0.00058450028,8.4296437e-17,8.4296437e-17,-1.0461799e-12,-1.0461799e-12,8.7828567e-05,8.7828567e-05,-1.0461899e-12,-1.0461899e-12,8.7828567e-05,8.7828567e-05,8.7828566e-05,8.7828566e-05,-1.1703431e-15,-1.1703431e-15,-0.00049769521,-0.00049769521,-0.00049769521,-0.00049769521,-8.7828567e-05,-8.7828567e-05,-9.4469395e-07,-9.4469395e-07,1.7056346e-18,1.7056346e-18,-9.6193507e-13,-9.6193507e-13,-9.4469299e-07,-9.4469299e-07,-5.6961354e-06,-5.6961354e-06,-1.1633422e-15,-1.1633422e-15,0.021787703,0.021787703,-7.3494054e-14,-7.3494054e-14,0.027624192,0.027624192,-3.6834884e-14,-3.6834884e-14,-0.00049769521,-0.00049769521,0.00058552378,0.00058552378,-9.9539043e-05,-9.9539043e-05,-2.3341463e-16,-2.3341463e-16,-1.6895365e-14,-1.6895365e-14,1.6903778e-14,1.6903778e-14,-1.0642307e-18,-1.0642307e-18,-1.9741991e-18,-1.9741991e-18,-1.0234994e-06,-1.0234994e-06,-6.0059362e-18,-6.0059362e-18,7.6813442e-18,7.6813442e-18,-1.7360587e-17,-1.7360587e-17,9.0197321e-07,9.0197321e-07,2.0513762e-34,2.0513762e-34
-0.00049239882,-0.00049239882,0.00049239882,0.00049239882,1.6403979e-15,1.6403979e-15,1.1364502e-15,1.1364502e-15,0.00049239882,0.00049239882,-7.2451929e-05,-7.2451929e-05,-8.689391e-05,-8.689391e-05,-7.1802162e-05,-7.1802162e-05,-8.689391e-05,-8.689391e-05,5.2720709e-11,5.2720709e-11,-3.0661165e-21,-3.0661165e-21,8.689391e-05,8.689391e-05,-1.1786291e-15,-1.1786291e-15,5.2664322e-06,5.2664322e-06,5.2664322e-06,5.2664322e-06,3.0168112e-18,3.0168112e-18,-0.00049239882,-0.00049239882,-8.689391e-05,-8.689391e-05,-0.00049239882,-0.00049239882,-8.689391e-05,-8.689391e-05,-1.29155e-17,-1.29155e-17,8.6463305e-17,8.6463305e-17,-0.00057929273,-0.00057929273,9.8494588e-17,9.8494588e-17,-0.00057832041,-0.00057832041,8.292267e-17,8.292267e-17,-1.1056368e-13,-1.1056368e-13,8.689391e-05,8.689391e-05,-1.1057334e-13,-1.1057334e-13,8.689391e-05,8.689391e-05,8.689391e-05,8.689391e-05,-1.1687649e-15,-1.1687649e-15,-0.00049239882,-0.00049239882,-0.00049239882,-0.00049239882,-8.689391e-05,-8.689391e-05,-9.3465633e-07,-9.3465633e-07,1.6876786e-18,1.6876786e-18,9.3561656e-13,9.3561656e-13,-9.3465726e-07,-9.3465726e-07,-5.6370668e-06,-5.6370668e-06,-1.1618384e-15,-1.1618384e-15,0.021554873,0.021554873,-7.3400463e-14,-7.3400463e-14,0.027330149,0.027330149,-3.678879e-14,-3.678879e-14,-0.00049239882,-0.00049239882,0.00057929273,0.00057929273,-9.8479764e-05,-9.8479764e-05,-2.3320199e-16,-2.3320199e-16,-1.6904641e-14,-1.6904641e-14,1.6912969e-14,1.6912969e-14,-1.0526985e-18,-1.0526985e-18,-1.9532357e-18,-1.9532357e-18,-9.7232441e-07,-9.7232441e-07,-5.9420911e-18,-5.9420911e-18,7.5995463e-18,7.5995463e-18,-1.7175409e-17,-1.7175409e-17,8.9342914e-07,8.9342914e-07,2.0084949e-34,2.0084949e-34
-0.00048715872,-0.00048715872,0.00048715872,0.00048715872,1.6396389e-15,1.6396389e-15,1.1347568e-15,1.1347568e-15,0.00048715872,0.00048715872,-7.165382e-05,-7.165382e-05,-8.5969186e-05,-8.5969186e-05,-7.1010213e-05,-7.1010213e-05,-8.5969186e-05,-8.5969186e-05,5.2613377e-11,5.2613377e-11,-2.9829551e-21,-2.9829551e-21,8.5969185e-05,8.5969185e-05,-1.1769619e-15,-1.1769619e-15,5.210478e-06,5.210478e-06,5.210478e-06,5.210478e-06,2.9851017e-18,2.9851017e-18,-0.00048715872,-0.00048715872,-8.5969186e-05,-8.5969186e-05,-0.00048715872,-0.00048715872,-8.5969186e-05,-8.5969186e-05,-1.3661493e-17,-1.3661493e-17,8.5944804e-17,8.5944804e-17,-0.00057312791,-0.00057312791,9.6963696e-17,9.6963696e-17,-0.0005722042,-0.0005722042,8.1563571e-17,8.1563571e-17,-9.9724853e-13,-9.9724853e-13,8.5969186e-05,8.5969186e-05,-9.9725783e-13,-9.9725783e-13,8.5969186e-05,8.5969186e-05,8.5969185e-05,8.5969185e-05,-1.1672034e-15,-1.1672034e-15,-0.00048715872,-0.00048715872,-0.00048715872,-0.00048715872,-8.5969186e-05,-8.5969186e-05,-9.2472458e-07,-9.2472458e-07,1.6699027e-18,1.6699027e-18,-8.8668449e-13,-8.8668449e-13,-9.2472369e-07,-9.2472369e-07,-5.5785484e-06,-5.5785484e-06,-1.1603505e-15,-1.1603505e-15,0.021324566,0.021324566,-7.3307865e-14,-7.3307865e-14,0.027039235,0.027039235,-3.6743185e-14,-3.6743185e-14,-0.00048715872,-0.00048715872,0.00057312791,0.00057312791,-9.7431744e-05,-9.7431744e-05,-2.3299156e-16,-2.3299156e-16,-1.6913818e-14,-1.6913818e-14,1.6922062e-14,1.6922062e-14,-1.0412936e-18,-1.0412936e-18,-1.9324928e-18,-1.9324928e-18,-9.2370819e-07,-9.2370819e-07,-5.8789213e-18,-5.8789213e-18,7.5186203e-18,7.5186203e-18,-1.699222e-17,-1.699222e-17,8.8496046e-07,8.8496046e-07,1.966486e-34,1.966486e-34
-0.0004819743,-0.0004819743,0.0004819743,0.0004819743,1.6389342e-15,1.6389342e-15,1.1330815e-15,1.1330815e-15,0.0004819743,0.0004819743,-7.0865573e-05,-7.0865573e-05,-8.5054287e-05,-8.5054287e-05,-7.022807e-05,-7.022807e-05,-8.5054287e-05,-8.5054287e-05,5.1619325e-11,5.1619325e-11,-2.903205e-21,-2.903205e-21,8.5054287e-05,8.5054287e-05,-1.1753125e-15,-1.1753125e-15,5.1550917e-06,5.1550917e-06,5.1550917e-06,5.1550917e-06,2.9537087e-18,2.9537087e-18,-0.0004819743,-0.0004819743,-8.5054287e-05,-8.5054287e-05,-0.0004819743,-0.0004819743,-8.5054287e-05,-8.5054287e-05,-1.4399351e-17,-1.4399351e-17,8.5431927e-17,8.5431927e-17,-0.00056702858,-0.00056702858,9.544944e-17,9.544944e-17,-0.00056615106,-0.00056615106,8.021898e-17,8.021898e-17,-1.3413514e-13,-1.3413514e-13,8.5054287e-05,8.5054287e-05,-1.341441e-13,-1.341441e-13,8.5054287e-05,8.5054287e-05,8.5054287e-05,8.5054287e-05,-1.1656584e-15,-1.1656584e-15,-0.0004819743,-0.0004819743,-0.0004819743,-0.0004819743,-8.5054287e-05,-8.5054287e-05,-9.1489763e-07,-9.1489763e-07,1.652306e-18,1.652306e-18,8.6311373e-13,8.6311373e-13,-9.1489849e-07,-9.1489849e-07,-5.5205782e-06,-5.5205782e-06,-1.1588784e-15,-1.1588784e-15,0.021096753,0.021096753,-7.321625e-14,-7.321625e-14,0.026751415,0.026751415,-3.6698064e-14,-3.6698064e-14,-0.0004819743,-0.0004819743,0.00056702858,0.00056702858,-9.6394859e-05,-9.6394859e-05,-2.3278331e-16,-2.3278331e-16,-1.6922896e-14,-1.6922896e-14,1.6931056e-14,1.6931056e-14,-1.0300145e-18,-1.0300145e-18,-1.9119681e-18,-1.9119681e-18,-8.7752278e-07,-8.7752278e-07,-5.8164198e-18,-5.8164198e-18,7.4385569e-18,7.4385569e-18,-1.6810999e-17,-1.6810999e-17,8.7656662e-07,8.7656662e-07,1.9253335e-34,1.9253335e-34
-0.00047684498,-0.00047684498,0.00047684498,0.00047684498,1.6381211e-15,1.6381211e-15,1.131424e-15,1.131424e-15,0.00047684498,0.00047684498,-7.0087016e-05,-7.0087016e-05,-8.4149114e-05,-8.4149114e-05,-6.9455563e-05,-6.9455563e-05,-8.4149114e-05,-8.4149114e-05,5.1488353e-11,5.1488353e-11,-2.8267035e-21,-2.8267035e-21,8.4149113e-05,8.4149113e-05,-1.1736807e-15,-1.1736807e-15,5.1003121e-06,5.1003121e-06,5.1003121e-06,5.1003121e-06,2.9226292e-18,2.9226292e-18,-0.00047684498,-0.00047684498,-8.4149114e-05,-8.4149114e-05,-0.00047684498,-0.00047684498,-8.4149114e-05,-8.4149114e-05,-1.5129169e-17,-1.5129169e-17,8.4924613e-17,8.4924613e-17,-0.00056099409,-0.00056099409,9.395163e-17,9.395163e-17,-0.00056016045,-0.00056016045,7.8888743e-17,7.8888743e-17,-9.5143618e-13,-9.5143618e-13,8.4149114e-05,8.4149114e-05,-9.514448e-13,-9.514448e-13,8.4149114e-05,8.4149114e-05,8.4149113e-05,8.4149113e-05,-1.1641299e-15,-1.1641299e-15,-0.00047684498,-0.00047684498,-0.00047684498,-0.00047684498,-8.4149114e-05,-8.4149114e-05,-9.0517442e-07,-9.0517442e-07,1.6348866e-18,1.6348866e-18,-8.1730071e-13,-8.1730071e-13,-9.051736e-07,-9.051736e-07,-5.4631542e-06,-5.4631542e-06,-1.1574219e-15,-1.1574219e-15,0.020871404,0.020871404,-7.3125608e-14,-7.3125608e-14,0.026466657,0.026466657,-3.6653422e-14,-3.6653422e-14,-0.00047684498,-0.00047684498,0.00056099409,0.00056099409,-9.5368996e-05,-9.5368996e-05,-2.3257723e-16,-2.3257723e-16,-1.6931876e-14,-1.6931876e-14,1.6939954e-14,1.6939954e-14,-1.0188598e-18,-1.0188598e-18,-1.8916595e-18,-1.8916595e-18,-8.3364664e-07,-8.3364664e-07,-5.7545797e-18,-5.7545797e-18,7.3593469e-18,7.3593469e-18,-1.6631723e-17,-1.6631723e-17,8.6824709e-07,8.6824709e-07,1.8850211e-34,1.8850211e-34
-0.00047177017,-0.00047177017,0.00047177017,0.00047177017,1.6374705e-15,1.6374705e-15,1.1297841e-15,1.1297841e-15,0.00047177017,0.00047177017,-6.9317978e-05,-6.9317978e-05,-8.3253559e-05,-8.3253559e-05,-6.8692523e-05,-6.8692523e-05,-8.3253559e-05,-8.3253559e-05,5.0540047e-11,5.0540047e-11,-2.7532962e-21,-2.7532962e-21,8.3253559e-05,8.3253559e-05,-1.1720662e-15,-1.1720662e-15,5.0460901e-06,5.0460901e-06,5.0460901e-06,5.0460901e-06,2.8918615e-18,2.8918615e-18,-0.00047177017,-0.00047177017,-8.3253559e-05,-8.3253559e-05,-0.00047177017,-0.00047177017,-8.3253559e-05,-8.3253559e-05,-1.5851042e-17,-1.5851042e-17,8.4422794e-17,8.4422794e-17,-0.00055502373,-0.00055502373,9.2470072e-17,9.2470072e-17,-0.00055423176,-0.00055423176,7.7572703e-17,7.7572703e-17,-1.5518774e-13,-1.5518774e-13,8.3253559e-05,8.3253559e-05,-1.5519604e-13,-1.5519604e-13,8.3253559e-05,8.3253559e-05,8.3253559e-05,8.3253559e-05,-1.1626176e-15,-1.1626176e-15,-0.00047177017,-0.00047177017,-0.00047177017,-0.00047177017,-8.3253559e-05,-8.3253559e-05,-8.9555387e-07,-8.9555387e-07,1.6176436e-18,1.6176436e-18,7.9624876e-13,7.9624876e-13,-8.9555467e-07,-8.9555467e-07,-5.4062741e-06,-5.4062741e-06,-1.1559809e-15,-1.1559809e-15,0.020648492,0.020648492,-7.3035929e-14,-7.3035929e-14,0.026184929,0.026184929,-3.6609254e-14,-3.6609254e-14,-0.00047177017,-0.00047177017,0.00055502373,0.00055502373,-9.4354034e-05,-9.4354034e-05,-2.3237329e-16,-2.3237329e-16,-1.6940759e-14,-1.6940759e-14,1.6948755e-14,1.6948755e-14,-1.007828e-18,-1.007828e-18,-1.8715648e-18,-1.8715648e-18,-7.9196431e-07,-7.9196431e-07,-5.6933941e-18,-5.6933941e-18,7.280981e-18,7.280981e-18,-1.645437e-17,-1.645437e-17,8.6000131e-07,8.6000131e-07,1.845533e-34,1.845533e-34
-0.00046674931,-0.00046674931,0.00046674931,0.00046674931,1.63682e-15,1.63682e-15,1.1281616e-15,1.1281616e-15,0.00046674931,0.00046674931,-6.8558299e-05,-6.8558299e-05,-8.2367525e-05,-8.2367525e-05,-6.7938787e-05,-6.7938787e-05,-8.2367525e-05,-8.2367525e-05,5.0387955e-11,5.0387955e-11,-2.682836e-21,-2.682836e-21,8.2367524e-05,8.2367524e-05,-1.1704689e-15,-1.1704689e-15,4.9924612e-06,4.9924612e-06,4.9924613e-06,4.9924613e-06,2.8614027e-18,2.8614027e-18,-0.00046674931,-0.00046674931,-8.2367525e-05,-8.2367525e-05,-0.00046674931,-0.00046674931,-8.2367525e-05,-8.2367525e-05,-1.6565062e-17,-1.6565062e-17,8.3926409e-17,8.3926409e-17,-0.00054911683,-0.00054911683,9.1004582e-17,9.1004582e-17,-0.00054836447,-0.00054836447,7.6270711e-17,7.6270711e-17,-9.0851479e-13,-9.0851479e-13,8.2367525e-05,8.2367525e-05,-9.0852279e-13,-9.0852279e-13,8.2367525e-05,8.2367525e-05,8.2367524e-05,8.2367524e-05,-1.1611214e-15,-1.1611214e-15,-0.00046674931,-0.00046674931,-0.00046674931,-0.00046674931,-8.2367525e-05,-8.2367525e-05,-8.8603495e-07,-8.8603495e-07,1.6005753e-18,1.6005753e-18,-7.5332675e-13,-7.5332675e-13,-8.8603419e-07,-8.8603419e-07,-5.3499356e-06,-5.3499356e-06,-1.1545553e-15,-1.1545553e-15,0.020427989,0.020427989,-7.2947202e-14,-7.2947202e-14,0.025906198,0.025906198,-3.6565555e-14,-3.6565555e-14,-0.00046674931,-0.00046674931,0.00054911683,0.00054911683,-9.3349862e-05,-9.3349862e-05,-2.3217148e-16,-2.3217148e-16,-1.6949547e-14,-1.6949547e-14,1.6957461e-14,1.6957461e-14,-9.9691783e-19,-9.9691783e-19,-1.8516818e-18,-1.8516818e-18,-7.523661e-07,-7.523661e-07,-5.6328562e-18,-5.6328562e-18,7.2034504e-18,7.2034504e-18,-1.6278921e-17,-1.6278921e-17,8.5182876e-07,8.5182876e-07,1.8068536e-34,1.8068536e-34
-0.00046178181,-0.00046178181,0.00046178181,0.00046178181,1.6361695e-15,1.6361695e-15,1.1265564e-15,1.1265564e-15,0.00046178181,0.00046178181,-6.7807817e-05,-6.7807817e-05,-8.1490908e-05,-8.1490908e-05,-6.7194196e-05,-6.7194196e-05,-8.1490908e-05,-8.1490908e-05,4.9482503e-11,4.9482503e-11,-2.6151834e-21,-2.6151834e-21,8.1490908e-05,8.1490908e-05,-1.1688885e-15,-1.1688885e-15,4.9393798e-06,4.9393798e-06,4.9393798e-06,4.9393798e-06,2.8312511e-18,2.8312511e-18,-0.00046178181,-0.00046178181,-8.1490908e-05,-8.1490908e-05,-0.00046178181,-0.00046178181,-8.1490908e-05,-8.1490908e-05,-1.7271321e-17,-1.7271321e-17,8.3435393e-17,8.3435393e-17,-0.00054327272,-0.00054327272,8.955497e-17,8.955497e-17,-0.00054255797,-0.00054255797,7.4982613e-17,7.4982613e-17,-1.7393226e-13,-1.7393226e-13,8.1490908e-05,8.1490908e-05,-1.7393998e-13,-1.7393998e-13,8.1490908e-05,8.1490908e-05,8.1490908e-05,8.1490908e-05,-1.159641e-15,-1.159641e-15,-0.00046178181,-0.00046178181,-0.00046178181,-0.00046178181,-8.1490908e-05,-8.1490908e-05,-8.766166e-07,-8.766166e-07,1.5836805e-18,1.5836805e-18,7.3458281e-13,7.3458281e-13,-8.7661734e-07,-8.7661734e-07,-5.2941359e-06,-5.2941359e-06,-1.1531447e-15,-1.1531447e-15,0.020209867,0.020209867,-7.2859417e-14,-7.2859417e-14,0.025630433,0.025630433,-3.6522321e-14,-3.6522321e-14,-0.00046178181,-0.00046178181,0.00054327272,0.00054327272,-9.2356362e-05,-9.2356362e-05,-2.3197177e-16,-2.3197177e-16,-1.6958239e-14,-1.6958239e-14,1.6966074e-14,1.6966074e-14,-9.8612783e-19,-9.8612783e-19,-1.8320084e-18,-1.8320084e-18,-7.1474779e-07,-7.1474779e-07,-5.5729594e-18,-5.5729594e-18,7.1267459e-18,7.1267459e-18,-1.6105352e-17,-1.6105352e-17,8.437289e-07,8.437289e-07,1.7689674e-34,1.7689674e-34
-0.00045686713,-0.00045686713,0.00045686713,0.00045686713,1.6355732e-15,1.6355732e-15,1.1249682e-15,1.1249682e-15,0.00045686713,0.00045686713,-6.7066381e-05,-6.7066381e-05,-8.0623611e-05,-8.0623611e-05,-6.6458598e-05,-6.6458598e-05,-8.0623611e-05,-8.0623611e-05,4.9311601e-11,4.9311601e-11,-2.5502055e-21,-2.5502055e-21,8.062361e-05,8.062361e-05,-1.167325e-15,-1.167325e-15,4.8868782e-06,4.8868782e-06,4.8868782e-06,4.8868782e-06,2.8014037e-18,2.8014037e-18,-0.00045686713,-0.00045686713,-8.0623611e-05,-8.0623611e-05,-0.00045686713,-0.00045686713,-8.0623611e-05,-8.0623611e-05,-1.7969908e-17,-1.7969908e-17,8.2949687e-17,8.2949687e-17,-0.00053749074,-0.00053749074,8.8121058e-17,8.8121058e-17,-0.00053681173,-0.00053681173,7.3708261e-17,7.3708261e-17,-8.6827376e-13,-8.6827376e-13,8.0623611e-05,8.0623611e-05,-8.6828121e-13,-8.6828121e-13,8.0623611e-05,8.0623611e-05,8.062361e-05,8.062361e-05,-1.1581764e-15,-1.1581764e-15,-0.00045686713,-0.00045686713,-0.00045686713,-0.00045686713,-8.0623611e-05,-8.0623611e-05,-8.672978e-07,-8.672978e-07,1.5669575e-18,1.5669575e-18,-6.9434123e-13,-6.9434123e-13,-8.6729711e-07,-8.6729711e-07,-5.2388725e-06,-5.2388725e-06,-1.1517492e-15,-1.1517492e-15,0.0199941,0.0199941,-7.2772565e-14,-7.2772565e-14,0.025357602,0.025357602,-3.6479545e-14,-3.6479545e-14,-0.00045686713,-0.00045686713,0.00053749074,0.00053749074,-9.1373426e-05,-9.1373426e-05,-2.3177414e-16,-2.3177414e-16,-1.6966839e-14,-1.6966839e-14,1.6974594e-14,1.6974594e-14,-9.7545665e-19,-9.7545665e-19,-1.8125424e-18,-1.8125424e-18,-6.790104e-07,-6.790104e-07,-5.5136969e-18,-5.5136969e-18,7.0508589e-18,7.0508589e-18,-1.5933645e-17,-1.5933645e-17,8.3570119e-07,8.3570119e-07,1.7318593e-34,1.7318593e-34
-0.00045200468,-0.00045200468,0.00045200468,0.00045200468,1.6348685e-15,1.6348685e-15,1.123397e-15,1.123397e-15,0.00045200468,0.00045200468,-6.6333839e-05,-6.6333839e-05,-7.9765532e-05,-7.9765532e-05,-6.5731843e-05,-6.5731843e-05,-7.9765532e-05,-7.9765532e-05,4.8446326e-11,4.8446326e-11,-2.4877762e-21,-2.4877762e-21,7.9765532e-05,7.9765532e-05,-1.1657781e-15,-1.1657781e-15,4.8349139e-06,4.8349139e-06,4.8349139e-06,4.8349139e-06,2.7718587e-18,2.7718587e-18,-0.00045200468,-0.00045200468,-7.9765532e-05,-7.9765532e-05,-0.00045200468,-0.00045200468,-7.9765532e-05,-7.9765532e-05,-1.8660912e-17,-1.8660912e-17,8.2469228e-17,8.2469228e-17,-0.00053177022,-0.00053177022,8.6702663e-17,8.6702663e-17,-0.00053112516,-0.00053112516,7.2447507e-17,7.2447507e-17,-1.9056277e-13,-1.9056277e-13,7.9765532e-05,7.9765532e-05,-1.9056995e-13,-1.9056995e-13,7.9765532e-05,7.9765532e-05,7.9765532e-05,7.9765532e-05,-1.1567273e-15,-1.1567273e-15,-0.00045200468,-0.00045200468,-0.00045200468,-0.00045200468,-7.9765532e-05,-7.9765532e-05,-8.5807752e-07,-8.5807752e-07,1.5504052e-18,1.5504052e-18,6.7771125e-13,6.7771125e-13,-8.580782e-07,-8.580782e-07,-5.1841425e-06,-5.1841425e-06,-1.1503685e-15,-1.1503685e-15,0.01978066,0.01978066,-7.2686636e-14,-7.2686636e-14,0.025087673,0.025087673,-3.6437224e-14,-3.6437224e-14,-0.00045200468,-0.00045200468,0.00053177022,0.00053177022,-9.0400937e-05,-9.0400937e-05,-2.3157858e-16,-2.3157858e-16,-1.6975345e-14,-1.6975345e-14,1.6983022e-14,1.6983022e-14,-9.6490293e-19,-9.6490293e-19,-1.7932818e-18,-1.7932818e-18,-6.4505988e-07,-6.4505988e-07,-5.4550622e-18,-5.4550622e-18,6.9757805e-18,6.9757805e-18,-1.5763778e-17,-1.5763778e-17,8.2774509e-07,8.2774509e-07,1.6955143e-34,1.6955143e-34
-0.00044719394,-0.00044719394,0.00044719394,0.00044719394,1.6341637e-15,1.6341637e-15,1.1218424e-15,1.1218424e-15,0.00044719394,0.00044719394,-6.5610049e-05,-6.5610049e-05,-7.8916578e-05,-7.8916578e-05,-6.5013787e-05,-6.5013787e-05,-7.8916578e-05,-7.8916578e-05,4.8258729e-11,4.8258729e-11,-2.4277754e-21,-2.4277754e-21,7.8916577e-05,7.8916577e-05,-1.1642477e-15,-1.1642477e-15,4.7835165e-06,4.7835165e-06,4.7835165e-06,4.7835165e-06,2.7426131e-18,2.7426131e-18,-0.00044719394,-0.00044719394,-7.8916578e-05,-7.8916578e-05,-0.00044719394,-0.00044719394,-7.8916578e-05,-7.8916578e-05,-1.934442e-17,-1.934442e-17,8.1993957e-17,8.1993957e-17,-0.00052611052,-0.00052611052,8.529961e-17,8.529961e-17,-0.00052549772,-0.00052549772,7.1200207e-17,7.1200207e-17,-8.3051858e-13,-8.3051858e-13,7.8916578e-05,7.8916578e-05,-8.3052551e-13,-8.3052551e-13,7.8916578e-05,7.8916578e-05,7.8916577e-05,7.8916577e-05,-1.1552936e-15,-1.1552936e-15,-0.00044719394,-0.00044719394,-0.00044719394,-0.00044719394,-7.8916578e-05,-7.8916578e-05,-8.4895475e-07,-8.4895475e-07,1.534022e-18,1.534022e-18,-6.3995556e-13,-6.3995556e-13,-8.4895411e-07,-8.4895411e-07,-5.129943e-06,-5.129943e-06,-1.1490024e-15,-1.1490024e-15,0.019569521,0.019569521,-7.260162e-14,-7.260162e-14,0.024820617,0.024820617,-3.6395352e-14,-3.6395352e-14,-0.00044719394,-0.00044719394,0.00052611052,0.00052611052,-8.9438789e-05,-8.9438789e-05,-2.3138506e-16,-2.3138506e-16,-1.698376e-14,-1.698376e-14,1.6991359e-14,1.6991359e-14,-9.5446535e-19,-9.5446535e-19,-1.7742245e-18,-1.7742245e-18,-6.1280689e-07,-6.1280689e-07,-5.3970487e-18,-5.3970487e-18,6.9015021e-18,6.9015021e-18,-1.5595732e-17,-1.5595732e-17,8.1986007e-07,8.1986007e-07,1.6599176e-34,1.6599176e-34
-0.00044243435,-0.00044243435,0.00044243435,0.00044243435,1.633459e-15,1.633459e-15,1.1203044e-15,1.1203044e-15,0.00044243435,0.00044243435,-6.4894867e-05,-6.4894867e-05,-7.8076649e-05,-7.8076649e-05,-6.4304289e-05,-6.4304289e-05,-7.8076649e-05,-7.8076649e-05,4.7431145e-11,4.7431145e-11,-2.3700893e-21,-2.3700893e-21,7.8076649e-05,7.8076649e-05,-1.1627335e-15,-1.1627335e-15,4.7326464e-06,4.7326464e-06,4.7326464e-06,4.7326464e-06,2.713665e-18,2.713665e-18,-0.00044243435,-0.00044243435,-7.8076649e-05,-7.8076649e-05,-0.00044243435,-0.00044243435,-7.8076649e-05,-7.8076649e-05,-2.0020519e-17,-2.0020519e-17,8.1523813e-17,8.1523813e-17,-0.00052051099,-0.00052051099,8.391172e-17,8.391172e-17,-0.00051992883,-0.00051992883,6.9966213e-17,6.9966213e-17,-2.0525788e-13,-2.0525788e-13,7.8076649e-05,7.8076649e-05,-2.0526458e-13,-2.0526458e-13,7.8076649e-05,7.8076649e-05,7.8076649e-05,7.8076649e-05,-1.1538752e-15,-1.1538752e-15,-0.00044243435,-0.00044243435,-0.00044243435,-0.00044243435,-7.8076649e-05,-7.8076649e-05,-8.3992848e-07,-8.3992848e-07,1.5178065e-18,1.5178065e-18,6.2526093e-13,6.2526093e-13,-8.3992911e-07,-8.3992911e-07,-5.076271e-06,-5.076271e-06,-1.1476509e-15,-1.1476509e-15,0.019360658,0.019360658,-7.2517508e-14,-7.2517508e-14,0.024556403,0.024556403,-3.6353926e-14,-3.6353926e-14,-0.00044243435,-0.00044243435,0.00052051099,0.00052051099,-8.8486869e-05,-8.8486869e-05,-2.3119356e-16,-2.3119356e-16,-1.6992085e-14,-1.6992085e-14,1.6999606e-14,1.6999606e-14,-9.4414259e-19,-9.4414259e-19,-1.7553683e-18,-1.7553683e-18,-5.8216654e-07,-5.8216654e-07,-5.33965e-18,-5.33965e-18,6.8280152e-18,6.8280152e-18,-1.5429485e-17,-1.5429485e-17,8.1204561e-07,8.1204561e-07,1.6250547e-34,1.6250547e-34
-0.00043772536,-0.00043772536,0.00043772536,0.00043772536,1.6328627e-15,1.6328627e-15,1.1187828e-15,1.1187828e-15,0.00043772536,0.00043772536,-6.4188158e-05,-6.4188158e-05,-7.7245652e-05,-7.7245652e-05,-6.3603212e-05,-6.3603212e-05,-7.7245652e-05,-7.7245652e-05,4.722879e-11,4.722879e-11,-2.3146092e-21,-2.3146092e-21,7.7245651e-05,7.7245651e-05,-1.1612355e-15,-1.1612355e-15,4.6823305e-06,4.6823305e-06,4.6823305e-06,4.6823305e-06,2.6850115e-18,2.6850115e-18,-0.00043772536,-0.00043772536,-7.7245652e-05,-7.7245652e-05,-0.00043772536,-0.00043772536,-7.7245652e-05,-7.7245652e-05,-2.0689293e-17,-2.0689293e-17,8.1058741e-17,8.1058741e-17,-0.00051497101,-0.00051497101,8.2538825e-17,8.2538825e-17,-0.00051441796,-0.00051441796,6.8745386e-17,6.8745386e-17,-7.9506954e-13,-7.9506954e-13,7.7245652e-05,7.7245652e-05,-7.9507601e-13,-7.9507601e-13,7.7245652e-05,7.7245652e-05,7.7245651e-05,7.7245651e-05,-1.1524718e-15,-1.1524718e-15,-0.00043772536,-0.00043772536,-0.00043772536,-0.00043772536,-7.7245652e-05,-7.7245652e-05,-8.3099772e-07,-8.3099772e-07,1.5017572e-18,1.5017572e-18,-5.8981143e-13,-5.8981143e-13,-8.3099713e-07,-8.3099713e-07,-5.0231233e-06,-5.0231233e-06,-1.1463138e-15,-1.1463138e-15,0.019154045,0.019154045,-7.2434289e-14,-7.2434289e-14,0.024295,0.024295,-3.6312939e-14,-3.6312939e-14,-0.00043772536,-0.00043772536,0.00051497101,0.00051497101,-8.7545072e-05,-8.7545072e-05,-2.3100407e-16,-2.3100407e-16,-1.7000319e-14,-1.7000319e-14,1.7007764e-14,1.7007764e-14,-9.3393334e-19,-9.3393334e-19,-1.7367113e-18,-1.7367113e-18,-5.5305822e-07,-5.5305822e-07,-5.2828595e-18,-5.2828595e-18,6.7553113e-18,6.7553113e-18,-1.5265019e-17,-1.5265019e-17,8.0430116e-07,8.0430116e-07,1.5909113e-34,1.5909113e-34
-0.00043306644,-0.00043306644,0.00043306644,0.00043306644,1.6322664e-15,1.6322664e-15,1.1172773e-15,1.1172773e-15,0.00043306644,0.00043306644,-6.3489787e-05,-6.3489787e-05,-7.642349e-05,-7.642349e-05,-6.2910423e-05,-6.2910423e-05,-7.642349e-05,-7.642349e-05,4.6436593e-11,4.6436593e-11,-2.2612321e-21,-2.2612321e-21,7.642349e-05,7.642349e-05,-1.1597534e-15,-1.1597534e-15,4.6325321e-06,4.6325321e-06,4.6325321e-06,4.6325321e-06,2.6566505e-18,2.6566505e-18,-0.00043306644,-0.00043306644,-7.642349e-05,-7.642349e-05,-0.00043306644,-0.00043306644,-7.642349e-05,-7.642349e-05,-2.1350827e-17,-2.1350827e-17,8.0598681e-17,8.0598681e-17,-0.00050948993,-0.00050948993,8.1180752e-17,8.1180752e-17,-0.00050896453,-0.00050896453,6.7537582e-17,6.7537582e-17,-2.18182e-13,-2.18182e-13,7.642349e-05,7.642349e-05,-2.1818826e-13,-2.1818826e-13,7.642349e-05,7.642349e-05,7.642349e-05,7.642349e-05,-1.1510834e-15,-1.1510834e-15,-0.00043306644,-0.00043306644,-0.00043306644,-0.00043306644,-7.642349e-05,-7.642349e-05,-8.2216148e-07,-8.2216148e-07,1.4858728e-18,1.4858728e-18,5.7688775e-13,5.7688775e-13,-8.2216206e-07,-8.2216206e-07,-4.9704966e-06,-4.9704966e-06,-1.1449908e-15,-1.1449908e-15,0.018949656,0.018949656,-7.2351955e-14,-7.2351955e-14,0.024036379,0.024036379,-3.6272389e-14,-3.6272389e-14,-0.00043306644,-0.00043306644,0.00050948993,0.00050948993,-8.6613289e-05,-8.6613289e-05,-2.3081657e-16,-2.3081657e-16,-1.7008466e-14,-1.7008466e-14,1.7015835e-14,1.7015835e-14,-9.2383632e-19,-9.2383632e-19,-1.7182514e-18,-1.7182514e-18,-5.254053e-07,-5.254053e-07,-5.2266711e-18,-5.2266711e-18,6.683382e-18,6.683382e-18,-1.5102315e-17,-1.5102315e-17,7.966262e-07,7.966262e-07,1.5574734e-34,1.5574734e-34
-0.00042845707,-0.00042845707,0.00042845707,0.00042845707,1.6316158e-15,1.6316158e-15,1.1157879e-15,1.1157879e-15,0.00042845707,0.00042845707,-6.2799626e-05,-6.2799626e-05,-7.5610072e-05,-7.5610072e-05,-6.2225793e-05,-6.2225793e-05,-7.5610072e-05,-7.5610072e-05,4.6221253e-11,4.6221253e-11,-2.2098601e-21,-2.2098601e-21,7.5610071e-05,7.5610071e-05,-1.1582871e-15,-1.1582871e-15,4.5832755e-06,4.5832755e-06,4.5832756e-06,4.5832756e-06,2.6285793e-18,2.6285793e-18,-0.00042845707,-0.00042845707,-7.5610072e-05,-7.5610072e-05,-0.00042845707,-0.00042845707,-7.5610072e-05,-7.5610072e-05,-2.2005201e-17,-2.2005201e-17,8.0143577e-17,8.0143577e-17,-0.00050406715,-0.00050406715,7.9837336e-17,7.9837336e-17,-0.00050356801,-0.00050356801,6.6342663e-17,6.6342663e-17,-7.6176063e-13,-7.6176063e-13,7.5610072e-05,7.5610072e-05,-7.6176668e-13,-7.6176668e-13,7.5610072e-05,7.5610072e-05,7.5610071e-05,7.5610071e-05,-1.1497097e-15,-1.1497097e-15,-0.00042845707,-0.00042845707,-0.00042845707,-0.00042845707,-7.5610072e-05,-7.5610072e-05,-8.1341877e-07,-8.1341877e-07,1.4701516e-18,1.4701516e-18,-5.4357842e-13,-5.4357842e-13,-8.1341823e-07,-8.1341823e-07,-4.9183877e-06,-4.9183877e-06,-1.1436819e-15,-1.1436819e-15,0.018747467,0.018747467,-7.2270496e-14,-7.2270496e-14,0.023780509,0.023780509,-3.6232269e-14,-3.6232269e-14,-0.00042845707,-0.00042845707,0.00050406715,0.00050406715,-8.5691415e-05,-8.5691415e-05,-2.3063103e-16,-2.3063103e-16,-1.7016524e-14,-1.7016524e-14,1.7023818e-14,1.7023818e-14,-9.1385025e-19,-9.1385025e-19,-1.6999865e-18,-1.6999865e-18,-4.9913504e-07,-4.9913504e-07,-5.1710784e-18,-5.1710784e-18,6.6122191e-18,6.6122191e-18,-1.4941352e-17,-1.4941352e-17,7.8902021e-07,7.8902021e-07,1.5247271e-34,1.5247271e-34
-0.00042389671,-0.00042389671,0.00042389671,0.00042389671,1.6309111e-15,1.6309111e-15,1.1143143e-15,1.1143143e-15,0.00042389671,0.00042389671,-6.2117546e-05,-6.2117546e-05,-7.4805303e-05,-7.4805303e-05,-6.1549195e-05,-6.1549195e-05,-7.4805303e-05,-7.4805303e-05,4.5462304e-11,4.5462304e-11,-2.1603999e-21,-2.1603999e-21,7.4805302e-05,7.4805302e-05,-1.1568364e-15,-1.1568364e-15,4.5345266e-06,4.5345266e-06,4.5345266e-06,4.5345266e-06,2.6007956e-18,2.6007956e-18,-0.00042389671,-0.00042389671,-7.4805303e-05,-7.4805303e-05,-0.00042389671,-0.00042389671,-7.4805303e-05,-7.4805303e-05,-2.2652499e-17,-2.2652499e-17,7.9693373e-17,7.9693373e-17,-0.00049870202,-0.00049870202,7.8508407e-17,7.8508407e-17,-0.00049822784,-0.00049822784,6.5160489e-17,6.5160489e-17,-2.2948643e-13,-2.2948643e-13,7.4805303e-05,7.4805303e-05,-2.2949228e-13,-2.2949228e-13,7.4805303e-05,7.4805303e-05,7.4805302e-05,7.4805302e-05,-1.1483506e-15,-1.1483506e-15,-0.00042389671,-0.00042389671,-0.00042389671,-0.00042389671,-7.4805303e-05,-7.4805303e-05,-8.0476864e-07,-8.0476864e-07,1.4545925e-18,1.4545925e-18,5.322744e-13,5.322744e-13,-8.0476917e-07,-8.0476917e-07,-4.8667932e-06,-4.8667932e-06,-1.142387e-15,-1.142387e-15,0.018547453,0.018547453,-7.2189904e-14,-7.2189904e-14,0.023527363,0.023527363,-3.6192575e-14,-3.6192575e-14,-0.00042389671,-0.00042389671,0.00049870202,0.00049870202,-8.4779343e-05,-8.4779343e-05,-2.3044743e-16,-2.3044743e-16,-1.7024496e-14,-1.7024496e-14,1.7031716e-14,1.7031716e-14,-9.0397388e-19,-9.0397388e-19,-1.6819147e-18,-1.6819147e-18,-4.7417829e-07,-4.7417829e-07,-5.1160751e-18,-5.1160751e-18,6.5418143e-18,6.5418143e-18,-1.4782111e-17,-1.4782111e-17,7.8148265e-07,7.8148265e-07,1.4926589e-34,1.4926589e-34
-0.00041938486,-0.00041938486,0.00041938486,0.00041938486,1.6303148e-15,1.6303148e-15,1.1128564e-15,1.1128564e-15,0.00041938486,0.00041938486,-6.1443427e-05,-6.1443427e-05,-7.4009093e-05,-7.4009093e-05,-6.0880508e-05,-6.0880508e-05,-7.4009093e-05,-7.4009093e-05,4.5235599e-11,4.5235599e-11,-2.112763e-21,-2.112763e-21,7.4009092e-05,7.4009092e-05,-1.1554011e-15,-1.1554011e-15,4.4863076e-06,4.4863076e-06,4.4863076e-06,4.4863076e-06,2.5732968e-18,2.5732968e-18,-0.00041938486,-0.00041938486,-7.4009093e-05,-7.4009093e-05,-0.00041938486,-0.00041938486,-7.4009093e-05,-7.4009093e-05,-2.32928e-17,-2.32928e-17,7.9248014e-17,7.9248014e-17,-0.00049339395,-0.00049339395,7.7193806e-17,7.7193806e-17,-0.00049294348,-0.00049294348,6.3990927e-17,6.3990927e-17,-7.3043848e-13,-7.3043848e-13,7.4009093e-05,7.4009093e-05,-7.3044414e-13,-7.3044414e-13,7.4009093e-05,7.4009093e-05,7.4009092e-05,7.4009092e-05,-1.147006e-15,-1.147006e-15,-0.00041938486,-0.00041938486,-0.00041938486,-0.00041938486,-7.4009093e-05,-7.4009093e-05,-7.9621012e-07,-7.9621012e-07,1.4391939e-18,1.4391939e-18,-5.0095186e-13,-5.0095186e-13,-7.9620962e-07,-7.9620962e-07,-4.8157096e-06,-4.8157096e-06,-1.1411058e-15,-1.1411058e-15,0.018349589,0.018349589,-7.2110168e-14,-7.2110168e-14,0.02327691,0.02327691,-3.6153304e-14,-3.6153304e-14,-0.00041938486,-0.00041938486,0.00049339395,0.00049339395,-8.3876972e-05,-8.3876972e-05,-2.3026577e-16,-2.3026577e-16,-1.7032382e-14,-1.7032382e-14,1.7039528e-14,1.7039528e-14,-8.9420597e-19,-8.9420597e-19,-1.6640339e-18,-1.6640339e-18,-4.5046937e-07,-4.5046937e-07,-5.0616551e-18,-5.0616551e-18,6.4721596e-18,6.4721596e-18,-1.4624575e-17,-1.4624575e-17,7.7401301e-07,7.7401301e-07,1.4612552e-34,1.4612552e-34
-0.00041492098,-0.00041492098,0.00041492098,0.00041492098,1.6297727e-15,1.6297727e-15,1.111414e-15,1.111414e-15,0.00041492098,0.00041492098,-6.0777146e-05,-6.0777146e-05,-7.322135e-05,-7.322135e-05,-6.0219611e-05,-6.0219611e-05,-7.322135e-05,-7.322135e-05,4.4507913e-11,4.4507913e-11,-2.0668651e-21,-2.0668651e-21,7.322135e-05,7.322135e-05,-1.1539811e-15,-1.1539811e-15,4.4385865e-06,4.4385865e-06,4.4385865e-06,4.4385865e-06,2.5460806e-18,2.5460806e-18,-0.00041492098,-0.00041492098,-7.322135e-05,-7.322135e-05,-0.00041492098,-0.00041492098,-7.322135e-05,-7.322135e-05,-2.3926184e-17,-2.3926184e-17,7.8807446e-17,7.8807446e-17,-0.00048814233,-0.00048814233,7.589337e-17,7.589337e-17,-0.00048771439,-0.00048771439,6.2833837e-17,6.2833837e-17,-2.3931038e-13,-2.3931038e-13,7.322135e-05,7.322135e-05,-2.3931586e-13,-2.3931586e-13,7.322135e-05,7.322135e-05,7.322135e-05,7.322135e-05,-1.1456756e-15,-1.1456756e-15,-0.00041492098,-0.00041492098,-0.00041492098,-0.00041492098,-7.322135e-05,-7.322135e-05,-7.8774226e-07,-7.8774226e-07,1.4239543e-18,1.4239543e-18,4.9112828e-13,4.9112828e-13,-7.8774275e-07,-7.8774275e-07,-4.7651335e-06,-4.7651335e-06,-1.1398382e-15,-1.1398382e-15,0.018153853,0.018153853,-7.203128e-14,-7.203128e-14,0.023029123,0.023029123,-3.611445e-14,-3.611445e-14,-0.00041492098,-0.00041492098,0.00048814233,0.00048814233,-8.2984197e-05,-8.2984197e-05,-2.3008601e-16,-2.3008601e-16,-1.7040184e-14,-1.7040184e-14,1.7047257e-14,1.7047257e-14,-8.8454529e-19,-8.8454529e-19,-1.6463423e-18,-1.6463423e-18,-4.279459e-07,-4.279459e-07,-5.0078123e-18,-5.0078123e-18,6.4032469e-18,6.4032469e-18,-1.4468724e-17,-1.4468724e-17,7.6661077e-07,7.6661077e-07,1.430503e-34,1.430503e-34
-0.00041050459,-0.00041050459,0.00041050459,0.00041050459,1.6291222e-15,1.6291222e-15,1.109987e-15,1.109987e-15,0.00041050459,0.00041050459,-6.0118588e-05,-6.0118588e-05,-7.2441987e-05,-7.2441987e-05,-5.9566388e-05,-5.9566388e-05,-7.2441987e-05,-7.2441987e-05,4.4271325e-11,4.4271325e-11,-2.022626e-21,-2.022626e-21,7.2441986e-05,7.2441986e-05,-1.1525762e-15,-1.1525762e-15,4.3913835e-06,4.3913835e-06,4.3913835e-06,4.3913835e-06,2.5191443e-18,2.5191443e-18,-0.00041050459,-0.00041050459,-7.2441987e-05,-7.2441987e-05,-0.00041050459,-0.00041050459,-7.2441987e-05,-7.2441987e-05,-2.4552728e-17,-2.4552728e-17,7.8371615e-17,7.8371615e-17,-0.00048294658,-0.00048294658,7.460694e-17,7.460694e-17,-0.00048254003,-0.00048254003,6.168909e-17,6.168909e-17,-7.0096134e-13,-7.0096134e-13,7.2441987e-05,7.2441987e-05,-7.0096665e-13,-7.0096665e-13,7.2441987e-05,7.2441987e-05,7.2441986e-05,7.2441986e-05,-1.1443594e-15,-1.1443594e-15,-0.00041050459,-0.00041050459,-0.00041050459,-0.00041050459,-7.2441987e-05,-7.2441987e-05,-7.7936411e-07,-7.7936411e-07,1.4088723e-18,1.4088723e-18,-4.6165079e-13,-4.6165079e-13,-7.7936365e-07,-7.7936365e-07,-4.7150611e-06,-4.7150611e-06,-1.1385841e-15,-1.1385841e-15,0.017960219,0.017960219,-7.1953231e-14,-7.1953231e-14,0.022783973,0.022783973,-3.607601e-14,-3.607601e-14,-0.00041050459,-0.00041050459,0.00048294658,0.00048294658,-8.2100918e-05,-8.2100918e-05,-2.2990813e-16,-2.2990813e-16,-1.7047901e-14,-1.7047901e-14,1.7054902e-14,1.7054902e-14,-8.7499063e-19,-8.7499063e-19,-1.6288378e-18,-1.6288378e-18,-4.0654861e-07,-4.0654861e-07,-4.9545407e-18,-4.9545407e-18,6.3350684e-18,6.3350684e-18,-1.431454e-17,-1.431454e-17,7.5927539e-07,7.5927539e-07,1.4003892e-34,1.4003892e-34
-0.00040613516,-0.00040613516,0.00040613516,0.00040613516,1.6285801e-15,1.6285801e-15,1.1085751e-15,1.1085751e-15,0.00040613516,0.00040613516,-5.9467638e-05,-5.9467638e-05,-7.1670911e-05,-7.1670911e-05,-5.8920725e-05,-5.8920725e-05,-7.1670911e-05,-7.1670911e-05,4.3573057e-11,4.3573057e-11,-1.9799697e-21,-1.9799697e-21,7.1670911e-05,7.1670911e-05,-1.1511863e-15,-1.1511863e-15,4.3446689e-06,4.3446689e-06,4.3446689e-06,4.3446689e-06,2.4924857e-18,2.4924857e-18,-0.00040613516,-0.00040613516,-7.1670911e-05,-7.1670911e-05,-0.00040613516,-0.00040613516,-7.1670911e-05,-7.1670911e-05,-2.5172509e-17,-2.5172509e-17,7.7940467e-17,7.7940467e-17,-0.00047780608,-0.00047780608,7.333436e-17,7.333436e-17,-0.00047741985,-0.00047741985,6.0556551e-17,6.0556551e-17,-2.4778195e-13,-2.4778195e-13,7.1670911e-05,7.1670911e-05,-2.4778709e-13,-2.4778709e-13,7.1670911e-05,7.1670911e-05,7.1670911e-05,7.1670911e-05,-1.1430572e-15,-1.1430572e-15,-0.00040613516,-0.00040613516,-0.00040613516,-0.00040613516,-7.1670911e-05,-7.1670911e-05,-7.7107475e-07,-7.7107475e-07,1.3939466e-18,1.3939466e-18,4.5317956e-13,4.5317956e-13,-7.710752e-07,-7.710752e-07,-4.665489e-06,-4.665489e-06,-1.1373434e-15,-1.1373434e-15,0.017768665,0.017768665,-7.1876012e-14,-7.1876012e-14,0.022541431,0.022541431,-3.6037978e-14,-3.6037978e-14,-0.00040613516,-0.00040613516,0.00047780608,0.00047780608,-8.1227033e-05,-8.1227033e-05,-2.2973213e-16,-2.2973213e-16,-1.7055535e-14,-1.7055535e-14,1.7062465e-14,1.7062465e-14,-8.6554079e-19,-8.6554079e-19,-1.6115185e-18,-1.6115185e-18,-3.8622118e-07,-3.8622118e-07,-4.9018343e-18,-4.9018343e-18,6.2676161e-18,6.2676161e-18,-1.4162005e-17,-1.4162005e-17,7.5200637e-07,7.5200637e-07,1.3709013e-34,1.3709013e-34
-0.00040181222,-0.00040181222,0.00040181222,0.00040181222,1.6279296e-15,1.6279296e-15,1.1071783e-15,1.1071783e-15,0.00040181222,0.00040181222,-5.8824187e-05,-5.8824187e-05,-7.0908039e-05,-7.0908039e-05,-5.8282512e-05,-5.8282512e-05,-7.0908039e-05,-7.0908039e-05,4.332794e-11,4.332794e-11,-1.9388236e-21,-1.9388236e-21,7.0908038e-05,7.0908038e-05,-1.1498112e-15,-1.1498112e-15,4.2984609e-06,4.2984609e-06,4.298461e-06,4.298461e-06,2.466102e-18,2.466102e-18,-0.00040181222,-0.00040181222,-7.0908039e-05,-7.0908039e-05,-0.00040181222,-0.00040181222,-7.0908039e-05,-7.0908039e-05,-2.5785605e-17,-2.5785605e-17,7.7513951e-17,7.7513951e-17,-0.00047272026,-0.00047272026,7.2075474e-17,7.2075474e-17,-0.00047235335,-0.00047235335,5.943609e-17,5.943609e-17,-6.7319823e-13,-6.7319823e-13,7.0908039e-05,7.0908039e-05,-6.7320322e-13,-6.7320322e-13,7.0908039e-05,7.0908039e-05,7.0908038e-05,7.0908038e-05,-1.1417689e-15,-1.1417689e-15,-0.00040181222,-0.00040181222,-0.00040181222,-0.00040181222,-7.0908039e-05,-7.0908039e-05,-7.6287324e-07,-7.6287324e-07,1.3791755e-18,1.3791755e-18,-4.2541613e-13,-4.2541613e-13,-7.6287282e-07,-7.6287282e-07,-4.6164133e-06,-4.6164133e-06,-1.1361158e-15,-1.1361158e-15,0.017579168,0.017579168,-7.1799614e-14,-7.1799614e-14,0.022301471,0.022301471,-3.600035e-14,-3.600035e-14,-0.00040181222,-0.00040181222,0.00047272026,0.00047272026,-8.0362444e-05,-8.0362444e-05,-2.2955798e-16,-2.2955798e-16,-1.7063088e-14,-1.7063088e-14,1.7069947e-14,1.7069947e-14,-8.5619458e-19,-8.5619458e-19,-1.5943826e-18,-1.5943826e-18,-3.6691012e-07,-3.6691012e-07,-4.8496871e-18,-4.8496871e-18,6.2008824e-18,6.2008824e-18,-1.4011101e-17,-1.4011101e-17,7.448032e-07,7.448032e-07,1.3420266e-34,1.3420266e-34
-0.00039753525,-0.00039753525,0.00039753525,0.00039753525,1.6273333e-15,1.6273333e-15,1.1057964e-15,1.1057964e-15,0.00039753525,0.00039753525,-5.8188123e-05,-5.8188123e-05,-7.0153279e-05,-7.0153279e-05,-5.7651639e-05,-5.7651639e-05,-7.0153279e-05,-7.0153279e-05,4.2657379e-11,4.2657379e-11,-1.899119e-21,-1.899119e-21,7.0153279e-05,7.0153279e-05,-1.1484507e-15,-1.1484507e-15,4.2527319e-06,4.2527319e-06,4.2527319e-06,4.2527319e-06,2.439991e-18,2.439991e-18,-0.00039753525,-0.00039753525,-7.0153279e-05,-7.0153279e-05,-0.00039753525,-0.00039753525,-7.0153279e-05,-7.0153279e-05,-2.6392089e-17,-2.6392089e-17,7.7092015e-17,7.7092015e-17,-0.00046768853,-0.00046768853,7.083013e-17,7.083013e-17,-0.00046733997,-0.00046733997,5.8327577e-17,5.8327577e-17,-2.5501897e-13,-2.5501897e-13,7.0153279e-05,7.0153279e-05,-2.550238e-13,-2.550238e-13,7.0153279e-05,7.0153279e-05,7.0153279e-05,7.0153279e-05,-1.1404942e-15,-1.1404942e-15,-0.00039753525,-0.00039753525,-0.00039753525,-0.00039753525,-7.0153279e-05,-7.0153279e-05,-7.5475868e-07,-7.5475868e-07,1.3645579e-18,1.3645579e-18,4.1817942e-13,4.1817942e-13,-7.547591e-07,-7.547591e-07,-4.5678305e-06,-4.5678305e-06,-1.1349014e-15,-1.1349014e-15,0.017391705,0.017391705,-7.1724029e-14,-7.1724029e-14,0.022064064,0.022064064,-3.5963123e-14,-3.5963123e-14,-0.00039753525,-0.00039753525,0.00046768853,0.00046768853,-7.950705e-05,-7.950705e-05,-2.2938566e-16,-2.2938566e-16,-1.7070559e-14,-1.7070559e-14,1.7077348e-14,1.7077348e-14,-8.4695085e-19,-8.4695085e-19,-1.577428e-18,-1.577428e-18,-3.4856461e-07,-3.4856461e-07,-4.7980933e-18,-4.7980933e-18,6.1348595e-18,6.1348595e-18,-1.386181e-17,-1.386181e-17,7.3766534e-07,7.3766534e-07,1.313753e-34,1.313753e-34
-0.00039330378,-0.00039330378,0.00039330378,0.00039330378,1.6267369e-15,1.6267369e-15,1.1044292e-15,1.1044292e-15,0.00039330378,0.00039330378,-5.7559343e-05,-5.7559343e-05,-6.940655e-05,-6.940655e-05,-5.7028003e-05,-5.7028003e-05,-6.940655e-05,-6.940655e-05,4.2404968e-11,4.2404968e-11,-1.8607902e-21,-1.8607902e-21,6.9406549e-05,6.9406549e-05,-1.1471047e-15,-1.1471047e-15,4.2074984e-06,4.2074984e-06,4.2074984e-06,4.2074984e-06,2.4141501e-18,2.4141501e-18,-0.00039330378,-0.00039330378,-6.940655e-05,-6.940655e-05,-0.00039330378,-0.00039330378,-6.940655e-05,-6.940655e-05,-2.6992036e-17,-2.6992036e-17,7.6674608e-17,7.6674608e-17,-0.00046271033,-0.00046271033,6.9598177e-17,6.9598177e-17,-0.00046237919,-0.00046237919,5.7230886e-17,5.7230886e-17,-6.470281e-13,-6.470281e-13,6.940655e-05,6.940655e-05,-6.4703278e-13,-6.4703278e-13,6.940655e-05,6.940655e-05,6.9406549e-05,6.9406549e-05,-1.1392331e-15,-1.1392331e-15,-0.00039330378,-0.00039330378,-0.00039330378,-0.00039330378,-6.940655e-05,-6.940655e-05,-7.4673016e-07,-7.4673016e-07,1.350092e-18,1.350092e-18,-3.9200898e-13,-3.9200898e-13,-7.4672977e-07,-7.4672977e-07,-4.5197367e-06,-4.5197367e-06,-1.1336998e-15,-1.1336998e-15,0.017206253,0.017206253,-7.1649248e-14,-7.1649248e-14,0.021829184,0.021829184,-3.5926291e-14,-3.5926291e-14,-0.00039330378,-0.00039330378,0.00046271033,0.00046271033,-7.8660756e-05,-7.8660756e-05,-2.2921516e-16,-2.2921516e-16,-1.707795e-14,-1.707795e-14,1.708467e-14,1.708467e-14,-8.3780842e-19,-8.3780842e-19,-1.560653e-18,-1.560653e-18,-3.3113638e-07,-3.3113638e-07,-4.747047e-18,-4.747047e-18,6.06954e-18,6.06954e-18,-1.3714115e-17,-1.3714115e-17,7.3059231e-07,7.3059231e-07,1.2860682e-34,1.2860682e-34
-0.00038911732,-0.00038911732,0.00038911732,0.00038911732,1.6261948e-15,1.6261948e-15,1.1030765e-15,1.1030765e-15,0.00038911732,0.00038911732,-5.6937743e-05,-5.6937743e-05,-6.8667763e-05,-6.8667763e-05,-5.64115e-05,-5.64115e-05,-6.8667763e-05,-6.8667763e-05,4.1760521e-11,4.1760521e-11,-1.823775e-21,-1.823775e-21,6.8667762e-05,6.8667762e-05,-1.145773e-15,-1.145773e-15,4.1627345e-06,4.1627345e-06,4.1627345e-06,4.1627345e-06,2.3885768e-18,2.3885768e-18,-0.00038911732,-0.00038911732,-6.8667763e-05,-6.8667763e-05,-0.00038911732,-0.00038911732,-6.8667763e-05,-6.8667763e-05,-2.7585519e-17,-2.7585519e-17,7.626168e-17,7.626168e-17,-0.00045778508,-0.00045778508,6.8379465e-17,6.8379465e-17,-0.0004574705,-0.0004574705,5.6145888e-17,5.6145888e-17,-2.6112983e-13,-2.6112983e-13,6.8667763e-05,6.8667763e-05,-2.6113438e-13,-2.6113438e-13,6.8667763e-05,6.8667763e-05,6.8667762e-05,6.8667762e-05,-1.1379855e-15,-1.1379855e-15,-0.00038911732,-0.00038911732,-0.00038911732,-0.00038911732,-6.8667763e-05,-6.8667763e-05,-7.3878677e-07,-7.3878677e-07,1.3357768e-18,1.3357768e-18,3.8589841e-13,3.8589841e-13,-7.3878716e-07,-7.3878716e-07,-4.472128e-06,-4.472128e-06,-1.132511e-15,-1.132511e-15,0.017022791,0.017022791,-7.1575262e-14,-7.1575262e-14,0.021596804,0.021596804,-3.5889852e-14,-3.5889852e-14,-0.00038911732,-0.00038911732,0.00045778508,0.00045778508,-7.7823464e-05,-7.7823464e-05,-2.2904645e-16,-2.2904645e-16,-1.7085262e-14,-1.7085262e-14,1.7091912e-14,1.7091912e-14,-8.2876616e-19,-8.2876616e-19,-1.5440557e-18,-1.5440557e-18,-3.1457956e-07,-3.1457956e-07,-4.6965426e-18,-4.6965426e-18,6.0049161e-18,6.0049161e-18,-1.3567998e-17,-1.3567998e-17,7.2358358e-07,7.2358358e-07,1.2589606e-34,1.2589606e-34
-0.0003849754,-0.0003849754,0.0003849754,0.0003849754,1.6255985e-15,1.6255985e-15,1.1017382e-15,1.1017382e-15,0.0003849754,0.0003849754,-5.6323221e-05,-5.6323221e-05,-6.7936835e-05,-6.7936835e-05,-5.5802029e-05,-5.5802029e-05,-6.7936835e-05,-6.7936835e-05,4.1501944e-11,4.1501944e-11,-1.7880141e-21,-1.7880141e-21,6.7936835e-05,6.7936835e-05,-1.1444555e-15,-1.1444555e-15,4.1184552e-06,4.1184552e-06,4.1184552e-06,4.1184552e-06,2.3632687e-18,2.3632687e-18,-0.0003849754,-0.0003849754,-6.7936835e-05,-6.7936835e-05,-0.0003849754,-0.0003849754,-6.7936835e-05,-6.7936835e-05,-2.8172611e-17,-2.8172611e-17,7.5853181e-17,7.5853181e-17,-0.00045291223,-0.00045291223,6.7173849e-17,6.7173849e-17,-0.00045261338,-0.00045261338,5.507246e-17,5.507246e-17,-6.2233902e-13,-6.2233902e-13,6.7936835e-05,6.7936835e-05,-6.2234344e-13,-6.2234344e-13,6.7936835e-05,6.7936835e-05,6.7936835e-05,6.7936835e-05,-1.1367511e-15,-1.1367511e-15,-0.0003849754,-0.0003849754,-0.0003849754,-0.0003849754,-6.7936835e-05,-6.7936835e-05,-7.3092763e-07,-7.3092763e-07,1.3216105e-18,1.3216105e-18,-3.6120906e-13,-3.6120906e-13,-7.3092727e-07,-7.3092727e-07,-4.4250008e-06,-4.4250008e-06,-1.1313349e-15,-1.1313349e-15,0.016841296,0.016841296,-7.1502064e-14,-7.1502064e-14,0.021366897,0.021366897,-3.58538e-14,-3.58538e-14,-0.0003849754,-0.0003849754,0.00045291223,0.00045291223,-7.699508e-05,-7.699508e-05,-2.2887952e-16,-2.2887952e-16,-1.7092495e-14,-1.7092495e-14,1.7099077e-14,1.7099077e-14,-8.1982293e-19,-8.1982293e-19,-1.5276342e-18,-1.5276342e-18,-2.9885059e-07,-2.9885059e-07,-4.6465743e-18,-4.6465743e-18,5.9409807e-18,5.9409807e-18,-1.3423443e-17,-1.3423443e-17,7.1663864e-07,7.1663864e-07,1.2324184e-34,1.2324184e-34
-0.00038087754,-0.00038087754,0.00038087754,0.00038087754,1.6250564e-15,1.6250564e-15,1.1004142e-15,1.1004142e-15,0.00038087754,0.00038087754,-5.5715679e-05,-5.5715679e-05,-6.7213683e-05,-6.7213683e-05,-5.5199492e-05,-5.5199492e-05,-6.7213683e-05,-6.7213683e-05,4.0882131e-11,4.0882131e-11,-1.7534512e-21,-1.7534512e-21,6.7213683e-05,6.7213683e-05,-1.143152e-15,-1.143152e-15,4.0746362e-06,4.0746362e-06,4.0746362e-06,4.0746362e-06,2.3382234e-18,2.3382234e-18,-0.00038087754,-0.00038087754,-6.7213683e-05,-6.7213683e-05,-0.00038087754,-0.00038087754,-6.7213683e-05,-6.7213683e-05,-2.8753381e-17,-2.8753381e-17,7.5449062e-17,7.5449062e-17,-0.00044809122,-0.00044809122,6.5981183e-17,6.5981183e-17,-0.00044780731,-0.00044780731,5.4010476e-17,5.4010476e-17,-2.6621421e-13,-2.6621421e-13,6.7213683e-05,6.7213683e-05,-2.662185e-13,-2.662185e-13,6.7213683e-05,6.7213683e-05,6.7213683e-05,6.7213683e-05,-1.1355298e-15,-1.1355298e-15,-0.00038087754,-0.00038087754,-0.00038087754,-0.00038087754,-6.7213683e-05,-6.7213683e-05,-7.2315186e-07,-7.2315186e-07,1.3075919e-18,1.3075919e-18,3.5612494e-13,3.5612494e-13,-7.2315221e-07,-7.2315221e-07,-4.3783512e-06,-4.3783512e-06,-1.1301712e-15,-1.1301712e-15,0.016661746,0.016661746,-7.1429644e-14,-7.1429644e-14,0.021139437,0.021139437,-3.5818131e-14,-3.5818131e-14,-0.00038087754,-0.00038087754,0.00044809122,0.00044809122,-7.6175507e-05,-7.6175507e-05,-2.2871435e-16,-2.2871435e-16,-1.709965e-14,-1.709965e-14,1.7106165e-14,1.7106165e-14,-8.1097764e-19,-8.1097764e-19,-1.5113866e-18,-1.5113866e-18,-2.8390806e-07,-2.8390806e-07,-4.5971365e-18,-4.5971365e-18,5.8777262e-18,5.8777262e-18,-1.3280432e-17,-1.3280432e-17,7.09757e-07,7.09757e-07,1.2064302e-34,1.2064302e-34
-0.00037682327,-0.00037682327,0.00037682327,0.00037682327,1.6245685e-15,1.6245685e-15,1.0991042e-15,1.0991042e-15,0.00037682327,0.00037682327,-5.5115021e-05,-5.5115021e-05,-6.6498225e-05,-6.6498225e-05,-5.4603793e-05,-5.4603793e-05,-6.6498225e-05,-6.6498225e-05,4.0618416e-11,4.0618416e-11,-1.7200326e-21,-1.7200326e-21,6.6498224e-05,6.6498224e-05,-1.1418624e-15,-1.1418624e-15,4.0312912e-06,4.0312912e-06,4.0312912e-06,4.0312912e-06,2.3134383e-18,2.3134383e-18,-0.00037682327,-0.00037682327,-6.6498225e-05,-6.6498225e-05,-0.00037682327,-0.00037682327,-6.6498225e-05,-6.6498225e-05,-2.9327902e-17,-2.9327902e-17,7.5049275e-17,7.5049275e-17,-0.0004433215,-0.0004433215,6.4801323e-17,6.4801323e-17,-0.00044305179,-0.00044305179,5.2959816e-17,5.2959816e-17,-5.9902755e-13,-5.9902755e-13,6.6498225e-05,6.6498225e-05,-5.9903172e-13,-5.9903172e-13,6.6498225e-05,6.6498225e-05,6.6498224e-05,6.6498224e-05,-1.1343215e-15,-1.1343215e-15,-0.00037682327,-0.00037682327,-0.00037682327,-0.00037682327,-6.6498225e-05,-6.6498225e-05,-7.1545858e-07,-7.1545858e-07,1.2937195e-18,1.2937195e-18,-3.3281321e-13,-3.3281321e-13,-7.1545825e-07,-7.1545825e-07,-4.3321752e-06,-4.3321752e-06,-1.12902e-15,-1.12902e-15,0.016484121,0.016484121,-7.1357995e-14,-7.1357995e-14,0.020914398,0.020914398,-3.5782842e-14,-3.5782842e-14,-0.00037682327,-0.00037682327,0.0004433215,0.0004433215,-7.5364655e-05,-7.5364655e-05,-2.2855092e-16,-2.2855092e-16,-1.7106728e-14,-1.7106728e-14,1.7113177e-14,1.7113177e-14,-8.0222916e-19,-8.0222916e-19,-1.4953113e-18,-1.4953113e-18,-2.6971265e-07,-2.6971265e-07,-4.5482236e-18,-4.5482236e-18,5.8151454e-18,5.8151454e-18,-1.3138949e-17,-1.3138949e-17,7.0293815e-07,7.0293815e-07,1.1809848e-34,1.1809848e-34
-0.00037281214,-0.00037281214,0.00037281214,0.00037281214,1.6240264e-15,1.6240264e-15,1.0978083e-15,1.0978083e-15,0.00037281214,0.00037281214,-5.4521152e-05,-5.4521152e-05,-6.5790378e-05,-6.5790378e-05,-5.4014838e-05,-5.4014838e-05,-6.5790378e-05,-6.5790378e-05,4.0021861e-11,4.0021861e-11,-1.6877074e-21,-1.6877074e-21,6.5790377e-05,6.5790377e-05,-1.1405865e-15,-1.1405865e-15,3.9883976e-06,3.9883976e-06,3.9883976e-06,3.9883976e-06,2.2889111e-18,2.2889111e-18,-0.00037281214,-0.00037281214,-6.5790378e-05,-6.5790378e-05,-0.00037281214,-0.00037281214,-6.5790378e-05,-6.5790378e-05,-2.9896241e-17,-2.9896241e-17,7.4653772e-17,7.4653772e-17,-0.00043860252,-0.00043860252,6.3634128e-17,6.3634128e-17,-0.00043834629,-0.00043834629,5.1920357e-17,5.1920357e-17,-2.7036377e-13,-2.7036377e-13,6.5790378e-05,6.5790378e-05,-2.7036782e-13,-2.7036782e-13,6.5790378e-05,6.5790378e-05,6.5790377e-05,6.5790377e-05,-1.1331261e-15,-1.1331261e-15,-0.00037281214,-0.00037281214,-0.00037281214,-0.00037281214,-6.5790378e-05,-6.5790378e-05,-7.0784693e-07,-7.0784693e-07,1.279992e-18,1.279992e-18,3.2866389e-13,3.2866389e-13,-7.0784726e-07,-7.0784726e-07,-4.286469e-06,-4.286469e-06,-1.127881e-15,-1.127881e-15,0.016308399,0.016308399,-7.1287108e-14,-7.1287108e-14,0.020691754,0.020691754,-3.5747929e-14,-3.5747929e-14,-0.00037281214,-0.00037281214,0.00043860252,0.00043860252,-7.4562428e-05,-7.4562428e-05,-2.2838922e-16,-2.2838922e-16,-1.7113731e-14,-1.7113731e-14,1.7120113e-14,1.7120113e-14,-7.9357641e-19,-7.9357641e-19,-1.4794063e-18,-1.4794063e-18,-2.5622702e-07,-2.5622702e-07,-4.4998301e-18,-4.4998301e-18,5.7532312e-18,5.7532312e-18,-1.2998977e-17,-1.2998977e-17,6.9618159e-07,6.9618159e-07,1.1560713e-34,1.1560713e-34
-0.00036884368,-0.00036884368,0.00036884368,0.00036884368,1.6234843e-15,1.6234843e-15,1.0965261e-15,1.0965261e-15,0.00036884368,0.00036884368,-5.393398e-05,-5.393398e-05,-6.5090062e-05,-6.5090062e-05,-5.3432535e-05,-5.3432535e-05,-6.5090062e-05,-6.5090062e-05,3.9753944e-11,3.9753944e-11,-1.6564269e-21,-1.6564269e-21,6.5090061e-05,6.5090061e-05,-1.1393242e-15,-1.1393242e-15,3.9459675e-06,3.9459675e-06,3.9459675e-06,3.9459675e-06,2.2646393e-18,2.2646393e-18,-0.00036884368,-0.00036884368,-6.5090062e-05,-6.5090062e-05,-0.00036884368,-0.00036884368,-6.5090062e-05,-6.5090062e-05,-3.0458469e-17,-3.0458469e-17,7.4262506e-17,7.4262506e-17,-0.00043393375,-0.00043393375,6.2479459e-17,6.2479459e-17,-0.00043369033,-0.00043369033,5.089198e-17,5.089198e-17,-5.7699802e-13,-5.7699802e-13,6.5090062e-05,6.5090062e-05,-5.7700196e-13,-5.7700196e-13,6.5090062e-05,6.5090062e-05,6.5090061e-05,6.5090061e-05,-1.1319434e-15,-1.1319434e-15,-0.00036884368,-0.00036884368,-0.00036884368,-0.00036884368,-6.5090062e-05,-6.5090062e-05,-7.0031606e-07,-7.0031606e-07,1.266408e-18,1.266408e-18,-3.0663413e-13,-3.0663413e-13,-7.0031575e-07,-7.0031575e-07,-4.2412287e-06,-4.2412287e-06,-1.1267542e-15,-1.1267542e-15,0.016134559,0.016134559,-7.1216975e-14,-7.1216975e-14,0.020471479,0.020471479,-3.5713387e-14,-3.5713387e-14,-0.00036884368,-0.00036884368,0.00043393375,0.00043393375,-7.3768737e-05,-7.3768737e-05,-2.2822922e-16,-2.2822922e-16,-1.7120658e-14,-1.7120658e-14,1.7126975e-14,1.7126975e-14,-7.8501832e-19,-7.8501832e-19,-1.46367e-18,-1.46367e-18,-2.4341567e-07,-2.4341567e-07,-4.4519505e-18,-4.4519505e-18,5.6919764e-18,5.6919764e-18,-1.28605e-17,-1.28605e-17,6.8948682e-07,6.8948682e-07,1.1316787e-34,1.1316787e-34
-0.00036491745,-0.00036491745,0.00036491745,0.00036491745,1.622888e-15,1.622888e-15,1.0952575e-15,1.0952575e-15,0.00036491745,0.00036491745,-5.3353414e-05,-5.3353414e-05,-6.4397196e-05,-6.4397196e-05,-5.2856793e-05,-5.2856793e-05,-6.4397196e-05,-6.4397196e-05,3.9179366e-11,3.9179366e-11,-1.6261452e-21,-1.6261452e-21,6.4397196e-05,6.4397196e-05,-1.1380754e-15,-1.1380754e-15,3.9039798e-06,3.9039798e-06,3.9039798e-06,3.9039798e-06,2.2406205e-18,2.2406205e-18,-0.00036491745,-0.00036491745,-6.4397196e-05,-6.4397196e-05,-0.00036491745,-0.00036491745,-6.4397196e-05,-6.4397196e-05,-3.1014652e-17,-3.1014652e-17,7.3875429e-17,7.3875429e-17,-0.00042931464,-0.00042931464,6.1337176e-17,6.1337176e-17,-0.0004290834,-0.0004290834,4.9874566e-17,4.9874566e-17,-2.7366278e-13,-2.7366278e-13,6.4397196e-05,6.4397196e-05,-2.7366661e-13,-2.7366661e-13,6.4397196e-05,6.4397196e-05,6.4397196e-05,6.4397196e-05,-1.1307733e-15,-1.1307733e-15,-0.00036491745,-0.00036491745,-0.00036491745,-0.00036491745,-6.4397196e-05,-6.4397196e-05,-6.9286511e-07,-6.9286511e-07,1.252966e-18,1.252966e-18,3.0333535e-13,3.0333535e-13,-6.9286542e-07,-6.9286542e-07,-4.1964503e-06,-4.1964503e-06,-1.1256393e-15,-1.1256393e-15,0.015962581,0.015962581,-7.1147589e-14,-7.1147589e-14,0.02025355,0.02025355,-3.5679212e-14,-3.5679212e-14,-0.00036491745,-0.00036491745,0.00042931464,0.00042931464,-7.2983489e-05,-7.2983489e-05,-2.2807091e-16,-2.2807091e-16,-1.7127511e-14,-1.7127511e-14,1.7133763e-14,1.7133763e-14,-7.7655382e-19,-7.7655382e-19,-1.4481005e-18,-1.4481005e-18,-2.3124489e-07,-2.3124489e-07,-4.4045795e-18,-4.4045795e-18,5.6313741e-18,5.6313741e-18,-1.2723501e-17,-1.2723501e-17,6.8285334e-07,6.8285334e-07,1.1077964e-34,1.1077964e-34
-0.00036103299,-0.00036103299,0.00036103299,0.00036103299,1.6224001e-15,1.6224001e-15,1.0940025e-15,1.0940025e-15,0.00036103299,0.00036103299,-5.2779367e-05,-5.2779367e-05,-6.3711703e-05,-6.3711703e-05,-5.2287526e-05,-5.2287526e-05,-6.3711703e-05,-6.3711703e-05,3.8908097e-11,3.8908097e-11,-1.5968181e-21,-1.5968181e-21,6.3711703e-05,6.3711703e-05,-1.1368399e-15,-1.1368399e-15,3.8624455e-06,3.8624455e-06,3.8624455e-06,3.8624455e-06,2.2168522e-18,2.2168522e-18,-0.00036103299,-0.00036103299,-6.3711703e-05,-6.3711703e-05,-0.00036103299,-0.00036103299,-6.3711703e-05,-6.3711703e-05,-3.1564857e-17,-3.1564857e-17,7.3492498e-17,7.3492498e-17,-0.00042474469,-0.00042474469,6.0207144e-17,6.0207144e-17,-0.00042452501,-0.00042452501,4.8867999e-17,4.8867999e-17,-5.5616196e-13,-5.5616196e-13,6.3711703e-05,6.3711703e-05,-5.5616569e-13,-5.5616569e-13,6.3711703e-05,6.3711703e-05,6.3711703e-05,6.3711703e-05,-1.1296156e-15,-1.1296156e-15,-0.00036103299,-0.00036103299,-0.00036103299,-0.00036103299,-6.3711703e-05,-6.3711703e-05,-6.8549326e-07,-6.8549326e-07,1.2396647e-18,1.2396647e-18,-2.8249909e-13,-2.8249909e-13,-6.8549298e-07,-6.8549298e-07,-4.1521299e-06,-4.1521299e-06,-1.1245363e-15,-1.1245363e-15,0.015792444,0.015792444,-7.1078942e-14,-7.1078942e-14,0.020037939,0.020037939,-3.5645401e-14,-3.5645401e-14,-0.00036103299,-0.00036103299,0.00042474469,0.00042474469,-7.2206597e-05,-7.2206597e-05,-2.2791428e-16,-2.2791428e-16,-1.713429e-14,-1.713429e-14,1.7140478e-14,1.7140478e-14,-7.6818186e-19,-7.6818186e-19,-1.4326961e-18,-1.4326961e-18,-2.1968264e-07,-2.1968264e-07,-4.3577115e-18,-4.3577115e-18,5.5714171e-18,5.5714171e-18,-1.2587965e-17,-1.2587965e-17,6.7628067e-07,6.7628067e-07,1.0844142e-34,1.0844142e-34
-0.00035718985,-0.00035718985,0.00035718985,0.00035718985,1.621858e-15,1.621858e-15,1.0927609e-15,1.0927609e-15,0.00035718985,0.00035718985,-5.2211751e-05,-5.2211751e-05,-6.3033503e-05,-6.3033503e-05,-5.1724647e-05,-5.1724647e-05,-6.3033503e-05,-6.3033503e-05,3.8354304e-11,3.8354304e-11,-1.5684041e-21,-1.5684041e-21,6.3033503e-05,6.3033503e-05,-1.1356175e-15,-1.1356175e-15,3.8213448e-06,3.8213448e-06,3.8213448e-06,3.8213448e-06,2.1933322e-18,2.1933322e-18,-0.00035718985,-0.00035718985,-6.3033503e-05,-6.3033503e-05,-0.00035718985,-0.00035718985,-6.3033503e-05,-6.3033503e-05,-3.2109151e-17,-3.2109151e-17,7.3113664e-17,7.3113664e-17,-0.00042022336,-0.00042022336,5.9089228e-17,5.9089228e-17,-0.00042001466,-0.00042001466,4.7872161e-17,4.7872161e-17,-2.7618867e-13,-2.7618867e-13,6.3033503e-05,6.3033503e-05,-2.761923e-13,-2.761923e-13,6.3033503e-05,6.3033503e-05,6.3033503e-05,6.3033503e-05,-1.1284703e-15,-1.1284703e-15,-0.00035718985,-0.00035718985,-0.00035718985,-0.00035718985,-6.3033503e-05,-6.3033503e-05,-6.7819966e-07,-6.7819966e-07,1.2265028e-18,1.2265028e-18,2.7997339e-13,2.7997339e-13,-6.7819994e-07,-6.7819994e-07,-4.1082636e-06,-4.1082636e-06,-1.123445e-15,-1.123445e-15,0.015624128,0.015624128,-7.1011024e-14,-7.1011024e-14,0.019824624,0.019824624,-3.561195e-14,-3.561195e-14,-0.00035718985,-0.00035718985,0.00042022336,0.00042022336,-7.1437971e-05,-7.1437971e-05,-2.277593e-16,-2.277593e-16,-1.7140997e-14,-1.7140997e-14,1.7147121e-14,1.7147121e-14,-7.599014e-19,-7.599014e-19,-1.4174551e-18,-1.4174551e-18,-2.0869851e-07,-2.0869851e-07,-4.3113415e-18,-4.3113415e-18,5.5120987e-18,5.5120987e-18,-1.2453877e-17,-1.2453877e-17,6.6976831e-07,6.6976831e-07,1.0615216e-34,1.0615216e-34
-0.00035338761,-0.00035338761,0.00035338761,0.00035338761,1.6213159e-15,1.6213159e-15,1.0915324e-15,1.0915324e-15,0.00035338761,0.00035338761,-5.1650483e-05,-5.1650483e-05,-6.236252e-05,-6.236252e-05,-5.1168072e-05,-5.1168072e-05,-6.236252e-05,-6.236252e-05,3.8080459e-11,3.8080459e-11,-1.5408632e-21,-1.5408632e-21,6.236252e-05,6.236252e-05,-1.1344081e-15,-1.1344081e-15,3.7806876e-06,3.7806876e-06,3.7806876e-06,3.7806876e-06,2.170058e-18,2.170058e-18,-0.00035338761,-0.00035338761,-6.236252e-05,-6.236252e-05,-0.00035338761,-0.00035338761,-6.236252e-05,-6.236252e-05,-3.2647599e-17,-3.2647599e-17,7.2738885e-17,7.2738885e-17,-0.00041575013,-0.00041575013,5.7983296e-17,5.7983296e-17,-0.00041555187,-0.00041555187,4.688694e-17,4.688694e-17,-5.3643756e-13,-5.3643756e-13,6.236252e-05,6.236252e-05,-5.364411e-13,-5.364411e-13,6.236252e-05,6.236252e-05,6.236252e-05,6.236252e-05,-1.1273371e-15,-1.1273371e-15,-0.00035338761,-0.00035338761,-0.00035338761,-0.00035338761,-6.236252e-05,-6.236252e-05,-6.7098351e-07,-6.7098351e-07,1.2134788e-18,1.2134788e-18,-2.6024879e-13,-2.6024879e-13,-6.7098325e-07,-6.7098325e-07,-4.0648474e-06,-4.0648474e-06,-1.1223653e-15,-1.1223653e-15,0.015457614,0.015457614,-7.094383e-14,-7.094383e-14,0.019613579,0.019613579,-3.5578855e-14,-3.5578855e-14,-0.00035338761,-0.00035338761,0.00041575013,0.00041575013,-7.0677523e-05,-7.0677523e-05,-2.2760595e-16,-2.2760595e-16,-1.7147631e-14,-1.7147631e-14,1.7153693e-14,1.7153693e-14,-7.5171141e-19,-7.5171141e-19,-1.4023758e-18,-1.4023758e-18,-1.9826358e-07,-1.9826358e-07,-4.265464e-18,-4.265464e-18,5.453412e-18,5.453412e-18,-1.2321219e-17,-1.2321219e-17,6.6331577e-07,6.6331577e-07,1.0391088e-34,1.0391088e-34
-0.00034962583,-0.00034962583,0.00034962583,0.00034962583,1.620828e-15,1.620828e-15,1.0903171e-15,1.0903171e-15,0.00034962583,0.00034962583,-5.1095479e-05,-5.1095479e-05,-6.1698676e-05,-6.1698676e-05,-5.0617717e-05,-5.0617717e-05,-6.1698676e-05,-6.1698676e-05,3.7546341e-11,3.7546341e-11,-1.5141577e-21,-1.5141577e-21,6.1698676e-05,6.1698676e-05,-1.1332116e-15,-1.1332116e-15,3.7404554e-06,3.7404554e-06,3.7404554e-06,3.7404554e-06,2.1470272e-18,2.1470272e-18,-0.00034962583,-0.00034962583,-6.1698676e-05,-6.1698676e-05,-0.00034962583,-0.00034962583,-6.1698676e-05,-6.1698676e-05,-3.3180264e-17,-3.3180264e-17,7.2368115e-17,7.2368115e-17,-0.00041132451,-0.00041132451,5.6889215e-17,5.6889215e-17,-0.00041113616,-0.00041113616,4.5912219e-17,4.5912219e-17,-2.7801265e-13,-2.7801265e-13,6.1698676e-05,6.1698676e-05,-2.7801609e-13,-2.7801609e-13,6.1698676e-05,6.1698676e-05,6.1698676e-05,6.1698676e-05,-1.126216e-15,-1.126216e-15,-0.00034962583,-0.00034962583,-0.00034962583,-0.00034962583,-6.1698676e-05,-6.1698676e-05,-6.6384397e-07,-6.6384397e-07,1.2005915e-18,1.2005915e-18,2.5842501e-13,2.5842501e-13,-6.6384423e-07,-6.6384423e-07,-4.0218774e-06,-4.0218774e-06,-1.1212972e-15,-1.1212972e-15,0.015292882,0.015292882,-7.0877351e-14,-7.0877351e-14,0.01940478,0.01940478,-3.5546112e-14,-3.5546112e-14,-0.00034962583,-0.00034962583,0.00041132451,0.00041132451,-6.9925166e-05,-6.9925166e-05,-2.2745423e-16,-2.2745423e-16,-1.7154195e-14,-1.7154195e-14,1.7160194e-14,1.7160194e-14,-7.4361089e-19,-7.4361089e-19,-1.3874565e-18,-1.3874565e-18,-1.8835041e-07,-1.8835041e-07,-4.220074e-18,-4.220074e-18,5.3953504e-18,5.3953504e-18,-1.2189978e-17,-1.2189978e-17,6.5692257e-07,6.5692257e-07,1.0171659e-34,1.0171659e-34
-0.00034590408,-0.00034590408,0.00034590408,0.00034590408,1.6202859e-15,1.6202859e-15,1.0891147e-15,1.0891147e-15,0.00034590408,0.00034590408,-5.0546657e-05,-5.0546657e-05,-6.1041896e-05,-6.1041896e-05,-5.0073502e-05,-5.0073502e-05,-6.1041896e-05,-6.1041896e-05,3.7270622e-11,3.7270622e-11,-1.4882516e-21,-1.4882516e-21,6.1041895e-05,6.1041895e-05,-1.1320279e-15,-1.1320279e-15,3.700657e-06,3.700657e-06,3.700657e-06,3.700657e-06,2.1242374e-18,2.1242374e-18,-0.00034590408,-0.00034590408,-6.1041896e-05,-6.1041896e-05,-0.00034590408,-0.00034590408,-6.1041896e-05,-6.1041896e-05,-3.3707212e-17,-3.3707212e-17,7.2001311e-17,7.2001311e-17,-0.00040694597,-0.00040694597,5.5806856e-17,5.5806856e-17,-0.00040676704,-0.00040676704,4.4947889e-17,4.4947889e-17,-5.1774912e-13,-5.1774912e-13,6.1041896e-05,6.1041896e-05,-5.1775248e-13,-5.1775248e-13,6.1041896e-05,6.1041896e-05,6.1041895e-05,6.1041895e-05,-1.1251069e-15,-1.1251069e-15,-0.00034590408,-0.00034590408,-0.00034590408,-0.00034590408,-6.1041896e-05,-6.1041896e-05,-6.5678025e-07,-6.5678025e-07,1.1878394e-18,1.1878394e-18,-2.3973639e-13,-2.3973639e-13,-6.5678001e-07,-6.5678001e-07,-3.9793496e-06,-3.9793496e-06,-1.1202404e-15,-1.1202404e-15,0.015129911,0.015129911,-7.0811579e-14,-7.0811579e-14,0.019198204,0.019198204,-3.5513718e-14,-3.5513718e-14,-0.00034590408,-0.00034590408,0.00040694597,0.00040694597,-6.9180816e-05,-6.9180816e-05,-2.2730412e-16,-2.2730412e-16,-1.7160688e-14,-1.7160688e-14,1.7166626e-14,1.7166626e-14,-7.3559881e-19,-7.3559881e-19,-1.3726955e-18,-1.3726955e-18,-1.7893289e-07,-1.7893289e-07,-4.1751662e-18,-4.1751662e-18,5.3379071e-18,5.3379071e-18,-1.2060137e-17,-1.2060137e-17,6.5058822e-07,6.5058822e-07,9.9568324e-35,9.9568324e-35
-0.00034222192,-0.00034222192,0.00034222192,0.00034222192,1.6198523e-15,1.6198523e-15,1.0879251e-15,1.0879251e-15,0.00034222192,0.00034222192,-5.0003939e-05,-5.0003939e-05,-6.0392104e-05,-6.0392104e-05,-4.9535348e-05,-4.9535348e-05,-6.0392104e-05,-6.0392104e-05,3.6755142e-11,3.6755142e-11,-1.4631106e-21,-1.4631106e-21,6.0392104e-05,6.0392104e-05,-1.1308567e-15,-1.1308567e-15,3.661275e-06,3.661275e-06,3.6612751e-06,3.6612751e-06,2.1016865e-18,2.1016865e-18,-0.00034222192,-0.00034222192,-6.0392104e-05,-6.0392104e-05,-0.00034222192,-0.00034222192,-6.0392104e-05,-6.0392104e-05,-3.4228504e-17,-3.4228504e-17,7.1638429e-17,7.1638429e-17,-0.00040261403,-0.00040261403,5.473609e-17,5.473609e-17,-0.00040244404,-0.00040244404,4.3993838e-17,4.3993838e-17,-2.792001e-13,-2.792001e-13,6.0392104e-05,6.0392104e-05,-2.7920337e-13,-2.7920337e-13,6.0392104e-05,6.0392104e-05,6.0392104e-05,6.0392104e-05,-1.1240095e-15,-1.1240095e-15,-0.00034222192,-0.00034222192,-0.00034222192,-0.00034222192,-6.0392104e-05,-6.0392104e-05,-6.4979156e-07,-6.4979156e-07,1.1752213e-18,1.1752213e-18,2.3854911e-13,2.3854911e-13,-6.4979179e-07,-6.4979179e-07,-3.9372601e-06,-3.9372601e-06,-1.1191948e-15,-1.1191948e-15,0.014968684,0.014968684,-7.0746508e-14,-7.0746508e-14,0.018993826,0.018993826,-3.5481668e-14,-3.5481668e-14,-0.00034222192,-0.00034222192,0.00040261403,0.00040261403,-6.8444385e-05,-6.8444385e-05,-2.2715559e-16,-2.2715559e-16,-1.7167111e-14,-1.7167111e-14,1.7172988e-14,1.7172988e-14,-7.2767421e-19,-7.2767421e-19,-1.3580911e-18,-1.3580911e-18,-1.6998624e-07,-1.6998624e-07,-4.1307356e-18,-4.1307356e-18,5.2810755e-18,5.2810755e-18,-1.1931681e-17,-1.1931681e-17,6.4431224e-07,6.4431224e-07,9.7465138e-35,9.7465138e-35
-0.00033857896,-0.00033857896,0.00033857896,0.00033857896,1.6193102e-15,1.6193102e-15,1.0867482e-15,1.0867482e-15,0.00033857896,0.00033857896,-4.9467245e-05,-4.9467245e-05,-5.9749227e-05,-5.9749227e-05,-4.9003176e-05,-4.9003176e-05,-5.9749227e-05,-5.9749227e-05,3.6478188e-11,3.6478188e-11,-1.4387021e-21,-1.4387021e-21,5.9749227e-05,5.9749227e-05,-1.129698e-15,-1.129698e-15,3.6223174e-06,3.6223174e-06,3.6223174e-06,3.6223174e-06,2.0793718e-18,2.0793718e-18,-0.00033857895,-0.00033857895,-5.9749227e-05,-5.9749227e-05,-0.00033857895,-0.00033857895,-5.9749227e-05,-5.9749227e-05,-3.4744203e-17,-3.4744203e-17,7.1279427e-17,7.1279427e-17,-0.00039832818,-0.00039832818,5.3676791e-17,5.3676791e-17,-0.0003981667,-0.0003981667,4.3049955e-17,4.3049955e-17,-5.000266e-13,-5.000266e-13,5.9749227e-05,5.9749227e-05,-5.000298e-13,-5.000298e-13,5.9749227e-05,5.9749227e-05,5.9749227e-05,5.9749227e-05,-1.1229239e-15,-1.1229239e-15,-0.00033857896,-0.00033857896,-0.00033857896,-0.00033857896,-5.9749227e-05,-5.9749227e-05,-6.4287709e-07,-6.4287709e-07,1.1627358e-18,1.1627358e-18,-2.2082643e-13,-2.2082643e-13,-6.4287687e-07,-6.4287687e-07,-3.895605e-06,-3.895605e-06,-1.1181604e-15,-1.1181604e-15,0.01480918,0.01480918,-7.0682129e-14,-7.0682129e-14,0.018791624,0.018791624,-3.544996e-14,-3.544996e-14,-0.00033857896,-0.00033857896,0.00039832818,0.00039832818,-6.7715791e-05,-6.7715791e-05,-2.2700863e-16,-2.2700863e-16,-1.7173465e-14,-1.7173465e-14,1.7179282e-14,1.7179282e-14,-7.1983609e-19,-7.1983609e-19,-1.3436417e-18,-1.3436417e-18,-1.6148693e-07,-1.6148693e-07,-4.0867772e-18,-4.0867772e-18,5.2248492e-18,5.2248492e-18,-1.1804597e-17,-1.1804597e-17,6.3809416e-07,6.3809416e-07,9.5406101e-35,9.5406101e-35
-0.00033497475,-0.00033497475,0.00033497475,0.00033497475,1.6188223e-15,1.6188223e-15,1.0855838e-15,1.0855838e-15,0.00033497475,0.00033497475,-4.8936499e-05,-4.8936499e-05,-5.9113191e-05,-5.9113191e-05,-4.8476911e-05,-4.8476911e-05,-5.9113191e-05,-5.9113191e-05,3.5980383e-11,3.5980383e-11,-1.4149951e-21,-1.4149951e-21,5.9113191e-05,5.9113191e-05,-1.1285517e-15,-1.1285517e-15,3.5837679e-06,3.5837679e-06,3.5837679e-06,3.5837679e-06,2.0572913e-18,2.0572913e-18,-0.00033497475,-0.00033497475,-5.9113191e-05,-5.9113191e-05,-0.00033497475,-0.00033497475,-5.9113191e-05,-5.9113191e-05,-3.525437e-17,-3.525437e-17,7.0924262e-17,7.0924262e-17,-0.00039408794,-0.00039408794,5.2628834e-17,5.2628834e-17,-0.00039393453,-0.00039393453,4.2116133e-17,4.2116133e-17,-2.798111e-13,-2.798111e-13,5.9113191e-05,5.9113191e-05,-2.7981421e-13,-2.7981421e-13,5.9113191e-05,5.9113191e-05,5.9113191e-05,5.9113191e-05,-1.1218497e-15,-1.1218497e-15,-0.00033497475,-0.00033497475,-0.00033497475,-0.00033497475,-5.9113191e-05,-5.9113191e-05,-6.3603607e-07,-6.3603607e-07,1.1503815e-18,1.1503815e-18,2.2021558e-13,2.2021558e-13,-6.3603629e-07,-6.3603629e-07,-3.8543802e-06,-3.8543802e-06,-1.117137e-15,-1.117137e-15,0.014651383,0.014651383,-7.0618435e-14,-7.0618435e-14,0.018591574,0.018591574,-3.5418589e-14,-3.5418589e-14,-0.00033497475,-0.00033497475,0.00039408794,0.00039408794,-6.699495e-05,-6.699495e-05,-2.2686323e-16,-2.2686323e-16,-1.7179751e-14,-1.7179751e-14,1.7185508e-14,1.7185508e-14,-7.1208348e-19,-7.1208348e-19,-1.3293458e-18,-1.3293458e-18,-1.5341258e-07,-1.5341258e-07,-4.0432859e-18,-4.0432859e-18,5.1692216e-18,5.1692216e-18,-1.1678868e-17,-1.1678868e-17,6.3193349e-07,6.3193349e-07,9.3390308e-35,9.3390308e-35
-0.0003314089,-0.0003314089,0.0003314089,0.0003314089,1.6183886e-15,1.6183886e-15,1.0844318e-15,1.0844318e-15,0.0003314089,0.0003314089,-4.8411626e-05,-4.8411626e-05,-5.8483923e-05,-5.8483923e-05,-4.7956477e-05,-4.7956477e-05,-5.8483923e-05,-5.8483923e-05,3.5702769e-11,3.5702769e-11,-1.39196e-21,-1.39196e-21,5.8483923e-05,5.8483923e-05,-1.1274176e-15,-1.1274176e-15,3.5456335e-06,3.5456335e-06,3.5456335e-06,3.5456335e-06,2.0354424e-18,2.0354424e-18,-0.0003314089,-0.0003314089,-5.8483923e-05,-5.8483923e-05,-0.0003314089,-0.0003314089,-5.8483923e-05,-5.8483923e-05,-3.5759065e-17,-3.5759065e-17,7.0572893e-17,7.0572893e-17,-0.00038989282,-0.00038989282,5.1592094e-17,5.1592094e-17,-0.00038974708,-0.00038974708,4.1192263e-17,4.1192263e-17,-4.832052e-13,-4.832052e-13,5.8483923e-05,5.8483923e-05,-4.8320825e-13,-4.8320825e-13,5.8483923e-05,5.8483923e-05,5.8483923e-05,5.8483923e-05,-1.1207871e-15,-1.1207871e-15,-0.0003314089,-0.0003314089,-0.0003314089,-0.0003314089,-5.8483923e-05,-5.8483923e-05,-6.2926773e-07,-6.2926773e-07,1.1381573e-18,1.1381573e-18,-2.0339403e-13,-2.0339403e-13,-6.2926752e-07,-6.2926752e-07,-3.813582e-06,-3.813582e-06,-1.1161245e-15,-1.1161245e-15,0.014495272,0.014495272,-7.055542e-14,-7.055542e-14,0.018393654,0.018393654,-3.5387552e-14,-3.5387552e-14,-0.0003314089,-0.0003314089,0.00038989282,0.00038989282,-6.628178e-05,-6.628178e-05,-2.2671937e-16,-2.2671937e-16,-1.718597e-14,-1.718597e-14,1.7191668e-14,1.7191668e-14,-7.0441544e-19,-7.0441544e-19,-1.3152015e-18,-1.3152015e-18,-1.4574195e-07,-1.4574195e-07,-4.0002568e-18,-4.0002568e-18,5.1141864e-18,5.1141864e-18,-1.155448e-17,-1.155448e-17,6.2582976e-07,6.2582976e-07,9.1416863e-35,9.1416863e-35
-0.00032788099,-0.00032788099,0.00032788099,0.00032788099,1.6178465e-15,1.6178465e-15,1.0832921e-15,1.0832921e-15,0.00032788099,0.00032788099,-4.7892552e-05,-4.7892552e-05,-5.7861352e-05,-5.7861352e-05,-4.7441801e-05,-4.7441801e-05,-5.7861352e-05,-5.7861352e-05,3.5221739e-11,3.5221739e-11,-1.3695686e-21,-1.3695686e-21,5.7861352e-05,5.7861352e-05,-1.1262955e-15,-1.1262955e-15,3.5078989e-06,3.5078989e-06,3.5078989e-06,3.5078989e-06,2.0138231e-18,2.0138231e-18,-0.00032788099,-0.00032788099,-5.7861352e-05,-5.7861352e-05,-0.00032788099,-0.00032788099,-5.7861352e-05,-5.7861352e-05,-3.6258349e-17,-3.6258349e-17,7.0225278e-17,7.0225278e-17,-0.00038574235,-0.00038574235,5.056645e-17,5.056645e-17,-0.00038560389,-0.00038560389,4.027824e-17,4.027824e-17,-2.7990082e-13,-2.7990082e-13,5.7861352e-05,5.7861352e-05,-2.799038e-13,-2.799038e-13,5.7861352e-05,5.7861352e-05,5.7861352e-05,5.7861352e-05,-1.1197357e-15,-1.1197357e-15,-0.00032788099,-0.00032788099,-0.00032788099,-0.00032788099,-5.7861352e-05,-5.7861352e-05,-6.2257129e-07,-6.2257129e-07,1.1260617e-18,1.1260617e-18,2.0330445e-13,2.0330445e-13,-6.225715e-07,-6.225715e-07,-3.7732062e-06,-3.7732062e-06,-1.1151228e-15,-1.1151228e-15,0.014340829,0.014340829,-7.0493075e-14,-7.0493075e-14,0.01819784,0.01819784,-3.5356845e-14,-3.5356845e-14,-0.00032788099,-0.00032788099,0.00038574235,0.00038574235,-6.5576199e-05,-6.5576199e-05,-2.2657703e-16,-2.2657703e-16,-1.7192122e-14,-1.7192122e-14,1.7197761e-14,1.7197761e-14,-6.9683101e-19,-6.9683101e-19,-1.3012075e-18,-1.3012075e-18,-1.3845486e-07,-1.3845486e-07,-3.957685e-18,-3.957685e-18,5.0597373e-18,5.0597373e-18,-1.143142e-17,-1.143142e-17,6.1978251e-07,6.1978251e-07,8.9484895e-35,8.9484895e-35
-0.00032439064,-0.00032439064,0.00032439064,0.00032439064,1.6173044e-15,1.6173044e-15,1.0821645e-15,1.0821645e-15,0.00032439064,0.00032439064,-4.7379204e-05,-4.7379204e-05,-5.7245406e-05,-5.7245406e-05,-4.693281e-05,-4.693281e-05,-5.7245406e-05,-5.7245406e-05,3.4943989e-11,3.4943989e-11,-1.3477943e-21,-1.3477943e-21,5.7245406e-05,5.7245406e-05,-1.1251854e-15,-1.1251854e-15,3.4705705e-06,3.4705705e-06,3.4705705e-06,3.4705705e-06,1.9924309e-18,1.9924309e-18,-0.00032439063,-0.00032439063,-5.7245406e-05,-5.7245406e-05,-0.00032439063,-0.00032439063,-5.7245406e-05,-5.7245406e-05,-3.6752282e-17,-3.6752282e-17,6.9881376e-17,6.9881376e-17,-0.00038163604,-0.00038163604,4.9551781e-17,4.9551781e-17,-0.00038150451,-0.00038150451,3.9373958e-17,3.9373958e-17,-4.6722493e-13,-4.6722493e-13,5.7245406e-05,5.7245406e-05,-4.6722784e-13,-4.6722784e-13,5.7245406e-05,5.7245406e-05,5.7245406e-05,5.7245406e-05,-1.1186955e-15,-1.1186955e-15,-0.00032439064,-0.00032439064,-0.00032439064,-0.00032439064,-5.7245406e-05,-5.7245406e-05,-6.1594601e-07,-6.1594601e-07,1.1140935e-18,1.1140935e-18,-1.8732404e-13,-1.8732404e-13,-6.1594582e-07,-6.1594582e-07,-3.7332491e-06,-3.7332491e-06,-1.1141317e-15,-1.1141317e-15,0.014188037,0.014188037,-7.0431394e-14,-7.0431394e-14,0.018004111,0.018004111,-3.5326465e-14,-3.5326465e-14,-0.00032439064,-0.00032439064,0.00038163604,0.00038163604,-6.4878127e-05,-6.4878127e-05,-2.2643619e-16,-2.2643619e-16,-1.7198208e-14,-1.7198208e-14,1.7203789e-14,1.7203789e-14,-6.8932926e-19,-6.8932926e-19,-1.2873621e-18,-1.2873621e-18,-1.3153211e-07,-1.3153211e-07,-3.9155658e-18,-3.9155658e-18,5.005868e-18,5.005868e-18,-1.1309672e-17,-1.1309672e-17,6.1379126e-07,6.1379126e-07,8.7593544e-35,8.7593544e-35
-0.00032093742,-0.00032093742,0.00032093742,0.00032093742,1.6168165e-15,1.6168165e-15,1.0810489e-15,1.0810489e-15,0.00032093742,0.00032093742,-4.6871511e-05,-4.6871511e-05,-5.6636015e-05,-5.6636015e-05,-4.6429434e-05,-4.6429434e-05,-5.6636015e-05,-5.6636015e-05,3.4478893e-11,3.4478893e-11,-1.3266114e-21,-1.3266114e-21,5.6636015e-05,5.6636015e-05,-1.1240872e-15,-1.1240872e-15,3.4336338e-06,3.4336338e-06,3.4336338e-06,3.4336338e-06,1.9712637e-18,1.9712637e-18,-0.00032093742,-0.00032093742,-5.6636015e-05,-5.6636015e-05,-0.00032093742,-0.00032093742,-5.6636015e-05,-5.6636015e-05,-3.724092e-17,-3.724092e-17,6.9541148e-17,6.9541148e-17,-0.00037757343,-0.00037757343,4.8547967e-17,4.8547967e-17,-0.00037744848,-0.00037744848,3.8479313e-17,3.8479313e-17,-2.7951993e-13,-2.7951993e-13,5.6636015e-05,5.6636015e-05,-2.7952277e-13,-2.7952277e-13,5.6636015e-05,5.6636015e-05,5.6636015e-05,5.6636015e-05,-1.1176664e-15,-1.1176664e-15,-0.00032093742,-0.00032093742,-0.00032093742,-0.00032093742,-5.6636015e-05,-5.6636015e-05,-6.0939112e-07,-6.0939112e-07,1.1022515e-18,1.1022515e-18,1.8770507e-13,1.8770507e-13,-6.0939131e-07,-6.0939131e-07,-3.6937068e-06,-3.6937068e-06,-1.1131512e-15,-1.1131512e-15,0.014036877,0.014036877,-7.037037e-14,-7.037037e-14,0.017812444,0.017812444,-3.5296409e-14,-3.5296409e-14,-0.00032093742,-0.00032093742,0.00037757343,0.00037757343,-6.4187484e-05,-6.4187484e-05,-2.2629685e-16,-2.2629685e-16,-1.7204229e-14,-1.7204229e-14,1.7209752e-14,1.7209752e-14,-6.8190927e-19,-6.8190927e-19,-1.2736636e-18,-1.2736636e-18,-1.2495551e-07,-1.2495551e-07,-3.8738943e-18,-3.8738943e-18,4.9525723e-18,4.9525723e-18,-1.1189222e-17,-1.1189222e-17,6.0785555e-07,6.0785555e-07,8.5741971e-35,8.5741971e-35
-0.00031752095,-0.00031752095,0.00031752095,0.00031752095,1.6163286e-15,1.6163286e-15,1.0799452e-15,1.0799452e-15,0.00031752095,0.00031752095,-4.6369404e-05,-4.6369404e-05,-5.6033109e-05,-5.6033109e-05,-4.5931604e-05,-4.5931604e-05,-5.6033109e-05,-5.6033109e-05,3.4201478e-11,3.4201478e-11,-1.3059958e-21,-1.3059958e-21,5.6033109e-05,5.6033109e-05,-1.1230006e-15,-1.1230006e-15,3.3970943e-06,3.3970943e-06,3.3970943e-06,3.3970943e-06,1.9503191e-18,1.9503191e-18,-0.00031752095,-0.00031752095,-5.6033109e-05,-5.6033109e-05,-0.00031752095,-0.00031752095,-5.6033109e-05,-5.6033109e-05,-3.7724323e-17,-3.7724323e-17,6.9204553e-17,6.9204553e-17,-0.00037355406,-0.00037355406,4.755489e-17,4.755489e-17,-0.00037343535,-0.00037343535,3.7594202e-17,3.7594202e-17,-4.5203026e-13,-4.5203026e-13,5.6033109e-05,5.6033109e-05,-4.5203303e-13,-4.5203303e-13,5.6033109e-05,5.6033109e-05,5.6033109e-05,5.6033109e-05,-1.1166483e-15,-1.1166483e-15,-0.00031752095,-0.00031752095,-0.00031752095,-0.00031752095,-5.6033109e-05,-5.6033109e-05,-6.029059e-07,-6.029059e-07,1.0905343e-18,1.0905343e-18,-1.7251026e-13,-1.7251026e-13,-6.0290573e-07,-6.0290573e-07,-3.6545753e-06,-3.6545753e-06,-1.1121812e-15,-1.1121812e-15,0.013887333,0.013887333,-7.0309995e-14,-7.0309995e-14,0.017622817,0.017622817,-3.5266672e-14,-3.5266672e-14,-0.00031752095,-0.00031752095,0.00037355406,0.00037355406,-6.350419e-05,-6.350419e-05,-2.2615899e-16,-2.2615899e-16,-1.7210185e-14,-1.7210185e-14,1.7215652e-14,1.7215652e-14,-6.7457012e-19,-6.7457012e-19,-1.2601107e-18,-1.2601107e-18,-1.1870773e-07,-1.1870773e-07,-3.8326657e-18,-3.8326657e-18,4.8998442e-18,4.8998442e-18,-1.1070058e-17,-1.1070058e-17,6.0197492e-07,6.0197492e-07,8.392935e-35,8.392935e-35
-0.00031414084,-0.00031414084,0.00031414084,0.00031414084,1.6159491e-15,1.6159491e-15,1.0788533e-15,1.0788533e-15,0.00031414084,0.00031414084,-4.5872813e-05,-4.5872813e-05,-5.5436619e-05,-5.5436619e-05,-4.543925e-05,-4.543925e-05,-5.5436619e-05,-5.5436619e-05,3.3751531e-11,3.3751531e-11,-1.2859243e-21,-1.2859243e-21,5.5436619e-05,5.5436619e-05,-1.1219256e-15,-1.1219256e-15,3.3609387e-06,3.3609387e-06,3.3609387e-06,3.3609387e-06,1.9295951e-18,1.9295951e-18,-0.00031414084,-0.00031414084,-5.5436619e-05,-5.5436619e-05,-0.00031414084,-0.00031414084,-5.5436619e-05,-5.5436619e-05,-3.8202546e-17,-3.8202546e-17,6.8871552e-17,6.8871552e-17,-0.00036957746,-0.00036957746,4.6572434e-17,4.6572434e-17,-0.00036946469,-0.00036946469,3.6718524e-17,3.6718524e-17,-2.7871491e-13,-2.7871491e-13,5.5436619e-05,5.5436619e-05,-2.7871762e-13,-2.7871762e-13,5.5436619e-05,5.5436619e-05,5.5436619e-05,5.5436619e-05,-1.115641e-15,-1.115641e-15,-0.00031414084,-0.00031414084,-0.00031414084,-0.00031414084,-5.5436619e-05,-5.5436619e-05,-5.964896e-07,-5.964896e-07,1.0789406e-18,1.0789406e-18,1.7331541e-13,1.7331541e-13,-5.9648977e-07,-5.9648977e-07,-3.6158509e-06,-3.6158509e-06,-1.1112214e-15,-1.1112214e-15,0.013739386,0.013739386,-7.0250264e-14,-7.0250264e-14,0.017435208,0.017435208,-3.5237253e-14,-3.5237253e-14,-0.00031414084,-0.00031414084,0.00036957746,0.00036957746,-6.2828169e-05,-6.2828169e-05,-2.2602259e-16,-2.2602259e-16,-1.7216078e-14,-1.7216078e-14,1.7221488e-14,1.7221488e-14,-6.6731091e-19,-6.6731091e-19,-1.2467018e-18,-1.2467018e-18,-1.1277235e-07,-1.1277235e-07,-3.7918755e-18,-3.7918755e-18,4.8476775e-18,4.8476775e-18,-1.0952164e-17,-1.0952164e-17,5.9614891e-07,5.9614891e-07,8.2154875e-35,8.2154875e-35
-0.00031079671,-0.00031079671,0.00031079671,0.00031079671,1.6155697e-15,1.6155697e-15,1.077773e-15,1.077773e-15,0.00031079671,0.00031079671,-4.5381672e-05,-4.5381672e-05,-5.4846478e-05,-5.4846478e-05,-4.4952307e-05,-4.4952307e-05,-5.4846478e-05,-5.4846478e-05,3.3474878e-11,3.3474878e-11,-1.2663748e-21,-1.2663748e-21,5.4846478e-05,5.4846478e-05,-1.120862e-15,-1.120862e-15,3.3251717e-06,3.3251717e-06,3.3251717e-06,3.3251717e-06,1.9090892e-18,1.9090892e-18,-0.00031079671,-0.00031079671,-5.4846478e-05,-5.4846478e-05,-0.00031079671,-0.00031079671,-5.4846478e-05,-5.4846478e-05,-3.8675648e-17,-3.8675648e-17,6.8542106e-17,6.8542106e-17,-0.00036564319,-0.00036564319,4.5600483e-17,4.5600483e-17,-0.00036553605,-0.00036553605,3.5852178e-17,3.5852178e-17,-4.3756975e-13,-4.3756975e-13,5.4846478e-05,5.4846478e-05,-4.375724e-13,-4.375724e-13,5.4846478e-05,5.4846478e-05,5.4846478e-05,5.4846478e-05,-1.1146444e-15,-1.1146444e-15,-0.00031079671,-0.00031079671,-0.00031079671,-0.00031079671,-5.4846478e-05,-5.4846478e-05,-5.9014149e-07,-5.9014149e-07,1.0674693e-18,1.0674693e-18,-1.5885478e-13,-1.5885478e-13,-5.9014133e-07,-5.9014133e-07,-3.5775295e-06,-3.5775295e-06,-1.1102719e-15,-1.1102719e-15,0.013593018,0.013593018,-7.0191168e-14,-7.0191168e-14,0.017249597,0.017249597,-3.5208146e-14,-3.5208146e-14,-0.00031079671,-0.00031079671,0.00036564319,0.00036564319,-6.2159342e-05,-6.2159342e-05,-2.2588763e-16,-2.2588763e-16,-1.7221907e-14,-1.7221907e-14,1.7227261e-14,1.7227261e-14,-6.6013076e-19,-6.6013076e-19,-1.2334352e-18,-1.2334352e-18,-1.0713373e-07,-1.0713373e-07,-3.7515189e-18,-3.7515189e-18,4.7960664e-18,4.7960664e-18,-1.0835527e-17,-1.0835527e-17,5.9037705e-07,5.9037705e-07,8.0417754e-35,8.0417754e-35
-0.00030748816,-0.00030748816,0.00030748816,0.00030748816,1.615136e-15,1.615136e-15,1.0767042e-15,1.0767042e-15,0.00030748816,0.00030748816,-4.4895913e-05,-4.4895913e-05,-5.4262617e-05,-5.4262617e-05,-4.4470706e-05,-4.4470706e-05,-5.4262617e-05,-5.4262617e-05,3.3039347e-11,3.3039347e-11,-1.2473265e-21,-1.2473265e-21,5.4262617e-05,5.4262617e-05,-1.1198098e-15,-1.1198098e-15,3.2897808e-06,3.2897808e-06,3.2897808e-06,3.2897808e-06,1.8887995e-18,1.8887995e-18,-0.00030748816,-0.00030748816,-5.4262617e-05,-5.4262617e-05,-0.00030748816,-0.00030748816,-5.4262617e-05,-5.4262617e-05,-3.9143683e-17,-3.9143683e-17,6.8216176e-17,6.8216176e-17,-0.00036175078,-0.00036175078,4.4638923e-17,4.4638923e-17,-0.000361649,-0.000361649,3.4995063e-17,3.4995063e-17,-2.7752842e-13,-2.7752842e-13,5.4262617e-05,5.4262617e-05,-2.7753102e-13,-2.7753102e-13,5.4262617e-05,5.4262617e-05,5.4262617e-05,5.4262617e-05,-1.1136584e-15,-1.1136584e-15,-0.00030748816,-0.00030748816,-0.00030748816,-0.00030748816,-5.4262617e-05,-5.4262617e-05,-5.8386085e-07,-5.8386085e-07,1.0561191e-18,1.0561191e-18,1.6004138e-13,1.6004138e-13,-5.8386101e-07,-5.8386101e-07,-3.5396075e-06,-3.5396075e-06,-1.1093325e-15,-1.1093325e-15,0.013448214,0.013448214,-7.0132701e-14,-7.0132701e-14,0.017065961,0.017065961,-3.5179349e-14,-3.5179349e-14,-0.00030748816,-0.00030748816,0.00036175078,0.00036175078,-6.1497633e-05,-6.1497633e-05,-2.2575411e-16,-2.2575411e-16,-1.7227674e-14,-1.7227674e-14,1.7232973e-14,1.7232973e-14,-6.5302877e-19,-6.5302877e-19,-1.2203096e-18,-1.2203096e-18,-1.0177704e-07,-1.0177704e-07,-3.7115914e-18,-3.7115914e-18,4.7450048e-18,4.7450048e-18,-1.0720134e-17,-1.0720134e-17,5.8465889e-07,5.8465889e-07,7.8717211e-35,7.8717211e-35
-0.00030421483,-0.00030421483,0.00030421483,0.00030421483,1.6145397e-15,1.6145397e-15,1.0756468e-15,1.0756468e-15,0.00030421483,0.00030421483,-4.4415472e-05,-4.4415472e-05,-5.368497e-05,-5.368497e-05,-4.3994385e-05,-4.3994385e-05,-5.368497e-05,-5.368497e-05,3.2763836e-11,3.2763836e-11,-1.2287592e-21,-1.2287592e-21,5.368497e-05,5.368497e-05,-1.1187688e-15,-1.1187688e-15,3.25477e-06,3.25477e-06,3.2547701e-06,3.2547701e-06,1.8687236e-18,1.8687236e-18,-0.00030421483,-0.00030421483,-5.368497e-05,-5.368497e-05,-0.00030421483,-0.00030421483,-5.368497e-05,-5.368497e-05,-3.9606707e-17,-3.9606707e-17,6.7893726e-17,6.7893726e-17,-0.0003578998,-0.0003578998,4.3687642e-17,4.3687642e-17,-0.00035780311,-0.00035780311,3.4147083e-17,3.4147083e-17,-4.2379577e-13,-4.2379577e-13,5.368497e-05,5.368497e-05,-4.2379832e-13,-4.2379832e-13,5.368497e-05,5.368497e-05,5.368497e-05,5.368497e-05,-1.1126829e-15,-1.1126829e-15,-0.00030421483,-0.00030421483,-0.00030421483,-0.00030421483,-5.368497e-05,-5.368497e-05,-5.7764698e-07,-5.7764698e-07,1.0448888e-18,1.0448888e-18,-1.462673e-13,-1.462673e-13,-5.7764683e-07,-5.7764683e-07,-3.502081e-06,-3.502081e-06,-1.1084031e-15,-1.1084031e-15,0.013304957,0.013304957,-7.0074857e-14,-7.0074857e-14,0.01688428,0.01688428,-3.5150859e-14,-3.5150859e-14,-0.00030421483,-0.00030421483,0.0003578998,0.0003578998,-6.0842966e-05,-6.0842966e-05,-2.25622e-16,-2.25622e-16,-1.7233379e-14,-1.7233379e-14,1.7238623e-14,1.7238623e-14,-6.4600408e-19,-6.4600408e-19,-1.2073235e-18,-1.2073235e-18,-9.6688189e-08,-9.6688189e-08,-3.6720884e-18,-3.6720884e-18,4.694487e-18,4.694487e-18,-1.0605971e-17,-1.0605971e-17,5.7899399e-07,5.7899399e-07,7.7052484e-35,7.7052484e-35
-0.00030097634,-0.00030097634,0.00030097634,0.00030097634,1.614106e-15,1.614106e-15,1.0746007e-15,1.0746007e-15,0.00030097634,0.00030097634,-4.3940284e-05,-4.3940284e-05,-5.3113471e-05,-5.3113471e-05,-4.3523279e-05,-4.3523279e-05,-5.3113471e-05,-5.3113471e-05,3.2342036e-11,3.2342036e-11,-1.210654e-21,-1.210654e-21,5.3113471e-05,5.3113471e-05,-1.1177388e-15,-1.1177388e-15,3.2201277e-06,3.2201277e-06,3.2201277e-06,3.2201277e-06,1.8488594e-18,1.8488594e-18,-0.00030097633,-0.00030097633,-5.3113471e-05,-5.3113471e-05,-0.00030097633,-0.00030097633,-5.3113471e-05,-5.3113471e-05,-4.0064773e-17,-4.0064773e-17,6.7574716e-17,6.7574716e-17,-0.00035408981,-0.00035408981,4.2746528e-17,4.2746528e-17,-0.00035399795,-0.00035399795,3.3308138e-17,3.3308138e-17,-2.759996e-13,-2.759996e-13,5.3113471e-05,5.3113471e-05,-2.7600209e-13,-2.7600209e-13,5.3113471e-05,5.3113471e-05,5.3113471e-05,5.3113471e-05,-1.1117179e-15,-1.1117179e-15,-0.00030097634,-0.00030097634,-0.00030097634,-0.00030097634,-5.3113471e-05,-5.3113471e-05,-5.7149916e-07,-5.7149916e-07,1.0337771e-18,1.0337771e-18,1.4779623e-13,1.4779623e-13,-5.7149931e-07,-5.7149931e-07,-3.4649461e-06,-3.4649461e-06,-1.1074835e-15,-1.1074835e-15,0.013163228,0.013163228,-7.0017629e-14,-7.0017629e-14,0.016704533,0.016704533,-3.5122672e-14,-3.5122672e-14,-0.00030097634,-0.00030097634,0.00035408981,0.00035408981,-6.0195267e-05,-6.0195267e-05,-2.2549129e-16,-2.2549129e-16,-1.7239023e-14,-1.7239023e-14,1.7244213e-14,1.7244213e-14,-6.3905583e-19,-6.3905583e-19,-1.1944753e-18,-1.1944753e-18,-9.185378e-08,-9.185378e-08,-3.6330055e-18,-3.6330055e-18,4.644507e-18,4.644507e-18,-1.0493025e-17,-1.0493025e-17,5.7338189e-07,5.7338189e-07,7.5422831e-35,7.5422831e-35
-0.00029777231,-0.00029777231,0.00029777231,0.00029777231,1.6136181e-15,1.6136181e-15,1.0735657e-15,1.0735657e-15,0.00029777231,0.00029777231,-4.3470287e-05,-4.3470287e-05,-5.2548054e-05,-5.2548054e-05,-4.3057325e-05,-4.3057325e-05,-5.2548054e-05,-5.2548054e-05,3.2068012e-11,3.2068012e-11,-1.1929928e-21,-1.1929928e-21,5.2548054e-05,5.2548054e-05,-1.1167198e-15,-1.1167198e-15,3.1858573e-06,3.1858573e-06,3.1858573e-06,3.1858573e-06,1.8292048e-18,1.8292048e-18,-0.00029777231,-0.00029777231,-5.2548054e-05,-5.2548054e-05,-0.00029777231,-0.00029777231,-5.2548054e-05,-5.2548054e-05,-4.0517937e-17,-4.0517937e-17,6.725911e-17,6.725911e-17,-0.00035032036,-0.00035032036,4.1815472e-17,4.1815472e-17,-0.0003502331,-0.0003502331,3.2478133e-17,3.2478133e-17,-4.1066421e-13,-4.1066421e-13,5.2548054e-05,5.2548054e-05,-4.1066665e-13,-4.1066665e-13,5.2548054e-05,5.2548054e-05,5.2548054e-05,5.2548054e-05,-1.110763e-15,-1.110763e-15,-0.00029777231,-0.00029777231,-0.00029777231,-0.00029777231,-5.2548054e-05,-5.2548054e-05,-5.654167e-07,-5.654167e-07,1.0227827e-18,1.0227827e-18,-1.3466456e-13,-1.3466456e-13,-5.6541656e-07,-5.6541656e-07,-3.4281992e-06,-3.4281992e-06,-1.1065738e-15,-1.1065738e-15,0.013023013,0.013023013,-6.996101e-14,-6.996101e-14,0.016526699,0.016526699,-3.5094785e-14,-3.5094785e-14,-0.00029777231,-0.00029777231,0.00035032036,0.00035032036,-5.9554462e-05,-5.9554462e-05,-2.2536197e-16,-2.2536197e-16,-1.7244606e-14,-1.7244606e-14,1.7249743e-14,1.7249743e-14,-6.3218316e-19,-6.3218316e-19,-1.1817637e-18,-1.1817637e-18,-8.7261091e-08,-8.7261091e-08,-3.5943381e-18,-3.5943381e-18,4.5950593e-18,4.5950593e-18,-1.0381284e-17,-1.0381284e-17,5.6782215e-07,5.6782215e-07,7.3827518e-35,7.3827518e-35
-0.00029460238,-0.00029460238,0.00029460238,0.00029460238,1.6132928e-15,1.6132928e-15,1.0725417e-15,1.0725417e-15,0.00029460238,0.00029460238,-4.3005418e-05,-4.3005418e-05,-5.1988655e-05,-5.1988655e-05,-4.2596462e-05,-4.2596462e-05,-5.1988655e-05,-5.1988655e-05,3.1659301e-11,3.1659301e-11,-1.1757582e-21,-1.1757582e-21,5.1988655e-05,5.1988655e-05,-1.1157117e-15,-1.1157117e-15,3.1519477e-06,3.1519477e-06,3.1519477e-06,3.1519477e-06,1.8097576e-18,1.8097576e-18,-0.00029460238,-0.00029460238,-5.1988655e-05,-5.1988655e-05,-0.00029460238,-0.00029460238,-5.1988655e-05,-5.1988655e-05,-4.0966251e-17,-4.0966251e-17,6.6946871e-17,6.6946871e-17,-0.00034659104,-0.00034659104,4.0894364e-17,4.0894364e-17,-0.00034650814,-0.00034650814,3.1656972e-17,3.1656972e-17,-2.7416433e-13,-2.7416433e-13,5.1988655e-05,5.1988655e-05,-2.7416672e-13,-2.7416672e-13,5.1988655e-05,5.1988655e-05,5.1988655e-05,5.1988655e-05,-1.1098184e-15,-1.1098184e-15,-0.00029460238,-0.00029460238,-0.00029460238,-0.00029460238,-5.1988655e-05,-5.1988655e-05,-5.593989e-07,-5.593989e-07,1.0119047e-18,1.0119047e-18,1.3649993e-13,1.3649993e-13,-5.5939904e-07,-5.5939904e-07,-3.3918364e-06,-3.3918364e-06,-1.1056738e-15,-1.1056738e-15,0.012884294,0.012884294,-6.9904994e-14,-6.9904994e-14,0.016350759,0.016350759,-3.5067195e-14,-3.5067195e-14,-0.00029460238,-0.00029460238,0.00034659104,0.00034659104,-5.8920476e-05,-5.8920476e-05,-2.2523402e-16,-2.2523402e-16,-1.725013e-14,-1.725013e-14,1.7255213e-14,1.7255213e-14,-6.2538524e-19,-6.2538524e-19,-1.1691872e-18,-1.1691872e-18,-8.2898036e-08,-8.2898036e-08,-3.556082e-18,-3.556082e-18,4.5461381e-18,4.5461381e-18,-1.0270734e-17,-1.0270734e-17,5.6231431e-07,5.6231431e-07,7.2265832e-35,7.2265832e-35
-0.00029146619,-0.00029146619,0.00029146619,0.00029146619,1.6128592e-15,1.6128592e-15,1.0715287e-15,1.0715287e-15,0.00029146619,0.00029146619,-4.2545616e-05,-4.2545616e-05,-5.143521e-05,-5.143521e-05,-4.2140629e-05,-4.2140629e-05,-5.143521e-05,-5.143521e-05,3.138707e-11,3.138707e-11,-1.1589338e-21,-1.1589338e-21,5.143521e-05,5.143521e-05,-1.1147144e-15,-1.1147144e-15,3.1184021e-06,3.1184021e-06,3.1184021e-06,3.1184021e-06,1.7905158e-18,1.7905158e-18,-0.00029146619,-0.00029146619,-5.143521e-05,-5.143521e-05,-0.00029146619,-0.00029146619,-5.143521e-05,-5.143521e-05,-4.1409768e-17,-4.1409768e-17,6.6637963e-17,6.6637963e-17,-0.0003429014,-0.0003429014,3.9983097e-17,3.9983097e-17,-0.00034282265,-0.00034282265,3.0844561e-17,3.0844561e-17,-3.9813417e-13,-3.9813417e-13,5.143521e-05,5.143521e-05,-3.9813651e-13,-3.9813651e-13,5.143521e-05,5.143521e-05,5.143521e-05,5.143521e-05,-1.1088838e-15,-1.1088838e-15,-0.00029146619,-0.00029146619,-0.00029146619,-0.00029146619,-5.143521e-05,-5.143521e-05,-5.5344509e-07,-5.5344509e-07,1.0011417e-18,1.0011417e-18,-1.2396979e-13,-1.2396979e-13,-5.5344497e-07,-5.5344497e-07,-3.355854e-06,-3.355854e-06,-1.1047833e-15,-1.1047833e-15,0.012747056,0.012747056,-6.9849574e-14,-6.9849574e-14,0.016176691,0.016176691,-3.5039899e-14,-3.5039899e-14,-0.00029146619,-0.00029146619,0.0003429014,0.0003429014,-5.8293238e-05,-5.8293238e-05,-2.2510743e-16,-2.2510743e-16,-1.7255594e-14,-1.7255594e-14,1.7260625e-14,1.7260625e-14,-6.1866123e-19,-6.1866123e-19,-1.1567443e-18,-1.1567443e-18,-7.8753135e-08,-7.8753135e-08,-3.5182327e-18,-3.5182327e-18,4.4977378e-18,4.4977378e-18,-1.0161362e-17,-1.0161362e-17,5.5685795e-07,5.5685795e-07,7.073707e-35,7.073707e-35
-0.00028836338,-0.00028836338,0.00028836338,0.00028836338,1.6122628e-15,1.6122628e-15,1.0705264e-15,1.0705264e-15,0.00028836338,0.00028836338,-4.2090822e-05,-4.2090822e-05,-5.0887656e-05,-5.0887656e-05,-4.1689766e-05,-4.1689766e-05,-5.0887656e-05,-5.0887656e-05,3.0990848e-11,3.0990848e-11,-1.1425038e-21,-1.1425038e-21,5.0887655e-05,5.0887655e-05,-1.1137276e-15,-1.1137276e-15,3.08521e-06,3.08521e-06,3.08521e-06,3.08521e-06,1.7714772e-18,1.7714772e-18,-0.00028836338,-0.00028836338,-5.0887656e-05,-5.0887656e-05,-0.00028836338,-0.00028836338,-5.0887656e-05,-5.0887656e-05,-4.184854e-17,-4.184854e-17,6.6332349e-17,6.6332349e-17,-0.00033925104,-0.00033925104,3.9081564e-17,3.9081564e-17,-0.00033917622,-0.00033917622,3.0040806e-17,3.0040806e-17,-2.7205551e-13,-2.7205551e-13,5.0887656e-05,5.0887656e-05,-2.720578e-13,-2.720578e-13,5.0887656e-05,5.0887656e-05,5.0887655e-05,5.0887655e-05,-1.1079592e-15,-1.1079592e-15,-0.00028836338,-0.00028836338,-0.00028836338,-0.00028836338,-5.0887656e-05,-5.0887656e-05,-5.4755458e-07,-5.4755458e-07,9.9049249e-19,9.9049249e-19,1.2607871e-13,1.2607871e-13,-5.4755471e-07,-5.4755471e-07,-3.3202484e-06,-3.3202484e-06,-1.1039024e-15,-1.1039024e-15,0.012611282,0.012611282,-6.9794745e-14,-6.9794745e-14,0.016004476,0.016004476,-3.5012894e-14,-3.5012894e-14,-0.00028836338,-0.00028836338,0.00033925104,0.00033925104,-5.7672676e-05,-5.7672676e-05,-2.2498218e-16,-2.2498218e-16,-1.7261e-14,-1.7261e-14,1.7265979e-14,1.7265979e-14,-6.1201031e-19,-6.1201031e-19,-1.1444337e-18,-1.1444337e-18,-7.4815478e-08,-7.4815478e-08,-3.4807859e-18,-3.4807859e-18,4.4498528e-18,4.4498528e-18,-1.0053156e-17,-1.0053156e-17,5.5145262e-07,5.5145262e-07,6.9240546e-35,6.9240546e-35
-0.0002852936,-0.0002852936,0.0002852936,0.0002852936,1.6119376e-15,1.6119376e-15,1.0695348e-15,1.0695348e-15,0.0002852936,0.0002852936,-4.1640977e-05,-4.1640977e-05,-5.0345929e-05,-5.0345929e-05,-4.1243814e-05,-4.1243814e-05,-5.0345929e-05,-5.0345929e-05,3.0720684e-11,3.0720684e-11,-1.1264534e-21,-1.1264534e-21,5.0345929e-05,5.0345929e-05,-1.1127514e-15,-1.1127514e-15,3.0523739e-06,3.0523739e-06,3.0523739e-06,3.0523739e-06,1.7526397e-18,1.7526397e-18,-0.0002852936,-0.0002852936,-5.0345929e-05,-5.0345929e-05,-0.0002852936,-0.0002852936,-5.0345929e-05,-5.0345929e-05,-4.2282618e-17,-4.2282618e-17,6.6029996e-17,6.6029996e-17,-0.00033563953,-0.00033563953,3.8189661e-17,3.8189661e-17,-0.00033556845,-0.00033556845,2.9245615e-17,2.9245615e-17,-3.8616774e-13,-3.8616774e-13,5.0345929e-05,5.0345929e-05,-3.8616999e-13,-3.8616999e-13,5.0345929e-05,5.0345929e-05,5.0345929e-05,5.0345929e-05,-1.1070444e-15,-1.1070444e-15,-0.0002852936,-0.0002852936,-0.0002852936,-0.0002852936,-5.0345929e-05,-5.0345929e-05,-5.4172671e-07,-5.4172671e-07,9.7995599e-19,9.7995599e-19,-1.1411219e-13,-1.1411219e-13,-5.417266e-07,-5.417266e-07,-3.2850157e-06,-3.2850157e-06,-1.1030308e-15,-1.1030308e-15,0.012476958,0.012476958,-6.9740499e-14,-6.9740499e-14,0.015834095,0.015834095,-3.4986176e-14,-3.4986176e-14,-0.0002852936,-0.0002852936,0.00033563953,0.00033563953,-5.705872e-05,-5.705872e-05,-2.2485826e-16,-2.2485826e-16,-1.7266348e-14,-1.7266348e-14,1.7271275e-14,1.7271275e-14,-6.0543167e-19,-6.0543167e-19,-1.1322539e-18,-1.1322539e-18,-7.1074704e-08,-7.1074704e-08,-3.4437373e-18,-3.4437373e-18,4.4024778e-18,4.4024778e-18,-9.946103e-18,-9.946103e-18,5.4609789e-07,5.4609789e-07,6.7775586e-35,6.7775586e-35
-0.00028225649,-0.00028225649,0.00028225649,0.00028225649,1.6115581e-15,1.6115581e-15,1.0685538e-15,1.0685538e-15,0.00028225649,0.00028225649,-4.1196021e-05,-4.1196021e-05,-4.9809968e-05,-4.9809968e-05,-4.0802716e-05,-4.0802716e-05,-4.9809968e-05,-4.9809968e-05,3.0336388e-11,3.0336388e-11,-1.1107682e-21,-1.1107682e-21,4.9809968e-05,4.9809968e-05,-1.1117855e-15,-1.1117855e-15,3.019884e-06,3.019884e-06,3.019884e-06,3.019884e-06,1.7340014e-18,1.7340014e-18,-0.00028225649,-0.00028225649,-4.9809968e-05,-4.9809968e-05,-0.00028225649,-0.00028225649,-4.9809968e-05,-4.9809968e-05,-4.2712053e-17,-4.2712053e-17,6.5730866e-17,6.5730866e-17,-0.00033206645,-0.00033206645,3.7307283e-17,3.7307283e-17,-0.00033199893,-0.00033199893,2.8458897e-17,2.8458897e-17,-2.6970327e-13,-2.6970327e-13,4.9809968e-05,4.9809968e-05,-2.6970547e-13,-2.6970547e-13,4.9809968e-05,4.9809968e-05,4.9809968e-05,4.9809968e-05,-1.1061393e-15,-1.1061393e-15,-0.00028225649,-0.00028225649,-0.00028225649,-0.00028225649,-4.9809968e-05,-4.9809968e-05,-5.3596081e-07,-5.3596081e-07,9.6953104e-19,9.6953104e-19,1.1646452e-13,1.1646452e-13,-5.3596093e-07,-5.3596093e-07,-3.2501524e-06,-3.2501524e-06,-1.1021685e-15,-1.1021685e-15,0.012344066,0.012344066,-6.9686831e-14,-6.9686831e-14,0.015665527,0.015665527,-3.4959742e-14,-3.4959742e-14,-0.00028225649,-0.00028225649,0.00033206645,0.00033206645,-5.6451297e-05,-5.6451297e-05,-2.2473566e-16,-2.2473566e-16,-1.7271638e-14,-1.7271638e-14,1.7276515e-14,1.7276515e-14,-5.9892451e-19,-5.9892451e-19,-1.1202036e-18,-1.1202036e-18,-6.7520969e-08,-6.7520969e-08,-3.4070828e-18,-3.4070828e-18,4.3556071e-18,4.3556071e-18,-9.8401913e-18,-9.8401913e-18,5.4079332e-07,5.4079332e-07,6.6341532e-35,6.6341532e-35
-0.0002792517,-0.0002792517,0.0002792517,0.0002792517,1.6111786e-15,1.6111786e-15,1.0675832e-15,1.0675832e-15,0.0002792517,0.0002792517,-4.0755898e-05,-4.0755898e-05,-4.9279712e-05,-4.9279712e-05,-4.0366415e-05,-4.0366415e-05,-4.9279712e-05,-4.9279712e-05,3.0068537e-11,3.0068537e-11,-1.0954346e-21,-1.0954346e-21,4.9279712e-05,4.9279712e-05,-1.11083e-15,-1.11083e-15,2.9877425e-06,2.9877425e-06,2.9877425e-06,2.9877425e-06,1.7155602e-18,1.7155602e-18,-0.0002792517,-0.0002792517,-4.9279712e-05,-4.9279712e-05,-0.0002792517,-0.0002792517,-4.9279712e-05,-4.9279712e-05,-4.3136896e-17,-4.3136896e-17,6.5434926e-17,6.5434926e-17,-0.00032853141,-0.00032853141,3.6434327e-17,3.6434327e-17,-0.00032846727,-0.00032846727,2.7680561e-17,2.7680561e-17,-3.747298e-13,-3.747298e-13,4.9279712e-05,4.9279712e-05,-3.7473196e-13,-3.7473196e-13,4.9279712e-05,4.9279712e-05,4.9279712e-05,4.9279712e-05,-1.1052439e-15,-1.1052439e-15,-0.0002792517,-0.0002792517,-0.0002792517,-0.0002792517,-4.9279712e-05,-4.9279712e-05,-5.3025623e-07,-5.3025623e-07,9.5921644e-19,9.5921644e-19,-1.0502649e-13,-1.0502649e-13,-5.3025612e-07,-5.3025612e-07,-3.2156548e-06,-3.2156548e-06,-1.1013154e-15,-1.1013154e-15,0.012212592,0.012212592,-6.9633734e-14,-6.9633734e-14,0.015498754,0.015498754,-3.493359e-14,-3.493359e-14,-0.0002792517,-0.0002792517,0.00032853141,0.00032853141,-5.585034e-05,-5.585034e-05,-2.2461436e-16,-2.2461436e-16,-1.7276872e-14,-1.7276872e-14,1.7281698e-14,1.7281698e-14,-5.9248803e-19,-5.9248803e-19,-1.1082814e-18,-1.1082814e-18,-6.414492e-08,-6.414492e-08,-3.3708182e-18,-3.3708182e-18,4.3092356e-18,4.3092356e-18,-9.7354084e-18,-9.7354084e-18,5.3553849e-07,5.3553849e-07,6.4937736e-35,6.4937736e-35
-0.0002762789,-0.0002762789,0.0002762789,0.0002762789,1.6106907e-15,1.6106907e-15,1.066623e-15,1.066623e-15,0.0002762789,0.0002762789,-4.0320551e-05,-4.0320551e-05,-4.87551e-05,-4.87551e-05,-3.9934854e-05,-3.9934854e-05,-4.87551e-05,-4.87551e-05,2.9695639e-11,2.9695639e-11,-1.0804397e-21,-1.0804397e-21,4.8755099e-05,4.8755099e-05,-1.1098846e-15,-1.1098846e-15,2.9559401e-06,2.9559401e-06,2.9559401e-06,2.9559401e-06,1.697314e-18,1.697314e-18,-0.0002762789,-0.0002762789,-4.87551e-05,-4.87551e-05,-0.0002762789,-0.0002762789,-4.87551e-05,-4.87551e-05,-4.3557196e-17,-4.3557196e-17,6.5142141e-17,6.5142141e-17,-0.000325034,-0.000325034,3.5570693e-17,3.5570693e-17,-0.00032497306,-0.00032497306,2.6910518e-17,2.6910518e-17,-2.6713521e-13,-2.6713521e-13,4.87551e-05,4.87551e-05,-2.6713734e-13,-2.6713734e-13,4.87551e-05,4.87551e-05,4.8755099e-05,4.8755099e-05,-1.1043581e-15,-1.1043581e-15,-0.0002762789,-0.0002762789,-0.0002762789,-0.0002762789,-4.87551e-05,-4.87551e-05,-5.2461231e-07,-5.2461231e-07,9.4901109e-19,9.4901109e-19,1.0759462e-13,1.0759462e-13,-5.2461242e-07,-5.2461242e-07,-3.1815192e-06,-3.1815192e-06,-1.1004713e-15,-1.1004713e-15,0.012082521,0.012082521,-6.9581203e-14,-6.9581203e-14,0.015333756,0.015333756,-3.4907717e-14,-3.4907717e-14,-0.0002762789,-0.0002762789,0.000325034,0.000325034,-5.525578e-05,-5.525578e-05,-2.2449434e-16,-2.2449434e-16,-1.728205e-14,-1.728205e-14,1.7286826e-14,1.7286826e-14,-5.8612146e-19,-5.8612146e-19,-1.0964859e-18,-1.0964859e-18,-6.0937674e-08,-6.0937674e-08,-3.3349392e-18,-3.3349392e-18,4.2633578e-18,4.2633578e-18,-9.6317422e-18,-9.6317422e-18,5.3033296e-07,5.3033296e-07,6.3563566e-35,6.3563566e-35
-0.00027333774,-0.00027333774,0.00027333774,0.00027333774,1.6104197e-15,1.6104197e-15,1.065673e-15,1.065673e-15,0.00027333774,0.00027333774,-3.9889925e-05,-3.9889925e-05,-4.8236071e-05,-4.8236071e-05,-3.9507979e-05,-3.9507979e-05,-4.8236071e-05,-4.8236071e-05,2.9430317e-11,2.9430317e-11,-1.0657711e-21,-1.0657711e-21,4.8236071e-05,4.8236071e-05,-1.1089493e-15,-1.1089493e-15,2.9244785e-06,2.9244785e-06,2.9244785e-06,2.9244785e-06,1.6792608e-18,1.6792608e-18,-0.00027333774,-0.00027333774,-4.8236071e-05,-4.8236071e-05,-0.00027333774,-0.00027333774,-4.8236071e-05,-4.8236071e-05,-4.3973002e-17,-4.3973002e-17,6.4852478e-17,6.4852478e-17,-0.00032157381,-0.00032157381,3.4716279e-17,3.4716279e-17,-0.00032151592,-0.00032151592,2.6148679e-17,2.6148679e-17,-3.6378773e-13,-3.6378773e-13,4.8236071e-05,4.8236071e-05,-3.6378982e-13,-3.6378982e-13,4.8236071e-05,4.8236071e-05,4.8236071e-05,4.8236071e-05,-1.1034816e-15,-1.1034816e-15,-0.00027333774,-0.00027333774,-0.00027333774,-0.00027333774,-4.8236071e-05,-4.8236071e-05,-5.1902841e-07,-5.1902841e-07,9.3891383e-19,9.3891383e-19,-9.665248e-14,-9.665248e-14,-5.1902832e-07,-5.1902832e-07,-3.1477422e-06,-3.1477422e-06,-1.0996363e-15,-1.0996363e-15,0.011953838,0.011953838,-6.9529232e-14,-6.9529232e-14,0.015170514,0.015170514,-3.4882119e-14,-3.4882119e-14,-0.00027333774,-0.00027333774,0.00032157381,0.00032157381,-5.4667547e-05,-5.4667547e-05,-2.243756e-16,-2.243756e-16,-1.7287173e-14,-1.7287173e-14,1.7291899e-14,1.7291899e-14,-5.79824e-19,-5.79824e-19,-1.0848159e-18,-1.0848159e-18,-5.7890791e-08,-5.7890791e-08,-3.299442e-18,-3.299442e-18,4.2179684e-18,4.2179684e-18,-9.5291807e-18,-9.5291807e-18,5.2517631e-07,5.2517631e-07,6.2218401e-35,6.2218401e-35
-0.00027042788,-0.00027042788,0.00027042788,0.00027042788,1.609986e-15,1.609986e-15,1.0647331e-15,1.0647331e-15,0.00027042788,0.00027042788,-3.9463965e-05,-3.9463965e-05,-4.7722567e-05,-4.7722567e-05,-3.9085734e-05,-3.9085734e-05,-4.7722567e-05,-4.7722567e-05,2.9068322e-11,2.9068322e-11,-1.0514169e-21,-1.0514169e-21,4.7722567e-05,4.7722567e-05,-1.1080239e-15,-1.1080239e-15,2.8933491e-06,2.8933491e-06,2.8933491e-06,2.8933491e-06,1.6613987e-18,1.6613987e-18,-0.00027042788,-0.00027042788,-4.7722567e-05,-4.7722567e-05,-0.00027042788,-0.00027042788,-4.7722567e-05,-4.7722567e-05,-4.4384363e-17,-4.4384363e-17,6.4565903e-17,6.4565903e-17,-0.00031815045,-0.00031815045,3.3870987e-17,3.3870987e-17,-0.00031809545,-0.00031809545,2.5394957e-17,2.5394957e-17,-2.6437661e-13,-2.6437661e-13,4.7722567e-05,4.7722567e-05,-2.6437866e-13,-2.6437866e-13,4.7722567e-05,4.7722567e-05,4.7722567e-05,4.7722567e-05,-1.1026145e-15,-1.1026145e-15,-0.00027042788,-0.00027042788,-0.00027042788,-0.00027042788,-4.7722567e-05,-4.7722567e-05,-5.1350391e-07,-5.1350391e-07,9.2892358e-19,9.2892358e-19,9.9411158e-14,9.9411158e-14,-5.1350401e-07,-5.1350401e-07,-3.11432e-06,-3.11432e-06,-1.0988101e-15,-1.0988101e-15,0.011826527,0.011826527,-6.9477813e-14,-6.9477813e-14,0.01500901,0.01500901,-3.4856794e-14,-3.4856794e-14,-0.00027042788,-0.00027042788,0.00031815045,0.00031815045,-5.4085576e-05,-5.4085576e-05,-2.2425812e-16,-2.2425812e-16,-1.729224e-14,-1.729224e-14,1.7296918e-14,1.7296918e-14,-5.7359491e-19,-5.7359491e-19,-1.0732699e-18,-1.0732699e-18,-5.4996251e-08,-5.4996251e-08,-3.2643223e-18,-3.2643223e-18,4.1730624e-18,4.1730624e-18,-9.4277122e-18,-9.4277122e-18,5.2006812e-07,5.2006812e-07,6.0901635e-35,6.0901635e-35
-0.000267549,-0.000267549,0.000267549,0.000267549,1.6095523e-15,1.6095523e-15,1.0638032e-15,1.0638032e-15,0.000267549,0.000267549,-3.9042618e-05,-3.9042618e-05,-4.7214529e-05,-4.7214529e-05,-3.8668067e-05,-3.8668067e-05,-4.7214529e-05,-4.7214529e-05,2.880572e-11,2.880572e-11,-1.037366e-21,-1.037366e-21,4.7214529e-05,4.7214529e-05,-1.1071084e-15,-1.1071084e-15,2.8625531e-06,2.8625531e-06,2.8625532e-06,2.8625532e-06,1.6437256e-18,1.6437256e-18,-0.000267549,-0.000267549,-4.7214529e-05,-4.7214529e-05,-0.000267549,-0.000267549,-4.7214529e-05,-4.7214529e-05,-4.4791327e-17,-4.4791327e-17,6.4282382e-17,6.4282382e-17,-0.00031476353,-0.00031476353,3.3034717e-17,3.3034717e-17,-0.00031471128,-0.00031471128,2.4649265e-17,2.4649265e-17,-3.5331131e-13,-3.5331131e-13,4.7214529e-05,4.7214529e-05,-3.5331332e-13,-3.5331332e-13,4.7214529e-05,4.7214529e-05,4.7214529e-05,4.7214529e-05,-1.1017566e-15,-1.1017566e-15,-0.000267549,-0.000267549,-0.000267549,-0.000267549,-4.7214529e-05,-4.7214529e-05,-5.0803816e-07,-5.0803816e-07,9.1903919e-19,9.1903919e-19,-8.8934664e-14,-8.8934664e-14,-5.0803807e-07,-5.0803807e-07,-3.0812493e-06,-3.0812493e-06,-1.0979927e-15,-1.0979927e-15,0.011700573,0.011700573,-6.9426943e-14,-6.9426943e-14,0.014849226,0.014849226,-3.4831738e-14,-3.4831738e-14,-0.000267549,-0.000267549,0.00031476353,0.00031476353,-5.35098e-05,-5.35098e-05,-2.2414189e-16,-2.2414189e-16,-1.7297254e-14,-1.7297254e-14,1.7301883e-14,1.7301883e-14,-5.6743341e-19,-5.6743341e-19,-1.0618467e-18,-1.0618467e-18,-5.2246439e-08,-5.2246439e-08,-3.2295762e-18,-3.2295762e-18,4.1286344e-18,4.1286344e-18,-9.3273249e-18,-9.3273249e-18,5.1500798e-07,5.1500798e-07,5.9612671e-35,5.9612671e-35
-0.00026470076,-0.00026470076,0.00026470076,0.00026470076,1.6091187e-15,1.6091187e-15,1.0628833e-15,1.0628833e-15,0.00026470076,0.00026470076,-3.8625829e-05,-3.8625829e-05,-4.6711898e-05,-4.6711898e-05,-3.8254924e-05,-3.8254924e-05,-4.6711898e-05,-4.6711898e-05,2.8454164e-11,2.8454164e-11,-1.0236075e-21,-1.0236075e-21,4.6711898e-05,4.6711898e-05,-1.1062027e-15,-1.1062027e-15,2.8320825e-06,2.8320825e-06,2.8320825e-06,2.8320825e-06,1.6262398e-18,1.6262398e-18,-0.00026470076,-0.00026470076,-4.6711898e-05,-4.6711898e-05,-0.00026470076,-0.00026470076,-4.6711898e-05,-4.6711898e-05,-4.5193941e-17,-4.5193941e-17,6.4001883e-17,6.4001883e-17,-0.00031141266,-0.00031141266,3.2207373e-17,3.2207373e-17,-0.00031136302,-0.00031136302,2.3911518e-17,2.3911518e-17,-2.6145058e-13,-2.6145058e-13,4.6711898e-05,4.6711898e-05,-2.6145256e-13,-2.6145256e-13,4.6711898e-05,4.6711898e-05,4.6711898e-05,4.6711898e-05,-1.1009079e-15,-1.1009079e-15,-0.00026470076,-0.00026470076,-0.00026470076,-0.00026470076,-4.6711898e-05,-4.6711898e-05,-5.0263055e-07,-5.0263055e-07,9.092596e-19,9.092596e-19,9.1860764e-14,9.1860764e-14,-5.0263064e-07,-5.0263064e-07,-3.0485263e-06,-3.0485263e-06,-1.0971841e-15,-1.0971841e-15,0.011575963,0.011575963,-6.9376614e-14,-6.9376614e-14,0.014691142,0.014691142,-3.4806949e-14,-3.4806949e-14,-0.00026470076,-0.00026470076,0.00031141266,0.00031141266,-5.2940152e-05,-5.2940152e-05,-2.240269e-16,-2.240269e-16,-1.7302213e-14,-1.7302213e-14,1.7306795e-14,1.7306795e-14,-5.6133876e-19,-5.6133876e-19,-1.0505449e-18,-1.0505449e-18,-4.9634117e-08,-4.9634117e-08,-3.1951997e-18,-3.1951997e-18,4.0846796e-18,4.0846796e-18,-9.2280073e-18,-9.2280073e-18,5.0999546e-07,5.0999546e-07,5.8350928e-35,5.8350928e-35
-0.00026188284,-0.00026188284,0.00026188284,0.00026188284,1.608685e-15,1.608685e-15,1.0619731e-15,1.0619731e-15,0.00026188284,0.00026188284,-3.8213548e-05,-3.8213548e-05,-4.6214618e-05,-4.6214618e-05,-3.7846253e-05,-3.7846253e-05,-4.6214618e-05,-4.6214618e-05,2.819445e-11,2.819445e-11,-1.0101312e-21,-1.0101312e-21,4.6214618e-05,4.6214618e-05,-1.1053066e-15,-1.1053066e-15,2.8019381e-06,2.8019381e-06,2.8019382e-06,2.8019382e-06,1.608939e-18,1.608939e-18,-0.00026188284,-0.00026188284,-4.6214618e-05,-4.6214618e-05,-0.00026188284,-0.00026188284,-4.6214618e-05,-4.6214618e-05,-4.5592253e-17,-4.5592253e-17,6.3724374e-17,6.3724374e-17,-0.00030809745,-0.00030809745,3.1388859e-17,3.1388859e-17,-0.0003080503,-0.0003080503,2.318163e-17,2.318163e-17,-3.4327248e-13,-3.4327248e-13,4.6214618e-05,4.6214618e-05,-3.4327442e-13,-3.4327442e-13,4.6214618e-05,4.6214618e-05,4.6214618e-05,4.6214618e-05,-1.1000682e-15,-1.1000682e-15,-0.00026188284,-0.00026188284,-0.00026188284,-0.00026188284,-4.6214618e-05,-4.6214618e-05,-4.9728046e-07,-4.9728046e-07,8.9958368e-19,8.9958368e-19,-8.1821859e-14,-8.1821859e-14,-4.9728038e-07,-4.9728038e-07,-3.0161477e-06,-3.0161477e-06,-1.096384e-15,-1.096384e-15,0.011452682,0.011452682,-6.9326821e-14,-6.9326821e-14,0.014534741,0.014534741,-3.4782424e-14,-3.4782424e-14,-0.00026188284,-0.00026188284,0.00030809745,0.00030809745,-5.2376567e-05,-5.2376567e-05,-2.2391312e-16,-2.2391312e-16,-1.730712e-14,-1.730712e-14,1.7311654e-14,1.7311654e-14,-5.5531023e-19,-5.5531023e-19,-1.0393634e-18,-1.0393634e-18,-4.7152411e-08,-4.7152411e-08,-3.1611889e-18,-3.1611889e-18,4.0411927e-18,4.0411927e-18,-9.1297479e-18,-9.1297479e-18,5.0503015e-07,5.0503015e-07,5.7115834e-35,5.7115834e-35
-0.00025909491,-0.00025909491,0.00025909491,0.00025909491,1.6083597e-15,1.6083597e-15,1.0610726e-15,1.0610726e-15,0.00025909491,0.00025909491,-3.7805721e-05,-3.7805721e-05,-4.5722631e-05,-4.5722631e-05,-3.7442003e-05,-3.7442003e-05,-4.5722631e-05,-4.5722631e-05,2.7852896e-11,2.7852896e-11,-9.969273e-22,-9.969273e-22,4.572263e-05,4.572263e-05,-1.10442e-15,-1.10442e-15,2.7721123e-06,2.7721123e-06,2.7721123e-06,2.7721123e-06,1.5918216e-18,1.5918216e-18,-0.00025909491,-0.00025909491,-4.5722631e-05,-4.5722631e-05,-0.00025909491,-0.00025909491,-4.5722631e-05,-4.5722631e-05,-4.5986308e-17,-4.5986308e-17,6.3449821e-17,6.3449821e-17,-0.00030481754,-0.00030481754,3.057908e-17,3.057908e-17,-0.00030477274,-0.00030477274,2.2459518e-17,2.2459518e-17,-2.5837827e-13,-2.5837827e-13,4.5722631e-05,4.5722631e-05,-2.5838018e-13,-2.5838018e-13,4.5722631e-05,4.5722631e-05,4.572263e-05,4.572263e-05,-1.0992375e-15,-1.0992375e-15,-0.00025909491,-0.00025909491,-0.00025909491,-0.00025909491,-4.5722631e-05,-4.5722631e-05,-4.9198728e-07,-4.9198728e-07,8.9001039e-19,8.9001039e-19,8.4894237e-14,8.4894237e-14,-4.9198736e-07,-4.9198736e-07,-2.9841101e-06,-2.9841101e-06,-1.0955925e-15,-1.0955925e-15,0.011330716,0.011330716,-6.9277558e-14,-6.9277558e-14,0.014380005,0.014380005,-3.475816e-14,-3.475816e-14,-0.00025909491,-0.00025909491,0.00030481754,0.00030481754,-5.1818982e-05,-5.1818982e-05,-2.2380056e-16,-2.2380056e-16,-1.7311974e-14,-1.7311974e-14,1.7316461e-14,1.7316461e-14,-5.4934707e-19,-5.4934707e-19,-1.0283007e-18,-1.0283007e-18,-4.479479e-08,-4.479479e-08,-3.1275399e-18,-3.1275399e-18,3.9981688e-18,3.9981688e-18,-9.0325355e-18,-9.0325355e-18,5.0011165e-07,5.0011165e-07,5.5906831e-35,5.5906831e-35
-0.00025633666,-0.00025633666,0.00025633666,0.00025633666,1.6079802e-15,1.6079802e-15,1.0601818e-15,1.0601818e-15,0.00025633666,0.00025633666,-3.7402298e-05,-3.7402298e-05,-4.523588e-05,-4.523588e-05,-3.7042124e-05,-3.7042124e-05,-4.523588e-05,-4.523588e-05,2.7596218e-11,2.7596218e-11,-9.8398649e-22,-9.8398649e-22,4.523588e-05,4.523588e-05,-1.1035429e-15,-1.1035429e-15,2.7426059e-06,2.7426059e-06,2.7426059e-06,2.7426059e-06,1.5748856e-18,1.5748856e-18,-0.00025633666,-0.00025633666,-4.523588e-05,-4.523588e-05,-0.00025633666,-0.00025633666,-4.523588e-05,-4.523588e-05,-4.6376153e-17,-4.6376153e-17,6.3178195e-17,6.3178195e-17,-0.00030157254,-0.00030157254,2.9777942e-17,2.9777942e-17,-0.00030152998,-0.00030152998,2.1745099e-17,2.1745099e-17,-3.3364517e-13,-3.3364517e-13,4.523588e-05,4.523588e-05,-3.3364705e-13,-3.3364705e-13,4.523588e-05,4.523588e-05,4.523588e-05,4.523588e-05,-1.0984156e-15,-1.0984156e-15,-0.00025633666,-0.00025633666,-0.00025633666,-0.00025633666,-4.523588e-05,-4.523588e-05,-4.867504e-07,-4.867504e-07,8.8053863e-19,8.8053863e-19,-7.5266869e-14,-7.5266869e-14,-4.8675033e-07,-4.8675033e-07,-2.9524098e-06,-2.9524098e-06,-1.0948094e-15,-1.0948094e-15,0.01121005,0.01121005,-6.922882e-14,-6.922882e-14,0.014226917,0.014226917,-3.4734155e-14,-3.4734155e-14,-0.00025633666,-0.00025633666,0.00030157254,0.00030157254,-5.1267331e-05,-5.1267331e-05,-2.2368919e-16,-2.2368919e-16,-1.7316776e-14,-1.7316776e-14,1.7321216e-14,1.7321216e-14,-5.4344857e-19,-5.4344857e-19,-1.0173557e-18,-1.0173557e-18,-4.2555051e-08,-4.2555051e-08,-3.0942489e-18,-3.0942489e-18,3.9556031e-18,3.9556031e-18,-8.9363589e-18,-8.9363589e-18,4.9523954e-07,4.9523954e-07,5.472337e-35,5.472337e-35
-0.00025360776,-0.00025360776,0.00025360776,0.00025360776,1.607655e-15,1.607655e-15,1.0593004e-15,1.0593004e-15,0.00025360776,0.00025360776,-3.700323e-05,-3.700323e-05,-4.4754311e-05,-4.4754311e-05,-3.6646565e-05,-3.6646565e-05,-4.4754311e-05,-4.4754311e-05,2.7264254e-11,2.7264254e-11,-9.7129983e-22,-9.7129983e-22,4.4754311e-05,4.4754311e-05,-1.1026751e-15,-1.1026751e-15,2.7134113e-06,2.7134113e-06,2.7134113e-06,2.7134113e-06,1.5581291e-18,1.5581291e-18,-0.00025360776,-0.00025360776,-4.4754311e-05,-4.4754311e-05,-0.00025360776,-0.00025360776,-4.4754311e-05,-4.4754311e-05,-4.6761833e-17,-4.6761833e-17,6.2909463e-17,6.2909463e-17,-0.00029836207,-0.00029836207,2.8985352e-17,2.8985352e-17,-0.00029832165,-0.00029832165,2.1038292e-17,2.1038292e-17,-2.55179e-13,-2.55179e-13,4.4754311e-05,4.4754311e-05,-2.5518085e-13,-2.5518085e-13,4.4754311e-05,4.4754311e-05,4.4754311e-05,4.4754311e-05,-1.0976024e-15,-1.0976024e-15,-0.00025360776,-0.00025360776,-0.00025360776,-0.00025360776,-4.4754311e-05,-4.4754311e-05,-4.8156924e-07,-4.8156924e-07,8.7116737e-19,8.7116737e-19,7.8466201e-14,7.8466201e-14,-4.8156932e-07,-4.8156932e-07,-2.9210436e-06,-2.9210436e-06,-1.0940347e-15,-1.0940347e-15,0.01109067,0.01109067,-6.9180601e-14,-6.9180601e-14,0.014075458,0.014075458,-3.4710405e-14,-3.4710405e-14,-0.00025360776,-0.00025360776,0.00029836207,0.00029836207,-5.0721553e-05,-5.0721553e-05,-2.23579e-16,-2.23579e-16,-1.7321527e-14,-1.7321527e-14,1.7325921e-14,1.7325921e-14,-5.3761402e-19,-5.3761402e-19,-1.0065271e-18,-1.0065271e-18,-4.0427298e-08,-4.0427298e-08,-3.0613121e-18,-3.0613121e-18,3.9134905e-18,3.9134905e-18,-8.8412069e-18,-8.8412069e-18,4.9041342e-07,4.9041342e-07,5.3564915e-35,5.3564915e-35
-0.00025090792,-0.00025090792,0.00025090792,0.00025090792,1.6072213e-15,1.6072213e-15,1.0584284e-15,1.0584284e-15,0.00025090792,0.00025090792,-3.6608466e-05,-3.6608466e-05,-4.4277868e-05,-4.4277868e-05,-3.6255278e-05,-3.6255278e-05,-4.4277868e-05,-4.4277868e-05,2.7010739e-11,2.7010739e-11,-9.5885878e-22,-9.5885878e-22,4.4277868e-05,4.4277868e-05,-1.1018166e-15,-1.1018166e-15,2.6845293e-06,2.6845293e-06,2.6845293e-06,2.6845293e-06,1.5415501e-18,1.5415501e-18,-0.00025090792,-0.00025090792,-4.4277868e-05,-4.4277868e-05,-0.00025090792,-0.00025090792,-4.4277868e-05,-4.4277868e-05,-4.7143393e-17,-4.7143393e-17,6.2643594e-17,6.2643594e-17,-0.00029518579,-0.00029518579,2.8201218e-17,2.8201218e-17,-0.00029514738,-0.00029514738,2.0339013e-17,2.0339013e-17,-3.2440521e-13,-3.2440521e-13,4.4277868e-05,4.4277868e-05,-3.2440702e-13,-3.2440702e-13,4.4277868e-05,4.4277868e-05,4.4277868e-05,4.4277868e-05,-1.0967979e-15,-1.0967979e-15,-0.00025090792,-0.00025090792,-0.00025090792,-0.00025090792,-4.4277868e-05,-4.4277868e-05,-4.7644319e-07,-4.7644319e-07,8.6189554e-19,8.6189554e-19,-6.9226175e-14,-6.9226175e-14,-4.7644312e-07,-4.7644312e-07,-2.8900081e-06,-2.8900081e-06,-1.0932682e-15,-1.0932682e-15,0.010972564,0.010972564,-6.9132895e-14,-6.9132895e-14,0.013925611,0.013925611,-3.4686908e-14,-3.4686908e-14,-0.00025090792,-0.00025090792,0.00029518579,0.00029518579,-5.0181584e-05,-5.0181584e-05,-2.2346999e-16,-2.2346999e-16,-1.7326227e-14,-1.7326227e-14,1.7330575e-14,1.7330575e-14,-5.3184269e-19,-5.3184269e-19,-9.9581366e-19,-9.9581366e-19,-3.8405933e-08,-3.8405933e-08,-3.0287257e-18,-3.0287257e-18,3.8718263e-18,3.8718263e-18,-8.7470686e-18,-8.7470686e-18,4.8563289e-07,4.8563289e-07,5.2430941e-35,5.2430941e-35
-0.00024823681,-0.00024823681,0.00024823681,0.00024823681,1.606896e-15,1.606896e-15,1.0575657e-15,1.0575657e-15,0.00024823681,0.00024823681,-3.6217957e-05,-3.6217957e-05,-4.3806496e-05,-4.3806496e-05,-3.5868214e-05,-3.5868214e-05,-4.3806496e-05,-4.3806496e-05,2.668798e-11,2.668798e-11,-9.466552e-22,-9.466552e-22,4.3806496e-05,4.3806496e-05,-1.1009672e-15,-1.1009672e-15,2.6559526e-06,2.6559526e-06,2.6559527e-06,2.6559527e-06,1.525147e-18,1.525147e-18,-0.00024823681,-0.00024823681,-4.3806496e-05,-4.3806496e-05,-0.00024823681,-0.00024823681,-4.3806496e-05,-4.3806496e-05,-4.7520877e-17,-4.7520877e-17,6.2380557e-17,6.2380557e-17,-0.00029204331,-0.00029204331,2.7425449e-17,2.7425449e-17,-0.00029200682,-0.00029200682,1.9647185e-17,1.9647185e-17,-2.5187043e-13,-2.5187043e-13,4.3806496e-05,4.3806496e-05,-2.5187221e-13,-2.5187221e-13,4.3806496e-05,4.3806496e-05,4.3806496e-05,4.3806496e-05,-1.096002e-15,-1.096002e-15,-0.00024823681,-0.00024823681,-0.00024823681,-0.00024823681,-4.3806496e-05,-4.3806496e-05,-4.7137168e-07,-4.7137168e-07,8.5272212e-19,8.5272212e-19,7.2534812e-14,7.2534812e-14,-4.7137175e-07,-4.7137175e-07,-2.8592999e-06,-2.8592999e-06,-1.0925098e-15,-1.0925098e-15,0.010855716,0.010855716,-6.9085698e-14,-6.9085698e-14,0.01377736,0.01377736,-3.4663662e-14,-3.4663662e-14,-0.00024823681,-0.00024823681,0.00029204331,0.00029204331,-4.9647362e-05,-4.9647362e-05,-2.2336213e-16,-2.2336213e-16,-1.7330876e-14,-1.7330876e-14,1.733518e-14,1.733518e-14,-5.2613391e-19,-5.2613391e-19,-9.8521418e-19,-9.8521418e-19,-3.6485637e-08,-3.6485637e-08,-2.996486e-18,-2.996486e-18,3.8306057e-18,3.8306057e-18,-8.6539333e-18,-8.6539333e-18,4.8089754e-07,4.8089754e-07,5.1320933e-35,5.1320933e-35
-0.00024559414,-0.00024559414,0.00024559414,0.00024559414,1.6065708e-15,1.6065708e-15,1.0567122e-15,1.0567122e-15,0.00024559414,0.00024559414,-3.5831657e-05,-3.5831657e-05,-4.3340142e-05,-4.3340142e-05,-3.5485325e-05,-3.5485325e-05,-4.3340142e-05,-4.3340142e-05,2.6437739e-11,2.6437739e-11,-9.3468132e-22,-9.3468132e-22,4.3340142e-05,4.3340142e-05,-1.1001269e-15,-1.1001269e-15,2.6276818e-06,2.6276818e-06,2.6276818e-06,2.6276818e-06,1.5089179e-18,1.5089179e-18,-0.00024559414,-0.00024559414,-4.3340142e-05,-4.3340142e-05,-0.00024559414,-0.00024559414,-4.3340142e-05,-4.3340142e-05,-4.789433e-17,-4.789433e-17,6.2120323e-17,6.2120323e-17,-0.00028893428,-0.00028893428,2.6657956e-17,2.6657956e-17,-0.00028889962,-0.00028889962,1.8962726e-17,1.8962726e-17,-3.155301e-13,-3.155301e-13,4.3340142e-05,4.3340142e-05,-3.1553186e-13,-3.1553186e-13,4.3340142e-05,4.3340142e-05,4.3340142e-05,4.3340142e-05,-1.0952145e-15,-1.0952145e-15,-0.00024559414,-0.00024559414,-0.00024559414,-0.00024559414,-4.3340142e-05,-4.3340142e-05,-4.6635412e-07,-4.6635412e-07,8.4364606e-19,8.4364606e-19,-6.365965e-14,-6.365965e-14,-4.6635405e-07,-4.6635405e-07,-2.8289156e-06,-2.8289156e-06,-1.0917596e-15,-1.0917596e-15,0.010740114,0.010740114,-6.9039003e-14,-6.9039003e-14,0.013630686,0.013630686,-3.4640663e-14,-3.4640663e-14,-0.00024559414,-0.00024559414,0.00028893428,0.00028893428,-4.9118828e-05,-4.9118828e-05,-2.2325542e-16,-2.2325542e-16,-1.7335476e-14,-1.7335476e-14,1.7339735e-14,1.7339735e-14,-5.2048696e-19,-5.2048696e-19,-9.7472744e-19,-9.7472744e-19,-3.4661355e-08,-3.4661355e-08,-2.9645894e-18,-2.9645894e-18,3.789824e-18,3.789824e-18,-8.5617902e-18,-8.5617902e-18,4.7620699e-07,4.7620699e-07,5.0234388e-35,5.0234388e-35
-0.0002429796,-0.0002429796,0.0002429796,0.0002429796,1.6061371e-15,1.6061371e-15,1.0558678e-15,1.0558678e-15,0.0002429796,0.0002429796,-3.5449517e-05,-3.5449517e-05,-4.2878752e-05,-4.2878752e-05,-3.5106563e-05,-3.5106563e-05,-4.2878752e-05,-4.2878752e-05,2.612382e-11,2.612382e-11,-9.229297e-22,-9.229297e-22,4.2878752e-05,4.2878752e-05,-1.0992955e-15,-1.0992955e-15,2.5997101e-06,2.5997101e-06,2.5997101e-06,2.5997101e-06,1.4928609e-18,1.4928609e-18,-0.0002429796,-0.0002429796,-4.2878752e-05,-4.2878752e-05,-0.0002429796,-0.0002429796,-4.2878752e-05,-4.2878752e-05,-4.8263794e-17,-4.8263794e-17,6.1862861e-17,6.1862861e-17,-0.00028585835,-0.00028585835,2.5898649e-17,2.5898649e-17,-0.00028582542,-0.00028582542,1.8285559e-17,1.8285559e-17,-2.4846865e-13,-2.4846865e-13,4.2878752e-05,4.2878752e-05,-2.4847038e-13,-2.4847038e-13,4.2878752e-05,4.2878752e-05,4.2878752e-05,4.2878752e-05,-1.0944355e-15,-1.0944355e-15,-0.0002429796,-0.0002429796,-0.0002429796,-0.0002429796,-4.2878752e-05,-4.2878752e-05,-4.6138994e-07,-4.6138994e-07,8.3466636e-19,8.3466636e-19,6.706148e-14,6.706148e-14,-4.6139001e-07,-4.6139001e-07,-2.798852e-06,-2.798852e-06,-1.0910173e-15,-1.0910173e-15,0.010625744,0.010625744,-6.8992805e-14,-6.8992805e-14,0.013485575,0.013485575,-3.4617908e-14,-3.4617908e-14,-0.0002429796,-0.0002429796,0.00028585835,0.00028585835,-4.8595919e-05,-4.8595919e-05,-2.2314985e-16,-2.2314985e-16,-1.7340027e-14,-1.7340027e-14,1.7344241e-14,1.7344241e-14,-5.1490118e-19,-5.1490118e-19,-9.6435225e-19,-9.6435225e-19,-3.2928287e-08,-3.2928287e-08,-2.9330321e-18,-2.9330321e-18,3.7494765e-18,3.7494765e-18,-8.4706286e-18,-8.4706286e-18,4.7156083e-07,4.7156083e-07,4.9170812e-35,4.9170812e-35
-0.00024039288,-0.00024039288,0.00024039288,0.00024039288,1.6057847e-15,1.6057847e-15,1.0550323e-15,1.0550323e-15,0.00024039288,0.00024039288,-3.507149e-05,-3.507149e-05,-4.2422274e-05,-4.2422274e-05,-3.4731883e-05,-3.4731883e-05,-4.2422274e-05,-4.2422274e-05,2.5876945e-11,2.5876945e-11,-9.1139323e-22,-9.1139323e-22,4.2422273e-05,4.2422273e-05,-1.098473e-15,-1.098473e-15,2.5720376e-06,2.5720376e-06,2.5720376e-06,2.5720376e-06,1.4769742e-18,1.4769742e-18,-0.00024039288,-0.00024039288,-4.2422274e-05,-4.2422274e-05,-0.00024039288,-0.00024039288,-4.2422274e-05,-4.2422274e-05,-4.8629312e-17,-4.8629312e-17,6.1608142e-17,6.1608142e-17,-0.00028281516,-0.00028281516,2.5147442e-17,2.5147442e-17,-0.00028278388,-0.00028278388,1.7615605e-17,1.7615605e-17,-3.0699897e-13,-3.0699897e-13,4.2422274e-05,4.2422274e-05,-3.0700067e-13,-3.0700067e-13,4.2422274e-05,4.2422274e-05,4.2422273e-05,4.2422273e-05,-1.0936647e-15,-1.0936647e-15,-0.00024039288,-0.00024039288,-0.00024039288,-0.00024039288,-4.2422274e-05,-4.2422274e-05,-4.5647858e-07,-4.5647858e-07,8.25782e-19,8.25782e-19,-5.8530291e-14,-5.8530291e-14,-4.5647852e-07,-4.5647852e-07,-2.7691058e-06,-2.7691058e-06,-1.0902829e-15,-1.0902829e-15,0.010512593,0.010512593,-6.89471e-14,-6.89471e-14,0.013342008,0.013342008,-3.4595397e-14,-3.4595397e-14,-0.00024039288,-0.00024039288,0.00028281516,0.00028281516,-4.8078577e-05,-4.8078577e-05,-2.230454e-16,-2.230454e-16,-1.7344529e-14,-1.7344529e-14,1.7348699e-14,1.7348699e-14,-5.0937589e-19,-5.0937589e-19,-9.5408742e-19,-9.5408742e-19,-3.1281873e-08,-3.1281873e-08,-2.9018105e-18,-2.9018105e-18,3.7095586e-18,3.7095586e-18,-8.3804382e-18,-8.3804382e-18,4.6695868e-07,4.6695868e-07,4.8129722e-35,4.8129722e-35
-0.00023783371,-0.00023783371,0.00023783371,0.00023783371,1.6054053e-15,1.6054053e-15,1.0542058e-15,1.0542058e-15,0.00023783371,0.00023783371,-3.469753e-05,-3.469753e-05,-4.1970654e-05,-4.1970654e-05,-3.4361239e-05,-3.4361239e-05,-4.1970654e-05,-4.1970654e-05,2.5571523e-11,2.5571523e-11,-9.0006513e-22,-9.0006513e-22,4.1970654e-05,4.1970654e-05,-1.0976592e-15,-1.0976592e-15,2.5446579e-06,2.5446579e-06,2.544658e-06,2.544658e-06,1.4612561e-18,1.4612561e-18,-0.00023783371,-0.00023783371,-4.1970654e-05,-4.1970654e-05,-0.00023783371,-0.00023783371,-4.1970654e-05,-4.1970654e-05,-4.8990927e-17,-4.8990927e-17,6.1356136e-17,6.1356136e-17,-0.00027980436,-0.00027980436,2.4404246e-17,2.4404246e-17,-0.00027977464,-0.00027977464,1.6952788e-17,1.6952788e-17,-2.4498838e-13,-2.4498838e-13,4.1970654e-05,4.1970654e-05,-2.4499005e-13,-2.4499005e-13,4.1970654e-05,4.1970654e-05,4.1970654e-05,4.1970654e-05,-1.0929021e-15,-1.0929021e-15,-0.00023783371,-0.00023783371,-0.00023783371,-0.00023783371,-4.1970654e-05,-4.1970654e-05,-4.5161947e-07,-4.5161947e-07,8.16992e-19,8.16992e-19,6.2010622e-14,6.2010622e-14,-4.5161953e-07,-4.5161953e-07,-2.7396738e-06,-2.7396738e-06,-1.0895564e-15,-1.0895564e-15,0.010400649,0.010400649,-6.8901881e-14,-6.8901881e-14,0.013199969,0.013199969,-3.4573125e-14,-3.4573125e-14,-0.00023783371,-0.00023783371,0.00027980436,0.00027980436,-4.7566741e-05,-4.7566741e-05,-2.2294205e-16,-2.2294205e-16,-1.7348983e-14,-1.7348983e-14,1.735311e-14,1.735311e-14,-5.0391042e-19,-5.0391042e-19,-9.4393178e-19,-9.4393178e-19,-2.9717779e-08,-2.9717779e-08,-2.8709212e-18,-2.8709212e-18,3.6700657e-18,3.6700657e-18,-8.2912085e-18,-8.2912085e-18,4.6240015e-07,4.6240015e-07,4.7110644e-35,4.7110644e-35
-0.00023530177,-0.00023530177,0.00023530177,0.00023530177,1.60508e-15,1.60508e-15,1.0533881e-15,1.0533881e-15,0.00023530177,0.00023530177,-3.4327592e-05,-3.4327592e-05,-4.1523842e-05,-4.1523842e-05,-3.3994585e-05,-3.3994585e-05,-4.1523842e-05,-4.1523842e-05,2.5328096e-11,2.5328096e-11,-8.8893889e-22,-8.8893889e-22,4.1523842e-05,4.1523842e-05,-1.0968541e-15,-1.0968541e-15,2.5175711e-06,2.5175711e-06,2.5175712e-06,2.5175712e-06,1.4457048e-18,1.4457048e-18,-0.00023530177,-0.00023530177,-4.1523842e-05,-4.1523842e-05,-0.00023530177,-0.00023530177,-4.1523842e-05,-4.1523842e-05,-4.9348682e-17,-4.9348682e-17,6.1106814e-17,6.1106814e-17,-0.00027682561,-0.00027682561,2.3668977e-17,2.3668977e-17,-0.00027679738,-0.00027679738,1.6297032e-17,1.6297032e-17,-2.9879238e-13,-2.9879238e-13,4.1523842e-05,4.1523842e-05,-2.9879403e-13,-2.9879403e-13,4.1523842e-05,4.1523842e-05,4.1523842e-05,4.1523842e-05,-1.0921477e-15,-1.0921477e-15,-0.00023530177,-0.00023530177,-0.00023530177,-0.00023530177,-4.1523842e-05,-4.1523842e-05,-4.4681207e-07,-4.4681207e-07,8.0829535e-19,8.0829535e-19,-5.3803981e-14,-5.3803981e-14,-4.4681201e-07,-4.4681201e-07,-2.7105526e-06,-2.7105526e-06,-1.0888376e-15,-1.0888376e-15,0.010289897,0.010289897,-6.8857144e-14,-6.8857144e-14,0.013059442,0.013059442,-3.455109e-14,-3.455109e-14,-0.00023530177,-0.00023530177,0.00027682561,0.00027682561,-4.7060354e-05,-4.7060354e-05,-2.2283981e-16,-2.2283981e-16,-1.7353389e-14,-1.7353389e-14,1.7357473e-14,1.7357473e-14,-4.9850411e-19,-4.9850411e-19,-9.3388418e-19,-9.3388418e-19,-2.823189e-08,-2.823189e-08,-2.8403606e-18,-2.8403606e-18,3.6309932e-18,3.6309932e-18,-8.2029293e-18,-8.2029293e-18,4.5788485e-07,4.5788485e-07,4.6113116e-35,4.6113116e-35
-0.00023279679,-0.00023279679,0.00023279679,0.00023279679,1.6047276e-15,1.6047276e-15,1.0525791e-15,1.0525791e-15,0.00023279679,0.00023279679,-3.3961631e-05,-3.3961631e-05,-4.1081786e-05,-4.1081786e-05,-3.3631876e-05,-3.3631876e-05,-4.1081786e-05,-4.1081786e-05,2.5030847e-11,2.5030847e-11,-8.7800831e-22,-8.7800831e-22,4.1081786e-05,4.1081786e-05,-1.0960576e-15,-1.0960576e-15,2.4907711e-06,2.4907711e-06,2.4907711e-06,2.4907711e-06,1.4303186e-18,1.4303186e-18,-0.00023279679,-0.00023279679,-4.1081786e-05,-4.1081786e-05,-0.00023279679,-0.00023279679,-4.1081786e-05,-4.1081786e-05,-4.9702616e-17,-4.9702616e-17,6.0860148e-17,6.0860148e-17,-0.00027387857,-0.00027387857,2.2941548e-17,2.2941548e-17,-0.00027385175,-0.00027385175,1.5648261e-17,1.5648261e-17,-2.4144299e-13,-2.4144299e-13,4.1081786e-05,4.1081786e-05,-2.4144461e-13,-2.4144461e-13,4.1081786e-05,4.1081786e-05,4.1081786e-05,4.1081786e-05,-1.0914013e-15,-1.0914013e-15,-0.00023279679,-0.00023279679,-0.00023279679,-0.00023279679,-4.1081786e-05,-4.1081786e-05,-4.4205581e-07,-4.4205581e-07,7.9969108e-19,7.9969108e-19,5.7349419e-14,5.7349419e-14,-4.4205587e-07,-4.4205587e-07,-2.6817393e-06,-2.6817393e-06,-1.0881264e-15,-1.0881264e-15,0.010180326,0.010180326,-6.8812883e-14,-6.8812883e-14,0.012920412,0.012920412,-3.4529289e-14,-3.4529289e-14,-0.00023279679,-0.00023279679,0.00027387857,0.00027387857,-4.6559358e-05,-4.6559358e-05,-2.2273865e-16,-2.2273865e-16,-1.7357748e-14,-1.7357748e-14,1.736179e-14,1.736179e-14,-4.9315631e-19,-4.9315631e-19,-9.2394346e-19,-9.2394346e-19,-2.6820296e-08,-2.6820296e-08,-2.8101252e-18,-2.8101252e-18,3.5923368e-18,3.5923368e-18,-8.1155905e-18,-8.1155905e-18,4.5341241e-07,4.5341241e-07,4.5136683e-35,4.5136683e-35
-0.00023031847,-0.00023031847,0.00023031847,0.00023031847,1.6044024e-15,1.6044024e-15,1.0517787e-15,1.0517787e-15,0.00023031847,0.00023031847,-3.3599602e-05,-3.3599602e-05,-4.0644436e-05,-4.0644436e-05,-3.3273069e-05,-3.3273069e-05,-4.0644436e-05,-4.0644436e-05,2.4790931e-11,2.4790931e-11,-8.6726744e-22,-8.6726744e-22,4.0644436e-05,4.0644436e-05,-1.0952696e-15,-1.0952696e-15,2.4642576e-06,2.4642576e-06,2.4642576e-06,2.4642576e-06,1.4150957e-18,1.4150957e-18,-0.00023031847,-0.00023031847,-4.0644436e-05,-4.0644436e-05,-0.00023031847,-0.00023031847,-4.0644436e-05,-4.0644436e-05,-5.0052772e-17,-5.0052772e-17,6.0616109e-17,6.0616109e-17,-0.00027096291,-0.00027096291,2.2221877e-17,2.2221877e-17,-0.00027093743,-0.00027093743,1.5006401e-17,1.5006401e-17,-2.9089227e-13,-2.9089227e-13,4.0644436e-05,4.0644436e-05,-2.9089387e-13,-2.9089387e-13,4.0644436e-05,4.0644436e-05,4.0644436e-05,4.0644436e-05,-1.0906628e-15,-1.0906628e-15,-0.00023031847,-0.00023031847,-0.00023031847,-0.00023031847,-4.0644436e-05,-4.0644436e-05,-4.3735016e-07,-4.3735016e-07,7.9117821e-19,7.9117821e-19,-4.9449258e-14,-4.9449258e-14,-4.3735012e-07,-4.3735012e-07,-2.6532305e-06,-2.6532305e-06,-1.0874229e-15,-1.0874229e-15,0.010071922,0.010071922,-6.8769094e-14,-6.8769094e-14,0.012782861,0.012782861,-3.4507721e-14,-3.4507721e-14,-0.00023031847,-0.00023031847,0.00027096291,0.00027096291,-4.6063694e-05,-4.6063694e-05,-2.2263857e-16,-2.2263857e-16,-1.736206e-14,-1.736206e-14,1.736606e-14,1.736606e-14,-4.8786638e-19,-4.8786638e-19,-9.141085e-19,-9.141085e-19,-2.5479281e-08,-2.5479281e-08,-2.7802115e-18,-2.7802115e-18,3.5540919e-18,3.5540919e-18,-8.0291819e-18,-8.0291819e-18,4.4898243e-07,4.4898243e-07,4.4180901e-35,4.4180901e-35
-0.00022786654,-0.00022786654,0.00022786654,0.00022786654,1.60405e-15,1.60405e-15,1.0509869e-15,1.0509869e-15,0.00022786654,0.00022786654,-3.3241461e-05,-3.3241461e-05,-4.0211741e-05,-4.0211741e-05,-3.291812e-05,-3.291812e-05,-4.0211741e-05,-4.0211741e-05,2.450155e-11,2.450155e-11,-8.5671059e-22,-8.5671059e-22,4.0211741e-05,4.0211741e-05,-1.0944899e-15,-1.0944899e-15,2.4380249e-06,2.4380249e-06,2.438025e-06,2.438025e-06,1.4000344e-18,1.4000344e-18,-0.00022786654,-0.00022786654,-4.0211741e-05,-4.0211741e-05,-0.00022786654,-0.00022786654,-4.0211741e-05,-4.0211741e-05,-5.0399191e-17,-5.0399191e-17,6.0374668e-17,6.0374668e-17,-0.00026807828,-0.00026807828,2.1509879e-17,2.1509879e-17,-0.00026805407,-0.00026805407,1.4371378e-17,1.4371378e-17,-2.3784468e-13,-2.3784468e-13,4.0211741e-05,4.0211741e-05,-2.3784626e-13,-2.3784626e-13,4.0211741e-05,4.0211741e-05,4.0211741e-05,4.0211741e-05,-1.0899323e-15,-1.0899323e-15,-0.00022786654,-0.00022786654,-0.00022786654,-0.00022786654,-4.0211741e-05,-4.0211741e-05,-4.3269459e-07,-4.3269459e-07,7.827558e-19,7.827558e-19,5.304761e-14,5.304761e-14,-4.3269464e-07,-4.3269464e-07,-2.6250231e-06,-2.6250231e-06,-1.0867268e-15,-1.0867268e-15,0.0099646742,0.0099646742,-6.8725771e-14,-6.8725771e-14,0.012646775,0.012646775,-3.4486383e-14,-3.4486383e-14,-0.00022786654,-0.00022786654,0.00026807828,0.00026807828,-4.5573307e-05,-4.5573307e-05,-2.2253956e-16,-2.2253956e-16,-1.7366326e-14,-1.7366326e-14,1.7370285e-14,1.7370285e-14,-4.8263367e-19,-4.8263367e-19,-9.0437818e-19,-9.0437818e-19,-2.4205317e-08,-2.4205317e-08,-2.7506161e-18,-2.7506161e-18,3.5162543e-18,3.5162543e-18,-7.9436938e-18,-7.9436938e-18,4.4459455e-07,4.4459455e-07,4.3245336e-35,4.3245336e-35
-0.0002254407,-0.0002254407,0.0002254407,0.0002254407,1.6036976e-15,1.6036976e-15,1.0502034e-15,1.0502034e-15,0.0002254407,0.0002254407,-3.2887166e-05,-3.2887166e-05,-3.9783653e-05,-3.9783653e-05,-3.2566985e-05,-3.2566985e-05,-3.9783653e-05,-3.9783653e-05,2.42652e-11,2.42652e-11,-8.4633232e-22,-8.4633232e-22,3.9783653e-05,3.9783653e-05,-1.0937186e-15,-1.0937186e-15,2.4120727e-06,2.4120727e-06,2.4120727e-06,2.4120727e-06,1.3851331e-18,1.3851331e-18,-0.0002254407,-0.0002254407,-3.9783653e-05,-3.9783653e-05,-0.0002254407,-0.0002254407,-3.9783653e-05,-3.9783653e-05,-5.0741911e-17,-5.0741911e-17,6.0135799e-17,6.0135799e-17,-0.00026522435,-0.00026522435,2.0805473e-17,2.0805473e-17,-0.00026520136,-0.00026520136,1.374312e-17,1.374312e-17,-2.8328182e-13,-2.8328182e-13,3.9783653e-05,3.9783653e-05,-2.8328337e-13,-2.8328337e-13,3.9783653e-05,3.9783653e-05,3.9783653e-05,3.9783653e-05,-1.0892095e-15,-1.0892095e-15,-0.0002254407,-0.0002254407,-0.0002254407,-0.0002254407,-3.9783653e-05,-3.9783653e-05,-4.2808855e-07,-4.2808855e-07,7.7442288e-19,7.7442288e-19,-4.5437114e-14,-4.5437114e-14,-4.2808851e-07,-4.2808851e-07,-2.5971141e-06,-2.5971141e-06,-1.0860381e-15,-1.0860381e-15,0.0098585688,0.0098585688,-6.8682909e-14,-6.8682909e-14,0.012512138,0.012512138,-3.4465272e-14,-3.4465272e-14,-0.0002254407,-0.0002254407,0.00026522435,0.00026522435,-4.508814e-05,-4.508814e-05,-2.2244159e-16,-2.2244159e-16,-1.7370547e-14,-1.7370547e-14,1.7374464e-14,1.7374464e-14,-4.7745756e-19,-4.7745756e-19,-8.9475138e-19,-8.9475138e-19,-2.2995051e-08,-2.2995051e-08,-2.7213356e-18,-2.7213356e-18,3.4788194e-18,3.4788194e-18,-7.8591162e-18,-7.8591162e-18,4.4024839e-07,4.4024839e-07,4.232956e-35,4.232956e-35
-0.00022304069,-0.00022304069,0.00022304069,0.00022304069,1.6033724e-15,1.6033724e-15,1.0494284e-15,1.0494284e-15,0.00022304069,0.00022304069,-3.2536673e-05,-3.2536673e-05,-3.9360121e-05,-3.9360121e-05,-3.2219623e-05,-3.2219623e-05,-3.9360121e-05,-3.9360121e-05,2.3983398e-11,2.3983398e-11,-8.3612743e-22,-8.3612743e-22,3.9360121e-05,3.9360121e-05,-1.0929554e-15,-1.0929554e-15,2.3863953e-06,2.3863953e-06,2.3863954e-06,2.3863954e-06,1.3703901e-18,1.3703901e-18,-0.00022304069,-0.00022304069,-3.9360121e-05,-3.9360121e-05,-0.00022304069,-0.00022304069,-3.9360121e-05,-3.9360121e-05,-5.1080973e-17,-5.1080973e-17,5.9899474e-17,5.9899474e-17,-0.00026240081,-0.00026240081,2.0108578e-17,2.0108578e-17,-0.00026237896,-0.00026237896,1.3121553e-17,1.3121553e-17,-2.3420456e-13,-2.3420456e-13,3.9360121e-05,3.9360121e-05,-2.3420609e-13,-2.3420609e-13,3.9360121e-05,3.9360121e-05,3.9360121e-05,3.9360121e-05,-1.0884943e-15,-1.0884943e-15,-0.00022304069,-0.00022304069,-0.00022304069,-0.00022304069,-3.9360121e-05,-3.9360121e-05,-4.2353153e-07,-4.2353153e-07,7.6617853e-19,7.6617853e-19,4.9077286e-14,4.9077286e-14,-4.2353158e-07,-4.2353158e-07,-2.5695004e-06,-2.5695004e-06,-1.0853568e-15,-1.0853568e-15,0.009753594,0.009753594,-6.8640504e-14,-6.8640504e-14,0.012378934,0.012378934,-3.4444386e-14,-3.4444386e-14,-0.00022304069,-0.00022304069,0.00026240081,0.00026240081,-4.4608138e-05,-4.4608138e-05,-2.2234467e-16,-2.2234467e-16,-1.7374723e-14,-1.7374723e-14,1.7378599e-14,1.7378599e-14,-4.7233742e-19,-4.7233742e-19,-8.85227e-19,-8.85227e-19,-2.1845298e-08,-2.1845298e-08,-2.6923668e-18,-2.6923668e-18,3.4417831e-18,3.4417831e-18,-7.7754394e-18,-7.7754394e-18,4.3594358e-07,4.3594358e-07,4.1433157e-35,4.1433157e-35
-0.00022066622,-0.00022066622,0.00022066622,0.00022066622,1.60302e-15,1.60302e-15,1.0486615e-15,1.0486615e-15,0.00022066622,0.00022066622,-3.2189941e-05,-3.2189941e-05,-3.8941098e-05,-3.8941098e-05,-3.1875992e-05,-3.1875992e-05,-3.8941098e-05,-3.8941098e-05,2.3750657e-11,2.3750657e-11,-8.2609091e-22,-8.2609091e-22,3.8941098e-05,3.8941098e-05,-1.0922004e-15,-1.0922004e-15,2.3609924e-06,2.3609924e-06,2.3609925e-06,2.3609925e-06,1.3558036e-18,1.3558036e-18,-0.00022066622,-0.00022066622,-3.8941098e-05,-3.8941098e-05,-0.00022066622,-0.00022066622,-3.8941098e-05,-3.8941098e-05,-5.1416417e-17,-5.1416417e-17,5.9665665e-17,5.9665665e-17,-0.00025960732,-0.00025960732,1.9419112e-17,1.9419112e-17,-0.00025958657,-0.00025958657,1.2506608e-17,1.2506608e-17,-2.7594538e-13,-2.7594538e-13,3.8941098e-05,3.8941098e-05,-2.7594689e-13,-2.7594689e-13,3.8941098e-05,3.8941098e-05,3.8941098e-05,3.8941098e-05,-1.0877869e-15,-1.0877869e-15,-0.00022066622,-0.00022066622,-0.00022066622,-0.00022066622,-3.8941098e-05,-3.8941098e-05,-4.19023e-07,-4.19023e-07,7.5802179e-19,7.5802179e-19,-4.1740799e-14,-4.1740799e-14,-4.1902296e-07,-4.1902296e-07,-2.5421788e-06,-2.5421788e-06,-1.0846827e-15,-1.0846827e-15,0.0096497377,0.0096497377,-6.859855e-14,-6.859855e-14,0.012247147,0.012247147,-3.4423722e-14,-3.4423722e-14,-0.00022066622,-0.00022066622,0.00025960732,0.00025960732,-4.4133245e-05,-4.4133245e-05,-2.2224878e-16,-2.2224878e-16,-1.7378853e-14,-1.7378853e-14,1.7382689e-14,1.7382689e-14,-4.6727264e-19,-4.6727264e-19,-8.7580395e-19,-8.7580395e-19,-2.0753033e-08,-2.0753033e-08,-2.6637062e-18,-2.6637062e-18,3.4051412e-18,3.4051412e-18,-7.6926538e-18,-7.6926538e-18,4.3167975e-07,4.3167975e-07,4.0555719e-35,4.0555719e-35
-0.00021831704,-0.00021831704,0.00021831704,0.00021831704,1.6026948e-15,1.6026948e-15,1.0479029e-15,1.0479029e-15,0.00021831704,0.00021831704,-3.1846927e-05,-3.1846927e-05,-3.8526536e-05,-3.8526536e-05,-3.153605e-05,-3.153605e-05,-3.8526536e-05,-3.8526536e-05,2.3476159e-11,2.3476159e-11,-8.16218e-22,-8.16218e-22,3.8526536e-05,3.8526536e-05,-1.0914535e-15,-1.0914535e-15,2.3358587e-06,2.3358587e-06,2.3358587e-06,2.3358587e-06,1.3413721e-18,1.3413721e-18,-0.00021831704,-0.00021831704,-3.8526536e-05,-3.8526536e-05,-0.00021831704,-0.00021831704,-3.8526536e-05,-3.8526536e-05,-5.1748281e-17,-5.1748281e-17,5.9434346e-17,5.9434346e-17,-0.00025684357,-0.00025684357,1.8736997e-17,1.8736997e-17,-0.00025682386,-0.00025682386,1.1898212e-17,1.1898212e-17,-2.3053269e-13,-2.3053269e-13,3.8526536e-05,3.8526536e-05,-2.3053417e-13,-2.3053417e-13,3.8526536e-05,3.8526536e-05,3.8526536e-05,3.8526536e-05,-1.0870869e-15,-1.0870869e-15,-0.00021831704,-0.00021831704,-0.00021831704,-0.00021831704,-3.8526536e-05,-3.8526536e-05,-4.1456245e-07,-4.1456245e-07,7.4995177e-19,7.4995177e-19,4.5412711e-14,4.5412711e-14,-4.1456249e-07,-4.1456249e-07,-2.5151465e-06,-2.5151465e-06,-1.0840158e-15,-1.0840158e-15,0.0095469881,0.0095469881,-6.8557043e-14,-6.8557043e-14,0.012116764,0.012116764,-3.4403278e-14,-3.4403278e-14,-0.00021831704,-0.00021831704,0.00025684357,0.00025684357,-4.3663407e-05,-4.3663407e-05,-2.2215391e-16,-2.2215391e-16,-1.738294e-14,-1.738294e-14,1.7386736e-14,1.7386736e-14,-4.6226261e-19,-4.6226261e-19,-8.6648117e-19,-8.6648117e-19,-1.9715382e-08,-1.9715382e-08,-2.6353506e-18,-2.6353506e-18,3.3688893e-18,3.3688893e-18,-7.61075e-18,-7.61075e-18,4.2745653e-07,4.2745653e-07,3.9696846e-35,3.9696846e-35
-0.00021599286,-0.00021599286,0.00021599286,0.00021599286,1.6023695e-15,1.6023695e-15,1.0471523e-15,1.0471523e-15,0.00021599286,0.00021599286,-3.1507591e-05,-3.1507591e-05,-3.8116387e-05,-3.8116387e-05,-3.1199756e-05,-3.1199756e-05,-3.8116387e-05,-3.8116387e-05,2.3247059e-11,2.3247059e-11,-8.0650411e-22,-8.0650411e-22,3.8116386e-05,3.8116386e-05,-1.0907145e-15,-1.0907145e-15,2.3109936e-06,2.3109936e-06,2.3109936e-06,2.3109936e-06,1.3270939e-18,1.3270939e-18,-0.00021599286,-0.00021599286,-3.8116387e-05,-3.8116387e-05,-0.00021599286,-0.00021599286,-3.8116387e-05,-3.8116387e-05,-5.2076603e-17,-5.2076603e-17,5.920549e-17,5.920549e-17,-0.00025410924,-0.00025410924,1.8062153e-17,1.8062153e-17,-0.00025409051,-0.00025409051,1.1296297e-17,1.1296297e-17,-2.6886836e-13,-2.6886836e-13,3.8116387e-05,3.8116387e-05,-2.6886982e-13,-2.6886982e-13,3.8116387e-05,3.8116387e-05,3.8116386e-05,3.8116386e-05,-1.0863944e-15,-1.0863944e-15,-0.00021599286,-0.00021599286,-0.00021599286,-0.00021599286,-3.8116387e-05,-3.8116387e-05,-4.1014936e-07,-4.1014936e-07,7.4196752e-19,7.4196752e-19,-3.8335649e-14,-3.8335649e-14,-4.1014932e-07,-4.1014932e-07,-2.4884003e-06,-2.4884003e-06,-1.083356e-15,-1.083356e-15,0.0094453332,0.0094453332,-6.8515979e-14,-6.8515979e-14,0.011987769,0.011987769,-3.4383052e-14,-3.4383052e-14,-0.00021599286,-0.00021599286,0.00025410924,0.00025410924,-4.3198572e-05,-4.3198572e-05,-2.2206005e-16,-2.2206005e-16,-1.7386983e-14,-1.7386983e-14,1.7390739e-14,1.7390739e-14,-4.5730673e-19,-4.5730673e-19,-8.5725759e-19,-8.5725759e-19,-1.8729613e-08,-1.8729613e-08,-2.6072968e-18,-2.6072968e-18,3.3330235e-18,3.3330235e-18,-7.5297185e-18,-7.5297185e-18,4.2327356e-07,4.2327356e-07,3.8856145e-35,3.8856145e-35
-0.00021369342,-0.00021369342,0.00021369342,0.00021369342,1.6021256e-15,1.6021256e-15,1.0464098e-15,1.0464098e-15,0.00021369342,0.00021369342,-3.1171893e-05,-3.1171893e-05,-3.7710603e-05,-3.7710603e-05,-3.086707e-05,-3.086707e-05,-3.7710603e-05,-3.7710603e-05,2.2979607e-11,2.2979607e-11,-7.9694485e-22,-7.9694485e-22,3.7710603e-05,3.7710603e-05,-1.0899834e-15,-1.0899834e-15,2.286392e-06,2.286392e-06,2.286392e-06,2.286392e-06,1.3129674e-18,1.3129674e-18,-0.00021369342,-0.00021369342,-3.7710603e-05,-3.7710603e-05,-0.00021369342,-0.00021369342,-3.7710603e-05,-3.7710603e-05,-5.2401421e-17,-5.2401421e-17,5.8979071e-17,5.8979071e-17,-0.00025140402,-0.00025140402,1.7394503e-17,1.7394503e-17,-0.00025138623,-0.00025138623,1.0700794e-17,1.0700794e-17,-2.2683823e-13,-2.2683823e-13,3.7710603e-05,3.7710603e-05,-2.2683967e-13,-2.2683967e-13,3.7710603e-05,3.7710603e-05,3.7710603e-05,3.7710603e-05,-1.0857093e-15,-1.0857093e-15,-0.00021369342,-0.00021369342,-0.00021369342,-0.00021369342,-3.7710603e-05,-3.7710603e-05,-4.0578324e-07,-4.0578324e-07,7.3406817e-19,7.3406817e-19,4.2030149e-14,4.2030149e-14,-4.0578328e-07,-4.0578328e-07,-2.4619374e-06,-2.4619374e-06,-1.0827032e-15,-1.0827032e-15,0.0093447615,0.0093447615,-6.8475351e-14,-6.8475351e-14,0.011860147,0.011860147,-3.4363041e-14,-3.4363041e-14,-0.00021369342,-0.00021369342,0.00025140402,0.00025140402,-4.2738684e-05,-4.2738684e-05,-2.2196718e-16,-2.2196718e-16,-1.7390983e-14,-1.7390983e-14,1.73947e-14,1.73947e-14,-4.524044e-19,-4.524044e-19,-8.4813214e-19,-8.4813214e-19,-1.7793132e-08,-1.7793132e-08,-2.5795415e-18,-2.5795415e-18,3.2975394e-18,3.2975394e-18,-7.44955e-18,-7.44955e-18,4.1913048e-07,4.1913048e-07,3.8033234e-35,3.8033234e-35
-0.00021141846,-0.00021141846,0.00021141846,0.00021141846,1.6018003e-15,1.6018003e-15,1.0456751e-15,1.0456751e-15,0.00021141846,0.00021141846,-3.0839791e-05,-3.0839791e-05,-3.730914e-05,-3.730914e-05,-3.0537953e-05,-3.0537953e-05,-3.730914e-05,-3.730914e-05,2.2754171e-11,2.2754171e-11,-7.8753602e-22,-7.8753602e-22,3.730914e-05,3.730914e-05,-1.08926e-15,-1.08926e-15,2.2620532e-06,2.2620532e-06,2.2620532e-06,2.2620532e-06,1.298991e-18,1.298991e-18,-0.00021141846,-0.00021141846,-3.730914e-05,-3.730914e-05,-0.00021141846,-0.00021141846,-3.730914e-05,-3.730914e-05,-5.2722774e-17,-5.2722774e-17,5.8755062e-17,5.8755062e-17,-0.0002487276,-0.0002487276,1.673397e-17,1.673397e-17,-0.0002487107,-0.0002487107,1.0111633e-17,1.0111633e-17,-2.6203717e-13,-2.6203717e-13,3.730914e-05,3.730914e-05,-2.620386e-13,-2.620386e-13,3.730914e-05,3.730914e-05,3.730914e-05,3.730914e-05,-1.0850314e-15,-1.0850314e-15,-0.00021141846,-0.00021141846,-0.00021141846,-0.00021141846,-3.730914e-05,-3.730914e-05,-4.0146358e-07,-4.0146358e-07,7.262528e-19,7.262528e-19,-3.5198922e-14,-3.5198922e-14,-4.0146354e-07,-4.0146354e-07,-2.4357548e-06,-2.4357548e-06,-1.0820574e-15,-1.0820574e-15,0.0092452612,0.0092452612,-6.8435157e-14,-6.8435157e-14,0.011733884,0.011733884,-3.4343243e-14,-3.4343243e-14,-0.00021141846,-0.00021141846,0.0002487276,0.0002487276,-4.2283692e-05,-4.2283692e-05,-2.2187531e-16,-2.2187531e-16,-1.739494e-14,-1.739494e-14,1.7398618e-14,1.7398618e-14,-4.4755504e-19,-4.4755504e-19,-8.391038e-19,-8.391038e-19,-1.6903475e-08,-1.6903475e-08,-2.5520816e-18,-2.5520816e-18,3.2624332e-18,3.2624332e-18,-7.3702354e-18,-7.3702354e-18,4.1502694e-07,4.1502694e-07,3.7227737e-35,3.7227737e-35
-0.00020916772,-0.00020916772,0.00020916772,0.00020916772,1.601475e-15,1.601475e-15,1.0449483e-15,1.0449483e-15,0.00020916772,0.00020916772,-3.0511247e-05,-3.0511247e-05,-3.691195e-05,-3.691195e-05,-3.0212365e-05,-3.0212365e-05,-3.691195e-05,-3.691195e-05,2.2493521e-11,2.2493521e-11,-7.7827358e-22,-7.7827358e-22,3.691195e-05,3.691195e-05,-1.0885444e-15,-1.0885444e-15,2.2379725e-06,2.2379725e-06,2.2379725e-06,2.2379725e-06,1.2851632e-18,1.2851632e-18,-0.00020916772,-0.00020916772,-3.691195e-05,-3.691195e-05,-0.00020916772,-0.00020916772,-3.691195e-05,-3.691195e-05,-5.3040697e-17,-5.3040697e-17,5.8533439e-17,5.8533439e-17,-0.00024607967,-0.00024607967,1.6080478e-17,1.6080478e-17,-0.00024606361,-0.00024606361,9.5287479e-18,9.5287479e-18,-2.2312948e-13,-2.2312948e-13,3.691195e-05,3.691195e-05,-2.2313088e-13,-2.2313088e-13,3.691195e-05,3.691195e-05,3.691195e-05,3.691195e-05,-1.0843608e-15,-1.0843608e-15,-0.00020916772,-0.00020916772,-0.00020916772,-0.00020916772,-3.691195e-05,-3.691195e-05,-3.9718989e-07,-3.9718989e-07,7.1852054e-19,7.1852054e-19,3.8907714e-14,3.8907714e-14,-3.9718993e-07,-3.9718993e-07,-2.4098495e-06,-2.4098495e-06,-1.0814185e-15,-1.0814185e-15,0.0091468209,0.0091468209,-6.839539e-14,-6.839539e-14,0.011608965,0.011608965,-3.4323657e-14,-3.4323657e-14,-0.00020916772,-0.00020916772,0.00024607967,0.00024607967,-4.1833543e-05,-4.1833543e-05,-2.2178441e-16,-2.2178441e-16,-1.7398854e-14,-1.7398854e-14,1.7402494e-14,1.7402494e-14,-4.4275806e-19,-4.4275806e-19,-8.3017153e-19,-8.3017153e-19,-1.6058302e-08,-1.6058302e-08,-2.5249139e-18,-2.5249139e-18,3.2277007e-18,3.2277007e-18,-7.2917654e-18,-7.2917654e-18,4.1096257e-07,4.1096257e-07,3.6439287e-35,3.6439287e-35
-0.00020694093,-0.00020694093,0.00020694093,0.00020694093,1.6010956e-15,1.6010956e-15,1.0442292e-15,1.0442292e-15,0.00020694093,0.00020694093,-3.0186221e-05,-3.0186221e-05,-3.6518988e-05,-3.6518988e-05,-2.9890267e-05,-2.9890267e-05,-3.6518988e-05,-3.6518988e-05,2.2271764e-11,2.2271764e-11,-7.6915367e-22,-7.6915367e-22,3.6518988e-05,3.6518988e-05,-1.0878364e-15,-1.0878364e-15,2.214149e-06,2.214149e-06,2.214149e-06,2.214149e-06,1.2714823e-18,1.2714823e-18,-0.00020694093,-0.00020694093,-3.6518988e-05,-3.6518988e-05,-0.00020694093,-0.00020694093,-3.6518988e-05,-3.6518988e-05,-5.3355229e-17,-5.3355229e-17,5.8314175e-17,5.8314175e-17,-0.00024345992,-0.00024345992,1.5433951e-17,1.5433951e-17,-0.00024344467,-0.00024344467,8.9520711e-18,8.9520711e-18,-2.5543914e-13,-2.5543914e-13,3.6518988e-05,3.6518988e-05,-2.5544053e-13,-2.5544053e-13,3.6518988e-05,3.6518988e-05,3.6518988e-05,3.6518988e-05,-1.0836974e-15,-1.0836974e-15,-0.00020694093,-0.00020694093,-0.00020694093,-0.00020694093,-3.6518988e-05,-3.6518988e-05,-3.9296168e-07,-3.9296168e-07,7.108705e-19,7.108705e-19,-3.2309647e-14,-3.2309647e-14,-3.9296165e-07,-3.9296165e-07,-2.3842187e-06,-2.3842187e-06,-1.0807863e-15,-1.0807863e-15,0.0090494294,0.0090494294,-6.8356047e-14,-6.8356047e-14,0.011485376,0.011485376,-3.4304279e-14,-3.4304279e-14,-0.00020694093,-0.00020694093,0.00024345992,0.00024345992,-4.1388187e-05,-4.1388187e-05,-2.2169448e-16,-2.2169448e-16,-1.7402727e-14,-1.7402727e-14,1.7406329e-14,1.7406329e-14,-4.3801289e-19,-4.3801289e-19,-8.213343e-19,-8.213343e-19,-1.5255387e-08,-1.5255387e-08,-2.4980354e-18,-2.4980354e-18,3.193338e-18,3.193338e-18,-7.2141311e-18,-7.2141311e-18,4.0693702e-07,4.0693702e-07,3.5667524e-35,3.5667524e-35
-0.00020473786,-0.00020473786,0.00020473786,0.00020473786,1.6007974e-15,1.6007974e-15,1.0435177e-15,1.0435177e-15,0.00020473786,0.00020473786,-2.9864675e-05,-2.9864675e-05,-3.613021e-05,-3.613021e-05,-2.9571621e-05,-2.9571621e-05,-3.613021e-05,-3.613021e-05,2.2017682e-11,2.2017682e-11,-7.6017256e-22,-7.6017256e-22,3.6130209e-05,3.6130209e-05,-1.0871359e-15,-1.0871359e-15,2.1905781e-06,2.1905781e-06,2.1905781e-06,2.1905781e-06,1.2579469e-18,1.2579469e-18,-0.00020473786,-0.00020473786,-3.613021e-05,-3.613021e-05,-0.00020473786,-0.00020473786,-3.613021e-05,-3.613021e-05,-5.3666405e-17,-5.3666405e-17,5.8097246e-17,5.8097246e-17,-0.00024086806,-0.00024086806,1.4794316e-17,1.4794316e-17,-0.00024085357,-0.00024085357,8.3815366e-18,8.3815366e-18,-2.1941394e-13,-2.1941394e-13,3.613021e-05,3.613021e-05,-2.1941531e-13,-2.1941531e-13,3.613021e-05,3.613021e-05,3.6130209e-05,3.6130209e-05,-1.0830409e-15,-1.0830409e-15,-0.00020473786,-0.00020473786,-0.00020473786,-0.00020473786,-3.613021e-05,-3.613021e-05,-3.8877848e-07,-3.8877848e-07,7.0330183e-19,7.0330183e-19,3.6025219e-14,3.6025219e-14,-3.8877851e-07,-3.8877851e-07,-2.3588596e-06,-2.3588596e-06,-1.0801609e-15,-1.0801609e-15,0.0089530754,0.0089530754,-6.8317123e-14,-6.8317123e-14,0.011363102,0.011363102,-3.4285107e-14,-3.4285107e-14,-0.00020473786,-0.00020473786,0.00024086806,0.00024086806,-4.0947571e-05,-4.0947571e-05,-2.2160551e-16,-2.2160551e-16,-1.7406559e-14,-1.7406559e-14,1.7410123e-14,1.7410123e-14,-4.3331897e-19,-4.3331897e-19,-8.1259112e-19,-8.1259112e-19,-1.4492617e-08,-1.4492617e-08,-2.471443e-18,-2.471443e-18,3.1593412e-18,3.1593412e-18,-7.1373236e-18,-7.1373236e-18,4.0294995e-07,4.0294995e-07,3.4912095e-35,3.4912095e-35
-0.00020255823,-0.00020255823,0.00020255823,0.00020255823,1.6005264e-15,1.6005264e-15,1.0428139e-15,1.0428139e-15,0.00020255823,0.00020255823,-2.9546571e-05,-2.9546571e-05,-3.574557e-05,-3.574557e-05,-2.9256388e-05,-2.9256388e-05,-3.574557e-05,-3.574557e-05,2.1799612e-11,2.1799612e-11,-7.5132669e-22,-7.5132669e-22,3.574557e-05,3.574557e-05,-1.0864429e-15,-1.0864429e-15,2.167259e-06,2.167259e-06,2.167259e-06,2.167259e-06,1.2445553e-18,1.2445553e-18,-0.00020255823,-0.00020255823,-3.574557e-05,-3.574557e-05,-0.00020255823,-0.00020255823,-3.574557e-05,-3.574557e-05,-5.3974261e-17,-5.3974261e-17,5.7882626e-17,5.7882626e-17,-0.0002383038,-0.0002383038,1.4161497e-17,1.4161497e-17,-0.00023829003,-0.00023829003,7.817079e-18,7.817079e-18,-2.4906245e-13,-2.4906245e-13,3.574557e-05,3.574557e-05,-2.490638e-13,-2.490638e-13,3.574557e-05,3.574557e-05,3.574557e-05,3.574557e-05,-1.0823915e-15,-1.0823915e-15,-0.00020255823,-0.00020255823,-0.00020255823,-0.00020255823,-3.574557e-05,-3.574557e-05,-3.8463979e-07,-3.8463979e-07,6.9581365e-19,6.9581365e-19,-2.9648489e-14,-2.9648489e-14,-3.8463976e-07,-3.8463976e-07,-2.3337693e-06,-2.3337693e-06,-1.0795422e-15,-1.0795422e-15,0.0088577478,0.0088577478,-6.8278613e-14,-6.8278613e-14,0.01124213,0.01124213,-3.4266139e-14,-3.4266139e-14,-0.00020255823,-0.00020255823,0.0002383038,0.0002383038,-4.0511646e-05,-4.0511646e-05,-2.2151748e-16,-2.2151748e-16,-1.7410349e-14,-1.7410349e-14,1.7413876e-14,1.7413876e-14,-4.2867571e-19,-4.2867571e-19,-8.0394098e-19,-8.0394098e-19,-1.3767986e-08,-1.3767986e-08,-2.4451335e-18,-2.4451335e-18,3.1257063e-18,3.1257063e-18,-7.061334e-18,-7.061334e-18,3.9900101e-07,3.9900101e-07,3.4172656e-35,3.4172656e-35
-0.00020040181,-0.00020040181,0.00020040181,0.00020040181,1.6002282e-15,1.6002282e-15,1.0421175e-15,1.0421175e-15,0.00020040181,0.00020040181,-2.9231871e-05,-2.9231871e-05,-3.5365025e-05,-3.5365025e-05,-2.8944533e-05,-2.8944533e-05,-3.5365025e-05,-3.5365025e-05,2.1551878e-11,2.1551878e-11,-7.4261265e-22,-7.4261265e-22,3.5365025e-05,3.5365025e-05,-1.0857572e-15,-1.0857572e-15,2.1441872e-06,2.1441872e-06,2.1441872e-06,2.1441872e-06,1.2313061e-18,1.2313061e-18,-0.00020040181,-0.00020040181,-3.5365025e-05,-3.5365025e-05,-0.00020040181,-0.00020040181,-3.5365025e-05,-3.5365025e-05,-5.4278833e-17,-5.4278833e-17,5.7670291e-17,5.7670291e-17,-0.00023576683,-0.00023576683,1.3535423e-17,1.3535423e-17,-0.00023575375,-0.00023575375,7.2586334e-18,7.2586334e-18,-2.1569842e-13,-2.1569842e-13,3.5365025e-05,3.5365025e-05,-2.1569975e-13,-2.1569975e-13,3.5365025e-05,3.5365025e-05,3.5365025e-05,3.5365025e-05,-1.081749e-15,-1.081749e-15,-0.00020040181,-0.00020040181,-0.00020040181,-0.00020040181,-3.5365025e-05,-3.5365025e-05,-3.8054515e-07,-3.8054515e-07,6.8840512e-19,6.8840512e-19,3.336405e-14,3.336405e-14,-3.8054518e-07,-3.8054518e-07,-2.3089449e-06,-2.3089449e-06,-1.07893e-15,-1.07893e-15,0.0087634358,0.0087634358,-6.8240514e-14,-6.8240514e-14,0.011122446,0.011122446,-3.4247374e-14,-3.4247374e-14,-0.00020040181,-0.00020040181,0.00023576683,0.00023576683,-4.0080361e-05,-4.0080361e-05,-2.2143039e-16,-2.2143039e-16,-1.7414099e-14,-1.7414099e-14,1.741759e-14,1.741759e-14,-4.2408259e-19,-4.2408259e-19,-7.9538288e-19,-7.9538288e-19,-1.3079587e-08,-1.3079587e-08,-2.4191041e-18,-2.4191041e-18,3.0924294e-18,3.0924294e-18,-6.9861537e-18,-6.9861537e-18,3.9508985e-07,3.9508985e-07,3.3448868e-35,3.3448868e-35
-0.00019826834,-0.00019826834,0.00019826834,0.00019826834,1.59993e-15,1.59993e-15,1.0414286e-15,1.0414286e-15,0.00019826834,0.00019826834,-2.8920537e-05,-2.8920537e-05,-3.4988531e-05,-3.4988531e-05,-2.8636016e-05,-2.8636016e-05,-3.4988531e-05,-3.4988531e-05,2.1337495e-11,2.1337495e-11,-7.3402715e-22,-7.3402715e-22,3.498853e-05,3.498853e-05,-1.0850789e-15,-1.0850789e-15,2.1213618e-06,2.1213618e-06,2.1213618e-06,2.1213618e-06,1.2181978e-18,1.2181978e-18,-0.00019826834,-0.00019826834,-3.4988531e-05,-3.4988531e-05,-0.00019826834,-0.00019826834,-3.4988531e-05,-3.4988531e-05,-5.4580157e-17,-5.4580157e-17,5.7460216e-17,5.7460216e-17,-0.00023325687,-0.00023325687,1.2916021e-17,1.2916021e-17,-0.00023324445,-0.00023324445,6.7061358e-18,6.7061358e-18,-2.4289606e-13,-2.4289606e-13,3.4988531e-05,3.4988531e-05,-2.4289737e-13,-2.4289737e-13,3.4988531e-05,3.4988531e-05,3.498853e-05,3.498853e-05,-1.0811134e-15,-1.0811134e-15,-0.00019826834,-0.00019826834,-0.00019826834,-0.00019826834,-3.4988531e-05,-3.4988531e-05,-3.7649408e-07,-3.7649408e-07,6.810754e-19,6.810754e-19,-2.719762e-14,-2.719762e-14,-3.7649406e-07,-3.7649406e-07,-2.2843838e-06,-2.2843838e-06,-1.0783244e-15,-1.0783244e-15,0.0086701283,0.0086701283,-6.820282e-14,-6.820282e-14,0.011004036,0.011004036,-3.4228808e-14,-3.4228808e-14,-0.00019826834,-0.00019826834,0.00023325687,0.00023325687,-3.9653668e-05,-3.9653668e-05,-2.2134422e-16,-2.2134422e-16,-1.7417809e-14,-1.7417809e-14,1.7421263e-14,1.7421263e-14,-4.1953903e-19,-4.1953903e-19,-7.8691587e-19,-7.8691587e-19,-1.2425608e-08,-1.2425608e-08,-2.3933517e-18,-2.3933517e-18,3.0595069e-18,3.0595069e-18,-6.911774e-18,-6.911774e-18,3.9121613e-07,3.9121613e-07,3.2740402e-35,3.2740402e-35
-0.00019615759,-0.00019615759,0.00019615759,0.00019615759,1.599659e-15,1.599659e-15,1.040747e-15,1.040747e-15,0.00019615759,0.00019615759,-2.8612534e-05,-2.8612534e-05,-3.4616045e-05,-3.4616045e-05,-2.8330803e-05,-2.8330803e-05,-3.4616045e-05,-3.4616045e-05,2.1095899e-11,2.1095899e-11,-7.2556703e-22,-7.2556703e-22,3.4616044e-05,3.4616044e-05,-1.0844078e-15,-1.0844078e-15,2.0987785e-06,2.0987785e-06,2.0987785e-06,2.0987785e-06,1.2052289e-18,1.2052289e-18,-0.00019615759,-0.00019615759,-3.4616045e-05,-3.4616045e-05,-0.00019615759,-0.00019615759,-3.4616045e-05,-3.4616045e-05,-5.4878266e-17,-5.4878266e-17,5.7252378e-17,5.7252378e-17,-0.00023077363,-0.00023077363,1.2303219e-17,1.2303219e-17,-0.00023076183,-0.00023076183,6.1595228e-18,6.1595228e-18,-2.1198903e-13,-2.1198903e-13,3.4616045e-05,3.4616045e-05,-2.1199033e-13,-2.1199033e-13,3.4616045e-05,3.4616045e-05,3.4616044e-05,3.4616044e-05,-1.0804845e-15,-1.0804845e-15,-0.00019615759,-0.00019615759,-0.00019615759,-0.00019615759,-3.4616045e-05,-3.4616045e-05,-3.7248614e-07,-3.7248614e-07,6.7382366e-19,6.7382366e-19,3.090704e-14,3.090704e-14,-3.7248617e-07,-3.7248617e-07,-2.2600832e-06,-2.2600832e-06,-1.0777252e-15,-1.0777252e-15,0.0085778148,0.0085778148,-6.8165528e-14,-6.8165528e-14,0.010886887,0.010886887,-3.421044e-14,-3.421044e-14,-0.00019615759,-0.00019615759,0.00023077363,0.00023077363,-3.9231517e-05,-3.9231517e-05,-2.2125897e-16,-2.2125897e-16,-1.7421479e-14,-1.7421479e-14,1.7424897e-14,1.7424897e-14,-4.150445e-19,-4.150445e-19,-7.7853895e-19,-7.7853895e-19,-1.1804327e-08,-1.1804327e-08,-2.3678734e-18,-2.3678734e-18,3.0269349e-18,3.0269349e-18,-6.8381864e-18,-6.8381864e-18,3.8737952e-07,3.8737952e-07,3.2046934e-35,3.2046934e-35
-0.0001940693,-0.0001940693,0.0001940693,0.0001940693,1.599415e-15,1.599415e-15,1.0400727e-15,1.0400727e-15,0.0001940693,0.0001940693,-2.8307824e-05,-2.8307824e-05,-3.4247524e-05,-3.4247524e-05,-2.8028857e-05,-2.8028857e-05,-3.4247524e-05,-3.4247524e-05,2.0885197e-11,2.0885197e-11,-7.1722926e-22,-7.1722926e-22,3.4247523e-05,3.4247523e-05,-1.0837438e-15,-1.0837438e-15,2.0764363e-06,2.0764363e-06,2.0764363e-06,2.0764363e-06,1.1923979e-18,1.1923979e-18,-0.0001940693,-0.0001940693,-3.4247524e-05,-3.4247524e-05,-0.0001940693,-0.0001940693,-3.4247524e-05,-3.4247524e-05,-5.5173195e-17,-5.5173195e-17,5.7046752e-17,5.7046752e-17,-0.00022831682,-0.00022831682,1.1696949e-17,1.1696949e-17,-0.00022830561,-0.00022830561,5.6187317e-18,5.6187317e-18,-2.3692965e-13,-2.3692965e-13,3.4247524e-05,3.4247524e-05,-2.3693093e-13,-2.3693093e-13,3.4247524e-05,3.4247524e-05,3.4247523e-05,3.4247523e-05,-1.0798623e-15,-1.0798623e-15,-0.0001940693,-0.0001940693,-0.0001940693,-0.0001940693,-3.4247524e-05,-3.4247524e-05,-3.6852085e-07,-3.6852085e-07,6.6664906e-19,6.6664906e-19,-2.4940599e-14,-2.4940599e-14,-3.6852082e-07,-3.6852082e-07,-2.2360403e-06,-2.2360403e-06,-1.0771324e-15,-1.0771324e-15,0.0084864846,0.0084864846,-6.8128633e-14,-6.8128633e-14,0.010770985,0.010770985,-3.4192267e-14,-3.4192267e-14,-0.0001940693,-0.0001940693,0.00022831682,0.00022831682,-3.881386e-05,-3.881386e-05,-2.2117463e-16,-2.2117463e-16,-1.742511e-14,-1.742511e-14,1.7428492e-14,1.7428492e-14,-4.1059847e-19,-4.1059847e-19,-7.7025119e-19,-7.7025119e-19,-1.1214111e-08,-1.1214111e-08,-2.3426663e-18,-2.3426663e-18,2.9947097e-18,2.9947097e-18,-6.7653824e-18,-6.7653824e-18,3.8357967e-07,3.8357967e-07,3.1368146e-35,3.1368146e-35
-0.00019200325,-0.00019200325,0.00019200325,0.00019200325,1.5991169e-15,1.5991169e-15,1.0394055e-15,1.0394055e-15,0.00019200325,0.00019200325,-2.8006372e-05,-2.8006372e-05,-3.3882926e-05,-3.3882926e-05,-2.7730142e-05,-2.7730142e-05,-3.3882926e-05,-3.3882926e-05,2.0649541e-11,2.0649541e-11,-7.0901092e-22,-7.0901092e-22,3.3882926e-05,3.3882926e-05,-1.0830869e-15,-1.0830869e-15,2.0543312e-06,2.0543312e-06,2.0543313e-06,2.0543313e-06,1.1797033e-18,1.1797033e-18,-0.00019200325,-0.00019200325,-3.3882926e-05,-3.3882926e-05,-0.00019200325,-0.00019200325,-3.3882926e-05,-3.3882926e-05,-5.5464978e-17,-5.5464978e-17,5.6843316e-17,5.6843316e-17,-0.00022588617,-0.00022588617,1.1097139e-17,1.1097139e-17,-0.00022587552,-0.00022587552,5.0837003e-18,5.0837003e-18,-2.0829131e-13,-2.0829131e-13,3.3882926e-05,3.3882926e-05,-2.0829257e-13,-2.0829257e-13,3.3882926e-05,3.3882926e-05,3.3882926e-05,3.3882926e-05,-1.0792468e-15,-1.0792468e-15,-0.00019200325,-0.00019200325,-0.00019200325,-0.00019200325,-3.3882926e-05,-3.3882926e-05,-3.6459776e-07,-3.6459776e-07,6.5955079e-19,6.5955079e-19,2.8638357e-14,2.8638357e-14,-3.6459779e-07,-3.6459779e-07,-2.2122525e-06,-2.2122525e-06,-1.0765459e-15,-1.0765459e-15,0.0083961272,0.0083961272,-6.8092131e-14,-6.8092131e-14,0.010656317,0.010656317,-3.4174289e-14,-3.4174289e-14,-0.00019200325,-0.00019200325,0.00022588617,0.00022588617,-3.8400649e-05,-3.8400649e-05,-2.2109119e-16,-2.2109119e-16,-1.7428702e-14,-1.7428702e-14,1.7432049e-14,1.7432049e-14,-4.062004e-19,-4.062004e-19,-7.6205163e-19,-7.6205163e-19,-1.0653405e-08,-1.0653405e-08,-2.3177274e-18,-2.3177274e-18,2.9628275e-18,2.9628275e-18,-6.6933537e-18,-6.6933537e-18,3.7981626e-07,3.7981626e-07,3.0703729e-35,3.0703729e-35
-0.00018995919,-0.00018995919,0.00018995919,0.00018995919,1.5988458e-15,1.5988458e-15,1.0387455e-15,1.0387455e-15,0.00018995919,0.00018995919,-2.7708142e-05,-2.7708142e-05,-3.352221e-05,-3.352221e-05,-2.7434623e-05,-2.7434623e-05,-3.352221e-05,-3.352221e-05,2.0442509e-11,2.0442509e-11,-7.0090921e-22,-7.0090921e-22,3.3522209e-05,3.3522209e-05,-1.082437e-15,-1.082437e-15,2.0324621e-06,2.0324621e-06,2.0324621e-06,2.0324621e-06,1.1671437e-18,1.1671437e-18,-0.00018995919,-0.00018995919,-3.352221e-05,-3.352221e-05,-0.00018995919,-0.00018995919,-3.352221e-05,-3.352221e-05,-5.575365e-17,-5.575365e-17,5.6642045e-17,5.6642045e-17,-0.0002234814,-0.0002234814,1.050372e-17,1.050372e-17,-0.00022347128,-0.00022347128,4.5543675e-18,4.5543675e-18,-2.3115359e-13,-2.3115359e-13,3.352221e-05,3.352221e-05,-2.3115484e-13,-2.3115484e-13,3.352221e-05,3.352221e-05,3.3522209e-05,3.3522209e-05,-1.0786378e-15,-1.0786378e-15,-0.00018995919,-0.00018995919,-0.00018995919,-0.00018995919,-3.352221e-05,-3.352221e-05,-3.6071643e-07,-3.6071643e-07,6.5252805e-19,6.5252805e-19,-2.2862269e-14,-2.2862269e-14,-3.607164e-07,-3.607164e-07,-2.188717e-06,-2.188717e-06,-1.0759657e-15,-1.0759657e-15,0.0083067323,0.0083067323,-6.8056018e-14,-6.8056018e-14,0.010542869,0.010542869,-3.4156501e-14,-3.4156501e-14,-0.00018995919,-0.00018995919,0.0002234814,0.0002234814,-3.7991838e-05,-3.7991838e-05,-2.2100864e-16,-2.2100864e-16,-1.7432256e-14,-1.7432256e-14,1.7435568e-14,1.7435568e-14,-4.0184977e-19,-4.0184977e-19,-7.5393933e-19,-7.5393933e-19,-1.0120735e-08,-1.0120735e-08,-2.293054e-18,-2.293054e-18,2.9312848e-18,2.9312848e-18,-6.622092e-18,-6.622092e-18,3.7608894e-07,3.7608894e-07,3.0053379e-35,3.0053379e-35
-0.00018793689,-0.00018793689,0.00018793689,0.00018793689,1.5985477e-15,1.5985477e-15,1.0380925e-15,1.0380925e-15,0.00018793689,0.00018793689,-2.74131e-05,-2.74131e-05,-3.3165333e-05,-3.3165333e-05,-2.7142265e-05,-2.7142265e-05,-3.3165333e-05,-3.3165333e-05,2.0212602e-11,2.0212602e-11,-6.9292142e-22,-6.9292142e-22,3.3165333e-05,3.3165333e-05,-1.0817941e-15,-1.0817941e-15,2.0108251e-06,2.0108251e-06,2.0108251e-06,2.0108251e-06,1.1547178e-18,1.1547178e-18,-0.00018793689,-0.00018793689,-3.3165333e-05,-3.3165333e-05,-0.00018793689,-0.00018793689,-3.3165333e-05,-3.3165333e-05,-5.6039243e-17,-5.6039243e-17,5.6442916e-17,5.6442916e-17,-0.00022110222,-0.00022110222,9.9166246e-18,9.9166246e-18,-0.00022109261,-0.00022109261,4.0306723e-18,4.0306723e-18,-2.0461021e-13,-2.0461021e-13,3.3165333e-05,3.3165333e-05,-2.0461144e-13,-2.0461144e-13,3.3165333e-05,3.3165333e-05,3.3165333e-05,3.3165333e-05,-1.0780352e-15,-1.0780352e-15,-0.00018793689,-0.00018793689,-0.00018793689,-0.00018793689,-3.3165333e-05,-3.3165333e-05,-3.5687641e-07,-3.5687641e-07,6.4558004e-19,6.4558004e-19,2.6543401e-14,2.6543401e-14,-3.5687643e-07,-3.5687643e-07,-2.1654313e-06,-2.1654313e-06,-1.0753916e-15,-1.0753916e-15,0.0082182895,0.0082182895,-6.8020289e-14,-6.8020289e-14,0.01043063,0.01043063,-3.4138903e-14,-3.4138903e-14,-0.00018793689,-0.00018793689,0.00022110222,0.00022110222,-3.7587378e-05,-3.7587378e-05,-2.2092696e-16,-2.2092696e-16,-1.7435772e-14,-1.7435772e-14,1.7439049e-14,1.7439049e-14,-3.9754605e-19,-3.9754605e-19,-7.4591336e-19,-7.4591336e-19,-9.6146984e-09,-9.6146984e-09,-2.2686432e-18,-2.2686432e-18,2.9000779e-18,2.9000779e-18,-6.5515892e-18,-6.5515892e-18,3.723974e-07,3.723974e-07,2.9416799e-35,2.9416799e-35
-0.00018593612,-0.00018593612,0.00018593612,0.00018593612,1.5982766e-15,1.5982766e-15,1.0374464e-15,1.0374464e-15,0.00018593612,0.00018593612,-2.712121e-05,-2.712121e-05,-3.2812256e-05,-3.2812256e-05,-2.6853034e-05,-2.6853034e-05,-3.2812256e-05,-3.2812256e-05,2.0009225e-11,2.0009225e-11,-6.8504496e-22,-6.8504496e-22,3.2812256e-05,3.2812256e-05,-1.081158e-15,-1.081158e-15,1.989419e-06,1.989419e-06,1.989419e-06,1.989419e-06,1.142424e-18,1.142424e-18,-0.00018593612,-0.00018593612,-3.2812256e-05,-3.2812256e-05,-0.00018593612,-0.00018593612,-3.2812256e-05,-3.2812256e-05,-5.632179e-17,-5.632179e-17,5.6245907e-17,5.6245907e-17,-0.00021874837,-0.00021874837,9.335785e-18,9.335785e-18,-0.00021873924,-0.00021873924,3.5125548e-18,3.5125548e-18,-2.2555888e-13,-2.2555888e-13,3.2812256e-05,3.2812256e-05,-2.2556009e-13,-2.2556009e-13,3.2812256e-05,3.2812256e-05,3.2812256e-05,3.2812256e-05,-1.0774391e-15,-1.0774391e-15,-0.00018593612,-0.00018593612,-0.00018593612,-0.00018593612,-3.2812256e-05,-3.2812256e-05,-3.5307726e-07,-3.5307726e-07,6.3870596e-19,6.3870596e-19,-2.0948654e-14,-2.0948654e-14,-3.5307724e-07,-3.5307724e-07,-2.1423927e-06,-2.1423927e-06,-1.0748237e-15,-1.0748237e-15,0.0081307887,0.0081307887,-6.7984941e-14,-6.7984941e-14,0.010319585,0.010319585,-3.4121493e-14,-3.4121493e-14,-0.00018593612,-0.00018593612,0.00021874837,0.00021874837,-3.7187223e-05,-3.7187223e-05,-2.2084615e-16,-2.2084615e-16,-1.743925e-14,-1.743925e-14,1.7442493e-14,1.7442493e-14,-3.9328874e-19,-3.9328874e-19,-7.3797282e-19,-7.3797282e-19,-9.1339635e-09,-9.1339635e-09,-2.2444922e-18,-2.2444922e-18,2.8692032e-18,2.8692032e-18,-6.4818371e-18,-6.4818371e-18,3.6874131e-07,3.6874131e-07,2.8793696e-35,2.8793696e-35
-0.00018395664,-0.00018395664,0.00018395664,0.00018395664,1.5980056e-15,1.5980056e-15,1.0368072e-15,1.0368072e-15,0.00018395664,0.00018395664,-2.6832438e-05,-2.6832438e-05,-3.2462937e-05,-3.2462937e-05,-2.6566896e-05,-2.6566896e-05,-3.2462937e-05,-3.2462937e-05,1.9784886e-11,1.9784886e-11,-6.7727734e-22,-6.7727734e-22,3.2462937e-05,3.2462937e-05,-1.0805286e-15,-1.0805286e-15,1.9682401e-06,1.9682401e-06,1.9682401e-06,1.9682401e-06,1.1302609e-18,1.1302609e-18,-0.00018395664,-0.00018395664,-3.2462937e-05,-3.2462937e-05,-0.00018395664,-0.00018395664,-3.2462937e-05,-3.2462937e-05,-5.6601323e-17,-5.6601323e-17,5.6050995e-17,5.6050995e-17,-0.00021641958,-0.00021641958,8.7611343e-18,8.7611343e-18,-0.0002164109,-0.0002164109,2.9999554e-18,2.9999554e-18,-2.0095019e-13,-2.0095019e-13,3.2462937e-05,3.2462937e-05,-2.0095139e-13,-2.0095139e-13,3.2462937e-05,3.2462937e-05,3.2462937e-05,3.2462937e-05,-1.0768494e-15,-1.0768494e-15,-0.00018395664,-0.00018395664,-0.00018395664,-0.00018395664,-3.2462937e-05,-3.2462937e-05,-3.4931854e-07,-3.4931854e-07,6.3190503e-19,6.3190503e-19,2.4608706e-14,2.4608706e-14,-3.4931857e-07,-3.4931857e-07,-2.1195987e-06,-2.1195987e-06,-1.0742618e-15,-1.0742618e-15,0.0080442199,0.0080442199,-6.7949969e-14,-6.7949969e-14,0.010209722,0.010209722,-3.4104268e-14,-3.4104268e-14,-0.00018395664,-0.00018395664,0.00021641958,0.00021641958,-3.6791329e-05,-3.6791329e-05,-2.2076621e-16,-2.2076621e-16,-1.7442691e-14,-1.7442691e-14,1.7445901e-14,1.7445901e-14,-3.8907733e-19,-3.8907733e-19,-7.3011678e-19,-7.3011678e-19,-8.6772653e-09,-8.6772653e-09,-2.2205983e-18,-2.2205983e-18,2.8386573e-18,2.8386573e-18,-6.4128278e-18,-6.4128278e-18,3.6512033e-07,3.6512033e-07,2.8183788e-35,2.8183788e-35
-0.00018199825,-0.00018199825,0.00018199825,0.00018199825,1.5977074e-15,1.5977074e-15,1.0361749e-15,1.0361749e-15,0.00018199825,0.00018199825,-2.6546751e-05,-2.6546751e-05,-3.2117337e-05,-3.2117337e-05,-2.6283817e-05,-2.6283817e-05,-3.2117337e-05,-3.2117337e-05,1.9585143e-11,1.9585143e-11,-6.6961614e-22,-6.6961614e-22,3.2117337e-05,3.2117337e-05,-1.079906e-15,-1.079906e-15,1.9472873e-06,1.9472873e-06,1.9472873e-06,1.9472873e-06,1.1182273e-18,1.1182273e-18,-0.00018199825,-0.00018199825,-3.2117337e-05,-3.2117337e-05,-0.00018199825,-0.00018199825,-3.2117337e-05,-3.2117337e-05,-5.6877876e-17,-5.6877876e-17,5.5858158e-17,5.5858158e-17,-0.00021411558,-0.00021411558,8.1926064e-18,8.1926064e-18,-0.00021410734,-0.00021410734,2.4928155e-18,2.4928155e-18,-2.2013707e-13,-2.2013707e-13,3.2117337e-05,3.2117337e-05,-2.2013825e-13,-2.2013825e-13,3.2117337e-05,3.2117337e-05,3.2117337e-05,3.2117337e-05,-1.0762659e-15,-1.0762659e-15,-0.00018199825,-0.00018199825,-0.00018199825,-0.00018199825,-3.2117337e-05,-3.2117337e-05,-3.4559984e-07,-3.4559984e-07,6.2517647e-19,6.2517647e-19,-1.9186868e-14,-1.9186868e-14,-3.4559982e-07,-3.4559982e-07,-2.0970466e-06,-2.0970466e-06,-1.0737059e-15,-1.0737059e-15,0.007958573,0.007958573,-6.791537e-14,-6.791537e-14,0.010101029,0.010101029,-3.4087226e-14,-3.4087226e-14,-0.00018199825,-0.00018199825,0.00021411558,0.00021411558,-3.6399649e-05,-3.6399649e-05,-2.2068711e-16,-2.2068711e-16,-1.7446096e-14,-1.7446096e-14,1.7449271e-14,1.7449271e-14,-3.8491131e-19,-3.8491131e-19,-7.2234436e-19,-7.2234436e-19,-8.243402e-09,-8.243402e-09,-2.1969587e-18,-2.1969587e-18,2.8084365e-18,2.8084365e-18,-6.3445533e-18,-6.3445533e-18,3.6153417e-07,3.6153417e-07,2.7586793e-35,2.7586793e-35
-0.0001800607,-0.0001800607,0.0001800607,0.0001800607,1.5974364e-15,1.5974364e-15,1.0355493e-15,1.0355493e-15,0.0001800607,0.0001800607,-2.6264115e-05,-2.6264115e-05,-3.1775417e-05,-3.1775417e-05,-2.6003764e-05,-2.6003764e-05,-3.1775417e-05,-3.1775417e-05,1.93662e-11,1.93662e-11,-6.6205904e-22,-6.6205904e-22,3.1775417e-05,3.1775417e-05,-1.0792899e-15,-1.0792899e-15,1.9265569e-06,1.9265569e-06,1.9265569e-06,1.9265569e-06,1.1063217e-18,1.1063217e-18,-0.00018006069,-0.00018006069,-3.1775417e-05,-3.1775417e-05,-0.00018006069,-0.00018006069,-3.1775417e-05,-3.1775417e-05,-5.715148e-17,-5.715148e-17,5.5667374e-17,5.5667374e-17,-0.00021183611,-0.00021183611,7.630136e-18,7.630136e-18,-0.00021182828,-0.00021182828,1.9910767e-18,1.9910767e-18,-1.9731523e-13,-1.9731523e-13,3.1775417e-05,3.1775417e-05,-1.973164e-13,-1.973164e-13,3.1775417e-05,3.1775417e-05,3.1775417e-05,3.1775417e-05,-1.0756887e-15,-1.0756887e-15,-0.0001800607,-0.0001800607,-0.0001800607,-0.0001800607,-3.1775417e-05,-3.1775417e-05,-3.4192071e-07,-3.4192071e-07,6.1851952e-19,6.1851952e-19,2.2821854e-14,2.2821854e-14,-3.4192074e-07,-3.4192074e-07,-2.074734e-06,-2.074734e-06,-1.0731559e-15,-1.0731559e-15,0.0078738384,0.0078738384,-6.7881139e-14,-6.7881139e-14,0.0099934929,0.0099934929,-3.4070366e-14,-3.4070366e-14,-0.0001800607,-0.0001800607,0.00021183611,0.00021183611,-3.6012139e-05,-3.6012139e-05,-2.2060885e-16,-2.2060885e-16,-1.7449464e-14,-1.7449464e-14,1.7452606e-14,1.7452606e-14,-3.8079019e-19,-3.8079019e-19,-7.1465466e-19,-7.1465466e-19,-7.8312319e-09,-7.8312319e-09,-2.1735707e-18,-2.1735707e-18,2.7785375e-18,2.7785375e-18,-6.2770058e-18,-6.2770058e-18,3.5798248e-07,3.5798248e-07,2.7002441e-35,2.7002441e-35
-0.00017814377,-0.00017814377,0.00017814377,0.00017814377,1.5971653e-15,1.5971653e-15,1.0349303e-15,1.0349303e-15,0.00017814377,0.00017814377,-2.5984496e-05,-2.5984496e-05,-3.1437136e-05,-3.1437136e-05,-2.5726704e-05,-2.5726704e-05,-3.1437136e-05,-3.1437136e-05,1.9170066e-11,1.9170066e-11,-6.5460382e-22,-6.5460382e-22,3.1437136e-05,3.1437136e-05,-1.0786805e-15,-1.0786805e-15,1.9060477e-06,1.9060477e-06,1.9060477e-06,1.9060477e-06,1.0945427e-18,1.0945427e-18,-0.00017814377,-0.00017814377,-3.1437136e-05,-3.1437136e-05,-0.00017814377,-0.00017814377,-3.1437136e-05,-3.1437136e-05,-5.7422167e-17,-5.7422167e-17,5.547862e-17,5.547862e-17,-0.00020958091,-0.00020958091,7.0736583e-18,7.0736583e-18,-0.00020957347,-0.00020957347,1.4946816e-18,1.4946816e-18,-2.1488027e-13,-2.1488027e-13,3.1437136e-05,3.1437136e-05,-2.1488143e-13,-2.1488143e-13,3.1437136e-05,3.1437136e-05,3.1437136e-05,3.1437136e-05,-1.0751176e-15,-1.0751176e-15,-0.00017814377,-0.00017814377,-0.00017814377,-0.00017814377,-3.1437136e-05,-3.1437136e-05,-3.3828075e-07,-3.3828075e-07,6.1193342e-19,6.1193342e-19,-1.7565028e-14,-1.7565028e-14,-3.3828073e-07,-3.3828073e-07,-2.0526582e-06,-2.0526582e-06,-1.0726117e-15,-1.0726117e-15,0.0077900062,0.0077900062,-6.7847273e-14,-6.7847273e-14,0.0098871017,0.0098871017,-3.4053685e-14,-3.4053685e-14,-0.00017814377,-0.00017814377,0.00020958091,0.00020958091,-3.5628754e-05,-3.5628754e-05,-2.2053143e-16,-2.2053143e-16,-1.7452796e-14,-1.7452796e-14,1.7455905e-14,1.7455905e-14,-3.7671348e-19,-3.7671348e-19,-7.0704681e-19,-7.0704681e-19,-7.4396703e-09,-7.4396703e-09,-2.1504317e-18,-2.1504317e-18,2.7489568e-18,2.7489568e-18,-6.2101776e-18,-6.2101776e-18,3.5446497e-07,3.5446497e-07,2.6430462e-35,2.6430462e-35
-0.00017624725,-0.00017624725,0.00017624725,0.00017624725,1.5969214e-15,1.5969214e-15,1.0343179e-15,1.0343179e-15,0.00017624725,0.00017624725,-2.5707864e-05,-2.5707864e-05,-3.1102456e-05,-3.1102456e-05,-2.5452605e-05,-2.5452605e-05,-3.1102456e-05,-3.1102456e-05,1.8956354e-11,1.8956354e-11,-6.472483e-22,-6.472483e-22,3.1102456e-05,3.1102456e-05,-1.0780775e-15,-1.0780775e-15,1.8857563e-06,1.8857563e-06,1.8857563e-06,1.8857563e-06,1.0828891e-18,1.0828891e-18,-0.00017624725,-0.00017624725,-3.1102456e-05,-3.1102456e-05,-0.00017624725,-0.00017624725,-3.1102456e-05,-3.1102456e-05,-5.7689967e-17,-5.7689967e-17,5.5291875e-17,5.5291875e-17,-0.00020734971,-0.00020734971,6.5231094e-18,6.5231094e-18,-0.00020734264,-0.00020734264,1.0035732e-18,1.0035732e-18,-1.9370889e-13,-1.9370889e-13,3.1102456e-05,3.1102456e-05,-1.9371003e-13,-1.9371003e-13,3.1102456e-05,3.1102456e-05,3.1102456e-05,3.1102456e-05,-1.0745525e-15,-1.0745525e-15,-0.00017624725,-0.00017624725,-0.00017624725,-0.00017624725,-3.1102456e-05,-3.1102456e-05,-3.3467953e-07,-3.3467953e-07,6.0541743e-19,6.0541743e-19,2.1171395e-14,2.1171395e-14,-3.3467955e-07,-3.3467955e-07,-2.0308169e-06,-2.0308169e-06,-1.0720734e-15,-1.0720734e-15,0.0077070668,0.0077070668,-6.7813767e-14,-6.7813767e-14,0.0097818432,0.0097818432,-3.4037182e-14,-3.4037182e-14,-0.00017624725,-0.00017624725,0.00020734971,0.00020734971,-3.5249451e-05,-3.5249451e-05,-2.2045483e-16,-2.2045483e-16,-1.7456092e-14,-1.7456092e-14,1.7459169e-14,1.7459169e-14,-3.7268069e-19,-3.7268069e-19,-6.9951992e-19,-6.9951992e-19,-7.0676868e-09,-7.0676868e-09,-2.1275389e-18,-2.1275389e-18,2.719691e-18,2.719691e-18,-6.144061e-18,-6.144061e-18,3.5098131e-07,3.5098131e-07,2.5870596e-35,2.5870596e-35
-0.00017437093,-0.00017437093,0.00017437093,0.00017437093,1.5966503e-15,1.5966503e-15,1.0337121e-15,1.0337121e-15,0.00017437093,0.00017437093,-2.5434184e-05,-2.5434184e-05,-3.077134e-05,-3.077134e-05,-2.5181434e-05,-2.5181434e-05,-3.077134e-05,-3.077134e-05,1.8763802e-11,1.8763802e-11,-6.3999042e-22,-6.3999042e-22,3.077134e-05,3.077134e-05,-1.077481e-15,-1.077481e-15,1.8656813e-06,1.8656813e-06,1.8656813e-06,1.8656813e-06,1.0713595e-18,1.0713595e-18,-0.00017437093,-0.00017437093,-3.077134e-05,-3.077134e-05,-0.00017437093,-0.00017437093,-3.077134e-05,-3.077134e-05,-5.7954912e-17,-5.7954912e-17,5.5107119e-17,5.5107119e-17,-0.00020514227,-0.00020514227,5.9784261e-18,5.9784261e-18,-0.00020513555,-0.00020513555,5.1769521e-19,5.1769521e-19,-2.0978109e-13,-2.0978109e-13,3.077134e-05,3.077134e-05,-2.0978221e-13,-2.0978221e-13,3.077134e-05,3.077134e-05,3.077134e-05,3.077134e-05,-1.0739935e-15,-1.0739935e-15,-0.00017437093,-0.00017437093,-0.00017437093,-0.00017437093,-3.077134e-05,-3.077134e-05,-3.3111664e-07,-3.3111664e-07,5.9897078e-19,5.9897078e-19,-1.6072179e-14,-1.6072179e-14,-3.3111662e-07,-3.3111662e-07,-2.0092075e-06,-2.0092075e-06,-1.0715408e-15,-1.0715408e-15,0.0076250107,0.0076250107,-6.7780618e-14,-6.7780618e-14,0.0096777052,0.0096777052,-3.4020855e-14,-3.4020855e-14,-0.00017437093,-0.00017437093,0.00020514227,0.00020514227,-3.4874185e-05,-3.4874185e-05,-2.2037905e-16,-2.2037905e-16,-1.7459353e-14,-1.7459353e-14,1.7462398e-14,1.7462398e-14,-3.6869135e-19,-3.6869135e-19,-6.9207315e-19,-6.9207315e-19,-6.7143025e-09,-6.7143025e-09,-2.1048899e-18,-2.1048899e-18,2.6907368e-18,2.6907368e-18,-6.0786484e-18,-6.0786484e-18,3.4753119e-07,3.4753119e-07,2.5322586e-35,2.5322586e-35
-0.00017251457,-0.00017251457,0.00017251457,0.00017251457,1.5963793e-15,1.5963793e-15,1.0331127e-15,1.0331127e-15,0.00017251457,0.00017251457,-2.5163425e-05,-2.5163425e-05,-3.0443748e-05,-3.0443748e-05,-2.491316e-05,-2.491316e-05,-3.0443748e-05,-3.0443748e-05,1.8555165e-11,1.8555165e-11,-6.3282817e-22,-6.3282817e-22,3.0443748e-05,3.0443748e-05,-1.0768908e-15,-1.0768908e-15,1.8458196e-06,1.8458196e-06,1.8458196e-06,1.8458196e-06,1.0599525e-18,1.0599525e-18,-0.00017251457,-0.00017251457,-3.0443748e-05,-3.0443748e-05,-0.00017251457,-0.00017251457,-3.0443748e-05,-3.0443748e-05,-5.8217031e-17,-5.8217031e-17,5.4924328e-17,5.4924328e-17,-0.00020295832,-0.00020295832,5.4395456e-18,5.4395456e-18,-0.00020295194,-0.00020295194,3.6991804e-20,3.6991804e-20,-1.9013434e-13,-1.9013434e-13,3.0443748e-05,3.0443748e-05,-1.9013545e-13,-1.9013545e-13,3.0443748e-05,3.0443748e-05,3.0443748e-05,3.0443748e-05,-1.0734405e-15,-1.0734405e-15,-0.00017251457,-0.00017251457,-0.00017251457,-0.00017251457,-3.0443748e-05,-3.0443748e-05,-3.2759167e-07,-3.2759167e-07,5.9259275e-19,5.9259275e-19,1.9646765e-14,1.9646765e-14,-3.2759169e-07,-3.2759169e-07,-1.9878276e-06,-1.9878276e-06,-1.0710139e-15,-1.0710139e-15,0.0075438285,0.0075438285,-6.7747823e-14,-6.7747823e-14,0.0095746759,0.0095746759,-3.4004701e-14,-3.4004701e-14,-0.00017251457,-0.00017251457,0.00020295832,0.00020295832,-3.4502915e-05,-3.4502915e-05,-2.2030408e-16,-2.2030408e-16,-1.746258e-14,-1.746258e-14,1.7465593e-14,1.7465593e-14,-3.6474498e-19,-3.6474498e-19,-6.8470564e-19,-6.8470564e-19,-6.3785874e-09,-6.3785874e-09,-2.0824819e-18,-2.0824819e-18,2.6620909e-18,2.6620909e-18,-6.0139323e-18,-6.0139323e-18,3.4411431e-07,3.4411431e-07,2.4786181e-35,2.4786181e-35
-0.00017067798,-0.00017067798,0.00017067798,0.00017067798,1.5961353e-15,1.5961353e-15,1.0325197e-15,1.0325197e-15,0.00017067798,0.00017067798,-2.4895556e-05,-2.4895556e-05,-3.0119644e-05,-3.0119644e-05,-2.4647752e-05,-2.4647752e-05,-3.0119644e-05,-3.0119644e-05,1.8366162e-11,1.8366162e-11,-6.2575962e-22,-6.2575962e-22,3.0119644e-05,3.0119644e-05,-1.0763069e-15,-1.0763069e-15,1.8261698e-06,1.8261698e-06,1.8261698e-06,1.8261698e-06,1.048667e-18,1.048667e-18,-0.00017067798,-0.00017067798,-3.0119644e-05,-3.0119644e-05,-0.00017067798,-0.00017067798,-3.0119644e-05,-3.0119644e-05,-5.8476357e-17,-5.8476357e-17,5.4743483e-17,5.4743483e-17,-0.00020079763,-0.00020079763,4.906406e-18,4.906406e-18,-0.00020079157,-0.00020079157,-4.3859207e-19,-4.3859207e-19,-2.0483257e-13,-2.0483257e-13,3.0119644e-05,3.0119644e-05,-2.0483367e-13,-2.0483367e-13,3.0119644e-05,3.0119644e-05,3.0119644e-05,3.0119644e-05,-1.0728933e-15,-1.0728933e-15,-0.00017067798,-0.00017067798,-0.00017067798,-0.00017067798,-3.0119644e-05,-3.0119644e-05,-3.2410423e-07,-3.2410423e-07,5.8628262e-19,5.8628262e-19,-1.4698221e-14,-1.4698221e-14,-3.2410421e-07,-3.2410421e-07,-1.9666749e-06,-1.9666749e-06,-1.0704925e-15,-1.0704925e-15,0.0074635108,0.0074635108,-6.7715376e-14,-6.7715376e-14,0.0094727434,0.0094727434,-3.398872e-14,-3.398872e-14,-0.00017067798,-0.00017067798,0.00020079763,0.00020079763,-3.4135597e-05,-3.4135597e-05,-2.202299e-16,-2.202299e-16,-1.7465771e-14,-1.7465771e-14,1.7468753e-14,1.7468753e-14,-3.6084111e-19,-3.6084111e-19,-6.7741655e-19,-6.7741655e-19,-6.059658e-09,-6.059658e-09,-2.0603124e-18,-2.0603124e-18,2.6337499e-18,2.6337499e-18,-5.9499052e-18,-5.9499052e-18,3.4073037e-07,3.4073037e-07,2.4261136e-35,2.4261136e-35
-0.00016886094,-0.00016886094,0.00016886094,0.00016886094,1.5958914e-15,1.5958914e-15,1.031933e-15,1.031933e-15,0.00016886094,0.00016886094,-2.4630545e-05,-2.4630545e-05,-2.979899e-05,-2.979899e-05,-2.4385179e-05,-2.4385179e-05,-2.979899e-05,-2.979899e-05,1.8162449e-11,1.8162449e-11,-6.1878288e-22,-6.1878288e-22,2.979899e-05,2.979899e-05,-1.0757292e-15,-1.0757292e-15,1.8067286e-06,1.8067286e-06,1.8067286e-06,1.8067286e-06,1.0375015e-18,1.0375015e-18,-0.00016886094,-0.00016886094,-2.979899e-05,-2.979899e-05,-0.00016886094,-0.00016886094,-2.979899e-05,-2.979899e-05,-5.8732917e-17,-5.8732917e-17,5.4564563e-17,5.4564563e-17,-0.00019865993,-0.00019865993,4.3789461e-18,4.3789461e-18,-0.00019865418,-0.00019865418,-9.0911102e-19,-9.0911102e-19,-1.8659436e-13,-1.8659436e-13,2.979899e-05,2.979899e-05,-1.8659544e-13,-1.8659544e-13,2.979899e-05,2.979899e-05,2.979899e-05,2.979899e-05,-1.072352e-15,-1.072352e-15,-0.00016886094,-0.00016886094,-0.00016886094,-0.00016886094,-2.979899e-05,-2.979899e-05,-3.2065391e-07,-3.2065391e-07,5.8003965e-19,5.8003965e-19,1.8238224e-14,1.8238224e-14,-3.2065392e-07,-3.2065392e-07,-1.9457468e-06,-1.9457468e-06,-1.0699768e-15,-1.0699768e-15,0.0073840485,0.0073840485,-6.7683275e-14,-6.7683275e-14,0.0093718961,0.0093718961,-3.3972909e-14,-3.3972909e-14,-0.00016886094,-0.00016886094,0.00019865993,0.00019865993,-3.3772189e-05,-3.3772189e-05,-2.2015651e-16,-2.2015651e-16,-1.7468929e-14,-1.7468929e-14,1.747188e-14,1.747188e-14,-3.5697928e-19,-3.5697928e-19,-6.7020504e-19,-6.7020504e-19,-5.7566751e-09,-5.7566751e-09,-2.0383789e-18,-2.0383789e-18,2.6057107e-18,2.6057107e-18,-5.88656e-18,-5.88656e-18,3.3737905e-07,3.3737905e-07,2.3747211e-35,2.3747211e-35
-0.00016706325,-0.00016706325,0.00016706325,0.00016706325,1.5956474e-15,1.5956474e-15,1.0313525e-15,1.0313525e-15,0.00016706325,0.00016706325,-2.4368362e-05,-2.4368362e-05,-2.948175e-05,-2.948175e-05,-2.4125409e-05,-2.4125409e-05,-2.948175e-05,-2.948175e-05,1.7976963e-11,1.7976963e-11,-6.1189617e-22,-6.1189617e-22,2.948175e-05,2.948175e-05,-1.0751577e-15,-1.0751577e-15,1.7874949e-06,1.7874949e-06,1.7874949e-06,1.7874949e-06,1.0264548e-18,1.0264548e-18,-0.00016706325,-0.00016706325,-2.948175e-05,-2.948175e-05,-0.00016706325,-0.00016706325,-2.948175e-05,-2.948175e-05,-5.8986742e-17,-5.8986742e-17,5.4387548e-17,5.4387548e-17,-0.000196545,-0.000196545,3.8571053e-18,3.8571053e-18,-0.00019653953,-0.00019653953,-1.374619e-18,-1.374619e-18,-2.0002821e-13,-2.0002821e-13,2.948175e-05,2.948175e-05,-2.0002928e-13,-2.0002928e-13,2.948175e-05,2.948175e-05,2.948175e-05,2.948175e-05,-1.0718164e-15,-1.0718164e-15,-0.00016706325,-0.00016706325,-0.00016706325,-0.00016706325,-2.948175e-05,-2.948175e-05,-3.1724031e-07,-3.1724031e-07,5.7386314e-19,5.7386314e-19,-1.3433839e-14,-1.3433839e-14,-3.172403e-07,-3.172403e-07,-1.9250411e-06,-1.9250411e-06,-1.0694665e-15,-1.0694665e-15,0.0073054324,0.0073054324,-6.7651516e-14,-6.7651516e-14,0.0092721224,0.0092721224,-3.3957266e-14,-3.3957266e-14,-0.00016706325,-0.00016706325,0.000196545,0.000196545,-3.341265e-05,-3.341265e-05,-2.200839e-16,-2.200839e-16,-1.7472053e-14,-1.7472053e-14,1.7474973e-14,1.7474973e-14,-3.5315902e-19,-3.5315902e-19,-6.6307028e-19,-6.6307028e-19,-5.4688413e-09,-5.4688413e-09,-2.0166789e-18,-2.0166789e-18,2.57797e-18,2.57797e-18,-5.8238892e-18,-5.8238892e-18,3.3406006e-07,3.3406006e-07,2.324417e-35,2.324417e-35
-0.00016528469,-0.00016528469,0.00016528469,0.00016528469,1.5953764e-15,1.5953764e-15,1.0307783e-15,1.0307783e-15,0.00016528469,0.00016528469,-2.4108975e-05,-2.4108975e-05,-2.9167887e-05,-2.9167887e-05,-2.3868413e-05,-2.3868413e-05,-2.9167887e-05,-2.9167887e-05,1.7778031e-11,1.7778031e-11,-6.0509772e-22,-6.0509772e-22,2.9167886e-05,2.9167886e-05,-1.0745923e-15,-1.0745923e-15,1.7684654e-06,1.7684654e-06,1.7684654e-06,1.7684654e-06,1.0155258e-18,1.0155258e-18,-0.00016528469,-0.00016528469,-2.9167887e-05,-2.9167887e-05,-0.00016528469,-0.00016528469,-2.9167887e-05,-2.9167887e-05,-5.9237861e-17,-5.9237861e-17,5.4212416e-17,5.4212416e-17,-0.00019445258,-0.00019445258,3.3408235e-18,3.3408235e-18,-0.00019444738,-0.00019444738,-1.8351694e-18,-1.8351694e-18,-1.8309143e-13,-1.8309143e-13,2.9167887e-05,2.9167887e-05,-1.8309249e-13,-1.8309249e-13,2.9167887e-05,2.9167887e-05,2.9167886e-05,2.9167886e-05,-1.0712865e-15,-1.0712865e-15,-0.00016528469,-0.00016528469,-0.00016528469,-0.00016528469,-2.9167887e-05,-2.9167887e-05,-3.1386305e-07,-3.1386305e-07,5.6775239e-19,5.6775239e-19,1.6936789e-14,1.6936789e-14,-3.1386307e-07,-3.1386307e-07,-1.9045553e-06,-1.9045553e-06,-1.0689616e-15,-1.0689616e-15,0.0072276535,0.0072276535,-6.7620096e-14,-6.7620096e-14,0.0091734109,0.0091734109,-3.394179e-14,-3.394179e-14,-0.00016528469,-0.00016528469,0.00019445258,0.00019445258,-3.3056938e-05,-3.3056938e-05,-2.2001207e-16,-2.2001207e-16,-1.7475144e-14,-1.7475144e-14,1.7478033e-14,1.7478033e-14,-3.4937989e-19,-3.4937989e-19,-6.5601147e-19,-6.5601147e-19,-5.1953993e-09,-5.1953993e-09,-1.9952099e-18,-1.9952099e-18,2.5505246e-18,2.5505246e-18,-5.7618857e-18,-5.7618857e-18,3.3077309e-07,3.3077309e-07,2.2751784e-35,2.2751784e-35
-0.00016352507,-0.00016352507,0.00016352507,0.00016352507,1.5951867e-15,1.5951867e-15,1.0302101e-15,1.0302101e-15,0.00016352507,0.00016352507,-2.3852356e-05,-2.3852356e-05,-2.8857365e-05,-2.8857365e-05,-2.3614161e-05,-2.3614161e-05,-2.8857365e-05,-2.8857365e-05,1.7596024e-11,1.7596024e-11,-5.9838586e-22,-5.9838586e-22,2.8857365e-05,2.8857365e-05,-1.0740328e-15,-1.0740328e-15,1.7496389e-06,1.7496389e-06,1.7496389e-06,1.7496389e-06,1.004713e-18,1.004713e-18,-0.00016352507,-0.00016352507,-2.8857365e-05,-2.8857365e-05,-0.00016352507,-0.00016352507,-2.8857365e-05,-2.8857365e-05,-5.9486303e-17,-5.9486303e-17,5.4039148e-17,5.4039148e-17,-0.00019238243,-0.00019238243,2.8300416e-18,2.8300416e-18,-0.0001923775,-0.0001923775,-2.2908149e-18,-2.2908149e-18,-1.9536189e-13,-1.9536189e-13,2.8857365e-05,2.8857365e-05,-1.9536294e-13,-1.9536294e-13,2.8857365e-05,2.8857365e-05,2.8857365e-05,2.8857365e-05,-1.0707623e-15,-1.0707623e-15,-0.00016352507,-0.00016352507,-0.00016352507,-0.00016352507,-2.8857365e-05,-2.8857365e-05,-3.1052174e-07,-3.1052174e-07,5.6170668e-19,5.6170668e-19,-1.2270446e-14,-1.2270446e-14,-3.1052173e-07,-3.1052173e-07,-1.8842873e-06,-1.8842873e-06,-1.0684622e-15,-1.0684622e-15,0.0071507029,0.0071507029,-6.7589009e-14,-6.7589009e-14,0.0090757503,0.0090757503,-3.3926479e-14,-3.3926479e-14,-0.00016352507,-0.00016352507,0.00019238243,0.00019238243,-3.2705014e-05,-3.2705014e-05,-2.19941e-16,-2.19941e-16,-1.7478202e-14,-1.7478202e-14,1.748106e-14,1.748106e-14,-3.4564144e-19,-3.4564144e-19,-6.490278e-19,-6.490278e-19,-4.9356293e-09,-4.9356293e-09,-1.9739694e-18,-1.9739694e-18,2.5233714e-18,2.5233714e-18,-5.7005424e-18,-5.7005424e-18,3.2751787e-07,3.2751787e-07,2.2269825e-35,2.2269825e-35
-0.00016178418,-0.00016178418,0.00016178418,0.00016178418,1.5948885e-15,1.5948885e-15,1.0296481e-15,1.0296481e-15,0.00016178418,0.00016178418,-2.3598473e-05,-2.3598473e-05,-2.8550149e-05,-2.8550149e-05,-2.3362623e-05,-2.3362623e-05,-2.8550149e-05,-2.8550149e-05,1.7401735e-11,1.7401735e-11,-5.9175895e-22,-5.9175895e-22,2.8550149e-05,2.8550149e-05,-1.0734794e-15,-1.0734794e-15,1.7310125e-06,1.7310125e-06,1.7310125e-06,1.7310125e-06,9.940153e-19,9.940153e-19,-0.00016178418,-0.00016178418,-2.8550149e-05,-2.8550149e-05,-0.00016178418,-0.00016178418,-2.8550149e-05,-2.8550149e-05,-5.9732097e-17,-5.9732097e-17,5.3867725e-17,5.3867725e-17,-0.00019033433,-0.00019033433,2.3247007e-18,2.3247007e-18,-0.00019032964,-0.00019032964,-2.7416081e-18,-2.7416081e-18,-1.7962773e-13,-1.7962773e-13,2.8550149e-05,2.8550149e-05,-1.7962876e-13,-1.7962876e-13,2.8550149e-05,2.8550149e-05,2.8550149e-05,2.8550149e-05,-1.0702437e-15,-1.0702437e-15,-0.00016178418,-0.00016178418,-0.00016178418,-0.00016178418,-2.8550149e-05,-2.8550149e-05,-3.0721599e-07,-3.0721599e-07,5.5572534e-19,5.5572534e-19,1.5734174e-14,1.5734174e-14,-3.0721601e-07,-3.0721601e-07,-1.8642346e-06,-1.8642346e-06,-1.067968e-15,-1.067968e-15,0.0070745717,0.0070745717,-6.7558254e-14,-6.7558254e-14,0.0089791294,0.0089791294,-3.391133e-14,-3.391133e-14,-0.00016178418,-0.00016178418,0.00019033433,0.00019033433,-3.2356835e-05,-3.2356835e-05,-2.1987068e-16,-2.1987068e-16,-1.7481227e-14,-1.7481227e-14,1.7484055e-14,1.7484055e-14,-3.4194323e-19,-3.4194323e-19,-6.4211846e-19,-6.4211846e-19,-4.6888478e-09,-4.6888478e-09,-1.952955e-18,-1.952955e-18,2.4965073e-18,2.4965073e-18,-5.6398523e-18,-5.6398523e-18,3.2429408e-07,3.2429408e-07,2.1798075e-35,2.1798075e-35
-0.00016006182,-0.00016006182,0.00016006182,0.00016006182,1.5946717e-15,1.5946717e-15,1.0290919e-15,1.0290919e-15,0.00016006182,0.00016006182,-2.3347298e-05,-2.3347298e-05,-2.8246203e-05,-2.8246203e-05,-2.311377e-05,-2.311377e-05,-2.8246203e-05,-2.8246203e-05,1.7223168e-11,1.7223168e-11,-5.8521542e-22,-5.8521542e-22,2.8246203e-05,2.8246203e-05,-1.0729318e-15,-1.0729318e-15,1.7125846e-06,1.7125846e-06,1.7125846e-06,1.7125846e-06,9.8343146e-19,9.8343146e-19,-0.00016006182,-0.00016006182,-2.8246203e-05,-2.8246203e-05,-0.00016006182,-0.00016006182,-2.8246203e-05,-2.8246203e-05,-5.997527e-17,-5.997527e-17,5.3698126e-17,5.3698126e-17,-0.00018830802,-0.00018830802,1.824743e-18,1.824743e-18,-0.00018830357,-0.00018830357,-3.1876003e-18,-3.1876003e-18,-1.9082787e-13,-1.9082787e-13,2.8246203e-05,2.8246203e-05,-1.9082889e-13,-1.9082889e-13,2.8246203e-05,2.8246203e-05,2.8246203e-05,2.8246203e-05,-1.0697306e-15,-1.0697306e-15,-0.00016006182,-0.00016006182,-0.00016006182,-0.00016006182,-2.8246203e-05,-2.8246203e-05,-3.0394544e-07,-3.0394544e-07,5.4980768e-19,5.4980768e-19,-1.1200126e-14,-1.1200126e-14,-3.0394543e-07,-3.0394543e-07,-1.844395e-06,-1.844395e-06,-1.0674791e-15,-1.0674791e-15,0.0069992513,0.0069992513,-6.7527827e-14,-6.7527827e-14,0.0088835371,0.0088835371,-3.3896343e-14,-3.3896343e-14,-0.00016006182,-0.00016006182,0.00018830802,0.00018830802,-3.2012364e-05,-3.2012364e-05,-2.1980112e-16,-2.1980112e-16,-1.748422e-14,-1.748422e-14,1.7487019e-14,1.7487019e-14,-3.3828481e-19,-3.3828481e-19,-6.3528266e-19,-6.3528266e-19,-4.4544055e-09,-4.4544055e-09,-1.9321643e-18,-1.9321643e-18,2.4699291e-18,2.4699291e-18,-5.5798083e-18,-5.5798083e-18,3.2110144e-07,3.2110144e-07,2.1336316e-35,2.1336316e-35
-0.0001583578,-0.0001583578,0.0001583578,0.0001583578,1.5944277e-15,1.5944277e-15,1.0285418e-15,1.0285418e-15,0.0001583578,0.0001583578,-2.3098801e-05,-2.3098801e-05,-2.7945494e-05,-2.7945494e-05,-2.2867573e-05,-2.2867573e-05,-2.7945494e-05,-2.7945494e-05,1.7033391e-11,1.7033391e-11,-5.7875373e-22,-5.7875373e-22,2.7945494e-05,2.7945494e-05,-1.0723901e-15,-1.0723901e-15,1.6943526e-06,1.6943526e-06,1.6943526e-06,1.6943526e-06,9.7296029e-19,9.7296029e-19,-0.0001583578,-0.0001583578,-2.7945494e-05,-2.7945494e-05,-0.0001583578,-0.0001583578,-2.7945494e-05,-2.7945494e-05,-6.0215852e-17,-6.0215852e-17,5.3530332e-17,5.3530332e-17,-0.00018630329,-0.00018630329,1.3301108e-18,1.3301108e-18,-0.00018629906,-0.00018629906,-3.628843e-18,-3.628843e-18,-1.7620514e-13,-1.7620514e-13,2.7945494e-05,2.7945494e-05,-1.7620615e-13,-1.7620615e-13,2.7945494e-05,2.7945494e-05,2.7945494e-05,2.7945494e-05,-1.0692229e-15,-1.0692229e-15,-0.0001583578,-0.0001583578,-0.0001583578,-0.0001583578,-2.7945494e-05,-2.7945494e-05,-3.007097e-07,-3.007097e-07,5.4395302e-19,5.4395302e-19,1.4622739e-14,1.4622739e-14,-3.0070971e-07,-3.0070971e-07,-1.8247663e-06,-1.8247663e-06,-1.0669955e-15,-1.0669955e-15,0.0069247329,0.0069247329,-6.7497723e-14,-6.7497723e-14,0.0087889624,0.0087889624,-3.3881516e-14,-3.3881516e-14,-0.0001583578,-0.0001583578,0.00018630329,0.00018630329,-3.167156e-05,-3.167156e-05,-2.1973229e-16,-2.1973229e-16,-1.748718e-14,-1.748718e-14,1.748995e-14,1.748995e-14,-3.3466575e-19,-3.3466575e-19,-6.2851963e-19,-6.2851963e-19,-4.2316852e-09,-4.2316852e-09,-1.9115949e-18,-1.9115949e-18,2.443634e-18,2.443634e-18,-5.5204037e-18,-5.5204037e-18,3.1793966e-07,3.1793966e-07,2.0884338e-35,2.0884338e-35
-0.00015667192,-0.00015667192,0.00015667192,0.00015667192,1.5941838e-15,1.5941838e-15,1.0279975e-15,1.0279975e-15,0.00015667192,0.00015667192,-2.2852954e-05,-2.2852954e-05,-2.7647985e-05,-2.7647985e-05,-2.2624003e-05,-2.2624003e-05,-2.7647985e-05,-2.7647985e-05,1.6858224e-11,1.6858224e-11,-5.723724e-22,-5.723724e-22,2.7647985e-05,2.7647985e-05,-1.0718541e-15,-1.0718541e-15,1.676315e-06,1.676315e-06,1.676315e-06,1.676315e-06,9.6260056e-19,9.6260056e-19,-0.00015667192,-0.00015667192,-2.7647985e-05,-2.7647985e-05,-0.00015667192,-0.00015667192,-2.7647985e-05,-2.7647985e-05,-6.0453868e-17,-6.0453868e-17,5.3364324e-17,5.3364324e-17,-0.0001843199,-0.0001843199,8.4074748e-19,8.4074748e-19,-0.00018431588,-0.00018431588,-4.0653866e-18,-4.0653866e-18,-1.8642073e-13,-1.8642073e-13,2.7647985e-05,2.7647985e-05,-1.8642173e-13,-1.8642173e-13,2.7647985e-05,2.7647985e-05,2.7647985e-05,2.7647985e-05,-1.0687207e-15,-1.0687207e-15,-0.00015667192,-0.00015667192,-0.00015667192,-0.00015667192,-2.7647985e-05,-2.7647985e-05,-2.975084e-07,-2.975084e-07,5.381607e-19,5.381607e-19,-1.0215579e-14,-1.0215579e-14,-2.9750839e-07,-2.9750839e-07,-1.8053462e-06,-1.8053462e-06,-1.0665169e-15,-1.0665169e-15,0.006851008,0.006851008,-6.746794e-14,-6.746794e-14,0.0086953946,0.0086953946,-3.3866846e-14,-3.3866846e-14,-0.00015667192,-0.00015667192,0.0001843199,0.0001843199,-3.1334383e-05,-3.1334383e-05,-2.196642e-16,-2.196642e-16,-1.7490109e-14,-1.7490109e-14,1.749285e-14,1.749285e-14,-3.3108563e-19,-3.3108563e-19,-6.2182858e-19,-6.2182858e-19,-4.0201009e-09,-4.0201009e-09,-1.8912444e-18,-1.8912444e-18,2.4176188e-18,2.4176188e-18,-5.4616316e-18,-5.4616316e-18,3.1480846e-07,3.1480846e-07,2.0441933e-35,2.0441933e-35
-0.00015500398,-0.00015500398,0.00015500398,0.00015500398,1.5939669e-15,1.5939669e-15,1.0274589e-15,1.0274589e-15,0.00015500398,0.00015500398,-2.2609728e-05,-2.2609728e-05,-2.7353644e-05,-2.7353644e-05,-2.2383032e-05,-2.2383032e-05,-2.7353644e-05,-2.7353644e-05,1.6672832e-11,1.6672832e-11,-5.6607e-22,-5.6607e-22,2.7353644e-05,2.7353644e-05,-1.0713238e-15,-1.0713238e-15,1.6584691e-06,1.6584691e-06,1.6584691e-06,1.6584691e-06,9.5235111e-19,9.5235111e-19,-0.00015500398,-0.00015500398,-2.7353644e-05,-2.7353644e-05,-0.00015500398,-0.00015500398,-2.7353644e-05,-2.7353644e-05,-6.0689348e-17,-6.0689348e-17,5.3200083e-17,5.3200083e-17,-0.00018235763,-0.00018235763,3.5659676e-19,3.5659676e-19,-0.00018235381,-0.00018235381,-4.4972812e-18,-4.4972812e-18,-1.7282531e-13,-1.7282531e-13,2.7353644e-05,2.7353644e-05,-1.728263e-13,-1.728263e-13,2.7353644e-05,2.7353644e-05,2.7353644e-05,2.7353644e-05,-1.0682238e-15,-1.0682238e-15,-0.00015500398,-0.00015500398,-0.00015500398,-0.00015500398,-2.7353644e-05,-2.7353644e-05,-2.9434118e-07,-2.9434118e-07,5.3243004e-19,5.3243004e-19,1.3595435e-14,1.3595435e-14,-2.9434119e-07,-2.9434119e-07,-1.7861325e-06,-1.7861325e-06,-1.0660435e-15,-1.0660435e-15,0.0067780682,0.0067780682,-6.7438474e-14,-6.7438474e-14,0.008602823,0.008602823,-3.3852333e-14,-3.3852333e-14,-0.00015500398,-0.00015500398,0.00018235763,0.00018235763,-3.1000797e-05,-3.1000797e-05,-2.1959684e-16,-2.1959684e-16,-1.7493007e-14,-1.7493007e-14,1.7495719e-14,1.7495719e-14,-3.2754401e-19,-3.2754401e-19,-6.1520876e-19,-6.1520876e-19,-3.8190959e-09,-3.8190959e-09,-1.8711106e-18,-1.8711106e-18,2.3918805e-18,2.3918805e-18,-5.4034852e-18,-5.4034852e-18,3.1170755e-07,3.1170755e-07,2.0008898e-35,2.0008898e-35
-0.00015335381,-0.00015335381,0.00015335381,0.00015335381,1.5937501e-15,1.5937501e-15,1.0269261e-15,1.0269261e-15,0.00015335381,0.00015335381,-2.2369095e-05,-2.2369095e-05,-2.7062437e-05,-2.7062437e-05,-2.2144632e-05,-2.2144632e-05,-2.7062437e-05,-2.7062437e-05,1.6501023e-11,1.6501023e-11,-5.5984514e-22,-5.5984514e-22,2.7062436e-05,2.7062436e-05,-1.0707992e-15,-1.0707992e-15,1.6408134e-06,1.6408134e-06,1.6408134e-06,1.6408134e-06,9.4221076e-19,9.4221076e-19,-0.00015335381,-0.00015335381,-2.7062437e-05,-2.7062437e-05,-0.00015335381,-0.00015335381,-2.7062437e-05,-2.7062437e-05,-6.0922318e-17,-6.0922318e-17,5.303759e-17,5.303759e-17,-0.00018041624,-0.00018041624,-1.2239691e-19,-1.2239691e-19,-0.00018041262,-0.00018041262,-4.9245763e-18,-4.9245763e-18,-1.8213539e-13,-1.8213539e-13,2.7062437e-05,2.7062437e-05,-1.8213637e-13,-1.8213637e-13,2.7062437e-05,2.7062437e-05,2.7062436e-05,2.7062436e-05,-1.0677321e-15,-1.0677321e-15,-0.00015335381,-0.00015335381,-0.00015335381,-0.00015335381,-2.7062437e-05,-2.7062437e-05,-2.9120767e-07,-2.9120767e-07,5.267604e-19,5.267604e-19,-9.3100739e-15,-9.3100739e-15,-2.9120766e-07,-2.9120766e-07,-1.7671231e-06,-1.7671231e-06,-1.0655751e-15,-1.0655751e-15,0.0067059051,0.0067059051,-6.7409323e-14,-6.7409323e-14,0.0085112368,0.0085112368,-3.3837974e-14,-3.3837974e-14,-0.00015335381,-0.00015335381,0.00018041624,0.00018041624,-3.0670761e-05,-3.0670761e-05,-2.1953019e-16,-2.1953019e-16,-1.7495874e-14,-1.7495874e-14,1.7498558e-14,1.7498558e-14,-3.2404049e-19,-3.2404049e-19,-6.086594e-19,-6.086594e-19,-3.6281411e-09,-3.6281411e-09,-1.8511911e-18,-1.8511911e-18,2.3664163e-18,2.3664163e-18,-5.3459579e-18,-5.3459579e-18,3.0863665e-07,3.0863665e-07,1.9585036e-35,1.9585036e-35
-0.0001517212,-0.0001517212,0.0001517212,0.0001517212,1.5935061e-15,1.5935061e-15,1.026399e-15,1.026399e-15,0.0001517212,0.0001517212,-2.2131027e-05,-2.2131027e-05,-2.6774329e-05,-2.6774329e-05,-2.1908776e-05,-2.1908776e-05,-2.6774329e-05,-2.6774329e-05,1.6319894e-11,1.6319894e-11,-5.5369648e-22,-5.5369648e-22,2.6774329e-05,2.6774329e-05,-1.0702802e-15,-1.0702802e-15,1.6233454e-06,1.6233454e-06,1.6233454e-06,1.6233454e-06,9.3217835e-19,9.3217835e-19,-0.0001517212,-0.0001517212,-2.6774329e-05,-2.6774329e-05,-0.0001517212,-0.0001517212,-2.6774329e-05,-2.6774329e-05,-6.1152804e-17,-6.1152804e-17,5.2876826e-17,5.2876826e-17,-0.00017849553,-0.00017849553,-5.9628858e-19,-5.9628858e-19,-0.00017849208,-0.00017849208,-5.3473211e-18,-5.3473211e-18,-1.6948964e-13,-1.6948964e-13,2.6774329e-05,2.6774329e-05,-1.694906e-13,-1.694906e-13,2.6774329e-05,2.6774329e-05,2.6774329e-05,2.6774329e-05,-1.0672458e-15,-1.0672458e-15,-0.0001517212,-0.0001517212,-0.0001517212,-0.0001517212,-2.6774329e-05,-2.6774329e-05,-2.8810752e-07,-2.8810752e-07,5.2115113e-19,5.2115113e-19,1.2645764e-14,1.2645764e-14,-2.8810753e-07,-2.8810753e-07,-1.7483157e-06,-1.7483157e-06,-1.0651117e-15,-1.0651117e-15,0.0066345104,0.0066345104,-6.7380481e-14,-6.7380481e-14,0.0084206257,0.0084206257,-3.3823769e-14,-3.3823769e-14,-0.0001517212,-0.0001517212,0.00017849553,0.00017849553,-3.034424e-05,-3.034424e-05,-2.1946425e-16,-2.1946425e-16,-1.7498711e-14,-1.7498711e-14,1.7501366e-14,1.7501366e-14,-3.2057464e-19,-3.2057464e-19,-6.0217975e-19,-6.0217975e-19,-3.446734e-09,-3.446734e-09,-1.8314836e-18,-1.8314836e-18,2.3412232e-18,2.3412232e-18,-5.2890432e-18,-5.2890432e-18,3.0559548e-07,3.0559548e-07,1.9170153e-35,1.9170153e-35
-0.00015010597,-0.00015010597,0.00015010597,0.00015010597,1.5932622e-15,1.5932622e-15,1.0258775e-15,1.0258775e-15,0.00015010597,0.00015010597,-2.1895497e-05,-2.1895497e-05,-2.6489289e-05,-2.6489289e-05,-2.1675436e-05,-2.1675436e-05,-2.6489289e-05,-2.6489289e-05,1.61514e-11,1.61514e-11,-5.476227e-22,-5.476227e-22,2.6489288e-05,2.6489288e-05,-1.0697667e-15,-1.0697667e-15,1.6060637e-06,1.6060637e-06,1.6060637e-06,1.6060637e-06,9.2225274e-19,9.2225274e-19,-0.00015010597,-0.00015010597,-2.6489289e-05,-2.6489289e-05,-0.00015010597,-0.00015010597,-2.6489289e-05,-2.6489289e-05,-6.1380834e-17,-6.1380834e-17,5.2717773e-17,5.2717773e-17,-0.00017659526,-0.00017659526,-1.0651326e-18,-1.0651326e-18,-0.00017659198,-0.00017659198,-5.7655638e-18,-5.7655638e-18,-1.7796706e-13,-1.7796706e-13,2.6489289e-05,2.6489289e-05,-1.7796801e-13,-1.7796801e-13,2.6489289e-05,2.6489289e-05,2.6489288e-05,2.6489288e-05,-1.0667646e-15,-1.0667646e-15,-0.00015010597,-0.00015010597,-0.00015010597,-0.00015010597,-2.6489289e-05,-2.6489289e-05,-2.8504037e-07,-2.8504037e-07,5.1560158e-19,5.1560158e-19,-8.4774065e-15,-8.4774065e-15,-2.8504036e-07,-2.8504036e-07,-1.7297083e-06,-1.7297083e-06,-1.0646533e-15,-1.0646533e-15,0.0065638759,0.0065638759,-6.7351947e-14,-6.7351947e-14,0.0083309792,0.0083309792,-3.3809714e-14,-3.3809714e-14,-0.00015010597,-0.00015010597,0.00017659526,0.00017659526,-3.0021194e-05,-3.0021194e-05,-2.1939901e-16,-2.1939901e-16,-1.7501517e-14,-1.7501517e-14,1.7504144e-14,1.7504144e-14,-3.1714607e-19,-3.1714607e-19,-5.9576908e-19,-5.9576908e-19,-3.2743973e-09,-3.2743973e-09,-1.8119859e-18,-1.8119859e-18,2.3162982e-18,2.3162982e-18,-5.2327344e-18,-5.2327344e-18,3.0258376e-07,3.0258376e-07,1.8764057e-35,1.8764057e-35
-0.00014850794,-0.00014850794,0.00014850794,0.00014850794,1.5930454e-15,1.5930454e-15,1.0253616e-15,1.0253616e-15,0.00014850794,0.00014850794,-2.1662476e-05,-2.1662476e-05,-2.6207283e-05,-2.6207283e-05,-2.1444585e-05,-2.1444585e-05,-2.6207283e-05,-2.6207283e-05,1.5974417e-11,1.5974417e-11,-5.4162253e-22,-5.4162253e-22,2.6207283e-05,2.6207283e-05,-1.0692587e-15,-1.0692587e-15,1.5889656e-06,1.5889656e-06,1.5889656e-06,1.5889656e-06,9.1243279e-19,9.1243279e-19,-0.00014850794,-0.00014850794,-2.6207283e-05,-2.6207283e-05,-0.00014850794,-0.00014850794,-2.6207283e-05,-2.6207283e-05,-6.1606433e-17,-6.1606433e-17,5.2560413e-17,5.2560413e-17,-0.00017471522,-0.00017471522,-1.5289829e-18,-1.5289829e-18,-0.00017471211,-0.00017471211,-6.1793525e-18,-6.1793525e-18,-1.6619934e-13,-1.6619934e-13,2.6207283e-05,2.6207283e-05,-1.6620028e-13,-1.6620028e-13,2.6207283e-05,2.6207283e-05,2.6207283e-05,2.6207283e-05,-1.0662885e-15,-1.0662885e-15,-0.00014850794,-0.00014850794,-0.00014850794,-0.00014850794,-2.6207283e-05,-2.6207283e-05,-2.8200587e-07,-2.8200587e-07,5.1011113e-19,5.1011113e-19,1.176773e-14,1.176773e-14,-2.8200588e-07,-2.8200588e-07,-1.7112987e-06,-1.7112987e-06,-1.0641997e-15,-1.0641997e-15,0.0064939935,0.0064939935,-6.7323716e-14,-6.7323716e-14,0.0082422871,0.0082422871,-3.3795809e-14,-3.3795809e-14,-0.00014850794,-0.00014850794,0.00017471522,0.00017471522,-2.9701587e-05,-2.9701587e-05,-2.1933446e-16,-2.1933446e-16,-1.7504293e-14,-1.7504293e-14,1.7506893e-14,1.7506893e-14,-3.1375435e-19,-3.1375435e-19,-5.8942665e-19,-5.8942665e-19,-3.1106775e-09,-3.1106775e-09,-1.7926958e-18,-1.7926958e-18,2.2916387e-18,2.2916387e-18,-5.1770252e-18,-5.1770252e-18,2.9960123e-07,2.9960123e-07,1.8366563e-35,1.8366563e-35
-0.00014692692,-0.00014692692,0.00014692692,0.00014692692,1.5928285e-15,1.5928285e-15,1.0248512e-15,1.0248512e-15,0.00014692692,0.00014692692,-2.1431939e-05,-2.1431939e-05,-2.5928279e-05,-2.5928279e-05,-2.1216196e-05,-2.1216196e-05,-2.5928279e-05,-2.5928279e-05,1.5809192e-11,1.5809192e-11,-5.3569475e-22,-5.3569475e-22,2.5928279e-05,2.5928279e-05,-1.0687561e-15,-1.0687561e-15,1.5720498e-06,1.5720498e-06,1.5720498e-06,1.5720498e-06,9.0271738e-19,9.0271738e-19,-0.00014692691,-0.00014692691,-2.5928279e-05,-2.5928279e-05,-0.00014692691,-0.00014692691,-2.5928279e-05,-2.5928279e-05,-6.1829628e-17,-6.1829628e-17,5.2404728e-17,5.2404728e-17,-0.00017285519,-0.00017285519,-1.9878926e-18,-1.9878926e-18,-0.00017285224,-0.00017285224,-6.5887347e-18,-6.5887347e-18,-1.7391121e-13,-1.7391121e-13,2.5928279e-05,2.5928279e-05,-1.7391214e-13,-1.7391214e-13,2.5928279e-05,2.5928279e-05,2.5928279e-05,2.5928279e-05,-1.0658175e-15,-1.0658175e-15,-0.00014692692,-0.00014692692,-0.00014692692,-0.00014692692,-2.5928279e-05,-2.5928279e-05,-2.7900367e-07,-2.7900367e-07,5.0467913e-19,5.0467913e-19,-7.7118558e-15,-7.7118558e-15,-2.7900367e-07,-2.7900367e-07,-1.6930849e-06,-1.6930849e-06,-1.0637509e-15,-1.0637509e-15,0.0064248553,0.0064248553,-6.7295786e-14,-6.7295786e-14,0.0081545392,0.0081545392,-3.3782053e-14,-3.3782053e-14,-0.00014692692,-0.00014692692,0.00017285519,0.00017285519,-2.9385383e-05,-2.9385383e-05,-2.1927061e-16,-2.1927061e-16,-1.7507039e-14,-1.7507039e-14,1.7509612e-14,1.7509612e-14,-3.1039909e-19,-3.1039909e-19,-5.8315173e-19,-5.8315173e-19,-2.9551436e-09,-2.9551436e-09,-1.773611e-18,-1.773611e-18,2.2672417e-18,2.2672417e-18,-5.1219091e-18,-5.1219091e-18,2.966476e-07,2.966476e-07,1.7977489e-35,1.7977489e-35
-0.00014536273,-0.00014536273,0.00014536273,0.00014536273,1.5926117e-15,1.5926117e-15,1.0243462e-15,1.0243462e-15,0.00014536273,0.00014536273,-2.1203859e-05,-2.1203859e-05,-2.5652246e-05,-2.5652246e-05,-2.0990243e-05,-2.0990243e-05,-2.5652246e-05,-2.5652246e-05,1.5636245e-11,1.5636245e-11,-5.2983816e-22,-5.2983816e-22,2.5652245e-05,2.5652245e-05,-1.0682588e-15,-1.0682588e-15,1.5553138e-06,1.5553138e-06,1.5553138e-06,1.5553138e-06,8.931054e-19,8.931054e-19,-0.00014536273,-0.00014536273,-2.5652246e-05,-2.5652246e-05,-0.00014536273,-0.00014536273,-2.5652246e-05,-2.5652246e-05,-6.2050445e-17,-6.2050445e-17,5.22507e-17,5.22507e-17,-0.00017101497,-0.00017101497,-2.4419145e-18,-2.4419145e-18,-0.00017101216,-0.00017101216,-6.9937572e-18,-6.9937572e-18,-1.6295541e-13,-1.6295541e-13,2.5652246e-05,2.5652246e-05,-1.6295633e-13,-1.6295633e-13,2.5652246e-05,2.5652246e-05,2.5652245e-05,2.5652245e-05,-1.0653515e-15,-1.0653515e-15,-0.00014536273,-0.00014536273,-0.00014536273,-0.00014536273,-2.5652246e-05,-2.5652246e-05,-2.7603344e-07,-2.7603344e-07,4.9930498e-19,4.9930498e-19,1.0955805e-14,1.0955805e-14,-2.7603345e-07,-2.7603345e-07,-1.6750647e-06,-1.6750647e-06,-1.0633069e-15,-1.0633069e-15,0.0063564533,0.0063564533,-6.7268154e-14,-6.7268154e-14,0.0080677254,0.0080677254,-3.3768442e-14,-3.3768442e-14,-0.00014536273,-0.00014536273,0.00017101497,0.00017101497,-2.9072545e-05,-2.9072545e-05,-2.1920743e-16,-2.1920743e-16,-1.7509756e-14,-1.7509756e-14,1.7512302e-14,1.7512302e-14,-3.070799e-19,-3.070799e-19,-5.7694361e-19,-5.7694361e-19,-2.8073864e-09,-2.8073864e-09,-1.7547294e-18,-1.7547294e-18,2.2431044e-18,2.2431044e-18,-5.0673798e-18,-5.0673798e-18,2.9372261e-07,2.9372261e-07,1.7596657e-35,1.7596657e-35
-0.00014381519,-0.00014381519,0.00014381519,0.00014381519,1.5923948e-15,1.5923948e-15,1.0238465e-15,1.0238465e-15,0.00014381519,0.00014381519,-2.0978209e-05,-2.0978209e-05,-2.5379151e-05,-2.5379151e-05,-2.0766699e-05,-2.0766699e-05,-2.5379151e-05,-2.5379151e-05,1.5474244e-11,1.5474244e-11,-5.2405159e-22,-5.2405159e-22,2.5379151e-05,2.5379151e-05,-1.0677668e-15,-1.0677668e-15,1.5387562e-06,1.5387562e-06,1.5387562e-06,1.5387562e-06,8.8359574e-19,8.8359574e-19,-0.00014381519,-0.00014381519,-2.5379151e-05,-2.5379151e-05,-0.00014381519,-0.00014381519,-2.5379151e-05,-2.5379151e-05,-6.2268907e-17,-6.2268907e-17,5.2098311e-17,5.2098311e-17,-0.00016919434,-0.00016919434,-2.8911006e-18,-2.8911006e-18,-0.00016919167,-0.00016919167,-7.3944666e-18,-7.3944666e-18,-1.6996357e-13,-1.6996357e-13,2.5379151e-05,2.5379151e-05,-1.6996448e-13,-1.6996448e-13,2.5379151e-05,2.5379151e-05,2.5379151e-05,2.5379151e-05,-1.0648905e-15,-1.0648905e-15,-0.00014381519,-0.00014381519,-0.00014381519,-0.00014381519,-2.5379151e-05,-2.5379151e-05,-2.7309482e-07,-2.7309482e-07,4.9398805e-19,4.9398805e-19,-7.0081476e-15,-7.0081476e-15,-2.7309481e-07,-2.7309481e-07,-1.6572361e-06,-1.6572361e-06,-1.0628677e-15,-1.0628677e-15,0.0062887796,0.0062887796,-6.7240816e-14,-6.7240816e-14,0.0079818359,0.0079818359,-3.3754977e-14,-3.3754977e-14,-0.00014381519,-0.00014381519,0.00016919434,0.00016919434,-2.8763038e-05,-2.8763038e-05,-2.1914492e-16,-2.1914492e-16,-1.7512445e-14,-1.7512445e-14,1.7514964e-14,1.7514964e-14,-3.0379639e-19,-3.0379639e-19,-5.7080157e-19,-5.7080157e-19,-2.6670171e-09,-2.6670171e-09,-1.7360488e-18,-1.7360488e-18,2.219224e-18,2.219224e-18,-5.0134311e-18,-5.0134311e-18,2.90826e-07,2.90826e-07,1.7223892e-35,1.7223892e-35
-0.00014228413,-0.00014228413,0.00014228413,0.00014228413,1.5922322e-15,1.5922322e-15,1.0233522e-15,1.0233522e-15,0.00014228413,0.00014228413,-2.0754964e-05,-2.0754964e-05,-2.5108963e-05,-2.5108963e-05,-2.054554e-05,-2.054554e-05,-2.5108963e-05,-2.5108963e-05,1.5305224e-11,1.5305224e-11,-5.1833393e-22,-5.1833393e-22,2.5108963e-05,2.5108963e-05,-1.0672801e-15,-1.0672801e-15,1.5223747e-06,1.5223747e-06,1.5223747e-06,1.5223747e-06,8.7418733e-19,8.7418733e-19,-0.00014228413,-0.00014228413,-2.5108963e-05,-2.5108963e-05,-0.00014228413,-0.00014228413,-2.5108963e-05,-2.5108963e-05,-6.2485042e-17,-6.2485042e-17,5.1947544e-17,5.1947544e-17,-0.00016739309,-0.00016739309,-3.3355026e-18,-3.3355026e-18,-0.00016739056,-0.00016739056,-7.7909088e-18,-7.7909088e-18,-1.5975869e-13,-1.5975869e-13,2.5108963e-05,2.5108963e-05,-1.5975959e-13,-1.5975959e-13,2.5108963e-05,2.5108963e-05,2.5108963e-05,2.5108963e-05,-1.0644344e-15,-1.0644344e-15,-0.00014228413,-0.00014228413,-0.00014228413,-0.00014228413,-2.5108963e-05,-2.5108963e-05,-2.7018748e-07,-2.7018748e-07,4.8872774e-19,4.8872774e-19,1.0204888e-14,1.0204888e-14,-2.7018749e-07,-2.7018749e-07,-1.6395972e-06,-1.6395972e-06,-1.0624331e-15,-1.0624331e-15,0.0062218264,0.0062218264,-6.7213769e-14,-6.7213769e-14,0.0078968608,0.0078968608,-3.3741655e-14,-3.3741655e-14,-0.00014228413,-0.00014228413,0.00016739309,0.00016739309,-2.8456825e-05,-2.8456825e-05,-2.1908309e-16,-2.1908309e-16,-1.7515104e-14,-1.7515104e-14,1.7517597e-14,1.7517597e-14,-3.0054815e-19,-3.0054815e-19,-5.6472491e-19,-5.6472491e-19,-2.5336662e-09,-2.5336662e-09,-1.717567e-18,-1.717567e-18,2.1955979e-18,2.1955979e-18,-4.9600568e-18,-4.9600568e-18,2.8795749e-07,2.8795749e-07,1.6859023e-35,1.6859023e-35
-0.00014076936,-0.00014076936,0.00014076936,0.00014076936,1.5920425e-15,1.5920425e-15,1.0228632e-15,1.0228632e-15,0.00014076936,0.00014076936,-2.0534096e-05,-2.0534096e-05,-2.4841652e-05,-2.4841652e-05,-2.0326739e-05,-2.0326739e-05,-2.4841652e-05,-2.4841652e-05,1.5146398e-11,1.5146398e-11,-5.1268406e-22,-5.1268406e-22,2.4841652e-05,2.4841652e-05,-1.0667985e-15,-1.0667985e-15,1.5061677e-06,1.5061677e-06,1.5061677e-06,1.5061677e-06,8.6487908e-19,8.6487908e-19,-0.00014076936,-0.00014076936,-2.4841652e-05,-2.4841652e-05,-0.00014076936,-0.00014076936,-2.4841652e-05,-2.4841652e-05,-6.2698873e-17,-6.2698873e-17,5.1798381e-17,5.1798381e-17,-0.00016561102,-0.00016561102,-3.7751714e-18,-3.7751714e-18,-0.00016560861,-0.00016560861,-8.1831292e-18,-8.1831292e-18,-1.6612012e-13,-1.6612012e-13,2.4841652e-05,2.4841652e-05,-1.6612101e-13,-1.6612101e-13,2.4841652e-05,2.4841652e-05,2.4841652e-05,2.4841652e-05,-1.0639832e-15,-1.0639832e-15,-0.00014076936,-0.00014076936,-0.00014076936,-0.00014076936,-2.4841652e-05,-2.4841652e-05,-2.6731109e-07,-2.6731109e-07,4.8352344e-19,4.8352344e-19,-6.3614191e-15,-6.3614191e-15,-2.6731108e-07,-2.6731108e-07,-1.6221458e-06,-1.6221458e-06,-1.0620032e-15,-1.0620032e-15,0.0061555862,0.0061555862,-6.718701e-14,-6.718701e-14,0.0078127903,0.0078127903,-3.3728475e-14,-3.3728475e-14,-0.00014076936,-0.00014076936,0.00016561102,0.00016561102,-2.8153873e-05,-2.8153873e-05,-2.190219e-16,-2.190219e-16,-1.7517735e-14,-1.7517735e-14,1.7520201e-14,1.7520201e-14,-2.9733482e-19,-2.9733482e-19,-5.5871294e-19,-5.5871294e-19,-2.4069829e-09,-2.4069829e-09,-1.699282e-18,-1.699282e-18,2.1722234e-18,2.1722234e-18,-4.9072507e-18,-4.9072507e-18,2.8511682e-07,2.8511682e-07,1.6501884e-35,1.6501884e-35
-0.00013927073,-0.00013927073,0.00013927073,0.00013927073,1.5918256e-15,1.5918256e-15,1.0223793e-15,1.0223793e-15,0.00013927073,0.00013927073,-2.0315582e-05,-2.0315582e-05,-2.4577187e-05,-2.4577187e-05,-2.0110271e-05,-2.0110271e-05,-2.4577187e-05,-2.4577187e-05,1.4981202e-11,1.4981202e-11,-5.0710092e-22,-5.0710092e-22,2.4577187e-05,2.4577187e-05,-1.0663221e-15,-1.0663221e-15,1.4901331e-06,1.4901331e-06,1.4901331e-06,1.4901331e-06,8.5566994e-19,8.5566994e-19,-0.00013927073,-0.00013927073,-2.4577187e-05,-2.4577187e-05,-0.00013927073,-0.00013927073,-2.4577187e-05,-2.4577187e-05,-6.2910425e-17,-6.2910425e-17,5.1650806e-17,5.1650806e-17,-0.00016384791,-0.00016384791,-4.2101574e-18,-4.2101574e-18,-0.00016384563,-0.00016384563,-8.5711728e-18,-8.5711728e-18,-1.5660986e-13,-1.5660986e-13,2.4577187e-05,2.4577187e-05,-1.5661073e-13,-1.5661073e-13,2.4577187e-05,2.4577187e-05,2.4577187e-05,2.4577187e-05,-1.0635367e-15,-1.0635367e-15,-0.00013927073,-0.00013927073,-0.00013927073,-0.00013927073,-2.4577187e-05,-2.4577187e-05,-2.6446532e-07,-2.6446532e-07,4.7837457e-19,4.7837457e-19,9.5102773e-15,9.5102773e-15,-2.6446533e-07,-2.6446533e-07,-1.60488e-06,-1.60488e-06,-1.0615778e-15,-1.0615778e-15,0.0060900513,0.0060900513,-6.7160536e-14,-6.7160536e-14,0.0077296148,0.0077296148,-3.3715435e-14,-3.3715435e-14,-0.00013927073,-0.00013927073,0.00016384791,0.00016384791,-2.7854145e-05,-2.7854145e-05,-2.1896137e-16,-2.1896137e-16,-1.7520338e-14,-1.7520338e-14,1.7522779e-14,1.7522779e-14,-2.9415602e-19,-2.9415602e-19,-5.5276496e-19,-5.5276496e-19,-2.2866338e-09,-2.2866338e-09,-1.6811916e-18,-1.6811916e-18,2.1490977e-18,2.1490977e-18,-4.8550069e-18,-4.8550069e-18,2.8230373e-07,2.8230373e-07,1.615231e-35,1.615231e-35
-0.00013778804,-0.00013778804,0.00013778804,0.00013778804,1.5916088e-15,1.5916088e-15,1.0219007e-15,1.0219007e-15,0.00013778804,0.00013778804,-2.0099396e-05,-2.0099396e-05,-2.4315537e-05,-2.4315537e-05,-1.989611e-05,-1.989611e-05,-2.4315537e-05,-2.4315537e-05,1.4825506e-11,1.4825506e-11,-5.0158348e-22,-5.0158348e-22,2.4315537e-05,2.4315537e-05,-1.0658508e-15,-1.0658508e-15,1.4742693e-06,1.4742693e-06,1.4742693e-06,1.4742693e-06,8.4655884e-19,8.4655884e-19,-0.00013778804,-0.00013778804,-2.4315537e-05,-2.4315537e-05,-0.00013778804,-0.00013778804,-2.4315537e-05,-2.4315537e-05,-6.3119723e-17,-6.3119723e-17,5.1504802e-17,5.1504802e-17,-0.00016210358,-0.00016210358,-4.6405107e-18,-4.6405107e-18,-0.00016210141,-0.00016210141,-8.9550842e-18,-8.9550842e-18,-1.6237705e-13,-1.6237705e-13,2.4315537e-05,2.4315537e-05,-1.6237792e-13,-1.6237792e-13,2.4315537e-05,2.4315537e-05,2.4315537e-05,2.4315537e-05,-1.063095e-15,-1.063095e-15,-0.00013778804,-0.00013778804,-0.00013778804,-0.00013778804,-2.4315537e-05,-2.4315537e-05,-2.6164985e-07,-2.6164985e-07,4.7328052e-19,4.7328052e-19,-5.7671875e-15,-5.7671875e-15,-2.6164984e-07,-2.6164984e-07,-1.5877978e-06,-1.5877978e-06,-1.061157e-15,-1.061157e-15,0.0060252142,0.0060252142,-6.7134344e-14,-6.7134344e-14,0.0076473248,0.0076473248,-3.3702534e-14,-3.3702534e-14,-0.00013778804,-0.00013778804,0.00016210358,0.00016210358,-2.7557609e-05,-2.7557609e-05,-2.1890149e-16,-2.1890149e-16,-1.7522913e-14,-1.7522913e-14,1.7525328e-14,1.7525328e-14,-2.9101136e-19,-2.9101136e-19,-5.468803e-19,-5.468803e-19,-2.1723021e-09,-2.1723021e-09,-1.6632938e-18,-1.6632938e-18,2.1262181e-18,2.1262181e-18,-4.8033193e-18,-4.8033193e-18,2.7951797e-07,2.7951797e-07,1.5810141e-35,1.5810141e-35
-0.00013632115,-0.00013632115,0.00013632115,0.00013632115,1.5914462e-15,1.5914462e-15,1.0214271e-15,1.0214271e-15,0.00013632115,0.00013632115,-1.9885513e-05,-1.9885513e-05,-2.4056673e-05,-2.4056673e-05,-1.9684233e-05,-1.9684233e-05,-2.4056673e-05,-2.4056673e-05,1.4664033e-11,1.4664033e-11,-4.9613071e-22,-4.9613071e-22,2.4056673e-05,2.4056673e-05,-1.0653845e-15,-1.0653845e-15,1.4585743e-06,1.4585743e-06,1.4585743e-06,1.4585743e-06,8.3754475e-19,8.3754475e-19,-0.00013632115,-0.00013632115,-2.4056673e-05,-2.4056673e-05,-0.00013632115,-0.00013632115,-2.4056673e-05,-2.4056673e-05,-6.3326791e-17,-6.3326791e-17,5.1360351e-17,5.1360351e-17,-0.00016037782,-0.00016037782,-5.0662806e-18,-5.0662806e-18,-0.00016037575,-0.00016037575,-9.3349072e-18,-9.3349072e-18,-1.5350943e-13,-1.5350943e-13,2.4056673e-05,2.4056673e-05,-1.5351029e-13,-1.5351029e-13,2.4056673e-05,2.4056673e-05,2.4056673e-05,2.4056673e-05,-1.062658e-15,-1.062658e-15,-0.00013632115,-0.00013632115,-0.00013632115,-0.00013632115,-2.4056673e-05,-2.4056673e-05,-2.5886434e-07,-2.5886434e-07,4.6824072e-19,4.6824072e-19,8.8676332e-15,8.8676332e-15,-2.5886435e-07,-2.5886435e-07,-1.5708973e-06,-1.5708973e-06,-1.0607406e-15,-1.0607406e-15,0.0059610674,0.0059610674,-6.7108431e-14,-6.7108431e-14,0.0075659109,0.0075659109,-3.3689771e-14,-3.3689771e-14,-0.00013632115,-0.00013632115,0.00016037782,0.00016037782,-2.7264229e-05,-2.7264229e-05,-2.1884224e-16,-2.1884224e-16,-1.7525461e-14,-1.7525461e-14,1.7527851e-14,1.7527851e-14,-2.8790048e-19,-2.8790048e-19,-5.4105829e-19,-5.4105829e-19,-2.063687e-09,-2.063687e-09,-1.6455866e-18,-1.6455866e-18,2.1035822e-18,2.1035822e-18,-4.7521821e-18,-4.7521821e-18,2.7675928e-07,2.7675928e-07,1.547522e-35,1.547522e-35
-0.00013486986,-0.00013486986,0.00013486986,0.00013486986,1.5912293e-15,1.5912293e-15,1.0209586e-15,1.0209586e-15,0.00013486986,0.00013486986,-1.9673907e-05,-1.9673907e-05,-2.3800564e-05,-2.3800564e-05,-1.9474615e-05,-1.9474615e-05,-2.3800564e-05,-2.3800564e-05,1.4511418e-11,1.4511418e-11,-4.9074164e-22,-4.9074164e-22,2.3800564e-05,2.3800564e-05,-1.0649231e-15,-1.0649231e-15,1.4430465e-06,1.4430465e-06,1.4430465e-06,1.4430465e-06,8.2862663e-19,8.2862663e-19,-0.00013486986,-0.00013486986,-2.3800564e-05,-2.3800564e-05,-0.00013486986,-0.00013486986,-2.3800564e-05,-2.3800564e-05,-6.3531651e-17,-6.3531651e-17,5.1217438e-17,5.1217438e-17,-0.00015867043,-0.00015867043,-5.4875159e-18,-5.4875159e-18,-0.00015866847,-0.00015866847,-9.7106856e-18,-9.7106856e-18,-1.5873076e-13,-1.5873076e-13,2.3800564e-05,2.3800564e-05,-1.5873161e-13,-1.5873161e-13,2.3800564e-05,2.3800564e-05,2.3800564e-05,2.3800564e-05,-1.0622257e-15,-1.0622257e-15,-0.00013486986,-0.00013486986,-0.00013486986,-0.00013486986,-2.3800564e-05,-2.3800564e-05,-2.5610849e-07,-2.5610849e-07,4.6325458e-19,4.6325458e-19,-5.2213198e-15,-5.2213198e-15,-2.5610849e-07,-2.5610849e-07,-1.5541766e-06,-1.5541766e-06,-1.0603287e-15,-1.0603287e-15,0.0058976036,0.0058976036,-6.7082794e-14,-6.7082794e-14,0.0074853637,0.0074853637,-3.3677143e-14,-3.3677143e-14,-0.00013486986,-0.00013486986,0.00015867043,0.00015867043,-2.6973973e-05,-2.6973973e-05,-2.1878363e-16,-2.1878363e-16,-1.7527982e-14,-1.7527982e-14,1.7530346e-14,1.7530346e-14,-2.8482301e-19,-2.8482301e-19,-5.3529825e-19,-5.3529825e-19,-1.9605026e-09,-1.9605026e-09,-1.6280678e-18,-1.6280678e-18,2.0811873e-18,2.0811873e-18,-4.7015892e-18,-4.7015892e-18,2.740274e-07,2.740274e-07,1.5147394e-35,1.5147394e-35
-0.00013343403,-0.00013343403,0.00013343403,0.00013343403,1.5909583e-15,1.5909583e-15,1.020495e-15,1.020495e-15,0.00013343403,0.00013343403,-1.9464556e-05,-1.9464556e-05,-2.3547182e-05,-2.3547182e-05,-1.9267231e-05,-1.9267231e-05,-2.3547182e-05,-2.3547182e-05,1.4353572e-11,1.4353572e-11,-4.854153e-22,-4.854153e-22,2.3547182e-05,2.3547182e-05,-1.0644666e-15,-1.0644666e-15,1.4276838e-06,1.4276838e-06,1.4276838e-06,1.4276838e-06,8.1980346e-19,8.1980346e-19,-0.00013343403,-0.00013343403,-2.3547182e-05,-2.3547182e-05,-0.00013343403,-0.00013343403,-2.3547182e-05,-2.3547182e-05,-6.3734329e-17,-6.3734329e-17,5.1076046e-17,5.1076046e-17,-0.00015698122,-0.00015698122,-5.9042651e-18,-5.9042651e-18,-0.00015697935,-0.00015697935,-1.0082462e-17,-1.0082462e-17,-1.5045781e-13,-1.5045781e-13,2.3547182e-05,2.3547182e-05,-1.5045865e-13,-1.5045865e-13,2.3547182e-05,2.3547182e-05,2.3547182e-05,2.3547182e-05,-1.061798e-15,-1.061798e-15,-0.00013343403,-0.00013343403,-0.00013343403,-0.00013343403,-2.3547182e-05,-2.3547182e-05,-2.5338198e-07,-2.5338198e-07,4.5832155e-19,4.5832155e-19,8.2729548e-15,8.2729548e-15,-2.5338199e-07,-2.5338199e-07,-1.5376337e-06,-1.5376337e-06,-1.0599212e-15,-1.0599212e-15,0.0058348156,0.0058348156,-6.7057429e-14,-6.7057429e-14,0.007405674,0.007405674,-3.366465e-14,-3.366465e-14,-0.00013343403,-0.00013343403,0.00015698122,0.00015698122,-2.6686807e-05,-2.6686807e-05,-2.1872563e-16,-2.1872563e-16,-1.7530475e-14,-1.7530475e-14,1.7532815e-14,1.7532815e-14,-2.8177859e-19,-2.8177859e-19,-5.2959952e-19,-5.2959952e-19,-1.8624775e-09,-1.8624775e-09,-1.6107355e-18,-1.6107355e-18,2.0590307e-18,2.0590307e-18,-4.6515351e-18,-4.6515351e-18,2.7132209e-07,2.7132209e-07,1.4826513e-35,1.4826513e-35
-0.00013201349,-0.00013201349,0.00013201349,0.00013201349,1.5907685e-15,1.5907685e-15,1.0200364e-15,1.0200364e-15,0.00013201349,0.00013201349,-1.9257435e-05,-1.9257435e-05,-2.3296498e-05,-2.3296498e-05,-1.9062058e-05,-1.9062058e-05,-2.3296498e-05,-2.3296498e-05,1.4203989e-11,1.4203989e-11,-4.8015076e-22,-4.8015076e-22,2.3296498e-05,2.3296498e-05,-1.0640151e-15,-1.0640151e-15,1.4124849e-06,1.4124849e-06,1.4124849e-06,1.4124849e-06,8.1107424e-19,8.1107424e-19,-0.00013201349,-0.00013201349,-2.3296498e-05,-2.3296498e-05,-0.00013201349,-0.00013201349,-2.3296498e-05,-2.3296498e-05,-6.3934847e-17,-6.3934847e-17,5.0936159e-17,5.0936159e-17,-0.00015530999,-0.00015530999,-6.3165758e-18,-6.3165758e-18,-0.00015530822,-0.00015530822,-1.045028e-17,-1.045028e-17,-1.5517783e-13,-1.5517783e-13,2.3296498e-05,2.3296498e-05,-1.5517866e-13,-1.5517866e-13,2.3296498e-05,2.3296498e-05,2.3296498e-05,2.3296498e-05,-1.0613748e-15,-1.0613748e-15,-0.00013201349,-0.00013201349,-0.00013201349,-0.00013201349,-2.3296498e-05,-2.3296498e-05,-2.5068449e-07,-2.5068449e-07,4.5344104e-19,4.5344104e-19,-4.7200058e-15,-4.7200058e-15,-2.5068448e-07,-2.5068448e-07,-1.5212668e-06,-1.5212668e-06,-1.059518e-15,-1.059518e-15,0.0057726961,0.0057726961,-6.7032335e-14,-6.7032335e-14,0.0073268327,0.0073268327,-3.365229e-14,-3.365229e-14,-0.00013201349,-0.00013201349,0.00015530999,0.00015530999,-2.6402698e-05,-2.6402698e-05,-2.1866826e-16,-2.1866826e-16,-1.7532942e-14,-1.7532942e-14,1.7535257e-14,1.7535257e-14,-2.7876687e-19,-2.7876687e-19,-5.2396146e-19,-5.2396146e-19,-1.7693536e-09,-1.7693536e-09,-1.5935878e-18,-1.5935878e-18,2.0371101e-18,2.0371101e-18,-4.6020138e-18,-4.6020138e-18,2.6864308e-07,2.6864308e-07,1.451243e-35,1.451243e-35
-0.00013060807,-0.00013060807,0.00013060807,0.00013060807,1.5906059e-15,1.5906059e-15,1.0195827e-15,1.0195827e-15,0.00013060807,0.00013060807,-1.9052519e-05,-1.9052519e-05,-2.3048482e-05,-2.3048482e-05,-1.8859071e-05,-1.8859071e-05,-2.3048482e-05,-2.3048482e-05,1.4049678e-11,1.4049678e-11,-4.7494711e-22,-4.7494711e-22,2.3048482e-05,2.3048482e-05,-1.0635683e-15,-1.0635683e-15,1.3974475e-06,1.3974475e-06,1.3974475e-06,1.3974475e-06,8.0243796e-19,8.0243796e-19,-0.00013060807,-0.00013060807,-2.3048482e-05,-2.3048482e-05,-0.00013060807,-0.00013060807,-2.3048482e-05,-2.3048482e-05,-6.4133228e-17,-6.4133228e-17,5.079776e-17,5.079776e-17,-0.00015365655,-0.00015365655,-6.7244954e-18,-6.7244954e-18,-0.00015365487,-0.00015365487,-1.0814181e-17,-1.0814181e-17,-1.4745529e-13,-1.4745529e-13,2.3048482e-05,2.3048482e-05,-1.4745611e-13,-1.4745611e-13,2.3048482e-05,2.3048482e-05,2.3048482e-05,2.3048482e-05,-1.0609561e-15,-1.0609561e-15,-0.00013060807,-0.00013060807,-0.00013060807,-0.00013060807,-2.3048482e-05,-2.3048482e-05,-2.4801572e-07,-2.4801572e-07,4.4861252e-19,4.4861252e-19,7.7225511e-15,7.7225511e-15,-2.4801572e-07,-2.4801572e-07,-1.505074e-06,-1.505074e-06,-1.0591191e-15,-1.0591191e-15,0.005711238,0.005711238,-6.7007509e-14,-6.7007509e-14,0.0072488307,0.0072488307,-3.3640062e-14,-3.3640062e-14,-0.00013060807,-0.00013060807,0.00015365655,0.00015365655,-2.6121613e-05,-2.6121613e-05,-2.1861149e-16,-2.1861149e-16,-1.7535383e-14,-1.7535383e-14,1.7537674e-14,1.7537674e-14,-2.7578747e-19,-2.7578747e-19,-5.1838342e-19,-5.1838342e-19,-1.6808859e-09,-1.6808859e-09,-1.5766225e-18,-1.5766225e-18,2.0154228e-18,2.0154228e-18,-4.5530198e-18,-4.5530198e-18,2.6599015e-07,2.6599015e-07,1.4205e-35,1.4205e-35
-0.0001292176,-0.0001292176,0.0001292176,0.0001292176,1.5904162e-15,1.5904162e-15,1.0191338e-15,1.0191338e-15,0.0001292176,0.0001292176,-1.8849785e-05,-1.8849785e-05,-2.2803107e-05,-2.2803107e-05,-1.8658249e-05,-1.8658249e-05,-2.2803107e-05,-2.2803107e-05,1.3903079e-11,1.3903079e-11,-4.6980345e-22,-4.6980345e-22,2.2803107e-05,2.2803107e-05,-1.0631263e-15,-1.0631263e-15,1.3825705e-06,1.3825705e-06,1.3825705e-06,1.3825705e-06,7.9389363e-19,7.9389363e-19,-0.0001292176,-0.0001292176,-2.2803107e-05,-2.2803107e-05,-0.0001292176,-0.0001292176,-2.2803107e-05,-2.2803107e-05,-6.4329496e-17,-6.4329496e-17,5.0660834e-17,5.0660834e-17,-0.00015202071,-0.00015202071,-7.1280708e-18,-7.1280708e-18,-0.00015201911,-0.00015201911,-1.1174207e-17,-1.1174207e-17,-1.5171503e-13,-1.5171503e-13,2.2803107e-05,2.2803107e-05,-1.5171584e-13,-1.5171584e-13,2.2803107e-05,2.2803107e-05,2.2803107e-05,2.2803107e-05,-1.0605419e-15,-1.0605419e-15,-0.0001292176,-0.0001292176,-0.0001292176,-0.0001292176,-2.2803107e-05,-2.2803107e-05,-2.4537535e-07,-2.4537535e-07,4.4383541e-19,4.4383541e-19,-4.259733e-15,-4.259733e-15,-2.4537535e-07,-2.4537535e-07,-1.4890535e-06,-1.4890535e-06,-1.0587245e-15,-1.0587245e-15,0.0056504343,0.0056504343,-6.6982946e-14,-6.6982946e-14,0.0071716592,0.0071716592,-3.3627964e-14,-3.3627964e-14,-0.0001292176,-0.0001292176,0.00015202071,0.00015202071,-2.5843521e-05,-2.5843521e-05,-2.1855533e-16,-2.1855533e-16,-1.7537798e-14,-1.7537798e-14,1.7540064e-14,1.7540064e-14,-2.7284007e-19,-2.7284007e-19,-5.1286476e-19,-5.1286476e-19,-1.5968416e-09,-1.5968416e-09,-1.5598379e-18,-1.5598379e-18,1.9939664e-18,1.9939664e-18,-4.5045474e-18,-4.5045474e-18,2.6336303e-07,2.6336303e-07,1.3904083e-35,1.3904083e-35
-0.00012784195,-0.00012784195,0.00012784195,0.00012784195,1.5902264e-15,1.5902264e-15,1.0186897e-15,1.0186897e-15,0.00012784195,0.00012784195,-1.8649211e-05,-1.8649211e-05,-2.2560344e-05,-2.2560344e-05,-1.8459566e-05,-1.8459566e-05,-2.2560344e-05,-2.2560344e-05,1.3752212e-11,1.3752212e-11,-4.6471891e-22,-4.6471891e-22,2.2560343e-05,2.2560343e-05,-1.062689e-15,-1.062689e-15,1.3678516e-06,1.3678516e-06,1.3678516e-06,1.3678516e-06,7.8544028e-19,7.8544028e-19,-0.00012784195,-0.00012784195,-2.2560344e-05,-2.2560344e-05,-0.00012784195,-0.00012784195,-2.2560344e-05,-2.2560344e-05,-6.4523672e-17,-6.4523672e-17,5.0525366e-17,5.0525366e-17,-0.00015040229,-0.00015040229,-7.5273482e-18,-7.5273482e-18,-0.00015040077,-0.00015040077,-1.1530399e-17,-1.1530399e-17,-1.4450202e-13,-1.4450202e-13,2.2560344e-05,2.2560344e-05,-1.4450282e-13,-1.4450282e-13,2.2560344e-05,2.2560344e-05,2.2560343e-05,2.2560343e-05,-1.0601321e-15,-1.0601321e-15,-0.00012784195,-0.00012784195,-0.00012784195,-0.00012784195,-2.2560344e-05,-2.2560344e-05,-2.427631e-07,-2.427631e-07,4.3910917e-19,4.3910917e-19,7.2130179e-15,7.2130179e-15,-2.4276311e-07,-2.4276311e-07,-1.4732033e-06,-1.4732033e-06,-1.058334e-15,-1.058334e-15,0.0055902779,0.0055902779,-6.6958645e-14,-6.6958645e-14,0.0070953092,0.0070953092,-3.3615995e-14,-3.3615995e-14,-0.00012784195,-0.00012784195,0.00015040229,0.00015040229,-2.5568389e-05,-2.5568389e-05,-2.1849977e-16,-2.1849977e-16,-1.7540186e-14,-1.7540186e-14,1.7542429e-14,1.7542429e-14,-2.699243e-19,-2.699243e-19,-5.0740484e-19,-5.0740484e-19,-1.5169996e-09,-1.5169996e-09,-1.543232e-18,-1.543232e-18,1.9727385e-18,1.9727385e-18,-4.4565911e-18,-4.4565911e-18,2.6076149e-07,2.6076149e-07,1.360954e-35,1.360954e-35
-0.00012648093,-0.00012648093,0.00012648093,0.00012648093,1.5900367e-15,1.5900367e-15,1.0182503e-15,1.0182503e-15,0.00012648093,0.00012648093,-1.8450772e-05,-1.8450772e-05,-2.2320165e-05,-2.2320165e-05,-1.8263001e-05,-1.8263001e-05,-2.2320165e-05,-2.2320165e-05,1.3608549e-11,1.3608549e-11,-4.5969266e-22,-4.5969266e-22,2.2320165e-05,2.2320165e-05,-1.0622563e-15,-1.0622563e-15,1.3532896e-06,1.3532896e-06,1.3532896e-06,1.3532896e-06,7.7707695e-19,7.7707695e-19,-0.00012648093,-0.00012648093,-2.2320165e-05,-2.2320165e-05,-0.00012648093,-0.00012648093,-2.2320165e-05,-2.2320165e-05,-6.4715779e-17,-6.4715779e-17,5.0391339e-17,5.0391339e-17,-0.0001488011,-0.0001488011,-7.9223734e-18,-7.9223734e-18,-0.00014879966,-0.00014879966,-1.1882798e-17,-1.1882798e-17,-1.4833929e-13,-1.4833929e-13,2.2320165e-05,2.2320165e-05,-1.4834009e-13,-1.4834009e-13,2.2320165e-05,2.2320165e-05,2.2320165e-05,2.2320165e-05,-1.0597267e-15,-1.0597267e-15,-0.00012648093,-0.00012648093,-0.00012648093,-0.00012648093,-2.2320165e-05,-2.2320165e-05,-2.4017865e-07,-2.4017865e-07,4.3443327e-19,4.3443327e-19,-3.8372632e-15,-3.8372632e-15,-2.4017865e-07,-2.4017865e-07,-1.4575218e-06,-1.4575218e-06,-1.0579477e-15,-1.0579477e-15,0.0055307621,0.0055307621,-6.6934603e-14,-6.6934603e-14,0.007019772,0.007019772,-3.3604153e-14,-3.3604153e-14,-0.00012648093,-0.00012648093,0.0001488011,0.0001488011,-2.5296187e-05,-2.5296187e-05,-2.184448e-16,-2.184448e-16,-1.754255e-14,-1.754255e-14,1.7544769e-14,1.7544769e-14,-2.6703983e-19,-2.6703983e-19,-5.0200305e-19,-5.0200305e-19,-1.4411496e-09,-1.4411496e-09,-1.5268028e-18,-1.5268028e-18,1.9517365e-18,1.9517365e-18,-4.4091453e-18,-4.4091453e-18,2.5818528e-07,2.5818528e-07,1.3321238e-35,1.3321238e-35
-0.00012513441,-0.00012513441,0.00012513441,0.00012513441,1.5898741e-15,1.5898741e-15,1.0178156e-15,1.0178156e-15,0.00012513441,0.00012513441,-1.8254447e-05,-1.8254447e-05,-2.2082543e-05,-2.2082543e-05,-1.8068531e-05,-1.8068531e-05,-2.2082543e-05,-2.2082543e-05,1.3461039e-11,1.3461039e-11,-4.5472385e-22,-4.5472385e-22,2.2082543e-05,2.2082543e-05,-1.0618283e-15,-1.0618283e-15,1.3388824e-06,1.3388824e-06,1.3388824e-06,1.3388824e-06,7.6880266e-19,7.6880266e-19,-0.00012513441,-0.00012513441,-2.2082543e-05,-2.2082543e-05,-0.00012513441,-0.00012513441,-2.2082543e-05,-2.2082543e-05,-6.4905838e-17,-6.4905838e-17,5.0258739e-17,5.0258739e-17,-0.00014721695,-0.00014721695,-8.3131917e-18,-8.3131917e-18,-0.00014721559,-0.00014721559,-1.2231444e-17,-1.2231444e-17,-1.4159809e-13,-1.4159809e-13,2.2082543e-05,2.2082543e-05,-1.4159887e-13,-1.4159887e-13,2.2082543e-05,2.2082543e-05,2.2082543e-05,2.2082543e-05,-1.0593256e-15,-1.0593256e-15,-0.00012513441,-0.00012513441,-0.00012513441,-0.00012513441,-2.2082543e-05,-2.2082543e-05,-2.3762172e-07,-2.3762172e-07,4.2980716e-19,4.2980716e-19,6.7412148e-15,6.7412148e-15,-2.3762173e-07,-2.3762173e-07,-1.4420072e-06,-1.4420072e-06,-1.0575656e-15,-1.0575656e-15,0.0054718799,0.0054718799,-6.6910817e-14,-6.6910817e-14,0.0069450391,0.0069450391,-3.3592437e-14,-3.3592437e-14,-0.00012513441,-0.00012513441,0.00014721695,0.00014721695,-2.5026882e-05,-2.5026882e-05,-2.1839041e-16,-2.1839041e-16,-1.7544888e-14,-1.7544888e-14,1.7547084e-14,1.7547084e-14,-2.6418632e-19,-2.6418632e-19,-4.9665876e-19,-4.9665876e-19,-1.3690921e-09,-1.3690921e-09,-1.5105485e-18,-1.5105485e-18,1.9309581e-18,1.9309581e-18,-4.3622047e-18,-4.3622047e-18,2.5563417e-07,2.5563417e-07,1.3039043e-35,1.3039043e-35
-0.00012380222,-0.00012380222,0.00012380222,0.00012380222,1.5896572e-15,1.5896572e-15,1.0173855e-15,1.0173855e-15,0.00012380222,0.00012380222,-1.8060212e-05,-1.8060212e-05,-2.1847451e-05,-2.1847451e-05,-1.7876133e-05,-1.7876133e-05,-2.1847451e-05,-2.1847451e-05,1.3320262e-11,1.3320262e-11,-4.4981169e-22,-4.4981169e-22,2.1847451e-05,2.1847451e-05,-1.0614048e-15,-1.0614048e-15,1.3246288e-06,1.3246288e-06,1.3246288e-06,1.3246288e-06,7.6061648e-19,7.6061648e-19,-0.00012380222,-0.00012380222,-2.1847451e-05,-2.1847451e-05,-0.00012380222,-0.00012380222,-2.1847451e-05,-2.1847451e-05,-6.5093873e-17,-6.5093873e-17,5.012755e-17,5.012755e-17,-0.00014564967,-0.00014564967,-8.699848e-18,-8.699848e-18,-0.00014564837,-0.00014564837,-1.2576378e-17,-1.2576378e-17,-1.4504771e-13,-1.4504771e-13,2.1847451e-05,2.1847451e-05,-1.4504848e-13,-1.4504848e-13,2.1847451e-05,2.1847451e-05,2.1847451e-05,2.1847451e-05,-1.0589287e-15,-1.0589287e-15,-0.00012380222,-0.00012380222,-0.00012380222,-0.00012380222,-2.1847451e-05,-2.1847451e-05,-2.3509201e-07,-2.3509201e-07,4.2523032e-19,4.2523032e-19,-3.4496114e-15,-3.4496114e-15,-2.35092e-07,-2.35092e-07,-1.4266575e-06,-1.4266575e-06,-1.0571875e-15,-1.0571875e-15,0.0054136247,0.0054136247,-6.6887284e-14,-6.6887284e-14,0.0068711017,0.0068711017,-3.3580846e-14,-3.3580846e-14,-0.00012380222,-0.00012380222,0.00014564967,0.00014564967,-2.4760445e-05,-2.4760445e-05,-2.1833661e-16,-2.1833661e-16,-1.7547201e-14,-1.7547201e-14,1.7549374e-14,1.7549374e-14,-2.6136343e-19,-2.6136343e-19,-4.9137137e-19,-4.9137137e-19,-1.3006375e-09,-1.3006375e-09,-1.4944673e-18,-1.4944673e-18,1.910401e-18,1.910401e-18,-4.3157639e-18,-4.3157639e-18,2.5310793e-07,2.5310793e-07,1.2762826e-35,1.2762826e-35
-0.00012248422,-0.00012248422,0.00012248422,0.00012248422,1.5894946e-15,1.5894946e-15,1.01696e-15,1.01696e-15,0.00012248422,0.00012248422,-1.7868045e-05,-1.7868045e-05,-2.1614862e-05,-2.1614862e-05,-1.7685786e-05,-1.7685786e-05,-2.1614862e-05,-2.1614862e-05,1.3176027e-11,1.3176027e-11,-4.4495538e-22,-4.4495538e-22,2.1614862e-05,2.1614862e-05,-1.0609858e-15,-1.0609858e-15,1.3105267e-06,1.3105267e-06,1.3105267e-06,1.3105267e-06,7.5251746e-19,7.5251746e-19,-0.00012248422,-0.00012248422,-2.1614862e-05,-2.1614862e-05,-0.00012248422,-0.00012248422,-2.1614862e-05,-2.1614862e-05,-6.5279905e-17,-6.5279905e-17,4.9997757e-17,4.9997757e-17,-0.00014409908,-0.00014409908,-9.0823867e-18,-9.0823867e-18,-0.00014409784,-0.00014409784,-1.2917638e-17,-1.2917638e-17,-1.3874347e-13,-1.3874347e-13,2.1614862e-05,2.1614862e-05,-1.3874424e-13,-1.3874424e-13,2.1614862e-05,2.1614862e-05,2.1614862e-05,2.1614862e-05,-1.0585361e-15,-1.0585361e-15,-0.00012248422,-0.00012248422,-0.00012248422,-0.00012248422,-2.1614862e-05,-2.1614862e-05,-2.3258922e-07,-2.3258922e-07,4.2070223e-19,4.2070223e-19,6.3042453e-15,6.3042453e-15,-2.3258923e-07,-2.3258923e-07,-1.4114712e-06,-1.4114712e-06,-1.0568134e-15,-1.0568134e-15,0.0053559897,0.0053559897,-6.6864002e-14,-6.6864002e-14,0.0067979514,0.0067979514,-3.3569378e-14,-3.3569378e-14,-0.00012248422,-0.00012248422,0.00014409908,0.00014409908,-2.4496844e-05,-2.4496844e-05,-2.1828337e-16,-2.1828337e-16,-1.754949e-14,-1.754949e-14,1.755164e-14,1.755164e-14,-2.5857082e-19,-2.5857082e-19,-4.8614026e-19,-4.8614026e-19,-1.2356056e-09,-1.2356056e-09,-1.4785573e-18,-1.4785573e-18,1.8900627e-18,1.8900627e-18,-4.2698174e-18,-4.2698174e-18,2.506063e-07,2.506063e-07,1.249246e-35,1.249246e-35
-0.00012118024,-0.00012118024,0.00012118024,0.00012118024,1.5892913e-15,1.5892913e-15,1.0165391e-15,1.0165391e-15,0.00012118024,0.00012118024,-1.7677924e-05,-1.7677924e-05,-2.1384749e-05,-2.1384749e-05,-1.7497466e-05,-1.7497466e-05,-2.1384749e-05,-2.1384749e-05,1.3038087e-11,1.3038087e-11,-4.4015415e-22,-4.4015415e-22,2.1384749e-05,2.1384749e-05,-1.0605713e-15,-1.0605713e-15,1.296575e-06,1.296575e-06,1.296575e-06,1.296575e-06,7.4450469e-19,7.4450469e-19,-0.00012118024,-0.00012118024,-2.1384749e-05,-2.1384749e-05,-0.00012118024,-0.00012118024,-2.1384749e-05,-2.1384749e-05,-6.5463954e-17,-6.5463954e-17,4.9869346e-17,4.9869346e-17,-0.00014256499,-0.00014256499,-9.4608515e-18,-9.4608515e-18,-0.00014256382,-0.00014256382,-1.3255265e-17,-1.3255265e-17,-1.418375e-13,-1.418375e-13,2.1384749e-05,2.1384749e-05,-1.4183826e-13,-1.4183826e-13,2.1384749e-05,2.1384749e-05,2.1384749e-05,2.1384749e-05,-1.0581477e-15,-1.0581477e-15,-0.00012118024,-0.00012118024,-0.00012118024,-0.00012118024,-2.1384749e-05,-2.1384749e-05,-2.3011308e-07,-2.3011308e-07,4.1622235e-19,4.1622235e-19,-3.0940258e-15,-3.0940258e-15,-2.3011308e-07,-2.3011308e-07,-1.3964465e-06,-1.3964465e-06,-1.0564433e-15,-1.0564433e-15,0.0052989683,0.0052989683,-6.6840968e-14,-6.6840968e-14,0.00672558,0.00672558,-3.3558033e-14,-3.3558033e-14,-0.00012118024,-0.00012118024,0.00014256499,0.00014256499,-2.4236049e-05,-2.4236049e-05,-2.1823071e-16,-2.1823071e-16,-1.7551754e-14,-1.7551754e-14,1.7553881e-14,1.7553881e-14,-2.5580819e-19,-2.5580819e-19,-4.8096484e-19,-4.8096484e-19,-1.1738253e-09,-1.1738253e-09,-1.4628166e-18,-1.4628166e-18,1.8699409e-18,1.8699409e-18,-4.2243602e-18,-4.2243602e-18,2.4812907e-07,2.4812907e-07,1.2227822e-35,1.2227822e-35
-0.00011989015,-0.00011989015,0.00011989015,0.00011989015,1.5891151e-15,1.5891151e-15,1.0161226e-15,1.0161226e-15,0.00011989015,0.00011989015,-1.7489827e-05,-1.7489827e-05,-2.1157086e-05,-2.1157086e-05,-1.7311154e-05,-1.7311154e-05,-2.1157086e-05,-2.1157086e-05,1.2897044e-11,1.2897044e-11,-4.3540725e-22,-4.3540725e-22,2.1157085e-05,2.1157085e-05,-1.0601612e-15,-1.0601612e-15,1.2827716e-06,1.2827716e-06,1.2827716e-06,1.2827716e-06,7.3657723e-19,7.3657723e-19,-0.00011989015,-0.00011989015,-2.1157086e-05,-2.1157086e-05,-0.00011989015,-0.00011989015,-2.1157086e-05,-2.1157086e-05,-6.5646042e-17,-6.5646042e-17,4.9742301e-17,4.9742301e-17,-0.00014104724,-0.00014104724,-9.835286e-18,-9.835286e-18,-0.00014104612,-0.00014104612,-1.3589297e-17,-1.3589297e-17,-1.3593808e-13,-1.3593808e-13,2.1157086e-05,2.1157086e-05,-1.3593883e-13,-1.3593883e-13,2.1157086e-05,2.1157086e-05,2.1157085e-05,2.1157085e-05,-1.0577634e-15,-1.0577634e-15,-0.00011989015,-0.00011989015,-0.00011989015,-0.00011989015,-2.1157086e-05,-2.1157086e-05,-2.276633e-07,-2.276633e-07,4.1179019e-19,4.1179019e-19,5.8994374e-15,5.8994374e-15,-2.2766331e-07,-2.2766331e-07,-1.3815816e-06,-1.3815816e-06,-1.0560771e-15,-1.0560771e-15,0.0052425541,0.0052425541,-6.6818179e-14,-6.6818179e-14,0.006653979,0.006653979,-3.3546808e-14,-3.3546808e-14,-0.00011989015,-0.00011989015,0.00014104724,0.00014104724,-2.397803e-05,-2.397803e-05,-2.181786e-16,-2.181786e-16,-1.7553994e-14,-1.7553994e-14,1.7556099e-14,1.7556099e-14,-2.5307519e-19,-2.5307519e-19,-4.7584451e-19,-4.7584451e-19,-1.1151341e-09,-1.1151341e-09,-1.4472435e-18,-1.4472435e-18,1.8500333e-18,1.8500333e-18,-4.1793869e-18,-4.1793869e-18,2.45676e-07,2.45676e-07,1.1968791e-35,1.1968791e-35
-0.00011861379,-0.00011861379,0.00011861379,0.00011861379,1.5889254e-15,1.5889254e-15,1.0157106e-15,1.0157106e-15,0.00011861379,0.00011861379,-1.7303733e-05,-1.7303733e-05,-2.0931846e-05,-2.0931846e-05,-1.7126826e-05,-1.7126826e-05,-2.0931846e-05,-2.0931846e-05,1.2761893e-11,1.2761893e-11,-4.3071393e-22,-4.3071393e-22,2.0931846e-05,2.0931846e-05,-1.0597554e-15,-1.0597554e-15,1.2691153e-06,1.2691153e-06,1.2691153e-06,1.2691153e-06,7.2873419e-19,7.2873419e-19,-0.00011861379,-0.00011861379,-2.0931846e-05,-2.0931846e-05,-0.00011861379,-0.00011861379,-2.0931846e-05,-2.0931846e-05,-6.582619e-17,-6.582619e-17,4.9616608e-17,4.9616608e-17,-0.00013954564,-0.00013954564,-1.0205733e-17,-1.0205733e-17,-0.00013954458,-0.00013954458,-1.3919771e-17,-1.3919771e-17,-1.3870605e-13,-1.3870605e-13,2.0931846e-05,2.0931846e-05,-1.3870679e-13,-1.3870679e-13,2.0931846e-05,2.0931846e-05,2.0931846e-05,2.0931846e-05,-1.0573832e-15,-1.0573832e-15,-0.00011861379,-0.00011861379,-0.00011861379,-0.00011861379,-2.0931846e-05,-2.0931846e-05,-2.252396e-07,-2.252396e-07,4.0740522e-19,4.0740522e-19,-2.7679696e-15,-2.7679696e-15,-2.252396e-07,-2.252396e-07,-1.3668749e-06,-1.3668749e-06,-1.0557149e-15,-1.0557149e-15,0.0051867405,0.0051867405,-6.6795633e-14,-6.6795633e-14,0.0065831402,0.0065831402,-3.3535703e-14,-3.3535703e-14,-0.00011861379,-0.00011861379,0.00013954564,0.00013954564,-2.3722759e-05,-2.3722759e-05,-2.1812705e-16,-2.1812705e-16,-1.755621e-14,-1.755621e-14,1.7558293e-14,1.7558293e-14,-2.503715e-19,-2.503715e-19,-4.7077869e-19,-4.7077869e-19,-1.0593774e-09,-1.0593774e-09,-1.4318362e-18,-1.4318362e-18,1.8303377e-18,1.8303377e-18,-4.1348924e-18,-4.1348924e-18,2.4324687e-07,2.4324687e-07,1.1715247e-35,1.1715247e-35
-0.00011735102,-0.00011735102,0.00011735102,0.00011735102,1.5887628e-15,1.5887628e-15,1.0153029e-15,1.0153029e-15,0.00011735102,0.00011735102,-1.711962e-05,-1.711962e-05,-2.0709004e-05,-2.0709004e-05,-1.6944463e-05,-1.6944463e-05,-2.0709004e-05,-2.0709004e-05,1.2623965e-11,1.2623965e-11,-4.2607347e-22,-4.2607347e-22,2.0709004e-05,2.0709004e-05,-1.059354e-15,-1.059354e-15,1.2556042e-06,1.2556042e-06,1.2556042e-06,1.2556042e-06,7.2097467e-19,7.2097467e-19,-0.00011735102,-0.00011735102,-2.0709004e-05,-2.0709004e-05,-0.00011735102,-0.00011735102,-2.0709004e-05,-2.0709004e-05,-6.6004419e-17,-6.6004419e-17,4.9492253e-17,4.9492253e-17,-0.00013806003,-0.00013806003,-1.0572235e-17,-1.0572235e-17,-0.00013805902,-0.00013805902,-1.4246727e-17,-1.4246727e-17,-1.3318173e-13,-1.3318173e-13,2.0709004e-05,2.0709004e-05,-1.3318247e-13,-1.3318247e-13,2.0709004e-05,2.0709004e-05,2.0709004e-05,2.0709004e-05,-1.057007e-15,-1.057007e-15,-0.00011735102,-0.00011735102,-0.00011735102,-0.00011735102,-2.0709004e-05,-2.0709004e-05,-2.2284171e-07,-2.2284171e-07,4.0306696e-19,4.0306696e-19,5.5243264e-15,5.5243264e-15,-2.2284171e-07,-2.2284171e-07,-1.3523247e-06,-1.3523247e-06,-1.0553565e-15,-1.0553565e-15,0.0051315211,0.0051315211,-6.6773327e-14,-6.6773327e-14,0.0065130556,0.0065130556,-3.3524716e-14,-3.3524716e-14,-0.00011735102,-0.00011735102,0.00013806003,0.00013806003,-2.3470205e-05,-2.3470205e-05,-2.1807605e-16,-2.1807605e-16,-1.7558402e-14,-1.7558402e-14,1.7560463e-14,1.7560463e-14,-2.4769682e-19,-2.4769682e-19,-4.657668e-19,-4.657668e-19,-1.0064085e-09,-1.0064085e-09,-1.4165929e-18,-1.4165929e-18,1.8108518e-18,1.8108518e-18,-4.0908717e-18,-4.0908717e-18,2.4084144e-07,2.4084144e-07,1.1467074e-35,1.1467074e-35
-0.0001161017,-0.0001161017,0.0001161017,0.0001161017,1.5886001e-15,1.5886001e-15,1.0148996e-15,1.0148996e-15,0.0001161017,0.0001161017,-1.6937467e-05,-1.6937467e-05,-2.0488535e-05,-2.0488535e-05,-1.6764042e-05,-1.6764042e-05,-2.0488535e-05,-2.0488535e-05,1.2491553e-11,1.2491553e-11,-4.2148517e-22,-4.2148517e-22,2.0488535e-05,2.0488535e-05,-1.0589569e-15,-1.0589569e-15,1.2422371e-06,1.2422371e-06,1.2422371e-06,1.2422371e-06,7.1329777e-19,7.1329777e-19,-0.0001161017,-0.0001161017,-2.0488535e-05,-2.0488535e-05,-0.0001161017,-0.0001161017,-2.0488535e-05,-2.0488535e-05,-6.6180749e-17,-6.6180749e-17,4.9369222e-17,4.9369222e-17,-0.00013659023,-0.00013659023,-1.0934834e-17,-1.0934834e-17,-0.00013658928,-0.00013658928,-1.4570201e-17,-1.4570201e-17,-1.3565085e-13,-1.3565085e-13,2.0488535e-05,2.0488535e-05,-1.3565157e-13,-1.3565157e-13,2.0488535e-05,2.0488535e-05,2.0488535e-05,2.0488535e-05,-1.0566349e-15,-1.0566349e-15,-0.0001161017,-0.0001161017,-0.0001161017,-0.0001161017,-2.0488535e-05,-2.0488535e-05,-2.2046933e-07,-2.2046933e-07,3.9877489e-19,3.9877489e-19,-2.4691046e-15,-2.4691046e-15,-2.2046933e-07,-2.2046933e-07,-1.3379293e-06,-1.3379293e-06,-1.0550019e-15,-1.0550019e-15,0.0050768897,0.0050768897,-6.6751258e-14,-6.6751258e-14,0.0064437172,0.0064437172,-3.3513846e-14,-3.3513846e-14,-0.0001161017,-0.0001161017,0.00013659023,0.00013659023,-2.322034e-05,-2.322034e-05,-2.1802559e-16,-2.1802559e-16,-1.7560571e-14,-1.7560571e-14,1.756261e-14,1.756261e-14,-2.4505082e-19,-2.4505082e-19,-4.6080826e-19,-4.6080826e-19,-9.5608808e-10,-9.5608808e-10,-1.4015118e-18,-1.4015118e-18,1.7915733e-18,1.7915733e-18,-4.0473196e-18,-4.0473196e-18,2.3845949e-07,2.3845949e-07,1.1224159e-35,1.1224159e-35
-0.00011486567,-0.00011486567,0.00011486567,0.00011486567,1.5884239e-15,1.5884239e-15,1.0145006e-15,1.0145006e-15,0.00011486567,0.00011486567,-1.6757253e-05,-1.6757253e-05,-2.0270413e-05,-2.0270413e-05,-1.6585544e-05,-1.6585544e-05,-2.0270413e-05,-2.0270413e-05,1.2356664e-11,1.2356664e-11,-4.1694833e-22,-4.1694833e-22,2.0270413e-05,2.0270413e-05,-1.058564e-15,-1.058564e-15,1.2290122e-06,1.2290122e-06,1.2290122e-06,1.2290122e-06,7.0570262e-19,7.0570262e-19,-0.00011486567,-0.00011486567,-2.0270413e-05,-2.0270413e-05,-0.00011486567,-0.00011486567,-2.0270413e-05,-2.0270413e-05,-6.63552e-17,-6.63552e-17,4.9247499e-17,4.9247499e-17,-0.00013513608,-0.00013513608,-1.1293572e-17,-1.1293572e-17,-0.00013513518,-0.00013513518,-1.489023e-17,-1.489023e-17,-1.3047422e-13,-1.3047422e-13,2.0270413e-05,2.0270413e-05,-1.3047493e-13,-1.3047493e-13,2.0270413e-05,2.0270413e-05,2.0270413e-05,2.0270413e-05,-1.0562667e-15,-1.0562667e-15,-0.00011486567,-0.00011486567,-0.00011486567,-0.00011486567,-2.0270413e-05,-2.0270413e-05,-2.1812222e-07,-2.1812222e-07,3.9452854e-19,3.9452854e-19,5.1766386e-15,5.1766386e-15,-2.1812222e-07,-2.1812222e-07,-1.323687e-06,-1.323687e-06,-1.0546511e-15,-1.0546511e-15,0.0050228399,0.0050228399,-6.6729425e-14,-6.6729425e-14,0.0063751169,0.0063751169,-3.3503092e-14,-3.3503092e-14,-0.00011486567,-0.00011486567,0.00013513608,0.00013513608,-2.2973134e-05,-2.2973134e-05,-2.1797567e-16,-2.1797567e-16,-1.7562717e-14,-1.7562717e-14,1.7564735e-14,1.7564735e-14,-2.424332e-19,-2.424332e-19,-4.5590251e-19,-4.5590251e-19,-9.0828368e-10,-9.0828368e-10,-1.3865914e-18,-1.3865914e-18,1.7725e-18,1.7725e-18,-4.0042312e-18,-4.0042312e-18,2.361008e-07,2.361008e-07,1.098639e-35,1.098639e-35
-0.00011364281,-0.00011364281,0.00011364281,0.00011364281,1.5882749e-15,1.5882749e-15,1.0141058e-15,1.0141058e-15,0.00011364281,0.00011364281,-1.6578958e-05,-1.6578958e-05,-2.0054613e-05,-2.0054613e-05,-1.6408947e-05,-1.6408947e-05,-2.0054613e-05,-2.0054613e-05,1.2226943e-11,1.2226943e-11,-4.1246227e-22,-4.1246227e-22,2.0054613e-05,2.0054613e-05,-1.0581752e-15,-1.0581752e-15,1.2159282e-06,1.2159282e-06,1.2159282e-06,1.2159282e-06,6.9818834e-19,6.9818834e-19,-0.00011364281,-0.00011364281,-2.0054613e-05,-2.0054613e-05,-0.00011364281,-0.00011364281,-2.0054613e-05,-2.0054613e-05,-6.6527792e-17,-6.6527792e-17,4.9127073e-17,4.9127073e-17,-0.00013369742,-0.00013369742,-1.164849e-17,-1.164849e-17,-0.00013369655,-0.00013369655,-1.5206852e-17,-1.5206852e-17,-1.326695e-13,-1.326695e-13,2.0054613e-05,2.0054613e-05,-1.3267021e-13,-1.3267021e-13,2.0054613e-05,2.0054613e-05,2.0054613e-05,2.0054613e-05,-1.0559024e-15,-1.0559024e-15,-0.00011364281,-0.00011364281,-0.00011364281,-0.00011364281,-2.0054613e-05,-2.0054613e-05,-2.1580009e-07,-2.1580009e-07,3.9032741e-19,3.9032741e-19,-2.1952755e-15,-2.1952755e-15,-2.1580009e-07,-2.1580009e-07,-1.3095963e-06,-1.3095963e-06,-1.054304e-15,-1.054304e-15,0.0049693656,0.0049693656,-6.6707823e-14,-6.6707823e-14,0.0063072469,0.0063072469,-3.3492453e-14,-3.3492453e-14,-0.00011364281,-0.00011364281,0.00013369742,0.00013369742,-2.2728561e-05,-2.2728561e-05,-2.1792627e-16,-2.1792627e-16,-1.756484e-14,-1.756484e-14,1.7566837e-14,1.7566837e-14,-2.3984365e-19,-2.3984365e-19,-4.5104898e-19,-4.5104898e-19,-8.6286949e-10,-8.6286949e-10,-1.3718297e-18,-1.3718297e-18,1.7536298e-18,1.7536298e-18,-3.9616015e-18,-3.9616015e-18,2.3376515e-07,2.3376515e-07,1.0753658e-35,1.0753658e-35
-0.00011243296,-0.00011243296,0.00011243296,0.00011243296,1.5880716e-15,1.5880716e-15,1.0137153e-15,1.0137153e-15,0.00011243296,0.00011243296,-1.6402561e-05,-1.6402561e-05,-1.984111e-05,-1.984111e-05,-1.6234232e-05,-1.6234232e-05,-1.984111e-05,-1.984111e-05,1.2095019e-11,1.2095019e-11,-4.0802633e-22,-4.0802633e-22,1.984111e-05,1.984111e-05,-1.0577907e-15,-1.0577907e-15,1.2029834e-06,1.2029834e-06,1.2029834e-06,1.2029834e-06,6.9075408e-19,6.9075408e-19,-0.00011243296,-0.00011243296,-1.984111e-05,-1.984111e-05,-0.00011243296,-0.00011243296,-1.984111e-05,-1.984111e-05,-6.6698546e-17,-6.6698546e-17,4.9007928e-17,4.9007928e-17,-0.00013227407,-0.00013227407,-1.1999628e-17,-1.1999628e-17,-0.00013227325,-0.00013227325,-1.5520102e-17,-1.5520102e-17,-1.2781523e-13,-1.2781523e-13,1.984111e-05,1.984111e-05,-1.2781593e-13,-1.2781593e-13,1.984111e-05,1.984111e-05,1.984111e-05,1.984111e-05,-1.055542e-15,-1.055542e-15,-0.00011243296,-0.00011243296,-0.00011243296,-0.00011243296,-1.984111e-05,-1.984111e-05,-2.1350268e-07,-2.1350268e-07,3.8617102e-19,3.8617102e-19,4.8542765e-15,4.8542765e-15,-2.1350269e-07,-2.1350269e-07,-1.2956556e-06,-1.2956556e-06,-1.0539607e-15,-1.0539607e-15,0.0049164606,0.0049164606,-6.6686452e-14,-6.6686452e-14,0.0062400995,0.0062400995,-3.3481926e-14,-3.3481926e-14,-0.00011243296,-0.00011243296,0.00013227407,0.00013227407,-2.2486591e-05,-2.2486591e-05,-2.1787741e-16,-2.1787741e-16,-1.7566941e-14,-1.7566941e-14,1.7568916e-14,1.7568916e-14,-2.3728187e-19,-2.3728187e-19,-4.4624713e-19,-4.4624713e-19,-8.1972602e-10,-8.1972602e-10,-1.3572252e-18,-1.3572252e-18,1.7349605e-18,1.7349605e-18,-3.9194257e-18,-3.9194257e-18,2.3145232e-07,2.3145232e-07,1.0525856e-35,1.0525856e-35
-0.00011123599,-0.00011123599,0.00011123599,0.00011123599,1.5879089e-15,1.5879089e-15,1.0133289e-15,1.0133289e-15,0.00011123599,0.00011123599,-1.6228041e-05,-1.6228041e-05,-1.962988e-05,-1.962988e-05,-1.6061377e-05,-1.6061377e-05,-1.962988e-05,-1.962988e-05,1.1967942e-11,1.1967942e-11,-4.0363986e-22,-4.0363986e-22,1.962988e-05,1.962988e-05,-1.0574102e-15,-1.0574102e-15,1.1901764e-06,1.1901764e-06,1.1901764e-06,1.1901764e-06,6.8339899e-19,6.8339899e-19,-0.00011123599,-0.00011123599,-1.962988e-05,-1.962988e-05,-0.00011123599,-0.00011123599,-1.962988e-05,-1.962988e-05,-6.6867481e-17,-6.6867481e-17,4.8890051e-17,4.8890051e-17,-0.00013086587,-0.00013086587,-1.2347027e-17,-1.2347027e-17,-0.00013086509,-0.00013086509,-1.5830017e-17,-1.5830017e-17,-1.2975973e-13,-1.2975973e-13,1.962988e-05,1.962988e-05,-1.2976043e-13,-1.2976043e-13,1.962988e-05,1.962988e-05,1.962988e-05,1.962988e-05,-1.0551855e-15,-1.0551855e-15,-0.00011123599,-0.00011123599,-0.00011123599,-0.00011123599,-1.962988e-05,-1.962988e-05,-2.1122973e-07,-2.1122973e-07,3.820589e-19,3.820589e-19,-1.9444954e-15,-1.9444954e-15,-2.1122973e-07,-2.1122973e-07,-1.2818632e-06,-1.2818632e-06,-1.053621e-15,-1.053621e-15,0.0048641188,0.0048641188,-6.6665309e-14,-6.6665309e-14,0.006173667,0.006173667,-3.3471512e-14,-3.3471512e-14,-0.00011123599,-0.00011123599,0.00013086587,0.00013086587,-2.2247198e-05,-2.2247198e-05,-2.1782906e-16,-2.1782906e-16,-1.7569019e-14,-1.7569019e-14,1.7570973e-14,1.7570973e-14,-2.3474755e-19,-2.3474755e-19,-4.4149639e-19,-4.4149639e-19,-7.7873972e-10,-7.7873972e-10,-1.3427762e-18,-1.3427762e-18,1.71649e-18,1.71649e-18,-3.8776989e-18,-3.8776989e-18,2.2916209e-07,2.2916209e-07,1.0302881e-35,1.0302881e-35
-0.00011005176,-0.00011005176,0.00011005176,0.00011005176,1.5877463e-15,1.5877463e-15,1.0129466e-15,1.0129466e-15,0.00011005176,0.00011005176,-1.6055379e-05,-1.6055379e-05,-1.9420899e-05,-1.9420899e-05,-1.5890365e-05,-1.5890365e-05,-1.9420899e-05,-1.9420899e-05,1.1838912e-11,1.1838912e-11,-3.9930221e-22,-3.9930221e-22,1.9420899e-05,1.9420899e-05,-1.0570337e-15,-1.0570337e-15,1.1775058e-06,1.1775058e-06,1.1775058e-06,1.1775058e-06,6.7612222e-19,6.7612222e-19,-0.00011005176,-0.00011005176,-1.9420899e-05,-1.9420899e-05,-0.00011005176,-0.00011005176,-1.9420899e-05,-1.9420899e-05,-6.7034615e-17,-6.7034615e-17,4.8773428e-17,4.8773428e-17,-0.00012947266,-0.00012947266,-1.2690726e-17,-1.2690726e-17,-0.00012947192,-0.00012947192,-1.6136631e-17,-1.6136631e-17,-1.2520444e-13,-1.2520444e-13,1.9420899e-05,1.9420899e-05,-1.2520512e-13,-1.2520512e-13,1.9420899e-05,1.9420899e-05,1.9420899e-05,1.9420899e-05,-1.0548327e-15,-1.0548327e-15,-0.00011005176,-0.00011005176,-0.00011005176,-0.00011005176,-1.9420899e-05,-1.9420899e-05,-2.0898098e-07,-2.0898098e-07,3.7799057e-19,3.7799057e-19,4.5553051e-15,4.5553051e-15,-2.0898098e-07,-2.0898098e-07,-1.2682176e-06,-1.2682176e-06,-1.0532849e-15,-1.0532849e-15,0.0048123344,0.0048123344,-6.664439e-14,-6.664439e-14,0.0061079417,0.0061079417,-3.3461209e-14,-3.3461209e-14,-0.00011005176,-0.00011005176,0.00012947266,0.00012947266,-2.2010353e-05,-2.2010353e-05,-2.1778123e-16,-2.1778123e-16,-1.7571074e-14,-1.7571074e-14,1.7573008e-14,1.7573008e-14,-2.322404e-19,-2.322404e-19,-4.3679622e-19,-4.3679622e-19,-7.3980273e-10,-7.3980273e-10,-1.328481e-18,-1.328481e-18,1.6982161e-18,1.6982161e-18,-3.8364163e-18,-3.8364163e-18,2.2689425e-07,2.2689425e-07,1.0084629e-35,1.0084629e-35
-0.00010888014,-0.00010888014,0.00010888014,0.00010888014,1.5875972e-15,1.5875972e-15,1.0125684e-15,1.0125684e-15,0.00010888014,0.00010888014,-1.5884554e-05,-1.5884554e-05,-1.9214143e-05,-1.9214143e-05,-1.5721174e-05,-1.5721174e-05,-1.9214143e-05,-1.9214143e-05,1.1714429e-11,1.1714429e-11,-3.9501277e-22,-3.9501277e-22,1.9214143e-05,1.9214143e-05,-1.0566613e-15,-1.0566613e-15,1.1649701e-06,1.1649701e-06,1.1649701e-06,1.1649701e-06,6.6892293e-19,6.6892293e-19,-0.00010888014,-0.00010888014,-1.9214143e-05,-1.9214143e-05,-0.00010888014,-0.00010888014,-1.9214143e-05,-1.9214143e-05,-6.719997e-17,-6.719997e-17,4.8658047e-17,4.8658047e-17,-0.00012809429,-0.00012809429,-1.3030766e-17,-1.3030766e-17,-0.00012809358,-0.00012809358,-1.6439981e-17,-1.6439981e-17,-1.2691938e-13,-1.2691938e-13,1.9214143e-05,1.9214143e-05,-1.2692006e-13,-1.2692006e-13,1.9214143e-05,1.9214143e-05,1.9214143e-05,1.9214143e-05,-1.0544837e-15,-1.0544837e-15,-0.00010888014,-0.00010888014,-0.00010888014,-0.00010888014,-1.9214143e-05,-1.9214143e-05,-2.0675616e-07,-2.0675616e-07,3.7396557e-19,3.7396557e-19,-1.714933e-15,-1.714933e-15,-2.0675616e-07,-2.0675616e-07,-1.2547172e-06,-1.2547172e-06,-1.0529523e-15,-1.0529523e-15,0.0047611013,0.0047611013,-6.6623695e-14,-6.6623695e-14,0.0060429161,0.0060429161,-3.3451015e-14,-3.3451015e-14,-0.00010888014,-0.00010888014,0.00012809429,0.00012809429,-2.1776029e-05,-2.1776029e-05,-2.1773391e-16,-2.1773391e-16,-1.7573108e-14,-1.7573108e-14,1.7575022e-14,1.7575022e-14,-2.2976012e-19,-2.2976012e-19,-4.3214609e-19,-4.3214609e-19,-7.028126e-10,-7.028126e-10,-1.314338e-18,-1.314338e-18,1.6801367e-18,1.6801367e-18,-3.7955733e-18,-3.7955733e-18,2.2464858e-07,2.2464858e-07,9.8710009e-36,9.8710009e-36
-0.000107721,-0.000107721,0.000107721,0.000107721,1.5874211e-15,1.5874211e-15,1.0121942e-15,1.0121942e-15,0.000107721,0.000107721,-1.5715548e-05,-1.5715548e-05,-1.9009588e-05,-1.9009588e-05,-1.5553785e-05,-1.5553785e-05,-1.9009588e-05,-1.9009588e-05,1.1588224e-11,1.1588224e-11,-3.9077092e-22,-3.9077092e-22,1.9009588e-05,1.9009588e-05,-1.0562928e-15,-1.0562928e-15,1.1525677e-06,1.1525677e-06,1.1525677e-06,1.1525677e-06,6.6180031e-19,6.6180031e-19,-0.000107721,-0.000107721,-1.9009588e-05,-1.9009588e-05,-0.000107721,-0.000107721,-1.9009588e-05,-1.9009588e-05,-6.7363562e-17,-6.7363562e-17,4.8543894e-17,4.8543894e-17,-0.00012673059,-0.00012673059,-1.3367185e-17,-1.3367185e-17,-0.00012672992,-0.00012672992,-1.67401e-17,-1.67401e-17,-1.2264145e-13,-1.2264145e-13,1.9009588e-05,1.9009588e-05,-1.2264212e-13,-1.2264212e-13,1.9009588e-05,1.9009588e-05,1.9009588e-05,1.9009588e-05,-1.0541384e-15,-1.0541384e-15,-0.000107721,-0.000107721,-0.000107721,-0.000107721,-1.9009588e-05,-1.9009588e-05,-2.0455503e-07,-2.0455503e-07,3.6998344e-19,3.6998344e-19,4.2779395e-15,4.2779395e-15,-2.0455504e-07,-2.0455504e-07,-1.2413604e-06,-1.2413604e-06,-1.0526234e-15,-1.0526234e-15,0.0047104136,0.0047104136,-6.660322e-14,-6.660322e-14,0.0059785827,0.0059785827,-3.344093e-14,-3.344093e-14,-0.000107721,-0.000107721,0.00012673059,0.00012673059,-2.15442e-05,-2.15442e-05,-2.176871e-16,-2.176871e-16,-1.757512e-14,-1.757512e-14,1.7577014e-14,1.7577014e-14,-2.2730644e-19,-2.2730644e-19,-4.2754547e-19,-4.2754547e-19,-6.6767197e-10,-6.6767197e-10,-1.3003456e-18,-1.3003456e-18,1.6622498e-18,1.6622498e-18,-3.755165e-18,-3.755165e-18,2.2242488e-07,2.2242488e-07,9.6618985e-36,9.6618985e-36
-0.00010657419,-0.00010657419,0.00010657419,0.00010657419,1.5872584e-15,1.5872584e-15,1.011824e-15,1.011824e-15,0.00010657419,0.00010657419,-1.5548341e-05,-1.5548341e-05,-1.8807211e-05,-1.8807211e-05,-1.5388179e-05,-1.5388179e-05,-1.8807211e-05,-1.8807211e-05,1.146629e-11,1.146629e-11,-3.8657605e-22,-3.8657605e-22,1.8807211e-05,1.8807211e-05,-1.0559283e-15,-1.0559283e-15,1.1402975e-06,1.1402975e-06,1.1402975e-06,1.1402975e-06,6.5475354e-19,6.5475354e-19,-0.00010657419,-0.00010657419,-1.8807211e-05,-1.8807211e-05,-0.00010657419,-0.00010657419,-1.8807211e-05,-1.8807211e-05,-6.7525412e-17,-6.7525412e-17,4.8430956e-17,4.8430956e-17,-0.0001253814,-0.0001253814,-1.3700021e-17,-1.3700021e-17,-0.00012538077,-0.00012538077,-1.7037024e-17,-1.7037024e-17,-1.2414635e-13,-1.2414635e-13,1.8807211e-05,1.8807211e-05,-1.2414702e-13,-1.2414702e-13,1.8807211e-05,1.8807211e-05,1.8807211e-05,1.8807211e-05,-1.0537968e-15,-1.0537968e-15,-0.00010657419,-0.00010657419,-0.00010657419,-0.00010657419,-1.8807211e-05,-1.8807211e-05,-2.0237734e-07,-2.0237734e-07,3.6604371e-19,3.6604371e-19,-1.5049005e-15,-1.5049005e-15,-2.0237734e-07,-2.0237734e-07,-1.2281458e-06,-1.2281458e-06,-1.0522979e-15,-1.0522979e-15,0.0046602656,0.0046602656,-6.6582962e-14,-6.6582962e-14,0.0059149343,0.0059149343,-3.3430952e-14,-3.3430952e-14,-0.00010657419,-0.00010657419,0.0001253814,0.0001253814,-2.1314839e-05,-2.1314839e-05,-2.1764078e-16,-2.1764078e-16,-1.7577111e-14,-1.7577111e-14,1.7578985e-14,1.7578985e-14,-2.2487904e-19,-2.2487904e-19,-4.2299382e-19,-4.2299382e-19,-6.3428837e-10,-6.3428837e-10,-1.2865021e-18,-1.2865021e-18,1.6445534e-18,1.6445534e-18,-3.715187e-18,-3.715187e-18,2.2022293e-07,2.2022293e-07,9.4572258e-36,9.4572258e-36
-0.0001054396,-0.0001054396,0.0001054396,0.0001054396,1.5870958e-15,1.5870958e-15,1.0114577e-15,1.0114577e-15,0.0001054396,0.0001054396,-1.5382914e-05,-1.5382914e-05,-1.8606988e-05,-1.8606988e-05,-1.5224337e-05,-1.5224337e-05,-1.8606988e-05,-1.8606988e-05,1.1342843e-11,1.1342843e-11,-3.8242757e-22,-3.8242757e-22,1.8606988e-05,1.8606988e-05,-1.0555676e-15,-1.0555676e-15,1.1281578e-06,1.1281578e-06,1.1281579e-06,1.1281579e-06,6.4778181e-19,6.4778181e-19,-0.0001054396,-0.0001054396,-1.8606988e-05,-1.8606988e-05,-0.0001054396,-0.0001054396,-1.8606988e-05,-1.8606988e-05,-6.7685538e-17,-6.7685538e-17,4.8319219e-17,4.8319219e-17,-0.00012404659,-0.00012404659,-1.4029313e-17,-1.4029313e-17,-0.00012404598,-0.00012404598,-1.7330786e-17,-1.7330786e-17,-1.2012583e-13,-1.2012583e-13,1.8606988e-05,1.8606988e-05,-1.2012648e-13,-1.2012648e-13,1.8606988e-05,1.8606988e-05,1.8606988e-05,1.8606988e-05,-1.0534589e-15,-1.0534589e-15,-0.0001054396,-0.0001054396,-0.0001054396,-0.0001054396,-1.8606988e-05,-1.8606988e-05,-2.0022282e-07,-2.0022282e-07,3.6214595e-19,3.6214595e-19,4.0205328e-15,4.0205328e-15,-2.0022283e-07,-2.0022283e-07,-1.2150719e-06,-1.2150719e-06,-1.0519759e-15,-1.0519759e-15,0.0046106515,0.0046106515,-6.6562921e-14,-6.6562921e-14,0.0058519635,0.0058519635,-3.3421081e-14,-3.3421081e-14,-0.0001054396,-0.0001054396,0.00012404659,0.00012404659,-2.108792e-05,-2.108792e-05,-2.1759495e-16,-2.1759495e-16,-1.7579081e-14,-1.7579081e-14,1.7580934e-14,1.7580934e-14,-2.2247767e-19,-2.2247767e-19,-4.1849063e-19,-4.1849063e-19,-6.0257395e-10,-6.0257395e-10,-1.272806e-18,-1.272806e-18,1.6270453e-18,1.6270453e-18,-3.6756346e-18,-3.6756346e-18,2.1804253e-07,2.1804253e-07,9.2568892e-36,9.2568892e-36
-0.00010431708,-0.00010431708,0.00010431708,0.00010431708,1.5869467e-15,1.5869467e-15,1.0110954e-15,1.0110954e-15,0.00010431708,0.00010431708,-1.5219247e-05,-1.5219247e-05,-1.8408897e-05,-1.8408897e-05,-1.5062241e-05,-1.5062241e-05,-1.8408897e-05,-1.8408897e-05,1.1223409e-11,1.1223409e-11,-3.7832491e-22,-3.7832491e-22,1.8408897e-05,1.8408897e-05,-1.0552108e-15,-1.0552108e-15,1.1161475e-06,1.1161475e-06,1.1161475e-06,1.1161475e-06,6.4088431e-19,6.4088431e-19,-0.00010431708,-0.00010431708,-1.8408897e-05,-1.8408897e-05,-0.00010431708,-0.00010431708,-1.8408897e-05,-1.8408897e-05,-6.7843957e-17,-6.7843957e-17,4.8208672e-17,4.8208672e-17,-0.00012272598,-0.00012272598,-1.4355098e-17,-1.4355098e-17,-0.00012272541,-0.00012272541,-1.762142e-17,-1.762142e-17,-1.2143868e-13,-1.2143868e-13,1.8408897e-05,1.8408897e-05,-1.2143933e-13,-1.2143933e-13,1.8408897e-05,1.8408897e-05,1.8408897e-05,1.8408897e-05,-1.0531245e-15,-1.0531245e-15,-0.00010431708,-0.00010431708,-0.00010431708,-0.00010431708,-1.8408897e-05,-1.8408897e-05,-1.9809125e-07,-1.9809125e-07,3.5828969e-19,3.5828969e-19,-1.3128421e-15,-1.3128421e-15,-1.9809125e-07,-1.9809125e-07,-1.2021371e-06,-1.2021371e-06,-1.0516573e-15,-1.0516573e-15,0.0045615656,0.0045615656,-6.6543093e-14,-6.6543093e-14,0.005789663,0.005789663,-3.3411315e-14,-3.3411315e-14,-0.00010431708,-0.00010431708,0.00012272598,0.00012272598,-2.0863416e-05,-2.0863416e-05,-2.1754962e-16,-2.1754962e-16,-1.7581029e-14,-1.7581029e-14,1.7582863e-14,1.7582863e-14,-2.2010202e-19,-2.2010202e-19,-4.1403538e-19,-4.1403538e-19,-5.7244525e-10,-5.7244525e-10,-1.2592557e-18,-1.2592557e-18,1.6097236e-18,1.6097236e-18,-3.6365033e-18,-3.6365033e-18,2.1588347e-07,2.1588347e-07,9.0607967e-36,9.0607967e-36
-0.00010320651,-0.00010320651,0.00010320651,0.00010320651,1.5867841e-15,1.5867841e-15,1.0107369e-15,1.0107369e-15,0.00010320651,0.00010320651,-1.5057322e-05,-1.5057322e-05,-1.8212914e-05,-1.8212914e-05,-1.4901871e-05,-1.4901871e-05,-1.8212914e-05,-1.8212914e-05,1.1102654e-11,1.1102654e-11,-3.7426749e-22,-3.7426749e-22,1.8212914e-05,1.8212914e-05,-1.0548578e-15,-1.0548578e-15,1.1042649e-06,1.1042649e-06,1.1042649e-06,1.1042649e-06,6.3406027e-19,6.3406027e-19,-0.00010320651,-0.00010320651,-1.8212914e-05,-1.8212914e-05,-0.00010320651,-0.00010320651,-1.8212914e-05,-1.8212914e-05,-6.8000689e-17,-6.8000689e-17,4.8099302e-17,4.8099302e-17,-0.00012141943,-0.00012141943,-1.4677415e-17,-1.4677415e-17,-0.00012141888,-0.00012141888,-1.7908959e-17,-1.7908959e-17,-1.1765712e-13,-1.1765712e-13,1.8212914e-05,1.8212914e-05,-1.1765776e-13,-1.1765776e-13,1.8212914e-05,1.8212914e-05,1.8212914e-05,1.8212914e-05,-1.0527937e-15,-1.0527937e-15,-0.00010320651,-0.00010320651,-0.00010320651,-0.00010320651,-1.8212914e-05,-1.8212914e-05,-1.9598236e-07,-1.9598236e-07,3.544745e-19,3.544745e-19,3.7815655e-15,3.7815655e-15,-1.9598237e-07,-1.9598237e-07,-1.1893399e-06,-1.1893399e-06,-1.0513421e-15,-1.0513421e-15,0.0045130023,0.0045130023,-6.6523476e-14,-6.6523476e-14,0.0057280258,0.0057280258,-3.3401652e-14,-3.3401652e-14,-0.00010320651,-0.00010320651,0.00012141943,0.00012141943,-2.0641303e-05,-2.0641303e-05,-2.1750476e-16,-2.1750476e-16,-1.7582957e-14,-1.7582957e-14,1.7584772e-14,1.7584772e-14,-2.1775183e-19,-2.1775183e-19,-4.0962755e-19,-4.0962755e-19,-5.4382299e-10,-5.4382299e-10,-1.2458496e-18,-1.2458496e-18,1.5925864e-18,1.5925864e-18,-3.5977886e-18,-3.5977886e-18,2.1374555e-07,2.1374555e-07,8.8688584e-36,8.8688584e-36
-0.00010210777,-0.00010210777,0.00010210777,0.00010210777,1.586635e-15,1.586635e-15,1.0103822e-15,1.0103822e-15,0.00010210777,0.00010210777,-1.4897121e-05,-1.4897121e-05,-1.8019018e-05,-1.8019018e-05,-1.4743209e-05,-1.4743209e-05,-1.8019018e-05,-1.8019018e-05,1.0985674e-11,1.0985674e-11,-3.7025475e-22,-3.7025475e-22,1.8019018e-05,1.8019018e-05,-1.0545085e-15,-1.0545085e-15,1.0925089e-06,1.0925089e-06,1.0925089e-06,1.0925089e-06,6.273089e-19,6.273089e-19,-0.00010210777,-0.00010210777,-1.8019018e-05,-1.8019018e-05,-0.00010210777,-0.00010210777,-1.8019018e-05,-1.8019018e-05,-6.8155752e-17,-6.8155752e-17,4.7991095e-17,4.7991095e-17,-0.00012012679,-0.00012012679,-1.4996299e-17,-1.4996299e-17,-0.00012012627,-0.00012012627,-1.8193437e-17,-1.8193437e-17,-1.1879445e-13,-1.1879445e-13,1.8019018e-05,1.8019018e-05,-1.1879509e-13,-1.1879509e-13,1.8019018e-05,1.8019018e-05,1.8019018e-05,1.8019018e-05,-1.0524664e-15,-1.0524664e-15,-0.00010210777,-0.00010210777,-0.00010210777,-0.00010210777,-1.8019018e-05,-1.8019018e-05,-1.9389593e-07,-1.9389593e-07,3.5069995e-19,3.5069995e-19,-1.137324e-15,-1.137324e-15,-1.9389593e-07,-1.9389593e-07,-1.1766789e-06,-1.1766789e-06,-1.0510303e-15,-1.0510303e-15,0.0044649561,0.0044649561,-6.6504068e-14,-6.6504068e-14,0.0056670448,0.0056670448,-3.3392093e-14,-3.3392093e-14,-0.00010210777,-0.00010210777,0.00012012679,0.00012012679,-2.0421554e-05,-2.0421554e-05,-2.1746038e-16,-2.1746038e-16,-1.7584864e-14,-1.7584864e-14,1.758666e-14,1.758666e-14,-2.1542682e-19,-2.1542682e-19,-4.0526665e-19,-4.0526665e-19,-5.1663184e-10,-5.1663184e-10,-1.2325863e-18,-1.2325863e-18,1.5756316e-18,1.5756316e-18,-3.5594861e-18,-3.5594861e-18,2.1162857e-07,2.1162857e-07,8.6809863e-36,8.6809863e-36
-0.00010102072,-0.00010102072,0.00010102072,0.00010102072,1.5864859e-15,1.5864859e-15,1.0100313e-15,1.0100313e-15,0.00010102072,0.00010102072,-1.4738624e-05,-1.4738624e-05,-1.7827187e-05,-1.7827187e-05,-1.4586237e-05,-1.4586237e-05,-1.7827187e-05,-1.7827187e-05,1.086755e-11,1.086755e-11,-3.6628615e-22,-3.6628615e-22,1.7827187e-05,1.7827187e-05,-1.054163e-15,-1.054163e-15,1.080878e-06,1.080878e-06,1.080878e-06,1.080878e-06,6.2062942e-19,6.2062942e-19,-0.00010102072,-0.00010102072,-1.7827187e-05,-1.7827187e-05,-0.00010102072,-0.00010102072,-1.7827187e-05,-1.7827187e-05,-6.8309162e-17,-6.8309162e-17,4.788404e-17,4.788404e-17,-0.00011884791,-0.00011884791,-1.5311787e-17,-1.5311787e-17,-0.00011884742,-0.00011884742,-1.8474885e-17,-1.8474885e-17,-1.1523482e-13,-1.1523482e-13,1.7827187e-05,1.7827187e-05,-1.1523545e-13,-1.1523545e-13,1.7827187e-05,1.7827187e-05,1.7827187e-05,1.7827187e-05,-1.0521426e-15,-1.0521426e-15,-0.00010102072,-0.00010102072,-0.00010102072,-0.00010102072,-1.7827187e-05,-1.7827187e-05,-1.9183171e-07,-1.9183171e-07,3.4696559e-19,3.4696559e-19,3.5596359e-15,3.5596359e-15,-1.9183171e-07,-1.9183171e-07,-1.1641527e-06,-1.1641527e-06,-1.0507218e-15,-1.0507218e-15,0.0044174214,0.0044174214,-6.6484867e-14,-6.6484867e-14,0.0056067131,0.0056067131,-3.3382635e-14,-3.3382635e-14,-0.00010102072,-0.00010102072,0.00011884791,0.00011884791,-2.0204145e-05,-2.0204145e-05,-2.1741648e-16,-2.1741648e-16,-1.7586751e-14,-1.7586751e-14,1.7588528e-14,1.7588528e-14,-2.1312672e-19,-2.1312672e-19,-4.0095218e-19,-4.0095218e-19,-4.9080025e-10,-4.9080025e-10,-1.2194641e-18,-1.2194641e-18,1.5588573e-18,1.5588573e-18,-3.5215913e-18,-3.5215913e-18,2.0953232e-07,2.0953232e-07,8.4970942e-36,8.4970942e-36
-9.9945251e-05,-9.9945251e-05,9.9945251e-05,9.9945251e-05,1.5863233e-15,1.5863233e-15,1.0096841e-15,1.0096841e-15,9.9945251e-05,9.9945251e-05,-1.4581814e-05,-1.4581814e-05,-1.7637397e-05,-1.7637397e-05,-1.4430937e-05,-1.4430937e-05,-1.7637397e-05,-1.7637397e-05,1.0752978e-11,1.0752978e-11,-3.6236114e-22,-3.6236114e-22,1.7637397e-05,1.7637397e-05,-1.0538211e-15,-1.0538211e-15,1.069371e-06,1.069371e-06,1.069371e-06,1.069371e-06,6.1402107e-19,6.1402107e-19,-9.9945251e-05,-9.9945251e-05,-1.7637397e-05,-1.7637397e-05,-9.9945251e-05,-9.9945251e-05,-1.7637397e-05,-1.7637397e-05,-6.8460939e-17,-6.8460939e-17,4.7778125e-17,4.7778125e-17,-0.00011758265,-0.00011758265,-1.5623917e-17,-1.5623917e-17,-0.00011758218,-0.00011758218,-1.8753337e-17,-1.8753337e-17,-1.1621185e-13,-1.1621185e-13,1.7637397e-05,1.7637397e-05,-1.1621247e-13,-1.1621247e-13,1.7637397e-05,1.7637397e-05,1.7637397e-05,1.7637397e-05,-1.0518222e-15,-1.0518222e-15,-9.9945251e-05,-9.9945251e-05,-9.9945251e-05,-9.9945251e-05,-1.7637397e-05,-1.7637397e-05,-1.8978946e-07,-1.8978946e-07,3.4327101e-19,3.4327101e-19,-9.7702466e-16,-9.7702466e-16,-1.8978946e-07,-1.8978946e-07,-1.1517598e-06,-1.1517598e-06,-1.0504166e-15,-1.0504166e-15,0.0043703927,0.0043703927,-6.646587e-14,-6.646587e-14,0.0055470236,0.0055470236,-3.3373278e-14,-3.3373278e-14,-9.9945251e-05,-9.9945251e-05,0.00011758265,0.00011758265,-1.998905e-05,-1.998905e-05,-2.1737304e-16,-2.1737304e-16,-1.7588617e-14,-1.7588617e-14,1.7590375e-14,1.7590375e-14,-2.1085126e-19,-2.1085126e-19,-3.9668364e-19,-3.9668364e-19,-4.6626024e-10,-4.6626024e-10,-1.2064817e-18,-1.2064817e-18,1.5422615e-18,1.5422615e-18,-3.4841e-18,-3.4841e-18,2.0745661e-07,2.0745661e-07,8.3170979e-36,8.3170979e-36
-9.8881227e-05,-9.8881227e-05,9.8881227e-05,9.8881227e-05,1.5861878e-15,1.5861878e-15,1.0093407e-15,1.0093407e-15,9.8881227e-05,9.8881227e-05,-1.4426673e-05,-1.4426673e-05,-1.7449628e-05,-1.7449628e-05,-1.4277291e-05,-1.4277291e-05,-1.7449628e-05,-1.7449628e-05,1.0637422e-11,1.0637422e-11,-3.5847919e-22,-3.5847919e-22,1.7449628e-05,1.7449628e-05,-1.0534829e-15,-1.0534829e-15,1.0579864e-06,1.0579864e-06,1.0579864e-06,1.0579864e-06,6.0748309e-19,6.0748309e-19,-9.8881227e-05,-9.8881227e-05,-1.7449628e-05,-1.7449628e-05,-9.8881227e-05,-9.8881227e-05,-1.7449628e-05,-1.7449628e-05,-6.8611098e-17,-6.8611098e-17,4.7673337e-17,4.7673337e-17,-0.00011633085,-0.00011633085,-1.5932722e-17,-1.5932722e-17,-0.00011633041,-0.00011633041,-1.9028823e-17,-1.9028823e-17,-1.1285841e-13,-1.1285841e-13,1.7449628e-05,1.7449628e-05,-1.1285902e-13,-1.1285902e-13,1.7449628e-05,1.7449628e-05,1.7449628e-05,1.7449628e-05,-1.0515053e-15,-1.0515053e-15,-9.8881227e-05,-9.8881227e-05,-9.8881227e-05,-9.8881227e-05,-1.7449628e-05,-1.7449628e-05,-1.8776896e-07,-1.8776896e-07,3.3961577e-19,3.3961577e-19,3.3534506e-15,3.3534506e-15,-1.8776896e-07,-1.8776896e-07,-1.1394988e-06,-1.1394988e-06,-1.0501146e-15,-1.0501146e-15,0.0043238648,0.0043238648,-6.6447075e-14,-6.6447075e-14,0.0054879695,0.0054879695,-3.3364021e-14,-3.3364021e-14,-9.8881227e-05,-9.8881227e-05,0.00011633085,0.00011633085,-1.9776245e-05,-1.9776245e-05,-2.1733007e-16,-2.1733007e-16,-1.7590464e-14,-1.7590464e-14,1.7592204e-14,1.7592204e-14,-2.0860018e-19,-2.0860018e-19,-3.9246054e-19,-3.9246054e-19,-4.4294722e-10,-4.4294722e-10,-1.1936375e-18,-1.1936375e-18,1.5258425e-18,1.5258425e-18,-3.4470079e-18,-3.4470079e-18,2.0540124e-07,2.0540124e-07,8.1409149e-36,8.1409149e-36
-9.782853e-05,-9.782853e-05,9.782853e-05,9.782853e-05,1.5860523e-15,1.5860523e-15,1.0090008e-15,1.0090008e-15,9.782853e-05,9.782853e-05,-1.4273184e-05,-1.4273184e-05,-1.7263858e-05,-1.7263858e-05,-1.4125281e-05,-1.4125281e-05,-1.7263858e-05,-1.7263858e-05,1.0525212e-11,1.0525212e-11,-3.5463977e-22,-3.5463977e-22,1.7263858e-05,1.7263858e-05,-1.0531483e-15,-1.0531483e-15,1.046723e-06,1.046723e-06,1.046723e-06,1.046723e-06,6.0101473e-19,6.0101473e-19,-9.782853e-05,-9.782853e-05,-1.7263858e-05,-1.7263858e-05,-9.782853e-05,-9.782853e-05,-1.7263858e-05,-1.7263858e-05,-6.8759658e-17,-6.8759658e-17,4.7569664e-17,4.7569664e-17,-0.00011509239,-0.00011509239,-1.6238239e-17,-1.6238239e-17,-0.00011509197,-0.00011509197,-1.9301377e-17,-1.9301377e-17,-1.1368914e-13,-1.1368914e-13,1.7263858e-05,1.7263858e-05,-1.1368975e-13,-1.1368975e-13,1.7263858e-05,1.7263858e-05,1.7263858e-05,1.7263858e-05,-1.0511917e-15,-1.0511917e-15,-9.782853e-05,-9.782853e-05,-9.782853e-05,-9.782853e-05,-1.7263858e-05,-1.7263858e-05,-1.8576996e-07,-1.8576996e-07,3.3599946e-19,3.3599946e-19,-8.3072628e-16,-8.3072628e-16,-1.8576996e-07,-1.8576996e-07,-1.1273683e-06,-1.1273683e-06,-1.0498158e-15,-1.0498158e-15,0.0042778322,0.0042778322,-6.6428481e-14,-6.6428481e-14,0.0054295442,0.0054295442,-3.3354862e-14,-3.3354862e-14,-9.782853e-05,-9.782853e-05,0.00011509239,0.00011509239,-1.9565706e-05,-1.9565706e-05,-2.1728755e-16,-2.1728755e-16,-1.7592291e-14,-1.7592291e-14,1.7594012e-14,1.7594012e-14,-2.063732e-19,-2.063732e-19,-3.8828239e-19,-3.8828239e-19,-4.2079986e-10,-4.2079986e-10,-1.18093e-18,-1.18093e-18,1.5095982e-18,1.5095982e-18,-3.4103106e-18,-3.4103106e-18,2.0336602e-07,2.0336602e-07,7.9684642e-36,7.9684642e-36
-9.6787041e-05,-9.6787041e-05,9.6787041e-05,9.6787041e-05,1.5859167e-15,1.5859167e-15,1.0086647e-15,1.0086647e-15,9.6787041e-05,9.6787041e-05,-1.4121327e-05,-1.4121327e-05,-1.7080066e-05,-1.7080066e-05,-1.397489e-05,-1.397489e-05,-1.7080066e-05,-1.7080066e-05,1.0412165e-11,1.0412165e-11,-3.5084239e-22,-3.5084239e-22,1.7080066e-05,1.7080066e-05,-1.0528172e-15,-1.0528172e-15,1.0355796e-06,1.0355796e-06,1.0355796e-06,1.0355796e-06,5.9461525e-19,5.9461525e-19,-9.6787041e-05,-9.6787041e-05,-1.7080066e-05,-1.7080066e-05,-9.6787041e-05,-9.6787041e-05,-1.7080066e-05,-1.7080066e-05,-6.8906635e-17,-6.8906635e-17,4.7467094e-17,4.7467094e-17,-0.00011386711,-0.00011386711,-1.6540504e-17,-1.6540504e-17,-0.00011386671,-0.00011386671,-1.9571028e-17,-1.9571028e-17,-1.1052733e-13,-1.1052733e-13,1.7080066e-05,1.7080066e-05,-1.1052793e-13,-1.1052793e-13,1.7080066e-05,1.7080066e-05,1.7080066e-05,1.7080066e-05,-1.0508815e-15,-1.0508815e-15,-9.6787041e-05,-9.6787041e-05,-9.6787041e-05,-9.6787041e-05,-1.7080066e-05,-1.7080066e-05,-1.8379225e-07,-1.8379225e-07,3.3242167e-19,3.3242167e-19,3.1618163e-15,3.1618163e-15,-1.8379225e-07,-1.8379225e-07,-1.1153669e-06,-1.1153669e-06,-1.0495202e-15,-1.0495202e-15,0.0042322897,0.0042322897,-6.6410084e-14,-6.6410084e-14,0.0053717409,0.0053717409,-3.3345801e-14,-3.3345801e-14,-9.6787041e-05,-9.6787041e-05,0.00011386711,0.00011386711,-1.9357408e-05,-1.9357408e-05,-2.1724549e-16,-2.1724549e-16,-1.7594099e-14,-1.7594099e-14,1.7595802e-14,1.7595802e-14,-2.0417008e-19,-2.0417008e-19,-3.8414873e-19,-3.8414873e-19,-3.9975987e-10,-3.9975987e-10,-1.1683577e-18,-1.1683577e-18,1.4935269e-18,1.4935269e-18,-3.374004e-18,-3.374004e-18,2.0135075e-07,2.0135075e-07,7.7996669e-36,7.7996669e-36
-9.5756639e-05,-9.5756639e-05,9.5756639e-05,9.5756639e-05,1.5857677e-15,1.5857677e-15,1.008332e-15,1.008332e-15,9.5756639e-05,9.5756639e-05,-1.3971087e-05,-1.3971087e-05,-1.689823e-05,-1.689823e-05,-1.3826101e-05,-1.3826101e-05,-1.689823e-05,-1.689823e-05,1.0302272e-11,1.0302272e-11,-3.4708652e-22,-3.4708652e-22,1.689823e-05,1.689823e-05,-1.0524897e-15,-1.0524897e-15,1.0245548e-06,1.0245548e-06,1.0245548e-06,1.0245548e-06,5.8828393e-19,5.8828393e-19,-9.5756639e-05,-9.5756639e-05,-1.689823e-05,-1.689823e-05,-9.5756639e-05,-9.5756639e-05,-1.689823e-05,-1.689823e-05,-6.9052047e-17,-6.9052047e-17,4.7365616e-17,4.7365616e-17,-0.00011265487,-0.00011265487,-1.6839549e-17,-1.6839549e-17,-0.00011265449,-0.00011265449,-1.9837807e-17,-1.9837807e-17,-1.1122464e-13,-1.1122464e-13,1.689823e-05,1.689823e-05,-1.1122524e-13,-1.1122524e-13,1.689823e-05,1.689823e-05,1.689823e-05,1.689823e-05,-1.0505746e-15,-1.0505746e-15,-9.5756639e-05,-9.5756639e-05,-9.5756639e-05,-9.5756639e-05,-1.689823e-05,-1.689823e-05,-1.8183559e-07,-1.8183559e-07,3.2888198e-19,3.2888198e-19,-6.9730648e-16,-6.9730648e-16,-1.8183559e-07,-1.8183559e-07,-1.1034932e-06,-1.1034932e-06,-1.0492278e-15,-1.0492278e-15,0.0041872321,0.0041872321,-6.6391884e-14,-6.6391884e-14,0.0053145529,0.0053145529,-3.3336836e-14,-3.3336836e-14,-9.5756639e-05,-9.5756639e-05,0.00011265487,0.00011265487,-1.9151328e-05,-1.9151328e-05,-2.1720387e-16,-2.1720387e-16,-1.7595887e-14,-1.7595887e-14,1.7597572e-14,1.7597572e-14,-2.0199055e-19,-2.0199055e-19,-3.8005907e-19,-3.8005907e-19,-3.7977188e-10,-3.7977188e-10,-1.1559194e-18,-1.1559194e-18,1.4776267e-18,1.4776267e-18,-3.3380839e-18,-3.3380839e-18,1.9935525e-07,1.9935525e-07,7.6344455e-36,7.6344455e-36
-9.4737207e-05,-9.4737207e-05,9.4737207e-05,9.4737207e-05,1.5856321e-15,1.5856321e-15,1.008003e-15,1.008003e-15,9.4737207e-05,9.4737207e-05,-1.3822445e-05,-1.3822445e-05,-1.6718331e-05,-1.6718331e-05,-1.3678897e-05,-1.3678897e-05,-1.6718331e-05,-1.6718331e-05,1.0191676e-11,1.0191676e-11,-3.4337168e-22,-3.4337168e-22,1.6718331e-05,1.6718331e-05,-1.0521656e-15,-1.0521656e-15,1.0136473e-06,1.0136473e-06,1.0136473e-06,1.0136473e-06,5.8202002e-19,5.8202002e-19,-9.4737207e-05,-9.4737207e-05,-1.6718331e-05,-1.6718331e-05,-9.4737207e-05,-9.4737207e-05,-1.6718331e-05,-1.6718331e-05,-6.919591e-17,-6.919591e-17,4.7265218e-17,4.7265218e-17,-0.00011145554,-0.00011145554,-1.713541e-17,-1.713541e-17,-0.00011145518,-0.00011145518,-2.0101747e-17,-2.0101747e-17,-1.0824102e-13,-1.0824102e-13,1.6718331e-05,1.6718331e-05,-1.0824161e-13,-1.0824161e-13,1.6718331e-05,1.6718331e-05,1.6718331e-05,1.6718331e-05,-1.0502709e-15,-1.0502709e-15,-9.4737207e-05,-9.4737207e-05,-9.4737207e-05,-9.4737207e-05,-1.6718331e-05,-1.6718331e-05,-1.7989976e-07,-1.7989976e-07,3.2537998e-19,3.2537998e-19,2.9836318e-15,2.9836318e-15,-1.7989976e-07,-1.7989976e-07,-1.0917459e-06,-1.0917459e-06,-1.0489385e-15,-1.0489385e-15,0.0041426541,0.0041426541,-6.6373877e-14,-6.6373877e-14,0.0052579738,0.0052579738,-3.3327967e-14,-3.3327967e-14,-9.4737207e-05,-9.4737207e-05,0.00011145554,0.00011145554,-1.8947441e-05,-1.8947441e-05,-2.1716269e-16,-2.1716269e-16,-1.7597656e-14,-1.7597656e-14,1.7599324e-14,1.7599324e-14,-1.9983436e-19,-1.9983436e-19,-3.7601296e-19,-3.7601296e-19,-3.6078328e-10,-3.6078328e-10,-1.1436134e-18,-1.1436134e-18,1.4618958e-18,1.4618958e-18,-3.3025463e-18,-3.3025463e-18,1.9737932e-07,1.9737932e-07,7.4727243e-36,7.4727243e-36
-9.3728628e-05,-9.3728628e-05,9.3728628e-05,9.3728628e-05,1.585483e-15,1.585483e-15,1.0076774e-15,1.0076774e-15,9.3728628e-05,9.3728628e-05,-1.3675385e-05,-1.3675385e-05,-1.6540346e-05,-1.6540346e-05,-1.353326e-05,-1.353326e-05,-1.6540346e-05,-1.6540346e-05,1.0084056e-11,1.0084056e-11,-3.3969737e-22,-3.3969737e-22,1.6540346e-05,1.6540346e-05,-1.051845e-15,-1.051845e-15,1.002856e-06,1.002856e-06,1.002856e-06,1.002856e-06,5.7582282e-19,5.7582282e-19,-9.3728628e-05,-9.3728628e-05,-1.6540346e-05,-1.6540346e-05,-9.3728628e-05,-9.3728628e-05,-1.6540346e-05,-1.6540346e-05,-6.933824e-17,-6.933824e-17,4.7165889e-17,4.7165889e-17,-0.00011026897,-0.00011026897,-1.7428121e-17,-1.7428121e-17,-0.00011026863,-0.00011026863,-2.0362875e-17,-2.0362875e-17,-1.0881676e-13,-1.0881676e-13,1.6540346e-05,1.6540346e-05,-1.0881734e-13,-1.0881734e-13,1.6540346e-05,1.6540346e-05,1.6540346e-05,1.6540346e-05,-1.0499705e-15,-1.0499705e-15,-9.3728628e-05,-9.3728628e-05,-9.3728628e-05,-9.3728628e-05,-1.6540346e-05,-1.6540346e-05,-1.7798454e-07,-1.7798454e-07,3.2191528e-19,3.2191528e-19,-5.75731e-16,-5.75731e-16,-1.7798454e-07,-1.7798454e-07,-1.0801236e-06,-1.0801236e-06,-1.0486523e-15,-1.0486523e-15,0.0040985508,0.0040985508,-6.6356062e-14,-6.6356062e-14,0.005201997,0.005201997,-3.3319192e-14,-3.3319192e-14,-9.3728628e-05,-9.3728628e-05,0.00011026897,0.00011026897,-1.8745726e-05,-1.8745726e-05,-2.1712196e-16,-2.1712196e-16,-1.7599407e-14,-1.7599407e-14,1.7601056e-14,1.7601056e-14,-1.9770125e-19,-1.9770125e-19,-3.7200991e-19,-3.7200991e-19,-3.4274412e-10,-3.4274412e-10,-1.1314385e-18,-1.1314385e-18,1.4463323e-18,1.4463323e-18,-3.267387e-18,-3.267387e-18,1.9542277e-07,1.9542277e-07,7.3144292e-36,7.3144292e-36
-9.2730786e-05,-9.2730786e-05,9.2730786e-05,9.2730786e-05,1.5853746e-15,1.5853746e-15,1.0073553e-15,1.0073553e-15,9.2730786e-05,9.2730786e-05,-1.3529891e-05,-1.3529891e-05,-1.6364256e-05,-1.6364256e-05,-1.3389174e-05,-1.3389174e-05,-1.6364256e-05,-1.6364256e-05,9.9758546e-12,9.9758546e-12,-3.3606312e-22,-3.3606312e-22,1.6364256e-05,1.6364256e-05,-1.0515279e-15,-1.0515279e-15,9.9217952e-07,9.9217952e-07,9.9217952e-07,9.9217952e-07,5.6969161e-19,5.6969161e-19,-9.2730786e-05,-9.2730786e-05,-1.6364256e-05,-1.6364256e-05,-9.2730786e-05,-9.2730786e-05,-1.6364256e-05,-1.6364256e-05,-6.9479054e-17,-6.9479054e-17,4.7067617e-17,4.7067617e-17,-0.00010909504,-0.00010909504,-1.7717715e-17,-1.7717715e-17,-0.00010909472,-0.00010909472,-2.0621224e-17,-2.0621224e-17,-1.0599888e-13,-1.0599888e-13,1.6364256e-05,1.6364256e-05,-1.0599946e-13,-1.0599946e-13,1.6364256e-05,1.6364256e-05,1.6364256e-05,1.6364256e-05,-1.0496733e-15,-1.0496733e-15,-9.2730786e-05,-9.2730786e-05,-9.2730786e-05,-9.2730786e-05,-1.6364256e-05,-1.6364256e-05,-1.7608971e-07,-1.7608971e-07,3.1848748e-19,3.1848748e-19,2.817881e-15,2.817881e-15,-1.7608971e-07,-1.7608971e-07,-1.0686251e-06,-1.0686251e-06,-1.0483691e-15,-1.0483691e-15,0.004054917,0.004054917,-6.6338436e-14,-6.6338436e-14,0.0051466161,0.0051466161,-3.3310511e-14,-3.3310511e-14,-9.2730786e-05,-9.2730786e-05,0.00010909504,0.00010909504,-1.8546157e-05,-1.8546157e-05,-2.1708166e-16,-2.1708166e-16,-1.7601138e-14,-1.7601138e-14,1.7602771e-14,1.7602771e-14,-1.9559099e-19,-1.9559099e-19,-3.6804948e-19,-3.6804948e-19,-3.2560691e-10,-3.2560691e-10,-1.1193931e-18,-1.1193931e-18,1.4309345e-18,1.4309345e-18,-3.232602e-18,-3.232602e-18,1.9348543e-07,1.9348543e-07,7.1594875e-36,7.1594875e-36
-9.1743568e-05,-9.1743568e-05,9.1743568e-05,9.1743568e-05,1.5852255e-15,1.5852255e-15,1.0070366e-15,1.0070366e-15,9.1743568e-05,9.1743568e-05,-1.3385944e-05,-1.3385944e-05,-1.6190041e-05,-1.6190041e-05,-1.3246622e-05,-1.3246622e-05,-1.6190041e-05,-1.6190041e-05,9.8704641e-12,9.8704641e-12,-3.3246844e-22,-3.3246844e-22,1.6190041e-05,1.6190041e-05,-1.0512141e-15,-1.0512141e-15,9.8161675e-07,9.8161675e-07,9.8161675e-07,9.8161675e-07,5.6362569e-19,5.6362569e-19,-9.1743568e-05,-9.1743568e-05,-1.6190041e-05,-1.6190041e-05,-9.1743568e-05,-9.1743568e-05,-1.6190041e-05,-1.6190041e-05,-6.9618369e-17,-6.9618369e-17,4.6970391e-17,4.6970391e-17,-0.00010793361,-0.00010793361,-1.8004226e-17,-1.8004226e-17,-0.0001079333,-0.0001079333,-2.0876821e-17,-2.0876821e-17,-1.0646393e-13,-1.0646393e-13,1.6190041e-05,1.6190041e-05,-1.064645e-13,-1.064645e-13,1.6190041e-05,1.6190041e-05,1.6190041e-05,1.6190041e-05,-1.0493792e-15,-1.0493792e-15,-9.1743568e-05,-9.1743568e-05,-9.1743568e-05,-9.1743568e-05,-1.6190041e-05,-1.6190041e-05,-1.7421505e-07,-1.7421505e-07,3.1509619e-19,3.1509619e-19,-4.6504675e-16,-4.6504675e-16,-1.7421505e-07,-1.7421505e-07,-1.0572489e-06,-1.0572489e-06,-1.0480889e-15,-1.0480889e-15,0.0040117478,0.0040117478,-6.6320999e-14,-6.6320999e-14,0.0050918248,0.0050918248,-3.3301922e-14,-3.3301922e-14,-9.1743568e-05,-9.1743568e-05,0.00010793361,0.00010793361,-1.8348714e-05,-1.8348714e-05,-2.1704179e-16,-2.1704179e-16,-1.7602852e-14,-1.7602852e-14,1.7604467e-14,1.7604467e-14,-1.9350332e-19,-1.9350332e-19,-3.6413122e-19,-3.6413122e-19,-3.0932657e-10,-3.0932657e-10,-1.107476e-18,-1.107476e-18,1.4157007e-18,1.4157007e-18,-3.1981874e-18,-3.1981874e-18,1.915671e-07,1.915671e-07,7.0078281e-36,7.0078281e-36
-9.0766859e-05,-9.0766859e-05,9.0766859e-05,9.0766859e-05,1.58509e-15,1.58509e-15,1.0067214e-15,1.0067214e-15,9.0766859e-05,9.0766859e-05,-1.3243529e-05,-1.3243529e-05,-1.6017681e-05,-1.6017681e-05,-1.3105589e-05,-1.3105589e-05,-1.6017681e-05,-1.6017681e-05,9.764602e-12,9.764602e-12,-3.2891289e-22,-3.2891289e-22,1.6017681e-05,1.6017681e-05,-1.0509036e-15,-1.0509036e-15,9.7116639e-07,9.7116639e-07,9.7116639e-07,9.7116639e-07,5.5762437e-19,5.5762437e-19,-9.0766859e-05,-9.0766859e-05,-1.6017681e-05,-1.6017681e-05,-9.0766859e-05,-9.0766859e-05,-1.6017681e-05,-1.6017681e-05,-6.9756199e-17,-6.9756199e-17,4.6874199e-17,4.6874199e-17,-0.00010678454,-0.00010678454,-1.8287685e-17,-1.8287685e-17,-0.00010678425,-0.00010678425,-2.1129697e-17,-2.1129697e-17,-1.0380031e-13,-1.0380031e-13,1.6017681e-05,1.6017681e-05,-1.0380088e-13,-1.0380088e-13,1.6017681e-05,1.6017681e-05,1.6017681e-05,1.6017681e-05,-1.0490883e-15,-1.0490883e-15,-9.0766859e-05,-9.0766859e-05,-9.0766859e-05,-9.0766859e-05,-1.6017681e-05,-1.6017681e-05,-1.7236035e-07,-1.7236035e-07,3.1174101e-19,3.1174101e-19,2.6636263e-15,2.6636263e-15,-1.7236035e-07,-1.7236035e-07,-1.0459938e-06,-1.0459938e-06,-1.0478117e-15,-1.0478117e-15,0.0039690381,0.0039690381,-6.6303747e-14,-6.6303747e-14,0.0050376169,0.0050376169,-3.3293425e-14,-3.3293425e-14,-9.0766859e-05,-9.0766859e-05,0.00010678454,0.00010678454,-1.8153372e-05,-1.8153372e-05,-2.1700234e-16,-2.1700234e-16,-1.7604547e-14,-1.7604547e-14,1.7606145e-14,1.7606145e-14,-1.91438e-19,-1.91438e-19,-3.6025466e-19,-3.6025466e-19,-2.9386024e-10,-2.9386024e-10,-1.0956858e-18,-1.0956858e-18,1.400629e-18,1.400629e-18,-3.1641391e-18,-3.1641391e-18,1.8966761e-07,1.8966761e-07,6.8593817e-36,6.8593817e-36
-8.9800548e-05,-8.9800548e-05,8.9800548e-05,8.9800548e-05,1.5849274e-15,1.5849274e-15,1.0064095e-15,1.0064095e-15,8.9800548e-05,8.9800548e-05,-1.310263e-05,-1.310263e-05,-1.5847156e-05,-1.5847156e-05,-1.2966058e-05,-1.2966058e-05,-1.5847156e-05,-1.5847156e-05,9.6613972e-12,9.6613972e-12,-3.2539598e-22,-3.2539598e-22,1.5847155e-05,1.5847155e-05,-1.0505964e-15,-1.0505964e-15,9.6082733e-07,9.6082733e-07,9.6082733e-07,9.6082733e-07,5.5168696e-19,5.5168696e-19,-8.9800548e-05,-8.9800548e-05,-1.5847156e-05,-1.5847156e-05,-8.9800548e-05,-8.9800548e-05,-1.5847156e-05,-1.5847156e-05,-6.9892561e-17,-6.9892561e-17,4.6779032e-17,4.6779032e-17,-0.0001056477,-0.0001056477,-1.8568127e-17,-1.8568127e-17,-0.00010564742,-0.00010564742,-2.137988e-17,-2.137988e-17,-1.041647e-13,-1.041647e-13,1.5847156e-05,1.5847156e-05,-1.0416525e-13,-1.0416525e-13,1.5847156e-05,1.5847156e-05,1.5847155e-05,1.5847155e-05,-1.0488005e-15,-1.0488005e-15,-8.9800548e-05,-8.9800548e-05,-8.9800548e-05,-8.9800548e-05,-1.5847156e-05,-1.5847156e-05,-1.7052539e-07,-1.7052539e-07,3.0842157e-19,3.0842157e-19,-3.6437553e-16,-3.6437553e-16,-1.7052539e-07,-1.7052539e-07,-1.0348586e-06,-1.0348586e-06,-1.0475375e-15,-1.0475375e-15,0.0039267832,0.0039267832,-6.6286678e-14,-6.6286678e-14,0.004983986,0.004983986,-3.3285018e-14,-3.3285018e-14,-8.9800548e-05,-8.9800548e-05,0.0001056477,0.0001056477,-1.796011e-05,-1.796011e-05,-2.1696331e-16,-2.1696331e-16,-1.7606224e-14,-1.7606224e-14,1.7607805e-14,1.7607805e-14,-1.8939478e-19,-1.8939478e-19,-3.5641938e-19,-3.5641938e-19,-2.7916723e-10,-2.7916723e-10,-1.0840211e-18,-1.0840211e-18,1.3857178e-18,1.3857178e-18,-3.1304533e-18,-3.1304533e-18,1.8778676e-07,1.8778676e-07,6.71408e-36,6.71408e-36
-8.8844525e-05,-8.8844525e-05,8.8844525e-05,8.8844525e-05,1.5848054e-15,1.5848054e-15,1.0061009e-15,1.0061009e-15,8.8844525e-05,8.8844525e-05,-1.296323e-05,-1.296323e-05,-1.5678446e-05,-1.5678446e-05,-1.2828012e-05,-1.2828012e-05,-1.5678446e-05,-1.5678446e-05,9.5578217e-12,9.5578217e-12,-3.2191729e-22,-3.2191729e-22,1.5678446e-05,1.5678446e-05,-1.0502926e-15,-1.0502926e-15,9.5059829e-07,9.5059829e-07,9.505983e-07,9.505983e-07,5.4581277e-19,5.4581277e-19,-8.8844525e-05,-8.8844525e-05,-1.5678446e-05,-1.5678446e-05,-8.8844525e-05,-8.8844525e-05,-1.5678446e-05,-1.5678446e-05,-7.0027471e-17,-7.0027471e-17,4.6684877e-17,4.6684877e-17,-0.00010452297,-0.00010452297,-1.8845582e-17,-1.8845582e-17,-0.00010452271,-0.00010452271,-2.16274e-17,-2.16274e-17,-1.016447e-13,-1.016447e-13,1.5678446e-05,1.5678446e-05,-1.0164525e-13,-1.0164525e-13,1.5678446e-05,1.5678446e-05,1.5678446e-05,1.5678446e-05,-1.0485157e-15,-1.0485157e-15,-8.8844525e-05,-8.8844525e-05,-8.8844525e-05,-8.8844525e-05,-1.5678446e-05,-1.5678446e-05,-1.6870997e-07,-1.6870997e-07,3.0513748e-19,3.0513748e-19,2.5200025e-15,2.5200025e-15,-1.6870998e-07,-1.6870998e-07,-1.0238418e-06,-1.0238418e-06,-1.0472662e-15,-1.0472662e-15,0.0038849781,0.0038849781,-6.6269792e-14,-6.6269792e-14,0.0049309261,0.0049309261,-3.32767e-14,-3.32767e-14,-8.8844525e-05,-8.8844525e-05,0.00010452297,0.00010452297,-1.7768905e-05,-1.7768905e-05,-2.169247e-16,-2.169247e-16,-1.7607883e-14,-1.7607883e-14,1.7609447e-14,1.7609447e-14,-1.8737344e-19,-1.8737344e-19,-3.5262492e-19,-3.5262492e-19,-2.6520886e-10,-2.6520886e-10,-1.0724806e-18,-1.0724806e-18,1.3709653e-18,1.3709653e-18,-3.0971262e-18,-3.0971262e-18,1.8592439e-07,1.8592439e-07,6.5718565e-36,6.5718565e-36
-8.789868e-05,-8.789868e-05,8.789868e-05,8.789868e-05,1.5846563e-15,1.5846563e-15,1.0057955e-15,1.0057955e-15,8.789868e-05,8.789868e-05,-1.2825313e-05,-1.2825313e-05,-1.5511532e-05,-1.5511532e-05,-1.2691436e-05,-1.2691436e-05,-1.5511532e-05,-1.5511532e-05,9.4567599e-12,9.4567599e-12,-3.1847635e-22,-3.1847635e-22,1.5511532e-05,1.5511532e-05,-1.0499919e-15,-1.0499919e-15,9.4047819e-07,9.4047819e-07,9.404782e-07,9.404782e-07,5.4000114e-19,5.4000114e-19,-8.789868e-05,-8.789868e-05,-1.5511532e-05,-1.5511532e-05,-8.789868e-05,-8.789868e-05,-1.5511532e-05,-1.5511532e-05,-7.0160943e-17,-7.0160943e-17,4.6591724e-17,4.6591724e-17,-0.00010341021,-0.00010341021,-1.9120083e-17,-1.9120083e-17,-0.00010340996,-0.00010340996,-2.1872284e-17,-2.1872284e-17,-1.0191761e-13,-1.0191761e-13,1.5511532e-05,1.5511532e-05,-1.0191816e-13,-1.0191816e-13,1.5511532e-05,1.5511532e-05,1.5511532e-05,1.5511532e-05,-1.048234e-15,-1.048234e-15,-8.789868e-05,-8.789868e-05,-8.789868e-05,-8.789868e-05,-1.5511532e-05,-1.5511532e-05,-1.6691388e-07,-1.6691388e-07,3.0188836e-19,3.0188836e-19,-2.7290815e-16,-2.7290815e-16,-1.6691388e-07,-1.6691388e-07,-1.0129423e-06,-1.0129423e-06,-1.0469977e-15,-1.0469977e-15,0.0038436181,0.0038436181,-6.6253085e-14,-6.6253085e-14,0.0048784311,0.0048784311,-3.3268471e-14,-3.3268471e-14,-8.789868e-05,-8.789868e-05,0.00010341021,0.00010341021,-1.7579736e-05,-1.7579736e-05,-2.168865e-16,-2.168865e-16,-1.7609524e-14,-1.7609524e-14,1.7611072e-14,1.7611072e-14,-1.8537374e-19,-1.8537374e-19,-3.4887086e-19,-3.4887086e-19,-2.5194842e-10,-2.5194842e-10,-1.0610629e-18,-1.0610629e-18,1.3563699e-18,1.3563699e-18,-3.0641538e-18,-3.0641538e-18,1.8408032e-07,1.8408032e-07,6.432646e-36,6.432646e-36
-8.6962904e-05,-8.6962904e-05,8.6962904e-05,8.6962904e-05,1.5845479e-15,1.5845479e-15,1.0054935e-15,1.0054935e-15,8.6962904e-05,8.6962904e-05,-1.2688864e-05,-1.2688864e-05,-1.5346395e-05,-1.5346395e-05,-1.2556315e-05,-1.2556315e-05,-1.5346395e-05,-1.5346395e-05,9.355419e-12,9.355419e-12,-3.1507274e-22,-3.1507274e-22,1.5346395e-05,1.5346395e-05,-1.0496945e-15,-1.0496945e-15,9.304658e-07,9.304658e-07,9.304658e-07,9.304658e-07,5.3425139e-19,5.3425139e-19,-8.6962904e-05,-8.6962904e-05,-1.5346395e-05,-1.5346395e-05,-8.6962904e-05,-8.6962904e-05,-1.5346395e-05,-1.5346395e-05,-7.0292994e-17,-7.0292994e-17,4.6499563e-17,4.6499563e-17,-0.0001023093,-0.0001023093,-1.9391661e-17,-1.9391661e-17,-0.00010230906,-0.00010230906,-2.211456e-17,-2.211456e-17,-9.9531409e-14,-9.9531409e-14,1.5346395e-05,1.5346395e-05,-9.9531949e-14,-9.9531949e-14,1.5346395e-05,1.5346395e-05,1.5346395e-05,1.5346395e-05,-1.0479552e-15,-1.0479552e-15,-8.6962904e-05,-8.6962904e-05,-8.6962904e-05,-8.6962904e-05,-1.5346395e-05,-1.5346395e-05,-1.651369e-07,-1.651369e-07,2.9867384e-19,2.9867384e-19,2.386211e-15,2.386211e-15,-1.6513691e-07,-1.6513691e-07,-1.0021588e-06,-1.0021588e-06,-1.0467322e-15,-1.0467322e-15,0.0038026984,0.0038026984,-6.6236556e-14,-6.6236556e-14,0.004826495,0.004826495,-3.326033e-14,-3.326033e-14,-8.6962904e-05,-8.6962904e-05,0.0001023093,0.0001023093,-1.7392581e-05,-1.7392581e-05,-2.168487e-16,-2.168487e-16,-1.7611148e-14,-1.7611148e-14,1.7612679e-14,1.7612679e-14,-1.8339543e-19,-1.8339543e-19,-3.4515677e-19,-3.4515677e-19,-2.39351e-10,-2.39351e-10,-1.0497668e-18,-1.0497668e-18,1.3419299e-18,1.3419299e-18,-3.0315325e-18,-3.0315325e-18,1.8225436e-07,1.8225436e-07,6.2963846e-36,6.2963846e-36
-8.6037091e-05,-8.6037091e-05,8.6037091e-05,8.6037091e-05,1.5844395e-15,1.5844395e-15,1.0051946e-15,1.0051946e-15,8.6037091e-05,8.6037091e-05,-1.2553867e-05,-1.2553867e-05,-1.5183016e-05,-1.5183016e-05,-1.2422633e-05,-1.2422633e-05,-1.5183016e-05,-1.5183016e-05,9.2564581e-12,9.2564581e-12,-3.1170601e-22,-3.1170601e-22,1.5183016e-05,1.5183016e-05,-1.0494002e-15,-1.0494002e-15,9.2056003e-07,9.2056003e-07,9.2056003e-07,9.2056003e-07,5.2856287e-19,5.2856287e-19,-8.6037091e-05,-8.6037091e-05,-1.5183016e-05,-1.5183016e-05,-8.6037091e-05,-8.6037091e-05,-1.5183016e-05,-1.5183016e-05,-7.0423639e-17,-7.0423639e-17,4.6408383e-17,4.6408383e-17,-0.00010122011,-0.00010122011,-1.9660348e-17,-1.9660348e-17,-0.00010121988,-0.00010121988,-2.2354257e-17,-2.2354257e-17,-9.9721313e-14,-9.9721313e-14,1.5183016e-05,1.5183016e-05,-9.9721848e-14,-9.9721848e-14,1.5183016e-05,1.5183016e-05,1.5183016e-05,1.5183016e-05,-1.0476795e-15,-1.0476795e-15,-8.6037091e-05,-8.6037091e-05,-8.6037091e-05,-8.6037091e-05,-1.5183016e-05,-1.5183016e-05,-1.6337885e-07,-1.6337885e-07,2.9549356e-19,2.9549356e-19,-1.8989904e-16,-1.8989904e-16,-1.6337885e-07,-1.6337885e-07,-9.9149013e-07,-9.9149013e-07,-1.0464694e-15,-1.0464694e-15,0.0037622144,0.0037622144,-6.6220204e-14,-6.6220204e-14,0.0047751117,0.0047751117,-3.3252275e-14,-3.3252275e-14,-8.6037091e-05,-8.6037091e-05,0.00010122011,0.00010122011,-1.7207418e-05,-1.7207418e-05,-2.1681131e-16,-2.1681131e-16,-1.7612754e-14,-1.7612754e-14,1.761427e-14,1.761427e-14,-1.814383e-19,-1.814383e-19,-3.4148222e-19,-3.4148222e-19,-2.2738345e-10,-2.2738345e-10,-1.0385909e-18,-1.0385909e-18,1.3276436e-18,1.3276436e-18,-2.9992585e-18,-2.9992585e-18,1.8044636e-07,1.8044636e-07,6.1630098e-36,6.1630098e-36
-8.5121133e-05,-8.5121133e-05,8.5121133e-05,8.5121133e-05,1.5842769e-15,1.5842769e-15,1.004899e-15,1.004899e-15,8.5121133e-05,8.5121133e-05,-1.2420306e-05,-1.2420306e-05,-1.5021376e-05,-1.5021376e-05,-1.2290374e-05,-1.2290374e-05,-1.5021376e-05,-1.5021376e-05,9.1573013e-12,9.1573013e-12,-3.0837575e-22,-3.0837575e-22,1.5021376e-05,1.5021376e-05,-1.049109e-15,-1.049109e-15,9.1075968e-07,9.1075968e-07,9.1075968e-07,9.1075968e-07,5.2293493e-19,5.2293493e-19,-8.5121133e-05,-8.5121133e-05,-1.5021376e-05,-1.5021376e-05,-8.5121133e-05,-8.5121133e-05,-1.5021376e-05,-1.5021376e-05,-7.0552892e-17,-7.0552892e-17,4.6318173e-17,4.6318173e-17,-0.00010014251,-0.00010014251,-1.9926173e-17,-1.9926173e-17,-0.00010014229,-0.00010014229,-2.2591401e-17,-2.2591401e-17,-9.7459804e-14,-9.7459804e-14,1.5021376e-05,1.5021376e-05,-9.7460333e-14,-9.7460333e-14,1.5021376e-05,1.5021376e-05,1.5021376e-05,1.5021376e-05,-1.0474066e-15,-1.0474066e-15,-8.5121133e-05,-8.5121133e-05,-8.5121133e-05,-8.5121133e-05,-1.5021376e-05,-1.5021376e-05,-1.6163951e-07,-1.6163951e-07,2.9234715e-19,2.9234715e-19,2.2615148e-15,2.2615148e-15,-1.6163951e-07,-1.6163951e-07,-9.80935e-07,-9.80935e-07,-1.0462095e-15,-1.0462095e-15,0.0037221613,0.0037221613,-6.6204025e-14,-6.6204025e-14,0.0047242755,0.0047242755,-3.3244307e-14,-3.3244307e-14,-8.5121133e-05,-8.5121133e-05,0.00010014251,0.00010014251,-1.7024227e-05,-1.7024227e-05,-2.1677432e-16,-2.1677432e-16,-1.7614344e-14,-1.7614344e-14,1.7615843e-14,1.7615843e-14,-1.7950211e-19,-1.7950211e-19,-3.3784678e-19,-3.3784678e-19,-2.1601428e-10,-2.1601428e-10,-1.027534e-18,-1.027534e-18,1.3135094e-18,1.3135094e-18,-2.9673281e-18,-2.9673281e-18,1.7865612e-07,1.7865612e-07,6.0324605e-36,6.0324605e-36
-8.4214928e-05,-8.4214928e-05,8.4214928e-05,8.4214928e-05,1.584182e-15,1.584182e-15,1.0046065e-15,1.0046065e-15,8.4214928e-05,8.4214928e-05,-1.2288166e-05,-1.2288166e-05,-1.4861458e-05,-1.4861458e-05,-1.2159524e-05,-1.2159524e-05,-1.4861458e-05,-1.4861458e-05,9.0603999e-12,9.0603999e-12,-3.0508153e-22,-3.0508153e-22,1.4861458e-05,1.4861458e-05,-1.048821e-15,-1.048821e-15,9.010637e-07,9.010637e-07,9.010637e-07,9.010637e-07,5.1736693e-19,5.1736693e-19,-8.4214927e-05,-8.4214927e-05,-1.4861458e-05,-1.4861458e-05,-8.4214927e-05,-8.4214927e-05,-1.4861458e-05,-1.4861458e-05,-7.0680768e-17,-7.0680768e-17,4.6228923e-17,4.6228923e-17,-9.9076385e-05,-9.9076385e-05,-2.0189168e-17,-2.0189168e-17,-9.907618e-05,-9.907618e-05,-2.2826021e-17,-2.2826021e-17,-9.7574471e-14,-9.7574471e-14,1.4861458e-05,1.4861458e-05,-9.7574994e-14,-9.7574994e-14,1.4861458e-05,1.4861458e-05,1.4861458e-05,1.4861458e-05,-1.0471367e-15,-1.0471367e-15,-8.4214928e-05,-8.4214928e-05,-8.4214928e-05,-8.4214928e-05,-1.4861458e-05,-1.4861458e-05,-1.5991869e-07,-1.5991869e-07,2.8923425e-19,2.8923425e-19,-1.1466132e-16,-1.1466132e-16,-1.5991869e-07,-1.5991869e-07,-9.7049222e-07,-9.7049222e-07,-1.0459523e-15,-1.0459523e-15,0.0036825347,0.0036825347,-6.6188019e-14,-6.6188019e-14,0.0046739805,0.0046739805,-3.3236423e-14,-3.3236423e-14,-8.4214928e-05,-8.4214928e-05,9.9076385e-05,9.9076385e-05,-1.6842986e-05,-1.6842986e-05,-2.1673771e-16,-2.1673771e-16,-1.7615916e-14,-1.7615916e-14,1.76174e-14,1.76174e-14,-1.7758664e-19,-1.7758664e-19,-3.3425005e-19,-3.3425005e-19,-2.0521356e-10,-2.0521356e-10,-1.0165948e-18,-1.0165948e-18,1.2995257e-18,1.2995257e-18,-2.9357376e-18,-2.9357376e-18,1.7688348e-07,1.7688348e-07,5.9046768e-36,5.9046768e-36
-8.3318369e-05,-8.3318369e-05,8.3318369e-05,8.3318369e-05,1.58406e-15,1.58406e-15,1.0043171e-15,1.0043171e-15,8.3318369e-05,8.3318369e-05,-1.2157433e-05,-1.2157433e-05,-1.4703242e-05,-1.4703242e-05,-1.2030067e-05,-1.2030067e-05,-1.4703242e-05,-1.4703242e-05,8.963378e-12,8.963378e-12,-3.0182295e-22,-3.0182295e-22,1.4703242e-05,1.4703242e-05,-1.048536e-15,-1.048536e-15,8.9147091e-07,8.9147091e-07,8.9147091e-07,8.9147091e-07,5.1185821e-19,5.1185821e-19,-8.3318369e-05,-8.3318369e-05,-1.4703242e-05,-1.4703242e-05,-8.3318369e-05,-8.3318369e-05,-1.4703242e-05,-1.4703242e-05,-7.0807282e-17,-7.0807282e-17,4.6140624e-17,4.6140624e-17,-9.8021611e-05,-9.8021611e-05,-2.0449363e-17,-2.0449363e-17,-9.8021416e-05,-9.8021416e-05,-2.3058142e-17,-2.3058142e-17,-9.5429243e-14,-9.5429243e-14,1.4703242e-05,1.4703242e-05,-9.542976e-14,-9.542976e-14,1.4703242e-05,1.4703242e-05,1.4703242e-05,1.4703242e-05,-1.0468697e-15,-1.0468697e-15,-8.3318369e-05,-8.3318369e-05,-8.3318369e-05,-8.3318369e-05,-1.4703242e-05,-1.4703242e-05,-1.5821618e-07,-1.5821618e-07,2.861545e-19,2.861545e-19,2.1452338e-15,2.1452338e-15,-1.5821618e-07,-1.5821618e-07,-9.601606e-07,-9.601606e-07,-1.0456979e-15,-1.0456979e-15,0.00364333,0.00364333,-6.6172183e-14,-6.6172183e-14,0.004624221,0.004624221,-3.3228623e-14,-3.3228623e-14,-8.3318369e-05,-8.3318369e-05,9.8021611e-05,9.8021611e-05,-1.6663674e-05,-1.6663674e-05,-2.167015e-16,-2.167015e-16,-1.7617472e-14,-1.7617472e-14,1.761894e-14,1.761894e-14,-1.7569166e-19,-1.7569166e-19,-3.3069161e-19,-3.3069161e-19,-1.9495289e-10,-1.9495289e-10,-1.0057721e-18,-1.0057721e-18,1.2856908e-18,1.2856908e-18,-2.9044834e-18,-2.9044834e-18,1.7512828e-07,1.7512828e-07,5.7796001e-36,5.7796001e-36
-8.2431356e-05,-8.2431356e-05,8.2431356e-05,8.2431356e-05,1.583911e-15,1.583911e-15,1.0040308e-15,1.0040308e-15,8.2431356e-05,8.2431356e-05,-1.202809e-05,-1.202809e-05,-1.454671e-05,-1.454671e-05,-1.1901988e-05,-1.1901988e-05,-1.454671e-05,-1.454671e-05,8.8684953e-12,8.8684953e-12,-2.9859959e-22,-2.9859959e-22,1.454671e-05,1.454671e-05,-1.0482541e-15,-1.0482541e-15,8.8198027e-07,8.8198027e-07,8.8198027e-07,8.8198027e-07,5.0640816e-19,5.0640816e-19,-8.2431355e-05,-8.2431355e-05,-1.454671e-05,-1.454671e-05,-8.2431355e-05,-8.2431355e-05,-1.454671e-05,-1.454671e-05,-7.0932448e-17,-7.0932448e-17,4.6053264e-17,4.6053264e-17,-9.6978065e-05,-9.6978065e-05,-2.0706787e-17,-2.0706787e-17,-9.697788e-05,-9.697788e-05,-2.3287792e-17,-2.3287792e-17,-9.5475811e-14,-9.5475811e-14,1.454671e-05,1.454671e-05,-9.5476323e-14,-9.5476323e-14,1.454671e-05,1.454671e-05,1.454671e-05,1.454671e-05,-1.0466055e-15,-1.0466055e-15,-8.2431356e-05,-8.2431356e-05,-8.2431356e-05,-8.2431356e-05,-1.454671e-05,-1.454671e-05,-1.565318e-07,-1.565318e-07,2.8310754e-19,2.8310754e-19,-4.6562172e-17,-4.6562172e-17,-1.565318e-07,-1.565318e-07,-9.4993895e-07,-9.4993895e-07,-1.0454461e-15,-1.0454461e-15,0.0036045426,0.0036045426,-6.6156515e-14,-6.6156515e-14,0.0045749911,0.0045749911,-3.3220906e-14,-3.3220906e-14,-8.2431356e-05,-8.2431356e-05,9.6978065e-05,9.6978065e-05,-1.6486271e-05,-1.6486271e-05,-2.1666568e-16,-2.1666568e-16,-1.7619011e-14,-1.7619011e-14,1.7620463e-14,1.7620463e-14,-1.7381696e-19,-1.7381696e-19,-3.2717105e-19,-3.2717105e-19,-1.8520524e-10,-1.8520524e-10,-9.9506461e-19,-9.9506461e-19,1.2720032e-18,1.2720032e-18,-2.873562e-18,-2.873562e-18,1.7339034e-07,1.7339034e-07,5.6571731e-36,5.6571731e-36
-8.1553785e-05,-8.1553785e-05,8.1553785e-05,8.1553785e-05,1.5838025e-15,1.5838025e-15,1.0037475e-15,1.0037475e-15,8.1553785e-05,8.1553785e-05,-1.1900124e-05,-1.1900124e-05,-1.4391844e-05,-1.4391844e-05,-1.1775273e-05,-1.1775273e-05,-1.4391844e-05,-1.4391844e-05,8.7735604e-12,8.7735604e-12,-2.9541105e-22,-2.9541105e-22,1.4391844e-05,1.4391844e-05,-1.0479751e-15,-1.0479751e-15,8.7259065e-07,8.7259065e-07,8.7259065e-07,8.7259065e-07,5.0101614e-19,5.0101614e-19,-8.1553785e-05,-8.1553785e-05,-1.4391844e-05,-1.4391844e-05,-8.1553785e-05,-8.1553785e-05,-1.4391844e-05,-1.4391844e-05,-7.1056282e-17,-7.1056282e-17,4.5966834e-17,4.5966834e-17,-9.594563e-05,-9.594563e-05,-2.0961471e-17,-2.0961471e-17,-9.5945454e-05,-9.5945454e-05,-2.3514997e-17,-2.3514997e-17,-9.3439076e-14,-9.3439076e-14,1.4391844e-05,1.4391844e-05,-9.3439582e-14,-9.3439582e-14,1.4391844e-05,1.4391844e-05,1.4391844e-05,1.4391844e-05,-1.0463441e-15,-1.0463441e-15,-8.1553785e-05,-8.1553785e-05,-8.1553785e-05,-8.1553785e-05,-1.4391844e-05,-1.4391844e-05,-1.5486536e-07,-1.5486536e-07,2.8009304e-19,2.8009304e-19,2.0367401e-15,2.0367401e-15,-1.5486536e-07,-1.5486536e-07,-9.3982611e-07,-9.3982611e-07,-1.0451971e-15,-1.0451971e-15,0.0035661682,0.0035661682,-6.6141015e-14,-6.6141015e-14,0.0045262854,0.0045262854,-3.3213271e-14,-3.3213271e-14,-8.1553785e-05,-8.1553785e-05,9.594563e-05,9.594563e-05,-1.6310757e-05,-1.6310757e-05,-2.1663024e-16,-2.1663024e-16,-1.7620534e-14,-1.7620534e-14,1.7621971e-14,1.7621971e-14,-1.7196231e-19,-1.7196231e-19,-3.2368797e-19,-3.2368797e-19,-1.7594498e-10,-1.7594498e-10,-9.844711e-19,-9.844711e-19,1.2584614e-18,1.2584614e-18,-2.8429698e-18,-2.8429698e-18,1.7166949e-07,1.7166949e-07,5.5373397e-36,5.5373397e-36
-8.0685558e-05,-8.0685558e-05,8.0685558e-05,8.0685558e-05,1.5836941e-15,1.5836941e-15,1.0034673e-15,1.0034673e-15,8.0685558e-05,8.0685558e-05,-1.1773519e-05,-1.1773519e-05,-1.4238628e-05,-1.4238628e-05,-1.1649908e-05,-1.1649908e-05,-1.4238628e-05,-1.4238628e-05,8.6806563e-12,8.6806563e-12,-2.9225694e-22,-2.9225694e-22,1.4238628e-05,1.4238628e-05,-1.0476991e-15,-1.0476991e-15,8.6330101e-07,8.6330101e-07,8.6330101e-07,8.6330101e-07,4.9568154e-19,4.9568154e-19,-8.0685557e-05,-8.0685557e-05,-1.4238628e-05,-1.4238628e-05,-8.0685557e-05,-8.0685557e-05,-1.4238628e-05,-1.4238628e-05,-7.1178796e-17,-7.1178796e-17,4.5881323e-17,4.5881323e-17,-9.4924185e-05,-9.4924185e-05,-2.1213442e-17,-2.1213442e-17,-9.4924018e-05,-9.4924018e-05,-2.3739782e-17,-2.3739782e-17,-9.34241e-14,-9.34241e-14,1.4238628e-05,1.4238628e-05,-9.3424601e-14,-9.3424601e-14,1.4238628e-05,1.4238628e-05,1.4238628e-05,1.4238628e-05,-1.0460855e-15,-1.0460855e-15,-8.0685558e-05,-8.0685558e-05,-8.0685558e-05,-8.0685558e-05,-1.4238628e-05,-1.4238628e-05,-1.5321665e-07,-1.5321665e-07,2.7711064e-19,2.7711064e-19,1.4981353e-17,1.4981353e-17,-1.5321665e-07,-1.5321665e-07,-9.2982092e-07,-9.2982092e-07,-1.0449507e-15,-1.0449507e-15,0.0035282024,0.0035282024,-6.6125679e-14,-6.6125679e-14,0.0044780982,0.0044780982,-3.3205717e-14,-3.3205717e-14,-8.0685558e-05,-8.0685558e-05,9.4924185e-05,9.4924185e-05,-1.6137112e-05,-1.6137112e-05,-2.1659517e-16,-2.1659517e-16,-1.762204e-14,-1.762204e-14,1.7623462e-14,1.7623462e-14,-1.7012751e-19,-1.7012751e-19,-3.2024197e-19,-3.2024197e-19,-1.6714773e-10,-1.6714773e-10,-9.7399037e-19,-9.7399037e-19,1.2450637e-18,1.2450637e-18,-2.8127032e-18,-2.8127032e-18,1.6996558e-07,1.6996558e-07,5.4200448e-36,5.4200448e-36
-7.9826573e-05,-7.9826573e-05,7.9826573e-05,7.9826573e-05,1.5835586e-15,1.5835586e-15,1.00319e-15,1.00319e-15,7.9826573e-05,7.9826573e-05,-1.1648262e-05,-1.1648262e-05,-1.4087042e-05,-1.4087042e-05,-1.1525877e-05,-1.1525877e-05,-1.4087042e-05,-1.4087042e-05,8.5877616e-12,8.5877616e-12,-2.8913686e-22,-2.8913686e-22,1.4087042e-05,1.4087042e-05,-1.0474261e-15,-1.0474261e-15,8.5411024e-07,8.5411024e-07,8.5411024e-07,8.5411024e-07,4.9040375e-19,4.9040375e-19,-7.9826573e-05,-7.9826573e-05,-1.4087042e-05,-1.4087042e-05,-7.9826573e-05,-7.9826573e-05,-1.4087042e-05,-1.4087042e-05,-7.1300006e-17,-7.1300006e-17,4.5796723e-17,4.5796723e-17,-9.3913615e-05,-9.3913615e-05,-2.1462731e-17,-2.1462731e-17,-9.3913456e-05,-9.3913456e-05,-2.3962174e-17,-2.3962174e-17,-9.1488652e-14,-9.1488652e-14,1.4087042e-05,1.4087042e-05,-9.1489147e-14,-9.1489147e-14,1.4087042e-05,1.4087042e-05,1.4087042e-05,1.4087042e-05,-1.0458296e-15,-1.0458296e-15,-7.9826573e-05,-7.9826573e-05,-7.9826573e-05,-7.9826573e-05,-1.4087042e-05,-1.4087042e-05,-1.515855e-07,-1.515855e-07,2.7416e-19,2.7416e-19,1.9354542e-15,1.9354542e-15,-1.515855e-07,-1.515855e-07,-9.1992223e-07,-9.1992223e-07,-1.0447069e-15,-1.0447069e-15,0.0034906407,0.0034906407,-6.6110507e-14,-6.6110507e-14,0.0044304241,0.0044304241,-3.3198244e-14,-3.3198244e-14,-7.9826573e-05,-7.9826573e-05,9.3913615e-05,9.3913615e-05,-1.5965315e-05,-1.5965315e-05,-2.1656048e-16,-2.1656048e-16,-1.762353e-14,-1.762353e-14,1.7624937e-14,1.7624937e-14,-1.6831233e-19,-1.6831233e-19,-3.1683266e-19,-3.1683266e-19,-1.5879034e-10,-1.5879034e-10,-9.6362122e-19,-9.6362122e-19,1.2318086e-18,1.2318086e-18,-2.7827589e-18,-2.7827589e-18,1.6827843e-07,1.6827843e-07,5.3052347e-36,5.3052347e-36
-7.8976733e-05,-7.8976733e-05,7.8976733e-05,7.8976733e-05,1.5834502e-15,1.5834502e-15,1.0029157e-15,1.0029157e-15,7.8976733e-05,7.8976733e-05,-1.1524337e-05,-1.1524337e-05,-1.3937071e-05,-1.3937071e-05,-1.1403167e-05,-1.1403167e-05,-1.3937071e-05,-1.3937071e-05,8.4967967e-12,8.4967967e-12,-2.8605044e-22,-2.8605044e-22,1.393707e-05,1.393707e-05,-1.047156e-15,-1.047156e-15,8.4501734e-07,8.4501734e-07,8.4501735e-07,8.4501735e-07,4.8518216e-19,4.8518216e-19,-7.8976733e-05,-7.8976733e-05,-1.3937071e-05,-1.3937071e-05,-7.8976733e-05,-7.8976733e-05,-1.3937071e-05,-1.3937071e-05,-7.1419924e-17,-7.1419924e-17,4.5713024e-17,4.5713024e-17,-9.2913804e-05,-9.2913804e-05,-2.1709365e-17,-2.1709365e-17,-9.2913653e-05,-9.2913653e-05,-2.4182198e-17,-2.4182198e-17,-9.1418151e-14,-9.1418151e-14,1.3937071e-05,1.3937071e-05,-9.1418641e-14,-9.1418641e-14,1.3937071e-05,1.3937071e-05,1.393707e-05,1.393707e-05,-1.0455765e-15,-1.0455765e-15,-7.8976733e-05,-7.8976733e-05,-7.8976733e-05,-7.8976733e-05,-1.3937071e-05,-1.3937071e-05,-1.4997171e-07,-1.4997171e-07,2.7124078e-19,2.7124078e-19,7.0506241e-17,7.0506241e-17,-1.4997171e-07,-1.4997171e-07,-9.1012891e-07,-9.1012891e-07,-1.0444658e-15,-1.0444658e-15,0.0034534789,0.0034534789,-6.6095496e-14,-6.6095496e-14,0.0043832574,0.0043832574,-3.3190851e-14,-3.3190851e-14,-7.8976733e-05,-7.8976733e-05,9.2913804e-05,9.2913804e-05,-1.5795347e-05,-1.5795347e-05,-2.1652615e-16,-2.1652615e-16,-1.7625005e-14,-1.7625005e-14,1.7626397e-14,1.7626397e-14,-1.6651657e-19,-1.6651657e-19,-3.1345964e-19,-3.1345964e-19,-1.5085083e-10,-1.5085083e-10,-9.5336245e-19,-9.5336245e-19,1.2186947e-18,1.2186947e-18,-2.7531334e-18,-2.7531334e-18,1.666079e-07,1.666079e-07,5.1928568e-36,5.1928568e-36
-7.8135941e-05,-7.8135941e-05,7.8135941e-05,7.8135941e-05,1.5833282e-15,1.5833282e-15,1.0026443e-15,1.0026443e-15,7.8135941e-05,7.8135941e-05,-1.1401731e-05,-1.1401731e-05,-1.3788695e-05,-1.3788695e-05,-1.1281764e-05,-1.1281764e-05,-1.3788695e-05,-1.3788695e-05,8.4058967e-12,8.4058967e-12,-2.8299729e-22,-2.8299729e-22,1.3788695e-05,1.3788695e-05,-1.0468887e-15,-1.0468887e-15,8.3602123e-07,8.3602123e-07,8.3602123e-07,8.3602123e-07,4.8001618e-19,4.8001618e-19,-7.8135941e-05,-7.8135941e-05,-1.3788695e-05,-1.3788695e-05,-7.8135941e-05,-7.8135941e-05,-1.3788695e-05,-1.3788695e-05,-7.1538565e-17,-7.1538565e-17,4.5630215e-17,4.5630215e-17,-9.1924636e-05,-9.1924636e-05,-2.1953373e-17,-2.1953373e-17,-9.1924493e-05,-9.1924493e-05,-2.4399879e-17,-2.4399879e-17,-8.9577315e-14,-8.9577315e-14,1.3788695e-05,1.3788695e-05,-8.9577799e-14,-8.9577799e-14,1.3788695e-05,1.3788695e-05,1.3788695e-05,1.3788695e-05,-1.045326e-15,-1.045326e-15,-7.8135941e-05,-7.8135941e-05,-7.8135941e-05,-7.8135941e-05,-1.3788695e-05,-1.3788695e-05,-1.483751e-07,-1.483751e-07,2.6835265e-19,2.6835265e-19,1.8408412e-15,1.8408412e-15,-1.483751e-07,-1.483751e-07,-9.0043983e-07,-9.0043983e-07,-1.0442271e-15,-1.0442271e-15,0.0034167128,0.0034167128,-6.6080646e-14,-6.6080646e-14,0.0043365929,0.0043365929,-3.3183536e-14,-3.3183536e-14,-7.8135941e-05,-7.8135941e-05,9.1924636e-05,9.1924636e-05,-1.5627188e-05,-1.5627188e-05,-2.164922e-16,-2.164922e-16,-1.7626464e-14,-1.7626464e-14,1.7627841e-14,1.7627841e-14,-1.6474002e-19,-1.6474002e-19,-3.1012253e-19,-3.1012253e-19,-1.4330829e-10,-1.4330829e-10,-9.432129e-19,-9.432129e-19,1.2057204e-18,1.2057204e-18,-2.7238233e-18,-2.7238233e-18,1.6495381e-07,1.6495381e-07,5.0828595e-36,5.0828595e-36
-7.73041e-05,-7.73041e-05,7.73041e-05,7.73041e-05,1.5831927e-15,1.5831927e-15,1.0023758e-15,1.0023758e-15,7.73041e-05,7.73041e-05,-1.1280429e-05,-1.1280429e-05,-1.36419e-05,-1.36419e-05,-1.1161654e-05,-1.1161654e-05,-1.36419e-05,-1.36419e-05,8.316832e-12,8.316832e-12,-2.7997703e-22,-2.7997703e-22,1.36419e-05,1.36419e-05,-1.0466243e-15,-1.0466243e-15,8.271209e-07,8.271209e-07,8.2712091e-07,8.2712091e-07,4.7490521e-19,4.7490521e-19,-7.73041e-05,-7.73041e-05,-1.36419e-05,-1.36419e-05,-7.73041e-05,-7.73041e-05,-1.36419e-05,-1.36419e-05,-7.1655943e-17,-7.1655943e-17,4.5548288e-17,4.5548288e-17,-9.0946e-05,-9.0946e-05,-2.2194784e-17,-2.2194784e-17,-9.0945864e-05,-9.0945864e-05,-2.4615243e-17,-2.4615243e-17,-8.9456813e-14,-8.9456813e-14,1.36419e-05,1.36419e-05,-8.9457292e-14,-8.9457292e-14,1.36419e-05,1.36419e-05,1.36419e-05,1.36419e-05,-1.0450783e-15,-1.0450783e-15,-7.73041e-05,-7.73041e-05,-7.73041e-05,-7.73041e-05,-1.36419e-05,-1.36419e-05,-1.4679549e-07,-1.4679549e-07,2.6549528e-19,2.6549528e-19,1.205071e-16,1.205071e-16,-1.4679549e-07,-1.4679549e-07,-8.908539e-07,-8.908539e-07,-1.0439911e-15,-1.0439911e-15,0.0033803381,0.0033803381,-6.6065953e-14,-6.6065953e-14,0.0042904252,0.0042904252,-3.3176299e-14,-3.3176299e-14,-7.73041e-05,-7.73041e-05,9.0946e-05,9.0946e-05,-1.546082e-05,-1.546082e-05,-2.164586e-16,-2.164586e-16,-1.7627907e-14,-1.7627907e-14,1.762927e-14,1.762927e-14,-1.6298246e-19,-1.6298246e-19,-3.0682095e-19,-3.0682095e-19,-1.3614287e-10,-1.3614287e-10,-9.331714e-19,-9.331714e-19,1.1928842e-18,1.1928842e-18,-2.6948252e-18,-2.6948252e-18,1.63316e-07,1.63316e-07,4.9751924e-36,4.9751924e-36
-7.6481115e-05,-7.6481115e-05,7.6481115e-05,7.6481115e-05,1.5830978e-15,1.5830978e-15,1.0021102e-15,1.0021102e-15,7.6481115e-05,7.6481115e-05,-1.1160418e-05,-1.1160418e-05,-1.3496667e-05,-1.3496667e-05,-1.1042822e-05,-1.1042822e-05,-1.3496667e-05,-1.3496667e-05,8.2278824e-12,8.2278824e-12,-2.769893e-22,-2.769893e-22,1.3496667e-05,1.3496667e-05,-1.0463627e-15,-1.0463627e-15,8.1831531e-07,8.1831531e-07,8.1831532e-07,8.1831532e-07,4.6984866e-19,4.6984866e-19,-7.6481115e-05,-7.6481115e-05,-1.3496667e-05,-1.3496667e-05,-7.6481115e-05,-7.6481115e-05,-1.3496667e-05,-1.3496667e-05,-7.1772071e-17,-7.1772071e-17,4.5467232e-17,4.5467232e-17,-8.9977782e-05,-8.9977782e-05,-2.2433623e-17,-2.2433623e-17,-8.9977653e-05,-8.9977653e-05,-2.4828313e-17,-2.4828313e-17,-8.7704411e-14,-8.7704411e-14,1.3496667e-05,1.3496667e-05,-8.7704885e-14,-8.7704885e-14,1.3496667e-05,1.3496667e-05,1.3496667e-05,1.3496667e-05,-1.0448331e-15,-1.0448331e-15,-7.6481115e-05,-7.6481115e-05,-7.6481115e-05,-7.6481115e-05,-1.3496667e-05,-1.3496667e-05,-1.452327e-07,-1.452327e-07,2.6266834e-19,2.6266834e-19,1.7524072e-15,1.7524072e-15,-1.452327e-07,-1.452327e-07,-8.8137001e-07,-8.8137001e-07,-1.0437575e-15,-1.0437575e-15,0.0033443506,0.0033443506,-6.6051417e-14,-6.6051417e-14,0.004244749,0.004244749,-3.3169139e-14,-3.3169139e-14,-7.6481115e-05,-7.6481115e-05,8.9977782e-05,8.9977782e-05,-1.5296223e-05,-1.5296223e-05,-2.1642536e-16,-2.1642536e-16,-1.7629335e-14,-1.7629335e-14,1.7630683e-14,1.7630683e-14,-1.6124371e-19,-1.6124371e-19,-3.0355452e-19,-3.0355452e-19,-1.2933573e-10,-1.2933573e-10,-9.2323681e-19,-9.2323681e-19,1.1801846e-18,1.1801846e-18,-2.6661358e-18,-2.6661358e-18,1.6169433e-07,1.6169433e-07,4.8698062e-36,4.8698062e-36
