e_slash_star_pie,e_slash_star_lin,lambda_H_pie,lambda_H_lin,lambda_H_slash_star_pie,lambda_H_slash_star_lin,lambda_F_slash_star_pie,lambda_F_slash_star_lin,lambda_F_pie,lambda_F_lin,utility_H_with_delta_pie,utility_H_with_delta_lin,utility_F_with_delta_pie,utility_F_with_delta_lin,utility_H_without_delta_pie,utility_H_without_delta_lin,utility_F_without_delta_pie,utility_F_without_delta_lin,gamma_H_pie,gamma_H_lin,chi_H_pie,chi_H_lin,p_H_pie,p_H_lin,p_F_star_pie,p_F_star_lin,i_H_notional_pie,i_H_notional_lin,i_H_pie,i_H_lin,i_F_pie,i_F_lin,c_H_W_pie,c_H_W_lin,c_F_W_pie,c_F_W_lin,c_H_H_pie,c_H_H_lin,c_F_H_pie,c_F_H_lin,c_H_F_pie,c_H_F_lin,c_F_F_pie,c_F_F_lin,y_H_pie,y_H_lin,y_F_pie,y_F_lin,l_H_pie,l_H_lin,l_F_pie,l_F_lin,p_H_W_pie,p_H_W_lin,p_F_W_star_pie,p_F_W_star_lin,p_H_W_bar_pie,p_H_W_bar_lin,p_F_W_star_bar_pie,p_F_W_star_bar_lin,p_H_bar_pie,p_H_bar_lin,p_F_star_bar_pie,p_F_star_bar_lin,p_H_bar_y_H_pie,p_H_bar_y_H_lin,p_H_W_c_H_W_pie,p_H_W_c_H_W_lin,p_H_W_slash_p_H_pie,p_H_W_slash_p_H_lin,pi_H_pie,pi_H_lin,pi_F_star_pie,pi_F_star_lin,pi_H_W_pie,pi_H_W_lin,pi_F_W_star_pie,pi_F_W_star_lin,p_H_tilde_pie,p_H_tilde_lin,p_F_star_tilde_pie,p_F_star_tilde_lin,v_H_pie,v_H_lin,v_F_pie,v_F_lin,w_H_pie,w_H_lin,w_F_pie,w_F_lin,p_F_bar_pie,p_F_bar_lin,p_H_star_bar_pie,p_H_star_bar_lin,t_H_pie,t_H_lin,t_F_pie,t_F_lin,b_H_pie,b_H_lin,b_F_star_pie,b_F_star_lin,beta_H_pie,beta_H_lin,beta_F_pie,beta_F_lin,a_H_pie,a_H_lin,a_F_pie,a_F_lin,tau_H_pie,tau_H_lin,tau_F_pie,tau_F_lin,Delta_H_pie,Delta_H_lin,Delta_F_pie,Delta_F_lin
-5.4728085e-16,-5.4728085e-16,-1.1677099e-16,-1.1677099e-16,-6.6405183e-16,-6.6405183e-16,-2.5867429e-15,-2.5867429e-15,-2.0394621e-15,-2.0394621e-15,-0.07273336,-0.07273336,-6.5245586e-06,-6.5245586e-06,-0.072732611,-0.072732611,-6.5245586e-06,-6.5245586e-06,0,0,0,0,4.3497058e-05,4.3497058e-05,-8.6481193e-16,-8.6481193e-16,3.2381184e-15,3.2381184e-15,3.2219099e-15,3.2219099e-15,-1.2642397e-15,-1.2642397e-15,-3.6972499e-05,-3.6972499e-05,-6.5245586e-06,-6.5245586e-06,-3.6972499e-05,-3.6972499e-05,-6.5245586e-06,-6.5245586e-06,2.1716626e-16,2.1716626e-16,2.9321772e-15,2.9321772e-15,-4.3497058e-05,-4.3497058e-05,3.1509378e-15,3.1509378e-15,0.099956503,0.099956503,3.3052573e-15,3.3052573e-15,3.6972499e-05,3.6972499e-05,6.5245586e-06,6.5245586e-06,3.6972499e-05,3.6972499e-05,6.5245586e-06,6.5245586e-06,4.3497058e-05,4.3497058e-05,-8.7356255e-16,-8.7356255e-16,-2.0383001e-17,-2.0383001e-17,2.5051846e-17,2.5051846e-17,-6.5245586e-06,-6.5245586e-06,4.3497058e-05,4.3497058e-05,-8.5839242e-16,-8.5839242e-16,3.6972499e-05,3.6972499e-05,6.5245586e-06,6.5245586e-06,0.0043497058,0.0043497058,-3.512181e-15,-3.512181e-15,2.8128449,2.8128449,-2.3815552e-13,-2.3815552e-13,0.3010073,0.3010073,-1.2906526e-13,-1.2906526e-13,-1.4208434e-15,-1.4208434e-15,4.3497058e-05,4.3497058e-05,3.2510172e-17,3.2510172e-17,4.5723396e-16,4.5723396e-16,1.788051e-16,1.788051e-16,-1.788051e-16,-1.788051e-16,-3.6883013e-19,-3.6883013e-19,-1.6986035e-18,-1.6986035e-18,-0.1,-0.1,1.7737409e-17,1.7737409e-17,0,0,0,0,1.0301907e-06,1.0301907e-06,1.2157819e-29,1.2157819e-29
4.4711055e-15,4.4711055e-15,-3.3059071e-15,-3.3059071e-15,1.1651984e-15,1.1651984e-15,-1.3141471e-15,-1.3141471e-15,-5.7852526e-15,-5.7852526e-15,-0.069102716,-0.069102716,-1.2702647e-05,-1.2702647e-05,-0.069101302,-0.069101302,-1.2702647e-05,-1.2702647e-05,-3.4997548e-15,-3.4997548e-15,5.7228438e-17,5.7228438e-17,8.4684311e-05,8.4684311e-05,-3.0571807e-15,-3.0571807e-15,5.4408426e-14,5.4408426e-14,2.6812121e-14,2.6812121e-14,-5.6384962e-15,-5.6384962e-15,-7.1981664e-05,-7.1981664e-05,-1.2702647e-05,-1.2702647e-05,-7.1981664e-05,-7.1981664e-05,-1.2702647e-05,-1.2702647e-05,3.1799312e-16,3.1799312e-16,3.4664044e-15,3.4664044e-15,-8.4684311e-05,-8.4684311e-05,3.64542e-15,3.64542e-15,0.094915316,0.094915316,-1.3310814e-14,-1.3310814e-14,7.1981664e-05,7.1981664e-05,1.2702647e-05,1.2702647e-05,7.1981664e-05,7.1981664e-05,1.2702647e-05,1.2702647e-05,8.4684311e-05,8.4684311e-05,-1.7969237e-15,-1.7969237e-15,4.3431242e-15,4.3431242e-15,4.4603806e-15,4.4603806e-15,-1.2702647e-05,-1.2702647e-05,4.1187254e-05,4.1187254e-05,-2.9958265e-15,-2.9958265e-15,3.5009166e-05,3.5009166e-05,6.178088e-06,6.178088e-06,0.0041622224,0.0041622224,-4.5911263e-15,-4.5911263e-15,2.7072308,2.7072308,-3.0661226e-13,-3.0661226e-13,0.3052224,0.3052224,-1.6350892e-13,-1.6350892e-13,2.6741794e-15,2.6741794e-15,8.4684311e-05,8.4684311e-05,8.4913868e-16,8.4913868e-16,1.1780486e-16,1.1780486e-16,9.987187e-17,9.987187e-17,-9.987187e-17,-9.987187e-17,8.426843e-19,8.426843e-19,-2.0008709e-19,-2.0008709e-19,-0.095,-0.095,1.0695073e-17,1.0695073e-17,8.4045057e-18,8.4045057e-18,1.6645481e-19,1.6645481e-19,1.9435731e-06,1.9435731e-06,1.5720547e-28,1.5720547e-28
4.2426679e-15,4.2426679e-15,-2.2498445e-15,-2.2498445e-15,1.9928234e-15,1.9928234e-15,-2.6062575e-16,-2.6062575e-16,-4.5032937e-15,-4.5032937e-15,-0.065653544,-0.065653544,-1.855165e-05,-1.855165e-05,-0.065651542,-0.065651542,-1.855165e-05,-1.855165e-05,-2.4467344e-15,-2.4467344e-15,1.0665095e-16,1.0665095e-16,0.00012367767,0.00012367767,-3.8688759e-15,-3.8688759e-15,5.2742719e-14,5.2742719e-14,2.6500868e-14,2.6500868e-14,-5.3586038e-15,-5.3586038e-15,-0.00010512602,-0.00010512602,-1.855165e-05,-1.855165e-05,-0.00010512602,-0.00010512602,-1.855165e-05,-1.855165e-05,3.1505097e-16,3.1505097e-16,3.2740186e-15,3.2740186e-15,-0.00012367767,-0.00012367767,3.4574363e-15,3.4574363e-15,0.090126322,0.090126322,-2.5484697e-14,-2.5484697e-14,0.00010512602,0.00010512602,1.855165e-05,1.855165e-05,0.00010512602,0.00010512602,1.855165e-05,1.855165e-05,0.00012367767,0.00012367767,-2.6748416e-15,-2.6748416e-15,3.2200805e-15,3.2200805e-15,3.3516484e-15,3.3516484e-15,-1.855165e-05,-1.855165e-05,3.8993358e-05,3.8993358e-05,-2.8467354e-15,-2.8467354e-15,3.3144355e-05,3.3144355e-05,5.8490038e-06,5.8490038e-06,0.0039840202,0.0039840202,-5.3284794e-15,-5.3284794e-15,2.6067887,2.6067887,-3.5217608e-13,-3.5217608e-13,0.30916697,0.30916697,-1.8574185e-13,-1.8574185e-13,1.5678304e-15,1.5678304e-15,0.00012367767,0.00012367767,6.3226659e-16,6.3226659e-16,-8.1986459e-17,-8.1986459e-17,8.9839523e-18,8.9839523e-18,-8.9839523e-18,-8.9839523e-18,1.9689874e-18,1.9689874e-18,1.1045414e-18,1.1045414e-18,-0.09025,-0.09025,4.1806429e-18,4.1806429e-18,1.5291395e-17,1.5291395e-17,3.1020533e-19,3.1020533e-19,2.7520398e-06,2.7520398e-06,2.516185e-28,2.516185e-28
5.0265138e-15,5.0265138e-15,-2.246454e-15,-2.246454e-15,2.7800598e-15,2.7800598e-15,7.4010526e-16,7.4010526e-16,-4.2864086e-15,-4.2864086e-15,-0.062376775,-0.062376775,-2.4088087e-05,-2.4088087e-05,-0.062374254,-0.062374254,-2.4088087e-05,-2.4088087e-05,-2.3859273e-15,-2.3859273e-15,1.4914986e-16,1.4914986e-16,0.00016058724,0.00016058724,-4.6406549e-15,-4.6406549e-15,5.0081723e-14,5.0081723e-14,2.5126626e-14,2.5126626e-14,-5.0926038e-15,-5.0926038e-15,-0.00013649916,-0.00013649916,-2.4088087e-05,-2.4088087e-05,-0.00013649916,-0.00013649916,-2.4088087e-05,-2.4088087e-05,3.1220335e-16,3.1220335e-16,3.0919154e-15,3.0919154e-15,-0.00016058724,-0.00016058724,3.2794614e-15,3.2794614e-15,0.085576913,0.085576913,-3.3847442e-14,-3.3847442e-14,0.00013649916,0.00013649916,2.4088087e-05,2.4088087e-05,0.00013649916,0.00013649916,2.4088087e-05,2.4088087e-05,0.00016058724,0.00016058724,-3.5095225e-15,-3.5095225e-15,3.1531852e-15,3.1531852e-15,3.2982514e-15,3.2982514e-15,-2.4088087e-05,-2.4088087e-05,3.6909575e-05,3.6909575e-05,-2.7050328e-15,-2.7050328e-15,3.1373139e-05,3.1373139e-05,5.5364363e-06,5.5364363e-06,0.0038146352,0.0038146352,-6.0294345e-15,-6.0294345e-15,2.5112603,2.5112603,-3.9549427e-13,-3.9549427e-13,0.31285472,0.31285472,-2.0688116e-13,-2.0688116e-13,1.5169909e-15,1.5169909e-15,0.00016058724,0.00016058724,6.2525502e-16,6.2525502e-16,-2.71813e-16,-2.71813e-16,-9.3173585e-17,-9.3173585e-17,9.3173585e-17,9.3173585e-17,3.0148976e-18,3.0148976e-18,2.2368032e-18,2.2368032e-18,-0.0857375,-0.0857375,-1.8406575e-18,-1.8406575e-18,2.0847085e-17,2.0847085e-17,4.3381791e-19,4.3381791e-19,3.4663009e-06,3.4663009e-06,3.0944771e-28,3.0944771e-28
5.6988105e-15,5.6988105e-15,-2.1699958e-15,-2.1699958e-15,3.5288147e-15,3.5288147e-15,1.690694e-15,1.690694e-15,-4.0081165e-15,-4.0081165e-15,-0.059263792,-0.059263792,-2.9327646e-05,-2.9327646e-05,-0.059260814,-0.059260814,-2.9327646e-05,-2.9327646e-05,-2.2633744e-15,-2.2633744e-15,1.855142e-16,1.855142e-16,0.00019551764,0.00019551764,-5.3744544e-15,-5.3744544e-15,4.7628408e-14,4.7628408e-14,2.389587e-14,2.389587e-14,-4.8398119e-15,-4.8398119e-15,-0.00016619,-0.00016619,-2.9327646e-05,-2.9327646e-05,-0.00016619,-0.00016619,-2.9327646e-05,-2.9327646e-05,3.0944835e-16,3.0944835e-16,2.9195231e-15,2.9195231e-15,-0.00019551764,-0.00019551764,3.1109398e-15,3.1109398e-15,0.081255107,0.081255107,-3.939013e-14,-3.939013e-14,0.00016619,0.00016619,2.9327646e-05,2.9327646e-05,0.00016619,0.00016619,2.9327646e-05,2.9327646e-05,0.00019551764,0.00019551764,-4.3030687e-15,-4.3030687e-15,3.0165215e-15,3.0165215e-15,3.1741916e-15,3.1741916e-15,-2.9327646e-05,-2.9327646e-05,3.4930398e-05,3.4930398e-05,-2.5703561e-15,-2.5703561e-15,2.9690838e-05,2.9690838e-05,5.2395597e-06,5.2395597e-06,0.003653627,0.003653627,-6.6957728e-15,-6.6957728e-15,2.4204004,2.4204004,-4.3667638e-13,-4.3667638e-13,0.31629869,0.31629869,-2.2697999e-13,-2.2697999e-13,1.3957598e-15,1.3957598e-15,0.00019551764,0.00019551764,6.0309648e-16,6.0309648e-16,-4.5217082e-16,-4.5217082e-16,-2.0596247e-16,-2.0596247e-16,2.0596247e-16,2.0596247e-16,3.9849797e-18,3.9849797e-18,3.2159608e-18,3.2159608e-18,-0.081450625,-0.081450625,-7.4014465e-18,-7.4014465e-18,2.5237616e-17,2.5237616e-17,5.395875e-19,5.395875e-19,4.0960001e-06,4.0960001e-06,3.4109684e-28,3.4109684e-28
6.3395904e-15,6.3395904e-15,-2.0985828e-15,-2.0985828e-15,4.2410076e-15,4.2410076e-15,2.5936558e-15,2.5936558e-15,-3.7459346e-15,-3.7459346e-15,-0.056306411,-0.056306411,-3.4285235e-05,-3.4285235e-05,-0.056303029,-0.056303029,-3.4285235e-05,-3.4285235e-05,-2.1514583e-15,-2.1514583e-15,2.1644925e-16,2.1644925e-16,0.00022856824,0.00022856824,-6.0721202e-15,-6.0721202e-15,4.52928e-14,4.52928e-14,2.272174e-14,2.272174e-14,-4.5995771e-15,-4.5995771e-15,-0.000194283,-0.000194283,-3.4285235e-05,-3.4285235e-05,-0.000194283,-0.000194283,-3.4285235e-05,-3.4285235e-05,3.0678359e-16,3.0678359e-16,2.7563038e-15,2.7563038e-15,-0.00022856824,-0.00022856824,2.9513491e-15,2.9513491e-15,0.077149526,0.077149526,-4.2854162e-14,-4.2854162e-14,0.000194283,0.000194283,3.4285235e-05,3.4285235e-05,0.000194283,0.000194283,3.4285235e-05,3.4285235e-05,0.00022856824,0.00022856824,-5.057484e-15,-5.057484e-15,2.8881791e-15,2.8881791e-15,3.0576128e-15,3.0576128e-15,-3.4285235e-05,-3.4285235e-05,3.3050594e-05,3.3050594e-05,-2.4423602e-15,-2.4423602e-15,2.8093005e-05,2.8093005e-05,4.9575891e-06,4.9575891e-06,0.003500577,0.003500577,-7.3291905e-15,-7.3291905e-15,2.3339758,2.3339758,-4.7582677e-13,-4.7582677e-13,0.31951124,0.31951124,-2.4608901e-13,-2.4608901e-13,1.2821661e-15,1.2821661e-15,0.00022856824,0.00022856824,5.81523e-16,5.81523e-16,-6.2353153e-16,-6.2353153e-16,-3.2878743e-16,-3.2878743e-16,3.2878743e-16,3.2878743e-16,4.8835578e-18,4.8835578e-18,4.0592496e-18,4.0592496e-18,-0.077378094,-0.077378094,-1.2532315e-17,-1.2532315e-17,2.8610775e-17,2.8610775e-17,6.2956548e-19,6.2956548e-19,4.6498202e-06,4.6498202e-06,3.5424716e-28,3.5424716e-28
6.9455189e-15,6.9455189e-15,-2.0271142e-15,-2.0271142e-15,4.9184047e-15,4.9184047e-15,3.4513797e-15,3.4513797e-15,-3.4941392e-15,-3.4941392e-15,-0.053496852,-0.053496852,-3.8975014e-05,-3.8975014e-05,-0.053493117,-0.053493117,-3.8975014e-05,-3.8975014e-05,-2.0447662e-15,-2.0447662e-15,2.425852e-16,2.425852e-16,0.00025983343,0.00025983343,-6.7354113e-15,-6.7354113e-15,4.3074617e-14,4.3074617e-14,2.1606993e-14,2.1606993e-14,-4.3712797e-15,-4.3712797e-15,-0.00022085842,-0.00022085842,-3.8975014e-05,-3.8975014e-05,-0.00022085842,-0.00022085842,-3.8975014e-05,-3.8975014e-05,3.0420637e-16,3.0420637e-16,2.6017521e-15,2.6017521e-15,-0.00025983343,-0.00025983343,2.8001976e-15,2.8001976e-15,0.073249356,0.073249356,-4.4793776e-14,-4.4793776e-14,0.00022085842,0.00022085842,3.8975014e-05,3.8975014e-05,0.00022085842,0.00022085842,3.8975014e-05,3.8975014e-05,0.00025983343,0.00025983343,-5.7746773e-15,-5.7746773e-15,2.7627098e-15,2.7627098e-15,2.9432294e-15,2.9432294e-15,-3.8975014e-05,-3.8975014e-05,3.1265193e-05,3.1265193e-05,-2.3207166e-15,-2.3207166e-15,2.6575414e-05,2.6575414e-05,4.689779e-06,4.689779e-06,0.0033550876,0.0033550876,-7.9313027e-15,-7.9313027e-15,2.2517651,2.2517651,-5.1304486e-13,-5.1304486e-13,0.32250413,0.32250413,-2.6425646e-13,-2.6425646e-13,1.1708579e-15,1.1708579e-15,0.00025983343,0.00025983343,5.5960819e-16,5.5960819e-16,-7.8634349e-16,-7.8634349e-16,-4.6109272e-16,-4.6109272e-16,4.6109272e-16,4.6109272e-16,5.7147273e-18,5.7147273e-18,4.7820851e-18,4.7820851e-18,-0.073509189,-0.073509189,-1.7261947e-17,-1.7261947e-17,3.1098006e-17,3.1098006e-17,7.055848e-19,7.055848e-19,5.1355775e-06,5.1355775e-06,3.5454984e-28,3.5454984e-28
7.518962e-15,7.518962e-15,-1.9563249e-15,-1.9563249e-15,5.562637e-15,5.562637e-15,4.266135e-15,4.266135e-15,-3.2528269e-15,-3.2528269e-15,-0.050827728,-0.050827728,-4.3410436e-05,-4.3410436e-05,-0.050823685,-0.050823685,-4.3410436e-05,-4.3410436e-05,-1.9433963e-15,-1.9433963e-15,2.6448485e-16,2.6448485e-16,0.00028940291,0.00028940291,-7.3660039e-15,-7.3660039e-15,4.0967394e-14,4.0967394e-14,2.0548284e-14,2.0548284e-14,-4.1543305e-15,-4.1543305e-15,-0.00024599247,-0.00024599247,-4.3410436e-05,-4.3410436e-05,-0.00024599247,-0.00024599247,-4.3410436e-05,-4.3410436e-05,3.0171369e-16,3.0171369e-16,2.4553919e-15,2.4553919e-15,-0.00028940291,-0.00028940291,2.6570221e-15,2.6570221e-15,0.069544327,0.069544327,-4.5622929e-14,-4.5622929e-14,0.00024599247,0.00024599247,4.3410436e-05,4.3410436e-05,0.00024599247,0.00024599247,4.3410436e-05,4.3410436e-05,0.00028940291,0.00028940291,-6.4564671e-15,-6.4564671e-15,2.6406286e-15,2.6406286e-15,2.8316108e-15,2.8316108e-15,-4.3410436e-05,-4.3410436e-05,2.9569475e-05,2.9569475e-05,-2.2051127e-15,-2.2051127e-15,2.5134054e-05,2.5134054e-05,4.4354213e-06,4.4354213e-06,0.003216781,0.003216781,-8.503647e-15,-8.503647e-15,2.173558,2.173558,-5.4842529e-13,-5.4842529e-13,0.32528853,0.32528853,-2.8152833e-13,-2.8152833e-13,1.0624914e-15,1.0624914e-15,0.00028940291,0.00028940291,5.3758695e-16,5.3758695e-16,-9.4103288e-16,-9.4103288e-16,-6.0235899e-16,-6.0235899e-16,6.0235899e-16,6.0235899e-16,6.4823671e-18,6.4823671e-18,5.3982503e-18,5.3982503e-18,-0.06983373,-0.06983373,-2.1617236e-17,-2.1617236e-17,3.2816119e-17,3.2816119e-17,7.6928243e-19,7.6928243e-19,5.5603074e-06,5.5603074e-06,3.4614399e-28,3.4614399e-28
8.0617635e-15,8.0617635e-15,-1.8863833e-15,-1.8863833e-15,6.1753802e-15,6.1753802e-15,5.0400772e-15,5.0400772e-15,-3.0216863e-15,-3.0216863e-15,-0.048292021,-0.048292021,-4.7604279e-05,-4.7604279e-05,-0.048287708,-0.048287708,-4.7604279e-05,-4.7604279e-05,-1.8471629e-15,-1.8471629e-15,2.8265059e-16,2.8265059e-16,0.00031736186,0.00031736186,-7.9654947e-15,-7.9654947e-15,3.8965763e-14,3.8965763e-14,1.9542619e-14,1.9542619e-14,-3.9481686e-15,-3.9481686e-15,-0.00026975758,-0.00026975758,-4.7604279e-05,-4.7604279e-05,-0.00026975758,-0.00026975758,-4.7604279e-05,-4.7604279e-05,2.9930232e-16,2.9930232e-16,2.3167754e-15,2.3167754e-15,-0.00031736186,-0.00031736186,2.5213864e-15,2.5213864e-15,0.066024681,0.066024681,-4.565045e-14,-4.565045e-14,0.00026975758,0.00026975758,4.7604279e-05,4.7604279e-05,0.00026975758,0.00026975758,4.7604279e-05,4.7604279e-05,0.00031736186,0.00031736186,-7.1045854e-15,-7.1045854e-15,2.5221253e-15,2.5221253e-15,2.7228111e-15,2.7228111e-15,-4.7604279e-05,-4.7604279e-05,2.7958954e-05,2.7958954e-05,-2.0952509e-15,-2.0952509e-15,2.3765111e-05,2.3765111e-05,4.1938431e-06,4.1938431e-06,0.0030852983,0.0030852983,-9.0476869e-15,-9.0476869e-15,2.0991545,2.0991545,-5.8205821e-13,-5.8205821e-13,0.32787504,0.32787504,-2.9794841e-13,-2.9794841e-13,9.5720569e-16,9.5720569e-16,0.00031736186,0.00031736186,5.1559063e-16,5.1559063e-16,-1.0880048e-15,-1.0880048e-15,-7.5210039e-16,-7.5210039e-16,7.5210039e-16,7.5210039e-16,7.1901506e-18,7.1901506e-18,5.9200632e-18,5.9200632e-18,-0.066342043,-0.066342043,-2.5623387e-17,-2.5623387e-17,3.386883e-17,3.386883e-17,8.2211962e-19,8.2211962e-19,5.9303417e-06,5.9303417e-06,3.3204425e-28,3.3204425e-28
8.5760069e-15,8.5760069e-15,-1.8179199e-15,-1.8179199e-15,6.758087e-15,6.758087e-15,5.7752534e-15,5.7752534e-15,-2.8007536e-15,-2.8007536e-15,-0.04588306,-0.04588306,-5.1568684e-05,-5.1568684e-05,-0.045878513,-0.045878513,-5.1568684e-05,-5.1568684e-05,-1.7558525e-15,-1.7558525e-15,2.9753063e-16,2.9753063e-16,0.00034379123,0.00034379123,-8.5354046e-15,-8.5354046e-15,3.7064112e-14,3.7064112e-14,1.8587186e-14,1.8587186e-14,-3.7522606e-15,-3.7522606e-15,-0.00029222254,-0.00029222254,-5.1568684e-05,-5.1568684e-05,-0.00029222254,-0.00029222254,-5.1568684e-05,-5.1568684e-05,2.969689e-16,2.969689e-16,2.1854806e-15,2.1854806e-15,-0.00034379123,-0.00034379123,2.3928797e-15,2.3928797e-15,0.06268115,0.06268115,-4.5106406e-14,-4.5106406e-14,0.00029222254,0.00029222254,5.1568684e-05,5.1568684e-05,0.00029222254,0.00029222254,5.1568684e-05,5.1568684e-05,0.00034379123,0.00034379123,-7.7206818e-15,-7.7206818e-15,2.4076878e-15,2.4076878e-15,2.6173725e-15,2.6173725e-15,-5.1568684e-05,-5.1568684e-05,2.6429369e-05,2.6429369e-05,-1.9908481e-15,-1.9908481e-15,2.2464963e-05,2.2464963e-05,3.9644053e-06,3.9644053e-06,0.0029602987,0.0029602987,-9.5648155e-15,-9.5648155e-15,2.0283649,2.0283649,-6.1402942e-13,-6.1402942e-13,0.33027374,0.33027374,-3.1355841e-13,-3.1355841e-13,8.5529942e-16,8.5529942e-16,0.00034379123,0.00034379123,4.9377414e-16,4.9377414e-16,-1.2276444e-15,-1.2276444e-15,-9.0986198e-16,-9.0986198e-16,9.0986198e-16,9.0986198e-16,7.8415558e-18,7.8415558e-18,6.3585276e-18,6.3585276e-18,-0.063024941,-0.063024941,-2.9304025e-17,-2.9304025e-17,3.4348142e-17,3.4348142e-17,8.6540003e-19,8.6540003e-19,6.2513778e-06,6.2513778e-06,3.1443054e-28,3.1443054e-28
9.0627857e-15,9.0627857e-15,-1.7503876e-15,-1.7503876e-15,7.3123981e-15,7.3123981e-15,6.4736082e-15,6.4736082e-15,-2.5891774e-15,-2.5891774e-15,-0.043594511,-0.043594511,-5.5315185e-05,-5.5315185e-05,-0.043589763,-0.043589763,-5.5315185e-05,-5.5315185e-05,-1.668969e-15,-1.668969e-15,3.0952464e-16,3.0952464e-16,0.0003687679,0.0003687679,-9.0771821e-15,-9.0771821e-15,3.525773e-14,3.525773e-14,1.7679972e-14,1.7679972e-14,-3.5660994e-15,-3.5660994e-15,-0.00031345271,-0.00031345271,-5.5315185e-05,-5.5315185e-05,-0.00031345271,-0.00031345271,-5.5315185e-05,-5.5315185e-05,2.9470991e-16,2.9470991e-16,2.0611102e-15,2.0611102e-15,-0.0003687679,-0.0003687679,2.2711145e-15,2.2711145e-15,0.059504926,0.059504926,-4.4161867e-14,-4.4161867e-14,0.00031345271,0.00031345271,5.5315185e-05,5.5315185e-05,0.00031345271,0.00031345271,5.5315185e-05,5.5315185e-05,0.0003687679,0.0003687679,-8.3063266e-15,-8.3063266e-15,2.296557e-15,2.296557e-15,2.5148611e-15,2.5148611e-15,-5.5315185e-05,-5.5315185e-05,2.4976671e-05,2.4976671e-05,-1.8916349e-15,-1.8916349e-15,2.123017e-05,2.123017e-05,3.7465006e-06,3.7465006e-06,0.0028414583,0.0028414583,-1.0056359e-14,-1.0056359e-14,1.9610087,1.9610087,-6.4442061e-13,-6.4442061e-13,0.33249419,0.33249419,-3.2839804e-13,-3.2839804e-13,7.5643113e-16,7.5643113e-16,0.0003687679,0.0003687679,4.7212328e-16,4.7212328e-16,-1.3603176e-15,-1.3603176e-15,-1.0752173e-15,-1.0752173e-15,1.0752173e-15,1.0752173e-15,8.439876e-18,8.439876e-18,6.7234687e-18,6.7234687e-18,-0.059873694,-0.059873694,-3.2681285e-17,-3.2681285e-17,3.4335581e-17,3.4335581e-17,9.0028614e-19,9.0028614e-19,6.5285417e-06,6.5285417e-06,2.9486457e-28,2.9486457e-28
9.5239512e-15,9.5239512e-15,-1.6845107e-15,-1.6845107e-15,7.8394405e-15,7.8394405e-15,7.1369887e-15,7.1369887e-15,-2.3869625e-15,-2.3869625e-15,-0.041420354,-0.041420354,-5.8854737e-05,-5.8854737e-05,-0.041415433,-0.041415433,-5.8854737e-05,-5.8854737e-05,-1.5864342e-15,-1.5864342e-15,3.1898877e-16,3.1898877e-16,0.00039236491,0.00039236491,-9.5922064e-15,-9.5922064e-15,3.3541677e-14,3.3541677e-14,1.6818118e-14,1.6818118e-14,-3.3892023e-15,-3.3892023e-15,-0.00033351018,-0.00033351018,-5.8854737e-05,-5.8854737e-05,-0.00033351018,-0.00033351018,-5.8854737e-05,-5.8854737e-05,2.9252179e-16,2.9252179e-16,1.9432897e-15,1.9432897e-15,-0.00039236491,-0.00039236491,2.1557256e-15,2.1557256e-15,0.056487644,0.056487644,-4.2943733e-14,-4.2943733e-14,0.00033351018,0.00033351018,5.8854737e-05,5.8854737e-05,0.00033351018,0.00033351018,5.8854737e-05,5.8854737e-05,0.00039236491,0.00039236491,-8.8630152e-15,-8.8630152e-15,2.1895463e-15,2.1895463e-15,2.4157651e-15,2.4157651e-15,-5.8854737e-05,-5.8854737e-05,2.3597015e-05,2.3597015e-05,-1.7973552e-15,-1.7973552e-15,2.0057463e-05,2.0057463e-05,3.5395523e-06,3.5395523e-06,0.0027284694,0.0027284694,-1.0523577e-14,-1.0523577e-14,1.8969147,1.8969147,-6.7330953e-13,-6.7330953e-13,0.33454551,0.33454551,-3.4250512e-13,-3.4250512e-13,6.6095725e-16,6.6095725e-16,0.00039236491,0.00039236491,4.5078307e-16,4.5078307e-16,-1.4863723e-15,-1.4863723e-15,-1.2477663e-15,-1.2477663e-15,1.2477663e-15,1.2477663e-15,8.9882287e-18,8.9882287e-18,7.0236549e-18,7.0236549e-18,-0.056880009,-0.056880009,-3.5775904e-17,-3.5775904e-17,3.3903309e-17,3.3903309e-17,9.2781384e-19,9.2781384e-19,6.7664443e-06,6.7664443e-06,2.7445144e-28,2.7445144e-28
9.9606778e-15,9.9606778e-15,-1.6199251e-15,-1.6199251e-15,8.3407527e-15,8.3407527e-15,7.7671492e-15,7.7671492e-15,-2.1935287e-15,-2.1935287e-15,-0.039354873,-0.039354873,-6.2197749e-05,-6.2197749e-05,-0.039349805,-0.039349805,-6.2197749e-05,-6.2197749e-05,-1.5078541e-15,-1.5078541e-15,3.2624017e-16,3.2624017e-16,0.00041465166,0.00041465166,-1.0081791e-14,-1.0081791e-14,3.1911744e-14,3.1911744e-14,1.5999754e-14,1.5999754e-14,-3.2211105e-15,-3.2211105e-15,-0.00035245391,-0.00035245391,-6.2197749e-05,-6.2197749e-05,-0.00035245391,-0.00035245391,-6.2197749e-05,-6.2197749e-05,2.9040092e-16,2.9040092e-16,1.8316659e-15,1.8316659e-15,-0.00041465166,-0.00041465166,2.0463685e-15,2.0463685e-15,0.053621357,0.053621357,-4.154584e-14,-4.154584e-14,0.00035245391,0.00035245391,6.2197749e-05,6.2197749e-05,0.00035245391,0.00035245391,6.2197749e-05,6.2197749e-05,0.00041465166,0.00041465166,-9.3921708e-15,-9.3921708e-15,2.0855171e-15,2.0855171e-15,2.3194879e-15,2.3194879e-15,-6.2197749e-05,-6.2197749e-05,2.2286748e-05,2.2286748e-05,-1.707765e-15,-1.707765e-15,1.8943736e-05,1.8943736e-05,3.3430122e-06,3.3430122e-06,0.0026210397,0.0026210397,-1.0967673e-14,-1.0967673e-14,1.83592,1.83592,-7.0077017e-13,-7.0077017e-13,0.33643631,0.33643631,-3.5591564e-13,-3.5591564e-13,5.685205e-16,5.685205e-16,0.00041465166,0.00041465166,4.2978308e-16,4.2978308e-16,-1.606139e-15,-1.606139e-15,-1.4271332e-15,-1.4271332e-15,1.4271332e-15,1.4271332e-15,9.4895651e-18,9.4895651e-18,7.2669072e-18,7.2669072e-18,-0.054036009,-0.054036009,-3.8607304e-17,-3.8607304e-17,3.3115121e-17,3.3115121e-17,9.4890562e-19,9.4890562e-19,6.9692325e-06,6.9692325e-06,2.5396019e-28,2.5396019e-28
1.0374751e-14,1.0374751e-14,-1.5572219e-15,-1.5572219e-15,8.8175289e-15,8.8175289e-15,8.3657558e-15,8.3657558e-15,-2.0089951e-15,-2.0089951e-15,-0.037392634,-0.037392634,-6.5354109e-05,-6.5354109e-05,-0.037387441,-0.037387441,-6.5354109e-05,-6.5354109e-05,-1.4333622e-15,-1.4333622e-15,3.3156111e-16,3.3156111e-16,0.00043569406,0.00043569406,-1.0547185e-14,-1.0547185e-14,3.0363057e-14,3.0363057e-14,1.522218e-14,1.522218e-14,-3.0613876e-15,-3.0613876e-15,-0.00037033995,-0.00037033995,-6.5354109e-05,-6.5354109e-05,-0.00037033995,-0.00037033995,-6.5354109e-05,-6.5354109e-05,2.8834368e-16,2.8834368e-16,1.7259059e-15,1.7259059e-15,-0.00043569406,-0.00043569406,1.9427183e-15,1.9427183e-15,0.050898514,0.050898514,-4.00373e-14,-4.00373e-14,0.00037033995,0.00037033995,6.5354109e-05,6.5354109e-05,0.00037033995,0.00037033995,6.5354109e-05,6.5354109e-05,0.00043569406,0.00043569406,-9.8951482e-15,-9.8951482e-15,1.9858247e-15,1.9858247e-15,2.2266802e-15,2.2266802e-15,-6.5354109e-05,-6.5354109e-05,2.1042399e-05,2.1042399e-05,-1.6226324e-15,-1.6226324e-15,1.7886039e-05,1.7886039e-05,3.1563599e-06,3.1563599e-06,0.0025188916,0.0025188916,-1.1389786e-14,-1.1389786e-14,1.77787,1.77787,-7.2687294e-13,-7.2687294e-13,0.33817481,0.33817481,-3.6866386e-13,-3.6866386e-13,4.7966003e-16,4.7966003e-16,0.00043569406,0.00043569406,4.0923564e-16,4.0923564e-16,-1.7199321e-15,-1.7199321e-15,-1.6129647e-15,-1.6129647e-15,1.6129647e-15,1.6129647e-15,9.9466782e-18,9.9466782e-18,7.4601973e-18,7.4601973e-18,-0.051334208,-0.051334208,-4.1193674e-17,-4.1193674e-17,3.2027338e-17,3.2027338e-17,9.6438242e-19,9.6438242e-19,7.1406353e-06,7.1406353e-06,2.3391359e-28,2.3391359e-28
1.076731e-14,1.076731e-14,-1.4961992e-15,-1.4961992e-15,9.2711106e-15,9.2711106e-15,8.9343913e-15,8.9343913e-15,-1.8329185e-15,-1.8329185e-15,-0.035528478,-0.035528478,-6.833321e-05,-6.833321e-05,-0.03552318,-0.03552318,-6.833321e-05,-6.833321e-05,-1.3625687e-15,-1.3625687e-15,3.3520256e-16,3.3520256e-16,0.00045555473,0.00045555473,-1.0989579e-14,-1.0989579e-14,2.8891857e-14,2.8891857e-14,1.4483591e-14,1.4483591e-14,-2.9096185e-15,-2.9096185e-15,-0.00038722152,-0.00038722152,-6.833321e-05,-6.833321e-05,-0.00038722152,-0.00038722152,-6.833321e-05,-6.833321e-05,2.8634646e-16,2.8634646e-16,1.6256956e-15,1.6256956e-15,-0.00045555473,-0.00045555473,1.8444683e-15,1.8444683e-15,0.048311943,0.048311943,-3.8468739e-14,-3.8468739e-14,0.00038722152,0.00038722152,6.833321e-05,6.833321e-05,0.00038722152,0.00038722152,6.833321e-05,6.833321e-05,0.00045555473,0.00045555473,-1.0373237e-14,-1.0373237e-14,1.8896018e-15,1.8896018e-15,2.1371251e-15,2.1371251e-15,-6.833321e-05,-6.833321e-05,1.9860671e-05,1.9860671e-05,-1.541737e-15,-1.541737e-15,1.688157e-05,1.688157e-05,2.9791006e-06,2.9791006e-06,0.0024217611,0.0024217611,-1.1791004e-14,-1.1791004e-14,1.7226178,1.7226178,-7.5168483e-13,-7.5168483e-13,0.3397688,0.3397688,-3.8078239e-13,-3.8078239e-13,3.9400931e-16,3.9400931e-16,0.00045555473,0.00045555473,3.89132e-16,3.89132e-16,-1.8280499e-15,-1.8280499e-15,-1.8049285e-15,-1.8049285e-15,1.8049285e-15,1.8049285e-15,1.0362211e-17,1.0362211e-17,7.6097362e-18,7.6097362e-18,-0.048767498,-0.048767498,-4.3552043e-17,-4.3552043e-17,3.068961e-17,3.068961e-17,9.7497425e-19,9.7497425e-19,7.2840049e-06,7.2840049e-06,2.1465492e-28,2.1465492e-28
1.1139307e-14,1.1139307e-14,-1.4369139e-15,-1.4369139e-15,9.7023927e-15,9.7023927e-15,9.4745589e-15,9.4745589e-15,-1.6647477e-15,-1.6647477e-15,-0.0337575,-0.0337575,-7.1143974e-05,-7.1143974e-05,-0.033752116,-0.033752116,-7.1143974e-05,-7.1143974e-05,-1.2953007e-15,-1.2953007e-15,3.373875e-16,3.373875e-16,0.00047429316,0.00047429316,-1.1410105e-14,-1.1410105e-14,2.7494307e-14,2.7494307e-14,1.3782058e-14,1.3782058e-14,-2.7654087e-15,-2.7654087e-15,-0.00040314919,-0.00040314919,-7.1143974e-05,-7.1143974e-05,-0.00040314919,-0.00040314919,-7.1143974e-05,-7.1143974e-05,2.8440569e-16,2.8440569e-16,1.5307387e-15,1.5307387e-15,-0.00047429316,-0.00047429316,1.751329e-15,1.751329e-15,0.04585483,0.04585483,-3.6876982e-14,-3.6876982e-14,0.00040314919,0.00040314919,7.1143974e-05,7.1143974e-05,0.00040314919,0.00040314919,7.1143974e-05,7.1143974e-05,0.00047429316,0.00047429316,-1.0827663e-14,-1.0827663e-14,1.7969567e-15,1.7969567e-15,2.0505516e-15,2.0505516e-15,-7.1143974e-05,-7.1143974e-05,1.8738431e-05,1.8738431e-05,-1.4648688e-15,-1.4648688e-15,1.5927666e-05,1.5927666e-05,2.8107647e-06,2.8107647e-06,0.0023293978,0.0023293978,-1.2172359e-14,-1.2172359e-14,1.6700239,1.6700239,-7.7526959e-13,-7.7526959e-13,0.34122569,0.34122569,-3.9230227e-13,-3.9230227e-13,3.116188e-16,3.116188e-16,0.00047429316,0.00047429316,3.6951263e-16,3.6951263e-16,-1.9307764e-15,-1.9307764e-15,-2.0027115e-15,-2.0027115e-15,2.0027115e-15,2.0027115e-15,1.0738666e-17,1.0738666e-17,7.7210531e-18,7.7210531e-18,-0.046329123,-0.046329123,-4.5698349e-17,-4.5698349e-17,2.9145637e-17,2.9145637e-17,9.813297e-19,9.813297e-19,7.4023545e-06,7.4023545e-06,1.9639756e-28,1.9639756e-28
1.1492361e-14,1.1492361e-14,-1.3796119e-15,-1.3796119e-15,1.0112749e-14,1.0112749e-14,9.9876863e-15,9.9876863e-15,-1.5046743e-15,-1.5046743e-15,-0.032075043,-0.032075043,-7.379488e-05,-7.379488e-05,-0.03206959,-0.03206959,-7.379488e-05,-7.379488e-05,-1.2315877e-15,-1.2315877e-15,3.383139e-16,3.383139e-16,0.00049196587,0.00049196587,-1.1809842e-14,-1.1809842e-14,2.6166388e-14,2.6166388e-14,1.3115368e-14,1.3115368e-14,-2.6283831e-15,-2.6283831e-15,-0.00041817099,-0.00041817099,-7.379488e-05,-7.379488e-05,-0.00041817099,-0.00041817099,-7.379488e-05,-7.379488e-05,2.8251785e-16,2.8251785e-16,1.4407552e-15,1.4407552e-15,-0.00049196587,-0.00049196587,1.6630271e-15,1.6630271e-15,0.043520701,0.043520701,-3.5288557e-14,-3.5288557e-14,0.00041817099,0.00041817099,7.379488e-05,7.379488e-05,0.00041817099,0.00041817099,7.379488e-05,7.379488e-05,0.00049196587,0.00049196587,-1.1259595e-14,-1.1259595e-14,1.7081605e-15,1.7081605e-15,1.9675559e-15,1.9675559e-15,-7.379488e-05,-7.379488e-05,1.7672704e-05,1.7672704e-05,-1.3918284e-15,-1.3918284e-15,1.5021799e-05,1.5021799e-05,2.6509056e-06,2.6509056e-06,0.0022415636,0.0022415636,-1.2534836e-14,-1.2534836e-14,1.6199556,1.6199556,-7.9768784e-13,-7.9768784e-13,0.3425525,0.3425525,-4.0325301e-13,-4.0325301e-13,2.3283213e-16,2.3283213e-16,0.00049196587,0.00049196587,3.504783e-16,3.504783e-16,-2.028381e-15,-2.028381e-15,-2.2060185e-15,-2.2060185e-15,2.2060185e-15,2.2060185e-15,1.1078409e-17,1.1078409e-17,7.799067e-18,7.799067e-18,-0.044012667,-0.044012667,-4.7647512e-17,-4.7647512e-17,2.743381e-17,2.743381e-17,9.8402452e-19,9.8402452e-19,7.4983916e-06,7.4983916e-06,1.7926174e-28,1.7926174e-28
1.1826961e-14,1.1826961e-14,-1.3240122e-15,-1.3240122e-15,1.0502949e-14,1.0502949e-14,1.047513e-14,1.047513e-14,-1.3518314e-15,-1.3518314e-15,-0.030476683,-0.030476683,-7.629398e-05,-7.629398e-05,-0.030471174,-0.030471174,-7.629398e-05,-7.629398e-05,-1.17078e-15,-1.17078e-15,3.3815729e-16,3.3815729e-16,0.00050862653,0.00050862653,-1.2189813e-14,-1.2189813e-14,2.4904982e-14,2.4904982e-14,1.2482335e-14,1.2482335e-14,-2.4981848e-15,-2.4981848e-15,-0.00043233255,-0.00043233255,-7.629398e-05,-7.629398e-05,-0.00043233255,-0.00043233255,-7.629398e-05,-7.629398e-05,2.8067951e-16,2.8067951e-16,1.3554812e-15,1.3554812e-15,-0.00050862653,-0.00050862653,1.5793044e-15,1.5793044e-15,0.041303407,0.041303407,-3.3722329e-14,-3.3722329e-14,0.00043233255,0.00043233255,7.629398e-05,7.629398e-05,0.00043233255,0.00043233255,7.629398e-05,7.629398e-05,0.00050862653,0.00050862653,-1.1670143e-14,-1.1670143e-14,1.6225086e-15,1.6225086e-15,1.8873791e-15,1.8873791e-15,-7.629398e-05,-7.629398e-05,1.6660663e-05,1.6660663e-05,-1.322426e-15,-1.322426e-15,1.4161564e-05,1.4161564e-05,2.4990995e-06,2.4990995e-06,0.0021580322,0.0021580322,-1.2879368e-14,-1.2879368e-14,1.572287,1.572287,-8.1899728e-13,-8.1899728e-13,0.34375593,0.34375593,-4.1366272e-13,-4.1366272e-13,1.5686545e-16,1.5686545e-16,0.00050862653,0.00050862653,3.319173e-16,3.319173e-16,-2.12112e-15,-2.12112e-15,-2.4145712e-15,-2.4145712e-15,2.4145712e-15,2.4145712e-15,1.1383678e-17,1.1383678e-17,7.8481501e-18,7.8481501e-18,-0.041812034,-0.041812034,-4.9413486e-17,-4.9413486e-17,2.5587789e-17,2.5587789e-17,9.8356931e-19,9.8356931e-19,7.5745488e-06,7.5745488e-06,1.6330168e-28,1.6330168e-28
1.2144461e-14,1.2144461e-14,-1.2702132e-15,-1.2702132e-15,1.0874248e-14,1.0874248e-14,1.0938177e-14,1.0938177e-14,-1.2062839e-15,-1.2062839e-15,-0.028958214,-0.028958214,-7.8648923e-05,-7.8648923e-05,-0.028952663,-0.028952663,-7.8648923e-05,-7.8648923e-05,-1.1130565e-15,-1.1130565e-15,3.3707319e-16,3.3707319e-16,0.00052432615,0.00052432615,-1.2550996e-14,-1.2550996e-14,2.3706653e-14,2.3706653e-14,1.1881096e-14,1.1881096e-14,-2.3744747e-15,-2.3744747e-15,-0.00044567723,-0.00044567723,-7.8648923e-05,-7.8648923e-05,-0.00044567723,-0.00044567723,-7.8648923e-05,-7.8648923e-05,2.788873e-16,2.788873e-16,1.2746671e-15,1.2746671e-15,-0.00052432615,-0.00052432615,1.4999171e-15,1.4999171e-15,0.039197106,0.039197106,-3.2191462e-14,-3.2191462e-14,0.00044567723,0.00044567723,7.8648923e-05,7.8648923e-05,0.00044567723,0.00044567723,7.8648923e-05,7.8648923e-05,0.00052432615,0.00052432615,-1.2060363e-14,-1.2060363e-14,1.540326e-15,1.540326e-15,1.8101839e-15,1.8101839e-15,-7.8648923e-05,-7.8648923e-05,1.5699623e-05,1.5699623e-05,-1.2564813e-15,-1.2564813e-15,1.3344679e-05,1.3344679e-05,2.3549434e-06,2.3549434e-06,0.0020785888,0.0020785888,-1.3206844e-14,-1.3206844e-14,1.5268984,1.5268984,-8.3925277e-13,-8.3925277e-13,0.34484231,0.34484231,-4.2355813e-13,-4.2355813e-13,8.4123584e-17,8.4123584e-17,0.00052432615,0.00052432615,3.1394198e-16,3.1394198e-16,-2.2092368e-15,-2.2092368e-15,-2.6281065e-15,-2.6281065e-15,2.6281065e-15,2.6281065e-15,1.1656591e-17,1.1656591e-17,7.8721858e-18,7.8721858e-18,-0.039721432,-0.039721432,-5.1009327e-17,-5.1009327e-17,2.3637024e-17,2.3637024e-17,9.8041638e-19,9.8041638e-19,7.6330106e-06,7.6330106e-06,1.4852556e-28,1.4852556e-28
1.2445875e-14,1.2445875e-14,-1.2184649e-15,-1.2184649e-15,1.122741e-14,1.122741e-14,1.1378052e-14,1.1378052e-14,-1.0678233e-15,-1.0678233e-15,-0.027515645,-0.027515645,-8.0866978e-05,-8.0866978e-05,-0.027510062,-0.027510062,-8.0866978e-05,-8.0866978e-05,-1.0583847e-15,-1.0583847e-15,3.351992e-16,3.351992e-16,0.00053911318,0.00053911318,-1.2894317e-14,-1.2894317e-14,2.2568072e-14,2.2568072e-14,1.1309702e-14,1.1309702e-14,-2.2569304e-15,-2.2569304e-15,-0.00045824621,-0.00045824621,-8.0866978e-05,-8.0866978e-05,-0.00045824621,-0.00045824621,-8.0866978e-05,-8.0866978e-05,2.7713796e-16,2.7713796e-16,1.1980773e-15,1.1980773e-15,-0.00053911318,-0.00053911318,1.4246349e-15,1.4246349e-15,0.037196247,0.037196247,-3.0704894e-14,-3.0704894e-14,0.00045824621,0.00045824621,8.0866978e-05,8.0866978e-05,0.00045824621,0.00045824621,8.0866978e-05,8.0866978e-05,0.00053911318,0.00053911318,-1.2431261e-14,-1.2431261e-14,1.4619382e-15,1.4619382e-15,1.7362956e-15,1.7362956e-15,-8.0866978e-05,-8.0866978e-05,1.4787031e-05,1.4787031e-05,-1.1938225e-15,-1.1938225e-15,1.2568977e-05,1.2568977e-05,2.2180547e-06,2.2180547e-06,0.0020030293,0.0020030293,-1.3518111e-14,-1.3518111e-14,1.4836762,1.4836762,-8.5850648e-13,-8.5850648e-13,0.34581767,0.34581767,-4.3296465e-13,-4.3296465e-13,1.4616474e-17,1.4616474e-17,0.00053911318,0.00053911318,2.9656169e-16,2.9656169e-16,-2.2929627e-15,-2.2929627e-15,-2.846376e-15,-2.846376e-15,2.846376e-15,2.846376e-15,1.1899151e-17,1.1899151e-17,7.8746195e-18,7.8746195e-18,-0.03773536,-0.03773536,-5.2447244e-17,-5.2447244e-17,2.1607214e-17,2.1607214e-17,9.74966e-19,9.74966e-19,7.6757389e-06,7.6757389e-06,1.3491017e-28,1.3491017e-28
1.2731752e-14,1.2731752e-14,-1.1683862e-15,-1.1683862e-15,1.1563366e-14,1.1563366e-14,1.1795916e-14,1.1795916e-14,-9.3583584e-16,-9.3583584e-16,-0.026145179,-0.026145179,-8.2955048e-05,-8.2955048e-05,-0.026139576,-0.026139576,-8.2955048e-05,-8.2955048e-05,-1.0062423e-15,-1.0062423e-15,3.3265695e-16,3.3265695e-16,0.00055303365,0.00055303365,-1.3220661e-14,-1.3220661e-14,2.1486386e-14,2.1486386e-14,1.0767034e-14,1.0767034e-14,-2.1452454e-15,-2.1452454e-15,-0.0004700786,-0.0004700786,-8.2955048e-05,-8.2955048e-05,-0.0004700786,-0.0004700786,-8.2955048e-05,-8.2955048e-05,2.7542832e-16,2.7542832e-16,1.1254891e-15,1.1254891e-15,-0.00055303365,-0.00055303365,1.3532399e-15,1.3532399e-15,0.035295559,0.035295559,-2.9268443e-14,-2.9268443e-14,0.0004700786,0.0004700786,8.2955048e-05,8.2955048e-05,0.0004700786,0.0004700786,8.2955048e-05,8.2955048e-05,0.00055303365,0.00055303365,-1.2783793e-14,-1.2783793e-14,1.3861525e-15,1.3861525e-15,1.6651177e-15,1.6651177e-15,-8.2955048e-05,-8.2955048e-05,1.3920466e-05,1.3920466e-05,-1.1342867e-15,-1.1342867e-15,1.1832396e-05,1.1832396e-05,2.0880698e-06,2.0880698e-06,0.0019311597,0.0019311597,-1.3813971e-14,-1.3813971e-14,1.4425123,1.4425123,-8.7680804e-13,-8.7680804e-13,0.34668775,0.34668775,-4.4190647e-13,-4.4190647e-13,-5.1955282e-17,-5.1955282e-17,0.00055303365,0.00055303365,2.7973267e-16,2.7973267e-16,-2.3725175e-15,-2.3725175e-15,-3.0691444e-15,-3.0691444e-15,3.0691444e-15,3.0691444e-15,1.2113252e-17,1.2113252e-17,7.8585054e-18,7.8585054e-18,-0.035848592,-0.035848592,-5.3738651e-17,-5.3738651e-17,1.9520727e-17,1.9520727e-17,9.6757188e-19,9.6757188e-19,7.7044943e-06,7.7044943e-06,1.2241163e-28,1.2241163e-28
1.3003235e-14,1.3003235e-14,-1.1201886e-15,-1.1201886e-15,1.1883047e-14,1.1883047e-14,1.2192873e-14,1.2192873e-14,-8.1036197e-16,-8.1036197e-16,-0.024843213,-0.024843213,-8.4919691e-05,-8.4919691e-05,-0.024837598,-0.024837598,-8.4919691e-05,-8.4919691e-05,-9.5674908e-16,-9.5674908e-16,3.2955375e-16,3.2955375e-16,0.00056613127,0.00056613127,-1.3530866e-14,-1.3530866e-14,2.0458878e-14,2.0458878e-14,1.0251489e-14,1.0251489e-14,-2.0391283e-15,-2.0391283e-15,-0.00048121158,-0.00048121158,-8.4919691e-05,-8.4919691e-05,-0.00048121158,-0.00048121158,-8.4919691e-05,-8.4919691e-05,2.7375532e-16,2.7375532e-16,1.056692e-15,1.056692e-15,-0.00056613127,-0.00056613127,1.2855265e-15,1.2855265e-15,0.033490031,0.033490031,-2.7885628e-14,-2.7885628e-14,0.00048121158,0.00048121158,8.4919691e-05,8.4919691e-05,0.00048121158,0.00048121158,8.4919691e-05,8.4919691e-05,0.00056613127,0.00056613127,-1.3118867e-14,-1.3118867e-14,1.3139446e-15,1.3139446e-15,1.5967587e-15,1.5967587e-15,-8.4919691e-05,-8.4919691e-05,1.3097623e-05,1.3097623e-05,-1.0777187e-15,-1.0777187e-15,1.1132979e-05,1.1132979e-05,1.9646434e-06,1.9646434e-06,0.0018627959,0.0018627959,-1.409519e-14,-1.409519e-14,1.4033042,1.4033042,-8.9420464e-13,-8.9420464e-13,0.34745798,0.34745798,-4.504066e-13,-4.504066e-13,-1.1562766e-16,-1.1562766e-16,0.00056613127,0.00056613127,2.6348927e-16,2.6348927e-16,-2.4481101e-15,-2.4481101e-15,-3.2961892e-15,-3.2961892e-15,3.2961892e-15,3.2961892e-15,1.2300684e-17,1.2300684e-17,7.826548e-18,7.826548e-18,-0.034056163,-0.034056163,-5.4894217e-17,-5.4894217e-17,1.7396968e-17,1.7396968e-17,9.5854619e-19,9.5854619e-19,7.7208571e-06,7.7208571e-06,1.109731e-28,1.109731e-28
1.3261113e-14,1.3261113e-14,-1.0739374e-15,-1.0739374e-15,1.2187175e-14,1.2187175e-14,1.2569972e-14,1.2569972e-14,-6.9114085e-16,-6.9114085e-16,-0.023606323,-0.023606323,-8.6767138e-05,-8.6767138e-05,-0.023600704,-0.023600704,-8.6767138e-05,-8.6767138e-05,-9.0984892e-16,-9.0984892e-16,3.2598419e-16,3.2598419e-16,0.00057844759,0.00057844759,-1.3825732e-14,-1.3825732e-14,1.948236e-14,1.948236e-14,9.7615749e-15,9.7615749e-15,-1.9383022e-15,-1.9383022e-15,-0.00049168045,-0.00049168045,-8.6767138e-05,-8.6767138e-05,-0.00049168045,-0.00049168045,-8.6767138e-05,-8.6767138e-05,2.7211603e-16,2.7211603e-16,9.9148715e-16,9.9148715e-16,-0.00057844759,-0.00057844759,1.2212999e-15,1.2212999e-15,0.031774907,0.031774907,-2.6558289e-14,-2.6558289e-14,0.00049168045,0.00049168045,8.6767138e-05,8.6767138e-05,0.00049168045,0.00049168045,8.6767138e-05,8.6767138e-05,0.00057844759,0.00057844759,-1.343735e-14,-1.343735e-14,1.2450978e-15,1.2450978e-15,1.5313271e-15,1.5313271e-15,-8.6767138e-05,-8.6767138e-05,1.2316315e-05,1.2316315e-05,-1.023971e-15,-1.023971e-15,1.0468868e-05,1.0468868e-05,1.8474473e-06,1.8474473e-06,0.0017977628,0.0017977628,-1.4362493e-14,-1.4362493e-14,1.3659543,1.3659543,-9.1074117e-13,-9.1074117e-13,0.34813352,0.34813352,-4.584869e-13,-4.584869e-13,-1.7609845e-16,-1.7609845e-16,0.00057844759,0.00057844759,2.4784796e-16,2.4784796e-16,-2.5199387e-15,-2.5199387e-15,-3.5272995e-15,-3.5272995e-15,3.5272995e-15,3.5272995e-15,1.2463139e-17,1.2463139e-17,7.7811387e-18,7.7811387e-18,-0.032353354,-0.032353354,-5.5923912e-17,-5.5923912e-17,1.525271e-17,1.525271e-17,9.4816402e-19,9.4816402e-19,7.7262447e-06,7.7262447e-06,1.0053035e-28,1.0053035e-28
1.3506029e-14,1.3506029e-14,-1.0292761e-15,-1.0292761e-15,1.2476753e-14,1.2476753e-14,1.2928207e-14,1.2928207e-14,-5.7782177e-16,-5.7782177e-16,-0.022431254,-0.022431254,-8.8503308e-05,-8.8503308e-05,-0.022425639,-0.022425639,-8.8503308e-05,-8.8503308e-05,-8.6535982e-16,-8.6535982e-16,3.2203146e-16,3.2203146e-16,0.00059002205,0.00059002205,-1.4106018e-14,-1.4106018e-14,1.8554868e-14,1.8554868e-14,9.2961932e-15,9.2961932e-15,-1.8425036e-15,-1.8425036e-15,-0.00050151875,-0.00050151875,-8.8503308e-05,-8.8503308e-05,-0.00050151875,-0.00050151875,-8.8503308e-05,-8.8503308e-05,2.7050761e-16,2.7050761e-16,9.2968636e-16,9.2968636e-16,-0.00059002205,-0.00059002205,1.1603763e-15,1.1603763e-15,0.030145665,0.030145665,-2.5287043e-14,-2.5287043e-14,0.00050151875,0.00050151875,8.8503308e-05,8.8503308e-05,0.00050151875,0.00050151875,8.8503308e-05,8.8503308e-05,0.00059002205,0.00059002205,-1.3740062e-14,-1.3740062e-14,1.1787446e-15,1.1787446e-15,1.4686603e-15,1.4686603e-15,-8.8503308e-05,-8.8503308e-05,1.1574466e-05,1.1574466e-05,-9.7290353e-16,-9.7290353e-16,9.8382959e-06,9.8382959e-06,1.7361699e-06,1.7361699e-06,0.0017358942,0.0017358942,-1.4616573e-14,-1.4616573e-14,1.3303702,1.3303702,-9.2646027e-13,-9.2646027e-13,0.34871929,0.34871929,-4.6616819e-13,-4.6616819e-13,-2.3397867e-16,-2.3397867e-16,0.00059002205,0.00059002205,2.3275526e-16,2.3275526e-16,-2.588192e-15,-2.588192e-15,-3.7622751e-15,-3.7622751e-15,3.7622751e-15,3.7622751e-15,1.2602216e-17,1.2602216e-17,7.7243898e-18,7.7243898e-18,-0.030735687,-0.030735687,-5.6837049e-17,-5.6837049e-17,1.3102396e-17,1.3102396e-17,9.3666736e-19,9.3666736e-19,7.7219279e-06,7.7219279e-06,9.1015695e-29,9.1015695e-29
1.3738545e-14,1.3738545e-14,-9.8634989e-16,-9.8634989e-16,1.2752195e-14,1.2752195e-14,1.3268526e-14,1.3268526e-14,-4.7001966e-16,-4.7001966e-16,-0.021314918,-0.021314918,-9.0133823e-05,-9.0133823e-05,-0.021309311,-0.021309311,-9.0133823e-05,-9.0133823e-05,-8.2291672e-16,-8.2291672e-16,3.1776863e-16,3.1776863e-16,0.00060089215,0.00060089215,-1.4372447e-14,-1.4372447e-14,1.7673528e-14,1.7673528e-14,8.8540318e-15,8.8540318e-15,-1.7514825e-15,-1.7514825e-15,-0.00051075833,-0.00051075833,-9.0133823e-05,-9.0133823e-05,-0.00051075833,-0.00051075833,-9.0133823e-05,-9.0133823e-05,2.6892735e-16,2.6892735e-16,8.7111174e-16,8.7111174e-16,-0.00060089215,-0.00060089215,1.1025815e-15,1.1025815e-15,0.02859801,0.02859801,-2.407163e-14,-2.407163e-14,0.00051075833,0.00051075833,9.0133823e-05,9.0133823e-05,0.00051075833,0.00051075833,9.0133823e-05,9.0133823e-05,0.00060089215,0.00060089215,-1.4027787e-14,-1.4027787e-14,1.1153188e-15,1.1153188e-15,1.408487e-15,1.408487e-15,-9.0133823e-05,-9.0133823e-05,1.08701e-05,1.08701e-05,-9.2438298e-16,-9.2438298e-16,9.2395847e-06,9.2395847e-06,1.6305149e-06,1.6305149e-06,0.001677032,0.001677032,-1.4858086e-14,-1.4858086e-14,1.2964637,1.2964637,-9.4140254e-13,-9.4140254e-13,0.34921996,0.34921996,-4.7347024e-13,-4.7347024e-13,-2.8916434e-16,-2.8916434e-16,0.00060089215,0.00060089215,2.1826173e-16,2.1826173e-16,-2.6530489e-15,-2.6530489e-15,-4.0009264e-15,-4.0009264e-15,4.0009264e-15,4.0009264e-15,1.2719428e-17,1.2719428e-17,7.6581642e-18,7.6581642e-18,-0.029198902,-0.029198902,-5.7642326e-17,-5.7642326e-17,1.0958404e-17,1.0958404e-17,9.2426873e-19,9.2426873e-19,7.7090463e-06,7.7090463e-06,8.2360755e-29,8.2360755e-29
1.3959622e-14,1.3959622e-14,-9.4520397e-16,-9.4520397e-16,1.3014418e-14,1.3014418e-14,1.3591825e-14,1.3591825e-14,-3.6779756e-16,-3.6779756e-16,-0.020254377,-0.020254377,-9.1664024e-05,-9.1664024e-05,-0.020248785,-0.020248785,-9.1664024e-05,-9.1664024e-05,-7.8267393e-16,-7.8267393e-16,3.1325972e-16,3.1325972e-16,0.0006110935,0.0006110935,-1.4625706e-14,-1.4625706e-14,1.6836247e-14,1.6836247e-14,8.4341707e-15,8.4341707e-15,-1.6650009e-15,-1.6650009e-15,-0.00051942947,-0.00051942947,-9.1664024e-05,-9.1664024e-05,-0.00051942947,-0.00051942947,-9.1664024e-05,-9.1664024e-05,2.6737265e-16,2.6737265e-16,8.15595e-16,8.15595e-16,-0.0006110935,-0.0006110935,1.0477511e-15,1.0477511e-15,0.027127864,0.027127864,-2.2911168e-14,-2.2911168e-14,0.00051942947,0.00051942947,9.1664024e-05,9.1664024e-05,0.00051942947,0.00051942947,9.1664024e-05,9.1664024e-05,0.0006110935,0.0006110935,-1.4301267e-14,-1.4301267e-14,1.0550371e-15,1.0550371e-15,1.3509159e-15,1.3509159e-15,-9.1664024e-05,-9.1664024e-05,1.0201342e-05,1.0201342e-05,-8.7828267e-16,-8.7828267e-16,8.6711403e-06,8.6711403e-06,1.5302012e-06,1.5302012e-06,0.0016210263,0.0016210263,-1.5087656e-14,-1.5087656e-14,1.2641514,1.2641514,-9.5560653e-13,-9.5560653e-13,0.34963994,0.34963994,-4.8041187e-13,-4.8041187e-13,-3.4165454e-16,-3.4165454e-16,0.0006110935,0.0006110935,2.0430707e-16,2.0430707e-16,-2.7146796e-15,-2.7146796e-15,-4.243073e-15,-4.243073e-15,4.243073e-15,4.243073e-15,1.2816203e-17,1.2816203e-17,7.5841023e-18,7.5841023e-18,-0.027738957,-0.027738957,-5.8347864e-17,-5.8347864e-17,8.8312799e-18,8.8312799e-18,9.1115434e-19,9.1115434e-19,7.6886205e-06,7.6886205e-06,7.4498344e-29,7.4498344e-29
1.4169642e-14,1.4169642e-14,-9.0588603e-16,-9.0588603e-16,1.3263756e-14,1.3263756e-14,1.3898958e-14,1.3898958e-14,-2.7068418e-16,-2.7068418e-16,-0.019246842,-0.019246842,-9.3098986e-05,-9.3098986e-05,-0.01924127,-0.01924127,-9.3098986e-05,-9.3098986e-05,-7.4438204e-16,-7.4438204e-16,3.085607e-16,3.085607e-16,0.00062065991,0.00062065991,-1.4866447e-14,-1.4866447e-14,1.6040569e-14,1.6040569e-14,8.035053e-15,8.035053e-15,-1.5828328e-15,-1.5828328e-15,-0.00052756092,-0.00052756092,-9.3098986e-05,-9.3098986e-05,-0.00052756092,-0.00052756092,-9.3098986e-05,-9.3098986e-05,2.6584105e-16,2.6584105e-16,7.6297692e-16,7.6297692e-16,-0.00062065991,-0.00062065991,9.9572923e-16,9.9572923e-16,0.02573135,0.02573135,-2.1804342e-14,-2.1804342e-14,0.00052756092,0.00052756092,9.3098986e-05,9.3098986e-05,0.00052756092,0.00052756092,9.3098986e-05,9.3098986e-05,0.00062065991,0.00062065991,-1.456121e-14,-1.456121e-14,9.9703232e-16,9.9703232e-16,1.2960553e-15,1.2960553e-15,-9.3098986e-05,-9.3098986e-05,9.56641e-06,9.56641e-06,-8.3448218e-16,-8.3448218e-16,8.1314485e-06,8.1314485e-06,1.4349615e-06,1.4349615e-06,0.0015677345,0.0015677345,-1.5305877e-14,-1.5305877e-14,1.2333538,1.2333538,-9.6910893e-13,-9.6910893e-13,0.34998344,0.34998344,-4.8701095e-13,-4.8701095e-13,-3.9155748e-16,-3.9155748e-16,0.00062065991,0.00062065991,1.9091156e-16,1.9091156e-16,-2.7732457e-15,-2.7732457e-15,-4.4885436e-15,-4.4885436e-15,4.4885436e-15,4.4885436e-15,1.2893889e-17,1.2893889e-17,7.5036459e-18,7.5036459e-18,-0.026352009,-0.026352009,-5.8961242e-17,-5.8961242e-17,6.7299569e-18,6.7299569e-18,8.97487e-19,8.97487e-19,7.6615648e-06,7.6615648e-06,6.7363706e-29,6.7363706e-29
1.4368941e-14,1.4368941e-14,-8.6756942e-16,-8.6756942e-16,1.3501372e-14,1.3501372e-14,1.4190735e-14,1.4190735e-14,-1.7820626e-16,-1.7820626e-16,-0.018289663,-0.018289663,-9.4443528e-05,-9.4443528e-05,-0.018284115,-0.018284115,-9.4443528e-05,-9.4443528e-05,-7.0782068e-16,-7.0782068e-16,3.0372041e-16,3.0372041e-16,0.00062962352,0.00062962352,-1.5095292e-14,-1.5095292e-14,1.5285057e-14,1.5285057e-14,7.6563001e-15,7.6563001e-15,-1.5047632e-15,-1.5047632e-15,-0.00053517999,-0.00053517999,-9.4443528e-05,-9.4443528e-05,-0.00053517999,-0.00053517999,-9.4443528e-05,-9.4443528e-05,2.6433018e-16,2.6433018e-16,7.1310684e-16,7.1310684e-16,-0.00062962352,-0.00062962352,9.4636855e-16,9.4636855e-16,0.024404785,0.024404785,-2.0749547e-14,-2.0749547e-14,0.00053517999,0.00053517999,9.4443528e-05,9.4443528e-05,0.00053517999,0.00053517999,9.4443528e-05,9.4443528e-05,0.00062962352,0.00062962352,-1.4808287e-14,-1.4808287e-14,9.4173801e-16,9.4173801e-16,1.2430378e-15,1.2430378e-15,-9.4443528e-05,-9.4443528e-05,8.9636125e-06,8.9636125e-06,-7.9286706e-16,-7.9286706e-16,7.6190706e-06,7.6190706e-06,1.3445419e-06,1.3445419e-06,0.0015170212,0.0015170212,-1.5513313e-14,-1.5513313e-14,1.2039956,1.2039956,-9.8194457e-13,-9.8194457e-13,0.35025447,0.35025447,-4.9328451e-13,-4.9328451e-13,-4.3931663e-16,-4.3931663e-16,0.00062962352,0.00062962352,1.7799266e-16,1.7799266e-16,-2.8289008e-15,-2.8289008e-15,-4.7371753e-15,-4.7371753e-15,4.7371753e-15,4.7371753e-15,1.2953761e-17,1.2953761e-17,7.4180601e-18,7.4180601e-18,-0.025034409,-0.025034409,-5.9489532e-17,-5.9489532e-17,4.6619399e-18,4.6619399e-18,8.8340872e-19,8.8340872e-19,7.6286978e-06,7.6286978e-06,6.089531e-29,6.089531e-29
1.4558929e-14,1.4558929e-14,-8.3129399e-16,-8.3129399e-16,1.3727635e-14,1.3727635e-14,1.4467926e-14,1.4467926e-14,-9.1002759e-17,-9.1002759e-17,-0.017380323,-0.017380323,-9.5702229e-05,-9.5702229e-05,-0.017374803,-0.017374803,-9.5702229e-05,-9.5702229e-05,-6.7323182e-16,-6.7323182e-16,2.9878128e-16,2.9878128e-16,0.00063801486,0.00063801486,-1.5312832e-14,-1.5312832e-14,1.4566727e-14,1.4566727e-14,7.2959342e-15,7.2959342e-15,-1.430588e-15,-1.430588e-15,-0.00054231263,-0.00054231263,-9.5702229e-05,-9.5702229e-05,-0.00054231263,-0.00054231263,-9.5702229e-05,-9.5702229e-05,2.628378e-16,2.628378e-16,6.6584215e-16,6.6584215e-16,-0.00063801486,-0.00063801486,8.9952961e-16,8.9952961e-16,0.023144674,0.023144674,-1.9744988e-14,-1.9744988e-14,0.00054231263,0.00054231263,9.5702229e-05,9.5702229e-05,0.00054231263,0.00054231263,9.5702229e-05,9.5702229e-05,0.00063801486,0.00063801486,-1.5043138e-14,-1.5043138e-14,8.8872052e-16,8.8872052e-16,1.1926224e-15,1.1926224e-15,-9.5702229e-05,-9.5702229e-05,8.391341e-06,8.391341e-06,-7.533285e-16,-7.533285e-16,7.1326399e-06,7.1326399e-06,1.2587012e-06,1.2587012e-06,0.0014687576,0.0014687576,-1.5710501e-14,-1.5710501e-14,1.176005,1.176005,-9.9414662e-13,-9.9414662e-13,0.35045681,0.35045681,-4.9924869e-13,-4.9924869e-13,-4.8416236e-16,-4.8416236e-16,0.00063801486,0.00063801486,1.656749e-16,1.656749e-16,-2.8817908e-15,-2.8817908e-15,-4.9888129e-15,-4.9888129e-15,4.9888129e-15,4.9888129e-15,1.2997022e-17,1.2997022e-17,7.3284521e-18,7.3284521e-18,-0.023782689,-0.023782689,-5.9939331e-17,-5.9939331e-17,2.6334773e-18,2.6334773e-18,8.6904296e-19,8.6904296e-19,7.5907516e-06,7.5907516e-06,5.5035296e-29,5.5035296e-29
1.4739298e-14,1.4739298e-14,-7.9631053e-16,-7.9631053e-16,1.3942988e-14,1.3942988e-14,1.4731262e-14,1.4731262e-14,-8.0362999e-18,-8.0362999e-18,-0.01651643,-0.01651643,-9.6879439e-05,-9.6879439e-05,-0.016510941,-0.016510941,-9.6879439e-05,-9.6879439e-05,-6.4034402e-16,-6.4034402e-16,2.9378011e-16,2.9378011e-16,0.00064586293,0.00064586293,-1.5519628e-14,-1.5519628e-14,1.3884447e-14,1.3884447e-14,6.9538886e-15,6.9538886e-15,-1.3601132e-15,-1.3601132e-15,-0.00054898349,-0.00054898349,-9.6879439e-05,-9.6879439e-05,-0.00054898349,-0.00054898349,-9.6879439e-05,-9.6879439e-05,2.6136179e-16,2.6136179e-16,6.2104788e-16,6.2104788e-16,-0.00064586293,-0.00064586293,8.5508042e-16,8.5508042e-16,0.021947691,0.021947691,-1.8788761e-14,-1.8788761e-14,0.00054898349,0.00054898349,9.6879439e-05,9.6879439e-05,0.00054898349,0.00054898349,9.6879439e-05,9.6879439e-05,0.00064586293,0.00064586293,-1.526637e-14,-1.526637e-14,8.3852196e-16,8.3852196e-16,1.1441586e-15,1.1441586e-15,-9.6879439e-05,-9.6879439e-05,7.8480681e-06,7.8480681e-06,-7.1576311e-16,-7.1576311e-16,6.6708579e-06,6.6708579e-06,1.1772102e-06,1.1772102e-06,0.0014228217,0.0014228217,-1.5897951e-14,-1.5897951e-14,1.149314,1.149314,-1.0057466e-12,-1.0057466e-12,0.35059407,0.35059407,-5.0491888e-13,-5.0491888e-13,-5.2700846e-16,-5.2700846e-16,0.00064586293,0.00064586293,1.5385426e-16,1.5385426e-16,-2.9320541e-15,-2.9320541e-15,-5.2433089e-15,-5.2433089e-15,5.2433089e-15,5.2433089e-15,1.3024807e-17,1.3024807e-17,7.2357893e-18,7.2357893e-18,-0.022593554,-0.022593554,-6.0316789e-17,-6.0316789e-17,6.4971123e-19,6.4971123e-19,8.5449678e-19,8.5449678e-19,7.548381e-06,7.548381e-06,4.9729699e-29,4.9729699e-29
1.4911108e-14,1.4911108e-14,-7.6315884e-16,-7.6315884e-16,1.414795e-14,1.414795e-14,1.4981437e-14,1.4981437e-14,7.0329009e-17,7.0329009e-17,-0.015695713,-0.015695713,-9.797929e-05,-9.797929e-05,-0.015690257,-0.015690257,-9.797929e-05,-9.797929e-05,-6.093487e-16,-6.093487e-16,2.887487e-16,2.887487e-16,0.00065319527,0.00065319527,-1.5716214e-14,-1.5716214e-14,1.3235934e-14,1.3235934e-14,6.6286795e-15,6.6286795e-15,-1.2931541e-15,-1.2931541e-15,-0.00055521598,-0.00055521598,-9.797929e-05,-9.797929e-05,-0.00055521598,-0.00055521598,-9.797929e-05,-9.797929e-05,2.5990013e-16,2.5990013e-16,5.7859623e-16,5.7859623e-16,-0.00065319527,-0.00065319527,8.1289602e-16,8.1289602e-16,0.020810681,0.020810681,-1.7878903e-14,-1.7878903e-14,0.00055521598,0.00055521598,9.797929e-05,9.797929e-05,0.00055521598,0.00055521598,9.797929e-05,9.797929e-05,0.00065319527,0.00065319527,-1.5478561e-14,-1.5478561e-14,7.9060022e-16,7.9060022e-16,1.0984052e-15,1.0984052e-15,-9.797929e-05,-9.797929e-05,7.3323426e-06,7.3323426e-06,-6.8007258e-16,-6.8007258e-16,6.2324912e-06,6.2324912e-06,1.0998514e-06,1.0998514e-06,0.0013790972,0.0013790972,-1.6076146e-14,-1.6076146e-14,1.123858,1.123858,-1.0167743e-12,-1.0167743e-12,0.35066968,0.35066968,-5.1030968e-13,-5.1030968e-13,-5.6737394e-16,-5.6737394e-16,0.00065319527,0.00065319527,1.4257271e-16,1.4257271e-16,-2.9798226e-15,-2.9798226e-15,-5.5005224e-15,-5.5005224e-15,5.5005224e-15,5.5005224e-15,1.3038189e-17,1.3038189e-17,7.1409139e-18,7.1409139e-18,-0.021463876,-0.021463876,-6.062764e-17,-6.062764e-17,-1.2851874e-18,-1.2851874e-18,8.3986259e-19,8.3986259e-19,7.5021713e-06,7.5021713e-06,4.4928503e-29,4.4928503e-29
1.507425e-14,1.507425e-14,-7.3102594e-16,-7.3102594e-16,1.4343224e-14,1.4343224e-14,1.5219111e-14,1.5219111e-14,1.4486124e-16,1.4486124e-16,-0.014916012,-0.014916012,-9.9005708e-05,-9.9005708e-05,-0.014910592,-0.014910592,-9.9005708e-05,-9.9005708e-05,-5.7949145e-16,-5.7949145e-16,2.8371436e-16,2.8371436e-16,0.00066003806,0.00066003806,-1.5903096e-14,-1.5903096e-14,1.2620204e-14,1.2620204e-14,6.3199684e-15,6.3199684e-15,-1.2295357e-15,-1.2295357e-15,-0.00056103235,-0.00056103235,-9.9005708e-05,-9.9005708e-05,-0.00056103235,-0.00056103235,-9.9005708e-05,-9.9005708e-05,2.5845093e-16,2.5845093e-16,5.3836619e-16,5.3836619e-16,-0.00066003806,-0.00066003806,7.7285812e-16,7.7285812e-16,0.019730645,0.019730645,-1.7013439e-14,-1.7013439e-14,0.00056103235,0.00056103235,9.9005708e-05,9.9005708e-05,0.00056103235,0.00056103235,9.9005708e-05,9.9005708e-05,0.00066003806,0.00066003806,-1.568026e-14,-1.568026e-14,7.4473847e-16,7.4473847e-16,1.0538445e-15,1.0538445e-15,-9.9005708e-05,-9.9005708e-05,6.8427861e-06,6.8427861e-06,-6.4616352e-16,-6.4616352e-16,5.8163681e-06,5.8163681e-06,1.0264179e-06,1.0264179e-06,0.0013374739,0.0013374739,-1.6245548e-14,-1.6245548e-14,1.0995754,1.0995754,-1.0272584e-12,-1.0272584e-12,0.35068688,0.35068688,-5.1543498e-13,-5.1543498e-13,-6.058079e-16,-6.058079e-16,0.00066003806,0.00066003806,1.3171224e-16,1.3171224e-16,-3.0252211e-15,-3.0252211e-15,-5.7603194e-15,-5.7603194e-15,5.7603194e-15,5.7603194e-15,1.3038178e-17,1.3038178e-17,7.0445575e-18,7.0445575e-18,-0.020390683,-0.020390683,-6.0877226e-17,-6.0877226e-17,-3.1678991e-18,-3.1678991e-18,8.252199e-19,8.252199e-19,7.4526451e-06,7.4526451e-06,4.0585578e-29,4.0585578e-29
1.5230281e-14,1.5230281e-14,-7.0068637e-16,-7.0068637e-16,1.4529595e-14,1.4529595e-14,1.544491e-14,1.544491e-14,2.1462902e-16,2.1462902e-16,-0.014175277,-0.014175277,-9.9962422e-05,-9.9962422e-05,-0.014169895,-0.014169895,-9.9962422e-05,-9.9962422e-05,-5.5167517e-16,-5.5167517e-16,2.787005e-16,2.787005e-16,0.00066641614,0.00066641614,-1.6080758e-14,-1.6080758e-14,1.2034412e-14,1.2034412e-14,6.0261649e-15,6.0261649e-15,-1.1690912e-15,-1.1690912e-15,-0.00056645372,-0.00056645372,-9.9962422e-05,-9.9962422e-05,-0.00056645372,-0.00056645372,-9.9962422e-05,-9.9962422e-05,2.5701238e-16,2.5701238e-16,5.0024316e-16,5.0024316e-16,-0.00066641614,-0.00066641614,7.3485469e-16,7.3485469e-16,0.018704732,0.018704732,-1.6190406e-14,-1.6190406e-14,0.00056645372,0.00056645372,9.9962422e-05,9.9962422e-05,0.00056645372,0.00056645372,9.9962422e-05,9.9962422e-05,0.00066641614,0.00066641614,-1.5871987e-14,-1.5871987e-14,7.0126197e-16,7.0126197e-16,1.0121027e-15,1.0121027e-15,-9.9962422e-05,-9.9962422e-05,6.3780887e-06,6.3780887e-06,-6.1394714e-16,-6.1394714e-16,5.4213754e-06,5.4213754e-06,9.5671331e-07,9.5671331e-07,0.0012978469,0.0012978469,-1.6406594e-14,-1.6406594e-14,1.076408,1.076408,-1.0372258e-12,-1.0372258e-12,0.35064878,0.35064878,-5.2030798e-13,-5.2030798e-13,-6.4181643e-16,-6.4181643e-16,0.00066641614,0.00066641614,1.2141218e-16,1.2141218e-16,-3.0683686e-15,-3.0683686e-15,-6.0225717e-15,-6.0225717e-15,6.0225717e-15,6.0225717e-15,1.302573e-17,1.302573e-17,6.9473531e-18,6.9473531e-18,-0.019371148,-0.019371148,-6.107052e-17,-6.107052e-17,-4.9958491e-18,-4.9958491e-18,8.1063672e-19,8.1063672e-19,7.4002689e-06,7.4002689e-06,3.6658546e-29,3.6658546e-29
1.537838e-14,1.537838e-14,-6.7143082e-16,-6.7143082e-16,1.4706949e-14,1.4706949e-14,1.5659429e-14,1.5659429e-14,2.810489e-16,2.810489e-16,-0.013471561,-0.013471561,-0.00010085297,-0.00010085297,-0.013466219,-0.013466219,-0.00010085297,-0.00010085297,-5.2488351e-16,-5.2488351e-16,2.73727e-16,2.73727e-16,0.00067235315,0.00067235315,-1.6249657e-14,-1.6249657e-14,1.1478235e-14,1.1478235e-14,5.7473983e-15,5.7473983e-15,-1.1116624e-15,-1.1116624e-15,-0.00057150018,-0.00057150018,-0.00010085297,-0.00010085297,-0.00057150018,-0.00057150018,-0.00010085297,-0.00010085297,2.5558281e-16,2.5558281e-16,4.641186e-16,4.641186e-16,-0.00067235315,-0.00067235315,6.9877968e-16,6.9877968e-16,0.017730238,0.017730238,-1.5407875e-14,-1.5407875e-14,0.00057150018,0.00057150018,0.00010085297,0.00010085297,0.00057150018,0.00057150018,0.00010085297,0.00010085297,0.00067235315,0.00067235315,-1.605424e-14,-1.605424e-14,6.596286e-16,6.596286e-16,9.7155357e-16,9.7155357e-16,-0.00010085297,-0.00010085297,5.9370065e-06,5.9370065e-06,-5.8333908e-16,-5.8333908e-16,5.0464555e-06,5.0464555e-06,8.9055098e-07,8.9055098e-07,0.0012601168,0.0012601168,-1.6559701e-14,-1.6559701e-14,1.0543003,1.0543003,-1.0467023e-12,-1.0467023e-12,0.3505583,0.3505583,-5.2494122e-13,-5.2494122e-13,-6.7606657e-16,-6.7606657e-16,0.00067235315,0.00067235315,1.115147e-16,1.115147e-16,-3.1093778e-15,-3.1093778e-15,-6.2871571e-15,-6.2871571e-15,6.2871571e-15,6.2871571e-15,1.3001744e-17,1.3001744e-17,6.8498464e-18,6.8498464e-18,-0.018402591,-0.018402591,-6.1212156e-17,-6.1212156e-17,-6.7671117e-18,-6.7671117e-18,7.9617096e-19,7.9617096e-19,7.3454587e-06,7.3454587e-06,3.3108604e-29,3.3108604e-29
1.5519547e-14,1.5519547e-14,-6.4374887e-16,-6.4374887e-16,1.4875798e-14,1.4875798e-14,1.5863232e-14,1.5863232e-14,3.4368494e-16,3.4368494e-16,-0.012803012,-0.012803012,-0.00010168073,-0.00010168073,-0.012797711,-0.012797711,-0.00010168073,-0.00010168073,-4.9976021e-16,-4.9976021e-16,2.6881068e-16,2.6881068e-16,0.00067787151,0.00067787151,-1.641023e-14,-1.641023e-14,1.0949405e-14,1.0949405e-14,5.4821407e-15,5.4821407e-15,-1.0570989e-15,-1.0570989e-15,-0.00057619078,-0.00057619078,-0.00010168073,-0.00010168073,-0.00057619078,-0.00057619078,-0.00010168073,-0.00010168073,2.5416061e-16,2.5416061e-16,4.2988968e-16,4.2988968e-16,-0.00067787151,-0.00067787151,6.6453261e-16,6.6453261e-16,0.01680459,0.01680459,-1.4663969e-14,-1.4663969e-14,0.00057619078,0.00057619078,0.00010168073,0.00010168073,0.00057619078,0.00057619078,0.00010168073,0.00010168073,0.00067787151,0.00067787151,-1.622749e-14,-1.622749e-14,6.2016364e-16,6.2016364e-16,9.3371491e-16,9.3371491e-16,-0.00010168073,-0.00010168073,5.5183575e-06,5.5183575e-06,-5.5425915e-16,-5.5425915e-16,4.6906038e-06,4.6906038e-06,8.2775362e-07,8.2775362e-07,0.0012241889,0.0012241889,-1.6705263e-14,-1.6705263e-14,1.0331995,1.0331995,-1.0557123e-12,-1.0557123e-12,0.35041822,0.35041822,-5.2934665e-13,-5.2934665e-13,-7.0792024e-16,-7.0792024e-16,0.00067787151,0.00067787151,1.0214207e-16,1.0214207e-16,-3.1483559e-15,-3.1483559e-15,-6.553959e-15,-6.553959e-15,6.553959e-15,6.553959e-15,1.2967069e-17,1.2967069e-17,6.7525056e-18,6.7525056e-18,-0.017482461,-0.017482461,-6.1306445e-17,-6.1306445e-17,-8.4803264e-18,-8.4803264e-18,7.8187153e-19,7.8187153e-19,7.2885854e-06,7.2885854e-06,2.9900306e-29,2.9900306e-29
1.5653605e-14,1.5653605e-14,-6.1675887e-16,-6.1675887e-16,1.5036846e-14,1.5036846e-14,1.6056857e-14,1.6056857e-14,4.0325275e-16,4.0325275e-16,-0.012167872,-0.012167872,-0.00010244888,-0.00010244888,-0.012162613,-0.012162613,-0.00010244888,-0.00010244888,-4.7524973e-16,-4.7524973e-16,2.6396567e-16,2.6396567e-16,0.00068299253,0.00068299253,-1.656289e-14,-1.656289e-14,1.044762e-14,1.044762e-14,5.2305755e-15,5.2305755e-15,-1.0052576e-15,-1.0052576e-15,-0.00058054365,-0.00058054365,-0.00010244888,-0.00010244888,-0.00058054365,-0.00058054365,-0.00010244888,-0.00010244888,2.5274429e-16,2.5274429e-16,3.9745899e-16,3.9745899e-16,-0.00068299253,-0.00068299253,6.3201835e-16,6.3201835e-16,0.015925346,0.015925346,-1.3956863e-14,-1.3956863e-14,0.00058054365,0.00058054365,0.00010244888,0.00010244888,0.00058054365,0.00058054365,0.00010244888,0.00010244888,0.00068299253,0.00068299253,-1.6392185e-14,-1.6392185e-14,5.8221657e-16,5.8221657e-16,8.966352e-16,8.966352e-16,-0.00010244888,-0.00010244888,5.1210188e-06,5.1210188e-06,-5.2663115e-16,-5.2663115e-16,4.3528659e-06,4.3528659e-06,7.6815281e-07,7.6815281e-07,0.0011899734,0.0011899734,-1.6843656e-14,-1.6843656e-14,1.0130557,1.0130557,-1.064279e-12,-1.064279e-12,0.35023121,0.35023121,-5.3353558e-13,-5.3353558e-13,-7.3854646e-16,-7.3854646e-16,0.00068299253,0.00068299253,9.3066119e-17,9.3066119e-17,-3.1854048e-15,-3.1854048e-15,-6.8228656e-15,-6.8228656e-15,6.8228656e-15,6.8228656e-15,1.2922505e-17,1.2922505e-17,6.6557305e-18,6.6557305e-18,-0.016608338,-0.016608338,-6.1357395e-17,-6.1357395e-17,-1.0134622e-17,-1.0134622e-17,7.6777945e-19,7.6777945e-19,7.229979e-06,7.229979e-06,2.7001345e-29,2.7001345e-29
1.5781675e-14,1.5781675e-14,-5.9112268e-16,-5.9112268e-16,1.5190553e-14,1.5190553e-14,1.6240814e-14,1.6240814e-14,4.5913856e-16,4.5913856e-16,-0.011564471,-0.011564471,-0.00010316047,-0.00010316047,-0.011559256,-0.011559256,-0.00010316047,-0.00010316047,-4.5239373e-16,-4.5239373e-16,2.5920365e-16,2.5920365e-16,0.00068773645,0.00068773645,-1.6708031e-14,-1.6708031e-14,9.9702635e-15,9.9702635e-15,4.9914054e-15,4.9914054e-15,-9.5600292e-16,-9.5600292e-16,-0.00058457598,-0.00058457598,-0.00010316047,-0.00010316047,-0.00058457598,-0.00058457598,-0.00010316047,-0.00010316047,2.5133247e-16,2.5133247e-16,3.6673423e-16,3.6673423e-16,-0.00068773645,-0.00068773645,6.0114676e-16,6.0114676e-16,0.015090185,0.015090185,-1.3284803e-14,-1.3284803e-14,0.00058457598,0.00058457598,0.00010316047,0.00010316047,0.00058457598,0.00058457598,0.00010316047,0.00010316047,0.00068773645,0.00068773645,-1.654875e-14,-1.654875e-14,5.4643789e-16,5.4643789e-16,8.6183231e-16,8.6183231e-16,-0.00010316047,-0.00010316047,4.7439237e-06,4.7439237e-06,-5.0038266e-16,-5.0038266e-16,4.0323351e-06,4.0323351e-06,7.1158855e-07,7.1158855e-07,0.0011573849,0.0011573849,-1.6975238e-14,-1.6975238e-14,0.99382131,0.99382131,-1.0724244e-12,-1.0724244e-12,0.34999976,0.34999976,-5.3751879e-13,-5.3751879e-13,-7.6713903e-16,-7.6713903e-16,0.00068773645,0.00068773645,8.4453912e-17,8.4453912e-17,-3.2206212e-15,-3.2206212e-15,-7.0937705e-15,-7.0937705e-15,7.0937705e-15,7.0937705e-15,1.2868806e-17,1.2868806e-17,6.5598602e-18,6.5598602e-18,-0.015777921,-0.015777921,-6.1368737e-17,-6.1368737e-17,-1.1729552e-17,-1.1729552e-17,7.5392877e-19,7.5392877e-19,7.1699331e-06,7.1699331e-06,2.4382325e-29,2.4382325e-29
1.5903632e-14,1.5903632e-14,-5.6670746e-16,-5.6670746e-16,1.5336924e-14,1.5336924e-14,1.6415586e-14,1.6415586e-14,5.1195447e-16,5.1195447e-16,-0.010991222,-0.010991222,-0.00010381838,-0.00010381838,-0.010986052,-0.010986052,-0.00010381838,-0.00010381838,-4.3053823e-16,-4.3053823e-16,2.5453423e-16,2.5453423e-16,0.00069212251,0.00069212251,-1.6846028e-14,-1.6846028e-14,9.5169354e-15,9.5169354e-15,4.7642132e-15,4.7642132e-15,-9.0920562e-16,-9.0920562e-16,-0.00058830413,-0.00058830413,-0.00010381838,-0.00010381838,-0.00058830413,-0.00058830413,-0.00010381838,-0.00010381838,2.4992383e-16,2.4992383e-16,3.3762792e-16,3.3762792e-16,-0.00069212251,-0.00069212251,5.7183245e-16,5.7183245e-16,0.014296903,0.014296903,-1.2646096e-14,-1.2646096e-14,0.00058830413,0.00058830413,0.00010381838,0.00010381838,0.00058830413,0.00058830413,0.00010381838,0.00010381838,0.00069212251,0.00069212251,-1.669759e-14,-1.669759e-14,5.1228553e-16,5.1228553e-16,8.2833046e-16,8.2833046e-16,-0.00010381838,-0.00010381838,4.3860589e-06,4.3860589e-06,-4.7544488e-16,-4.7544488e-16,3.7281501e-06,3.7281501e-06,6.5790884e-07,6.5790884e-07,0.0011263423,0.0011263423,-1.7100347e-14,-1.7100347e-14,0.97545116,0.97545116,-1.0801696e-12,-1.0801696e-12,0.34972628,0.34972628,-5.4130653e-13,-5.4130653e-13,-7.941221e-16,-7.941221e-16,0.00069212251,0.00069212251,7.627002e-17,7.627002e-17,-3.2540969e-15,-3.2540969e-15,-7.3665714e-15,-7.3665714e-15,7.3665714e-15,7.3665714e-15,1.2806682e-17,1.2806682e-17,6.4651804e-18,6.4651804e-18,-0.014989025,-0.014989025,-6.1343934e-17,-6.1343934e-17,-1.3265031e-17,-1.3265031e-17,7.4034744e-19,7.4034744e-19,7.1087086e-06,7.1087086e-06,2.2016533e-29,2.2016533e-29
1.6020004e-14,1.6020004e-14,-5.4351912e-16,-5.4351912e-16,1.5476485e-14,1.5476485e-14,1.6581634e-14,1.6581634e-14,5.6162936e-16,5.6162936e-16,-0.010446618,-0.010446618,-0.00010442535,-0.00010442535,-0.010441493,-0.010441493,-0.00010442535,-0.00010442535,-4.0982922e-16,-4.0982922e-16,2.4996517e-16,2.4996517e-16,0.00069616897,0.00069616897,-1.6977236e-14,-1.6977236e-14,9.0859939e-15,9.0859939e-15,4.548285e-15,4.548285e-15,-8.6474308e-16,-8.6474308e-16,-0.00059174363,-0.00059174363,-0.00010442535,-0.00010442535,-0.00059174363,-0.00059174363,-0.00010442535,-0.00010442535,2.4851715e-16,2.4851715e-16,3.1005717e-16,3.1005717e-16,-0.00069616897,-0.00069616897,5.4399454e-16,5.4399454e-16,0.013543405,0.013543405,-1.2039124e-14,-1.2039124e-14,0.00059174363,0.00059174363,0.00010442535,0.00010442535,0.00059174363,0.00059174363,0.00010442535,0.00010442535,0.00069616897,0.00069616897,-1.683909e-14,-1.683909e-14,4.7965104e-16,4.7965104e-16,7.9645492e-16,7.9645492e-16,-0.00010442535,-0.00010442535,4.0464618e-06,4.0464618e-06,-4.5175241e-16,-4.5175241e-16,3.4394925e-06,3.4394925e-06,6.0696927e-07,6.0696927e-07,0.0010967687,0.0010967687,-1.7219306e-14,-1.7219306e-14,0.95790235,0.95790235,-1.0875345e-12,-1.0875345e-12,0.34941302,0.34941302,-5.4490852e-13,-5.4490852e-13,-8.1924082e-16,-8.1924082e-16,0.00069616897,0.00069616897,6.8414478e-17,6.8414478e-17,-3.2859193e-15,-3.2859193e-15,-7.6411706e-15,-7.6411706e-15,7.6411706e-15,7.6411706e-15,1.2736802e-17,1.2736802e-17,6.3719295e-18,6.3719295e-18,-0.014239574,-0.014239574,-6.1286205e-17,-6.1286205e-17,-1.4741288e-17,-1.4741288e-17,7.27058e-19,7.27058e-19,7.046537e-06,7.046537e-06,1.9879724e-29,1.9879724e-29
1.6130966e-14,1.6130966e-14,-5.2122606e-16,-5.2122606e-16,1.560974e-14,1.560974e-14,1.6739394e-14,1.6739394e-14,6.0842741e-16,6.0842741e-16,-0.0099292262,-0.0099292262,-0.00010498398,-0.00010498398,-0.0099241472,-0.0099241472,-0.00010498398,-0.00010498398,-3.9013047e-16,-3.9013047e-16,2.4550261e-16,2.4550261e-16,0.00069989319,0.00069989319,-1.7101993e-14,-1.7101993e-14,8.6764585e-15,8.6764585e-15,4.3429959e-15,4.3429959e-15,-8.2249877e-16,-8.2249877e-16,-0.00059490921,-0.00059490921,-0.00010498398,-0.00010498398,-0.00059490921,-0.00059490921,-0.00010498398,-0.00010498398,2.471113e-16,2.471113e-16,2.8394341e-16,2.8394341e-16,-0.00069989319,-0.00069989319,5.1755636e-16,5.1755636e-16,0.012827702,0.012827702,-1.1462334e-14,-1.1462334e-14,0.00059490921,0.00059490921,0.00010498398,0.00010498398,0.00059490921,0.00059490921,0.00010498398,0.00010498398,0.00069989319,0.00069989319,-1.6973615e-14,-1.6973615e-14,4.4896812e-16,4.4896812e-16,7.6609726e-16,7.6609726e-16,-0.00010498398,-0.00010498398,3.7242177e-06,3.7242177e-06,-4.2924312e-16,-4.2924312e-16,3.165585e-06,3.165585e-06,5.5863265e-07,5.5863265e-07,0.0010685907,0.0010685907,-1.7332421e-14,-1.7332421e-14,0.9411341,0.9411341,-1.094538e-12,-1.094538e-12,0.34906215,0.34906215,-5.4833401e-13,-5.4833401e-13,-8.4268801e-16,-8.4268801e-16,0.00069989319,0.00069989319,6.1012457e-17,6.1012457e-17,-3.3161711e-15,-3.3161711e-15,-7.9174748e-15,-7.9174748e-15,7.9174748e-15,7.9174748e-15,1.2659796e-17,1.2659796e-17,6.2803044e-18,6.2803044e-18,-0.013527595,-0.013527595,-6.119854e-17,-6.119854e-17,-1.6158815e-17,-1.6158815e-17,7.1407829e-19,7.1407829e-19,6.9836238e-06,6.9836238e-06,1.7949912e-29,1.7949912e-29
1.6236802e-14,1.6236802e-14,-4.9995422e-16,-4.9995422e-16,1.5736848e-14,1.5736848e-14,1.6889281e-14,1.6889281e-14,6.5247845e-16,6.5247845e-16,-0.009437687,-0.009437687,-0.00010549675,-0.00010549675,-0.0094326542,-0.0094326542,-0.00010549675,-0.00010549675,-3.7145922e-16,-3.7145922e-16,2.4115125e-16,2.4115125e-16,0.00070331165,0.00070331165,-1.722062e-14,-1.722062e-14,8.2874059e-15,8.2874059e-15,4.1479665e-15,4.1479665e-15,-7.8236195e-16,-7.8236195e-16,-0.0005978149,-0.0005978149,-0.00010549675,-0.00010549675,-0.0005978149,-0.0005978149,-0.00010549675,-0.00010549675,2.4570523e-16,2.4570523e-16,2.5921214e-16,2.5921214e-16,-0.00070331165,-0.00070331165,4.924453e-16,4.924453e-16,0.012147904,0.012147904,-1.0914245e-14,-1.0914245e-14,0.0005978149,0.0005978149,0.00010549675,0.00010549675,0.0005978149,0.0005978149,0.00010549675,0.00010549675,0.00070331165,0.00070331165,-1.7101513e-14,-1.7101513e-14,4.1926098e-16,4.1926098e-16,7.3704064e-16,7.3704064e-16,-0.00010549675,-0.00010549675,3.4184579e-06,3.4184579e-06,-4.0785796e-16,-4.0785796e-16,2.9056892e-06,2.9056892e-06,5.1276868e-07,5.1276868e-07,0.001041739,0.001041739,-1.7439983e-14,-1.7439983e-14,0.92510769,0.92510769,-1.1011982e-12,-1.1011982e-12,0.34867571,0.34867571,-5.5159178e-13,-5.5159178e-13,-8.6485117e-16,-8.6485117e-16,0.00070331165,0.00070331165,5.3911939e-17,5.3911939e-17,-3.3449312e-15,-3.3449312e-15,-8.1953941e-15,-8.1953941e-15,8.1953941e-15,8.1953941e-15,1.2576256e-17,1.2576256e-17,6.1904655e-18,6.1904655e-18,-0.012851216,-0.012851216,-6.1083711e-17,-6.1083711e-17,-1.7518331e-17,-1.7518331e-17,7.0142203e-19,7.0142203e-19,6.9201505e-06,6.9201505e-06,1.6207178e-29,1.6207178e-29
1.6337835e-14,1.6337835e-14,-4.7977726e-16,-4.7977726e-16,1.5858057e-14,1.5858057e-14,1.7031689e-14,1.7031689e-14,6.9385418e-16,6.9385418e-16,-0.0089707076,-0.0089707076,-0.000105966,-0.000105966,-0.0089657212,-0.0089657212,-0.000105966,-0.000105966,-3.5377144e-16,-3.5377144e-16,2.3691459e-16,2.3691459e-16,0.00070644,0.00070644,-1.7333421e-14,-1.7333421e-14,7.9175751e-15,7.9175751e-15,3.962669e-15,3.962669e-15,-7.4422742e-16,-7.4422742e-16,-0.000600474,-0.000600474,-0.000105966,-0.000105966,-0.000600474,-0.000600474,-0.000105966,-0.000105966,2.4429795e-16,2.4429795e-16,2.3579277e-16,2.3579277e-16,-0.00070644,-0.00070644,4.6859251e-16,4.6859251e-16,0.011502215,0.011502215,-1.0393442e-14,-1.0393442e-14,0.000600474,0.000600474,0.000105966,0.000105966,0.000600474,0.000600474,0.000105966,0.000105966,0.00070644,0.00070644,-1.7223114e-14,-1.7223114e-14,3.9161382e-16,3.9161382e-16,7.0971874e-16,7.0971874e-16,-0.000105966,-0.000105966,3.128357e-06,3.128357e-06,-3.8754082e-16,-3.8754082e-16,2.6591034e-06,2.6591034e-06,4.6925355e-07,4.6925355e-07,0.0010161473,0.0010161473,-1.7542269e-14,-1.7542269e-14,0.90978633,0.90978633,-1.107532e-12,-1.107532e-12,0.34825564,0.34825564,-5.5469019e-13,-5.5469019e-13,-8.8541271e-16,-8.8541271e-16,0.00070644,0.00070644,4.7156416e-17,4.7156416e-17,-3.3722744e-15,-3.3722744e-15,-8.4748428e-15,-8.4748428e-15,8.4748428e-15,8.4748428e-15,1.2486742e-17,1.2486742e-17,6.1025414e-18,6.1025414e-18,-0.012208655,-0.012208655,-6.0944289e-17,-6.0944289e-17,-1.8820741e-17,-1.8820741e-17,6.8909938e-19,6.8909938e-19,6.8562778e-06,6.8562778e-06,1.4633484e-29,1.4633484e-29
1.6433978e-14,1.6433978e-14,-4.6005351e-16,-4.6005351e-16,1.5973924e-14,1.5973924e-14,1.7166992e-14,1.7166992e-14,7.3301457e-16,7.3301457e-16,-0.00852706,-0.00852706,-0.00010639397,-0.00010639397,-0.0085221203,-0.0085221203,-0.00010639397,-0.00010639397,-3.366386e-16,-3.366386e-16,2.3279503e-16,2.3279503e-16,0.00070929313,0.00070929313,-1.7440688e-14,-1.7440688e-14,7.5663702e-15,7.5663702e-15,3.7867815e-15,3.7867815e-15,-7.0799519e-16,-7.0799519e-16,-0.00060289916,-0.00060289916,-0.00010639397,-0.00010639397,-0.00060289916,-0.00060289916,-0.00010639397,-0.00010639397,2.4288856e-16,2.4288856e-16,2.1361835e-16,2.1361835e-16,-0.00070929313,-0.00070929313,4.4593279e-16,4.4593279e-16,0.010888929,0.010888929,-9.8985775e-15,-9.8985775e-15,0.00060289916,0.00060289916,0.00010639397,0.00010639397,0.00060289916,0.00060289916,0.00010639397,0.00010639397,0.00070929313,0.00070929313,-1.7338731e-14,-1.7338731e-14,3.6472561e-16,3.6472561e-16,6.8283053e-16,6.8283053e-16,-0.00010639397,-0.00010639397,2.8531309e-06,2.8531309e-06,-3.6823838e-16,-3.6823838e-16,2.4251612e-06,2.4251612e-06,4.2796963e-07,4.2796963e-07,0.00099175309,0.00099175309,-1.7639542e-14,-1.7639542e-14,0.89513507,0.89513507,-1.1135559e-12,-1.1135559e-12,0.34780378,0.34780378,-5.5763718e-13,-5.5763718e-13,-9.0477193e-16,-9.0477193e-16,0.00070929313,0.00070929313,4.0722191e-17,4.0722191e-17,-3.3982716e-15,-3.3982716e-15,-8.7557385e-15,-8.7557385e-15,8.7557385e-15,8.7557385e-15,1.2391776e-17,1.2391776e-17,6.0166325e-18,6.0166325e-18,-0.011598222,-0.011598222,-6.0782659e-17,-6.0782659e-17,-2.0067107e-17,-2.0067107e-17,6.7711734e-19,6.7711734e-19,6.7921474e-06,6.7921474e-06,1.3212505e-29,1.3212505e-29
1.6526454e-14,1.6526454e-14,-4.4200799e-16,-4.4200799e-16,1.6084446e-14,1.6084446e-14,1.7295547e-14,1.7295547e-14,7.6909324e-16,7.6909324e-16,-0.0081055778,-0.0081055778,-0.00010678278,-0.00010678278,-0.0081006848,-0.0081006848,-0.00010678278,-0.00010678278,-3.2087605e-16,-3.2087605e-16,2.2879407e-16,2.2879407e-16,0.00071188517,0.00071188517,-1.7542696e-14,-1.7542696e-14,7.2321682e-15,7.2321682e-15,3.619039e-15,3.619039e-15,-6.7357028e-16,-6.7357028e-16,-0.00060510239,-0.00060510239,-0.00010678278,-0.00010678278,-0.00060510239,-0.00060510239,-0.00010678278,-0.00010678278,2.4147623e-16,2.4147623e-16,1.9262538e-16,1.9262538e-16,-0.00071188517,-0.00071188517,4.2440429e-16,4.2440429e-16,0.010306426,0.010306426,-9.4283657e-15,-9.4283657e-15,0.00060510239,0.00060510239,0.00010678278,0.00010678278,0.00060510239,0.00060510239,0.00010678278,0.00010678278,0.00071188517,0.00071188517,-1.7448663e-14,-1.7448663e-14,3.3989738e-16,3.3989738e-16,6.580023e-16,6.580023e-16,-0.00010678278,-0.00010678278,2.5920346e-06,2.5920346e-06,-3.499e-16,-3.499e-16,2.2032295e-06,2.2032295e-06,3.888052e-07,3.888052e-07,0.0009684966,0.0009684966,-1.7732052e-14,-1.7732052e-14,0.88112069,0.88112069,-1.1192851e-12,-1.1192851e-12,0.3473219,0.3473219,-5.6044028e-13,-5.6044028e-13,-9.2222177e-16,-9.2222177e-16,0.00071188517,0.00071188517,3.466618e-17,3.466618e-17,-3.4229904e-15,-3.4229904e-15,-9.0380022e-15,-9.0380022e-15,9.0380022e-15,9.0380022e-15,1.2291853e-17,1.2291853e-17,5.9328147e-18,5.9328147e-18,-0.011018311,-0.011018311,-6.0601027e-17,-6.0601027e-17,-2.125862e-17,-2.125862e-17,6.6548023e-19,6.6548023e-19,6.7278843e-06,6.7278843e-06,1.1929474e-29,1.1929474e-29
1.6614438e-14,1.6614438e-14,-4.242932e-16,-4.242932e-16,1.6190145e-14,1.6190145e-14,1.7417691e-14,1.7417691e-14,8.0325262e-16,8.0325262e-16,-0.0077051529,-0.0077051529,-0.00010713443,-0.00010713443,-0.0077003067,-0.0077003067,-0.00010713443,-0.00010713443,-3.0561774e-16,-3.0561774e-16,2.2491239e-16,2.2491239e-16,0.00071422953,0.00071422953,-1.7639706e-14,-1.7639706e-14,6.9147844e-15,6.9147844e-15,3.4602415e-15,3.4602415e-15,-6.4086243e-16,-6.4086243e-16,-0.0006070951,-0.0006070951,-0.00010713443,-0.00010713443,-0.0006070951,-0.0006070951,-0.00010713443,-0.00010713443,2.4006018e-16,2.4006018e-16,1.7275369e-16,1.7275369e-16,-0.00071422953,-0.00071422953,4.0394844e-16,4.0394844e-16,0.0097531659,0.0097531659,-8.9815835e-15,-8.9815835e-15,0.0006070951,0.0006070951,0.00010713443,0.00010713443,0.0006070951,0.0006070951,0.00010713443,0.00010713443,0.00071422953,0.00071422953,-1.7553192e-14,-1.7553192e-14,3.1571967e-16,3.1571967e-16,6.3393301e-16,6.3393301e-16,-0.00010713443,-0.00010713443,2.3443607e-06,2.3443607e-06,-3.3247754e-16,-3.3247754e-16,1.9927066e-06,1.9927066e-06,3.5165411e-07,3.5165411e-07,0.00094632124,0.00094632124,-1.7820035e-14,-1.7820035e-14,0.86771165,0.86771165,-1.1247344e-12,-1.1247344e-12,0.34681165,0.34681165,-5.6310665e-13,-5.6310665e-13,-9.3887018e-16,-9.3887018e-16,0.00071422953,0.00071422953,2.8850654e-17,2.8850654e-17,-3.4464948e-15,-3.4464948e-15,-9.321558e-15,-9.321558e-15,9.321558e-15,9.321558e-15,1.2187435e-17,1.2187435e-17,5.8511427e-18,5.8511427e-18,-0.010467395,-0.010467395,-6.0401438e-17,-6.0401438e-17,-2.2396574e-17,-2.2396574e-17,6.5419005e-19,6.5419005e-19,6.663598e-06,6.663598e-06,1.0771037e-29,1.0771037e-29
1.6698655e-14,1.6698655e-14,-4.0756013e-16,-4.0756013e-16,1.6291094e-14,1.6291094e-14,1.7533743e-14,1.7533743e-14,8.3508876e-16,8.3508876e-16,-0.0073247326,-0.0073247326,-0.00010745085,-0.00010745085,-0.007319933,-0.007319933,-0.00010745085,-0.00010745085,-2.9113713e-16,-2.9113713e-16,2.2114997e-16,2.2114997e-16,0.00071633897,0.00071633897,-1.7731968e-14,-1.7731968e-14,6.6129732e-15,6.6129732e-15,3.3088054e-15,3.3088054e-15,-6.0978588e-16,-6.0978588e-16,-0.00060888812,-0.00060888812,-0.00010745085,-0.00010745085,-0.00060888812,-0.00060888812,-0.00010745085,-0.00010745085,2.3863971e-16,2.3863971e-16,1.5394619e-16,1.5394619e-16,-0.00071633897,-0.00071633897,3.8450968e-16,3.8450968e-16,0.0092276867,0.0092276867,-8.5570666e-15,-8.5570666e-15,0.00060888812,0.00060888812,0.00010745085,0.00010745085,0.00060888812,0.00060888812,0.00010745085,0.00010745085,0.00071633897,0.00071633897,-1.7652587e-14,-1.7652587e-14,2.9327669e-16,2.9327669e-16,6.1116476e-16,6.1116476e-16,-0.00010745085,-0.00010745085,2.1094368e-06,2.1094368e-06,-3.1592526e-16,-3.1592526e-16,1.7930213e-06,1.7930213e-06,3.1641552e-07,3.1641552e-07,0.00092517321,0.00092517321,-1.7903718e-14,-1.7903718e-14,0.85487798,0.85487798,-1.1299178e-12,-1.1299178e-12,0.34627462,0.34627462,-5.6564311e-13,-5.6564311e-13,-9.5404472e-16,-9.5404472e-16,0.00071633897,0.00071633897,2.3347894e-17,2.3347894e-17,-3.4688458e-15,-3.4688458e-15,-9.6063332e-15,-9.6063332e-15,9.6063332e-15,9.6063332e-15,1.2078958e-17,1.2078958e-17,5.7716527e-18,5.7716527e-18,-0.0099440257,-0.0099440257,-6.0185783e-17,-6.0185783e-17,-2.3482345e-17,-2.3482345e-17,6.4324677e-19,6.4324677e-19,6.5993849e-06,6.5993849e-06,9.7251224e-30,9.7251224e-30
1.6779082e-14,1.6779082e-14,-3.9151067e-16,-3.9151067e-16,1.6387571e-14,1.6387571e-14,1.764401e-14,1.764401e-14,8.6492857e-16,8.6492857e-16,-0.0069633166,-0.0069633166,-0.00010773384,-0.00010773384,-0.0069585636,-0.0069585636,-0.00010773384,-0.00010773384,-2.7733138e-16,-2.7733138e-16,2.1750624e-16,2.1750624e-16,0.00071822559,0.00071822559,-1.7819717e-14,-1.7819717e-14,6.3263916e-15,6.3263916e-15,3.1653294e-15,3.1653294e-15,-5.8025917e-16,-5.8025917e-16,-0.00061049175,-0.00061049175,-0.00010773384,-0.00010773384,-0.00061049175,-0.00061049175,-0.00010773384,-0.00010773384,2.3721418e-16,2.3721418e-16,1.3614874e-16,1.3614874e-16,-0.00071822559,-0.00071822559,3.6603537e-16,3.6603537e-16,0.0087285988,0.0087285988,-8.1537075e-15,-8.1537075e-15,0.00061049175,0.00061049175,0.00010773384,0.00010773384,0.00061049175,0.00061049175,0.00010773384,0.00010773384,0.00071822559,0.00071822559,-1.7747106e-14,-1.7747106e-14,2.7148422e-16,2.7148422e-16,5.8926388e-16,5.8926388e-16,-0.00010773384,-0.00010773384,1.8866243e-06,1.8866243e-06,-3.001997e-16,-3.001997e-16,1.6036306e-06,1.6036306e-06,2.8299364e-07,2.8299364e-07,0.00090500139,0.00090500139,-1.7983314e-14,-1.7983314e-14,0.84259121,0.84259121,-1.1348484e-12,-1.1348484e-12,0.34571231,0.34571231,-5.6805613e-13,-5.6805613e-13,-9.6813174e-16,-9.6813174e-16,0.00071822559,0.00071822559,1.8094612e-17,1.8094612e-17,-3.490101e-15,-3.490101e-15,-9.8922579e-15,-9.8922579e-15,9.8922579e-15,9.8922579e-15,1.1966832e-17,1.1966832e-17,5.6943651e-18,5.6943651e-18,-0.0094468244,-0.0094468244,-5.9955808e-17,-5.9955808e-17,-2.4517375e-17,-2.4517375e-17,6.3264866e-19,6.3264866e-19,6.5353291e-06,6.5353291e-06,8.7808195e-30,8.7808195e-30
1.6856041e-14,1.6856041e-14,-3.7642142e-16,-3.7642142e-16,1.6479619e-14,1.6479619e-14,1.7748781e-14,1.7748781e-14,8.9273968e-16,8.9273968e-16,-0.0066199549,-0.0066199549,-0.00010798514,-0.00010798514,-0.0066152483,-0.0066152483,-0.00010798514,-0.00010798514,-2.6437374e-16,-2.6437374e-16,2.1398008e-16,2.1398008e-16,0.00071990091,0.00071990091,-1.7903179e-14,-1.7903179e-14,6.0537591e-15,6.0537591e-15,3.0286961e-15,3.0286961e-15,-5.5220487e-16,-5.5220487e-16,-0.00061191577,-0.00061191577,-0.00010798514,-0.00010798514,-0.00061191577,-0.00061191577,-0.00010798514,-0.00010798514,2.35783e-16,2.35783e-16,1.1930998e-16,1.1930998e-16,-0.00071990091,-0.00071990091,3.484756e-16,3.484756e-16,0.0082545823,0.0082545823,-7.7704528e-15,-7.7704528e-15,0.00061191577,0.00061191577,0.00010798514,0.00010798514,0.00061191577,0.00061191577,0.00010798514,0.00010798514,0.00071990091,0.00071990091,-1.7836989e-14,-1.7836989e-14,2.5131806e-16,2.5131806e-16,5.6877246e-16,5.6877246e-16,-0.00010798514,-0.00010798514,1.6753164e-06,1.6753164e-06,-2.8525958e-16,-2.8525958e-16,1.424019e-06,1.424019e-06,2.5129746e-07,2.5129746e-07,0.00088575723,0.00088575723,-1.8059027e-14,-1.8059027e-14,0.83082428,0.83082428,-1.1395389e-12,-1.1395389e-12,0.34512614,0.34512614,-5.7035185e-13,-5.7035185e-13,-9.8083562e-16,-9.8083562e-16,0.00071990091,0.00071990091,1.3164218e-17,1.3164218e-17,-3.5103156e-15,-3.5103156e-15,-1.0179265e-14,-1.0179265e-14,1.0179265e-14,1.0179265e-14,1.1851438e-17,1.1851438e-17,5.6192863e-18,5.6192863e-18,-0.0089744832,-0.0089744832,-5.9713127e-17,-5.9713127e-17,-2.5503149e-17,-2.5503149e-17,6.2239254e-19,6.2239254e-19,6.4715041e-06,6.4715041e-06,7.9282696e-30,7.9282696e-30
1.6929595e-14,1.6929595e-14,-3.6156446e-16,-3.6156446e-16,1.6568031e-14,1.6568031e-14,1.7848329e-14,1.7848329e-14,9.1873404e-16,9.1873404e-16,-0.0062937449,-0.0062937449,-0.00010820638,-0.00010820638,-0.0062890845,-0.0062890845,-0.00010820638,-0.00010820638,-2.5173979e-16,-2.5173979e-16,2.1056998e-16,2.1056998e-16,0.00072137584,0.00072137584,-1.7982567e-14,-1.7982567e-14,5.7950344e-15,5.7950344e-15,2.8992247e-15,2.8992247e-15,-5.2554944e-16,-5.2554944e-16,-0.00061316947,-0.00061316947,-0.00010820638,-0.00010820638,-0.00061316947,-0.00061316947,-0.00010820638,-0.00010820638,2.3434562e-16,2.3434562e-16,1.033812e-16,1.033812e-16,-0.00072137584,-0.00072137584,3.3178305e-16,3.3178305e-16,0.0078043832,0.0078043832,-7.4063007e-15,-7.4063007e-15,0.00061316947,0.00061316947,0.00010820638,0.00010820638,0.00061316947,0.00061316947,0.00010820638,0.00010820638,0.00072137584,0.00072137584,-1.7922469e-14,-1.7922469e-14,2.3180242e-16,2.3180242e-16,5.4871472e-16,5.4871472e-16,-0.00010820638,-0.00010820638,1.4749369e-06,1.4749369e-06,-2.7106567e-16,-2.7106567e-16,1.2536964e-06,1.2536964e-06,2.2124053e-07,2.2124053e-07,0.0008673946,0.0008673946,-1.813105e-14,-1.813105e-14,0.81955149,0.81955149,-1.1440012e-12,-1.1440012e-12,0.34451747,0.34451747,-5.7253611e-13,-5.7253611e-13,-9.9275796e-16,-9.9275796e-16,0.00072137584,0.00072137584,8.4184386e-18,8.4184386e-18,-3.5295416e-15,-3.5295416e-15,-1.046729e-14,-1.046729e-14,1.046729e-14,1.046729e-14,1.1733138e-17,1.1733138e-17,5.546411e-18,5.546411e-18,-0.008525759,-0.008525759,-5.945923e-17,-5.945923e-17,-2.6441188e-17,-2.6441188e-17,6.1247399e-19,6.1247399e-19,6.4079736e-06,6.4079736e-06,7.1585661e-30,7.1585661e-30
1.7000243e-14,1.7000243e-14,-3.4785265e-16,-3.4785265e-16,1.665239e-14,1.665239e-14,1.7942917e-14,1.7942917e-14,9.4267419e-16,9.4267419e-16,-0.005983829,-0.005983829,-0.00010839912,-0.00010839912,-0.0059792146,-0.0059792146,-0.00010839912,-0.00010839912,-2.4005238e-16,-2.4005238e-16,2.0727407e-16,2.0727407e-16,0.00072266078,0.00072266078,-1.8058084e-14,-1.8058084e-14,5.5487364e-15,5.5487364e-15,2.7757769e-15,2.7757769e-15,-5.00223e-16,-5.00223e-16,-0.00061426167,-0.00061426167,-0.00010839912,-0.00010839912,-0.00061426167,-0.00061426167,-0.00010839912,-0.00010839912,2.3290158e-16,2.3290158e-16,8.8316206e-17,8.8316206e-17,-0.00072266078,-0.00072266078,3.1591286e-16,3.1591286e-16,0.0073768103,0.0073768103,-7.060299e-15,-7.060299e-15,0.00061426167,0.00061426167,0.00010839912,0.00010839912,0.00061426167,0.00061426167,0.00010839912,0.00010839912,0.00072266078,0.00072266078,-1.8003765e-14,-1.8003765e-14,2.1347941e-16,2.1347941e-16,5.298496e-16,5.298496e-16,-0.00010839912,-0.00010839912,1.2849381e-06,1.2849381e-06,-2.575807e-16,-2.575807e-16,1.0921974e-06,1.0921974e-06,1.9274072e-07,1.9274072e-07,0.00084986966,0.00084986966,-1.8199568e-14,-1.8199568e-14,0.80874844,0.80874844,-1.1482467e-12,-1.1482467e-12,0.34388758,0.34388758,-5.7461447e-13,-5.7461447e-13,-1.0034028e-15,-1.0034028e-15,0.00072266078,0.00072266078,3.9767644e-18,3.9767644e-18,-3.5478285e-15,-3.5478285e-15,-1.0756271e-14,-1.0756271e-14,1.0756271e-14,1.0756271e-14,1.1612269e-17,1.1612269e-17,5.4757239e-18,5.4757239e-18,-0.0080994711,-0.0080994711,-5.9195491e-17,-5.9195491e-17,-2.7333033e-17,-2.7333033e-17,6.0288757e-19,6.0288757e-19,6.3447928e-06,6.3447928e-06,6.4636635e-30,6.4636635e-30
1.7067856e-14,1.7067856e-14,-3.347161e-16,-3.347161e-16,1.673314e-14,1.673314e-14,1.8032793e-14,1.8032793e-14,9.6493695e-16,9.6493695e-16,-0.0056893927,-0.0056893927,-0.00010856484,-0.00010856484,-0.005684824,-0.005684824,-0.00010856484,-0.00010856484,-2.2891514e-16,-2.2891514e-16,2.0409019e-16,2.0409019e-16,0.00072376558,0.00072376558,-1.8129922e-14,-1.8129922e-14,5.3145945e-15,5.3145945e-15,2.6584077e-15,2.6584077e-15,-4.7615915e-16,-4.7615915e-16,-0.00061520075,-0.00061520075,-0.00010856484,-0.00010856484,-0.00061520075,-0.00061520075,-0.00010856484,-0.00010856484,2.3145043e-16,2.3145043e-16,7.4071154e-17,7.4071154e-17,-0.00072376558,-0.00072376558,3.0082251e-16,3.0082251e-16,0.0069707319,0.0069707319,-6.7315425e-15,-6.7315425e-15,0.00061520075,0.00061520075,0.00010856484,0.00010856484,0.00061520075,0.00061520075,0.00010856484,0.00010856484,0.00072376558,0.00072376558,-1.8081084e-14,-1.8081084e-14,1.9613217e-16,1.9613217e-16,5.1217711e-16,5.1217711e-16,-0.00010856484,-0.00010856484,1.1048e-06,1.1048e-06,-2.4476924e-16,-2.4476924e-16,9.3907999e-07,9.3907999e-07,1.6572e-07,1.6572e-07,0.00083314078,0.00083314078,-1.8264754e-14,-1.8264754e-14,0.79839192,0.79839192,-1.1522862e-12,-1.1522862e-12,0.3432377,0.3432377,-5.7659219e-13,-5.7659219e-13,-1.0132157e-15,-1.0132157e-15,0.00072376558,0.00072376558,-2.0225691e-19,-2.0225691e-19,-3.5652235e-15,-3.5652235e-15,-1.1046148e-14,-1.1046148e-14,1.1046148e-14,1.1046148e-14,1.1489146e-17,1.1489146e-17,5.407201e-18,5.407201e-18,-0.0076944975,-0.0076944975,-5.8923174e-17,-5.8923174e-17,-2.8180233e-17,-2.8180233e-17,5.9362698e-19,5.9362698e-19,6.2820095e-06,6.2820095e-06,5.8362953e-30,5.8362953e-30
1.7132397e-14,1.7132397e-14,-3.2190627e-16,-3.2190627e-16,1.6810491e-14,1.6810491e-14,1.8118191e-14,1.8118191e-14,9.857935e-16,9.857935e-16,-0.0054096621,-0.0054096621,-0.00010870494,-0.00010870494,-0.0054051387,-0.0054051387,-0.00010870494,-0.00010870494,-2.1810684e-16,-2.1810684e-16,2.0101593e-16,2.0101593e-16,0.00072469961,0.00072469961,-1.8198265e-14,-1.8198265e-14,5.0924568e-15,5.0924568e-15,2.5472745e-15,2.5472745e-15,-4.5329482e-16,-4.5329482e-16,-0.00061599467,-0.00061599467,-0.00010870494,-0.00010870494,-0.00061599467,-0.00061599467,-0.00010870494,-0.00010870494,2.2999178e-16,2.2999178e-16,6.0604459e-17,6.0604459e-17,-0.00072469961,-0.00072469961,2.8647167e-16,2.8647167e-16,0.006585073,0.006585073,-6.4191709e-15,-6.4191709e-15,0.00061599467,0.00061599467,0.00010870494,0.00010870494,0.00061599467,0.00061599467,0.00010870494,0.00010870494,0.00072469961,0.00072469961,-1.8154626e-14,-1.8154626e-14,1.7943546e-16,1.7943546e-16,4.9482987e-16,4.9482987e-16,-0.00010870494,-0.00010870494,9.3402831e-07,9.3402831e-07,-2.3259765e-16,-2.3259765e-16,7.9392406e-07,7.9392406e-07,1.4010425e-07,1.4010425e-07,0.00081716841,0.00081716841,-1.8326775e-14,-1.8326775e-14,0.7884599,0.7884599,-1.1561299e-12,-1.1561299e-12,0.34256898,0.34256898,-5.7847429e-13,-5.7847429e-13,-1.0221051e-15,-1.0221051e-15,0.00072469961,0.00072469961,-4.2962956e-18,-4.2962956e-18,-3.5817712e-15,-3.5817712e-15,-1.1336864e-14,-1.1336864e-14,1.1336864e-14,1.1336864e-14,1.1364067e-17,1.1364067e-17,5.3408113e-18,5.3408113e-18,-0.0073097727,-0.0073097727,-5.8643444e-17,-5.8643444e-17,-2.898434e-17,-2.898434e-17,5.8468524e-19,5.8468524e-19,6.2196644e-06,6.2196644e-06,5.269899e-30,5.269899e-30
1.7194661e-14,1.7194661e-14,-3.1001377e-16,-3.1001377e-16,1.6884647e-14,1.6884647e-14,1.8199336e-14,1.8199336e-14,1.0046748e-15,1.0046748e-15,-0.0051439019,-0.0051439019,-0.00010882076,-0.00010882076,-0.0051394235,-0.0051394235,-0.00010882076,-0.00010882076,-2.0801681e-16,-2.0801681e-16,1.9804869e-16,1.9804869e-16,0.00072547176,0.00072547176,-1.8263287e-14,-1.8263287e-14,4.8810252e-15,4.8810252e-15,2.4413731e-15,2.4413731e-15,-4.3157007e-16,-4.3157007e-16,-0.000616651,-0.000616651,-0.00010882076,-0.00010882076,-0.000616651,-0.000616651,-0.00010882076,-0.00010882076,2.285253e-16,2.285253e-16,4.7876662e-17,4.7876662e-17,-0.00072547176,-0.00072547176,2.7282211e-16,2.7282211e-16,0.0062188123,0.0062188123,-6.1223665e-15,-6.1223665e-15,0.000616651,0.000616651,0.00010882076,0.00010882076,0.000616651,0.000616651,0.00010882076,0.00010882076,0.00072547176,0.00072547176,-1.8224578e-14,-1.8224578e-14,1.6393137e-16,1.6393137e-16,4.7835e-16,4.7835e-16,-0.00010882076,-0.00010882076,7.7215365e-07,7.7215365e-07,-2.2103397e-16,-2.2103397e-16,6.5633061e-07,6.5633061e-07,1.1582305e-07,1.1582305e-07,0.00080191498,0.00080191498,-1.8385788e-14,-1.8385788e-14,0.77893144,0.77893144,-1.1597875e-12,-1.1597875e-12,0.34188253,0.34188253,-5.8026552e-13,-5.8026552e-13,-1.0299001e-15,-1.0299001e-15,0.00072547176,0.00072547176,-8.0657363e-18,-8.0657363e-18,-3.597514e-15,-3.597514e-15,-1.1628364e-14,-1.1628364e-14,1.1628364e-14,1.1628364e-14,1.1237306e-17,1.1237306e-17,5.2765178e-18,5.2765178e-18,-0.006944284,-0.006944284,-5.8357371e-17,-5.8357371e-17,-2.9746896e-17,-2.9746896e-17,5.7605477e-19,5.7605477e-19,6.1577924e-06,6.1577924e-06,4.7585485e-30,4.7585485e-30
1.7254456e-14,1.7254456e-14,-2.9876537e-16,-2.9876537e-16,1.6955691e-14,1.6955691e-14,1.827644e-14,1.827644e-14,1.0219833e-15,1.0219833e-15,-0.0048914138,-0.0048914138,-0.00010891357,-0.00010891357,-0.0048869801,-0.0048869801,-0.00010891357,-0.00010891357,-1.9856243e-16,-1.9856243e-16,1.9518573e-16,1.9518573e-16,0.00072609049,0.00072609049,-1.8325153e-14,-1.8325153e-14,4.6796309e-15,4.6796309e-15,2.3405305e-15,2.3405305e-15,-4.1092798e-16,-4.1092798e-16,-0.00061717692,-0.00061717692,-0.00010891357,-0.00010891357,-0.00061717692,-0.00061717692,-0.00010891357,-0.00010891357,2.2705066e-16,2.2705066e-16,3.5850323e-17,3.5850323e-17,-0.00072609049,-0.00072609049,2.5983758e-16,2.5983758e-16,0.0058709793,0.0058709793,-5.8403525e-15,-5.8403525e-15,0.00061717692,0.00061717692,0.00010891357,0.00010891357,0.00061717692,0.00061717692,0.00010891357,0.00010891357,0.00072609049,0.00072609049,-1.8291119e-14,-1.8291119e-14,1.4918622e-16,1.4918622e-16,4.6295433e-16,4.6295433e-16,-0.00010891357,-0.00010891357,6.1873006e-07,6.1873006e-07,-2.1004782e-16,-2.1004782e-16,5.2592055e-07,5.2592055e-07,9.2809509e-08,9.2809509e-08,0.00078734477,0.00078734477,-1.8441942e-14,-1.8441942e-14,0.76978666,0.76978666,-1.1632684e-12,-1.1632684e-12,0.34117939,0.34117939,-5.8197041e-13,-5.8197041e-13,-1.0365355e-15,-1.0365355e-15,0.00072609049,0.00072609049,-1.1600848e-17,-1.1600848e-17,-3.6124924e-15,-3.6124924e-15,-1.1920594e-14,-1.1920594e-14,1.1920594e-14,1.1920594e-14,1.1109125e-17,1.1109125e-17,5.2142784e-18,5.2142784e-18,-0.0065970698,-0.0065970698,-5.8065938e-17,-5.8065938e-17,-3.0469431e-17,-3.0469431e-17,5.677276e-19,5.677276e-19,6.096423e-06,6.096423e-06,4.2968928e-30,4.2968928e-30
1.7311623e-14,1.7311623e-14,-2.8781845e-16,-2.8781845e-16,1.7023805e-14,1.7023805e-14,1.8349705e-14,1.8349705e-14,1.0380812e-15,1.0380812e-15,-0.0046515342,-0.0046515342,-0.00010898457,-0.00010898457,-0.0046471447,-0.0046471447,-0.00010898457,-0.00010898457,-1.8940763e-16,-1.8940763e-16,1.9242417e-16,1.9242417e-16,0.00072656383,0.00072656383,-1.838402e-14,-1.838402e-14,4.4887166e-15,4.4887166e-15,2.2448042e-15,2.2448042e-15,-3.9131443e-16,-3.9131443e-16,-0.00061757925,-0.00061757925,-0.00010898457,-0.00010898457,-0.00061757925,-0.00061757925,-0.00010898457,-0.00010898457,2.2556761e-16,2.2556761e-16,2.4489918e-17,2.4489918e-17,-0.00072656383,-0.00072656383,2.4748369e-16,2.4748369e-16,0.0055406525,0.0055406525,-5.5723904e-15,-5.5723904e-15,0.00061757925,0.00061757925,0.00010898457,0.00010898457,0.00061757925,0.00061757925,0.00010898457,0.00010898457,0.00072656383,0.00072656383,-1.8354419e-14,-1.8354419e-14,1.3541685e-16,1.3541685e-16,4.483176e-16,4.483176e-16,-0.00010898457,-0.00010898457,4.7333386e-07,4.7333386e-07,-1.9961034e-16,-1.9961034e-16,4.0233378e-07,4.0233378e-07,7.100008e-08,7.100008e-08,0.00077342388,0.00077342388,-1.8495381e-14,-1.8495381e-14,0.76100666,0.76100666,-1.1665814e-12,-1.1665814e-12,0.34046055,0.34046055,-5.8359326e-13,-5.8359326e-13,-1.0427754e-15,-1.0427754e-15,0.00072656383,0.00072656383,-1.4984002e-17,-1.4984002e-17,-3.6267446e-15,-3.6267446e-15,-1.2213503e-14,-1.2213503e-14,1.2213503e-14,1.2213503e-14,1.0979764e-17,1.0979764e-17,5.1540473e-18,5.1540473e-18,-0.0062672163,-0.0062672163,-5.7770047e-17,-5.7770047e-17,-3.1153456e-17,-3.1153456e-17,5.5969538e-19,5.5969538e-19,6.0355807e-06,6.0355807e-06,3.8801003e-30,3.8801003e-30
1.7366373e-14,1.7366373e-14,-2.7721132e-16,-2.7721132e-16,1.7089162e-14,1.7089162e-14,1.8419322e-14,1.8419322e-14,1.0529491e-15,1.0529491e-15,-0.0044236328,-0.0044236328,-0.00010903491,-0.00010903491,-0.0044192871,-0.0044192871,-0.00010903491,-0.00010903491,-1.805065e-16,-1.805065e-16,1.8976107e-16,1.8976107e-16,0.00072689939,0.00072689939,-1.8440037e-14,-1.8440037e-14,4.3073079e-15,4.3073079e-15,2.1541222e-15,2.1541222e-15,-3.7267805e-16,-3.7267805e-16,-0.00061786448,-0.00061786448,-0.00010903491,-0.00010903491,-0.00061786448,-0.00061786448,-0.00010903491,-0.00010903491,2.2407592e-16,2.2407592e-16,1.3761732e-17,1.3761732e-17,-0.00072689939,-0.00072689939,2.3572785e-16,2.3572785e-16,0.0052269561,0.0052269561,-5.3177789e-15,-5.3177789e-15,0.00061786448,0.00061786448,0.00010903491,0.00010903491,0.00061786448,0.00061786448,0.00010903491,0.00010903491,0.00072689939,0.00072689939,-1.8414639e-14,-1.8414639e-14,1.2186432e-16,1.2186432e-16,4.3400613e-16,4.3400613e-16,-0.00010903491,-0.00010903491,3.355626e-07,3.355626e-07,-1.8969411e-16,-1.8969411e-16,2.8522821e-07,2.8522821e-07,5.0334389e-08,5.0334389e-08,0.00076012009,0.00076012009,-1.8546239e-14,-1.8546239e-14,0.75257348,0.75257348,-1.1697347e-12,-1.1697347e-12,0.33972696,0.33972696,-5.8513814e-13,-5.8513814e-13,-1.0482447e-15,-1.0482447e-15,0.00072689939,0.00072689939,-1.8242965e-17,-1.8242965e-17,-3.6403069e-15,-3.6403069e-15,-1.2507043e-14,-1.2507043e-14,1.2507043e-14,1.2507043e-14,1.0849451e-17,1.0849451e-17,5.0957753e-18,5.0957753e-18,-0.0059538555,-0.0059538555,-5.7470524e-17,-5.7470524e-17,-3.1800455e-17,-3.1800455e-17,5.5194952e-19,5.5194952e-19,5.9752862e-06,5.9752862e-06,3.5038089e-30,3.5038089e-30
1.7419111e-14,1.7419111e-14,-2.6729387e-16,-2.6729387e-16,1.7151817e-14,1.7151817e-14,1.8485475e-14,1.8485475e-14,1.0663635e-15,1.0663635e-15,-0.0042071107,-0.0042071107,-0.00010906566,-0.00010906566,-0.0042028084,-0.0042028084,-0.00010906566,-0.00010906566,-1.7232175e-16,-1.7232175e-16,1.8719342e-16,1.8719342e-16,0.00072710443,0.00072710443,-1.8493347e-14,-1.8493347e-14,4.134664e-15,4.134664e-15,2.0675494e-15,2.0675494e-15,-3.5496999e-16,-3.5496999e-16,-0.00061803876,-0.00061803876,-0.00010906566,-0.00010906566,-0.00061803876,-0.00061803876,-0.00010906566,-0.00010906566,2.2257538e-16,2.2257538e-16,3.6337751e-18,3.6337751e-18,-0.00072710443,-0.00072710443,2.2453916e-16,2.2453916e-16,0.0049290583,0.0049290583,-5.0758512e-15,-5.0758512e-15,0.00061803876,0.00061803876,0.00010906566,0.00010906566,0.00061803876,0.00061803876,0.00010906566,0.00010906566,0.00072710443,0.00072710443,-1.8471932e-14,-1.8471932e-14,1.0928758e-16,1.0928758e-16,4.2056202e-16,4.2056202e-16,-0.00010906566,-0.00010906566,2.050339e-07,2.050339e-07,-1.802731e-16,-1.802731e-16,1.7427882e-07,1.7427882e-07,3.0755085e-08,3.0755085e-08,0.00074740278,0.00074740278,-1.8594645e-14,-1.8594645e-14,0.74447007,0.74447007,-1.1727364e-12,-1.1727364e-12,0.3389795,0.3389795,-5.8660894e-13,-5.8660894e-13,-1.0527995e-15,-1.0527995e-15,0.00072710443,0.00072710443,-2.128889e-17,-2.128889e-17,-3.653214e-15,-3.653214e-15,-1.2801166e-14,-1.2801166e-14,1.2801166e-14,1.2801166e-14,1.0718395e-17,1.0718395e-17,5.0394107e-18,5.0394107e-18,-0.0056561627,-0.0056561627,-5.7168125e-17,-5.7168125e-17,-3.2411887e-17,-3.2411887e-17,5.4448128e-19,5.4448128e-19,5.9155563e-06,5.9155563e-06,3.1640801e-30,3.1640801e-30
1.7469912e-14,1.7469912e-14,-2.5798512e-16,-2.5798512e-16,1.7211927e-14,1.7211927e-14,1.8548335e-14,1.8548335e-14,1.0784226e-15,1.0784226e-15,-0.004001399,-0.004001399,-0.00010907787,-0.00010907787,-0.0039971398,-0.0039971398,-0.00010907787,-0.00010907787,-1.6452504e-16,-1.6452504e-16,1.8471817e-16,1.8471817e-16,0.00072718581,0.00072718581,-1.8544083e-14,-1.8544083e-14,3.9704596e-15,3.9704596e-15,1.9854214e-15,1.9854214e-15,-3.3814389e-16,-3.3814389e-16,-0.00061810794,-0.00061810794,-0.00010907787,-0.00010907787,-0.00061810794,-0.00061810794,-0.00010907787,-0.00010907787,2.2106583e-16,2.2106583e-16,-5.9243162e-18,-5.9243162e-18,-0.00072718581,-0.00072718581,2.138883e-16,2.138883e-16,0.0046461688,0.0046461688,-4.8459741e-15,-4.8459741e-15,0.00061810794,0.00061810794,0.00010907787,0.00010907787,0.00061810794,0.00061810794,0.00010907787,0.00010907787,0.00072718581,0.00072718581,-1.8526445e-14,-1.8526445e-14,9.7686616e-17,9.7686616e-17,4.0776844e-16,4.0776844e-16,-0.00010907787,-0.00010907787,8.138456e-08,8.138456e-08,-1.7132255e-16,-1.7132255e-16,6.9176876e-08,6.9176876e-08,1.2207684e-08,1.2207684e-08,0.00073524288,0.00073524288,-1.864072e-14,-1.864072e-14,0.73668023,0.73668023,-1.1755939e-12,-1.1755939e-12,0.33821904,0.33821904,-5.8800934e-13,-5.8800934e-13,-1.0564022e-15,-1.0564022e-15,0.00072718581,0.00072718581,-2.4113578e-17,-2.4113578e-17,-3.6654986e-15,-3.6654986e-15,-1.3095826e-14,-1.3095826e-14,1.3095826e-14,1.3095826e-14,1.0586794e-17,1.0586794e-17,4.9849e-18,4.9849e-18,-0.0053733546,-0.0053733546,-5.6863539e-17,-5.6863539e-17,-3.2989178e-17,-3.2989178e-17,5.3728181e-19,5.3728181e-19,5.8564043e-06,5.8564043e-06,2.8573585e-30,2.8573585e-30
1.7518758e-14,1.7518758e-14,-2.4901045e-16,-2.4901045e-16,1.7269748e-14,1.7269748e-14,1.8608068e-14,1.8608068e-14,1.0893092e-15,1.0893092e-15,-0.0038059573,-0.0038059573,-0.00010907251,-0.00010907251,-0.0038017407,-0.0038017407,-0.00010907251,-0.00010907251,-1.5708268e-16,-1.5708268e-16,1.8233228e-16,1.8233228e-16,0.00072715008,0.00072715008,-1.8592374e-14,-1.8592374e-14,3.8143244e-15,3.8143244e-15,1.9072589e-15,1.9072589e-15,-3.2215566e-16,-3.2215566e-16,-0.00061807757,-0.00061807757,-0.00010907251,-0.00010907251,-0.00061807757,-0.00061807757,-0.00010907251,-0.00010907251,2.1954713e-16,2.1954713e-16,-1.4941357e-17,-1.4941357e-17,-0.00072715008,-0.00072715008,2.0374746e-16,2.0374746e-16,0.0043775368,0.0043775368,-4.6275457e-15,-4.6275457e-15,0.00061807757,0.00061807757,0.00010907251,0.00010907251,0.00061807757,0.00061807757,0.00010907251,0.00010907251,0.00072715008,0.00072715008,-1.8578315e-14,-1.8578315e-14,8.6519333e-17,8.6519333e-17,3.9562537e-16,3.9562537e-16,-0.00010907251,-0.00010907251,-3.5730495e-08,-3.5730495e-08,-1.6281895e-16,-1.6281895e-16,-3.0370921e-08,-3.0370921e-08,-5.3595743e-09,-5.3595743e-09,0.00072361276,0.00072361276,-1.8684581e-14,-1.8684581e-14,0.72918856,0.72918856,-1.1783145e-12,-1.1783145e-12,0.33744638,0.33744638,-5.8934285e-13,-5.8934285e-13,-1.0595349e-15,-1.0595349e-15,0.00072715008,0.00072715008,-2.6823365e-17,-2.6823365e-17,-3.6771919e-15,-3.6771919e-15,-1.3390979e-14,-1.3390979e-14,1.3390979e-14,1.3390979e-14,1.0454831e-17,1.0454831e-17,4.9321885e-18,4.9321885e-18,-0.0051046869,-0.0051046869,-5.6557397e-17,-5.6557397e-17,-3.353372e-17,-3.353372e-17,5.3034221e-19,5.3034221e-19,5.797841e-06,5.797841e-06,2.580434e-30,2.580434e-30
1.7565723e-14,1.7565723e-14,-2.4030299e-16,-2.4030299e-16,1.732542e-14,1.732542e-14,1.8664828e-14,1.8664828e-14,1.0991059e-15,1.0991059e-15,-0.0036202722,-0.0036202722,-0.00010905052,-0.00010905052,-0.0036160977,-0.0036160977,-0.00010905052,-0.00010905052,-1.4993167e-16,-1.4993167e-16,1.8003267e-16,1.8003267e-16,0.00072700344,0.00072700344,-1.8638342e-14,-1.8638342e-14,3.6660049e-15,3.6660049e-15,1.8330133e-15,1.8330133e-15,-3.0696343e-16,-3.0696343e-16,-0.00061795292,-0.00061795292,-0.00010905052,-0.00010905052,-0.00061795292,-0.00061795292,-0.00010905052,-0.00010905052,2.1801918e-16,2.1801918e-16,-2.3444698e-17,-2.3444698e-17,-0.00072700344,-0.00072700344,1.940903e-16,1.940903e-16,0.0041224491,0.0041224491,-4.4199945e-15,-4.4199945e-15,0.00061795292,0.00061795292,0.00010905052,0.00010905052,0.00061795292,0.00061795292,0.00010905052,0.00010905052,0.00072700344,0.00072700344,-1.8627675e-14,-1.8627675e-14,7.6002572e-17,7.6002572e-17,3.8402441e-16,3.8402441e-16,-0.00010905052,-0.00010905052,-1.4663907e-07,-1.4663907e-07,-1.5473997e-16,-1.5473997e-16,-1.2464321e-07,-1.2464321e-07,-2.199586e-08,-2.199586e-08,0.00071248617,0.00071248617,-1.8726337e-14,-1.8726337e-14,0.72198044,0.72198044,-1.1809049e-12,-1.1809049e-12,0.33666228,0.33666228,-5.9061278e-13,-5.9061278e-13,-1.0620387e-15,-1.0620387e-15,0.00072700344,0.00072700344,-2.9379942e-17,-2.9379942e-17,-3.6883235e-15,-3.6883235e-15,-1.3686583e-14,-1.3686583e-14,1.3686583e-14,1.3686583e-14,1.0322676e-17,1.0322676e-17,4.8812203e-18,4.8812203e-18,-0.0048494525,-0.0048494525,-5.6250271e-17,-5.6250271e-17,-3.4046868e-17,-3.4046868e-17,5.236536e-19,5.236536e-19,5.7398743e-06,5.7398743e-06,2.3304091e-30,2.3304091e-30
1.7610841e-14,1.7610841e-14,-2.3209108e-16,-2.3209108e-16,1.737875e-14,1.737875e-14,1.8718766e-14,1.8718766e-14,1.1079246e-15,1.1079246e-15,-0.0034438558,-0.0034438558,-0.00010901277,-0.00010901277,-0.0034397231,-0.0034397231,-0.00010901277,-0.00010901277,-1.430895e-16,-1.430895e-16,1.7781632e-16,1.7781632e-16,0.00072675179,0.00072675179,-1.8682101e-14,-1.8682101e-14,3.5250845e-15,3.5250845e-15,1.7624631e-15,1.7624631e-15,-2.9252743e-16,-2.9252743e-16,-0.00061773902,-0.00061773902,-0.00010901277,-0.00010901277,-0.00061773902,-0.00061773902,-0.00010901277,-0.00010901277,2.164819e-16,2.164819e-16,-3.1460298e-17,-3.1460298e-17,-0.00072675179,-0.00072675179,1.8489181e-16,1.8489181e-16,0.0038802281,0.0038802281,-4.2227773e-15,-4.2227773e-15,0.00061773902,0.00061773902,0.00010901277,0.00010901277,0.00061773902,0.00061773902,0.00010901277,0.00010901277,0.00072675179,0.00072675179,-1.8674648e-14,-1.8674648e-14,6.5811072e-17,6.5811072e-17,3.7253187e-16,3.7253187e-16,-0.00010901277,-0.00010901277,-2.5165257e-07,-2.5165257e-07,-1.4706438e-16,-1.4706438e-16,-2.1390469e-07,-2.1390469e-07,-3.7747886e-08,-3.7747886e-08,0.00070183818,0.00070183818,-1.8766094e-14,-1.8766094e-14,0.71504197,0.71504197,-1.1833717e-12,-1.1833717e-12,0.33586747,0.33586747,-5.918223e-13,-5.918223e-13,-1.0637855e-15,-1.0637855e-15,0.00072675179,0.00072675179,-3.1778018e-17,-3.1778018e-17,-3.6989215e-15,-3.6989215e-15,-1.3982597e-14,-1.3982597e-14,1.3982597e-14,1.3982597e-14,1.0190488e-17,1.0190488e-17,4.8319393e-18,4.8319393e-18,-0.0046069799,-0.0046069799,-5.5942683e-17,-5.5942683e-17,-3.4529941e-17,-3.4529941e-17,5.1720713e-19,5.1720713e-19,5.68251e-06,5.68251e-06,2.1046677e-30,2.1046677e-30
1.7654882e-14,1.7654882e-14,-2.2458187e-16,-2.2458187e-16,1.74303e-14,1.74303e-14,1.8770021e-14,1.8770021e-14,1.115139e-15,1.115139e-15,-0.0032762449,-0.0032762449,-0.00010896011,-0.00010896011,-0.0032721535,-0.0032721535,-0.00010896011,-0.00010896011,-1.3687219e-16,-1.3687219e-16,1.7568021e-16,1.7568021e-16,0.00072640072,0.00072640072,-1.8723763e-14,-1.8723763e-14,3.3906397e-15,3.3906397e-15,1.6949783e-15,1.6949783e-15,-2.7880986e-16,-2.7880986e-16,-0.00061744061,-0.00061744061,-0.00010896011,-0.00010896011,-0.00061744061,-0.00061744061,-0.00010896011,-0.00010896011,2.1493522e-16,2.1493522e-16,-3.9012798e-17,-3.9012798e-17,-0.00072640072,-0.00072640072,1.7612828e-16,1.7612828e-16,0.0036502302,0.0036502302,-4.0353779e-15,-4.0353779e-15,0.00061744061,0.00061744061,0.00010896011,0.00010896011,0.00061744061,0.00061744061,0.00010896011,0.00010896011,0.00072640072,0.00072640072,-1.8719355e-14,-1.8719355e-14,5.6703774e-17,5.6703774e-17,3.6255721e-16,3.6255721e-16,-0.00010896011,-0.00010896011,-3.5106685e-07,-3.5106685e-07,-1.3977203e-16,-1.3977203e-16,-2.9840682e-07,-2.9840682e-07,-5.2660027e-08,-5.2660027e-08,0.0006916451,0.0006916451,-1.880395e-14,-1.880395e-14,0.70835996,0.70835996,-1.1857209e-12,-1.1857209e-12,0.33506264,0.33506264,-5.9297441e-13,-5.9297441e-13,-1.0644519e-15,-1.0644519e-15,0.00072640072,0.00072640072,-3.3994772e-17,-3.3994772e-17,-3.7090127e-15,-3.7090127e-15,-1.4278981e-14,-1.4278981e-14,1.4278981e-14,1.4278981e-14,1.0058413e-17,1.0058413e-17,4.7842893e-18,4.7842893e-18,-0.0043766309,-0.0043766309,-5.5635103e-17,-5.5635103e-17,-3.498422e-17,-3.498422e-17,5.1099408e-19,5.1099408e-19,5.625752e-06,5.625752e-06,1.9008484e-30,1.9008484e-30
1.7696431e-14,1.7696431e-14,-2.1689335e-16,-2.1689335e-16,1.7479538e-14,1.7479538e-14,1.8818726e-14,1.8818726e-14,1.1222955e-15,1.1222955e-15,-0.0031169992,-0.0031169992,-0.00010889333,-0.00010889333,-0.0031129486,-0.0031129486,-0.00010889333,-0.00010889333,-1.3037766e-16,-1.3037766e-16,1.7362139e-16,1.7362139e-16,0.00072595556,0.00072595556,-1.876343e-14,-1.876343e-14,3.2634823e-15,3.2634823e-15,1.6316552e-15,1.6316552e-15,-2.6577484e-16,-2.6577484e-16,-0.00061706222,-0.00061706222,-0.00010889333,-0.00010889333,-0.00061706222,-0.00061706222,-0.00010889333,-0.00010889333,2.1337911e-16,2.1337911e-16,-4.6125586e-17,-4.6125586e-17,-0.00072595556,-0.00072595556,1.6777723e-16,1.6777723e-16,0.0034318438,0.0034318438,-3.8573062e-15,-3.8573062e-15,0.00061706222,0.00061706222,0.00010889333,0.00010889333,0.00061706222,0.00061706222,0.00010889333,0.00010889333,0.00072595556,0.00072595556,-1.8761906e-14,-1.8761906e-14,4.7596475e-17,4.7596475e-17,3.5193203e-16,3.5193203e-16,-0.00010889333,-0.00010889333,-4.4516293e-07,-4.4516293e-07,-1.3284375e-16,-1.3284375e-16,-3.7838849e-07,-3.7838849e-07,-6.677444e-08,-6.677444e-08,0.00068188443,0.00068188443,-1.884e-14,-1.884e-14,0.70192185,0.70192185,-1.1879584e-12,-1.1879584e-12,0.33424845,0.33424845,-5.9407196e-13,-5.9407196e-13,-1.0654549e-15,-1.0654549e-15,0.00072595556,0.00072595556,-3.6241384e-17,-3.6241384e-17,-3.7186223e-15,-3.7186223e-15,-1.4575697e-14,-1.4575697e-14,1.4575697e-14,1.4575697e-14,9.9265889e-18,9.9265889e-18,4.7382142e-18,4.7382142e-18,-0.0041577994,-0.0041577994,-5.5327959e-17,-5.5327959e-17,-3.5410944e-17,-3.5410944e-17,5.050058e-19,5.050058e-19,5.5696024e-06,5.5696024e-06,1.7168194e-30,1.7168194e-30
1.7737107e-14,1.7737107e-14,-2.0987836e-16,-2.0987836e-16,1.7527228e-14,1.7527228e-14,1.8865011e-14,1.8865011e-14,1.127904e-15,1.127904e-15,-0.0029657006,-0.0029657006,-0.0001088132,-0.0001088132,-0.0029616904,-0.0029616904,-0.0001088132,-0.0001088132,-1.2473951e-16,-1.2473951e-16,1.7163693e-16,1.7163693e-16,0.00072542135,0.00072542135,-1.8801202e-14,-1.8801202e-14,3.1419372e-15,3.1419372e-15,1.5706605e-15,1.5706605e-15,-2.5338824e-16,-2.5338824e-16,-0.00061660815,-0.00061660815,-0.0001088132,-0.0001088132,-0.00061660815,-0.00061660815,-0.0001088132,-0.0001088132,2.1181356e-16,2.1181356e-16,-5.2820867e-17,-5.2820867e-17,-0.00072542135,-0.00072542135,1.5981733e-16,1.5981733e-16,0.003224488,0.003224488,-3.6880962e-15,-3.6880962e-15,0.00061660815,0.00061660815,0.0001088132,0.0001088132,0.00061660815,0.00061660815,0.0001088132,0.0001088132,0.00072542135,0.00072542135,-1.8802411e-14,-1.8802411e-14,3.9248119e-17,3.9248119e-17,3.4228263e-16,3.4228263e-16,-0.0001088132,-0.0001088132,-5.3420782e-07,-5.3420782e-07,-1.2626136e-16,-1.2626136e-16,-4.5407665e-07,-4.5407665e-07,-8.0131173e-08,-8.0131173e-08,0.00067253478,0.00067253478,-1.8874334e-14,-1.8874334e-14,0.69571574,0.69571574,-1.1900898e-12,-1.1900898e-12,0.33342552,0.33342552,-5.9511767e-13,-5.9511767e-13,-1.065176e-15,-1.065176e-15,0.00072542135,0.00072542135,-3.8175977e-17,-3.8175977e-17,-3.7277745e-15,-3.7277745e-15,-1.487271e-14,-1.487271e-14,1.487271e-14,1.487271e-14,9.7951414e-18,9.7951414e-18,4.6936584e-18,4.6936584e-18,-0.0039499094,-0.0039499094,-5.5021638e-17,-5.5021638e-17,-3.5811313e-17,-3.5811313e-17,4.9923382e-19,4.9923382e-19,5.5140617e-06,5.5140617e-06,1.5506565e-30,1.5506565e-30
1.7776577e-14,1.7776577e-14,-2.033142e-16,-2.033142e-16,1.7573263e-14,1.7573263e-14,1.8908994e-14,1.8908994e-14,1.1324167e-15,1.1324167e-15,-0.0028219517,-0.0028219517,-0.00010872043,-0.00010872043,-0.0028179814,-0.0028179814,-0.00010872043,-0.00010872043,-1.194418e-16,-1.194418e-16,1.6972399e-16,1.6972399e-16,0.00072480289,0.00072480289,-1.8837174e-14,-1.8837174e-14,3.026345e-15,3.026345e-15,1.5126019e-15,1.5126019e-15,-2.4161766e-16,-2.4161766e-16,-0.00061608246,-0.00061608246,-0.00010872043,-0.00010872043,-0.00061608246,-0.00061608246,-0.00010872043,-0.00010872043,2.1023857e-16,2.1023857e-16,-5.9119718e-17,-5.9119718e-17,-0.00072480289,-0.00072480289,1.5222837e-16,1.5222837e-16,0.003027611,0.003027611,-3.5273055e-15,-3.5273055e-15,0.00061608246,0.00061608246,0.00010872043,0.00010872043,0.00061608246,0.00061608246,0.00010872043,0.00010872043,0.00072480289,0.00072480289,-1.8840969e-14,-1.8840969e-14,3.1441863e-17,3.1441863e-17,3.3328375e-16,3.3328375e-16,-0.00010872043,-0.00010872043,-6.1845514e-07,-6.1845514e-07,-1.2000757e-16,-1.2000757e-16,-5.2568687e-07,-5.2568687e-07,-9.2768271e-08,-9.2768271e-08,0.00066357584,0.00066357584,-1.8907037e-14,-1.8907037e-14,0.6897303,0.6897303,-1.1921204e-12,-1.1921204e-12,0.33259444,0.33259444,-5.9611411e-13,-5.9611411e-13,-1.0643738e-15,-1.0643738e-15,0.00072480289,0.00072480289,-3.9996962e-17,-3.9996962e-17,-3.7364922e-15,-3.7364922e-15,-1.5169983e-14,-1.5169983e-14,1.5169983e-14,1.5169983e-14,9.6641875e-18,9.6641875e-18,4.6505667e-18,4.6505667e-18,-0.0037524139,-0.0037524139,-5.4716485e-17,-5.4716485e-17,-3.6186488e-17,-3.6186488e-17,4.9366983e-19,4.9366983e-19,5.4591294e-06,5.4591294e-06,1.4006223e-30,1.4006223e-30
1.7814369e-14,1.7814369e-14,-1.9695078e-16,-1.9695078e-16,1.7617419e-14,1.7617419e-14,1.895079e-14,1.895079e-14,1.1364211e-15,1.1364211e-15,-0.0026853751,-0.0026853751,-0.00010861571,-0.00010861571,-0.0026814443,-0.0026814443,-0.00010861571,-0.00010861571,-1.1427174e-16,-1.1427174e-16,1.6787975e-16,1.6787975e-16,0.00072410475,0.00072410475,-1.8871434e-14,-1.8871434e-14,2.9166789e-15,2.9166789e-15,1.4578204e-15,1.4578204e-15,-2.3043233e-16,-2.3043233e-16,-0.00061548904,-0.00061548904,-0.00010861571,-0.00010861571,-0.00061548904,-0.00061548904,-0.00010861571,-0.00010861571,2.0865417e-16,2.0865417e-16,-6.5042149e-17,-6.5042149e-17,-0.00072410475,-0.00072410475,1.4499116e-16,1.4499116e-16,0.0028406885,0.0028406885,-3.3745137e-15,-3.3745137e-15,0.00061548904,0.00061548904,0.00010861571,0.00010861571,0.00061548904,0.00061548904,0.00010861571,0.00010861571,0.00072410475,0.00072410475,-1.8877679e-14,-1.8877679e-14,2.4394549e-17,2.4394549e-17,3.2461013e-16,3.2461013e-16,-0.00010861571,-0.00010861571,-6.9814584e-07,-6.9814584e-07,-1.1406595e-16,-1.1406595e-16,-5.9342397e-07,-5.9342397e-07,-1.0472188e-07,-1.0472188e-07,0.00065498831,0.00065498831,-1.8938189e-14,-1.8938189e-14,0.68395478,0.68395478,-1.194055e-12,-1.194055e-12,0.33175576,0.33175576,-5.9706372e-13,-5.9706372e-13,-1.0631842e-15,-1.0631842e-15,0.00072410475,0.00072410475,-4.1794302e-17,-4.1794302e-17,-3.7447971e-15,-3.7447971e-15,-1.5467482e-14,-1.5467482e-14,1.5467482e-14,1.5467482e-14,9.5338352e-18,9.5338352e-18,4.6088851e-18,4.6088851e-18,-0.0035647932,-0.0035647932,-5.4412812e-17,-5.4412812e-17,-3.6537589e-17,-3.6537589e-17,4.8830569e-19,4.8830569e-19,5.4048035e-06,5.4048035e-06,1.2651489e-30,1.2651489e-30
1.7851089e-14,1.7851089e-14,-1.909715e-16,-1.909715e-16,1.7660118e-14,1.7660118e-14,1.899051e-14,1.899051e-14,1.1394204e-15,1.1394204e-15,-0.0025556122,-0.0025556122,-0.00010849969,-0.00010849969,-0.0025517205,-0.0025517205,-0.00010849969,-0.00010849969,-1.0932068e-16,-1.0932068e-16,1.661015e-16,1.661015e-16,0.00072333124,0.00072333124,-1.8904068e-14,-1.8904068e-14,2.8122538e-15,2.8122538e-15,1.4055573e-15,1.4055573e-15,-2.1980299e-16,-2.1980299e-16,-0.00061483155,-0.00061483155,-0.00010849969,-0.00010849969,-0.00061483155,-0.00061483155,-0.00010849969,-0.00010849969,2.070604e-16,2.070604e-16,-7.0607156e-17,-7.0607156e-17,-0.00072333124,-0.00072333124,1.380875e-16,1.380875e-16,0.0026632223,0.0026632223,-3.2293213e-15,-3.2293213e-15,0.00061483155,0.00061483155,0.00010849969,0.00010849969,0.00061483155,0.00061483155,0.00010849969,0.00010849969,0.00072333124,0.00072333124,-1.8912632e-14,-1.8912632e-14,1.7455655e-17,1.7455655e-17,3.1615335e-16,3.1615335e-16,-0.00010849969,-0.00010849969,-7.7350883e-07,-7.7350883e-07,-1.084209e-16,-1.084209e-16,-6.5748251e-07,-6.5748251e-07,-1.1602632e-07,-1.1602632e-07,0.00064675387,0.00064675387,-1.8967869e-14,-1.8967869e-14,0.67837896,0.67837896,-1.1958986e-12,-1.1958986e-12,0.33091003,0.33091003,-5.9796883e-13,-5.9796883e-13,-1.0615268e-15,-1.0615268e-15,0.00072333124,0.00072333124,-4.3430236e-17,-4.3430236e-17,-3.7527097e-15,-3.7527097e-15,-1.5765174e-14,-1.5765174e-14,1.5765174e-14,1.5765174e-14,9.404184e-18,9.404184e-18,4.5685604e-18,4.5685604e-18,-0.0033865536,-0.0033865536,-5.4110897e-17,-5.4110897e-17,-3.6865694e-17,-3.6865694e-17,4.8313348e-19,4.8313348e-19,5.3510812e-06,5.3510812e-06,1.1428207e-30,1.1428207e-30
1.7886688e-14,1.7886688e-14,-1.8523532e-16,-1.8523532e-16,1.7701453e-14,1.7701453e-14,1.9028255e-14,1.9028255e-14,1.1415668e-15,1.1415668e-15,-0.0024323225,-0.0024323225,-0.00010837297,-0.00010837297,-0.0024284694,-0.0024284694,-0.00010837297,-0.00010837297,-1.0465986e-16,-1.0465986e-16,1.6438657e-16,1.6438657e-16,0.00072248648,0.00072248648,-1.8935157e-14,-1.8935157e-14,2.7128083e-15,2.7128083e-15,1.3556873e-15,1.3556873e-15,-2.0970186e-16,-2.0970186e-16,-0.00061411351,-0.00061411351,-0.00010837297,-0.00010837297,-0.00061411351,-0.00061411351,-0.00010837297,-0.00010837297,2.0545731e-16,2.0545731e-16,-7.5832776e-17,-7.5832776e-17,-0.00072248648,-0.00072248648,1.3150016e-16,1.3150016e-16,0.0024947394,0.0024947394,-3.0913489e-15,-3.0913489e-15,0.00061411351,0.00061411351,0.00010837297,0.00010837297,0.00061411351,0.00061411351,0.00010837297,0.00010837297,0.00072248648,0.00072248648,-1.8945915e-14,-1.8945915e-14,1.1167282e-17,1.1167282e-17,3.0845552e-16,3.0845552e-16,-0.00010837297,-0.00010837297,-8.4476155e-07,-8.4476155e-07,-1.0305759e-16,-1.0305759e-16,-7.1804732e-07,-7.1804732e-07,-1.2671423e-07,-1.2671423e-07,0.00063885509,0.00063885509,-1.8996148e-14,-1.8996148e-14,0.67299313,0.67299313,-1.1976555e-12,-1.1976555e-12,0.33005774,0.33005774,-5.9883165e-13,-5.9883165e-13,-1.0592123e-15,-1.0592123e-15,0.00072248648,0.00072248648,-4.4918546e-17,-4.4918546e-17,-3.7602499e-15,-3.7602499e-15,-1.6063028e-14,-1.6063028e-14,1.6063028e-14,1.6063028e-14,9.2753255e-18,9.2753255e-18,4.5295405e-18,4.5295405e-18,-0.0032172259,-0.0032172259,-5.3810988e-17,-5.3810988e-17,-3.7171846e-17,-3.7171846e-17,4.7814546e-19,4.7814546e-19,5.297959e-06,5.297959e-06,1.0323598e-30,1.0323598e-30
1.7920876e-14,1.7920876e-14,-1.7947227e-16,-1.7947227e-16,1.7741403e-14,1.7741403e-14,1.9064125e-14,1.9064125e-14,1.1432493e-15,1.1432493e-15,-0.0023151823,-0.0023151823,-0.00010823616,-0.00010823616,-0.0023113675,-0.0023113675,-0.00010823616,-0.00010823616,-1.0001608e-16,-1.0001608e-16,1.627324e-16,1.627324e-16,0.00072157437,0.00072157437,-1.8964776e-14,-1.8964776e-14,2.618551e-15,2.618551e-15,1.3085484e-15,1.3085484e-15,-2.0010255e-16,-2.0010255e-16,-0.00061333821,-0.00061333821,-0.00010823616,-0.00010823616,-0.00061333821,-0.00061333821,-0.00010823616,-0.00010823616,2.0384497e-16,2.0384497e-16,-8.0736133e-17,-8.0736133e-17,-0.00072157437,-0.00072157437,1.2521277e-16,1.2521277e-16,0.0023347902,0.0023347902,-2.9602359e-15,-2.9602359e-15,0.00061333821,0.00061333821,0.00010823616,0.00010823616,0.00061333821,0.00061333821,0.00010823616,0.00010823616,0.00072157437,0.00072157437,-1.8977611e-14,-1.8977611e-14,4.8789098e-18,4.8789098e-18,3.0075768e-16,3.0075768e-16,-0.00010823616,-0.00010823616,-9.1211058e-07,-9.1211058e-07,-9.7961952e-17,-9.7961952e-17,-7.7529399e-07,-7.7529399e-07,-1.3681659e-07,-1.3681659e-07,0.00063127542,0.00063127542,-1.9023097e-14,-1.9023097e-14,0.66778807,0.66778807,-1.1993302e-12,-1.1993302e-12,0.32919938,0.32919938,-5.9965427e-13,-5.9965427e-13,-1.0568314e-15,-1.0568314e-15,0.00072157437,0.00072157437,-4.641257e-17,-4.641257e-17,-3.767436e-15,-3.767436e-15,-1.6361013e-14,-1.6361013e-14,1.6361013e-14,1.6361013e-14,9.1473437e-18,9.1473437e-18,4.4917746e-18,4.4917746e-18,-0.0030563646,-0.0030563646,-5.3513305e-17,-5.3513305e-17,-3.7457044e-17,-3.7457044e-17,4.7333412e-19,4.7333412e-19,5.2454324e-06,5.2454324e-06,9.3261284e-31,9.3261284e-31
1.7953964e-14,1.7953964e-14,-1.741293e-16,-1.741293e-16,1.7779835e-14,1.7779835e-14,1.9098212e-14,1.9098212e-14,1.1442482e-15,1.1442482e-15,-0.0022038843,-0.0022038843,-0.00010808979,-0.00010808979,-0.0022001072,-0.0022001072,-0.00010808979,-0.00010808979,-9.5748363e-17,-9.5748363e-17,1.6113647e-16,1.6113647e-16,0.00072059862,0.00072059862,-1.8992999e-14,-1.8992999e-14,2.5287977e-15,2.5287977e-15,1.2636877e-15,1.2636877e-15,-1.9097998e-16,-1.9097998e-16,-0.00061250882,-0.00061250882,-0.00010808979,-0.00010808979,-0.00061250882,-0.00061250882,-0.00010808979,-0.00010808979,2.0222348e-16,2.0222348e-16,-8.5333484e-17,-8.5333484e-17,-0.00072059862,-0.00072059862,1.192098e-16,1.192098e-16,0.0021829477,0.0021829477,-2.8356399e-15,-2.8356399e-15,0.00061250882,0.00061250882,0.00010808979,0.00010808979,0.00061250882,0.00061250882,0.00010808979,0.00010808979,0.00072059862,0.00072059862,-1.90078e-14,-1.90078e-14,-8.6736174e-19,-8.6736174e-19,2.9338511e-16,2.9338511e-16,-0.00010808979,-0.00010808979,-9.7575216e-07,-9.7575216e-07,-9.3120599e-17,-9.3120599e-17,-8.2938933e-07,-8.2938933e-07,-1.4636282e-07,-1.4636282e-07,0.00062399915,0.00062399915,-1.9048781e-14,-1.9048781e-14,0.66275501,0.66275501,-1.2009266e-12,-1.2009266e-12,0.3283354,0.3283354,-6.0043869e-13,-6.0043869e-13,-1.0538245e-15,-1.0538245e-15,0.00072059862,0.00072059862,-4.7759552e-17,-4.7759552e-17,-3.7742859e-15,-3.7742859e-15,-1.6659099e-14,-1.6659099e-14,1.6659099e-14,1.6659099e-14,9.0203159e-18,9.0203159e-18,4.4552129e-18,4.4552129e-18,-0.0029035464,-0.0029035464,-5.321804e-17,-5.321804e-17,-3.7722252e-17,-3.7722252e-17,4.686922e-19,4.686922e-19,5.1934965e-06,5.1934965e-06,8.4253849e-31,8.4253849e-31
1.7986398e-14,1.7986398e-14,-1.6924589e-16,-1.6924589e-16,1.7817152e-14,1.7817152e-14,1.9130606e-14,1.9130606e-14,1.1442087e-15,1.1442087e-15,-0.0020981363,-0.0020981363,-0.00010793441,-0.00010793441,-0.0020943966,-0.0020943966,-0.00010793441,-0.00010793441,-9.1764645e-17,-9.1764645e-17,1.5959635e-16,1.5959635e-16,0.00071956274,0.00071956274,-1.9019896e-14,-1.9019896e-14,2.4431261e-15,2.4431261e-15,1.2207995e-15,1.2207995e-15,-1.8231032e-16,-1.8231032e-16,-0.00061162833,-0.00061162833,-0.00010793441,-0.00010793441,-0.00061162833,-0.00061162833,-0.00010793441,-0.00010793441,2.0059292e-16,2.0059292e-16,-8.9640267e-17,-8.9640267e-17,-0.00071956274,-0.00071956274,1.1347655e-16,1.1347655e-16,0.0020388063,0.0020388063,-2.7172354e-15,-2.7172354e-15,0.00061162833,0.00061162833,0.00010793441,0.00010793441,0.00061162833,0.00061162833,0.00010793441,0.00010793441,0.00071956274,0.00071956274,-1.9036555e-14,-1.9036555e-14,-5.9631119e-18,-5.9631119e-18,2.8666305e-16,2.8666305e-16,-0.00010793441,-0.00010793441,-1.0358727e-06,-1.0358727e-06,-8.8520824e-17,-8.8520824e-17,-8.8049181e-07,-8.8049181e-07,-1.5538091e-07,-1.5538091e-07,0.00061701134,0.00061701134,-1.9073264e-14,-1.9073264e-14,0.65788562,0.65788562,-1.2024488e-12,-1.2024488e-12,0.32746623,0.32746623,-6.0118679e-13,-6.0118679e-13,-1.0502564e-15,-1.0502564e-15,0.00071956274,0.00071956274,-4.8969481e-17,-4.8969481e-17,-3.7808163e-15,-3.7808163e-15,-1.6957258e-14,-1.6957258e-14,1.6957258e-14,1.6957258e-14,8.8943124e-18,8.8943124e-18,4.4198074e-18,4.4198074e-18,-0.002758369,-0.002758369,-5.2925365e-17,-5.2925365e-17,-3.7968394e-17,-3.7968394e-17,4.6421261e-19,4.6421261e-19,5.1421458e-06,5.1421458e-06,7.6119682e-31,7.6119682e-31
1.8017483e-14,1.8017483e-14,-1.6438017e-16,-1.6438017e-16,1.7853103e-14,1.7853103e-14,1.9161391e-14,1.9161391e-14,1.1439075e-15,1.1439075e-15,-0.0019976609,-0.0019976609,-0.00010777051,-0.00010777051,-0.0019939581,-0.0019939581,-0.00010777051,-0.00010777051,-8.7847845e-17,-8.7847845e-17,1.581097e-16,1.581097e-16,0.00071847009,0.00071847009,-1.9045531e-14,-1.9045531e-14,2.3619684e-15,2.3619684e-15,1.1802101e-15,1.1802101e-15,-1.7407096e-16,-1.7407096e-16,-0.00061069958,-0.00061069958,-0.00010777051,-0.00010777051,-0.00061069958,-0.00061069958,-0.00010777051,-0.00010777051,1.9895341e-16,1.9895341e-16,-9.3671141e-17,-9.3671141e-17,-0.00071847009,-0.00071847009,1.0799906e-16,1.0799906e-16,0.0019019805,0.0019019805,-2.6047134e-15,-2.6047134e-15,0.00061069958,0.00061069958,0.00010777051,0.00010777051,0.00061069958,0.00061069958,0.00010777051,0.00010777051,0.00071847009,0.00071847009,-1.9063948e-14,-1.9063948e-14,-1.1058862e-17,-1.1058862e-17,2.8015784e-16,2.8015784e-16,-0.00010777051,-0.00010777051,-1.0926494e-06,-1.0926494e-06,-8.4150552e-17,-8.4150552e-17,-9.2875195e-07,-9.2875195e-07,-1.638974e-07,-1.638974e-07,0.00061029781,0.00061029781,-1.9096603e-14,-1.9096603e-14,0.653172,0.653172,-1.2039002e-12,-1.2039002e-12,0.32659228,0.32659228,-6.0190039e-13,-6.0190039e-13,-1.0463487e-15,-1.0463487e-15,0.00071847009,0.00071847009,-5.0202753e-17,-5.0202753e-17,-3.7870432e-15,-3.7870432e-15,-1.7255463e-14,-1.7255463e-14,1.7255463e-14,1.7255463e-14,8.7693975e-18,8.7693975e-18,4.3855111e-18,4.3855111e-18,-0.0026204506,-0.0026204506,-5.2635426e-17,-5.2635426e-17,-3.819636e-17,-3.819636e-17,4.5988855e-19,4.5988855e-19,5.0913744e-06,5.0913744e-06,6.8773932e-31,6.8773932e-31
1.8047694e-14,1.8047694e-14,-1.5960802e-16,-1.5960802e-16,1.7888086e-14,1.7888086e-14,1.9190646e-14,1.9190646e-14,1.1429525e-15,1.1429525e-15,-0.0019021946,-0.0019021946,-0.00010759858,-0.00010759858,-0.0018985283,-0.0018985283,-0.00010759858,-0.00010759858,-8.4090333e-17,-8.4090333e-17,1.5667426e-16,1.5667426e-16,0.00071732384,0.00071732384,-1.9069968e-14,-1.9069968e-14,2.2847187e-15,2.2847187e-15,1.1416357e-15,1.1416357e-15,-1.6624038e-16,-1.6624038e-16,-0.00060972527,-0.00060972527,-0.00010759858,-0.00010759858,-0.00060972527,-0.00060972527,-0.00010759858,-0.00010759858,1.9730505e-16,1.9730505e-16,-9.7440024e-17,-9.7440024e-17,-0.00071732384,-0.00071732384,1.0276408e-16,1.0276408e-16,0.0017721042,0.0017721042,-2.4977801e-15,-2.4977801e-15,0.00060972527,0.00060972527,0.00010759858,0.00010759858,0.00060972527,0.00060972527,0.00010759858,0.00010759858,0.00071732384,0.00071732384,-1.9090046e-14,-1.9090046e-14,-1.5612511e-17,-1.5612511e-17,2.7376105e-16,2.7376105e-16,-0.00010759858,-0.00010759858,-1.1462503e-06,-1.1462503e-06,-7.9998312e-17,-7.9998312e-17,-9.7431277e-07,-9.7431277e-07,-1.7193755e-07,-1.7193755e-07,0.00060384506,0.00060384506,-1.9118857e-14,-1.9118857e-14,0.64860663,0.64860663,-1.2052845e-12,-1.2052845e-12,0.32571395,0.32571395,-6.0258118e-13,-6.0258118e-13,-1.042239e-15,-1.042239e-15,0.00071732384,0.00071732384,-5.1293893e-17,-5.1293893e-17,-3.7929817e-15,-3.7929817e-15,-1.7553685e-14,-1.7553685e-14,1.7553685e-14,1.7553685e-14,8.6456297e-18,8.6456297e-18,4.3522786e-18,4.3522786e-18,-0.0024894281,-0.0024894281,-5.2348351e-17,-5.2348351e-17,-3.8407002e-17,-3.8407002e-17,4.557134e-19,4.557134e-19,5.0411761e-06,5.0411761e-06,6.2140003e-31,6.2140003e-31
1.8077287e-14,1.8077287e-14,-1.5533685e-16,-1.5533685e-16,1.792195e-14,1.792195e-14,1.9218449e-14,1.9218449e-14,1.141162e-15,1.141162e-15,-0.001811487,-0.001811487,-0.00010741905,-0.00010741905,-0.0018078568,-0.0018078568,-0.00010741905,-0.00010741905,-8.0569427e-17,-8.0569427e-17,1.5528782e-16,1.5528782e-16,0.00071612701,0.00071612701,-1.9093266e-14,-1.9093266e-14,2.2110764e-15,2.2110764e-15,1.1047675e-15,1.1047675e-15,-1.5879817e-16,-1.5879817e-16,-0.00060870796,-0.00060870796,-0.00010741905,-0.00010741905,-0.00060870796,-0.00060870796,-0.00010741905,-0.00010741905,1.9564799e-16,1.9564799e-16,-1.0096013e-16,-1.0096013e-16,-0.00071612701,-0.00071612701,9.7759069e-17,9.7759069e-17,0.0016488297,0.0016488297,-2.3961565e-15,-2.3961565e-15,0.00060870796,0.00060870796,0.00010741905,0.00010741905,0.00060870796,0.00060870796,0.00010741905,0.00010741905,0.00071612701,0.00071612701,-1.9114914e-14,-1.9114914e-14,-2.0274581e-17,-2.0274581e-17,2.6768952e-16,2.6768952e-16,-0.00010741905,-0.00010741905,-1.1968354e-06,-1.1968354e-06,-7.6053208e-17,-7.6053208e-17,-1.0173101e-06,-1.0173101e-06,-1.7952531e-07,-1.7952531e-07,0.0005976403,0.0005976403,-1.9140079e-14,-1.9140079e-14,0.64418237,0.64418237,-1.206605e-12,-1.206605e-12,0.32483159,0.32483159,-6.032308e-13,-6.032308e-13,-1.0376251e-15,-1.0376251e-15,0.00071612701,0.00071612701,-5.2309201e-17,-5.2309201e-17,-3.7986462e-15,-3.7986462e-15,-1.78519e-14,-1.78519e-14,1.78519e-14,1.78519e-14,8.5230618e-18,8.5230618e-18,4.3200659e-18,4.3200659e-18,-0.0023649567,-0.0023649567,-5.206425e-17,-5.206425e-17,-3.8601137e-17,-3.8601137e-17,4.5168081e-19,4.5168081e-19,4.9915443e-06,4.9915443e-06,5.6148752e-31,5.6148752e-31
1.8105959e-14,1.8105959e-14,-1.5119982e-16,-1.5119982e-16,1.7954759e-14,1.7954759e-14,1.924487e-14,1.924487e-14,1.1389112e-15,1.1389112e-15,-0.0017253002,-0.0017253002,-0.00010723237,-0.00010723237,-0.0017217056,-0.0017217056,-0.00010723237,-0.00010723237,-7.7348103e-17,-7.7348103e-17,1.5394828e-16,1.5394828e-16,0.00071488245,0.00071488245,-1.911548e-14,-1.911548e-14,2.140985e-15,2.140985e-15,1.069644e-15,1.069644e-15,-1.5172492e-16,-1.5172492e-16,-0.00060765008,-0.00060765008,-0.00010723237,-0.00010723237,-0.00060765008,-0.00060765008,-0.00010723237,-0.00010723237,1.9398236e-16,1.9398236e-16,-1.0424402e-16,-1.0424402e-16,-0.00071488245,-0.00071488245,9.2972116e-17,9.2972116e-17,0.0015318264,0.0015318264,-2.2995777e-15,-2.2995777e-15,0.00060765008,0.00060765008,0.00010723237,0.00010723237,0.00060765008,0.00060765008,0.00010723237,0.00010723237,0.00071488245,0.00071488245,-1.9138613e-14,-1.9138613e-14,-2.4177708e-17,-2.4177708e-17,2.6183482e-16,2.6183482e-16,-0.00010723237,-0.00010723237,-1.2445565e-06,-1.2445565e-06,-7.2304887e-17,-7.2304887e-17,-1.0578731e-06,-1.0578731e-06,-1.8668348e-07,-1.8668348e-07,0.00059167135,0.00059167135,-1.9160319e-14,-1.9160319e-14,0.63989243,0.63989243,-1.2078648e-12,-1.2078648e-12,0.32394556,0.32394556,-6.0385078e-13,-6.0385078e-13,-1.0326542e-15,-1.0326542e-15,0.00071488245,0.00071488245,-5.3236672e-17,-5.3236672e-17,-3.8040505e-15,-3.8040505e-15,-1.8150083e-14,-1.8150083e-14,1.8150083e-14,1.8150083e-14,8.4017417e-18,8.4017417e-18,4.2888304e-18,4.2888304e-18,-0.0022467088,-0.0022467088,-5.1783214e-17,-5.1783214e-17,-3.8779549e-17,-3.8779549e-17,4.4778462e-19,4.4778462e-19,4.9424722e-06,4.9424722e-06,5.0737758e-31,5.0737758e-31
1.8134148e-14,1.8134148e-14,-1.4768285e-16,-1.4768285e-16,1.7986465e-14,1.7986465e-14,1.9269979e-14,1.9269979e-14,1.1358307e-15,1.1358307e-15,-0.0016434081,-0.0016434081,-0.00010703893,-0.00010703893,-0.0016398489,-0.0016398489,-0.00010703893,-0.00010703893,-7.4475689e-17,-7.4475689e-17,1.5265361e-16,1.5265361e-16,0.00071359289,0.00071359289,-1.9136666e-14,-1.9136666e-14,2.0738714e-15,2.0738714e-15,1.0361076e-15,1.0361076e-15,-1.4500219e-16,-1.4500219e-16,-0.00060655396,-0.00060655396,-0.00010703893,-0.00010703893,-0.00060655396,-0.00060655396,-0.00010703893,-0.00010703893,1.9230829e-16,1.9230829e-16,-1.073036e-16,-1.073036e-16,-0.00071359289,-0.00071359289,8.8391928e-17,8.8391928e-17,0.0014207805,0.0014207805,-2.2077916e-15,-2.2077916e-15,0.00060655396,0.00060655396,0.00010703893,0.00010703893,0.00060655396,0.00060655396,0.00010703893,0.00010703893,0.00071359289,0.00071359289,-1.91612e-14,-1.91612e-14,-2.7647155e-17,-2.7647155e-17,2.5673907e-16,2.5673907e-16,-0.00010703893,-0.00010703893,-1.2895579e-06,-1.2895579e-06,-6.8743514e-17,-6.8743514e-17,-1.0961242e-06,-1.0961242e-06,-1.9343368e-07,-1.9343368e-07,0.00058592666,0.00058592666,-1.9179627e-14,-1.9179627e-14,0.63573037,0.63573037,-1.2090669e-12,-1.2090669e-12,0.32305619,0.32305619,-6.0444258e-13,-6.0444258e-13,-1.0270547e-15,-1.0270547e-15,0.00071359289,0.00071359289,-5.4012948e-17,-5.4012948e-17,-3.8092073e-15,-3.8092073e-15,-1.844821e-14,-1.844821e-14,1.844821e-14,1.844821e-14,8.2817122e-18,8.2817122e-18,4.2585312e-18,4.2585312e-18,-0.0021343734,-0.0021343734,-5.1505319e-17,-5.1505319e-17,-3.8942988e-17,-3.8942988e-17,4.4401894e-19,4.4401894e-19,4.893953e-06,4.893953e-06,4.5850675e-31,4.5850675e-31
1.81613e-14,1.81613e-14,-1.4374008e-16,-1.4374008e-16,1.801756e-14,1.801756e-14,1.929384e-14,1.929384e-14,1.1325406e-15,1.1325406e-15,-0.0015655962,-0.0015655962,-0.00010683914,-0.00010683914,-0.0015620718,-0.0015620718,-0.00010683914,-0.00010683914,-7.1337993e-17,-7.1337993e-17,1.5140185e-16,1.5140185e-16,0.00071226092,0.00071226092,-1.9156873e-14,-1.9156873e-14,2.0105967e-15,2.0105967e-15,1.0044547e-15,1.0044547e-15,-1.3861247e-16,-1.3861247e-16,-0.00060542178,-0.00060542178,-0.00010683914,-0.00010683914,-0.00060542178,-0.00060542178,-0.00010683914,-0.00010683914,1.9062595e-16,1.9062595e-16,-1.1015019e-16,-1.1015019e-16,-0.00071226092,-0.00071226092,8.4007798e-17,8.4007798e-17,0.0013153938,0.0013153938,-2.1205592e-15,-2.1205592e-15,0.00060542178,0.00060542178,0.00010683914,0.00010683914,0.00060542178,0.00060542178,0.00010683914,0.00010683914,0.00071226092,0.00071226092,-1.9182731e-14,-1.9182731e-14,-3.1441863e-17,-3.1441863e-17,2.515349e-16,2.515349e-16,-0.00010683914,-0.00010683914,-1.3319765e-06,-1.3319765e-06,-6.5359746e-17,-6.5359746e-17,-1.13218e-06,-1.13218e-06,-1.9979647e-07,-1.9979647e-07,0.00058039525,0.00058039525,-1.9198049e-14,-1.9198049e-14,0.63169006,0.63169006,-1.2102142e-12,-1.2102142e-12,0.32216379,0.32216379,-6.0500761e-13,-6.0500761e-13,-1.0215448e-15,-1.0215448e-15,0.00071226092,0.00071226092,-5.4875549e-17,-5.4875549e-17,-3.8141292e-15,-3.8141292e-15,-1.8746258e-14,-1.8746258e-14,1.8746258e-14,1.8746258e-14,8.1630116e-18,8.1630116e-18,4.2291285e-18,4.2291285e-18,-0.0020276547,-0.0020276547,-5.1230628e-17,-5.1230628e-17,-3.9092173e-17,-3.9092173e-17,4.4037805e-19,4.4037805e-19,4.8459795e-06,4.8459795e-06,4.1436635e-31,4.1436635e-31
1.8187557e-14,1.8187557e-14,-1.4000234e-16,-1.4000234e-16,1.8047555e-14,1.8047555e-14,1.9316517e-14,1.9316517e-14,1.1289595e-15,1.1289595e-15,-0.0014916604,-0.0014916604,-0.00010663335,-0.00010663335,-0.0014881705,-0.0014881705,-0.00010663335,-0.00010663335,-6.8392654e-17,-6.8392654e-17,1.5019112e-16,1.5019112e-16,0.00071088897,0.00071088897,-1.917615e-14,-1.917615e-14,1.9504069e-15,1.9504069e-15,9.7433814e-16,9.7433814e-16,-1.3253913e-16,-1.3253913e-16,-0.00060425563,-0.00060425563,-0.00010663335,-0.00010663335,-0.00060425563,-0.00060425563,-0.00010663335,-0.00010663335,1.8893548e-16,1.8893548e-16,-1.1279455e-16,-1.1279455e-16,-0.00071088897,-0.00071088897,7.9809568e-17,7.9809568e-17,0.001215383,0.001215383,-2.0376531e-15,-2.0376531e-15,0.00060425563,0.00060425563,0.00010663335,0.00010663335,0.00060425563,0.00060425563,0.00010663335,0.00010663335,0.00071088897,0.00071088897,-1.9203258e-14,-1.9203258e-14,-3.4477629e-17,-3.4477629e-17,2.4643915e-16,2.4643915e-16,-0.00010663335,-0.00010663335,-1.3719425e-06,-1.3719425e-06,-6.2144707e-17,-6.2144707e-17,-1.1661511e-06,-1.1661511e-06,-2.0579137e-07,-2.0579137e-07,0.00057506667,0.00057506667,-1.9215628e-14,-1.9215628e-14,0.62776569,0.62776569,-1.2113094e-12,-1.2113094e-12,0.32126867,0.32126867,-6.0554719e-13,-6.0554719e-13,-1.0157084e-15,-1.0157084e-15,0.00071088897,0.00071088897,-5.5580239e-17,-5.5580239e-17,-3.8188278e-15,-3.8188278e-15,-1.9044203e-14,-1.9044203e-14,1.9044203e-14,1.9044203e-14,8.0456742e-18,8.0456742e-18,4.2005842e-18,4.2005842e-18,-0.001926272,-0.001926272,-5.0959189e-17,-5.0959189e-17,-3.9227791e-17,-3.9227791e-17,4.368565e-19,4.368565e-19,4.7985445e-06,4.7985445e-06,3.7449718e-31,3.7449718e-31
1.821334e-14,1.821334e-14,-1.3651204e-16,-1.3651204e-16,1.8076828e-14,1.8076828e-14,1.9338067e-14,1.9338067e-14,1.1247272e-15,1.1247272e-15,-0.001421407,-0.001421407,-0.00010642191,-0.00010642191,-0.0014179513,-0.0014179513,-0.00010642191,-0.00010642191,-6.5651854e-17,-6.5651854e-17,1.490196e-16,1.490196e-16,0.0007094794,0.0007094794,-1.9194543e-14,-1.9194543e-14,1.892843e-15,1.892843e-15,9.4548471e-16,9.4548471e-16,-1.2676636e-16,-1.2676636e-16,-0.00060305749,-0.00060305749,-0.00010642191,-0.00010642191,-0.00060305749,-0.00060305749,-0.00010642191,-0.00010642191,1.8723706e-16,1.8723706e-16,-1.1524688e-16,-1.1524688e-16,-0.0007094794,-0.0007094794,7.5787608e-17,7.5787608e-17,0.001120479,0.001120479,-1.9588574e-15,-1.9588574e-15,0.00060305749,0.00060305749,0.00010642191,0.00010642191,0.00060305749,0.00060305749,0.00010642191,0.00010642191,0.0007094794,0.0007094794,-1.9222831e-14,-1.9222831e-14,-3.7513395e-17,-3.7513395e-17,2.4156024e-16,2.4156024e-16,-0.00010642191,-0.00010642191,-1.4095795e-06,-1.4095795e-06,-5.9089966e-17,-5.9089966e-17,-1.1981426e-06,-1.1981426e-06,-2.1143693e-07,-2.1143693e-07,0.00056993102,0.00056993102,-1.9232405e-14,-1.9232405e-14,0.62395171,0.62395171,-1.212355e-12,-1.212355e-12,0.32037111,0.32037111,-6.0606256e-13,-6.0606256e-13,-1.0093928e-15,-1.0093928e-15,0.0007094794,0.0007094794,-5.6249776e-17,-5.6249776e-17,-3.8233143e-15,-3.8233143e-15,-1.9342025e-14,-1.9342025e-14,1.9342025e-14,1.9342025e-14,7.9297299e-18,7.9297299e-18,4.1728614e-18,4.1728614e-18,-0.0018299584,-0.0018299584,-5.0691041e-17,-5.0691041e-17,-3.9350499e-17,-3.9350499e-17,4.3344902e-19,4.3344902e-19,4.751641e-06,4.751641e-06,3.3848468e-31,3.3848468e-31
1.8238805e-14,1.8238805e-14,-1.3337818e-16,-1.3337818e-16,1.8105427e-14,1.8105427e-14,1.9358547e-14,1.9358547e-14,1.1197414e-15,1.1197414e-15,-0.001354652,-0.001354652,-0.00010620516,-0.00010620516,-0.00135123,-0.00135123,-0.00010620516,-0.00010620516,-6.3224986e-17,-6.3224986e-17,1.4788557e-16,1.4788557e-16,0.00070803439,0.00070803439,-1.9212096e-14,-1.9212096e-14,1.8379652e-15,1.8379652e-15,9.1802811e-16,9.1802811e-16,-1.2127915e-16,-1.2127915e-16,-0.00060182923,-0.00060182923,-0.00010620516,-0.00010620516,-0.00060182923,-0.00060182923,-0.00010620516,-0.00010620516,1.8553085e-16,1.8553085e-16,-1.1751688e-16,-1.1751688e-16,-0.00070803439,-0.00070803439,7.1932783e-17,7.1932783e-17,0.0010304261,0.0010304261,-1.8839669e-15,-1.8839669e-15,0.00060182923,0.00060182923,0.00010620516,0.00010620516,0.00060182923,0.00060182923,0.00010620516,0.00010620516,0.00070803439,0.00070803439,-1.9241496e-14,-1.9241496e-14,-4.0223901e-17,-4.0223901e-17,2.3722344e-16,2.3722344e-16,-0.00010620516,-0.00010620516,-1.4450052e-06,-1.4450052e-06,-5.6187511e-17,-5.6187511e-17,-1.2282544e-06,-1.2282544e-06,-2.1675078e-07,-2.1675078e-07,0.00056497888,0.00056497888,-1.9248422e-14,-1.9248422e-14,0.62024288,0.62024288,-1.2133536e-12,-1.2133536e-12,0.31947137,0.31947137,-6.0655493e-13,-6.0655493e-13,-1.0029208e-15,-1.0029208e-15,0.00070803439,0.00070803439,-5.6830922e-17,-5.6830922e-17,-3.8275991e-15,-3.8275991e-15,-1.9639703e-14,-1.9639703e-14,1.9639703e-14,1.9639703e-14,7.8152052e-18,7.8152052e-18,4.1459248e-18,4.1459248e-18,-0.0017384605,-0.0017384605,-5.0426208e-17,-5.0426208e-17,-3.9460928e-17,-3.9460928e-17,4.3015056e-19,4.3015056e-19,4.7052615e-06,4.7052615e-06,3.0595461e-31,3.0595461e-31
1.8263346e-14,1.8263346e-14,-1.3027214e-16,-1.3027214e-16,1.8133074e-14,1.8133074e-14,1.9378009e-14,1.9378009e-14,1.1146628e-15,1.1146628e-15,-0.0012912205,-0.0012912205,-0.00010598341,-0.00010598341,-0.0012878318,-0.0012878318,-0.00010598341,-0.00010598341,-6.0668677e-17,-6.0668677e-17,1.4678736e-16,1.4678736e-16,0.00070655606,0.00070655606,-1.922885e-14,-1.922885e-14,1.7858374e-15,1.7858374e-15,8.921023e-16,8.921023e-16,-1.1606323e-16,-1.1606323e-16,-0.00060057265,-0.00060057265,-0.00010598341,-0.00010598341,-0.00060057265,-0.00060057265,-0.00010598341,-0.00010598341,1.8381703e-16,1.8381703e-16,-1.1961376e-16,-1.1961376e-16,-0.00070655606,-0.00070655606,6.8236431e-17,6.8236431e-17,0.00094498138,0.00094498138,-1.8127867e-15,-1.8127867e-15,0.00060057265,0.00060057265,0.00010598341,0.00010598341,0.00060057265,0.00060057265,0.00010598341,0.00010598341,0.00070655606,0.00070655606,-1.9259299e-14,-1.9259299e-14,-4.2609145e-17,-4.2609145e-17,2.3277821e-16,2.3277821e-16,-0.00010598341,-0.00010598341,-1.4783309e-06,-1.4783309e-06,-5.3429732e-17,-5.3429732e-17,-1.2565813e-06,-1.2565813e-06,-2.2174964e-07,-2.2174964e-07,0.0005602013,0.0005602013,-1.9263714e-14,-1.9263714e-14,0.61663421,0.61663421,-1.2143073e-12,-1.2143073e-12,0.31856971,0.31856971,-6.0702543e-13,-6.0702543e-13,-9.9607744e-16,-9.9607744e-16,0.00070655606,0.00070655606,-5.7412124e-17,-5.7412124e-17,-3.8316924e-15,-3.8316924e-15,-1.9937216e-14,-1.9937216e-14,1.9937216e-14,1.9937216e-14,7.7021229e-18,7.7021229e-18,4.1197404e-18,4.1197404e-18,-0.0016515374,-0.0016515374,-5.0164707e-17,-5.0164707e-17,-3.9559676e-17,-3.9559676e-17,4.2695628e-19,4.2695628e-19,4.6593989e-06,4.6593989e-06,2.7656911e-31,2.7656911e-31
1.8287388e-14,1.8287388e-14,-1.2725077e-16,-1.2725077e-16,1.8160138e-14,1.8160138e-14,1.9396504e-14,1.9396504e-14,1.1091157e-15,1.1091157e-15,-0.0012309463,-0.0012309463,-0.00010575696,-0.00010575696,-0.0012275907,-0.0012275907,-0.00010575696,-0.00010575696,-5.8396768e-17,-5.8396768e-17,1.4572336e-16,1.4572336e-16,0.0007050464,0.0007050464,-1.9244845e-14,-1.9244845e-14,1.7361896e-15,1.7361896e-15,8.6717824e-16,8.6717824e-16,-1.1110505e-16,-1.1110505e-16,-0.00059928944,-0.00059928944,-0.00010575696,-0.00010575696,-0.00059928944,-0.00059928944,-0.00010575696,-0.00010575696,1.8209576e-16,1.8209576e-16,-1.2154625e-16,-1.2154625e-16,-0.0007050464,-0.0007050464,6.4690337e-17,6.4690337e-17,0.00086391417,0.00086391417,-1.7451318e-15,-1.7451318e-15,0.00059928944,0.00059928944,0.00010575696,0.00010575696,0.00059928944,0.00059928944,0.00010575696,0.00010575696,0.0007050464,0.0007050464,-1.9276283e-14,-1.9276283e-14,-4.499439e-17,-4.499439e-17,2.2865824e-16,2.2865824e-16,-0.00010575696,-0.00010575696,-1.5096629e-06,-1.5096629e-06,-5.08094e-17,-5.08094e-17,-1.2832135e-06,-1.2832135e-06,-2.2644943e-07,-2.2644943e-07,0.00055558977,0.00055558977,-1.9278318e-14,-1.9278318e-14,0.61312096,0.61312096,-1.2152185e-12,-1.2152185e-12,0.31766638,0.31766638,-6.0747514e-13,-6.0747514e-13,-9.8902124e-16,-9.8902124e-16,0.0007050464,0.0007050464,-5.7901687e-17,-5.7901687e-17,-3.8356036e-15,-3.8356036e-15,-2.0234545e-14,-2.0234545e-14,2.0234545e-14,2.0234545e-14,7.5905027e-18,7.5905027e-18,4.0942755e-18,4.0942755e-18,-0.0015689606,-0.0015689606,-4.9906546e-17,-4.9906546e-17,-3.964732e-17,-3.964732e-17,4.2386153e-19,4.2386153e-19,4.6140458e-06,4.6140458e-06,2.5002315e-31,2.5002315e-31
1.8310864e-14,1.8310864e-14,-1.2442042e-16,-1.2442042e-16,1.8186443e-14,1.8186443e-14,1.9414081e-14,1.9414081e-14,1.1032168e-15,1.1032168e-15,-0.0011736717,-0.0011736717,-0.00010552609,-0.00010552609,-0.0011703487,-0.0011703487,-0.00010552609,-0.00010552609,-5.616292e-17,-5.616292e-17,1.4469205e-16,1.4469205e-16,0.00070350729,0.00070350729,-1.9260117e-14,-1.9260117e-14,1.6889663e-15,1.6889663e-15,8.4358882e-16,8.4358882e-16,-1.0639174e-16,-1.0639174e-16,-0.0005979812,-0.0005979812,-0.00010552609,-0.00010552609,-0.0005979812,-0.0005979812,-0.00010552609,-0.00010552609,1.8036724e-16,1.8036724e-16,-1.2332268e-16,-1.2332268e-16,-0.00070350729,-0.00070350729,6.1286713e-17,6.1286713e-17,0.00078700524,0.00078700524,-1.6808261e-15,-1.6808261e-15,0.0005979812,0.0005979812,0.00010552609,0.00010552609,0.0005979812,0.0005979812,0.00010552609,0.00010552609,0.00070350729,0.00070350729,-1.9292487e-14,-1.9292487e-14,-4.7162795e-17,-4.7162795e-17,2.2486353e-16,2.2486353e-16,-0.00010552609,-0.00010552609,-1.5391017e-06,-1.5391017e-06,-4.8319648e-17,-4.8319648e-17,-1.3082364e-06,-1.3082364e-06,-2.3086525e-07,-2.3086525e-07,0.00055113623,0.00055113623,-1.9292267e-14,-1.9292267e-14,0.60969861,0.60969861,-1.2160893e-12,-1.2160893e-12,0.31676159,0.31676159,-6.0790508e-13,-6.0790508e-13,-9.8164464e-16,-9.8164464e-16,0.00070350729,0.00070350729,-5.8322663e-17,-5.8322663e-17,-3.8393418e-15,-3.8393418e-15,-2.053167e-14,-2.053167e-14,2.053167e-14,2.053167e-14,7.4803609e-18,7.4803609e-18,4.0694988e-18,4.0694988e-18,-0.0014905125,-0.0014905125,-4.9651725e-17,-4.9651725e-17,-3.9724407e-17,-3.9724407e-17,4.2086186e-19,4.2086186e-19,4.5691952e-06,4.5691952e-06,2.2604137e-31,2.2604137e-31
1.8333646e-14,1.8333646e-14,-1.2150749e-16,-1.2150749e-16,1.8212139e-14,1.8212139e-14,1.9430784e-14,1.9430784e-14,1.0971372e-15,1.0971372e-15,-0.0011192467,-0.0011192467,-0.00010529108,-0.00010529108,-0.0011159559,-0.0011159559,-0.00010529108,-0.00010529108,-5.3928447e-17,-5.3928447e-17,1.4369197e-16,1.4369197e-16,0.00070194055,0.00070194055,-1.9274703e-14,-1.9274703e-14,1.6440089e-15,1.6440089e-15,8.2123539e-16,8.2123539e-16,-1.0191107e-16,-1.0191107e-16,-0.00059664947,-0.00059664947,-0.00010529108,-0.00010529108,-0.00059664947,-0.00059664947,-0.00010529108,-0.00010529108,1.7863164e-16,1.7863164e-16,-1.2495092e-16,-1.2495092e-16,-0.00070194055,-0.00070194055,5.801817e-17,5.801817e-17,0.00071404636,0.00071404636,-1.6197025e-15,-1.6197025e-15,0.00059664947,0.00059664947,0.00010529108,0.00010529108,0.00059664947,0.00059664947,0.00010529108,0.00010529108,0.00070194055,0.00070194055,-1.930795e-14,-1.930795e-14,-4.9005938e-17,-4.9005938e-17,2.2074356e-16,2.2074356e-16,-0.00010529108,-0.00010529108,-1.566743e-06,-1.566743e-06,-4.5953949e-17,-4.5953949e-17,-1.3317316e-06,-1.3317316e-06,-2.3501145e-07,-2.3501145e-07,0.00054683299,0.00054683299,-1.9305595e-14,-1.9305595e-14,0.60636288,0.60636288,-1.2169215e-12,-1.2169215e-12,0.31585557,0.31585557,-6.0831623e-13,-6.0831623e-13,-9.7432851e-16,-9.7432851e-16,0.00070194055,0.00070194055,-5.8757778e-17,-5.8757778e-17,-3.8429157e-15,-3.8429157e-15,-2.0828575e-14,-2.0828575e-14,2.0828575e-14,2.0828575e-14,7.3717113e-18,7.3717113e-18,4.0453801e-18,4.0453801e-18,-0.0014159869,-0.0014159869,-4.9400235e-17,-4.9400235e-17,-3.9791461e-17,-3.9791461e-17,4.17953e-19,4.17953e-19,4.5248398e-06,4.5248398e-06,2.0437516e-31,2.0437516e-31
1.8356482e-14,1.8356482e-14,-1.1921982e-16,-1.1921982e-16,1.8237262e-14,1.8237262e-14,1.9446656e-14,1.9446656e-14,1.0901749e-15,1.0901749e-15,-0.0010675289,-0.0010675289,-0.00010505218,-0.00010505218,-0.00106427,-0.00106427,-0.00010505218,-0.00010505218,-5.2079608e-17,-5.2079608e-17,1.427217e-16,1.427217e-16,0.00070034787,0.00070034787,-1.9288637e-14,-1.9288637e-14,1.6008178e-15,1.6008178e-15,7.9945842e-16,7.9945842e-16,-9.7651425e-17,-9.7651425e-17,-0.00059529569,-0.00059529569,-0.00010505218,-0.00010505218,-0.00059529569,-0.00059529569,-0.00010505218,-0.00010505218,1.7688914e-16,1.7688914e-16,-1.2643848e-16,-1.2643848e-16,-0.00070034787,-0.00070034787,5.4877705e-17,5.4877705e-17,0.00064483969,0.00064483969,-1.5616024e-15,-1.5616024e-15,0.00059529569,0.00059529569,0.00010505218,0.00010505218,0.00059529569,0.00059529569,0.00010505218,0.00010505218,0.00070034787,0.00070034787,-1.932271e-14,-1.932271e-14,-5.0632241e-17,-5.0632241e-17,2.1738254e-16,2.1738254e-16,-0.00010505218,-0.00010505218,-1.5926778e-06,-1.5926778e-06,-4.3706107e-17,-4.3706107e-17,-1.3537761e-06,-1.3537761e-06,-2.3890167e-07,-2.3890167e-07,0.00054267277,0.00054267277,-1.9318331e-14,-1.9318331e-14,0.60310971,0.60310971,-1.2177172e-12,-1.2177172e-12,0.31494853,0.31494853,-6.087095e-13,-6.087095e-13,-9.6647249e-16,-9.6647249e-16,0.00070034787,0.00070034787,-5.91097e-17,-5.91097e-17,-3.8463333e-15,-3.8463333e-15,-2.112524e-14,-2.112524e-14,2.112524e-14,2.112524e-14,7.2645648e-18,7.2645648e-18,4.0218906e-18,4.0218906e-18,-0.0013451876,-0.0013451876,-4.9152062e-17,-4.9152062e-17,-3.9848981e-17,-3.9848981e-17,4.1513087e-19,4.1513087e-19,4.4809726e-06,4.4809726e-06,1.8480006e-31,1.8480006e-31
1.8378399e-14,1.8378399e-14,-1.1655151e-16,-1.1655151e-16,1.8261847e-14,1.8261847e-14,1.946174e-14,1.946174e-14,1.0833412e-15,1.0833412e-15,-0.001018383,-0.001018383,-0.00010480963,-0.00010480963,-0.0010151557,-0.0010151557,-0.00010480963,-0.00010480963,-5.012698e-17,-5.012698e-17,1.4177991e-16,1.4177991e-16,0.00069873088,0.00069873088,-1.930195e-14,-1.930195e-14,1.5601458e-15,1.5601458e-15,7.792815e-16,7.792815e-16,-9.3601762e-17,-9.3601762e-17,-0.00059392125,-0.00059392125,-0.00010480963,-0.00010480963,-0.00059392125,-0.00059392125,-0.00010480963,-0.00010480963,1.7513995e-16,1.7513995e-16,-1.2779247e-16,-1.2779247e-16,-0.00069873088,-0.00069873088,5.1858674e-17,5.1858674e-17,0.00057919731,0.00057919731,-1.5063748e-15,-1.5063748e-15,0.00059392125,0.00059392125,0.00010480963,0.00010480963,0.00059392125,0.00059392125,0.00010480963,0.00010480963,0.00069873088,0.00069873088,-1.9336799e-14,-1.9336799e-14,-5.1933284e-17,-5.1933284e-17,2.1369625e-16,2.1369625e-16,-0.00010480963,-0.00010480963,-1.6169923e-06,-1.6169923e-06,-4.1570233e-17,-4.1570233e-17,-1.3744435e-06,-1.3744435e-06,-2.4254884e-07,-2.4254884e-07,0.00053864864,0.00053864864,-1.9330504e-14,-1.9330504e-14,0.59993522,0.59993522,-1.2184781e-12,-1.2184781e-12,0.31404065,0.31404065,-6.0908578e-13,-6.0908578e-13,-9.584311e-16,-9.584311e-16,0.00069873088,0.00069873088,-5.9461175e-17,-5.9461175e-17,-3.8496025e-15,-3.8496025e-15,-2.1421649e-14,-2.1421649e-14,2.1421649e-14,2.1421649e-14,7.1589298e-18,7.1589298e-18,3.9990026e-18,3.9990026e-18,-0.0012779282,-0.0012779282,-4.8907186e-17,-4.8907186e-17,-3.9897445e-17,-3.9897445e-17,4.1239155e-19,4.1239155e-19,4.4375866e-06,4.4375866e-06,1.6711344e-31,1.6711344e-31
1.8400201e-14,1.8400201e-14,-1.1438002e-16,-1.1438002e-16,1.8285821e-14,1.8285821e-14,1.9476074e-14,1.9476074e-14,1.0758725e-15,1.0758725e-15,-0.00097168042,-0.00097168042,-0.00010456367,-0.00010456367,-0.00096848429,-0.00096848429,-0.00010456367,-0.00010456367,-4.8440599e-17,-4.8440599e-17,1.4086531e-16,1.4086531e-16,0.00069709111,0.00069709111,-1.9314673e-14,-1.9314673e-14,1.5209373e-15,1.5209373e-15,7.5959213e-16,7.5959213e-16,-8.9751598e-17,-8.9751598e-17,-0.00059252745,-0.00059252745,-0.00010456367,-0.00010456367,-0.00059252745,-0.00059252745,-0.00010456367,-0.00010456367,1.7338424e-16,1.7338424e-16,-1.2901965e-16,-1.2901965e-16,-0.00069709111,-0.00069709111,4.895478e-17,4.895478e-17,0.00051694067,0.00051694067,-1.4538765e-15,-1.4538765e-15,0.00059252745,0.00059252745,0.00010456367,0.00010456367,0.00059252745,0.00059252745,0.00010456367,0.00010456367,0.00069709111,0.00069709111,-1.9350253e-14,-1.9350253e-14,-5.3342747e-17,-5.3342747e-17,2.1055206e-16,2.1055206e-16,-0.00010456367,-0.00010456367,-1.6397686e-06,-1.6397686e-06,-3.9540732e-17,-3.9540732e-17,-1.3938033e-06,-1.3938033e-06,-2.4596529e-07,-2.4596529e-07,0.00053475402,0.00053475402,-1.9342142e-14,-1.9342142e-14,0.59683576,0.59683576,-1.2192059e-12,-1.2192059e-12,0.31313213,0.31313213,-6.0944591e-13,-6.0944591e-13,-9.500851e-16,-9.500851e-16,0.00069709111,0.00069709111,-5.9648341e-17,-5.9648341e-17,-3.8527306e-15,-3.8527306e-15,-2.1717785e-14,-2.1717785e-14,2.1717785e-14,2.1717785e-14,7.0548127e-18,7.0548127e-18,3.9766897e-18,3.9766897e-18,-0.0012140318,-0.0012140318,-4.866558e-17,-4.866558e-17,-3.9937307e-17,-3.9937307e-17,4.0973132e-19,4.0973132e-19,4.3946748e-06,4.3946748e-06,1.5113232e-31,1.5113232e-31
1.8421332e-14,1.8421332e-14,-1.1211666e-16,-1.1211666e-16,1.8309216e-14,1.8309216e-14,1.9489695e-14,1.9489695e-14,1.0683625e-15,1.0683625e-15,-0.00092729908,-0.00092729908,-0.0001043145,-0.0001043145,-0.00092413382,-0.00092413382,-0.0001043145,-0.0001043145,-4.6732456e-17,-4.6732456e-17,1.3997666e-16,1.3997666e-16,0.00069543003,0.00069543003,-1.9326835e-14,-1.9326835e-14,1.4838655e-15,1.4838655e-15,7.4100382e-16,7.4100382e-16,-8.6090972e-17,-8.6090972e-17,-0.00059111552,-0.00059111552,-0.0001043145,-0.0001043145,-0.00059111552,-0.00059111552,-0.0001043145,-0.0001043145,1.716222e-16,1.716222e-16,-1.3012645e-16,-1.3012645e-16,-0.00069543003,-0.00069543003,4.616005e-17,4.616005e-17,0.00045790016,0.00045790016,-1.4039713e-15,-1.4039713e-15,0.00059111552,0.00059111552,0.0001043145,0.0001043145,0.00059111552,0.00059111552,0.0001043145,0.0001043145,0.00069543003,0.00069543003,-1.9363101e-14,-1.9363101e-14,-5.4643789e-17,-5.4643789e-17,2.0740788e-16,2.0740788e-16,-0.0001043145,-0.0001043145,-1.6610845e-06,-1.6610845e-06,-3.7612291e-17,-3.7612291e-17,-1.4119219e-06,-1.4119219e-06,-2.4916268e-07,-2.4916268e-07,0.00053098266,0.00053098266,-1.9353272e-14,-1.9353272e-14,0.59380781,0.59380781,-1.2199022e-12,-1.2199022e-12,0.31222314,0.31222314,-6.0979067e-13,-6.0979067e-13,-9.4169729e-16,-9.4169729e-16,0.00069543003,0.00069543003,-5.9892689e-17,-5.9892689e-17,-3.8557245e-15,-3.8557245e-15,-2.2013633e-14,-2.2013633e-14,2.2013633e-14,2.2013633e-14,6.9522172e-18,6.9522172e-18,3.9549266e-18,3.9549266e-18,-0.0011533302,-0.0011533302,-4.8427215e-17,-4.8427215e-17,-3.9969001e-17,-3.9969001e-17,4.0714658e-19,4.0714658e-19,4.3522304e-06,4.3522304e-06,1.3669154e-31,1.3669154e-31
1.8442156e-14,1.8442156e-14,-1.0998767e-16,-1.0998767e-16,1.8332169e-14,1.8332169e-14,1.9502638e-14,1.9502638e-14,1.0604817e-15,1.0604817e-15,-0.00088512296,-0.00088512296,-0.00010406235,-0.00010406235,-0.00088198824,-0.00088198824,-0.00010406235,-0.00010406235,-4.5032649e-17,-4.5032649e-17,1.391128e-16,1.391128e-16,0.00069374901,0.00069374901,-1.9338464e-14,-1.9338464e-14,1.4485208e-15,1.4485208e-15,7.2337015e-16,7.2337015e-16,-8.2610421e-17,-8.2610421e-17,-0.00058968666,-0.00058968666,-0.00010406235,-0.00010406235,-0.00058968666,-0.00058968666,-0.00010406235,-0.00010406235,1.6985404e-16,1.6985404e-16,-1.3111897e-16,-1.3111897e-16,-0.00069374901,-0.00069374901,4.3468821e-17,4.3468821e-17,0.00040191467,0.00040191467,-1.3565298e-15,-1.3565298e-15,0.00058968666,0.00058968666,0.00010406235,0.00010406235,0.00058968666,0.00058968666,0.00010406235,0.00010406235,0.00069374901,0.00069374901,-1.9375374e-14,-1.9375374e-14,-5.5511151e-17,-5.5511151e-17,2.0437211e-16,2.0437211e-16,-0.00010406235,-0.00010406235,-1.6810142e-06,-1.6810142e-06,-3.577986e-17,-3.577986e-17,-1.4288621e-06,-1.4288621e-06,-2.5215213e-07,-2.5215213e-07,0.00052732861,0.00052732861,-1.9363919e-14,-1.9363919e-14,0.59084807,0.59084807,-1.2205686e-12,-1.2205686e-12,0.31131384,0.31131384,-6.1012081e-13,-6.1012081e-13,-9.3314937e-16,-9.3314937e-16,0.00069374901,0.00069374901,-6.0122589e-17,-6.0122589e-17,-3.8585911e-15,-3.8585911e-15,-2.2309176e-14,-2.2309176e-14,2.2309176e-14,2.2309176e-14,6.8511455e-18,6.8511455e-18,3.9336889e-18,3.9336889e-18,-0.0010956637,-0.0010956637,-4.8192057e-17,-4.8192057e-17,-3.9992941e-17,-3.9992941e-17,4.0463394e-19,4.0463394e-19,4.3102468e-06,4.3102468e-06,1.2364193e-31,1.2364193e-31
1.8462727e-14,1.8462727e-14,-1.0790914e-16,-1.0790914e-16,1.8354818e-14,1.8354818e-14,1.9514937e-14,1.9514937e-14,1.0522103e-15,1.0522103e-15,-0.00084504185,-0.00084504185,-0.00010380741,-0.00010380741,-0.00084193733,-0.00084193733,-0.00010380741,-0.00010380741,-4.3472893e-17,-4.3472893e-17,1.382726e-16,1.382726e-16,0.00069204939,0.00069204939,-1.9349586e-14,-1.9349586e-14,1.4147832e-15,1.4147832e-15,7.0661526e-16,7.0661526e-16,-7.9300955e-17,-7.9300955e-17,-0.00058824198,-0.00058824198,-0.00010380741,-0.00010380741,-0.00058824198,-0.00058824198,-0.00010380741,-0.00010380741,1.6807993e-16,1.6807993e-16,-1.32003e-16,-1.32003e-16,-0.00069204939,-0.00069204939,4.0875724e-17,4.0875724e-17,0.00034883111,0.00034883111,-1.3114293e-15,-1.3114293e-15,0.00058824198,0.00058824198,0.00010380741,0.00010380741,0.00058824198,0.00058824198,0.00010380741,0.00010380741,0.00069204939,0.00069204939,-1.9387099e-14,-1.9387099e-14,-5.6486933e-17,-5.6486933e-17,2.0155318e-16,2.0155318e-16,-0.00010380741,-0.00010380741,-1.6996279e-06,-1.6996279e-06,-3.4038645e-17,-3.4038645e-17,-1.4446837e-06,-1.4446837e-06,-2.5494418e-07,-2.5494418e-07,0.00052378623,0.00052378623,-1.9374105e-14,-1.9374105e-14,0.58795339,0.58795339,-1.2212066e-12,-1.2212066e-12,0.3104044,0.3104044,-6.1043706e-13,-6.1043706e-13,-9.2452481e-16,-9.2452481e-16,0.00069204939,0.00069204939,-6.0279614e-17,-6.0279614e-17,-3.8613365e-15,-3.8613365e-15,-2.2604401e-14,-2.2604401e-14,2.2604401e-14,2.2604401e-14,6.7515975e-18,6.7515975e-18,3.9129536e-18,3.9129536e-18,-0.0010408805,-0.0010408805,-4.7960066e-17,-4.7960066e-17,-4.0009522e-17,-4.0009522e-17,4.0219011e-19,4.0219011e-19,4.2687172e-06,4.2687172e-06,1.1184883e-31,1.1184883e-31
1.8482662e-14,1.8482662e-14,-1.0590617e-16,-1.0590617e-16,1.8376756e-14,1.8376756e-14,1.9526624e-14,1.9526624e-14,1.0439614e-15,1.0439614e-15,-0.00080695105,-0.00080695105,-0.00010354986,-0.00010354986,-0.00080387641,-0.00080387641,-0.00010354986,-0.00010354986,-4.1853173e-17,-4.1853173e-17,1.3745499e-16,1.3745499e-16,0.00069033239,0.00069033239,-1.9360225e-14,-1.9360225e-14,1.3828542e-15,1.3828542e-15,6.9054869e-16,6.9054869e-16,-7.6154035e-17,-7.6154035e-17,-0.00058678253,-0.00058678253,-0.00010354986,-0.00010354986,-0.00058678253,-0.00058678253,-0.00010354986,-0.00010354986,1.6630008e-16,1.6630008e-16,-1.3278406e-16,-1.3278406e-16,-0.00069033239,-0.00069033239,3.8375669e-17,3.8375669e-17,0.00029850408,0.00029850408,-1.2685529e-15,-1.2685529e-15,0.00058678253,0.00058678253,0.00010354986,0.00010354986,0.00058678253,0.00058678253,0.00010354986,0.00010354986,0.00069033239,0.00069033239,-1.9398305e-14,-1.9398305e-14,-5.7679556e-17,-5.7679556e-17,1.9851742e-16,1.9851742e-16,-0.00010354986,-0.00010354986,-1.7169923e-06,-1.7169923e-06,-3.2384088e-17,-3.2384088e-17,-1.4594435e-06,-1.4594435e-06,-2.5754885e-07,-2.5754885e-07,0.00052035015,0.00052035015,-1.9383854e-14,-1.9383854e-14,0.58512076,0.58512076,-1.2218176e-12,-1.2218176e-12,0.30949495,0.30949495,-6.107401e-13,-6.107401e-13,-9.1568975e-16,-9.1568975e-16,0.00069033239,0.00069033239,-6.0419029e-17,-6.0419029e-17,-3.8639667e-15,-3.8639667e-15,-2.2899293e-14,-2.2899293e-14,2.2899293e-14,2.2899293e-14,6.6535717e-18,6.6535717e-18,3.8926983e-18,3.8926983e-18,-0.00098883647,-0.00098883647,-4.7731202e-17,-4.7731202e-17,-4.0019119e-17,-4.0019119e-17,3.9981198e-19,3.9981198e-19,4.2276353e-06,4.2276353e-06,1.0119065e-31,1.0119065e-31
1.8502527e-14,1.8502527e-14,-1.0408333e-16,-1.0408333e-16,1.8398444e-14,1.8398444e-14,1.9537728e-14,1.9537728e-14,1.0352013e-15,1.0352013e-15,-0.0007707511,-0.0007707511,-0.00010328988,-0.00010328988,-0.00076770601,-0.00076770601,-0.00010328988,-0.00010328988,-4.0509426e-17,-4.0509426e-17,1.3665894e-16,1.3665894e-16,0.00068859922,0.00068859922,-1.9370406e-14,-1.9370406e-14,1.352019e-15,1.352019e-15,6.7514603e-16,6.7514603e-16,-7.3161546e-17,-7.3161546e-17,-0.00058530934,-0.00058530934,-0.00010328988,-0.00010328988,-0.00058530934,-0.00058530934,-0.00010328988,-0.00010328988,1.6451467e-16,1.6451467e-16,-1.3346737e-16,-1.3346737e-16,-0.00068859922,-0.00068859922,3.5963829e-17,3.5963829e-17,0.00025079542,0.00025079542,-1.2277898e-15,-1.2277898e-15,0.00058530934,0.00058530934,0.00010328988,0.00010328988,0.00058530934,0.00058530934,0.00010328988,0.00010328988,0.00068859922,0.00068859922,-1.9409016e-14,-1.9409016e-14,-5.8004816e-17,-5.8004816e-17,1.9580691e-16,1.9580691e-16,-0.00010328988,-0.00010328988,-1.7331711e-06,-1.7331711e-06,-3.0811862e-17,-3.0811862e-17,-1.4731954e-06,-1.4731954e-06,-2.5997566e-07,-2.5997566e-07,0.00051701529,0.00051701529,-1.9393187e-14,-1.9393187e-14,0.58234735,0.58234735,-1.2224028e-12,-1.2224028e-12,0.30858565,0.30858565,-6.1103057e-13,-6.1103057e-13,-9.0653941e-16,-9.0653941e-16,0.00068859922,0.00068859922,-6.0531395e-17,-6.0531395e-17,-3.8664875e-15,-3.8664875e-15,-2.3193837e-14,-2.3193837e-14,2.3193837e-14,2.3193837e-14,6.5570647e-18,6.5570647e-18,3.8729019e-18,3.8729019e-18,-0.00093939465,-0.00093939465,-4.750542e-17,-4.750542e-17,-4.0022091e-17,-4.0022091e-17,3.9749658e-19,3.9749658e-19,4.1869945e-06,4.1869945e-06,9.1557608e-32,9.1557608e-32
1.8522156e-14,1.8522156e-14,-1.0235941e-16,-1.0235941e-16,1.8419796e-14,1.8419796e-14,1.954828e-14,1.954828e-14,1.0261239e-15,1.0261239e-15,-0.0007363475,-0.0007363475,-0.00010302765,-0.00010302765,-0.00073333165,-0.00073333165,-0.00010302765,-0.00010302765,-3.9338053e-17,-3.9338053e-17,1.3588348e-16,1.3588348e-16,0.000686851,0.000686851,-1.938015e-14,-1.938015e-14,1.3225778e-15,1.3225778e-15,6.6041983e-16,6.6041983e-16,-7.0315781e-17,-7.0315781e-17,-0.00058382335,-0.00058382335,-0.00010302765,-0.00010302765,-0.00058382335,-0.00058382335,-0.00010302765,-0.00010302765,1.6272389e-16,1.6272389e-16,-1.340579e-16,-1.340579e-16,-0.000686851,-0.000686851,3.3635627e-17,3.3635627e-17,0.00020557392,0.00020557392,-1.1890345e-15,-1.1890345e-15,0.00058382335,0.00058382335,0.00010302765,0.00010302765,0.00058382335,0.00058382335,0.00010302765,0.00010302765,0.000686851,0.000686851,-1.9419257e-14,-1.9419257e-14,-5.8438497e-17,-5.8438497e-17,1.9353009e-16,1.9353009e-16,-0.00010302765,-0.00010302765,-1.7482243e-06,-1.7482243e-06,-2.9317853e-17,-2.9317853e-17,-1.4859906e-06,-1.4859906e-06,-2.6223364e-07,-2.6223364e-07,0.00051377679,0.00051377679,-1.9402125e-14,-1.9402125e-14,0.57963044,0.57963044,-1.2229635e-12,-1.2229635e-12,0.30767662,0.30767662,-6.1130908e-13,-6.1130908e-13,-8.9715481e-16,-8.9715481e-16,0.000686851,0.000686851,-6.0546811e-17,-6.0546811e-17,-3.8689043e-15,-3.8689043e-15,-2.3488021e-14,-2.3488021e-14,2.3488021e-14,2.3488021e-14,6.4620719e-18,6.4620719e-18,3.8535442e-18,3.8535442e-18,-0.00089242492,-0.00089242492,-4.7282675e-17,-4.7282675e-17,-4.0018778e-17,-4.0018778e-17,3.9524105e-19,3.9524105e-19,4.1467887e-06,4.1467887e-06,8.2850558e-32,8.2850558e-32
1.8541238e-14,1.8541238e-14,-1.0050902e-16,-1.0050902e-16,1.8440729e-14,1.8440729e-14,1.9558305e-14,1.9558305e-14,1.0170671e-15,1.0170671e-15,-0.00070365048,-0.00070365048,-0.00010276332,-0.00010276332,-0.00070066357,-0.00070066357,-0.00010276332,-0.00010276332,-3.7904637e-17,-3.7904637e-17,1.3512767e-16,1.3512767e-16,0.00068508879,0.00068508879,-1.9389479e-14,-1.9389479e-14,1.2946884e-15,1.2946884e-15,6.4656387e-16,6.4656387e-16,-6.7609419e-17,-6.7609419e-17,-0.00058232547,-0.00058232547,-0.00010276332,-0.00010276332,-0.00058232547,-0.00058232547,-0.00010276332,-0.00010276332,1.6092795e-16,1.6092795e-16,-1.3456038e-16,-1.3456038e-16,-0.00068508879,-0.00068508879,3.1386726e-17,3.1386726e-17,0.00016271488,0.00016271488,-1.152187e-15,-1.152187e-15,0.00058232547,0.00058232547,0.00010276332,0.00010276332,0.00058232547,0.00058232547,0.00010276332,0.00010276332,0.00068508879,0.00068508879,-1.942905e-14,-1.942905e-14,-5.8872178e-17,-5.8872178e-17,1.9071116e-16,1.9071116e-16,-0.00010276332,-0.00010276332,-1.7622093e-06,-1.7622093e-06,-2.7898157e-17,-2.7898157e-17,-1.4978779e-06,-1.4978779e-06,-2.6433139e-07,-2.6433139e-07,0.00051063007,0.00051063007,-1.9410686e-14,-1.9410686e-14,0.57696748,0.57696748,-1.2235009e-12,-1.2235009e-12,0.30676799,0.30676799,-6.1157622e-13,-6.1157622e-13,-8.8786969e-16,-8.8786969e-16,0.00068508879,0.00068508879,-6.0597668e-17,-6.0597668e-17,-3.8712221e-15,-3.8712221e-15,-2.3781831e-14,-2.3781831e-14,2.3781831e-14,2.3781831e-14,6.3685871e-18,6.3685871e-18,3.8346058e-18,3.8346058e-18,-0.00084780367,-0.00084780367,-4.7062916e-17,-4.7062916e-17,-4.0009506e-17,-4.0009506e-17,3.9304268e-19,3.9304268e-19,4.1070117e-06,4.1070117e-06,7.4979987e-32,7.4979987e-32
1.8560409e-14,1.8560409e-14,-9.9146023e-17,-9.9146023e-17,1.8461263e-14,1.8461263e-14,1.956783e-14,1.956783e-14,1.007421e-15,1.007421e-15,-0.00067257477,-0.00067257477,-0.00010249704,-0.00010249704,-0.00066961648,-0.00066961648,-0.00010249704,-0.00010249704,-3.6962095e-17,-3.6962095e-17,1.3439062e-16,1.3439062e-16,0.00068331361,0.00068331361,-1.9398414e-14,-1.9398414e-14,1.2679163e-15,1.2679163e-15,6.330693e-16,6.330693e-16,-6.5035502e-17,-6.5035502e-17,-0.00058081657,-0.00058081657,-0.00010249704,-0.00010249704,-0.00058081657,-0.00058081657,-0.00010249704,-0.00010249704,1.5912702e-16,1.5912702e-16,-1.3497929e-16,-1.3497929e-16,-0.00068331361,-0.00068331361,2.9213012e-17,2.9213012e-17,0.00012209988,0.00012209988,-1.1171521e-15,-1.1171521e-15,0.00058081657,0.00058081657,0.00010249704,0.00010249704,0.00058081657,0.00058081657,0.00010249704,0.00010249704,0.00068331361,0.00068331361,-1.9438418e-14,-1.9438418e-14,-5.8980598e-17,-5.8980598e-17,1.8886802e-16,1.8886802e-16,-0.00010249704,-0.00010249704,-1.7751805e-06,-1.7751805e-06,-2.6549061e-17,-2.6549061e-17,-1.5089034e-06,-1.5089034e-06,-2.6627707e-07,-2.6627707e-07,0.00050757074,0.00050757074,-1.9418889e-14,-1.9418889e-14,0.574356,0.574356,-1.2240163e-12,-1.2240163e-12,0.30585989,0.30585989,-6.1183255e-13,-6.1183255e-13,-8.7807015e-16,-8.7807015e-16,0.00068331361,0.00068331361,-6.0588839e-17,-6.0588839e-17,-3.873446e-15,-3.873446e-15,-2.4075255e-14,-2.4075255e-14,2.4075255e-14,2.4075255e-14,6.2766029e-18,6.2766029e-18,3.8160682e-18,3.8160682e-18,-0.00080541349,-0.00080541349,-4.6846094e-17,-4.6846094e-17,-3.9994585e-17,-3.9994585e-17,3.9089888e-19,3.9089888e-19,4.0676575e-06,4.0676575e-06,6.7865059e-32,6.7865059e-32
1.8578754e-14,1.8578754e-14,-9.7334842e-17,-9.7334842e-17,1.848142e-14,1.848142e-14,1.957688e-14,1.957688e-14,9.9812524e-16,9.9812524e-16,-0.00064303936,-0.00064303936,-0.00010222896,-0.00010222896,-0.00064010938,-0.00064010938,-0.00010222896,-0.00010222896,-3.5523589e-17,-3.5523589e-17,1.3367149e-16,1.3367149e-16,0.00068152642,0.00068152642,-1.9406974e-14,-1.9406974e-14,1.2427437e-15,1.2427437e-15,6.2066753e-16,6.2066753e-16,-6.2587423e-17,-6.2587423e-17,-0.00057929746,-0.00057929746,-0.00010222896,-0.00010222896,-0.00057929746,-0.00057929746,-0.00010222896,-0.00010222896,1.5732131e-16,1.5732131e-16,-1.353189e-16,-1.353189e-16,-0.00068152642,-0.00068152642,2.7110587e-17,2.7110587e-17,8.3616392e-05,8.3616392e-05,-1.0838396e-15,-1.0838396e-15,0.00057929746,0.00057929746,0.00010222896,0.00010222896,0.00057929746,0.00057929746,0.00010222896,0.00010222896,0.00068152642,0.00068152642,-1.9447382e-14,-1.9447382e-14,-5.9089018e-17,-5.9089018e-17,1.8615751e-16,1.8615751e-16,-0.00010222896,-0.00010222896,-1.7871895e-06,-1.7871895e-06,-2.5267041e-17,-2.5267041e-17,-1.519111e-06,-1.519111e-06,-2.6807842e-07,-2.6807842e-07,0.00050459466,0.00050459466,-1.9426752e-14,-1.9426752e-14,0.5717937,0.5717937,-1.2245105e-12,-1.2245105e-12,0.30495242,0.30495242,-6.1207858e-13,-6.1207858e-13,-8.686918e-16,-8.686918e-16,0.00068152642,0.00068152642,-6.0604963e-17,-6.0604963e-17,-3.8755805e-15,-3.8755805e-15,-2.4368281e-14,-2.4368281e-14,2.4368281e-14,2.4368281e-14,6.1861107e-18,6.1861107e-18,3.7979138e-18,3.7979138e-18,-0.00076514281,-0.00076514281,-4.6632156e-17,-4.6632156e-17,-3.9974309e-17,-3.9974309e-17,3.8880718e-19,3.8880718e-19,4.0287201e-06,4.0287201e-06,6.143278e-32,6.143278e-32
1.8597294e-14,1.8597294e-14,-9.6075225e-17,-9.6075225e-17,1.8501218e-14,1.8501218e-14,1.9585477e-14,1.9585477e-14,9.8818362e-16,9.8818362e-16,-0.00061496726,-0.00061496726,-0.00010195922,-0.00010195922,-0.0006120653,-0.0006120653,-0.00010195922,-0.00010195922,-3.465749e-17,-3.465749e-17,1.3296946e-16,1.3296946e-16,0.00067972813,0.00067972813,-1.9415176e-14,-1.9415176e-14,1.2182927e-15,1.2182927e-15,6.0829458e-16,6.0829458e-16,-6.0258903e-17,-6.0258903e-17,-0.00057776891,-0.00057776891,-0.00010195922,-0.00010195922,-0.00057776891,-0.00057776891,-0.00010195922,-0.00010195922,1.5551099e-16,1.5551099e-16,-1.3558324e-16,-1.3558324e-16,-0.00067972813,-0.00067972813,2.5075755e-17,2.5075755e-17,4.7157537e-05,4.7157537e-05,-1.0521635e-15,-1.0521635e-15,0.00057776891,0.00057776891,0.00010195922,0.00010195922,0.00057776891,0.00057776891,0.00010195922,0.00010195922,0.00067972813,0.00067972813,-1.9455961e-14,-1.9455961e-14,-5.9305859e-17,-5.9305859e-17,1.8431437e-16,1.8431437e-16,-0.00010195922,-0.00010195922,-1.7982854e-06,-1.7982854e-06,-2.4048747e-17,-2.4048747e-17,-1.5285426e-06,-1.5285426e-06,-2.697428e-07,-2.697428e-07,0.00050169788,0.00050169788,-1.943429e-14,-1.943429e-14,0.56927836,0.56927836,-1.2249847e-12,-1.2249847e-12,0.30404569,0.30404569,-6.1231482e-13,-6.1231482e-13,-8.5884341e-16,-8.5884341e-16,0.00067972813,0.00067972813,-6.0533324e-17,-6.0533324e-17,-3.87763e-15,-3.87763e-15,-2.4660896e-14,-2.4660896e-14,2.4660896e-14,2.4660896e-14,6.0971009e-18,6.0971009e-18,3.7801258e-18,3.7801258e-18,-0.00072688567,-0.00072688567,-4.642105e-17,-4.642105e-17,-3.9948959e-17,-3.9948959e-17,3.8676523e-19,3.8676523e-19,3.9901937e-06,3.9901937e-06,5.5617231e-32,5.5617231e-32
1.8615339e-14,1.8615339e-14,-9.4552473e-17,-9.4552473e-17,1.8520787e-14,1.8520787e-14,1.9593645e-14,1.9593645e-14,9.7830606e-16,9.7830606e-16,-0.00058828538,-0.00058828538,-0.00010168794,-0.00010168794,-0.00058541114,-0.00058541114,-0.00010168794,-0.00010168794,-3.3476057e-17,-3.3476057e-17,1.3228375e-16,1.3228375e-16,0.00067791962,0.00067791962,-1.9423039e-14,-1.9423039e-14,1.1952315e-15,1.1952315e-15,5.9675625e-16,5.9675625e-16,-5.8043979e-17,-5.8043979e-17,-0.00057623168,-0.00057623168,-0.00010168794,-0.00010168794,-0.00057623168,-0.00057623168,-0.00010168794,-0.00010168794,1.5369627e-16,1.5369627e-16,-1.3577618e-16,-1.3577618e-16,-0.00067791962,-0.00067791962,2.3105011e-17,2.3105011e-17,1.2621768e-05,1.2621768e-05,-1.0220423e-15,-1.0220423e-15,0.00057623168,0.00057623168,0.00010168794,0.00010168794,0.00057623168,0.00057623168,0.00010168794,0.00010168794,0.00067791962,0.00067791962,-1.9464174e-14,-1.9464174e-14,-5.9522699e-17,-5.9522699e-17,1.8225439e-16,1.8225439e-16,-0.00010168794,-0.00010168794,-1.8085148e-06,-1.8085148e-06,-2.2890997e-17,-2.2890997e-17,-1.5372376e-06,-1.5372376e-06,-2.7127722e-07,-2.7127722e-07,0.00049887665,0.00049887665,-1.9441521e-14,-1.9441521e-14,0.5668079,0.5668079,-1.2254399e-12,-1.2254399e-12,0.3031398,0.3031398,-6.1254175e-13,-6.1254175e-13,-8.4901458e-16,-8.4901458e-16,0.00067791962,0.00067791962,-6.0472284e-17,-6.0472284e-17,-3.8795987e-15,-3.8795987e-15,-2.4953091e-14,-2.4953091e-14,2.4953091e-14,2.4953091e-14,6.0095628e-18,6.0095628e-18,3.762688e-18,3.762688e-18,-0.00069054139,-0.00069054139,-4.6212722e-17,-4.6212722e-17,-3.9918802e-17,-3.9918802e-17,3.8477077e-19,3.8477077e-19,3.9520727e-06,3.9520727e-06,5.0358886e-32,5.0358886e-32
1.8633039e-14,1.8633039e-14,-9.2896992e-17,-9.2896992e-17,1.8540142e-14,1.8540142e-14,1.9601404e-14,1.9601404e-14,9.6836564e-16,9.6836564e-16,-0.00056292424,-0.00056292424,-0.00010141525,-0.00010141525,-0.00056007744,-0.00056007744,-0.00010141525,-0.00010141525,-3.2279855e-17,-3.2279855e-17,1.3161364e-16,1.3161364e-16,0.0006761017,0.0006761017,-1.9430579e-14,-1.9430579e-14,1.1732247e-15,1.1732247e-15,5.8596178e-16,5.8596178e-16,-5.5936985e-17,-5.5936985e-17,-0.00057468644,-0.00057468644,-0.00010141525,-0.00010141525,-0.00057468644,-0.00057468644,-0.00010141525,-0.00010141525,1.5187731e-16,1.5187731e-16,-1.3590137e-16,-1.3590137e-16,-0.0006761017,-0.0006761017,2.1195035e-17,2.1195035e-17,-2.0087379e-05,-2.0087379e-05,-9.9339853e-16,-9.9339853e-16,0.00057468644,0.00057468644,0.00010141525,0.00010141525,0.00057468644,0.00057468644,0.00010141525,0.00010141525,0.0006761017,0.0006761017,-1.9472039e-14,-1.9472039e-14,-5.9414279e-17,-5.9414279e-17,1.7997756e-16,1.7997756e-16,-0.00010141525,-0.00010141525,-1.8179221e-06,-1.8179221e-06,-2.1790769e-17,-2.1790769e-17,-1.5452338e-06,-1.5452338e-06,-2.7268831e-07,-2.7268831e-07,0.00049612741,0.00049612741,-1.9448458e-14,-1.9448458e-14,0.56438031,0.56438031,-1.2258769e-12,-1.2258769e-12,0.30223486,0.30223486,-6.1275982e-13,-6.1275982e-13,-8.3907508e-16,-8.3907508e-16,0.0006761017,0.0006761017,-6.042332e-17,-6.042332e-17,-3.8814906e-15,-3.8814906e-15,-2.5244852e-14,-2.5244852e-14,2.5244852e-14,2.5244852e-14,5.9234849e-18,5.9234849e-18,3.7455851e-18,3.7455851e-18,-0.00065601432,-0.00065601432,-4.6007116e-17,-4.6007116e-17,-3.9884093e-17,-3.9884093e-17,3.8282166e-19,3.8282166e-19,3.9143514e-06,3.9143514e-06,4.5603985e-32,4.5603985e-32
1.8650726e-14,1.8650726e-14,-9.1750682e-17,-9.1750682e-17,1.8558975e-14,1.8558975e-14,1.9608775e-14,1.9608775e-14,9.5804907e-16,9.5804907e-16,-0.00053881786,-0.00053881786,-0.00010114127,-0.00010114127,-0.00053599821,-0.00053599821,-0.00010114127,-0.00010114127,-3.147376e-17,-3.147376e-17,1.3095842e-16,1.3095842e-16,0.00067427515,0.00067427515,-1.9437811e-14,-1.9437811e-14,1.1519845e-15,1.1519845e-15,5.7532452e-16,5.7532452e-16,-5.3932537e-17,-5.3932537e-17,-0.00057313388,-0.00057313388,-0.00010114127,-0.00010114127,-0.00057313388,-0.00057313388,-0.00010114127,-0.00010114127,1.5005432e-16,1.5005432e-16,-1.3596228e-16,-1.3596228e-16,-0.00067427515,-0.00067427515,1.9342679e-17,1.9342679e-17,-5.1061545e-05,-5.1061545e-05,-9.6615859e-16,-9.6615859e-16,0.00057313388,0.00057313388,0.00010114127,0.00010114127,0.00057313388,0.00057313388,0.00010114127,0.00010114127,0.00067427515,0.00067427515,-1.9479573e-14,-1.9479573e-14,-5.9305859e-17,-5.9305859e-17,1.78026e-16,1.78026e-16,-0.00010114127,-0.00010114127,-1.8265493e-06,-1.8265493e-06,-2.074519e-17,-2.074519e-17,-1.5525669e-06,-1.5525669e-06,-2.7398239e-07,-2.7398239e-07,0.00049344677,0.00049344677,-1.9455117e-14,-1.9455117e-14,0.56199371,0.56199371,-1.2262966e-12,-1.2262966e-12,0.30133094,0.30133094,-6.1296946e-13,-6.1296946e-13,-8.2881694e-16,-8.2881694e-16,0.00067427515,0.00067427515,-6.0296431e-17,-6.0296431e-17,-3.8833094e-15,-3.8833094e-15,-2.5536171e-14,-2.5536171e-14,2.5536171e-14,2.5536171e-14,5.8388548e-18,5.8388548e-18,3.7288026e-18,3.7288026e-18,-0.0006232136,-0.0006232136,-4.5804177e-17,-4.5804177e-17,-3.9845073e-17,-3.9845073e-17,3.8091586e-19,3.8091586e-19,3.8770245e-06,3.8770245e-06,4.1303977e-32,4.1303977e-32
1.8668411e-14,1.8668411e-14,-9.0566126e-17,-9.0566126e-17,1.8577845e-14,1.8577845e-14,1.9615776e-14,1.9615776e-14,9.4736492e-16,9.4736492e-16,-0.00051590355,-0.00051590355,-0.00010086611,-0.00010086611,-0.00051311076,-0.00051311076,-0.00010086611,-0.00010086611,-3.0699806e-17,-3.0699806e-17,1.3031742e-16,1.3031742e-16,0.00067244071,0.00067244071,-1.9444751e-14,-1.9444751e-14,1.1316481e-15,1.1316481e-15,5.6522346e-16,5.6522346e-16,-5.2025522e-17,-5.2025522e-17,-0.0005715746,-0.0005715746,-0.00010086611,-0.00010086611,-0.0005715746,-0.0005715746,-0.00010086611,-0.00010086611,1.4822747e-16,1.4822747e-16,-1.359622e-16,-1.359622e-16,-0.00067244071,-0.00067244071,1.7544959e-17,1.7544959e-17,-8.0387789e-05,-8.0387789e-05,-9.4025252e-16,-9.4025252e-16,0.0005715746,0.0005715746,0.00010086611,0.00010086611,0.0005715746,0.0005715746,0.00010086611,0.00010086611,0.00067244071,0.00067244071,-1.9486792e-14,-1.9486792e-14,-5.8655338e-17,-5.8655338e-17,1.7629127e-16,1.7629127e-16,-0.00010086611,-0.00010086611,-1.8344363e-06,-1.8344363e-06,-1.9751534e-17,-1.9751534e-17,-1.5592709e-06,-1.5592709e-06,-2.7516545e-07,-2.7516545e-07,0.00049083152,0.00049083152,-1.946151e-14,-1.946151e-14,0.55964629,0.55964629,-1.2267e-12,-1.2267e-12,0.30042814,0.30042814,-6.1317108e-13,-6.1317108e-13,-8.1835419e-16,-8.1835419e-16,0.00067244071,0.00067244071,-6.0141884e-17,-6.0141884e-17,-3.8850588e-15,-3.8850588e-15,-2.5827037e-14,-2.5827037e-14,2.5827037e-14,2.5827037e-14,5.7556593e-18,5.7556593e-18,3.7123265e-18,3.7123265e-18,-0.00059205292,-0.00059205292,-4.560385e-17,-4.560385e-17,-3.9801974e-17,-3.9801974e-17,3.7905143e-19,3.7905143e-19,3.8400866e-06,3.8400866e-06,3.7415014e-32,3.7415014e-32
1.8685723e-14,1.8685723e-14,-8.9390172e-17,-8.9390172e-17,1.8596333e-14,1.8596333e-14,1.9622426e-14,1.9622426e-14,9.3670315e-16,9.3670315e-16,-0.00049412175,-0.00049412175,-0.00010058986,-0.00010058986,-0.00049135554,-0.00049135554,-0.00010058986,-0.00010058986,-2.9921573e-17,-2.9921573e-17,1.2969001e-16,1.2969001e-16,0.00067059909,0.00067059909,-1.9451412e-14,-1.9451412e-14,1.1123637e-15,1.1123637e-15,5.5550532e-16,5.5550532e-16,-5.0211083e-17,-5.0211083e-17,-0.00057000923,-0.00057000923,-0.00010058986,-0.00010058986,-0.00057000923,-0.00057000923,-0.00010058986,-0.00010058986,1.4639694e-16,1.4639694e-16,-1.3590429e-16,-1.3590429e-16,-0.00067059909,-0.00067059909,1.5799047e-17,1.5799047e-17,-0.00010814881,-0.00010814881,-9.1561389e-16,-9.1561389e-16,0.00057000923,0.00057000923,0.00010058986,0.00010058986,0.00057000923,0.00057000923,0.00010058986,0.00010058986,0.00067059909,0.00067059909,-1.9493711e-14,-1.9493711e-14,-5.8330077e-17,-5.8330077e-17,1.7477339e-16,1.7477339e-16,-0.00010058986,-0.00010058986,-1.8416212e-06,-1.8416212e-06,-1.8807209e-17,-1.8807209e-17,-1.565378e-06,-1.565378e-06,-2.7624318e-07,-2.7624318e-07,0.00048827859,0.00048827859,-1.946765e-14,-1.946765e-14,0.55733635,0.55733635,-1.2270877e-12,-1.2270877e-12,0.29952654,0.29952654,-6.1336505e-13,-6.1336505e-13,-8.0807397e-16,-8.0807397e-16,0.00067059909,0.00067059909,-5.9983228e-17,-5.9983228e-17,-3.8867421e-15,-3.8867421e-15,-2.6117439e-14,-2.6117439e-14,2.6117439e-14,2.6117439e-14,5.6738847e-18,5.6738847e-18,3.6961435e-18,3.6961435e-18,-0.00056245028,-0.00056245028,-4.5406079e-17,-4.5406079e-17,-3.9755014e-17,-3.9755014e-17,3.772265e-19,3.772265e-19,3.8035324e-06,3.8035324e-06,3.3897494e-32,3.3897494e-32
1.8702633e-14,1.8702633e-14,-8.8071484e-17,-8.8071484e-17,1.8614561e-14,1.8614561e-14,1.9628742e-14,1.9628742e-14,9.2610971e-16,9.2610971e-16,-0.00047341589,-0.00047341589,-0.00010031264,-0.00010031264,-0.00047067599,-0.00047067599,-0.00010031264,-0.00010031264,-2.8882278e-17,-2.8882278e-17,1.2907556e-16,1.2907556e-16,0.00066875095,0.00066875095,-1.9457809e-14,-1.9457809e-14,1.0940208e-15,1.0940208e-15,5.462992e-16,5.462992e-16,-4.8484604e-17,-4.8484604e-17,-0.00056843831,-0.00056843831,-0.00010031264,-0.00010031264,-0.00056843831,-0.00056843831,-0.00010031264,-0.00010031264,1.4456292e-16,1.4456292e-16,-1.3579152e-16,-1.3579152e-16,-0.00066875095,-0.00066875095,1.4102263e-17,1.4102263e-17,-0.00013442319,-0.00013442319,-8.9217956e-16,-8.9217956e-16,0.00056843831,0.00056843831,0.00010031264,0.00010031264,0.00056843831,0.00056843831,0.00010031264,0.00010031264,0.00066875095,0.00066875095,-1.9500346e-14,-1.9500346e-14,-5.8113236e-17,-5.8113236e-17,1.7282183e-16,1.7282183e-16,-0.00010031264,-0.00010031264,-1.84814e-06,-1.84814e-06,-1.7909752e-17,-1.7909752e-17,-1.570919e-06,-1.570919e-06,-2.77221e-07,-2.77221e-07,0.00048578509,0.00048578509,-1.9473551e-14,-1.9473551e-14,0.55506225,0.55506225,-1.2274605e-12,-1.2274605e-12,0.29862621,0.29862621,-6.1355176e-13,-6.1355176e-13,-7.9780272e-16,-7.9780272e-16,0.00066875095,0.00066875095,-5.9856529e-17,-5.9856529e-17,-3.8883626e-15,-3.8883626e-15,-2.6407369e-14,-2.6407369e-14,2.6407369e-14,2.6407369e-14,5.5935165e-18,5.5935165e-18,3.680241e-18,3.680241e-18,-0.00053432776,-0.00053432776,-4.5210808e-17,-4.5210808e-17,-3.9704402e-17,-3.9704402e-17,3.754393e-19,3.754393e-19,3.7673569e-06,3.7673569e-06,3.0715647e-32,3.0715647e-32
1.8719525e-14,1.8719525e-14,-8.7090729e-17,-8.7090729e-17,1.8632435e-14,1.8632435e-14,1.9634741e-14,1.9634741e-14,9.1521528e-16,9.1521528e-16,-0.00045373221,-0.00045373221,-0.00010003454,-0.00010003454,-0.00045101835,-0.00045101835,-0.00010003454,-0.00010003454,-2.8080723e-17,-2.8080723e-17,1.2847352e-16,1.2847352e-16,0.00066689692,0.00066689692,-1.9463954e-14,-1.9463954e-14,1.0764391e-15,1.0764391e-15,5.3755463e-16,5.3755463e-16,-4.6841701e-17,-4.6841701e-17,-0.00056686238,-0.00056686238,-0.00010003454,-0.00010003454,-0.00056686238,-0.00056686238,-0.00010003454,-0.00010003454,1.4272558e-16,1.4272558e-16,-1.3562672e-16,-1.3562672e-16,-0.00066689692,-0.00066689692,1.2452067e-17,1.2452067e-17,-0.00015928555,-0.00015928555,-8.6988957e-16,-8.6988957e-16,0.00056686238,0.00056686238,0.00010003454,0.00010003454,0.00056686238,0.00056686238,0.00010003454,0.00010003454,0.00066689692,0.00066689692,-1.9506709e-14,-1.9506709e-14,-5.7571135e-17,-5.7571135e-17,1.7130394e-16,1.7130394e-16,-0.00010003454,-0.00010003454,-1.8540269e-06,-1.8540269e-06,-1.7056824e-17,-1.7056824e-17,-1.5759229e-06,-1.5759229e-06,-2.7810403e-07,-2.7810403e-07,0.00048334826,0.00048334826,-1.9479222e-14,-1.9479222e-14,0.55282245,0.55282245,-1.2278192e-12,-1.2278192e-12,0.29772722,0.29772722,-6.1373156e-13,-6.1373156e-13,-7.8727699e-16,-7.8727699e-16,0.00066689692,0.00066689692,-5.9668723e-17,-5.9668723e-17,-3.8899234e-15,-3.8899234e-15,-2.6696817e-14,-2.6696817e-14,2.6696817e-14,2.6696817e-14,5.5145396e-18,5.5145396e-18,3.6646068e-18,3.6646068e-18,-0.00050761137,-0.00050761137,-4.5017982e-17,-4.5017982e-17,-3.9650336e-17,-3.9650336e-17,3.7368817e-19,3.7368817e-19,3.731555e-06,3.731555e-06,2.7837167e-32,2.7837167e-32
1.8736076e-14,1.8736076e-14,-8.5893274e-17,-8.5893274e-17,1.8650183e-14,1.8650183e-14,1.9640437e-14,1.9640437e-14,9.0436049e-16,9.0436049e-16,-0.00043501965,-0.00043501965,-9.9755641e-05,-9.9755641e-05,-0.00043233156,-0.00043233156,-9.9755641e-05,-9.9755641e-05,-2.7253586e-17,-2.7253586e-17,1.2788332e-16,1.2788332e-16,0.00066503761,0.00066503761,-1.9469859e-14,-1.9469859e-14,1.0597654e-15,1.0597654e-15,5.2933026e-16,5.2933026e-16,-4.5278208e-17,-4.5278208e-17,-0.00056528197,-0.00056528197,-9.9755641e-05,-9.9755641e-05,-0.00056528197,-0.00056528197,-9.9755641e-05,-9.9755641e-05,1.4088509e-16,1.4088509e-16,-1.3541258e-16,-1.3541258e-16,-0.00066503761,-0.00066503761,1.0846052e-17,1.0846052e-17,-0.0001828068,-0.0001828068,-8.4868692e-16,-8.4868692e-16,0.00056528197,0.00056528197,9.9755641e-05,9.9755641e-05,0.00056528197,0.00056528197,9.9755641e-05,9.9755641e-05,0.00066503761,0.00066503761,-1.9512815e-14,-1.9512815e-14,-5.7245875e-17,-5.7245875e-17,1.694608e-16,1.694608e-16,-9.9755641e-05,-9.9755641e-05,-1.8593145e-06,-1.8593145e-06,-1.6246204e-17,-1.6246204e-17,-1.5804173e-06,-1.5804173e-06,-2.7889718e-07,-2.7889718e-07,0.00048096547,0.00048096547,-1.9484676e-14,-1.9484676e-14,0.55061549,0.55061549,-1.2281644e-12,-1.2281644e-12,0.29682965,0.29682965,-6.1390477e-13,-6.1390477e-13,-7.76835e-16,-7.76835e-16,0.00066503761,0.00066503761,-5.9503974e-17,-5.9503974e-17,-3.8914273e-15,-3.8914273e-15,-2.6985774e-14,-2.6985774e-14,2.6985774e-14,2.6985774e-14,5.4369386e-18,5.4369386e-18,3.6492294e-18,3.6492294e-18,-0.00048223081,-0.00048223081,-4.4827544e-17,-4.4827544e-17,-3.9593004e-17,-3.9593004e-17,3.7197148e-19,3.7197148e-19,3.6961218e-06,3.6961218e-06,2.5232871e-32,2.5232871e-32
1.8752772e-14,1.8752772e-14,-8.4953162e-17,-8.4953162e-17,1.8667819e-14,1.8667819e-14,1.9645846e-14,1.9645846e-14,8.9307403e-16,8.9307403e-16,-0.00041722972,-0.00041722972,-9.9476036e-05,-9.9476036e-05,-0.00041456713,-0.00041456713,-9.9476036e-05,-9.9476036e-05,-2.6676615e-17,-2.6676615e-17,1.2730443e-16,1.2730443e-16,0.00066317357,0.00066317357,-1.9475536e-14,-1.9475536e-14,1.043397e-15,1.043397e-15,5.2104302e-16,5.2104302e-16,-4.379017e-17,-4.379017e-17,-0.00056369754,-0.00056369754,-9.9476036e-05,-9.9476036e-05,-0.00056369754,-0.00056369754,-9.9476036e-05,-9.9476036e-05,1.3904164e-16,1.3904164e-16,-1.3515166e-16,-1.3515166e-16,-0.00066317357,-0.00066317357,9.2819367e-18,9.2819367e-18,-0.00020505431,-0.00020505431,-8.285175e-16,-8.285175e-16,0.00056369754,0.00056369754,9.9476036e-05,9.9476036e-05,0.00056369754,0.00056369754,9.9476036e-05,9.9476036e-05,0.00066317357,0.00066317357,-1.9518675e-14,-1.9518675e-14,-5.6378513e-17,-5.6378513e-17,1.6815976e-16,1.6815976e-16,-9.9476036e-05,-9.9476036e-05,-1.8640337e-06,-1.8640337e-06,-1.547578e-17,-1.547578e-17,-1.5844287e-06,-1.5844287e-06,-2.7960506e-07,-2.7960506e-07,0.00047863423,0.00047863423,-1.9489922e-14,-1.9489922e-14,0.54843997,0.54843997,-1.2284968e-12,-1.2284968e-12,0.29593355,0.29593355,-6.1407171e-13,-6.1407171e-13,-7.6589473e-16,-7.6589473e-16,0.00066317357,0.00066317357,-5.9256961e-17,-5.9256961e-17,-3.8928772e-15,-3.8928772e-15,-2.7274232e-14,-2.7274232e-14,2.7274232e-14,2.7274232e-14,5.3606976e-18,5.3606976e-18,3.6340979e-18,3.6340979e-18,-0.00045811927,-0.00045811927,-4.4639441e-17,-4.4639441e-17,-3.9532587e-17,-3.9532587e-17,3.7028772e-19,3.7028772e-19,3.6610525e-06,3.6610525e-06,2.2876399e-32,2.2876399e-32
1.8769155e-14,1.8769155e-14,-8.391136e-17,-8.391136e-17,1.8685244e-14,1.8685244e-14,1.9650981e-14,1.9650981e-14,8.8182601e-16,8.8182601e-16,-0.00040031631,-0.00040031631,-9.9195804e-05,-9.9195804e-05,-0.00039767897,-0.00039767897,-9.9195804e-05,-9.9195804e-05,-2.5972158e-17,-2.5972158e-17,1.2673637e-16,1.2673637e-16,0.00066130536,0.00066130536,-1.9480996e-14,-1.9480996e-14,1.0279576e-15,1.0279576e-15,5.1355166e-16,5.1355166e-16,-4.2373825e-17,-4.2373825e-17,-0.00056210956,-0.00056210956,-9.9195804e-05,-9.9195804e-05,-0.00056210956,-0.00056210956,-9.9195804e-05,-9.9195804e-05,1.3719539e-16,1.3719539e-16,-1.348464e-16,-1.348464e-16,-0.00066130536,-0.00066130536,7.7575603e-18,7.7575603e-18,-0.00022609206,-0.00022609206,-8.0932986e-16,-8.0932986e-16,0.00056210956,0.00056210956,9.9195804e-05,9.9195804e-05,0.00056210956,0.00056210956,9.9195804e-05,9.9195804e-05,0.00066130536,0.00066130536,-1.9524301e-14,-1.9524301e-14,-5.5727992e-17,-5.5727992e-17,1.6642503e-16,1.6642503e-16,-9.9195804e-05,-9.9195804e-05,-1.8682139e-06,-1.8682139e-06,-1.4743547e-17,-1.4743547e-17,-1.5879818e-06,-1.5879818e-06,-2.8023209e-07,-2.8023209e-07,0.00047635218,0.00047635218,-1.9494972e-14,-1.9494972e-14,0.54629456,0.54629456,-1.228817e-12,-1.228817e-12,0.295039,0.295039,-6.1423269e-13,-6.1423269e-13,-7.5535778e-16,-7.5535778e-16,0.00066130536,0.00066130536,-5.904588e-17,-5.904588e-17,-3.8942757e-15,-3.8942757e-15,-2.7562182e-14,-2.7562182e-14,2.7562182e-14,2.7562182e-14,5.2858001e-18,5.2858001e-18,3.6192019e-18,3.6192019e-18,-0.0004352133,-0.0004352133,-4.4453616e-17,-4.4453616e-17,-3.9469256e-17,-3.9469256e-17,3.6863543e-19,3.6863543e-19,3.6263424e-06,3.6263424e-06,2.074394e-32,2.074394e-32
1.8785591e-14,1.8785591e-14,-8.3228455e-17,-8.3228455e-17,1.8702362e-14,1.8702362e-14,1.9655857e-14,1.9655857e-14,8.7026682e-16,8.7026682e-16,-0.00038423565,-0.00038423565,-9.8915022e-05,-9.8915022e-05,-0.0003816233,-0.0003816233,-9.8915022e-05,-9.8915022e-05,-2.5518771e-17,-2.5518771e-17,1.2617865e-16,1.2617865e-16,0.00065943348,0.00065943348,-1.9486249e-14,-1.9486249e-14,1.0129796e-15,1.0129796e-15,5.0597247e-16,5.0597247e-16,-4.1025604e-17,-4.1025604e-17,-0.00056051846,-0.00056051846,-9.8915022e-05,-9.8915022e-05,-0.00056051846,-0.00056051846,-9.8915022e-05,-9.8915022e-05,1.3534652e-16,1.3534652e-16,-1.344991e-16,-1.344991e-16,-0.00065943348,-0.00065943348,6.2708745e-18,6.2708745e-18,-0.00024598084,-0.00024598084,-7.9107514e-16,-7.9107514e-16,0.00056051846,0.00056051846,9.8915022e-05,9.8915022e-05,0.00056051846,0.00056051846,9.8915022e-05,9.8915022e-05,0.00065943348,0.00065943348,-1.9529705e-14,-1.9529705e-14,-5.475221e-17,-5.475221e-17,1.6544925e-16,1.6544925e-16,-9.8915022e-05,-9.8915022e-05,-1.871883e-06,-1.871883e-06,-1.40476e-17,-1.40476e-17,-1.5911005e-06,-1.5911005e-06,-2.8078245e-07,-2.8078245e-07,0.00047411706,0.00047411706,-1.9499833e-14,-1.9499833e-14,0.54417799,0.54417799,-1.2291256e-12,-1.2291256e-12,0.29414604,0.29414604,-6.1438799e-13,-6.1438799e-13,-7.4411352e-16,-7.4411352e-16,0.00065943348,0.00065943348,-5.8735546e-17,-5.8735546e-17,-3.8956252e-15,-3.8956252e-15,-2.7849617e-14,-2.7849617e-14,2.7849617e-14,2.7849617e-14,5.2122295e-18,5.2122295e-18,3.6045313e-18,3.6045313e-18,-0.00041345264,-0.00041345264,-4.4270017e-17,-4.4270017e-17,-3.9403171e-17,-3.9403171e-17,3.6701321e-19,3.6701321e-19,3.5919869e-06,3.5919869e-06,1.8813984e-32,1.8813984e-32
1.8801405e-14,1.8801405e-14,-8.2005098e-17,-8.2005098e-17,1.87194e-14,1.87194e-14,1.9660486e-14,1.9660486e-14,8.5908145e-16,8.5908145e-16,-0.00036894616,-0.00036894616,-9.8633762e-05,-9.8633762e-05,-0.00036635854,-0.00036635854,-9.8633762e-05,-9.8633762e-05,-2.4608206e-17,-2.4608206e-17,1.2563082e-16,1.2563082e-16,0.00065755841,0.00065755841,-1.9491305e-14,-1.9491305e-14,9.9918875e-16,9.9918875e-16,4.9915626e-16,4.9915626e-16,-3.9742113e-17,-3.9742113e-17,-0.00055892465,-0.00055892465,-9.8633762e-05,-9.8633762e-05,-0.00055892465,-0.00055892465,-9.8633762e-05,-9.8633762e-05,1.3349518e-16,1.3349518e-16,-1.3411196e-16,-1.3411196e-16,-0.00065755841,-0.00065755841,4.8199388e-18,4.8199388e-18,-0.00026477841,-0.00026477841,-7.7370693e-16,-7.7370693e-16,0.00055892465,0.00055892465,9.8633762e-05,9.8633762e-05,0.00055892465,0.00055892465,9.8633762e-05,9.8633762e-05,0.00065755841,0.00065755841,-1.9534897e-14,-1.9534897e-14,-5.4318529e-17,-5.4318529e-17,1.6382295e-16,1.6382295e-16,-9.8633762e-05,-9.8633762e-05,-1.8750674e-06,-1.8750674e-06,-1.3386129e-17,-1.3386129e-17,-1.5938073e-06,-1.5938073e-06,-2.8126011e-07,-2.8126011e-07,0.00047192674,0.00047192674,-1.9504516e-14,-1.9504516e-14,0.54208908,0.54208908,-1.2294231e-12,-1.2294231e-12,0.29325473,0.29325473,-6.1453787e-13,-6.1453787e-13,-7.334955e-16,-7.334955e-16,0.00065755841,0.00065755841,-5.8544061e-17,-5.8544061e-17,-3.8969283e-15,-3.8969283e-15,-2.8136528e-14,-2.8136528e-14,2.8136528e-14,2.8136528e-14,5.1399687e-18,5.1399687e-18,3.5900767e-18,3.5900767e-18,-0.00039278,-0.00039278,-4.4088589e-17,-4.4088589e-17,-3.9334488e-17,-3.9334488e-17,3.6541976e-19,3.6541976e-19,3.5579814e-06,3.5579814e-06,1.7067097e-32,1.7067097e-32
1.8817257e-14,1.8817257e-14,-8.1107734e-17,-8.1107734e-17,1.873615e-14,1.873615e-14,1.966488e-14,1.966488e-14,8.4762269e-16,8.4762269e-16,-0.00035440831,-0.00035440831,-9.8352093e-05,-9.8352093e-05,-0.00035184517,-0.00035184517,-9.8352093e-05,-9.8352093e-05,-2.4047627e-17,-2.4047627e-17,1.2509244e-16,1.2509244e-16,0.00065568062,0.00065568062,-1.9496173e-14,-1.9496173e-14,9.8552469e-16,9.8552469e-16,4.923837e-16,4.923837e-16,-3.8520129e-17,-3.8520129e-17,-0.00055732853,-0.00055732853,-9.8352093e-05,-9.8352093e-05,-0.00055732853,-0.00055732853,-9.8352093e-05,-9.8352093e-05,1.3164155e-16,1.3164155e-16,-1.3368706e-16,-1.3368706e-16,-0.00065568062,-0.00065568062,3.4029148e-18,3.4029148e-18,-0.00028253961,-0.00028253961,-7.571811e-16,-7.571811e-16,0.00055732853,0.00055732853,9.8352093e-05,9.8352093e-05,0.00055732853,0.00055732853,9.8352093e-05,9.8352093e-05,0.00065568062,0.00065568062,-1.9539889e-14,-1.9539889e-14,-5.3559587e-17,-5.3559587e-17,1.6241349e-16,1.6241349e-16,-9.8352093e-05,-9.8352093e-05,-1.8777923e-06,-1.8777923e-06,-1.2757414e-17,-1.2757414e-17,-1.5961235e-06,-1.5961235e-06,-2.8166885e-07,-2.8166885e-07,0.00046977918,0.00046977918,-1.9509028e-14,-1.9509028e-14,0.54002667,0.54002667,-1.22971e-12,-1.22971e-12,0.29236512,0.29236512,-6.1468261e-13,-6.1468261e-13,-7.2263779e-16,-7.2263779e-16,0.00065568062,0.00065568062,-5.8284855e-17,-5.8284855e-17,-3.898187e-15,-3.898187e-15,-2.8422909e-14,-2.8422909e-14,2.8422909e-14,2.8422909e-14,5.0690005e-18,5.0690005e-18,3.5758291e-18,3.5758291e-18,-0.000373141,-0.000373141,-4.390928e-17,-4.390928e-17,-3.9263354e-17,-3.9263354e-17,3.6385382e-19,3.6385382e-19,3.5243216e-06,3.5243216e-06,1.5485724e-32,1.5485724e-32
1.883315e-14,1.883315e-14,-8.0312287e-17,-8.0312287e-17,1.8752838e-14,1.8752838e-14,1.966905e-14,1.966905e-14,8.359001e-16,8.359001e-16,-0.00034058458,-0.00034058458,-9.8070081e-05,-9.8070081e-05,-0.00033804567,-0.00033804567,-9.8070081e-05,-9.8070081e-05,-2.3557647e-17,-2.3557647e-17,1.2456312e-16,1.2456312e-16,0.00065380054,0.00065380054,-1.9500864e-14,-1.9500864e-14,9.7254942e-16,9.7254942e-16,4.8579811e-16,4.8579811e-16,-3.735659e-17,-3.735659e-17,-0.00055573046,-0.00055573046,-9.8070081e-05,-9.8070081e-05,-0.00055573046,-0.00055573046,-9.8070081e-05,-9.8070081e-05,1.2978578e-16,1.2978578e-16,-1.332264e-16,-1.332264e-16,-0.00065380054,-0.00065380054,2.0180608e-18,2.0180608e-18,-0.00029931658,-0.00029931658,-7.4145576e-16,-7.4145576e-16,0.00055573046,0.00055573046,9.807008e-05,9.807008e-05,0.00055573046,0.00055573046,9.807008e-05,9.807008e-05,0.00065380054,0.00065380054,-1.9544688e-14,-1.9544688e-14,-5.2475385e-17,-5.2475385e-17,1.6111244e-16,1.6111244e-16,-9.8070081e-05,-9.8070081e-05,-1.8800817e-06,-1.8800817e-06,-1.2159822e-17,-1.2159822e-17,-1.5980694e-06,-1.5980694e-06,-2.8201225e-07,-2.8201225e-07,0.00046767245,0.00046767245,-1.9513379e-14,-1.9513379e-14,0.5379897,0.5379897,-1.229987e-12,-1.229987e-12,0.29147726,0.29147726,-6.1482244e-13,-6.1482244e-13,-7.1133133e-16,-7.1133133e-16,0.00065380054,0.00065380054,-5.7975899e-17,-5.7975899e-17,-3.8994036e-15,-3.8994036e-15,-2.8708751e-14,-2.8708751e-14,2.8708751e-14,2.8708751e-14,4.9993075e-18,4.9993075e-18,3.5617798e-18,3.5617798e-18,-0.00035448395,-0.00035448395,-4.3732039e-17,-4.3732039e-17,-3.9189907e-17,-3.9189907e-17,3.6231419e-19,3.6231419e-19,3.491003e-06,3.491003e-06,1.4054004e-32,1.4054004e-32
1.8849008e-14,1.8849008e-14,-7.9642843e-17,-7.9642843e-17,1.8769365e-14,1.8769365e-14,1.9673008e-14,1.9673008e-14,8.2400027e-16,8.2400027e-16,-0.0003274393,-0.0003274393,-9.7787787e-05,-9.7787787e-05,-0.00032492438,-0.00032492438,-9.7787787e-05,-9.7787787e-05,-2.3073488e-17,-2.3073488e-17,1.2404244e-16,1.2404244e-16,0.00065191858,0.00065191858,-1.9505384e-14,-1.9505384e-14,9.6001411e-16,9.6001411e-16,4.7949016e-16,4.7949016e-16,-3.6248587e-17,-3.6248587e-17,-0.00055413079,-0.00055413079,-9.7787787e-05,-9.7787787e-05,-0.00055413079,-0.00055413079,-9.7787787e-05,-9.7787787e-05,1.2792803e-16,1.2792803e-16,-1.3273185e-16,-1.3273185e-16,-0.00065191858,-0.00065191858,6.6372689e-19,6.6372689e-19,-0.00031515882,-0.00031515882,-7.2649109e-16,-7.2649109e-16,0.00055413079,0.00055413079,9.7787787e-05,9.7787787e-05,0.00055413079,0.00055413079,9.7787787e-05,9.7787787e-05,0.00065191858,0.00065191858,-1.9549305e-14,-1.9549305e-14,-5.1282763e-17,-5.1282763e-17,1.6002824e-16,1.6002824e-16,-9.7787787e-05,-9.7787787e-05,-1.8819582e-06,-1.8819582e-06,-1.15918e-17,-1.15918e-17,-1.5996644e-06,-1.5996644e-06,-2.8229372e-07,-2.8229372e-07,0.00046560472,0.00046560472,-1.9517575e-14,-1.9517575e-14,0.53597712,0.53597712,-1.2302543e-12,-1.2302543e-12,0.29059119,0.29059119,-6.149576e-13,-6.149576e-13,-7.0009469e-16,-7.0009469e-16,0.00065191858,0.00065191858,-5.7664125e-17,-5.7664125e-17,-3.9005801e-15,-3.9005801e-15,-2.8994048e-14,-2.8994048e-14,2.8994048e-14,2.8994048e-14,4.9308718e-18,4.9308718e-18,3.5479207e-18,3.5479207e-18,-0.00033675976,-0.00033675976,-4.3556813e-17,-4.3556813e-17,-3.9114281e-17,-3.9114281e-17,3.6079973e-19,3.6079973e-19,3.4580215e-06,3.4580215e-06,1.2757605e-32,1.2757605e-32
1.8864549e-14,1.8864549e-14,-7.8810913e-17,-7.8810913e-17,1.8785738e-14,1.8785738e-14,1.9676763e-14,1.9676763e-14,8.1221385e-16,8.1221385e-16,-0.0003149386,-0.0003149386,-9.750527e-05,-9.750527e-05,-0.00031244742,-0.00031244742,-9.750527e-05,-9.750527e-05,-2.2528251e-17,-2.2528251e-17,1.2353005e-16,1.2353005e-16,0.00065003514,0.00065003514,-1.9509743e-14,-1.9509743e-14,9.4818382e-16,9.4818382e-16,4.7363003e-16,4.7363003e-16,-3.5193355e-17,-3.5193355e-17,-0.00055252986,-0.00055252986,-9.750527e-05,-9.750527e-05,-0.00055252986,-0.00055252986,-9.750527e-05,-9.750527e-05,1.2606847e-16,1.2606847e-16,-1.3220521e-16,-1.3220521e-16,-0.00065003514,-0.00065003514,-6.6164991e-19,-6.6164991e-19,-0.00033011337,-0.00033011337,-7.1224927e-16,-7.1224927e-16,0.00055252986,0.00055252986,9.750527e-05,9.750527e-05,0.00055252986,0.00055252986,9.750527e-05,9.750527e-05,0.00065003514,0.00065003514,-1.9553749e-14,-1.9553749e-14,-5.0415401e-17,-5.0415401e-17,1.5851036e-16,1.5851036e-16,-9.750527e-05,-9.750527e-05,-1.8834433e-06,-1.8834433e-06,-1.1051876e-17,-1.1051876e-17,-1.6009268e-06,-1.6009268e-06,-2.825165e-07,-2.825165e-07,0.00046357424,0.00046357424,-1.9521624e-14,-1.9521624e-14,0.53398795,0.53398795,-1.2305126e-12,-1.2305126e-12,0.28970696,0.28970696,-6.1508831e-13,-6.1508831e-13,-6.8910849e-16,-6.8910849e-16,0.00065003514,0.00065003514,-5.7377651e-17,-5.7377651e-17,-3.9017184e-15,-3.9017184e-15,-2.9278794e-14,-2.9278794e-14,2.9278794e-14,2.9278794e-14,4.8636756e-18,4.8636756e-18,3.534244e-18,3.534244e-18,-0.00031992177,-0.00031992177,-4.3383552e-17,-4.3383552e-17,-3.9036601e-17,-3.9036601e-17,3.5930936e-19,3.5930936e-19,3.4253728e-06,3.4253728e-06,1.1583579e-32,1.1583579e-32
1.888036e-14,1.888036e-14,-7.8393221e-17,-7.8393221e-17,1.8801967e-14,1.8801967e-14,1.9680326e-14,1.9680326e-14,7.9996622e-16,7.9996622e-16,-0.00030305029,-0.00030305029,-9.7222587e-05,-9.7222587e-05,-0.00030058261,-0.00030058261,-9.7222587e-05,-9.7222587e-05,-2.2286702e-17,-2.2286702e-17,1.2302558e-16,1.2302558e-16,0.00064815058,0.00064815058,-1.9513948e-14,-1.9513948e-14,9.3645998e-16,9.3645998e-16,4.6763202e-16,4.6763202e-16,-3.418827e-17,-3.418827e-17,-0.00055092799,-0.00055092799,-9.7222587e-05,-9.7222587e-05,-0.00055092799,-0.00055092799,-9.7222587e-05,-9.7222587e-05,1.2420725e-16,1.2420725e-16,-1.3164817e-16,-1.3164817e-16,-0.00064815058,-0.00064815058,-1.9595501e-18,-1.9595501e-18,-0.0003442249,-0.0003442249,-6.9869435e-16,-6.9869435e-16,0.00055092799,0.00055092799,9.7222587e-05,9.7222587e-05,0.00055092799,0.00055092799,9.7222587e-05,9.7222587e-05,0.00064815058,0.00064815058,-1.9558027e-14,-1.9558027e-14,-4.9222779e-17,-4.9222779e-17,1.5785984e-16,1.5785984e-16,-9.7222587e-05,-9.7222587e-05,-1.8845577e-06,-1.8845577e-06,-1.0538647e-17,-1.0538647e-17,-1.6018741e-06,-1.6018741e-06,-2.8268366e-07,-2.8268366e-07,0.00046157936,0.00046157936,-1.9525533e-14,-1.9525533e-14,0.53202127,0.53202127,-1.2307622e-12,-1.2307622e-12,0.28882461,0.28882461,-6.1521478e-13,-6.1521478e-13,-6.7757975e-16,-6.7757975e-16,0.00064815058,0.00064815058,-5.6982387e-17,-5.6982387e-17,-3.9028204e-15,-3.9028204e-15,-2.9562982e-14,-2.9562982e-14,2.9562982e-14,2.9562982e-14,4.797701e-18,4.797701e-18,3.5207422e-18,3.5207422e-18,-0.00030392568,-0.00030392568,-4.3212208e-17,-4.3212208e-17,-3.8956987e-17,-3.8956987e-17,3.5784204e-19,3.5784204e-19,3.3930529e-06,3.3930529e-06,1.0520225e-32,1.0520225e-32
1.8895425e-14,1.8895425e-14,-7.7368031e-17,-7.7368031e-17,1.8818057e-14,1.8818057e-14,1.9683706e-14,1.9683706e-14,7.8828117e-16,7.8828117e-16,-0.00029174379,-0.00029174379,-9.6939789e-05,-9.6939789e-05,-0.00028929939,-0.00028929939,-9.6939789e-05,-9.6939789e-05,-2.1627489e-17,-2.1627489e-17,1.2252871e-16,1.2252871e-16,0.00064626526,0.00064626526,-1.9518006e-14,-1.9518006e-14,9.2570115e-16,9.2570115e-16,4.6247532e-16,4.6247532e-16,-3.3230836e-17,-3.3230836e-17,-0.00054932547,-0.00054932547,-9.6939789e-05,-9.6939789e-05,-0.00054932547,-0.00054932547,-9.6939789e-05,-9.6939789e-05,1.2234451e-16,1.2234451e-16,-1.3106237e-16,-1.3106237e-16,-0.00064626526,-0.00064626526,-3.2313758e-18,-3.2313758e-18,-0.00035753586,-0.00035753586,-6.857922e-16,-6.857922e-16,0.00054932547,0.00054932547,9.6939788e-05,9.6939788e-05,0.00054932547,0.00054932547,9.6939788e-05,9.6939788e-05,0.00064626526,0.00064626526,-1.9562147e-14,-1.9562147e-14,-4.8355417e-17,-4.8355417e-17,1.5634195e-16,1.5634195e-16,-9.6939789e-05,-9.6939789e-05,-1.8853208e-06,-1.8853208e-06,-1.0050783e-17,-1.0050783e-17,-1.6025226e-06,-1.6025226e-06,-2.8279811e-07,-2.8279811e-07,0.0004596185,0.0004596185,-1.9529309e-14,-1.9529309e-14,0.53007619,0.53007619,-1.2310036e-12,-1.2310036e-12,0.28794417,0.28794417,-6.1533722e-13,-6.1533722e-13,-6.6663921e-16,-6.6663921e-16,0.00064626526,0.00064626526,-5.6712712e-17,-5.6712712e-17,-3.9038878e-15,-3.9038878e-15,-2.9846605e-14,-2.9846605e-14,2.9846605e-14,2.9846605e-14,4.73293e-18,4.73293e-18,3.5074083e-18,3.5074083e-18,-0.0002887294,-0.0002887294,-4.3042731e-17,-4.3042731e-17,-3.8875554e-17,-3.8875554e-17,3.563968e-19,3.563968e-19,3.3610578e-06,3.3610578e-06,9.5569698e-33,9.5569698e-33
1.8911038e-14,1.8911038e-14,-7.6913776e-17,-7.6913776e-17,1.8834124e-14,1.8834124e-14,1.9686912e-14,1.9686912e-14,7.7587381e-16,7.7587381e-16,-0.00028099007,-0.00028099007,-9.6656926e-05,-9.6656926e-05,-0.0002785687,-0.0002785687,-9.6656926e-05,-9.6656926e-05,-2.1345321e-17,-2.1345321e-17,1.220391e-16,1.220391e-16,0.00064437951,0.00064437951,-1.9521924e-14,-1.9521924e-14,9.1497851e-16,9.1497851e-16,4.5702589e-16,4.5702589e-16,-3.2318685e-17,-3.2318685e-17,-0.00054772258,-0.00054772258,-9.6656926e-05,-9.6656926e-05,-0.00054772258,-0.00054772258,-9.6656926e-05,-9.6656926e-05,1.2048041e-16,1.2048041e-16,-1.3044934e-16,-1.3044934e-16,-0.00064437951,-0.00064437951,-4.4784552e-18,-4.4784552e-18,-0.00037008658,-0.00037008658,-6.7351037e-16,-6.7351037e-16,0.00054772258,0.00054772258,9.6656926e-05,9.6656926e-05,0.00054772258,0.00054772258,9.6656926e-05,9.6656926e-05,0.00064437951,0.00064437951,-1.9566118e-14,-1.9566118e-14,-4.7054374e-17,-4.7054374e-17,1.5558301e-16,1.5558301e-16,-9.6656926e-05,-9.6656926e-05,-1.8857509e-06,-1.8857509e-06,-9.5870199e-18,-9.5870199e-18,-1.6028883e-06,-1.6028883e-06,-2.8286264e-07,-2.8286264e-07,0.00045769016,0.00045769016,-1.9532957e-14,-1.9532957e-14,0.52815187,0.52815187,-1.2312371e-12,-1.2312371e-12,0.28706568,0.28706568,-6.154558e-13,-6.154558e-13,-6.5510902e-16,-6.5510902e-16,0.00064437951,0.00064437951,-5.6343988e-17,-5.6343988e-17,-3.9049224e-15,-3.9049224e-15,-3.0129658e-14,-3.0129658e-14,3.0129658e-14,3.0129658e-14,4.6693443e-18,4.6693443e-18,3.4942355e-18,3.4942355e-18,-0.00027429293,-0.00027429293,-4.2875075e-17,-4.2875075e-17,-3.8792409e-17,-3.8792409e-17,3.549727e-19,3.549727e-19,3.3293835e-06,3.3293835e-06,8.684258e-33,8.684258e-33
1.8925993e-14,1.8925993e-14,-7.6034823e-17,-7.6034823e-17,1.8849958e-14,1.8849958e-14,1.9689952e-14,1.9689952e-14,7.6395853e-16,7.6395853e-16,-0.00027076153,-0.00027076153,-9.6374046e-05,-9.6374046e-05,-0.00026836297,-0.00026836297,-9.6374046e-05,-9.6374046e-05,-2.0715296e-17,-2.0715296e-17,1.2155646e-16,1.2155646e-16,0.00064249364,0.00064249364,-1.952571e-14,-1.952571e-14,9.0498449e-16,9.0498449e-16,4.5209557e-16,4.5209557e-16,-3.1449564e-17,-3.1449564e-17,-0.00054611959,-0.00054611959,-9.6374046e-05,-9.6374046e-05,-0.00054611959,-0.00054611959,-9.6374046e-05,-9.6374046e-05,1.186151e-16,1.186151e-16,-1.2981054e-16,-1.2981054e-16,-0.00064249364,-0.00064249364,-5.7020459e-18,-5.7020459e-18,-0.00038191536,-0.00038191536,-6.6181804e-16,-6.6181804e-16,0.00054611959,0.00054611959,9.6374046e-05,9.6374046e-05,0.00054611959,0.00054611959,9.6374046e-05,9.6374046e-05,0.00064249364,0.00064249364,-1.9569946e-14,-1.9569946e-14,-4.6078592e-17,-4.6078592e-17,1.5439039e-16,1.5439039e-16,-9.6374046e-05,-9.6374046e-05,-1.8858658e-06,-1.8858658e-06,-9.1461568e-18,-9.1461568e-18,-1.6029859e-06,-1.6029859e-06,-2.8287987e-07,-2.8287987e-07,0.00045579293,0.00045579293,-1.9536485e-14,-1.9536485e-14,0.52624751,0.52624751,-1.2314631e-12,-1.2314631e-12,0.28618917,0.28618917,-6.1557071e-13,-6.1557071e-13,-6.43877e-16,-6.43877e-16,0.00064249364,0.00064249364,-5.6045724e-17,-5.6045724e-17,-3.9059255e-15,-3.9059255e-15,-3.0412135e-14,-3.0412135e-14,3.0412135e-14,3.0412135e-14,4.6069259e-18,4.6069259e-18,3.4812174e-18,3.4812174e-18,-0.00026057828,-0.00026057828,-4.2709191e-17,-4.2709191e-17,-3.8707655e-17,-3.8707655e-17,3.5356886e-19,3.5356886e-19,3.2980261e-06,3.2980261e-06,7.8934545e-33,7.8934545e-33
1.894093e-14,1.894093e-14,-7.5255489e-17,-7.5255489e-17,1.8865674e-14,1.8865674e-14,1.9692834e-14,1.9692834e-14,7.5190443e-16,7.5190443e-16,-0.00026103196,-0.00026103196,-9.6091194e-05,-9.6091194e-05,-0.00025865597,-0.00025865597,-9.6091194e-05,-9.6091194e-05,-2.031191e-17,-2.031191e-17,1.2108049e-16,1.2108049e-16,0.00064060796,0.00064060796,-1.9529368e-14,-1.9529368e-14,8.9533862e-16,8.9533862e-16,4.473144e-16,4.473144e-16,-3.0621335e-17,-3.0621335e-17,-0.00054451676,-0.00054451676,-9.6091194e-05,-9.6091194e-05,-0.00054451676,-0.00054451676,-9.6091194e-05,-9.6091194e-05,1.1674871e-16,1.1674871e-16,-1.2914737e-16,-1.2914737e-16,-0.00064060796,-0.00064060796,-6.9033391e-18,-6.9033391e-18,-0.00039305859,-0.00039305859,-6.5068593e-16,-6.5068593e-16,0.00054451676,0.00054451676,9.6091194e-05,9.6091194e-05,0.00054451676,0.00054451676,9.6091194e-05,9.6091194e-05,0.00064060796,0.00064060796,-1.9573638e-14,-1.9573638e-14,-4.477755e-17,-4.477755e-17,1.5330619e-16,1.5330619e-16,-9.6091194e-05,-9.6091194e-05,-1.885682e-06,-1.885682e-06,-8.7270525e-18,-8.7270525e-18,-1.6028297e-06,-1.6028297e-06,-2.828523e-07,-2.828523e-07,0.00045392544,0.00045392544,-1.9539897e-14,-1.9539897e-14,0.52436234,0.52436234,-1.2316819e-12,-1.2316819e-12,0.28531468,0.28531468,-6.1568213e-13,-6.1568213e-13,-6.3252784e-16,-6.3252784e-16,0.00064060796,0.00064060796,-5.5702405e-17,-5.5702405e-17,-3.9068989e-15,-3.9068989e-15,-3.069403e-14,-3.069403e-14,3.069403e-14,3.069403e-14,4.5456565e-18,4.5456565e-18,3.4683479e-18,3.4683479e-18,-0.00024754937,-0.00024754937,-4.2545036e-17,-4.2545036e-17,-3.862139e-17,-3.862139e-17,3.5218442e-19,3.5218442e-19,3.266982e-06,3.266982e-06,7.1767547e-33,7.1767547e-33
1.8956032e-14,1.8956032e-14,-7.4754402e-17,-7.4754402e-17,1.8881278e-14,1.8881278e-14,1.9695567e-14,1.9695567e-14,7.395347e-16,7.395347e-16,-0.00025177644,-0.00025177644,-9.5808411e-05,-9.5808411e-05,-0.00024942281,-0.00024942281,-9.5808411e-05,-9.5808411e-05,-1.9949154e-17,-1.9949154e-17,1.2061091e-16,1.2061091e-16,0.00063872274,0.00063872274,-1.9532906e-14,-1.9532906e-14,8.8590408e-16,8.8590408e-16,4.425555e-16,4.425555e-16,-2.9831965e-17,-2.9831965e-17,-0.00054291433,-0.00054291433,-9.5808411e-05,-9.5808411e-05,-0.00054291433,-0.00054291433,-9.5808411e-05,-9.5808411e-05,1.1488139e-16,1.1488139e-16,-1.2846114e-16,-1.2846114e-16,-0.00063872274,-0.00063872274,-8.0834624e-18,-8.0834624e-18,-0.00040355084,-0.00040355084,-6.4008621e-16,-6.4008621e-16,0.00054291433,0.00054291433,9.5808411e-05,9.5808411e-05,0.00054291433,0.00054291433,9.5808411e-05,9.5808411e-05,0.00063872274,0.00063872274,-1.9577201e-14,-1.9577201e-14,-4.3584927e-17,-4.3584927e-17,1.5222199e-16,1.5222199e-16,-9.5808411e-05,-9.5808411e-05,-1.8852155e-06,-1.8852155e-06,-8.3286231e-18,-8.3286231e-18,-1.6024331e-06,-1.6024331e-06,-2.8278232e-07,-2.8278232e-07,0.00045208641,0.00045208641,-1.95432e-14,-1.95432e-14,0.52249564,0.52249564,-1.2318939e-12,-1.2318939e-12,0.28444223,0.28444223,-6.1579022e-13,-6.1579022e-13,-6.2110036e-16,-6.2110036e-16,0.00063872274,0.00063872274,-5.5327273e-17,-5.5327273e-17,-3.9078438e-15,-3.9078438e-15,-3.0975338e-14,-3.0975338e-14,3.0975338e-14,3.0975338e-14,4.4855179e-18,4.4855179e-18,3.4556213e-18,3.4556213e-18,-0.0002351719,-0.0002351719,-4.2382564e-17,-4.2382564e-17,-3.8533706e-17,-3.8533706e-17,3.5081858e-19,3.5081858e-19,3.2362474e-06,3.2362474e-06,6.5271044e-33,6.5271044e-33
1.8970996e-14,1.8970996e-14,-7.4222627e-17,-7.4222627e-17,1.8896774e-14,1.8896774e-14,1.9698156e-14,1.9698156e-14,7.2715999e-16,7.2715999e-16,-0.00024297133,-0.00024297133,-9.5525739e-05,-9.5525739e-05,-0.00024063983,-0.00024063983,-9.5525739e-05,-9.5525739e-05,-1.9656375e-17,-1.9656375e-17,1.2014746e-16,1.2014746e-16,0.00063683826,0.00063683826,-1.9536328e-14,-1.9536328e-14,8.7676779e-16,8.7676779e-16,4.3802365e-16,4.3802365e-16,-2.9079525e-17,-2.9079525e-17,-0.00054131252,-0.00054131252,-9.5525739e-05,-9.5525739e-05,-0.00054131252,-0.00054131252,-9.5525739e-05,-9.5525739e-05,1.1301329e-16,1.1301329e-16,-1.2775312e-16,-1.2775312e-16,-0.00063683826,-0.00063683826,-9.2434837e-18,-9.2434837e-18,-0.00041342496,-0.00041342496,-6.2999244e-16,-6.2999244e-16,0.00054131252,0.00054131252,9.5525739e-05,9.5525739e-05,0.00054131252,0.00054131252,9.5525739e-05,9.5525739e-05,0.00063683826,0.00063683826,-1.958064e-14,-1.958064e-14,-4.2283885e-17,-4.2283885e-17,1.5157146e-16,1.5157146e-16,-9.5525739e-05,-9.5525739e-05,-1.8844811e-06,-1.8844811e-06,-7.9498386e-18,-7.9498386e-18,-1.601809e-06,-1.601809e-06,-2.8267217e-07,-2.8267217e-07,0.00045027463,0.00045027463,-1.9546397e-14,-1.9546397e-14,0.52064673,0.52064673,-1.2320995e-12,-1.2320995e-12,0.28357184,0.28357184,-6.1589513e-13,-6.1589513e-13,-6.0947042e-16,-6.0947042e-16,0.00063683826,0.00063683826,-5.4933501e-17,-5.4933501e-17,-3.9087616e-15,-3.9087616e-15,-3.1256054e-14,-3.1256054e-14,3.1256054e-14,3.1256054e-14,4.426492e-18,4.426492e-18,3.4430319e-18,3.4430319e-18,-0.0002234133,-0.0002234133,-4.2221732e-17,-4.2221732e-17,-3.8444692e-17,-3.8444692e-17,3.4947058e-19,3.4947058e-19,3.2058186e-06,3.2058186e-06,5.9381272e-33,5.9381272e-33
1.8985641e-14,1.8985641e-14,-7.3473089e-17,-7.3473089e-17,1.8912168e-14,1.8912168e-14,1.970061e-14,1.970061e-14,7.1496908e-16,7.1496908e-16,-0.00023459414,-0.00023459414,-9.5243215e-05,-9.5243215e-05,-0.00023228455,-0.00023228455,-9.5243215e-05,-9.5243215e-05,-1.9136249e-17,-1.9136249e-17,1.196899e-16,1.196899e-16,0.00063495477,0.00063495477,-1.9539641e-14,-1.9539641e-14,8.6842078e-16,8.6842078e-16,4.3389362e-16,4.3389362e-16,-2.8362179e-17,-2.8362179e-17,-0.00053971155,-0.00053971155,-9.5243215e-05,-9.5243215e-05,-0.00053971155,-0.00053971155,-9.5243215e-05,-9.5243215e-05,1.1114452e-16,1.1114452e-16,-1.2702449e-16,-1.2702449e-16,-0.00063495477,-0.00063495477,-1.0384414e-17,-1.0384414e-17,-0.00042271213,-0.00042271213,-6.2037952e-16,-6.2037952e-16,0.00053971155,0.00053971155,9.5243215e-05,9.5243215e-05,0.00053971155,0.00053971155,9.5243215e-05,9.5243215e-05,0.00063495477,0.00063495477,-1.9583962e-14,-1.9583962e-14,-4.1199683e-17,-4.1199683e-17,1.50162e-16,1.50162e-16,-9.5243215e-05,-9.5243215e-05,-1.8834934e-06,-1.8834934e-06,-7.5897206e-18,-7.5897206e-18,-1.6009694e-06,-1.6009694e-06,-2.8252401e-07,-2.8252401e-07,0.00044848892,0.00044848892,-1.9549495e-14,-1.9549495e-14,0.51881495,0.51881495,-1.2322988e-12,-1.2322988e-12,0.28270356,0.28270356,-6.1599701e-13,-6.1599701e-13,-5.9825939e-16,-5.9825939e-16,0.00063495477,0.00063495477,-5.4623719e-17,-5.4623719e-17,-3.9096537e-15,-3.9096537e-15,-3.1536173e-14,-3.1536173e-14,3.1536173e-14,3.1536173e-14,4.3685606e-18,4.3685606e-18,3.4305745e-18,3.4305745e-18,-0.00021224264,-0.00021224264,-4.2062498e-17,-4.2062498e-17,-3.8354431e-17,-3.8354431e-17,3.4813968e-19,3.4813968e-19,3.175692e-06,3.175692e-06,5.4040591e-33,5.4040591e-33
1.9000737e-14,1.9000737e-14,-7.305381e-17,-7.305381e-17,1.8927683e-14,1.8927683e-14,1.9702935e-14,1.9702935e-14,7.0219872e-16,7.0219872e-16,-0.00022662353,-0.00022662353,-9.4960875e-05,-9.4960875e-05,-0.00022433563,-0.00022433563,-9.4960875e-05,-9.4960875e-05,-1.9065893e-17,-1.9065893e-17,1.1923798e-16,1.1923798e-16,0.0006330725,0.0006330725,-1.9542849e-14,-1.9542849e-14,8.5967011e-16,8.5967011e-16,4.2941468e-16,4.2941468e-16,-2.7678186e-17,-2.7678186e-17,-0.00053811163,-0.00053811163,-9.4960875e-05,-9.4960875e-05,-0.00053811163,-0.00053811163,-9.4960875e-05,-9.4960875e-05,1.0927524e-16,1.0927524e-16,-1.262764e-16,-1.262764e-16,-0.0006330725,-0.0006330725,-1.1507211e-17,-1.1507211e-17,-0.000431442,-0.000431442,-6.1122357e-16,-6.1122357e-16,0.00053811163,0.00053811163,9.4960875e-05,9.4960875e-05,0.00053811163,0.00053811163,9.4960875e-05,9.4960875e-05,0.0006330725,0.0006330725,-1.9587172e-14,-1.9587172e-14,-3.979022e-17,-3.979022e-17,1.4972832e-16,1.4972832e-16,-9.4960875e-05,-9.4960875e-05,-1.8822658e-06,-1.8822658e-06,-7.2473396e-18,-7.2473396e-18,-1.5999259e-06,-1.5999259e-06,-2.8233986e-07,-2.8233986e-07,0.00044672819,0.00044672819,-1.9552498e-14,-1.9552498e-14,0.51699967,0.51699967,-1.2324923e-12,-1.2324923e-12,0.28183739,0.28183739,-6.1609601e-13,-6.1609601e-13,-5.8637775e-16,-5.8637775e-16,0.0006330725,0.0006330725,-5.4163797e-17,-5.4163797e-17,-3.9105212e-15,-3.9105212e-15,-3.1815689e-14,-3.1815689e-14,3.1815689e-14,3.1815689e-14,4.3117058e-18,4.3117058e-18,3.4182441e-18,3.4182441e-18,-0.00020163051,-0.00020163051,-4.1904819e-17,-4.1904819e-17,-3.8263004e-17,-3.8263004e-17,3.468252e-19,3.468252e-19,3.1458642e-06,3.1458642e-06,4.9196892e-33,4.9196892e-33
1.9015166e-14,1.9015166e-14,-7.2386078e-17,-7.2386078e-17,1.894278e-14,1.894278e-14,1.9705137e-14,1.9705137e-14,6.8997132e-16,6.8997132e-16,-0.00021903921,-0.00021903921,-9.4678754e-05,-9.4678754e-05,-0.00021677278,-0.00021677278,-9.4678754e-05,-9.4678754e-05,-1.8603265e-17,-1.8603265e-17,1.1879147e-16,1.1879147e-16,0.00063119169,0.00063119169,-1.9545957e-14,-1.9545957e-14,8.5189099e-16,8.5189099e-16,4.2575329e-16,4.2575329e-16,-2.702589e-17,-2.702589e-17,-0.00053651294,-0.00053651294,-9.4678754e-05,-9.4678754e-05,-0.00053651294,-0.00053651294,-9.4678754e-05,-9.4678754e-05,1.0740557e-16,1.0740557e-16,-1.2550992e-16,-1.2550992e-16,-0.00063119169,-0.00063119169,-1.2612779e-17,-1.2612779e-17,-0.00043964271,-0.00043964271,-6.0250194e-16,-6.0250194e-16,0.00053651294,0.00053651294,9.4678754e-05,9.4678754e-05,0.00053651294,0.00053651294,9.4678754e-05,9.4678754e-05,0.00063119169,0.00063119169,-1.9590275e-14,-1.9590275e-14,-3.8597597e-17,-3.8597597e-17,1.485357e-16,1.485357e-16,-9.4678754e-05,-9.4678754e-05,-1.8808111e-06,-1.8808111e-06,-6.9218125e-18,-6.9218125e-18,-1.5986895e-06,-1.5986895e-06,-2.8212167e-07,-2.8212167e-07,0.00044499139,0.00044499139,-1.9555409e-14,-1.9555409e-14,0.51520031,0.51520031,-1.2326801e-12,-1.2326801e-12,0.28097336,0.28097336,-6.1619225e-13,-6.1619225e-13,-5.7494693e-16,-5.7494693e-16,0.00063119169,0.00063119169,-5.3843103e-17,-5.3843103e-17,-3.9113653e-15,-3.9113653e-15,-3.20946e-14,-3.20946e-14,3.20946e-14,3.20946e-14,4.2559095e-18,4.2559095e-18,3.406036e-18,3.406036e-18,-0.00019154898,-0.00019154898,-4.1748656e-17,-4.1748656e-17,-3.8170486e-17,-3.8170486e-17,3.4552646e-19,3.4552646e-19,3.1163317e-06,3.1163317e-06,4.4803065e-33,4.4803065e-33
1.9029984e-14,1.9029984e-14,-7.2086329e-17,-7.2086329e-17,1.8957897e-14,1.8957897e-14,1.9707222e-14,1.9707222e-14,6.7723828e-16,6.7723828e-16,-0.0002118219,-0.0002118219,-9.4396882e-05,-9.4396882e-05,-0.00020957674,-0.00020957674,-9.4396882e-05,-9.4396882e-05,-1.8422998e-17,-1.8422998e-17,1.1835017e-16,1.1835017e-16,0.00062931255,0.00062931255,-1.9548971e-14,-1.9548971e-14,8.4397549e-16,8.4397549e-16,4.217008e-16,4.217008e-16,-2.6403718e-17,-2.6403718e-17,-0.00053491567,-0.00053491567,-9.4396882e-05,-9.4396882e-05,-0.00053491567,-0.00053491567,-9.4396882e-05,-9.4396882e-05,1.0553564e-16,1.0553564e-16,-1.2472609e-16,-1.2472609e-16,-0.00062931255,-0.00062931255,-1.3701978e-17,-1.3701978e-17,-0.00044734102,-0.00044734102,-5.9419306e-16,-5.9419306e-16,0.00053491567,0.00053491567,9.4396882e-05,9.4396882e-05,0.00053491567,0.00053491567,9.4396882e-05,9.4396882e-05,0.00062931255,0.00062931255,-1.9593276e-14,-1.9593276e-14,-3.7079714e-17,-3.7079714e-17,1.479936e-16,1.479936e-16,-9.4396882e-05,-9.4396882e-05,-1.8791418e-06,-1.8791418e-06,-6.6123003e-18,-6.6123003e-18,-1.5972705e-06,-1.5972705e-06,-2.8187126e-07,-2.8187126e-07,0.00044327752,0.00044327752,-1.9558235e-14,-1.9558235e-14,0.51341629,0.51341629,-1.2328626e-12,-1.2328626e-12,0.28011149,0.28011149,-6.1628586e-13,-6.1628586e-13,-5.6324266e-16,-5.6324266e-16,0.00062931255,0.00062931255,-5.3408388e-17,-5.3408388e-17,-3.9121871e-15,-3.9121871e-15,-3.2372899e-14,-3.2372899e-14,3.2372899e-14,3.2372899e-14,4.2011538e-18,4.2011538e-18,3.3939455e-18,3.3939455e-18,-0.00018197153,-0.00018197153,-4.159397e-17,-4.159397e-17,-3.8076947e-17,-3.8076947e-17,3.4424285e-19,3.4424285e-19,3.0870911e-06,3.0870911e-06,4.0816513e-33,4.0816513e-33
1.9044396e-14,1.9044396e-14,-7.1464913e-17,-7.1464913e-17,1.8972931e-14,1.8972931e-14,1.9709196e-14,1.9709196e-14,6.6479917e-16,6.6479917e-16,-0.00020495331,-0.00020495331,-9.4115292e-05,-9.4115292e-05,-0.00020272921,-0.00020272921,-9.4115292e-05,-9.4115292e-05,-1.789753e-17,-1.789753e-17,1.1791386e-16,1.1791386e-16,0.00062743528,0.00062743528,-1.9551893e-14,-1.9551893e-14,8.3676109e-16,8.3676109e-16,4.1821044e-16,4.1821044e-16,-2.5810176e-17,-2.5810176e-17,-0.00053331999,-0.00053331999,-9.4115292e-05,-9.4115292e-05,-0.00053331999,-0.00053331999,-9.4115292e-05,-9.4115292e-05,1.0366558e-16,1.0366558e-16,-1.2392588e-16,-1.2392588e-16,-0.00062743528,-0.00062743528,-1.4775618e-17,-1.4775618e-17,-0.00045456233,-0.00045456233,-5.8627648e-16,-5.8627648e-16,0.00053331999,0.00053331999,9.4115292e-05,9.4115292e-05,0.00053331999,0.00053331999,9.4115292e-05,9.4115292e-05,0.00062743528,0.00062743528,-1.9596181e-14,-1.9596181e-14,-3.5778672e-17,-3.5778672e-17,1.4680097e-16,1.4680097e-16,-9.4115292e-05,-9.4115292e-05,-1.8772693e-06,-1.8772693e-06,-6.3180058e-18,-6.3180058e-18,-1.5956789e-06,-1.5956789e-06,-2.8159039e-07,-2.8159039e-07,0.00044158562,0.00044158562,-1.9560977e-14,-1.9560977e-14,0.5116471,0.5116471,-1.2330399e-12,-1.2330399e-12,0.27925181,0.27925181,-6.1637697e-13,-6.1637697e-13,-5.5173837e-16,-5.5173837e-16,0.00062743528,0.00062743528,-5.305464e-17,-5.305464e-17,-3.9129877e-15,-3.9129877e-15,-3.2650583e-14,-3.2650583e-14,3.2650583e-14,3.2650583e-14,4.147421e-18,4.147421e-18,3.3819685e-18,3.3819685e-18,-0.00017287296,-0.00017287296,-4.144072e-17,-4.144072e-17,-3.7982458e-17,-3.7982458e-17,3.4297377e-19,3.4297377e-19,3.0581391e-06,3.0581391e-06,3.7198722e-33,3.7198722e-33
1.9058928e-14,1.9058928e-14,-7.10424e-17,-7.10424e-17,1.8987886e-14,1.8987886e-14,1.9711063e-14,1.9711063e-14,6.5213486e-16,6.5213486e-16,-0.00019841603,-0.00019841603,-9.3834011e-05,-9.3834011e-05,-0.00019621278,-0.00019621278,-9.3834011e-05,-9.3834011e-05,-1.7807669e-17,-1.7807669e-17,1.1748234e-16,1.1748234e-16,0.00062556008,0.00062556008,-1.955473e-14,-1.955473e-14,8.2954554e-16,8.2954554e-16,4.1458691e-16,4.1458691e-16,-2.5243844e-17,-2.5243844e-17,-0.00053172606,-0.00053172606,-9.3834011e-05,-9.3834011e-05,-0.00053172606,-0.00053172606,-9.3834011e-05,-9.3834011e-05,1.017955e-16,1.017955e-16,-1.2311022e-16,-1.2311022e-16,-0.00062556008,-0.00062556008,-1.5834468e-17,-1.5834468e-17,-0.00046133077,-0.00046133077,-5.7873275e-16,-5.7873275e-16,0.00053172606,0.00053172606,9.3834011e-05,9.3834011e-05,0.00053172606,0.00053172606,9.3834011e-05,9.3834011e-05,0.00062556008,0.00062556008,-1.9598993e-14,-1.9598993e-14,-3.4152368e-17,-3.4152368e-17,1.4636729e-16,1.4636729e-16,-9.3834011e-05,-9.3834011e-05,-1.8752047e-06,-1.8752047e-06,-6.0381717e-18,-6.0381717e-18,-1.593924e-06,-1.593924e-06,-2.8128071e-07,-2.8128071e-07,0.00043991481,0.00043991481,-1.9563641e-14,-1.9563641e-14,0.5098922,0.5098922,-1.2332124e-12,-1.2332124e-12,0.27839432,0.27839432,-6.1646568e-13,-6.1646568e-13,-5.4002251e-16,-5.4002251e-16,0.00062556008,0.00062556008,-5.2631799e-17,-5.2631799e-17,-3.913768e-15,-3.913768e-15,-3.2927648e-14,-3.2927648e-14,3.2927648e-14,3.2927648e-14,4.0946934e-18,4.0946934e-18,3.3701006e-18,3.3701006e-18,-0.00016422931,-0.00016422931,-4.1288872e-17,-4.1288872e-17,-3.7887082e-17,-3.7887082e-17,3.4171864e-19,3.4171864e-19,3.0294724e-06,3.0294724e-06,3.3914862e-33,3.3914862e-33
1.9073007e-14,1.9073007e-14,-7.0351178e-17,-7.0351178e-17,1.9002656e-14,1.9002656e-14,1.971283e-14,1.971283e-14,6.3982277e-16,6.3982277e-16,-0.00019219355,-0.00019219355,-9.3553068e-05,-9.3553068e-05,-0.00019001094,-0.00019001094,-9.3553068e-05,-9.3553068e-05,-1.7306879e-17,-1.7306879e-17,1.1705544e-16,1.1705544e-16,0.00062368712,0.00062368712,-1.9557484e-14,-1.9557484e-14,8.2272053e-16,8.2272053e-16,4.1133691e-16,4.1133691e-16,-2.4703373e-17,-2.4703373e-17,-0.00053013405,-0.00053013405,-9.3553068e-05,-9.3553068e-05,-0.00053013405,-0.00053013405,-9.3553068e-05,-9.3553068e-05,9.9925536e-17,9.9925536e-17,-1.2227999e-16,-1.2227999e-16,-0.00062368712,-0.00062368712,-1.6879254e-17,-1.6879254e-17,-0.00046766927,-0.00046766927,-5.7154339e-16,-5.7154339e-16,0.00053013405,0.00053013405,9.3553068e-05,9.3553068e-05,0.00053013405,0.00053013405,9.3553068e-05,9.3553068e-05,0.00062368712,0.00062368712,-1.9601718e-14,-1.9601718e-14,-3.2851326e-17,-3.2851326e-17,1.4517467e-16,1.4517467e-16,-9.3553068e-05,-9.3553068e-05,-1.8729586e-06,-1.8729586e-06,-5.7720786e-18,-5.7720786e-18,-1.5920148e-06,-1.5920148e-06,-2.8094378e-07,-2.8094378e-07,0.00043826422,0.00043826422,-1.956623e-14,-1.956623e-14,0.50815113,0.50815113,-1.2333802e-12,-1.2333802e-12,0.27753905,0.27753905,-6.1655212e-13,-6.1655212e-13,-5.2867171e-16,-5.2867171e-16,0.00062368712,0.00062368712,-5.2271461e-17,-5.2271461e-17,-3.914529e-15,-3.914529e-15,-3.320409e-14,-3.320409e-14,3.320409e-14,3.320409e-14,4.0429535e-18,4.0429535e-18,3.3583381e-18,3.3583381e-18,-0.00015601784,-0.00015601784,-4.1138387e-17,-4.1138387e-17,-3.7790881e-17,-3.7790881e-17,3.4047694e-19,3.4047694e-19,3.0010878e-06,3.0010878e-06,3.0933434e-33,3.0933434e-33
1.9087573e-14,1.9087573e-14,-7.0003136e-17,-7.0003136e-17,1.901757e-14,1.901757e-14,1.9714501e-14,1.9714501e-14,6.269271e-16,6.269271e-16,-0.00018627017,-0.00018627017,-9.3272486e-05,-9.3272486e-05,-0.000184108,-0.000184108,-9.3272486e-05,-9.3272486e-05,-1.7282363e-17,-1.7282363e-17,1.1663298e-16,1.1663298e-16,0.00062181658,0.00062181658,-1.9560159e-14,-1.9560159e-14,8.1583658e-16,8.1583658e-16,4.079088e-16,4.079088e-16,-2.4187483e-17,-2.4187483e-17,-0.00052854409,-0.00052854409,-9.3272486e-05,-9.3272486e-05,-0.00052854409,-0.00052854409,-9.3272486e-05,-9.3272486e-05,9.80558e-17,9.80558e-17,-1.2143603e-16,-1.2143603e-16,-0.00062181658,-0.00062181658,-1.7910666e-17,-1.7910666e-17,-0.00047359963,-0.00047359963,-5.6469084e-16,-5.6469084e-16,0.00052854409,0.00052854409,9.3272486e-05,9.3272486e-05,0.00052854409,0.00052854409,9.3272486e-05,9.3272486e-05,0.00062181658,0.00062181658,-1.9604358e-14,-1.9604358e-14,-3.1550283e-17,-3.1550283e-17,1.4463257e-16,1.4463257e-16,-9.3272486e-05,-9.3272486e-05,-1.8705408e-06,-1.8705408e-06,-5.5190429e-18,-5.5190429e-18,-1.5899597e-06,-1.5899597e-06,-2.8058112e-07,-2.8058112e-07,0.00043663304,0.00043663304,-1.9568747e-14,-1.9568747e-14,0.50642341,0.50642341,-1.2335436e-12,-1.2335436e-12,0.27668601,0.27668601,-6.1663637e-13,-6.1663637e-13,-5.1674942e-16,-5.1674942e-16,0.00062181658,0.00062181658,-5.1829684e-17,-5.1829684e-17,-3.9152715e-15,-3.9152715e-15,-3.3479905e-14,-3.3479905e-14,3.3479905e-14,3.3479905e-14,3.9921839e-18,3.9921839e-18,3.3466773e-18,3.3466773e-18,-0.00014821695,-0.00014821695,-4.0989232e-17,-4.0989232e-17,-3.7693913e-17,-3.7693913e-17,3.3924813e-19,3.3924813e-19,2.972982e-06,2.972982e-06,2.8225948e-33,2.8225948e-33
1.9101952e-14,1.9101952e-14,-6.9644502e-17,-6.9644502e-17,1.9032307e-14,1.9032307e-14,1.971608e-14,1.971608e-14,6.1412821e-16,6.1412821e-16,-0.00018063097,-0.00018063097,-9.2992292e-05,-9.2992292e-05,-0.00017848904,-0.00017848904,-9.2992292e-05,-9.2992292e-05,-1.699408e-17,-1.699408e-17,1.1621478e-16,1.1621478e-16,0.00061994862,0.00061994862,-1.9562759e-14,-1.9562759e-14,8.0938127e-16,8.0938127e-16,4.0468773e-16,4.0468773e-16,-2.3694956e-17,-2.3694956e-17,-0.00052695632,-0.00052695632,-9.2992292e-05,-9.2992292e-05,-0.00052695632,-0.00052695632,-9.2992292e-05,-9.2992292e-05,9.6186411e-17,9.6186411e-17,-1.2057914e-16,-1.2057914e-16,-0.00061994862,-0.00061994862,-1.8929352e-17,-1.8929352e-17,-0.00047914251,-0.00047914251,-5.5815843e-16,-5.5815843e-16,0.00052695632,0.00052695632,9.2992292e-05,9.2992292e-05,0.00052695632,0.00052695632,9.2992292e-05,9.2992292e-05,0.00061994862,0.00061994862,-1.9606918e-14,-1.9606918e-14,-3.00324e-17,-3.00324e-17,1.4376521e-16,1.4376521e-16,-9.2992292e-05,-9.2992292e-05,-1.8679609e-06,-1.8679609e-06,-5.2784152e-18,-5.2784152e-18,-1.5877668e-06,-1.5877668e-06,-2.8019413e-07,-2.8019413e-07,0.00043502049,0.00043502049,-1.9571196e-14,-1.9571196e-14,0.50470861,0.50470861,-1.2337027e-12,-1.2337027e-12,0.27583521,0.27583521,-6.1671855e-13,-6.1671855e-13,-5.0493526e-16,-5.0493526e-16,0.00061994862,0.00061994862,-5.1401732e-17,-5.1401732e-17,-3.9159966e-15,-3.9159966e-15,-3.3755089e-14,-3.3755089e-14,3.3755089e-14,3.3755089e-14,3.9423674e-18,3.9423674e-18,3.3351144e-18,3.3351144e-18,-0.0001408061,-0.0001408061,-4.084137e-17,-4.084137e-17,-3.7596233e-17,-3.7596233e-17,3.3803173e-19,3.3803173e-19,2.9451521e-06,2.9451521e-06,2.5766636e-33,2.5766636e-33
1.9116112e-14,1.9116112e-14,-6.9242164e-17,-6.9242164e-17,1.904687e-14,1.904687e-14,1.9717572e-14,1.9717572e-14,6.0146049e-16,6.0146049e-16,-0.00017526179,-0.00017526179,-9.2712508e-05,-9.2712508e-05,-0.0001731399,-0.0001731399,-9.2712508e-05,-9.2712508e-05,-1.6785301e-17,-1.6785301e-17,1.1580069e-16,1.1580069e-16,0.00061808339,0.00061808339,-1.9565288e-14,-1.9565288e-14,8.0300085e-16,8.0300085e-16,4.01434e-16,4.01434e-16,-2.3224634e-17,-2.3224634e-17,-0.00052537088,-0.00052537088,-9.2712508e-05,-9.2712508e-05,-0.00052537088,-0.00052537088,-9.2712508e-05,-9.2712508e-05,9.431748e-17,9.431748e-17,-1.1971009e-16,-1.1971009e-16,-0.00061808339,-0.00061808339,-1.993593e-17,-1.993593e-17,-0.00048431759,-0.00048431759,-5.5193031e-16,-5.5193031e-16,0.00052537088,0.00052537088,9.2712508e-05,9.2712508e-05,0.00052537088,0.00052537088,9.2712508e-05,9.2712508e-05,0.00061808339,0.00061808339,-1.9609402e-14,-1.9609402e-14,-2.8514517e-17,-2.8514517e-17,1.4311469e-16,1.4311469e-16,-9.2712508e-05,-9.2712508e-05,-1.8652278e-06,-1.8652278e-06,-5.0495785e-18,-5.0495785e-18,-1.5854436e-06,-1.5854436e-06,-2.7978417e-07,-2.7978417e-07,0.00043342584,0.00043342584,-1.957358e-14,-1.957358e-14,0.50300631,0.50300631,-1.2338578e-12,-1.2338578e-12,0.27498667,0.27498667,-6.1679874e-13,-6.1679874e-13,-4.9326294e-16,-4.9326294e-16,0.00061808339,0.00061808339,-5.0969943e-17,-5.0969943e-17,-3.9167048e-15,-3.9167048e-15,-3.402964e-14,-3.402964e-14,3.402964e-14,3.402964e-14,3.8934869e-18,3.8934869e-18,3.3236463e-18,3.3236463e-18,-0.0001337658,-0.0001337658,-4.069477e-17,-4.069477e-17,-3.7497896e-17,-3.7497896e-17,3.3682728e-19,3.3682728e-19,2.917595e-06,2.917595e-06,2.3532187e-33,2.3532187e-33
1.9130206e-14,1.9130206e-14,-6.8728401e-17,-6.8728401e-17,1.9061477e-14,1.9061477e-14,1.9718982e-14,1.9718982e-14,5.8877603e-16,5.8877603e-16,-0.00017014917,-0.00017014917,-9.2433156e-05,-9.2433156e-05,-0.00016804713,-0.00016804713,-9.2433156e-05,-9.2433156e-05,-1.6564768e-17,-1.6564768e-17,1.1539056e-16,1.1539056e-16,0.00061622104,0.00061622104,-1.9567748e-14,-1.9567748e-14,7.9715813e-16,7.9715813e-16,3.9839897e-16,3.9839897e-16,-2.277542e-17,-2.277542e-17,-0.00052378788,-0.00052378788,-9.2433156e-05,-9.2433156e-05,-0.00052378788,-0.00052378788,-9.2433156e-05,-9.2433156e-05,9.244912e-17,9.244912e-17,-1.1882958e-16,-1.1882958e-16,-0.00061622104,-0.00061622104,-2.0930981e-17,-2.0930981e-17,-0.00048914353,-0.00048914353,-5.4599141e-16,-5.4599141e-16,0.00052378788,0.00052378788,9.2433156e-05,9.2433156e-05,0.00052378788,0.00052378788,9.2433156e-05,9.2433156e-05,0.00061622104,0.00061622104,-1.9611814e-14,-1.9611814e-14,-2.7105054e-17,-2.7105054e-17,1.4235575e-16,1.4235575e-16,-9.2433156e-05,-9.2433156e-05,-1.8623501e-06,-1.8623501e-06,-4.8319465e-18,-4.8319465e-18,-1.5829976e-06,-1.5829976e-06,-2.7935251e-07,-2.7935251e-07,0.00043184838,0.00043184838,-1.9575901e-14,-1.9575901e-14,0.50131611,0.50131611,-1.234009e-12,-1.234009e-12,0.2741404,0.2741404,-6.1687703e-13,-6.1687703e-13,-4.8158391e-16,-4.8158391e-16,0.00061622104,0.00061622104,-5.05561e-17,-5.05561e-17,-3.9173971e-15,-3.9173971e-15,-3.4303553e-14,-3.4303553e-14,3.4303553e-14,3.4303553e-14,3.8455255e-18,3.8455255e-18,3.3122696e-18,3.3122696e-18,-0.00012707751,-0.00012707751,-4.0549398e-17,-4.0549398e-17,-3.7398949e-17,-3.7398949e-17,3.3563434e-19,3.3563434e-19,2.8903075e-06,2.8903075e-06,2.1501512e-33,2.1501512e-33
1.9144355e-14,1.9144355e-14,-6.8438429e-17,-6.8438429e-17,1.9075916e-14,1.9075916e-14,1.9720312e-14,1.9720312e-14,5.7595767e-16,5.7595767e-16,-0.00016528033,-0.00016528033,-9.2154255e-05,-9.2154255e-05,-0.00016319794,-0.00016319794,-9.2154255e-05,-9.2154255e-05,-1.6348838e-17,-1.6348838e-17,1.1498423e-16,1.1498423e-16,0.0006143617,0.0006143617,-1.9570143e-14,-1.9570143e-14,7.9129751e-16,7.9129751e-16,3.9546584e-16,3.9546584e-16,-2.2346269e-17,-2.2346269e-17,-0.00052220745,-0.00052220745,-9.2154255e-05,-9.2154255e-05,-0.00052220745,-0.00052220745,-9.2154255e-05,-9.2154255e-05,9.0581439e-17,9.0581439e-17,-1.1793832e-16,-1.1793832e-16,-0.0006143617,-0.0006143617,-2.1915057e-17,-2.1915057e-17,-0.00049363807,-0.00049363807,-5.4032743e-16,-5.4032743e-16,0.00052220745,0.00052220745,9.2154255e-05,9.2154255e-05,0.00052220745,0.00052220745,9.2154255e-05,9.2154255e-05,0.0006143617,0.0006143617,-1.9614156e-14,-1.9614156e-14,-2.5370331e-17,-2.5370331e-17,1.415968e-16,1.415968e-16,-9.2154255e-05,-9.2154255e-05,-1.8593358e-06,-1.8593358e-06,-4.6249623e-18,-4.6249623e-18,-1.5804354e-06,-1.5804354e-06,-2.7890037e-07,-2.7890037e-07,0.00043028746,0.00043028746,-1.9578163e-14,-1.9578163e-14,0.49963764,0.49963764,-1.2341565e-12,-1.2341565e-12,0.27329642,0.27329642,-6.1695351e-13,-6.1695351e-13,-4.6978037e-16,-4.6978037e-16,0.0006143617,0.0006143617,-5.0112232e-17,-5.0112232e-17,-3.9180742e-15,-3.9180742e-15,-3.4576826e-14,-3.4576826e-14,3.4576826e-14,3.4576826e-14,3.7984664e-18,3.7984664e-18,3.3009813e-18,3.3009813e-18,-0.00012072363,-0.00012072363,-4.0405224e-17,-4.0405224e-17,-3.7299441e-17,-3.7299441e-17,3.3445247e-19,3.3445247e-19,2.8632869e-06,2.8632869e-06,1.965553e-33,1.965553e-33
1.915847e-14,1.915847e-14,-6.80636e-17,-6.80636e-17,1.9090406e-14,1.9090406e-14,1.9721568e-14,1.9721568e-14,5.6309838e-16,5.6309838e-16,-0.00016064312,-0.00016064312,-9.1875826e-05,-9.1875826e-05,-0.00015858019,-0.00015858019,-9.1875826e-05,-9.1875826e-05,-1.6153103e-17,-1.6153103e-17,1.1458158e-16,1.1458158e-16,0.00061250551,0.00061250551,-1.9572476e-14,-1.9572476e-14,7.8560768e-16,7.8560768e-16,3.9271971e-16,3.9271971e-16,-2.1936189e-17,-2.1936189e-17,-0.00052062968,-0.00052062968,-9.1875826e-05,-9.1875826e-05,-0.00052062968,-0.00052062968,-9.1875826e-05,-9.1875826e-05,8.8714545e-17,8.8714545e-17,-1.1703695e-16,-1.1703695e-16,-0.00061250551,-0.00061250551,-2.2888678e-17,-2.2888678e-17,-0.00049781806,-0.00049781806,-5.3492477e-16,-5.3492477e-16,0.00052062968,0.00052062968,9.1875826e-05,9.1875826e-05,0.00052062968,0.00052062968,9.1875826e-05,9.1875826e-05,0.00061250551,0.00061250551,-1.9616431e-14,-1.9616431e-14,-2.3960868e-17,-2.3960868e-17,1.4116312e-16,1.4116312e-16,-9.1875826e-05,-9.1875826e-05,-1.8561927e-06,-1.8561927e-06,-4.4280968e-18,-4.4280968e-18,-1.5777638e-06,-1.5777638e-06,-2.7842891e-07,-2.7842891e-07,0.00042874243,0.00042874243,-1.9580368e-14,-1.9580368e-14,0.49797053,0.49797053,-1.2343005e-12,-1.2343005e-12,0.27245472,0.27245472,-6.1702827e-13,-6.1702827e-13,-4.5783629e-16,-4.5783629e-16,0.00061250551,0.00061250551,-4.9675772e-17,-4.9675772e-17,-3.9187367e-15,-3.9187367e-15,-3.4849456e-14,-3.4849456e-14,3.4849456e-14,3.4849456e-14,3.7522931e-18,3.7522931e-18,3.2897785e-18,3.2897785e-18,-0.00011468745,-0.00011468745,-4.0262216e-17,-4.0262216e-17,-3.7199417e-17,-3.7199417e-17,3.3328128e-19,3.3328128e-19,2.83653e-06,2.83653e-06,1.7976974e-33,1.7976974e-33
1.9172243e-14,1.9172243e-14,-6.7402912e-17,-6.7402912e-17,1.9104841e-14,1.9104841e-14,1.9722752e-14,1.9722752e-14,5.505087e-16,5.505087e-16,-0.00015622599,-0.00015622599,-9.1597887e-05,-9.1597887e-05,-0.00015418233,-0.00015418233,-9.1597887e-05,-9.1597887e-05,-1.5775587e-17,-1.5775587e-17,1.1418246e-16,1.1418246e-16,0.00061065258,0.00061065258,-1.957475e-14,-1.957475e-14,7.8038711e-16,7.8038711e-16,3.9024684e-16,3.9024684e-16,-2.1544238e-17,-2.1544238e-17,-0.00051905469,-0.00051905469,-9.1597887e-05,-9.1597887e-05,-0.00051905469,-0.00051905469,-9.1597887e-05,-9.1597887e-05,8.6848541e-17,8.6848541e-17,-1.1612609e-16,-1.1612609e-16,-0.00061065258,-0.00061065258,-2.3852338e-17,-2.3852338e-17,-0.0005016995,-0.0005016995,-5.2977052e-16,-5.2977052e-16,0.00051905469,0.00051905469,9.1597887e-05,9.1597887e-05,0.00051905469,0.00051905469,9.1597887e-05,9.1597887e-05,0.00061065258,0.00061065258,-1.9618644e-14,-1.9618644e-14,-2.2551405e-17,-2.2551405e-17,1.4007892e-16,1.4007892e-16,-9.1597887e-05,-9.1597887e-05,-1.8529281e-06,-1.8529281e-06,-4.2408471e-18,-4.2408471e-18,-1.5749889e-06,-1.5749889e-06,-2.7793922e-07,-2.7793922e-07,0.0004272127,0.0004272127,-1.9582519e-14,-1.9582519e-14,0.49631444,0.49631444,-1.2344411e-12,-1.2344411e-12,0.27161533,0.27161533,-6.1710136e-13,-6.1710136e-13,-4.4638691e-16,-4.4638691e-16,0.00061065258,0.00061065258,-4.9311407e-17,-4.9311407e-17,-3.9193853e-15,-3.9193853e-15,-3.5121439e-14,-3.5121439e-14,3.5121439e-14,3.5121439e-14,3.7069893e-18,3.7069893e-18,3.2786584e-18,3.2786584e-18,-0.00010895308,-0.00010895308,-4.0120345e-17,-4.0120345e-17,-3.7098919e-17,-3.7098919e-17,3.3212039e-19,3.3212039e-19,2.8100342e-06,2.8100342e-06,1.645022e-33,1.645022e-33
1.9186329e-14,1.9186329e-14,-6.7107042e-17,-6.7107042e-17,1.9119222e-14,1.9119222e-14,1.9723868e-14,1.9723868e-14,5.3753906e-16,5.3753906e-16,-0.00015201799,-0.00015201799,-9.1320455e-05,-9.1320455e-05,-0.00014999341,-0.00014999341,-9.1320455e-05,-9.1320455e-05,-1.5772564e-17,-1.5772564e-17,1.1378676e-16,1.1378676e-16,0.00060880303,0.00060880303,-1.9576967e-14,-1.9576967e-14,7.7477507e-16,7.7477507e-16,3.874077e-16,3.874077e-16,-2.116952e-17,-2.116952e-17,-0.00051748258,-0.00051748258,-9.1320455e-05,-9.1320455e-05,-0.00051748258,-0.00051748258,-9.1320455e-05,-9.1320455e-05,8.4983529e-17,8.4983529e-17,-1.1520634e-16,-1.1520634e-16,-0.00060880303,-0.00060880303,-2.4806502e-17,-2.4806502e-17,-0.00050529761,-0.00050529761,-5.248524e-16,-5.248524e-16,0.00051748258,0.00051748258,9.1320455e-05,9.1320455e-05,0.00051748258,0.00051748258,9.1320455e-05,9.1320455e-05,0.00060880303,0.00060880303,-1.9620796e-14,-1.9620796e-14,-2.0816682e-17,-2.0816682e-17,1.3975366e-16,1.3975366e-16,-9.1320455e-05,-9.1320455e-05,-1.8495489e-06,-1.8495489e-06,-4.0627358e-18,-4.0627358e-18,-1.5721166e-06,-1.5721166e-06,-2.7743234e-07,-2.7743234e-07,0.00042569769,0.00042569769,-1.9584618e-14,-1.9584618e-14,0.49466905,0.49466905,-1.2345785e-12,-1.2345785e-12,0.27077824,0.27077824,-6.1717288e-13,-6.1717288e-13,-4.3445685e-16,-4.3445685e-16,0.00060880303,0.00060880303,-4.8818618e-17,-4.8818618e-17,-3.9200206e-15,-3.9200206e-15,-3.5392773e-14,-3.5392773e-14,3.5392773e-14,3.5392773e-14,3.6625389e-18,3.6625389e-18,3.2676184e-18,3.2676184e-18,-0.00010350542,-0.00010350542,-3.9979583e-17,-3.9979583e-17,-3.6997989e-17,-3.6997989e-17,3.3096943e-19,3.3096943e-19,2.7837965e-06,2.7837965e-06,1.5061125e-33,1.5061125e-33
1.920013e-14,1.920013e-14,-6.6685648e-17,-6.6685648e-17,1.9133445e-14,1.9133445e-14,1.972492e-14,1.972492e-14,5.2478927e-16,5.2478927e-16,-0.0001480087,-0.0001480087,-9.1043546e-05,-9.1043546e-05,-0.00014600301,-0.00014600301,-9.1043546e-05,-9.1043546e-05,-1.5507032e-17,-1.5507032e-17,1.1339436e-16,1.1339436e-16,0.00060695697,0.00060695697,-1.9579129e-14,-1.9579129e-14,7.6975106e-16,7.6975106e-16,3.8496913e-16,3.8496913e-16,-2.0811185e-17,-2.0811185e-17,-0.00051591342,-0.00051591342,-9.1043546e-05,-9.1043546e-05,-0.00051591342,-0.00051591342,-9.1043546e-05,-9.1043546e-05,8.3119609e-17,8.3119609e-17,-1.1427825e-16,-1.1427825e-16,-0.00060695697,-0.00060695697,-2.575161e-17,-2.575161e-17,-0.00050862682,-0.00050862682,-5.2015874e-16,-5.2015874e-16,0.00051591342,0.00051591342,9.1043545e-05,9.1043545e-05,0.00051591342,0.00051591342,9.1043545e-05,9.1043545e-05,0.00060695697,0.00060695697,-1.962289e-14,-1.962289e-14,-1.9298799e-17,-1.9298799e-17,1.388863e-16,1.388863e-16,-9.1043546e-05,-9.1043546e-05,-1.8460617e-06,-1.8460617e-06,-3.8933088e-18,-3.8933088e-18,-1.5691524e-06,-1.5691524e-06,-2.7690926e-07,-2.7690926e-07,0.00042419686,0.00042419686,-1.9586668e-14,-1.9586668e-14,0.49303404,0.49303404,-1.2347128e-12,-1.2347128e-12,0.26994347,0.26994347,-6.1724289e-13,-6.1724289e-13,-4.2275385e-16,-4.2275385e-16,0.00060695697,0.00060695697,-4.8403976e-17,-4.8403976e-17,-3.9206433e-15,-3.9206433e-15,-3.5663456e-14,-3.5663456e-14,3.5663456e-14,3.5663456e-14,3.6189257e-18,3.6189257e-18,3.2566559e-18,3.2566559e-18,-9.8330153e-05,-9.8330153e-05,-3.98399e-17,-3.98399e-17,-3.6896664e-17,-3.6896664e-17,3.2982806e-19,3.2982806e-19,2.7578142e-06,2.7578142e-06,1.379689e-33,1.379689e-33
1.9214052e-14,1.9214052e-14,-6.6432899e-17,-6.6432899e-17,1.9147619e-14,1.9147619e-14,1.9725909e-14,1.9725909e-14,5.1185777e-16,5.1185777e-16,-0.00014418822,-0.00014418822,-9.0767175e-05,-9.0767175e-05,-0.00014220125,-0.00014220125,-9.0767175e-05,-9.0767175e-05,-1.5425563e-17,-1.5425563e-17,1.1300514e-16,1.1300514e-16,0.0006051145,0.0006051145,-1.958124e-14,-1.958124e-14,7.6462948e-16,7.6462948e-16,3.8235788e-16,3.8235788e-16,-2.0468424e-17,-2.0468424e-17,-0.00051434732,-0.00051434732,-9.0767175e-05,-9.0767175e-05,-0.00051434732,-0.00051434732,-9.0767175e-05,-9.0767175e-05,8.1256878e-17,8.1256878e-17,-1.1334237e-16,-1.1334237e-16,-0.0006051145,-0.0006051145,-2.668808e-17,-2.668808e-17,-0.00051170085,-0.00051170085,-5.1567847e-16,-5.1567847e-16,0.00051434732,0.00051434732,9.0767175e-05,9.0767175e-05,0.00051434732,0.00051434732,9.0767175e-05,9.0767175e-05,0.0006051145,0.0006051145,-1.962493e-14,-1.962493e-14,-1.7672495e-17,-1.7672495e-17,1.383442e-16,1.383442e-16,-9.0767175e-05,-9.0767175e-05,-1.8424728e-06,-1.8424728e-06,-3.7321352e-18,-3.7321352e-18,-1.5661019e-06,-1.5661019e-06,-2.7637092e-07,-2.7637092e-07,0.00042270969,0.00042270969,-1.958867e-14,-1.958867e-14,0.49140911,0.49140911,-1.2348442e-12,-1.2348442e-12,0.26911103,0.26911103,-6.1731145e-13,-6.1731145e-13,-4.1087586e-16,-4.1087586e-16,0.0006051145,0.0006051145,-4.7932836e-17,-4.7932836e-17,-3.9212539e-15,-3.9212539e-15,-3.5933484e-14,-3.5933484e-14,3.5933484e-14,3.5933484e-14,3.5761341e-18,3.5761341e-18,3.2457686e-18,3.2457686e-18,-9.3413645e-05,-9.3413645e-05,-3.9701272e-17,-3.9701272e-17,-3.6794981e-17,-3.6794981e-17,3.2869594e-19,3.2869594e-19,2.7320844e-06,2.7320844e-06,1.2645925e-33,1.2645925e-33
1.9227921e-14,1.9227921e-14,-6.6174945e-17,-6.6174945e-17,1.9161746e-14,1.9161746e-14,1.972684e-14,1.972684e-14,4.9891942e-16,4.9891942e-16,-0.00014054716,-0.00014054716,-9.0491356e-05,-9.0491356e-05,-0.00013857872,-0.00013857872,-9.0491356e-05,-9.0491356e-05,-1.5215197e-17,-1.5215197e-17,1.1261899e-16,1.1261899e-16,0.00060327571,0.00060327571,-1.9583301e-14,-1.9583301e-14,7.5975763e-16,7.5975763e-16,3.7992502e-16,3.7992502e-16,-2.014047e-17,-2.014047e-17,-0.00051278435,-0.00051278435,-9.0491356e-05,-9.0491356e-05,-0.00051278435,-0.00051278435,-9.0491356e-05,-9.0491356e-05,7.9395431e-17,7.9395431e-17,-1.123992e-16,-1.123992e-16,-0.00060327571,-0.00060327571,-2.7616304e-17,-2.7616304e-17,-0.00051453275,-0.00051453275,-5.1140106e-16,-5.1140106e-16,0.00051278435,0.00051278435,9.0491356e-05,9.0491356e-05,0.00051278435,0.00051278435,9.0491356e-05,9.0491356e-05,0.00060327571,0.00060327571,-1.9626917e-14,-1.9626917e-14,-1.6154612e-17,-1.6154612e-17,1.378021e-16,1.378021e-16,-9.0491356e-05,-9.0491356e-05,-1.838788e-06,-1.838788e-06,-3.5788051e-18,-3.5788051e-18,-1.5629698e-06,-1.5629698e-06,-2.7581821e-07,-2.7581821e-07,0.00042123569,0.00042123569,-1.9590627e-14,-1.9590627e-14,0.48979399,0.48979399,-1.2349728e-12,-1.2349728e-12,0.26828091,0.26828091,-6.1737863e-13,-6.1737863e-13,-3.9899727e-16,-3.9899727e-16,0.00060327571,0.00060327571,-4.7486124e-17,-4.7486124e-17,-3.9218529e-15,-3.9218529e-15,-3.6202856e-14,-3.6202856e-14,3.6202856e-14,3.6202856e-14,3.5341485e-18,3.5341485e-18,3.2349542e-18,3.2349542e-18,-8.8742963e-05,-8.8742963e-05,-3.956367e-17,-3.956367e-17,-3.6692974e-17,-3.6692974e-17,3.2757277e-19,3.2757277e-19,2.7066046e-06,2.7066046e-06,1.1597738e-33,1.1597738e-33
1.9241296e-14,1.9241296e-14,-6.5468194e-17,-6.5468194e-17,1.9175828e-14,1.9175828e-14,1.9727715e-14,1.9727715e-14,4.8641877e-16,4.8641877e-16,-0.00013707658,-0.00013707658,-9.0216104e-05,-9.0216104e-05,-0.0001351265,-0.0001351265,-9.0216104e-05,-9.0216104e-05,-1.499609e-17,-1.499609e-17,1.1223582e-16,1.1223582e-16,0.0006014407,0.0006014407,-1.9585315e-14,-1.9585315e-14,7.5516274e-16,7.5516274e-16,3.7780978e-16,3.7780978e-16,-1.9826592e-17,-1.9826592e-17,-0.00051122459,-0.00051122459,-9.0216104e-05,-9.0216104e-05,-0.00051122459,-0.00051122459,-9.0216104e-05,-9.0216104e-05,7.7535361e-17,7.7535361e-17,-1.1144923e-16,-1.1144923e-16,-0.0006014407,-0.0006014407,-2.8536655e-17,-2.8536655e-17,-0.00051713488,-0.00051713488,-5.0731649e-16,-5.0731649e-16,0.00051122459,0.00051122459,9.0216104e-05,9.0216104e-05,0.00051122459,0.00051122459,9.0216104e-05,9.0216104e-05,0.0006014407,0.0006014407,-1.9628854e-14,-1.9628854e-14,-1.474515e-17,-1.474515e-17,1.3715157e-16,1.3715157e-16,-9.0216104e-05,-9.0216104e-05,-1.8350132e-06,-1.8350132e-06,-3.4329293e-18,-3.4329293e-18,-1.5597612e-06,-1.5597612e-06,-2.7525198e-07,-2.7525198e-07,0.00041977439,0.00041977439,-1.959254e-14,-1.959254e-14,0.48818841,0.48818841,-1.2350987e-12,-1.2350987e-12,0.26745313,0.26745313,-6.1744449e-13,-6.1744449e-13,-3.8745378e-16,-3.8745378e-16,0.0006014407,0.0006014407,-4.7063185e-17,-4.7063185e-17,-3.9224409e-15,-3.9224409e-15,-3.6471569e-14,-3.6471569e-14,3.6471569e-14,3.6471569e-14,3.4929536e-18,3.4929536e-18,3.2242104e-18,3.2242104e-18,-8.4305815e-05,-8.4305815e-05,-3.942707e-17,-3.942707e-17,-3.6590677e-17,-3.6590677e-17,3.2645825e-19,3.2645825e-19,2.6813721e-06,2.6813721e-06,1.0642829e-33,1.0642829e-33
1.9255067e-14,1.9255067e-14,-6.5199413e-17,-6.5199413e-17,1.9189867e-14,1.9189867e-14,1.9728537e-14,1.9728537e-14,4.7347e-16,4.7347e-16,-0.00013376801,-0.00013376801,-8.9941431e-05,-8.9941431e-05,-0.0001318361,-0.0001318361,-8.9941431e-05,-8.9941431e-05,-1.4779442e-17,-1.4779442e-17,1.1185552e-16,1.1185552e-16,0.00059960954,0.00059960954,-1.9587284e-14,-1.9587284e-14,7.505919e-16,7.505919e-16,3.7554577e-16,3.7554577e-16,-1.9526097e-17,-1.9526097e-17,-0.00050966811,-0.00050966811,-8.9941431e-05,-8.9941431e-05,-0.00050966811,-0.00050966811,-8.9941431e-05,-8.9941431e-05,7.5676759e-17,7.5676759e-17,-1.1049291e-16,-1.1049291e-16,-0.00059960954,-0.00059960954,-2.9449484e-17,-2.9449484e-17,-0.00051951902,-0.00051951902,-5.0341527e-16,-5.0341527e-16,0.00050966811,0.00050966811,8.9941431e-05,8.9941431e-05,0.00050966811,0.00050966811,8.9941431e-05,8.9941431e-05,0.00059960954,0.00059960954,-1.9630743e-14,-1.9630743e-14,-1.3010426e-17,-1.3010426e-17,1.3639263e-16,1.3639263e-16,-8.9941431e-05,-8.9941431e-05,-1.8311535e-06,-1.8311535e-06,-3.2941381e-18,-3.2941381e-18,-1.5564805e-06,-1.5564805e-06,-2.7467303e-07,-2.7467303e-07,0.00041832535,0.00041832535,-1.9594413e-14,-1.9594413e-14,0.48659211,0.48659211,-1.235222e-12,-1.235222e-12,0.26662769,0.26662769,-6.1750909e-13,-6.1750909e-13,-3.7568441e-16,-3.7568441e-16,0.00059960954,0.00059960954,-4.6624973e-17,-4.6624973e-17,-3.9230184e-15,-3.9230184e-15,-3.6739621e-14,-3.6739621e-14,3.6739621e-14,3.6739621e-14,3.4525342e-18,3.4525342e-18,3.2135353e-18,3.2135353e-18,-8.0090524e-05,-8.0090524e-05,-3.9291448e-17,-3.9291448e-17,-3.6488121e-17,-3.6488121e-17,3.2535208e-19,3.2535208e-19,2.6563841e-06,2.6563841e-06,9.7725941e-34,9.7725941e-34
1.926892e-14,1.926892e-14,-6.5054732e-17,-6.5054732e-17,1.9203865e-14,1.9203865e-14,1.9729308e-14,1.9729308e-14,4.6038789e-16,4.6038789e-16,-0.00013061338,-0.00013061338,-8.9667349e-05,-8.9667349e-05,-0.00012869947,-0.00012869947,-8.9667349e-05,-8.9667349e-05,-1.4792787e-17,-1.4792787e-17,1.11478e-16,1.11478e-16,0.00059778233,0.00059778233,-1.958921e-14,-1.958921e-14,7.4613444e-16,7.4613444e-16,3.7322556e-16,3.7322556e-16,-1.9238327e-17,-1.9238327e-17,-0.00050811498,-0.00050811498,-8.9667349e-05,-8.9667349e-05,-0.00050811498,-0.00050811498,-8.9667349e-05,-8.9667349e-05,7.3819714e-17,7.3819714e-17,-1.0953068e-16,-1.0953068e-16,-0.00059778233,-0.00059778233,-3.0355124e-17,-3.0355124e-17,-0.00052169633,-0.00052169633,-4.9968836e-16,-4.9968836e-16,0.00050811498,0.00050811498,8.9667349e-05,8.9667349e-05,0.00050811498,0.00050811498,8.9667349e-05,8.9667349e-05,0.00059778233,0.00059778233,-1.9632586e-14,-1.9632586e-14,-1.1275703e-17,-1.1275703e-17,1.3617579e-16,1.3617579e-16,-8.9667349e-05,-8.9667349e-05,-1.8272141e-06,-1.8272141e-06,-3.1620801e-18,-3.1620801e-18,-1.553132e-06,-1.553132e-06,-2.7408212e-07,-2.7408212e-07,0.00041688813,0.00041688813,-1.9596246e-14,-1.9596246e-14,0.48500484,0.48500484,-1.2353429e-12,-1.2353429e-12,0.26580459,0.26580459,-6.1757247e-13,-6.1757247e-13,-3.6367829e-16,-3.6367829e-16,0.00059778233,0.00059778233,-4.6155726e-17,-4.6155726e-17,-3.9235857e-15,-3.9235857e-15,-3.700701e-14,-3.700701e-14,3.700701e-14,3.700701e-14,3.4128754e-18,3.4128754e-18,3.2029269e-18,3.2029269e-18,-7.6085998e-05,-7.6085998e-05,-3.9156779e-17,-3.9156779e-17,-3.6385336e-17,-3.6385336e-17,3.2425401e-19,3.2425401e-19,2.6316382e-06,2.6316382e-06,8.9792394e-34,8.9792394e-34
1.9282232e-14,1.9282232e-14,-6.4409449e-17,-6.4409449e-17,1.9217823e-14,1.9217823e-14,1.973003e-14,1.973003e-14,4.4779802e-16,4.4779802e-16,-0.00012760504,-0.00012760504,-8.9393869e-05,-8.9393869e-05,-0.00012570895,-0.00012570895,-8.9393869e-05,-8.9393869e-05,-1.4395809e-17,-1.4395809e-17,1.1110318e-16,1.1110318e-16,0.00059595913,0.00059595913,-1.9591094e-14,-1.9591094e-14,7.420653e-16,7.420653e-16,3.7123555e-16,3.7123555e-16,-1.8962656e-17,-1.8962656e-17,-0.00050656526,-0.00050656526,-8.9393869e-05,-8.9393869e-05,-0.00050656526,-0.00050656526,-8.9393869e-05,-8.9393869e-05,7.1964311e-17,7.1964311e-17,-1.0856296e-16,-1.0856296e-16,-0.00059595913,-0.00059595913,-3.1253888e-17,-3.1253888e-17,-0.00052367743,-0.00052367743,-4.9612717e-16,-4.9612717e-16,0.00050656526,0.00050656526,8.9393869e-05,8.9393869e-05,0.00050656526,0.00050656526,8.9393869e-05,8.9393869e-05,0.00059595913,0.00059595913,-1.9634386e-14,-1.9634386e-14,-9.8662398e-18,-9.8662398e-18,1.3509159e-16,1.3509159e-16,-8.9393869e-05,-8.9393869e-05,-1.8231999e-06,-1.8231999e-06,-3.0364214e-18,-3.0364214e-18,-1.5497199e-06,-1.5497199e-06,-2.7347999e-07,-2.7347999e-07,0.00041546234,0.00041546234,-1.9598041e-14,-1.9598041e-14,0.48342638,0.48342638,-1.2354614e-12,-1.2354614e-12,0.26498384,0.26498384,-6.176347e-13,-6.176347e-13,-3.5206061e-16,-3.5206061e-16,0.00059595913,0.00059595913,-4.5756055e-17,-4.5756055e-17,-3.9241434e-15,-3.9241434e-15,-3.7273734e-14,-3.7273734e-14,3.7273734e-14,3.7273734e-14,3.3739625e-18,3.3739625e-18,3.1923832e-18,3.1923832e-18,-7.2281698e-05,-7.2281698e-05,-3.9023041e-17,-3.9023041e-17,-3.6282348e-17,-3.6282348e-17,3.2316377e-19,3.2316377e-19,2.6071318e-06,2.6071318e-06,8.2557056e-34,8.2557056e-34
1.9295947e-14,1.9295947e-14,-6.4421742e-17,-6.4421742e-17,1.9231525e-14,1.9231525e-14,1.9730707e-14,1.9730707e-14,4.3475993e-16,4.3475993e-16,-0.00012473571,-0.00012473571,-8.9121002e-05,-8.9121002e-05,-0.00012285727,-0.00012285727,-8.9121002e-05,-8.9121002e-05,-1.446562e-17,-1.446562e-17,1.1073096e-16,1.1073096e-16,0.00059414001,0.00059414001,-1.9592939e-14,-1.9592939e-14,7.3759626e-16,7.3759626e-16,3.6889888e-16,3.6889888e-16,-1.8698489e-17,-1.8698489e-17,-0.00050501901,-0.00050501901,-8.9121002e-05,-8.9121002e-05,-0.00050501901,-0.00050501901,-8.9121002e-05,-8.9121002e-05,7.0110636e-17,7.0110636e-17,-1.0759015e-16,-1.0759015e-16,-0.00059414001,-0.00059414001,-3.2146074e-17,-3.2146074e-17,-0.0005254724,-0.0005254724,-4.9272355e-16,-4.9272355e-16,0.00050501901,0.00050501901,8.9121002e-05,8.9121002e-05,0.00050501901,0.00050501901,8.9121002e-05,8.9121002e-05,0.00059414001,0.00059414001,-1.9636143e-14,-1.9636143e-14,-7.8062556e-18,-7.8062556e-18,1.3487475e-16,1.3487475e-16,-8.9121002e-05,-8.9121002e-05,-1.8191154e-06,-1.8191154e-06,-2.9168448e-18,-2.9168448e-18,-1.5462481e-06,-1.5462481e-06,-2.7286731e-07,-2.7286731e-07,0.00041404759,0.00041404759,-1.95998e-14,-1.95998e-14,0.4818565,0.4818565,-1.2355776e-12,-1.2355776e-12,0.26416544,0.26416544,-6.1769581e-13,-6.1769581e-13,-3.4010739e-16,-3.4010739e-16,0.00059414001,0.00059414001,-4.5237754e-17,-4.5237754e-17,-3.9246919e-15,-3.9246919e-15,-3.7539791e-14,-3.7539791e-14,3.7539791e-14,3.7539791e-14,3.335781e-18,3.335781e-18,3.1819025e-18,3.1819025e-18,-6.8667613e-05,-6.8667613e-05,-3.8890211e-17,-3.8890211e-17,-3.6179186e-17,-3.6179186e-17,3.2208112e-19,3.2208112e-19,2.5828623e-06,2.5828623e-06,7.5955964e-34,7.5955964e-34
1.9309376e-14,1.9309376e-14,-6.3860261e-17,-6.3860261e-17,1.9245516e-14,1.9245516e-14,1.973134e-14,1.973134e-14,4.2196369e-16,4.2196369e-16,-0.00012199848,-0.00012199848,-8.8848757e-05,-8.8848757e-05,-0.00012013752,-0.00012013752,-8.8848757e-05,-8.8848757e-05,-1.4252588e-17,-1.4252588e-17,1.1036128e-16,1.1036128e-16,0.00059232505,0.00059232505,-1.9594746e-14,-1.9594746e-14,7.3366638e-16,7.3366638e-16,3.6704891e-16,3.6704891e-16,-1.8445262e-17,-1.8445262e-17,-0.00050347629,-0.00050347629,-8.8848757e-05,-8.8848757e-05,-0.00050347629,-0.00050347629,-8.8848757e-05,-8.8848757e-05,6.825877e-17,6.825877e-17,-1.0661262e-16,-1.0661262e-16,-0.00059232505,-0.00059232505,-3.3031959e-17,-3.3031959e-17,-0.00052709082,-0.00052709082,-4.8946975e-16,-4.8946975e-16,0.00050347629,0.00050347629,8.8848757e-05,8.8848757e-05,0.00050347629,0.00050347629,8.8848757e-05,8.8848757e-05,0.00059232505,0.00059232505,-1.9637861e-14,-1.9637861e-14,-6.2883726e-18,-6.2883726e-18,1.3411581e-16,1.3411581e-16,-8.8848757e-05,-8.8848757e-05,-1.8149649e-06,-1.8149649e-06,-2.8030488e-18,-2.8030488e-18,-1.5427202e-06,-1.5427202e-06,-2.7224474e-07,-2.7224474e-07,0.00041264352,0.00041264352,-1.9601524e-14,-1.9601524e-14,0.48029499,0.48029499,-1.2356917e-12,-1.2356917e-12,0.26334939,0.26334939,-6.1775586e-13,-6.1775586e-13,-3.2850837e-16,-3.2850837e-16,0.00059232505,0.00059232505,-4.4820049e-17,-4.4820049e-17,-3.9252316e-15,-3.9252316e-15,-3.780518e-14,-3.780518e-14,3.780518e-14,3.780518e-14,3.2983166e-18,3.2983166e-18,3.1714831e-18,3.1714831e-18,-6.5234232e-05,-6.5234232e-05,-3.8758268e-17,-3.8758268e-17,-3.6075874e-17,-3.6075874e-17,3.2100582e-19,3.2100582e-19,2.5588273e-06,2.5588273e-06,6.993116e-34,6.993116e-34
1.932302e-14,1.932302e-14,-6.3766386e-17,-6.3766386e-17,1.9259253e-14,1.9259253e-14,1.973193e-14,1.973193e-14,4.0891083e-16,4.0891083e-16,-0.00011938679,-0.00011938679,-8.8577144e-05,-8.8577144e-05,-0.00011754313,-0.00011754313,-8.8577144e-05,-8.8577144e-05,-1.419929e-17,-1.419929e-17,1.0999405e-16,1.0999405e-16,0.0005905143,0.0005905143,-1.9596517e-14,-1.9596517e-14,7.2961353e-16,7.2961353e-16,3.6491774e-16,3.6491774e-16,-1.8202436e-17,-1.8202436e-17,-0.00050193715,-0.00050193715,-8.8577144e-05,-8.8577144e-05,-0.00050193715,-0.00050193715,-8.8577144e-05,-8.8577144e-05,6.6408794e-17,6.6408794e-17,-1.0563073e-16,-1.0563073e-16,-0.0005905143,-0.0005905143,-3.391181e-17,-3.391181e-17,-0.00052854177,-0.00052854177,-4.863584e-16,-4.863584e-16,0.00050193715,0.00050193715,8.8577144e-05,8.8577144e-05,0.00050193715,0.00050193715,8.8577144e-05,8.8577144e-05,0.0005905143,0.0005905143,-1.9639541e-14,-1.9639541e-14,-4.5536491e-18,-4.5536491e-18,1.3357371e-16,1.3357371e-16,-8.8577144e-05,-8.8577144e-05,-1.8107527e-06,-1.8107527e-06,-2.6947472e-18,-2.6947472e-18,-1.5391398e-06,-1.5391398e-06,-2.716129e-07,-2.716129e-07,0.00041124978,0.00041124978,-1.9603215e-14,-1.9603215e-14,0.47874166,0.47874166,-1.2358037e-12,-1.2358037e-12,0.2625357,0.2625357,-6.178149e-13,-6.178149e-13,-3.1654791e-16,-3.1654791e-16,0.0005905143,0.0005905143,-4.4338089e-17,-4.4338089e-17,-3.9257628e-15,-3.9257628e-15,-3.8069899e-14,-3.8069899e-14,3.8069899e-14,3.8069899e-14,3.2615553e-18,3.2615553e-18,3.1611234e-18,3.1611234e-18,-6.1972521e-05,-6.1972521e-05,-3.8627191e-17,-3.8627191e-17,-3.5972435e-17,-3.5972435e-17,3.1993766e-19,3.1993766e-19,2.5350244e-06,2.5350244e-06,6.4430113e-34,6.4430113e-34
1.9336485e-14,1.9336485e-14,-6.3528539e-17,-6.3528539e-17,1.9272956e-14,1.9272956e-14,1.9732482e-14,1.9732482e-14,3.9599688e-16,3.9599688e-16,-0.00011689439,-0.00011689439,-8.8306172e-05,-8.8306172e-05,-0.00011506788,-0.00011506788,-8.8306172e-05,-8.8306172e-05,-1.4205807e-17,-1.4205807e-17,1.0962919e-16,1.0962919e-16,0.00058870781,0.00058870781,-1.9598253e-14,-1.9598253e-14,7.2557521e-16,7.2557521e-16,3.6286219e-16,3.6286219e-16,-1.7969503e-17,-1.7969503e-17,-0.00050040164,-0.00050040164,-8.8306172e-05,-8.8306172e-05,-0.00050040164,-0.00050040164,-8.8306172e-05,-8.8306172e-05,6.4560787e-17,6.4560787e-17,-1.0464482e-16,-1.0464482e-16,-0.00058870781,-0.00058870781,-3.4785876e-17,-3.4785876e-17,-0.00052983392,-0.00052983392,-4.8338251e-16,-4.8338251e-16,0.00050040164,0.00050040164,8.8306172e-05,8.8306172e-05,0.00050040164,0.00050040164,8.8306172e-05,8.8306172e-05,0.00058870781,0.00058870781,-1.9641184e-14,-1.9641184e-14,-3.0357661e-18,-3.0357661e-18,1.3335687e-16,1.3335687e-16,-8.8306172e-05,-8.8306172e-05,-1.8064826e-06,-1.8064826e-06,-2.5916679e-18,-2.5916679e-18,-1.5355102e-06,-1.5355102e-06,-2.7097239e-07,-2.7097239e-07,0.00040986604,0.00040986604,-1.9604874e-14,-1.9604874e-14,0.4771963,0.4771963,-1.2359137e-12,-1.2359137e-12,0.26172436,0.26172436,-6.1787295e-13,-6.1787295e-13,-3.0472963e-16,-3.0472963e-16,0.00058870781,0.00058870781,-4.3860035e-17,-4.3860035e-17,-3.9262858e-15,-3.9262858e-15,-3.8333946e-14,-3.8333946e-14,3.8333946e-14,3.8333946e-14,3.2254832e-18,3.2254832e-18,3.1508218e-18,3.1508218e-18,-5.8873895e-05,-5.8873895e-05,-3.849696e-17,-3.849696e-17,-3.5868894e-17,-3.5868894e-17,3.1887642e-19,3.1887642e-19,2.511451e-06,2.511451e-06,5.940521e-34,5.940521e-34
1.9349665e-14,1.9349665e-14,-6.3039484e-17,-6.3039484e-17,1.9286625e-14,1.9286625e-14,1.9732995e-14,1.9732995e-14,3.8332984e-16,3.8332984e-16,-0.00011451537,-0.00011451537,-8.8035848e-05,-8.8035848e-05,-0.00011270584,-0.00011270584,-8.8035848e-05,-8.8035848e-05,-1.3846583e-17,-1.3846583e-17,1.0926665e-16,1.0926665e-16,0.00058690565,0.00058690565,-1.9599955e-14,-1.9599955e-14,7.2187845e-16,7.2187845e-16,3.6110323e-16,3.6110323e-16,-1.7745978e-17,-1.7745978e-17,-0.00049886981,-0.00049886981,-8.8035848e-05,-8.8035848e-05,-0.00049886981,-0.00049886981,-8.8035848e-05,-8.8035848e-05,6.2714825e-17,6.2714825e-17,-1.0365522e-16,-1.0365522e-16,-0.00058690565,-0.00058690565,-3.5654393e-17,-3.5654393e-17,-0.00053097545,-0.00053097545,-4.8053542e-16,-4.8053542e-16,0.00049886981,0.00049886981,8.8035848e-05,8.8035848e-05,0.00049886981,0.00049886981,8.8035848e-05,8.8035848e-05,0.00058690565,0.00058690565,-1.9642793e-14,-1.9642793e-14,-1.6263033e-18,-1.6263033e-18,1.3238109e-16,1.3238109e-16,-8.8035848e-05,-8.8035848e-05,-1.8021583e-06,-1.8021583e-06,-2.4935522e-18,-2.4935522e-18,-1.5318346e-06,-1.5318346e-06,-2.7032375e-07,-2.7032375e-07,0.00040849198,0.00040849198,-1.9606503e-14,-1.9606503e-14,0.47565874,0.47565874,-1.2360219e-12,-1.2360219e-12,0.26091539,0.26091539,-6.1793008e-13,-6.1793008e-13,-2.9316126e-16,-2.9316126e-16,0.00058690565,0.00058690565,-4.3448043e-17,-4.3448043e-17,-3.9268012e-15,-3.9268012e-15,-3.8597319e-14,-3.8597319e-14,3.8597319e-14,3.8597319e-14,3.1900867e-18,3.1900867e-18,3.1405768e-18,3.1405768e-18,-5.59302e-05,-5.59302e-05,-3.8367555e-17,-3.8367555e-17,-3.5765271e-17,-3.5765271e-17,3.178219e-19,3.178219e-19,2.4881049e-06,2.4881049e-06,5.4813282e-34,5.4813282e-34
1.936319e-14,1.936319e-14,-6.2928137e-17,-6.2928137e-17,1.9300262e-14,1.9300262e-14,1.9733472e-14,1.9733472e-14,3.7028153e-16,3.7028153e-16,-0.00011224409,-0.00011224409,-8.7766181e-05,-8.7766181e-05,-0.00011045138,-0.00011045138,-8.7766181e-05,-8.7766181e-05,-1.3888331e-17,-1.3888331e-17,1.0890635e-16,1.0890635e-16,0.00058510787,0.00058510787,-1.9601627e-14,-1.9601627e-14,7.180318e-16,7.180318e-16,3.5904325e-16,3.5904325e-16,-1.75314e-17,-1.75314e-17,-0.00049734169,-0.00049734169,-8.7766181e-05,-8.7766181e-05,-0.00049734169,-0.00049734169,-8.7766181e-05,-8.7766181e-05,6.0870982e-17,6.0870982e-17,-1.0266224e-16,-1.0266224e-16,-0.00058510787,-0.00058510787,-3.6517583e-17,-3.6517583e-17,-0.00053197418,-0.00053197418,-4.7781082e-16,-4.7781082e-16,0.00049734169,0.00049734169,8.7766181e-05,8.7766181e-05,0.00049734169,0.00049734169,8.7766181e-05,8.7766181e-05,0.00058510787,0.00058510787,-1.9644367e-14,-1.9644367e-14,6.505213e-19,6.505213e-19,1.3216424e-16,1.3216424e-16,-8.7766181e-05,-8.7766181e-05,-1.7977835e-06,-1.7977835e-06,-2.4001546e-18,-2.4001546e-18,-1.5281159e-06,-1.5281159e-06,-2.6966752e-07,-2.6966752e-07,0.00040712731,0.00040712731,-1.9608103e-14,-1.9608103e-14,0.47412881,0.47412881,-1.2361282e-12,-1.2361282e-12,0.26010877,0.26010877,-6.179863e-13,-6.179863e-13,-2.811059e-16,-2.811059e-16,0.00058510787,0.00058510787,-4.2949277e-17,-4.2949277e-17,-3.9273091e-15,-3.9273091e-15,-3.8860019e-14,-3.8860019e-14,3.8860019e-14,3.8860019e-14,3.1553524e-18,3.1553524e-18,3.130387e-18,3.130387e-18,-5.313369e-05,-5.313369e-05,-3.8238958e-17,-3.8238958e-17,-3.5661587e-17,-3.5661587e-17,3.167739e-19,3.167739e-19,2.4649837e-06,2.4649837e-06,5.0615186e-34,5.0615186e-34
1.9376363e-14,1.9376363e-14,-6.2495771e-17,-6.2495771e-17,1.9313867e-14,1.9313867e-14,1.9733914e-14,1.9733914e-14,3.5755139e-16,3.5755139e-16,-0.00011007521,-0.00011007521,-8.7497176e-05,-8.7497176e-05,-0.00010829915,-0.00010829915,-8.7497176e-05,-8.7497176e-05,-1.3687958e-17,-1.3687958e-17,1.0854823e-16,1.0854823e-16,0.00058331451,0.00058331451,-1.9603267e-14,-1.9603267e-14,7.1456019e-16,7.1456019e-16,3.5731772e-16,3.5731772e-16,-1.7325331e-17,-1.7325331e-17,-0.00049581733,-0.00049581733,-8.7497176e-05,-8.7497176e-05,-0.00049581733,-0.00049581733,-8.7497176e-05,-8.7497176e-05,5.9029331e-17,5.9029331e-17,-1.0166617e-16,-1.0166617e-16,-0.00058331451,-0.00058331451,-3.7375656e-17,-3.7375656e-17,-0.0005328375,-0.0005328375,-4.7520269e-16,-4.7520269e-16,0.00049581733,0.00049581733,8.7497176e-05,8.7497176e-05,0.00049581733,0.00049581733,8.7497176e-05,8.7497176e-05,0.00058331451,0.00058331451,-1.964591e-14,-1.964591e-14,1.9515639e-18,1.9515639e-18,1.3151372e-16,1.3151372e-16,-8.7497176e-05,-8.7497176e-05,-1.7933614e-06,-1.7933614e-06,-2.3112417e-18,-2.3112417e-18,-1.5243572e-06,-1.5243572e-06,-2.690042e-07,-2.690042e-07,0.00040577174,0.00040577174,-1.9609675e-14,-1.9609675e-14,0.47260633,0.47260633,-1.2362328e-12,-1.2362328e-12,0.25930451,0.25930451,-6.1804166e-13,-6.1804166e-13,-2.6937116e-16,-2.6937116e-16,0.00058331451,0.00058331451,-4.2511661e-17,-4.2511661e-17,-3.9278099e-15,-3.9278099e-15,-3.9122042e-14,-3.9122042e-14,3.9122042e-14,3.9122042e-14,3.1212671e-18,3.1212671e-18,3.1202512e-18,3.1202512e-18,-5.0477005e-05,-5.0477005e-05,-3.811115e-17,-3.811115e-17,-3.555786e-17,-3.555786e-17,3.1573226e-19,3.1573226e-19,2.4420851e-06,2.4420851e-06,4.6775422e-34,4.6775422e-34
1.9389797e-14,1.9389797e-14,-6.2355654e-17,-6.2355654e-17,1.9327442e-14,1.9327442e-14,1.9734324e-14,1.9734324e-14,3.4452686e-16,3.4452686e-16,-0.00010800364,-0.00010800364,-8.7228842e-05,-8.7228842e-05,-0.00010624407,-0.00010624407,-8.7228842e-05,-8.7228842e-05,-1.3577835e-17,-1.3577835e-17,1.0819224e-16,1.0819224e-16,0.00058152561,0.00058152561,-1.9604879e-14,-1.9604879e-14,7.1100555e-16,7.1100555e-16,3.5568747e-16,3.5568747e-16,-1.7127355e-17,-1.7127355e-17,-0.00049429677,-0.00049429677,-8.7228842e-05,-8.7228842e-05,-0.00049429677,-0.00049429677,-8.7228842e-05,-8.7228842e-05,5.7189943e-17,5.7189943e-17,-1.0066728e-16,-1.0066728e-16,-0.00058152561,-0.00058152561,-3.822881e-17,-3.822881e-17,-0.00053357246,-0.00053357246,-4.7270534e-16,-4.7270534e-16,0.00049429677,0.00049429677,8.7228842e-05,8.7228842e-05,0.00049429677,0.00049429677,8.7228842e-05,8.7228842e-05,0.00058152561,0.00058152561,-1.9647423e-14,-1.9647423e-14,3.6862874e-18,3.6862874e-18,1.3097162e-16,1.3097162e-16,-8.7228842e-05,-8.7228842e-05,-1.7888952e-06,-1.7888952e-06,-2.2265915e-18,-2.2265915e-18,-1.5205609e-06,-1.5205609e-06,-2.6833428e-07,-2.6833428e-07,0.00040442499,0.00040442499,-1.961122e-14,-1.961122e-14,0.47109114,0.47109114,-1.2363357e-12,-1.2363357e-12,0.25850261,0.25850261,-6.180962e-13,-6.180962e-13,-2.5756105e-16,-2.5756105e-16,0.00058152561,0.00058152561,-4.2042403e-17,-4.2042403e-17,-3.9283039e-15,-3.9283039e-15,-3.9383389e-14,-3.9383389e-14,3.9383389e-14,3.9383389e-14,3.0878179e-18,3.0878179e-18,3.1101679e-18,3.1101679e-18,-4.7953155e-05,-4.7953155e-05,-3.7984114e-17,-3.7984114e-17,-3.545411e-17,-3.545411e-17,3.1469678e-19,3.1469678e-19,2.4194067e-06,2.4194067e-06,4.3261788e-34,4.3261788e-34
1.9402982e-14,1.9402982e-14,-6.2103765e-17,-6.2103765e-17,1.9340878e-14,1.9340878e-14,1.9734703e-14,1.9734703e-14,3.3172106e-16,3.3172106e-16,-0.00010602456,-0.00010602456,-8.6961184e-05,-8.6961184e-05,-0.00010428133,-0.00010428133,-8.6961184e-05,-8.6961184e-05,-1.3564762e-17,-1.3564762e-17,1.0783831e-16,1.0783831e-16,0.00057974123,0.00057974123,-1.9606462e-14,-1.9606462e-14,7.0741619e-16,7.0741619e-16,3.5387745e-16,3.5387745e-16,-1.6937079e-17,-1.6937079e-17,-0.00049278004,-0.00049278004,-8.6961184e-05,-8.6961184e-05,-0.00049278004,-0.00049278004,-8.6961184e-05,-8.6961184e-05,5.5352887e-17,5.5352887e-17,-9.9665854e-17,-9.9665854e-17,-0.00057974123,-0.00057974123,-3.9077232e-17,-3.9077232e-17,-0.00053418573,-0.00053418573,-4.7031333e-16,-4.7031333e-16,0.00049278004,0.00049278004,8.6961184e-05,8.6961184e-05,0.00049278004,0.00049278004,8.6961184e-05,8.6961184e-05,0.00057974123,0.00057974123,-1.9648906e-14,-1.9648906e-14,5.4210109e-18,5.4210109e-18,1.3053794e-16,1.3053794e-16,-8.6961184e-05,-8.6961184e-05,-1.784388e-06,-1.784388e-06,-2.1459935e-18,-2.1459935e-18,-1.5167298e-06,-1.5167298e-06,-2.676582e-07,-2.676582e-07,0.00040308682,0.00040308682,-1.9612739e-14,-1.9612739e-14,0.46958311,0.46958311,-1.236437e-12,-1.236437e-12,0.25770306,0.25770306,-6.1814994e-13,-6.1814994e-13,-2.4586319e-16,-2.4586319e-16,0.00057974123,0.00057974123,-4.1578985e-17,-4.1578985e-17,-3.9287913e-15,-3.9287913e-15,-3.9644057e-14,-3.9644057e-14,3.9644057e-14,3.9644057e-14,3.0549921e-18,3.0549921e-18,3.1001361e-18,3.1001361e-18,-4.5555497e-05,-4.5555497e-05,-3.7857833e-17,-3.7857833e-17,-3.5350354e-17,-3.5350354e-17,3.1366731e-19,3.1366731e-19,2.3969463e-06,2.3969463e-06,4.0045067e-34,4.0045067e-34
1.9416141e-14,1.9416141e-14,-6.1855463e-17,-6.1855463e-17,1.9354285e-14,1.9354285e-14,1.9735052e-14,1.9735052e-14,3.1891085e-16,3.1891085e-16,-0.00010413339,-0.00010413339,-8.6694208e-05,-8.6694208e-05,-0.00010240633,-0.00010240633,-8.6694208e-05,-8.6694208e-05,-1.3438411e-17,-1.3438411e-17,1.0748638e-16,1.0748638e-16,0.00057796138,0.00057796138,-1.9608019e-14,-1.9608019e-14,7.0410603e-16,7.0410603e-16,3.52095e-16,3.52095e-16,-1.6754125e-17,-1.6754125e-17,-0.00049126718,-0.00049126718,-8.6694208e-05,-8.6694208e-05,-0.00049126718,-0.00049126718,-8.6694208e-05,-8.6694208e-05,5.351823e-17,5.351823e-17,-9.8662135e-17,-9.8662135e-17,-0.00057796138,-0.00057796138,-3.9921099e-17,-3.9921099e-17,-0.00053468366,-0.00053468366,-4.6802152e-16,-4.6802152e-16,0.00049126718,0.00049126718,8.6694208e-05,8.6694208e-05,0.00049126718,0.00049126718,8.6694208e-05,8.6694208e-05,0.00057796138,0.00057796138,-1.965036e-14,-1.965036e-14,7.1557343e-18,7.1557343e-18,1.29779e-16,1.29779e-16,-8.6694208e-05,-8.6694208e-05,-1.7798426e-06,-1.7798426e-06,-2.0692473e-18,-2.0692473e-18,-1.5128662e-06,-1.5128662e-06,-2.669764e-07,-2.669764e-07,0.00040175696,0.00040175696,-1.9614234e-14,-1.9614234e-14,0.46808207,0.46808207,-1.2365368e-12,-1.2365368e-12,0.25690587,0.25690587,-6.1820292e-13,-6.1820292e-13,-2.3416264e-16,-2.3416264e-16,0.00057796138,0.00057796138,-4.1120061e-17,-4.1120061e-17,-3.9292724e-15,-3.9292724e-15,-3.9904047e-14,-3.9904047e-14,3.9904047e-14,3.9904047e-14,3.022777e-18,3.022777e-18,3.0901544e-18,3.0901544e-18,-4.3277723e-05,-4.3277723e-05,-3.773229e-17,-3.773229e-17,-3.5246607e-17,-3.5246607e-17,3.1264369e-19,3.1264369e-19,2.3747018e-06,2.3747018e-06,3.7098744e-34,3.7098744e-34
1.94297e-14,1.94297e-14,-6.1819287e-17,-6.1819287e-17,1.9367881e-14,1.9367881e-14,1.9735372e-14,1.9735372e-14,3.0567151e-16,3.0567151e-16,-0.00010232576,-0.00010232576,-8.6427918e-05,-8.6427918e-05,-0.00010061472,-0.00010061472,-8.6427918e-05,-8.6427918e-05,-1.3530277e-17,-1.3530277e-17,1.0713642e-16,1.0713642e-16,0.00057618612,0.00057618612,-1.960955e-14,-1.960955e-14,7.0055432e-16,7.0055432e-16,3.5025479e-16,3.5025479e-16,-1.6578138e-17,-1.6578138e-17,-0.0004897582,-0.0004897582,-8.6427918e-05,-8.6427918e-05,-0.0004897582,-0.0004897582,-8.6427918e-05,-8.6427918e-05,5.1686037e-17,5.1686037e-17,-9.7656365e-17,-9.7656365e-17,-0.00057618612,-0.00057618612,-4.0760576e-17,-4.0760576e-17,-0.00053507229,-0.00053507229,-4.6582501e-16,-4.6582501e-16,0.0004897582,0.0004897582,8.6427918e-05,8.6427918e-05,0.0004897582,0.0004897582,8.6427918e-05,8.6427918e-05,0.00057618612,0.00057618612,-1.9651788e-14,-1.9651788e-14,9.1072982e-18,9.1072982e-18,1.29779e-16,1.29779e-16,-8.6427918e-05,-8.6427918e-05,-1.7752618e-06,-1.7752618e-06,-1.9961628e-18,-1.9961628e-18,-1.5089726e-06,-1.5089726e-06,-2.6628928e-07,-2.6628928e-07,0.0004004352,0.0004004352,-1.9615705e-14,-1.9615705e-14,0.4665879,0.4665879,-1.236635e-12,-1.236635e-12,0.25611104,0.25611104,-6.1825517e-13,-6.1825517e-13,-2.2203444e-16,-2.2203444e-16,0.00057618612,0.00057618612,-4.0588727e-17,-4.0588727e-17,-3.9297476e-15,-3.9297476e-15,-4.0163356e-14,-4.0163356e-14,4.0163356e-14,4.0163356e-14,2.9911604e-18,2.9911604e-18,3.0802219e-18,3.0802219e-18,-4.1113836e-05,-4.1113836e-05,-3.760747e-17,-3.760747e-17,-3.5142886e-17,-3.5142886e-17,3.1162576e-19,3.1162576e-19,2.3526708e-06,2.3526708e-06,3.4398757e-34,3.4398757e-34
1.9442389e-14,1.9442389e-14,-6.1156653e-17,-6.1156653e-17,1.9381233e-14,1.9381233e-14,1.9735665e-14,1.9735665e-14,2.9327592e-16,2.9327592e-16,-0.00010059753,-0.00010059753,-8.6162321e-05,-8.6162321e-05,-9.8902368e-05,-9.8902368e-05,-8.6162321e-05,-8.6162321e-05,-1.319581e-17,-1.319581e-17,1.0678837e-16,1.0678837e-16,0.00057441547,0.00057441547,-1.9611056e-14,-1.9611056e-14,6.9746141e-16,6.9746141e-16,3.489504e-16,3.489504e-16,-1.6408779e-17,-1.6408779e-17,-0.00048825315,-0.00048825315,-8.6162321e-05,-8.6162321e-05,-0.00048825315,-0.00048825315,-8.6162321e-05,-8.6162321e-05,4.9856373e-17,4.9856373e-17,-9.6648774e-17,-9.6648774e-17,-0.00057441547,-0.00057441547,-4.1595821e-17,-4.1595821e-17,-0.00053535733,-0.00053535733,-4.6371914e-16,-4.6371914e-16,0.00048825315,0.00048825315,8.6162321e-05,8.6162321e-05,0.00048825315,0.00048825315,8.6162321e-05,8.6162321e-05,0.00057441547,0.00057441547,-1.9653191e-14,-1.9653191e-14,1.0408341e-17,1.0408341e-17,1.2902006e-16,1.2902006e-16,-8.6162321e-05,-8.6162321e-05,-1.7706482e-06,-1.7706482e-06,-1.926559e-18,-1.926559e-18,-1.505051e-06,-1.505051e-06,-2.6559723e-07,-2.6559723e-07,0.0003991213,0.0003991213,-1.9617153e-14,-1.9617153e-14,0.46510046,0.46510046,-1.2367319e-12,-1.2367319e-12,0.25531857,0.25531857,-6.1830672e-13,-6.1830672e-13,-2.1075127e-16,-2.1075127e-16,0.00057441547,0.00057441547,-4.0212371e-17,-4.0212371e-17,-3.9302169e-15,-3.9302169e-15,-4.0421984e-14,-4.0421984e-14,4.0421984e-14,4.0421984e-14,2.9601301e-18,2.9601301e-18,3.0703375e-18,3.0703375e-18,-3.9058145e-05,-3.9058145e-05,-3.7483357e-17,-3.7483357e-17,-3.5039206e-17,-3.5039206e-17,3.1061339e-19,3.1061339e-19,2.3308512e-06,2.3308512e-06,3.1923256e-34,3.1923256e-34
1.9455579e-14,1.9455579e-14,-6.1021449e-17,-6.1021449e-17,1.9394557e-14,1.9394557e-14,1.9735933e-14,1.9735933e-14,2.8035395e-16,2.8035395e-16,-9.8944783e-05,-9.8944783e-05,-8.589742e-05,-8.589742e-05,-9.7265335e-05,-9.7265335e-05,-8.589742e-05,-8.589742e-05,-1.3091253e-17,-1.3091253e-17,1.0644218e-16,1.0644218e-16,0.00057264947,0.00057264947,-1.9612539e-14,-1.9612539e-14,6.943718e-16,6.943718e-16,3.4740264e-16,3.4740264e-16,-1.6245725e-17,-1.6245725e-17,-0.00048675205,-0.00048675205,-8.589742e-05,-8.589742e-05,-0.00048675205,-0.00048675205,-8.589742e-05,-8.589742e-05,4.8029299e-17,4.8029299e-17,-9.5639581e-17,-9.5639581e-17,-0.00057264947,-0.00057264947,-4.2426982e-17,-4.2426982e-17,-0.00053554423,-0.00053554423,-4.616995e-16,-4.616995e-16,0.00048675205,0.00048675205,8.589742e-05,8.589742e-05,0.00048675205,0.00048675205,8.589742e-05,8.589742e-05,0.00057264947,0.00057264947,-1.9654568e-14,-1.9654568e-14,1.1926224e-17,1.1926224e-17,1.2864059e-16,1.2864059e-16,-8.589742e-05,-8.589742e-05,-1.7660042e-06,-1.7660042e-06,-1.8602641e-18,-1.8602641e-18,-1.5011035e-06,-1.5011035e-06,-2.6490062e-07,-2.6490062e-07,0.00039781506,0.00039781506,-1.961858e-14,-1.961858e-14,0.46361963,0.46361963,-1.2368274e-12,-1.2368274e-12,0.25452844,0.25452844,-6.1835759e-13,-6.1835759e-13,-1.989428e-16,-1.989428e-16,0.00057264947,0.00057264947,-3.9722306e-17,-3.9722306e-17,-3.9306807e-15,-3.9306807e-15,-4.0679931e-14,-4.0679931e-14,4.0679931e-14,4.0679931e-14,2.9296743e-18,2.9296743e-18,3.0605001e-18,3.0605001e-18,-3.7105237e-05,-3.7105237e-05,-3.7359936e-17,-3.7359936e-17,-3.4935579e-17,-3.4935579e-17,3.0960643e-19,3.0960643e-19,2.3092408e-06,2.3092408e-06,2.9652404e-34,2.9652404e-34
1.9468453e-14,1.9468453e-14,-6.0596988e-17,-6.0596988e-17,1.9407856e-14,1.9407856e-14,1.9736176e-14,1.9736176e-14,2.6772287e-16,2.6772287e-16,-9.7363772e-05,-9.7363772e-05,-8.5633221e-05,-8.5633221e-05,-9.569989e-05,-9.569989e-05,-8.5633221e-05,-8.5633221e-05,-1.2842619e-17,-1.2842619e-17,1.0609781e-16,1.0609781e-16,0.00057088814,0.00057088814,-1.9613999e-14,-1.9613999e-14,6.9139641e-16,6.9139641e-16,3.4604919e-16,3.4604919e-16,-1.6088671e-17,-1.6088671e-17,-0.00048525492,-0.00048525492,-8.5633221e-05,-8.5633221e-05,-0.00048525492,-0.00048525492,-8.5633221e-05,-8.5633221e-05,4.6204876e-17,4.6204876e-17,-9.4628992e-17,-9.4628992e-17,-0.00057088814,-0.00057088814,-4.3254198e-17,-4.3254198e-17,-0.00053563816,-0.00053563816,-4.5976187e-16,-4.5976187e-16,0.00048525492,0.00048525492,8.5633221e-05,8.5633221e-05,0.00048525492,0.00048525492,8.5633221e-05,8.5633221e-05,0.00057088814,0.00057088814,-1.9655922e-14,-1.9655922e-14,1.3660947e-17,1.3660947e-17,1.2799007e-16,1.2799007e-16,-8.5633221e-05,-8.5633221e-05,-1.761332e-06,-1.761332e-06,-1.797115e-18,-1.797115e-18,-1.4971322e-06,-1.4971322e-06,-2.6419981e-07,-2.6419981e-07,0.00039651627,0.00039651627,-1.9619986e-14,-1.9619986e-14,0.46214528,0.46214528,-1.2369216e-12,-1.2369216e-12,0.25374067,0.25374067,-6.1840781e-13,-6.1840781e-13,-1.8742612e-16,-1.8742612e-16,0.00057088814,0.00057088814,-3.9290036e-17,-3.9290036e-17,-3.9311391e-15,-3.9311391e-15,-4.0937195e-14,-4.0937195e-14,4.0937195e-14,4.0937195e-14,2.8997814e-18,2.8997814e-18,3.0507088e-18,3.0507088e-18,-3.5249976e-05,-3.5249976e-05,-3.7237193e-17,-3.7237193e-17,-3.483202e-17,-3.483202e-17,3.0860476e-19,3.0860476e-19,2.2878376e-06,2.2878376e-06,2.756818e-34,2.756818e-34
1.9481479e-14,1.9481479e-14,-6.035061e-17,-6.035061e-17,1.9421129e-14,1.9421129e-14,1.9736395e-14,1.9736395e-14,2.549159e-16,2.549159e-16,-9.5850951e-05,-9.5850951e-05,-8.5369726e-05,-8.5369726e-05,-9.4202486e-05,-9.4202486e-05,-8.5369726e-05,-8.5369726e-05,-1.2780427e-17,-1.2780427e-17,1.0575521e-16,1.0575521e-16,0.0005691315,0.0005691315,-1.9615437e-14,-1.9615437e-14,6.8831146e-16,6.8831146e-16,3.4445083e-16,3.4445083e-16,-1.5937325e-17,-1.5937325e-17,-0.00048376178,-0.00048376178,-8.5369726e-05,-8.5369726e-05,-0.00048376178,-0.00048376178,-8.5369726e-05,-8.5369726e-05,4.4383162e-17,4.4383162e-17,-9.3617205e-17,-9.3617205e-17,-0.0005691315,-0.0005691315,-4.40776e-17,-4.40776e-17,-0.00053564403,-0.00053564403,-4.5790227e-16,-4.5790227e-16,0.00048376178,0.00048376178,8.5369726e-05,8.5369726e-05,0.00048376178,0.00048376178,8.5369726e-05,8.5369726e-05,0.0005691315,0.0005691315,-1.9657253e-14,-1.9657253e-14,1.517883e-17,1.517883e-17,1.2744797e-16,1.2744797e-16,-8.5369726e-05,-8.5369726e-05,-1.7566341e-06,-1.7566341e-06,-1.7369565e-18,-1.7369565e-18,-1.493139e-06,-1.493139e-06,-2.6349511e-07,-2.6349511e-07,0.00039522473,0.00039522473,-1.9621371e-14,-1.9621371e-14,0.46067731,0.46067731,-1.2370145e-12,-1.2370145e-12,0.25295525,0.25295525,-6.184574e-13,-6.184574e-13,-1.7573426e-16,-1.7573426e-16,0.0005691315,0.0005691315,-3.8805865e-17,-3.8805865e-17,-3.9315924e-15,-3.9315924e-15,-4.1193777e-14,-4.1193777e-14,4.1193777e-14,4.1193777e-14,2.8704397e-18,2.8704397e-18,3.0409627e-18,3.0409627e-18,-3.3487477e-05,-3.3487477e-05,-3.7115115e-17,-3.7115115e-17,-3.4728541e-17,-3.4728541e-17,3.0760825e-19,3.0760825e-19,2.2666394e-06,2.2666394e-06,2.5654214e-34,2.5654214e-34
1.9494578e-14,1.9494578e-14,-6.0201685e-17,-6.0201685e-17,1.9434377e-14,1.9434377e-14,1.9736592e-14,1.9736592e-14,2.4201423e-16,2.4201423e-16,-9.4402948e-05,-9.4402948e-05,-8.5106939e-05,-8.5106939e-05,-9.2769752e-05,-9.2769752e-05,-8.5106939e-05,-8.5106939e-05,-1.28013e-17,-1.28013e-17,1.0541434e-16,1.0541434e-16,0.00056737959,0.00056737959,-1.9616854e-14,-1.9616854e-14,6.8516849e-16,6.8516849e-16,3.4276888e-16,3.4276888e-16,-1.5791411e-17,-1.5791411e-17,-0.00048227265,-0.00048227265,-8.5106939e-05,-8.5106939e-05,-0.00048227265,-0.00048227265,-8.5106939e-05,-8.5106939e-05,4.2564215e-17,4.2564215e-17,-9.2604408e-17,-9.2604408e-17,-0.00056737959,-0.00056737959,-4.4897311e-17,-4.4897311e-17,-0.00053556649,-0.00053556649,-4.5611689e-16,-4.5611689e-16,0.00048227265,0.00048227265,8.5106939e-05,8.5106939e-05,0.00048227265,0.00048227265,8.5106939e-05,8.5106939e-05,0.00056737959,0.00056737959,-1.9658563e-14,-1.9658563e-14,1.7130394e-17,1.7130394e-17,1.2717691e-16,1.2717691e-16,-8.5106939e-05,-8.5106939e-05,-1.7519124e-06,-1.7519124e-06,-1.6796412e-18,-1.6796412e-18,-1.4891255e-06,-1.4891255e-06,-2.6278686e-07,-2.6278686e-07,0.00039394027,0.00039394027,-1.9622737e-14,-1.9622737e-14,0.4592156,0.4592156,-1.2371062e-12,-1.2371062e-12,0.25217217,0.25217217,-6.1850639e-13,-6.1850639e-13,-1.6394824e-16,-1.6394824e-16,0.00056737959,0.00056737959,-3.8334741e-17,-3.8334741e-17,-3.9320408e-15,-3.9320408e-15,-4.1449674e-14,-4.1449674e-14,4.1449674e-14,4.1449674e-14,2.8416382e-18,2.8416382e-18,3.0312608e-18,3.0312608e-18,-3.1813103e-05,-3.1813103e-05,-3.6993687e-17,-3.6993687e-17,-3.4625154e-17,-3.4625154e-17,3.0661679e-19,3.0661679e-19,2.2456442e-06,2.2456442e-06,2.3895632e-34,2.3895632e-34
1.9507422e-14,1.9507422e-14,-5.9931055e-17,-5.9931055e-17,1.9447491e-14,1.9447491e-14,1.9736768e-14,1.9736768e-14,2.2934598e-16,2.2934598e-16,-9.3016559e-05,-9.3016559e-05,-8.4844863e-05,-8.4844863e-05,-9.1398487e-05,-9.1398487e-05,-8.4844863e-05,-8.4844863e-05,-1.2639026e-17,-1.2639026e-17,1.0507517e-16,1.0507517e-16,0.00056563242,0.00056563242,-1.9618251e-14,-1.9618251e-14,6.8230059e-16,6.8230059e-16,3.4144613e-16,3.4144613e-16,-1.5650666e-17,-1.5650666e-17,-0.00048078756,-0.00048078756,-8.4844863e-05,-8.4844863e-05,-0.00048078756,-0.00048078756,-8.4844863e-05,-8.4844863e-05,4.074809e-17,4.074809e-17,-9.1590781e-17,-9.1590781e-17,-0.00056563242,-0.00056563242,-4.5713449e-17,-4.5713449e-17,-0.00053540997,-0.00053540997,-4.5440214e-16,-4.5440214e-16,0.00048078756,0.00048078756,8.4844863e-05,8.4844863e-05,0.00048078756,0.00048078756,8.4844863e-05,8.4844863e-05,0.00056563242,0.00056563242,-1.9659851e-14,-1.9659851e-14,1.8865118e-17,1.8865118e-17,1.265806e-16,1.265806e-16,-8.4844863e-05,-8.4844863e-05,-1.7471689e-06,-1.7471689e-06,-1.625029e-18,-1.625029e-18,-1.4850936e-06,-1.4850936e-06,-2.6207533e-07,-2.6207533e-07,0.0003926627,0.0003926627,-1.9624085e-14,-1.9624085e-14,0.45776004,0.45776004,-1.2371968e-12,-1.2371968e-12,0.25139143,0.25139143,-6.1855481e-13,-6.1855481e-13,-1.5239599e-16,-1.5239599e-16,0.00056563242,0.00056563242,-3.7898843e-17,-3.7898843e-17,-3.9324844e-15,-3.9324844e-15,-4.1704888e-14,-4.1704888e-14,4.1704888e-14,4.1704888e-14,2.8133656e-18,2.8133656e-18,3.0216024e-18,3.0216024e-18,-3.0222448e-05,-3.0222448e-05,-3.6872898e-17,-3.6872898e-17,-3.4521869e-17,-3.4521869e-17,3.0563025e-19,3.0563025e-19,2.2248499e-06,2.2248499e-06,2.2278911e-34,2.2278911e-34
1.9520486e-14,1.9520486e-14,-5.9796043e-17,-5.9796043e-17,1.946069e-14,1.946069e-14,1.9736924e-14,1.9736924e-14,2.1643748e-16,2.1643748e-16,-9.1688742e-05,-9.1688742e-05,-8.4583503e-05,-8.4583503e-05,-9.0085648e-05,-9.0085648e-05,-8.4583503e-05,-8.4583503e-05,-1.2623511e-17,-1.2623511e-17,1.0473766e-16,1.0473766e-16,0.00056389002,0.00056389002,-1.9619629e-14,-1.9619629e-14,6.7936061e-16,6.7936061e-16,3.399198e-16,3.399198e-16,-1.5514842e-17,-1.5514842e-17,-0.00047930651,-0.00047930651,-8.4583503e-05,-8.4583503e-05,-0.00047930651,-0.00047930651,-8.4583503e-05,-8.4583503e-05,3.8934841e-17,3.8934841e-17,-9.0576492e-17,-9.0576492e-17,-0.00056389002,-0.00056389002,-4.6526124e-17,-4.6526124e-17,-0.00053517869,-0.00053517869,-4.5275457e-16,-4.5275457e-16,0.00047930651,0.00047930651,8.4583503e-05,8.4583503e-05,0.00047930651,0.00047930651,8.4583503e-05,8.4583503e-05,0.00056389002,0.00056389002,-1.966112e-14,-1.966112e-14,2.0491421e-17,2.0491421e-17,1.2609271e-16,1.2609271e-16,-8.4583503e-05,-8.4583503e-05,-1.7424055e-06,-1.7424055e-06,-1.5729868e-18,-1.5729868e-18,-1.4810447e-06,-1.4810447e-06,-2.6136083e-07,-2.6136083e-07,0.00039139187,0.00039139187,-1.9625415e-14,-1.9625415e-14,0.45631054,0.45631054,-1.2372862e-12,-1.2372862e-12,0.25061304,0.25061304,-6.1860266e-13,-6.1860266e-13,-1.4060374e-16,-1.4060374e-16,0.00056389002,0.00056389002,-3.7406081e-17,-3.7406081e-17,-3.9329235e-15,-3.9329235e-15,-4.1959417e-14,-4.1959417e-14,4.1959417e-14,4.1959417e-14,2.7856112e-18,2.7856112e-18,3.0119867e-18,3.0119867e-18,-2.8711325e-05,-2.8711325e-05,-3.6752734e-17,-3.6752734e-17,-3.4418698e-17,-3.4418698e-17,3.0464854e-19,3.0464854e-19,2.2042545e-06,2.2042545e-06,2.0791757e-34,2.0791757e-34
1.9533364e-14,1.9533364e-14,-5.9606974e-17,-5.9606974e-17,1.9473757e-14,1.9473757e-14,1.973706e-14,1.973706e-14,2.0369577e-16,2.0369577e-16,-9.0416605e-05,-9.0416605e-05,-8.4322859e-05,-8.4322859e-05,-8.8828346e-05,-8.8828346e-05,-8.4322859e-05,-8.4322859e-05,-1.2650795e-17,-1.2650795e-17,1.0440177e-16,1.0440177e-16,0.00056215239,0.00056215239,-1.9620988e-14,-1.9620988e-14,6.7629275e-16,6.7629275e-16,3.384605e-16,3.384605e-16,-1.5383701e-17,-1.5383701e-17,-0.00047782953,-0.00047782953,-8.4322859e-05,-8.4322859e-05,-0.00047782953,-0.00047782953,-8.4322859e-05,-8.4322859e-05,3.7124522e-17,3.7124522e-17,-8.9561705e-17,-8.9561705e-17,-0.00056215239,-0.00056215239,-4.7335438e-17,-4.7335438e-17,-0.00053487663,-0.00053487663,-4.5117094e-16,-4.5117094e-16,0.00047782953,0.00047782953,8.4322859e-05,8.4322859e-05,0.00047782953,0.00047782953,8.4322859e-05,8.4322859e-05,0.00056215239,0.00056215239,-1.9662369e-14,-1.9662369e-14,2.2334565e-17,2.2334565e-17,1.2587587e-16,1.2587587e-16,-8.4322859e-05,-8.4322859e-05,-1.7376241e-06,-1.7376241e-06,-1.523388e-18,-1.523388e-18,-1.4769805e-06,-1.4769805e-06,-2.6064361e-07,-2.6064361e-07,0.00039012761,0.00039012761,-1.9626727e-14,-1.9626727e-14,0.45486701,0.45486701,-1.2373746e-12,-1.2373746e-12,0.24983698,0.24983698,-6.1864998e-13,-6.1864998e-13,-1.2897833e-16,-1.2897833e-16,0.00056215239,0.00056215239,-3.6921522e-17,-3.6921522e-17,-3.9333581e-15,-3.9333581e-15,-4.2213261e-14,-4.2213261e-14,4.2213261e-14,4.2213261e-14,2.7583643e-18,2.7583643e-18,3.0024128e-18,3.0024128e-18,-2.7275759e-05,-2.7275759e-05,-3.6633184e-17,-3.6633184e-17,-3.4315651e-17,-3.4315651e-17,3.0367155e-19,3.0367155e-19,2.183856e-06,2.183856e-06,1.9422991e-34,1.9422991e-34
1.9546162e-14,1.9546162e-14,-5.9252523e-17,-5.9252523e-17,1.948691e-14,1.948691e-14,1.9737178e-14,1.9737178e-14,1.9101582e-16,1.9101582e-16,-8.91974e-05,-8.91974e-05,-8.4062935e-05,-8.4062935e-05,-8.7623835e-05,-8.7623835e-05,-8.4062935e-05,-8.4062935e-05,-1.2399903e-17,-1.2399903e-17,1.0406747e-16,1.0406747e-16,0.00056041957,0.00056041957,-1.9622329e-14,-1.9622329e-14,6.7364797e-16,6.7364797e-16,3.3707819e-16,3.3707819e-16,-1.5257016e-17,-1.5257016e-17,-0.00047635663,-0.00047635663,-8.4062935e-05,-8.4062935e-05,-0.00047635663,-0.00047635663,-8.4062935e-05,-8.4062935e-05,3.5317183e-17,3.5317183e-17,-8.8546573e-17,-8.8546573e-17,-0.00056041957,-0.00056041957,-4.8141489e-17,-4.8141489e-17,-0.0005345076,-0.0005345076,-4.4964815e-16,-4.4964815e-16,0.00047635663,0.00047635663,8.4062935e-05,8.4062935e-05,0.00047635663,0.00047635663,8.4062935e-05,8.4062935e-05,0.00056041957,0.00056041957,-1.9663599e-14,-1.9663599e-14,2.3852448e-17,2.3852448e-17,1.2533377e-16,1.2533377e-16,-8.4062935e-05,-8.4062935e-05,-1.7328263e-06,-1.7328263e-06,-1.4761126e-18,-1.4761126e-18,-1.4729023e-06,-1.4729023e-06,-2.5992394e-07,-2.5992394e-07,0.00038886977,0.00038886977,-1.9628024e-14,-1.9628024e-14,0.45342934,0.45342934,-1.2374619e-12,-1.2374619e-12,0.24906326,0.24906326,-6.1869678e-13,-6.1869678e-13,-1.174146e-16,-1.174146e-16,0.00056041957,0.00056041957,-3.6481013e-17,-3.6481013e-17,-3.9337885e-15,-3.9337885e-15,-4.246642e-14,-4.246642e-14,4.246642e-14,4.246642e-14,2.7316145e-18,2.7316145e-18,2.9928801e-18,2.9928801e-18,-2.5911971e-05,-2.5911971e-05,-3.6514236e-17,-3.6514236e-17,-3.4212736e-17,-3.4212736e-17,3.0269918e-19,3.0269918e-19,2.1636524e-06,2.1636524e-06,1.8162442e-34,1.8162442e-34
1.9558862e-14,1.9558862e-14,-5.8931502e-17,-5.8931502e-17,1.9499931e-14,1.9499931e-14,1.9737278e-14,1.9737278e-14,1.7841613e-16,1.7841613e-16,-8.8028519e-05,-8.8028519e-05,-8.3803733e-05,-8.3803733e-05,-8.6469507e-05,-8.6469507e-05,-8.3803733e-05,-8.3803733e-05,-1.2254422e-17,-1.2254422e-17,1.0373473e-16,1.0373473e-16,0.00055869155,0.00055869155,-1.9623653e-14,-1.9623653e-14,6.7103389e-16,6.7103389e-16,3.3592364e-16,3.3592364e-16,-1.5134576e-17,-1.5134576e-17,-0.00047488782,-0.00047488782,-8.3803733e-05,-8.3803733e-05,-0.00047488782,-0.00047488782,-8.3803733e-05,-8.3803733e-05,3.3512873e-17,3.3512873e-17,-8.7531243e-17,-8.7531243e-17,-0.00055869155,-0.00055869155,-4.8944368e-17,-4.8944368e-17,-0.00053407518,-0.00053407518,-4.4818325e-16,-4.4818325e-16,0.00047488782,0.00047488782,8.3803733e-05,8.3803733e-05,0.00047488782,0.00047488782,8.3803733e-05,8.3803733e-05,0.00055869155,0.00055869155,-1.9664812e-14,-1.9664812e-14,2.5370331e-17,2.5370331e-17,1.2479167e-16,1.2479167e-16,-8.3803733e-05,-8.3803733e-05,-1.7280137e-06,-1.7280137e-06,-1.4310462e-18,-1.4310462e-18,-1.4688116e-06,-1.4688116e-06,-2.5920205e-07,-2.5920205e-07,0.0003876182,0.0003876182,-1.9629304e-14,-1.9629304e-14,0.45199745,0.45199745,-1.2375482e-12,-1.2375482e-12,0.24829186,0.24829186,-6.1874308e-13,-6.1874308e-13,-1.0593093e-16,-1.0593093e-16,0.00055869155,0.00055869155,-3.6044818e-17,-3.6044818e-17,-3.9342149e-15,-3.9342149e-15,-4.2718893e-14,-4.2718893e-14,4.2718893e-14,4.2718893e-14,2.7053514e-18,2.7053514e-18,2.9833878e-18,2.9833878e-18,-2.4616373e-05,-2.4616373e-05,-3.6395879e-17,-3.6395879e-17,-3.4109963e-17,-3.4109963e-17,3.0173133e-19,3.0173133e-19,2.1436418e-06,2.1436418e-06,1.7000856e-34,1.7000856e-34
1.9571766e-14,1.9571766e-14,-5.8836913e-17,-5.8836913e-17,1.9512929e-14,1.9512929e-14,1.9737362e-14,1.9737362e-14,1.6559574e-16,1.6559574e-16,-8.6907482e-05,-8.6907482e-05,-8.3545255e-05,-8.3545255e-05,-8.5362884e-05,-8.5362884e-05,-8.3545255e-05,-8.3545255e-05,-1.2218312e-17,-1.2218312e-17,1.0340351e-16,1.0340351e-16,0.00055696837,0.00055696837,-1.962496e-14,-1.962496e-14,6.6833342e-16,6.6833342e-16,3.3444705e-16,3.3444705e-16,-1.5016174e-17,-1.5016174e-17,-0.00047342311,-0.00047342311,-8.3545255e-05,-8.3545255e-05,-0.00047342311,-0.00047342311,-8.3545255e-05,-8.3545255e-05,3.1711641e-17,3.1711641e-17,-8.6515855e-17,-8.6515855e-17,-0.00055696837,-0.00055696837,-4.9744163e-17,-4.9744163e-17,-0.00053358281,-0.00053358281,-4.4677345e-16,-4.4677345e-16,0.00047342311,0.00047342311,8.3545255e-05,8.3545255e-05,0.00047342311,0.00047342311,8.3545255e-05,8.3545255e-05,0.00055696837,0.00055696837,-1.9666008e-14,-1.9666008e-14,2.7213475e-17,2.7213475e-17,1.2435799e-16,1.2435799e-16,-8.3545255e-05,-8.3545255e-05,-1.7231878e-06,-1.7231878e-06,-1.3880804e-18,-1.3880804e-18,-1.4647096e-06,-1.4647096e-06,-2.5847817e-07,-2.5847817e-07,0.00038637277,0.00038637277,-1.9630569e-14,-1.9630569e-14,0.45057126,0.45057126,-1.2376335e-12,-1.2376335e-12,0.2475228,0.2475228,-6.1878889e-13,-6.1878889e-13,-9.4226217e-17,-9.4226217e-17,0.00055696837,0.00055696837,-3.55581e-17,-3.55581e-17,-3.9346372e-15,-3.9346372e-15,-4.297068e-14,-4.297068e-14,4.297068e-14,4.297068e-14,2.6795651e-18,2.6795651e-18,2.9739353e-18,2.9739353e-18,-2.3385554e-05,-2.3385554e-05,-3.6278102e-17,-3.6278102e-17,-3.4007341e-17,-3.4007341e-17,3.0076792e-19,3.0076792e-19,2.1238222e-06,2.1238222e-06,1.5929808e-34,1.5929808e-34
1.9584444e-14,1.9584444e-14,-5.8647551e-17,-5.8647551e-17,1.9525797e-14,1.9525797e-14,1.9737429e-14,1.9737429e-14,1.5298471e-16,1.5298471e-16,-8.5831933e-05,-8.5831933e-05,-8.3287502e-05,-8.3287502e-05,-8.4301612e-05,-8.4301612e-05,-8.3287502e-05,-8.3287502e-05,-1.2186962e-17,-1.2186962e-17,1.0307379e-16,1.0307379e-16,0.00055525001,0.00055525001,-1.9626251e-14,-1.9626251e-14,6.6564861e-16,6.6564861e-16,3.3318511e-16,3.3318511e-16,-1.4901619e-17,-1.4901619e-17,-0.00047196251,-0.00047196251,-8.3287502e-05,-8.3287502e-05,-0.00047196251,-0.00047196251,-8.3287502e-05,-8.3287502e-05,2.9913534e-17,2.9913534e-17,-8.5500541e-17,-8.5500541e-17,-0.00055525001,-0.00055525001,-5.0540953e-17,-5.0540953e-17,-0.00053303374,-0.00053303374,-4.4541608e-16,-4.4541608e-16,0.00047196251,0.00047196251,8.3287502e-05,8.3287502e-05,0.00047196251,0.00047196251,8.3287502e-05,8.3287502e-05,0.00055525001,0.00055525001,-1.9667187e-14,-1.9667187e-14,2.9056618e-17,2.9056618e-17,1.2403273e-16,1.2403273e-16,-8.3287502e-05,-8.3287502e-05,-1.7183502e-06,-1.7183502e-06,-1.3471119e-18,-1.3471119e-18,-1.4605976e-06,-1.4605976e-06,-2.5775252e-07,-2.5775252e-07,0.00038513335,0.00038513335,-1.9631819e-14,-1.9631819e-14,0.44915069,0.44915069,-1.2377179e-12,-1.2377179e-12,0.24675605,0.24675605,-6.1883425e-13,-6.1883425e-13,-8.2621992e-17,-8.2621992e-17,0.00055525001,0.00055525001,-3.5087835e-17,-3.5087835e-17,-3.9350558e-15,-3.9350558e-15,-4.3221781e-14,-4.3221781e-14,4.3221781e-14,4.3221781e-14,2.6542455e-18,2.6542455e-18,2.964522e-18,2.964522e-18,-2.2216276e-05,-2.2216276e-05,-3.6160895e-17,-3.6160895e-17,-3.3904876e-17,-3.3904876e-17,2.9980887e-19,2.9980887e-19,2.1041917e-06,2.1041917e-06,1.4941628e-34,1.4941628e-34
1.9597111e-14,1.9597111e-14,-5.8251429e-17,-5.8251429e-17,1.953886e-14,1.953886e-14,1.9737481e-14,1.9737481e-14,1.4037021e-16,1.4037021e-16,-8.4799635e-05,-8.4799635e-05,-8.3030477e-05,-8.3030477e-05,-8.3283454e-05,-8.3283454e-05,-8.3030477e-05,-8.3030477e-05,-1.2055617e-17,-1.2055617e-17,1.0274553e-16,1.0274553e-16,0.00055353651,0.00055353651,-1.9627527e-14,-1.9627527e-14,6.6298945e-16,6.6298945e-16,3.3193185e-16,3.3193185e-16,-1.4790727e-17,-1.4790727e-17,-0.00047050604,-0.00047050604,-8.3030477e-05,-8.3030477e-05,-0.00047050604,-0.00047050604,-8.3030477e-05,-8.3030477e-05,2.8118598e-17,2.8118598e-17,-8.4485427e-17,-8.4485427e-17,-0.00055353651,-0.00055353651,-5.1334815e-17,-5.1334815e-17,-0.00053243105,-0.00053243105,-4.4410862e-16,-4.4410862e-16,0.00047050604,0.00047050604,8.3030477e-05,8.3030477e-05,0.00047050604,0.00047050604,8.3030477e-05,8.3030477e-05,0.00055353651,0.00055353651,-1.9668351e-14,-1.9668351e-14,3.0574501e-17,3.0574501e-17,1.2343642e-16,1.2343642e-16,-8.3030477e-05,-8.3030477e-05,-1.7135021e-06,-1.7135021e-06,-1.3080427e-18,-1.3080427e-18,-1.4564768e-06,-1.4564768e-06,-2.5702531e-07,-2.5702531e-07,0.00038389981,0.00038389981,-1.9633054e-14,-1.9633054e-14,0.44773566,0.44773566,-1.2378014e-12,-1.2378014e-12,0.24599163,0.24599163,-6.1887915e-13,-6.1887915e-13,-7.1230559e-17,-7.1230559e-17,0.00055353651,0.00055353651,-3.4629339e-17,-3.4629339e-17,-3.9354707e-15,-3.9354707e-15,-4.3472197e-14,-4.3472197e-14,4.3472197e-14,4.3472197e-14,2.6293832e-18,2.6293832e-18,2.9551472e-18,2.9551472e-18,-2.1105462e-05,-2.1105462e-05,-3.6044247e-17,-3.6044247e-17,-3.3802577e-17,-3.3802577e-17,2.9885408e-19,2.9885408e-19,2.0847485e-06,2.0847485e-06,1.4029331e-34,1.4029331e-34
1.9609871e-14,1.9609871e-14,-5.8186939e-17,-5.8186939e-17,1.9551684e-14,1.9551684e-14,1.9737519e-14,1.9737519e-14,1.2764795e-16,1.2764795e-16,-8.380846e-05,-8.380846e-05,-8.277418e-05,-8.277418e-05,-8.2306285e-05,-8.2306285e-05,-8.277418e-05,-8.277418e-05,-1.2098854e-17,-1.2098854e-17,1.0241872e-16,1.0241872e-16,0.00055182787,0.00055182787,-1.9628788e-14,-1.9628788e-14,6.6025778e-16,6.6025778e-16,3.3037313e-16,3.3037313e-16,-1.4683322e-17,-1.4683322e-17,-0.00046905369,-0.00046905369,-8.277418e-05,-8.277418e-05,-0.00046905369,-0.00046905369,-8.277418e-05,-8.277418e-05,2.6326876e-17,2.6326876e-17,-8.3470635e-17,-8.3470635e-17,-0.00055182787,-0.00055182787,-5.212582e-17,-5.212582e-17,-0.00053177768,-0.00053177768,-4.4284867e-16,-4.4284867e-16,0.00046905369,0.00046905369,8.277418e-05,8.277418e-05,0.00046905369,0.00046905369,8.277418e-05,8.277418e-05,0.00055182787,0.00055182787,-1.9669499e-14,-1.9669499e-14,3.2200805e-17,3.2200805e-17,1.2321958e-16,1.2321958e-16,-8.277418e-05,-8.277418e-05,-1.7086449e-06,-1.7086449e-06,-1.2707796e-18,-1.2707796e-18,-1.4523482e-06,-1.4523482e-06,-2.5629673e-07,-2.5629673e-07,0.00038267202,0.00038267202,-1.9634276e-14,-1.9634276e-14,0.4463261,0.4463261,-1.2378841e-12,-1.2378841e-12,0.24522952,0.24522952,-6.1892362e-13,-6.1892362e-13,-5.9513837e-17,-5.9513837e-17,0.00055182787,0.00055182787,-3.415085e-17,-3.415085e-17,-3.9358821e-15,-3.9358821e-15,-4.3721926e-14,-4.3721926e-14,4.3721926e-14,4.3721926e-14,2.6049685e-18,2.6049685e-18,2.9458103e-18,2.9458103e-18,-2.0050189e-05,-2.0050189e-05,-3.592815e-17,-3.592815e-17,-3.3700451e-17,-3.3700451e-17,2.9790349e-19,2.9790349e-19,2.0654907e-06,2.0654907e-06,1.3186551e-34,1.3186551e-34
1.9622476e-14,1.9622476e-14,-5.7880068e-17,-5.7880068e-17,1.9564596e-14,1.9564596e-14,1.9737543e-14,1.9737543e-14,1.150671e-16,1.150671e-16,-8.285639e-05,-8.285639e-05,-8.2518613e-05,-8.2518613e-05,-8.1368087e-05,-8.1368087e-05,-8.2518613e-05,-8.2518613e-05,-1.1940602e-17,-1.1940602e-17,1.0209333e-16,1.0209333e-16,0.00055012409,0.00055012409,-1.9630035e-14,-1.9630035e-14,6.5778726e-16,6.5778726e-16,3.2927708e-16,3.2927708e-16,-1.4579239e-17,-1.4579239e-17,-0.00046760547,-0.00046760547,-8.2518613e-05,-8.2518613e-05,-0.00046760547,-0.00046760547,-8.2518613e-05,-8.2518613e-05,2.4538411e-17,2.4538411e-17,-8.2456277e-17,-8.2456277e-17,-0.00055012409,-0.00055012409,-5.2914037e-17,-5.2914037e-17,-0.00053107641,-0.00053107641,-4.4163395e-16,-4.4163395e-16,0.00046760547,0.00046760547,8.2518613e-05,8.2518613e-05,0.00046760547,0.00046760547,8.2518613e-05,8.2518613e-05,0.00055012409,0.00055012409,-1.9670632e-14,-1.9670632e-14,3.3827108e-17,3.3827108e-17,1.2262327e-16,1.2262327e-16,-8.2518613e-05,-8.2518613e-05,-1.7037798e-06,-1.7037798e-06,-1.2352341e-18,-1.2352341e-18,-1.4482129e-06,-1.4482129e-06,-2.5556697e-07,-2.5556697e-07,0.00038144988,0.00038144988,-1.9635485e-14,-1.9635485e-14,0.44492193,0.44492193,-1.2379659e-12,-1.2379659e-12,0.24446972,0.24446972,-6.1896767e-13,-6.1896767e-13,-4.8154562e-17,-4.8154562e-17,0.00055012409,0.00055012409,-3.3702141e-17,-3.3702141e-17,-3.9362901e-15,-3.9362901e-15,-4.3970969e-14,-4.3970969e-14,4.3970969e-14,4.3970969e-14,2.5809921e-18,2.5809921e-18,2.9365108e-18,2.9365108e-18,-1.904768e-05,-1.904768e-05,-3.5812593e-17,-3.5812593e-17,-3.3598505e-17,-3.3598505e-17,2.9695702e-19,2.9695702e-19,2.0464164e-06,2.0464164e-06,1.2407489e-34,1.2407489e-34
1.9635174e-14,1.9635174e-14,-5.7796046e-17,-5.7796046e-17,1.9577378e-14,1.9577378e-14,1.9737553e-14,1.9737553e-14,1.0237964e-16,1.0237964e-16,-8.1941505e-05,-8.1941505e-05,-8.2263777e-05,-8.2263777e-05,-8.0466942e-05,-8.0466942e-05,-8.2263777e-05,-8.2263777e-05,-1.1963608e-17,-1.1963608e-17,1.0176932e-16,1.0176932e-16,0.00054842518,0.00054842518,-1.9631268e-14,-1.9631268e-14,6.5524933e-16,6.5524933e-16,3.2799066e-16,3.2799066e-16,-1.4478319e-17,-1.4478319e-17,-0.0004661614,-0.0004661614,-8.2263777e-05,-8.2263777e-05,-0.0004661614,-0.0004661614,-8.2263777e-05,-8.2263777e-05,2.2753246e-17,2.2753246e-17,-8.1442464e-17,-8.1442464e-17,-0.00054842518,-0.00054842518,-5.3699528e-17,-5.3699528e-17,-0.00053032988,-0.00053032988,-4.4046228e-16,-4.4046228e-16,0.0004661614,0.0004661614,8.2263777e-05,8.2263777e-05,0.0004661614,0.0004661614,8.2263777e-05,8.2263777e-05,0.00054842518,0.00054842518,-1.9671752e-14,-1.9671752e-14,3.5887092e-17,3.5887092e-17,1.2229801e-16,1.2229801e-16,-8.2263777e-05,-8.2263777e-05,-1.6989081e-06,-1.6989081e-06,-1.2013221e-18,-1.2013221e-18,-1.4440718e-06,-1.4440718e-06,-2.5483621e-07,-2.5483621e-07,0.00038023328,0.00038023328,-1.9636681e-14,-1.9636681e-14,0.44352309,0.44352309,-1.2380468e-12,-1.2380468e-12,0.24371222,0.24371222,-6.1901131e-13,-6.1901131e-13,-3.6579376e-17,-3.6579376e-17,0.00054842518,0.00054842518,-3.3241687e-17,-3.3241687e-17,-3.9366947e-15,-3.9366947e-15,-4.4219327e-14,-4.4219327e-14,4.4219327e-14,4.4219327e-14,2.557445e-18,2.557445e-18,2.9272482e-18,2.9272482e-18,-1.8095296e-05,-1.8095296e-05,-3.5697567e-17,-3.5697567e-17,-3.3496744e-17,-3.3496744e-17,2.9601459e-19,2.9601459e-19,2.0275238e-06,2.0275238e-06,1.1686855e-34,1.1686855e-34
1.9647724e-14,1.9647724e-14,-5.7476499e-17,-5.7476499e-17,1.9590247e-14,1.9590247e-14,1.9737551e-14,1.9737551e-14,8.982751e-17,8.982751e-17,-8.1061981e-05,-8.1061981e-05,-8.2009672e-05,-8.2009672e-05,-7.9601027e-05,-7.9601027e-05,-8.2009672e-05,-8.2009672e-05,-1.1845767e-17,-1.1845767e-17,1.0144668e-16,1.0144668e-16,0.00054673115,0.00054673115,-1.9632488e-14,-1.9632488e-14,6.527452e-16,6.527452e-16,3.2672421e-16,3.2672421e-16,-1.4380414e-17,-1.4380414e-17,-0.00046472148,-0.00046472148,-8.2009672e-05,-8.2009672e-05,-0.00046472148,-0.00046472148,-8.2009672e-05,-8.2009672e-05,2.0971419e-17,2.0971419e-17,-8.0429298e-17,-8.0429298e-17,-0.00054673115,-0.00054673115,-5.4482352e-17,-5.4482352e-17,-0.00052954062,-0.00052954062,-4.3933161e-16,-4.3933161e-16,0.00046472148,0.00046472148,8.2009672e-05,8.2009672e-05,0.00046472148,0.00046472148,8.2009672e-05,8.2009672e-05,0.00054673115,0.00054673115,-1.9672858e-14,-1.9672858e-14,3.7079714e-17,3.7079714e-17,1.2186432e-16,1.2186432e-16,-8.2009672e-05,-8.2009672e-05,-1.6940307e-06,-1.6940307e-06,-1.1689636e-18,-1.1689636e-18,-1.4399261e-06,-1.4399261e-06,-2.541046e-07,-2.541046e-07,0.00037902211,0.00037902211,-1.9637865e-14,-1.9637865e-14,0.44212951,0.44212951,-1.238127e-12,-1.238127e-12,0.24295703,0.24295703,-6.1905456e-13,-6.1905456e-13,-2.5138524e-17,-2.5138524e-17,0.00054673115,0.00054673115,-3.2782577e-17,-3.2782577e-17,-3.9370962e-15,-3.9370962e-15,-4.4466998e-14,-4.4466998e-14,4.4466998e-14,4.4466998e-14,2.5343181e-18,2.5343181e-18,2.9180219e-18,2.9180219e-18,-1.7190531e-05,-1.7190531e-05,-3.5583065e-17,-3.5583065e-17,-3.3395175e-17,-3.3395175e-17,2.9507614e-19,2.9507614e-19,2.0088111e-06,2.0088111e-06,1.1019826e-34,1.1019826e-34
1.9660216e-14,1.9660216e-14,-5.7227518e-17,-5.7227518e-17,1.9602988e-14,1.9602988e-14,1.9737537e-14,1.9737537e-14,7.7321825e-17,7.7321825e-17,-8.0216086e-05,-8.0216086e-05,-8.17563e-05,-8.17563e-05,-7.8768612e-05,-7.8768612e-05,-8.17563e-05,-8.17563e-05,-1.1752757e-17,-1.1752757e-17,1.0112539e-16,1.0112539e-16,0.000545042,0.000545042,-1.9633694e-14,-1.9633694e-14,6.5031814e-16,6.5031814e-16,3.2552172e-16,3.2552172e-16,-1.428538e-17,-1.428538e-17,-0.0004632857,-0.0004632857,-8.17563e-05,-8.17563e-05,-0.0004632857,-0.0004632857,-8.17563e-05,-8.17563e-05,1.9192971e-17,1.9192971e-17,-7.9416879e-17,-7.9416879e-17,-0.000545042,-0.000545042,-5.5262566e-17,-5.5262566e-17,-0.000528711,-0.000528711,-4.3823996e-16,-4.3823996e-16,0.0004632857,0.0004632857,8.17563e-05,8.17563e-05,0.0004632857,0.0004632857,8.17563e-05,8.17563e-05,0.000545042,0.000545042,-1.9673951e-14,-1.9673951e-14,3.8814438e-17,3.8814438e-17,1.212138e-16,1.212138e-16,-8.17563e-05,-8.17563e-05,-1.6891488e-06,-1.6891488e-06,-1.1380825e-18,-1.1380825e-18,-1.4357764e-06,-1.4357764e-06,-2.5337231e-07,-2.5337231e-07,0.00037781627,0.00037781627,-1.9639036e-14,-1.9639036e-14,0.44074114,0.44074114,-1.2382065e-12,-1.2382065e-12,0.24220413,0.24220413,-6.1909743e-13,-6.1909743e-13,-1.3743037e-17,-1.3743037e-17,0.000545042,0.000545042,-3.2325955e-17,-3.2325955e-17,-3.9374945e-15,-3.9374945e-15,-4.4713983e-14,-4.4713983e-14,4.4713983e-14,4.4713983e-14,2.5116027e-18,2.5116027e-18,2.9088315e-18,2.9088315e-18,-1.6331005e-05,-1.6331005e-05,-3.5469076e-17,-3.5469076e-17,-3.3293804e-17,-3.3293804e-17,2.9414161e-19,2.9414161e-19,1.9902766e-06,1.9902766e-06,1.0402002e-34,1.0402002e-34
1.9673043e-14,1.9673043e-14,-5.7334494e-17,-5.7334494e-17,1.9615708e-14,1.9615708e-14,1.9737512e-14,1.9737512e-14,6.4469136e-17,6.4469136e-17,-7.9402175e-05,-7.9402175e-05,-8.1503661e-05,-8.1503661e-05,-7.7968053e-05,-7.7968053e-05,-8.1503661e-05,-8.1503661e-05,-1.1904358e-17,-1.1904358e-17,1.0080543e-16,1.0080543e-16,0.00054335774,0.00054335774,-1.9634889e-14,-1.9634889e-14,6.4766823e-16,6.4766823e-16,3.240839e-16,3.240839e-16,-1.4193081e-17,-1.4193081e-17,-0.00046185408,-0.00046185408,-8.1503661e-05,-8.1503661e-05,-0.00046185408,-0.00046185408,-8.1503661e-05,-8.1503661e-05,1.741794e-17,1.741794e-17,-7.8405299e-17,-7.8405299e-17,-0.00054335774,-0.00054335774,-5.6040223e-17,-5.6040223e-17,-0.00052784328,-0.00052784328,-4.3718549e-16,-4.3718549e-16,0.00046185408,0.00046185408,8.1503661e-05,8.1503661e-05,0.00046185408,0.00046185408,8.1503661e-05,8.1503661e-05,0.00054335774,0.00054335774,-1.9675031e-14,-1.9675031e-14,4.0874422e-17,4.0874422e-17,1.2099696e-16,1.2099696e-16,-8.1503661e-05,-8.1503661e-05,-1.6842633e-06,-1.6842633e-06,-1.1086066e-18,-1.1086066e-18,-1.4316238e-06,-1.4316238e-06,-2.5263949e-07,-2.5263949e-07,0.00037661567,0.00037661567,-1.9640196e-14,-1.9640196e-14,0.4393579,0.4393579,-1.2382852e-12,-1.2382852e-12,0.24145353,0.24145353,-6.1913993e-13,-6.1913993e-13,-1.9993771e-18,-1.9993771e-18,0.00054335774,0.00054335774,-3.180934e-17,-3.180934e-17,-3.9378899e-15,-3.9378899e-15,-4.4960284e-14,-4.4960284e-14,4.4960284e-14,4.4960284e-14,2.4892901e-18,2.4892901e-18,2.8996764e-18,2.8996764e-18,-1.5514454e-05,-1.5514454e-05,-3.5355594e-17,-3.5355594e-17,-3.3192635e-17,-3.3192635e-17,2.9321092e-19,2.9321092e-19,1.9719184e-06,1.9719184e-06,9.8293659e-35,9.8293659e-35
1.9685465e-14,1.9685465e-14,-5.7164872e-17,-5.7164872e-17,1.96283e-14,1.96283e-14,1.9737475e-14,1.9737475e-14,5.2010767e-17,5.2010767e-17,-7.8618684e-05,-7.8618684e-05,-8.1251754e-05,-8.1251754e-05,-7.7197786e-05,-7.7197786e-05,-8.1251754e-05,-8.1251754e-05,-1.1869728e-17,-1.1869728e-17,1.0048676e-16,1.0048676e-16,0.00054167836,0.00054167836,-1.9636071e-14,-1.9636071e-14,6.4519243e-16,6.4519243e-16,3.2291676e-16,3.2291676e-16,-1.410339e-17,-1.410339e-17,-0.00046042661,-0.00046042661,-8.1251754e-05,-8.1251754e-05,-0.00046042661,-0.00046042661,-8.1251754e-05,-8.1251754e-05,1.5646361e-17,1.5646361e-17,-7.7394649e-17,-7.7394649e-17,-0.00054167836,-0.00054167836,-5.6815371e-17,-5.6815371e-17,-0.00052693963,-0.00052693963,-4.3616641e-16,-4.3616641e-16,0.00046042661,0.00046042661,8.1251754e-05,8.1251754e-05,0.00046042661,0.00046042661,8.1251754e-05,8.1251754e-05,0.00054167836,0.00054167836,-1.9676099e-14,-1.9676099e-14,4.2609145e-17,4.2609145e-17,1.2072591e-16,1.2072591e-16,-8.1251754e-05,-8.1251754e-05,-1.6793752e-06,-1.6793752e-06,-1.0804674e-18,-1.0804674e-18,-1.4274689e-06,-1.4274689e-06,-2.5190628e-07,-2.5190628e-07,0.00037542021,0.00037542021,-1.9641345e-14,-1.9641345e-14,0.43797974,0.43797974,-1.2383632e-12,-1.2383632e-12,0.24070521,0.24070521,-6.1918208e-13,-6.1918208e-13,9.4596329e-18,9.4596329e-18,0.00054167836,0.00054167836,-3.1348419e-17,-3.1348419e-17,-3.9382823e-15,-3.9382823e-15,-4.5205898e-14,-4.5205898e-14,4.5205898e-14,4.5205898e-14,2.467372e-18,2.467372e-18,2.8905562e-18,2.8905562e-18,-1.4738732e-05,-1.4738732e-05,-3.524261e-17,-3.524261e-17,-3.3091673e-17,-3.3091673e-17,2.9228403e-19,2.9228403e-19,1.9537349e-06,1.9537349e-06,9.2982504e-35,9.2982504e-35
1.969778e-14,1.969778e-14,-5.6691691e-17,-5.6691691e-17,1.9641088e-14,1.9641088e-14,1.9737429e-14,1.9737429e-14,3.9648763e-17,3.9648763e-17,-7.7864126e-05,-7.7864126e-05,-8.1000581e-05,-8.1000581e-05,-7.6456327e-05,-7.6456327e-05,-8.1000581e-05,-8.1000581e-05,-1.1705818e-17,-1.1705818e-17,1.0016938e-16,1.0016938e-16,0.00054000388,0.00054000388,-1.9637242e-14,-1.9637242e-14,6.4295065e-16,6.4295065e-16,3.2175556e-16,3.2175556e-16,-1.4016183e-17,-1.4016183e-17,-0.0004590033,-0.0004590033,-8.1000581e-05,-8.1000581e-05,-0.0004590033,-0.0004590033,-8.1000581e-05,-8.1000581e-05,1.3878271e-17,1.3878271e-17,-7.6385012e-17,-7.6385012e-17,-0.00054000388,-0.00054000388,-5.7588056e-17,-5.7588056e-17,-0.00052600208,-0.00052600208,-4.3518105e-16,-4.3518105e-16,0.0004590033,0.0004590033,8.1000581e-05,8.1000581e-05,0.0004590033,0.0004590033,8.1000581e-05,8.1000581e-05,0.00054000388,0.00054000388,-1.9677155e-14,-1.9677155e-14,4.4343869e-17,4.4343869e-17,1.2023802e-16,1.2023802e-16,-8.1000581e-05,-8.1000581e-05,-1.6744855e-06,-1.6744855e-06,-1.0535994e-18,-1.0535994e-18,-1.4233126e-06,-1.4233126e-06,-2.5117282e-07,-2.5117282e-07,0.00037422982,0.00037422982,-1.9642484e-14,-1.9642484e-14,0.43660662,0.43660662,-1.2384406e-12,-1.2384406e-12,0.23995917,0.23995917,-6.1922388e-13,-6.1922388e-13,2.0715188e-17,2.0715188e-17,0.00054000388,0.00054000388,-3.0913365e-17,-3.0913365e-17,-3.9386719e-15,-3.9386719e-15,-4.5450828e-14,-4.5450828e-14,4.5450828e-14,4.5450828e-14,2.44584e-18,2.44584e-18,2.8814706e-18,2.8814706e-18,-1.4001795e-05,-1.4001795e-05,-3.5130118e-17,-3.5130118e-17,-3.2990924e-17,-3.2990924e-17,2.9136088e-19,2.9136088e-19,1.9357243e-06,1.9357243e-06,8.8053061e-35,8.8053061e-35
1.9710157e-14,1.9710157e-14,-5.6626241e-17,-5.6626241e-17,1.9653531e-14,1.9653531e-14,1.9737372e-14,1.9737372e-14,2.7214262e-17,2.7214262e-17,-7.7137091e-05,-7.7137091e-05,-8.0750142e-05,-8.0750142e-05,-7.5742266e-05,-7.5742266e-05,-8.0750142e-05,-8.0750142e-05,-1.1632122e-17,-1.1632122e-17,9.9853268e-17,9.9853268e-17,0.00053833428,0.00053833428,-1.9638402e-14,-1.9638402e-14,6.4055118e-16,6.4055118e-16,3.2075122e-16,3.2075122e-16,-1.3931345e-17,-1.3931345e-17,-0.00045758414,-0.00045758414,-8.0750142e-05,-8.0750142e-05,-0.00045758414,-0.00045758414,-8.0750142e-05,-8.0750142e-05,1.2113704e-17,1.2113704e-17,-7.537647e-17,-7.537647e-17,-0.00053833428,-0.00053833428,-5.8358322e-17,-5.8358322e-17,-0.00052503258,-0.00052503258,-4.342278e-16,-4.342278e-16,0.00045758414,0.00045758414,8.0750142e-05,8.0750142e-05,0.00045758414,0.00045758414,8.0750142e-05,8.0750142e-05,0.00053833428,0.00053833428,-1.96782e-14,-1.96782e-14,4.5753332e-17,4.5753332e-17,1.1969592e-16,1.1969592e-16,-8.0750142e-05,-8.0750142e-05,-1.6695948e-06,-1.6695948e-06,-1.0279408e-18,-1.0279408e-18,-1.4191556e-06,-1.4191556e-06,-2.5043922e-07,-2.5043922e-07,0.00037304439,0.00037304439,-1.9643611e-14,-1.9643611e-14,0.43523846,0.43523846,-1.2385172e-12,-1.2385172e-12,0.23921541,0.23921541,-6.1926535e-13,-6.1926535e-13,3.2044646e-17,3.2044646e-17,0.00053833428,0.00053833428,-3.0464934e-17,-3.0464934e-17,-3.9390588e-15,-3.9390588e-15,-4.5695073e-14,-4.5695073e-14,4.5695073e-14,4.5695073e-14,2.4246862e-18,2.4246862e-18,2.8724189e-18,2.8724189e-18,-1.3301705e-05,-1.3301705e-05,-3.5018108e-17,-3.5018108e-17,-3.2890392e-17,-3.2890392e-17,2.904414e-19,2.904414e-19,1.9178849e-06,1.9178849e-06,8.3474723e-35,8.3474723e-35
1.9722832e-14,1.9722832e-14,-5.6552517e-17,-5.6552517e-17,1.966628e-14,1.966628e-14,1.9737305e-14,1.9737305e-14,1.4473068e-17,1.4473068e-17,-7.6436237e-05,-7.6436237e-05,-8.0500437e-05,-8.0500437e-05,-7.5054263e-05,-7.5054263e-05,-8.0500437e-05,-8.0500437e-05,-1.1705413e-17,-1.1705413e-17,9.9538402e-17,9.9538402e-17,0.00053666958,0.00053666958,-1.963955e-14,-1.963955e-14,6.381746e-16,6.381746e-16,3.1943437e-16,3.1943437e-16,-1.3848764e-17,-1.3848764e-17,-0.00045616914,-0.00045616914,-8.0500437e-05,-8.0500437e-05,-0.00045616914,-0.00045616914,-8.0500437e-05,-8.0500437e-05,1.0352694e-17,1.0352694e-17,-7.4369098e-17,-7.4369098e-17,-0.00053666958,-0.00053666958,-5.9126209e-17,-5.9126209e-17,-0.00052403296,-0.00052403296,-4.3330514e-16,-4.3330514e-16,0.00045616914,0.00045616914,8.0500437e-05,8.0500437e-05,0.00045616914,0.00045616914,8.0500437e-05,8.0500437e-05,0.00053666958,0.00053666958,-1.9679234e-14,-1.9679234e-14,4.7813316e-17,4.7813316e-17,1.1953329e-16,1.1953329e-16,-8.0500437e-05,-8.0500437e-05,-1.6647041e-06,-1.6647041e-06,-1.0034325e-18,-1.0034325e-18,-1.4149985e-06,-1.4149985e-06,-2.4970562e-07,-2.4970562e-07,0.00037186387,0.00037186387,-1.9644729e-14,-1.9644729e-14,0.43387523,0.43387523,-1.2385932e-12,-1.2385932e-12,0.23847392,0.23847392,-6.1930649e-13,-6.1930649e-13,4.3573852e-17,4.3573852e-17,0.00053666958,0.00053666958,-2.9983346e-17,-2.9983346e-17,-3.9394431e-15,-3.9394431e-15,-4.5938634e-14,-4.5938634e-14,4.5938634e-14,4.5938634e-14,2.4039024e-18,2.4039024e-18,2.863401e-18,2.863401e-18,-1.263662e-05,-1.263662e-05,-3.4906575e-17,-3.4906575e-17,-3.279008e-17,-3.279008e-17,2.8952556e-19,2.8952556e-19,1.9002149e-06,1.9002149e-06,7.9219509e-35,7.9219509e-35
1.9734998e-14,1.9734998e-14,-5.6151639e-17,-5.6151639e-17,1.9678846e-14,1.9678846e-14,1.973723e-14,1.973723e-14,2.2322639e-18,2.2322639e-18,-7.5760291e-05,-7.5760291e-05,-8.0251465e-05,-8.0251465e-05,-7.4391045e-05,-7.4391045e-05,-8.0251465e-05,-8.0251465e-05,-1.15487e-17,-1.15487e-17,9.9224765e-17,9.9224765e-17,0.00053500976,0.00053500976,-1.9640689e-14,-1.9640689e-14,6.3597161e-16,6.3597161e-16,3.1828145e-16,3.1828145e-16,-1.3768336e-17,-1.3768336e-17,-0.0004547583,-0.0004547583,-8.0251465e-05,-8.0251465e-05,-0.0004547583,-0.0004547583,-8.0251465e-05,-8.0251465e-05,8.5952722e-18,8.5952722e-18,-7.3362971e-17,-7.3362971e-17,-0.00053500976,-0.00053500976,-5.9891756e-17,-5.9891756e-17,-0.00052300497,-0.00052300497,-4.3241163e-16,-4.3241163e-16,0.0004547583,0.0004547583,8.0251465e-05,8.0251465e-05,0.0004547583,0.0004547583,8.0251465e-05,8.0251465e-05,0.00053500976,0.00053500976,-1.9680258e-14,-1.9680258e-14,4.9114358e-17,4.9114358e-17,1.190454e-16,1.190454e-16,-8.0251465e-05,-8.0251465e-05,-1.6598142e-06,-1.6598142e-06,-9.8001857e-19,-9.8001857e-19,-1.410842e-06,-1.410842e-06,-2.4897212e-07,-2.4897212e-07,0.00037068816,0.00037068816,-1.9645837e-14,-1.9645837e-14,0.43251688,0.43251688,-1.2386686e-12,-1.2386686e-12,0.2377347,0.2377347,-6.1934732e-13,-6.1934732e-13,5.4712633e-17,5.4712633e-17,0.00053500976,0.00053500976,-2.9551364e-17,-2.9551364e-17,-3.9398248e-15,-3.9398248e-15,-4.6181511e-14,-4.6181511e-14,4.6181511e-14,4.6181511e-14,2.383481e-18,2.383481e-18,2.8544164e-18,2.8544164e-18,-1.2004789e-05,-1.2004789e-05,-3.4795512e-17,-3.4795512e-17,-3.2689993e-17,-3.2689993e-17,2.8861329e-19,2.8861329e-19,1.8827129e-06,1.8827129e-06,7.5261832e-35,7.5261832e-35
1.9747335e-14,1.9747335e-14,-5.5942116e-17,-5.5942116e-17,1.9691393e-14,1.9691393e-14,1.9737146e-14,1.9737146e-14,-1.0188991e-17,-1.0188991e-17,-7.510804e-05,-7.510804e-05,-8.0003226e-05,-8.0003226e-05,-7.3751403e-05,-7.3751403e-05,-8.0003226e-05,-8.0003226e-05,-1.1489648e-17,-1.1489648e-17,9.8912343e-17,9.8912343e-17,0.00053335484,0.00053335484,-1.9641817e-14,-1.9641817e-14,6.3372367e-16,6.3372367e-16,3.1718283e-16,3.1718283e-16,-1.3689961e-17,-1.3689961e-17,-0.00045335161,-0.00045335161,-8.0003226e-05,-8.0003226e-05,-0.00045335161,-0.00045335161,-8.0003226e-05,-8.0003226e-05,6.8414706e-18,6.8414706e-18,-7.2358158e-17,-7.2358158e-17,-0.00053335484,-0.00053335484,-6.0654998e-17,-6.0654998e-17,-0.00052195029,-0.00052195029,-4.3154589e-16,-4.3154589e-16,0.00045335161,0.00045335161,8.0003226e-05,8.0003226e-05,0.00045335161,0.00045335161,8.0003226e-05,8.0003226e-05,0.00053335484,0.00053335484,-1.9681271e-14,-1.9681271e-14,5.0849082e-17,5.0849082e-17,1.185033e-16,1.185033e-16,-8.0003226e-05,-8.0003226e-05,-1.6549256e-06,-1.6549256e-06,-9.5764572e-19,-9.5764572e-19,-1.4066868e-06,-1.4066868e-06,-2.4823884e-07,-2.4823884e-07,0.0003695172,0.0003695172,-1.9646935e-14,-1.9646935e-14,0.43116335,0.43116335,-1.2387434e-12,-1.2387434e-12,0.23699773,0.23699773,-6.1938784e-13,-6.1938784e-13,6.6033473e-17,6.6033473e-17,0.00053335484,0.00053335484,-2.9086984e-17,-2.9086984e-17,-3.9402039e-15,-3.9402039e-15,-4.6423704e-14,-4.6423704e-14,4.6423704e-14,4.6423704e-14,2.3634144e-18,2.3634144e-18,2.8454646e-18,2.8454646e-18,-1.140455e-05,-1.140455e-05,-3.4684912e-17,-3.4684912e-17,-3.2590134e-17,-3.2590134e-17,2.8770455e-19,2.8770455e-19,1.865377e-06,1.865377e-06,7.1578282e-35,7.1578282e-35
1.9759761e-14,1.9759761e-14,-5.5948844e-17,-5.5948844e-17,1.9703812e-14,1.9703812e-14,1.9737054e-14,1.9737054e-14,-2.2706878e-17,-2.2706878e-17,-7.4478336e-05,-7.4478336e-05,-7.975572e-05,-7.975572e-05,-7.3134187e-05,-7.3134187e-05,-7.975572e-05,-7.975572e-05,-1.1584794e-17,-1.1584794e-17,9.8601118e-17,9.8601118e-17,0.0005317048,0.0005317048,-1.9642935e-14,-1.9642935e-14,6.3127046e-16,6.3127046e-16,3.1587025e-16,3.1587025e-16,-1.3613544e-17,-1.3613544e-17,-0.00045194908,-0.00045194908,-7.975572e-05,-7.975572e-05,-0.00045194908,-0.00045194908,-7.975572e-05,-7.975572e-05,5.0913192e-18,5.0913192e-18,-7.1354724e-17,-7.1354724e-17,-0.0005317048,-0.0005317048,-6.1415969e-17,-6.1415969e-17,-0.00052087048,-0.00052087048,-4.3070661e-16,-4.3070661e-16,0.00045194908,0.00045194908,7.975572e-05,7.975572e-05,0.00045194908,0.00045194908,7.975572e-05,7.975572e-05,0.0005317048,0.0005317048,-1.9682274e-14,-1.9682274e-14,5.2800646e-17,5.2800646e-17,1.1844909e-16,1.1844909e-16,-7.975572e-05,-7.975572e-05,-1.6500392e-06,-1.6500392e-06,-9.3626334e-19,-9.3626334e-19,-1.4025333e-06,-1.4025333e-06,-2.4750588e-07,-2.4750588e-07,0.00036835092,0.00036835092,-1.9648024e-14,-1.9648024e-14,0.4298146,0.4298146,-1.2388176e-12,-1.2388176e-12,0.23626303,0.23626303,-6.1942806e-13,-6.1942806e-13,7.7452616e-17,7.7452616e-17,0.0005317048,0.0005317048,-2.8615059e-17,-2.8615059e-17,-3.9405807e-15,-3.9405807e-15,-4.6665215e-14,-4.6665215e-14,4.6665215e-14,4.6665215e-14,2.343695e-18,2.343695e-18,2.8365454e-18,2.8365454e-18,-1.0834322e-05,-1.0834322e-05,-3.4574768e-17,-3.4574768e-17,-3.2490507e-17,-3.2490507e-17,2.867993e-19,2.867993e-19,1.8482057e-06,1.8482057e-06,6.8147431e-35,6.8147431e-35
1.9771848e-14,1.9771848e-14,-5.552744e-17,-5.552744e-17,1.971632e-14,1.971632e-14,1.9736954e-14,1.9736954e-14,-3.4893574e-17,-3.4893574e-17,-7.3870086e-05,-7.3870086e-05,-7.9508946e-05,-7.9508946e-05,-7.2538306e-05,-7.2538306e-05,-7.9508946e-05,-7.9508946e-05,-1.1294291e-17,-1.1294291e-17,9.8291077e-17,9.8291077e-17,0.00053005964,0.00053005964,-1.9644044e-14,-1.9644044e-14,6.293052e-16,6.293052e-16,3.1503732e-16,3.1503732e-16,-1.3538994e-17,-1.3538994e-17,-0.0004505507,-0.0004505507,-7.9508946e-05,-7.9508946e-05,-0.0004505507,-0.0004505507,-7.9508946e-05,-7.9508946e-05,3.3448472e-18,3.3448472e-18,-7.0352732e-17,-7.0352732e-17,-0.00053005964,-0.00053005964,-6.21747e-17,-6.21747e-17,-0.00051976704,-0.00051976704,-4.2989255e-16,-4.2989255e-16,0.0004505507,0.0004505507,7.9508946e-05,7.9508946e-05,0.0004505507,0.0004505507,7.9508946e-05,7.9508946e-05,0.00053005964,0.00053005964,-1.9683268e-14,-1.9683268e-14,5.4210109e-17,5.4210109e-17,1.1774436e-16,1.1774436e-16,-7.9508946e-05,-7.9508946e-05,-1.6451555e-06,-1.6451555e-06,-9.1582331e-19,-9.1582331e-19,-1.3983822e-06,-1.3983822e-06,-2.4677333e-07,-2.4677333e-07,0.00036718925,0.00036718925,-1.9649104e-14,-1.9649104e-14,0.42847059,0.42847059,-1.2388913e-12,-1.2388913e-12,0.23553057,0.23553057,-6.19468e-13,-6.19468e-13,8.8488087e-17,8.8488087e-17,0.00053005964,0.00053005964,-2.8191293e-17,-2.8191293e-17,-3.9409551e-15,-3.9409551e-15,-4.6906043e-14,-4.6906043e-14,4.6906043e-14,4.6906043e-14,2.3243156e-18,2.3243156e-18,2.8276585e-18,2.8276585e-18,-1.0292606e-05,-1.0292606e-05,-3.4465075e-17,-3.4465075e-17,-3.2391115e-17,-3.2391115e-17,2.8589749e-19,2.8589749e-19,1.8311974e-06,1.8311974e-06,6.4949657e-35,6.4949657e-35
1.9784102e-14,1.9784102e-14,-5.5456031e-17,-5.5456031e-17,1.9728646e-14,1.9728646e-14,1.9736847e-14,1.9736847e-14,-4.725588e-17,-4.725588e-17,-7.328225e-05,-7.328225e-05,-7.9262905e-05,-7.9262905e-05,-7.1962723e-05,-7.1962723e-05,-7.9262905e-05,-7.9262905e-05,-1.132506e-17,-1.132506e-17,9.7982203e-17,9.7982203e-17,0.00052841937,0.00052841937,-1.9645143e-14,-1.9645143e-14,6.269291e-16,6.269291e-16,3.1378571e-16,3.1378571e-16,-1.3466225e-17,-1.3466225e-17,-0.00044915646,-0.00044915646,-7.9262905e-05,-7.9262905e-05,-0.00044915646,-0.00044915646,-7.9262905e-05,-7.9262905e-05,1.6020829e-18,1.6020829e-18,-6.9352241e-17,-6.9352241e-17,-0.00052841937,-0.00052841937,-6.293122e-17,-6.293122e-17,-0.00051864139,-0.00051864139,-4.2910253e-16,-4.2910253e-16,0.00044915646,0.00044915646,7.9262905e-05,7.9262905e-05,0.00044915646,0.00044915646,7.9262905e-05,7.9262905e-05,0.00052841937,0.00052841937,-1.9684252e-14,-1.9684252e-14,5.6053252e-17,5.6053252e-17,1.1736489e-16,1.1736489e-16,-7.9262905e-05,-7.9262905e-05,-1.6402752e-06,-1.6402752e-06,-8.9627991e-19,-8.9627991e-19,-1.3942339e-06,-1.3942339e-06,-2.4604128e-07,-2.4604128e-07,0.00036603212,0.00036603212,-1.9650176e-14,-1.9650176e-14,0.42713127,0.42713127,-1.2389643e-12,-1.2389643e-12,0.23480036,0.23480036,-6.1950765e-13,-6.1950765e-13,9.9863582e-17,9.9863582e-17,0.00052841937,0.00052841937,-2.7727837e-17,-2.7727837e-17,-3.9413272e-15,-3.9413272e-15,-4.7146189e-14,-4.7146189e-14,4.7146189e-14,4.7146189e-14,2.3052689e-18,2.3052689e-18,2.8188034e-18,2.8188034e-18,-9.7779757e-06,-9.7779757e-06,-3.4355826e-17,-3.4355826e-17,-3.2291961e-17,-3.2291961e-17,2.8499907e-19,2.8499907e-19,1.8143504e-06,1.8143504e-06,6.1966984e-35,6.1966984e-35
1.9796414e-14,1.9796414e-14,-5.5351762e-17,-5.5351762e-17,1.9741062e-14,1.9741062e-14,1.9736732e-14,1.9736732e-14,-5.9681727e-17,-5.9681727e-17,-7.2713844e-05,-7.2713844e-05,-7.9017595e-05,-7.9017595e-05,-7.1406452e-05,-7.1406452e-05,-7.9017595e-05,-7.9017595e-05,-1.1353962e-17,-1.1353962e-17,9.7674484e-17,9.7674484e-17,0.00052678397,0.00052678397,-1.9646233e-14,-1.9646233e-14,6.2463071e-16,6.2463071e-16,3.1271276e-16,3.1271276e-16,-1.3395157e-17,-1.3395157e-17,-0.00044776637,-0.00044776637,-7.9017595e-05,-7.9017595e-05,-0.00044776637,-0.00044776637,-7.9017595e-05,-7.9017595e-05,-1.3694668e-19,-1.3694668e-19,-6.8353309e-17,-6.8353309e-17,-0.00052678397,-0.00052678397,-6.3685557e-17,-6.3685557e-17,-0.00051749489,-0.00051749489,-4.2833542e-16,-4.2833542e-16,0.00044776637,0.00044776637,7.9017595e-05,7.9017595e-05,0.00044776637,0.00044776637,7.9017595e-05,7.9017595e-05,0.00052678397,0.00052678397,-1.9685228e-14,-1.9685228e-14,5.7571135e-17,5.7571135e-17,1.1714804e-16,1.1714804e-16,-7.9017595e-05,-7.9017595e-05,-1.6353989e-06,-1.6353989e-06,-8.7758966e-19,-8.7758966e-19,-1.390089e-06,-1.390089e-06,-2.4530983e-07,-2.4530983e-07,0.00036487948,0.00036487948,-1.9651239e-14,-1.9651239e-14,0.42579661,0.42579661,-1.2390369e-12,-1.2390369e-12,0.23407239,0.23407239,-6.1954703e-13,-6.1954703e-13,1.1119604e-16,1.1119604e-16,0.00052678397,0.00052678397,-2.7236222e-17,-2.7236222e-17,-3.941697e-15,-3.941697e-15,-4.7385654e-14,-4.7385654e-14,4.7385654e-14,4.7385654e-14,2.2865481e-18,2.2865481e-18,2.80998e-18,2.80998e-18,-9.2890769e-06,-9.2890769e-06,-3.4247016e-17,-3.4247016e-17,-3.2193047e-17,-3.2193047e-17,2.8410402e-19,2.8410402e-19,1.7976632e-06,1.7976632e-06,5.9182938e-35,5.9182938e-35
1.9808544e-14,1.9808544e-14,-5.5031786e-17,-5.5031786e-17,1.9753512e-14,1.9753512e-14,1.973661e-14,1.973661e-14,-7.1933799e-17,-7.1933799e-17,-7.2163928e-05,-7.2163928e-05,-7.8773016e-05,-7.8773016e-05,-7.0868557e-05,-7.0868557e-05,-7.8773016e-05,-7.8773016e-05,-1.1220428e-17,-1.1220428e-17,9.7367906e-17,9.7367906e-17,0.00052515344,0.00052515344,-1.9647315e-14,-1.9647315e-14,6.2256353e-16,6.2256353e-16,3.1175551e-16,3.1175551e-16,-1.3325711e-17,-1.3325711e-17,-0.00044638043,-0.00044638043,-7.8773016e-05,-7.8773016e-05,-0.00044638043,-0.00044638043,-7.8773016e-05,-7.8773016e-05,-1.8722151e-18,-1.8722151e-18,-6.7355989e-17,-6.7355989e-17,-0.00052515344,-0.00052515344,-6.4437736e-17,-6.4437736e-17,-0.00051632882,-0.00051632882,-4.2759016e-16,-4.2759016e-16,0.00044638043,0.00044638043,7.8773016e-05,7.8773016e-05,0.00044638043,0.00044638043,7.8773016e-05,7.8773016e-05,0.00052515344,0.00052515344,-1.9686195e-14,-1.9686195e-14,5.9414279e-17,5.9414279e-17,1.1671436e-16,1.1671436e-16,-7.8773016e-05,-7.8773016e-05,-1.630527e-06,-1.630527e-06,-8.5971124e-19,-8.5971124e-19,-1.3859479e-06,-1.3859479e-06,-2.4457905e-07,-2.4457905e-07,0.00036373127,0.00036373127,-1.9652294e-14,-1.9652294e-14,0.42446656,0.42446656,-1.2391089e-12,-1.2391089e-12,0.23334665,0.23334665,-6.1958615e-13,-6.1958615e-13,1.2230239e-16,1.2230239e-16,0.00052515344,0.00052515344,-2.6799108e-17,-2.6799108e-17,-3.9420647e-15,-3.9420647e-15,-4.7624438e-14,-4.7624438e-14,4.7624438e-14,4.7624438e-14,2.2681462e-18,2.2681462e-18,2.8011878e-18,2.8011878e-18,-8.824623e-06,-8.824623e-06,-3.4138639e-17,-3.4138639e-17,-3.2094376e-17,-3.2094376e-17,2.8321228e-19,2.8321228e-19,1.7811341e-06,1.7811341e-06,5.658241e-35,5.658241e-35
1.9820594e-14,1.9820594e-14,-5.4812289e-17,-5.4812289e-17,1.9765781e-14,1.9765781e-14,1.9736483e-14,1.9736483e-14,-8.4111194e-17,-8.4111194e-17,-7.1631612e-05,-7.1631612e-05,-7.8529167e-05,-7.8529167e-05,-7.0348149e-05,-7.0348149e-05,-7.8529167e-05,-7.8529167e-05,-1.1143302e-17,-1.1143302e-17,9.7062456e-17,9.7062456e-17,0.00052352778,0.00052352778,-1.9648389e-14,-1.9648389e-14,6.2047759e-16,6.2047759e-16,3.1066434e-16,3.1066434e-16,-1.3257814e-17,-1.3257814e-17,-0.00044499861,-0.00044499861,-7.8529167e-05,-7.8529167e-05,-0.00044499861,-0.00044499861,-7.8529167e-05,-7.8529167e-05,-3.6036969e-18,-3.6036969e-18,-6.6360333e-17,-6.6360333e-17,-0.00052352778,-0.00052352778,-6.5187782e-17,-6.5187782e-17,-0.00051514439,-0.00051514439,-4.2686574e-16,-4.2686574e-16,0.00044499861,0.00044499861,7.8529167e-05,7.8529167e-05,0.00044499861,0.00044499861,7.8529167e-05,7.8529167e-05,0.00052352778,0.00052352778,-1.9687153e-14,-1.9687153e-14,6.1040582e-17,6.1040582e-17,1.1628068e-16,1.1628068e-16,-7.8529167e-05,-7.8529167e-05,-1.6256602e-06,-1.6256602e-06,-8.4260537e-19,-8.4260537e-19,-1.3818111e-06,-1.3818111e-06,-2.4384902e-07,-2.4384902e-07,0.00036258743,0.00036258743,-1.9653341e-14,-1.9653341e-14,0.42314109,0.42314109,-1.2391804e-12,-1.2391804e-12,0.23262314,0.23262314,-6.19625e-13,-6.19625e-13,1.3344443e-16,1.3344443e-16,0.00052352778,0.00052352778,-2.6369532e-17,-2.6369532e-17,-3.9424303e-15,-3.9424303e-15,-4.7862543e-14,-4.7862543e-14,4.7862543e-14,4.7862543e-14,2.2500565e-18,2.2500565e-18,2.7924265e-18,2.7924265e-18,-8.3833919e-06,-8.3833919e-06,-3.4030691e-17,-3.4030691e-17,-3.1995951e-17,-3.1995951e-17,2.8232382e-19,2.8232382e-19,1.7647618e-06,1.7647618e-06,5.415154e-35,5.415154e-35
1.9832742e-14,1.9832742e-14,-5.460187e-17,-5.460187e-17,1.977814e-14,1.977814e-14,1.9736348e-14,1.9736348e-14,-9.6393318e-17,-9.6393318e-17,-7.1116051e-05,-7.1116051e-05,-7.8286047e-05,-7.8286047e-05,-6.9844382e-05,-6.9844382e-05,-7.8286047e-05,-7.8286047e-05,-1.112453e-17,-1.112453e-17,9.6758122e-17,9.6758122e-17,0.00052190698,0.00052190698,-1.9649454e-14,-1.9649454e-14,6.1833779e-16,6.1833779e-16,3.0962133e-16,3.0962133e-16,-1.3191396e-17,-1.3191396e-17,-0.00044362094,-0.00044362094,-7.8286047e-05,-7.8286047e-05,-0.00044362094,-0.00044362094,-7.8286047e-05,-7.8286047e-05,-5.3313678e-18,-5.3313678e-18,-6.5366388e-17,-6.5366388e-17,-0.00052190698,-0.00052190698,-6.5935716e-17,-6.5935716e-17,-0.00051394276,-0.00051394276,-4.2616118e-16,-4.2616118e-16,0.00044362094,0.00044362094,7.8286047e-05,7.8286047e-05,0.00044362094,0.00044362094,7.8286047e-05,7.8286047e-05,0.00052190698,0.00052190698,-1.9688103e-14,-1.9688103e-14,6.2775306e-17,6.2775306e-17,1.1579279e-16,1.1579279e-16,-7.8286047e-05,-7.8286047e-05,-1.6207988e-06,-1.6207988e-06,-8.262347e-19,-8.262347e-19,-1.377679e-06,-1.377679e-06,-2.4311982e-07,-2.4311982e-07,0.0003614479,0.0003614479,-1.965438e-14,-1.965438e-14,0.42182015,0.42182015,-1.2392514e-12,-1.2392514e-12,0.23190185,0.23190185,-6.1966361e-13,-6.1966361e-13,1.4463897e-16,1.4463897e-16,0.00052190698,0.00052190698,-2.5900733e-17,-2.5900733e-17,-3.9427938e-15,-3.9427938e-15,-4.8099968e-14,-4.8099968e-14,4.8099968e-14,4.8099968e-14,2.2322724e-18,2.2322724e-18,2.783696e-18,2.783696e-18,-7.9642223e-06,-7.9642223e-06,-3.3923165e-17,-3.3923165e-17,-3.1897774e-17,-3.1897774e-17,2.8143861e-19,2.8143861e-19,1.7485446e-06,1.7485446e-06,5.1877607e-35,5.1877607e-35
1.984499e-14,1.984499e-14,-5.4673597e-17,-5.4673597e-17,1.9790317e-14,1.9790317e-14,1.9736208e-14,1.9736208e-14,-1.0878196e-16,-1.0878196e-16,-7.061644e-05,-7.061644e-05,-7.8043656e-05,-7.8043656e-05,-6.9356454e-05,-6.9356454e-05,-7.8043656e-05,-7.8043656e-05,-1.1220216e-17,-1.1220216e-17,9.6454892e-17,9.6454892e-17,0.00052029104,0.00052029104,-1.9650511e-14,-1.9650511e-14,6.1603286e-16,6.1603286e-16,3.0829869e-16,3.0829869e-16,-1.3126389e-17,-1.3126389e-17,-0.00044224738,-0.00044224738,-7.8043656e-05,-7.8043656e-05,-0.00044224738,-0.00044224738,-7.8043656e-05,-7.8043656e-05,-7.055204e-18,-7.055204e-18,-6.4374201e-17,-6.4374201e-17,-0.00052029104,-0.00052029104,-6.6681561e-17,-6.6681561e-17,-0.00051272503,-0.00051272503,-4.2547556e-16,-4.2547556e-16,0.00044224738,0.00044224738,7.8043656e-05,7.8043656e-05,0.00044224738,0.00044224738,7.8043656e-05,7.8043656e-05,0.00052029104,0.00052029104,-1.9689046e-14,-1.9689046e-14,6.4293189e-17,6.4293189e-17,1.1563016e-16,1.1563016e-16,-7.8043656e-05,-7.8043656e-05,-1.6159434e-06,-1.6159434e-06,-8.1056374e-19,-8.1056374e-19,-1.3735519e-06,-1.3735519e-06,-2.4239152e-07,-2.4239152e-07,0.00036031264,0.00036031264,-1.9655412e-14,-1.9655412e-14,0.42050373,0.42050373,-1.2393219e-12,-1.2393219e-12,0.23118277,0.23118277,-6.1970196e-13,-6.1970196e-13,1.5588783e-16,1.5588783e-16,0.00052029104,0.00052029104,-2.540587e-17,-2.540587e-17,-3.9431553e-15,-3.9431553e-15,-4.8336715e-14,-4.8336715e-14,4.8336715e-14,4.8336715e-14,2.2147874e-18,2.2147874e-18,2.7749959e-18,2.7749959e-18,-7.5660112e-06,-7.5660112e-06,-3.3816056e-17,-3.3816056e-17,-3.1799848e-17,-3.1799848e-17,2.8055661e-19,2.8055661e-19,1.732481e-06,1.732481e-06,4.974893e-35,4.974893e-35
1.9856912e-14,1.9856912e-14,-5.4382647e-17,-5.4382647e-17,1.9802529e-14,1.9802529e-14,1.9736063e-14,1.9736063e-14,-1.208489e-16,-1.208489e-16,-7.0132015e-05,-7.0132015e-05,-7.7801992e-05,-7.7801992e-05,-6.8883601e-05,-6.8883601e-05,-7.7801992e-05,-7.7801992e-05,-1.1106941e-17,-1.1106941e-17,9.6152754e-17,9.6152754e-17,0.00051867995,0.00051867995,-1.965156e-14,-1.965156e-14,6.1393149e-16,6.1393149e-16,3.0739067e-16,3.0739067e-16,-1.3062731e-17,-1.3062731e-17,-0.00044087795,-0.00044087795,-7.7801992e-05,-7.7801992e-05,-0.00044087795,-0.00044087795,-7.7801992e-05,-7.7801992e-05,-8.7751829e-18,-8.7751829e-18,-6.3383816e-17,-6.3383816e-17,-0.00051867995,-0.00051867995,-6.7425334e-17,-6.7425334e-17,-0.00051149223,-0.00051149223,-4.2480803e-16,-4.2480803e-16,0.00044087795,0.00044087795,7.7801992e-05,7.7801992e-05,0.00044087795,0.00044087795,7.7801992e-05,7.7801992e-05,0.00051867995,0.00051867995,-1.9689981e-14,-1.9689981e-14,6.6027912e-17,6.6027912e-17,1.1519648e-16,1.1519648e-16,-7.7801992e-05,-7.7801992e-05,-1.6110945e-06,-1.6110945e-06,-7.9555875e-19,-7.9555875e-19,-1.3694303e-06,-1.3694303e-06,-2.4166417e-07,-2.4166417e-07,0.00035918159,0.00035918159,-1.9656437e-14,-1.9656437e-14,0.41919177,0.41919177,-1.239392e-12,-1.239392e-12,0.23046591,0.23046591,-6.1974008e-13,-6.1974008e-13,1.6692548e-16,1.6692548e-16,0.00051867995,0.00051867995,-2.4967839e-17,-2.4967839e-17,-3.9435148e-15,-3.9435148e-15,-4.8572783e-14,-4.8572783e-14,4.8572783e-14,4.8572783e-14,2.1975953e-18,2.1975953e-18,2.766326e-18,2.766326e-18,-7.1877106e-06,-7.1877106e-06,-3.3709361e-17,-3.3709361e-17,-3.1702173e-17,-3.1702173e-17,2.7967779e-19,2.7967779e-19,1.7165695e-06,1.7165695e-06,4.7754774e-35,4.7754774e-35
1.9868919e-14,1.9868919e-14,-5.419641e-17,-5.419641e-17,1.9814723e-14,1.9814723e-14,1.9735912e-14,1.9735912e-14,-1.330071e-16,-1.330071e-16,-6.966205e-05,-6.966205e-05,-7.7561054e-05,-7.7561054e-05,-6.8425099e-05,-6.8425099e-05,-7.7561054e-05,-7.7561054e-05,-1.1057552e-17,-1.1057552e-17,9.5851698e-17,9.5851698e-17,0.00051707369,0.00051707369,-1.9652602e-14,-1.9652602e-14,6.1197082e-16,6.1197082e-16,3.0629261e-16,3.0629261e-16,-1.3000362e-17,-1.3000362e-17,-0.00043951264,-0.00043951264,-7.7561054e-05,-7.7561054e-05,-0.00043951264,-0.00043951264,-7.7561054e-05,-7.7561054e-05,-1.0491283e-17,-1.0491283e-17,-6.2395274e-17,-6.2395274e-17,-0.00051707369,-0.00051707369,-6.8167056e-17,-6.8167056e-17,-0.00051024537,-0.00051024537,-4.2415774e-16,-4.2415774e-16,0.00043951264,0.00043951264,7.7561054e-05,7.7561054e-05,0.00043951264,0.00043951264,7.7561054e-05,7.7561054e-05,0.00051707369,0.00051707369,-1.9690908e-14,-1.9690908e-14,6.7979476e-17,6.7979476e-17,1.1481701e-16,1.1481701e-16,-7.7561054e-05,-7.7561054e-05,-1.6062523e-06,-1.6062523e-06,-7.8118763e-19,-7.8118763e-19,-1.3653145e-06,-1.3653145e-06,-2.4093785e-07,-2.4093785e-07,0.00035805471,0.00035805471,-1.9657454e-14,-1.9657454e-14,0.41788425,0.41788425,-1.2394616e-12,-1.2394616e-12,0.22975125,0.22975125,-6.1977796e-13,-6.1977796e-13,1.7805651e-16,1.7805651e-16,0.00051707369,0.00051707369,-2.4520278e-17,-2.4520278e-17,-3.9438724e-15,-3.9438724e-15,-4.8808175e-14,-4.8808175e-14,4.8808175e-14,4.8808175e-14,2.1806898e-18,2.1806898e-18,2.757686e-18,2.757686e-18,-6.8283251e-06,-6.8283251e-06,-3.3603074e-17,-3.3603074e-17,-3.1604751e-17,-3.1604751e-17,2.7880211e-19,2.7880211e-19,1.7008086e-06,1.7008086e-06,4.5885273e-35,4.5885273e-35
1.988087e-14,1.988087e-14,-5.3972798e-17,-5.3972798e-17,1.9826897e-14,1.9826897e-14,1.9735756e-14,1.9735756e-14,-1.4511428e-16,-1.4511428e-16,-6.9205856e-05,-6.9205856e-05,-7.7320841e-05,-7.7320841e-05,-6.7980258e-05,-6.7980258e-05,-7.7320841e-05,-7.7320841e-05,-1.1019585e-17,-1.1019585e-17,9.5551712e-17,9.5551712e-17,0.00051547228,0.00051547228,-1.9653636e-14,-1.9653636e-14,6.0994545e-16,6.0994545e-16,3.0544989e-16,3.0544989e-16,-1.2939223e-17,-1.2939223e-17,-0.00043815143,-0.00043815143,-7.7320841e-05,-7.7320841e-05,-0.00043815143,-0.00043815143,-7.7320841e-05,-7.7320841e-05,-1.2203482e-17,-1.2203482e-17,-6.1408615e-17,-6.1408615e-17,-0.00051547228,-0.00051547228,-6.8906742e-17,-6.8906742e-17,-0.00050898537,-0.00050898537,-4.235239e-16,-4.235239e-16,0.00043815143,0.00043815143,7.7320841e-05,7.7320841e-05,0.00043815143,0.00043815143,7.7320841e-05,7.7320841e-05,0.00051547228,0.00051547228,-1.9691828e-14,-1.9691828e-14,6.9605779e-17,6.9605779e-17,1.1443754e-16,1.1443754e-16,-7.7320841e-05,-7.7320841e-05,-1.6014174e-06,-1.6014174e-06,-7.674199e-19,-7.674199e-19,-1.3612048e-06,-1.3612048e-06,-2.4021261e-07,-2.4021261e-07,0.00035693196,0.00035693196,-1.9658464e-14,-1.9658464e-14,0.41658113,0.41658113,-1.2395308e-12,-1.2395308e-12,0.22903879,0.22903879,-6.1981562e-13,-6.1981562e-13,1.8913864e-16,1.8913864e-16,0.00051547228,0.00051547228,-2.4072639e-17,-2.4072639e-17,-3.9442281e-15,-3.9442281e-15,-4.9042891e-14,-4.9042891e-14,4.9042891e-14,4.9042891e-14,2.164065e-18,2.164065e-18,2.7490757e-18,2.7490757e-18,-6.4869088e-06,-6.4869088e-06,-3.349719e-17,-3.349719e-17,-3.1507586e-17,-3.1507586e-17,2.7792955e-19,2.7792955e-19,1.6851969e-06,1.6851969e-06,4.4131354e-35,4.4131354e-35
1.9892818e-14,1.9892818e-14,-5.3818311e-17,-5.3818311e-17,1.9838999e-14,1.9838999e-14,1.9735595e-14,1.9735595e-14,-1.572225e-16,-1.572225e-16,-6.8762777e-05,-6.8762777e-05,-7.7081353e-05,-7.7081353e-05,-6.7548426e-05,-6.7548426e-05,-7.7081353e-05,-7.7081353e-05,-1.0994745e-17,-1.0994745e-17,9.5252788e-17,9.5252788e-17,0.00051387569,0.00051387569,-1.9654663e-14,-1.9654663e-14,6.078067e-16,6.078067e-16,3.04272e-16,3.04272e-16,-1.2879262e-17,-1.2879262e-17,-0.00043679433,-0.00043679433,-7.7081353e-05,-7.7081353e-05,-0.00043679433,-0.00043679433,-7.7081353e-05,-7.7081353e-05,-1.3911761e-17,-1.3911761e-17,-6.0423877e-17,-6.0423877e-17,-0.00051387569,-0.00051387569,-6.9644408e-17,-6.9644408e-17,-0.00050771312,-0.00050771312,-4.2290577e-16,-4.2290577e-16,0.00043679433,0.00043679433,7.7081353e-05,7.7081353e-05,0.00043679433,0.00043679433,7.7081353e-05,7.7081353e-05,0.00051387569,0.00051387569,-1.9692741e-14,-1.9692741e-14,7.1123663e-17,7.1123663e-17,1.1405807e-16,1.1405807e-16,-7.7081353e-05,-7.7081353e-05,-1.59659e-06,-1.59659e-06,-7.5422655e-19,-7.5422655e-19,-1.3571015e-06,-1.3571015e-06,-2.394885e-07,-2.394885e-07,0.00035581328,0.00035581328,-1.9659468e-14,-1.9659468e-14,0.41528239,0.41528239,-1.2395995e-12,-1.2395995e-12,0.22832853,0.22832853,-6.1985305e-13,-6.1985305e-13,2.0016979e-16,2.0016979e-16,0.00051387569,0.00051387569,-2.3622605e-17,-2.3622605e-17,-3.9445819e-15,-3.9445819e-15,-4.9276931e-14,-4.9276931e-14,4.9276931e-14,4.9276931e-14,2.1477148e-18,2.1477148e-18,2.7404948e-18,2.7404948e-18,-6.1625634e-06,-6.1625634e-06,-3.3391706e-17,-3.3391706e-17,-3.1410677e-17,-3.1410677e-17,2.7706008e-19,2.7706008e-19,1.6697329e-06,1.6697329e-06,4.2484668e-35,4.2484668e-35
1.9904763e-14,1.9904763e-14,-5.3680512e-17,-5.3680512e-17,1.9851082e-14,1.9851082e-14,1.9735429e-14,1.9735429e-14,-1.6933334e-16,-1.6933334e-16,-6.833219e-05,-6.833219e-05,-7.6842587e-05,-7.6842587e-05,-6.7128979e-05,-6.7128979e-05,-7.6842587e-05,-7.6842587e-05,-1.0984695e-17,-1.0984695e-17,9.4954914e-17,9.4954914e-17,0.00051228392,0.00051228392,-1.9655684e-14,-1.9655684e-14,6.0566057e-16,6.0566057e-16,3.0319044e-16,3.0319044e-16,-1.2820425e-17,-1.2820425e-17,-0.00043544133,-0.00043544133,-7.6842587e-05,-7.6842587e-05,-0.00043544133,-0.00043544133,-7.6842587e-05,-7.6842587e-05,-1.5616099e-17,-1.5616099e-17,-5.9441094e-17,-5.9441094e-17,-0.00051228392,-0.00051228392,-7.0380071e-17,-7.0380071e-17,-0.00050642948,-0.00050642948,-4.2230263e-16,-4.2230263e-16,0.00043544133,0.00043544133,7.6842587e-05,7.6842587e-05,0.00043544133,0.00043544133,7.6842587e-05,7.6842587e-05,0.00051228392,0.00051228392,-1.9693647e-14,-1.9693647e-14,7.2533125e-17,7.2533125e-17,1.1373281e-16,1.1373281e-16,-7.6842587e-05,-7.6842587e-05,-1.5917705e-06,-1.5917705e-06,-7.4158002e-19,-7.4158002e-19,-1.353005e-06,-1.353005e-06,-2.3876558e-07,-2.3876558e-07,0.00035469863,0.00035469863,-1.9660465e-14,-1.9660465e-14,0.41398799,0.41398799,-1.2396678e-12,-1.2396678e-12,0.22762045,0.22762045,-6.1989026e-13,-6.1989026e-13,2.1120577e-16,2.1120577e-16,0.00051228392,0.00051228392,-2.3169829e-17,-2.3169829e-17,-3.944934e-15,-3.944934e-15,-4.9510297e-14,-4.9510297e-14,4.9510297e-14,4.9510297e-14,2.1316335e-18,2.1316335e-18,2.7319432e-18,2.7319432e-18,-5.8544352e-06,-5.8544352e-06,-3.3286616e-17,-3.3286616e-17,-3.1314027e-17,-3.1314027e-17,2.7619366e-19,2.7619366e-19,1.6544152e-06,1.6544152e-06,4.0937526e-35,4.0937526e-35
1.9916708e-14,1.9916708e-14,-5.3506919e-17,-5.3506919e-17,1.9863201e-14,1.9863201e-14,1.973526e-14,1.973526e-14,-1.8144834e-16,-1.8144834e-16,-6.7913503e-05,-6.7913503e-05,-7.6604543e-05,-7.6604543e-05,-6.6721327e-05,-6.6721327e-05,-7.6604543e-05,-7.6604543e-05,-1.0936848e-17,-1.0936848e-17,9.4658083e-17,9.4658083e-17,0.00051069696,0.00051069696,-1.9656697e-14,-1.9656697e-14,6.0372153e-16,6.0372153e-16,3.0231151e-16,3.0231151e-16,-1.2762663e-17,-1.2762663e-17,-0.00043409241,-0.00043409241,-7.6604543e-05,-7.6604543e-05,-0.00043409241,-0.00043409241,-7.6604543e-05,-7.6604543e-05,-1.7316479e-17,-1.7316479e-17,-5.8460301e-17,-5.8460301e-17,-0.00051069696,-0.00051069696,-7.1113743e-17,-7.1113743e-17,-0.00050513524,-0.00050513524,-4.217138e-16,-4.217138e-16,0.00043409241,0.00043409241,7.6604543e-05,7.6604543e-05,0.00043409241,0.00043409241,7.6604543e-05,7.6604543e-05,0.00051069696,0.00051069696,-1.9694547e-14,-1.9694547e-14,7.4376269e-17,7.4376269e-17,1.1340755e-16,1.1340755e-16,-7.6604543e-05,-7.6604543e-05,-1.5869594e-06,-1.5869594e-06,-7.294541e-19,-7.294541e-19,-1.3489154e-06,-1.3489154e-06,-2.380439e-07,-2.380439e-07,0.00035358798,0.00035358798,-1.9661456e-14,-1.9661456e-14,0.41269791,0.41269791,-1.2397357e-12,-1.2397357e-12,0.22691455,0.22691455,-6.1992726e-13,-6.1992726e-13,2.2213973e-16,2.2213973e-16,0.00051069696,0.00051069696,-2.2727526e-17,-2.2727526e-17,-3.9452843e-15,-3.9452843e-15,-4.9742989e-14,-4.9742989e-14,4.9742989e-14,4.9742989e-14,2.1158154e-18,2.1158154e-18,2.7234205e-18,2.7234205e-18,-5.5617135e-06,-5.5617135e-06,-3.3181918e-17,-3.3181918e-17,-3.1217636e-17,-3.1217636e-17,2.7533027e-19,2.7533027e-19,1.6392424e-06,1.6392424e-06,3.9482849e-35,3.9482849e-35
1.9928434e-14,1.9928434e-14,-5.3295486e-17,-5.3295486e-17,1.9875138e-14,1.9875138e-14,1.9735085e-14,1.9735085e-14,-1.9334843e-16,-1.9334843e-16,-6.7506155e-05,-6.7506155e-05,-7.636722e-05,-7.636722e-05,-6.6324909e-05,-6.6324909e-05,-7.636722e-05,-7.636722e-05,-1.0852788e-17,-1.0852788e-17,9.4362283e-17,9.4362283e-17,0.0005091148,0.0005091148,-1.9657704e-14,-1.9657704e-14,6.017243e-16,6.017243e-16,3.0137014e-16,3.0137014e-16,-1.270593e-17,-1.270593e-17,-0.00043274758,-0.00043274758,-7.636722e-05,-7.636722e-05,-0.00043274758,-0.00043274758,-7.636722e-05,-7.636722e-05,-1.9012883e-17,-1.9012883e-17,-5.748153e-17,-5.748153e-17,-0.0005091148,-0.0005091148,-7.1845437e-17,-7.1845437e-17,-0.00050383117,-0.00050383117,-4.2113864e-16,-4.2113864e-16,0.00043274758,0.00043274758,7.636722e-05,7.636722e-05,0.00043274758,0.00043274758,7.636722e-05,7.636722e-05,0.0005091148,0.0005091148,-1.969544e-14,-1.969544e-14,7.6002572e-17,7.6002572e-17,1.1297387e-16,1.1297387e-16,-7.636722e-05,-7.636722e-05,-1.5821567e-06,-1.5821567e-06,-7.1782387e-19,-7.1782387e-19,-1.3448332e-06,-1.3448332e-06,-2.3732351e-07,-2.3732351e-07,0.00035248128,0.00035248128,-1.966244e-14,-1.966244e-14,0.41141211,0.41141211,-1.2398031e-12,-1.2398031e-12,0.22621082,0.22621082,-6.1996405e-13,-6.1996405e-13,2.330779e-16,2.330779e-16,0.0005091148,0.0005091148,-2.2293404e-17,-2.2293404e-17,-3.9456329e-15,-3.9456329e-15,-4.9975009e-14,-4.9975009e-14,4.9975009e-14,4.9975009e-14,2.1002549e-18,2.1002549e-18,2.7149266e-18,2.7149266e-18,-5.2836278e-06,-5.2836278e-06,-3.3077606e-17,-3.3077606e-17,-3.1121507e-17,-3.1121507e-17,2.7446988e-19,2.7446988e-19,1.6242129e-06,1.6242129e-06,3.811411e-35,3.811411e-35
1.9940322e-14,1.9940322e-14,-5.3156283e-17,-5.3156283e-17,1.9887166e-14,1.9887166e-14,1.9734907e-14,1.9734907e-14,-2.0541454e-16,-2.0541454e-16,-6.710961e-05,-6.710961e-05,-7.6130615e-05,-7.6130615e-05,-6.5939192e-05,-6.5939192e-05,-7.6130615e-05,-7.6130615e-05,-1.0842484e-17,-1.0842484e-17,9.4067507e-17,9.4067507e-17,0.00050753744,0.00050753744,-1.9658704e-14,-1.9658704e-14,5.9977508e-16,5.9977508e-16,3.002559e-16,3.002559e-16,-1.2650182e-17,-1.2650182e-17,-0.00043140682,-0.00043140682,-7.6130615e-05,-7.6130615e-05,-0.00043140682,-0.00043140682,-7.6130615e-05,-7.6130615e-05,-2.0705292e-17,-2.0705292e-17,-5.650481e-17,-5.650481e-17,-0.00050753744,-0.00050753744,-7.2575165e-17,-7.2575165e-17,-0.00050251799,-0.00050251799,-4.2057654e-16,-4.2057654e-16,0.00043140682,0.00043140682,7.6130615e-05,7.6130615e-05,0.00043140682,0.00043140682,7.6130615e-05,7.6130615e-05,0.00050753744,0.00050753744,-1.9696327e-14,-1.9696327e-14,7.7954136e-17,7.7954136e-17,1.125944e-16,1.125944e-16,-7.6130615e-05,-7.6130615e-05,-1.5773629e-06,-1.5773629e-06,-7.0666562e-19,-7.0666562e-19,-1.3407585e-06,-1.3407585e-06,-2.3660444e-07,-2.3660444e-07,0.00035137851,0.00035137851,-1.9663419e-14,-1.9663419e-14,0.41013057,0.41013057,-1.2398702e-12,-1.2398702e-12,0.22550927,0.22550927,-6.2000064e-13,-6.2000064e-13,2.4407597e-16,2.4407597e-16,0.00050753744,0.00050753744,-2.1840033e-17,-2.1840033e-17,-3.9459797e-15,-3.9459797e-15,-5.0206357e-14,-5.0206357e-14,5.0206357e-14,5.0206357e-14,2.0849467e-18,2.0849467e-18,2.7064613e-18,2.7064613e-18,-5.0194464e-06,-5.0194464e-06,-3.2973678e-17,-3.2973678e-17,-3.1025639e-17,-3.1025639e-17,2.7361247e-19,2.7361247e-19,1.6093256e-06,1.6093256e-06,3.6825291e-35,3.6825291e-35
1.9952218e-14,1.9952218e-14,-5.2989976e-17,-5.2989976e-17,1.9899228e-14,1.9899228e-14,1.9734725e-14,1.9734725e-14,-2.1749296e-16,-2.1749296e-16,-6.6723362e-05,-6.6723362e-05,-7.5894729e-05,-7.5894729e-05,-6.5563668e-05,-6.5563668e-05,-7.5894729e-05,-7.5894729e-05,-1.085324e-17,-1.085324e-17,9.3773747e-17,9.3773747e-17,0.00050596486,0.00050596486,-1.9659699e-14,-1.9659699e-14,5.9774719e-16,5.9774719e-16,2.9916759e-16,2.9916759e-16,-1.2595375e-17,-1.2595375e-17,-0.00043007013,-0.00043007013,-7.5894729e-05,-7.5894729e-05,-0.00043007013,-0.00043007013,-7.5894729e-05,-7.5894729e-05,-2.2393691e-17,-2.2393691e-17,-5.553017e-17,-5.553017e-17,-0.00050596486,-0.00050596486,-7.330294e-17,-7.330294e-17,-0.00050119638,-0.00050119638,-4.200269e-16,-4.200269e-16,0.00043007013,0.00043007013,7.5894729e-05,7.5894729e-05,0.00043007013,0.00043007013,7.5894729e-05,7.5894729e-05,0.00050596486,0.00050596486,-1.9697207e-14,-1.9697207e-14,7.9363599e-17,7.9363599e-17,1.1226913e-16,1.1226913e-16,-7.5894729e-05,-7.5894729e-05,-1.5725783e-06,-1.5725783e-06,-6.9595684e-19,-6.9595684e-19,-1.3366915e-06,-1.3366915e-06,-2.3588674e-07,-2.3588674e-07,0.00035027961,0.00035027961,-1.9664391e-14,-1.9664391e-14,0.40885326,0.40885326,-1.2399369e-12,-1.2399369e-12,0.22480988,0.22480988,-6.2003703e-13,-6.2003703e-13,2.5503446e-16,2.5503446e-16,0.00050596486,0.00050596486,-2.1398131e-17,-2.1398131e-17,-3.946325e-15,-3.946325e-15,-5.0437034e-14,-5.0437034e-14,5.0437034e-14,5.0437034e-14,2.0698853e-18,2.0698853e-18,2.6980243e-18,2.6980243e-18,-4.7684741e-06,-4.7684741e-06,-3.2870129e-17,-3.2870129e-17,-3.0930034e-17,-3.0930034e-17,2.7275802e-19,2.7275802e-19,1.5945789e-06,1.5945789e-06,3.5610841e-35,3.5610841e-35
1.9963958e-14,1.9963958e-14,-5.2902827e-17,-5.2902827e-17,1.9911056e-14,1.9911056e-14,1.973454e-14,1.973454e-14,-2.2941874e-16,-2.2941874e-16,-6.6346927e-05,-6.6346927e-05,-7.5659558e-05,-7.5659558e-05,-6.5197857e-05,-6.5197857e-05,-7.5659558e-05,-7.5659558e-05,-1.0778116e-17,-1.0778116e-17,9.3480994e-17,9.3480994e-17,0.00050439705,0.00050439705,-1.9660686e-14,-1.9660686e-14,5.9580922e-16,5.9580922e-16,2.9816555e-16,2.9816555e-16,-1.254147e-17,-1.254147e-17,-0.0004287375,-0.0004287375,-7.5659558e-05,-7.5659558e-05,-0.0004287375,-0.0004287375,-7.5659558e-05,-7.5659558e-05,-2.4078064e-17,-2.4078064e-17,-5.4557638e-17,-5.4557638e-17,-0.00050439705,-0.00050439705,-7.402877e-17,-7.402877e-17,-0.000499867,-0.000499867,-4.1948917e-16,-4.1948917e-16,0.0004287375,0.0004287375,7.5659558e-05,7.5659558e-05,0.0004287375,0.0004287375,7.5659558e-05,7.5659558e-05,0.00050439705,0.00050439705,-1.9698082e-14,-1.9698082e-14,8.1315163e-17,8.1315163e-17,1.1199808e-16,1.1199808e-16,-7.5659558e-05,-7.5659558e-05,-1.567803e-06,-1.567803e-06,-6.856761e-19,-6.856761e-19,-1.3326326e-06,-1.3326326e-06,-2.3517045e-07,-2.3517045e-07,0.00034918456,0.00034918456,-1.9665358e-14,-1.9665358e-14,0.40758016,0.40758016,-1.2400032e-12,-1.2400032e-12,0.22411264,0.22411264,-6.2007322e-13,-6.2007322e-13,2.6595109e-16,2.6595109e-16,0.00050439705,0.00050439705,-2.0951873e-17,-2.0951873e-17,-3.9466686e-15,-3.9466686e-15,-5.0667042e-14,-5.0667042e-14,5.0667042e-14,5.0667042e-14,2.0550656e-18,2.0550656e-18,2.6896155e-18,2.6896155e-18,-4.5300504e-06,-4.5300504e-06,-3.2766955e-17,-3.2766955e-17,-3.0834694e-17,-3.0834694e-17,2.7190649e-19,2.7190649e-19,1.5799715e-06,1.5799715e-06,3.4465634e-35,3.4465634e-35
1.9975591e-14,1.9975591e-14,-5.256365e-17,-5.256365e-17,1.9923027e-14,1.9923027e-14,1.9734351e-14,1.9734351e-14,-2.4123998e-16,-2.4123998e-16,-6.5979847e-05,-6.5979847e-05,-7.5425103e-05,-7.5425103e-05,-6.4841301e-05,-6.4841301e-05,-7.5425103e-05,-7.5425103e-05,-1.0618563e-17,-1.0618563e-17,9.3189239e-17,9.3189239e-17,0.00050283402,0.00050283402,-1.9661668e-14,-1.9661668e-14,5.9386678e-16,5.9386678e-16,2.9737243e-16,2.9737243e-16,-1.2488428e-17,-1.2488428e-17,-0.00042740891,-0.00042740891,-7.5425103e-05,-7.5425103e-05,-0.00042740891,-0.00042740891,-7.5425103e-05,-7.5425103e-05,-2.5758395e-17,-2.5758395e-17,-5.358724e-17,-5.358724e-17,-0.00050283402,-0.00050283402,-7.4752666e-17,-7.4752666e-17,-0.00049853047,-0.00049853047,-4.1896283e-16,-4.1896283e-16,0.00042740891,0.00042740891,7.5425103e-05,7.5425103e-05,0.00042740891,0.00042740891,7.5425103e-05,7.5425103e-05,0.00050283402,0.00050283402,-1.9698951e-14,-1.9698951e-14,8.2507785e-17,8.2507785e-17,1.115644e-16,1.115644e-16,-7.5425103e-05,-7.5425103e-05,-1.5630374e-06,-1.5630374e-06,-6.7580303e-19,-6.7580303e-19,-1.3285818e-06,-1.3285818e-06,-2.344556e-07,-2.344556e-07,0.00034809332,0.00034809332,-1.9666319e-14,-1.9666319e-14,0.40631124,0.40631124,-1.2400692e-12,-1.2400692e-12,0.22341756,0.22341756,-6.2010922e-13,-6.2010922e-13,2.7671135e-16,2.7671135e-16,0.00050283402,0.00050283402,-2.0537687e-17,-2.0537687e-17,-3.9470106e-15,-3.9470106e-15,-5.089638e-14,-5.089638e-14,5.089638e-14,5.089638e-14,2.0404825e-18,2.0404825e-18,2.6812348e-18,2.6812348e-18,-4.3035479e-06,-4.3035479e-06,-3.2664154e-17,-3.2664154e-17,-3.0739618e-17,-3.0739618e-17,2.7105787e-19,2.7105787e-19,1.565502e-06,1.565502e-06,3.3384936e-35,3.3384936e-35
1.9987225e-14,1.9987225e-14,-5.2299217e-17,-5.2299217e-17,1.9934926e-14,1.9934926e-14,1.9734158e-14,1.9734158e-14,-2.5306648e-16,-2.5306648e-16,-6.5621687e-05,-6.5621687e-05,-7.519136e-05,-7.519136e-05,-6.4493564e-05,-6.4493564e-05,-7.519136e-05,-7.519136e-05,-1.0538629e-17,-1.0538629e-17,9.2898476e-17,9.2898476e-17,0.00050127574,0.00050127574,-1.9662644e-14,-1.9662644e-14,5.9202629e-16,5.9202629e-16,2.9646113e-16,2.9646113e-16,-1.2436212e-17,-1.2436212e-17,-0.00042608438,-0.00042608438,-7.519136e-05,-7.519136e-05,-0.00042608438,-0.00042608438,-7.519136e-05,-7.519136e-05,-2.743467e-17,-2.743467e-17,-5.2618999e-17,-5.2618999e-17,-0.00050127574,-0.00050127574,-7.5474637e-17,-7.5474637e-17,-0.00049718737,-0.00049718737,-4.1844738e-16,-4.1844738e-16,0.00042608438,0.00042608438,7.519136e-05,7.519136e-05,0.00042608438,0.00042608438,7.519136e-05,7.519136e-05,0.00050127574,0.00050127574,-1.9699814e-14,-1.9699814e-14,8.4242509e-17,8.4242509e-17,1.1113072e-16,1.1113072e-16,-7.519136e-05,-7.519136e-05,-1.5582816e-06,-1.5582816e-06,-6.6631825e-19,-6.6631825e-19,-1.3245393e-06,-1.3245393e-06,-2.3374224e-07,-2.3374224e-07,0.00034700586,0.00034700586,-1.9667274e-14,-1.9667274e-14,0.40504648,0.40504648,-1.2401347e-12,-1.2401347e-12,0.22272462,0.22272462,-6.2014503e-13,-6.2014503e-13,2.8747927e-16,2.8747927e-16,0.00050127574,0.00050127574,-2.0101066e-17,-2.0101066e-17,-3.9473511e-15,-3.9473511e-15,-5.1125051e-14,-5.1125051e-14,5.1125051e-14,5.1125051e-14,2.0261309e-18,2.0261309e-18,2.6728818e-18,2.6728818e-18,-4.0883705e-06,-4.0883705e-06,-3.2561722e-17,-3.2561722e-17,-3.0644808e-17,-3.0644808e-17,2.7021213e-19,2.7021213e-19,1.5511692e-06,1.5511692e-06,3.2364372e-35,3.2364372e-35
1.9998982e-14,1.9998982e-14,-5.2230638e-17,-5.2230638e-17,1.9946751e-14,1.9946751e-14,1.9733963e-14,1.9733963e-14,-2.6501919e-16,-2.6501919e-16,-6.5272033e-05,-6.5272033e-05,-7.495833e-05,-7.495833e-05,-6.4154235e-05,-6.4154235e-05,-7.495833e-05,-7.495833e-05,-1.0539706e-17,-1.0539706e-17,9.2608698e-17,9.2608698e-17,0.0004997222,0.0004997222,-1.9663615e-14,-1.9663615e-14,5.8999066e-16,5.8999066e-16,2.9535157e-16,2.9535157e-16,-1.2384789e-17,-1.2384789e-17,-0.00042476387,-0.00042476387,-7.495833e-05,-7.495833e-05,-0.00042476387,-0.00042476387,-7.495833e-05,-7.495833e-05,-2.9106876e-17,-2.9106876e-17,-5.1652939e-17,-5.1652939e-17,-0.0004997222,-0.0004997222,-7.6194692e-17,-7.6194692e-17,-0.00049583825,-0.00049583825,-4.1794232e-16,-4.1794232e-16,0.00042476387,0.00042476387,7.495833e-05,7.495833e-05,0.00042476387,0.00042476387,7.495833e-05,7.495833e-05,0.0004997222,0.0004997222,-1.9700671e-14,-1.9700671e-14,8.5760392e-17,8.5760392e-17,1.1080546e-16,1.1080546e-16,-7.495833e-05,-7.495833e-05,-1.5535359e-06,-1.5535359e-06,-6.5720336e-19,-6.5720336e-19,-1.3205055e-06,-1.3205055e-06,-2.3303038e-07,-2.3303038e-07,0.00034592215,0.00034592215,-1.9668224e-14,-1.9668224e-14,0.40378584,0.40378584,-1.2402e-12,-1.2402e-12,0.22203382,0.22203382,-6.2018066e-13,-6.2018066e-13,2.9832161e-16,2.9832161e-16,0.0004997222,0.0004997222,-1.9661163e-17,-1.9661163e-17,-3.94769e-15,-3.94769e-15,-5.1353056e-14,-5.1353056e-14,5.1353056e-14,5.1353056e-14,2.0120061e-18,2.0120061e-18,2.6645564e-18,2.6645564e-18,-3.8839519e-06,-3.8839519e-06,-3.2459655e-17,-3.2459655e-17,-3.0550263e-17,-3.0550263e-17,2.6936926e-19,2.6936926e-19,1.5369716e-06,1.5369716e-06,3.1399898e-35,3.1399898e-35
2.0010593e-14,2.0010593e-14,-5.2088317e-17,-5.2088317e-17,1.9958504e-14,1.9958504e-14,1.9733764e-14,1.9733764e-14,-2.7682835e-16,-2.7682835e-16,-6.493049e-05,-6.493049e-05,-7.472601e-05,-7.472601e-05,-6.382292e-05,-6.382292e-05,-7.472601e-05,-7.472601e-05,-1.0514737e-17,-1.0514737e-17,9.2319896e-17,9.2319896e-17,0.0004981734,0.0004981734,-1.9664579e-14,-1.9664579e-14,5.8808324e-16,5.8808324e-16,2.9447567e-16,2.9447567e-16,-1.2334124e-17,-1.2334124e-17,-0.00042344739,-0.00042344739,-7.472601e-05,-7.472601e-05,-0.00042344739,-0.00042344739,-7.472601e-05,-7.472601e-05,-3.0774999e-17,-3.0774999e-17,-5.068908e-17,-5.068908e-17,-0.0004981734,-0.0004981734,-7.6912837e-17,-7.6912837e-17,-0.00049448365,-0.00049448365,-4.1744722e-16,-4.1744722e-16,0.00042344739,0.00042344739,7.472601e-05,7.472601e-05,0.00042344739,0.00042344739,7.472601e-05,7.472601e-05,0.0004981734,0.0004981734,-1.9701524e-14,-1.9701524e-14,8.7495115e-17,8.7495115e-17,1.1031757e-16,1.1031757e-16,-7.472601e-05,-7.472601e-05,-1.5488004e-06,-1.5488004e-06,-6.4844083e-19,-6.4844083e-19,-1.3164804e-06,-1.3164804e-06,-2.3232007e-07,-2.3232007e-07,0.00034484216,0.00034484216,-1.9669168e-14,-1.9669168e-14,0.40252932,0.40252932,-1.2402648e-12,-1.2402648e-12,0.22134515,0.22134515,-6.202161e-13,-6.202161e-13,3.0913127e-16,3.0913127e-16,0.0004981734,0.0004981734,-1.920414e-17,-1.920414e-17,-3.9480274e-15,-3.9480274e-15,-5.1580395e-14,-5.1580395e-14,5.1580395e-14,5.1580395e-14,1.9981032e-18,1.9981032e-18,2.6562586e-18,2.6562586e-18,-3.6897543e-06,-3.6897543e-06,-3.2357951e-17,-3.2357951e-17,-3.0455986e-17,-3.0455986e-17,2.6852923e-19,2.6852923e-19,1.522908e-06,1.522908e-06,3.0487769e-35,3.0487769e-35
2.002243e-14,2.002243e-14,-5.2083047e-17,-5.2083047e-17,1.9970347e-14,1.9970347e-14,1.9733563e-14,1.9733563e-14,-2.8886727e-16,-2.8886727e-16,-6.4596685e-05,-6.4596685e-05,-7.4494399e-05,-7.4494399e-05,-6.3499247e-05,-6.3499247e-05,-7.4494399e-05,-7.4494399e-05,-1.0627689e-17,-1.0627689e-17,9.2032064e-17,9.2032064e-17,0.00049662932,0.00049662932,-1.9665538e-14,-1.9665538e-14,5.859388e-16,5.859388e-16,2.9330574e-16,2.9330574e-16,-1.2284188e-17,-1.2284188e-17,-0.00042213493,-0.00042213493,-7.4494399e-05,-7.4494399e-05,-0.00042213493,-0.00042213493,-7.4494399e-05,-7.4494399e-05,-3.2439027e-17,-3.2439027e-17,-4.9727445e-17,-4.9727445e-17,-0.00049662932,-0.00049662932,-7.7629082e-17,-7.7629082e-17,-0.00049312406,-0.00049312406,-4.1696164e-16,-4.1696164e-16,0.00042213493,0.00042213493,7.4494399e-05,7.4494399e-05,0.00042213493,0.00042213493,7.4494399e-05,7.4494399e-05,0.00049662932,0.00049662932,-1.9702371e-14,-1.9702371e-14,8.9121419e-17,8.9121419e-17,1.1037178e-16,1.1037178e-16,-7.4494399e-05,-7.4494399e-05,-1.5440755e-06,-1.5440755e-06,-6.4001401e-19,-6.4001401e-19,-1.3124642e-06,-1.3124642e-06,-2.3161132e-07,-2.3161132e-07,0.00034376585,0.00034376585,-1.9670107e-14,-1.9670107e-14,0.40127689,0.40127689,-1.2403294e-12,-1.2403294e-12,0.22065861,0.22065861,-6.2025137e-13,-6.2025137e-13,3.2001052e-16,3.2001052e-16,0.00049662932,0.00049662932,-1.8739343e-17,-1.8739343e-17,-3.9483633e-15,-3.9483633e-15,-5.1807069e-14,-5.1807069e-14,5.1807069e-14,5.1807069e-14,1.9844175e-18,1.9844175e-18,2.647988e-18,2.647988e-18,-3.5052666e-06,-3.5052666e-06,-3.2256606e-17,-3.2256606e-17,-3.0361976e-17,-3.0361976e-17,2.6769202e-19,2.6769202e-19,1.5089771e-06,1.5089771e-06,2.9624523e-35,2.9624523e-35
2.0033694e-14,2.0033694e-14,-5.1631124e-17,-5.1631124e-17,1.9982063e-14,1.9982063e-14,1.9733359e-14,1.9733359e-14,-3.0033525e-16,-3.0033525e-16,-6.4270263e-05,-6.4270263e-05,-7.4263494e-05,-7.4263494e-05,-6.3182861e-05,-6.3182861e-05,-7.4263494e-05,-7.4263494e-05,-1.0337775e-17,-1.0337775e-17,9.1745196e-17,9.1745196e-17,0.00049508996,0.00049508996,-1.9666492e-14,-1.9666492e-14,5.8439879e-16,5.8439879e-16,2.9262913e-16,2.9262913e-16,-1.2234949e-17,-1.2234949e-17,-0.00042082647,-0.00042082647,-7.4263494e-05,-7.4263494e-05,-0.00042082647,-0.00042082647,-7.4263494e-05,-7.4263494e-05,-3.4098947e-17,-3.4098947e-17,-4.8768052e-17,-4.8768052e-17,-0.00049508996,-0.00049508996,-7.8343431e-17,-7.8343431e-17,-0.00049175996,-0.00049175996,-4.1648516e-16,-4.1648516e-16,0.00042082647,0.00042082647,7.4263494e-05,7.4263494e-05,0.00042082647,0.00042082647,7.4263494e-05,7.4263494e-05,0.00049508996,0.00049508996,-1.9703212e-14,-1.9703212e-14,9.0530881e-17,9.0530881e-17,1.0966705e-16,1.0966705e-16,-7.4263494e-05,-7.4263494e-05,-1.5393612e-06,-1.5393612e-06,-6.3190705e-19,-6.3190705e-19,-1.308457e-06,-1.308457e-06,-2.3090418e-07,-2.3090418e-07,0.00034269321,0.00034269321,-1.9671042e-14,-1.9671042e-14,0.40002851,0.40002851,-1.2403936e-12,-1.2403936e-12,0.21997419,0.21997419,-6.2028647e-13,-6.2028647e-13,3.3053815e-16,3.3053815e-16,0.00049508996,0.00049508996,-1.8353703e-17,-1.8353703e-17,-3.9486978e-15,-3.9486978e-15,-5.203308e-14,-5.203308e-14,5.203308e-14,5.203308e-14,1.9709445e-18,1.9709445e-18,2.6397445e-18,2.6397445e-18,-3.3300033e-06,-3.3300033e-06,-3.2155618e-17,-3.2155618e-17,-3.0268233e-17,-3.0268233e-17,2.6685761e-19,2.6685761e-19,1.4951776e-06,1.4951776e-06,2.880695e-35,2.880695e-35
2.0045325e-14,2.0045325e-14,-5.1563926e-17,-5.1563926e-17,1.9993761e-14,1.9993761e-14,1.9733153e-14,1.9733153e-14,-3.1217197e-16,-3.1217197e-16,-6.3950887e-05,-6.3950887e-05,-7.4033296e-05,-7.4033296e-05,-6.2873426e-05,-6.2873426e-05,-7.4033296e-05,-7.4033296e-05,-1.0405224e-17,-1.0405224e-17,9.1459284e-17,9.1459284e-17,0.00049355531,0.00049355531,-1.9667441e-14,-1.9667441e-14,5.8229501e-16,5.8229501e-16,2.9165726e-16,2.9165726e-16,-1.218638e-17,-1.218638e-17,-0.00041952201,-0.00041952201,-7.4033296e-05,-7.4033296e-05,-0.00041952201,-0.00041952201,-7.4033296e-05,-7.4033296e-05,-3.5754748e-17,-3.5754748e-17,-4.781092e-17,-4.781092e-17,-0.00049355531,-0.00049355531,-7.9055893e-17,-7.9055893e-17,-0.0004903918,-0.0004903918,-4.1601739e-16,-4.1601739e-16,0.00041952201,0.00041952201,7.4033296e-05,7.4033296e-05,0.00041952201,0.00041952201,7.4033296e-05,7.4033296e-05,0.00049355531,0.00049355531,-1.9704049e-14,-1.9704049e-14,9.2374025e-17,9.2374025e-17,1.0945021e-16,1.0945021e-16,-7.4033296e-05,-7.4033296e-05,-1.5346577e-06,-1.5346577e-06,-6.2410488e-19,-6.2410488e-19,-1.304459e-06,-1.304459e-06,-2.3019865e-07,-2.3019865e-07,0.0003416242,0.0003416242,-1.9671971e-14,-1.9671971e-14,0.39878419,0.39878419,-1.2404574e-12,-1.2404574e-12,0.21929188,0.21929188,-6.2032139e-13,-6.2032139e-13,3.413286e-16,3.413286e-16,0.00049355531,0.00049355531,-1.7918897e-17,-1.7918897e-17,-3.9490308e-15,-3.9490308e-15,-5.2258429e-14,-5.2258429e-14,5.2258429e-14,5.2258429e-14,1.9576797e-18,1.9576797e-18,2.631528e-18,2.631528e-18,-3.1635031e-06,-3.1635031e-06,-3.2054982e-17,-3.2054982e-17,-3.0174758e-17,-3.0174758e-17,2.6602598e-19,2.6602598e-19,1.4815082e-06,1.4815082e-06,2.8032076e-35,2.8032076e-35
2.0056887e-14,2.0056887e-14,-5.1393001e-17,-5.1393001e-17,2.0005494e-14,2.0005494e-14,1.9732944e-14,1.9732944e-14,-3.2394305e-16,-3.2394305e-16,-6.3638234e-05,-6.3638234e-05,-7.3803801e-05,-7.3803801e-05,-6.2570621e-05,-6.2570621e-05,-7.3803801e-05,-7.3803801e-05,-1.0343412e-17,-1.0343412e-17,9.1174323e-17,9.1174323e-17,0.00049202534,0.00049202534,-1.9668384e-14,-1.9668384e-14,5.8048897e-16,5.8048897e-16,2.9070967e-16,2.9070967e-16,-1.2138453e-17,-1.2138453e-17,-0.00041822154,-0.00041822154,-7.3803801e-05,-7.3803801e-05,-0.00041822154,-0.00041822154,-7.3803801e-05,-7.3803801e-05,-3.7406421e-17,-3.7406421e-17,-4.6856065e-17,-4.6856065e-17,-0.00049202534,-0.00049202534,-7.9766472e-17,-7.9766472e-17,-0.00048902001,-0.00048902001,-4.1555796e-16,-4.1555796e-16,0.00041822154,0.00041822154,7.3803801e-05,7.3803801e-05,0.00041822154,0.00041822154,7.3803801e-05,7.3803801e-05,0.00049202534,0.00049202534,-1.9704881e-14,-1.9704881e-14,9.4000328e-17,9.4000328e-17,1.0901653e-16,1.0901653e-16,-7.3803801e-05,-7.3803801e-05,-1.5299651e-06,-1.5299651e-06,-6.1659318e-19,-6.1659318e-19,-1.3004704e-06,-1.3004704e-06,-2.2949477e-07,-2.2949477e-07,0.00034055879,0.00034055879,-1.9672895e-14,-1.9672895e-14,0.39754388,0.39754388,-1.240521e-12,-1.240521e-12,0.21861169,0.21861169,-6.2035615e-13,-6.2035615e-13,3.5194751e-16,3.5194751e-16,0.00049202534,0.00049202534,-1.7475699e-17,-1.7475699e-17,-3.9493624e-15,-3.9493624e-15,-5.2483117e-14,-5.2483117e-14,5.2483117e-14,5.2483117e-14,1.9446187e-18,1.9446187e-18,2.6233384e-18,2.6233384e-18,-3.005328e-06,-3.005328e-06,-3.1954698e-17,-3.1954698e-17,-3.0081552e-17,-3.0081552e-17,2.6519712e-19,2.6519712e-19,1.4679677e-06,1.4679677e-06,2.7297145e-35,2.7297145e-35
2.0068403e-14,2.0068403e-14,-5.1248684e-17,-5.1248684e-17,2.0017154e-14,2.0017154e-14,1.9732733e-14,1.9732733e-14,-3.3567028e-16,-3.3567028e-16,-6.3332001e-05,-6.3332001e-05,-7.3575008e-05,-7.3575008e-05,-6.2274143e-05,-6.2274143e-05,-7.3575008e-05,-7.3575008e-05,-1.0370422e-17,-1.0370422e-17,9.0890306e-17,9.0890306e-17,0.00049050006,0.00049050006,-1.9669322e-14,-1.9669322e-14,5.7850924e-16,5.7850924e-16,2.8969452e-16,2.8969452e-16,-1.2091143e-17,-1.2091143e-17,-0.00041692505,-0.00041692505,-7.3575008e-05,-7.3575008e-05,-0.00041692505,-0.00041692505,-7.3575008e-05,-7.3575008e-05,-3.9053953e-17,-3.9053953e-17,-4.5903504e-17,-4.5903504e-17,-0.00049050006,-0.00049050006,-8.0475174e-17,-8.0475174e-17,-0.00048764499,-0.00048764499,-4.1510653e-16,-4.1510653e-16,0.00041692505,0.00041692505,7.3575008e-05,7.3575008e-05,0.00041692505,0.00041692505,7.3575008e-05,7.3575008e-05,0.00049050006,0.00049050006,-1.9705708e-14,-1.9705708e-14,9.5735052e-17,9.5735052e-17,1.0874548e-16,1.0874548e-16,-7.3575008e-05,-7.3575008e-05,-1.5252837e-06,-1.5252837e-06,-6.0935831e-19,-6.0935831e-19,-1.2964912e-06,-1.2964912e-06,-2.2879256e-07,-2.2879256e-07,0.00033949697,0.00033949697,-1.9673814e-14,-1.9673814e-14,0.39630757,0.39630757,-1.2405842e-12,-1.2405842e-12,0.21793359,0.21793359,-6.2039074e-13,-6.2039074e-13,3.6268773e-16,3.6268773e-16,0.00049050006,0.00049050006,-1.7033282e-17,-1.7033282e-17,-3.9496926e-15,-3.9496926e-15,-5.2707145e-14,-5.2707145e-14,5.2707145e-14,5.2707145e-14,1.9317572e-18,1.9317572e-18,2.6151754e-18,2.6151754e-18,-2.8550616e-06,-2.8550616e-06,-3.1854761e-17,-3.1854761e-17,-2.9988614e-17,-2.9988614e-17,2.6437101e-19,2.6437101e-19,1.4545548e-06,1.4545548e-06,2.6599598e-35,2.6599598e-35
2.0079835e-14,2.0079835e-14,-5.1093012e-17,-5.1093012e-17,2.0028742e-14,2.0028742e-14,1.9732519e-14,1.9732519e-14,-3.4731559e-16,-3.4731559e-16,-6.3031897e-05,-6.3031897e-05,-7.3346916e-05,-7.3346916e-05,-6.1983701e-05,-6.1983701e-05,-7.3346916e-05,-7.3346916e-05,-1.0324848e-17,-1.0324848e-17,9.0607228e-17,9.0607228e-17,0.00048897944,0.00048897944,-1.9670255e-14,-1.9670255e-14,5.767015e-16,5.767015e-16,2.8879497e-16,2.8879497e-16,-1.2044425e-17,-1.2044425e-17,-0.00041563253,-0.00041563253,-7.3346916e-05,-7.3346916e-05,-0.00041563253,-0.00041563253,-7.3346916e-05,-7.3346916e-05,-4.0697337e-17,-4.0697337e-17,-4.4953253e-17,-4.4953253e-17,-0.00048897944,-0.00048897944,-8.1182004e-17,-8.1182004e-17,-0.00048626713,-0.00048626713,-4.1466274e-16,-4.1466274e-16,0.00041563253,0.00041563253,7.3346916e-05,7.3346916e-05,0.00041563253,0.00041563253,7.3346916e-05,7.3346916e-05,0.00048897944,0.00048897944,-1.970653e-14,-1.970653e-14,9.7252935e-17,9.7252935e-17,1.0836601e-16,1.0836601e-16,-7.3346916e-05,-7.3346916e-05,-1.5206136e-06,-1.5206136e-06,-6.0238732e-19,-6.0238732e-19,-1.2925215e-06,-1.2925215e-06,-2.2809204e-07,-2.2809204e-07,0.0003384387,0.0003384387,-1.9674729e-14,-1.9674729e-14,0.39507525,0.39507525,-1.2406471e-12,-1.2406471e-12,0.21725759,0.21725759,-6.2042517e-13,-6.2042517e-13,3.7329437e-16,3.7329437e-16,0.00048897944,0.00048897944,-1.6585692e-17,-1.6585692e-17,-3.9500215e-15,-3.9500215e-15,-5.2930514e-14,-5.2930514e-14,5.2930514e-14,5.2930514e-14,1.9190911e-18,1.9190911e-18,2.6070389e-18,2.6070389e-18,-2.7123085e-06,-2.7123085e-06,-3.1755169e-17,-3.1755169e-17,-2.9895945e-17,-2.9895945e-17,2.6354762e-19,2.6354762e-19,1.4412683e-06,1.4412683e-06,2.5937062e-35,2.5937062e-35
2.0091281e-14,2.0091281e-14,-5.102448e-17,-5.102448e-17,2.0040256e-14,2.0040256e-14,1.9732304e-14,1.9732304e-14,-3.5897737e-16,-3.5897737e-16,-6.2737646e-05,-6.2737646e-05,-7.3119523e-05,-7.3119523e-05,-6.1699023e-05,-6.1699023e-05,-7.3119523e-05,-7.3119523e-05,-1.0316313e-17,-1.0316313e-17,9.0325082e-17,9.0325082e-17,0.00048746349,0.00048746349,-1.9671184e-14,-1.9671184e-14,5.748172e-16,5.748172e-16,2.8781679e-16,2.8781679e-16,-1.1998277e-17,-1.1998277e-17,-0.00041434396,-0.00041434396,-7.3119523e-05,-7.3119523e-05,-0.00041434396,-0.00041434396,-7.3119523e-05,-7.3119523e-05,-4.2336562e-17,-4.2336562e-17,-4.4005325e-17,-4.4005325e-17,-0.00048746349,-0.00048746349,-8.1886968e-17,-8.1886968e-17,-0.00048488679,-0.00048488679,-4.1422628e-16,-4.1422628e-16,0.00041434396,0.00041434396,7.3119523e-05,7.3119523e-05,0.00041434396,0.00041434396,7.3119523e-05,7.3119523e-05,0.00048746349,0.00048746349,-1.9707348e-14,-1.9707348e-14,9.8825028e-17,9.8825028e-17,1.0809496e-16,1.0809496e-16,-7.3119523e-05,-7.3119523e-05,-1.5159548e-06,-1.5159548e-06,-5.9566786e-19,-5.9566786e-19,-1.2885616e-06,-1.2885616e-06,-2.2739322e-07,-2.2739322e-07,0.00033738396,0.00033738396,-1.9675639e-14,-1.9675639e-14,0.39384689,0.39384689,-1.2407097e-12,-1.2407097e-12,0.21658368,0.21658368,-6.2045944e-13,-6.2045944e-13,3.8392002e-16,3.8392002e-16,0.00048746349,0.00048746349,-1.6153891e-17,-1.6153891e-17,-3.950349e-15,-3.950349e-15,-5.3153226e-14,-5.3153226e-14,5.3153226e-14,5.3153226e-14,1.9066162e-18,1.9066162e-18,2.5989288e-18,2.5989288e-18,-2.5766931e-06,-2.5766931e-06,-3.165592e-17,-3.165592e-17,-2.9803545e-17,-2.9803545e-17,2.6272695e-19,2.6272695e-19,1.4281069e-06,1.4281069e-06,2.530733e-35,2.530733e-35
2.0102642e-14,2.0102642e-14,-5.0780773e-17,-5.0780773e-17,2.0051861e-14,2.0051861e-14,1.9732086e-14,1.9732086e-14,-3.705558e-16,-3.705558e-16,-6.2448988e-05,-6.2448988e-05,-7.2892827e-05,-7.2892827e-05,-6.1419846e-05,-6.1419846e-05,-7.2892827e-05,-7.2892827e-05,-1.0237583e-17,-1.0237583e-17,9.0043863e-17,9.0043863e-17,0.00048595218,0.00048595218,-1.9672107e-14,-1.9672107e-14,5.7300133e-16,5.7300133e-16,2.8690507e-16,2.8690507e-16,-1.1952675e-17,-1.1952675e-17,-0.00041305935,-0.00041305935,-7.2892827e-05,-7.2892827e-05,-0.00041305935,-0.00041305935,-7.2892827e-05,-7.2892827e-05,-4.397162e-17,-4.397162e-17,-4.3059733e-17,-4.3059733e-17,-0.00048595218,-0.00048595218,-8.2590069e-17,-8.2590069e-17,-0.00048350432,-0.00048350432,-4.1379684e-16,-4.1379684e-16,0.00041305935,0.00041305935,7.2892827e-05,7.2892827e-05,0.00041305935,0.00041305935,7.2892827e-05,7.2892827e-05,0.00048595218,0.00048595218,-1.9708161e-14,-1.9708161e-14,1.0034291e-16,1.0034291e-16,1.0771549e-16,1.0771549e-16,-7.2892827e-05,-7.2892827e-05,-1.5113076e-06,-1.5113076e-06,-5.8918822e-19,-5.8918822e-19,-1.2846114e-06,-1.2846114e-06,-2.2669613e-07,-2.2669613e-07,0.00033633273,0.00033633273,-1.9676544e-14,-1.9676544e-14,0.39262247,0.39262247,-1.240772e-12,-1.240772e-12,0.21591185,0.21591185,-6.2049355e-13,-6.2049355e-13,3.9451912e-16,3.9451912e-16,0.00048595218,0.00048595218,-1.5741558e-17,-1.5741558e-17,-3.9506751e-15,-3.9506751e-15,-5.3375281e-14,-5.3375281e-14,5.3375281e-14,5.3375281e-14,1.8943286e-18,1.8943286e-18,2.590845e-18,2.590845e-18,-2.4478584e-06,-2.4478584e-06,-3.1557011e-17,-3.1557011e-17,-2.9711414e-17,-2.9711414e-17,2.6190897e-19,2.6190897e-19,1.4150695e-06,1.4150695e-06,2.4708353e-35,2.4708353e-35
2.011402e-14,2.011402e-14,-5.0572502e-17,-5.0572502e-17,2.0063447e-14,2.0063447e-14,1.9731867e-14,1.9731867e-14,-3.8215298e-16,-3.8215298e-16,-6.2165673e-05,-6.2165673e-05,-7.2666826e-05,-7.2666826e-05,-6.1145924e-05,-6.1145924e-05,-7.2666826e-05,-7.2666826e-05,-1.0198243e-17,-1.0198243e-17,8.9763566e-17,8.9763566e-17,0.00048444551,0.00048444551,-1.9673026e-14,-1.9673026e-14,5.712142e-16,5.712142e-16,2.8602022e-16,2.8602022e-16,-1.1907598e-17,-1.1907598e-17,-0.00041177868,-0.00041177868,-7.2666826e-05,-7.2666826e-05,-0.00041177868,-0.00041177868,-7.2666826e-05,-7.2666826e-05,-4.5602503e-17,-4.5602503e-17,-4.2116492e-17,-4.2116492e-17,-0.00048444551,-0.00048444551,-8.3291312e-17,-8.3291312e-17,-0.00048212004,-0.00048212004,-4.1337413e-16,-4.1337413e-16,0.00041177868,0.00041177868,7.2666826e-05,7.2666826e-05,0.00041177868,0.00041177868,7.2666826e-05,7.2666826e-05,0.00048444551,0.00048444551,-1.9708969e-14,-1.9708969e-14,1.0196921e-16,1.0196921e-16,1.0739023e-16,1.0739023e-16,-7.2666826e-05,-7.2666826e-05,-1.5066719e-06,-1.5066719e-06,-5.8293722e-19,-5.8293722e-19,-1.2806711e-06,-1.2806711e-06,-2.2600079e-07,-2.2600079e-07,0.00033528499,0.00033528499,-1.9677445e-14,-1.9677445e-14,0.39140197,0.39140197,-1.2408341e-12,-1.2408341e-12,0.21524211,0.21524211,-6.205275e-13,-6.205275e-13,4.0503114e-16,4.0503114e-16,0.00048444551,0.00048444551,-1.5317414e-17,-1.5317414e-17,-3.951e-15,-3.951e-15,-5.3596681e-14,-5.3596681e-14,5.3596681e-14,5.3596681e-14,1.8822242e-18,1.8822242e-18,2.5827873e-18,2.5827873e-18,-2.3254655e-06,-2.3254655e-06,-3.145844e-17,-3.145844e-17,-2.9619552e-17,-2.9619552e-17,2.6109368e-19,2.6109368e-19,1.4021549e-06,1.4021549e-06,2.4138225e-35,2.4138225e-35
2.0125315e-14,2.0125315e-14,-5.0408363e-17,-5.0408363e-17,2.0074906e-14,2.0074906e-14,1.9731646e-14,1.9731646e-14,-3.936691e-16,-3.936691e-16,-6.1887464e-05,-6.1887464e-05,-7.2441519e-05,-7.2441519e-05,-6.0877019e-05,-6.0877019e-05,-7.2441519e-05,-7.2441519e-05,-1.0145232e-17,-1.0145232e-17,8.9484185e-17,8.9484185e-17,0.00048294346,0.00048294346,-1.9673941e-14,-1.9673941e-14,5.6938402e-16,5.6938402e-16,2.8519897e-16,2.8519897e-16,-1.1863028e-17,-1.1863028e-17,-0.00041050194,-0.00041050194,-7.2441519e-05,-7.2441519e-05,-0.00041050194,-0.00041050194,-7.2441519e-05,-7.2441519e-05,-4.7229203e-17,-4.7229203e-17,-4.1175612e-17,-4.1175612e-17,-0.00048294346,-0.00048294346,-8.39907e-17,-8.39907e-17,-0.00048073427,-0.00048073427,-4.1295788e-16,-4.1295788e-16,0.00041050194,0.00041050194,7.2441519e-05,7.2441519e-05,0.00041050194,0.00041050194,7.2441519e-05,7.2441519e-05,0.00048294346,0.00048294346,-1.9709774e-14,-1.9709774e-14,1.034871e-16,1.034871e-16,1.0701075e-16,1.0701075e-16,-7.2441519e-05,-7.2441519e-05,-1.502048e-06,-1.502048e-06,-5.7690427e-19,-5.7690427e-19,-1.2767408e-06,-1.2767408e-06,-2.253072e-07,-2.253072e-07,0.00033424071,0.00033424071,-1.9678341e-14,-1.9678341e-14,0.39018538,0.39018538,-1.2408958e-12,-1.2408958e-12,0.21457443,0.21457443,-6.205613e-13,-6.205613e-13,4.155731e-16,4.155731e-16,0.00048294346,0.00048294346,-1.4885146e-17,-1.4885146e-17,-3.9513235e-15,-3.9513235e-15,-5.3817428e-14,-5.3817428e-14,5.3817428e-14,5.3817428e-14,1.8702993e-18,1.8702993e-18,2.5747555e-18,2.5747555e-18,-2.2091922e-06,-2.2091922e-06,-3.1360203e-17,-3.1360203e-17,-2.952796e-17,-2.952796e-17,2.6028105e-19,2.6028105e-19,1.3893618e-06,1.3893618e-06,2.3595175e-35,2.3595175e-35
2.0136633e-14,2.0136633e-14,-5.0285828e-17,-5.0285828e-17,2.0086347e-14,2.0086347e-14,1.9731423e-14,1.9731423e-14,-4.0520993e-16,-4.0520993e-16,-6.1614137e-05,-6.1614137e-05,-7.2216904e-05,-7.2216904e-05,-6.0612909e-05,-6.0612909e-05,-7.2216904e-05,-7.2216904e-05,-1.0133892e-17,-1.0133892e-17,8.9205716e-17,8.9205716e-17,0.00048144602,0.00048144602,-1.967485e-14,-1.967485e-14,5.6751734e-16,5.6751734e-16,2.8417691e-16,2.8417691e-16,-1.1818944e-17,-1.1818944e-17,-0.00040922912,-0.00040922912,-7.2216904e-05,-7.2216904e-05,-0.00040922912,-0.00040922912,-7.2216904e-05,-7.2216904e-05,-4.8851714e-17,-4.8851714e-17,-4.0237105e-17,-4.0237105e-17,-0.00048144602,-0.00048144602,-8.4688237e-17,-8.4688237e-17,-0.00047934729,-0.00047934729,-4.1254782e-16,-4.1254782e-16,0.00040922912,0.00040922912,7.2216904e-05,7.2216904e-05,0.00040922912,0.00040922912,7.2216904e-05,7.2216904e-05,0.00048144602,0.00048144602,-1.9710574e-14,-1.9710574e-14,1.051134e-16,1.051134e-16,1.0663128e-16,1.0663128e-16,-7.2216904e-05,-7.2216904e-05,-1.4974359e-06,-1.4974359e-06,-5.7107926e-19,-5.7107926e-19,-1.2728205e-06,-1.2728205e-06,-2.2461538e-07,-2.2461538e-07,0.00033319987,0.00033319987,-1.9679233e-14,-1.9679233e-14,0.38897267,0.38897267,-1.2409572e-12,-1.2409572e-12,0.21390882,0.21390882,-6.2059496e-13,-6.2059496e-13,4.2608817e-16,4.2608817e-16,0.00048144602,0.00048144602,-1.4442553e-17,-1.4442553e-17,-3.9516458e-15,-3.9516458e-15,-5.4037522e-14,-5.4037522e-14,5.4037522e-14,5.4037522e-14,1.8585502e-18,1.8585502e-18,2.5667496e-18,2.5667496e-18,-2.0987326e-06,-2.0987326e-06,-3.12623e-17,-3.12623e-17,-2.9436636e-17,-2.9436636e-17,2.5947107e-19,2.5947107e-19,1.3766891e-06,1.3766891e-06,2.3077551e-35,2.3077551e-35
2.0147979e-14,2.0147979e-14,-5.0155612e-17,-5.0155612e-17,2.0097823e-14,2.0097823e-14,1.9731199e-14,1.9731199e-14,-4.1678031e-16,-4.1678031e-16,-6.1345478e-05,-6.1345478e-05,-7.1992978e-05,-7.1992978e-05,-6.0353379e-05,-6.0353379e-05,-7.1992978e-05,-7.1992978e-05,-1.016534e-17,-1.016534e-17,8.8928152e-17,8.8928152e-17,0.00047995319,0.00047995319,-1.9675756e-14,-1.9675756e-14,5.6565887e-16,5.6565887e-16,2.8321566e-16,2.8321566e-16,-1.1775329e-17,-1.1775329e-17,-0.00040796021,-0.00040796021,-7.1992978e-05,-7.1992978e-05,-0.00040796021,-0.00040796021,-7.1992978e-05,-7.1992978e-05,-5.0470029e-17,-5.0470029e-17,-3.930098e-17,-3.930098e-17,-0.00047995319,-0.00047995319,-8.5383927e-17,-8.5383927e-17,-0.00047795939,-0.00047795939,-4.121437e-16,-4.121437e-16,0.00040796021,0.00040796021,7.1992978e-05,7.1992978e-05,0.00040796021,0.00040796021,7.1992978e-05,7.1992978e-05,0.00047995319,0.00047995319,-1.971137e-14,-1.971137e-14,1.0679391e-16,1.0679391e-16,1.0641444e-16,1.0641444e-16,-7.1992978e-05,-7.1992978e-05,-1.4928357e-06,-1.4928357e-06,-5.6545257e-19,-5.6545257e-19,-1.2689103e-06,-1.2689103e-06,-2.2392535e-07,-2.2392535e-07,0.00033216246,0.00033216246,-1.9680121e-14,-1.9680121e-14,0.38776384,0.38776384,-1.2410184e-12,-1.2410184e-12,0.21324527,0.21324527,-6.2062846e-13,-6.2062846e-13,4.3663541e-16,4.3663541e-16,0.00047995319,0.00047995319,-1.3991362e-17,-1.3991362e-17,-3.9519668e-15,-3.9519668e-15,-5.4256965e-14,-5.4256965e-14,5.4256965e-14,5.4256965e-14,1.846973e-18,1.846973e-18,2.5587694e-18,2.5587694e-18,-1.993796e-06,-1.993796e-06,-3.1164727e-17,-3.1164727e-17,-2.9345581e-17,-2.9345581e-17,2.5866372e-19,2.5866372e-19,1.3641357e-06,1.3641357e-06,2.2583817e-35,2.2583817e-35
2.0159137e-14,2.0159137e-14,-4.9910468e-17,-4.9910468e-17,2.0109227e-14,2.0109227e-14,1.9730973e-14,1.9730973e-14,-4.2816449e-16,-4.2816449e-16,-6.1081284e-05,-6.1081284e-05,-7.1769741e-05,-7.1769741e-05,-6.0098229e-05,-6.0098229e-05,-7.1769741e-05,-7.1769741e-05,-1.0078047e-17,-1.0078047e-17,8.865149e-17,8.865149e-17,0.00047846494,0.00047846494,-1.9676657e-14,-1.9676657e-14,5.6391561e-16,5.6391561e-16,2.8242231e-16,2.8242231e-16,-1.1732165e-17,-1.1732165e-17,-0.0004066952,-0.0004066952,-7.1769741e-05,-7.1769741e-05,-0.0004066952,-0.0004066952,-7.1769741e-05,-7.1769741e-05,-5.2084141e-17,-5.2084141e-17,-3.8367248e-17,-3.8367248e-17,-0.00047846494,-0.00047846494,-8.6077773e-17,-8.6077773e-17,-0.00047657084,-0.00047657084,-4.1174528e-16,-4.1174528e-16,0.0004066952,0.0004066952,7.1769741e-05,7.1769741e-05,0.0004066952,0.0004066952,7.1769741e-05,7.1769741e-05,0.00047846494,0.00047846494,-1.9712161e-14,-1.9712161e-14,1.083118e-16,1.083118e-16,1.0603497e-16,1.0603497e-16,-7.1769741e-05,-7.1769741e-05,-1.4882475e-06,-1.4882475e-06,-5.6001509e-19,-5.6001509e-19,-1.2650103e-06,-1.2650103e-06,-2.2323712e-07,-2.2323712e-07,0.00033112844,0.00033112844,-1.9681005e-14,-1.9681005e-14,0.38655886,0.38655886,-1.2410792e-12,-1.2410792e-12,0.21258377,0.21258377,-6.2066182e-13,-6.2066182e-13,4.4699907e-16,4.4699907e-16,0.00047846494,0.00047846494,-1.3585553e-17,-1.3585553e-17,-3.9522866e-15,-3.9522866e-15,-5.4475758e-14,-5.4475758e-14,5.4475758e-14,5.4475758e-14,1.8355643e-18,1.8355643e-18,2.5508149e-18,2.5508149e-18,-1.8941062e-06,-1.8941062e-06,-3.1067483e-17,-3.1067483e-17,-2.9254795e-17,-2.9254795e-17,2.57859e-19,2.57859e-19,1.3517003e-06,1.3517003e-06,2.2112542e-35,2.2112542e-35
2.0170315e-14,2.0170315e-14,-4.9811399e-17,-4.9811399e-17,2.0120503e-14,2.0120503e-14,1.9730745e-14,1.9730745e-14,-4.3956917e-16,-4.3956917e-16,-6.0821362e-05,-6.0821362e-05,-7.1547191e-05,-7.1547191e-05,-5.9847266e-05,-5.9847266e-05,-7.1547191e-05,-7.1547191e-05,-1.0035728e-17,-1.0035728e-17,8.8375723e-17,8.8375723e-17,0.00047698127,0.00047698127,-1.9677553e-14,-1.9677553e-14,5.6203922e-16,5.6203922e-16,2.8149439e-16,2.8149439e-16,-1.1689435e-17,-1.1689435e-17,-0.00040543408,-0.00040543408,-7.1547191e-05,-7.1547191e-05,-0.00040543408,-0.00040543408,-7.1547191e-05,-7.1547191e-05,-5.3694045e-17,-5.3694045e-17,-3.7435917e-17,-3.7435917e-17,-0.00047698127,-0.00047698127,-8.6769778e-17,-8.6769778e-17,-0.00047518187,-0.00047518187,-4.1135234e-16,-4.1135234e-16,0.00040543408,0.00040543408,7.1547191e-05,7.1547191e-05,0.00040543408,0.00040543408,7.1547191e-05,7.1547191e-05,0.00047698127,0.00047698127,-1.9712949e-14,-1.9712949e-14,1.0982968e-16,1.0982968e-16,1.0570971e-16,1.0570971e-16,-7.1547191e-05,-7.1547191e-05,-1.4836713e-06,-1.4836713e-06,-5.5475809e-19,-5.5475809e-19,-1.2611206e-06,-1.2611206e-06,-2.225507e-07,-2.225507e-07,0.00033009781,0.00033009781,-1.9681885e-14,-1.9681885e-14,0.38535771,0.38535771,-1.2411399e-12,-1.2411399e-12,0.21192432,0.21192432,-6.2069503e-13,-6.2069503e-13,4.5744008e-16,4.5744008e-16,0.00047698127,0.00047698127,-1.3164796e-17,-1.3164796e-17,-3.9526051e-15,-3.9526051e-15,-5.4693902e-14,-5.4693902e-14,5.4693902e-14,5.4693902e-14,1.8243206e-18,1.8243206e-18,2.5428858e-18,2.5428858e-18,-1.7994009e-06,-1.7994009e-06,-3.0970565e-17,-3.0970565e-17,-2.9164277e-17,-2.9164277e-17,2.5705689e-19,2.5705689e-19,1.3393819e-06,1.3393819e-06,2.1662389e-35,2.1662389e-35
2.0181523e-14,2.0181523e-14,-4.9653913e-17,-4.9653913e-17,2.0131869e-14,2.0131869e-14,1.9730517e-14,1.9730517e-14,-4.5100663e-16,-4.5100663e-16,-6.0565527e-05,-6.0565527e-05,-7.1325324e-05,-7.1325324e-05,-5.9600306e-05,-5.9600306e-05,-7.1325324e-05,-7.1325324e-05,-9.9852473e-18,-9.9852473e-18,8.8100849e-17,8.8100849e-17,0.00047550216,0.00047550216,-1.9678445e-14,-1.9678445e-14,5.6032946e-16,5.6032946e-16,2.806233e-16,2.806233e-16,-1.1647125e-17,-1.1647125e-17,-0.00040417684,-0.00040417684,-7.1325324e-05,-7.1325324e-05,-0.00040417684,-0.00040417684,-7.1325324e-05,-7.1325324e-05,-5.5299735e-17,-5.5299735e-17,-3.6506996e-17,-3.6506996e-17,-0.00047550216,-0.00047550216,-8.7459945e-17,-8.7459945e-17,-0.00047379273,-0.00047379273,-4.1096465e-16,-4.1096465e-16,0.00040417684,0.00040417684,7.1325324e-05,7.1325324e-05,0.00040417684,0.00040417684,7.1325324e-05,7.1325324e-05,0.00047550216,0.00047550216,-1.9713733e-14,-1.9713733e-14,1.1140177e-16,1.1140177e-16,1.0533024e-16,1.0533024e-16,-7.1325324e-05,-7.1325324e-05,-1.4791073e-06,-1.4791073e-06,-5.4967332e-19,-5.4967332e-19,-1.2572412e-06,-1.2572412e-06,-2.218661e-07,-2.218661e-07,0.00032907054,0.00032907054,-1.968276e-14,-1.968276e-14,0.38416038,0.38416038,-1.2412002e-12,-1.2412002e-12,0.21126691,0.21126691,-6.2072811e-13,-6.2072811e-13,4.6780808e-16,4.6780808e-16,0.00047550216,0.00047550216,-1.2748309e-17,-1.2748309e-17,-3.9529224e-15,-3.9529224e-15,-5.4911399e-14,-5.4911399e-14,5.4911399e-14,5.4911399e-14,1.8132383e-18,1.8132383e-18,2.534982e-18,2.534982e-18,-1.7094308e-06,-1.7094308e-06,-3.0873972e-17,-3.0873972e-17,-2.9074029e-17,-2.9074029e-17,2.5625736e-19,2.5625736e-19,1.3271793e-06,1.3271793e-06,2.1232115e-35,2.1232115e-35
2.0192653e-14,2.0192653e-14,-4.9489613e-17,-4.9489613e-17,2.0143163e-14,2.0143163e-14,1.9730287e-14,1.9730287e-14,-4.6236575e-16,-4.6236575e-16,-6.0313607e-05,-6.0313607e-05,-7.1104141e-05,-7.1104141e-05,-5.9357177e-05,-5.9357177e-05,-7.1104141e-05,-7.1104141e-05,-9.9818724e-18,-9.9818724e-18,8.7826862e-17,8.7826862e-17,0.00047402761,0.00047402761,-1.9679334e-14,-1.9679334e-14,5.5852196e-16,5.5852196e-16,2.7970739e-16,2.7970739e-16,-1.1605218e-17,-1.1605218e-17,-0.00040292347,-0.00040292347,-7.1104141e-05,-7.1104141e-05,-0.00040292347,-0.00040292347,-7.1104141e-05,-7.1104141e-05,-5.6901208e-17,-5.6901208e-17,-3.5580493e-17,-3.5580493e-17,-0.00047402761,-0.00047402761,-8.8148275e-17,-8.8148275e-17,-0.00047240365,-0.00047240365,-4.1058202e-16,-4.1058202e-16,0.00040292347,0.00040292347,7.1104141e-05,7.1104141e-05,0.00040292347,0.00040292347,7.1104141e-05,7.1104141e-05,0.00047402761,0.00047402761,-1.9714513e-14,-1.9714513e-14,1.1302808e-16,1.1302808e-16,1.0505919e-16,1.0505919e-16,-7.1104141e-05,-7.1104141e-05,-1.4745555e-06,-1.4745555e-06,-5.447529e-19,-5.447529e-19,-1.2533722e-06,-1.2533722e-06,-2.2118333e-07,-2.2118333e-07,0.00032804661,0.00032804661,-1.9683631e-14,-1.9683631e-14,0.38296685,0.38296685,-1.2412603e-12,-1.2412603e-12,0.21061153,0.21061153,-6.2076104e-13,-6.2076104e-13,4.7820881e-16,4.7820881e-16,0.00047402761,0.00047402761,-1.2320351e-17,-1.2320351e-17,-3.9532385e-15,-3.9532385e-15,-5.5128249e-14,-5.5128249e-14,5.5128249e-14,5.5128249e-14,1.8023142e-18,1.8023142e-18,2.5271035e-18,2.5271035e-18,-1.6239593e-06,-1.6239593e-06,-3.07777e-17,-3.07777e-17,-2.8984048e-17,-2.8984048e-17,2.5546042e-19,2.5546042e-19,1.3150915e-06,1.3150915e-06,2.0820555e-35,2.0820555e-35
2.0203707e-14,2.0203707e-14,-4.9323352e-17,-4.9323352e-17,2.0154384e-14,2.0154384e-14,1.9730056e-14,1.9730056e-14,-4.736513e-16,-4.736513e-16,-6.0065434e-05,-6.0065434e-05,-7.0883639e-05,-7.0883639e-05,-5.9117713e-05,-5.9117713e-05,-7.0883639e-05,-7.0883639e-05,-9.9182295e-18,-9.9182295e-18,8.7553757e-17,8.7553757e-17,0.00047255759,0.00047255759,-1.9680218e-14,-1.9680218e-14,5.5676997e-16,5.5676997e-16,2.7884575e-16,2.7884575e-16,-1.1563701e-17,-1.1563701e-17,-0.00040167395,-0.00040167395,-7.0883639e-05,-7.0883639e-05,-0.00040167395,-0.00040167395,-7.0883639e-05,-7.0883639e-05,-5.8498457e-17,-5.8498457e-17,-3.4656414e-17,-3.4656414e-17,-0.00047255759,-0.00047255759,-8.8834773e-17,-8.8834773e-17,-0.00047101483,-0.00047101483,-4.1020424e-16,-4.1020424e-16,0.00040167395,0.00040167395,7.0883639e-05,7.0883639e-05,0.00040167395,0.00040167395,7.0883639e-05,7.0883639e-05,0.00047255759,0.00047255759,-1.9715289e-14,-1.9715289e-14,1.1460017e-16,1.1460017e-16,1.0462551e-16,1.0462551e-16,-7.0883639e-05,-7.0883639e-05,-1.470016e-06,-1.470016e-06,-5.3998933e-19,-5.3998933e-19,-1.2495136e-06,-1.2495136e-06,-2.2050239e-07,-2.2050239e-07,0.00032702601,0.00032702601,-1.9684499e-14,-1.9684499e-14,0.38177711,0.38177711,-1.2413201e-12,-1.2413201e-12,0.20995819,0.20995819,-6.2079383e-13,-6.2079383e-13,4.8853864e-16,4.8853864e-16,0.00047255759,0.00047255759,-1.1896219e-17,-1.1896219e-17,-3.9535534e-15,-3.9535534e-15,-5.5344456e-14,-5.5344456e-14,5.5344456e-14,5.5344456e-14,1.7915449e-18,1.7915449e-18,2.5192501e-18,2.5192501e-18,-1.5427613e-06,-1.5427613e-06,-3.0681749e-17,-3.0681749e-17,-2.8894335e-17,-2.8894335e-17,2.5466605e-19,2.5466605e-19,1.3031172e-06,1.3031172e-06,2.0426626e-35,2.0426626e-35
2.0214897e-14,2.0214897e-14,-4.9257178e-17,-4.9257178e-17,2.016564e-14,2.016564e-14,1.9729824e-14,1.9729824e-14,-4.850737e-16,-4.850737e-16,-5.9820852e-05,-5.9820852e-05,-7.0663815e-05,-7.0663815e-05,-5.8881757e-05,-5.8881757e-05,-7.0663815e-05,-7.0663815e-05,-9.9579823e-18,-9.9579823e-18,8.728153e-17,8.728153e-17,0.0004710921,0.0004710921,-1.9681098e-14,-1.9681098e-14,5.5492564e-16,5.5492564e-16,2.7789058e-16,2.7789058e-16,-1.1522561e-17,-1.1522561e-17,-0.00040042829,-0.00040042829,-7.0663815e-05,-7.0663815e-05,-0.00040042829,-0.00040042829,-7.0663815e-05,-7.0663815e-05,-6.0091481e-17,-6.0091481e-17,-3.3734767e-17,-3.3734767e-17,-0.0004710921,-0.0004710921,-8.951944e-17,-8.951944e-17,-0.00046962648,-0.00046962648,-4.0983113e-16,-4.0983113e-16,0.00040042829,0.00040042829,7.0663815e-05,7.0663815e-05,0.00040042829,0.00040042829,7.0663815e-05,7.0663815e-05,0.0004710921,0.0004710921,-1.9716061e-14,-1.9716061e-14,1.1622647e-16,1.1622647e-16,1.0440867e-16,1.0440867e-16,-7.0663815e-05,-7.0663815e-05,-1.4654887e-06,-1.4654887e-06,-5.3537548e-19,-5.3537548e-19,-1.2456654e-06,-1.2456654e-06,-2.1982331e-07,-2.1982331e-07,0.00032600872,0.00032600872,-1.9685362e-14,-1.9685362e-14,0.38059114,0.38059114,-1.2413796e-12,-1.2413796e-12,0.20930687,0.20930687,-6.2082649e-13,-6.2082649e-13,4.9889954e-16,4.9889954e-16,0.0004710921,0.0004710921,-1.1458215e-17,-1.1458215e-17,-3.9538672e-15,-3.9538672e-15,-5.5560018e-14,-5.5560018e-14,5.5560018e-14,5.5560018e-14,1.7809272e-18,1.7809272e-18,2.5114217e-18,2.5114217e-18,-1.4656233e-06,-1.4656233e-06,-3.0586116e-17,-3.0586116e-17,-2.8804891e-17,-2.8804891e-17,2.5387423e-19,2.5387423e-19,1.2912554e-06,1.2912554e-06,2.0049314e-35,2.0049314e-35
2.022591e-14,2.022591e-14,-4.9032337e-17,-4.9032337e-17,2.0176878e-14,2.0176878e-14,1.972959e-14,1.972959e-14,-4.963199e-16,-4.963199e-16,-5.9579709e-05,-5.9579709e-05,-7.0444669e-05,-7.0444669e-05,-5.864916e-05,-5.864916e-05,-7.0444669e-05,-7.0444669e-05,-9.8853121e-18,-9.8853121e-18,8.7010178e-17,8.7010178e-17,0.00046963113,0.00046963113,-1.9681974e-14,-1.9681974e-14,5.532346e-16,5.532346e-16,2.7703338e-16,2.7703338e-16,-1.1481784e-17,-1.1481784e-17,-0.00039918646,-0.00039918646,-7.0444669e-05,-7.0444669e-05,-0.00039918646,-0.00039918646,-7.0444669e-05,-7.0444669e-05,-6.1680274e-17,-6.1680274e-17,-3.2815557e-17,-3.2815557e-17,-0.00046963113,-0.00046963113,-9.0202278e-17,-9.0202278e-17,-0.00046823879,-0.00046823879,-4.0946252e-16,-4.0946252e-16,0.00039918646,0.00039918646,7.0444669e-05,7.0444669e-05,0.00039918646,0.00039918646,7.0444669e-05,7.0444669e-05,0.00046963113,0.00046963113,-1.9716829e-14,-1.9716829e-14,1.1769015e-16,1.1769015e-16,1.0397499e-16,1.0397499e-16,-7.0444669e-05,-7.0444669e-05,-1.4609739e-06,-1.4609739e-06,-5.3090458e-19,-5.3090458e-19,-1.2418278e-06,-1.2418278e-06,-2.1914608e-07,-2.1914608e-07,0.00032499471,0.00032499471,-1.9686222e-14,-1.9686222e-14,0.37940892,0.37940892,-1.2414389e-12,-1.2414389e-12,0.20865756,0.20865756,-6.2085901e-13,-6.2085901e-13,5.0919534e-16,5.0919534e-16,0.00046963113,0.00046963113,-1.1052672e-17,-1.1052672e-17,-3.9541798e-15,-3.9541798e-15,-5.5774939e-14,-5.5774939e-14,5.5774939e-14,5.5774939e-14,1.770458e-18,1.770458e-18,2.5036182e-18,2.5036182e-18,-1.3923421e-06,-1.3923421e-06,-3.0490799e-17,-3.0490799e-17,-2.8715713e-17,-2.8715713e-17,2.5308495e-19,2.5308495e-19,1.2795051e-06,1.2795051e-06,1.968767e-35,1.968767e-35
2.0237058e-14,2.0237058e-14,-4.8960225e-17,-4.8960225e-17,2.0188097e-14,2.0188097e-14,1.9729356e-14,1.9729356e-14,-5.0770123e-16,-5.0770123e-16,-5.9341864e-05,-5.9341864e-05,-7.0226199e-05,-7.0226199e-05,-5.8419781e-05,-5.8419781e-05,-7.0226199e-05,-7.0226199e-05,-9.9722796e-18,-9.9722796e-18,8.6739695e-17,8.6739695e-17,0.00046817466,0.00046817466,-1.9682846e-14,-1.9682846e-14,5.5140247e-16,5.5140247e-16,2.7608823e-16,2.7608823e-16,-1.1441358e-17,-1.1441358e-17,-0.00039794846,-0.00039794846,-7.0226199e-05,-7.0226199e-05,-0.00039794846,-0.00039794846,-7.0226199e-05,-7.0226199e-05,-6.3264834e-17,-6.3264834e-17,-3.1898789e-17,-3.1898789e-17,-0.00046817466,-0.00046817466,-9.0883291e-17,-9.0883291e-17,-0.00046685193,-0.00046685193,-4.0909823e-16,-4.0909823e-16,0.00039794846,0.00039794846,7.0226199e-05,7.0226199e-05,0.00039794846,0.00039794846,7.0226199e-05,7.0226199e-05,0.00046817466,0.00046817466,-1.9717594e-14,-1.9717594e-14,1.1942487e-16,1.1942487e-16,1.0375815e-16,1.0375815e-16,-7.0226199e-05,-7.0226199e-05,-1.4564714e-06,-1.4564714e-06,-5.2657015e-19,-5.2657015e-19,-1.2380007e-06,-1.2380007e-06,-2.1847072e-07,-2.1847072e-07,0.00032398398,0.00032398398,-1.9687078e-14,-1.9687078e-14,0.37823045,0.37823045,-1.2414979e-12,-1.2414979e-12,0.20801026,0.20801026,-6.208914e-13,-6.208914e-13,5.1946632e-16,5.1946632e-16,0.00046817466,0.00046817466,-1.0630864e-17,-1.0630864e-17,-3.9544912e-15,-3.9544912e-15,-5.598922e-14,-5.598922e-14,5.598922e-14,5.598922e-14,1.7601342e-18,1.7601342e-18,2.4958396e-18,2.4958396e-18,-1.322725e-06,-1.322725e-06,-3.0395797e-17,-3.0395797e-17,-2.8626803e-17,-2.8626803e-17,2.522982e-19,2.522982e-19,1.2678651e-06,1.2678651e-06,1.9340808e-35,1.9340808e-35
2.0248033e-14,2.0248033e-14,-4.8843744e-17,-4.8843744e-17,2.019919e-14,2.019919e-14,1.9729121e-14,1.9729121e-14,-5.1891212e-16,-5.1891212e-16,-5.9107182e-05,-5.9107182e-05,-7.0008401e-05,-7.0008401e-05,-5.8193484e-05,-5.8193484e-05,-7.0008401e-05,-7.0008401e-05,-9.9488336e-18,-9.9488336e-18,8.6470078e-17,8.6470078e-17,0.00046672268,0.00046672268,-1.9683714e-14,-1.9683714e-14,5.4965884e-16,5.4965884e-16,2.7517638e-16,2.7517638e-16,-1.1401271e-17,-1.1401271e-17,-0.00039671427,-0.00039671427,-7.0008401e-05,-7.0008401e-05,-0.00039671427,-0.00039671427,-7.0008401e-05,-7.0008401e-05,-6.4845158e-17,-6.4845158e-17,-3.098447e-17,-3.098447e-17,-0.00046672268,-0.00046672268,-9.1562479e-17,-9.1562479e-17,-0.00046546609,-0.00046546609,-4.0873809e-16,-4.0873809e-16,0.00039671427,0.00039671427,7.0008401e-05,7.0008401e-05,0.00039671427,0.00039671427,7.0008401e-05,7.0008401e-05,0.00046672268,0.00046672268,-1.9718355e-14,-1.9718355e-14,1.2099696e-16,1.2099696e-16,1.0354131e-16,1.0354131e-16,-7.0008401e-05,-7.0008401e-05,-1.4519815e-06,-1.4519815e-06,-5.2236606e-19,-5.2236606e-19,-1.2341842e-06,-1.2341842e-06,-2.1779722e-07,-2.1779722e-07,0.00032297651,0.00032297651,-1.968793e-14,-1.968793e-14,0.37705569,0.37705569,-1.2415567e-12,-1.2415567e-12,0.20736497,0.20736497,-6.2092366e-13,-6.2092366e-13,5.2967794e-16,5.2967794e-16,0.00046672268,0.00046672268,-1.0202397e-17,-1.0202397e-17,-3.9548014e-15,-3.9548014e-15,-5.6202861e-14,-5.6202861e-14,5.6202861e-14,5.6202861e-14,1.7499528e-18,1.7499528e-18,2.4880856e-18,2.4880856e-18,-1.2565887e-06,-1.2565887e-06,-3.0301108e-17,-3.0301108e-17,-2.853816e-17,-2.853816e-17,2.5151397e-19,2.5151397e-19,1.2563344e-06,1.2563344e-06,1.90079e-35,1.90079e-35
2.0258874e-14,2.0258874e-14,-4.861106e-17,-4.861106e-17,2.0210263e-14,2.0210263e-14,1.9728885e-14,1.9728885e-14,-5.2998909e-16,-5.2998909e-16,-5.8875532e-05,-5.8875532e-05,-6.9791276e-05,-6.9791276e-05,-5.7970141e-05,-5.7970141e-05,-6.9791276e-05,-6.9791276e-05,-9.8159627e-18,-9.8159627e-18,8.6201323e-17,8.6201323e-17,0.00046527517,0.00046527517,-1.9684578e-14,-1.9684578e-14,5.4804268e-16,5.4804268e-16,2.7449945e-16,2.7449945e-16,-1.1361513e-17,-1.1361513e-17,-0.0003954839,-0.0003954839,-6.9791276e-05,-6.9791276e-05,-0.0003954839,-0.0003954839,-6.9791276e-05,-6.9791276e-05,-6.6421243e-17,-6.6421243e-17,-3.0072603e-17,-3.0072603e-17,-0.00046527517,-0.00046527517,-9.2239844e-17,-9.2239844e-17,-0.00046408141,-0.00046408141,-4.0838197e-16,-4.0838197e-16,0.0003954839,0.0003954839,6.9791276e-05,6.9791276e-05,0.0003954839,0.0003954839,6.9791276e-05,6.9791276e-05,0.00046527517,0.00046527517,-1.9719113e-14,-1.9719113e-14,1.2229801e-16,1.2229801e-16,1.0310763e-16,1.0310763e-16,-6.9791276e-05,-6.9791276e-05,-1.447504e-06,-1.447504e-06,-5.1828645e-19,-5.1828645e-19,-1.2303784e-06,-1.2303784e-06,-2.1712559e-07,-2.1712559e-07,0.00032197228,0.00032197228,-1.9688779e-14,-1.9688779e-14,0.37588465,0.37588465,-1.2416153e-12,-1.2416153e-12,0.20672168,0.20672168,-6.2095578e-13,-6.2095578e-13,5.3975833e-16,5.3975833e-16,0.00046527517,0.00046527517,-9.8114565e-18,-9.8114565e-18,-3.9551106e-15,-3.9551106e-15,-5.6415864e-14,-5.6415864e-14,5.6415864e-14,5.6415864e-14,1.7399109e-18,1.7399109e-18,2.4803562e-18,2.4803562e-18,-1.1937593e-06,-1.1937593e-06,-3.0206729e-17,-3.0206729e-17,-2.8449783e-17,-2.8449783e-17,2.5073225e-19,2.5073225e-19,1.2449119e-06,1.2449119e-06,1.8688169e-35,1.8688169e-35
2.0269853e-14,2.0269853e-14,-4.8425847e-17,-4.8425847e-17,2.0221427e-14,2.0221427e-14,1.9728648e-14,1.9728648e-14,-5.4120418e-16,-5.4120418e-16,-5.8646793e-05,-5.8646793e-05,-6.957482e-05,-6.957482e-05,-5.7749632e-05,-5.7749632e-05,-6.957482e-05,-6.957482e-05,-9.7914859e-18,-9.7914859e-18,8.5933425e-17,8.5933425e-17,0.00046383213,0.00046383213,-1.9685439e-14,-1.9685439e-14,5.4628172e-16,5.4628172e-16,2.736226e-16,2.736226e-16,-1.1322072e-17,-1.1322072e-17,-0.00039425731,-0.00039425731,-6.957482e-05,-6.957482e-05,-0.00039425731,-0.00039425731,-6.957482e-05,-6.957482e-05,-6.7993088e-17,-6.7993088e-17,-2.9163192e-17,-2.9163192e-17,-0.00046383213,-0.00046383213,-9.291539e-17,-9.291539e-17,-0.00046269806,-0.00046269806,-4.080297e-16,-4.080297e-16,0.00039425731,0.00039425731,6.957482e-05,6.957482e-05,0.00039425731,0.00039425731,6.957482e-05,6.957482e-05,0.00046383213,0.00046383213,-1.9719867e-14,-1.9719867e-14,1.2392431e-16,1.2392431e-16,1.0267395e-16,1.0267395e-16,-6.957482e-05,-6.957482e-05,-1.443039e-06,-1.443039e-06,-5.1432575e-19,-5.1432575e-19,-1.2265831e-06,-1.2265831e-06,-2.1645585e-07,-2.1645585e-07,0.00032097127,0.00032097127,-1.9689624e-14,-1.9689624e-14,0.37471729,0.37471729,-1.2416736e-12,-1.2416736e-12,0.20608038,0.20608038,-6.2098778e-13,-6.2098778e-13,5.4997952e-16,5.4997952e-16,0.00046383213,0.00046383213,-9.3900719e-18,-9.3900719e-18,-3.9554186e-15,-3.9554186e-15,-5.6628231e-14,-5.6628231e-14,5.6628231e-14,5.6628231e-14,1.7300055e-18,1.7300055e-18,2.4726513e-18,2.4726513e-18,-1.1340713e-06,-1.1340713e-06,-3.011266e-17,-3.011266e-17,-2.8361672e-17,-2.8361672e-17,2.4995302e-19,2.4995302e-19,1.2335966e-06,1.2335966e-06,1.8380888e-35,1.8380888e-35
2.0280822e-14,2.0280822e-14,-4.8412499e-17,-4.8412499e-17,2.0232409e-14,2.0232409e-14,1.9728411e-14,1.9728411e-14,-5.5241068e-16,-5.5241068e-16,-5.8420848e-05,-5.8420848e-05,-6.9359032e-05,-6.9359032e-05,-5.7531839e-05,-5.7531839e-05,-6.9359032e-05,-6.9359032e-05,-9.8763719e-18,-9.8763719e-18,8.5666382e-17,8.5666382e-17,0.00046239355,0.00046239355,-1.9686296e-14,-1.9686296e-14,5.44451e-16,5.44451e-16,2.7256671e-16,2.7256671e-16,-1.1282939e-17,-1.1282939e-17,-0.00039303451,-0.00039303451,-6.9359032e-05,-6.9359032e-05,-0.00039303451,-0.00039303451,-6.9359032e-05,-6.9359032e-05,-6.956069e-17,-6.956069e-17,-2.8256242e-17,-2.8256242e-17,-0.00046239355,-0.00046239355,-9.3589117e-17,-9.3589117e-17,-0.00046131618,-0.00046131618,-4.0768116e-16,-4.0768116e-16,0.00039303451,0.00039303451,6.9359032e-05,6.9359032e-05,0.00039303451,0.00039303451,6.9359032e-05,6.9359032e-05,0.00046239355,0.00046239355,-1.9720618e-14,-1.9720618e-14,1.2571324e-16,1.2571324e-16,1.0261974e-16,1.0261974e-16,-6.9359032e-05,-6.9359032e-05,-1.4385866e-06,-1.4385866e-06,-5.1047867e-19,-5.1047867e-19,-1.2227986e-06,-1.2227986e-06,-2.1578799e-07,-2.1578799e-07,0.00031997347,0.00031997347,-1.9690465e-14,-1.9690465e-14,0.37355362,0.37355362,-1.2417316e-12,-1.2417316e-12,0.20544107,0.20544107,-6.2101965e-13,-6.2101965e-13,5.6030323e-16,5.6030323e-16,0.00046239355,0.00046239355,-8.9594445e-18,-8.9594445e-18,-3.9557255e-15,-3.9557255e-15,-5.6839963e-14,-5.6839963e-14,5.6839963e-14,5.6839963e-14,1.7202339e-18,1.7202339e-18,2.4649707e-18,2.4649707e-18,-1.0773678e-06,-1.0773678e-06,-3.0018899e-17,-3.0018899e-17,-2.8273826e-17,-2.8273826e-17,2.4917627e-19,2.4917627e-19,1.2223875e-06,1.2223875e-06,1.8085376e-35,1.8085376e-35
2.0291511e-14,2.0291511e-14,-4.813836e-17,-4.813836e-17,2.0243373e-14,2.0243373e-14,1.9728173e-14,1.9728173e-14,-5.633385e-16,-5.633385e-16,-5.8197587e-05,-5.8197587e-05,-6.914391e-05,-6.914391e-05,-5.7316653e-05,-5.7316653e-05,-6.914391e-05,-6.914391e-05,-9.6921095e-18,-9.6921095e-18,8.5400188e-17,8.5400188e-17,0.0004609594,0.0004609594,-1.9687149e-14,-1.9687149e-14,5.4287461e-16,5.4287461e-16,2.7192695e-16,2.7192695e-16,-1.1244103e-17,-1.1244103e-17,-0.00039181549,-0.00039181549,-6.914391e-05,-6.914391e-05,-0.00039181549,-0.00039181549,-6.914391e-05,-6.914391e-05,-7.1124049e-17,-7.1124049e-17,-2.7351755e-17,-2.7351755e-17,-0.0004609594,-0.0004609594,-9.4261027e-17,-9.4261027e-17,-0.0004599359,-0.0004599359,-4.073362e-16,-4.073362e-16,0.00039181549,0.00039181549,6.914391e-05,6.914391e-05,0.00039181549,0.00039181549,6.914391e-05,6.914391e-05,0.0004609594,0.0004609594,-1.9721366e-14,-1.9721366e-14,1.2701428e-16,1.2701428e-16,1.0207763e-16,1.0207763e-16,-6.914391e-05,-6.914391e-05,-1.4341467e-06,-1.4341467e-06,-5.0674016e-19,-5.0674016e-19,-1.2190247e-06,-1.2190247e-06,-2.1512201e-07,-2.1512201e-07,0.00031897887,0.00031897887,-1.9691303e-14,-1.9691303e-14,0.37239362,0.37239362,-1.2417895e-12,-1.2417895e-12,0.20480374,0.20480374,-6.210514e-13,-6.210514e-13,5.7024254e-16,5.7024254e-16,0.0004609594,0.0004609594,-8.5871337e-18,-8.5871337e-18,-3.9560313e-15,-3.9560313e-15,-5.7051061e-14,-5.7051061e-14,5.7051061e-14,5.7051061e-14,1.7105933e-18,1.7105933e-18,2.4573145e-18,2.4573145e-18,-1.0234994e-06,-1.0234994e-06,-2.9925443e-17,-2.9925443e-17,-2.8186246e-17,-2.8186246e-17,2.48402e-19,2.48402e-19,1.2112835e-06,1.2112835e-06,1.7800994e-35,1.7800994e-35
2.0302438e-14,2.0302438e-14,-4.8011972e-17,-4.8011972e-17,2.0254426e-14,2.0254426e-14,1.9727934e-14,1.9727934e-14,-5.7450457e-16,-5.7450457e-16,-5.7976903e-05,-5.7976903e-05,-6.8929452e-05,-6.8929452e-05,-5.7103969e-05,-5.7103969e-05,-6.8929452e-05,-6.8929452e-05,-9.7275399e-18,-9.7275399e-18,8.5134841e-17,8.5134841e-17,0.00045952968,0.00045952968,-1.9687999e-14,-1.9687999e-14,5.4111975e-16,5.4111975e-16,2.7094531e-16,2.7094531e-16,-1.1205556e-17,-1.1205556e-17,-0.00039060023,-0.00039060023,-6.8929452e-05,-6.8929452e-05,-0.00039060023,-0.00039060023,-6.8929452e-05,-6.8929452e-05,-7.2683163e-17,-7.2683163e-17,-2.6449735e-17,-2.6449735e-17,-0.00045952968,-0.00045952968,-9.4931123e-17,-9.4931123e-17,-0.00045855736,-0.00045855736,-4.069947e-16,-4.069947e-16,0.00039060023,0.00039060023,6.8929452e-05,6.8929452e-05,0.00039060023,0.00039060023,6.8929452e-05,6.8929452e-05,0.00045952968,0.00045952968,-1.972211e-14,-1.972211e-14,1.2836954e-16,1.2836954e-16,1.0186079e-16,1.0186079e-16,-6.8929452e-05,-6.8929452e-05,-1.4297195e-06,-1.4297195e-06,-5.031054e-19,-5.031054e-19,-1.2152616e-06,-1.2152616e-06,-2.1445793e-07,-2.1445793e-07,0.00031798745,0.00031798745,-1.9692137e-14,-1.9692137e-14,0.37123726,0.37123726,-1.2418471e-12,-1.2418471e-12,0.20416838,0.20416838,-6.2108302e-13,-6.2108302e-13,5.8031437e-16,5.8031437e-16,0.00045952968,0.00045952968,-8.1507745e-18,-8.1507745e-18,-3.956336e-15,-3.956336e-15,-5.7261527e-14,-5.7261527e-14,5.7261527e-14,5.7261527e-14,1.701081e-18,1.701081e-18,2.4496824e-18,2.4496824e-18,-9.7232441e-07,-9.7232441e-07,-2.9832292e-17,-2.9832292e-17,-2.8098931e-17,-2.8098931e-17,2.4763019e-19,2.4763019e-19,1.2002837e-06,1.2002837e-06,1.7527144e-35,1.7527144e-35
2.0313258e-14,2.0313258e-14,-4.7851121e-17,-4.7851121e-17,2.0265407e-14,2.0265407e-14,1.9727694e-14,1.9727694e-14,-5.8556399e-16,-5.8556399e-16,-5.7758697e-05,-5.7758697e-05,-6.8715656e-05,-6.8715656e-05,-5.6893688e-05,-5.6893688e-05,-6.8715656e-05,-6.8715656e-05,-9.658344e-18,-9.658344e-18,8.4870337e-17,8.4870337e-17,0.00045810438,0.00045810438,-1.9688845e-14,-1.9688845e-14,5.3949237e-16,5.3949237e-16,2.7014463e-16,2.7014463e-16,-1.1167289e-17,-1.1167289e-17,-0.00038938872,-0.00038938872,-6.8715656e-05,-6.8715656e-05,-0.00038938872,-0.00038938872,-6.8715656e-05,-6.8715656e-05,-7.4238031e-17,-7.4238031e-17,-2.5550184e-17,-2.5550184e-17,-0.00045810438,-0.00045810438,-9.5599405e-17,-9.5599405e-17,-0.00045718067,-0.00045718067,-4.0665655e-16,-4.0665655e-16,0.00038938872,0.00038938872,6.8715656e-05,6.8715656e-05,0.00038938872,0.00038938872,6.8715656e-05,6.8715656e-05,0.00045810438,0.00045810438,-1.9722851e-14,-1.9722851e-14,1.2994163e-16,1.2994163e-16,1.0153553e-16,1.0153553e-16,-6.8715656e-05,-6.8715656e-05,-1.4253049e-06,-1.4253049e-06,-4.9956983e-19,-4.9956983e-19,-1.2115092e-06,-1.2115092e-06,-2.1379574e-07,-2.1379574e-07,0.00031699919,0.00031699919,-1.9692968e-14,-1.9692968e-14,0.37008454,0.37008454,-1.2419044e-12,-1.2419044e-12,0.20353499,0.20353499,-6.2111452e-13,-6.2111452e-13,5.9033645e-16,5.9033645e-16,0.00045810438,0.00045810438,-7.7491529e-18,-7.7491529e-18,-3.9566397e-15,-3.9566397e-15,-5.7471362e-14,-5.7471362e-14,5.7471362e-14,5.7471362e-14,1.6916944e-18,1.6916944e-18,2.4420744e-18,2.4420744e-18,-9.2370819e-07,-9.2370819e-07,-2.9739443e-17,-2.9739443e-17,-2.8011879e-17,-2.8011879e-17,2.4686083e-19,2.4686083e-19,1.189387e-06,1.189387e-06,1.7263263e-35,1.7263263e-35
2.0324004e-14,2.0324004e-14,-4.7688598e-17,-4.7688598e-17,2.0276315e-14,2.0276315e-14,1.9727454e-14,1.9727454e-14,-5.9654951e-16,-5.9654951e-16,-5.7542874e-05,-5.7542874e-05,-6.8502521e-05,-6.8502521e-05,-5.6685715e-05,-5.6685715e-05,-6.8502521e-05,-6.8502521e-05,-9.5938755e-18,-9.5938755e-18,8.4606672e-17,8.4606672e-17,0.00045668347,0.00045668347,-1.9689687e-14,-1.9689687e-14,5.3776851e-16,5.3776851e-16,2.6935518e-16,2.6935518e-16,-1.1129294e-17,-1.1129294e-17,-0.00038818095,-0.00038818095,-6.8502521e-05,-6.8502521e-05,-0.00038818095,-0.00038818095,-6.8502521e-05,-6.8502521e-05,-7.5788654e-17,-7.5788654e-17,-2.4653103e-17,-2.4653103e-17,-0.00045668347,-0.00045668347,-9.6265876e-17,-9.6265876e-17,-0.00045580595,-0.00045580595,-4.0632162e-16,-4.0632162e-16,0.00038818095,0.00038818095,6.8502521e-05,6.8502521e-05,0.00038818095,0.00038818095,6.8502521e-05,6.8502521e-05,0.00045668347,0.00045668347,-1.9723588e-14,-1.9723588e-14,1.3151372e-16,1.3151372e-16,1.0115606e-16,1.0115606e-16,-6.8502521e-05,-6.8502521e-05,-1.4209029e-06,-1.4209029e-06,-4.9612909e-19,-4.9612909e-19,-1.2077675e-06,-1.2077675e-06,-2.1313544e-07,-2.1313544e-07,0.00031601408,0.00031601408,-1.9693796e-14,-1.9693796e-14,0.36893545,0.36893545,-1.2419616e-12,-1.2419616e-12,0.20290356,0.20290356,-6.2114589e-13,-6.2114589e-13,6.0039576e-16,6.0039576e-16,0.00045668347,0.00045668347,-7.3567382e-18,-7.3567382e-18,-3.9569422e-15,-3.9569422e-15,-5.7680569e-14,-5.7680569e-14,5.7680569e-14,5.7680569e-14,1.6824309e-18,1.6824309e-18,2.4344904e-18,2.4344904e-18,-8.7752278e-07,-8.7752278e-07,-2.9646896e-17,-2.9646896e-17,-2.7925092e-17,-2.7925092e-17,2.4609391e-19,2.4609391e-19,1.1785925e-06,1.1785925e-06,1.7008824e-35,1.7008824e-35
2.0334737e-14,2.0334737e-14,-4.7532859e-17,-4.7532859e-17,2.0287205e-14,2.0287205e-14,1.9727214e-14,1.9727214e-14,-6.0752376e-16,-6.0752376e-16,-5.7329342e-05,-5.7329342e-05,-6.8290044e-05,-6.8290044e-05,-5.6479961e-05,-5.6479961e-05,-6.8290044e-05,-6.8290044e-05,-9.5892694e-18,-9.5892694e-18,8.4343842e-17,8.4343842e-17,0.00045526696,0.00045526696,-1.9690526e-14,-1.9690526e-14,5.360936e-16,5.360936e-16,2.6845138e-16,2.6845138e-16,-1.1091562e-17,-1.1091562e-17,-0.00038697691,-0.00038697691,-6.8290044e-05,-6.8290044e-05,-0.00038697691,-0.00038697691,-6.8290044e-05,-6.8290044e-05,-7.7335031e-17,-7.7335031e-17,-2.3758496e-17,-2.3758496e-17,-0.00045526696,-0.00045526696,-9.6930538e-17,-9.6930538e-17,-0.00045443331,-0.00045443331,-4.059898e-16,-4.059898e-16,0.00038697691,0.00038697691,6.8290044e-05,6.8290044e-05,0.00038697691,0.00038697691,6.8290044e-05,6.8290044e-05,0.00045526696,0.00045526696,-1.9724323e-14,-1.9724323e-14,1.3303161e-16,1.3303161e-16,1.0077659e-16,1.0077659e-16,-6.8290044e-05,-6.8290044e-05,-1.4165136e-06,-1.4165136e-06,-4.9277903e-19,-4.9277903e-19,-1.2040366e-06,-1.2040366e-06,-2.1247704e-07,-2.1247704e-07,0.00031503211,0.00031503211,-1.969462e-14,-1.969462e-14,0.36778996,0.36778996,-1.2420185e-12,-1.2420185e-12,0.20227409,0.20227409,-6.2117714e-13,-6.2117714e-13,6.1044649e-16,6.1044649e-16,0.00045526696,0.00045526696,-6.9366035e-18,-6.9366035e-18,-3.9572437e-15,-3.9572437e-15,-5.7889147e-14,-5.7889147e-14,5.7889147e-14,5.7889147e-14,1.673288e-18,1.673288e-18,2.4269303e-18,2.4269303e-18,-8.3364664e-07,-8.3364664e-07,-2.9554648e-17,-2.9554648e-17,-2.7838568e-17,-2.7838568e-17,2.4532943e-19,2.4532943e-19,1.1678991e-06,1.1678991e-06,1.6763333e-35,1.6763333e-35
2.0345573e-14,2.0345573e-14,-4.744283e-17,-4.744283e-17,2.029813e-14,2.029813e-14,1.9726973e-14,1.9726973e-14,-6.1859983e-16,-6.1859983e-16,-5.7118016e-05,-5.7118016e-05,-6.8078223e-05,-6.8078223e-05,-5.6276339e-05,-5.6276339e-05,-6.8078223e-05,-6.8078223e-05,-9.6454431e-18,-9.6454431e-18,8.4081845e-17,8.4081845e-17,0.00045385482,0.00045385482,-1.9691362e-14,-1.9691362e-14,5.3424162e-16,5.3424162e-16,2.6747831e-16,2.6747831e-16,-1.1054085e-17,-1.1054085e-17,-0.0003857766,-0.0003857766,-6.8078223e-05,-6.8078223e-05,-0.0003857766,-0.0003857766,-6.8078223e-05,-6.8078223e-05,-7.8877162e-17,-7.8877162e-17,-2.2866363e-17,-2.2866363e-17,-0.00045385482,-0.00045385482,-9.7593391e-17,-9.7593391e-17,-0.00045306286,-0.00045306286,-4.05661e-16,-4.05661e-16,0.0003857766,0.0003857766,6.8078223e-05,6.8078223e-05,0.0003857766,0.0003857766,6.8078223e-05,6.8078223e-05,0.00045385482,0.00045385482,-1.9725054e-14,-1.9725054e-14,1.3471212e-16,1.3471212e-16,1.0066817e-16,1.0066817e-16,-6.8078223e-05,-6.8078223e-05,-1.412137e-06,-1.412137e-06,-4.895157e-19,-4.895157e-19,-1.2003164e-06,-1.2003164e-06,-2.1182055e-07,-2.1182055e-07,0.00031405326,0.00031405326,-1.969544e-14,-1.969544e-14,0.36664807,0.36664807,-1.2420751e-12,-1.2420751e-12,0.20164657,0.20164657,-6.2120828e-13,-6.2120828e-13,6.2054754e-16,6.2054754e-16,0.00045385482,0.00045385482,-6.5176224e-18,-6.5176224e-18,-3.9575442e-15,-3.9575442e-15,-5.8097099e-14,-5.8097099e-14,5.8097099e-14,5.8097099e-14,1.6642632e-18,1.6642632e-18,2.419394e-18,2.419394e-18,-7.9196431e-07,-7.9196431e-07,-2.9462698e-17,-2.9462698e-17,-2.7752306e-17,-2.7752306e-17,2.4456736e-19,2.4456736e-19,1.1573059e-06,1.1573059e-06,1.6526322e-35,1.6526322e-35
2.035613e-14,2.035613e-14,-4.7202639e-17,-4.7202639e-17,2.0308928e-14,2.0308928e-14,1.9726731e-14,1.9726731e-14,-6.2939919e-16,-6.2939919e-16,-5.6908813e-05,-5.6908813e-05,-6.7867057e-05,-6.7867057e-05,-5.6074768e-05,-5.6074768e-05,-6.7867057e-05,-6.7867057e-05,-9.4922558e-18,-9.4922558e-18,8.3820676e-17,8.3820676e-17,0.00045244705,0.00045244705,-1.9692194e-14,-1.9692194e-14,5.3269937e-16,5.3269937e-16,2.6681435e-16,2.6681435e-16,-1.1016858e-17,-1.1016858e-17,-0.00038457999,-0.00038457999,-6.7867057e-05,-6.7867057e-05,-0.00038457999,-0.00038457999,-6.7867057e-05,-6.7867057e-05,-8.0415047e-17,-8.0415047e-17,-2.1976705e-17,-2.1976705e-17,-0.00045244705,-0.00045244705,-9.8254437e-17,-9.8254437e-17,-0.00045169468,-0.00045169468,-4.053351e-16,-4.053351e-16,0.00038457999,0.00038457999,6.7867057e-05,6.7867057e-05,0.00038457999,0.00038457999,6.7867057e-05,6.7867057e-05,0.00045244705,0.00045244705,-1.9725782e-14,-1.9725782e-14,1.3595895e-16,1.3595895e-16,1.0012607e-16,1.0012607e-16,-6.7867057e-05,-6.7867057e-05,-1.407773e-06,-1.407773e-06,-4.8633534e-19,-4.8633534e-19,-1.196607e-06,-1.196607e-06,-2.1116595e-07,-2.1116595e-07,0.00031307752,0.00031307752,-1.9696258e-14,-1.9696258e-14,0.36550977,0.36550977,-1.2421316e-12,-1.2421316e-12,0.201021,0.201021,-6.2123929e-13,-6.2123929e-13,6.3032036e-16,6.3032036e-16,0.00045244705,0.00045244705,-6.126707e-18,-6.126707e-18,-3.9578436e-15,-3.9578436e-15,-5.8304426e-14,-5.8304426e-14,5.8304426e-14,5.8304426e-14,1.6553541e-18,1.6553541e-18,2.4118814e-18,2.4118814e-18,-7.523661e-07,-7.523661e-07,-2.9371045e-17,-2.9371045e-17,-2.7666307e-17,-2.7666307e-17,2.438077e-19,2.438077e-19,1.146812e-06,1.146812e-06,1.6297356e-35,1.6297356e-35
2.0366881e-14,2.0366881e-14,-4.722825e-17,-4.722825e-17,2.0319653e-14,2.0319653e-14,1.9726489e-14,1.9726489e-14,-6.4039197e-16,-6.4039197e-16,-5.6701655e-05,-5.6701655e-05,-6.7656544e-05,-6.7656544e-05,-5.5875171e-05,-5.5875171e-05,-6.7656544e-05,-6.7656544e-05,-9.5642909e-18,-9.5642909e-18,8.3560333e-17,8.3560333e-17,0.00045104363,0.00045104363,-1.9693023e-14,-1.9693023e-14,5.3096384e-16,5.3096384e-16,2.6590233e-16,2.6590233e-16,-1.0979872e-17,-1.0979872e-17,-0.00038338708,-0.00038338708,-6.7656544e-05,-6.7656544e-05,-0.00038338708,-0.00038338708,-6.7656544e-05,-6.7656544e-05,-8.1948689e-17,-8.1948689e-17,-2.1089524e-17,-2.1089524e-17,-0.00045104363,-0.00045104363,-9.8913679e-17,-9.8913679e-17,-0.00045032888,-0.00045032888,-4.0501202e-16,-4.0501202e-16,0.00038338708,0.00038338708,6.7656544e-05,6.7656544e-05,0.00038338708,0.00038338708,6.7656544e-05,6.7656544e-05,0.00045104363,0.00045104363,-1.9726507e-14,-1.9726507e-14,1.3763947e-16,1.3763947e-16,1.0001765e-16,1.0001765e-16,-6.7656544e-05,-6.7656544e-05,-1.4034217e-06,-1.4034217e-06,-4.8323437e-19,-4.8323437e-19,-1.1929084e-06,-1.1929084e-06,-2.1051325e-07,-2.1051325e-07,0.00031210488,0.00031210488,-1.9697072e-14,-1.9697072e-14,0.36437503,0.36437503,-1.2421879e-12,-1.2421879e-12,0.20039736,0.20039736,-6.2127019e-13,-6.2127019e-13,6.4039773e-16,6.4039773e-16,0.00045104363,0.00045104363,-5.7131912e-18,-5.7131912e-18,-3.9581419e-15,-3.9581419e-15,-5.8511129e-14,-5.8511129e-14,5.8511129e-14,5.8511129e-14,1.6465584e-18,1.6465584e-18,2.4043925e-18,2.4043925e-18,-7.1474779e-07,-7.1474779e-07,-2.9279688e-17,-2.9279688e-17,-2.7580569e-17,-2.7580569e-17,2.4305045e-19,2.4305045e-19,1.1364163e-06,1.1364163e-06,1.6076022e-35,1.6076022e-35
2.0377423e-14,2.0377423e-14,-4.6899983e-17,-4.6899983e-17,2.0330523e-14,2.0330523e-14,1.9726247e-14,1.9726247e-14,-6.511753e-16,-6.511753e-16,-5.6496469e-05,-5.6496469e-05,-6.7446682e-05,-6.7446682e-05,-5.5677474e-05,-5.5677474e-05,-6.7446682e-05,-6.7446682e-05,-9.428763e-18,-9.428763e-18,8.3300812e-17,8.3300812e-17,0.00044964454,0.00044964454,-1.9693848e-14,-1.9693848e-14,5.2934909e-16,5.2934909e-16,2.6511055e-16,2.6511055e-16,-1.0943122e-17,-1.0943122e-17,-0.00038219786,-0.00038219786,-6.7446682e-05,-6.7446682e-05,-0.00038219786,-0.00038219786,-6.7446682e-05,-6.7446682e-05,-8.3478087e-17,-8.3478087e-17,-2.020482e-17,-2.020482e-17,-0.00044964454,-0.00044964454,-9.9571118e-17,-9.9571118e-17,-0.00044896553,-0.00044896553,-4.0469167e-16,-4.0469167e-16,0.00038219786,0.00038219786,6.7446682e-05,6.7446682e-05,0.00038219786,0.00038219786,6.7446682e-05,6.7446682e-05,0.00044964454,0.00044964454,-1.9727229e-14,-1.9727229e-14,1.3899472e-16,1.3899472e-16,9.969239e-17,9.969239e-17,-6.7446682e-05,-6.7446682e-05,-1.3990831e-06,-1.3990831e-06,-4.8020937e-19,-4.8020937e-19,-1.1892206e-06,-1.1892206e-06,-2.0986246e-07,-2.0986246e-07,0.00031113532,0.00031113532,-1.9697883e-14,-1.9697883e-14,0.36324385,0.36324385,-1.2422439e-12,-1.2422439e-12,0.19977566,0.19977566,-6.2130098e-13,-6.2130098e-13,6.5021414e-16,6.5021414e-16,0.00044964454,0.00044964454,-5.3332493e-18,-5.3332493e-18,-3.9584393e-15,-3.9584393e-15,-5.8717211e-14,-5.8717211e-14,5.8717211e-14,5.8717211e-14,1.6378738e-18,1.6378738e-18,2.3969271e-18,2.3969271e-18,-6.790104e-07,-6.790104e-07,-2.9188624e-17,-2.9188624e-17,-2.7495092e-17,-2.7495092e-17,2.4229558e-19,2.4229558e-19,1.126118e-06,1.126118e-06,1.5861934e-35,1.5861934e-35
2.0387942e-14,2.0387942e-14,-4.667679e-17,-4.667679e-17,2.0341265e-14,2.0341265e-14,1.9726005e-14,1.9726005e-14,-6.6193706e-16,-6.6193706e-16,-5.6293184e-05,-5.6293184e-05,-6.7237468e-05,-6.7237468e-05,-5.5481608e-05,-5.5481608e-05,-6.7237468e-05,-6.7237468e-05,-9.3034012e-18,-9.3034012e-18,8.3042109e-17,8.3042109e-17,0.00044824979,0.00044824979,-1.969467e-14,-1.969467e-14,5.2780996e-16,5.2780996e-16,2.6444807e-16,2.6444807e-16,-1.09066e-17,-1.09066e-17,-0.00038101232,-0.00038101232,-6.7237468e-05,-6.7237468e-05,-0.00038101232,-0.00038101232,-6.7237468e-05,-6.7237468e-05,-8.5003243e-17,-8.5003243e-17,-1.9322593e-17,-1.9322593e-17,-0.00044824979,-0.00044824979,-1.0022675e-16,-1.0022675e-16,-0.00044760473,-0.00044760473,-4.0437396e-16,-4.0437396e-16,0.00038101232,0.00038101232,6.7237468e-05,6.7237468e-05,0.00038101232,0.00038101232,6.7237468e-05,6.7237468e-05,0.00044824979,0.00044824979,-1.9727948e-14,-1.9727948e-14,1.405126e-16,1.405126e-16,9.9258709e-17,9.9258709e-17,-6.7237468e-05,-6.7237468e-05,-1.3947571e-06,-1.3947571e-06,-4.772571e-19,-4.772571e-19,-1.1855436e-06,-1.1855436e-06,-2.0921357e-07,-2.0921357e-07,0.00031016883,0.00031016883,-1.969869e-14,-1.969869e-14,0.36211622,0.36211622,-1.2422997e-12,-1.2422997e-12,0.19915588,0.19915588,-6.2133164e-13,-6.2133164e-13,6.6001169e-16,6.6001169e-16,0.00044824979,0.00044824979,-4.9438804e-18,-4.9438804e-18,-3.9587356e-15,-3.9587356e-15,-5.8922672e-14,-5.8922672e-14,5.8922672e-14,5.8922672e-14,1.629298e-18,1.629298e-18,2.3894851e-18,2.3894851e-18,-6.4505988e-07,-6.4505988e-07,-2.9097853e-17,-2.9097853e-17,-2.7409876e-17,-2.7409876e-17,2.415431e-19,2.415431e-19,1.115916e-06,1.115916e-06,1.5654727e-35,1.5654727e-35
2.0398563e-14,2.0398563e-14,-4.6574554e-17,-4.6574554e-17,2.0351989e-14,2.0351989e-14,1.9725762e-14,1.9725762e-14,-6.7280152e-16,-6.7280152e-16,-5.6091731e-05,-5.6091731e-05,-6.7028901e-05,-6.7028901e-05,-5.5287506e-05,-5.5287506e-05,-6.7028901e-05,-6.7028901e-05,-9.2975078e-18,-9.2975078e-18,8.2784222e-17,8.2784222e-17,0.00044685934,0.00044685934,-1.9695489e-14,-1.9695489e-14,5.2620478e-16,5.2620478e-16,2.6355644e-16,2.6355644e-16,-1.0870301e-17,-1.0870301e-17,-0.00037983044,-0.00037983044,-6.7028901e-05,-6.7028901e-05,-0.00037983044,-0.00037983044,-6.7028901e-05,-6.7028901e-05,-8.6524159e-17,-8.6524159e-17,-1.8442844e-17,-1.8442844e-17,-0.00044685934,-0.00044685934,-1.0088059e-16,-1.0088059e-16,-0.00044624654,-0.00044624654,-4.040588e-16,-4.040588e-16,0.00037983044,0.00037983044,6.7028901e-05,6.7028901e-05,0.00037983044,0.00037983044,6.7028901e-05,6.7028901e-05,0.00044685934,0.00044685934,-1.9728664e-14,-1.9728664e-14,1.4192206e-16,1.4192206e-16,9.8825028e-17,9.8825028e-17,-6.7028901e-05,-6.7028901e-05,-1.3904439e-06,-1.3904439e-06,-4.7437445e-19,-4.7437445e-19,-1.1818773e-06,-1.1818773e-06,-2.0856658e-07,-2.0856658e-07,0.0003092054,0.0003092054,-1.9699495e-14,-1.9699495e-14,0.36099211,0.36099211,-1.2423553e-12,-1.2423553e-12,0.19853803,0.19853803,-6.2136219e-13,-6.2136219e-13,6.6986042e-16,6.6986042e-16,0.00044685934,0.00044685934,-4.5256453e-18,-4.5256453e-18,-3.9590309e-15,-3.9590309e-15,-5.9127514e-14,-5.9127514e-14,5.9127514e-14,5.9127514e-14,1.6208287e-18,1.6208287e-18,2.3820665e-18,2.3820665e-18,-6.1280689e-07,-6.1280689e-07,-2.9007373e-17,-2.9007373e-17,-2.732492e-17,-2.732492e-17,2.4079299e-19,2.4079299e-19,1.1058096e-06,1.1058096e-06,1.5454059e-35,1.5454059e-35
2.0409188e-14,2.0409188e-14,-4.6547471e-17,-4.6547471e-17,2.036264e-14,2.036264e-14,1.9725519e-14,1.9725519e-14,-6.8366864e-16,-6.8366864e-16,-5.5892048e-05,-5.5892048e-05,-6.682098e-05,-6.682098e-05,-5.5095105e-05,-5.5095105e-05,-6.682098e-05,-6.682098e-05,-9.4661685e-18,-9.4661685e-18,8.2527148e-17,8.2527148e-17,0.0004454732,0.0004454732,-1.9696305e-14,-1.9696305e-14,5.2435381e-16,5.2435381e-16,2.6263538e-16,2.6263538e-16,-1.0834219e-17,-1.0834219e-17,-0.00037865222,-0.00037865222,-6.682098e-05,-6.682098e-05,-0.00037865222,-0.00037865222,-6.682098e-05,-6.682098e-05,-8.8040836e-17,-8.8040836e-17,-1.7565571e-17,-1.7565571e-17,-0.0004454732,-0.0004454732,-1.0153263e-16,-1.0153263e-16,-0.00044489103,-0.00044489103,-4.0374612e-16,-4.0374612e-16,0.00037865222,0.00037865222,6.682098e-05,6.682098e-05,0.00037865222,0.00037865222,6.682098e-05,6.682098e-05,0.0004454732,0.0004454732,-1.9729377e-14,-1.9729377e-14,1.4360258e-16,1.4360258e-16,9.8770818e-17,9.8770818e-17,-6.682098e-05,-6.682098e-05,-1.3861433e-06,-1.3861433e-06,-4.7155848e-19,-4.7155848e-19,-1.1782218e-06,-1.1782218e-06,-2.079215e-07,-2.079215e-07,0.00030824501,0.00030824501,-1.9700296e-14,-1.9700296e-14,0.35987153,0.35987153,-1.2424107e-12,-1.2424107e-12,0.19792209,0.19792209,-6.2139263e-13,-6.2139263e-13,6.7982294e-16,6.7982294e-16,0.0004454732,0.0004454732,-4.1093897e-18,-4.1093897e-18,-3.9593251e-15,-3.9593251e-15,-5.9331739e-14,-5.9331739e-14,5.9331739e-14,5.9331739e-14,1.612464e-18,1.612464e-18,2.3746712e-18,2.3746712e-18,-5.8216654e-07,-5.8216654e-07,-2.8917183e-17,-2.8917183e-17,-2.7240223e-17,-2.7240223e-17,2.4004524e-19,2.4004524e-19,1.0957977e-06,1.0957977e-06,1.5259606e-35,1.5259606e-35
2.0419656e-14,2.0419656e-14,-4.6383363e-17,-4.6383363e-17,2.0373273e-14,2.0373273e-14,1.9725276e-14,1.9725276e-14,-6.9438043e-16,-6.9438043e-16,-5.5694074e-05,-5.5694074e-05,-6.6613702e-05,-6.6613702e-05,-5.4904344e-05,-5.4904344e-05,-6.6613702e-05,-6.6613702e-05,-9.3765721e-18,-9.3765721e-18,8.2270883e-17,8.2270883e-17,0.00044409134,0.00044409134,-1.9697117e-14,-1.9697117e-14,5.2279005e-16,5.2279005e-16,2.6183846e-16,2.6183846e-16,-1.0798349e-17,-1.0798349e-17,-0.00037747764,-0.00037747764,-6.6613702e-05,-6.6613702e-05,-0.00037747764,-0.00037747764,-6.6613702e-05,-6.6613702e-05,-8.9553277e-17,-8.9553277e-17,-1.6690775e-17,-1.6690775e-17,-0.00044409134,-0.00044409134,-1.0218287e-16,-1.0218287e-16,-0.00044353829,-0.00044353829,-4.0343584e-16,-4.0343584e-16,0.00037747764,0.00037747764,6.6613702e-05,6.6613702e-05,0.00037747764,0.00037747764,6.6613702e-05,6.6613702e-05,0.00044409134,0.00044409134,-1.9730087e-14,-1.9730087e-14,1.4512046e-16,1.4512046e-16,9.8445557e-17,9.8445557e-17,-6.6613702e-05,-6.6613702e-05,-1.3818554e-06,-1.3818554e-06,-4.6880638e-19,-4.6880638e-19,-1.1745771e-06,-1.1745771e-06,-2.0727831e-07,-2.0727831e-07,0.00030728766,0.00030728766,-1.9701095e-14,-1.9701095e-14,0.35875445,0.35875445,-1.2424658e-12,-1.2424658e-12,0.19730806,0.19730806,-6.2142296e-13,-6.2142296e-13,6.8952441e-16,6.8952441e-16,0.00044409134,0.00044409134,-3.7239968e-18,-3.7239968e-18,-3.9596184e-15,-3.9596184e-15,-5.9535348e-14,-5.9535348e-14,5.9535348e-14,5.9535348e-14,1.6042016e-18,1.6042016e-18,2.367299e-18,2.367299e-18,-5.5305822e-07,-5.5305822e-07,-2.8827282e-17,-2.8827282e-17,-2.7155786e-17,-2.7155786e-17,2.3929985e-19,2.3929985e-19,1.0858794e-06,1.0858794e-06,1.5071065e-35,1.5071065e-35
2.0430049e-14,2.0430049e-14,-4.6215894e-17,-4.6215894e-17,2.0383833e-14,2.0383833e-14,1.9725032e-14,1.9725032e-14,-7.0501632e-16,-7.0501632e-16,-5.549775e-05,-5.549775e-05,-6.6407065e-05,-6.6407065e-05,-5.4715166e-05,-5.4715166e-05,-6.6407065e-05,-6.6407065e-05,-9.2464225e-18,-9.2464225e-18,8.2015424e-17,8.2015424e-17,0.00044271376,0.00044271376,-1.9697926e-14,-1.9697926e-14,5.2119732e-16,5.2119732e-16,2.6106636e-16,2.6106636e-16,-1.0762685e-17,-1.0762685e-17,-0.0003763067,-0.0003763067,-6.6407065e-05,-6.6407065e-05,-0.0003763067,-0.0003763067,-6.6407065e-05,-6.6407065e-05,-9.1061484e-17,-9.1061484e-17,-1.5818455e-17,-1.5818455e-17,-0.00044271376,-0.00044271376,-1.0283132e-16,-1.0283132e-16,-0.00044218836,-0.00044218836,-4.0312789e-16,-4.0312789e-16,0.0003763067,0.0003763067,6.6407065e-05,6.6407065e-05,0.0003763067,0.0003763067,6.6407065e-05,6.6407065e-05,0.00044271376,0.00044271376,-1.9730794e-14,-1.9730794e-14,1.4658413e-16,1.4658413e-16,9.8011876e-17,9.8011876e-17,-6.6407065e-05,-6.6407065e-05,-1.3775802e-06,-1.3775802e-06,-4.6611546e-19,-4.6611546e-19,-1.1709432e-06,-1.1709432e-06,-2.0663703e-07,-2.0663703e-07,0.00030633332,0.00030633332,-1.970189e-14,-1.970189e-14,0.35764087,0.35764087,-1.2425208e-12,-1.2425208e-12,0.19669593,0.19669593,-6.2145318e-13,-6.2145318e-13,6.9931532e-16,6.9931532e-16,0.00044271376,0.00044271376,-3.3264709e-18,-3.3264709e-18,-3.9599107e-15,-3.9599107e-15,-5.9738342e-14,-5.9738342e-14,5.9738342e-14,5.9738342e-14,1.5960395e-18,1.5960395e-18,2.35995e-18,2.35995e-18,-5.254053e-07,-5.254053e-07,-2.8737667e-17,-2.8737667e-17,-2.7071606e-17,-2.7071606e-17,2.385568e-19,2.385568e-19,1.0760539e-06,1.0760539e-06,1.4888149e-35,1.4888149e-35
2.0440544e-14,2.0440544e-14,-4.6060922e-17,-4.6060922e-17,2.0394483e-14,2.0394483e-14,1.9724789e-14,1.9724789e-14,-7.1575478e-16,-7.1575478e-16,-5.5303022e-05,-5.5303022e-05,-6.6201067e-05,-6.6201067e-05,-5.4527517e-05,-5.4527517e-05,-6.6201067e-05,-6.6201067e-05,-9.2392078e-18,-9.2392078e-18,8.1760768e-17,8.1760768e-17,0.00044134045,0.00044134045,-1.9698732e-14,-1.9698732e-14,5.1954243e-16,5.1954243e-16,2.6023171e-16,2.6023171e-16,-1.0727223e-17,-1.0727223e-17,-0.00037513938,-0.00037513938,-6.6201067e-05,-6.6201067e-05,-0.00037513938,-0.00037513938,-6.6201067e-05,-6.6201067e-05,-9.256546e-17,-9.256546e-17,-1.494861e-17,-1.494861e-17,-0.00044134045,-0.00044134045,-1.0347797e-16,-1.0347797e-16,-0.00044084131,-0.00044084131,-4.0282221e-16,-4.0282221e-16,0.00037513938,0.00037513938,6.6201067e-05,6.6201067e-05,0.00037513938,0.00037513938,6.6201067e-05,6.6201067e-05,0.00044134045,0.00044134045,-1.9731499e-14,-1.9731499e-14,1.4810202e-16,1.4810202e-16,9.7740826e-17,9.7740826e-17,-6.6201067e-05,-6.6201067e-05,-1.3733176e-06,-1.3733176e-06,-4.6348318e-19,-4.6348318e-19,-1.16732e-06,-1.16732e-06,-2.0599764e-07,-2.0599764e-07,0.000305382,0.000305382,-1.9702682e-14,-1.9702682e-14,0.35653077,0.35653077,-1.2425756e-12,-1.2425756e-12,0.1960857,0.1960857,-6.2148328e-13,-6.2148328e-13,7.0904886e-16,7.0904886e-16,0.00044134045,0.00044134045,-2.9244829e-18,-2.9244829e-18,-3.960202e-15,-3.960202e-15,-5.9940723e-14,-5.9940723e-14,5.9940723e-14,5.9940723e-14,1.5879756e-18,1.5879756e-18,2.352624e-18,2.352624e-18,-4.9913504e-07,-4.9913504e-07,-2.8648339e-17,-2.8648339e-17,-2.6987684e-17,-2.6987684e-17,2.3781608e-19,2.3781608e-19,1.0663203e-06,1.0663203e-06,1.4710586e-35,1.4710586e-35
2.0450936e-14,2.0450936e-14,-4.5876353e-17,-4.5876353e-17,2.040506e-14,2.040506e-14,1.9724545e-14,1.9724545e-14,-7.2639107e-16,-7.2639107e-16,-5.5109837e-05,-5.5109837e-05,-6.5995707e-05,-6.5995707e-05,-5.4341344e-05,-5.4341344e-05,-6.5995707e-05,-6.5995707e-05,-9.1931499e-18,-9.1931499e-18,8.1506912e-17,8.1506912e-17,0.00043997138,0.00043997138,-1.9699535e-14,-1.9699535e-14,5.1790867e-16,5.1790867e-16,2.5941779e-16,2.5941779e-16,-1.0691957e-17,-1.0691957e-17,-0.00037397567,-0.00037397567,-6.5995707e-05,-6.5995707e-05,-0.00037397567,-0.00037397567,-6.5995707e-05,-6.5995707e-05,-9.4065207e-17,-9.4065207e-17,-1.4081238e-17,-1.4081238e-17,-0.00043997138,-0.00043997138,-1.0412283e-16,-1.0412283e-16,-0.0004394972,-0.0004394972,-4.0251872e-16,-4.0251872e-16,0.00037397567,0.00037397567,6.5995707e-05,6.5995707e-05,0.00037397567,0.00037397567,6.5995707e-05,6.5995707e-05,0.00043997138,0.00043997138,-1.97322e-14,-1.97322e-14,1.4945727e-16,1.4945727e-16,9.7415565e-17,9.7415565e-17,-6.5995707e-05,-6.5995707e-05,-1.3690677e-06,-1.3690677e-06,-4.6090709e-19,-4.6090709e-19,-1.1637076e-06,-1.1637076e-06,-2.0536016e-07,-2.0536016e-07,0.00030443367,0.00030443367,-1.9703471e-14,-1.9703471e-14,0.35542413,0.35542413,-1.2426301e-12,-1.2426301e-12,0.19547737,0.19547737,-6.2151328e-13,-6.2151328e-13,7.1879135e-16,7.1879135e-16,0.00043997138,0.00043997138,-2.5372937e-18,-2.5372937e-18,-3.9604923e-15,-3.9604923e-15,-6.0142493e-14,-6.0142493e-14,6.0142493e-14,6.0142493e-14,1.5800081e-18,1.5800081e-18,2.3453209e-18,2.3453209e-18,-4.7417829e-07,-4.7417829e-07,-2.8559296e-17,-2.8559296e-17,-2.6904018e-17,-2.6904018e-17,2.370777e-19,2.370777e-19,1.0566777e-06,1.0566777e-06,1.4538123e-35,1.4538123e-35
2.0461379e-14,2.0461379e-14,-4.5760302e-17,-4.5760302e-17,2.0415618e-14,2.0415618e-14,1.9724301e-14,1.9724301e-14,-7.370775e-16,-7.370775e-16,-5.4918145e-05,-5.4918145e-05,-6.5790982e-05,-6.5790982e-05,-5.41566e-05,-5.41566e-05,-6.5790982e-05,-6.5790982e-05,-9.1633054e-18,-9.1633054e-18,8.1253853e-17,8.1253853e-17,0.00043860655,0.00043860655,-1.9700335e-14,-1.9700335e-14,5.1631913e-16,5.1631913e-16,2.5864774e-16,2.5864774e-16,-1.0656884e-17,-1.0656884e-17,-0.00037281557,-0.00037281557,-6.5790982e-05,-6.5790982e-05,-0.00037281557,-0.00037281557,-6.5790982e-05,-6.5790982e-05,-9.5560729e-17,-9.5560729e-17,-1.3216339e-17,-1.3216339e-17,-0.00043860655,-0.00043860655,-1.047659e-16,-1.047659e-16,-0.00043815608,-0.00043815608,-4.0221736e-16,-4.0221736e-16,0.00037281557,0.00037281557,6.5790982e-05,6.5790982e-05,0.00037281557,0.00037281557,6.5790982e-05,6.5790982e-05,0.00043860655,0.00043860655,-1.9732899e-14,-1.9732899e-14,1.5092094e-16,1.5092094e-16,9.7090305e-17,9.7090305e-17,-6.5790982e-05,-6.5790982e-05,-1.3648305e-06,-1.3648305e-06,-4.583849e-19,-4.583849e-19,-1.1601059e-06,-1.1601059e-06,-2.0472457e-07,-2.0472457e-07,0.00030348833,0.00030348833,-1.9704257e-14,-1.9704257e-14,0.35432096,0.35432096,-1.2426845e-12,-1.2426845e-12,0.19487091,0.19487091,-6.2154316e-13,-6.2154316e-13,7.2842405e-16,7.2842405e-16,0.00043860655,0.00043860655,-2.1317279e-18,-2.1317279e-18,-3.9607816e-15,-3.9607816e-15,-6.0343653e-14,-6.0343653e-14,6.0343653e-14,6.0343653e-14,1.572135e-18,1.572135e-18,2.3380407e-18,2.3380407e-18,-4.5046937e-07,-4.5046937e-07,-2.8470536e-17,-2.8470536e-17,-2.6820609e-17,-2.6820609e-17,2.3634163e-19,2.3634163e-19,1.0471252e-06,1.0471252e-06,1.4370518e-35,1.4370518e-35
2.0471714e-14,2.0471714e-14,-4.5663193e-17,-4.5663193e-17,2.042605e-14,2.042605e-14,1.9724057e-14,1.9724057e-14,-7.4765606e-16,-7.4765606e-16,-5.4727899e-05,-5.4727899e-05,-6.5586891e-05,-6.5586891e-05,-5.3973235e-05,-5.3973235e-05,-6.5586891e-05,-6.5586891e-05,-9.1505159e-18,-9.1505159e-18,8.1001589e-17,8.1001589e-17,0.00043724594,0.00043724594,-1.9701132e-14,-1.9701132e-14,5.1465636e-16,5.1465636e-16,2.5780412e-16,2.5780412e-16,-1.0621998e-17,-1.0621998e-17,-0.00037165905,-0.00037165905,-6.5586891e-05,-6.5586891e-05,-0.00037165905,-0.00037165905,-6.5586891e-05,-6.5586891e-05,-9.7052029e-17,-9.7052029e-17,-1.2353911e-17,-1.2353911e-17,-0.00043724594,-0.00043724594,-1.0540719e-16,-1.0540719e-16,-0.000436818,-0.000436818,-4.0191808e-16,-4.0191808e-16,0.00037165905,0.00037165905,6.5586891e-05,6.5586891e-05,0.00037165905,0.00037165905,6.5586891e-05,6.5586891e-05,0.00043724594,0.00043724594,-1.9733595e-14,-1.9733595e-14,1.5243883e-16,1.5243883e-16,9.6873464e-17,9.6873464e-17,-6.5586891e-05,-6.5586891e-05,-1.3606058e-06,-1.3606058e-06,-4.5591437e-19,-4.5591437e-19,-1.1565149e-06,-1.1565149e-06,-2.0409087e-07,-2.0409087e-07,0.00030254597,0.00030254597,-1.970504e-14,-1.970504e-14,0.35322123,0.35322123,-1.2427386e-12,-1.2427386e-12,0.19426634,0.19426634,-6.2157294e-13,-6.2157294e-13,7.3811419e-16,7.3811419e-16,0.00043724594,0.00043724594,-1.7366745e-18,-1.7366745e-18,-3.96107e-15,-3.96107e-15,-6.0544204e-14,-6.0544204e-14,6.0544204e-14,6.0544204e-14,1.5643544e-18,1.5643544e-18,2.3307832e-18,2.3307832e-18,-4.279459e-07,-4.279459e-07,-2.8382058e-17,-2.8382058e-17,-2.6737456e-17,-2.6737456e-17,2.3560787e-19,2.3560787e-19,1.037662e-06,1.037662e-06,1.4207544e-35,1.4207544e-35
2.0481941e-14,2.0481941e-14,-4.5477495e-17,-4.5477495e-17,2.0436464e-14,2.0436464e-14,1.9723814e-14,1.9723814e-14,-7.5812761e-16,-7.5812761e-16,-5.4539052e-05,-5.4539052e-05,-6.5383432e-05,-6.5383432e-05,-5.3791207e-05,-5.3791207e-05,-6.5383432e-05,-6.5383432e-05,-9.0471973e-18,-9.0471973e-18,8.0750115e-17,8.0750115e-17,0.00043588955,0.00043588955,-1.9701926e-14,-1.9701926e-14,5.1313621e-16,5.1313621e-16,2.5710279e-16,2.5710279e-16,-1.0587296e-17,-1.0587296e-17,-0.00037050612,-0.00037050612,-6.5383432e-05,-6.5383432e-05,-0.00037050612,-0.00037050612,-6.5383432e-05,-6.5383432e-05,-9.853911e-17,-9.853911e-17,-1.1493951e-17,-1.1493951e-17,-0.00043588955,-0.00043588955,-1.0604668e-16,-1.0604668e-16,-0.000435483,-0.000435483,-4.0162082e-16,-4.0162082e-16,0.00037050612,0.00037050612,6.5383432e-05,6.5383432e-05,0.00037050612,0.00037050612,6.5383432e-05,6.5383432e-05,0.00043588955,0.00043588955,-1.9734289e-14,-1.9734289e-14,1.5384829e-16,1.5384829e-16,9.6548203e-17,9.6548203e-17,-6.5383432e-05,-6.5383432e-05,-1.3563938e-06,-1.3563938e-06,-4.5349342e-19,-4.5349342e-19,-1.1529347e-06,-1.1529347e-06,-2.0345907e-07,-2.0345907e-07,0.00030160656,0.00030160656,-1.9705821e-14,-1.9705821e-14,0.35212493,0.35212493,-1.2427926e-12,-1.2427926e-12,0.19366365,0.19366365,-6.2160262e-13,-6.2160262e-13,7.4770004e-16,7.4770004e-16,0.00043588955,0.00043588955,-1.3519552e-18,-1.3519552e-18,-3.9613574e-15,-3.9613574e-15,-6.0744149e-14,-6.0744149e-14,6.0744149e-14,6.0744149e-14,1.5566644e-18,1.5566644e-18,2.3235485e-18,2.3235485e-18,-4.0654861e-07,-4.0654861e-07,-2.8293861e-17,-2.8293861e-17,-2.6654558e-17,-2.6654558e-17,2.3487642e-19,2.3487642e-19,1.0282871e-06,1.0282871e-06,1.4048987e-35,1.4048987e-35
2.0492218e-14,2.0492218e-14,-4.5196624e-17,-4.5196624e-17,2.0447021e-14,2.0447021e-14,1.972357e-14,1.972357e-14,-7.6864821e-16,-7.6864821e-16,-5.4351563e-05,-5.4351563e-05,-6.5180603e-05,-6.5180603e-05,-5.3610472e-05,-5.3610472e-05,-6.5180603e-05,-6.5180603e-05,-8.962601e-18,-8.962601e-18,8.049943e-17,8.049943e-17,0.00043453735,0.00043453735,-1.9702716e-14,-1.9702716e-14,5.1166534e-16,5.1166534e-16,2.5639622e-16,2.5639622e-16,-1.0552773e-17,-1.0552773e-17,-0.00036935675,-0.00036935675,-6.5180603e-05,-6.5180603e-05,-0.00036935675,-0.00036935675,-6.5180603e-05,-6.5180603e-05,-1.0002198e-16,-1.0002198e-16,-1.0636459e-17,-1.0636459e-17,-0.00043453735,-0.00043453735,-1.066844e-16,-1.066844e-16,-0.00043415113,-0.00043415113,-4.0132552e-16,-4.0132552e-16,0.00036935675,0.00036935675,6.5180603e-05,6.5180603e-05,0.00036935675,0.00036935675,6.5180603e-05,6.5180603e-05,0.00043453735,0.00043453735,-1.9734979e-14,-1.9734979e-14,1.5525775e-16,1.5525775e-16,9.6114523e-17,9.6114523e-17,-6.5180603e-05,-6.5180603e-05,-1.3521944e-06,-1.3521944e-06,-4.5112002e-19,-4.5112002e-19,-1.1493652e-06,-1.1493652e-06,-2.0282916e-07,-2.0282916e-07,0.00030067011,0.00030067011,-1.9706598e-14,-1.9706598e-14,0.35103206,0.35103206,-1.2428463e-12,-1.2428463e-12,0.19306282,0.19306282,-6.2163218e-13,-6.2163218e-13,7.5717498e-16,7.5717498e-16,0.00043453735,0.00043453735,-9.7346594e-19,-9.7346594e-19,-3.9616438e-15,-3.9616438e-15,-6.0943488e-14,-6.0943488e-14,6.0943488e-14,6.0943488e-14,1.5490634e-18,1.5490634e-18,2.3163363e-18,2.3163363e-18,-3.8622118e-07,-3.8622118e-07,-2.8205945e-17,-2.8205945e-17,-2.6571914e-17,-2.6571914e-17,2.3414725e-19,2.3414725e-19,1.0189998e-06,1.0189998e-06,1.3894643e-35,1.3894643e-35
2.0502552e-14,2.0502552e-14,-4.5208403e-17,-4.5208403e-17,2.0457344e-14,2.0457344e-14,1.9723326e-14,1.9723326e-14,-7.7922619e-16,-7.7922619e-16,-5.416539e-05,-5.416539e-05,-6.4978402e-05,-6.4978402e-05,-5.3430991e-05,-5.3430991e-05,-6.4978402e-05,-6.4978402e-05,-9.0059738e-18,-9.0059738e-18,8.0249531e-17,8.0249531e-17,0.00043318935,0.00043318935,-1.9703504e-14,-1.9703504e-14,5.0990144e-16,5.0990144e-16,2.5545054e-16,2.5545054e-16,-1.0518426e-17,-1.0518426e-17,-0.00036821094,-0.00036821094,-6.4978402e-05,-6.4978402e-05,-0.00036821094,-0.00036821094,-6.4978402e-05,-6.4978402e-05,-1.0150063e-16,-1.0150063e-16,-9.7814319e-18,-9.7814319e-18,-0.00043318935,-0.00043318935,-1.0732033e-16,-1.0732033e-16,-0.00043282244,-0.00043282244,-4.0103213e-16,-4.0103213e-16,0.00036821094,0.00036821094,6.4978402e-05,6.4978402e-05,0.00036821094,0.00036821094,6.4978402e-05,6.4978402e-05,0.00043318935,0.00043318935,-1.9735667e-14,-1.9735667e-14,1.5672142e-16,1.5672142e-16,9.5843472e-17,9.5843472e-17,-6.4978402e-05,-6.4978402e-05,-1.3480075e-06,-1.3480075e-06,-4.4879226e-19,-4.4879226e-19,-1.1458064e-06,-1.1458064e-06,-2.0220113e-07,-2.0220113e-07,0.0002997366,0.0002997366,-1.9707372e-14,-1.9707372e-14,0.3499426,0.3499426,-1.2428999e-12,-1.2428999e-12,0.19246386,0.19246386,-6.2166164e-13,-6.2166164e-13,7.6692683e-16,7.6692683e-16,0.00043318935,0.00043318935,-5.6429951e-19,-5.6429951e-19,-3.9619293e-15,-3.9619293e-15,-6.1142224e-14,-6.1142224e-14,6.1142224e-14,6.1142224e-14,1.5415494e-18,1.5415494e-18,2.3091467e-18,2.3091467e-18,-3.6691012e-07,-3.6691012e-07,-2.8118307e-17,-2.8118307e-17,-2.6489524e-17,-2.6489524e-17,2.3342038e-19,2.3342038e-19,1.0097992e-06,1.0097992e-06,1.3744321e-35,1.3744321e-35
2.0512843e-14,2.0512843e-14,-4.5033289e-17,-4.5033289e-17,2.046781e-14,2.046781e-14,1.9723082e-14,1.9723082e-14,-7.8976147e-16,-7.8976147e-16,-5.3980494e-05,-5.3980494e-05,-6.4776827e-05,-6.4776827e-05,-5.3252724e-05,-5.3252724e-05,-6.4776827e-05,-6.4776827e-05,-9.0697169e-18,-9.0697169e-18,8.0000414e-17,8.0000414e-17,0.00043184551,0.00043184551,-1.9704289e-14,-1.9704289e-14,5.0826113e-16,5.0826113e-16,2.5468239e-16,2.5468239e-16,-1.0484252e-17,-1.0484252e-17,-0.00036706869,-0.00036706869,-6.4776827e-05,-6.4776827e-05,-0.00036706869,-0.00036706869,-6.4776827e-05,-6.4776827e-05,-1.0297508e-16,-1.0297508e-16,-8.9288676e-18,-8.9288676e-18,-0.00043184551,-0.00043184551,-1.0795448e-16,-1.0795448e-16,-0.00043149695,-0.00043149695,-4.0074061e-16,-4.0074061e-16,0.00036706869,0.00036706869,6.4776827e-05,6.4776827e-05,0.00036706869,0.00036706869,6.4776827e-05,6.4776827e-05,0.00043184551,0.00043184551,-1.9736353e-14,-1.9736353e-14,1.581851e-16,1.581851e-16,9.5626632e-17,9.5626632e-17,-6.4776827e-05,-6.4776827e-05,-1.3438333e-06,-1.3438333e-06,-4.4650833e-19,-4.4650833e-19,-1.1422583e-06,-1.1422583e-06,-2.0157499e-07,-2.0157499e-07,0.00029880602,0.00029880602,-1.9708144e-14,-1.9708144e-14,0.34885653,0.34885653,-1.2429533e-12,-1.2429533e-12,0.19186675,0.19186675,-6.21691e-13,-6.21691e-13,7.7642183e-16,7.7642183e-16,0.00043184551,0.00043184551,-1.8241737e-19,-1.8241737e-19,-3.9622139e-15,-3.9622139e-15,-6.1340357e-14,-6.1340357e-14,6.1340357e-14,6.1340357e-14,1.5341208e-18,1.5341208e-18,2.3019796e-18,2.3019796e-18,-3.4856461e-07,-3.4856461e-07,-2.8030947e-17,-2.8030947e-17,-2.6407387e-17,-2.6407387e-17,2.3269577e-19,2.3269577e-19,1.0006846e-06,1.0006846e-06,1.3597841e-35,1.3597841e-35
2.0523085e-14,2.0523085e-14,-4.4989941e-17,-4.4989941e-17,2.0478096e-14,2.0478096e-14,1.9722838e-14,1.9722838e-14,-8.0024745e-16,-8.0024745e-16,-5.3796838e-05,-5.3796838e-05,-6.4575876e-05,-6.4575876e-05,-5.3075634e-05,-5.3075634e-05,-6.4575876e-05,-6.4575876e-05,-9.0462271e-18,-9.0462271e-18,7.9752077e-17,7.9752077e-17,0.00043050584,0.00043050584,-1.9705071e-14,-1.9705071e-14,5.0670532e-16,5.0670532e-16,2.5378163e-16,2.5378163e-16,-1.0450246e-17,-1.0450246e-17,-0.00036592997,-0.00036592997,-6.4575876e-05,-6.4575876e-05,-0.00036592997,-0.00036592997,-6.4575876e-05,-6.4575876e-05,-1.0444533e-16,-1.0444533e-16,-8.0787635e-18,-8.0787635e-18,-0.00043050584,-0.00043050584,-1.0858684e-16,-1.0858684e-16,-0.00043017471,-0.00043017471,-4.004509e-16,-4.004509e-16,0.00036592997,0.00036592997,6.4575876e-05,6.4575876e-05,0.00036592997,0.00036592997,6.4575876e-05,6.4575876e-05,0.00043050584,0.00043050584,-1.9737035e-14,-1.9737035e-14,1.5964877e-16,1.5964877e-16,9.5355581e-17,9.5355581e-17,-6.4575876e-05,-6.4575876e-05,-1.3396716e-06,-1.3396716e-06,-4.4426647e-19,-4.4426647e-19,-1.1387208e-06,-1.1387208e-06,-2.0095074e-07,-2.0095074e-07,0.00029787836,0.00029787836,-1.9708913e-14,-1.9708913e-14,0.34777386,0.34777386,-1.2430064e-12,-1.2430064e-12,0.19127149,0.19127149,-6.2172025e-13,-6.2172025e-13,7.8603283e-16,7.8603283e-16,0.00043050584,0.00043050584,2.1693922e-19,2.1693922e-19,-3.9624974e-15,-3.9624974e-15,-6.1537889e-14,-6.1537889e-14,6.1537889e-14,6.1537889e-14,1.5267759e-18,1.5267759e-18,2.2948348e-18,2.2948348e-18,-3.3113638e-07,-3.3113638e-07,-2.7943864e-17,-2.7943864e-17,-2.6325503e-17,-2.6325503e-17,2.3197344e-19,2.3197344e-19,9.9165493e-07,9.9165493e-07,1.345503e-35,1.345503e-35
2.0533218e-14,2.0533218e-14,-4.4854914e-17,-4.4854914e-17,2.0488363e-14,2.0488363e-14,1.9722594e-14,1.9722594e-14,-8.106233e-16,-8.106233e-16,-5.3614386e-05,-5.3614386e-05,-6.4375548e-05,-6.4375548e-05,-5.2899688e-05,-5.2899688e-05,-6.4375548e-05,-6.4375548e-05,-8.9905272e-18,-8.9905272e-18,7.9504517e-17,7.9504517e-17,0.00042917032,0.00042917032,-1.970585e-14,-1.970585e-14,5.0514072e-16,5.0514072e-16,2.5303445e-16,2.5303445e-16,-1.0416405e-17,-1.0416405e-17,-0.00036479477,-0.00036479477,-6.4375548e-05,-6.4375548e-05,-0.00036479477,-0.00036479477,-6.4375548e-05,-6.4375548e-05,-1.0591137e-16,-1.0591137e-16,-7.2311171e-18,-7.2311171e-18,-0.00042917032,-0.00042917032,-1.0921744e-16,-1.0921744e-16,-0.00042885574,-0.00042885574,-4.0016296e-16,-4.0016296e-16,0.00036479477,0.00036479477,6.4375548e-05,6.4375548e-05,0.00036479477,0.00036479477,6.4375548e-05,6.4375548e-05,0.00042917032,0.00042917032,-1.9737716e-14,-1.9737716e-14,1.6111244e-16,1.6111244e-16,9.5084531e-17,9.5084531e-17,-6.4375548e-05,-6.4375548e-05,-1.3355224e-06,-1.3355224e-06,-4.4206503e-19,-4.4206503e-19,-1.135194e-06,-1.135194e-06,-2.0032836e-07,-2.0032836e-07,0.0002969536,0.0002969536,-1.9709679e-14,-1.9709679e-14,0.34669455,0.34669455,-1.2430594e-12,-1.2430594e-12,0.19067808,0.19067808,-6.217494e-13,-6.217494e-13,7.9553639e-16,7.9553639e-16,0.00042917032,0.00042917032,5.9721294e-19,5.9721294e-19,-3.9627801e-15,-3.9627801e-15,-6.1734822e-14,-6.1734822e-14,6.1734822e-14,6.1734822e-14,1.5195131e-18,1.5195131e-18,2.2877124e-18,2.2877124e-18,-3.1457956e-07,-3.1457956e-07,-2.7857056e-17,-2.7857056e-17,-2.624387e-17,-2.624387e-17,2.3125337e-19,2.3125337e-19,9.8270956e-07,9.8270956e-07,1.3315727e-35,1.3315727e-35
2.0543353e-14,2.0543353e-14,-4.4578595e-17,-4.4578595e-17,2.0498774e-14,2.0498774e-14,1.9722351e-14,1.9722351e-14,-8.2100204e-16,-8.2100204e-16,-5.3433104e-05,-5.3433104e-05,-6.417584e-05,-6.417584e-05,-5.2724851e-05,-5.2724851e-05,-6.417584e-05,-6.417584e-05,-8.9034252e-18,-8.9034252e-18,7.9257732e-17,7.9257732e-17,0.00042783893,0.00042783893,-1.9706626e-14,-1.9706626e-14,5.0361253e-16,5.0361253e-16,2.5232345e-16,2.5232345e-16,-1.0382727e-17,-1.0382727e-17,-0.00036366309,-0.00036366309,-6.417584e-05,-6.417584e-05,-0.00036366309,-0.00036366309,-6.417584e-05,-6.417584e-05,-1.0737323e-16,-1.0737323e-16,-6.3859257e-18,-6.3859257e-18,-0.00042783893,-0.00042783893,-1.0984626e-16,-1.0984626e-16,-0.00042754008,-0.00042754008,-3.9987674e-16,-3.9987674e-16,0.00036366309,0.00036366309,6.417584e-05,6.417584e-05,0.00036366309,0.00036366309,6.417584e-05,6.417584e-05,0.00042783893,0.00042783893,-1.9738393e-14,-1.9738393e-14,1.624677e-16,1.624677e-16,9.465085e-17,9.465085e-17,-6.417584e-05,-6.417584e-05,-1.3313857e-06,-1.3313857e-06,-4.3990242e-19,-4.3990242e-19,-1.1316779e-06,-1.1316779e-06,-1.9970786e-07,-1.9970786e-07,0.00029603175,0.00029603175,-1.9710442e-14,-1.9710442e-14,0.34561862,0.34561862,-1.2431122e-12,-1.2431122e-12,0.19008652,0.19008652,-6.2177844e-13,-6.2177844e-13,8.0488289e-16,8.0488289e-16,0.00042783893,0.00042783893,9.7016562e-19,9.7016562e-19,-3.9630618e-15,-3.9630618e-15,-6.1931158e-14,-6.1931158e-14,6.1931158e-14,6.1931158e-14,1.5123307e-18,1.5123307e-18,2.2806122e-18,2.2806122e-18,-2.9885059e-07,-2.9885059e-07,-2.7770522e-17,-2.7770522e-17,-2.6162489e-17,-2.6162489e-17,2.3053555e-19,2.3053555e-19,9.7384764e-07,9.7384764e-07,1.3179779e-35,1.3179779e-35
2.0553492e-14,2.0553492e-14,-4.4595523e-17,-4.4595523e-17,2.0508896e-14,2.0508896e-14,1.9722107e-14,1.9722107e-14,-8.3138452e-16,-8.3138452e-16,-5.3252961e-05,-5.3252961e-05,-6.3976751e-05,-6.3976751e-05,-5.2551093e-05,-5.2551093e-05,-6.3976751e-05,-6.3976751e-05,-8.9483552e-18,-8.9483552e-18,7.9011718e-17,7.9011718e-17,0.00042651167,0.00042651167,-1.97074e-14,-1.97074e-14,5.0195717e-16,5.0195717e-16,2.5143085e-16,2.5143085e-16,-1.0349208e-17,-1.0349208e-17,-0.00036253492,-0.00036253492,-6.3976751e-05,-6.3976751e-05,-0.00036253492,-0.00036253492,-6.3976751e-05,-6.3976751e-05,-1.0883089e-16,-1.0883089e-16,-5.5431864e-18,-5.5431864e-18,-0.00042651167,-0.00042651167,-1.104733e-16,-1.104733e-16,-0.00042622776,-0.00042622776,-3.9959221e-16,-3.9959221e-16,0.00036253492,0.00036253492,6.3976751e-05,6.3976751e-05,0.00036253492,0.00036253492,6.3976751e-05,6.3976751e-05,0.00042651167,0.00042651167,-1.9739068e-14,-1.9739068e-14,1.6403979e-16,1.6403979e-16,9.4434009e-17,9.4434009e-17,-6.3976751e-05,-6.3976751e-05,-1.3272616e-06,-1.3272616e-06,-4.3777713e-19,-4.3777713e-19,-1.1281723e-06,-1.1281723e-06,-1.9908924e-07,-1.9908924e-07,0.00029511278,0.00029511278,-1.9711202e-14,-1.9711202e-14,0.34454603,0.34454603,-1.2431648e-12,-1.2431648e-12,0.18949678,0.18949678,-6.2180738e-13,-6.2180738e-13,8.1439844e-16,8.1439844e-16,0.00042651167,0.00042651167,1.3630741e-18,1.3630741e-18,-3.9633426e-15,-3.9633426e-15,-6.2126897e-14,-6.2126897e-14,6.2126897e-14,6.2126897e-14,1.5052272e-18,1.5052272e-18,2.2735341e-18,2.2735341e-18,-2.8390806e-07,-2.8390806e-07,-2.7684262e-17,-2.7684262e-17,-2.6081358e-17,-2.6081358e-17,2.2981997e-19,2.2981997e-19,9.6506837e-07,9.6506837e-07,1.3047039e-35,1.3047039e-35
2.0563592e-14,2.0563592e-14,-4.4321444e-17,-4.4321444e-17,2.0519271e-14,2.0519271e-14,1.9721864e-14,1.9721864e-14,-8.417286e-16,-8.417286e-16,-5.3073925e-05,-5.3073925e-05,-6.3778278e-05,-6.3778278e-05,-5.2378382e-05,-5.2378382e-05,-6.3778278e-05,-6.3778278e-05,-8.9092766e-18,-8.9092766e-18,7.8766474e-17,7.8766474e-17,0.00042518852,0.00042518852,-1.970817e-14,-1.970817e-14,5.0036644e-16,5.0036644e-16,2.5065686e-16,2.5065686e-16,-1.0315844e-17,-1.0315844e-17,-0.00036141024,-0.00036141024,-6.3778278e-05,-6.3778278e-05,-0.00036141024,-0.00036141024,-6.3778278e-05,-6.3778278e-05,-1.1028438e-16,-1.1028438e-16,-4.7028961e-18,-4.7028961e-18,-0.00042518852,-0.00042518852,-1.1109857e-16,-1.1109857e-16,-0.00042491881,-0.00042491881,-3.9930933e-16,-3.9930933e-16,0.00036141024,0.00036141024,6.3778278e-05,6.3778278e-05,0.00036141024,0.00036141024,6.3778278e-05,6.3778278e-05,0.00042518852,0.00042518852,-1.973974e-14,-1.973974e-14,1.6539504e-16,1.6539504e-16,9.4271379e-17,9.4271379e-17,-6.3778278e-05,-6.3778278e-05,-1.3231499e-06,-1.3231499e-06,-4.3568772e-19,-4.3568772e-19,-1.1246774e-06,-1.1246774e-06,-1.9847248e-07,-1.9847248e-07,0.00029419668,0.00029419668,-1.9711959e-14,-1.9711959e-14,0.34347679,0.34347679,-1.2432172e-12,-1.2432172e-12,0.18890888,0.18890888,-6.2183623e-13,-6.2183623e-13,8.2382404e-16,8.2382404e-16,0.00042518852,0.00042518852,1.7431142e-18,1.7431142e-18,-3.9636225e-15,-3.9636225e-15,-6.2322042e-14,-6.2322042e-14,6.2322042e-14,6.2322042e-14,1.4982011e-18,1.4982011e-18,2.2664781e-18,2.2664781e-18,-2.6971265e-07,-2.6971265e-07,-2.7598273e-17,-2.7598273e-17,-2.6000476e-17,-2.6000476e-17,2.2910663e-19,2.2910663e-19,9.5637096e-07,9.5637096e-07,1.2917372e-35,1.2917372e-35
2.0573532e-14,2.0573532e-14,-4.4067527e-17,-4.4067527e-17,2.0529465e-14,2.0529465e-14,1.972162e-14,1.972162e-14,-8.5191175e-16,-8.5191175e-16,-5.2895967e-05,-5.2895967e-05,-6.3580421e-05,-6.3580421e-05,-5.2206691e-05,-5.2206691e-05,-6.3580421e-05,-6.3580421e-05,-8.7327748e-18,-8.7327748e-18,7.8521995e-17,7.8521995e-17,0.00042386947,0.00042386947,-1.9708938e-14,-1.9708938e-14,4.9897997e-16,4.9897997e-16,2.5003272e-16,2.5003272e-16,-1.0282635e-17,-1.0282635e-17,-0.00036028905,-0.00036028905,-6.3580421e-05,-6.3580421e-05,-0.00036028905,-0.00036028905,-6.3580421e-05,-6.3580421e-05,-1.1173368e-16,-1.1173368e-16,-3.8650518e-18,-3.8650518e-18,-0.00042386947,-0.00042386947,-1.1172208e-16,-1.1172208e-16,-0.00042361324,-0.00042361324,-3.9902805e-16,-3.9902805e-16,0.00036028905,0.00036028905,6.3580421e-05,6.3580421e-05,0.00036028905,0.00036028905,6.3580421e-05,6.3580421e-05,0.00042386947,0.00042386947,-1.974041e-14,-1.974041e-14,1.6664187e-16,1.6664187e-16,9.3783488e-17,9.3783488e-17,-6.3580421e-05,-6.3580421e-05,-1.3190506e-06,-1.3190506e-06,-4.3363282e-19,-4.3363282e-19,-1.121193e-06,-1.121193e-06,-1.9785759e-07,-1.9785759e-07,0.00029328346,0.00029328346,-1.9712714e-14,-1.9712714e-14,0.34241088,0.34241088,-1.2432695e-12,-1.2432695e-12,0.18832279,0.18832279,-6.2186497e-13,-6.2186497e-13,8.3303717e-16,8.3303717e-16,0.00042386947,0.00042386947,2.104757e-18,2.104757e-18,-3.9639015e-15,-3.9639015e-15,-6.2516593e-14,-6.2516593e-14,6.2516593e-14,6.2516593e-14,1.4912508e-18,1.4912508e-18,2.2594441e-18,2.2594441e-18,-2.5622702e-07,-2.5622702e-07,-2.7512556e-17,-2.7512556e-17,-2.5919844e-17,-2.5919844e-17,2.2839552e-19,2.2839552e-19,9.4775462e-07,9.4775462e-07,1.2790647e-35,1.2790647e-35
2.0583525e-14,2.0583525e-14,-4.3939298e-17,-4.3939298e-17,2.0539586e-14,2.0539586e-14,1.9721377e-14,1.9721377e-14,-8.6214794e-16,-8.6214794e-16,-5.271906e-05,-5.271906e-05,-6.3383176e-05,-6.3383176e-05,-5.2035992e-05,-5.2035992e-05,-6.3383176e-05,-6.3383176e-05,-8.744902e-18,-8.744902e-18,7.827828e-17,7.827828e-17,0.00042255451,0.00042255451,-1.9709703e-14,-1.9709703e-14,4.9742541e-16,4.9742541e-16,2.492403e-16,2.492403e-16,-1.0249576e-17,-1.0249576e-17,-0.00035917133,-0.00035917133,-6.3383176e-05,-6.3383176e-05,-0.00035917133,-0.00035917133,-6.3383176e-05,-6.3383176e-05,-1.1317881e-16,-1.1317881e-16,-3.0296502e-18,-3.0296502e-18,-0.00042255451,-0.00042255451,-1.1234382e-16,-1.1234382e-16,-0.00042231109,-0.00042231109,-3.9874834e-16,-3.9874834e-16,0.00035917133,0.00035917133,6.3383176e-05,6.3383176e-05,0.00035917133,0.00035917133,6.3383176e-05,6.3383176e-05,0.00042255451,0.00042255451,-1.9741078e-14,-1.9741078e-14,1.6815976e-16,1.6815976e-16,9.3458227e-17,9.3458227e-17,-6.3383176e-05,-6.3383176e-05,-1.3149638e-06,-1.3149638e-06,-4.316111e-19,-4.316111e-19,-1.1177192e-06,-1.1177192e-06,-1.9724457e-07,-1.9724457e-07,0.00029237309,0.00029237309,-1.9713466e-14,-1.9713466e-14,0.34134829,0.34134829,-1.2433215e-12,-1.2433215e-12,0.18773853,0.18773853,-6.2189361e-13,-6.2189361e-13,8.4246863e-16,8.4246863e-16,0.00042255451,0.00042255451,2.4907927e-18,2.4907927e-18,-3.9641795e-15,-3.9641795e-15,-6.2710554e-14,-6.2710554e-14,6.2710554e-14,6.2710554e-14,1.4843749e-18,1.4843749e-18,2.2524321e-18,2.2524321e-18,-2.4341567e-07,-2.4341567e-07,-2.742711e-17,-2.742711e-17,-2.583946e-17,-2.583946e-17,2.2768663e-19,2.2768663e-19,9.3921858e-07,9.3921858e-07,1.2666739e-35,1.2666739e-35
2.0593595e-14,2.0593595e-14,-4.3960011e-17,-4.3960011e-17,2.0549635e-14,2.0549635e-14,1.9721134e-14,1.9721134e-14,-8.7246041e-16,-8.7246041e-16,-5.2543176e-05,-5.2543176e-05,-6.3186543e-05,-6.3186543e-05,-5.1866259e-05,-5.1866259e-05,-6.3186543e-05,-6.3186543e-05,-8.7838157e-18,-8.7838157e-18,7.8035326e-17,7.8035326e-17,0.00042124362,0.00042124362,-1.9710465e-14,-1.9710465e-14,4.957078e-16,4.957078e-16,2.4839306e-16,2.4839306e-16,-1.0216665e-17,-1.0216665e-17,-0.00035805708,-0.00035805708,-6.3186543e-05,-6.3186543e-05,-0.00035805708,-0.00035805708,-6.3186543e-05,-6.3186543e-05,-1.1461978e-16,-1.1461978e-16,-2.1966878e-18,-2.1966878e-18,-0.00042124362,-0.00042124362,-1.1296379e-16,-1.1296379e-16,-0.00042101237,-0.00042101237,-3.9847017e-16,-3.9847017e-16,0.00035805708,0.00035805708,6.3186543e-05,6.3186543e-05,0.00035805708,0.00035805708,6.3186543e-05,6.3186543e-05,0.00042124362,0.00042124362,-1.9741743e-14,-1.9741743e-14,1.6962343e-16,1.6962343e-16,9.3187177e-17,9.3187177e-17,-6.3186543e-05,-6.3186543e-05,-1.3108894e-06,-1.3108894e-06,-4.2962133e-19,-4.2962133e-19,-1.114256e-06,-1.114256e-06,-1.966334e-07,-1.966334e-07,0.00029146557,0.00029146557,-1.9714216e-14,-1.9714216e-14,0.34028901,0.34028901,-1.2433734e-12,-1.2433734e-12,0.18715608,0.18715608,-6.2192215e-13,-6.2192215e-13,8.5192483e-16,8.5192483e-16,0.00042124362,0.00042124362,2.8896097e-18,2.8896097e-18,-3.9644566e-15,-3.9644566e-15,-6.2903924e-14,-6.2903924e-14,6.2903924e-14,6.2903924e-14,1.4775718e-18,1.4775718e-18,2.2454419e-18,2.2454419e-18,-2.3124489e-07,-2.3124489e-07,-2.7341932e-17,-2.7341932e-17,-2.5759324e-17,-2.5759324e-17,2.2697996e-19,2.2697996e-19,9.3076208e-07,9.3076208e-07,1.2545534e-35,1.2545534e-35
2.0603622e-14,2.0603622e-14,-4.3848246e-17,-4.3848246e-17,2.0559774e-14,2.0559774e-14,1.9720891e-14,1.9720891e-14,-8.8273038e-16,-8.8273038e-16,-5.2368291e-05,-5.2368291e-05,-6.2990519e-05,-6.2990519e-05,-5.1697466e-05,-5.1697466e-05,-6.2990519e-05,-6.2990519e-05,-8.8502997e-18,-8.8502997e-18,7.7793131e-17,7.7793131e-17,0.00041993679,0.00041993679,-1.9711224e-14,-1.9711224e-14,4.941756e-16,4.941756e-16,2.4751422e-16,2.4751422e-16,-1.01839e-17,-1.01839e-17,-0.00035694627,-0.00035694627,-6.2990519e-05,-6.2990519e-05,-0.00035694627,-0.00035694627,-6.2990519e-05,-6.2990519e-05,-1.1605658e-16,-1.1605658e-16,-1.3661611e-18,-1.3661611e-18,-0.00041993679,-0.00041993679,-1.13582e-16,-1.13582e-16,-0.00041971711,-0.00041971711,-3.9819351e-16,-3.9819351e-16,0.00035694627,0.00035694627,6.2990519e-05,6.2990519e-05,0.00035694627,0.00035694627,6.2990519e-05,6.2990519e-05,0.00041993679,0.00041993679,-1.9742405e-14,-1.9742405e-14,1.7103289e-16,1.7103289e-16,9.3024546e-17,9.3024546e-17,-6.2990519e-05,-6.2990519e-05,-1.3068273e-06,-1.3068273e-06,-4.276623e-19,-4.276623e-19,-1.1108032e-06,-1.1108032e-06,-1.960241e-07,-1.960241e-07,0.00029056089,0.00029056089,-1.9714962e-14,-1.9714962e-14,0.33923303,0.33923303,-1.2434251e-12,-1.2434251e-12,0.18657543,0.18657543,-6.219506e-13,-6.219506e-13,8.6123276e-16,8.6123276e-16,0.00041993679,0.00041993679,3.2666082e-18,3.2666082e-18,-3.9647329e-15,-3.9647329e-15,-6.3096706e-14,-6.3096706e-14,6.3096706e-14,6.3096706e-14,1.4708404e-18,1.4708404e-18,2.2384735e-18,2.2384735e-18,-2.1968264e-07,-2.1968264e-07,-2.7257022e-17,-2.7257022e-17,-2.5679435e-17,-2.5679435e-17,2.2627549e-19,2.2627549e-19,9.2238436e-07,9.2238436e-07,1.2426918e-35,1.2426918e-35
2.0613499e-14,2.0613499e-14,-4.3659044e-17,-4.3659044e-17,2.056984e-14,2.056984e-14,1.9720649e-14,1.9720649e-14,-8.9285027e-16,-8.9285027e-16,-5.219438e-05,-5.219438e-05,-6.2795102e-05,-6.2795102e-05,-5.1529591e-05,-5.1529591e-05,-6.2795102e-05,-6.2795102e-05,-8.7825039e-18,-8.7825039e-18,7.7551691e-17,7.7551691e-17,0.00041863401,0.00041863401,-1.9711981e-14,-1.9711981e-14,4.9261106e-16,4.9261106e-16,2.4681971e-16,2.4681971e-16,-1.0151279e-17,-1.0151279e-17,-0.00035583891,-0.00035583891,-6.2795102e-05,-6.2795102e-05,-0.00035583891,-0.00035583891,-6.2795102e-05,-6.2795102e-05,-1.1748922e-16,-1.1748922e-16,-5.3806656e-19,-5.3806656e-19,-0.00041863401,-0.00041863401,-1.1419846e-16,-1.1419846e-16,-0.00041842531,-0.00041842531,-3.9791831e-16,-3.9791831e-16,0.00035583891,0.00035583891,6.2795102e-05,6.2795102e-05,0.00035583891,0.00035583891,6.2795102e-05,6.2795102e-05,0.00041863401,0.00041863401,-1.9743065e-14,-1.9743065e-14,1.7249657e-16,1.7249657e-16,9.2699286e-17,9.2699286e-17,-6.2795102e-05,-6.2795102e-05,-1.3027776e-06,-1.3027776e-06,-4.2573287e-19,-4.2573287e-19,-1.107361e-06,-1.107361e-06,-1.9541664e-07,-1.9541664e-07,0.00028965903,0.00028965903,-1.9715707e-14,-1.9715707e-14,0.33818034,0.33818034,-1.2434766e-12,-1.2434766e-12,0.18599658,0.18599658,-6.2197894e-13,-6.2197894e-13,8.7050168e-16,8.7050168e-16,0.00041863401,0.00041863401,3.6490604e-18,3.6490604e-18,-3.9650082e-15,-3.9650082e-15,-6.3288901e-14,-6.3288901e-14,6.3288901e-14,6.3288901e-14,1.464179e-18,1.464179e-18,2.2315268e-18,2.2315268e-18,-2.0869851e-07,-2.0869851e-07,-2.717238e-17,-2.717238e-17,-2.5599792e-17,-2.5599792e-17,2.2557322e-19,2.2557322e-19,9.1408466e-07,9.1408466e-07,1.2310789e-35,1.2310789e-35
2.0623433e-14,2.0623433e-14,-4.3490445e-17,-4.3490445e-17,2.0579943e-14,2.0579943e-14,1.9720407e-14,1.9720407e-14,-9.0302655e-16,-9.0302655e-16,-5.202142e-05,-5.202142e-05,-6.2600291e-05,-6.2600291e-05,-5.1362612e-05,-5.1362612e-05,-6.2600291e-05,-6.2600291e-05,-8.743835e-18,-8.743835e-18,7.7311005e-17,7.7311005e-17,0.00041733527,0.00041733527,-1.9712735e-14,-1.9712735e-14,4.9109161e-16,4.9109161e-16,2.4606171e-16,2.4606171e-16,-1.0118798e-17,-1.0118798e-17,-0.00035473498,-0.00035473498,-6.2600291e-05,-6.2600291e-05,-0.00035473498,-0.00035473498,-6.2600291e-05,-6.2600291e-05,-1.1891772e-16,-1.1891772e-16,2.8759957e-19,2.8759957e-19,-0.00041733527,-0.00041733527,-1.1481315e-16,-1.1481315e-16,-0.00041713701,-0.00041713701,-3.9764455e-16,-3.9764455e-16,0.00035473498,0.00035473498,6.2600291e-05,6.2600291e-05,0.00035473498,0.00035473498,6.2600291e-05,6.2600291e-05,0.00041733527,0.00041733527,-1.9743723e-14,-1.9743723e-14,1.7390603e-16,1.7390603e-16,9.2428235e-17,9.2428235e-17,-6.2600291e-05,-6.2600291e-05,-1.2987402e-06,-1.2987402e-06,-4.2383195e-19,-4.2383195e-19,-1.1039292e-06,-1.1039292e-06,-1.9481104e-07,-1.9481104e-07,0.00028875999,0.00028875999,-1.9716448e-14,-1.9716448e-14,0.33713092,0.33713092,-1.2435279e-12,-1.2435279e-12,0.18541953,0.18541953,-6.2200719e-13,-6.2200719e-13,8.7977543e-16,8.7977543e-16,0.00041733527,0.00041733527,4.0159174e-18,4.0159174e-18,-3.9652826e-15,-3.9652826e-15,-6.3480511e-14,-6.3480511e-14,6.3480511e-14,6.3480511e-14,1.4575865e-18,1.4575865e-18,2.2246017e-18,2.2246017e-18,-1.9826358e-07,-1.9826358e-07,-2.7088003e-17,-2.7088003e-17,-2.5520395e-17,-2.5520395e-17,2.2487314e-19,2.2487314e-19,9.0586223e-07,9.0586223e-07,1.2197045e-35,1.2197045e-35
2.0633273e-14,2.0633273e-14,-4.3300271e-17,-4.3300271e-17,2.0589973e-14,2.0589973e-14,1.9720165e-14,1.9720165e-14,-9.1310863e-16,-9.1310863e-16,-5.184939e-05,-5.184939e-05,-6.2406084e-05,-6.2406084e-05,-5.1196505e-05,-5.1196505e-05,-6.2406084e-05,-6.2406084e-05,-8.6808559e-18,-8.6808559e-18,7.7071069e-17,7.7071069e-17,0.00041604056,0.00041604056,-1.9713486e-14,-1.9713486e-14,4.8964643e-16,4.8964643e-16,2.4532362e-16,2.4532362e-16,-1.0086456e-17,-1.0086456e-17,-0.00035363447,-0.00035363447,-6.2406084e-05,-6.2406084e-05,-0.00035363447,-0.00035363447,-6.2406084e-05,-6.2406084e-05,-1.2034207e-16,-1.2034207e-16,1.1108411e-18,1.1108411e-18,-0.00041604056,-0.00041604056,-1.1542609e-16,-1.1542609e-16,-0.00041585221,-0.00041585221,-3.9737221e-16,-3.9737221e-16,0.00035363447,0.00035363447,6.2406084e-05,6.2406084e-05,0.00035363447,0.00035363447,6.2406084e-05,6.2406084e-05,0.00041604056,0.00041604056,-1.9744378e-14,-1.9744378e-14,1.7515286e-16,1.7515286e-16,9.2048764e-17,9.2048764e-17,-6.2406084e-05,-6.2406084e-05,-1.2947152e-06,-1.2947152e-06,-4.2195851e-19,-4.2195851e-19,-1.1005079e-06,-1.1005079e-06,-1.9420727e-07,-1.9420727e-07,0.00028786376,0.00028786376,-1.9717187e-14,-1.9717187e-14,0.33608476,0.33608476,-1.243579e-12,-1.243579e-12,0.18484427,0.18484427,-6.2203534e-13,-6.2203534e-13,8.8895762e-16,8.8895762e-16,0.00041604056,0.00041604056,4.3885599e-18,4.3885599e-18,-3.9655562e-15,-3.9655562e-15,-6.3671538e-14,-6.3671538e-14,6.3671538e-14,6.3671538e-14,1.4510614e-18,1.4510614e-18,2.2176983e-18,2.2176983e-18,-1.8835041e-07,-1.8835041e-07,-2.7003892e-17,-2.7003892e-17,-2.5441243e-17,-2.5441243e-17,2.2417524e-19,2.2417524e-19,8.9771635e-07,8.9771635e-07,1.2085592e-35,1.2085592e-35
2.0643179e-14,2.0643179e-14,-4.3302447e-17,-4.3302447e-17,2.0599877e-14,2.0599877e-14,1.9719923e-14,1.9719923e-14,-9.2325622e-16,-9.2325622e-16,-5.1678267e-05,-5.1678267e-05,-6.2212478e-05,-6.2212478e-05,-5.1031252e-05,-5.1031252e-05,-6.2212478e-05,-6.2212478e-05,-8.7027562e-18,-8.7027562e-18,7.6831882e-17,7.6831882e-17,0.00041474986,0.00041474986,-1.9714235e-14,-1.9714235e-14,4.8806581e-16,4.8806581e-16,2.4450417e-16,2.4450417e-16,-1.0054251e-17,-1.0054251e-17,-0.00035253738,-0.00035253738,-6.2212478e-05,-6.2212478e-05,-0.00035253738,-0.00035253738,-6.2212478e-05,-6.2212478e-05,-1.2176229e-16,-1.2176229e-16,1.931662e-18,1.931662e-18,-0.00041474986,-0.00041474986,-1.1603727e-16,-1.1603727e-16,-0.00041457092,-0.00041457092,-3.9710125e-16,-3.9710125e-16,0.00035253738,0.00035253738,6.2212478e-05,6.2212478e-05,0.00035253738,0.00035253738,6.2212478e-05,6.2212478e-05,0.00041474986,0.00041474986,-1.9745031e-14,-1.9745031e-14,1.7661653e-16,1.7661653e-16,9.1886134e-17,9.1886134e-17,-6.2212478e-05,-6.2212478e-05,-1.2907024e-06,-1.2907024e-06,-4.2011154e-19,-4.2011154e-19,-1.097097e-06,-1.097097e-06,-1.9360535e-07,-1.9360535e-07,0.00028697032,0.00028697032,-1.9717923e-14,-1.9717923e-14,0.33504187,0.33504187,-1.24363e-12,-1.24363e-12,0.1842708,0.1842708,-6.220634e-13,-6.220634e-13,8.9820796e-16,8.9820796e-16,0.00041474986,0.00041474986,4.7826685e-18,4.7826685e-18,-3.9658288e-15,-3.9658288e-15,-6.3861982e-14,-6.3861982e-14,6.3861982e-14,6.3861982e-14,1.4446026e-18,1.4446026e-18,2.2108163e-18,2.2108163e-18,-1.7893289e-07,-1.7893289e-07,-2.6920045e-17,-2.6920045e-17,-2.5362335e-17,-2.5362335e-17,2.2347952e-19,2.2347952e-19,8.8964628e-07,8.8964628e-07,1.197634e-35,1.197634e-35
2.0652942e-14,2.0652942e-14,-4.3071579e-17,-4.3071579e-17,2.060987e-14,2.060987e-14,1.9719681e-14,1.9719681e-14,-9.3326079e-16,-9.3326079e-16,-5.1508033e-05,-5.1508033e-05,-6.2019473e-05,-6.2019473e-05,-5.0866832e-05,-5.0866832e-05,-6.2019473e-05,-6.2019473e-05,-8.5934614e-18,-8.5934614e-18,7.659344e-17,7.659344e-17,0.00041346315,0.00041346315,-1.9714981e-14,-1.9714981e-14,4.8665806e-16,4.8665806e-16,2.4385745e-16,2.4385745e-16,-1.0022181e-17,-1.0022181e-17,-0.00035144368,-0.00035144368,-6.2019473e-05,-6.2019473e-05,-0.00035144368,-0.00035144368,-6.2019473e-05,-6.2019473e-05,-1.2317837e-16,-1.2317837e-16,2.7500663e-18,2.7500663e-18,-0.00041346315,-0.00041346315,-1.1664671e-16,-1.1664671e-16,-0.00041329317,-0.00041329317,-3.9683164e-16,-3.9683164e-16,0.00035144368,0.00035144368,6.2019473e-05,6.2019473e-05,0.00035144368,0.00035144368,6.2019473e-05,6.2019473e-05,0.00041346315,0.00041346315,-1.9745682e-14,-1.9745682e-14,1.7797179e-16,1.7797179e-16,9.1506663e-17,9.1506663e-17,-6.2019473e-05,-6.2019473e-05,-1.2867018e-06,-1.2867018e-06,-4.182901e-19,-4.182901e-19,-1.0936965e-06,-1.0936965e-06,-1.9300527e-07,-1.9300527e-07,0.00028607967,0.00028607967,-1.9718657e-14,-1.9718657e-14,0.33400222,0.33400222,-1.2436808e-12,-1.2436808e-12,0.1836991,0.1836991,-6.2209136e-13,-6.2209136e-13,9.0731792e-16,9.0731792e-16,0.00041346315,0.00041346315,5.126718e-18,5.126718e-18,-3.9661006e-15,-3.9661006e-15,-6.4051846e-14,-6.4051846e-14,6.4051846e-14,6.4051846e-14,1.4382087e-18,1.4382087e-18,2.2039557e-18,2.2039557e-18,-1.6998624e-07,-1.6998624e-07,-2.6836461e-17,-2.6836461e-17,-2.5283671e-17,-2.5283671e-17,2.2278597e-19,2.2278597e-19,8.8165129e-07,8.8165129e-07,1.1869204e-35,1.1869204e-35
2.0662765e-14,2.0662765e-14,-4.2973009e-17,-4.2973009e-17,2.0619792e-14,2.0619792e-14,1.971944e-14,1.971944e-14,-9.4332506e-16,-9.4332506e-16,-5.1338667e-05,-5.1338667e-05,-6.1827066e-05,-6.1827066e-05,-5.0703226e-05,-5.0703226e-05,-6.1827066e-05,-6.1827066e-05,-8.6247846e-18,-8.6247846e-18,7.6355742e-17,7.6355742e-17,0.00041218044,0.00041218044,-1.9715724e-14,-1.9715724e-14,4.8507497e-16,4.8507497e-16,2.4303525e-16,2.4303525e-16,-9.9902444e-18,-9.9902444e-18,-0.00035035337,-0.00035035337,-6.1827066e-05,-6.1827066e-05,-0.00035035337,-0.00035035337,-6.1827066e-05,-6.1827066e-05,-1.2459033e-16,-1.2459033e-16,3.566058e-18,3.566058e-18,-0.00041218044,-0.00041218044,-1.172544e-16,-1.172544e-16,-0.00041201895,-0.00041201895,-3.9656337e-16,-3.9656337e-16,0.00035035337,0.00035035337,6.1827066e-05,6.1827066e-05,0.00035035337,0.00035035337,6.1827066e-05,6.1827066e-05,0.00041218044,0.00041218044,-1.974633e-14,-1.974633e-14,1.7938125e-16,1.7938125e-16,9.1289823e-17,9.1289823e-17,-6.1827066e-05,-6.1827066e-05,-1.2827135e-06,-1.2827135e-06,-4.1649328e-19,-4.1649328e-19,-1.0903064e-06,-1.0903064e-06,-1.9240702e-07,-1.9240702e-07,0.00028519181,0.00028519181,-1.9719388e-14,-1.9719388e-14,0.3329658,0.3329658,-1.2437314e-12,-1.2437314e-12,0.18312918,0.18312918,-6.2211922e-13,-6.2211922e-13,9.16436e-16,9.16436e-16,0.00041218044,0.00041218044,5.5100405e-18,5.5100405e-18,-3.9663715e-15,-3.9663715e-15,-6.424113e-14,-6.424113e-14,6.424113e-14,6.424113e-14,1.4318785e-18,1.4318785e-18,2.1971165e-18,2.1971165e-18,-1.6148693e-07,-1.6148693e-07,-2.6753139e-17,-2.6753139e-17,-2.520525e-17,-2.520525e-17,2.2209458e-19,2.2209458e-19,8.7373067e-07,8.7373067e-07,1.1764103e-35,1.1764103e-35
2.0672505e-14,2.0672505e-14,-4.2809384e-17,-4.2809384e-17,2.0629695e-14,2.0629695e-14,1.9719199e-14,1.9719199e-14,-9.533059e-16,-9.533059e-16,-5.1170152e-05,-5.1170152e-05,-6.1635255e-05,-6.1635255e-05,-5.0540418e-05,-5.0540418e-05,-6.1635255e-05,-6.1635255e-05,-8.5806446e-18,-8.5806446e-18,7.6118784e-17,7.6118784e-17,0.0004109017,0.0004109017,-1.9716465e-14,-1.9716465e-14,4.8360071e-16,4.8360071e-16,2.4232177e-16,2.4232177e-16,-9.9584385e-18,-9.9584385e-18,-0.00034926645,-0.00034926645,-6.1635255e-05,-6.1635255e-05,-0.00034926645,-0.00034926645,-6.1635255e-05,-6.1635255e-05,-1.2599817e-16,-1.2599817e-16,4.3796414e-18,4.3796414e-18,-0.0004109017,-0.0004109017,-1.1786034e-16,-1.1786034e-16,-0.00041074829,-0.00041074829,-3.962964e-16,-3.962964e-16,0.00034926645,0.00034926645,6.1635255e-05,6.1635255e-05,0.00034926645,0.00034926645,6.1635255e-05,6.1635255e-05,0.0004109017,0.0004109017,-1.9746976e-14,-1.9746976e-14,1.8079071e-16,1.8079071e-16,9.1018772e-17,9.1018772e-17,-6.1635255e-05,-6.1635255e-05,-1.2787373e-06,-1.2787373e-06,-4.1472022e-19,-4.1472022e-19,-1.0869267e-06,-1.0869267e-06,-1.918106e-07,-1.918106e-07,0.00028430671,0.00028430671,-1.9720116e-14,-1.9720116e-14,0.3319326,0.3319326,-1.2437818e-12,-1.2437818e-12,0.18256102,0.18256102,-6.2214699e-13,-6.2214699e-13,9.255817e-16,9.255817e-16,0.0004109017,0.0004109017,5.8552192e-18,5.8552192e-18,-3.9666415e-15,-3.9666415e-15,-6.4429838e-14,-6.4429838e-14,6.4429838e-14,6.4429838e-14,1.4256108e-18,1.4256108e-18,2.1902986e-18,2.1902986e-18,-1.5341258e-07,-1.5341258e-07,-2.6670079e-17,-2.6670079e-17,-2.5127071e-17,-2.5127071e-17,2.2140535e-19,2.2140535e-19,8.6588371e-07,8.6588371e-07,1.1660959e-35,1.1660959e-35
2.0682256e-14,2.0682256e-14,-4.2620778e-17,-4.2620778e-17,2.0639635e-14,2.0639635e-14,1.9718958e-14,1.9718958e-14,-9.632976e-16,-9.632976e-16,-5.100247e-05,-5.100247e-05,-6.1444039e-05,-6.1444039e-05,-5.037839e-05,-5.037839e-05,-6.1444039e-05,-6.1444039e-05,-8.5160075e-18,-8.5160075e-18,7.5882564e-17,7.5882564e-17,0.00040962693,0.00040962693,-1.9717203e-14,-1.9717203e-14,4.8210394e-16,4.8210394e-16,2.4158566e-16,2.4158566e-16,-9.9267618e-18,-9.9267618e-18,-0.00034818289,-0.00034818289,-6.1444039e-05,-6.1444039e-05,-0.00034818289,-0.00034818289,-6.1444039e-05,-6.1444039e-05,-1.274019e-16,-1.274019e-16,5.1908207e-18,5.1908207e-18,-0.00040962693,-0.00040962693,-1.1846454e-16,-1.1846454e-16,-0.00040948119,-0.00040948119,-3.9603072e-16,-3.9603072e-16,0.00034818289,0.00034818289,6.1444039e-05,6.1444039e-05,0.00034818289,0.00034818289,6.1444039e-05,6.1444039e-05,0.00040962693,0.00040962693,-1.9747619e-14,-1.9747619e-14,1.8209175e-16,1.8209175e-16,9.0639302e-17,9.0639302e-17,-6.1444039e-05,-6.1444039e-05,-1.2747733e-06,-1.2747733e-06,-4.1297009e-19,-4.1297009e-19,-1.0835573e-06,-1.0835573e-06,-1.91216e-07,-1.91216e-07,0.00028342437,0.00028342437,-1.9720842e-14,-1.9720842e-14,0.33090262,0.33090262,-1.2438321e-12,-1.2438321e-12,0.18199463,0.18199463,-6.2217467e-13,-6.2217467e-13,9.3457825e-16,9.3457825e-16,0.00040962693,0.00040962693,6.2380323e-18,6.2380323e-18,-3.9669107e-15,-3.9669107e-15,-6.4617969e-14,-6.4617969e-14,6.4617969e-14,6.4617969e-14,1.4194045e-18,1.4194045e-18,2.1835019e-18,2.1835019e-18,-1.4574195e-07,-1.4574195e-07,-2.6587278e-17,-2.6587278e-17,-2.5049133e-17,-2.5049133e-17,2.2071826e-19,2.2071826e-19,8.5810971e-07,8.5810971e-07,1.15597e-35,1.15597e-35
2.0691968e-14,2.0691968e-14,-4.2574359e-17,-4.2574359e-17,2.0649394e-14,2.0649394e-14,1.9718718e-14,1.9718718e-14,-9.7325052e-16,-9.7325052e-16,-5.0835604e-05,-5.0835604e-05,-6.1253416e-05,-6.1253416e-05,-5.0217126e-05,-5.0217126e-05,-6.1253416e-05,-6.1253416e-05,-8.5400463e-18,-8.5400463e-18,7.564708e-17,7.564708e-17,0.00040835611,0.00040835611,-1.9717938e-14,-1.9717938e-14,4.8057573e-16,4.8057573e-16,2.407638e-16,2.407638e-16,-9.8952127e-18,-9.8952127e-18,-0.00034710269,-0.00034710269,-6.1253416e-05,-6.1253416e-05,-0.00034710269,-0.00034710269,-6.1253416e-05,-6.1253416e-05,-1.2880152e-16,-1.2880152e-16,5.9996003e-18,5.9996003e-18,-0.00040835611,-0.00040835611,-1.1906699e-16,-1.1906699e-16,-0.00040821765,-0.00040821765,-3.9576629e-16,-3.9576629e-16,0.00034710269,0.00034710269,6.1253416e-05,6.1253416e-05,0.00034710269,0.00034710269,6.1253416e-05,6.1253416e-05,0.00040835611,0.00040835611,-1.974826e-14,-1.974826e-14,1.8355543e-16,1.8355543e-16,9.0422461e-17,9.0422461e-17,-6.1253416e-05,-6.1253416e-05,-1.2708215e-06,-1.2708215e-06,-4.112421e-19,-4.112421e-19,-1.0801982e-06,-1.0801982e-06,-1.9062322e-07,-1.9062322e-07,0.00028254478,0.00028254478,-1.9721565e-14,-1.9721565e-14,0.32987584,0.32987584,-1.2438822e-12,-1.2438822e-12,0.18142999,0.18142999,-6.2220225e-13,-6.2220225e-13,9.4375548e-16,9.4375548e-16,0.00040835611,0.00040835611,6.6160204e-18,6.6160204e-18,-3.967179e-15,-3.967179e-15,-6.4805526e-14,-6.4805526e-14,6.4805526e-14,6.4805526e-14,1.4132584e-18,1.4132584e-18,2.1767263e-18,2.1767263e-18,-1.3845486e-07,-1.3845486e-07,-2.6504738e-17,-2.6504738e-17,-2.4971436e-17,-2.4971436e-17,2.2003331e-19,2.2003331e-19,8.5040798e-07,8.5040798e-07,1.1460256e-35,1.1460256e-35
2.0701651e-14,2.0701651e-14,-4.2407347e-17,-4.2407347e-17,2.0659243e-14,2.0659243e-14,1.9718478e-14,1.9718478e-14,-9.8317293e-16,-9.8317293e-16,-5.066954e-05,-5.066954e-05,-6.1063384e-05,-6.1063384e-05,-5.005661e-05,-5.005661e-05,-6.1063384e-05,-6.1063384e-05,-8.4908803e-18,-8.4908803e-18,7.541233e-17,7.541233e-17,0.00040708923,0.00040708923,-1.9718671e-14,-1.9718671e-14,4.7905336e-16,4.7905336e-16,2.4005608e-16,2.4005608e-16,-9.8637896e-18,-9.8637896e-18,-0.00034602584,-0.00034602584,-6.1063384e-05,-6.1063384e-05,-0.00034602584,-0.00034602584,-6.1063384e-05,-6.1063384e-05,-1.3019705e-16,-1.3019705e-16,6.8059846e-18,6.8059846e-18,-0.00040708923,-0.00040708923,-1.1966772e-16,-1.1966772e-16,-0.00040695769,-0.00040695769,-3.955031e-16,-3.955031e-16,0.00034602584,0.00034602584,6.1063384e-05,6.1063384e-05,0.00034602584,0.00034602584,6.1063384e-05,6.1063384e-05,0.00040708923,0.00040708923,-1.9748899e-14,-1.9748899e-14,1.8491068e-16,1.8491068e-16,9.0205621e-17,9.0205621e-17,-6.1063384e-05,-6.1063384e-05,-1.2668817e-06,-1.2668817e-06,-4.0953549e-19,-4.0953549e-19,-1.0768495e-06,-1.0768495e-06,-1.9003226e-07,-1.9003226e-07,0.00028166794,0.00028166794,-1.9722286e-14,-1.9722286e-14,0.32885226,0.32885226,-1.2439321e-12,-1.2439321e-12,0.1808671,0.1808671,-6.2222974e-13,-6.2222974e-13,9.5279638e-16,9.5279638e-16,0.00040708923,0.00040708923,6.9854176e-18,6.9854176e-18,-3.9674464e-15,-3.9674464e-15,-6.4992511e-14,-6.4992511e-14,6.4992511e-14,6.4992511e-14,1.4071713e-18,1.4071713e-18,2.1699719e-18,2.1699719e-18,-1.3153211e-07,-1.3153211e-07,-2.6422455e-17,-2.6422455e-17,-2.489398e-17,-2.489398e-17,2.193505e-19,2.193505e-19,8.4277781e-07,8.4277781e-07,1.1362561e-35,1.1362561e-35
2.0711184e-14,2.0711184e-14,-4.221775e-17,-4.221775e-17,2.0668966e-14,2.0668966e-14,1.9718238e-14,1.9718238e-14,-9.9294601e-16,-9.9294601e-16,-5.050426e-05,-5.050426e-05,-6.0873941e-05,-6.0873941e-05,-4.9896828e-05,-4.9896828e-05,-6.0873941e-05,-6.0873941e-05,-8.369256e-18,-8.369256e-18,7.517831e-17,7.517831e-17,0.00040582627,0.00040582627,-1.9719402e-14,-1.9719402e-14,4.777227e-16,4.777227e-16,2.3937735e-16,2.3937735e-16,-9.8324908e-18,-9.8324908e-18,-0.00034495233,-0.00034495233,-6.0873941e-05,-6.0873941e-05,-0.00034495233,-0.00034495233,-6.0873941e-05,-6.0873941e-05,-1.3158849e-16,-1.3158849e-16,7.6099781e-18,7.6099781e-18,-0.00040582627,-0.00040582627,-1.202667e-16,-1.202667e-16,-0.00040570132,-0.00040570132,-3.9524113e-16,-3.9524113e-16,0.00034495233,0.00034495233,6.0873941e-05,6.0873941e-05,0.00034495233,0.00034495233,6.0873941e-05,6.0873941e-05,0.00040582627,0.00040582627,-1.9749536e-14,-1.9749536e-14,1.8615751e-16,1.8615751e-16,8.977194e-17,8.977194e-17,-6.0873941e-05,-6.0873941e-05,-1.262954e-06,-1.262954e-06,-4.0784954e-19,-4.0784954e-19,-1.0735109e-06,-1.0735109e-06,-1.894431e-07,-1.894431e-07,0.00028079382,0.00028079382,-1.9723005e-14,-1.9723005e-14,0.32783186,0.32783186,-1.2439818e-12,-1.2439818e-12,0.18030596,0.18030596,-6.2225714e-13,-6.2225714e-13,9.6169058e-16,9.6169058e-16,0.00040582627,0.00040582627,7.325169e-18,7.325169e-18,-3.967713e-15,-3.967713e-15,-6.5178924e-14,-6.5178924e-14,6.5178924e-14,6.5178924e-14,1.4011422e-18,1.4011422e-18,2.1632384e-18,2.1632384e-18,-1.2495551e-07,-1.2495551e-07,-2.6340431e-17,-2.6340431e-17,-2.4816762e-17,-2.4816762e-17,2.1866981e-19,2.1866981e-19,8.3521854e-07,8.3521854e-07,1.1266551e-35,1.1266551e-35
2.0720895e-14,2.0720895e-14,-4.2114783e-17,-4.2114783e-17,2.067878e-14,2.067878e-14,1.9717999e-14,1.9717999e-14,-1.0028959e-15,-1.0028959e-15,-5.0339751e-05,-5.0339751e-05,-6.0685085e-05,-6.0685085e-05,-4.9737766e-05,-4.9737766e-05,-6.0685085e-05,-6.0685085e-05,-8.3927572e-18,-8.3927572e-18,7.4945019e-17,7.4945019e-17,0.00040456723,0.00040456723,-1.972013e-14,-1.972013e-14,4.7614921e-16,4.7614921e-16,2.3856412e-16,2.3856412e-16,-9.8013149e-18,-9.8013149e-18,-0.00034388215,-0.00034388215,-6.0685085e-05,-6.0685085e-05,-0.00034388215,-0.00034388215,-6.0685085e-05,-6.0685085e-05,-1.3297584e-16,-1.3297584e-16,8.4115854e-18,8.4115854e-18,-0.00040456723,-0.00040456723,-1.2086395e-16,-1.2086395e-16,-0.00040444853,-0.00040444853,-3.9498036e-16,-3.9498036e-16,0.00034388215,0.00034388215,6.0685085e-05,6.0685085e-05,0.00034388215,0.00034388215,6.0685085e-05,6.0685085e-05,0.00040456723,0.00040456723,-1.9750171e-14,-1.9750171e-14,1.8762119e-16,1.8762119e-16,8.9446679e-17,8.9446679e-17,-6.0685085e-05,-6.0685085e-05,-1.2590384e-06,-1.2590384e-06,-4.0618355e-19,-4.0618355e-19,-1.0701826e-06,-1.0701826e-06,-1.8885576e-07,-1.8885576e-07,0.00027992243,0.00027992243,-1.9723721e-14,-1.9723721e-14,0.32681462,0.32681462,-1.2440314e-12,-1.2440314e-12,0.17974656,0.17974656,-6.2228444e-13,-6.2228444e-13,9.7076413e-16,9.7076413e-16,0.00040456723,0.00040456723,7.7031967e-18,7.7031967e-18,-3.9679787e-15,-3.9679787e-15,-6.5364768e-14,-6.5364768e-14,6.5364768e-14,6.5364768e-14,1.39517e-18,1.39517e-18,2.1565259e-18,2.1565259e-18,-1.1870773e-07,-1.1870773e-07,-2.6258663e-17,-2.6258663e-17,-2.4739784e-17,-2.4739784e-17,2.1799124e-19,2.1799124e-19,8.2772949e-07,8.2772949e-07,1.1172167e-35,1.1172167e-35
2.0730635e-14,2.0730635e-14,-4.2059967e-17,-4.2059967e-17,2.0688575e-14,2.0688575e-14,1.971776e-14,1.971776e-14,-1.0128756e-15,-1.0128756e-15,-5.0175999e-05,-5.0175999e-05,-6.0496815e-05,-6.0496815e-05,-4.957941e-05,-4.957941e-05,-6.0496815e-05,-6.0496815e-05,-8.5079142e-18,-8.5079142e-18,7.4712455e-17,7.4712455e-17,0.0004033121,0.0004033121,-1.9720855e-14,-1.9720855e-14,4.7457092e-16,4.7457092e-16,2.3774599e-16,2.3774599e-16,-9.7702604e-18,-9.7702604e-18,-0.00034281528,-0.00034281528,-6.0496815e-05,-6.0496815e-05,-0.00034281528,-0.00034281528,-6.0496815e-05,-6.0496815e-05,-1.3435912e-16,-1.3435912e-16,9.2108112e-18,9.2108112e-18,-0.0004033121,-0.0004033121,-1.2145948e-16,-1.2145948e-16,-0.00040319933,-0.00040319933,-3.9472077e-16,-3.9472077e-16,0.00034281528,0.00034281528,6.0496815e-05,6.0496815e-05,0.00034281528,0.00034281528,6.0496815e-05,6.0496815e-05,0.0004033121,0.0004033121,-1.9750803e-14,-1.9750803e-14,1.8903065e-16,1.8903065e-16,8.9229839e-17,8.9229839e-17,-6.0496815e-05,-6.0496815e-05,-1.2551348e-06,-1.2551348e-06,-4.0453688e-19,-4.0453688e-19,-1.0668645e-06,-1.0668645e-06,-1.8827021e-07,-1.8827021e-07,0.00027905376,0.00027905376,-1.9724434e-14,-1.9724434e-14,0.32580056,0.32580056,-1.2440808e-12,-1.2440808e-12,0.1791889,0.1791889,-6.2231166e-13,-6.2231166e-13,9.7981593e-16,9.7981593e-16,0.0004033121,0.0004033121,8.0847014e-18,8.0847014e-18,-3.9682435e-15,-3.9682435e-15,-6.5550043e-14,-6.5550043e-14,6.5550043e-14,6.5550043e-14,1.3892536e-18,1.3892536e-18,2.1498342e-18,2.1498342e-18,-1.1277235e-07,-1.1277235e-07,-2.6177151e-17,-2.6177151e-17,-2.4663043e-17,-2.4663043e-17,2.1731478e-19,2.1731478e-19,8.2030998e-07,8.2030998e-07,1.1079352e-35,1.1079352e-35
2.0740241e-14,2.0740241e-14,-4.2050352e-17,-4.2050352e-17,2.069819e-14,2.069819e-14,1.9717521e-14,1.9717521e-14,-1.0227196e-15,-1.0227196e-15,-5.0012991e-05,-5.0012991e-05,-6.0309128e-05,-6.0309128e-05,-4.9421748e-05,-4.9421748e-05,-6.0309128e-05,-6.0309128e-05,-8.5528343e-18,-8.5528343e-18,7.4480614e-17,7.4480614e-17,0.00040206086,0.00040206086,-1.9721578e-14,-1.9721578e-14,4.7299501e-16,4.7299501e-16,2.3693017e-16,2.3693017e-16,-9.7393259e-18,-9.7393259e-18,-0.00034175173,-0.00034175173,-6.0309128e-05,-6.0309128e-05,-0.00034175173,-0.00034175173,-6.0309128e-05,-6.0309128e-05,-1.3573833e-16,-1.3573833e-16,1.000766e-17,1.000766e-17,-0.00040206086,-0.00040206086,-1.2205327e-16,-1.2205327e-16,-0.00040195372,-0.00040195372,-3.9446233e-16,-3.9446233e-16,0.00034175173,0.00034175173,6.0309128e-05,6.0309128e-05,0.00034175173,0.00034175173,6.0309128e-05,6.0309128e-05,0.00040206086,0.00040206086,-1.9751433e-14,-1.9751433e-14,1.9054853e-16,1.9054853e-16,8.9175629e-17,8.9175629e-17,-6.0309128e-05,-6.0309128e-05,-1.2512431e-06,-1.2512431e-06,-4.0290888e-19,-4.0290888e-19,-1.0635566e-06,-1.0635566e-06,-1.8768647e-07,-1.8768647e-07,0.00027818779,0.00027818779,-1.9725145e-14,-1.9725145e-14,0.32478964,0.32478964,-1.2441301e-12,-1.2441301e-12,0.17863297,0.17863297,-6.2233878e-13,-6.2233878e-13,9.8878885e-16,9.8878885e-16,0.00040206086,0.00040206086,8.458252e-18,8.458252e-18,-3.9685075e-15,-3.9685075e-15,-6.5734752e-14,-6.5734752e-14,6.5734752e-14,6.5734752e-14,1.383392e-18,1.383392e-18,2.1431634e-18,2.1431634e-18,-1.0713373e-07,-1.0713373e-07,-2.6095893e-17,-2.6095893e-17,-2.458654e-17,-2.458654e-17,2.1664043e-19,2.1664043e-19,8.1295935e-07,8.1295935e-07,1.0988051e-35,1.0988051e-35
2.0749646e-14,2.0749646e-14,-4.1804463e-17,-4.1804463e-17,2.0707842e-14,2.0707842e-14,1.9717283e-14,1.9717283e-14,-1.0323633e-15,-1.0323633e-15,-4.9850713e-05,-4.9850713e-05,-6.0122024e-05,-6.0122024e-05,-4.9264767e-05,-4.9264767e-05,-6.0122024e-05,-6.0122024e-05,-8.3656217e-18,-8.3656217e-18,7.4249494e-17,7.4249494e-17,0.00040081349,0.00040081349,-1.9722298e-14,-1.9722298e-14,4.7171581e-16,4.7171581e-16,2.3635676e-16,2.3635676e-16,-9.7085101e-18,-9.7085101e-18,-0.00034069147,-0.00034069147,-6.0122024e-05,-6.0122024e-05,-0.00034069147,-0.00034069147,-6.0122024e-05,-6.0122024e-05,-1.3711348e-16,-1.3711348e-16,1.0802137e-17,1.0802137e-17,-0.00040081349,-0.00040081349,-1.2264535e-16,-1.2264535e-16,-0.00040071172,-0.00040071172,-3.9420504e-16,-3.9420504e-16,0.00034069147,0.00034069147,6.0122024e-05,6.0122024e-05,0.00034069147,0.00034069147,6.0122024e-05,6.0122024e-05,0.00040081349,0.00040081349,-1.9752061e-14,-1.9752061e-14,1.9174115e-16,1.9174115e-16,8.8741948e-17,8.8741948e-17,-6.0122024e-05,-6.0122024e-05,-1.2473634e-06,-1.2473634e-06,-4.0129896e-19,-4.0129896e-19,-1.0602589e-06,-1.0602589e-06,-1.8710451e-07,-1.8710451e-07,0.00027732451,0.00027732451,-1.9725854e-14,-1.9725854e-14,0.32378186,0.32378186,-1.2441792e-12,-1.2441792e-12,0.17807876,0.17807876,-6.2236581e-13,-6.2236581e-13,9.9756406e-16,9.9756406e-16,0.00040081349,0.00040081349,8.8027915e-18,8.8027915e-18,-3.9687707e-15,-3.9687707e-15,-6.5918897e-14,-6.5918897e-14,6.5918897e-14,6.5918897e-14,1.3775843e-18,1.3775843e-18,2.1365133e-18,2.1365133e-18,-1.0177704e-07,-1.0177704e-07,-2.601489e-17,-2.601489e-17,-2.4510273e-17,-2.4510273e-17,2.1596818e-19,2.1596818e-19,8.0567695e-07,8.0567695e-07,1.0898212e-35,1.0898212e-35
2.0759112e-14,2.0759112e-14,-4.1691346e-17,-4.1691346e-17,2.0717421e-14,2.0717421e-14,1.9717045e-14,1.9717045e-14,-1.0420673e-15,-1.0420673e-15,-4.9689154e-05,-4.9689154e-05,-5.99355e-05,-5.99355e-05,-4.9108455e-05,-4.9108455e-05,-5.99355e-05,-5.99355e-05,-8.3264787e-18,-8.3264787e-18,7.4019094e-17,7.4019094e-17,0.00039957,0.00039957,-1.9723016e-14,-1.9723016e-14,4.7021449e-16,4.7021449e-16,2.3561535e-16,2.3561535e-16,-9.6778115e-18,-9.6778115e-18,-0.0003396345,-0.0003396345,-5.99355e-05,-5.99355e-05,-0.0003396345,-0.0003396345,-5.99355e-05,-5.99355e-05,-1.3848457e-16,-1.3848457e-16,1.1594246e-17,1.1594246e-17,-0.00039957,-0.00039957,-1.232357e-16,-1.232357e-16,-0.00039947331,-0.00039947331,-3.9394887e-16,-3.9394887e-16,0.0003396345,0.0003396345,5.99355e-05,5.99355e-05,0.0003396345,0.0003396345,5.99355e-05,5.99355e-05,0.00039957,0.00039957,-1.9752686e-14,-1.9752686e-14,1.9298799e-16,1.9298799e-16,8.8362477e-17,8.8362477e-17,-5.99355e-05,-5.99355e-05,-1.2434956e-06,-1.2434956e-06,-3.9970652e-19,-3.9970652e-19,-1.0569713e-06,-1.0569713e-06,-1.8652435e-07,-1.8652435e-07,0.00027646393,0.00027646393,-1.972656e-14,-1.972656e-14,0.32277722,0.32277722,-1.2442281e-12,-1.2442281e-12,0.17752627,0.17752627,-6.2239275e-13,-6.2239275e-13,1.0064564e-15,1.0064564e-15,0.00039957,0.00039957,9.1514719e-18,9.1514719e-18,-3.969033e-15,-3.969033e-15,-6.6102478e-14,-6.6102478e-14,6.6102478e-14,6.6102478e-14,1.3718293e-18,1.3718293e-18,2.1298839e-18,2.1298839e-18,-9.6688189e-08,-9.6688189e-08,-2.593414e-17,-2.593414e-17,-2.4434242e-17,-2.4434242e-17,2.1529802e-19,2.1529802e-19,7.9846213e-07,7.9846213e-07,1.0809787e-35,1.0809787e-35
2.076872e-14,2.076872e-14,-4.1629505e-17,-4.1629505e-17,2.0727091e-14,2.0727091e-14,1.9716808e-14,1.9716808e-14,-1.0519129e-15,-1.0519129e-15,-4.9528302e-05,-4.9528302e-05,-5.9749554e-05,-5.9749554e-05,-4.8952801e-05,-4.8952801e-05,-5.9749554e-05,-5.9749554e-05,-8.3819242e-18,-8.3819242e-18,7.378941e-17,7.378941e-17,0.00039833036,0.00039833036,-1.9723731e-14,-1.9723731e-14,4.6865075e-16,4.6865075e-16,2.3475726e-16,2.3475726e-16,-9.6472291e-18,-9.6472291e-18,-0.0003385808,-0.0003385808,-5.9749554e-05,-5.9749554e-05,-0.0003385808,-0.0003385808,-5.9749554e-05,-5.9749554e-05,-1.3985162e-16,-1.3985162e-16,1.2383993e-17,1.2383993e-17,-0.00039833036,-0.00039833036,-1.2382433e-16,-1.2382433e-16,-0.0003982385,-0.0003982385,-3.9369381e-16,-3.9369381e-16,0.0003385808,0.0003385808,5.9749554e-05,5.9749554e-05,0.0003385808,0.0003385808,5.9749554e-05,5.9749554e-05,0.00039833036,0.00039833036,-1.975331e-14,-1.975331e-14,1.9450587e-16,1.9450587e-16,8.8199847e-17,8.8199847e-17,-5.9749554e-05,-5.9749554e-05,-1.2396398e-06,-1.2396398e-06,-3.9813103e-19,-3.9813103e-19,-1.0536938e-06,-1.0536938e-06,-1.8594596e-07,-1.8594596e-07,0.00027560602,0.00027560602,-1.9727264e-14,-1.9727264e-14,0.3217757,0.3217757,-1.2442768e-12,-1.2442768e-12,0.17697549,0.17697549,-6.224196e-13,-6.224196e-13,1.0153844e-15,1.0153844e-15,0.00039833036,0.00039833036,9.5449166e-18,9.5449166e-18,-3.9692945e-15,-3.9692945e-15,-6.6285497e-14,-6.6285497e-14,6.6285497e-14,6.6285497e-14,1.3661263e-18,1.3661263e-18,2.1232751e-18,2.1232751e-18,-9.185378e-08,-9.185378e-08,-2.5853642e-17,-2.5853642e-17,-2.4358447e-17,-2.4358447e-17,2.1462994e-19,2.1462994e-19,7.9131425e-07,7.9131425e-07,1.0722727e-35,1.0722727e-35
2.0778034e-14,2.0778034e-14,-4.145335e-17,-4.145335e-17,2.073658e-14,2.073658e-14,1.9716571e-14,1.9716571e-14,-1.0614633e-15,-1.0614633e-15,-4.9368146e-05,-4.9368146e-05,-5.9564184e-05,-5.9564184e-05,-4.8797795e-05,-4.8797795e-05,-5.9564184e-05,-5.9564184e-05,-8.3700537e-18,-8.3700537e-18,7.3560441e-17,7.3560441e-17,0.00039709456,0.00039709456,-1.9724444e-14,-1.9724444e-14,4.6724865e-16,4.6724865e-16,2.3406073e-16,2.3406073e-16,-9.6167615e-18,-9.6167615e-18,-0.00033753038,-0.00033753038,-5.9564184e-05,-5.9564184e-05,-0.00033753038,-0.00033753038,-5.9564184e-05,-5.9564184e-05,-1.4121463e-16,-1.4121463e-16,1.3171383e-17,1.3171383e-17,-0.00039709456,-0.00039709456,-1.2441125e-16,-1.2441125e-16,-0.0003970073,-0.0003970073,-3.9343984e-16,-3.9343984e-16,0.00033753038,0.00033753038,5.9564184e-05,5.9564184e-05,0.00033753038,0.00033753038,5.9564184e-05,5.9564184e-05,0.00039709456,0.00039709456,-1.9753931e-14,-1.9753931e-14,1.9580691e-16,1.9580691e-16,8.7874586e-17,8.7874586e-17,-5.9564184e-05,-5.9564184e-05,-1.2357957e-06,-1.2357957e-06,-3.9657195e-19,-3.9657195e-19,-1.0504264e-06,-1.0504264e-06,-1.8536936e-07,-1.8536936e-07,0.00027475078,0.00027475078,-1.9727965e-14,-1.9727965e-14,0.32077729,0.32077729,-1.2443254e-12,-1.2443254e-12,0.17642642,0.17642642,-6.2244636e-13,-6.2244636e-13,1.0242367e-15,1.0242367e-15,0.00039709456,0.00039709456,9.9039296e-18,9.9039296e-18,-3.9695551e-15,-3.9695551e-15,-6.6467956e-14,-6.6467956e-14,6.6467956e-14,6.6467956e-14,1.3604741e-18,1.3604741e-18,2.1166868e-18,2.1166868e-18,-8.7261091e-08,-8.7261091e-08,-2.5773395e-17,-2.5773395e-17,-2.4282886e-17,-2.4282886e-17,2.1396394e-19,2.1396394e-19,7.8423266e-07,7.8423266e-07,1.0636989e-35,1.0636989e-35
2.0787584e-14,2.0787584e-14,-4.1369285e-17,-4.1369285e-17,2.0746215e-14,2.0746215e-14,1.9716334e-14,1.9716334e-14,-1.0712503e-15,-1.0712503e-15,-4.9208675e-05,-4.9208675e-05,-5.937939e-05,-5.937939e-05,-4.8643427e-05,-4.8643427e-05,-5.937939e-05,-5.937939e-05,-8.4000107e-18,-8.4000107e-18,7.3332184e-17,7.3332184e-17,0.0003958626,0.0003958626,-1.9725155e-14,-1.9725155e-14,4.657062e-16,4.657062e-16,2.3322379e-16,2.3322379e-16,-9.5864075e-18,-9.5864075e-18,-0.00033648321,-0.00033648321,-5.937939e-05,-5.937939e-05,-0.00033648321,-0.00033648321,-5.937939e-05,-5.937939e-05,-1.4257361e-16,-1.4257361e-16,1.3956419e-17,1.3956419e-17,-0.0003958626,-0.0003958626,-1.2499645e-16,-1.2499645e-16,-0.0003957797,-0.0003957797,-3.9318695e-16,-3.9318695e-16,0.00033648321,0.00033648321,5.937939e-05,5.937939e-05,0.00033648321,0.00033648321,5.937939e-05,5.937939e-05,0.0003958626,0.0003958626,-1.975455e-14,-1.975455e-14,1.9727059e-16,1.9727059e-16,8.7711956e-17,8.7711956e-17,-5.937939e-05,-5.937939e-05,-1.2319635e-06,-1.2319635e-06,-3.9502878e-19,-3.9502878e-19,-1.047169e-06,-1.047169e-06,-1.8479453e-07,-1.8479453e-07,0.00027389821,0.00027389821,-1.9728664e-14,-1.9728664e-14,0.31978198,0.31978198,-1.2443738e-12,-1.2443738e-12,0.17587906,0.17587906,-6.2247304e-13,-6.2247304e-13,1.0331112e-15,1.0331112e-15,0.0003958626,0.0003958626,1.0288767e-17,1.0288767e-17,-3.969815e-15,-3.969815e-15,-6.6649856e-14,-6.6649856e-14,6.6649856e-14,6.6649856e-14,1.354872e-18,1.354872e-18,2.110119e-18,2.110119e-18,-8.2898036e-08,-8.2898036e-08,-2.56934e-17,-2.56934e-17,-2.4207559e-17,-2.4207559e-17,2.1330001e-19,2.1330001e-19,7.7721674e-07,7.7721674e-07,1.055253e-35,1.055253e-35
2.0796892e-14,2.0796892e-14,-4.1168708e-17,-4.1168708e-17,2.0755723e-14,2.0755723e-14,1.9716098e-14,1.9716098e-14,-1.0807942e-15,-1.0807942e-15,-4.9049879e-05,-4.9049879e-05,-5.9195168e-05,-5.9195168e-05,-4.8489685e-05,-4.8489685e-05,-5.9195168e-05,-5.9195168e-05,-8.3098855e-18,-8.3098855e-18,7.3104637e-17,7.3104637e-17,0.00039463446,0.00039463446,-1.9725863e-14,-1.9725863e-14,4.6438597e-16,4.6438597e-16,2.32609e-16,2.32609e-16,-9.5561661e-18,-9.5561661e-18,-0.00033543929,-0.00033543929,-5.9195168e-05,-5.9195168e-05,-0.00033543929,-0.00033543929,-5.9195168e-05,-5.9195168e-05,-1.4392857e-16,-1.4392857e-16,1.4739109e-17,1.4739109e-17,-0.00039463446,-0.00039463446,-1.2557995e-16,-1.2557995e-16,-0.0003945557,-0.0003945557,-3.9293512e-16,-3.9293512e-16,0.00033543929,0.00033543929,5.9195168e-05,5.9195168e-05,0.00033543929,0.00033543929,5.9195168e-05,5.9195168e-05,0.00039463446,0.00039463446,-1.9755167e-14,-1.9755167e-14,1.9851742e-16,1.9851742e-16,8.7386695e-17,8.7386695e-17,-5.9195168e-05,-5.9195168e-05,-1.2281431e-06,-1.2281431e-06,-3.9350103e-19,-3.9350103e-19,-1.0439217e-06,-1.0439217e-06,-1.8422147e-07,-1.8422147e-07,0.00027304829,0.00027304829,-1.9729361e-14,-1.9729361e-14,0.31878977,0.31878977,-1.2444221e-12,-1.2444221e-12,0.17533339,0.17533339,-6.2249962e-13,-6.2249962e-13,1.0418537e-15,1.0418537e-15,0.00039463446,0.00039463446,1.0614341e-17,1.0614341e-17,-3.970074e-15,-3.970074e-15,-6.6831199e-14,-6.6831199e-14,6.6831199e-14,6.6831199e-14,1.3493189e-18,1.3493189e-18,2.1035716e-18,2.1035716e-18,-7.8753135e-08,-7.8753135e-08,-2.5613653e-17,-2.5613653e-17,-2.4132465e-17,-2.4132465e-17,2.1263815e-19,2.1263815e-19,7.7026586e-07,7.7026586e-07,1.0469308e-35,1.0469308e-35
2.0806326e-14,2.0806326e-14,-4.1058019e-17,-4.1058019e-17,2.0765268e-14,2.0765268e-14,1.9715862e-14,1.9715862e-14,-1.0904642e-15,-1.0904642e-15,-4.8891747e-05,-4.8891747e-05,-5.9011518e-05,-5.9011518e-05,-4.8336562e-05,-4.8336562e-05,-5.9011518e-05,-5.9011518e-05,-8.2630261e-18,-8.2630261e-18,7.2877797e-17,7.2877797e-17,0.00039341012,0.00039341012,-1.9726569e-14,-1.9726569e-14,4.6287755e-16,4.6287755e-16,2.319144e-16,2.319144e-16,-9.5260362e-18,-9.5260362e-18,-0.0003343986,-0.0003343986,-5.9011518e-05,-5.9011518e-05,-0.0003343986,-0.0003343986,-5.9011518e-05,-5.9011518e-05,-1.4527951e-16,-1.4527951e-16,1.5519456e-17,1.5519456e-17,-0.00039341012,-0.00039341012,-1.2616174e-16,-1.2616174e-16,-0.00039333531,-0.00039333531,-3.9268434e-16,-3.9268434e-16,0.0003343986,0.0003343986,5.9011518e-05,5.9011518e-05,0.0003343986,0.0003343986,5.9011518e-05,5.9011518e-05,0.00039341012,0.00039341012,-1.9755782e-14,-1.9755782e-14,1.9981846e-16,1.9981846e-16,8.7115645e-17,8.7115645e-17,-5.9011518e-05,-5.9011518e-05,-1.2243345e-06,-1.2243345e-06,-3.9198823e-19,-3.9198823e-19,-1.0406843e-06,-1.0406843e-06,-1.8365017e-07,-1.8365017e-07,0.00027220101,0.00027220101,-1.9730055e-14,-1.9730055e-14,0.31780064,0.31780064,-1.2444702e-12,-1.2444702e-12,0.17478942,0.17478942,-6.2252612e-13,-6.2252612e-13,1.0505621e-15,1.0505621e-15,0.00039341012,0.00039341012,1.0968011e-17,1.0968011e-17,-3.9703321e-15,-3.9703321e-15,-6.7011987e-14,-6.7011987e-14,6.7011987e-14,6.7011987e-14,1.3438141e-18,1.3438141e-18,2.0970446e-18,2.0970446e-18,-7.4815478e-08,-7.4815478e-08,-2.5534156e-17,-2.5534156e-17,-2.4057603e-17,-2.4057603e-17,2.1197835e-19,2.1197835e-19,7.6337941e-07,7.6337941e-07,1.0387284e-35,1.0387284e-35
2.0815573e-14,2.0815573e-14,-4.0886556e-17,-4.0886556e-17,2.0774687e-14,2.0774687e-14,1.9715626e-14,1.9715626e-14,-1.0999468e-15,-1.0999468e-15,-4.8734272e-05,-4.8734272e-05,-5.8828437e-05,-5.8828437e-05,-4.8184049e-05,-4.8184049e-05,-5.8828437e-05,-5.8828437e-05,-8.2059377e-18,-8.2059377e-18,7.2651663e-17,7.2651663e-17,0.00039218958,0.00039218958,-1.9727272e-14,-1.9727272e-14,4.6153548e-16,4.6153548e-16,2.3116924e-16,2.3116924e-16,-9.4960166e-18,-9.4960166e-18,-0.00033336115,-0.00033336115,-5.8828437e-05,-5.8828437e-05,-0.00033336115,-0.00033336115,-5.8828437e-05,-5.8828437e-05,-1.4662645e-16,-1.4662645e-16,1.6297465e-17,1.6297465e-17,-0.00039218958,-0.00039218958,-1.2674183e-16,-1.2674183e-16,-0.00039211851,-0.00039211851,-3.924346e-16,-3.924346e-16,0.00033336115,0.00033336115,5.8828437e-05,5.8828437e-05,0.00033336115,0.00033336115,5.8828437e-05,5.8828437e-05,0.00039218958,0.00039218958,-1.9756394e-14,-1.9756394e-14,2.0117371e-16,2.0117371e-16,8.6898804e-17,8.6898804e-17,-5.8828437e-05,-5.8828437e-05,-1.2205376e-06,-1.2205376e-06,-3.9048994e-19,-3.9048994e-19,-1.0374569e-06,-1.0374569e-06,-1.8308063e-07,-1.8308063e-07,0.00027135636,0.00027135636,-1.9730747e-14,-1.9730747e-14,0.31681458,0.31681458,-1.2445181e-12,-1.2445181e-12,0.17424713,0.17424713,-6.2255253e-13,-6.2255253e-13,1.0592484e-15,1.0592484e-15,0.00039218958,0.00039218958,1.1316936e-17,1.1316936e-17,-3.9705895e-15,-3.9705895e-15,-6.7192221e-14,-6.7192221e-14,6.7192221e-14,6.7192221e-14,1.3383566e-18,1.3383566e-18,2.0905378e-18,2.0905378e-18,-7.1074704e-08,-7.1074704e-08,-2.5454907e-17,-2.5454907e-17,-2.3982974e-17,-2.3982974e-17,2.1132059e-19,2.1132059e-19,7.5655676e-07,7.5655676e-07,1.0306423e-35,1.0306423e-35
2.0824793e-14,2.0824793e-14,-4.0651344e-17,-4.0651344e-17,2.0784142e-14,2.0784142e-14,1.9715391e-14,1.9715391e-14,-1.1094018e-15,-1.1094018e-15,-4.8577443e-05,-4.8577443e-05,-5.8645925e-05,-5.8645925e-05,-4.8032135e-05,-4.8032135e-05,-5.8645925e-05,-5.8645925e-05,-8.0851225e-18,-8.0851225e-18,7.2426231e-17,7.2426231e-17,0.00039097283,0.00039097283,-1.9727973e-14,-1.9727973e-14,4.6015013e-16,4.6015013e-16,2.3059759e-16,2.3059759e-16,-9.4661064e-18,-9.4661064e-18,-0.00033232691,-0.00033232691,-5.8645925e-05,-5.8645925e-05,-0.00033232691,-0.00033232691,-5.8645925e-05,-5.8645925e-05,-1.4796939e-16,-1.4796939e-16,1.7073143e-17,1.7073143e-17,-0.00039097283,-0.00039097283,-1.2732021e-16,-1.2732021e-16,-0.00039090531,-0.00039090531,-3.9218587e-16,-3.9218587e-16,0.00033232691,0.00033232691,5.8645925e-05,5.8645925e-05,0.00033232691,0.00033232691,5.8645925e-05,5.8645925e-05,0.00039097283,0.00039097283,-1.9757005e-14,-1.9757005e-14,2.0225792e-16,2.0225792e-16,8.6410913e-17,8.6410913e-17,-5.8645925e-05,-5.8645925e-05,-1.2167524e-06,-1.2167524e-06,-3.8900573e-19,-3.8900573e-19,-1.0342395e-06,-1.0342395e-06,-1.8251285e-07,-1.8251285e-07,0.00027051435,0.00027051435,-1.9731437e-14,-1.9731437e-14,0.31583158,0.31583158,-1.2445659e-12,-1.2445659e-12,0.17370653,0.17370653,-6.2257885e-13,-6.2257885e-13,1.0679097e-15,1.0679097e-15,0.00039097283,0.00039097283,1.1663234e-17,1.1663234e-17,-3.970846e-15,-3.970846e-15,-6.7371902e-14,-6.7371902e-14,6.7371902e-14,6.7371902e-14,1.3329457e-18,1.3329457e-18,2.0840513e-18,2.0840513e-18,-6.7520969e-08,-6.7520969e-08,-2.5375905e-17,-2.5375905e-17,-2.3908575e-17,-2.3908575e-17,2.1066488e-19,2.1066488e-19,7.4979732e-07,7.4979732e-07,1.0226687e-35,1.0226687e-35
2.08342e-14,2.08342e-14,-4.0674664e-17,-4.0674664e-17,2.0793525e-14,2.0793525e-14,1.9715157e-14,1.9715157e-14,-1.1190432e-15,-1.1190432e-15,-4.8421251e-05,-4.8421251e-05,-5.8463978e-05,-5.8463978e-05,-4.7880814e-05,-4.7880814e-05,-5.8463978e-05,-5.8463978e-05,-8.2265511e-18,-8.2265511e-18,7.2201501e-17,7.2201501e-17,0.00038975985,0.00038975985,-1.9728672e-14,-1.9728672e-14,4.5862031e-16,4.5862031e-16,2.2966458e-16,2.2966458e-16,-9.4363046e-18,-9.4363046e-18,-0.00033129587,-0.00033129587,-5.8463978e-05,-5.8463978e-05,-0.00033129587,-0.00033129587,-5.8463978e-05,-5.8463978e-05,-1.4930834e-16,-1.4930834e-16,1.7846494e-17,1.7846494e-17,-0.00038975985,-0.00038975985,-1.278969e-16,-1.278969e-16,-0.00038969571,-0.00038969571,-3.9193816e-16,-3.9193816e-16,0.00033129587,0.00033129587,5.8463978e-05,5.8463978e-05,0.00033129587,0.00033129587,5.8463978e-05,5.8463978e-05,0.00038975985,0.00038975985,-1.9757614e-14,-1.9757614e-14,2.037758e-16,2.037758e-16,8.6302493e-17,8.6302493e-17,-5.8463978e-05,-5.8463978e-05,-1.2129788e-06,-1.2129788e-06,-3.875352e-19,-3.875352e-19,-1.031032e-06,-1.031032e-06,-1.8194682e-07,-1.8194682e-07,0.00026967495,0.00026967495,-1.9732124e-14,-1.9732124e-14,0.31485164,0.31485164,-1.2446135e-12,-1.2446135e-12,0.1731676,0.1731676,-6.2260509e-13,-6.2260509e-13,1.0766513e-15,1.0766513e-15,0.00038975985,0.00038975985,1.2036124e-17,1.2036124e-17,-3.9711017e-15,-3.9711017e-15,-6.7551033e-14,-6.7551033e-14,6.7551033e-14,6.7551033e-14,1.3275804e-18,1.3275804e-18,2.0775849e-18,2.0775849e-18,-6.414492e-08,-6.414492e-08,-2.5297149e-17,-2.5297149e-17,-2.3834406e-17,-2.3834406e-17,2.1001121e-19,2.1001121e-19,7.4310048e-07,7.4310048e-07,1.0148044e-35,1.0148044e-35
2.0843492e-14,2.0843492e-14,-4.0546004e-17,-4.0546004e-17,2.0802946e-14,2.0802946e-14,1.9714923e-14,1.9714923e-14,-1.1285687e-15,-1.1285687e-15,-4.8265689e-05,-4.8265689e-05,-5.8282595e-05,-5.8282595e-05,-4.7730078e-05,-4.7730078e-05,-5.8282595e-05,-5.8282595e-05,-8.19725e-18,-8.19725e-18,7.1977469e-17,7.1977469e-17,0.00038855063,0.00038855063,-1.9729368e-14,-1.9729368e-14,4.5722221e-16,4.5722221e-16,2.2902587e-16,2.2902587e-16,-9.4066102e-18,-9.4066102e-18,-0.00033026804,-0.00033026804,-5.8282595e-05,-5.8282595e-05,-0.00033026804,-0.00033026804,-5.8282595e-05,-5.8282595e-05,-1.5064331e-16,-1.5064331e-16,1.8617522e-17,1.8617522e-17,-0.00038855063,-0.00038855063,-1.284719e-16,-1.284719e-16,-0.0003884897,-0.0003884897,-3.9169144e-16,-3.9169144e-16,0.00033026804,0.00033026804,5.8282595e-05,5.8282595e-05,0.00033026804,0.00033026804,5.8282595e-05,5.8282595e-05,0.00038855063,0.00038855063,-1.975822e-14,-1.975822e-14,2.0502263e-16,2.0502263e-16,8.6085652e-17,8.6085652e-17,-5.8282595e-05,-5.8282595e-05,-1.2092169e-06,-1.2092169e-06,-3.8607796e-19,-3.8607796e-19,-1.0278344e-06,-1.0278344e-06,-1.8138253e-07,-1.8138253e-07,0.00026883816,0.00026883816,-1.9732809e-14,-1.9732809e-14,0.31387474,0.31387474,-1.244661e-12,-1.244661e-12,0.17263035,0.17263035,-6.2263123e-13,-6.2263123e-13,1.0852797e-15,1.0852797e-15,0.00038855063,0.00038855063,1.2383321e-17,1.2383321e-17,-3.9713566e-15,-3.9713566e-15,-6.7729614e-14,-6.7729614e-14,6.7729614e-14,6.7729614e-14,1.3222601e-18,1.3222601e-18,2.0711386e-18,2.0711386e-18,-6.0937674e-08,-6.0937674e-08,-2.5218639e-17,-2.5218639e-17,-2.3760468e-17,-2.3760468e-17,2.0935958e-19,2.0935958e-19,7.3646564e-07,7.3646564e-07,1.007046e-35,1.007046e-35
2.0852639e-14,2.0852639e-14,-4.0398859e-17,-4.0398859e-17,2.081224e-14,2.081224e-14,1.9714689e-14,1.9714689e-14,-1.1379494e-15,-1.1379494e-15,-4.8110749e-05,-4.8110749e-05,-5.8101775e-05,-5.8101775e-05,-4.7579919e-05,-4.7579919e-05,-5.8101775e-05,-5.8101775e-05,-8.1063441e-18,-8.1063441e-18,7.1754133e-17,7.1754133e-17,0.00038734517,0.00038734517,-1.9730062e-14,-1.9730062e-14,4.558025e-16,4.558025e-16,2.2836551e-16,2.2836551e-16,-9.3770223e-18,-9.3770223e-18,-0.00032924339,-0.00032924339,-5.8101775e-05,-5.8101775e-05,-0.00032924339,-0.00032924339,-5.8101775e-05,-5.8101775e-05,-1.519743e-16,-1.519743e-16,1.9386235e-17,1.9386235e-17,-0.00038734517,-0.00038734517,-1.290452e-16,-1.290452e-16,-0.00038728728,-0.00038728728,-3.914457e-16,-3.914457e-16,0.00032924339,0.00032924339,5.8101775e-05,5.8101775e-05,0.00032924339,0.00032924339,5.8101775e-05,5.8101775e-05,0.00038734517,0.00038734517,-1.9758825e-14,-1.9758825e-14,2.0643209e-16,2.0643209e-16,8.5814602e-17,8.5814602e-17,-5.8101775e-05,-5.8101775e-05,-1.2054666e-06,-1.2054666e-06,-3.8463362e-19,-3.8463362e-19,-1.0246466e-06,-1.0246466e-06,-1.8081999e-07,-1.8081999e-07,0.00026800398,0.00026800398,-1.9733492e-14,-1.9733492e-14,0.31290087,0.31290087,-1.2447083e-12,-1.2447083e-12,0.17209476,0.17209476,-6.226573e-13,-6.226573e-13,1.0938742e-15,1.0938742e-15,0.00038734517,0.00038734517,1.2720683e-17,1.2720683e-17,-3.9716107e-15,-3.9716107e-15,-6.7907648e-14,-6.7907648e-14,6.7907648e-14,6.7907648e-14,1.3169838e-18,1.3169838e-18,2.0647124e-18,2.0647124e-18,-5.7890791e-08,-5.7890791e-08,-2.5140373e-17,-2.5140373e-17,-2.3686758e-17,-2.3686758e-17,2.0870996e-19,2.0870996e-19,7.2989223e-07,7.2989223e-07,9.9939048e-36,9.9939048e-36
2.0861758e-14,2.0861758e-14,-4.018724e-17,-4.018724e-17,2.0821571e-14,2.0821571e-14,1.9714456e-14,1.9714456e-14,-1.1473019e-15,-1.1473019e-15,-4.7956423e-05,-4.7956423e-05,-5.7921516e-05,-5.7921516e-05,-4.7430329e-05,-4.7430329e-05,-5.7921516e-05,-5.7921516e-05,-8.0087457e-18,-8.0087457e-18,7.1531491e-17,7.1531491e-17,0.00038614344,0.00038614344,-1.9730753e-14,-1.9730753e-14,4.5445271e-16,4.5445271e-16,2.2772081e-16,2.2772081e-16,-9.34754e-18,-9.34754e-18,-0.00032822192,-0.00032822192,-5.7921516e-05,-5.7921516e-05,-0.00032822192,-0.00032822192,-5.7921516e-05,-5.7921516e-05,-1.5330133e-16,-1.5330133e-16,2.0152636e-17,2.0152636e-17,-0.00038614344,-0.00038614344,-1.2961682e-16,-1.2961682e-16,-0.00038608844,-0.00038608844,-3.9120094e-16,-3.9120094e-16,0.00032822192,0.00032822192,5.7921516e-05,5.7921516e-05,0.00032822192,0.00032822192,5.7921516e-05,5.7921516e-05,0.00038614344,0.00038614344,-1.9759427e-14,-1.9759427e-14,2.0762472e-16,2.0762472e-16,8.5380921e-17,8.5380921e-17,-5.7921516e-05,-5.7921516e-05,-1.2017278e-06,-1.2017278e-06,-3.8320184e-19,-3.8320184e-19,-1.0214687e-06,-1.0214687e-06,-1.8025918e-07,-1.8025918e-07,0.00026717238,0.00026717238,-1.9734172e-14,-1.9734172e-14,0.31193003,0.31193003,-1.2447554e-12,-1.2447554e-12,0.17156083,0.17156083,-6.2268328e-13,-6.2268328e-13,1.102443e-15,1.102443e-15,0.00038614344,0.00038614344,1.3057989e-17,1.3057989e-17,-3.971864e-15,-3.971864e-15,-6.8085135e-14,-6.8085135e-14,6.8085135e-14,6.8085135e-14,1.3117509e-18,1.3117509e-18,2.0583061e-18,2.0583061e-18,-5.4996251e-08,-5.4996251e-08,-2.5062352e-17,-2.5062352e-17,-2.3613277e-17,-2.3613277e-17,2.0806237e-19,2.0806237e-19,7.2337965e-07,7.2337965e-07,9.9183488e-36,9.9183488e-36
2.0871071e-14,2.0871071e-14,-4.0132469e-17,-4.0132469e-17,2.0830938e-14,2.0830938e-14,1.9714223e-14,1.9714223e-14,-1.1568475e-15,-1.1568475e-15,-4.7802703e-05,-4.7802703e-05,-5.7741816e-05,-5.7741816e-05,-4.7281301e-05,-4.7281301e-05,-5.7741816e-05,-5.7741816e-05,-8.067785e-18,-8.067785e-18,7.1309541e-17,7.1309541e-17,0.00038494544,0.00038494544,-1.9731442e-14,-1.9731442e-14,4.5294716e-16,4.5294716e-16,2.2692032e-16,2.2692032e-16,-9.3181624e-18,-9.3181624e-18,-0.00032720362,-0.00032720362,-5.7741816e-05,-5.7741816e-05,-0.00032720362,-0.00032720362,-5.7741816e-05,-5.7741816e-05,-1.5462441e-16,-1.5462441e-16,2.0916731e-17,2.0916731e-17,-0.00038494544,-0.00038494544,-1.3018675e-16,-1.3018675e-16,-0.00038489319,-0.00038489319,-3.9095714e-16,-3.9095714e-16,0.00032720362,0.00032720362,5.7741816e-05,5.7741816e-05,0.00032720362,0.00032720362,5.7741816e-05,5.7741816e-05,0.00038494544,0.00038494544,-1.9760027e-14,-1.9760027e-14,2.0897997e-16,2.0897997e-16,8.5272501e-17,8.5272501e-17,-5.7741816e-05,-5.7741816e-05,-1.1980006e-06,-1.1980006e-06,-3.8178226e-19,-3.8178226e-19,-1.0183005e-06,-1.0183005e-06,-1.7970009e-07,-1.7970009e-07,0.00026634338,0.00026634338,-1.973485e-14,-1.973485e-14,0.3109622,0.3109622,-1.2448024e-12,-1.2448024e-12,0.17102856,0.17102856,-6.2270917e-13,-6.2270917e-13,1.111099e-15,1.111099e-15,0.00038494544,0.00038494544,1.3420529e-17,1.3420529e-17,-3.9721165e-15,-3.9721165e-15,-6.8262078e-14,-6.8262078e-14,6.8262078e-14,6.8262078e-14,1.3065606e-18,1.3065606e-18,2.0519197e-18,2.0519197e-18,-5.2246438e-08,-5.2246438e-08,-2.4984573e-17,-2.4984573e-17,-2.3540023e-17,-2.3540023e-17,2.0741679e-19,2.0741679e-19,7.1692732e-07,7.1692732e-07,9.8437636e-36,9.8437636e-36
2.0880101e-14,2.0880101e-14,-4.0029655e-17,-4.0029655e-17,2.0840072e-14,2.0840072e-14,1.9713991e-14,1.9713991e-14,-1.1661103e-15,-1.1661103e-15,-4.7649583e-05,-4.7649583e-05,-5.7562673e-05,-5.7562673e-05,-4.713283e-05,-4.713283e-05,-5.7562673e-05,-5.7562673e-05,-8.0131085e-18,-8.0131085e-18,7.1088281e-17,7.1088281e-17,0.00038375115,0.00038375115,-1.9732129e-14,-1.9732129e-14,4.5158618e-16,4.5158618e-16,2.2631856e-16,2.2631856e-16,-9.2888887e-18,-9.2888887e-18,-0.00032618848,-0.00032618848,-5.7562673e-05,-5.7562673e-05,-0.00032618848,-0.00032618848,-5.7562673e-05,-5.7562673e-05,-1.5594354e-16,-1.5594354e-16,2.1678527e-17,2.1678527e-17,-0.00038375115,-0.00038375115,-1.30755e-16,-1.30755e-16,-0.00038370152,-0.00038370152,-3.9071429e-16,-3.9071429e-16,0.00032618848,0.00032618848,5.7562673e-05,5.7562673e-05,0.00032618848,0.00032618848,5.7562673e-05,5.7562673e-05,0.00038375115,0.00038375115,-1.9760625e-14,-1.9760625e-14,2.102268e-16,2.102268e-16,8.489303e-17,8.489303e-17,-5.7562673e-05,-5.7562673e-05,-1.1942849e-06,-1.1942849e-06,-3.8037456e-19,-3.8037456e-19,-1.0151422e-06,-1.0151422e-06,-1.7914274e-07,-1.7914274e-07,0.00026551695,0.00026551695,-1.9735526e-14,-1.9735526e-14,0.30999738,0.30999738,-1.2448493e-12,-1.2448493e-12,0.17049794,0.17049794,-6.2273498e-13,-6.2273498e-13,1.119529e-15,1.119529e-15,0.00038375115,0.00038375115,1.3761906e-17,1.3761906e-17,-3.9723682e-15,-3.9723682e-15,-6.8438478e-14,-6.8438478e-14,6.8438478e-14,6.8438478e-14,1.3014121e-18,1.3014121e-18,2.0455531e-18,2.0455531e-18,-4.9634117e-08,-4.9634117e-08,-2.4907037e-17,-2.4907037e-17,-2.3466996e-17,-2.3466996e-17,2.0677321e-19,2.0677321e-19,7.1053467e-07,7.1053467e-07,9.770122e-36,9.770122e-36
2.0889374e-14,2.0889374e-14,-3.9969282e-17,-3.9969282e-17,2.0849405e-14,2.0849405e-14,1.9713759e-14,1.9713759e-14,-1.1756145e-15,-1.1756145e-15,-4.7497055e-05,-4.7497055e-05,-5.7384086e-05,-5.7384086e-05,-4.6984909e-05,-4.6984909e-05,-5.7384086e-05,-5.7384086e-05,-8.0622515e-18,-8.0622515e-18,7.0867708e-17,7.0867708e-17,0.00038256057,0.00038256057,-1.9732814e-14,-1.9732814e-14,4.5013812e-16,4.5013812e-16,2.2546705e-16,2.2546705e-16,-9.259718e-18,-9.259718e-18,-0.00032517649,-0.00032517649,-5.7384086e-05,-5.7384086e-05,-0.00032517649,-0.00032517649,-5.7384086e-05,-5.7384086e-05,-1.5725872e-16,-1.5725872e-16,2.2438027e-17,2.2438027e-17,-0.00038256057,-0.00038256057,-1.3132158e-16,-1.3132158e-16,-0.00038251342,-0.00038251342,-3.9047239e-16,-3.9047239e-16,0.00032517649,0.00032517649,5.7384086e-05,5.7384086e-05,0.00032517649,0.00032517649,5.7384086e-05,5.7384086e-05,0.00038256057,0.00038256057,-1.9761222e-14,-1.9761222e-14,2.1152784e-16,2.1152784e-16,8.47304e-17,8.47304e-17,-5.7384086e-05,-5.7384086e-05,-1.1905807e-06,-1.1905807e-06,-3.7897841e-19,-3.7897841e-19,-1.0119936e-06,-1.0119936e-06,-1.785871e-07,-1.785871e-07,0.00026469309,0.00026469309,-1.97362e-14,-1.97362e-14,0.30903555,0.30903555,-1.2448959e-12,-1.2448959e-12,0.16996897,0.16996897,-6.227607e-13,-6.227607e-13,1.1281487e-15,1.1281487e-15,0.00038256057,0.00038256057,1.4119192e-17,1.4119192e-17,-3.972619e-15,-3.972619e-15,-6.8614336e-14,-6.8614336e-14,6.8614336e-14,6.8614336e-14,1.2963048e-18,1.2963048e-18,2.0392063e-18,2.0392063e-18,-4.7152411e-08,-4.7152411e-08,-2.4829742e-17,-2.4829742e-17,-2.3394195e-17,-2.3394195e-17,2.0613164e-19,2.0613164e-19,7.0420115e-07,7.0420115e-07,9.697398e-36,9.697398e-36
2.0898416e-14,2.0898416e-14,-3.9858609e-17,-3.9858609e-17,2.0858557e-14,2.0858557e-14,1.9713528e-14,1.9713528e-14,-1.184888e-15,-1.184888e-15,-4.7345113e-05,-4.7345113e-05,-5.7206053e-05,-5.7206053e-05,-4.683753e-05,-4.683753e-05,-5.7206053e-05,-5.7206053e-05,-7.9990659e-18,-7.9990659e-18,7.0647821e-17,7.0647821e-17,0.00038137369,0.00038137369,-1.9733496e-14,-1.9733496e-14,4.4873264e-16,4.4873264e-16,2.2482074e-16,2.2482074e-16,-9.2306496e-18,-9.2306496e-18,-0.00032416763,-0.00032416763,-5.7206053e-05,-5.7206053e-05,-0.00032416763,-0.00032416763,-5.7206053e-05,-5.7206053e-05,-1.5856998e-16,-1.5856998e-16,2.3195237e-17,2.3195237e-17,-0.00038137369,-0.00038137369,-1.3188648e-16,-1.3188648e-16,-0.00038132889,-0.00038132889,-3.9023142e-16,-3.9023142e-16,0.00032416763,0.00032416763,5.7206053e-05,5.7206053e-05,0.00032416763,0.00032416763,5.7206053e-05,5.7206053e-05,0.00038137369,0.00038137369,-1.9761816e-14,-1.9761816e-14,2.128831e-16,2.128831e-16,8.4405139e-17,8.4405139e-17,-5.7206053e-05,-5.7206053e-05,-1.1868879e-06,-1.1868879e-06,-3.7759352e-19,-3.7759352e-19,-1.0088547e-06,-1.0088547e-06,-1.7803319e-07,-1.7803319e-07,0.00026387178,0.00026387178,-1.9736871e-14,-1.9736871e-14,0.30807671,0.30807671,-1.2449425e-12,-1.2449425e-12,0.16944163,0.16944163,-6.2278634e-13,-6.2278634e-13,1.1366485e-15,1.1366485e-15,0.00038137369,0.00038137369,1.4471129e-17,1.4471129e-17,-3.9728691e-15,-3.9728691e-15,-6.8789654e-14,-6.8789654e-14,6.8789654e-14,6.8789654e-14,1.2912379e-18,1.2912379e-18,2.0328792e-18,2.0328792e-18,-4.479479e-08,-4.479479e-08,-2.4752688e-17,-2.4752688e-17,-2.332162e-17,-2.332162e-17,2.0549205e-19,2.0549205e-19,6.9792617e-07,6.9792617e-07,9.6255668e-36,9.6255668e-36
2.0907485e-14,2.0907485e-14,-3.9737641e-17,-3.9737641e-17,2.0867747e-14,2.0867747e-14,1.9713297e-14,1.9713297e-14,-1.1941876e-15,-1.1941876e-15,-4.7193751e-05,-4.7193751e-05,-5.7028572e-05,-5.7028572e-05,-4.669069e-05,-4.669069e-05,-5.7028572e-05,-5.7028572e-05,-7.9868719e-18,-7.9868719e-18,7.0428616e-17,7.0428616e-17,0.00038019048,0.00038019048,-1.9734176e-14,-1.9734176e-14,4.4734692e-16,4.4734692e-16,2.2408571e-16,2.2408571e-16,-9.2016827e-18,-9.2016827e-18,-0.00032316191,-0.00032316191,-5.7028572e-05,-5.7028572e-05,-0.00032316191,-0.00032316191,-5.7028572e-05,-5.7028572e-05,-1.5987732e-16,-1.5987732e-16,2.3950163e-17,2.3950163e-17,-0.00038019048,-0.00038019048,-1.3244971e-16,-1.3244971e-16,-0.00038014792,-0.00038014792,-3.8999136e-16,-3.8999136e-16,0.00032316191,0.00032316191,5.7028572e-05,5.7028572e-05,0.00032316191,0.00032316191,5.7028572e-05,5.7028572e-05,0.00038019048,0.00038019048,-1.9762408e-14,-1.9762408e-14,2.1418414e-16,2.1418414e-16,8.4188299e-17,8.4188299e-17,-5.7028572e-05,-5.7028572e-05,-1.1832065e-06,-1.1832065e-06,-3.7621959e-19,-3.7621959e-19,-1.0057255e-06,-1.0057255e-06,-1.7748098e-07,-1.7748098e-07,0.00026305303,0.00026305303,-1.973754e-14,-1.973754e-14,0.30712085,0.30712085,-1.2449888e-12,-1.2449888e-12,0.16891594,0.16891594,-6.2281189e-13,-6.2281189e-13,1.1451228e-15,1.1451228e-15,0.00038019048,0.00038019048,1.4812168e-17,1.4812168e-17,-3.9731184e-15,-3.9731184e-15,-6.8964434e-14,-6.8964434e-14,6.8964434e-14,6.8964434e-14,1.2862107e-18,1.2862107e-18,2.0265718e-18,2.0265718e-18,-4.2555051e-08,-4.2555051e-08,-2.4675874e-17,-2.4675874e-17,-2.324927e-17,-2.324927e-17,2.0485446e-19,2.0485446e-19,6.917092e-07,6.917092e-07,9.5546046e-36,9.5546046e-36
2.0916484e-14,2.0916484e-14,-3.9564106e-17,-3.9564106e-17,2.087692e-14,2.087692e-14,1.9713067e-14,1.9713067e-14,-1.2034168e-15,-1.2034168e-15,-4.7042963e-05,-4.7042963e-05,-5.6851642e-05,-5.6851642e-05,-4.6544381e-05,-4.6544381e-05,-5.6851642e-05,-5.6851642e-05,-7.9721471e-18,-7.9721471e-18,7.0210093e-17,7.0210093e-17,0.00037901094,0.00037901094,-1.9734854e-14,-1.9734854e-14,4.4601024e-16,4.4601024e-16,2.2345391e-16,2.2345391e-16,-9.1728165e-18,-9.1728165e-18,-0.0003221593,-0.0003221593,-5.6851642e-05,-5.6851642e-05,-0.0003221593,-0.0003221593,-5.6851642e-05,-5.6851642e-05,-1.6118074e-16,-1.6118074e-16,2.4702811e-17,2.4702811e-17,-0.00037901094,-0.00037901094,-1.3301127e-16,-1.3301127e-16,-0.00037897052,-0.00037897052,-3.8975222e-16,-3.8975222e-16,0.0003221593,0.0003221593,5.6851641e-05,5.6851641e-05,0.0003221593,0.0003221593,5.6851641e-05,5.6851641e-05,0.00037901094,0.00037901094,-1.9762998e-14,-1.9762998e-14,2.1548518e-16,2.1548518e-16,8.3808828e-17,8.3808828e-17,-5.6851642e-05,-5.6851642e-05,-1.1795365e-06,-1.1795365e-06,-3.7485634e-19,-3.7485634e-19,-1.002606e-06,-1.002606e-06,-1.7693048e-07,-1.7693048e-07,0.00026223683,0.00026223683,-1.9738207e-14,-1.9738207e-14,0.30616796,0.30616796,-1.2450351e-12,-1.2450351e-12,0.16839187,0.16839187,-6.2283737e-13,-6.2283737e-13,1.1535291e-15,1.1535291e-15,0.00037901094,0.00037901094,1.5150118e-17,1.5150118e-17,-3.973367e-15,-3.973367e-15,-6.9138676e-14,-6.9138676e-14,6.9138676e-14,6.9138676e-14,1.2812225e-18,1.2812225e-18,2.0202839e-18,2.0202839e-18,-4.0427298e-08,-4.0427298e-08,-2.45993e-17,-2.45993e-17,-2.3177143e-17,-2.3177143e-17,2.0421884e-19,2.0421884e-19,6.8554967e-07,6.8554967e-07,9.4844885e-36,9.4844885e-36
2.0925627e-14,2.0925627e-14,-3.9551839e-17,-3.9551839e-17,2.0886075e-14,2.0886075e-14,1.9712837e-14,1.9712837e-14,-1.2127896e-15,-1.2127896e-15,-4.6892742e-05,-4.6892742e-05,-5.667526e-05,-5.667526e-05,-4.6398599e-05,-4.6398599e-05,-5.667526e-05,-5.667526e-05,-8.0639966e-18,-8.0639966e-18,6.9992248e-17,6.9992248e-17,0.00037783507,0.00037783507,-1.973553e-14,-1.973553e-14,4.444588e-16,4.444588e-16,2.2260732e-16,2.2260732e-16,-9.1440504e-18,-9.1440504e-18,-0.00032115981,-0.00032115981,-5.667526e-05,-5.667526e-05,-0.00032115981,-0.00032115981,-5.667526e-05,-5.667526e-05,-1.6248026e-16,-1.6248026e-16,2.5453186e-17,2.5453186e-17,-0.00037783507,-0.00037783507,-1.3357117e-16,-1.3357117e-16,-0.00037779666,-0.00037779666,-3.8951399e-16,-3.8951399e-16,0.00032115981,0.00032115981,5.667526e-05,5.667526e-05,0.00032115981,0.00032115981,5.667526e-05,5.667526e-05,0.00037783507,0.00037783507,-1.9763587e-14,-1.9763587e-14,2.1678622e-16,2.1678622e-16,8.3808828e-17,8.3808828e-17,-5.667526e-05,-5.667526e-05,-1.1758778e-06,-1.1758778e-06,-3.7350351e-19,-3.7350351e-19,-9.9949616e-07,-9.9949616e-07,-1.7638167e-07,-1.7638167e-07,0.00026142316,0.00026142316,-1.9738872e-14,-1.9738872e-14,0.30521802,0.30521802,-1.2450811e-12,-1.2450811e-12,0.16786943,0.16786943,-6.2286276e-13,-6.2286276e-13,1.1620815e-15,1.1620815e-15,0.00037783507,0.00037783507,1.5514195e-17,1.5514195e-17,-3.9736147e-15,-3.9736147e-15,-6.9312384e-14,-6.9312384e-14,6.9312384e-14,6.9312384e-14,1.2762728e-18,1.2762728e-18,2.0140156e-18,2.0140156e-18,-3.8405933e-08,-3.8405933e-08,-2.4522963e-17,-2.4522963e-17,-2.3105241e-17,-2.3105241e-17,2.035852e-19,2.035852e-19,6.7944705e-07,6.7944705e-07,9.4151967e-36,9.4151967e-36
2.0934488e-14,2.0934488e-14,-3.9329571e-17,-3.9329571e-17,2.0895159e-14,2.0895159e-14,1.9712608e-14,1.9712608e-14,-1.2218805e-15,-1.2218805e-15,-4.6743084e-05,-4.6743084e-05,-5.6499425e-05,-5.6499425e-05,-4.6253337e-05,-4.6253337e-05,-5.6499425e-05,-5.6499425e-05,-7.8836327e-18,-7.8836327e-18,6.977508e-17,6.977508e-17,0.00037666284,0.00037666284,-1.9736203e-14,-1.9736203e-14,4.4327205e-16,4.4327205e-16,2.2207119e-16,2.2207119e-16,-9.1153835e-18,-9.1153835e-18,-0.00032016341,-0.00032016341,-5.6499425e-05,-5.6499425e-05,-0.00032016341,-0.00032016341,-5.6499425e-05,-5.6499425e-05,-1.6377589e-16,-1.6377589e-16,2.6201293e-17,2.6201293e-17,-0.00037666284,-0.00037666284,-1.3412941e-16,-1.3412941e-16,-0.00037662635,-0.00037662635,-3.8927665e-16,-3.8927665e-16,0.00032016341,0.00032016341,5.6499425e-05,5.6499425e-05,0.00032016341,0.00032016341,5.6499425e-05,5.6499425e-05,0.00037666284,0.00037666284,-1.9764173e-14,-1.9764173e-14,2.1797885e-16,2.1797885e-16,8.3375147e-17,8.3375147e-17,-5.6499425e-05,-5.6499425e-05,-1.1722305e-06,-1.1722305e-06,-3.7216082e-19,-3.7216082e-19,-9.963959e-07,-9.963959e-07,-1.7583457e-07,-1.7583457e-07,0.00026061202,0.00026061202,-1.9739534e-14,-1.9739534e-14,0.30427104,0.30427104,-1.245127e-12,-1.245127e-12,0.16734861,0.16734861,-6.2288806e-13,-6.2288806e-13,1.1703003e-15,1.1703003e-15,0.00037666284,0.00037666284,1.5832858e-17,1.5832858e-17,-3.9738616e-15,-3.9738616e-15,-6.9485558e-14,-6.9485558e-14,6.9485558e-14,6.9485558e-14,1.2713608e-18,1.2713608e-18,2.0077668e-18,2.0077668e-18,-3.6485637e-08,-3.6485637e-08,-2.4446864e-17,-2.4446864e-17,-2.3033561e-17,-2.3033561e-17,2.0295353e-19,2.0295353e-19,6.7340079e-07,6.7340079e-07,9.3467082e-36,9.3467082e-36
2.0943477e-14,2.0943477e-14,-3.9197136e-17,-3.9197136e-17,2.090428e-14,2.090428e-14,1.9712379e-14,1.9712379e-14,-1.2310977e-15,-1.2310977e-15,-4.6593982e-05,-4.6593982e-05,-5.6324136e-05,-5.6324136e-05,-4.6108592e-05,-4.6108592e-05,-5.6324136e-05,-5.6324136e-05,-7.8654166e-18,-7.8654166e-18,6.9558587e-17,6.9558587e-17,0.00037549424,0.00037549424,-1.9736874e-14,-1.9736874e-14,4.4185496e-16,4.4185496e-16,2.2130469e-16,2.2130469e-16,-9.0868153e-18,-9.0868153e-18,-0.0003191701,-0.0003191701,-5.6324136e-05,-5.6324136e-05,-0.0003191701,-0.0003191701,-5.6324136e-05,-5.6324136e-05,-1.6506763e-16,-1.6506763e-16,2.6947138e-17,2.6947138e-17,-0.00037549424,-0.00037549424,-1.3468599e-16,-1.3468599e-16,-0.00037545958,-0.00037545958,-3.8904019e-16,-3.8904019e-16,0.0003191701,0.0003191701,5.6324136e-05,5.6324136e-05,0.0003191701,0.0003191701,5.6324136e-05,5.6324136e-05,0.00037549424,0.00037549424,-1.9764757e-14,-1.9764757e-14,2.1917147e-16,2.1917147e-16,8.3158307e-17,8.3158307e-17,-5.6324136e-05,-5.6324136e-05,-1.1685944e-06,-1.1685944e-06,-3.7082805e-19,-3.7082805e-19,-9.9330522e-07,-9.9330522e-07,-1.7528916e-07,-1.7528916e-07,0.0002598034,0.0002598034,-1.9740195e-14,-1.9740195e-14,0.30332699,0.30332699,-1.2451728e-12,-1.2451728e-12,0.16682941,0.16682941,-6.2291329e-13,-6.2291329e-13,1.1787021e-15,1.1787021e-15,0.00037549424,0.00037549424,1.6174207e-17,1.6174207e-17,-3.9741078e-15,-3.9741078e-15,-6.9658199e-14,-6.9658199e-14,6.9658199e-14,6.9658199e-14,1.2664859e-18,1.2664859e-18,2.0015373e-18,2.0015373e-18,-3.4661355e-08,-3.4661355e-08,-2.4371002e-17,-2.4371002e-17,-2.2962103e-17,-2.2962103e-17,2.0232382e-19,2.0232382e-19,6.6741036e-07,6.6741036e-07,9.279003e-36,9.279003e-36
2.0952352e-14,2.0952352e-14,-3.9022513e-17,-3.9022513e-17,2.0913329e-14,2.0913329e-14,1.9712151e-14,1.9712151e-14,-1.2402009e-15,-1.2402009e-15,-4.6445431e-05,-4.6445431e-05,-5.6149391e-05,-5.6149391e-05,-4.5964358e-05,-4.5964358e-05,-5.6149391e-05,-5.6149391e-05,-7.7931861e-18,-7.7931861e-18,6.9342766e-17,6.9342766e-17,0.00037432927,0.00037432927,-1.9737543e-14,-1.9737543e-14,4.4052191e-16,4.4052191e-16,2.2073061e-16,2.2073061e-16,-9.058345e-18,-9.058345e-18,-0.00031817988,-0.00031817988,-5.6149391e-05,-5.6149391e-05,-0.00031817988,-0.00031817988,-5.6149391e-05,-5.6149391e-05,-1.6635549e-16,-1.6635549e-16,2.7690726e-17,2.7690726e-17,-0.00037432927,-0.00037432927,-1.3524092e-16,-1.3524092e-16,-0.00037429634,-0.00037429634,-3.8880462e-16,-3.8880462e-16,0.00031817988,0.00031817988,5.6149391e-05,5.6149391e-05,0.00031817988,0.00031817988,5.6149391e-05,5.6149391e-05,0.00037432927,0.00037432927,-1.976534e-14,-1.976534e-14,2.2047251e-16,2.2047251e-16,8.2778836e-17,8.2778836e-17,-5.6149391e-05,-5.6149391e-05,-1.1649695e-06,-1.1649695e-06,-3.6950494e-19,-3.6950494e-19,-9.9022409e-07,-9.9022409e-07,-1.7474543e-07,-1.7474543e-07,0.00025899729,0.00025899729,-1.9740853e-14,-1.9740853e-14,0.30238587,0.30238587,-1.2452184e-12,-1.2452184e-12,0.16631182,0.16631182,-6.2293843e-13,-6.2293843e-13,1.1869923e-15,1.1869923e-15,0.00037432927,0.00037432927,1.6509128e-17,1.6509128e-17,-3.9743532e-15,-3.9743532e-15,-6.983031e-14,-6.983031e-14,6.983031e-14,6.983031e-14,1.2616476e-18,1.2616476e-18,1.9953272e-18,1.9953272e-18,-3.2928287e-08,-3.2928287e-08,-2.4295376e-17,-2.4295376e-17,-2.2890867e-17,-2.2890867e-17,2.0169606e-19,2.0169606e-19,6.6147523e-07,6.6147523e-07,9.2120616e-36,9.2120616e-36
2.0961316e-14,2.0961316e-14,-3.900832e-17,-3.900832e-17,2.0922307e-14,2.0922307e-14,1.9711923e-14,1.9711923e-14,-1.2493927e-15,-1.2493927e-15,-4.6297427e-05,-4.6297427e-05,-5.5975187e-05,-5.5975187e-05,-4.5820631e-05,-4.5820631e-05,-5.5975187e-05,-5.5975187e-05,-7.8844574e-18,-7.8844574e-18,6.9127615e-17,6.9127615e-17,0.00037316792,0.00037316792,-1.973821e-14,-1.973821e-14,4.3908743e-16,4.3908743e-16,2.1994667e-16,2.1994667e-16,-9.029972e-18,-9.029972e-18,-0.00031719273,-0.00031719273,-5.5975187e-05,-5.5975187e-05,-0.00031719273,-0.00031719273,-5.5975187e-05,-5.5975187e-05,-1.6763949e-16,-1.6763949e-16,2.8432064e-17,2.8432064e-17,-0.00037316792,-0.00037316792,-1.3579419e-16,-1.3579419e-16,-0.00037313663,-0.00037313663,-3.8856991e-16,-3.8856991e-16,0.00031719273,0.00031719273,5.5975187e-05,5.5975187e-05,0.00031719273,0.00031719273,5.5975187e-05,5.5975187e-05,0.00037316792,0.00037316792,-1.976592e-14,-1.976592e-14,2.2171934e-16,2.2171934e-16,8.2561995e-17,8.2561995e-17,-5.5975187e-05,-5.5975187e-05,-1.1613559e-06,-1.1613559e-06,-3.6819127e-19,-3.6819127e-19,-9.871525e-07,-9.871525e-07,-1.7420338e-07,-1.7420338e-07,0.00025819368,0.00025819368,-1.9741509e-14,-1.9741509e-14,0.30144768,0.30144768,-1.2452639e-12,-1.2452639e-12,0.16579583,0.16579583,-6.2296349e-13,-6.2296349e-13,1.1954277e-15,1.1954277e-15,0.00037316792,0.00037316792,1.6859172e-17,1.6859172e-17,-3.9745978e-15,-3.9745978e-15,-7.0001891e-14,-7.0001891e-14,7.0001891e-14,7.0001891e-14,1.2568451e-18,1.2568451e-18,1.9891363e-18,1.9891363e-18,-3.1281873e-08,-3.1281873e-08,-2.4219985e-17,-2.4219985e-17,-2.2819852e-17,-2.2819852e-17,2.0107026e-19,2.0107026e-19,6.5559487e-07,6.5559487e-07,9.1458656e-36,9.1458656e-36
2.0970222e-14,2.0970222e-14,-3.8899168e-17,-3.8899168e-17,2.0931323e-14,2.0931323e-14,1.9711696e-14,1.9711696e-14,-1.2585262e-15,-1.2585262e-15,-4.6149965e-05,-4.6149965e-05,-5.5801524e-05,-5.5801524e-05,-4.5677406e-05,-4.5677406e-05,-5.5801524e-05,-5.5801524e-05,-7.9230637e-18,-7.9230637e-18,6.8913132e-17,6.8913132e-17,0.00037201016,0.00037201016,-1.9738874e-14,-1.9738874e-14,4.3762701e-16,4.3762701e-16,2.1913677e-16,2.1913677e-16,-9.0016956e-18,-9.0016956e-18,-0.00031620864,-0.00031620864,-5.5801524e-05,-5.5801524e-05,-0.00031620864,-0.00031620864,-5.5801524e-05,-5.5801524e-05,-1.6891962e-16,-1.6891962e-16,2.9171157e-17,2.9171157e-17,-0.00037201016,-0.00037201016,-1.3634582e-16,-1.3634582e-16,-0.00037198044,-0.00037198044,-3.8833607e-16,-3.8833607e-16,0.00031620864,0.00031620864,5.5801524e-05,5.5801524e-05,0.00031620864,0.00031620864,5.5801524e-05,5.5801524e-05,0.00037201016,0.00037201016,-1.9766499e-14,-1.9766499e-14,2.2312881e-16,2.2312881e-16,8.2507785e-17,8.2507785e-17,-5.5801524e-05,-5.5801524e-05,-1.1577534e-06,-1.1577534e-06,-3.6688682e-19,-3.6688682e-19,-9.840904e-07,-9.840904e-07,-1.7366301e-07,-1.7366301e-07,0.00025739257,0.00025739257,-1.9742163e-14,-1.9742163e-14,0.3005124,0.3005124,-1.2453092e-12,-1.2453092e-12,0.16528145,0.16528145,-6.2298847e-13,-6.2298847e-13,1.2038074e-15,1.2038074e-15,0.00037201016,0.00037201016,1.720308e-17,1.720308e-17,-3.9748417e-15,-3.9748417e-15,-7.0172945e-14,-7.0172945e-14,7.0172945e-14,7.0172945e-14,1.252078e-18,1.252078e-18,1.9829647e-18,1.9829647e-18,-2.9717779e-08,-2.9717779e-08,-2.4144829e-17,-2.4144829e-17,-2.2749056e-17,-2.2749056e-17,2.004464e-19,2.004464e-19,6.4976876e-07,6.4976876e-07,9.0803972e-36,9.0803972e-36
2.0979002e-14,2.0979002e-14,-3.8680829e-17,-3.8680829e-17,2.0940321e-14,2.0940321e-14,1.9711469e-14,1.9711469e-14,-1.2675329e-15,-1.2675329e-15,-4.6003039e-05,-4.6003039e-05,-5.56284e-05,-5.56284e-05,-4.5534678e-05,-4.5534678e-05,-5.56284e-05,-5.56284e-05,-7.747046e-18,-7.747046e-18,6.8699315e-17,6.8699315e-17,0.000370856,0.000370856,-1.9739536e-14,-1.9739536e-14,4.3644309e-16,4.3644309e-16,2.1865755e-16,2.1865755e-16,-8.9735153e-18,-8.9735153e-18,-0.0003152276,-0.0003152276,-5.56284e-05,-5.56284e-05,-0.0003152276,-0.0003152276,-5.56284e-05,-5.56284e-05,-1.7019591e-16,-1.7019591e-16,2.990801e-17,2.990801e-17,-0.000370856,-0.000370856,-1.3689581e-16,-1.3689581e-16,-0.00037082777,-0.00037082777,-3.8810309e-16,-3.8810309e-16,0.0003152276,0.0003152276,5.56284e-05,5.56284e-05,0.0003152276,0.0003152276,5.56284e-05,5.56284e-05,0.000370856,0.000370856,-1.9767075e-14,-1.9767075e-14,2.2432143e-16,2.2432143e-16,8.2074104e-17,8.2074104e-17,-5.56284e-05,-5.56284e-05,-1.1541621e-06,-1.1541621e-06,-3.6559137e-19,-3.6559137e-19,-9.8103778e-07,-9.8103778e-07,-1.7312431e-07,-1.7312431e-07,0.00025659395,0.00025659395,-1.9742815e-14,-1.9742815e-14,0.29958002,0.29958002,-1.2453544e-12,-1.2453544e-12,0.16476866,0.16476866,-6.2301337e-13,-6.2301337e-13,1.2119543e-15,1.2119543e-15,0.000370856,0.000370856,1.7521743e-17,1.7521743e-17,-3.9750848e-15,-3.9750848e-15,-7.0343473e-14,-7.0343473e-14,7.0343473e-14,7.0343473e-14,1.2473455e-18,1.2473455e-18,1.9768123e-18,1.9768123e-18,-2.823189e-08,-2.823189e-08,-2.4069907e-17,-2.4069907e-17,-2.2678481e-17,-2.2678481e-17,1.9982447e-19,1.9982447e-19,6.439964e-07,6.439964e-07,9.0156392e-36,9.0156392e-36
2.0987808e-14,2.0987808e-14,-3.861386e-17,-3.861386e-17,2.0949194e-14,2.0949194e-14,1.9711243e-14,1.9711243e-14,-1.2765651e-15,-1.2765651e-15,-4.5856645e-05,-4.5856645e-05,-5.5455813e-05,-5.5455813e-05,-4.5392443e-05,-4.5392443e-05,-5.5455813e-05,-5.5455813e-05,-7.7365442e-18,-7.7365442e-18,6.8486163e-17,6.8486163e-17,0.00036970542,0.00036970542,-1.9740197e-14,-1.9740197e-14,4.3501692e-16,4.3501692e-16,2.1793606e-16,2.1793606e-16,-8.9454305e-18,-8.9454305e-18,-0.00031424961,-0.00031424961,-5.5455813e-05,-5.5455813e-05,-0.00031424961,-0.00031424961,-5.5455813e-05,-5.5455813e-05,-1.7146835e-16,-1.7146835e-16,3.0642629e-17,3.0642629e-17,-0.00036970542,-0.00036970542,-1.3744416e-16,-1.3744416e-16,-0.0003696786,-0.0003696786,-3.8787095e-16,-3.8787095e-16,0.00031424961,0.00031424961,5.5455813e-05,5.5455813e-05,0.00031424961,0.00031424961,5.5455813e-05,5.5455813e-05,0.00036970542,0.00036970542,-1.976765e-14,-1.976765e-14,2.2556826e-16,2.2556826e-16,8.1857264e-17,8.1857264e-17,-5.5455813e-05,-5.5455813e-05,-1.1505819e-06,-1.1505819e-06,-3.6430473e-19,-3.6430473e-19,-9.779946e-07,-9.779946e-07,-1.7258728e-07,-1.7258728e-07,0.00025579781,0.00025579781,-1.9743464e-14,-1.9743464e-14,0.29865053,0.29865053,-1.2453994e-12,-1.2453994e-12,0.16425746,0.16425746,-6.2303819e-13,-6.2303819e-13,1.2201833e-15,1.2201833e-15,0.00036970542,0.00036970542,1.7848302e-17,1.7848302e-17,-3.9753271e-15,-3.9753271e-15,-7.0513476e-14,-7.0513476e-14,7.0513476e-14,7.0513476e-14,1.2426473e-18,1.2426473e-18,1.9706789e-18,1.9706789e-18,-2.6820296e-08,-2.6820296e-08,-2.3995217e-17,-2.3995217e-17,-2.2608123e-17,-2.2608123e-17,1.9920448e-19,1.9920448e-19,6.3827726e-07,6.3827726e-07,8.9515754e-36,8.9515754e-36
2.0996613e-14,2.0996613e-14,-3.8454071e-17,-3.8454071e-17,2.0958158e-14,2.0958158e-14,1.9711017e-14,1.9711017e-14,-1.2855954e-15,-1.2855954e-15,-4.5710779e-05,-4.5710779e-05,-5.5283761e-05,-5.5283761e-05,-4.5250698e-05,-4.5250698e-05,-5.5283761e-05,-5.5283761e-05,-7.7295946e-18,-7.7295946e-18,6.8273672e-17,6.8273672e-17,0.00036855841,0.00036855841,-1.9740855e-14,-1.9740855e-14,4.3367091e-16,4.3367091e-16,2.1729473e-16,2.1729473e-16,-8.9174404e-18,-8.9174404e-18,-0.00031327464,-0.00031327464,-5.5283761e-05,-5.5283761e-05,-0.00031327464,-0.00031327464,-5.5283761e-05,-5.5283761e-05,-1.7273697e-16,-1.7273697e-16,3.137502e-17,3.137502e-17,-0.00036855841,-0.00036855841,-1.3799087e-16,-1.3799087e-16,-0.00036853293,-0.00036853293,-3.8763965e-16,-3.8763965e-16,0.00031327464,0.00031327464,5.5283761e-05,5.5283761e-05,0.00031327464,0.00031327464,5.5283761e-05,5.5283761e-05,0.00036855841,0.00036855841,-1.9768223e-14,-1.9768223e-14,2.2681509e-16,2.2681509e-16,8.1640424e-17,8.1640424e-17,-5.5283761e-05,-5.5283761e-05,-1.1470127e-06,-1.1470127e-06,-3.630267e-19,-3.630267e-19,-9.7496083e-07,-9.7496083e-07,-1.7205191e-07,-1.7205191e-07,0.00025500414,0.00025500414,-1.9744112e-14,-1.9744112e-14,0.29772393,0.29772393,-1.2454443e-12,-1.2454443e-12,0.16374785,0.16374785,-6.2306293e-13,-6.2306293e-13,1.2283586e-15,1.2283586e-15,0.00036855841,0.00036855841,1.8169156e-17,1.8169156e-17,-3.9755686e-15,-3.9755686e-15,-7.0682956e-14,-7.0682956e-14,7.0682956e-14,7.0682956e-14,1.2379827e-18,1.2379827e-18,1.9645646e-18,1.9645646e-18,-2.5479281e-08,-2.5479281e-08,-2.392076e-17,-2.392076e-17,-2.2537984e-17,-2.2537984e-17,1.9858641e-19,1.9858641e-19,6.3261086e-07,6.3261086e-07,8.8881898e-36,8.8881898e-36
2.1005297e-14,2.1005297e-14,-3.8353595e-17,-3.8353595e-17,2.0966943e-14,2.0966943e-14,1.9710792e-14,1.9710792e-14,-1.294505e-15,-1.294505e-15,-4.5565436e-05,-4.5565436e-05,-5.5112243e-05,-5.5112243e-05,-4.5109439e-05,-4.5109439e-05,-5.5112243e-05,-5.5112243e-05,-7.6726517e-18,-7.6726517e-18,6.8061841e-17,6.8061841e-17,0.00036741495,0.00036741495,-1.974151e-14,-1.974151e-14,4.3242843e-16,4.3242843e-16,2.1664847e-16,2.1664847e-16,-8.8895446e-18,-8.8895446e-18,-0.00031230271,-0.00031230271,-5.5112243e-05,-5.5112243e-05,-0.00031230271,-0.00031230271,-5.5112243e-05,-5.5112243e-05,-1.7400176e-16,-1.7400176e-16,3.2105188e-17,3.2105188e-17,-0.00036741495,-0.00036741495,-1.3853595e-16,-1.3853595e-16,-0.00036739075,-0.00036739075,-3.8740919e-16,-3.8740919e-16,0.00031230271,0.00031230271,5.5112243e-05,5.5112243e-05,0.00031230271,0.00031230271,5.5112243e-05,5.5112243e-05,0.00036741495,0.00036741495,-1.9768794e-14,-1.9768794e-14,2.2795351e-16,2.2795351e-16,8.1206743e-17,8.1206743e-17,-5.5112243e-05,-5.5112243e-05,-1.1434546e-06,-1.1434546e-06,-3.6175708e-19,-3.6175708e-19,-9.7193645e-07,-9.7193645e-07,-1.715182e-07,-1.715182e-07,0.00025421294,0.00025421294,-1.9744757e-14,-1.9744757e-14,0.29680021,0.29680021,-1.245489e-12,-1.245489e-12,0.16323981,0.16323981,-6.2308759e-13,-6.2308759e-13,1.2365782e-15,1.2365782e-15,0.00036741495,0.00036741495,1.8503892e-17,1.8503892e-17,-3.9758094e-15,-3.9758094e-15,-7.0851914e-14,-7.0851914e-14,7.0851914e-14,7.0851914e-14,1.2333511e-18,1.2333511e-18,1.9584693e-18,1.9584693e-18,-2.4205317e-08,-2.4205317e-08,-2.3846534e-17,-2.3846534e-17,-2.2468063e-17,-2.2468063e-17,1.9797026e-19,1.9797026e-19,6.2699668e-07,6.2699668e-07,8.8254674e-36,8.8254674e-36
2.1014183e-14,2.1014183e-14,-3.8309402e-17,-3.8309402e-17,2.0975874e-14,2.0975874e-14,1.9710567e-14,1.9710567e-14,-1.303616e-15,-1.303616e-15,-4.5420613e-05,-4.5420613e-05,-5.4941256e-05,-5.4941256e-05,-4.4968661e-05,-4.4968661e-05,-5.4941256e-05,-5.4941256e-05,-7.7832186e-18,-7.7832186e-18,6.7850667e-17,6.7850667e-17,0.00036627504,0.00036627504,-1.9742164e-14,-1.9742164e-14,4.3091729e-16,4.3091729e-16,2.1584196e-16,2.1584196e-16,-8.8617426e-18,-8.8617426e-18,-0.00031133379,-0.00031133379,-5.4941256e-05,-5.4941256e-05,-0.00031133379,-0.00031133379,-5.4941256e-05,-5.4941256e-05,-1.7526274e-16,-1.7526274e-16,3.2833139e-17,3.2833139e-17,-0.00036627504,-0.00036627504,-1.3907941e-16,-1.3907941e-16,-0.00036625205,-0.00036625205,-3.8717955e-16,-3.8717955e-16,0.00031133379,0.00031133379,5.4941256e-05,5.4941256e-05,0.00031133379,0.00031133379,5.4941256e-05,5.4941256e-05,0.00036627504,0.00036627504,-1.9769363e-14,-1.9769363e-14,2.2941718e-16,2.2941718e-16,8.1260953e-17,8.1260953e-17,-5.4941256e-05,-5.4941256e-05,-1.1399076e-06,-1.1399076e-06,-3.604957e-19,-3.604957e-19,-9.6892143e-07,-9.6892143e-07,-1.7098613e-07,-1.7098613e-07,0.00025342419,0.00025342419,-1.97454e-14,-1.97454e-14,0.29587935,0.29587935,-1.2455336e-12,-1.2455336e-12,0.16273336,0.16273336,-6.2311217e-13,-6.2311217e-13,1.2448934e-15,1.2448934e-15,0.00036627504,0.00036627504,1.8868168e-17,1.8868168e-17,-3.9760495e-15,-3.9760495e-15,-7.1020353e-14,-7.1020353e-14,7.1020353e-14,7.1020353e-14,1.2287521e-18,1.2287521e-18,1.9523929e-18,1.9523929e-18,-2.2995051e-08,-2.2995051e-08,-2.377254e-17,-2.377254e-17,-2.2398358e-17,-2.2398358e-17,1.9735602e-19,1.9735602e-19,6.2143423e-07,6.2143423e-07,8.7633935e-36,8.7633935e-36
2.1022745e-14,2.1022745e-14,-3.8011877e-17,-3.8011877e-17,2.0984733e-14,2.0984733e-14,1.9710343e-14,1.9710343e-14,-1.3124022e-15,-1.3124022e-15,-4.5276305e-05,-4.5276305e-05,-5.4770801e-05,-5.4770801e-05,-4.4828361e-05,-4.4828361e-05,-5.4770801e-05,-5.4770801e-05,-7.5740642e-18,-7.5740642e-18,6.7640149e-17,6.7640149e-17,0.00036513867,0.00036513867,-1.9742815e-14,-1.9742815e-14,4.2975508e-16,4.2975508e-16,2.1533015e-16,2.1533015e-16,-8.8340337e-18,-8.8340337e-18,-0.00031036787,-0.00031036787,-5.4770801e-05,-5.4770801e-05,-0.00031036787,-0.00031036787,-5.4770801e-05,-5.4770801e-05,-1.7651991e-16,-1.7651991e-16,3.355888e-17,3.355888e-17,-0.00036513867,-0.00036513867,-1.3962123e-16,-1.3962123e-16,-0.00036511683,-0.00036511683,-3.8695074e-16,-3.8695074e-16,0.00031036787,0.00031036787,5.4770801e-05,5.4770801e-05,0.00031036787,0.00031036787,5.4770801e-05,5.4770801e-05,0.00036513867,0.00036513867,-1.976993e-14,-1.976993e-14,2.3028454e-16,2.3028454e-16,8.0773062e-17,8.0773062e-17,-5.4770801e-05,-5.4770801e-05,-1.1363715e-06,-1.1363715e-06,-3.5924238e-19,-3.5924238e-19,-9.6591574e-07,-9.6591574e-07,-1.7045572e-07,-1.7045572e-07,0.0002526379,0.0002526379,-1.9746041e-14,-1.9746041e-14,0.29496135,0.29496135,-1.2455781e-12,-1.2455781e-12,0.16222847,0.16222847,-6.2313667e-13,-6.2313667e-13,1.2528319e-15,1.2528319e-15,0.00036513867,0.00036513867,1.9159405e-17,1.9159405e-17,-3.9762887e-15,-3.9762887e-15,-7.1188273e-14,-7.1188273e-14,7.1188273e-14,7.1188273e-14,1.2241851e-18,1.2241851e-18,1.9463353e-18,1.9463353e-18,-2.1845298e-08,-2.1845298e-08,-2.3698775e-17,-2.3698775e-17,-2.2328869e-17,-2.2328869e-17,1.9674369e-19,1.9674369e-19,6.1592302e-07,6.1592302e-07,8.7019541e-36,8.7019541e-36
2.1031492e-14,2.1031492e-14,-3.7970202e-17,-3.7970202e-17,2.0993522e-14,2.0993522e-14,1.971012e-14,1.971012e-14,-1.3213727e-15,-1.3213727e-15,-4.5132508e-05,-4.5132508e-05,-5.4600874e-05,-5.4600874e-05,-4.4688535e-05,-4.4688535e-05,-5.4600874e-05,-5.4600874e-05,-7.642158e-18,-7.642158e-18,6.7430285e-17,6.7430285e-17,0.00036400583,0.00036400583,-1.9743465e-14,-1.9743465e-14,4.2836288e-16,4.2836288e-16,2.1458834e-16,2.1458834e-16,-8.8064173e-18,-8.8064173e-18,-0.00030940495,-0.00030940495,-5.4600874e-05,-5.4600874e-05,-0.00030940495,-0.00030940495,-5.4600874e-05,-5.4600874e-05,-1.7777329e-16,-1.7777329e-16,3.4282414e-17,3.4282414e-17,-0.00036400583,-0.00036400583,-1.4016144e-16,-1.4016144e-16,-0.00036398507,-0.00036398507,-3.8672274e-16,-3.8672274e-16,0.00030940495,0.00030940495,5.4600874e-05,5.4600874e-05,0.00030940495,0.00030940495,5.4600874e-05,5.4600874e-05,0.00036400583,0.00036400583,-1.9770495e-14,-1.9770495e-14,2.3174821e-16,2.3174821e-16,8.0610432e-17,8.0610432e-17,-5.4600874e-05,-5.4600874e-05,-1.1328463e-06,-1.1328463e-06,-3.5799696e-19,-3.5799696e-19,-9.6291936e-07,-9.6291936e-07,-1.6992695e-07,-1.6992695e-07,0.00025185404,0.00025185404,-1.974668e-14,-1.974668e-14,0.29404621,0.29404621,-1.2456224e-12,-1.2456224e-12,0.16172515,0.16172515,-6.2316109e-13,-6.2316109e-13,1.2610112e-15,1.2610112e-15,0.00036400583,0.00036400583,1.9503836e-17,1.9503836e-17,-3.9765273e-15,-3.9765273e-15,-7.1355675e-14,-7.1355675e-14,7.1355675e-14,7.1355675e-14,1.2196496e-18,1.2196496e-18,1.9402966e-18,1.9402966e-18,-2.0753033e-08,-2.0753033e-08,-2.3625239e-17,-2.3625239e-17,-2.2259596e-17,-2.2259596e-17,1.9613326e-19,1.9613326e-19,6.1046257e-07,6.1046257e-07,8.6411357e-36,8.6411357e-36
2.104014e-14,2.104014e-14,-3.7846698e-17,-3.7846698e-17,2.1002294e-14,2.1002294e-14,1.9709896e-14,1.9709896e-14,-1.330244e-15,-1.330244e-15,-4.4989219e-05,-4.4989219e-05,-5.4431474e-05,-5.4431474e-05,-4.4549181e-05,-4.4549181e-05,-5.4431474e-05,-5.4431474e-05,-7.6086849e-18,-7.6086849e-18,6.7221072e-17,6.7221072e-17,0.00036287649,0.00036287649,-1.9744112e-14,-1.9744112e-14,4.2703098e-16,4.2703098e-16,2.1390682e-16,2.1390682e-16,-8.7788931e-18,-8.7788931e-18,-0.00030844502,-0.00030844502,-5.4431474e-05,-5.4431474e-05,-0.00030844502,-0.00030844502,-5.4431474e-05,-5.4431474e-05,-1.7902289e-16,-1.7902289e-16,3.500375e-17,3.500375e-17,-0.00036287649,-0.00036287649,-1.4070003e-16,-1.4070003e-16,-0.00036285678,-0.00036285678,-3.8649555e-16,-3.8649555e-16,0.00030844502,0.00030844502,5.4431474e-05,5.4431474e-05,0.00030844502,0.00030844502,5.4431474e-05,5.4431474e-05,0.00036287649,0.00036287649,-1.9771058e-14,-1.9771058e-14,2.3299505e-16,2.3299505e-16,8.0339381e-17,8.0339381e-17,-5.4431474e-05,-5.4431474e-05,-1.1293321e-06,-1.1293321e-06,-3.5675927e-19,-3.5675927e-19,-9.5993225e-07,-9.5993225e-07,-1.6939981e-07,-1.6939981e-07,0.00025107262,0.00025107262,-1.9747317e-14,-1.9747317e-14,0.2931339,0.2931339,-1.2456665e-12,-1.2456665e-12,0.1612234,0.1612234,-6.2318544e-13,-6.2318544e-13,1.2690397e-15,1.2690397e-15,0.00036287649,0.00036287649,1.9825795e-17,1.9825795e-17,-3.9767651e-15,-3.9767651e-15,-7.1522563e-14,-7.1522563e-14,7.1522563e-14,7.1522563e-14,1.2151451e-18,1.2151451e-18,1.9342766e-18,1.9342766e-18,-1.9715382e-08,-1.9715382e-08,-2.3551932e-17,-2.3551932e-17,-2.2190538e-17,-2.2190538e-17,1.9552473e-19,1.9552473e-19,6.0505239e-07,6.0505239e-07,8.5809252e-36,8.5809252e-36
2.1048773e-14,2.1048773e-14,-3.7778543e-17,-3.7778543e-17,2.1010995e-14,2.1010995e-14,1.9709674e-14,1.9709674e-14,-1.3390992e-15,-1.3390992e-15,-4.4846434e-05,-4.4846434e-05,-5.42626e-05,-5.42626e-05,-4.4410294e-05,-4.4410294e-05,-5.42626e-05,-5.42626e-05,-7.582719e-18,-7.582719e-18,6.7012509e-17,6.7012509e-17,0.00036175066,0.00036175066,-1.9744757e-14,-1.9744757e-14,4.2570648e-16,4.2570648e-16,2.1323268e-16,2.1323268e-16,-8.7514605e-18,-8.7514605e-18,-0.00030748806,-0.00030748806,-5.42626e-05,-5.42626e-05,-0.00030748806,-0.00030748806,-5.42626e-05,-5.42626e-05,-1.8026871e-16,-1.8026871e-16,3.5722891e-17,3.5722891e-17,-0.00036175066,-0.00036175066,-1.41237e-16,-1.41237e-16,-0.00036173193,-0.00036173193,-3.8626916e-16,-3.8626916e-16,0.00030748806,0.00030748806,5.42626e-05,5.42626e-05,0.00030748806,0.00030748806,5.42626e-05,5.42626e-05,0.00036175066,0.00036175066,-1.977162e-14,-1.977162e-14,2.3418767e-16,2.3418767e-16,8.006833e-17,8.006833e-17,-5.42626e-05,-5.42626e-05,-1.1258287e-06,-1.1258287e-06,-3.5552916e-19,-3.5552916e-19,-9.569544e-07,-9.569544e-07,-1.6887431e-07,-1.6887431e-07,0.00025029362,0.00025029362,-1.9747952e-14,-1.9747952e-14,0.29222442,0.29222442,-1.2457106e-12,-1.2457106e-12,0.1607232,0.1607232,-6.232097e-13,-6.232097e-13,1.2771628e-15,1.2771628e-15,0.00036175066,0.00036175066,2.0166272e-17,2.0166272e-17,-3.9770021e-15,-3.9770021e-15,-7.1688936e-14,-7.1688936e-14,7.1688936e-14,7.1688936e-14,1.2106712e-18,1.2106712e-18,1.9282753e-18,1.9282753e-18,-1.8729613e-08,-1.8729613e-08,-2.3478853e-17,-2.3478853e-17,-2.2121693e-17,-2.2121693e-17,1.9491809e-19,1.9491809e-19,5.9969202e-07,5.9969202e-07,8.5213101e-36,8.5213101e-36
2.1057453e-14,2.1057453e-14,-3.7665483e-17,-3.7665483e-17,2.1019787e-14,2.1019787e-14,1.9709452e-14,1.9709452e-14,-1.3480007e-15,-1.3480007e-15,-4.4704149e-05,-4.4704149e-05,-5.4094249e-05,-5.4094249e-05,-4.4271872e-05,-4.4271872e-05,-5.4094249e-05,-5.4094249e-05,-7.5649117e-18,-7.5649117e-18,6.6804593e-17,6.6804593e-17,0.00036062833,0.00036062833,-1.97454e-14,-1.97454e-14,4.2437255e-16,4.2437255e-16,2.1260331e-16,2.1260331e-16,-8.7241189e-18,-8.7241189e-18,-0.00030653408,-0.00030653408,-5.4094249e-05,-5.4094249e-05,-0.00030653408,-0.00030653408,-5.4094249e-05,-5.4094249e-05,-1.8151076e-16,-1.8151076e-16,3.6439844e-17,3.6439844e-17,-0.00036062833,-0.00036062833,-1.4177237e-16,-1.4177237e-16,-0.00036061054,-0.00036061054,-3.8604357e-16,-3.8604357e-16,0.00030653408,0.00030653408,5.4094249e-05,5.4094249e-05,0.00030653408,0.00030653408,5.4094249e-05,5.4094249e-05,0.00036062833,0.00036062833,-1.977218e-14,-1.977218e-14,2.3538029e-16,2.3538029e-16,7.99057e-17,7.99057e-17,-5.4094249e-05,-5.4094249e-05,-1.1223362e-06,-1.1223362e-06,-3.5430647e-19,-3.5430647e-19,-9.5398576e-07,-9.5398576e-07,-1.6835043e-07,-1.6835043e-07,0.00024951705,0.00024951705,-1.9748585e-14,-1.9748585e-14,0.29131777,0.29131777,-1.2457544e-12,-1.2457544e-12,0.16022455,0.16022455,-6.2323389e-13,-6.2323389e-13,1.2852804e-15,1.2852804e-15,0.00036062833,0.00036062833,2.0494375e-17,2.0494375e-17,-3.9772384e-15,-3.9772384e-15,-7.1854797e-14,-7.1854797e-14,7.1854797e-14,7.1854797e-14,1.2062273e-18,1.2062273e-18,1.9222926e-18,1.9222926e-18,-1.7793132e-08,-1.7793132e-08,-2.3406001e-17,-2.3406001e-17,-2.2053063e-17,-2.2053063e-17,1.9431333e-19,1.9431333e-19,5.9438097e-07,5.9438097e-07,8.4622783e-36,8.4622783e-36
2.1065855e-14,2.1065855e-14,-3.7453999e-17,-3.7453999e-17,2.1028401e-14,2.1028401e-14,1.9709231e-14,1.9709231e-14,-1.356624e-15,-1.356624e-15,-4.4562361e-05,-4.4562361e-05,-5.3926421e-05,-5.3926421e-05,-4.4133911e-05,-4.4133911e-05,-5.3926421e-05,-5.3926421e-05,-7.5017025e-18,-7.5017025e-18,6.6597323e-17,6.6597323e-17,0.00035950947,0.00035950947,-1.9746041e-14,-1.9746041e-14,4.2308266e-16,4.2308266e-16,2.1201796e-16,2.1201796e-16,-8.6968679e-18,-8.6968679e-18,-0.00030558305,-0.00030558305,-5.3926421e-05,-5.3926421e-05,-0.00030558305,-0.00030558305,-5.3926421e-05,-5.3926421e-05,-1.8274906e-16,-1.8274906e-16,3.7154614e-17,3.7154614e-17,-0.00035950947,-0.00035950947,-1.4230612e-16,-1.4230612e-16,-0.00035949257,-0.00035949257,-3.8581877e-16,-3.8581877e-16,0.00030558305,0.00030558305,5.3926421e-05,5.3926421e-05,0.00030558305,0.00030558305,5.3926421e-05,5.3926421e-05,0.00035950947,0.00035950947,-1.9772738e-14,-1.9772738e-14,2.365187e-16,2.365187e-16,7.9526229e-17,7.9526229e-17,-5.3926421e-05,-5.3926421e-05,-1.1188545e-06,-1.1188545e-06,-3.5309106e-19,-3.5309106e-19,-9.5102631e-07,-9.5102631e-07,-1.6782817e-07,-1.6782817e-07,0.00024874288,0.00024874288,-1.9749216e-14,-1.9749216e-14,0.29041392,0.29041392,-1.2457982e-12,-1.2457982e-12,0.15972745,0.15972745,-6.23258e-13,-6.23258e-13,1.2932306e-15,1.2932306e-15,0.00035950947,0.00035950947,2.0810245e-17,2.0810245e-17,-3.9774739e-15,-3.9774739e-15,-7.2020147e-14,-7.2020147e-14,7.2020147e-14,7.2020147e-14,1.201813e-18,1.201813e-18,1.9163284e-18,1.9163284e-18,-1.6903475e-08,-1.6903475e-08,-2.3333376e-17,-2.3333376e-17,-2.1984644e-17,-2.1984644e-17,1.9371044e-19,1.9371044e-19,5.8911878e-07,5.8911878e-07,8.4038181e-36,8.4038181e-36
2.1074626e-14,2.1074626e-14,-3.7466306e-17,-3.7466306e-17,2.103716e-14,2.103716e-14,1.970901e-14,1.970901e-14,-1.3656166e-15,-1.3656166e-15,-4.4421066e-05,-4.4421066e-05,-5.3759114e-05,-5.3759114e-05,-4.3996408e-05,-4.3996408e-05,-5.3759114e-05,-5.3759114e-05,-7.5563689e-18,-7.5563689e-18,6.6390696e-17,6.6390696e-17,0.00035839409,0.00035839409,-1.974668e-14,-1.974668e-14,4.2168147e-16,4.2168147e-16,2.1126709e-16,2.1126709e-16,-8.669707e-18,-8.669707e-18,-0.00030463498,-0.00030463498,-5.3759114e-05,-5.3759114e-05,-0.00030463498,-0.00030463498,-5.3759114e-05,-5.3759114e-05,-1.8398361e-16,-1.8398361e-16,3.7867208e-17,3.7867208e-17,-0.00035839409,-0.00035839409,-1.4283828e-16,-1.4283828e-16,-0.00035837803,-0.00035837803,-3.8559476e-16,-3.8559476e-16,0.00030463498,0.00030463498,5.3759114e-05,5.3759114e-05,0.00030463498,0.00030463498,5.3759114e-05,5.3759114e-05,0.00035839409,0.00035839409,-1.9773294e-14,-1.9773294e-14,2.3787396e-16,2.3787396e-16,7.9363599e-17,7.9363599e-17,-5.3759114e-05,-5.3759114e-05,-1.1153836e-06,-1.1153836e-06,-3.518828e-19,-3.518828e-19,-9.4807603e-07,-9.4807603e-07,-1.6730754e-07,-1.6730754e-07,0.00024797112,0.00024797112,-1.9749845e-14,-1.9749845e-14,0.28951289,0.28951289,-1.2458418e-12,-1.2458418e-12,0.15923189,0.15923189,-6.2328203e-13,-6.2328203e-13,1.3012814e-15,1.3012814e-15,0.00035839409,0.00035839409,2.1156641e-17,2.1156641e-17,-3.9777087e-15,-3.9777087e-15,-7.2184988e-14,-7.2184988e-14,7.2184988e-14,7.2184988e-14,1.1974279e-18,1.1974279e-18,1.9103828e-18,1.9103828e-18,-1.6058302e-08,-1.6058302e-08,-2.3260976e-17,-2.3260976e-17,-2.1916439e-17,-2.1916439e-17,1.9310943e-19,1.9310943e-19,5.83905e-07,5.83905e-07,8.3459184e-36,8.3459184e-36
2.1083129e-14,2.1083129e-14,-3.733483e-17,-3.733483e-17,2.1045794e-14,2.1045794e-14,1.9708789e-14,1.9708789e-14,-1.3743398e-15,-1.3743398e-15,-4.4280262e-05,-4.4280262e-05,-5.3592325e-05,-5.3592325e-05,-4.3859361e-05,-4.3859361e-05,-5.3592325e-05,-5.3592325e-05,-7.5127158e-18,-7.5127158e-18,6.6184711e-17,6.6184711e-17,0.00035728217,0.00035728217,-1.9747317e-14,-1.9747317e-14,4.2041517e-16,4.2041517e-16,2.1059689e-16,2.1059689e-16,-8.6426358e-18,-8.6426358e-18,-0.00030368984,-0.00030368984,-5.3592325e-05,-5.3592325e-05,-0.00030368984,-0.00030368984,-5.3592325e-05,-5.3592325e-05,-1.8521442e-16,-1.8521442e-16,3.8577631e-17,3.8577631e-17,-0.00035728217,-0.00035728217,-1.4336884e-16,-1.4336884e-16,-0.00035726691,-0.00035726691,-3.8537153e-16,-3.8537153e-16,0.00030368984,0.00030368984,5.3592325e-05,5.3592325e-05,0.00030368984,0.00030368984,5.3592325e-05,5.3592325e-05,0.00035728217,0.00035728217,-1.9773848e-14,-1.9773848e-14,2.3901237e-16,2.3901237e-16,7.9092548e-17,7.9092548e-17,-5.3592325e-05,-5.3592325e-05,-1.1119234e-06,-1.1119234e-06,-3.5068154e-19,-3.5068154e-19,-9.4513489e-07,-9.4513489e-07,-1.6678851e-07,-1.6678851e-07,0.00024720175,0.00024720175,-1.9750471e-14,-1.9750471e-14,0.28861465,0.28861465,-1.2458852e-12,-1.2458852e-12,0.15873787,0.15873787,-6.2330599e-13,-6.2330599e-13,1.3091737e-15,1.3091737e-15,0.00035728217,0.00035728217,2.1473604e-17,2.1473604e-17,-3.9779428e-15,-3.9779428e-15,-7.234932e-14,-7.234932e-14,7.234932e-14,7.234932e-14,1.1930714e-18,1.1930714e-18,1.9044557e-18,1.9044557e-18,-1.5255387e-08,-1.5255387e-08,-2.3188801e-17,-2.3188801e-17,-2.1848444e-17,-2.1848444e-17,1.9251028e-19,1.9251028e-19,5.7873915e-07,5.7873915e-07,8.2885683e-36,8.2885683e-36
2.1091566e-14,2.1091566e-14,-3.7262153e-17,-3.7262153e-17,2.1054304e-14,2.1054304e-14,1.9708569e-14,1.9708569e-14,-1.3829964e-15,-1.3829964e-15,-4.4139945e-05,-4.4139945e-05,-5.3426054e-05,-5.3426054e-05,-4.3722766e-05,-4.3722766e-05,-5.3426054e-05,-5.3426054e-05,-7.4798066e-18,-7.4798066e-18,6.5979364e-17,6.5979364e-17,0.00035617369,0.00035617369,-1.9747952e-14,-1.9747952e-14,4.1909834e-16,4.1909834e-16,2.0993037e-16,2.0993037e-16,-8.6156537e-18,-8.6156537e-18,-0.00030274764,-0.00030274764,-5.3426054e-05,-5.3426054e-05,-0.00030274764,-0.00030274764,-5.3426054e-05,-5.3426054e-05,-1.864415e-16,-1.864415e-16,3.9285888e-17,3.9285888e-17,-0.00035617369,-0.00035617369,-1.438978e-16,-1.438978e-16,-0.0003561592,-0.0003561592,-3.8514907e-16,-3.8514907e-16,0.00030274764,0.00030274764,5.3426054e-05,5.3426054e-05,0.00030274764,0.00030274764,5.3426054e-05,5.3426054e-05,0.00035617369,0.00035617369,-1.97744e-14,-1.97744e-14,2.4031341e-16,2.4031341e-16,7.8875708e-17,7.8875708e-17,-5.3426054e-05,-5.3426054e-05,-1.108474e-06,-1.108474e-06,-3.4948716e-19,-3.4948716e-19,-9.4220286e-07,-9.4220286e-07,-1.6627109e-07,-1.6627109e-07,0.00024643477,0.00024643477,-1.9751096e-14,-1.9751096e-14,0.2877192,0.2877192,-1.2459285e-12,-1.2459285e-12,0.15824538,0.15824538,-6.2332987e-13,-6.2332987e-13,1.31711e-15,1.31711e-15,0.00035617369,0.00035617369,2.179623e-17,2.179623e-17,-3.9781762e-15,-3.9781762e-15,-7.2513146e-14,-7.2513146e-14,7.2513146e-14,7.2513146e-14,1.1887433e-18,1.1887433e-18,1.8985469e-18,1.8985469e-18,-1.4492617e-08,-1.4492617e-08,-2.311685e-17,-2.311685e-17,-2.1780661e-17,-2.1780661e-17,1.91913e-19,1.91913e-19,5.736208e-07,5.736208e-07,8.2317573e-36,8.2317573e-36
2.1100053e-14,2.1100053e-14,-3.7039589e-17,-3.7039589e-17,2.1063013e-14,2.1063013e-14,1.970835e-14,1.970835e-14,-1.3917028e-15,-1.3917028e-15,-4.4000112e-05,-4.4000112e-05,-5.3260299e-05,-5.3260299e-05,-4.3586621e-05,-4.3586621e-05,-5.3260299e-05,-5.3260299e-05,-7.4582822e-18,-7.4582822e-18,6.5774656e-17,6.5774656e-17,0.00035506866,0.00035506866,-1.9748584e-14,-1.9748584e-14,4.1782258e-16,4.1782258e-16,2.093049e-16,2.093049e-16,-8.5887603e-18,-8.5887603e-18,-0.00030180836,-0.00030180836,-5.3260299e-05,-5.3260299e-05,-0.00030180836,-0.00030180836,-5.3260299e-05,-5.3260299e-05,-1.8766486e-16,-1.8766486e-16,3.9991987e-17,3.9991987e-17,-0.00035506866,-0.00035506866,-1.4442517e-16,-1.4442517e-16,-0.00035505489,-0.00035505489,-3.8492738e-16,-3.8492738e-16,0.00030180836,0.00030180836,5.3260299e-05,5.3260299e-05,0.00030180836,0.00030180836,5.3260299e-05,5.3260299e-05,0.00035506866,0.00035506866,-1.9774951e-14,-1.9774951e-14,2.4139761e-16,2.4139761e-16,7.8658868e-17,7.8658868e-17,-5.3260299e-05,-5.3260299e-05,-1.1050352e-06,-1.1050352e-06,-3.4829953e-19,-3.4829953e-19,-9.3927991e-07,-9.3927991e-07,-1.6575528e-07,-1.6575528e-07,0.00024567017,0.00024567017,-1.9751719e-14,-1.9751719e-14,0.28682653,0.28682653,-1.2459717e-12,-1.2459717e-12,0.15775442,0.15775442,-6.2335367e-13,-6.2335367e-13,1.3250444e-15,1.3250444e-15,0.00035506866,0.00035506866,2.2120732e-17,2.2120732e-17,-3.9784088e-15,-3.9784088e-15,-7.2676467e-14,-7.2676467e-14,7.2676467e-14,7.2676467e-14,1.1844429e-18,1.1844429e-18,1.8926565e-18,1.8926565e-18,-1.3767986e-08,-1.3767986e-08,-2.3045123e-17,-2.3045123e-17,-2.1713087e-17,-2.1713087e-17,1.9131757e-19,1.9131757e-19,5.6854948e-07,5.6854948e-07,8.1754753e-36,8.1754753e-36
2.1108429e-14,2.1108429e-14,-3.6938871e-17,-3.6938871e-17,2.107149e-14,2.107149e-14,1.9708132e-14,1.9708132e-14,-1.4002973e-15,-1.4002973e-15,-4.3860759e-05,-4.3860759e-05,-5.3095058e-05,-5.3095058e-05,-4.3450923e-05,-4.3450923e-05,-5.3095058e-05,-5.3095058e-05,-7.3945716e-18,-7.3945716e-18,6.5570582e-17,6.5570582e-17,0.00035396705,0.00035396705,-1.9749215e-14,-1.9749215e-14,4.1658716e-16,4.1658716e-16,2.0871977e-16,2.0871977e-16,-8.5619551e-18,-8.5619551e-18,-0.00030087199,-0.00030087199,-5.3095058e-05,-5.3095058e-05,-0.00030087199,-0.00030087199,-5.3095058e-05,-5.3095058e-05,-1.8888452e-16,-1.8888452e-16,4.0695931e-17,4.0695931e-17,-0.00035396705,-0.00035396705,-1.4495095e-16,-1.4495095e-16,-0.00035395397,-0.00035395397,-3.8470646e-16,-3.8470646e-16,0.00030087199,0.00030087199,5.3095058e-05,5.3095058e-05,0.00030087199,0.00030087199,5.3095058e-05,5.3095058e-05,0.00035396705,0.00035396705,-1.97755e-14,-1.97755e-14,2.4264445e-16,2.4264445e-16,7.8333607e-17,7.8333607e-17,-5.3095058e-05,-5.3095058e-05,-1.1016071e-06,-1.1016071e-06,-3.4711854e-19,-3.4711854e-19,-9.3636602e-07,-9.3636602e-07,-1.6524106e-07,-1.6524106e-07,0.00024490795,0.00024490795,-1.9752339e-14,-1.9752339e-14,0.28593662,0.28593662,-1.2460147e-12,-1.2460147e-12,0.15726498,0.15726498,-6.2337739e-13,-6.2337739e-13,1.3329234e-15,1.3329234e-15,0.00035396705,0.00035396705,2.2447246e-17,2.2447246e-17,-3.9786406e-15,-3.9786406e-15,-7.2839285e-14,-7.2839285e-14,7.2839285e-14,7.2839285e-14,1.18017e-18,1.18017e-18,1.8867843e-18,1.8867843e-18,-1.3079587e-08,-1.3079587e-08,-2.2973619e-17,-2.2973619e-17,-2.1645723e-17,-2.1645723e-17,1.9072398e-19,1.9072398e-19,5.6352476e-07,5.6352476e-07,8.1197126e-36,8.1197126e-36
2.1116961e-14,2.1116961e-14,-3.6848522e-17,-3.6848522e-17,2.1080113e-14,2.1080113e-14,1.9707913e-14,1.9707913e-14,-1.4090478e-15,-1.4090478e-15,-4.3721885e-05,-4.3721885e-05,-5.2930329e-05,-5.2930329e-05,-4.331567e-05,-4.331567e-05,-5.2930329e-05,-5.2930329e-05,-7.3977319e-18,-7.3977319e-18,6.5367142e-17,6.5367142e-17,0.00035286886,0.00035286886,-1.9749843e-14,-1.9749843e-14,4.1523676e-16,4.1523676e-16,2.0801964e-16,2.0801964e-16,-8.5352378e-18,-8.5352378e-18,-0.00029993853,-0.00029993853,-5.2930329e-05,-5.2930329e-05,-0.00029993853,-0.00029993853,-5.2930329e-05,-5.2930329e-05,-1.9010047e-16,-1.9010047e-16,4.1397728e-17,4.1397728e-17,-0.00035286886,-0.00035286886,-1.4547516e-16,-1.4547516e-16,-0.00035285644,-0.00035285644,-3.844863e-16,-3.844863e-16,0.00029993853,0.00029993853,5.2930329e-05,5.2930329e-05,0.00029993853,0.00029993853,5.2930329e-05,5.2930329e-05,0.00035286886,0.00035286886,-1.9776047e-14,-1.9776047e-14,2.4378286e-16,2.4378286e-16,7.8062556e-17,7.8062556e-17,-5.2930329e-05,-5.2930329e-05,-1.0981896e-06,-1.0981896e-06,-3.4594405e-19,-3.4594405e-19,-9.3346115e-07,-9.3346115e-07,-1.6472844e-07,-1.6472844e-07,0.00024414809,0.00024414809,-1.9752958e-14,-1.9752958e-14,0.28504948,0.28504948,-1.2460576e-12,-1.2460576e-12,0.15677706,0.15677706,-6.2340104e-13,-6.2340104e-13,1.3407982e-15,1.3407982e-15,0.00035286886,0.00035286886,2.2764321e-17,2.2764321e-17,-3.9788718e-15,-3.9788718e-15,-7.30016e-14,-7.30016e-14,7.30016e-14,7.30016e-14,1.1759241e-18,1.1759241e-18,1.8809304e-18,1.8809304e-18,-1.2425608e-08,-1.2425608e-08,-2.2902336e-17,-2.2902336e-17,-2.1578568e-17,-2.1578568e-17,1.9013224e-19,1.9013224e-19,5.5854619e-07,5.5854619e-07,8.0644597e-36,8.0644597e-36
2.1125387e-14,2.1125387e-14,-3.6830899e-17,-3.6830899e-17,2.1088556e-14,2.1088556e-14,1.9707696e-14,1.9707696e-14,-1.4176915e-15,-1.4176915e-15,-4.3583486e-05,-4.3583486e-05,-5.2766112e-05,-5.2766112e-05,-4.3180858e-05,-4.3180858e-05,-5.2766112e-05,-5.2766112e-05,-7.468398e-18,-7.468398e-18,6.5164334e-17,6.5164334e-17,0.00035177408,0.00035177408,-1.975047e-14,-1.975047e-14,4.1386299e-16,4.1386299e-16,2.0729614e-16,2.0729614e-16,-8.5086079e-18,-8.5086079e-18,-0.00029900797,-0.00029900797,-5.2766112e-05,-5.2766112e-05,-0.00029900797,-0.00029900797,-5.2766112e-05,-5.2766112e-05,-1.9131273e-16,-1.9131273e-16,4.2097384e-17,4.2097384e-17,-0.00035177408,-0.00035177408,-1.4599778e-16,-1.4599778e-16,-0.00035176227,-0.00035176227,-3.8426689e-16,-3.8426689e-16,0.00029900797,0.00029900797,5.2766112e-05,5.2766112e-05,0.00029900797,0.00029900797,5.2766112e-05,5.2766112e-05,0.00035177408,0.00035177408,-1.9776592e-14,-1.9776592e-14,2.4502969e-16,2.4502969e-16,7.7899926e-17,7.7899926e-17,-5.2766112e-05,-5.2766112e-05,-1.0947827e-06,-1.0947827e-06,-3.4477597e-19,-3.4477597e-19,-9.3056529e-07,-9.3056529e-07,-1.642174e-07,-1.642174e-07,0.00024339059,0.00024339059,-1.9753574e-14,-1.9753574e-14,0.28416509,0.28416509,-1.2461004e-12,-1.2461004e-12,0.15629065,0.15629065,-6.2342462e-13,-6.2342462e-13,1.3487311e-15,1.3487311e-15,0.00035177408,0.00035177408,2.3095273e-17,2.3095273e-17,-3.9791022e-15,-3.9791022e-15,-7.3163415e-14,-7.3163415e-14,7.3163415e-14,7.3163415e-14,1.1717047e-18,1.1717047e-18,1.8750947e-18,1.8750947e-18,-1.1804327e-08,-1.1804327e-08,-2.2831276e-17,-2.2831276e-17,-2.1511622e-17,-2.1511622e-17,1.8954233e-19,1.8954233e-19,5.5361334e-07,5.5361334e-07,8.0097075e-36,8.0097075e-36
2.1133762e-14,2.1133762e-14,-3.6724048e-17,-3.6724048e-17,2.1097038e-14,2.1097038e-14,1.9707479e-14,1.9707479e-14,-1.4262833e-15,-1.4262833e-15,-4.3445559e-05,-4.3445559e-05,-5.2602404e-05,-5.2602404e-05,-4.3046486e-05,-4.3046486e-05,-5.2602404e-05,-5.2602404e-05,-7.4445724e-18,-7.4445724e-18,6.4962155e-17,6.4962155e-17,0.00035068269,0.00035068269,-1.9751094e-14,-1.9751094e-14,4.1257354e-16,4.1257354e-16,2.0665695e-16,2.0665695e-16,-8.4820649e-18,-8.4820649e-18,-0.00029808029,-0.00029808029,-5.2602404e-05,-5.2602404e-05,-0.00029808029,-0.00029808029,-5.2602404e-05,-5.2602404e-05,-1.9252132e-16,-1.9252132e-16,4.2794903e-17,4.2794903e-17,-0.00035068269,-0.00035068269,-1.4651882e-16,-1.4651882e-16,-0.00035067148,-0.00035067148,-3.8404823e-16,-3.8404823e-16,0.00029808029,0.00029808029,5.2602404e-05,5.2602404e-05,0.00029808029,0.00029808029,5.2602404e-05,5.2602404e-05,0.00035068269,0.00035068269,-1.9777135e-14,-1.9777135e-14,2.4638494e-16,2.4638494e-16,7.7683086e-17,7.7683086e-17,-5.2602404e-05,-5.2602404e-05,-1.0913863e-06,-1.0913863e-06,-3.4361418e-19,-3.4361418e-19,-9.2767839e-07,-9.2767839e-07,-1.6370795e-07,-1.6370795e-07,0.00024263544,0.00024263544,-1.9754189e-14,-1.9754189e-14,0.28328345,0.28328345,-1.246143e-12,-1.246143e-12,0.15580576,0.15580576,-6.2344812e-13,-6.2344812e-13,1.3566144e-15,1.3566144e-15,0.00035068269,0.00035068269,2.3413133e-17,2.3413133e-17,-3.9793319e-15,-3.9793319e-15,-7.3324731e-14,-7.3324731e-14,7.3324731e-14,7.3324731e-14,1.1675116e-18,1.1675116e-18,1.869277e-18,1.869277e-18,-1.1214111e-08,-1.1214111e-08,-2.2760436e-17,-2.2760436e-17,-2.1444883e-17,-2.1444883e-17,1.8895426e-19,1.8895426e-19,5.4872577e-07,5.4872577e-07,7.9554473e-36,7.9554473e-36
2.1142075e-14,2.1142075e-14,-3.6463223e-17,-3.6463223e-17,2.1105612e-14,2.1105612e-14,1.9707262e-14,1.9707262e-14,-1.4348127e-15,-1.4348127e-15,-4.3308102e-05,-4.3308102e-05,-5.2439204e-05,-5.2439204e-05,-4.2912551e-05,-4.2912551e-05,-5.2439204e-05,-5.2439204e-05,-7.3810959e-18,-7.3810959e-18,6.4760603e-17,6.4760603e-17,0.00034959469,0.00034959469,-1.9751717e-14,-1.9751717e-14,4.113376e-16,4.113376e-16,2.0601704e-16,2.0601704e-16,-8.4556085e-18,-8.4556085e-18,-0.00029715549,-0.00029715549,-5.2439204e-05,-5.2439204e-05,-0.00029715549,-0.00029715549,-5.2439204e-05,-5.2439204e-05,-1.9372623e-16,-1.9372623e-16,4.3490291e-17,4.3490291e-17,-0.00034959469,-0.00034959469,-1.4703829e-16,-1.4703829e-16,-0.00034958404,-0.00034958404,-3.8383032e-16,-3.8383032e-16,0.00029715549,0.00029715549,5.2439204e-05,5.2439204e-05,0.00029715549,0.00029715549,5.2439204e-05,5.2439204e-05,0.00034959469,0.00034959469,-1.9777677e-14,-1.9777677e-14,2.4741494e-16,2.4741494e-16,7.7466245e-17,7.7466245e-17,-5.2439204e-05,-5.2439204e-05,-1.0880005e-06,-1.0880005e-06,-3.4245858e-19,-3.4245858e-19,-9.2480045e-07,-9.2480045e-07,-1.6320008e-07,-1.6320008e-07,0.00024188264,0.00024188264,-1.9754802e-14,-1.9754802e-14,0.28240454,0.28240454,-1.2461855e-12,-1.2461855e-12,0.15532237,0.15532237,-6.2347154e-13,-6.2347154e-13,1.3643835e-15,1.3643835e-15,0.00034959469,0.00034959469,2.3723927e-17,2.3723927e-17,-3.9795609e-15,-3.9795609e-15,-7.348555e-14,-7.348555e-14,7.348555e-14,7.348555e-14,1.1633444e-18,1.1633444e-18,1.8634775e-18,1.8634775e-18,-1.0653405e-08,-1.0653405e-08,-2.2689816e-17,-2.2689816e-17,-2.1378351e-17,-2.1378351e-17,1.8836801e-19,1.8836801e-19,5.4388306e-07,5.4388306e-07,7.9016704e-36,7.9016704e-36
2.1150385e-14,2.1150385e-14,-3.6323882e-17,-3.6323882e-17,2.1114061e-14,2.1114061e-14,1.9707046e-14,1.9707046e-14,-1.4433384e-15,-1.4433384e-15,-4.3171112e-05,-4.3171112e-05,-5.227651e-05,-5.227651e-05,-4.277905e-05,-4.277905e-05,-5.227651e-05,-5.227651e-05,-7.2785974e-18,-7.2785974e-18,6.4559677e-17,6.4559677e-17,0.00034851007,0.00034851007,-1.9752337e-14,-1.9752337e-14,4.101464e-16,4.101464e-16,2.0547609e-16,2.0547609e-16,-8.4292382e-18,-8.4292382e-18,-0.00029623356,-0.00029623356,-5.227651e-05,-5.227651e-05,-0.00029623356,-0.00029623356,-5.227651e-05,-5.227651e-05,-1.9492748e-16,-1.9492748e-16,4.4183555e-17,4.4183555e-17,-0.00034851007,-0.00034851007,-1.475562e-16,-1.475562e-16,-0.00034849995,-0.00034849995,-3.8361316e-16,-3.8361316e-16,0.00029623356,0.00029623356,5.227651e-05,5.227651e-05,0.00029623356,0.00029623356,5.227651e-05,5.227651e-05,0.00034851007,0.00034851007,-1.9778217e-14,-1.9778217e-14,2.4860756e-16,2.4860756e-16,7.7140985e-17,7.7140985e-17,-5.227651e-05,-5.227651e-05,-1.0846252e-06,-1.0846252e-06,-3.4130906e-19,-3.4130906e-19,-9.2193142e-07,-9.2193142e-07,-1.6269378e-07,-1.6269378e-07,0.00024113217,0.00024113217,-1.9755412e-14,-1.9755412e-14,0.28152836,0.28152836,-1.2462278e-12,-1.2462278e-12,0.15484047,0.15484047,-6.2349489e-13,-6.2349489e-13,1.3720427e-15,1.3720427e-15,0.00034851007,0.00034851007,2.403938e-17,2.403938e-17,-3.9797892e-15,-3.9797892e-15,-7.3645872e-14,-7.3645872e-14,7.3645872e-14,7.3645872e-14,1.1592025e-18,1.1592025e-18,1.8576959e-18,1.8576959e-18,-1.0120735e-08,-1.0120735e-08,-2.2619415e-17,-2.2619415e-17,-2.1312025e-17,-2.1312025e-17,1.8778358e-19,1.8778358e-19,5.3908479e-07,5.3908479e-07,7.8483687e-36,7.8483687e-36
2.1158638e-14,2.1158638e-14,-3.6252481e-17,-3.6252481e-17,2.1122385e-14,2.1122385e-14,1.9706831e-14,1.9706831e-14,-1.4518068e-15,-1.4518068e-15,-4.3034586e-05,-4.3034586e-05,-5.2114321e-05,-5.2114321e-05,-4.2645982e-05,-4.2645982e-05,-5.2114321e-05,-5.2114321e-05,-7.300334e-18,-7.300334e-18,6.4359374e-17,6.4359374e-17,0.00034742881,0.00034742881,-1.9752956e-14,-1.9752956e-14,4.0883659e-16,4.0883659e-16,2.0487073e-16,2.0487073e-16,-8.4029537e-18,-8.4029537e-18,-0.00029531448,-0.00029531448,-5.2114321e-05,-5.2114321e-05,-0.00029531448,-0.00029531448,-5.2114321e-05,-5.2114321e-05,-1.9612507e-16,-1.9612507e-16,4.4874701e-17,4.4874701e-17,-0.00034742881,-0.00034742881,-1.4807254e-16,-1.4807254e-16,-0.00034741919,-0.00034741919,-3.8339672e-16,-3.8339672e-16,0.00029531448,0.00029531448,5.2114321e-05,5.2114321e-05,0.00029531448,0.00029531448,5.2114321e-05,5.2114321e-05,0.00034742881,0.00034742881,-1.9778755e-14,-1.9778755e-14,2.4963755e-16,2.4963755e-16,7.6869934e-17,7.6869934e-17,-5.2114321e-05,-5.2114321e-05,-1.0812603e-06,-1.0812603e-06,-3.4016553e-19,-3.4016553e-19,-9.1907128e-07,-9.1907128e-07,-1.6218905e-07,-1.6218905e-07,0.00024038403,0.00024038403,-1.9756021e-14,-1.9756021e-14,0.2806549,0.2806549,-1.24627e-12,-1.24627e-12,0.15436008,0.15436008,-6.2351817e-13,-6.2351817e-13,1.3798638e-15,1.3798638e-15,0.00034742881,0.00034742881,2.4346076e-17,2.4346076e-17,-3.9800167e-15,-3.9800167e-15,-7.38057e-14,-7.38057e-14,7.38057e-14,7.38057e-14,1.1550858e-18,1.1550858e-18,1.8519322e-18,1.8519322e-18,-9.6146983e-09,-9.6146983e-09,-2.2549233e-17,-2.2549233e-17,-2.1245905e-17,-2.1245905e-17,1.8720096e-19,1.8720096e-19,5.3433053e-07,5.3433053e-07,7.7955342e-36,7.7955342e-36
2.1166954e-14,2.1166954e-14,-3.6206685e-17,-3.6206685e-17,2.1130748e-14,2.1130748e-14,1.9706616e-14,1.9706616e-14,-1.4603383e-15,-1.4603383e-15,-4.2898522e-05,-4.2898522e-05,-5.1952635e-05,-5.1952635e-05,-4.2513344e-05,-4.2513344e-05,-5.1952635e-05,-5.1952635e-05,-7.3385103e-18,-7.3385103e-18,6.4159694e-17,6.4159694e-17,0.0003463509,0.0003463509,-1.9753572e-14,-1.9753572e-14,4.0749176e-16,4.0749176e-16,2.0412192e-16,2.0412192e-16,-8.3767545e-18,-8.3767545e-18,-0.00029439826,-0.00029439826,-5.1952635e-05,-5.1952635e-05,-0.00029439826,-0.00029439826,-5.1952635e-05,-5.1952635e-05,-1.9731903e-16,-1.9731903e-16,4.5563733e-17,4.5563733e-17,-0.0003463509,-0.0003463509,-1.4858732e-16,-1.4858732e-16,-0.00034634177,-0.00034634177,-3.8318103e-16,-3.8318103e-16,0.00029439826,0.00029439826,5.1952635e-05,5.1952635e-05,0.00029439826,0.00029439826,5.1952635e-05,5.1952635e-05,0.0003463509,0.0003463509,-1.9779292e-14,-1.9779292e-14,2.5088438e-16,2.5088438e-16,7.6707304e-17,7.6707304e-17,-5.1952635e-05,-5.1952635e-05,-1.0779059e-06,-1.0779059e-06,-3.3902788e-19,-3.3902788e-19,-9.1622001e-07,-9.1622001e-07,-1.6168588e-07,-1.6168588e-07,0.00023963822,0.00023963822,-1.9756628e-14,-1.9756628e-14,0.27978415,0.27978415,-1.2463121e-12,-1.2463121e-12,0.15388117,0.15388117,-6.2354137e-13,-6.2354137e-13,1.3876961e-15,1.3876961e-15,0.0003463509,0.0003463509,2.4678916e-17,2.4678916e-17,-3.9802436e-15,-3.9802436e-15,-7.3965035e-14,-7.3965035e-14,7.3965035e-14,7.3965035e-14,1.1509938e-18,1.1509938e-18,1.8461865e-18,1.8461865e-18,-9.1339634e-09,-9.1339634e-09,-2.2479269e-17,-2.2479269e-17,-2.117999e-17,-2.117999e-17,1.8662015e-19,1.8662015e-19,5.2961987e-07,5.2961987e-07,7.7431591e-36,7.7431591e-36
2.1175274e-14,2.1175274e-14,-3.6071266e-17,-3.6071266e-17,2.1139203e-14,2.1139203e-14,1.9706402e-14,1.9706402e-14,-1.468872e-15,-1.468872e-15,-4.2762918e-05,-4.2762918e-05,-5.1791451e-05,-5.1791451e-05,-4.2381134e-05,-4.2381134e-05,-5.1791451e-05,-5.1791451e-05,-7.2853287e-18,-7.2853287e-18,6.3960632e-17,6.3960632e-17,0.00034527634,0.00034527634,-1.9754187e-14,-1.9754187e-14,4.0623569e-16,4.0623569e-16,2.0351608e-16,2.0351608e-16,-8.3506403e-18,-8.3506403e-18,-0.00029348489,-0.00029348489,-5.1791451e-05,-5.1791451e-05,-0.00029348489,-0.00029348489,-5.1791451e-05,-5.1791451e-05,-1.9850935e-16,-1.9850935e-16,4.6250658e-17,4.6250658e-17,-0.00034527634,-0.00034527634,-1.4910054e-16,-1.4910054e-16,-0.00034526766,-0.00034526766,-3.8296606e-16,-3.8296606e-16,0.00029348489,0.00029348489,5.1791451e-05,5.1791451e-05,0.00029348489,0.00029348489,5.1791451e-05,5.1791451e-05,0.00034527634,0.00034527634,-1.9779827e-14,-1.9779827e-14,2.5218543e-16,2.5218543e-16,7.6490463e-17,7.6490463e-17,-5.1791451e-05,-5.1791451e-05,-1.0745619e-06,-1.0745619e-06,-3.3789604e-19,-3.3789604e-19,-9.1337757e-07,-9.1337757e-07,-1.6118428e-07,-1.6118428e-07,0.00023889471,0.00023889471,-1.9757233e-14,-1.9757233e-14,0.2789161,0.2789161,-1.2463541e-12,-1.2463541e-12,0.15340375,0.15340375,-6.235645e-13,-6.235645e-13,1.3953702e-15,1.3953702e-15,0.00034527634,0.00034527634,2.4987751e-17,2.4987751e-17,-3.9804697e-15,-3.9804697e-15,-7.4123878e-14,-7.4123878e-14,7.4123878e-14,7.4123878e-14,1.1469262e-18,1.1469262e-18,1.8404585e-18,1.8404585e-18,-8.6772652e-09,-8.6772652e-09,-2.2409522e-17,-2.2409522e-17,-2.111428e-17,-2.111428e-17,1.8604115e-19,1.8604115e-19,5.2495239e-07,5.2495239e-07,7.691236e-36,7.691236e-36
2.1183427e-14,2.1183427e-14,-3.5947834e-17,-3.5947834e-17,2.1147479e-14,2.1147479e-14,1.9706188e-14,1.9706188e-14,-1.4772383e-15,-1.4772383e-15,-4.262777e-05,-4.262777e-05,-5.1630766e-05,-5.1630766e-05,-4.224935e-05,-4.224935e-05,-5.1630766e-05,-5.1630766e-05,-7.2498304e-18,-7.2498304e-18,6.3762189e-17,6.3762189e-17,0.00034420511,0.00034420511,-1.9754799e-14,-1.9754799e-14,4.0502953e-16,4.0502953e-16,2.0290594e-16,2.0290594e-16,-8.3246106e-18,-8.3246106e-18,-0.00029257434,-0.00029257434,-5.1630766e-05,-5.1630766e-05,-0.00029257434,-0.00029257434,-5.1630766e-05,-5.1630766e-05,-1.9969605e-16,-1.9969605e-16,4.6935483e-17,4.6935483e-17,-0.00034420511,-0.00034420511,-1.4961222e-16,-1.4961222e-16,-0.00034419687,-0.00034419687,-3.8275181e-16,-3.8275181e-16,0.00029257434,0.00029257434,5.1630766e-05,5.1630766e-05,0.00029257434,0.00029257434,5.1630766e-05,5.1630766e-05,0.00034420511,0.00034420511,-1.978036e-14,-1.978036e-14,2.5316121e-16,2.5316121e-16,7.6219413e-17,7.6219413e-17,-5.1630766e-05,-5.1630766e-05,-1.0712282e-06,-1.0712282e-06,-3.3676991e-19,-3.3676991e-19,-9.1054395e-07,-9.1054395e-07,-1.6068423e-07,-1.6068423e-07,0.00023815352,0.00023815352,-1.9757836e-14,-1.9757836e-14,0.27805075,0.27805075,-1.2463959e-12,-1.2463959e-12,0.15292781,0.15292781,-6.2358755e-13,-6.2358755e-13,1.4029878e-15,1.4029878e-15,0.00034420511,0.00034420511,2.5276643e-17,2.5276643e-17,-3.9806951e-15,-3.9806951e-15,-7.428223e-14,-7.428223e-14,7.428223e-14,7.428223e-14,1.1428827e-18,1.1428827e-18,1.8347484e-18,1.8347484e-18,-8.243402e-09,-8.243402e-09,-2.2339992e-17,-2.2339992e-17,-2.1048773e-17,-2.1048773e-17,1.8546394e-19,1.8546394e-19,5.203277e-07,5.203277e-07,7.6397575e-36,7.6397575e-36
2.1191583e-14,2.1191583e-14,-3.5844521e-17,-3.5844521e-17,2.1155739e-14,2.1155739e-14,1.9705975e-14,1.9705975e-14,-1.4856082e-15,-1.4856082e-15,-4.2493076e-05,-4.2493076e-05,-5.1470581e-05,-5.1470581e-05,-4.2117989e-05,-4.2117989e-05,-5.1470581e-05,-5.1470581e-05,-7.2326341e-18,-7.2326341e-18,6.3564362e-17,6.3564362e-17,0.00034313721,0.00034313721,-1.975541e-14,-1.975541e-14,4.0374809e-16,4.0374809e-16,2.0232892e-16,2.0232892e-16,-8.2986651e-18,-8.2986651e-18,-0.00029166662,-0.00029166662,-5.1470581e-05,-5.1470581e-05,-0.00029166662,-0.00029166662,-5.1470581e-05,-5.1470581e-05,-2.0087913e-16,-2.0087913e-16,4.7618211e-17,4.7618211e-17,-0.00034313721,-0.00034313721,-1.5012234e-16,-1.5012234e-16,-0.00034312937,-0.00034312937,-3.8253829e-16,-3.8253829e-16,0.00029166662,0.00029166662,5.1470581e-05,5.1470581e-05,0.00029166662,0.00029166662,5.1470581e-05,5.1470581e-05,0.00034313721,0.00034313721,-1.9780891e-14,-1.9780891e-14,2.5446225e-16,2.5446225e-16,7.6002572e-17,7.6002572e-17,-5.1470581e-05,-5.1470581e-05,-1.0679048e-06,-1.0679048e-06,-3.356494e-19,-3.356494e-19,-9.0771911e-07,-9.0771911e-07,-1.6018572e-07,-1.6018572e-07,0.00023741463,0.00023741463,-1.9758437e-14,-1.9758437e-14,0.27718808,0.27718808,-1.2464375e-12,-1.2464375e-12,0.15245334,0.15245334,-6.2361053e-13,-6.2361053e-13,1.4106653e-15,1.4106653e-15,0.00034313721,0.00034313721,2.5609561e-17,2.5609561e-17,-3.9809199e-15,-3.9809199e-15,-7.4440094e-14,-7.4440094e-14,7.4440094e-14,7.4440094e-14,1.1388628e-18,1.1388628e-18,1.8290559e-18,1.8290559e-18,-7.8312319e-09,-7.8312319e-09,-2.2270677e-17,-2.2270677e-17,-2.098347e-17,-2.098347e-17,1.8488852e-19,1.8488852e-19,5.1574538e-07,5.1574538e-07,7.5887168e-36,7.5887168e-36
2.1199745e-14,2.1199745e-14,-3.5707773e-17,-3.5707773e-17,2.1164037e-14,2.1164037e-14,1.9705763e-14,1.9705763e-14,-1.4939823e-15,-1.4939823e-15,-4.2358835e-05,-4.2358835e-05,-5.1310892e-05,-5.1310892e-05,-4.198705e-05,-4.198705e-05,-5.1310892e-05,-5.1310892e-05,-7.1801465e-18,-7.1801465e-18,6.3367148e-17,6.3367148e-17,0.00034207261,0.00034207261,-1.9756019e-14,-1.9756019e-14,4.0255327e-16,4.0255327e-16,2.0167589e-16,2.0167589e-16,-8.2728035e-18,-8.2728035e-18,-0.00029076172,-0.00029076172,-5.1310892e-05,-5.1310892e-05,-0.00029076172,-0.00029076172,-5.1310892e-05,-5.1310892e-05,-2.0205861e-16,-2.0205861e-16,4.829885e-17,4.829885e-17,-0.00034207261,-0.00034207261,-1.5063092e-16,-1.5063092e-16,-0.00034206517,-0.00034206517,-3.8232548e-16,-3.8232548e-16,0.00029076172,0.00029076172,5.1310892e-05,5.1310892e-05,0.00029076172,0.00029076172,5.1310892e-05,5.1310892e-05,0.00034207261,0.00034207261,-1.978142e-14,-1.978142e-14,2.5560066e-16,2.5560066e-16,7.5731522e-17,7.5731522e-17,-5.1310892e-05,-5.1310892e-05,-1.0645918e-06,-1.0645918e-06,-3.3453444e-19,-3.3453444e-19,-9.0490302e-07,-9.0490302e-07,-1.5968877e-07,-1.5968877e-07,0.00023667803,0.00023667803,-1.9759036e-14,-1.9759036e-14,0.27632808,0.27632808,-1.2464791e-12,-1.2464791e-12,0.15198035,0.15198035,-6.2363344e-13,-6.2363344e-13,1.4182952e-15,1.4182952e-15,0.00034207261,0.00034207261,2.5905322e-17,2.5905322e-17,-3.9811439e-15,-3.9811439e-15,-7.4597471e-14,-7.4597471e-14,7.4597471e-14,7.4597471e-14,1.1348663e-18,1.1348663e-18,1.8233812e-18,1.8233812e-18,-7.4396703e-09,-7.4396703e-09,-2.2201578e-17,-2.2201578e-17,-2.0918369e-17,-2.0918369e-17,1.8431489e-19,1.8431489e-19,5.1120504e-07,5.1120504e-07,7.5381068e-36,7.5381068e-36
2.1207962e-14,2.1207962e-14,-3.5588722e-17,-3.5588722e-17,2.1172374e-14,2.1172374e-14,1.9705551e-14,1.9705551e-14,-1.5024117e-15,-1.5024117e-15,-4.2225044e-05,-4.2225044e-05,-5.1151699e-05,-5.1151699e-05,-4.185653e-05,-4.185653e-05,-5.1151699e-05,-5.1151699e-05,-7.1471928e-18,-7.1471928e-18,6.3170546e-17,6.3170546e-17,0.00034101132,0.00034101132,-1.9756625e-14,-1.9756625e-14,4.0128978e-16,4.0128978e-16,2.0095419e-16,2.0095419e-16,-8.2470253e-18,-8.2470253e-18,-0.00028985963,-0.00028985963,-5.1151699e-05,-5.1151699e-05,-0.00028985963,-0.00028985963,-5.1151699e-05,-5.1151699e-05,-2.032345e-16,-2.032345e-16,4.8977405e-17,4.8977405e-17,-0.00034101132,-0.00034101132,-1.5113796e-16,-1.5113796e-16,-0.00034100426,-0.00034100426,-3.8211339e-16,-3.8211339e-16,0.00028985963,0.00028985963,5.1151699e-05,5.1151699e-05,0.00028985963,0.00028985963,5.1151699e-05,5.1151699e-05,0.00034101132,0.00034101132,-1.9781948e-14,-1.9781948e-14,2.5679328e-16,2.5679328e-16,7.5568891e-17,7.5568891e-17,-5.1151699e-05,-5.1151699e-05,-1.061289e-06,-1.061289e-06,-3.3342493e-19,-3.3342493e-19,-9.0209567e-07,-9.0209567e-07,-1.5919335e-07,-1.5919335e-07,0.00023594371,0.00023594371,-1.9759633e-14,-1.9759633e-14,0.27547076,0.27547076,-1.2465205e-12,-1.2465205e-12,0.15150883,0.15150883,-6.2365628e-13,-6.2365628e-13,1.4259827e-15,1.4259827e-15,0.00034101132,0.00034101132,2.6220234e-17,2.6220234e-17,-3.9813672e-15,-3.9813672e-15,-7.4754362e-14,-7.4754362e-14,7.4754362e-14,7.4754362e-14,1.1308928e-18,1.1308928e-18,1.817724e-18,1.817724e-18,-7.0676868e-09,-7.0676868e-09,-2.2132694e-17,-2.2132694e-17,-2.085347e-17,-2.085347e-17,1.8374304e-19,1.8374304e-19,5.0670628e-07,5.0670628e-07,7.4879211e-36,7.4879211e-36
2.1215969e-14,2.1215969e-14,-3.5383335e-17,-3.5383335e-17,2.1180586e-14,2.1180586e-14,1.9705339e-14,1.9705339e-14,-1.51063e-15,-1.51063e-15,-4.20917e-05,-4.20917e-05,-5.0992999e-05,-5.0992999e-05,-4.1726428e-05,-4.1726428e-05,-5.0992999e-05,-5.0992999e-05,-7.0801756e-18,-7.0801756e-18,6.2974555e-17,6.2974555e-17,0.00033995333,0.00033995333,-1.975723e-14,-1.975723e-14,4.0011152e-16,4.0011152e-16,2.0048034e-16,2.0048034e-16,-8.2213302e-18,-8.2213302e-18,-0.00028896033,-0.00028896033,-5.0992999e-05,-5.0992999e-05,-0.00028896033,-0.00028896033,-5.0992999e-05,-5.0992999e-05,-2.044068e-16,-2.044068e-16,4.9653882e-17,4.9653882e-17,-0.00033995333,-0.00033995333,-1.5164346e-16,-1.5164346e-16,-0.00033994661,-0.00033994661,-3.81902e-16,-3.81902e-16,0.00028896033,0.00028896033,5.0992999e-05,5.0992999e-05,0.00028896033,0.00028896033,5.0992999e-05,5.0992999e-05,0.00033995333,0.00033995333,-1.9782474e-14,-1.9782474e-14,2.5782328e-16,2.5782328e-16,7.5243631e-17,7.5243631e-17,-5.0992999e-05,-5.0992999e-05,-1.0579965e-06,-1.0579965e-06,-3.323208e-19,-3.323208e-19,-8.9929701e-07,-8.9929701e-07,-1.5869947e-07,-1.5869947e-07,0.00023521168,0.00023521168,-1.9760228e-14,-1.9760228e-14,0.27461609,0.27461609,-1.2465618e-12,-1.2465618e-12,0.15103877,0.15103877,-6.2367904e-13,-6.2367904e-13,1.4334612e-15,1.4334612e-15,0.00033995333,0.00033995333,2.652536e-17,2.652536e-17,-3.9815898e-15,-3.9815898e-15,-7.4910769e-14,-7.4910769e-14,7.4910769e-14,7.4910769e-14,1.1269421e-18,1.1269421e-18,1.8120844e-18,1.8120844e-18,-6.7143024e-09,-6.7143024e-09,-2.2064023e-17,-2.2064023e-17,-2.0788772e-17,-2.0788772e-17,1.8317296e-19,1.8317296e-19,5.022487e-07,5.022487e-07,7.4381532e-36,7.4381532e-36
2.1224087e-14,2.1224087e-14,-3.535958e-17,-3.535958e-17,2.1188728e-14,2.1188728e-14,1.9705128e-14,1.9705128e-14,-1.5189592e-15,-1.5189592e-15,-4.1958801e-05,-4.1958801e-05,-5.0834792e-05,-5.0834792e-05,-4.1596742e-05,-4.1596742e-05,-5.0834792e-05,-5.0834792e-05,-7.0881263e-18,-7.0881263e-18,6.2779172e-17,6.2779172e-17,0.00033889861,0.00033889861,-1.9757833e-14,-1.9757833e-14,3.9886318e-16,3.9886318e-16,1.9982799e-16,1.9982799e-16,-8.1957178e-18,-8.1957178e-18,-0.00028806382,-0.00028806382,-5.0834792e-05,-5.0834792e-05,-0.00028806382,-0.00028806382,-5.0834792e-05,-5.0834792e-05,-2.0557552e-16,-2.0557552e-16,5.0328287e-17,5.0328287e-17,-0.00033889861,-0.00033889861,-1.5214742e-16,-1.5214742e-16,-0.00033889224,-0.00033889224,-3.8169132e-16,-3.8169132e-16,0.00028806382,0.00028806382,5.0834792e-05,5.0834792e-05,0.00028806382,0.00028806382,5.0834792e-05,5.0834792e-05,0.00033889861,0.00033889861,-1.9782999e-14,-1.9782999e-14,2.590159e-16,2.590159e-16,7.502679e-17,7.502679e-17,-5.0834792e-05,-5.0834792e-05,-1.0547142e-06,-1.0547142e-06,-3.3122198e-19,-3.3122198e-19,-8.9650704e-07,-8.9650704e-07,-1.5820712e-07,-1.5820712e-07,0.00023448191,0.00023448191,-1.9760821e-14,-1.9760821e-14,0.27376408,0.27376408,-1.2466029e-12,-1.2466029e-12,0.15057017,0.15057017,-6.2370173e-13,-6.2370173e-13,1.4411072e-15,1.4411072e-15,0.00033889861,0.00033889861,2.6836348e-17,2.6836348e-17,-3.9818117e-15,-3.9818117e-15,-7.5066692e-14,-7.5066692e-14,7.5066692e-14,7.5066692e-14,1.1230138e-18,1.1230138e-18,1.8064623e-18,1.8064623e-18,-6.3785873e-09,-6.3785873e-09,-2.1995565e-17,-2.1995565e-17,-2.0724275e-17,-2.0724275e-17,1.8260465e-19,1.8260465e-19,4.9783193e-07,4.9783193e-07,7.3887969e-36,7.3887969e-36
2.1232217e-14,2.1232217e-14,-3.5254526e-17,-3.5254526e-17,2.1196962e-14,2.1196962e-14,1.9704918e-14,1.9704918e-14,-1.5272991e-15,-1.5272991e-15,-4.1826346e-05,-4.1826346e-05,-5.0677076e-05,-5.0677076e-05,-4.1467469e-05,-4.1467469e-05,-5.0677076e-05,-5.0677076e-05,-7.0632338e-18,-7.0632338e-18,6.2584395e-17,6.2584395e-17,0.00033784717,0.00033784717,-1.9758434e-14,-1.9758434e-14,3.9758219e-16,3.9758219e-16,1.991972e-16,1.991972e-16,-8.1701879e-18,-8.1701879e-18,-0.0002871701,-0.0002871701,-5.0677076e-05,-5.0677076e-05,-0.0002871701,-0.0002871701,-5.0677076e-05,-5.0677076e-05,-2.0674069e-16,-2.0674069e-16,5.1000625e-17,5.1000625e-17,-0.00033784717,-0.00033784717,-1.5264986e-16,-1.5264986e-16,-0.00033784111,-0.00033784111,-3.8148135e-16,-3.8148135e-16,0.0002871701,0.0002871701,5.0677076e-05,5.0677076e-05,0.0002871701,0.0002871701,5.0677076e-05,5.0677076e-05,0.00033784717,0.00033784717,-1.9783522e-14,-1.9783522e-14,2.6015431e-16,2.6015431e-16,7.480995e-17,7.480995e-17,-5.0677076e-05,-5.0677076e-05,-1.051442e-06,-1.051442e-06,-3.3012839e-19,-3.3012839e-19,-8.9372571e-07,-8.9372571e-07,-1.577163e-07,-1.577163e-07,0.00023375441,0.00023375441,-1.9761413e-14,-1.9761413e-14,0.27291471,0.27291471,-1.2466439e-12,-1.2466439e-12,0.15010302,0.15010302,-6.2372435e-13,-6.2372435e-13,1.4486578e-15,1.4486578e-15,0.00033784717,0.00033784717,2.713585e-17,2.713585e-17,-3.982033e-15,-3.982033e-15,-7.5222134e-14,-7.5222134e-14,7.5222134e-14,7.5222134e-14,1.1191076e-18,1.1191076e-18,1.8008576e-18,1.8008576e-18,-6.0596579e-09,-6.0596579e-09,-2.1927321e-17,-2.1927321e-17,-2.0659978e-17,-2.0659978e-17,1.8203811e-19,1.8203811e-19,4.9345557e-07,4.9345557e-07,7.3398461e-36,7.3398461e-36
2.1240243e-14,2.1240243e-14,-3.5115559e-17,-3.5115559e-17,2.1205127e-14,2.1205127e-14,1.9704708e-14,1.9704708e-14,-1.5355346e-15,-1.5355346e-15,-4.1694331e-05,-4.1694331e-05,-5.0519849e-05,-5.0519849e-05,-4.1338608e-05,-4.1338608e-05,-5.0519849e-05,-5.0519849e-05,-7.0603151e-18,-7.0603151e-18,6.2390222e-17,6.2390222e-17,0.00033679899,0.00033679899,-1.9759033e-14,-1.9759033e-14,3.9633816e-16,3.9633816e-16,1.9860336e-16,1.9860336e-16,-8.1447399e-18,-8.1447399e-18,-0.00028627914,-0.00028627914,-5.0519849e-05,-5.0519849e-05,-0.00028627914,-0.00028627914,-5.0519849e-05,-5.0519849e-05,-2.0790229e-16,-2.0790229e-16,5.1670903e-17,5.1670903e-17,-0.00033679899,-0.00033679899,-1.5315078e-16,-1.5315078e-16,-0.00033679323,-0.00033679323,-3.8127207e-16,-3.8127207e-16,0.00028627914,0.00028627914,5.0519849e-05,5.0519849e-05,0.00028627914,0.00028627914,5.0519849e-05,5.0519849e-05,0.00033679899,0.00033679899,-1.9784043e-14,-1.9784043e-14,2.6134693e-16,2.6134693e-16,7.4538899e-17,7.4538899e-17,-5.0519849e-05,-5.0519849e-05,-1.04818e-06,-1.04818e-06,-3.2903996e-19,-3.2903996e-19,-8.9095301e-07,-8.9095301e-07,-1.57227e-07,-1.57227e-07,0.00023302917,0.00023302917,-1.9762002e-14,-1.9762002e-14,0.27206798,0.27206798,-1.2466848e-12,-1.2466848e-12,0.14963732,0.14963732,-6.2374689e-13,-6.2374689e-13,1.4561603e-15,1.4561603e-15,0.00033679899,0.00033679899,2.7427924e-17,2.7427924e-17,-3.9822535e-15,-3.9822535e-15,-7.5377096e-14,-7.5377096e-14,7.5377096e-14,7.5377096e-14,1.1152233e-18,1.1152233e-18,1.7952704e-18,1.7952704e-18,-5.756675e-09,-5.756675e-09,-2.1859287e-17,-2.1859287e-17,-2.0595881e-17,-2.0595881e-17,1.8147332e-19,1.8147332e-19,4.8911925e-07,4.8911925e-07,7.291295e-36,7.291295e-36
2.1248277e-14,2.1248277e-14,-3.5109691e-17,-3.5109691e-17,2.1213168e-14,2.1213168e-14,1.9704499e-14,1.9704499e-14,-1.5437784e-15,-1.5437784e-15,-4.1562756e-05,-4.1562756e-05,-5.036311e-05,-5.036311e-05,-4.1210158e-05,-4.1210158e-05,-5.036311e-05,-5.036311e-05,-7.0799756e-18,-7.0799756e-18,6.2196652e-17,6.2196652e-17,0.00033575406,0.00033575406,-1.975963e-14,-1.975963e-14,3.9506813e-16,3.9506813e-16,1.9792931e-16,1.9792931e-16,-8.1193737e-18,-8.1193737e-18,-0.00028539095,-0.00028539095,-5.036311e-05,-5.036311e-05,-0.00028539095,-0.00028539095,-5.036311e-05,-5.036311e-05,-2.0906035e-16,-2.0906035e-16,5.2339126e-17,5.2339126e-17,-0.00033575406,-0.00033575406,-1.5365017e-16,-1.5365017e-16,-0.00033574859,-0.00033574859,-3.8106348e-16,-3.8106348e-16,0.00028539095,0.00028539095,5.036311e-05,5.036311e-05,0.00028539095,0.00028539095,5.036311e-05,5.036311e-05,0.00033575406,0.00033575406,-1.9784562e-14,-1.9784562e-14,2.6243114e-16,2.6243114e-16,7.4376269e-17,7.4376269e-17,-5.036311e-05,-5.036311e-05,-1.0449281e-06,-1.0449281e-06,-3.2795662e-19,-3.2795662e-19,-8.881889e-07,-8.881889e-07,-1.5673922e-07,-1.5673922e-07,0.00023230618,0.00023230618,-1.976259e-14,-1.976259e-14,0.27122387,0.27122387,-1.2467256e-12,-1.2467256e-12,0.14917306,0.14917306,-6.2376937e-13,-6.2376937e-13,1.4637277e-15,1.4637277e-15,0.00033575406,0.00033575406,2.7764949e-17,2.7764949e-17,-3.9824734e-15,-3.9824734e-15,-7.553158e-14,-7.553158e-14,7.553158e-14,7.553158e-14,1.1113605e-18,1.1113605e-18,1.7897004e-18,1.7897004e-18,-5.4688413e-09,-5.4688413e-09,-2.1791466e-17,-2.1791466e-17,-2.0531982e-17,-2.0531982e-17,1.8091029e-19,1.8091029e-19,4.8482258e-07,4.8482258e-07,7.2431377e-36,7.2431377e-36
2.1256322e-14,2.1256322e-14,-3.4966514e-17,-3.4966514e-17,2.1221355e-14,2.1221355e-14,1.970429e-14,1.970429e-14,-1.5520313e-15,-1.5520313e-15,-4.1431618e-05,-4.1431618e-05,-5.0206857e-05,-5.0206857e-05,-4.1082116e-05,-4.1082116e-05,-5.0206857e-05,-5.0206857e-05,-7.0143985e-18,-7.0143985e-18,6.2003683e-17,6.2003683e-17,0.00033471238,0.00033471238,-1.9760225e-14,-1.9760225e-14,3.9387983e-16,3.9387983e-16,1.9728277e-16,1.9728277e-16,-8.0940888e-18,-8.0940888e-18,-0.00028450552,-0.00028450552,-5.0206857e-05,-5.0206857e-05,-0.00028450552,-0.00028450552,-5.0206857e-05,-5.0206857e-05,-2.1021487e-16,-2.1021487e-16,5.30053e-17,5.30053e-17,-0.00033471238,-0.00033471238,-1.5414805e-16,-1.5414805e-16,-0.00033470718,-0.00033470718,-3.8085558e-16,-3.8085558e-16,0.00028450552,0.00028450552,5.0206857e-05,5.0206857e-05,0.00028450552,0.00028450552,5.0206857e-05,5.0206857e-05,0.00033471238,0.00033471238,-1.978508e-14,-1.978508e-14,2.6362376e-16,2.6362376e-16,7.4051008e-17,7.4051008e-17,-5.0206857e-05,-5.0206857e-05,-1.0416863e-06,-1.0416863e-06,-3.2687831e-19,-3.2687831e-19,-8.8543337e-07,-8.8543337e-07,-1.5625295e-07,-1.5625295e-07,0.00023158543,0.00023158543,-1.9763176e-14,-1.9763176e-14,0.27038239,0.27038239,-1.2467662e-12,-1.2467662e-12,0.14871025,0.14871025,-6.2379177e-13,-6.2379177e-13,1.4711979e-15,1.4711979e-15,0.00033471238,0.00033471238,2.8052185e-17,2.8052185e-17,-3.9826925e-15,-3.9826925e-15,-7.5685586e-14,-7.5685586e-14,7.5685586e-14,7.5685586e-14,1.1075189e-18,1.1075189e-18,1.7841478e-18,1.7841478e-18,-5.1953992e-09,-5.1953992e-09,-2.1723854e-17,-2.1723854e-17,-2.0468281e-17,-2.0468281e-17,1.80349e-19,1.80349e-19,4.805652e-07,4.805652e-07,7.1953688e-36,7.1953688e-36
2.1264314e-14,2.1264314e-14,-3.4841829e-17,-3.4841829e-17,2.1229473e-14,2.1229473e-14,1.9704082e-14,1.9704082e-14,-1.5602322e-15,-1.5602322e-15,-4.1300914e-05,-4.1300914e-05,-5.0051088e-05,-5.0051088e-05,-4.095448e-05,-4.095448e-05,-5.0051088e-05,-5.0051088e-05,-7.0810254e-18,-7.0810254e-18,6.1811312e-17,6.1811312e-17,0.00033367392,0.00033367392,-1.9760818e-14,-1.9760818e-14,3.9257181e-16,3.9257181e-16,1.9662494e-16,1.9662494e-16,-8.0688849e-18,-8.0688849e-18,-0.00028362283,-0.00028362283,-5.0051088e-05,-5.0051088e-05,-0.00028362283,-0.00028362283,-5.0051088e-05,-5.0051088e-05,-2.1136587e-16,-2.1136587e-16,5.3669431e-17,5.3669431e-17,-0.00033367392,-0.00033367392,-1.5464441e-16,-1.5464441e-16,-0.00033366899,-0.00033366899,-3.8064838e-16,-3.8064838e-16,0.00028362283,0.00028362283,5.0051088e-05,5.0051088e-05,0.00028362283,0.00028362283,5.0051088e-05,5.0051088e-05,0.00033367392,0.00033367392,-1.9785596e-14,-1.9785596e-14,2.6476217e-16,2.6476217e-16,7.3888378e-17,7.3888378e-17,-5.0051088e-05,-5.0051088e-05,-1.0384546e-06,-1.0384546e-06,-3.2580495e-19,-3.2580495e-19,-8.8268638e-07,-8.8268638e-07,-1.5576818e-07,-1.5576818e-07,0.00023086692,0.00023086692,-1.976376e-14,-1.976376e-14,0.26954351,0.26954351,-1.2468067e-12,-1.2468067e-12,0.14824887,0.14824887,-6.2381411e-13,-6.2381411e-13,1.4786726e-15,1.4786726e-15,0.00033367392,0.00033367392,2.836823e-17,2.836823e-17,-3.982911e-15,-3.982911e-15,-7.5839117e-14,-7.5839117e-14,7.5839117e-14,7.5839117e-14,1.1036983e-18,1.1036983e-18,1.7786123e-18,1.7786123e-18,-4.9356292e-09,-4.9356292e-09,-2.1656453e-17,-2.1656453e-17,-2.0404779e-17,-2.0404779e-17,1.7978946e-19,1.7978946e-19,4.7634673e-07,4.7634673e-07,7.1479829e-36,7.1479829e-36
2.1272272e-14,2.1272272e-14,-3.4751217e-17,-3.4751217e-17,2.123752e-14,2.123752e-14,1.9703875e-14,1.9703875e-14,-1.5683968e-15,-1.5683968e-15,-4.1170643e-05,-4.1170643e-05,-4.9895803e-05,-4.9895803e-05,-4.0827249e-05,-4.0827249e-05,-4.9895803e-05,-4.9895803e-05,-7.0636156e-18,-7.0636156e-18,6.1619539e-17,6.1619539e-17,0.00033263869,0.00033263869,-1.9761409e-14,-1.9761409e-14,3.9138228e-16,3.9138228e-16,1.9603138e-16,1.9603138e-16,-8.0437617e-18,-8.0437617e-18,-0.00028274289,-0.00028274289,-4.9895803e-05,-4.9895803e-05,-0.00028274289,-0.00028274289,-4.9895803e-05,-4.9895803e-05,-2.1251335e-16,-2.1251335e-16,5.4331524e-17,5.4331524e-17,-0.00033263869,-0.00033263869,-1.5513927e-16,-1.5513927e-16,-0.000332634,-0.000332634,-3.8044185e-16,-3.8044185e-16,0.00028274289,0.00028274289,4.9895803e-05,4.9895803e-05,0.00028274289,0.00028274289,4.9895803e-05,4.9895803e-05,0.00033263869,0.00033263869,-1.9786111e-14,-1.9786111e-14,2.66009e-16,2.66009e-16,7.3725748e-17,7.3725748e-17,-4.9895803e-05,-4.9895803e-05,-1.0352328e-06,-1.0352328e-06,-3.2473649e-19,-3.2473649e-19,-8.799479e-07,-8.799479e-07,-1.5528492e-07,-1.5528492e-07,0.00023015064,0.00023015064,-1.9764342e-14,-1.9764342e-14,0.26870724,0.26870724,-1.2468471e-12,-1.2468471e-12,0.14778892,0.14778892,-6.2383637e-13,-6.2383637e-13,1.4861132e-15,1.4861132e-15,0.00033263869,0.00033263869,2.8678253e-17,2.8678253e-17,-3.9831288e-15,-3.9831288e-15,-7.5992173e-14,-7.5992173e-14,7.5992173e-14,7.5992173e-14,1.0998983e-18,1.0998983e-18,1.7730941e-18,1.7730941e-18,-4.6888478e-09,-4.6888478e-09,-2.1589261e-17,-2.1589261e-17,-2.0341473e-17,-2.0341473e-17,1.7923165e-19,1.7923165e-19,4.7216681e-07,4.7216681e-07,7.1009747e-36,7.1009747e-36
2.1280124e-14,2.1280124e-14,-3.4626163e-17,-3.4626163e-17,2.1245498e-14,2.1245498e-14,1.9703668e-14,1.9703668e-14,-1.5764565e-15,-1.5764565e-15,-4.1040804e-05,-4.1040804e-05,-4.9741e-05,-4.9741e-05,-4.0700422e-05,-4.0700422e-05,-4.9741e-05,-4.9741e-05,-6.9627666e-18,-6.9627666e-18,6.142836e-17,6.142836e-17,0.00033160667,0.00033160667,-1.9761999e-14,-1.9761999e-14,3.9023428e-16,3.9023428e-16,1.9547935e-16,1.9547935e-16,-8.0187189e-18,-8.0187189e-18,-0.00028186567,-0.00028186567,-4.9741e-05,-4.9741e-05,-0.00028186567,-0.00028186567,-4.9741e-05,-4.9741e-05,-2.1365732e-16,-2.1365732e-16,5.4991585e-17,5.4991585e-17,-0.00033160667,-0.00033160667,-1.5563262e-16,-1.5563262e-16,-0.00033160221,-0.00033160221,-3.8023601e-16,-3.8023601e-16,0.00028186567,0.00028186567,4.9741e-05,4.9741e-05,0.00028186567,0.00028186567,4.9741e-05,4.9741e-05,0.00033160667,0.00033160667,-1.9786623e-14,-1.9786623e-14,2.6698478e-16,2.6698478e-16,7.3454697e-17,7.3454697e-17,-4.9741e-05,-4.9741e-05,-1.0320211e-06,-1.0320211e-06,-3.2367287e-19,-3.2367287e-19,-8.7721792e-07,-8.7721792e-07,-1.5480316e-07,-1.5480316e-07,0.00022943658,0.00022943658,-1.9764922e-14,-1.9764922e-14,0.26787356,0.26787356,-1.2468873e-12,-1.2468873e-12,0.1473304,0.1473304,-6.2385856e-13,-6.2385856e-13,1.4934512e-15,1.4934512e-15,0.00033160667,0.00033160667,2.8956357e-17,2.8956357e-17,-3.9833459e-15,-3.9833459e-15,-7.6144756e-14,-7.6144756e-14,7.6144756e-14,7.6144756e-14,1.0961188e-18,1.0961188e-18,1.767593e-18,1.767593e-18,-4.4544054e-09,-4.4544054e-09,-2.1522277e-17,-2.1522277e-17,-2.0278363e-17,-2.0278363e-17,1.7867557e-19,1.7867557e-19,4.6802507e-07,4.6802507e-07,7.0543391e-36,7.0543391e-36
2.1288036e-14,2.1288036e-14,-3.4467301e-17,-3.4467301e-17,2.1253569e-14,2.1253569e-14,1.9703462e-14,1.9703462e-14,-1.5845748e-15,-1.5845748e-15,-4.0911393e-05,-4.0911393e-05,-4.9586677e-05,-4.9586677e-05,-4.0573995e-05,-4.0573995e-05,-4.9586677e-05,-4.9586677e-05,-6.9417045e-18,-6.9417045e-18,6.1237775e-17,6.1237775e-17,0.00033057785,0.00033057785,-1.9762586e-14,-1.9762586e-14,3.8907292e-16,3.8907292e-16,1.9491396e-16,1.9491396e-16,-7.9937561e-18,-7.9937561e-18,-0.00028099117,-0.00028099117,-4.9586677e-05,-4.9586677e-05,-0.00028099117,-0.00028099117,-4.9586677e-05,-4.9586677e-05,-2.1479779e-16,-2.1479779e-16,5.5649621e-17,5.5649621e-17,-0.00033057785,-0.00033057785,-1.5612447e-16,-1.5612447e-16,-0.00033057362,-0.00033057362,-3.8003084e-16,-3.8003084e-16,0.00028099117,0.00028099117,4.9586677e-05,4.9586677e-05,0.00028099117,0.00028099117,4.9586677e-05,4.9586677e-05,0.00033057785,0.00033057785,-1.9787134e-14,-1.9787134e-14,2.6801478e-16,2.6801478e-16,7.3129437e-17,7.3129437e-17,-4.9586677e-05,-4.9586677e-05,-1.0288193e-06,-1.0288193e-06,-3.2261401e-19,-3.2261401e-19,-8.744964e-07,-8.744964e-07,-1.5432289e-07,-1.5432289e-07,0.00022872474,0.00022872474,-1.97655e-14,-1.97655e-14,0.26704247,0.26704247,-1.2469274e-12,-1.2469274e-12,0.14687331,0.14687331,-6.2388068e-13,-6.2388068e-13,1.5007958e-15,1.5007958e-15,0.00033057785,0.00033057785,2.9250104e-17,2.9250104e-17,-3.9835624e-15,-3.9835624e-15,-7.6296868e-14,-7.6296868e-14,7.6296868e-14,7.6296868e-14,1.0923595e-18,1.0923595e-18,1.7621089e-18,1.7621089e-18,-4.2316851e-09,-4.2316851e-09,-2.1455501e-17,-2.1455501e-17,-2.0215449e-17,-2.0215449e-17,1.7812122e-19,1.7812122e-19,4.6392115e-07,4.6392115e-07,7.008071e-36,7.008071e-36
2.1295965e-14,2.1295965e-14,-3.4449103e-17,-3.4449103e-17,2.1261516e-14,2.1261516e-14,1.9703256e-14,1.9703256e-14,-1.5927093e-15,-1.5927093e-15,-4.0782409e-05,-4.0782409e-05,-4.9432833e-05,-4.9432833e-05,-4.0447969e-05,-4.0447969e-05,-4.9432833e-05,-4.9432833e-05,-7.0010233e-18,-7.0010233e-18,6.1047781e-17,6.1047781e-17,0.00032955222,0.00032955222,-1.9763172e-14,-1.9763172e-14,3.8771078e-16,3.8771078e-16,1.9420199e-16,1.9420199e-16,-7.968873e-18,-7.968873e-18,-0.00028011939,-0.00028011939,-4.9432833e-05,-4.9432833e-05,-0.00028011939,-0.00028011939,-4.9432833e-05,-4.9432833e-05,-2.1593478e-16,-2.1593478e-16,5.6305636e-17,5.6305636e-17,-0.00032955222,-0.00032955222,-1.5661482e-16,-1.5661482e-16,-0.0003295482,-0.0003295482,-3.7982635e-16,-3.7982635e-16,0.00028011939,0.00028011939,4.9432833e-05,4.9432833e-05,0.00028011939,0.00028011939,4.9432833e-05,4.9432833e-05,0.00032955222,0.00032955222,-1.9787644e-14,-1.9787644e-14,2.6931582e-16,2.6931582e-16,7.3021016e-17,7.3021016e-17,-4.9432833e-05,-4.9432833e-05,-1.0256274e-06,-1.0256274e-06,-3.2155988e-19,-3.2155988e-19,-8.7178333e-07,-8.7178333e-07,-1.5384412e-07,-1.5384412e-07,0.00022801511,0.00022801511,-1.9766077e-14,-1.9766077e-14,0.26621396,0.26621396,-1.2469674e-12,-1.2469674e-12,0.14641763,0.14641763,-6.2390274e-13,-6.2390274e-13,1.5083213e-15,1.5083213e-15,0.00032955222,0.00032955222,2.9574061e-17,2.9574061e-17,-3.9837781e-15,-3.9837781e-15,-7.644851e-14,-7.644851e-14,7.644851e-14,7.644851e-14,1.0886201e-18,1.0886201e-18,1.7566419e-18,1.7566419e-18,-4.0201008e-09,-4.0201008e-09,-2.1388933e-17,-2.1388933e-17,-2.0152731e-17,-2.0152731e-17,1.7756859e-19,1.7756859e-19,4.5985471e-07,4.5985471e-07,6.9621658e-36,6.9621658e-36
2.1303748e-14,2.1303748e-14,-3.4355358e-17,-3.4355358e-17,2.1269393e-14,2.1269393e-14,1.9703051e-14,1.9703051e-14,-1.6006979e-15,-1.6006979e-15,-4.065385e-05,-4.065385e-05,-4.9279466e-05,-4.9279466e-05,-4.0322341e-05,-4.0322341e-05,-4.9279466e-05,-4.9279466e-05,-6.9244744e-18,-6.9244744e-18,6.0858376e-17,6.0858376e-17,0.00032852978,0.00032852978,-1.9763756e-14,-1.9763756e-14,3.8652664e-16,3.8652664e-16,1.9366802e-16,1.9366802e-16,-7.9440693e-18,-7.9440693e-18,-0.00027925031,-0.00027925031,-4.9279466e-05,-4.9279466e-05,-0.00027925031,-0.00027925031,-4.9279466e-05,-4.9279466e-05,-2.1706829e-16,-2.1706829e-16,5.6959637e-17,5.6959637e-17,-0.00032852978,-0.00032852978,-1.5710368e-16,-1.5710368e-16,-0.00032852596,-0.00032852596,-3.7962253e-16,-3.7962253e-16,0.00027925031,0.00027925031,4.9279466e-05,4.9279466e-05,0.00027925031,0.00027925031,4.9279466e-05,4.9279466e-05,0.00032852978,0.00032852978,-1.9788152e-14,-1.9788152e-14,2.7034581e-16,2.7034581e-16,7.2749966e-17,7.2749966e-17,-4.9279466e-05,-4.9279466e-05,-1.0224455e-06,-1.0224455e-06,-3.2051041e-19,-3.2051041e-19,-8.6907866e-07,-8.6907866e-07,-1.5336682e-07,-1.5336682e-07,0.00022730767,0.00022730767,-1.9766651e-14,-1.9766651e-14,0.26538802,0.26538802,-1.2470073e-12,-1.2470073e-12,0.14596336,0.14596336,-6.2392472e-13,-6.2392472e-13,1.5155948e-15,1.5155948e-15,0.00032852978,0.00032852978,2.9860592e-17,2.9860592e-17,-3.9839932e-15,-3.9839932e-15,-7.6599683e-14,-7.6599683e-14,7.6599683e-14,7.6599683e-14,1.0849003e-18,1.0849003e-18,1.7511918e-18,1.7511918e-18,-3.8190958e-09,-3.8190958e-09,-2.1322571e-17,-2.1322571e-17,-2.0090207e-17,-2.0090207e-17,1.7701767e-19,1.7701767e-19,4.5582538e-07,4.5582538e-07,6.9166185e-36,6.9166185e-36
2.1311589e-14,2.1311589e-14,-3.4225965e-17,-3.4225965e-17,2.1277363e-14,2.1277363e-14,1.9702846e-14,1.9702846e-14,-1.6087434e-15,-1.6087434e-15,-4.0525715e-05,-4.0525715e-05,-4.9126575e-05,-4.9126575e-05,-4.0197109e-05,-4.0197109e-05,-4.9126575e-05,-4.9126575e-05,-6.9294886e-18,-6.9294886e-18,6.066956e-17,6.066956e-17,0.0003275105,0.0003275105,-1.9764338e-14,-1.9764338e-14,3.8538935e-16,3.8538935e-16,1.9301827e-16,1.9301827e-16,-7.9193448e-18,-7.9193448e-18,-0.00027838393,-0.00027838393,-4.9126575e-05,-4.9126575e-05,-0.00027838393,-0.00027838393,-4.9126575e-05,-4.9126575e-05,-2.1819833e-16,-2.1819833e-16,5.761163e-17,5.761163e-17,-0.0003275105,-0.0003275105,-1.5759104e-16,-1.5759104e-16,-0.00032750687,-0.00032750687,-3.7941938e-16,-3.7941938e-16,0.00027838393,0.00027838393,4.9126575e-05,4.9126575e-05,0.00027838393,0.00027838393,4.9126575e-05,4.9126575e-05,0.0003275105,0.0003275105,-1.9788658e-14,-1.9788658e-14,2.7148422e-16,2.7148422e-16,7.2478915e-17,7.2478915e-17,-4.9126575e-05,-4.9126575e-05,-1.0192734e-06,-1.0192734e-06,-3.1946554e-19,-3.1946554e-19,-8.6638239e-07,-8.6638239e-07,-1.5289101e-07,-1.5289101e-07,0.00022660244,0.00022660244,-1.9767224e-14,-1.9767224e-14,0.26456464,0.26456464,-1.247047e-12,-1.247047e-12,0.1455105,0.1455105,-6.2394663e-13,-6.2394663e-13,1.5228731e-15,1.5228731e-15,0.0003275105,0.0003275105,3.0158338e-17,3.0158338e-17,-3.9842076e-15,-3.9842076e-15,-7.6750389e-14,-7.6750389e-14,7.6750389e-14,7.6750389e-14,1.0812e-18,1.0812e-18,1.7457586e-18,1.7457586e-18,-3.628141e-09,-3.628141e-09,-2.1256415e-17,-2.1256415e-17,-2.0027877e-17,-2.0027877e-17,1.7646846e-19,1.7646846e-19,4.5183282e-07,4.5183282e-07,6.8714247e-36,6.8714247e-36
2.1319395e-14,2.1319395e-14,-3.4184912e-17,-3.4184912e-17,2.128521e-14,2.128521e-14,1.9702642e-14,1.9702642e-14,-1.6167528e-15,-1.6167528e-15,-4.0398001e-05,-4.0398001e-05,-4.8974159e-05,-4.8974159e-05,-4.0072273e-05,-4.0072273e-05,-4.8974159e-05,-4.8974159e-05,-6.9624438e-18,-6.9624438e-18,6.0481329e-17,6.0481329e-17,0.00032649439,0.00032649439,-1.9764918e-14,-1.9764918e-14,3.8410344e-16,3.8410344e-16,1.9238254e-16,1.9238254e-16,-7.894699e-18,-7.894699e-18,-0.00027752023,-0.00027752023,-4.8974159e-05,-4.8974159e-05,-0.00027752023,-0.00027752023,-4.8974159e-05,-4.8974159e-05,-2.1932491e-16,-2.1932491e-16,5.826162e-17,5.826162e-17,-0.00032649439,-0.00032649439,-1.5807693e-16,-1.5807693e-16,-0.00032649095,-0.00032649095,-3.7921689e-16,-3.7921689e-16,0.00027752023,0.00027752023,4.8974159e-05,4.8974159e-05,0.00027752023,0.00027752023,4.8974159e-05,4.8974159e-05,0.00032649439,0.00032649439,-1.9789163e-14,-1.9789163e-14,2.7256843e-16,2.7256843e-16,7.2370495e-17,7.2370495e-17,-4.8974159e-05,-4.8974159e-05,-1.0161111e-06,-1.0161111e-06,-3.1842522e-19,-3.1842522e-19,-8.6369447e-07,-8.6369447e-07,-1.5241667e-07,-1.5241667e-07,0.00022589939,0.00022589939,-1.9767795e-14,-1.9767795e-14,0.26374381,0.26374381,-1.2470866e-12,-1.2470866e-12,0.14505905,0.14505905,-6.2396847e-13,-6.2396847e-13,1.5302802e-15,1.5302802e-15,0.00032649439,0.00032649439,3.0466347e-17,3.0466347e-17,-3.9844214e-15,-3.9844214e-15,-7.6900629e-14,-7.6900629e-14,7.6900629e-14,7.6900629e-14,1.0775188e-18,1.0775188e-18,1.7403423e-18,1.7403423e-18,-3.446734e-09,-3.446734e-09,-2.1190465e-17,-2.1190465e-17,-1.996574e-17,-1.996574e-17,1.7592096e-19,1.7592096e-19,4.4787667e-07,4.4787667e-07,6.8265798e-36,6.8265798e-36
2.1327107e-14,2.1327107e-14,-3.4066459e-17,-3.4066459e-17,2.1293041e-14,2.1293041e-14,1.9702438e-14,1.9702438e-14,-1.6246689e-15,-1.6246689e-15,-4.0270708e-05,-4.0270708e-05,-4.8822215e-05,-4.8822215e-05,-3.994783e-05,-3.994783e-05,-4.8822215e-05,-4.8822215e-05,-6.8612964e-18,-6.8612964e-18,6.0293682e-17,6.0293682e-17,0.00032548143,0.00032548143,-1.9765496e-14,-1.9765496e-14,3.8300155e-16,3.8300155e-16,1.918224e-16,1.918224e-16,-7.8701316e-18,-7.8701316e-18,-0.00027665922,-0.00027665922,-4.8822215e-05,-4.8822215e-05,-0.00027665922,-0.00027665922,-4.8822215e-05,-4.8822215e-05,-2.2044804e-16,-2.2044804e-16,5.8909612e-17,5.8909612e-17,-0.00032548143,-0.00032548143,-1.5856133e-16,-1.5856133e-16,-0.00032547816,-0.00032547816,-3.7901507e-16,-3.7901507e-16,0.00027665922,0.00027665922,4.8822215e-05,4.8822215e-05,0.00027665922,0.00027665922,4.8822215e-05,4.8822215e-05,0.00032548143,0.00032548143,-1.9789666e-14,-1.9789666e-14,2.7370684e-16,2.7370684e-16,7.2045234e-17,7.2045234e-17,-4.8822215e-05,-4.8822215e-05,-1.0129587e-06,-1.0129587e-06,-3.1738941e-19,-3.1738941e-19,-8.6101489e-07,-8.6101489e-07,-1.519438e-07,-1.519438e-07,0.00022519852,0.00022519852,-1.9768364e-14,-1.9768364e-14,0.26292553,0.26292553,-1.2471261e-12,-1.2471261e-12,0.144609,0.144609,-6.2399025e-13,-6.2399025e-13,1.5374336e-15,1.5374336e-15,0.00032548143,0.00032548143,3.0752829e-17,3.0752829e-17,-3.9846345e-15,-3.9846345e-15,-7.7050405e-14,-7.7050405e-14,7.7050405e-14,7.7050405e-14,1.0738566e-18,1.0738566e-18,1.7349428e-18,1.7349428e-18,-3.2743973e-09,-3.2743973e-09,-2.1124719e-17,-2.1124719e-17,-1.9903796e-17,-1.9903796e-17,1.7537516e-19,1.7537516e-19,4.4395661e-07,4.4395661e-07,6.7820794e-36,6.7820794e-36
2.1334988e-14,2.1334988e-14,-3.3914232e-17,-3.3914232e-17,2.1301073e-14,2.1301073e-14,1.9702235e-14,1.9702235e-14,-1.6327523e-15,-1.6327523e-15,-4.0143832e-05,-4.0143832e-05,-4.8670743e-05,-4.8670743e-05,-3.9823779e-05,-3.9823779e-05,-4.8670743e-05,-4.8670743e-05,-6.8976814e-18,-6.8976814e-18,6.0106618e-17,6.0106618e-17,0.00032447162,0.00032447162,-1.9766073e-14,-1.9766073e-14,3.8172766e-16,3.8172766e-16,1.9114447e-16,1.9114447e-16,-7.8456425e-18,-7.8456425e-18,-0.00027580087,-0.00027580087,-4.8670743e-05,-4.8670743e-05,-0.00027580087,-0.00027580087,-4.8670743e-05,-4.8670743e-05,-2.2156773e-16,-2.2156773e-16,5.9555613e-17,5.9555613e-17,-0.00032447162,-0.00032447162,-1.5904426e-16,-1.5904426e-16,-0.00032446851,-0.00032446851,-3.788139e-16,-3.788139e-16,0.00027580087,0.00027580087,4.8670743e-05,4.8670743e-05,0.00027580087,0.00027580087,4.8670743e-05,4.8670743e-05,0.00032447162,0.00032447162,-1.9790167e-14,-1.9790167e-14,2.7484525e-16,2.7484525e-16,7.1936814e-17,7.1936814e-17,-4.8670743e-05,-4.8670743e-05,-1.009816e-06,-1.009816e-06,-3.1635804e-19,-3.1635804e-19,-8.5834363e-07,-8.5834363e-07,-1.514724e-07,-1.514724e-07,0.00022449983,0.00022449983,-1.9768932e-14,-1.9768932e-14,0.2621098,0.2621098,-1.2471654e-12,-1.2471654e-12,0.14416035,0.14416035,-6.2401196e-13,-6.2401196e-13,1.5447563e-15,1.5447563e-15,0.00032447162,0.00032447162,3.1050905e-17,3.1050905e-17,-3.9848469e-15,-3.9848469e-15,-7.7199718e-14,-7.7199718e-14,7.7199718e-14,7.7199718e-14,1.070213e-18,1.070213e-18,1.7295601e-18,1.7295601e-18,-3.1106774e-09,-3.1106774e-09,-2.1059177e-17,-2.1059177e-17,-1.9842044e-17,-1.9842044e-17,1.7483104e-19,1.7483104e-19,4.4007229e-07,4.4007229e-07,6.7379193e-36,6.7379193e-36
2.1342567e-14,2.1342567e-14,-3.3747531e-17,-3.3747531e-17,2.130882e-14,2.130882e-14,1.9702033e-14,1.9702033e-14,-1.6405343e-15,-1.6405343e-15,-4.0017372e-05,-4.0017372e-05,-4.851974e-05,-4.851974e-05,-3.9700118e-05,-3.9700118e-05,-4.851974e-05,-4.851974e-05,-6.8011311e-18,-6.8011311e-18,5.9920134e-17,5.9920134e-17,0.00032346493,0.00032346493,-1.9766647e-14,-1.9766647e-14,3.8062036e-16,3.8062036e-16,1.9063312e-16,1.9063312e-16,-7.8212312e-18,-7.8212312e-18,-0.00027494519,-0.00027494519,-4.851974e-05,-4.851974e-05,-0.00027494519,-0.00027494519,-4.851974e-05,-4.851974e-05,-2.2268399e-16,-2.2268399e-16,6.0199629e-17,6.0199629e-17,-0.00032346493,-0.00032346493,-1.5952571e-16,-1.5952571e-16,-0.00032346198,-0.00032346198,-3.7861339e-16,-3.7861339e-16,0.00027494519,0.00027494519,4.851974e-05,4.851974e-05,0.00027494519,0.00027494519,4.851974e-05,4.851974e-05,0.00032346493,0.00032346493,-1.9790667e-14,-1.9790667e-14,2.7582103e-16,2.7582103e-16,7.1611553e-17,7.1611553e-17,-4.851974e-05,-4.851974e-05,-1.0066831e-06,-1.0066831e-06,-3.1533108e-19,-3.1533108e-19,-8.5568064e-07,-8.5568064e-07,-1.5100247e-07,-1.5100247e-07,0.00022380331,0.00022380331,-1.9769497e-14,-1.9769497e-14,0.26129659,0.26129659,-1.2472047e-12,-1.2472047e-12,0.14371309,0.14371309,-6.2403359e-13,-6.2403359e-13,1.5519425e-15,1.5519425e-15,0.00032346493,0.00032346493,3.1337332e-17,3.1337332e-17,-3.9850587e-15,-3.9850587e-15,-7.7348569e-14,-7.7348569e-14,7.7348569e-14,7.7348569e-14,1.0665879e-18,1.0665879e-18,1.7241941e-18,1.7241941e-18,-2.9551435e-09,-2.9551435e-09,-2.0993839e-17,-2.0993839e-17,-1.9780484e-17,-1.9780484e-17,1.7428862e-19,1.7428862e-19,4.3622337e-07,4.3622337e-07,6.6940953e-36,6.6940953e-36
2.135037e-14,2.135037e-14,-3.3656717e-17,-3.3656717e-17,2.1316713e-14,2.1316713e-14,1.9701831e-14,1.9701831e-14,-1.648539e-15,-1.648539e-15,-3.9891326e-05,-3.9891326e-05,-4.8369206e-05,-4.8369206e-05,-3.9576847e-05,-3.9576847e-05,-4.8369206e-05,-4.8369206e-05,-6.7890669e-18,-6.7890669e-18,5.9734228e-17,5.9734228e-17,0.00032246137,0.00032246137,-1.976722e-14,-1.976722e-14,3.7944814e-16,3.7944814e-16,1.9005686e-16,1.9005686e-16,-7.7968975e-18,-7.7968975e-18,-0.00027409217,-0.00027409217,-4.8369206e-05,-4.8369206e-05,-0.00027409217,-0.00027409217,-4.8369206e-05,-4.8369206e-05,-2.2379683e-16,-2.2379683e-16,6.0841664e-17,6.0841664e-17,-0.00032246137,-0.00032246137,-1.6000569e-16,-1.6000569e-16,-0.00032245857,-0.00032245857,-3.7841353e-16,-3.7841353e-16,0.00027409217,0.00027409217,4.8369206e-05,4.8369206e-05,0.00027409217,0.00027409217,4.8369206e-05,4.8369206e-05,0.00032246137,0.00032246137,-1.9791165e-14,-1.9791165e-14,2.7690523e-16,2.7690523e-16,7.1448923e-17,7.1448923e-17,-4.8369206e-05,-4.8369206e-05,-1.0035599e-06,-1.0035599e-06,-3.1430847e-19,-3.1430847e-19,-8.5302592e-07,-8.5302592e-07,-1.5053399e-07,-1.5053399e-07,0.00022310894,0.00022310894,-1.9770061e-14,-1.9770061e-14,0.2604859,0.2604859,-1.2472438e-12,-1.2472438e-12,0.14326721,0.14326721,-6.2405516e-13,-6.2405516e-13,1.559191e-15,1.559191e-15,0.00032246137,0.00032246137,3.1642381e-17,3.1642381e-17,-3.9852698e-15,-3.9852698e-15,-7.749696e-14,-7.749696e-14,7.749696e-14,7.749696e-14,1.0629811e-18,1.0629811e-18,1.7188447e-18,1.7188447e-18,-2.8073863e-09,-2.8073863e-09,-2.0928703e-17,-2.0928703e-17,-1.9719115e-17,-1.9719115e-17,1.7374788e-19,1.7374788e-19,4.3240952e-07,4.3240952e-07,6.6506034e-36,6.6506034e-36
2.1357978e-14,2.1357978e-14,-3.354893e-17,-3.354893e-17,2.1324429e-14,2.1324429e-14,1.970163e-14,1.970163e-14,-1.6563484e-15,-1.6563484e-15,-3.9765694e-05,-3.9765694e-05,-4.8219139e-05,-4.8219139e-05,-3.9453963e-05,-3.9453963e-05,-4.8219139e-05,-4.8219139e-05,-6.7536478e-18,-6.7536478e-18,5.95489e-17,5.95489e-17,0.00032146093,0.00032146093,-1.9767791e-14,-1.9767791e-14,3.7828659e-16,3.7828659e-16,1.8959968e-16,1.8959968e-16,-7.7726411e-18,-7.7726411e-18,-0.00027324179,-0.00027324179,-4.8219139e-05,-4.8219139e-05,-0.00027324179,-0.00027324179,-4.8219139e-05,-4.8219139e-05,-2.2490626e-16,-2.2490626e-16,6.1481726e-17,6.1481726e-17,-0.00032146093,-0.00032146093,-1.6048421e-16,-1.6048421e-16,-0.00032145826,-0.00032145826,-3.7821432e-16,-3.7821432e-16,0.00027324179,0.00027324179,4.8219139e-05,4.8219139e-05,0.00027324179,0.00027324179,4.8219139e-05,4.8219139e-05,0.00032146093,0.00032146093,-1.9791662e-14,-1.9791662e-14,2.7798944e-16,2.7798944e-16,7.1177873e-17,7.1177873e-17,-4.8219139e-05,-4.8219139e-05,-1.0004464e-06,-1.0004464e-06,-3.1329016e-19,-3.1329016e-19,-8.5037943e-07,-8.5037943e-07,-1.5006696e-07,-1.5006696e-07,0.00022241674,0.00022241674,-1.9770623e-14,-1.9770623e-14,0.25967773,0.25967773,-1.2472828e-12,-1.2472828e-12,0.14282272,0.14282272,-6.2407666e-13,-6.2407666e-13,1.5663547e-15,1.5663547e-15,0.00032146093,0.00032146093,3.1910889e-17,3.1910889e-17,-3.9854802e-15,-3.9854802e-15,-7.7644892e-14,-7.7644892e-14,7.7644892e-14,7.7644892e-14,1.0593923e-18,1.0593923e-18,1.7135119e-18,1.7135119e-18,-2.667017e-09,-2.667017e-09,-2.086377e-17,-2.086377e-17,-1.9657936e-17,-1.9657936e-17,1.7320882e-19,1.7320882e-19,4.2863041e-07,4.2863041e-07,6.6074395e-36,6.6074395e-36
2.1365656e-14,2.1365656e-14,-3.3471525e-17,-3.3471525e-17,2.1332184e-14,2.1332184e-14,1.9701429e-14,1.9701429e-14,-1.6642267e-15,-1.6642267e-15,-3.9640472e-05,-3.9640472e-05,-4.8069538e-05,-4.8069538e-05,-3.9331465e-05,-3.9331465e-05,-4.8069538e-05,-4.8069538e-05,-6.749661e-18,-6.749661e-18,5.9364146e-17,5.9364146e-17,0.00032046359,0.00032046359,-1.976836e-14,-1.976836e-14,3.7709692e-16,3.7709692e-16,1.8895175e-16,1.8895175e-16,-7.7484616e-18,-7.7484616e-18,-0.00027239405,-0.00027239405,-4.8069538e-05,-4.8069538e-05,-0.00027239405,-0.00027239405,-4.8069538e-05,-4.8069538e-05,-2.2601229e-16,-2.2601229e-16,6.2119819e-17,6.2119819e-17,-0.00032046359,-0.00032046359,-1.6096127e-16,-1.6096127e-16,-0.00032046105,-0.00032046105,-3.7801576e-16,-3.7801576e-16,0.00027239405,0.00027239405,4.8069538e-05,4.8069538e-05,0.00027239405,0.00027239405,4.8069538e-05,4.8069538e-05,0.00032046359,0.00032046359,-1.9792157e-14,-1.9792157e-14,2.7907364e-16,2.7907364e-16,7.0961032e-17,7.0961032e-17,-4.8069538e-05,-4.8069538e-05,-9.9734252e-07,-9.9734252e-07,-3.1227612e-19,-3.1227612e-19,-8.4774115e-07,-8.4774115e-07,-1.4960138e-07,-1.4960138e-07,0.00022172668,0.00022172668,-1.9771183e-14,-1.9771183e-14,0.25887207,0.25887207,-1.2473216e-12,-1.2473216e-12,0.14237961,0.14237961,-6.240981e-13,-6.240981e-13,1.5735894e-15,1.5735894e-15,0.00032046359,0.00032046359,3.2214672e-17,3.2214672e-17,-3.98569e-15,-3.98569e-15,-7.7792367e-14,-7.7792367e-14,7.7792367e-14,7.7792367e-14,1.0558214e-18,1.0558214e-18,1.7081956e-18,1.7081956e-18,-2.5336662e-09,-2.5336662e-09,-2.0799038e-17,-2.0799038e-17,-1.9596947e-17,-1.9596947e-17,1.7267143e-19,1.7267143e-19,4.2488571e-07,4.2488571e-07,6.5645998e-36,6.5645998e-36
2.1373299e-14,2.1373299e-14,-3.337464e-17,-3.337464e-17,2.1339924e-14,2.1339924e-14,1.9701229e-14,1.9701229e-14,-1.6720698e-15,-1.6720698e-15,-3.951566e-05,-3.951566e-05,-4.7920401e-05,-4.7920401e-05,-3.9209351e-05,-3.9209351e-05,-4.7920401e-05,-4.7920401e-05,-6.7234721e-18,-6.7234721e-18,5.9179966e-17,5.9179966e-17,0.00031946934,0.00031946934,-1.9768927e-14,-1.9768927e-14,3.7592463e-16,3.7592463e-16,1.8832121e-16,1.8832121e-16,-7.7243589e-18,-7.7243589e-18,-0.00027154894,-0.00027154894,-4.7920401e-05,-4.7920401e-05,-0.00027154894,-0.00027154894,-4.7920401e-05,-4.7920401e-05,-2.2711492e-16,-2.2711492e-16,6.2755949e-17,6.2755949e-17,-0.00031946934,-0.00031946934,-1.6143687e-16,-1.6143687e-16,-0.00031946693,-0.00031946693,-3.7781784e-16,-3.7781784e-16,0.00027154894,0.00027154894,4.7920401e-05,4.7920401e-05,0.00027154894,0.00027154894,4.7920401e-05,4.7920401e-05,0.00031946934,0.00031946934,-1.9792651e-14,-1.9792651e-14,2.8015784e-16,2.8015784e-16,7.0744192e-17,7.0744192e-17,-4.7920401e-05,-4.7920401e-05,-9.9424829e-07,-9.9424829e-07,-3.112663e-19,-3.112663e-19,-8.4511105e-07,-8.4511105e-07,-1.4913724e-07,-1.4913724e-07,0.00022103876,0.00022103876,-1.9771742e-14,-1.9771742e-14,0.25806891,0.25806891,-1.2473604e-12,-1.2473604e-12,0.14193787,0.14193787,-6.2411946e-13,-6.2411946e-13,1.5806828e-15,1.5806828e-15,0.00031946934,0.00031946934,3.2504456e-17,3.2504456e-17,-3.9858991e-15,-3.9858991e-15,-7.7939385e-14,-7.7939385e-14,7.7939385e-14,7.7939385e-14,1.052268e-18,1.052268e-18,1.7028959e-18,1.7028959e-18,-2.4069828e-09,-2.4069828e-09,-2.0734507e-17,-2.0734507e-17,-1.9536147e-17,-1.9536147e-17,1.7213571e-19,1.7213571e-19,4.2117511e-07,4.2117511e-07,6.5220806e-36,6.5220806e-36
2.138085e-14,2.138085e-14,-3.3255152e-17,-3.3255152e-17,2.1347595e-14,2.1347595e-14,1.9701029e-14,1.9701029e-14,-1.6798206e-15,-1.6798206e-15,-3.9391256e-05,-3.9391256e-05,-4.7771726e-05,-4.7771726e-05,-3.9087621e-05,-3.9087621e-05,-4.7771726e-05,-4.7771726e-05,-6.7298649e-18,-6.7298649e-18,5.8996357e-17,5.8996357e-17,0.00031847817,0.00031847817,-1.9769493e-14,-1.9769493e-14,3.7472291e-16,3.7472291e-16,1.8771544e-16,1.8771544e-16,-7.7003326e-18,-7.7003326e-18,-0.00027070645,-0.00027070645,-4.7771726e-05,-4.7771726e-05,-0.00027070645,-0.00027070645,-4.7771726e-05,-4.7771726e-05,-2.2821418e-16,-2.2821418e-16,6.3390122e-17,6.3390122e-17,-0.00031847817,-0.00031847817,-1.6191102e-16,-1.6191102e-16,-0.00031847589,-0.00031847589,-3.7762056e-16,-3.7762056e-16,0.00027070645,0.00027070645,4.7771726e-05,4.7771726e-05,0.00027070645,0.00027070645,4.7771726e-05,4.7771726e-05,0.00031847817,0.00031847817,-1.9793143e-14,-1.9793143e-14,2.8129625e-16,2.8129625e-16,7.0527351e-17,7.0527351e-17,-4.7771726e-05,-4.7771726e-05,-9.9116365e-07,-9.9116365e-07,-3.1026065e-19,-3.1026065e-19,-8.4248911e-07,-8.4248911e-07,-1.4867455e-07,-1.4867455e-07,0.00022035297,0.00022035297,-1.9772299e-14,-1.9772299e-14,0.25726824,0.25726824,-1.247399e-12,-1.247399e-12,0.1414975,0.1414975,-6.2414076e-13,-6.2414076e-13,1.5877942e-15,1.5877942e-15,0.00031847817,0.00031847817,3.279588e-17,3.279588e-17,-3.9861076e-15,-3.9861076e-15,-7.8085949e-14,-7.8085949e-14,7.8085949e-14,7.8085949e-14,1.0487321e-18,1.0487321e-18,1.6976125e-18,1.6976125e-18,-2.2866337e-09,-2.2866337e-09,-2.0670176e-17,-2.0670176e-17,-1.9475536e-17,-1.9475536e-17,1.7160165e-19,1.7160165e-19,4.1749828e-07,4.1749828e-07,6.479878e-36,6.479878e-36
2.1388531e-14,2.1388531e-14,-3.3225825e-17,-3.3225825e-17,2.1355305e-14,2.1355305e-14,1.970083e-14,1.970083e-14,-1.6877001e-15,-1.6877001e-15,-3.9267257e-05,-3.9267257e-05,-4.7623513e-05,-4.7623513e-05,-3.8966272e-05,-3.8966272e-05,-4.7623513e-05,-4.7623513e-05,-6.7152012e-18,-6.7152012e-18,5.8813318e-17,5.8813318e-17,0.00031749008,0.00031749008,-1.9770057e-14,-1.9770057e-14,3.7353726e-16,3.7353726e-16,1.8712575e-16,1.8712575e-16,-7.6763824e-18,-7.6763824e-18,-0.00026986657,-0.00026986657,-4.7623513e-05,-4.7623513e-05,-0.00026986657,-0.00026986657,-4.7623513e-05,-4.7623513e-05,-2.2931006e-16,-2.2931006e-16,6.4022344e-17,6.4022344e-17,-0.00031749008,-0.00031749008,-1.6238372e-16,-1.6238372e-16,-0.00031748791,-0.00031748791,-3.7742392e-16,-3.7742392e-16,0.00026986657,0.00026986657,4.7623513e-05,4.7623513e-05,0.00026986657,0.00026986657,4.7623513e-05,4.7623513e-05,0.00031749008,0.00031749008,-1.9793633e-14,-1.9793633e-14,2.8243467e-16,2.8243467e-16,7.0256301e-17,7.0256301e-17,-4.7623513e-05,-4.7623513e-05,-9.8808858e-07,-9.8808858e-07,-3.0925913e-19,-3.0925913e-19,-8.398753e-07,-8.398753e-07,-1.4821329e-07,-1.4821329e-07,0.00021966932,0.00021966932,-1.9772854e-14,-1.9772854e-14,0.25647005,0.25647005,-1.2474375e-12,-1.2474375e-12,0.1410585,0.1410585,-6.24162e-13,-6.24162e-13,1.594874e-15,1.594874e-15,0.00031749008,0.00031749008,3.3087107e-17,3.3087107e-17,-3.9863154e-15,-3.9863154e-15,-7.823206e-14,-7.823206e-14,7.823206e-14,7.823206e-14,1.0452134e-18,1.0452134e-18,1.6923456e-18,1.6923456e-18,-2.172302e-09,-2.172302e-09,-2.0606045e-17,-2.0606045e-17,-1.9415113e-17,-1.9415113e-17,1.7106925e-19,1.7106925e-19,4.138549e-07,4.138549e-07,6.4379885e-36,6.4379885e-36
2.1396175e-14,2.1396175e-14,-3.3120903e-17,-3.3120903e-17,2.1363054e-14,2.1363054e-14,1.9700632e-14,1.9700632e-14,-1.6955428e-15,-1.6955428e-15,-3.9143664e-05,-3.9143664e-05,-4.7475759e-05,-4.7475759e-05,-3.8845304e-05,-3.8845304e-05,-4.7475759e-05,-4.7475759e-05,-6.7342612e-18,-6.7342612e-18,5.8630847e-17,5.8630847e-17,0.00031650506,0.00031650506,-1.9770619e-14,-1.9770619e-14,3.7232086e-16,3.7232086e-16,1.8645109e-16,1.8645109e-16,-7.652508e-18,-7.652508e-18,-0.0002690293,-0.0002690293,-4.7475759e-05,-4.7475759e-05,-0.0002690293,-0.0002690293,-4.7475759e-05,-4.7475759e-05,-2.3040258e-16,-2.3040258e-16,6.465262e-17,6.465262e-17,-0.00031650506,-0.00031650506,-1.6285497e-16,-1.6285497e-16,-0.000316503,-0.000316503,-3.7722792e-16,-3.7722792e-16,0.0002690293,0.0002690293,4.7475759e-05,4.7475759e-05,0.0002690293,0.0002690293,4.7475759e-05,4.7475759e-05,0.00031650506,0.00031650506,-1.9794122e-14,-1.9794122e-14,2.8357308e-16,2.8357308e-16,7.0147881e-17,7.0147881e-17,-4.7475759e-05,-4.7475759e-05,-9.8502305e-07,-9.8502305e-07,-3.0826171e-19,-3.0826171e-19,-8.3726959e-07,-8.3726959e-07,-1.4775346e-07,-1.4775346e-07,0.00021898778,0.00021898778,-1.9773407e-14,-1.9773407e-14,0.25567434,0.25567434,-1.2474758e-12,-1.2474758e-12,0.14062086,0.14062086,-6.2418316e-13,-6.2418316e-13,1.6020817e-15,1.6020817e-15,0.00031650506,0.00031650506,3.3386997e-17,3.3386997e-17,-3.9865226e-15,-3.9865226e-15,-7.8377719e-14,-7.8377719e-14,7.8377719e-14,7.8377719e-14,1.0417116e-18,1.0417116e-18,1.687095e-18,1.687095e-18,-2.0636869e-09,-2.0636869e-09,-2.0542113e-17,-2.0542113e-17,-1.9354877e-17,-1.9354877e-17,1.705385e-19,1.705385e-19,4.1024466e-07,4.1024466e-07,6.3964085e-36,6.3964085e-36
2.1403679e-14,2.1403679e-14,-3.2944726e-17,-3.2944726e-17,2.1370734e-14,2.1370734e-14,1.9700434e-14,1.9700434e-14,-1.7032444e-15,-1.7032444e-15,-3.9020473e-05,-3.9020473e-05,-4.7328464e-05,-4.7328464e-05,-3.8724715e-05,-3.8724715e-05,-4.7328464e-05,-4.7328464e-05,-6.6791932e-18,-6.6791932e-18,5.8448942e-17,5.8448942e-17,0.00031552309,0.00031552309,-1.9771179e-14,-1.9771179e-14,3.7128186e-16,3.7128186e-16,1.8600804e-16,1.8600804e-16,-7.6287092e-18,-7.6287092e-18,-0.00026819463,-0.00026819463,-4.7328464e-05,-4.7328464e-05,-0.00026819463,-0.00026819463,-4.7328464e-05,-4.7328464e-05,-2.3149175e-16,-2.3149175e-16,6.5280955e-17,6.5280955e-17,-0.00031552309,-0.00031552309,-1.6332478e-16,-1.6332478e-16,-0.00031552113,-0.00031552113,-3.7703256e-16,-3.7703256e-16,0.00026819463,0.00026819463,4.7328464e-05,4.7328464e-05,0.00026819463,0.00026819463,4.7328464e-05,4.7328464e-05,0.00031552309,0.00031552309,-1.9794609e-14,-1.9794609e-14,2.8449465e-16,2.8449465e-16,6.987683e-17,6.987683e-17,-4.7328464e-05,-4.7328464e-05,-9.8196703e-07,-9.8196703e-07,-3.0726834e-19,-3.0726834e-19,-8.3467197e-07,-8.3467197e-07,-1.4729505e-07,-1.4729505e-07,0.00021830836,0.00021830836,-1.9773958e-14,-1.9773958e-14,0.2548811,0.2548811,-1.2475141e-12,-1.2475141e-12,0.14018458,0.14018458,-6.2420426e-13,-6.2420426e-13,1.6090421e-15,1.6090421e-15,0.00031552309,0.00031552309,3.365983e-17,3.365983e-17,-3.9867291e-15,-3.9867291e-15,-7.8522927e-14,-7.8522927e-14,7.8522927e-14,7.8522927e-14,1.0382267e-18,1.0382267e-18,1.6818608e-18,1.6818608e-18,-1.9605026e-09,-1.9605026e-09,-2.0478379e-17,-2.0478379e-17,-1.9294828e-17,-1.9294828e-17,1.7000939e-19,1.7000939e-19,4.0666726e-07,4.0666726e-07,6.3551346e-36,6.3551346e-36
2.1411198e-14,2.1411198e-14,-3.2907268e-17,-3.2907268e-17,2.1378291e-14,2.1378291e-14,1.9700237e-14,1.9700237e-14,-1.710961e-15,-1.710961e-15,-3.8897683e-05,-3.8897683e-05,-4.7181626e-05,-4.7181626e-05,-3.8604503e-05,-3.8604503e-05,-4.7181626e-05,-4.7181626e-05,-6.6589838e-18,-6.6589838e-18,5.8267601e-17,5.8267601e-17,0.00031454417,0.00031454417,-1.9771737e-14,-1.9771737e-14,3.7011043e-16,3.7011043e-16,1.8537834e-16,1.8537834e-16,-7.6049857e-18,-7.6049857e-18,-0.00026736255,-0.00026736255,-4.7181626e-05,-4.7181626e-05,-0.00026736255,-0.00026736255,-4.7181626e-05,-4.7181626e-05,-2.3257757e-16,-2.3257757e-16,6.5907357e-17,6.5907357e-17,-0.00031454417,-0.00031454417,-1.6379316e-16,-1.6379316e-16,-0.00031454231,-0.00031454231,-3.7683782e-16,-3.7683782e-16,0.00026736255,0.00026736255,4.7181626e-05,4.7181626e-05,0.00026736255,0.00026736255,4.7181626e-05,4.7181626e-05,0.00031454417,0.00031454417,-1.9795095e-14,-1.9795095e-14,2.8563306e-16,2.8563306e-16,6.97142e-17,6.97142e-17,-4.7181626e-05,-4.7181626e-05,-9.7892048e-07,-9.7892048e-07,-3.0627898e-19,-3.0627898e-19,-8.3208241e-07,-8.3208241e-07,-1.4683807e-07,-1.4683807e-07,0.00021763105,0.00021763105,-1.9774508e-14,-1.9774508e-14,0.25409032,0.25409032,-1.2475522e-12,-1.2475522e-12,0.13974966,0.13974966,-6.2422529e-13,-6.2422529e-13,1.6160736e-15,1.6160736e-15,0.00031454417,0.00031454417,3.3950313e-17,3.3950313e-17,-3.986935e-15,-3.986935e-15,-7.8667686e-14,-7.8667686e-14,7.8667686e-14,7.8667686e-14,1.0347585e-18,1.0347585e-18,1.6766427e-18,1.6766427e-18,-1.8624774e-09,-1.8624774e-09,-2.0414844e-17,-2.0414844e-17,-1.9234965e-17,-1.9234965e-17,1.6948193e-19,1.6948193e-19,4.0312237e-07,4.0312237e-07,6.3141633e-36,6.3141633e-36
2.1418578e-14,2.1418578e-14,-3.2691341e-17,-3.2691341e-17,2.1385887e-14,2.1385887e-14,1.970004e-14,1.970004e-14,-1.7185379e-15,-1.7185379e-15,-3.8775293e-05,-3.8775293e-05,-4.7035244e-05,-4.7035244e-05,-3.8484668e-05,-3.8484668e-05,-4.7035244e-05,-4.7035244e-05,-6.5657777e-18,-6.5657777e-18,5.8086823e-17,5.8086823e-17,0.00031356829,0.00031356829,-1.9772294e-14,-1.9772294e-14,3.6900667e-16,3.6900667e-16,1.8492475e-16,1.8492475e-16,-7.5813373e-18,-7.5813373e-18,-0.00026653305,-0.00026653305,-4.7035244e-05,-4.7035244e-05,-0.00026653305,-0.00026653305,-4.7035244e-05,-4.7035244e-05,-2.3366006e-16,-2.3366006e-16,6.653183e-17,6.653183e-17,-0.00031356829,-0.00031356829,-1.642601e-16,-1.642601e-16,-0.00031356652,-0.00031356652,-3.7664371e-16,-3.7664371e-16,0.00026653305,0.00026653305,4.7035244e-05,4.7035244e-05,0.00026653305,0.00026653305,4.7035244e-05,4.7035244e-05,0.00031356829,0.00031356829,-1.9795579e-14,-1.9795579e-14,2.8660884e-16,2.8660884e-16,6.9388939e-17,6.9388939e-17,-4.7035244e-05,-4.7035244e-05,-9.7588339e-07,-9.7588339e-07,-3.0529359e-19,-3.0529359e-19,-8.2950088e-07,-8.2950088e-07,-1.4638251e-07,-1.4638251e-07,0.00021695584,0.00021695584,-1.9775056e-14,-1.9775056e-14,0.253302,0.253302,-1.2475902e-12,-1.2475902e-12,0.13931608,0.13931608,-6.2424626e-13,-6.2424626e-13,1.6230761e-15,1.6230761e-15,0.00031356829,0.00031356829,3.4220759e-17,3.4220759e-17,-3.9871403e-15,-3.9871403e-15,-7.8811997e-14,-7.8811997e-14,7.8811997e-14,7.8811997e-14,1.0313066e-18,1.0313066e-18,1.6714409e-18,1.6714409e-18,-1.7693536e-09,-1.7693536e-09,-2.0351505e-17,-2.0351505e-17,-1.9175288e-17,-1.9175288e-17,1.689561e-19,1.689561e-19,3.996097e-07,3.996097e-07,6.2734914e-36,6.2734914e-36
2.1426192e-14,2.1426192e-14,-3.2669545e-17,-3.2669545e-17,2.1393522e-14,2.1393522e-14,1.9699844e-14,1.9699844e-14,-1.7263477e-15,-1.7263477e-15,-3.8653301e-05,-3.8653301e-05,-4.6889315e-05,-4.6889315e-05,-3.8365208e-05,-3.8365208e-05,-4.6889315e-05,-4.6889315e-05,-6.6169784e-18,-6.6169784e-18,5.7906606e-17,5.7906606e-17,0.00031259544,0.00031259544,-1.9772849e-14,-1.9772849e-14,3.6782339e-16,3.6782339e-16,1.8433742e-16,1.8433742e-16,-7.5577635e-18,-7.5577635e-18,-0.00026570612,-0.00026570612,-4.6889315e-05,-4.6889315e-05,-0.00026570612,-0.00026570612,-4.6889315e-05,-4.6889315e-05,-2.3473922e-16,-2.3473922e-16,6.7154379e-17,6.7154379e-17,-0.00031259544,-0.00031259544,-1.6472561e-16,-1.6472561e-16,-0.00031259375,-0.00031259375,-3.7645022e-16,-3.7645022e-16,0.00026570612,0.00026570612,4.6889315e-05,4.6889315e-05,0.00026570612,0.00026570612,4.6889315e-05,4.6889315e-05,0.00031259544,0.00031259544,-1.9796062e-14,-1.9796062e-14,2.8769305e-16,2.8769305e-16,6.9117888e-17,6.9117888e-17,-4.6889315e-05,-4.6889315e-05,-9.7285572e-07,-9.7285572e-07,-3.0431215e-19,-3.0431215e-19,-8.2692736e-07,-8.2692736e-07,-1.4592836e-07,-1.4592836e-07,0.00021628272,0.00021628272,-1.9775602e-14,-1.9775602e-14,0.25251612,0.25251612,-1.2476281e-12,-1.2476281e-12,0.13888384,0.13888384,-6.2426716e-13,-6.2426716e-13,1.6301509e-15,1.6301509e-15,0.00031259544,0.00031259544,3.4509098e-17,3.4509098e-17,-3.9873449e-15,-3.9873449e-15,-7.8955862e-14,-7.8955862e-14,7.8955862e-14,7.8955862e-14,1.0278711e-18,1.0278711e-18,1.6662551e-18,1.6662551e-18,-1.6808859e-09,-1.6808859e-09,-2.0288363e-17,-2.0288363e-17,-1.9115797e-17,-1.9115797e-17,1.6843191e-19,1.6843191e-19,3.9612894e-07,3.9612894e-07,6.2331157e-36,6.2331157e-36
2.1433729e-14,2.1433729e-14,-3.2694792e-17,-3.2694792e-17,2.1401034e-14,2.1401034e-14,1.9699648e-14,1.9699648e-14,-1.7340809e-15,-1.7340809e-15,-3.8531706e-05,-3.8531706e-05,-4.674384e-05,-4.674384e-05,-3.8246121e-05,-3.8246121e-05,-4.674384e-05,-4.674384e-05,-6.7047269e-18,-6.7047269e-18,5.7726948e-17,5.7726948e-17,0.0003116256,0.0003116256,-1.9773402e-14,-1.9773402e-14,3.6652779e-16,3.6652779e-16,1.8358356e-16,1.8358356e-16,-7.5342643e-18,-7.5342643e-18,-0.00026488176,-0.00026488176,-4.674384e-05,-4.674384e-05,-0.00026488176,-0.00026488176,-4.674384e-05,-4.674384e-05,-2.3581507e-16,-2.3581507e-16,6.7775012e-17,6.7775012e-17,-0.0003116256,-0.0003116256,-1.651897e-16,-1.651897e-16,-0.000311624,-0.000311624,-3.7625736e-16,-3.7625736e-16,0.00026488176,0.00026488176,4.674384e-05,4.674384e-05,0.00026488176,0.00026488176,4.674384e-05,4.674384e-05,0.0003116256,0.0003116256,-1.9796543e-14,-1.9796543e-14,2.8893988e-16,2.8893988e-16,6.9172099e-17,6.9172099e-17,-4.674384e-05,-4.674384e-05,-9.6983743e-07,-9.6983743e-07,-3.0333461e-19,-3.0333461e-19,-8.2436182e-07,-8.2436182e-07,-1.4547562e-07,-1.4547562e-07,0.00021561169,0.00021561169,-1.9776147e-14,-1.9776147e-14,0.25173268,0.25173268,-1.2476659e-12,-1.2476659e-12,0.13845295,0.13845295,-6.2428799e-13,-6.2428799e-13,1.6372054e-15,1.6372054e-15,0.0003116256,0.0003116256,3.4821151e-17,3.4821151e-17,-3.9875488e-15,-3.9875488e-15,-7.9099281e-14,-7.9099281e-14,7.9099281e-14,7.9099281e-14,1.0244516e-18,1.0244516e-18,1.6610855e-18,1.6610855e-18,-1.5968416e-09,-1.5968416e-09,-2.0225417e-17,-2.0225417e-17,-1.9056489e-17,-1.9056489e-17,1.6790934e-19,1.6790934e-19,3.926798e-07,3.926798e-07,6.1930328e-36,6.1930328e-36
2.1441021e-14,2.1441021e-14,-3.2489155e-17,-3.2489155e-17,2.1408532e-14,2.1408532e-14,1.9699453e-14,1.9699453e-14,-1.7415679e-15,-1.7415679e-15,-3.8410506e-05,-3.8410506e-05,-4.6598815e-05,-4.6598815e-05,-3.8127407e-05,-3.8127407e-05,-4.6598815e-05,-4.6598815e-05,-6.5043222e-18,-6.5043222e-18,5.7547848e-17,5.7547848e-17,0.00031065877,0.00031065877,-1.9773953e-14,-1.9773953e-14,3.6556899e-16,3.6556899e-16,1.831665e-16,1.831665e-16,-7.5108392e-18,-7.5108392e-18,-0.00026405995,-0.00026405995,-4.6598815e-05,-4.6598815e-05,-0.00026405995,-0.00026405995,-4.6598815e-05,-4.6598815e-05,-2.3688762e-16,-2.3688762e-16,6.8393732e-17,6.8393732e-17,-0.00031065877,-0.00031065877,-1.6565237e-16,-1.6565237e-16,-0.00031065725,-0.00031065725,-3.7606512e-16,-3.7606512e-16,0.00026405995,0.00026405995,4.6598815e-05,4.6598815e-05,0.00026405995,0.00026405995,4.6598815e-05,4.6598815e-05,0.00031065877,0.00031065877,-1.9797022e-14,-1.9797022e-14,2.8975303e-16,2.8975303e-16,6.8792628e-17,6.8792628e-17,-4.6598815e-05,-4.6598815e-05,-9.6682852e-07,-9.6682852e-07,-3.0236093e-19,-3.0236093e-19,-8.2180424e-07,-8.2180424e-07,-1.4502428e-07,-1.4502428e-07,0.00021494275,0.00021494275,-1.9776689e-14,-1.9776689e-14,0.25095167,0.25095167,-1.2477036e-12,-1.2477036e-12,0.1380234,0.1380234,-6.2430876e-13,-6.2430876e-13,1.6440159e-15,1.6440159e-15,0.00031065877,0.00031065877,3.5066098e-17,3.5066098e-17,-3.9877522e-15,-3.9877522e-15,-7.9242257e-14,-7.9242257e-14,7.9242257e-14,7.9242257e-14,1.021048e-18,1.021048e-18,1.6559319e-18,1.6559319e-18,-1.5169995e-09,-1.5169995e-09,-2.0162666e-17,-2.0162666e-17,-1.8997366e-17,-1.8997366e-17,1.673884e-19,1.673884e-19,3.8926198e-07,3.8926198e-07,6.1532398e-36,6.1532398e-36
2.1448371e-14,2.1448371e-14,-3.2301866e-17,-3.2301866e-17,2.1416069e-14,2.1416069e-14,1.9699259e-14,1.9699259e-14,-1.7491123e-15,-1.7491123e-15,-3.82897e-05,-3.82897e-05,-4.6454241e-05,-4.6454241e-05,-3.8009064e-05,-3.8009064e-05,-4.6454241e-05,-4.6454241e-05,-6.5042129e-18,-6.5042129e-18,5.7369303e-17,5.7369303e-17,0.00030969494,0.00030969494,-1.9774503e-14,-1.9774503e-14,3.6445248e-16,3.6445248e-16,1.8264594e-16,1.8264594e-16,-7.4874881e-18,-7.4874881e-18,-0.0002632407,-0.0002632407,-4.6454241e-05,-4.6454241e-05,-0.0002632407,-0.0002632407,-4.6454241e-05,-4.6454241e-05,-2.3795686e-16,-2.3795686e-16,6.9010546e-17,6.9010546e-17,-0.00030969494,-0.00030969494,-1.6611361e-16,-1.6611361e-16,-0.0003096935,-0.0003096935,-3.758735e-16,-3.758735e-16,0.0002632407,0.0002632407,4.6454241e-05,4.6454241e-05,0.0002632407,0.0002632407,4.6454241e-05,4.6454241e-05,0.00030969494,0.00030969494,-1.97975e-14,-1.97975e-14,2.9078302e-16,2.9078302e-16,6.8521577e-17,6.8521577e-17,-4.6454241e-05,-4.6454241e-05,-9.6382893e-07,-9.6382893e-07,-3.0139109e-19,-3.0139109e-19,-8.1925459e-07,-8.1925459e-07,-1.4457434e-07,-1.4457434e-07,0.00021427588,0.00021427588,-1.977723e-14,-1.977723e-14,0.25017308,0.25017308,-1.2477411e-12,-1.2477411e-12,0.13759518,0.13759518,-6.2432947e-13,-6.2432947e-13,1.6508857e-15,1.6508857e-15,0.00030969494,0.00030969494,3.5350708e-17,3.5350708e-17,-3.9879549e-15,-3.9879549e-15,-7.9384791e-14,-7.9384791e-14,7.9384791e-14,7.9384791e-14,1.0176602e-18,1.0176602e-18,1.6507943e-18,1.6507943e-18,-1.4411495e-09,-1.4411495e-09,-2.010011e-17,-2.010011e-17,-1.8938426e-17,-1.8938426e-17,1.6686907e-19,1.6686907e-19,3.8587518e-07,3.8587518e-07,6.1137335e-36,6.1137335e-36
2.1455813e-14,2.1455813e-14,-3.2275559e-17,-3.2275559e-17,2.1423537e-14,2.1423537e-14,1.9699065e-14,1.9699065e-14,-1.7567482e-15,-1.7567482e-15,-3.8169286e-05,-3.8169286e-05,-4.6310115e-05,-4.6310115e-05,-3.789109e-05,-3.789109e-05,-4.6310115e-05,-4.6310115e-05,-6.542325e-18,-6.542325e-18,5.7191312e-17,5.7191312e-17,0.0003087341,0.0003087341,-1.9775051e-14,-1.9775051e-14,3.6321368e-16,3.6321368e-16,1.8194888e-16,1.8194888e-16,-7.4642107e-18,-7.4642107e-18,-0.00026242399,-0.00026242399,-4.6310115e-05,-4.6310115e-05,-0.00026242399,-0.00026242399,-4.6310115e-05,-4.6310115e-05,-2.3902282e-16,-2.3902282e-16,6.962546e-17,6.962546e-17,-0.0003087341,-0.0003087341,-1.6657345e-16,-1.6657345e-16,-0.00030873273,-0.00030873273,-3.7568249e-16,-3.7568249e-16,0.00026242399,0.00026242399,4.6310115e-05,4.6310115e-05,0.00026242399,0.00026242399,4.6310115e-05,4.6310115e-05,0.0003087341,0.0003087341,-1.9797977e-14,-1.9797977e-14,2.9197565e-16,2.9197565e-16,6.8413157e-17,6.8413157e-17,-4.6310115e-05,-4.6310115e-05,-9.6083865e-07,-9.6083865e-07,-3.0042504e-19,-3.0042504e-19,-8.1671285e-07,-8.1671285e-07,-1.441258e-07,-1.441258e-07,0.00021361108,0.00021361108,-1.977777e-14,-1.977777e-14,0.24939691,0.24939691,-1.2477785e-12,-1.2477785e-12,0.13716828,0.13716828,-6.2435011e-13,-6.2435011e-13,1.6578492e-15,1.6578492e-15,0.0003087341,0.0003087341,3.5643877e-17,3.5643877e-17,-3.988157e-15,-3.988157e-15,-7.9526883e-14,-7.9526883e-14,7.9526883e-14,7.9526883e-14,1.0142879e-18,1.0142879e-18,1.6456727e-18,1.6456727e-18,-1.369092e-09,-1.369092e-09,-2.0037747e-17,-2.0037747e-17,-1.8879669e-17,-1.8879669e-17,1.6635135e-19,1.6635135e-19,3.8251912e-07,3.8251912e-07,6.0745111e-36,6.0745111e-36
2.146312e-14,2.146312e-14,-3.2128567e-17,-3.2128567e-17,2.1430991e-14,2.1430991e-14,1.9698871e-14,1.9698871e-14,-1.7642483e-15,-1.7642483e-15,-3.8049262e-05,-3.8049262e-05,-4.6166437e-05,-4.6166437e-05,-3.7773485e-05,-3.7773485e-05,-4.6166437e-05,-4.6166437e-05,-6.4565823e-18,-6.4565823e-18,5.7013874e-17,5.7013874e-17,0.00030777624,0.00030777624,-1.9775597e-14,-1.9775597e-14,3.6214714e-16,3.6214714e-16,1.8147829e-16,1.8147829e-16,-7.4410066e-18,-7.4410066e-18,-0.00026160981,-0.00026160981,-4.6166437e-05,-4.6166437e-05,-0.00026160981,-0.00026160981,-4.6166437e-05,-4.6166437e-05,-2.4008551e-16,-2.4008551e-16,7.0238478e-17,7.0238478e-17,-0.00030777624,-0.00030777624,-1.6703188e-16,-1.6703188e-16,-0.00030777494,-0.00030777494,-3.754921e-16,-3.754921e-16,0.00026160981,0.00026160981,4.6166437e-05,4.6166437e-05,0.00026160981,0.00026160981,4.6166437e-05,4.6166437e-05,0.00030777624,0.00030777624,-1.9798452e-14,-1.9798452e-14,2.9295143e-16,2.9295143e-16,6.8196317e-17,6.8196317e-17,-4.6166437e-05,-4.6166437e-05,-9.5785764e-07,-9.5785764e-07,-2.9946277e-19,-2.9946277e-19,-8.14179e-07,-8.14179e-07,-1.4367865e-07,-1.4367865e-07,0.00021294834,0.00021294834,-1.9778307e-14,-1.9778307e-14,0.24862314,0.24862314,-1.2478158e-12,-1.2478158e-12,0.13674271,0.13674271,-6.2437068e-13,-6.2437068e-13,1.6647332e-15,1.6647332e-15,0.00030777624,0.00030777624,3.5917734e-17,3.5917734e-17,-3.9883584e-15,-3.9883584e-15,-7.9668536e-14,-7.9668536e-14,7.9668536e-14,7.9668536e-14,1.010931e-18,1.010931e-18,1.6405669e-18,1.6405669e-18,-1.3006374e-09,-1.3006374e-09,-1.9975579e-17,-1.9975579e-17,-1.8821095e-17,-1.8821095e-17,1.6583524e-19,1.6583524e-19,3.791935e-07,3.791935e-07,6.0355694e-36,6.0355694e-36
2.1470443e-14,2.1470443e-14,-3.1958692e-17,-3.1958692e-17,2.1438484e-14,2.1438484e-14,1.9698678e-14,1.9698678e-14,-1.7717646e-15,-1.7717646e-15,-3.7929628e-05,-3.7929628e-05,-4.6023204e-05,-4.6023204e-05,-3.7656247e-05,-3.7656247e-05,-4.6023204e-05,-4.6023204e-05,-6.4101678e-18,-6.4101678e-18,5.6836986e-17,5.6836986e-17,0.00030682136,0.00030682136,-1.9776142e-14,-1.9776142e-14,3.6116791e-16,3.6116791e-16,1.8098659e-16,1.8098659e-16,-7.4178758e-18,-7.4178758e-18,-0.00026079815,-0.00026079815,-4.6023204e-05,-4.6023204e-05,-0.00026079815,-0.00026079815,-4.6023204e-05,-4.6023204e-05,-2.4114492e-16,-2.4114492e-16,7.0849607e-17,7.0849607e-17,-0.00030682136,-0.00030682136,-1.674889e-16,-1.674889e-16,-0.00030682012,-0.00030682012,-3.7530231e-16,-3.7530231e-16,0.00026079815,0.00026079815,4.6023204e-05,4.6023204e-05,0.00026079815,0.00026079815,4.6023204e-05,4.6023204e-05,0.00030682136,0.00030682136,-1.9798926e-14,-1.9798926e-14,2.9392721e-16,2.9392721e-16,6.7925266e-17,6.7925266e-17,-4.6023204e-05,-4.6023204e-05,-9.5488589e-07,-9.5488589e-07,-2.9850422e-19,-2.9850422e-19,-8.11653e-07,-8.11653e-07,-1.4323288e-07,-1.4323288e-07,0.00021228766,0.00021228766,-1.9778843e-14,-1.9778843e-14,0.24785178,0.24785178,-1.247853e-12,-1.247853e-12,0.13631846,0.13631846,-6.2439119e-13,-6.2439119e-13,1.671527e-15,1.671527e-15,0.00030682136,0.00030682136,3.6185066e-17,3.6185066e-17,-3.9885592e-15,-3.9885592e-15,-7.980975e-14,-7.980975e-14,7.980975e-14,7.980975e-14,1.0075894e-18,1.0075894e-18,1.635477e-18,1.635477e-18,-1.2356056e-09,-1.2356056e-09,-1.9913603e-17,-1.9913603e-17,-1.8762702e-17,-1.8762702e-17,1.6532072e-19,1.6532072e-19,3.7589805e-07,3.7589805e-07,5.9969058e-36,5.9969058e-36
2.1477741e-14,2.1477741e-14,-3.194036e-17,-3.194036e-17,2.1445801e-14,2.1445801e-14,1.9698486e-14,1.9698486e-14,-1.7792548e-15,-1.7792548e-15,-3.7810381e-05,-3.7810381e-05,-4.5880415e-05,-4.5880415e-05,-3.7539375e-05,-3.7539375e-05,-4.5880415e-05,-4.5880415e-05,-6.4036323e-18,-6.4036323e-18,5.6660647e-17,5.6660647e-17,0.00030586943,0.00030586943,-1.9776684e-14,-1.9776684e-14,3.5998019e-16,3.5998019e-16,1.8039483e-16,1.8039483e-16,-7.3948178e-18,-7.3948178e-18,-0.00025998902,-0.00025998902,-4.5880415e-05,-4.5880415e-05,-0.00025998902,-0.00025998902,-4.5880415e-05,-4.5880415e-05,-2.4220108e-16,-2.4220108e-16,7.1458852e-17,7.1458852e-17,-0.00030586943,-0.00030586943,-1.6794452e-16,-1.6794452e-16,-0.00030586826,-0.00030586826,-3.7511313e-16,-3.7511313e-16,0.00025998902,0.00025998902,4.5880415e-05,4.5880415e-05,0.00025998902,0.00025998902,4.5880415e-05,4.5880415e-05,0.00030586943,0.00030586943,-1.9799398e-14,-1.9799398e-14,2.9511983e-16,2.9511983e-16,6.7708426e-17,6.7708426e-17,-4.5880415e-05,-4.5880415e-05,-9.5192335e-07,-9.5192335e-07,-2.9754938e-19,-2.9754938e-19,-8.0913484e-07,-8.0913484e-07,-1.427885e-07,-1.427885e-07,0.00021162902,0.00021162902,-1.9779378e-14,-1.9779378e-14,0.24708281,0.24708281,-1.2478901e-12,-1.2478901e-12,0.13589553,0.13589553,-6.2441163e-13,-6.2441163e-13,1.6784052e-15,1.6784052e-15,0.00030586943,0.00030586943,3.646043e-17,3.646043e-17,-3.9887594e-15,-3.9887594e-15,-7.9950527e-14,-7.9950527e-14,7.9950527e-14,7.9950527e-14,1.0042629e-18,1.0042629e-18,1.6304028e-18,1.6304028e-18,-1.1738253e-09,-1.1738253e-09,-1.985182e-17,-1.985182e-17,-1.870449e-17,-1.870449e-17,1.6480781e-19,1.6480781e-19,3.7263247e-07,3.7263247e-07,5.9585173e-36,5.9585173e-36
2.1485068e-14,2.1485068e-14,-3.1857316e-17,-3.1857316e-17,2.1453211e-14,2.1453211e-14,1.9698294e-14,1.9698294e-14,-1.7867736e-15,-1.7867736e-15,-3.769152e-05,-3.769152e-05,-4.573807e-05,-4.573807e-05,-3.7422868e-05,-3.7422868e-05,-4.573807e-05,-4.573807e-05,-6.4375251e-18,-6.4375251e-18,5.6484854e-17,5.6484854e-17,0.00030492046,0.00030492046,-1.9777225e-14,-1.9777225e-14,3.588002e-16,3.588002e-16,1.7981078e-16,1.7981078e-16,-7.3718324e-18,-7.3718324e-18,-0.0002591824,-0.0002591824,-4.573807e-05,-4.573807e-05,-0.0002591824,-0.0002591824,-4.573807e-05,-4.573807e-05,-2.4325399e-16,-2.4325399e-16,7.2066219e-17,7.2066219e-17,-0.00030492046,-0.00030492046,-1.6839874e-16,-1.6839874e-16,-0.00030491935,-0.00030491935,-3.7492456e-16,-3.7492456e-16,0.0002591824,0.0002591824,4.573807e-05,4.573807e-05,0.0002591824,0.0002591824,4.573807e-05,4.573807e-05,0.00030492046,0.00030492046,-1.9799868e-14,-1.9799868e-14,2.960414e-16,2.960414e-16,6.7491585e-17,6.7491585e-17,-4.573807e-05,-4.573807e-05,-9.4897e-07,-9.4897e-07,-2.9659821e-19,-2.9659821e-19,-8.066245e-07,-8.066245e-07,-1.423455e-07,-1.423455e-07,0.00021097244,0.00021097244,-1.977991e-14,-1.977991e-14,0.24631623,0.24631623,-1.247927e-12,-1.247927e-12,0.13547391,0.13547391,-6.2443202e-13,-6.2443202e-13,1.6852057e-15,1.6852057e-15,0.00030492046,0.00030492046,3.6743945e-17,3.6743945e-17,-3.988959e-15,-3.988959e-15,-8.0090869e-14,-8.0090869e-14,8.0090869e-14,8.0090869e-14,1.0009513e-18,1.0009513e-18,1.6253444e-18,1.6253444e-18,-1.115134e-09,-1.115134e-09,-1.9790229e-17,-1.9790229e-17,-1.8646459e-17,-1.8646459e-17,1.6429649e-19,1.6429649e-19,3.6939649e-07,3.6939649e-07,5.9204011e-36,5.9204011e-36
2.1492371e-14,2.1492371e-14,-3.1710142e-17,-3.1710142e-17,2.1460661e-14,2.1460661e-14,1.9698103e-14,1.9698103e-14,-1.7942676e-15,-1.7942676e-15,-3.7573044e-05,-3.7573044e-05,-4.5596166e-05,-4.5596166e-05,-3.7306724e-05,-3.7306724e-05,-4.5596166e-05,-4.5596166e-05,-6.4581834e-18,-6.4581834e-18,5.6309608e-17,5.6309608e-17,0.00030397444,0.00030397444,-1.9777765e-14,-1.9777765e-14,3.5768151e-16,3.5768151e-16,1.7917963e-16,1.7917963e-16,-7.3489194e-18,-7.3489194e-18,-0.00025837827,-0.00025837827,-4.5596166e-05,-4.5596166e-05,-0.00025837827,-0.00025837827,-4.5596166e-05,-4.5596166e-05,-2.4430366e-16,-2.4430366e-16,7.2671713e-17,7.2671713e-17,-0.00030397444,-0.00030397444,-1.6885157e-16,-1.6885157e-16,-0.00030397338,-0.00030397338,-3.747366e-16,-3.747366e-16,0.00025837827,0.00025837827,4.5596166e-05,4.5596166e-05,0.00025837827,0.00025837827,4.5596166e-05,4.5596166e-05,0.00030397444,0.00030397444,-1.9800337e-14,-1.9800337e-14,2.9717982e-16,2.9717982e-16,6.7383165e-17,6.7383165e-17,-4.5596166e-05,-4.5596166e-05,-9.4602581e-07,-9.4602581e-07,-2.9565068e-19,-2.9565068e-19,-8.0412194e-07,-8.0412194e-07,-1.4190387e-07,-1.4190387e-07,0.00021031788,0.00021031788,-1.9780441e-14,-1.9780441e-14,0.24555202,0.24555202,-1.2479638e-12,-1.2479638e-12,0.1350536,0.1350536,-6.2445233e-13,-6.2445233e-13,1.6920917e-15,1.6920917e-15,0.00030397444,0.00030397444,3.7035729e-17,3.7035729e-17,-3.9891579e-15,-3.9891579e-15,-8.0230776e-14,-8.0230776e-14,8.0230776e-14,8.0230776e-14,9.9765448e-19,9.9765448e-19,1.6203017e-18,1.6203017e-18,-1.0593773e-09,-1.0593773e-09,-1.9728828e-17,-1.9728828e-17,-1.8588608e-17,-1.8588608e-17,1.6378675e-19,1.6378675e-19,3.6618983e-07,3.6618983e-07,5.8825547e-36,5.8825547e-36
2.1499592e-14,2.1499592e-14,-3.1604106e-17,-3.1604106e-17,2.1467988e-14,2.1467988e-14,1.9697913e-14,1.9697913e-14,-1.8016793e-15,-1.8016793e-15,-3.7454952e-05,-3.7454952e-05,-4.5454702e-05,-4.5454702e-05,-3.7190943e-05,-3.7190943e-05,-4.5454702e-05,-4.5454702e-05,-6.3577328e-18,-6.3577328e-18,5.6134905e-17,5.6134905e-17,0.00030303135,0.00030303135,-1.9778302e-14,-1.9778302e-14,3.5657733e-16,3.5657733e-16,1.786714e-16,1.786714e-16,-7.3260786e-18,-7.3260786e-18,-0.00025757665,-0.00025757665,-4.5454702e-05,-4.5454702e-05,-0.00025757665,-0.00025757665,-4.5454702e-05,-4.5454702e-05,-2.453501e-16,-2.453501e-16,7.327534e-17,7.327534e-17,-0.00030303135,-0.00030303135,-1.6930301e-16,-1.6930301e-16,-0.00030303034,-0.00030303034,-3.7454923e-16,-3.7454923e-16,0.00025757665,0.00025757665,4.5454702e-05,4.5454702e-05,0.00025757665,0.00025757665,4.5454702e-05,4.5454702e-05,0.00030303135,0.00030303135,-1.9800805e-14,-1.9800805e-14,2.9820981e-16,2.9820981e-16,6.7057904e-17,6.7057904e-17,-4.5454702e-05,-4.5454702e-05,-9.4309075e-07,-9.4309075e-07,-2.9470676e-19,-2.9470676e-19,-8.0162714e-07,-8.0162714e-07,-1.4146361e-07,-1.4146361e-07,0.00020966536,0.00020966536,-1.9780971e-14,-1.9780971e-14,0.24479019,0.24479019,-1.2480006e-12,-1.2480006e-12,0.13463459,0.13463459,-6.2447259e-13,-6.2447259e-13,1.6988434e-15,1.6988434e-15,0.00030303135,0.00030303135,3.7297207e-17,3.7297207e-17,-3.9893563e-15,-3.9893563e-15,-8.037025e-14,-8.037025e-14,8.037025e-14,8.037025e-14,9.9437228e-19,9.9437228e-19,1.6152747e-18,1.6152747e-18,-1.0064084e-09,-1.0064084e-09,-1.9667618e-17,-1.9667618e-17,-1.8530936e-17,-1.8530936e-17,1.6327859e-19,1.6327859e-19,3.6301223e-07,3.6301223e-07,5.8449752e-36,5.8449752e-36
2.1506833e-14,2.1506833e-14,-3.1532316e-17,-3.1532316e-17,2.1475301e-14,2.1475301e-14,1.9697723e-14,1.9697723e-14,-1.8091104e-15,-1.8091104e-15,-3.7337241e-05,-3.7337241e-05,-4.5313678e-05,-4.5313678e-05,-3.7075522e-05,-3.7075522e-05,-4.5313678e-05,-4.5313678e-05,-6.4077679e-18,-6.4077679e-18,5.5960744e-17,5.5960744e-17,0.00030209118,0.00030209118,-1.9778838e-14,-1.9778838e-14,3.554489e-16,3.554489e-16,1.7808471e-16,1.7808471e-16,-7.3033096e-18,-7.3033096e-18,-0.00025677751,-0.00025677751,-4.5313678e-05,-4.5313678e-05,-0.00025677751,-0.00025677751,-4.5313678e-05,-4.5313678e-05,-2.4639332e-16,-2.4639332e-16,7.3877105e-17,7.3877105e-17,-0.00030209118,-0.00030209118,-1.6975307e-16,-1.6975307e-16,-0.00030209023,-0.00030209023,-3.7436246e-16,-3.7436246e-16,0.00025677751,0.00025677751,4.5313677e-05,4.5313677e-05,0.00025677751,0.00025677751,4.5313677e-05,4.5313677e-05,0.00030209118,0.00030209118,-1.9801271e-14,-1.9801271e-14,2.992398e-16,2.992398e-16,6.6949484e-17,6.6949484e-17,-4.5313678e-05,-4.5313678e-05,-9.401648e-07,-9.401648e-07,-2.9376642e-19,-2.9376642e-19,-7.9914008e-07,-7.9914008e-07,-1.4102472e-07,-1.4102472e-07,0.00020901487,0.00020901487,-1.9781498e-14,-1.9781498e-14,0.24403071,0.24403071,-1.2480372e-12,-1.2480372e-12,0.13421688,0.13421688,-6.2449278e-13,-6.2449278e-13,1.7056164e-15,1.7056164e-15,0.00030209118,0.00030209118,3.7579856e-17,3.7579856e-17,-3.989554e-15,-3.989554e-15,-8.0509292e-14,-8.0509292e-14,8.0509292e-14,8.0509292e-14,9.9110457e-19,9.9110457e-19,1.6102632e-18,1.6102632e-18,-9.5608801e-10,-9.5608801e-10,-1.9606598e-17,-1.9606598e-17,-1.8473443e-17,-1.8473443e-17,1.6277202e-19,1.6277202e-19,3.5986339e-07,3.5986339e-07,5.8076602e-36,5.8076602e-36
2.1514005e-14,2.1514005e-14,-3.1405608e-17,-3.1405608e-17,2.1482599e-14,2.1482599e-14,1.9697533e-14,1.9697533e-14,-1.8164717e-15,-1.8164717e-15,-3.7219911e-05,-3.7219911e-05,-4.517309e-05,-4.517309e-05,-3.6960462e-05,-3.6960462e-05,-4.517309e-05,-4.517309e-05,-6.3377804e-18,-6.3377804e-18,5.5787124e-17,5.5787124e-17,0.00030115394,0.00030115394,-1.9779373e-14,-1.9779373e-14,3.5436382e-16,3.5436382e-16,1.7754138e-16,1.7754138e-16,-7.2806123e-18,-7.2806123e-18,-0.00025598085,-0.00025598085,-4.517309e-05,-4.517309e-05,-0.00025598085,-0.00025598085,-4.517309e-05,-4.517309e-05,-2.4743333e-16,-2.4743333e-16,7.4477014e-17,7.4477014e-17,-0.00030115394,-0.00030115394,-1.7020174e-16,-1.7020174e-16,-0.00030115303,-0.00030115303,-3.7417629e-16,-3.7417629e-16,0.00025598085,0.00025598085,4.517309e-05,4.517309e-05,0.00025598085,0.00025598085,4.517309e-05,4.517309e-05,0.00030115394,0.00030115394,-1.9801736e-14,-1.9801736e-14,3.0021558e-16,3.0021558e-16,6.6732644e-17,6.6732644e-17,-4.517309e-05,-4.517309e-05,-9.3724793e-07,-9.3724793e-07,-2.9282964e-19,-2.9282964e-19,-7.9666074e-07,-7.9666074e-07,-1.4058719e-07,-1.4058719e-07,0.00020836639,0.00020836639,-1.9782024e-14,-1.9782024e-14,0.2432736,0.2432736,-1.2480736e-12,-1.2480736e-12,0.13380047,0.13380047,-6.245129e-13,-6.245129e-13,1.7123217e-15,1.7123217e-15,0.00030115394,0.00030115394,3.7846872e-17,3.7846872e-17,-3.9897511e-15,-3.9897511e-15,-8.0647904e-14,-8.0647904e-14,8.0647904e-14,8.0647904e-14,9.8785119e-19,9.8785119e-19,1.6052673e-18,1.6052673e-18,-9.0828361e-10,-9.0828361e-10,-1.9545768e-17,-1.9545768e-17,-1.8416129e-17,-1.8416129e-17,1.6226701e-19,1.6226701e-19,3.5674306e-07,3.5674306e-07,5.7706069e-36,5.7706069e-36
2.1521144e-14,2.1521144e-14,-3.126009e-17,-3.126009e-17,2.1489884e-14,2.1489884e-14,1.9697344e-14,1.9697344e-14,-1.8237994e-15,-1.8237994e-15,-3.710296e-05,-3.710296e-05,-4.5032939e-05,-4.5032939e-05,-3.684576e-05,-3.684576e-05,-4.5032939e-05,-4.5032939e-05,-6.2567313e-18,-6.2567313e-18,5.5614042e-17,5.5614042e-17,0.0003002196,0.0003002196,-1.9779905e-14,-1.9779905e-14,3.5330747e-16,3.5330747e-16,1.7708097e-16,1.7708097e-16,-7.2579863e-18,-7.2579863e-18,-0.00025518666,-0.00025518666,-4.5032939e-05,-4.5032939e-05,-0.00025518666,-0.00025518666,-4.5032939e-05,-4.5032939e-05,-2.4847014e-16,-2.4847014e-16,7.5075073e-17,7.5075073e-17,-0.0003002196,-0.0003002196,-1.7064903e-16,-1.7064903e-16,-0.00030021873,-0.00030021873,-3.7399071e-16,-3.7399071e-16,0.00025518666,0.00025518666,4.5032939e-05,4.5032939e-05,0.00025518666,0.00025518666,4.5032939e-05,4.5032939e-05,0.0003002196,0.0003002196,-1.9802199e-14,-1.9802199e-14,3.0124557e-16,3.0124557e-16,6.6461593e-17,6.6461593e-17,-4.5032939e-05,-4.5032939e-05,-9.3434011e-07,-9.3434011e-07,-2.9189639e-19,-2.9189639e-19,-7.9418909e-07,-7.9418909e-07,-1.4015102e-07,-1.4015102e-07,0.00020771992,0.00020771992,-1.9782548e-14,-1.9782548e-14,0.24251883,0.24251883,-1.24811e-12,-1.24811e-12,0.13338535,0.13338535,-6.2453297e-13,-6.2453297e-13,1.7189412e-15,1.7189412e-15,0.0003002196,0.0003002196,3.8108188e-17,3.8108188e-17,-3.9899476e-15,-3.9899476e-15,-8.0786087e-14,-8.0786087e-14,8.0786087e-14,8.0786087e-14,9.8461202e-19,9.8461202e-19,1.6002869e-18,1.6002869e-18,-8.6286942e-10,-8.6286942e-10,-1.9485126e-17,-1.9485126e-17,-1.8358992e-17,-1.8358992e-17,1.6176357e-19,1.6176357e-19,3.5365098e-07,3.5365098e-07,5.733813e-36,5.733813e-36
2.1528366e-14,2.1528366e-14,-3.121223e-17,-3.121223e-17,2.1497154e-14,2.1497154e-14,1.9697156e-14,1.9697156e-14,-1.83121e-15,-1.83121e-15,-3.6986387e-05,-3.6986387e-05,-4.4893223e-05,-4.4893223e-05,-3.6731415e-05,-3.6731415e-05,-4.4893223e-05,-4.4893223e-05,-6.2735799e-18,-6.2735799e-18,5.5441497e-17,5.5441497e-17,0.00029928815,0.00029928815,-1.9780436e-14,-1.9780436e-14,3.5226313e-16,3.5226313e-16,1.7646996e-16,1.7646996e-16,-7.2354315e-18,-7.2354315e-18,-0.00025439493,-0.00025439493,-4.4893223e-05,-4.4893223e-05,-0.00025439493,-0.00025439493,-4.4893223e-05,-4.4893223e-05,-2.4950376e-16,-2.4950376e-16,7.5671286e-17,7.5671286e-17,-0.00029928815,-0.00029928815,-1.7109496e-16,-1.7109496e-16,-0.00029928733,-0.00029928733,-3.7380572e-16,-3.7380572e-16,0.00025439493,0.00025439493,4.4893223e-05,4.4893223e-05,0.00025439493,0.00025439493,4.4893223e-05,4.4893223e-05,0.00029928815,0.00029928815,-1.9802661e-14,-1.9802661e-14,3.0227557e-16,3.0227557e-16,6.6298963e-17,6.6298963e-17,-4.4893223e-05,-4.4893223e-05,-9.314413e-07,-9.314413e-07,-2.9096664e-19,-2.9096664e-19,-7.9172511e-07,-7.9172511e-07,-1.397162e-07,-1.397162e-07,0.00020707547,0.00020707547,-1.9783071e-14,-1.9783071e-14,0.24176641,0.24176641,-1.2481463e-12,-1.2481463e-12,0.13297152,0.13297152,-6.2455297e-13,-6.2455297e-13,1.7256998e-15,1.7256998e-15,0.00029928815,0.00029928815,3.8387101e-17,3.8387101e-17,-3.9901434e-15,-3.9901434e-15,-8.0923842e-14,-8.0923842e-14,8.0923842e-14,8.0923842e-14,9.813869e-19,9.813869e-19,1.595322e-18,1.595322e-18,-8.1972595e-10,-8.1972595e-10,-1.9424672e-17,-1.9424672e-17,-1.8302033e-17,-1.8302033e-17,1.6126169e-19,1.6126169e-19,3.5058687e-07,3.5058687e-07,5.6972759e-36,5.6972759e-36
2.1535463e-14,2.1535463e-14,-3.1053229e-17,-3.1053229e-17,2.1504409e-14,2.1504409e-14,1.9696968e-14,1.9696968e-14,-1.8384947e-15,-1.8384947e-15,-3.6870191e-05,-3.6870191e-05,-4.475394e-05,-4.475394e-05,-3.6617427e-05,-3.6617427e-05,-4.475394e-05,-4.475394e-05,-6.2262329e-18,-6.2262329e-18,5.5269487e-17,5.5269487e-17,0.0002983596,0.0002983596,-1.9780965e-14,-1.9780965e-14,3.5115991e-16,3.5115991e-16,1.7596269e-16,1.7596269e-16,-7.2129476e-18,-7.2129476e-18,-0.00025360566,-0.00025360566,-4.475394e-05,-4.475394e-05,-0.00025360566,-0.00025360566,-4.475394e-05,-4.475394e-05,-2.5053419e-16,-2.5053419e-16,7.626566e-17,7.626566e-17,-0.0002983596,-0.0002983596,-1.7153951e-16,-1.7153951e-16,-0.00029835882,-0.00029835882,-3.7362133e-16,-3.7362133e-16,0.00025360566,0.00025360566,4.475394e-05,4.475394e-05,0.00025360566,0.00025360566,4.475394e-05,4.475394e-05,0.0002983596,0.0002983596,-1.9803121e-14,-1.9803121e-14,3.0319714e-16,3.0319714e-16,6.5973702e-17,6.5973702e-17,-4.475394e-05,-4.475394e-05,-9.2855149e-07,-9.2855149e-07,-2.9004036e-19,-2.9004036e-19,-7.8926877e-07,-7.8926877e-07,-1.3928272e-07,-1.3928272e-07,0.000206433,0.000206433,-1.9783592e-14,-1.9783592e-14,0.24101632,0.24101632,-1.2481824e-12,-1.2481824e-12,0.13255897,0.13255897,-6.2457291e-13,-6.2457291e-13,1.7323888e-15,1.7323888e-15,0.0002983596,0.0002983596,3.8652693e-17,3.8652693e-17,-3.9903387e-15,-3.9903387e-15,-8.1061171e-14,-8.1061171e-14,8.1061171e-14,8.1061171e-14,9.7817571e-19,9.7817571e-19,1.5903724e-18,1.5903724e-18,-7.7873965e-10,-7.7873965e-10,-1.9364406e-17,-1.9364406e-17,-1.8245251e-17,-1.8245251e-17,1.6076137e-19,1.6076137e-19,3.4755047e-07,3.4755047e-07,5.6609932e-36,5.6609932e-36
2.154264e-14,2.154264e-14,-3.1043504e-17,-3.1043504e-17,2.1511597e-14,2.1511597e-14,1.9696781e-14,1.9696781e-14,-1.8458598e-15,-1.8458598e-15,-3.6754369e-05,-3.6754369e-05,-4.461509e-05,-4.461509e-05,-3.6503793e-05,-3.6503793e-05,-4.461509e-05,-4.461509e-05,-6.3320666e-18,-6.3320666e-18,5.5098012e-17,5.5098012e-17,0.00029743393,0.00029743393,-1.9781493e-14,-1.9781493e-14,3.4991289e-16,3.4991289e-16,1.7536584e-16,1.7536584e-16,-7.1905342e-18,-7.1905342e-18,-0.00025281884,-0.00025281884,-4.461509e-05,-4.461509e-05,-0.00025281884,-0.00025281884,-4.461509e-05,-4.461509e-05,-2.5156145e-16,-2.5156145e-16,7.6858199e-17,7.6858199e-17,-0.00029743393,-0.00029743393,-1.7198269e-16,-1.7198269e-16,-0.00029743319,-0.00029743319,-3.7343752e-16,-3.7343752e-16,0.00025281884,0.00025281884,4.461509e-05,4.461509e-05,0.00025281884,0.00025281884,4.461509e-05,4.461509e-05,0.00029743393,0.00029743393,-1.980358e-14,-1.980358e-14,3.0428134e-16,3.0428134e-16,6.5919492e-17,6.5919492e-17,-4.461509e-05,-4.461509e-05,-9.2567065e-07,-9.2567065e-07,-2.8911753e-19,-2.8911753e-19,-7.8682005e-07,-7.8682005e-07,-1.388506e-07,-1.388506e-07,0.00020579254,0.00020579254,-1.9784111e-14,-1.9784111e-14,0.24026856,0.24026856,-1.2482184e-12,-1.2482184e-12,0.1321477,0.1321477,-6.2459278e-13,-6.2459278e-13,1.7391059e-15,1.7391059e-15,0.00029743393,0.00029743393,3.8944853e-17,3.8944853e-17,-3.9905333e-15,-3.9905333e-15,-8.1198074e-14,-8.1198074e-14,8.1198074e-14,8.1198074e-14,9.749783e-19,9.749783e-19,1.5854382e-18,1.5854382e-18,-7.3980266e-10,-7.3980266e-10,-1.9304327e-17,-1.9304327e-17,-1.8188644e-17,-1.8188644e-17,1.602626e-19,1.602626e-19,3.4454153e-07,3.4454153e-07,5.6249624e-36,5.6249624e-36
2.1549698e-14,2.1549698e-14,-3.0981726e-17,-3.0981726e-17,2.1518716e-14,2.1518716e-14,1.9696594e-14,1.9696594e-14,-1.853104e-15,-1.853104e-15,-3.6638921e-05,-3.6638921e-05,-4.447667e-05,-4.447667e-05,-3.6390514e-05,-3.6390514e-05,-4.447667e-05,-4.447667e-05,-6.2663542e-18,-6.2663542e-18,5.4927068e-17,5.4927068e-17,0.00029651113,0.00029651113,-1.9782019e-14,-1.9782019e-14,3.4886876e-16,3.4886876e-16,1.7480925e-16,1.7480925e-16,-7.1681913e-18,-7.1681913e-18,-0.00025203446,-0.00025203446,-4.447667e-05,-4.447667e-05,-0.00025203446,-0.00025203446,-4.447667e-05,-4.447667e-05,-2.5258554e-16,-2.5258554e-16,7.7448909e-17,7.7448909e-17,-0.00029651113,-0.00029651113,-1.7242452e-16,-1.7242452e-16,-0.00029651043,-0.00029651043,-3.7325429e-16,-3.7325429e-16,0.00025203446,0.00025203446,4.447667e-05,4.447667e-05,0.00025203446,0.00025203446,4.447667e-05,4.447667e-05,0.00029651113,0.00029651113,-1.9804037e-14,-1.9804037e-14,3.0536554e-16,3.0536554e-16,6.5648442e-17,6.5648442e-17,-4.447667e-05,-4.447667e-05,-9.2279874e-07,-9.2279874e-07,-2.8819812e-19,-2.8819812e-19,-7.8437893e-07,-7.8437893e-07,-1.3841981e-07,-1.3841981e-07,0.00020515406,0.00020515406,-1.9784629e-14,-1.9784629e-14,0.23952312,0.23952312,-1.2482544e-12,-1.2482544e-12,0.13173771,0.13173771,-6.246126e-13,-6.246126e-13,1.7457041e-15,1.7457041e-15,0.00029651113,0.00029651113,3.9215185e-17,3.9215185e-17,-3.9907274e-15,-3.9907274e-15,-8.1334553e-14,-8.1334553e-14,8.1334553e-14,8.1334553e-14,9.7179456e-19,9.7179456e-19,1.5805194e-18,1.5805194e-18,-7.0281253e-10,-7.0281253e-10,-1.9244434e-17,-1.9244434e-17,-1.8132213e-17,-1.8132213e-17,1.5976538e-19,1.5976538e-19,3.4155979e-07,3.4155979e-07,5.5891814e-36,5.5891814e-36
2.155683e-14,2.155683e-14,-3.0900257e-17,-3.0900257e-17,2.152593e-14,2.152593e-14,1.9696408e-14,1.9696408e-14,-1.8604223e-15,-1.8604223e-15,-3.6523845e-05,-3.6523845e-05,-4.433868e-05,-4.433868e-05,-3.6277587e-05,-3.6277587e-05,-4.433868e-05,-4.433868e-05,-6.2464685e-18,-6.2464685e-18,5.4756655e-17,5.4756655e-17,0.0002955912,0.0002955912,-1.9782543e-14,-1.9782543e-14,3.4780412e-16,3.4780412e-16,1.7428634e-16,1.7428634e-16,-7.1459186e-18,-7.1459186e-18,-0.00025125252,-0.00025125252,-4.433868e-05,-4.433868e-05,-0.00025125252,-0.00025125252,-4.433868e-05,-4.433868e-05,-2.5360648e-16,-2.5360648e-16,7.8037797e-17,7.8037797e-17,-0.0002955912,-0.0002955912,-1.7286499e-16,-1.7286499e-16,-0.00029559053,-0.00029559053,-3.7307165e-16,-3.7307165e-16,0.00025125252,0.00025125252,4.433868e-05,4.433868e-05,0.00025125252,0.00025125252,4.433868e-05,4.433868e-05,0.0002955912,0.0002955912,-1.9804493e-14,-1.9804493e-14,3.0639553e-16,3.0639553e-16,6.5540021e-17,6.5540021e-17,-4.433868e-05,-4.433868e-05,-9.1993574e-07,-9.1993574e-07,-2.872821e-19,-2.872821e-19,-7.8194538e-07,-7.8194538e-07,-1.3799036e-07,-1.3799036e-07,0.00020451756,0.00020451756,-1.9785145e-14,-1.9785145e-14,0.23877999,0.23877999,-1.2482902e-12,-1.2482902e-12,0.13132898,0.13132898,-6.2463235e-13,-6.2463235e-13,1.7523785e-15,1.7523785e-15,0.0002955912,0.0002955912,3.948236e-17,3.948236e-17,-3.9909208e-15,-3.9909208e-15,-8.147061e-14,-8.147061e-14,8.147061e-14,8.147061e-14,9.6862434e-19,9.6862434e-19,1.5756157e-18,1.5756157e-18,-6.676719e-10,-6.676719e-10,-1.9184727e-17,-1.9184727e-17,-1.8075958e-17,-1.8075958e-17,1.592697e-19,1.592697e-19,3.3860499e-07,3.3860499e-07,5.5536476e-36,5.5536476e-36
2.1563781e-14,2.1563781e-14,-3.0706187e-17,-3.0706187e-17,2.1533075e-14,2.1533075e-14,1.9696222e-14,1.9696222e-14,-1.8675593e-15,-1.8675593e-15,-3.6409141e-05,-3.6409141e-05,-4.4201117e-05,-4.4201117e-05,-3.6165012e-05,-3.6165012e-05,-4.4201117e-05,-4.4201117e-05,-6.1645198e-18,-6.1645198e-18,5.458677e-17,5.458677e-17,0.00029467412,0.00029467412,-1.9783066e-14,-1.9783066e-14,3.468488e-16,3.468488e-16,1.7387278e-16,1.7387278e-16,-7.1237157e-18,-7.1237157e-18,-0.000250473,-0.000250473,-4.4201117e-05,-4.4201117e-05,-0.000250473,-0.000250473,-4.4201117e-05,-4.4201117e-05,-2.5462428e-16,-2.5462428e-16,7.8624866e-17,7.8624866e-17,-0.00029467412,-0.00029467412,-1.733041e-16,-1.733041e-16,-0.00029467348,-0.00029467348,-3.7288959e-16,-3.7288959e-16,0.000250473,0.000250473,4.4201117e-05,4.4201117e-05,0.000250473,0.000250473,4.4201117e-05,4.4201117e-05,0.00029467412,0.00029467412,-1.9804948e-14,-1.9804948e-14,3.0720869e-16,3.0720869e-16,6.5160551e-17,6.5160551e-17,-4.4201117e-05,-4.4201117e-05,-9.1708162e-07,-9.1708162e-07,-2.8636946e-19,-2.8636946e-19,-7.7951938e-07,-7.7951938e-07,-1.3756224e-07,-1.3756224e-07,0.00020388304,0.00020388304,-1.978566e-14,-1.978566e-14,0.23803916,0.23803916,-1.2483259e-12,-1.2483259e-12,0.13092153,0.13092153,-6.2465204e-13,-6.2465204e-13,1.7588734e-15,1.7588734e-15,0.00029467412,0.00029467412,3.9725088e-17,3.9725088e-17,-3.9911137e-15,-3.9911137e-15,-8.1606246e-14,-8.1606246e-14,8.1606246e-14,8.1606246e-14,9.6546753e-19,9.6546753e-19,1.5707273e-18,1.5707273e-18,-6.342883e-10,-6.342883e-10,-1.9125205e-17,-1.9125205e-17,-1.8019876e-17,-1.8019876e-17,1.5877556e-19,1.5877556e-19,3.3567689e-07,3.3567689e-07,5.5183589e-36,5.5183589e-36
2.1570924e-14,2.1570924e-14,-3.0663658e-17,-3.0663658e-17,2.1540261e-14,2.1540261e-14,1.9696037e-14,1.9696037e-14,-1.8748874e-15,-1.8748874e-15,-3.6294805e-05,-3.6294805e-05,-4.4063982e-05,-4.4063982e-05,-3.6052787e-05,-3.6052787e-05,-4.4063982e-05,-4.4063982e-05,-6.2378778e-18,-6.2378778e-18,5.4417412e-17,5.4417412e-17,0.00029375988,0.00029375988,-1.9783587e-14,-1.9783587e-14,3.4563883e-16,3.4563883e-16,1.7315034e-16,1.7315034e-16,-7.1015826e-18,-7.1015826e-18,-0.0002496959,-0.0002496959,-4.4063982e-05,-4.4063982e-05,-0.0002496959,-0.0002496959,-4.4063982e-05,-4.4063982e-05,-2.5563893e-16,-2.5563893e-16,7.9210123e-17,7.9210123e-17,-0.00029375988,-0.00029375988,-1.7374186e-16,-1.7374186e-16,-0.00029375928,-0.00029375928,-3.7270811e-16,-3.7270811e-16,0.0002496959,0.0002496959,4.4063982e-05,4.4063982e-05,0.0002496959,0.0002496959,4.4063982e-05,4.4063982e-05,0.00029375988,0.00029375988,-1.9805401e-14,-1.9805401e-14,3.083471e-16,3.083471e-16,6.5160551e-17,6.5160551e-17,-4.4063982e-05,-4.4063982e-05,-9.1423636e-07,-9.1423636e-07,-2.8546017e-19,-2.8546017e-19,-7.771009e-07,-7.771009e-07,-1.3713545e-07,-1.3713545e-07,0.00020325048,0.00020325048,-1.9786172e-14,-1.9786172e-14,0.23730064,0.23730064,-1.2483614e-12,-1.2483614e-12,0.13051534,0.13051534,-6.2467166e-13,-6.2467166e-13,1.7655074e-15,1.7655074e-15,0.00029375988,0.00029375988,4.0021949e-17,4.0021949e-17,-3.9913059e-15,-3.9913059e-15,-8.1741461e-14,-8.1741461e-14,8.1741461e-14,8.1741461e-14,9.62324e-19,9.62324e-19,1.5658541e-18,1.5658541e-18,-6.0257388e-10,-6.0257388e-10,-1.9065868e-17,-1.9065868e-17,-1.7963969e-17,-1.7963969e-17,1.5828295e-19,1.5828295e-19,3.3277523e-07,3.3277523e-07,5.4833131e-36,5.4833131e-36
2.1577841e-14,2.1577841e-14,-3.0517126e-17,-3.0517126e-17,2.1547324e-14,2.1547324e-14,1.9695852e-14,1.9695852e-14,-1.8819887e-15,-1.8819887e-15,-3.6180839e-05,-3.6180839e-05,-4.3927272e-05,-4.3927272e-05,-3.5940912e-05,-3.5940912e-05,-4.3927272e-05,-4.3927272e-05,-6.1418089e-18,-6.1418089e-18,5.424858e-17,5.424858e-17,0.00029284848,0.00029284848,-1.9784106e-14,-1.9784106e-14,3.4468353e-16,3.4468353e-16,1.7273679e-16,1.7273679e-16,-7.0795189e-18,-7.0795189e-18,-0.00024892121,-0.00024892121,-4.3927272e-05,-4.3927272e-05,-0.00024892121,-0.00024892121,-4.3927272e-05,-4.3927272e-05,-2.5665046e-16,-2.5665046e-16,7.9793573e-17,7.9793573e-17,-0.00029284848,-0.00029284848,-1.7417828e-16,-1.7417828e-16,-0.00029284791,-0.00029284791,-3.725272e-16,-3.725272e-16,0.00024892121,0.00024892121,4.3927272e-05,4.3927272e-05,0.00024892121,0.00024892121,4.3927272e-05,4.3927272e-05,0.00029284848,0.00029284848,-1.9805852e-14,-1.9805852e-14,3.0926867e-16,3.0926867e-16,6.48895e-17,6.48895e-17,-4.3927272e-05,-4.3927272e-05,-9.1139992e-07,-9.1139992e-07,-2.845542e-19,-2.845542e-19,-7.7468993e-07,-7.7468993e-07,-1.3670999e-07,-1.3670999e-07,0.00020261989,0.00020261989,-1.9786684e-14,-1.9786684e-14,0.2365644,0.2365644,-1.2483969e-12,-1.2483969e-12,0.13011042,0.13011042,-6.2469123e-13,-6.2469123e-13,1.7720248e-15,1.7720248e-15,0.00029284848,0.00029284848,4.0263558e-17,4.0263558e-17,-3.9914976e-15,-3.9914976e-15,-8.1876258e-14,-8.1876258e-14,8.1876258e-14,8.1876258e-14,9.5919363e-19,9.5919363e-19,1.560996e-18,1.560996e-18,-5.7244518e-10,-5.7244518e-10,-1.9006716e-17,-1.9006716e-17,-1.7908236e-17,-1.7908236e-17,1.5779188e-19,1.5779188e-19,3.2989976e-07,3.2989976e-07,5.4485078e-36,5.4485078e-36
2.1584835e-14,2.1584835e-14,-3.0407366e-17,-3.0407366e-17,2.1554427e-14,2.1554427e-14,1.9695668e-14,1.9695668e-14,-1.8891665e-15,-1.8891665e-15,-3.6067239e-05,-3.6067239e-05,-4.3790986e-05,-4.3790986e-05,-3.5829384e-05,-3.5829384e-05,-4.3790986e-05,-4.3790986e-05,-6.0936795e-18,-6.0936795e-18,5.4080272e-17,5.4080272e-17,0.00029193991,0.00029193991,-1.9784624e-14,-1.9784624e-14,3.4359686e-16,3.4359686e-16,1.7224608e-16,1.7224608e-16,-7.0575244e-18,-7.0575244e-18,-0.00024814892,-0.00024814892,-4.3790986e-05,-4.3790986e-05,-0.00024814892,-0.00024814892,-4.3790986e-05,-4.3790986e-05,-2.5765888e-16,-2.5765888e-16,8.0375221e-17,8.0375221e-17,-0.00029193991,-0.00029193991,-1.7461335e-16,-1.7461335e-16,-0.00029193936,-0.00029193936,-3.7234687e-16,-3.7234687e-16,0.00024814892,0.00024814892,4.3790986e-05,4.3790986e-05,0.00024814892,0.00024814892,4.3790986e-05,4.3790986e-05,0.00029193991,0.00029193991,-1.9806303e-14,-1.9806303e-14,3.1013603e-16,3.1013603e-16,6.467266e-17,6.467266e-17,-4.3790986e-05,-4.3790986e-05,-9.0857228e-07,-9.0857228e-07,-2.8365153e-19,-2.8365153e-19,-7.7228644e-07,-7.7228644e-07,-1.3628584e-07,-1.3628584e-07,0.00020199125,0.00020199125,-1.9787193e-14,-1.9787193e-14,0.23583045,0.23583045,-1.2484323e-12,-1.2484323e-12,0.12970674,0.12970674,-6.2471074e-13,-6.2471074e-13,1.7785124e-15,1.7785124e-15,0.00029193991,0.00029193991,4.0522797e-17,4.0522797e-17,-3.9916886e-15,-3.9916886e-15,-8.2010637e-14,-8.2010637e-14,8.2010637e-14,8.2010637e-14,9.560763e-19,9.560763e-19,1.5561529e-18,1.5561529e-18,-5.4382292e-10,-5.4382292e-10,-1.8947746e-17,-1.8947746e-17,-1.7852675e-17,-1.7852675e-17,1.5730232e-19,1.5730232e-19,3.2705025e-07,3.2705025e-07,5.4139411e-36,5.4139411e-36
2.1591759e-14,2.1591759e-14,-3.0295669e-17,-3.0295669e-17,2.1561463e-14,2.1561463e-14,1.9695485e-14,1.9695485e-14,-1.8962738e-15,-1.8962738e-15,-3.5954005e-05,-3.5954005e-05,-4.3655123e-05,-4.3655123e-05,-3.5718204e-05,-3.5718204e-05,-4.3655123e-05,-4.3655123e-05,-6.0398035e-18,-6.0398035e-18,5.3912486e-17,5.3912486e-17,0.00029103415,0.00029103415,-1.978514e-14,-1.978514e-14,3.4256291e-16,3.4256291e-16,1.7169966e-16,1.7169966e-16,-7.0355988e-18,-7.0355988e-18,-0.00024737903,-0.00024737903,-4.3655123e-05,-4.3655123e-05,-0.00024737903,-0.00024737903,-4.3655123e-05,-4.3655123e-05,-2.5866418e-16,-2.5866418e-16,8.0955074e-17,8.0955074e-17,-0.00029103415,-0.00029103415,-1.7504709e-16,-1.7504709e-16,-0.00029103364,-0.00029103364,-3.7216711e-16,-3.7216711e-16,0.00024737903,0.00024737903,4.3655123e-05,4.3655123e-05,0.00024737903,0.00024737903,4.3655123e-05,4.3655123e-05,0.00029103415,0.00029103415,-1.9806751e-14,-1.9806751e-14,3.1116602e-16,3.1116602e-16,6.4401609e-17,6.4401609e-17,-4.3655123e-05,-4.3655123e-05,-9.0575342e-07,-9.0575342e-07,-2.8275215e-19,-2.8275215e-19,-7.698904e-07,-7.698904e-07,-1.3586301e-07,-1.3586301e-07,0.00020136457,0.00020136457,-1.9787701e-14,-1.9787701e-14,0.23509878,0.23509878,-1.2484675e-12,-1.2484675e-12,0.12930432,0.12930432,-6.2473018e-13,-6.2473018e-13,1.7850398e-15,1.7850398e-15,0.00029103415,0.00029103415,4.0785149e-17,4.0785149e-17,-3.9918791e-15,-3.9918791e-15,-8.2144601e-14,-8.2144601e-14,8.2144601e-14,8.2144601e-14,9.5297189e-19,9.5297189e-19,1.5513249e-18,1.5513249e-18,-5.1663177e-10,-5.1663177e-10,-1.888896e-17,-1.888896e-17,-1.7797286e-17,-1.7797286e-17,1.5681428e-19,1.5681428e-19,3.2422645e-07,3.2422645e-07,5.3796106e-36,5.3796106e-36
2.1598718e-14,2.1598718e-14,-3.0233069e-17,-3.0233069e-17,2.1568485e-14,2.1568485e-14,1.9695302e-14,1.9695302e-14,-1.9034158e-15,-1.9034158e-15,-3.5841135e-05,-3.5841135e-05,-4.3519682e-05,-4.3519682e-05,-3.5607369e-05,-3.5607369e-05,-4.3519682e-05,-4.3519682e-05,-6.0891235e-18,-6.0891235e-18,5.374522e-17,5.374522e-17,0.00029013121,0.00029013121,-1.9785654e-14,-1.9785654e-14,3.4148068e-16,3.4148068e-16,1.7110497e-16,1.7110497e-16,-7.013742e-18,-7.013742e-18,-0.00024661153,-0.00024661153,-4.3519682e-05,-4.3519682e-05,-0.00024661153,-0.00024661153,-4.3519682e-05,-4.3519682e-05,-2.5966638e-16,-2.5966638e-16,8.1533135e-17,8.1533135e-17,-0.00029013121,-0.00029013121,-1.7547949e-16,-1.7547949e-16,-0.00029013072,-0.00029013072,-3.7198792e-16,-3.7198792e-16,0.00024661153,0.00024661153,4.3519682e-05,4.3519682e-05,0.00024661153,0.00024661153,4.3519682e-05,4.3519682e-05,0.00029013121,0.00029013121,-1.9807199e-14,-1.9807199e-14,3.1214181e-16,3.1214181e-16,6.4184769e-17,6.4184769e-17,-4.3519682e-05,-4.3519682e-05,-9.029433e-07,-9.029433e-07,-2.8185602e-19,-2.8185602e-19,-7.675018e-07,-7.675018e-07,-1.3544149e-07,-1.3544149e-07,0.00020073982,0.00020073982,-1.9788208e-14,-1.9788208e-14,0.23436938,0.23436938,-1.2485026e-12,-1.2485026e-12,0.12890315,0.12890315,-6.2474956e-13,-6.2474956e-13,1.7915497e-15,1.7915497e-15,0.00029013121,0.00029013121,4.1052691e-17,4.1052691e-17,-3.9920689e-15,-3.9920689e-15,-8.2278149e-14,-8.2278149e-14,8.2278149e-14,8.2278149e-14,9.498803e-19,9.498803e-19,1.5465119e-18,1.5465119e-18,-4.9080018e-10,-4.9080018e-10,-1.8830356e-17,-1.8830356e-17,-1.774207e-17,-1.774207e-17,1.5632776e-19,1.5632776e-19,3.2142812e-07,3.2142812e-07,5.3455144e-36,5.3455144e-36
2.1605774e-14,2.1605774e-14,-3.022759e-17,-3.022759e-17,2.1575547e-14,2.1575547e-14,1.9695119e-14,1.9695119e-14,-1.9106549e-15,-1.9106549e-15,-3.5728628e-05,-3.5728628e-05,-4.338466e-05,-4.338466e-05,-3.5496879e-05,-3.5496879e-05,-4.338466e-05,-4.338466e-05,-6.1337401e-18,-6.1337401e-18,5.3578474e-17,5.3578474e-17,0.00028923107,0.00028923107,-1.9786167e-14,-1.9786167e-14,3.403335e-16,3.403335e-16,1.7044534e-16,1.7044534e-16,-6.9919537e-18,-6.9919537e-18,-0.00024584641,-0.00024584641,-4.338466e-05,-4.338466e-05,-0.00024584641,-0.00024584641,-4.338466e-05,-4.338466e-05,-2.606655e-16,-2.606655e-16,8.2109411e-17,8.2109411e-17,-0.00028923107,-0.00028923107,-1.7591056e-16,-1.7591056e-16,-0.0002892306,-0.0002892306,-3.7180929e-16,-3.7180929e-16,0.00024584641,0.00024584641,4.338466e-05,4.338466e-05,0.00024584641,0.00024584641,4.338466e-05,4.338466e-05,0.00028923107,0.00028923107,-1.9807645e-14,-1.9807645e-14,3.1328022e-16,3.1328022e-16,6.4130559e-17,6.4130559e-17,-4.338466e-05,-4.338466e-05,-9.0014189e-07,-9.0014189e-07,-2.8096312e-19,-2.8096312e-19,-7.6512061e-07,-7.6512061e-07,-1.3502128e-07,-1.3502128e-07,0.00020011702,0.00020011702,-1.9788713e-14,-1.9788713e-14,0.23364224,0.23364224,-1.2485377e-12,-1.2485377e-12,0.12850323,0.12850323,-6.2476889e-13,-6.2476889e-13,1.7981585e-15,1.7981585e-15,0.00028923107,0.00028923107,4.133516e-17,4.133516e-17,-3.9922582e-15,-3.9922582e-15,-8.2411284e-14,-8.2411284e-14,8.2411284e-14,8.2411284e-14,9.468014e-19,9.468014e-19,1.5417137e-18,1.5417137e-18,-4.6626017e-10,-4.6626017e-10,-1.8771934e-17,-1.8771934e-17,-1.7687024e-17,-1.7687024e-17,1.5584275e-19,1.5584275e-19,3.1865502e-07,3.1865502e-07,5.3116503e-36,5.3116503e-36
2.1612542e-14,2.1612542e-14,-3.0055475e-17,-3.0055475e-17,2.1582487e-14,2.1582487e-14,1.9694938e-14,1.9694938e-14,-1.9176046e-15,-1.9176046e-15,-3.5616484e-05,-3.5616484e-05,-4.3250058e-05,-4.3250058e-05,-3.5386733e-05,-3.5386733e-05,-4.3250058e-05,-4.3250058e-05,-6.0657524e-18,-6.0657524e-18,5.3412244e-17,5.3412244e-17,0.00028833372,0.00028833372,-1.9786678e-14,-1.9786678e-14,3.3929948e-16,3.3929948e-16,1.7000728e-16,1.7000728e-16,-6.9702337e-18,-6.9702337e-18,-0.00024508366,-0.00024508366,-4.3250058e-05,-4.3250058e-05,-0.00024508366,-0.00024508366,-4.3250058e-05,-4.3250058e-05,-2.6166153e-16,-2.6166153e-16,8.2683906e-17,8.2683906e-17,-0.00028833372,-0.00028833372,-1.7634031e-16,-1.7634031e-16,-0.00028833328,-0.00028833328,-3.7163124e-16,-3.7163124e-16,0.00024508366,0.00024508366,4.3250058e-05,4.3250058e-05,0.00024508366,0.00024508366,4.3250058e-05,4.3250058e-05,0.00028833372,0.00028833372,-1.9808089e-14,-1.9808089e-14,3.1414758e-16,3.1414758e-16,6.3751088e-17,6.3751088e-17,-4.3250058e-05,-4.3250058e-05,-8.9734918e-07,-8.9734918e-07,-2.8007344e-19,-2.8007344e-19,-7.6274681e-07,-7.6274681e-07,-1.3460238e-07,-1.3460238e-07,0.00019949615,0.00019949615,-1.9789216e-14,-1.9789216e-14,0.23291736,0.23291736,-1.2485726e-12,-1.2485726e-12,0.12810454,0.12810454,-6.2478815e-13,-6.2478815e-13,1.80448e-15,1.80448e-15,0.00028833372,0.00028833372,4.1575611e-17,4.1575611e-17,-3.9924469e-15,-3.9924469e-15,-8.2544006e-14,-8.2544006e-14,8.2544006e-14,8.2544006e-14,9.4373508e-19,9.4373508e-19,1.5369305e-18,1.5369305e-18,-4.4294716e-10,-4.4294716e-10,-1.8713693e-17,-1.8713693e-17,-1.763215e-17,-1.763215e-17,1.5535924e-19,1.5535924e-19,3.1590692e-07,3.1590692e-07,5.2780164e-36,5.2780164e-36
2.1619556e-14,2.1619556e-14,-3.0089275e-17,-3.0089275e-17,2.1589467e-14,2.1589467e-14,1.9694756e-14,1.9694756e-14,-1.9248002e-15,-1.9248002e-15,-3.5504699e-05,-3.5504699e-05,-4.3115873e-05,-4.3115873e-05,-3.527693e-05,-3.527693e-05,-4.3115873e-05,-4.3115873e-05,-6.1567285e-18,-6.1567285e-18,5.3246531e-17,5.3246531e-17,0.00028743915,0.00028743915,-1.9787188e-14,-1.9787188e-14,3.3812307e-16,3.3812307e-16,1.6931841e-16,1.6931841e-16,-6.9485818e-18,-6.9485818e-18,-0.00024432328,-0.00024432328,-4.3115873e-05,-4.3115873e-05,-0.00024432328,-0.00024432328,-4.3115873e-05,-4.3115873e-05,-2.6265449e-16,-2.6265449e-16,8.3256627e-17,8.3256627e-17,-0.00028743915,-0.00028743915,-1.7676873e-16,-1.7676873e-16,-0.00028743873,-0.00028743873,-3.7145375e-16,-3.7145375e-16,0.00024432328,0.00024432328,4.3115873e-05,4.3115873e-05,0.00024432328,0.00024432328,4.3115873e-05,4.3115873e-05,0.00028743915,0.00028743915,-1.9808533e-14,-1.9808533e-14,3.1539441e-16,3.1539441e-16,6.3696878e-17,6.3696878e-17,-4.3115873e-05,-4.3115873e-05,-8.9456514e-07,-8.9456514e-07,-2.7918695e-19,-2.7918695e-19,-7.6038037e-07,-7.6038037e-07,-1.3418477e-07,-1.3418477e-07,0.00019887721,0.00019887721,-1.9789718e-14,-1.9789718e-14,0.23219472,0.23219472,-1.2486074e-12,-1.2486074e-12,0.12770709,0.12770709,-6.2480735e-13,-6.2480735e-13,1.8110493e-15,1.8110493e-15,0.00028743915,0.00028743915,4.1866172e-17,4.1866172e-17,-3.992635e-15,-3.992635e-15,-8.2676317e-14,-8.2676317e-14,8.2676317e-14,8.2676317e-14,9.4068124e-19,9.4068124e-19,1.5321621e-18,1.5321621e-18,-4.207998e-10,-4.207998e-10,-1.8655633e-17,-1.8655633e-17,-1.7577445e-17,-1.7577445e-17,1.5487723e-19,1.5487723e-19,3.1318359e-07,3.1318359e-07,5.2446106e-36,5.2446106e-36
2.1626403e-14,2.1626403e-14,-3.0022958e-17,-3.0022958e-17,2.159638e-14,2.159638e-14,1.9694575e-14,1.9694575e-14,-1.9318273e-15,-1.9318273e-15,-3.5393274e-05,-3.5393274e-05,-4.2982105e-05,-4.2982105e-05,-3.5167467e-05,-3.5167467e-05,-4.2982105e-05,-4.2982105e-05,-6.0819238e-18,-6.0819238e-18,5.3081331e-17,5.3081331e-17,0.00028654736,0.00028654736,-1.9787696e-14,-1.9787696e-14,3.3708873e-16,3.3708873e-16,1.6888003e-16,1.6888003e-16,-6.9269976e-18,-6.9269976e-18,-0.00024356526,-0.00024356526,-4.2982105e-05,-4.2982105e-05,-0.00024356526,-0.00024356526,-4.2982105e-05,-4.2982105e-05,-2.6364439e-16,-2.6364439e-16,8.3827579e-17,8.3827579e-17,-0.00028654736,-0.00028654736,-1.7719583e-16,-1.7719583e-16,-0.00028654696,-0.00028654696,-3.7127681e-16,-3.7127681e-16,0.00024356526,0.00024356526,4.2982105e-05,4.2982105e-05,0.00024356526,0.00024356526,4.2982105e-05,4.2982105e-05,0.00028654736,0.00028654736,-1.9808974e-14,-1.9808974e-14,3.1609914e-16,3.1609914e-16,6.3534247e-17,6.3534247e-17,-4.2982105e-05,-4.2982105e-05,-8.9178973e-07,-8.9178973e-07,-2.7830363e-19,-2.7830363e-19,-7.5802127e-07,-7.5802127e-07,-1.3376846e-07,-1.3376846e-07,0.00019826018,0.00019826018,-1.9790218e-14,-1.9790218e-14,0.23147433,0.23147433,-1.2486421e-12,-1.2486421e-12,0.12731088,0.12731088,-6.2482649e-13,-6.2482649e-13,1.817452e-15,1.817452e-15,0.00028654736,0.00028654736,4.2129377e-17,4.2129377e-17,-3.9928225e-15,-3.9928225e-15,-8.2808218e-14,-8.2808218e-14,8.2808218e-14,8.2808218e-14,9.3763977e-19,9.3763977e-19,1.5274085e-18,1.5274085e-18,-3.997598e-10,-3.997598e-10,-1.8597753e-17,-1.8597753e-17,-1.7522911e-17,-1.7522911e-17,1.5439672e-19,1.5439672e-19,3.1048479e-07,3.1048479e-07,5.211431e-36,5.211431e-36
2.1633113e-14,2.1633113e-14,-2.9780448e-17,-2.9780448e-17,2.1603333e-14,2.1603333e-14,1.9694395e-14,1.9694395e-14,-1.9387183e-15,-1.9387183e-15,-3.5282207e-05,-3.5282207e-05,-4.2848751e-05,-4.2848751e-05,-3.5058345e-05,-3.5058345e-05,-4.2848751e-05,-4.2848751e-05,-5.9773778e-18,-5.9773778e-18,5.2916645e-17,5.2916645e-17,0.00028565834,0.00028565834,-1.9788202e-14,-1.9788202e-14,3.3613568e-16,3.3613568e-16,1.6841453e-16,1.6841453e-16,-6.9054811e-18,-6.9054811e-18,-0.00024280959,-0.00024280959,-4.2848751e-05,-4.2848751e-05,-0.00024280959,-0.00024280959,-4.2848751e-05,-4.2848751e-05,-2.6463123e-16,-2.6463123e-16,8.4396766e-17,8.4396766e-17,-0.00028565834,-0.00028565834,-1.7762162e-16,-1.7762162e-16,-0.00028565796,-0.00028565796,-3.7110044e-16,-3.7110044e-16,0.00024280959,0.00024280959,4.2848751e-05,4.2848751e-05,0.00024280959,0.00024280959,4.2848751e-05,4.2848751e-05,0.00028565834,0.00028565834,-1.9809415e-14,-1.9809415e-14,3.1718335e-16,3.1718335e-16,6.3317407e-17,6.3317407e-17,-4.2848751e-05,-4.2848751e-05,-8.8902293e-07,-8.8902293e-07,-2.7742346e-19,-2.7742346e-19,-7.5566949e-07,-7.5566949e-07,-1.3335344e-07,-1.3335344e-07,0.00019764507,0.00019764507,-1.9790716e-14,-1.9790716e-14,0.23075617,0.23075617,-1.2486767e-12,-1.2486767e-12,0.12691589,0.12691589,-6.2484558e-13,-6.2484558e-13,1.8237206e-15,1.8237206e-15,0.00028565834,0.00028565834,4.2356788e-17,4.2356788e-17,-3.9930094e-15,-3.9930094e-15,-8.2939711e-14,-8.2939711e-14,8.2939711e-14,8.2939711e-14,9.3461056e-19,9.3461056e-19,1.5226697e-18,1.5226697e-18,-3.7977181e-10,-3.7977181e-10,-1.8540053e-17,-1.8540053e-17,-1.7468545e-17,-1.7468545e-17,1.539177e-19,1.539177e-19,3.0781029e-07,3.0781029e-07,5.1784755e-36,5.1784755e-36
2.1639834e-14,2.1639834e-14,-2.9561366e-17,-2.9561366e-17,2.1610273e-14,2.1610273e-14,1.9694215e-14,1.9694215e-14,-1.9456185e-15,-1.9456185e-15,-3.5171497e-05,-3.5171497e-05,-4.2715812e-05,-4.2715812e-05,-3.4949563e-05,-3.4949563e-05,-4.2715812e-05,-4.2715812e-05,-5.8978135e-18,-5.8978135e-18,5.2752469e-17,5.2752469e-17,0.00028477208,0.00028477208,-1.9788707e-14,-1.9788707e-14,3.3521615e-16,3.3521615e-16,1.6798254e-16,1.6798254e-16,-6.8840319e-18,-6.8840319e-18,-0.00024205627,-0.00024205627,-4.2715812e-05,-4.2715812e-05,-0.00024205627,-0.00024205627,-4.2715812e-05,-4.2715812e-05,-2.6561503e-16,-2.6561503e-16,8.4964195e-17,8.4964195e-17,-0.00028477208,-0.00028477208,-1.7804609e-16,-1.7804609e-16,-0.00028477172,-0.00028477172,-3.7092463e-16,-3.7092463e-16,0.00024205627,0.00024205627,4.2715812e-05,4.2715812e-05,0.00024205627,0.00024205627,4.2715812e-05,4.2715812e-05,0.00028477208,0.00028477208,-1.9809854e-14,-1.9809854e-14,3.1794229e-16,3.1794229e-16,6.2965041e-17,6.2965041e-17,-4.2715812e-05,-4.2715812e-05,-8.8626471e-07,-8.8626471e-07,-2.7654642e-19,-2.7654642e-19,-7.53325e-07,-7.53325e-07,-1.3293971e-07,-1.3293971e-07,0.00019703187,0.00019703187,-1.9791213e-14,-1.9791213e-14,0.23004024,0.23004024,-1.2487112e-12,-1.2487112e-12,0.12652213,0.12652213,-6.248646e-13,-6.248646e-13,1.8300003e-15,1.8300003e-15,0.00028477208,0.00028477208,4.2611369e-17,4.2611369e-17,-3.9931958e-15,-3.9931958e-15,-8.3070797e-14,-8.3070797e-14,8.3070797e-14,8.3070797e-14,9.3159352e-19,9.3159352e-19,1.5179456e-18,1.5179456e-18,-3.6078322e-10,-3.6078322e-10,-1.8482531e-17,-1.8482531e-17,-1.7414349e-17,-1.7414349e-17,1.5344016e-19,1.5344016e-19,3.0515987e-07,3.0515987e-07,5.1457424e-36,5.1457424e-36
2.1646786e-14,2.1646786e-14,-2.9641043e-17,-2.9641043e-17,2.1617144e-14,2.1617144e-14,1.9694036e-14,1.9694036e-14,-1.9527493e-15,-1.9527493e-15,-3.5061142e-05,-3.5061142e-05,-4.2583284e-05,-4.2583284e-05,-3.4841118e-05,-3.4841118e-05,-4.2583284e-05,-4.2583284e-05,-5.9521623e-18,-5.9521623e-18,5.2588802e-17,5.2588802e-17,0.00028388856,0.00028388856,-1.978921e-14,-1.978921e-14,3.3405044e-16,3.3405044e-16,1.6741279e-16,1.6741279e-16,-6.8626498e-18,-6.8626498e-18,-0.00024130528,-0.00024130528,-4.2583284e-05,-4.2583284e-05,-0.00024130528,-0.00024130528,-4.2583284e-05,-4.2583284e-05,-2.6659579e-16,-2.6659579e-16,8.552987e-17,8.552987e-17,-0.00028388856,-0.00028388856,-1.7846926e-16,-1.7846926e-16,-0.00028388822,-0.00028388822,-3.7074937e-16,-3.7074937e-16,0.00024130528,0.00024130528,4.2583284e-05,4.2583284e-05,0.00024130528,0.00024130528,4.2583284e-05,4.2583284e-05,0.00028388856,0.00028388856,-1.9810292e-14,-1.9810292e-14,3.190807e-16,3.190807e-16,6.2910831e-17,6.2910831e-17,-4.2583284e-05,-4.2583284e-05,-8.8351505e-07,-8.8351505e-07,-2.756725e-19,-2.756725e-19,-7.5098779e-07,-7.5098779e-07,-1.3252726e-07,-1.3252726e-07,0.00019642057,0.00019642057,-1.9791709e-14,-1.9791709e-14,0.22932653,0.22932653,-1.2487455e-12,-1.2487455e-12,0.12612959,0.12612959,-6.2488356e-13,-6.2488356e-13,1.8365125e-15,1.8365125e-15,0.00028388856,0.00028388856,4.2884493e-17,4.2884493e-17,-3.9933815e-15,-3.9933815e-15,-8.3201476e-14,-8.3201476e-14,8.3201476e-14,8.3201476e-14,9.2858853e-19,9.2858853e-19,1.5132361e-18,1.5132361e-18,-3.4274405e-10,-3.4274405e-10,-1.8425188e-17,-1.8425188e-17,-1.736032e-17,-1.736032e-17,1.5296411e-19,1.5296411e-19,3.0253331e-07,3.0253331e-07,5.1132297e-36,5.1132297e-36
2.1653434e-14,2.1653434e-14,-2.9431184e-17,-2.9431184e-17,2.1624003e-14,2.1624003e-14,1.9693858e-14,1.9693858e-14,-1.9595765e-15,-1.9595765e-15,-3.4951142e-05,-3.4951142e-05,-4.2451168e-05,-4.2451168e-05,-3.4733011e-05,-3.4733011e-05,-4.2451168e-05,-4.2451168e-05,-5.8698832e-18,-5.8698832e-18,5.2425644e-17,5.2425644e-17,0.00028300779,0.00028300779,-1.9789712e-14,-1.9789712e-14,3.3310978e-16,3.3310978e-16,1.6695968e-16,1.6695968e-16,-6.8413347e-18,-6.8413347e-18,-0.00024055662,-0.00024055662,-4.2451168e-05,-4.2451168e-05,-0.00024055662,-0.00024055662,-4.2451168e-05,-4.2451168e-05,-2.6757353e-16,-2.6757353e-16,8.6093797e-17,8.6093797e-17,-0.00028300779,-0.00028300779,-1.7889113e-16,-1.7889113e-16,-0.00028300746,-0.00028300746,-3.7057467e-16,-3.7057467e-16,0.00024055662,0.00024055662,4.2451168e-05,4.2451168e-05,0.00024055662,0.00024055662,4.2451168e-05,4.2451168e-05,0.00028300779,0.00028300779,-1.9810728e-14,-1.9810728e-14,3.2000227e-16,3.2000227e-16,6.2666886e-17,6.2666886e-17,-4.2451168e-05,-4.2451168e-05,-8.8077392e-07,-8.8077392e-07,-2.7480166e-19,-2.7480166e-19,-7.4865783e-07,-7.4865783e-07,-1.3211609e-07,-1.3211609e-07,0.00019581117,0.00019581117,-1.9792203e-14,-1.9792203e-14,0.22861504,0.22861504,-1.2487798e-12,-1.2487798e-12,0.12573827,0.12573827,-6.2490247e-13,-6.2490247e-13,1.842723e-15,1.842723e-15,0.00028300779,0.00028300779,4.3131685e-17,4.3131685e-17,-3.9935667e-15,-3.9935667e-15,-8.333175e-14,-8.333175e-14,8.333175e-14,8.333175e-14,9.2559551e-19,9.2559551e-19,1.5085412e-18,1.5085412e-18,-3.2560685e-10,-3.2560685e-10,-1.8368023e-17,-1.8368023e-17,-1.7306459e-17,-1.7306459e-17,1.5248953e-19,1.5248953e-19,2.9993038e-07,2.9993038e-07,5.0809355e-36,5.0809355e-36
2.1660195e-14,2.1660195e-14,-2.9347332e-17,-2.9347332e-17,2.1630848e-14,2.1630848e-14,1.9693679e-14,1.9693679e-14,-1.9665158e-15,-1.9665158e-15,-3.4841495e-05,-3.4841495e-05,-4.2319462e-05,-4.2319462e-05,-3.4625239e-05,-3.4625239e-05,-4.2319462e-05,-4.2319462e-05,-5.8412197e-18,-5.8412197e-18,5.2262991e-17,5.2262991e-17,0.00028212975,0.00028212975,-1.9790212e-14,-1.9790212e-14,3.3210853e-16,3.3210853e-16,1.6639177e-16,1.6639177e-16,-6.8200863e-18,-6.8200863e-18,-0.00023981028,-0.00023981028,-4.2319462e-05,-4.2319462e-05,-0.00023981028,-0.00023981028,-4.2319462e-05,-4.2319462e-05,-2.6854824e-16,-2.6854824e-16,8.665598e-17,8.665598e-17,-0.00028212975,-0.00028212975,-1.7931169e-16,-1.7931169e-16,-0.00028212944,-0.00028212944,-3.7040052e-16,-3.7040052e-16,0.00023981028,0.00023981028,4.2319462e-05,4.2319462e-05,0.00023981028,0.00023981028,4.2319462e-05,4.2319462e-05,0.00028212975,0.00028212975,-1.9811163e-14,-1.9811163e-14,3.2086963e-16,3.2086963e-16,6.2341625e-17,6.2341625e-17,-4.2319462e-05,-4.2319462e-05,-8.780413e-07,-8.780413e-07,-2.739339e-19,-2.739339e-19,-7.463351e-07,-7.463351e-07,-1.3170619e-07,-1.3170619e-07,0.00019520366,0.00019520366,-1.9792695e-14,-1.9792695e-14,0.22790575,0.22790575,-1.248814e-12,-1.248814e-12,0.12534816,0.12534816,-6.2492131e-13,-6.2492131e-13,1.8490475e-15,1.8490475e-15,0.00028212975,0.00028212975,4.33832e-17,4.33832e-17,-3.9937513e-15,-3.9937513e-15,-8.3461621e-14,-8.3461621e-14,8.3461621e-14,8.3461621e-14,9.2261435e-19,9.2261435e-19,1.5038609e-18,1.5038609e-18,-3.093265e-10,-3.093265e-10,-1.8311036e-17,-1.8311036e-17,-1.7252765e-17,-1.7252765e-17,1.5201643e-19,1.5201643e-19,2.9735086e-07,2.9735086e-07,5.0488581e-36,5.0488581e-36
2.1667055e-14,2.1667055e-14,-2.9375996e-17,-2.9375996e-17,2.1637679e-14,2.1637679e-14,1.9693502e-14,1.9693502e-14,-1.9735536e-15,-1.9735536e-15,-3.4732199e-05,-3.4732199e-05,-4.2188164e-05,-4.2188164e-05,-3.4517803e-05,-3.4517803e-05,-4.2188164e-05,-4.2188164e-05,-5.9479934e-18,-5.9479934e-18,5.2100843e-17,5.2100843e-17,0.00028125443,0.00028125443,-1.9790711e-14,-1.9790711e-14,3.3088244e-16,3.3088244e-16,1.6581587e-16,1.6581587e-16,-6.7989043e-18,-6.7989043e-18,-0.00023906627,-0.00023906627,-4.2188164e-05,-4.2188164e-05,-0.00023906627,-0.00023906627,-4.2188164e-05,-4.2188164e-05,-2.6951995e-16,-2.6951995e-16,8.7216426e-17,8.7216426e-17,-0.00028125443,-0.00028125443,-1.7973096e-16,-1.7973096e-16,-0.00028125414,-0.00028125414,-3.7022691e-16,-3.7022691e-16,0.00023906627,0.00023906627,4.2188164e-05,4.2188164e-05,0.00023906627,0.00023906627,4.2188164e-05,4.2188164e-05,0.00028125443,0.00028125443,-1.9811596e-14,-1.9811596e-14,3.2200805e-16,3.2200805e-16,6.2341625e-17,6.2341625e-17,-4.2188164e-05,-4.2188164e-05,-8.7531715e-07,-8.7531715e-07,-2.730692e-19,-2.730692e-19,-7.4401958e-07,-7.4401958e-07,-1.3129757e-07,-1.3129757e-07,0.00019459803,0.00019459803,-1.9793186e-14,-1.9793186e-14,0.22719867,0.22719867,-1.248848e-12,-1.248848e-12,0.12495926,0.12495926,-6.249401e-13,-6.249401e-13,1.8554724e-15,1.8554724e-15,0.00028125443,0.00028125443,4.3672935e-17,4.3672935e-17,-3.9939354e-15,-3.9939354e-15,-8.359109e-14,-8.359109e-14,8.359109e-14,8.359109e-14,9.1964495e-19,9.1964495e-19,1.4991951e-18,1.4991951e-18,-2.9386017e-10,-2.9386017e-10,-1.8254225e-17,-1.8254225e-17,-1.7199238e-17,-1.7199238e-17,1.5154479e-19,1.5154479e-19,2.9479454e-07,2.9479454e-07,5.0169955e-36,5.0169955e-36
2.1673723e-14,2.1673723e-14,-2.9225164e-17,-2.9225164e-17,2.1644498e-14,2.1644498e-14,1.9693325e-14,1.9693325e-14,-1.980398e-15,-1.980398e-15,-3.4623254e-05,-3.4623254e-05,-4.2057274e-05,-4.2057274e-05,-3.44107e-05,-3.44107e-05,-4.2057274e-05,-4.2057274e-05,-5.8654485e-18,-5.8654485e-18,5.1939198e-17,5.1939198e-17,0.00028038183,0.00028038183,-1.9791208e-14,-1.9791208e-14,3.2993388e-16,3.2993388e-16,1.6535485e-16,1.6535485e-16,-6.7777886e-18,-6.7777886e-18,-0.00023832455,-0.00023832455,-4.2057274e-05,-4.2057274e-05,-0.00023832455,-0.00023832455,-4.2057274e-05,-4.2057274e-05,-2.7048866e-16,-2.7048866e-16,8.777514e-17,8.777514e-17,-0.00028038183,-0.00028038183,-1.8014894e-16,-1.8014894e-16,-0.00028038155,-0.00028038155,-3.7005386e-16,-3.7005386e-16,0.00023832455,0.00023832455,4.2057274e-05,4.2057274e-05,0.00023832455,0.00023832455,4.2057274e-05,4.2057274e-05,0.00028038183,0.00028038183,-1.9812028e-14,-1.9812028e-14,3.2292962e-16,3.2292962e-16,6.2070574e-17,6.2070574e-17,-4.2057274e-05,-4.2057274e-05,-8.7260146e-07,-8.7260146e-07,-2.7220753e-19,-2.7220753e-19,-7.4171124e-07,-7.4171124e-07,-1.3089022e-07,-1.3089022e-07,0.00019399428,0.00019399428,-1.9793675e-14,-1.9793675e-14,0.22649378,0.22649378,-1.248882e-12,-1.248882e-12,0.12457157,0.12457157,-6.2495883e-13,-6.2495883e-13,1.8617059e-15,1.8617059e-15,0.00028038183,0.00028038183,4.3909961e-17,4.3909961e-17,-3.9941188e-15,-3.9941188e-15,-8.3720157e-14,-8.3720157e-14,8.3720157e-14,8.3720157e-14,9.1668723e-19,9.1668723e-19,1.4945438e-18,1.4945438e-18,-2.7916716e-10,-2.7916716e-10,-1.819759e-17,-1.819759e-17,-1.7145877e-17,-1.7145877e-17,1.5107462e-19,1.5107462e-19,2.922612e-07,2.922612e-07,4.9853461e-36,4.9853461e-36
2.1680392e-14,2.1680392e-14,-2.9144007e-17,-2.9144007e-17,2.1651248e-14,2.1651248e-14,1.9693148e-14,1.9693148e-14,-1.987244e-15,-1.987244e-15,-3.4514658e-05,-3.4514658e-05,-4.192679e-05,-4.192679e-05,-3.430393e-05,-3.430393e-05,-4.192679e-05,-4.192679e-05,-5.8651388e-18,-5.8651388e-18,5.1778055e-17,5.1778055e-17,0.00027951193,0.00027951193,-1.9791703e-14,-1.9791703e-14,3.2887682e-16,3.2887682e-16,1.6483954e-16,1.6483954e-16,-6.756739e-18,-6.756739e-18,-0.00023758514,-0.00023758514,-4.192679e-05,-4.192679e-05,-0.00023758514,-0.00023758514,-4.192679e-05,-4.192679e-05,-2.7145438e-16,-2.7145438e-16,8.8332126e-17,8.8332126e-17,-0.00027951193,-0.00027951193,-1.8056563e-16,-1.8056563e-16,-0.00027951167,-0.00027951167,-3.6988135e-16,-3.6988135e-16,0.00023758514,0.00023758514,4.192679e-05,4.192679e-05,0.00023758514,0.00023758514,4.192679e-05,4.192679e-05,0.00027951193,0.00027951193,-1.9812459e-14,-1.9812459e-14,3.2385119e-16,3.2385119e-16,6.1935049e-17,6.1935049e-17,-4.192679e-05,-4.192679e-05,-8.6989419e-07,-8.6989419e-07,-2.7134887e-19,-2.7134887e-19,-7.3941006e-07,-7.3941006e-07,-1.3048413e-07,-1.3048413e-07,0.00019339241,0.00019339241,-1.9794163e-14,-1.9794163e-14,0.22579107,0.22579107,-1.2489158e-12,-1.2489158e-12,0.12418509,0.12418509,-6.249775e-13,-6.249775e-13,1.8679428e-15,1.8679428e-15,0.00027951193,0.00027951193,4.4160378e-17,4.4160378e-17,-3.9943017e-15,-3.9943017e-15,-8.3848825e-14,-8.3848825e-14,8.3848825e-14,8.3848825e-14,9.1374109e-19,9.1374109e-19,1.4899069e-18,1.4899069e-18,-2.652088e-10,-2.652088e-10,-1.8141132e-17,-1.8141132e-17,-1.7092681e-17,-1.7092681e-17,1.506059e-19,1.506059e-19,2.8975061e-07,2.8975061e-07,4.953908e-36,4.953908e-36
2.1686975e-14,2.1686975e-14,-2.904332e-17,-2.904332e-17,2.1657931e-14,2.1657931e-14,1.9692972e-14,1.9692972e-14,-1.9940024e-15,-1.9940024e-15,-3.440641e-05,-3.440641e-05,-4.1796711e-05,-4.1796711e-05,-3.4197492e-05,-3.4197492e-05,-4.1796711e-05,-4.1796711e-05,-5.7849358e-18,-5.7849358e-18,5.1617412e-17,5.1617412e-17,0.00027864474,0.00027864474,-1.9792197e-14,-1.9792197e-14,3.2794153e-16,3.2794153e-16,1.643376e-16,1.643376e-16,-6.7357551e-18,-6.7357551e-18,-0.00023684803,-0.00023684803,-4.1796711e-05,-4.1796711e-05,-0.00023684803,-0.00023684803,-4.1796711e-05,-4.1796711e-05,-2.7241712e-16,-2.7241712e-16,8.8887391e-17,8.8887391e-17,-0.00027864474,-0.00027864474,-1.8098103e-16,-1.8098103e-16,-0.00027864449,-0.00027864449,-3.6970939e-16,-3.6970939e-16,0.00023684803,0.00023684803,4.1796711e-05,4.1796711e-05,0.00023684803,0.00023684803,4.1796711e-05,4.1796711e-05,0.00027864474,0.00027864474,-1.9812889e-14,-1.9812889e-14,3.2471855e-16,3.2471855e-16,6.1691104e-17,6.1691104e-17,-4.1796711e-05,-4.1796711e-05,-8.6719532e-07,-8.6719532e-07,-2.7049322e-19,-2.7049322e-19,-7.3711602e-07,-7.3711602e-07,-1.300793e-07,-1.300793e-07,0.0001927924,0.0001927924,-1.9794649e-14,-1.9794649e-14,0.22509055,0.22509055,-1.2489495e-12,-1.2489495e-12,0.1237998,0.1237998,-6.2499611e-13,-6.2499611e-13,1.874094e-15,1.874094e-15,0.00027864474,0.00027864474,4.4414479e-17,4.4414479e-17,-3.9944841e-15,-3.9944841e-15,-8.3977094e-14,-8.3977094e-14,8.3977094e-14,8.3977094e-14,9.1080643e-19,9.1080643e-19,1.4852845e-18,1.4852845e-18,-2.5194836e-10,-2.5194836e-10,-1.8084848e-17,-1.8084848e-17,-1.7039651e-17,-1.7039651e-17,1.5013864e-19,1.5013864e-19,2.8726259e-07,2.8726259e-07,4.9226796e-36,4.9226796e-36
2.1693622e-14,2.1693622e-14,-2.8858218e-17,-2.8858218e-17,2.1664764e-14,2.1664764e-14,1.9692797e-14,1.9692797e-14,-2.0008253e-15,-2.0008253e-15,-3.429851e-05,-3.429851e-05,-4.1667035e-05,-4.1667035e-05,-3.4091385e-05,-3.4091385e-05,-4.1667035e-05,-4.1667035e-05,-5.7608648e-18,-5.7608648e-18,5.1457267e-17,5.1457267e-17,0.00027778023,0.00027778023,-1.9792689e-14,-1.9792689e-14,3.2693472e-16,3.2693472e-16,1.6387255e-16,1.6387255e-16,-6.7148369e-18,-6.7148369e-18,-0.0002361132,-0.0002361132,-4.1667035e-05,-4.1667035e-05,-0.0002361132,-0.0002361132,-4.1667035e-05,-4.1667035e-05,-2.7337688e-16,-2.7337688e-16,8.9440938e-17,8.9440938e-17,-0.00027778023,-0.00027778023,-1.8139516e-16,-1.8139516e-16,-0.00027777999,-0.00027777999,-3.6953796e-16,-3.6953796e-16,0.0002361132,0.0002361132,4.1667035e-05,4.1667035e-05,0.0002361132,0.0002361132,4.1667035e-05,4.1667035e-05,0.00027778023,0.00027778023,-1.9813317e-14,-1.9813317e-14,3.2558591e-16,3.2558591e-16,6.1528473e-17,6.1528473e-17,-4.1667035e-05,-4.1667035e-05,-8.6450482e-07,-8.6450482e-07,-2.6964055e-19,-2.6964055e-19,-7.3482909e-07,-7.3482909e-07,-1.2967572e-07,-1.2967572e-07,0.00019219426,0.00019219426,-1.9795134e-14,-1.9795134e-14,0.22439219,0.22439219,-1.2489832e-12,-1.2489832e-12,0.1234157,0.1234157,-6.2501466e-13,-6.2501466e-13,1.8803116e-15,1.8803116e-15,0.00027778023,0.00027778023,4.4664708e-17,4.4664708e-17,-3.9946658e-15,-3.9946658e-15,-8.4104965e-14,-8.4104965e-14,8.4104965e-14,8.4104965e-14,9.0788318e-19,9.0788318e-19,1.4806763e-18,1.4806763e-18,-2.3935094e-10,-2.3935094e-10,-1.8028739e-17,-1.8028739e-17,-1.6986785e-17,-1.6986785e-17,1.4967283e-19,1.4967283e-19,2.847969e-07,2.847969e-07,4.8916591e-36,4.8916591e-36
2.1700263e-14,2.1700263e-14,-2.8788307e-17,-2.8788307e-17,2.1671475e-14,2.1671475e-14,1.9692622e-14,1.9692622e-14,-2.0076412e-15,-2.0076412e-15,-3.4190955e-05,-3.4190955e-05,-4.1537762e-05,-4.1537762e-05,-3.3985607e-05,-3.3985607e-05,-4.1537762e-05,-4.1537762e-05,-5.7121095e-18,-5.7121095e-18,5.1297619e-17,5.1297619e-17,0.00027691841,0.00027691841,-1.979318e-14,-1.979318e-14,3.2602546e-16,3.2602546e-16,1.6339663e-16,1.6339663e-16,-6.693984e-18,-6.693984e-18,-0.00023538065,-0.00023538065,-4.1537762e-05,-4.1537762e-05,-0.00023538065,-0.00023538065,-4.1537762e-05,-4.1537762e-05,-2.7433368e-16,-2.7433368e-16,8.9992774e-17,8.9992774e-17,-0.00027691841,-0.00027691841,-1.81808e-16,-1.81808e-16,-0.00027691818,-0.00027691818,-3.6936708e-16,-3.6936708e-16,0.00023538065,0.00023538065,4.1537762e-05,4.1537762e-05,0.00023538065,0.00023538065,4.1537762e-05,4.1537762e-05,0.00027691841,0.00027691841,-1.9813744e-14,-1.9813744e-14,3.2656169e-16,3.2656169e-16,6.1257423e-17,6.1257423e-17,-4.1537762e-05,-4.1537762e-05,-8.6182267e-07,-8.6182267e-07,-2.6879084e-19,-2.6879084e-19,-7.3254927e-07,-7.3254927e-07,-1.292734e-07,-1.292734e-07,0.00019159797,0.00019159797,-1.9795617e-14,-1.9795617e-14,0.22369601,0.22369601,-1.2490167e-12,-1.2490167e-12,0.1230328,0.1230328,-6.2503316e-13,-6.2503316e-13,1.886524e-15,1.886524e-15,0.00027691841,0.00027691841,4.4906265e-17,4.4906265e-17,-3.994847e-15,-3.994847e-15,-8.4232441e-14,-8.4232441e-14,8.4232441e-14,8.4232441e-14,9.0497123e-19,9.0497123e-19,1.4760825e-18,1.4760825e-18,-2.2738339e-10,-2.2738339e-10,-1.7972804e-17,-1.7972804e-17,-1.6934083e-17,-1.6934083e-17,1.4920847e-19,1.4920847e-19,2.8235336e-07,2.8235336e-07,4.8608448e-36,4.8608448e-36
2.170692e-14,2.170692e-14,-2.8747199e-17,-2.8747199e-17,2.1678172e-14,2.1678172e-14,1.9692447e-14,1.9692447e-14,-2.0144723e-15,-2.0144723e-15,-3.4083744e-05,-3.4083744e-05,-4.1408889e-05,-4.1408889e-05,-3.3880157e-05,-3.3880157e-05,-4.1408889e-05,-4.1408889e-05,-5.747587e-18,-5.747587e-18,5.1138466e-17,5.1138466e-17,0.00027605926,0.00027605926,-1.9793669e-14,-1.9793669e-14,3.2492707e-16,3.2492707e-16,1.6284001e-16,1.6284001e-16,-6.6731964e-18,-6.6731964e-18,-0.00023465037,-0.00023465037,-4.1408889e-05,-4.1408889e-05,-0.00023465037,-0.00023465037,-4.1408889e-05,-4.1408889e-05,-2.7528753e-16,-2.7528753e-16,9.0542903e-17,9.0542903e-17,-0.00027605926,-0.00027605926,-1.8221958e-16,-1.8221958e-16,-0.00027605905,-0.00027605905,-3.6919674e-16,-3.6919674e-16,0.00023465037,0.00023465037,4.1408889e-05,4.1408889e-05,0.00023465037,0.00023465037,4.1408889e-05,4.1408889e-05,0.00027605926,0.00027605926,-1.9814169e-14,-1.9814169e-14,3.2753748e-16,3.2753748e-16,6.1094792e-17,6.1094792e-17,-4.1408889e-05,-4.1408889e-05,-8.5914884e-07,-8.5914884e-07,-2.6794408e-19,-2.6794408e-19,-7.3027651e-07,-7.3027651e-07,-1.2887233e-07,-1.2887233e-07,0.00019100353,0.00019100353,-1.9796099e-14,-1.9796099e-14,0.22300199,0.22300199,-1.2490501e-12,-1.2490501e-12,0.12265109,0.12265109,-6.2505159e-13,-6.2505159e-13,1.8927534e-15,1.8927534e-15,0.00027605926,0.00027605926,4.5162532e-17,4.5162532e-17,-3.9950277e-15,-3.9950277e-15,-8.4359521e-14,-8.4359521e-14,8.4359521e-14,8.4359521e-14,9.0207051e-19,9.0207051e-19,1.4715029e-18,1.4715029e-18,-2.1601421e-10,-2.1601421e-10,-1.7917043e-17,-1.7917043e-17,-1.6881544e-17,-1.6881544e-17,1.4874554e-19,1.4874554e-19,2.7993174e-07,2.7993174e-07,4.8302351e-36,4.8302351e-36
2.1713491e-14,2.1713491e-14,-2.8688684e-17,-2.8688684e-17,2.1684803e-14,2.1684803e-14,1.9692273e-14,1.9692273e-14,-2.021218e-15,-2.021218e-15,-3.3976877e-05,-3.3976877e-05,-4.1280417e-05,-4.1280417e-05,-3.3775036e-05,-3.3775036e-05,-4.1280417e-05,-4.1280417e-05,-5.7593727e-18,-5.7593727e-18,5.0979807e-17,5.0979807e-17,0.00027520278,0.00027520278,-1.9794157e-14,-1.9794157e-14,3.2389397e-16,3.2389397e-16,1.6234867e-16,1.6234867e-16,-6.6524736e-18,-6.6524736e-18,-0.00023392236,-0.00023392236,-4.1280417e-05,-4.1280417e-05,-0.00023392236,-0.00023392236,-4.1280417e-05,-4.1280417e-05,-2.7623843e-16,-2.7623843e-16,9.1091331e-17,9.1091331e-17,-0.00027520278,-0.00027520278,-1.8262988e-16,-1.8262988e-16,-0.00027520257,-0.00027520257,-3.6902693e-16,-3.6902693e-16,0.00023392236,0.00023392236,4.1280417e-05,4.1280417e-05,0.00023392236,0.00023392236,4.1280417e-05,4.1280417e-05,0.00027520278,0.00027520278,-1.9814593e-14,-1.9814593e-14,3.2845905e-16,3.2845905e-16,6.0877952e-17,6.0877952e-17,-4.1280417e-05,-4.1280417e-05,-8.564833e-07,-8.564833e-07,-2.6710025e-19,-2.6710025e-19,-7.2801081e-07,-7.2801081e-07,-1.284725e-07,-1.284725e-07,0.00019041093,0.00019041093,-1.9796579e-14,-1.9796579e-14,0.22231011,0.22231011,-1.2490834e-12,-1.2490834e-12,0.12227056,0.12227056,-6.2506997e-13,-6.2506997e-13,1.8988994e-15,1.8988994e-15,0.00027520278,0.00027520278,4.5422912e-17,4.5422912e-17,-3.9952077e-15,-3.9952077e-15,-8.4486207e-14,-8.4486207e-14,8.4486207e-14,8.4486207e-14,8.9918093e-19,8.9918093e-19,1.4669375e-18,1.4669375e-18,-2.052135e-10,-2.052135e-10,-1.7861454e-17,-1.7861454e-17,-1.6829168e-17,-1.6829168e-17,1.4828405e-19,1.4828405e-19,2.7753185e-07,2.7753185e-07,4.7998283e-36,4.7998283e-36
2.1720134e-14,2.1720134e-14,-2.8660026e-17,-2.8660026e-17,2.1691474e-14,2.1691474e-14,1.96921e-14,1.96921e-14,-2.0280342e-15,-2.0280342e-15,-3.3870352e-05,-3.3870352e-05,-4.1152343e-05,-4.1152343e-05,-3.3670241e-05,-3.3670241e-05,-4.1152343e-05,-4.1152343e-05,-5.8021708e-18,-5.8021708e-18,5.0821641e-17,5.0821641e-17,0.00027434895,0.00027434895,-1.9794643e-14,-1.9794643e-14,3.2277902e-16,3.2277902e-16,1.6172128e-16,1.6172128e-16,-6.6318156e-18,-6.6318156e-18,-0.00023319661,-0.00023319661,-4.1152343e-05,-4.1152343e-05,-0.00023319661,-0.00023319661,-4.1152343e-05,-4.1152343e-05,-2.7718639e-16,-2.7718639e-16,9.1638063e-17,9.1638063e-17,-0.00027434895,-0.00027434895,-1.8303892e-16,-1.8303892e-16,-0.00027434876,-0.00027434876,-3.6885766e-16,-3.6885766e-16,0.00023319661,0.00023319661,4.1152343e-05,4.1152343e-05,0.00023319661,0.00023319661,4.1152343e-05,4.1152343e-05,0.00027434895,0.00027434895,-1.9815016e-14,-1.9815016e-14,3.2943483e-16,3.2943483e-16,6.0796637e-17,6.0796637e-17,-4.1152343e-05,-4.1152343e-05,-8.5382604e-07,-8.5382604e-07,-2.6625934e-19,-2.6625934e-19,-7.2575213e-07,-7.2575213e-07,-1.2807391e-07,-1.2807391e-07,0.00018982018,0.00018982018,-1.9797057e-14,-1.9797057e-14,0.22162039,0.22162039,-1.2491166e-12,-1.2491166e-12,0.12189121,0.12189121,-6.250883e-13,-6.250883e-13,1.9051177e-15,1.9051177e-15,0.00027434895,0.00027434895,4.5677888e-17,4.5677888e-17,-3.9953873e-15,-3.9953873e-15,-8.4612501e-14,-8.4612501e-14,8.4612501e-14,8.4612501e-14,8.963024e-19,8.963024e-19,1.4623862e-18,1.4623862e-18,-1.9495282e-10,-1.9495282e-10,-1.7806038e-17,-1.7806038e-17,-1.6776955e-17,-1.6776955e-17,1.47824e-19,1.47824e-19,2.7515348e-07,2.7515348e-07,4.7696228e-36,4.7696228e-36
2.1726635e-14,2.1726635e-14,-2.8502856e-17,-2.8502856e-17,2.1698133e-14,2.1698133e-14,1.9691927e-14,1.9691927e-14,-2.0347083e-15,-2.0347083e-15,-3.3764168e-05,-3.3764168e-05,-4.1024666e-05,-4.1024666e-05,-3.3565771e-05,-3.3565771e-05,-4.1024666e-05,-4.1024666e-05,-5.7409483e-18,-5.7409483e-18,5.0663965e-17,5.0663965e-17,0.00027349778,0.00027349778,-1.9795128e-14,-1.9795128e-14,3.2179048e-16,3.2179048e-16,1.612745e-16,1.612745e-16,-6.6112222e-18,-6.6112222e-18,-0.00023247311,-0.00023247311,-4.1024666e-05,-4.1024666e-05,-0.00023247311,-0.00023247311,-4.1024666e-05,-4.1024666e-05,-2.7813142e-16,-2.7813142e-16,9.2183104e-17,9.2183104e-17,-0.00027349778,-0.00027349778,-1.834467e-16,-1.834467e-16,-0.00027349759,-0.00027349759,-3.6868892e-16,-3.6868892e-16,0.00023247311,0.00023247311,4.1024666e-05,4.1024666e-05,0.00023247311,0.00023247311,4.1024666e-05,4.1024666e-05,0.00027349778,0.00027349778,-1.9815438e-14,-1.9815438e-14,3.3024798e-16,3.3024798e-16,6.0552691e-17,6.0552691e-17,-4.1024666e-05,-4.1024666e-05,-8.5117702e-07,-8.5117702e-07,-2.6542132e-19,-2.6542132e-19,-7.2350046e-07,-7.2350046e-07,-1.2767655e-07,-1.2767655e-07,0.00018923125,0.00018923125,-1.9797535e-14,-1.9797535e-14,0.2209328,0.2209328,-1.2491498e-12,-1.2491498e-12,0.12151304,0.12151304,-6.2510656e-13,-6.2510656e-13,1.9111958e-15,1.9111958e-15,0.00027349778,0.00027349778,4.5918826e-17,4.5918826e-17,-3.9955662e-15,-3.9955662e-15,-8.4738404e-14,-8.4738404e-14,8.4738404e-14,8.4738404e-14,8.9343485e-19,8.9343485e-19,1.4578491e-18,1.4578491e-18,-1.8520518e-10,-1.8520518e-10,-1.7750794e-17,-1.7750794e-17,-1.6724904e-17,-1.6724904e-17,1.4736537e-19,1.4736537e-19,2.7279644e-07,2.7279644e-07,4.739617e-36,4.739617e-36
2.1733176e-14,2.1733176e-14,-2.8398093e-17,-2.8398093e-17,2.1704778e-14,2.1704778e-14,1.9691755e-14,1.9691755e-14,-2.0414213e-15,-2.0414213e-15,-3.3658324e-05,-3.3658324e-05,-4.0897386e-05,-4.0897386e-05,-3.3461626e-05,-3.3461626e-05,-4.0897386e-05,-4.0897386e-05,-5.7388266e-18,-5.7388266e-18,5.0506778e-17,5.0506778e-17,0.00027264924,0.00027264924,-1.9795611e-14,-1.9795611e-14,3.2086655e-16,3.2086655e-16,1.6078392e-16,1.6078392e-16,-6.5906931e-18,-6.5906931e-18,-0.00023175185,-0.00023175185,-4.0897386e-05,-4.0897386e-05,-0.00023175185,-0.00023175185,-4.0897386e-05,-4.0897386e-05,-2.7907353e-16,-2.7907353e-16,9.2726459e-17,9.2726459e-17,-0.00027264924,-0.00027264924,-1.8385322e-16,-1.8385322e-16,-0.00027264906,-0.00027264906,-3.6852071e-16,-3.6852071e-16,0.00023175185,0.00023175185,4.0897386e-05,4.0897386e-05,0.00023175185,0.00023175185,4.0897386e-05,4.0897386e-05,0.00027264924,0.00027264924,-1.9815858e-14,-1.9815858e-14,3.3122376e-16,3.3122376e-16,6.0362956e-17,6.0362956e-17,-4.0897386e-05,-4.0897386e-05,-8.4853622e-07,-8.4853622e-07,-2.6458619e-19,-2.6458619e-19,-7.2125578e-07,-7.2125578e-07,-1.2728043e-07,-1.2728043e-07,0.00018864415,0.00018864415,-1.979801e-14,-1.979801e-14,0.22024735,0.22024735,-1.2491828e-12,-1.2491828e-12,0.12113604,0.12113604,-6.2512477e-13,-6.2512477e-13,1.9173146e-15,1.9173146e-15,0.00027264924,0.00027264924,4.6171069e-17,4.6171069e-17,-3.9957446e-15,-3.9957446e-15,-8.4863916e-14,-8.4863916e-14,8.4863916e-14,8.4863916e-14,8.9057818e-19,8.9057818e-19,1.4533261e-18,1.4533261e-18,-1.7594492e-10,-1.7594492e-10,-1.7695722e-17,-1.7695722e-17,-1.6673015e-17,-1.6673015e-17,1.4690816e-19,1.4690816e-19,2.7046052e-07,2.7046052e-07,4.7098093e-36,4.7098093e-36
2.1739714e-14,2.1739714e-14,-2.8357467e-17,-2.8357467e-17,2.1711356e-14,2.1711356e-14,1.9691583e-14,1.9691583e-14,-2.0481307e-15,-2.0481307e-15,-3.3552819e-05,-3.3552819e-05,-4.07705e-05,-4.07705e-05,-3.3357804e-05,-3.3357804e-05,-4.07705e-05,-4.07705e-05,-5.7149799e-18,-5.7149799e-18,5.0350079e-17,5.0350079e-17,0.00027180334,0.00027180334,-1.9796093e-14,-1.9796093e-14,3.1976572e-16,3.1976572e-16,1.6022485e-16,1.6022485e-16,-6.570228e-18,-6.570228e-18,-0.00023103284,-0.00023103284,-4.07705e-05,-4.07705e-05,-0.00023103284,-0.00023103284,-4.07705e-05,-4.07705e-05,-2.8001273e-16,-2.8001273e-16,9.3268133e-17,9.3268133e-17,-0.00027180334,-0.00027180334,-1.8425848e-16,-1.8425848e-16,-0.00027180317,-0.00027180317,-3.6835303e-16,-3.6835303e-16,0.00023103284,0.00023103284,4.07705e-05,4.07705e-05,0.00023103284,0.00023103284,4.07705e-05,4.07705e-05,0.00027180334,0.00027180334,-1.9816277e-14,-1.9816277e-14,3.3225376e-16,3.3225376e-16,6.0146116e-17,6.0146116e-17,-4.07705e-05,-4.07705e-05,-8.4590361e-07,-8.4590361e-07,-2.6375392e-19,-2.6375392e-19,-7.1901807e-07,-7.1901807e-07,-1.2688554e-07,-1.2688554e-07,0.00018805888,0.00018805888,-1.9798484e-14,-1.9798484e-14,0.21956403,0.21956403,-1.2492157e-12,-1.2492157e-12,0.12076021,0.12076021,-6.2514292e-13,-6.2514292e-13,1.9234316e-15,1.9234316e-15,0.00027180334,0.00027180334,4.6422058e-17,4.6422058e-17,-3.9959225e-15,-3.9959225e-15,-8.498904e-14,-8.498904e-14,8.498904e-14,8.498904e-14,8.8773233e-19,8.8773233e-19,1.4488171e-18,1.4488171e-18,-1.6714767e-10,-1.6714767e-10,-1.764082e-17,-1.764082e-17,-1.6621286e-17,-1.6621286e-17,1.4645237e-19,1.4645237e-19,2.6814553e-07,2.6814553e-07,4.6801981e-36,4.6801981e-36
2.1746216e-14,2.1746216e-14,-2.8294579e-17,-2.8294579e-17,2.1717921e-14,2.1717921e-14,1.9691412e-14,1.9691412e-14,-2.0548044e-15,-2.0548044e-15,-3.3447651e-05,-3.3447651e-05,-4.0644009e-05,-4.0644009e-05,-3.3254304e-05,-3.3254304e-05,-4.0644009e-05,-4.0644009e-05,-5.7241062e-18,-5.7241062e-18,5.0193866e-17,5.0193866e-17,0.00027096006,0.00027096006,-1.9796573e-14,-1.9796573e-14,3.1879764e-16,3.1879764e-16,1.5974433e-16,1.5974433e-16,-6.5498269e-18,-6.5498269e-18,-0.00023031605,-0.00023031605,-4.0644009e-05,-4.0644009e-05,-0.00023031605,-0.00023031605,-4.0644009e-05,-4.0644009e-05,-2.8094903e-16,-2.8094903e-16,9.3808132e-17,9.3808132e-17,-0.00027096006,-0.00027096006,-1.846625e-16,-1.846625e-16,-0.0002709599,-0.0002709599,-3.6818588e-16,-3.6818588e-16,0.00023031605,0.00023031605,4.0644009e-05,4.0644009e-05,0.00023031605,0.00023031605,4.0644009e-05,4.0644009e-05,0.00027096006,0.00027096006,-1.9816694e-14,-1.9816694e-14,3.3312112e-16,3.3312112e-16,6.00648e-17,6.00648e-17,-4.0644009e-05,-4.0644009e-05,-8.4327916e-07,-8.4327916e-07,-2.629245e-19,-2.629245e-19,-7.1678729e-07,-7.1678729e-07,-1.2649187e-07,-1.2649187e-07,0.00018747542,0.00018747542,-1.9798957e-14,-1.9798957e-14,0.21888282,0.21888282,-1.2492485e-12,-1.2492485e-12,0.12038555,0.12038555,-6.2516102e-13,-6.2516102e-13,1.9295148e-15,1.9295148e-15,0.00027096006,0.00027096006,4.6674842e-17,4.6674842e-17,-3.9960998e-15,-3.9960998e-15,-8.5113775e-14,-8.5113775e-14,8.5113775e-14,8.5113775e-14,8.8489722e-19,8.8489722e-19,1.4443221e-18,1.4443221e-18,-1.5879028e-10,-1.5879028e-10,-1.7586089e-17,-1.7586089e-17,-1.6569718e-17,-1.6569718e-17,1.45998e-19,1.45998e-19,2.6585128e-07,2.6585128e-07,4.650782e-36,4.650782e-36
2.1752579e-14,2.1752579e-14,-2.8159473e-17,-2.8159473e-17,2.172442e-14,2.172442e-14,1.9691241e-14,1.9691241e-14,-2.0613382e-15,-2.0613382e-15,-3.3342819e-05,-3.3342819e-05,-4.0517909e-05,-4.0517909e-05,-3.3151126e-05,-3.3151126e-05,-4.0517909e-05,-4.0517909e-05,-5.6311667e-18,-5.6311667e-18,5.0038138e-17,5.0038138e-17,0.00027011939,0.00027011939,-1.9797052e-14,-1.9797052e-14,3.1789951e-16,3.1789951e-16,1.5927955e-16,1.5927955e-16,-6.5294895e-18,-6.5294895e-18,-0.00022960148,-0.00022960148,-4.0517909e-05,-4.0517909e-05,-0.00022960148,-0.00022960148,-4.0517909e-05,-4.0517909e-05,-2.8188244e-16,-2.8188244e-16,9.434646e-17,9.434646e-17,-0.00027011939,-0.00027011939,-1.8506526e-16,-1.8506526e-16,-0.00027011924,-0.00027011924,-3.6801925e-16,-3.6801925e-16,0.00022960148,0.00022960148,4.0517909e-05,4.0517909e-05,0.00022960148,0.00022960148,4.0517909e-05,4.0517909e-05,0.00027011939,0.00027011939,-1.981711e-14,-1.981711e-14,3.3404269e-16,3.3404269e-16,5.9766645e-17,5.9766645e-17,-4.0517909e-05,-4.0517909e-05,-8.4066287e-07,-8.4066287e-07,-2.6209792e-19,-2.6209792e-19,-7.1456344e-07,-7.1456344e-07,-1.2609943e-07,-1.2609943e-07,0.00018689377,0.00018689377,-1.9799428e-14,-1.9799428e-14,0.21820373,0.21820373,-1.2492812e-12,-1.2492812e-12,0.12001205,0.12001205,-6.2517905e-13,-6.2517905e-13,1.9354599e-15,1.9354599e-15,0.00027011939,0.00027011939,4.6900458e-17,4.6900458e-17,-3.9962765e-15,-3.9962765e-15,-8.5238124e-14,-8.5238124e-14,8.5238124e-14,8.5238124e-14,8.8207276e-19,8.8207276e-19,1.439841e-18,1.439841e-18,-1.5085076e-10,-1.5085076e-10,-1.7531527e-17,-1.7531527e-17,-1.651831e-17,-1.651831e-17,1.4554504e-19,1.4554504e-19,2.6357757e-07,2.6357757e-07,4.6215593e-36,4.6215593e-36
2.1759038e-14,2.1759038e-14,-2.8078852e-17,-2.8078852e-17,2.1730959e-14,2.1730959e-14,1.9691071e-14,1.9691071e-14,-2.0679673e-15,-2.0679673e-15,-3.3238323e-05,-3.3238323e-05,-4.0392201e-05,-4.0392201e-05,-3.3048269e-05,-3.3048269e-05,-4.0392201e-05,-4.0392201e-05,-5.6534865e-18,-5.6534865e-18,4.9882893e-17,4.9882893e-17,0.00026928134,0.00026928134,-1.9797529e-14,-1.9797529e-14,3.1684691e-16,3.1684691e-16,1.5876872e-16,1.5876872e-16,-6.5092156e-18,-6.5092156e-18,-0.00022888914,-0.00022888914,-4.0392201e-05,-4.0392201e-05,-0.00022888914,-0.00022888914,-4.0392201e-05,-4.0392201e-05,-2.8281296e-16,-2.8281296e-16,9.4883122e-17,9.4883122e-17,-0.00026928134,-0.00026928134,-1.8546679e-16,-1.8546679e-16,-0.0002692812,-0.0002692812,-3.6785315e-16,-3.6785315e-16,0.00022888914,0.00022888914,4.0392201e-05,4.0392201e-05,0.00022888914,0.00022888914,4.0392201e-05,4.0392201e-05,0.00026928134,0.00026928134,-1.9817525e-14,-1.9817525e-14,3.3491005e-16,3.3491005e-16,5.9604014e-17,5.9604014e-17,-4.0392201e-05,-4.0392201e-05,-8.3805468e-07,-8.3805468e-07,-2.6127416e-19,-2.6127416e-19,-7.1234648e-07,-7.1234648e-07,-1.257082e-07,-1.257082e-07,0.00018631393,0.00018631393,-1.9799898e-14,-1.9799898e-14,0.21752674,0.21752674,-1.2493137e-12,-1.2493137e-12,0.11963971,0.11963971,-6.2519704e-13,-6.2519704e-13,1.9415564e-15,1.9415564e-15,0.00026928134,0.00026928134,4.7151355e-17,4.7151355e-17,-3.9964527e-15,-3.9964527e-15,-8.5362088e-14,-8.5362088e-14,8.5362088e-14,8.5362088e-14,8.7925888e-19,8.7925888e-19,1.4353739e-18,1.4353739e-18,-1.4330822e-10,-1.4330822e-10,-1.7477135e-17,-1.7477135e-17,-1.6467061e-17,-1.6467061e-17,1.4509348e-19,1.4509348e-19,2.6132422e-07,2.6132422e-07,4.5925285e-36,4.5925285e-36
2.1765554e-14,2.1765554e-14,-2.8013963e-17,-2.8013963e-17,2.173754e-14,2.173754e-14,1.9690901e-14,1.9690901e-14,-2.0746531e-15,-2.0746531e-15,-3.313416e-05,-3.313416e-05,-4.0266883e-05,-4.0266883e-05,-3.294573e-05,-3.294573e-05,-4.0266883e-05,-4.0266883e-05,-5.6560239e-18,-5.6560239e-18,4.9728129e-17,4.9728129e-17,0.00026844588,0.00026844588,-1.9798005e-14,-1.9798005e-14,3.1582399e-16,3.1582399e-16,1.5823336e-16,1.5823336e-16,-6.4890049e-18,-6.4890049e-18,-0.000228179,-0.000228179,-4.0266883e-05,-4.0266883e-05,-0.000228179,-0.000228179,-4.0266883e-05,-4.0266883e-05,-2.837406e-16,-2.837406e-16,9.5418124e-17,9.5418124e-17,-0.00026844588,-0.00026844588,-1.8586707e-16,-1.8586707e-16,-0.00026844575,-0.00026844575,-3.6768757e-16,-3.6768757e-16,0.000228179,0.000228179,4.0266883e-05,4.0266883e-05,0.000228179,0.000228179,4.0266883e-05,4.0266883e-05,0.00026844588,0.00026844588,-1.9817939e-14,-1.9817939e-14,3.3594004e-16,3.3594004e-16,5.9441384e-17,5.9441384e-17,-4.0266883e-05,-4.0266883e-05,-8.3545459e-07,-8.3545459e-07,-2.6045321e-19,-2.6045321e-19,-7.101364e-07,-7.101364e-07,-1.2531819e-07,-1.2531819e-07,0.00018573588,0.00018573588,-1.9800366e-14,-1.9800366e-14,0.21685186,0.21685186,-1.2493462e-12,-1.2493462e-12,0.11926852,0.11926852,-6.2521496e-13,-6.2521496e-13,1.9476029e-15,1.9476029e-15,0.00026844588,0.00026844588,4.740623e-17,4.740623e-17,-3.9966283e-15,-3.9966283e-15,-8.5485668e-14,-8.5485668e-14,8.5485668e-14,8.5485668e-14,8.764555e-19,8.764555e-19,1.4309206e-18,1.4309206e-18,-1.3614281e-10,-1.3614281e-10,-1.7422912e-17,-1.7422912e-17,-1.6415972e-17,-1.6415972e-17,1.4464332e-19,1.4464332e-19,2.5909103e-07,2.5909103e-07,4.5636883e-36,4.5636883e-36
2.1771901e-14,2.1771901e-14,-2.7928877e-17,-2.7928877e-17,2.1743972e-14,2.1743972e-14,1.9690732e-14,1.9690732e-14,-2.0811698e-15,-2.0811698e-15,-3.3030331e-05,-3.3030331e-05,-4.0141953e-05,-4.0141953e-05,-3.284351e-05,-3.284351e-05,-4.0141953e-05,-4.0141953e-05,-5.6392607e-18,-5.6392607e-18,4.9573846e-17,4.9573846e-17,0.00026761302,0.00026761302,-1.9798479e-14,-1.9798479e-14,3.1493159e-16,3.1493159e-16,1.5782852e-16,1.5782852e-16,-6.4688573e-18,-6.4688573e-18,-0.00022747107,-0.00022747107,-4.0141953e-05,-4.0141953e-05,-0.00022747107,-0.00022747107,-4.0141953e-05,-4.0141953e-05,-2.8466538e-16,-2.8466538e-16,9.5951471e-17,9.5951471e-17,-0.00026761302,-0.00026761302,-1.8626612e-16,-1.8626612e-16,-0.00026761289,-0.00026761289,-3.6752251e-16,-3.6752251e-16,0.00022747107,0.00022747107,4.0141953e-05,4.0141953e-05,0.00022747107,0.00022747107,4.0141953e-05,4.0141953e-05,0.00026761302,0.00026761302,-1.9818351e-14,-1.9818351e-14,3.368074e-16,3.368074e-16,5.9251649e-17,5.9251649e-17,-4.0141953e-05,-4.0141953e-05,-8.3286257e-07,-8.3286257e-07,-2.5963504e-19,-2.5963504e-19,-7.0793318e-07,-7.0793318e-07,-1.2492939e-07,-1.2492939e-07,0.00018515963,0.00018515963,-1.9800833e-14,-1.9800833e-14,0.21617907,0.21617907,-1.2493786e-12,-1.2493786e-12,0.11889849,0.11889849,-6.2523283e-13,-6.2523283e-13,1.9535364e-15,1.9535364e-15,0.00026761302,0.00026761302,4.7642991e-17,4.7642991e-17,-3.9968034e-15,-3.9968034e-15,-8.5608864e-14,-8.5608864e-14,8.5608864e-14,8.5608864e-14,8.7366256e-19,8.7366256e-19,1.4264811e-18,1.4264811e-18,-1.2933567e-10,-1.2933567e-10,-1.7368856e-17,-1.7368856e-17,-1.6365041e-17,-1.6365041e-17,1.4419456e-19,1.4419456e-19,2.5687782e-07,2.5687782e-07,4.5350371e-36,4.5350371e-36
