e_slash_star_pie,e_slash_star_lin,lambda_H_pie,lambda_H_lin,lambda_H_slash_star_pie,lambda_H_slash_star_lin,lambda_F_slash_star_pie,lambda_F_slash_star_lin,lambda_F_pie,lambda_F_lin,utility_H_with_delta_pie,utility_H_with_delta_lin,utility_F_with_delta_pie,utility_F_with_delta_lin,utility_H_without_delta_pie,utility_H_without_delta_lin,utility_F_without_delta_pie,utility_F_without_delta_lin,gamma_H_pie,gamma_H_lin,chi_H_pie,chi_H_lin,p_H_pie,p_H_lin,p_F_star_pie,p_F_star_lin,i_H_notional_pie,i_H_notional_lin,i_H_pie,i_H_lin,i_F_pie,i_F_lin,c_H_W_pie,c_H_W_lin,c_F_W_pie,c_F_W_lin,c_H_H_pie,c_H_H_lin,c_F_H_pie,c_F_H_lin,c_H_F_pie,c_H_F_lin,c_F_F_pie,c_F_F_lin,y_H_pie,y_H_lin,y_F_pie,y_F_lin,l_H_pie,l_H_lin,l_F_pie,l_F_lin,p_H_W_pie,p_H_W_lin,p_F_W_star_pie,p_F_W_star_lin,p_H_W_bar_pie,p_H_W_bar_lin,p_F_W_star_bar_pie,p_F_W_star_bar_lin,p_H_bar_pie,p_H_bar_lin,p_F_star_bar_pie,p_F_star_bar_lin,p_H_bar_y_H_pie,p_H_bar_y_H_lin,p_H_W_c_H_W_pie,p_H_W_c_H_W_lin,p_H_W_slash_p_H_pie,p_H_W_slash_p_H_lin,pi_H_pie,pi_H_lin,pi_F_star_pie,pi_F_star_lin,pi_H_W_pie,pi_H_W_lin,pi_F_W_star_pie,pi_F_W_star_lin,p_H_tilde_pie,p_H_tilde_lin,p_F_star_tilde_pie,p_F_star_tilde_lin,v_H_pie,v_H_lin,v_F_pie,v_F_lin,w_H_pie,w_H_lin,w_F_pie,w_F_lin,p_F_bar_pie,p_F_bar_lin,p_H_star_bar_pie,p_H_star_bar_lin,t_H_pie,t_H_lin,t_F_pie,t_F_lin,b_H_pie,b_H_lin,b_F_star_pie,b_F_star_lin,beta_H_pie,beta_H_lin,beta_F_pie,beta_F_lin,a_H_pie,a_H_lin,a_F_pie,a_F_lin,tau_H_pie,tau_H_lin,tau_F_pie,tau_F_lin,Delta_H_pie,Delta_H_lin,Delta_F_pie,Delta_F_lin
0.0042217874,0.0042217874,0.66386291,0.66386291,0.6680847,0.6680847,-0.045560632,-0.045560632,-0.049782419,-0.049782419,-0.25913396,-0.25913396,0.091194447,0.091194447,-0.25910441,-0.25910441,0.091280239,0.091280239,1.9094254e-17,1.9094254e-17,1.0512945e-17,1.0512945e-17,-0.00027316864,-0.00027316864,-0.00267382,-0.00267382,9.0357407e-05,9.0357407e-05,9.0357407e-05,9.0357407e-05,-0.00401073,-0.00401073,-0.66386291,-0.66386291,0.048507622,0.048507622,-0.56405128,-0.56405128,0.0075083382,0.0075083382,-0.099811632,-0.099811632,0.040999284,0.040999284,-0.55654294,-0.55654294,-0.058812347,-0.058812347,-0.55654294,-0.55654294,-0.058812347,-0.058812347,1.7717138e-09,1.7717138e-09,-0.0029469904,-0.0029469904,1.771714e-09,1.771714e-09,-0.0029469904,-0.0029469904,-0.00027316864,-0.00027316864,-0.00267382,-0.00267382,-0.55681611,-0.55681611,-0.66386291,-0.66386291,0.00027317041,0.00027317041,-0.00027316864,-0.00027316864,-0.00267382,-0.00267382,1.771714e-09,1.771714e-09,-0.0029469904,-0.0029469904,-0.027316864,-0.027316864,-0.01069528,-0.01069528,11.284834,11.284834,-0.93384058,-0.93384058,29.954581,29.954581,-0.62259533,-0.62259533,0.0015479674,0.0015479674,-0.0044949561,-0.0044949561,-0.11136322,-0.11136322,-0.012297233,-0.012297233,0.1070468,0.1070468,-0.10659677,-0.10659677,0.0199,0.0199,1.0248645e-18,1.0248645e-18,-8.5712069e-17,-8.5712069e-17,-1.4351331e-17,-1.4351331e-17,0,0,0,0,4.0631192e-05,4.0631192e-05,0.00011796367,0.00011796367
0.0083023694,0.0083023694,0.643773,0.643773,0.65207537,0.65207537,-0.041569956,-0.041569956,-0.049872325,-0.049872325,-0.25168781,-0.25168781,0.088835377,0.088835377,-0.25163196,-0.25163196,0.088981611,0.088981611,1.7742946e-09,1.7742946e-09,3.0485639e-17,3.0485639e-17,-0.00053227846,-0.00053227846,-0.0052861421,-0.0052861421,4.4517265e-05,4.4517265e-05,4.4519922e-05,4.4519922e-05,-0.0039184832,-0.0039184832,-0.643773,-0.643773,0.047388374,0.047388374,-0.54675462,-0.54675462,0.0075606905,0.0075606905,-0.097018385,-0.097018385,0.039827683,0.039827683,-0.53919393,-0.53919393,-0.057190702,-0.057190702,-0.53919393,-0.53919393,-0.057190702,-0.057190702,-2.6061736e-09,-2.6061736e-09,-0.005818418,-0.005818418,-2.6027479e-09,-2.6027479e-09,-0.005818418,-0.005818418,-0.00053227846,-0.00053227846,-0.0052861421,-0.0052861421,-0.5397262,-0.5397262,-0.643773,-0.643773,0.00053227586,0.00053227586,-0.00025910982,-0.00025910982,-0.0026123221,-0.0026123221,-4.3744619e-09,-4.3744619e-09,-0.0028714276,-0.0028714276,-0.026184151,-0.026184151,-0.013123109,-0.013123109,11.309402,11.309402,-1.079416,-1.079416,29.254246,29.254246,-0.69087749,-0.69087749,0.0030162273,0.0030162273,-0.0088346478,-0.0088346478,-0.10794524,-0.10794524,-0.012495369,-0.012495369,0.21163152,0.21163152,-0.20988895,-0.20988895,0.0194423,0.0194423,-2.2100977e-16,-2.2100977e-16,-1.2037611e-16,-1.2037611e-16,-2.8587643e-16,-2.8587643e-16,7.0530387e-16,7.0530387e-16,-1.4813858e-15,-1.4813858e-15,7.6781467e-05,7.6781467e-05,0.0002010725,0.0002010725
0.01224556,0.01224556,0.6241887,0.6241887,0.63643426,0.63643426,-0.037671065,-0.037671065,-0.049916625,-0.049916625,-0.24441681,-0.24441681,0.086540324,0.086540324,-0.24433767,-0.24433767,0.086728167,0.086728167,-8.2936539e-10,-8.2936539e-10,4.8277091e-17,4.8277091e-17,-0.00077773561,-0.00077773561,-0.0078383808,-0.0078383808,9.1610731e-08,9.1610731e-08,9.4126751e-08,9.4126751e-08,-0.0038283581,-0.0038283581,-0.62418871,-0.62418871,0.046287183,0.046287183,-0.52989932,-0.52989932,0.0076041541,0.0076041541,-0.094289382,-0.094289382,0.038683029,0.038683029,-0.52229517,-0.52229517,-0.055606354,-0.055606354,-0.52229517,-0.52229517,-0.055606354,-0.055606354,1.6279537e-09,1.6279537e-09,-0.0086161181,-0.0086161181,1.6311991e-09,1.6311991e-09,-0.0086161181,-0.0086161181,-0.00077773561,-0.00077773561,-0.0078383808,-0.0078383808,-0.5230729,-0.5230729,-0.6241887,-0.6241887,0.00077773724,0.00077773724,-0.00024545715,-0.00024545715,-0.0025522387,-0.0025522387,4.233947e-09,4.233947e-09,-0.0027977001,-0.0027977001,-0.025077993,-0.025077993,-0.015495097,-0.015495097,11.335312,11.335312,-1.2216433,-1.2216433,28.572438,28.572438,-0.75758916,-0.75758916,0.0044071793,0.0044071793,-0.013023296,-0.013023296,-0.10461458,-0.10461458,-0.012688947,-0.012688947,0.3138108,0.3138108,-0.3100145,-0.3100145,0.018995127,0.018995127,-4.1514656e-16,-4.1514656e-16,-1.5304365e-16,-1.5304365e-16,-5.3559369e-16,-5.3559369e-16,1.3238123e-15,1.3238123e-15,-2.8002125e-15,-2.8002125e-15,0.00010881935,0.00010881935,0.00025828409,0.00025828409
0.016054873,0.016054873,0.60509803,0.60509803,0.6211529,0.6211529,-0.033861849,-0.033861849,-0.049916721,-0.049916721,-0.23731709,-0.23731709,0.084303439,0.084303439,-0.23721739,-0.23721739,0.084518933,0.084518933,8.010365e-10,8.010365e-10,6.4109642e-17,6.4109642e-17,-0.001009936,-0.001009936,-0.010331918,-0.010331918,-4.2743428e-05,-4.2743428e-05,-4.274105e-05,-4.274105e-05,-0.0037403058,-0.0037403058,-0.60509803,-0.60509803,0.0452037,0.0452037,-0.51347488,-0.51347488,0.0076389986,0.0076389986,-0.091623147,-0.091623147,0.037564702,0.037564702,-0.50583588,-0.50583588,-0.054058446,-0.054058446,-0.50583588,-0.50583588,-0.054058446,-0.054058446,-2.4088128e-09,-2.4088128e-09,-0.011341852,-0.011341852,-2.4057435e-09,-2.4057435e-09,-0.011341852,-0.011341852,-0.001009936,-0.001009936,-0.010331918,-0.010331918,-0.50684582,-0.50684582,-0.60509803,-0.60509803,0.0010099336,0.0010099336,-0.00023220038,-0.00023220038,-0.0024935372,-0.0024935372,-4.0369426e-09,-4.0369426e-09,-0.0027257336,-0.0027257336,-0.023997774,-0.023997774,-0.01781253,-0.01781253,11.362512,11.362512,-1.3605993,-1.3605993,27.908705,27.908705,-0.82276647,-0.82276647,0.0057229545,0.0057229545,-0.017064809,-0.017064809,-0.10136916,-0.10136916,-0.012878073,-0.012878073,0.41363995,0.41363995,-0.40710395,-0.40710395,0.018558239,0.018558239,-5.8432173e-16,-5.8432173e-16,-1.8382811e-16,-1.8382811e-16,-7.6480354e-16,-7.6480354e-16,1.8646389e-15,1.8646389e-15,-3.9732033e-15,-3.9732033e-15,0.00013708897,0.00013708897,0.00029630558,0.00029630558
0.019733952,0.019733952,0.58648906,0.58648906,0.60622301,0.60622301,-0.030140244,-0.030140244,-0.049874196,-0.049874196,-0.23038477,-0.23038477,0.082120148,0.082120148,-0.23026702,-0.23026702,0.08235299,0.08235299,-1.6053916e-09,-1.6053916e-09,7.8183303e-17,7.8183303e-17,-0.0012292655,-0.0012292655,-0.012768104,-0.012768104,-8.4239781e-05,-8.4239781e-05,-8.4237538e-05,-8.4237538e-05,-0.0036542788,-0.0036542788,-0.58648906,-0.58648906,0.044137615,0.044137615,-0.49747082,-0.49747082,0.0076655193,0.0076655193,-0.089018236,-0.089018236,0.036472096,0.036472096,-0.4898053,-0.4898053,-0.05254614,-0.05254614,-0.4898053,-0.4898053,-0.05254614,-0.05254614,1.4960224e-09,1.4960224e-09,-0.013997371,-0.013997371,1.4989196e-09,1.4989196e-09,-0.013997371,-0.013997371,-0.0012292655,-0.0012292655,-0.012768104,-0.012768104,-0.49103457,-0.49103457,-0.58648906,-0.58648906,0.001229267,0.001229267,-0.00021932955,-0.00021932955,-0.0024361859,-0.0024361859,3.9046631e-09,3.9046631e-09,-0.0026555193,-0.0026555193,-0.022942891,-0.022942891,-0.020076662,-0.020076662,11.390952,11.390952,-1.4963593,-1.4963593,27.262606,27.262606,-0.8864447,-0.8864447,0.006965848,0.006965848,-0.020963218,-0.020963218,-0.098206914,-0.098206914,-0.013062849,-0.013062849,0.51117303,0.51117303,-0.50128078,-0.50128078,0.0181314,0.0181314,-7.3117433e-16,-7.3117433e-16,-2.1283683e-16,-2.1283683e-16,-9.7473635e-16,-9.7473635e-16,2.3359756e-15,2.3359756e-15,-5.0153971e-15,-5.0153971e-15,0.0001619115,0.0001619115,0.00032015671,0.00032015671
0.023286145,0.023286145,0.56835036,0.56835036,0.5916365,0.5916365,-0.026504237,-0.026504237,-0.049790382,-0.049790382,-0.22361613,-0.22361613,0.079986792,0.079986792,-0.22348261,-0.22348261,0.080229405,0.080229405,-1.0704637e-10,-1.0704637e-10,9.0677988e-17,9.0677988e-17,-0.0014361005,-0.0014361005,-0.015148258,-0.015148258,-0.00012423102,-0.00012423102,-0.00012422891,-0.00012422891,-0.0035702304,-0.0035702304,-0.56835036,-0.56835036,0.043088593,0.043088593,-0.48187712,-0.48187712,0.0076839724,0.0076839724,-0.086473237,-0.086473237,0.03540462,0.03540462,-0.47419315,-0.47419315,-0.051068617,-0.051068617,-0.47419315,-0.47419315,-0.051068617,-0.051068617,-2.2260489e-09,-2.2260489e-09,-0.016584356,-0.016584356,-2.2233198e-09,-2.2233198e-09,-0.016584356,-0.016584356,-0.0014361005,-0.0014361005,-0.015148258,-0.015148258,-0.47562925,-0.47562925,-0.56835036,-0.56835036,0.0014360982,0.0014360982,-0.00020683492,-0.00020683492,-0.0023801536,-0.0023801536,-3.7222395e-09,-3.7222395e-09,-0.0025869848,-0.0025869848,-0.021912757,-0.021912757,-0.022288718,-0.022288718,11.420585,11.420585,-1.6289969,-1.6289969,26.633711,26.633711,-0.94865833,-0.94865833,0.0081378878,0.0081378878,-0.024722246,-0.024722246,-0.095125849,-0.095125849,-0.013243375,-0.013243375,0.60646285,0.60646285,-0.59266203,-0.59266203,0.017714377,0.017714377,-8.5807607e-16,-8.5807607e-16,-2.4017141e-16,-2.4017141e-16,-1.166556e-15,-1.166556e-15,2.7451846e-15,2.7451846e-15,-5.940317e-15,-5.940317e-15,0.00018358647,0.00018358647,0.0003335922,0.0003335922
0.026714919,0.026714919,0.55067057,0.55067057,0.57738549,0.57738549,-0.022951858,-0.022951858,-0.049666777,-0.049666777,-0.21700747,-0.21700747,0.077900449,0.077900449,-0.21686027,-0.21686027,0.078147299,0.078147299,-2.3308326e-09,-2.3308326e-09,1.0175553e-16,1.0175553e-16,-0.0016308074,-0.0016308074,-0.017473668,-0.017473668,-0.00016295063,-0.00016295063,-0.00016294865,-0.00016294865,-0.0034881151,-0.0034881151,-0.55067057,-0.55067057,0.042056334,0.042056334,-0.4666838,-0.4666838,0.0076946376,0.0076946376,-0.083986773,-0.083986773,0.034361696,0.034361696,-0.45898916,-0.45898916,-0.049625077,-0.049625077,-0.45898916,-0.45898916,-0.049625077,-0.049625077,1.3751107e-09,1.3751107e-09,-0.019104476,-0.019104476,1.3776755e-09,1.3776755e-09,-0.019104476,-0.019104476,-0.0016308074,-0.0016308074,-0.017473668,-0.017473668,-0.46061997,-0.46061997,-0.55067057,-0.55067057,0.0016308088,0.0016308088,-0.00019470698,-0.00019470698,-0.0023254101,-0.0023254101,3.6009953e-09,3.6009953e-09,-0.0025201206,-0.0025201206,-0.020906798,-0.020906798,-0.024449898,-0.024449898,11.451362,11.451362,-1.7585837,-1.7585837,26.021599,26.021599,-1.009441,-1.009441,0.0092412513,0.0092412513,-0.028345726,-0.028345726,-0.092123993,-0.092123993,-0.013419749,-0.013419749,0.699561,0.699561,-0.68135856,-0.68135856,0.017306947,0.017306947,-9.6715811e-16,-9.6715811e-16,-2.65928e-16,-2.65928e-16,-1.3413634e-15,-1.3413634e-15,3.0988816e-15,3.0988816e-15,-6.7601222e-15,-6.7601222e-15,0.00020239303,0.00020239303,0.00033941843,0.00033941843
0.030023461,0.030023461,0.53343878,0.53343878,0.56346225,0.56346225,-0.019481183,-0.019481183,-0.049504645,-0.049504645,-0.21055519,-0.21055519,0.075858705,0.075858705,-0.21039622,-0.21039622,0.076105782,0.076105782,-9.535176e-10,-9.535176e-10,1.1156148e-16,1.1156148e-16,-0.0018137439,-0.0018137439,-0.019745593,-0.019745593,-0.00020024627,-0.00020024627,-0.00020024441,-0.00020024441,-0.0034078885,-0.0034078885,-0.53343878,-0.53343878,0.041040518,0.041040518,-0.45188128,-0.45188128,0.0076977583,0.0076977583,-0.081557498,-0.081557498,0.03334276,0.03334276,-0.44418353,-0.44418353,-0.048214738,-0.048214738,-0.44418353,-0.44418353,-0.048214738,-0.048214738,-2.0567914e-09,-2.0567914e-09,-0.021559335,-0.021559335,-2.0543871e-09,-2.0543871e-09,-0.021559335,-0.021559335,-0.0018137439,-0.0018137439,-0.019745593,-0.019745593,-0.44599727,-0.44599727,-0.53343878,-0.53343878,0.0018137418,0.0018137418,-0.00018293644,-0.00018293644,-0.0022719256,-0.0022719256,-3.4320626e-09,-3.4320626e-09,-0.0024548586,-0.0024548586,-0.019924452,-0.019924452,-0.02656137,-0.02656137,11.483238,11.483238,-1.8851901,-1.8851901,25.425858,25.425858,-1.0688258,-1.0688258,0.010277868,0.010277868,-0.031837205,-0.031837205,-0.089199454,-0.089199454,-0.013592066,-0.013592066,0.7905179,0.7905179,-0.76747562,-0.76747562,0.016908887,0.016908887,-1.0603352e-15,-1.0603352e-15,-2.9019757e-16,-2.9019757e-16,-1.5001997e-15,-1.5001997e-15,3.403011e-15,3.403011e-15,-7.4857445e-15,-7.4857445e-15,0.0002185912,0.0002185912,0.00033973098,0.00033973098
0.033215069,0.033215069,0.51664417,0.51664417,0.54985924,0.54985924,-0.016090334,-0.016090334,-0.049305403,-0.049305403,-0.20425577,-0.20425577,0.073859581,0.073859581,-0.20408673,-0.20408673,0.074104012,0.074104012,-3.0081616e-09,-3.0081616e-09,1.2022676e-16,1.2022676e-16,-0.0019852581,-0.0019852581,-0.021965265,-0.021965265,-0.00023633433,-0.00023633433,-0.0002363326,-0.0002363326,-0.003329507,-0.003329507,-0.51664417,-0.51664417,0.040040858,0.040040858,-0.43746007,-0.43746007,0.0076935992,0.0076935992,-0.079184096,-0.079184096,0.032347259,0.032347259,-0.42976648,-0.42976648,-0.046836837,-0.046836837,-0.42976648,-0.42976648,-0.046836837,-0.046836837,1.2643157e-09,1.2643157e-09,-0.023950524,-0.023950524,1.2665632e-09,1.2665632e-09,-0.023950524,-0.023950524,-0.0019852581,-0.0019852581,-0.021965265,-0.021965265,-0.43175173,-0.43175173,-0.51664417,-0.51664417,0.0019852594,0.0019852594,-0.00017151427,-0.00017151427,-0.0022196713,-0.0022196713,3.3209502e-09,3.3209502e-09,-0.0023911889,-0.0023911889,-0.018965171,-0.018965171,-0.028624279,-0.028624279,11.516168,11.516168,-2.0088845,-2.0088845,24.846089,24.846089,-1.1268446,-1.1268446,0.011249805,0.011249805,-0.035200327,-0.035200327,-0.086350347,-0.086350347,-0.01376042,-0.01376042,0.87938279,0.87938279,-0.85111301,-0.85111301,0.016519983,0.016519983,-1.1393275e-15,-1.1393275e-15,-3.130662e-16,-3.130662e-16,-1.6440494e-15,-1.6440494e-15,3.6629133e-15,3.6629133e-15,-8.1270116e-15,-8.1270116e-15,0.00023242292,0.00023242292,0.00033609276,0.00033609276
0.036292779,0.036292779,0.50027632,0.50027632,0.5365691,0.5365691,-0.012777475,-0.012777475,-0.049070254,-0.049070254,-0.19810575,-0.19810575,0.071901381,0.071901381,-0.19792821,-0.19792821,0.072141139,0.072141139,-1.7417538e-09,-1.7417538e-09,1.278691e-16,1.278691e-16,-0.0021456898,-0.0021456898,-0.024133883,-0.024133883,-0.00027107542,-0.00027107542,-0.00027107381,-0.00027107381,-0.0032529284,-0.0032529284,-0.50027632,-0.50027632,0.039057046,0.039057046,-0.42341104,-0.42341104,0.0076823916,0.0076823916,-0.076865283,-0.076865283,0.031374654,0.031374654,-0.41572865,-0.41572865,-0.045490628,-0.045490628,-0.41572865,-0.41572865,-0.045490628,-0.045490628,-1.9000323e-09,-1.9000323e-09,-0.026279571,-0.026279571,-1.897938e-09,-1.897938e-09,-0.026279571,-0.026279571,-0.0021456898,-0.0021456898,-0.024133883,-0.024133883,-0.41787433,-0.41787433,-0.50027632,-0.50027632,0.0021456879,0.0021456879,-0.00016043161,-0.00016043161,-0.0021686189,-0.0021686189,-3.1645012e-09,-3.1645012e-09,-0.0023290474,-0.0023290474,-0.01802842,-0.01802842,-0.03063974,-0.03063974,11.55011,11.55011,-2.129734,-2.129734,24.281899,24.281899,-1.183529,-1.183529,0.012158896,0.012158896,-0.038438469,-0.038438469,-0.083574867,-0.083574867,-0.013924902,-0.013924902,0.96620378,0.96620378,-0.93236564,-0.93236564,0.016140023,0.016140023,-1.2056798e-15,-1.2056798e-15,-3.3461531e-16,-3.3461531e-16,-1.7738432e-15,-1.7738432e-15,3.883385e-15,3.883385e-15,-8.6927576e-15,-8.6927576e-15,0.0002441132,0.0002441132,0.00032966755,0.00032966755
0.039259726,0.039259726,0.48432491,0.48432491,0.52358464,0.52358464,-0.0095408109,-0.0095408109,-0.048800537,-0.048800537,-0.19210175,-0.19210175,0.069982669,0.069982669,-0.19191711,-0.19191711,0.070216356,0.070216356,-3.6397478e-09,-3.6397478e-09,1.3459439e-16,1.3459439e-16,-0.0022953696,-0.0022953696,-0.026252624,-0.026252624,-0.00030467013,-0.00030467013,-0.00030466864,-0.00030466864,-0.003178111,-0.003178111,-0.48432491,-0.48432491,0.038088806,0.038088806,-0.40972511,-0.40972511,0.007664386,0.007664386,-0.074599802,-0.074599802,0.03042442,0.03042442,-0.40206072,-0.40206072,-0.044175382,-0.044175382,-0.40206072,-0.40206072,-0.044175382,-0.044175382,1.162807e-09,1.162807e-09,-0.028547995,-0.028547995,1.1647516e-09,1.1647516e-09,-0.028547995,-0.028547995,-0.0022953696,-0.0022953696,-0.026252624,-0.026252624,-0.40435609,-0.40435609,-0.48432491,-0.48432491,0.0022953708,0.0022953708,-0.00014967985,-0.00014967985,-0.0021187407,-0.0021187407,3.0626896e-09,3.0626896e-09,-0.0022684236,-0.0022684236,-0.017113675,-0.017113675,-0.032608846,-0.032608846,11.585021,11.585021,-2.2478039,-2.2478039,23.732907,23.732907,-1.2389097,-1.2389097,0.013007102,0.013007102,-0.041555096,-0.041555096,-0.080871218,-0.080871218,-0.014085601,-0.014085601,1.0510279,1.0510279,-1.0113236,-1.0113236,0.015768802,0.015768802,-1.2607796e-15,-1.2607796e-15,-3.5492191e-16,-3.5492191e-16,-1.8904611e-15,-1.8904611e-15,4.0687343e-15,4.0687343e-15,-9.1909227e-15,-9.1909227e-15,0.00025387108,0.00025387108,0.00032132019,0.00032132019
0.042118803,0.042118803,0.46878001,0.46878001,0.51089881,0.51089881,-0.0063785905,-0.0063785905,-0.048497394,-0.048497394,-0.18624045,-0.18624045,0.068102166,0.068102166,-0.18604999,-0.18604999,0.068328851,0.068328851,-2.4749547e-09,-2.4749547e-09,1.4049782e-16,1.4049782e-16,-0.0024346202,-0.0024346202,-0.028322634,-0.028322634,-0.00033699094,-0.00033699094,-0.00033698956,-0.00033698956,-0.0031050144,-0.0031050144,-0.46878001,-0.46878001,0.037135843,0.037135843,-0.39639358,-0.39639358,0.0076398021,0.0076398021,-0.072386427,-0.072386427,0.029496041,0.029496041,-0.38875378,-0.38875378,-0.042890386,-0.042890386,-0.38875378,-0.38875378,-0.042890386,-0.042890386,-1.75484e-09,-1.75484e-09,-0.030757252,-0.030757252,-1.7530416e-09,-1.7530416e-09,-0.030757252,-0.030757252,-0.0024346202,-0.0024346202,-0.028322634,-0.028322634,-0.3911884,-0.3911884,-0.46878001,-0.46878001,0.0024346184,0.0024346184,-0.00013925055,-0.00013925055,-0.0020700096,-0.0020700096,-2.9177932e-09,-2.9177932e-09,-0.0022092573,-0.0022092573,-0.016220425,-0.016220425,-0.034532663,-0.034532663,11.620861,11.620861,-2.3631582,-2.3631582,23.198738,23.198738,-1.2930167,-1.2930167,0.013796169,0.013796169,-0.044553423,-0.044553423,-0.07823768,-0.07823768,-0.014242604,-0.014242604,1.1339011,1.1339011,-1.0880727,-1.0880727,0.01540612,0.01540612,-1.3058724e-15,-1.3058724e-15,-3.7405883e-16,-3.7405883e-16,-1.9947346e-15,-1.9947346e-15,4.2228292e-15,4.2228292e-15,-9.6286427e-15,-9.6286427e-15,0.00026189061,0.00026189061,0.00031169165,0.00031169165
0.044872989,0.044872989,0.45363178,0.45363178,0.49850477,0.49850477,-0.0032891011,-0.0032891011,-0.04816209,-0.04816209,-0.18051862,-0.18051862,0.066258757,0.066258757,-0.18032346,-0.18032346,0.066477852,0.066477852,-4.2278594e-09,-4.2278594e-09,1.45665e-16,1.45665e-16,-0.0025637557,-0.0025637557,-0.030345033,-0.030345033,-0.0003682238,-0.0003682238,-0.00036822253,-0.00036822253,-0.0030335991,-0.0030335991,-0.45363178,-0.45363178,0.036197891,0.036197891,-0.38340782,-0.38340782,0.0076088769,0.0076088769,-0.07022396,-0.07022396,0.028589014,0.028589014,-0.37579894,-0.37579894,-0.041634946,-0.041634946,-0.37579894,-0.37579894,-0.041634946,-0.041634946,1.0698211e-09,1.0698211e-09,-0.03290879,-0.03290879,1.0714766e-09,1.0714766e-09,-0.03290879,-0.03290879,-0.0025637557,-0.0025637557,-0.030345033,-0.030345033,-0.3783627,-0.3783627,-0.45363178,-0.45363178,0.0025637567,0.0025637567,-0.00012913551,-0.00012913551,-0.0020223994,-0.0020223994,2.8245182e-09,2.8245182e-09,-0.0021515378,-0.0021515378,-0.015348172,-0.015348172,-0.036412231,-0.036412231,11.657589,11.657589,-2.4758594,-2.4758594,22.67903,22.67903,-1.3458791,-1.3458791,0.014527956,0.014527956,-0.047436745,-0.047436745,-0.075672539,-0.075672539,-0.014395996,-0.014395996,1.2148681,1.2148681,-1.1626945,-1.1626945,0.015051779,0.015051779,-1.3420765e-15,-1.3420765e-15,-3.9209496e-16,-3.9209496e-16,-2.0874495e-15,-2.0874495e-15,4.3491424e-15,4.3491424e-15,-1.001233e-14,-1.001233e-14,0.00026835178,0.00026835178,0.00030125538,0.00030125538
0.04752504,0.04752504,0.43887074,0.43887074,0.48639578,0.48639578,-0.00027066999,-0.00027066999,-0.04779571,-0.04779571,-0.17493309,-0.17493309,0.06445141,0.06445141,-0.17473424,-0.17473424,0.064662581,0.064662581,-3.1561524e-09,-3.1561524e-09,1.5017291e-16,1.5017291e-16,-0.0026830824,-0.0026830824,-0.032320917,-0.032320917,-0.0003982521,-0.0003982521,-0.00039825094,-0.00039825094,-0.0029638263,-0.0029638263,-0.43887074,-0.43887074,0.035274668,0.035274668,-0.37075951,-0.37075951,0.0075718189,0.0075718189,-0.068111229,-0.068111229,0.027702849,0.027702849,-0.36318769,-0.36318769,-0.04040838,-0.04040838,-0.36318769,-0.36318769,-0.04040838,-0.04040838,-1.6203533e-09,-1.6203533e-09,-0.035003998,-0.035003998,-1.6188373e-09,-1.6188373e-09,-0.035003998,-0.035003998,-0.0026830824,-0.0026830824,-0.032320917,-0.032320917,-0.36587077,-0.36587077,-0.43887074,-0.43887074,0.0026830808,0.0026830808,-0.00011932671,-0.00011932671,-0.0019758842,-0.0019758842,-2.690314e-09,-2.690314e-09,-0.0020952082,-0.0020952082,-0.014496427,-0.014496427,-0.03824857,-0.03824857,11.695167,11.695167,-2.5859684,-2.5859684,22.173425,22.173425,-1.3975258,-1.3975258,0.015204123,0.015204123,-0.050208123,-0.050208123,-0.073174154,-0.073174154,-0.014545859,-0.014545859,1.293973,1.293973,-1.2352669,-1.2352669,0.014705588,0.014705588,-1.3703954e-15,-1.3703954e-15,-4.0909541e-16,-4.0909541e-16,-2.1693484e-15,-2.1693484e-15,4.4507905e-15,4.4507905e-15,-1.0347746e-14,-1.0347746e-14,0.00027342132,0.00027342132,0.00029035949,0.00029035949
0.050077789,0.050077789,0.42448751,0.42448751,0.4745653,0.4745653,0.0026783372,0.0026783372,-0.047399452,-0.047399452,-0.16948074,-0.16948074,0.062679204,0.062679204,-0.1692791,-0.1692791,0.062882301,0.062882301,-4.7746676e-09,-4.7746676e-09,1.5409074e-16,1.5409074e-16,-0.0027928987,-0.0027928987,-0.034251356,-0.034251356,-0.00042724826,-0.00042724826,-0.0004272472,-0.0004272472,-0.0028956583,-0.0028956583,-0.42448751,-0.42448751,0.034365919,0.034365919,-0.35844042,-0.35844042,0.0075288525,0.0075288525,-0.066047092,-0.066047092,0.026837066,0.026837066,-0.35091157,-0.35091157,-0.039210026,-0.039210026,-0.35091157,-0.35091157,-0.039210026,-0.039210026,9.846561e-10,9.846561e-10,-0.037044256,-0.037044256,9.8603564e-10,9.8603564e-10,-0.037044256,-0.037044256,-0.0027928987,-0.0027928987,-0.034251356,-0.034251356,-0.35370447,-0.35370447,-0.42448751,-0.42448751,0.0027928997,0.0027928997,-0.00010981631,-0.00010981631,-0.0019304389,-0.0019304389,2.604873e-09,2.604873e-09,-0.0020402578,-0.0020402578,-0.013664714,-0.013664714,-0.040042673,-0.040042673,11.733557,11.733557,-2.693545,-2.693545,21.681578,21.681578,-1.4479845,-1.4479845,0.015826433,0.015826433,-0.052870688,-0.052870688,-0.070740894,-0.070740894,-0.014692276,-0.014692276,1.3712584,1.3712584,-1.3058636,-1.3058636,0.01436736,0.01436736,-1.3917293e-15,-1.3917293e-15,-4.2512174e-16,-4.2512174e-16,-2.2411326e-15,-2.2411326e-15,4.5305704e-15,4.5305704e-15,-1.0640066e-14,-1.0640066e-14,0.00027725357,0.00027725357,0.00027925842,0.00027925842
0.052533859,0.052533859,0.41047306,0.41047306,0.46300692,0.46300692,0.0055595173,0.0055595173,-0.046974342,-0.046974342,-0.16415854,-0.16415854,0.06094126,0.06094126,-0.16395491,-0.16395491,0.061136269,0.061136269,-3.7882202e-09,-3.7882202e-09,1.5748068e-16,1.5748068e-16,-0.0028934954,-0.0028934954,-0.036137395,-0.036137395,-0.00045510565,-0.00045510565,-0.0004551047,-0.0004551047,-0.0028290582,-0.0028290582,-0.41047306,-0.41047306,0.033471372,0.033471372,-0.34644263,-0.34644263,0.0074801756,0.0074801756,-0.064030429,-0.064030429,0.025991196,0.025991196,-0.33896246,-0.33896246,-0.038039233,-0.038039233,-0.33896246,-0.33896246,-0.038039233,-0.038039233,-1.4957759e-09,-1.4957759e-09,-0.039030889,-0.039030889,-1.4945296e-09,-1.4945296e-09,-0.039030889,-0.039030889,-0.0028934954,-0.0028934954,-0.036137395,-0.036137395,-0.34185595,-0.34185595,-0.41047306,-0.41047306,0.0028934939,0.0028934939,-0.00010059668,-0.00010059668,-0.0018860388,-0.0018860388,-2.4805652e-09,-2.4805652e-09,-0.001986633,-0.001986633,-0.012852567,-0.012852567,-0.041795511,-0.041795511,11.772722,11.772722,-2.7986472,-2.7986472,21.203148,21.203148,-1.4972828,-1.4972828,0.016396464,0.016396464,-0.055427354,-0.055427354,-0.068371191,-0.068371191,-0.014835326,-0.014835326,1.4467662,1.4467662,-1.3745555,-1.3745555,0.014036911,0.014036911,-1.406886e-15,-1.406886e-15,-4.4023213e-16,-4.4023213e-16,-2.3034645e-15,-2.3034645e-15,4.5909908e-15,4.5909908e-15,-1.0893938e-14,-1.0893938e-14,0.00027999121,0.00027999121,0.00026813666,0.00026813666
0.054895944,0.054895944,0.39681845,0.39681845,0.45171439,0.45171439,0.0083744302,0.0083744302,-0.046521513,-0.046521513,-0.15896352,-0.15896352,0.059236776,0.059236776,-0.15875859,-0.15875859,0.059423777,0.059423777,-5.2822499e-09,-5.2822499e-09,1.6039864e-16,1.6039864e-16,-0.0029851558,-0.0029851558,-0.037980055,-0.037980055,-0.00048198416,-0.00048198416,-0.00048198332,-0.00048198332,-0.0027639899,-0.0027639899,-0.39681845,-0.39681845,0.032590782,0.032590782,-0.3347583,-0.3347583,0.0074260004,0.0074260004,-0.06206015,-0.06206015,0.025164781,0.025164781,-0.3273323,-0.3273323,-0.036895369,-0.036895369,-0.3273323,-0.3273323,-0.036895369,-0.036895369,9.0666658e-10,9.0666658e-10,-0.040965212,-0.040965212,9.0778271e-10,9.0778271e-10,-0.040965212,-0.040965212,-0.0029851558,-0.0029851558,-0.037980055,-0.037980055,-0.33031745,-0.33031745,-0.39681845,-0.39681845,0.0029851567,0.0029851567,-9.166037e-05,-9.166037e-05,-0.0018426599,-0.0018426599,2.4023123e-09,2.4023123e-09,-0.0019343227,-0.0019343227,-0.012059532,-0.012059532,-0.043508035,-0.043508035,11.812628,11.812628,-2.9013321,-2.9013321,20.737805,20.737805,-1.5454471,-1.5454471,0.016915889,0.016915889,-0.057881099,-0.057881099,-0.06606349,-0.06606349,-0.014975085,-0.014975085,1.5205374,1.5205374,-1.4414099,-1.4414099,0.013714062,0.013714062,-1.4165896e-15,-1.4165896e-15,-4.5448157e-16,-4.5448157e-16,-2.3569695e-15,-2.3569695e-15,4.6343017e-15,4.6343017e-15,-1.1113539e-14,-1.1113539e-14,0.00028176598,0.00028176598,0.00025712652,0.00025712652
0.057166541,0.057166541,0.38351504,0.38351504,0.44068158,0.44068158,0.0111246,0.0111246,-0.046041941,-0.046041941,-0.15389276,-0.15389276,0.057564973,0.057564973,-0.15368716,-0.15368716,0.057744116,0.057744116,-4.3738813e-09,-4.3738813e-09,1.6289488e-16,1.6289488e-16,-0.0030681558,-0.0030681558,-0.039780334,-0.039780334,-0.00050778635,-0.00050778635,-0.0005077856,-0.0005077856,-0.0027004181,-0.0027004181,-0.38351504,-0.38351504,0.031723888,0.031723888,-0.32337985,-0.32337985,0.0073665145,0.0073665145,-0.060135187,-0.060135187,0.024357374,0.024357374,-0.31601334,-0.31601334,-0.035777814,-0.035777814,-0.31601334,-0.31601334,-0.035777814,-0.035777814,-1.3803717e-09,-1.3803717e-09,-0.042848488,-0.042848488,-1.3793828e-09,-1.3793828e-09,-0.042848488,-0.042848488,-0.0030681558,-0.0030681558,-0.039780334,-0.039780334,-0.31908149,-0.31908149,-0.38351504,-0.38351504,0.0030681545,0.0030681545,-8.3000096e-05,-8.3000096e-05,-0.0018002787,-0.0018002787,-2.2871655e-09,-2.2871655e-09,-0.0018832765,-0.0018832765,-0.011285165,-0.011285165,-0.04518117,-0.04518117,11.85324,11.85324,-3.0016553,-3.0016553,20.285225,20.285225,-1.5925037,-1.5925037,0.017386207,0.017386207,-0.060234697,-0.060234697,-0.063816299,-0.063816299,-0.015111629,-0.015111629,1.5926119,1.5926119,-1.506491,-1.506491,0.013398638,0.013398638,-1.4214892e-15,-1.4214892e-15,-4.6792202e-16,-4.6792202e-16,-2.4022382e-15,-2.4022382e-15,4.6625205e-15,4.6625205e-15,-1.1302616e-14,-1.1302616e-14,0.00028269939,0.00028269939,0.00024632145,0.00024632145
0.059348211,0.059348211,0.37055432,0.37055432,0.42990253,0.42990253,0.013811516,0.013811516,-0.045536695,-0.045536695,-0.14894341,-0.14894341,0.055925129,0.055925129,-0.14873766,-0.14873766,0.05609661,0.05609661,-5.7525937e-09,-5.7525937e-09,1.6501453e-16,1.6501453e-16,-0.0031427646,-0.0031427646,-0.041539206,-0.041539206,-0.0005326605,-0.0005326605,-0.00053265985,-0.00053265985,-0.0026383085,-0.0026383085,-0.37055432,-0.37055432,0.030870455,0.030870455,-0.31229982,-0.31229982,0.0073019189,0.0073019189,-0.058254499,-0.058254499,0.023568536,0.023568536,-0.3049979,-0.3049979,-0.034685962,-0.034685962,-0.3049979,-0.3049979,-0.034685962,-0.034685962,8.3525931e-10,8.3525931e-10,-0.044681971,-0.044681971,8.3612401e-10,8.3612401e-10,-0.044681971,-0.044681971,-0.0031427646,-0.0031427646,-0.041539206,-0.041539206,-0.30814067,-0.30814067,-0.37055432,-0.37055432,0.0031427654,0.0031427654,-7.4608762e-05,-7.4608762e-05,-0.0017588723,-0.0017588723,2.2155068e-09,2.2155068e-09,-0.0018334833,-0.0018334833,-0.010529032,-0.010529032,-0.046815823,-0.046815823,11.894523,11.894523,-3.099671,-3.099671,19.845093,19.845093,-1.6384779,-1.6384779,0.017809005,0.017809005,-0.062490976,-0.062490976,-0.061628133,-0.061628133,-0.015245034,-0.015245034,1.6630286,1.6630286,-1.5698602,-1.5698602,0.01309047,0.01309047,-1.4221667e-15,-1.4221667e-15,-4.8060257e-16,-4.8060257e-16,-2.439828e-15,-2.439828e-15,4.6774551e-15,4.6774551e-15,-1.1464534e-14,-1.1464534e-14,0.00028290334,0.00028290334,0.00023578601,0.00023578601
0.061443332,0.061443332,0.35792806,0.35792806,0.4193714,0.4193714,0.016436633,0.016436633,-0.045006699,-0.045006699,-0.1441127,-0.1441127,0.054316532,0.054316532,-0.14390726,-0.14390726,0.054480578,0.054480578,-4.9157165e-09,-4.9157165e-09,1.6679816e-16,1.6679816e-16,-0.0032092441,-0.0032092441,-0.043257624,-0.043257624,-0.00055651758,-0.00055651758,-0.00055651702,-0.00055651702,-0.0025776274,-0.0025776274,-0.35792806,-0.35792806,0.030030234,0.030030234,-0.301511,-0.301511,0.0072323915,0.0072323915,-0.056417066,-0.056417066,0.022797843,0.022797843,-0.29427861,-0.29427861,-0.033619223,-0.033619223,-0.29427861,-0.29427861,-0.033619223,-0.033619223,-1.2734602e-09,-1.2734602e-09,-0.046466867,-0.046466867,-1.2727169e-09,-1.2727169e-09,-0.046466867,-0.046466867,-0.0032092441,-0.0032092441,-0.043257624,-0.043257624,-0.29748785,-0.29748785,-0.35792806,-0.35792806,0.0032092428,0.0032092428,-6.6479441e-05,-6.6479441e-05,-0.0017184182,-0.0017184182,-2.1088409e-09,-2.1088409e-09,-0.0017848956,-0.0017848956,-0.0097907087,-0.0097907087,-0.048412879,-0.048412879,11.936447,11.936447,-3.1954324,-3.1954324,19.417102,19.417102,-1.6833948,-1.6833948,0.018185708,0.018185708,-0.064652576,-0.064652576,-0.05949757,-0.05949757,-0.015375369,-0.015375369,1.7318257,1.7318257,-1.6315762,-1.6315762,0.012789389,0.012789389,-1.4191431e-15,-1.4191431e-15,-4.9256956e-16,-4.9256956e-16,-2.4702648e-15,-2.4702648e-15,4.6807251e-15,4.6807251e-15,-1.1602313e-14,-1.1602313e-14,0.00028248073,0.00028248073,0.00022556337,0.00022556337
0.063454337,0.063454337,0.34562814,0.34562814,0.40908248,0.40908248,0.019001372,0.019001372,-0.044452965,-0.044452965,-0.13939789,-0.13939789,0.052738516,0.052738516,-0.13919314,-0.13919314,0.052895375,0.052895375,-6.1875992e-09,-6.1875992e-09,1.6828222e-16,1.6828222e-16,-0.0032678494,-0.0032678494,-0.044936519,-0.044936519,-0.00057949513,-0.00057949513,-0.00057949467,-0.00057949467,-0.0025183419,-0.0025183419,-0.34562814,-0.34562814,0.029202997,0.029202997,-0.29100625,-0.29100625,0.0071581222,0.0071581222,-0.054621894,-0.054621894,0.022044875,0.022044875,-0.28384813,-0.28384813,-0.032577019,-0.032577019,-0.28384813,-0.28384813,-0.032577019,-0.032577019,7.6988901e-10,7.6988901e-10,-0.048204369,-0.048204369,7.705137e-10,7.705137e-10,-0.048204369,-0.048204369,-0.0032678494,-0.0032678494,-0.044936519,-0.044936519,-0.28711598,-0.28711598,-0.34562814,-0.34562814,0.0032678502,0.0032678502,-5.8605371e-05,-5.8605371e-05,-0.0016788946,-0.0016788946,2.0432306e-09,2.0432306e-09,-0.001737502,-0.001737502,-0.0090697811,-0.0090697811,-0.049973203,-0.049973203,11.978978,11.978978,-3.2889913,-3.2889913,19.00095,19.00095,-1.7272786,-1.7272786,0.018517819,0.018517819,-0.066722187,-0.066722187,-0.057423195,-0.057423195,-0.015502708,-0.015502708,1.7990405,1.7990405,-1.6916951,-1.6916951,0.012495233,0.012495233,-1.4128849e-15,-1.4128849e-15,-5.038668e-16,-5.038668e-16,-2.4940447e-15,-2.4940447e-15,4.673781e-15,4.673781e-15,-1.1718663e-14,-1.1718663e-14,0.00028152606,0.00028152606,0.00021568087,0.00021568087
0.065383491,0.065383491,0.33364672,0.33364672,0.39903021,0.39903021,0.021507122,0.021507122,-0.043876368,-0.043876368,-0.13479632,-0.13479632,0.051190419,0.051190419,-0.13459259,-0.13459259,0.051340349,0.051340349,-5.4161719e-09,-5.4161719e-09,1.6949944e-16,1.6949944e-16,-0.0033188294,-0.0033188294,-0.046576799,-0.046576799,-0.00060151184,-0.00060151184,-0.00060151147,-0.00060151147,-0.0024604201,-0.0024604201,-0.33364671,-0.33364671,0.028388505,0.028388505,-0.2807787,-0.2807787,0.0070792797,0.0070792797,-0.052868011,-0.052868011,0.021309225,0.021309225,-0.27369942,-0.27369942,-0.031558786,-0.031558786,-0.27369942,-0.27369942,-0.031558786,-0.031558786,-1.1744119e-09,-1.1744119e-09,-0.049895627,-0.049895627,-1.1739031e-09,-1.1739031e-09,-0.049895627,-0.049895627,-0.0033188294,-0.0033188294,-0.046576799,-0.046576799,-0.27701825,-0.27701825,-0.33364672,-0.33364672,0.0033188282,0.0033188282,-5.0979954e-05,-5.0979954e-05,-0.0016402801,-0.0016402801,-1.9444168e-09,-1.9444168e-09,-0.0016912581,-0.0016912581,-0.0083658449,-0.0083658449,-0.051497639,-0.051497639,12.022087,12.022087,-3.3803983,-3.3803983,18.596343,18.596343,-1.770153,-1.770153,0.018806692,0.018806692,-0.06870232,-0.06870232,-0.055403651,-0.055403651,-0.015627117,-0.015627117,1.8647094,1.8647094,-1.7502706,-1.7502706,0.012207842,0.012207842,-1.4038098e-15,-1.4038098e-15,-5.1453562e-16,-5.1453562e-16,-2.5116359e-15,-2.5116359e-15,4.6579212e-15,4.6579212e-15,-1.1816015e-14,-1.1816015e-14,0.00028012593,0.00028012593,0.00020615421,0.00020615421
0.067233105,0.067233105,0.32197603,0.32197603,0.38920914,0.38920914,0.02395524,0.02395524,-0.043277865,-0.043277865,-0.13030537,-0.13030537,0.049671616,0.049671616,-0.13010293,-0.13010293,0.049814882,0.049814882,-6.5890835e-09,-6.5890835e-09,1.7047921e-16,1.7047921e-16,-0.0033624261,-0.0033624261,-0.048179353,-0.048179353,-0.0006226953,-0.0006226953,-0.00062269502,-0.00062269502,-0.0024038304,-0.0024038304,-0.32197603,-0.32197603,0.027586539,0.027586539,-0.27082156,-0.27082156,0.0069960437,0.0069960437,-0.051154467,-0.051154467,0.020590495,0.020590495,-0.26382552,-0.26382552,-0.030563972,-0.030563972,-0.26382552,-0.26382552,-0.030563972,-0.030563972,7.1005454e-10,7.1005454e-10,-0.051541779,-0.051541779,7.1045014e-10,7.1045014e-10,-0.051541779,-0.051541779,-0.0033624261,-0.0033624261,-0.048179353,-0.048179353,-0.26718795,-0.26718795,-0.32197603,-0.32197603,0.0033624268,0.0033624268,-4.3596753e-05,-4.3596753e-05,-0.0016025536,-0.0016025536,1.8843533e-09,1.8843533e-09,-0.0016461522,-0.0016461522,-0.0076785046,-0.0076785046,-0.052987013,-0.052987013,12.065743,12.065743,-3.4697029,-3.4697029,18.202996,18.202996,-1.8120414,-1.8120414,0.019053753,0.019053753,-0.070595532,-0.070595532,-0.053437589,-0.053437589,-0.015748665,-0.015748665,1.9288679,1.9288679,-1.8073539,-1.8073539,0.011927062,0.011927062,-1.3922911e-15,-1.3922911e-15,-5.2461505e-16,-5.2461505e-16,-2.5234797e-15,-2.5234797e-15,4.6343075e-15,4.6343075e-15,-1.189655e-14,-1.189655e-14,0.00027835959,0.00027835959,0.00019699059,0.00019699059
0.069005335,0.069005335,0.31060861,0.31060861,0.37961395,0.37961395,0.026347052,0.026347052,-0.042658284,-0.042658284,-0.1259225,-0.1259225,0.048181487,0.048181487,-0.12572156,-0.12572156,0.048318353,0.048318353,-5.8775656e-09,-5.8775656e-09,1.7124794e-16,1.7124794e-16,-0.0033988756,-0.0033988756,-0.049745047,-0.049745047,-0.00064297127,-0.00064297127,-0.00064297107,-0.00064297107,-0.0023485423,-0.0023485423,-0.31060861,-0.31060861,0.02679687,0.02679687,-0.26112828,-0.26112828,0.0069085739,0.0069085739,-0.049480335,-0.049480335,0.019888296,0.019888296,-0.2542197,-0.2542197,-0.029592039,-0.029592039,-0.2542197,-0.2542197,-0.029592039,-0.029592039,-1.0826449e-09,-1.0826449e-09,-0.053143922,-0.053143922,-1.0823599e-09,-1.0823599e-09,-0.053143922,-0.053143922,-0.0033988756,-0.0033988756,-0.049745047,-0.049745047,-0.25761858,-0.25761858,-0.31060861,-0.31060861,0.0033988745,0.0033988745,-3.6449484e-05,-3.6449484e-05,-0.0015656949,-0.0015656949,-1.7928101e-09,-1.7928101e-09,-0.0016021426,-0.0016021426,-0.0070073746,-0.0070073746,-0.054442132,-0.054442132,12.109918,12.109918,-3.5569536,-3.5569536,17.820628,17.820628,-1.8529663,-1.8529663,0.019260288,0.019260288,-0.072404211,-0.072404211,-0.051523716,-0.051523716,-0.015867417,-0.015867417,1.9915507,1.9915507,-1.8629942,-1.8629942,0.01165274,0.01165274,-1.3786629e-15,-1.3786629e-15,-5.3414193e-16,-5.3414193e-16,-2.529992e-15,-2.529992e-15,4.6039784e-15,4.6039784e-15,-1.196222e-14,-1.196222e-14,0.0002762994,0.0002762994,0.00018819105,0.00018819105
0.070702379,0.070702379,0.29953707,0.29953707,0.37023945,0.37023945,0.028683851,0.028683851,-0.042018528,-0.042018528,-0.12164521,-0.12164521,0.04671944,0.04671944,-0.12144593,-0.12144593,0.046850169,0.046850169,-6.958783e-09,-6.958783e-09,1.7182931e-16,1.7182931e-16,-0.0034284076,-0.0034284076,-0.051274731,-0.051274731,-0.00066245813,-0.00066245813,-0.00066245802,-0.00066245802,-0.0022945258,-0.0022945258,-0.29953708,-0.29953708,0.026019288,0.026019288,-0.25169237,-0.25169237,0.0068170403,0.0068170403,-0.047844708,-0.047844708,0.019202248,0.019202248,-0.24487533,-0.24487533,-0.02864246,-0.02864246,-0.24487533,-0.24487533,-0.02864246,-0.02864246,6.5529542e-10,6.5529542e-10,-0.05470314,-0.05470314,6.5547234e-10,6.5547234e-10,-0.05470314,-0.05470314,-0.0034284076,-0.0034284076,-0.051274731,-0.051274731,-0.24830373,-0.24830373,-0.29953707,-0.29953707,0.0034284083,0.0034284083,-2.9532018e-05,-2.9532018e-05,-0.0015296839,-0.0015296839,1.7378323e-09,1.7378323e-09,-0.0015592177,-0.0015592177,-0.0063520774,-0.0063520774,-0.055863783,-0.055863783,12.154583,12.154583,-3.6421974,-3.6421974,17.448967,17.448967,-1.8929499,-1.8929499,0.019427648,0.019427648,-0.074130787,-0.074130787,-0.049660747,-0.049660747,-0.015983438,-0.015983438,2.0527918,2.0527918,-1.9172385,-1.9172385,0.011384727,0.011384727,-1.3632235e-15,-1.3632235e-15,-5.4315101e-16,-5.4315101e-16,-2.5315651e-15,-2.5315651e-15,4.5678624e-15,4.5678624e-15,-1.2014778e-14,-1.2014778e-14,0.00027401128,0.00027401128,0.00017975218,0.00017975218
0.072326287,0.072326287,0.28875428,0.28875428,0.36108057,0.36108057,0.030966905,0.030966905,-0.041359382,-0.041359382,-0.11747106,-0.11747106,0.045284885,0.045284885,-0.11727356,-0.11727356,0.045409734,0.045409734,-6.3020949e-09,-6.3020949e-09,1.7224459e-16,1.7224459e-16,-0.003451246,-0.003451246,-0.052769233,-0.052769233,-0.00068108813,-0.00068108813,-0.00068108811,-0.00068108811,-0.0022417518,-0.0022417518,-0.28875428,-0.28875428,0.025253573,0.025253573,-0.24250758,-0.24250758,0.0067215942,0.0067215942,-0.046246701,-0.046246701,0.018531979,0.018531979,-0.23578599,-0.23578599,-0.027714722,-0.027714722,-0.23578599,-0.23578599,-0.027714722,-0.027714722,-9.976209e-10,-9.976209e-10,-0.056220478,-0.056220478,-9.9754956e-10,-9.9754956e-10,-0.056220478,-0.056220478,-0.003451246,-0.003451246,-0.052769233,-0.052769233,-0.23923723,-0.23923723,-0.28875428,-0.28875428,0.003451245,0.003451245,-2.2838372e-05,-2.2838372e-05,-0.0014945012,-0.0014945012,-1.6530219e-09,-1.6530219e-09,-0.0015173379,-0.0015173379,-0.0057122449,-0.0057122449,-0.057252736,-0.057252736,12.199711,12.199711,-3.7254807,-3.7254807,17.087745,17.087745,-1.9320139,-1.9320139,0.019557054,0.019557054,-0.075777533,-0.075777533,-0.047847447,-0.047847447,-0.016096791,-0.016096791,2.1126244,2.1126244,-1.9701321,-1.9701321,0.011122878,0.011122878,-1.3462391e-15,-1.3462391e-15,-5.5167511e-16,-5.5167511e-16,-2.5285684e-15,-2.5285684e-15,4.5267885e-15,4.5267885e-15,-1.2055793e-14,-1.2055793e-14,0.00027155518,0.00027155518,0.00017166744,0.00017166744
0.073879147,0.073879147,0.27825319,0.27825319,0.35213234,0.35213234,0.033197448,0.033197448,-0.040681699,-0.040681699,-0.11339766,-0.11339766,0.043877263,0.043877263,-0.11320203,-0.11320203,0.043996483,0.043996483,-7.2983568e-09,-7.2983568e-09,1.7251287e-16,1.7251287e-16,-0.0034676087,-0.0034676087,-0.05422936,-0.05422936,-0.00069897113,-0.00069897113,-0.00069897118,-0.00069897118,-0.0021901915,-0.0021901915,-0.2782532,-0.2782532,0.024499522,0.024499522,-0.23356775,-0.23356775,0.0066223962,0.0066223962,-0.044685447,-0.044685447,0.017877126,0.017877126,-0.22694535,-0.22694535,-0.026808321,-0.026808321,-0.22694535,-0.22694535,-0.026808321,-0.026808321,6.0518853e-10,6.0518853e-10,-0.057696969,-0.057696969,6.0515672e-10,6.0515672e-10,-0.057696969,-0.057696969,-0.0034676087,-0.0034676087,-0.05422936,-0.05422936,-0.23041296,-0.23041296,-0.27825319,-0.27825319,0.0034676093,0.0034676093,-1.636271e-05,-1.636271e-05,-0.0014601276,-0.0014601276,1.6027063e-09,1.6027063e-09,-0.001476492,-0.001476492,-0.0050875171,-0.0050875171,-0.058609743,-0.058609743,12.245275,12.245275,-3.8068484,-3.8068484,16.736703,16.736703,-1.9701795,-1.9701795,0.019649787,0.019649787,-0.077346756,-0.077346756,-0.046082592,-0.046082592,-0.016207536,-0.016207536,2.1710809,2.1710809,-2.0217181,-2.0217181,0.010867052,0.010867052,-1.3279474e-15,-1.3279474e-15,-5.5974514e-16,-5.5974514e-16,-2.5213498e-15,-2.5213498e-15,4.4814965e-15,4.4814965e-15,-1.208667e-14,-1.208667e-14,0.00026898541,0.00026898541,0.00016392813,0.00016392813
0.075362911,0.075362911,0.26802701,0.26802701,0.34338992,0.34338992,0.035376688,0.035376688,-0.039986223,-0.039986223,-0.10942267,-0.10942267,0.042496011,0.042496011,-0.10922896,-0.10922896,0.042609846,0.042609846,-6.6918421e-09,-6.6918421e-09,1.7265125e-16,1.7265125e-16,-0.0034777081,-0.0034777081,-0.055655905,-0.055655905,-0.00071604529,-0.00071604529,-0.00071604543,-0.00071604543,-0.0021398171,-0.0021398171,-0.26802701,-0.26802701,0.023756924,0.023756924,-0.22486691,-0.22486691,0.0065195897,0.0065195897,-0.043160103,-0.043160103,0.017237334,0.017237334,-0.21834732,-0.21834732,-0.025922768,-0.025922768,-0.21834732,-0.21834732,-0.025922768,-0.025922768,-9.1884204e-10,-9.1884204e-10,-0.059133612,-0.059133612,-9.1897463e-10,-9.1897463e-10,-0.059133612,-0.059133612,-0.0034777081,-0.0034777081,-0.055655905,-0.055655905,-0.22182503,-0.22182503,-0.26802701,-0.26802701,0.0034777071,0.0034777071,-1.0099337e-05,-1.0099337e-05,-0.0014265447,-0.0014265447,-1.5241314e-09,-1.5241314e-09,-0.0014366425,-0.0014366425,-0.0044775424,-0.0044775424,-0.059935539,-0.059935539,12.29125,12.29125,-3.8863447,-3.8863447,16.395587,16.395587,-2.0074672,-2.0074672,0.019707006,0.019707006,-0.078840619,-0.078840619,-0.044365005,-0.044365005,-0.016315735,-0.016315735,2.2281928,2.2281928,-2.072038,-2.072038,0.01061711,0.01061711,-1.3085603e-15,-1.3085603e-15,-5.6739027e-16,-5.6739027e-16,-2.510237e-15,-2.510237e-15,4.4326462e-15,4.4326462e-15,-1.2108667e-14,-1.2108667e-14,0.00026635109,0.00026635109,0.00015652409,0.00015652409
0.076779564,0.076779564,0.25806901,0.25806901,0.33484858,0.33484858,0.037505806,0.037505806,-0.039273758,-0.039273758,-0.10554381,-0.10554381,0.041140594,0.041140594,-0.10535203,-0.10535203,0.041249281,0.041249281,-7.6093897e-09,-7.6093897e-09,1.7267509e-16,1.7267509e-16,-0.0034817507,-0.0034817507,-0.057049639,-0.057049639,-0.00073241259,-0.00073241259,-0.0007324128,-0.0007324128,-0.0020906013,-0.0020906013,-0.25806902,-0.25806902,0.023025584,0.023025584,-0.21639917,-0.21639917,0.0064133263,0.0064133263,-0.041669841,-0.041669841,0.016612258,0.016612258,-0.20998585,-0.20998585,-0.025057583,-0.025057583,-0.20998585,-0.20998585,-0.025057583,-0.025057583,5.5934517e-10,5.5934517e-10,-0.06053139,-0.06053139,5.5911412e-10,5.5911412e-10,-0.06053139,-0.06053139,-0.0034817507,-0.0034817507,-0.057049639,-0.057049639,-0.2134676,-0.2134676,-0.25806901,-0.25806901,0.0034817513,0.0034817513,-4.0426951e-06,-4.0426951e-06,-0.0013937342,-0.0013937342,1.4780888e-09,1.4780888e-09,-0.0013977783,-0.0013977783,-0.0038819776,-0.0038819776,-0.061230842,-0.061230842,12.337612,12.337612,-3.9640126,-3.9640126,16.064148,16.064148,-2.0438973,-2.0438973,0.019729925,0.019729925,-0.080261314,-0.080261314,-0.04269352,-0.04269352,-0.016421444,-0.016421444,2.2839912,2.2839912,-2.1211316,-2.1211316,0.010372916,0.010372916,-1.2882663e-15,-1.2882663e-15,-5.7463802e-16,-5.7463802e-16,-2.4955384e-15,-2.4955384e-15,4.3808256e-15,4.3808256e-15,-1.2122908e-14,-1.2122908e-14,0.00026369648,0.00026369648,0.00014944423,0.00014944423
0.078130961,0.078130961,0.24837272,0.24837272,0.32650369,0.32650369,0.039585954,0.039585954,-0.038545007,-0.038545007,-0.10175886,-0.10175886,0.039810478,0.039810478,-0.101569,-0.101569,0.039914243,0.039914243,-7.048781e-09,-7.048781e-09,1.7259814e-16,1.7259814e-16,-0.0034799381,-0.0034799381,-0.058411317,-0.058411317,-0.00074801664,-0.00074801664,-0.00074801692,-0.00074801692,-0.0020425174,-0.0020425174,-0.24837272,-0.24837272,0.0223053,0.0223053,-0.20815887,-0.20815887,0.0063037417,0.0063037417,-0.040213855,-0.040213855,0.016001559,0.016001559,-0.20185513,-0.20185513,-0.024212297,-0.024212297,-0.20185513,-0.20185513,-0.024212297,-0.024212297,-8.4584783e-10,-8.4584783e-10,-0.061891255,-0.061891255,-8.4617508e-10,-8.4617508e-10,-0.061891255,-0.061891255,-0.0034799381,-0.0034799381,-0.058411317,-0.058411317,-0.20533506,-0.20533506,-0.24837272,-0.24837272,0.0034799373,0.0034799373,1.8126375e-06,1.8126375e-06,-0.0013616783,-0.0013616783,-1.4052892e-09,-1.4052892e-09,-0.0013598642,-0.0013598642,-0.003300487,-0.003300487,-0.062496352,-0.062496352,12.384334,12.384334,-4.0398941,-4.0398941,15.742144,15.742144,-2.0794895,-2.0794895,0.019719644,0.019719644,-0.081610899,-0.081610899,-0.041067013,-0.041067013,-0.016524723,-0.016524723,2.3385062,2.3385062,-2.1690372,-2.1690372,0.010134339,0.010134339,-1.2672333e-15,-1.2672333e-15,-5.8151429e-16,-5.8151429e-16,-2.4775443e-15,-2.4775443e-15,4.3265577e-15,4.3265577e-15,-1.21304e-14,-1.21304e-14,0.0002610613,0.0002610613,0.00014267694,0.00014267694
0.079418989,0.079418989,0.23893174,0.23893174,0.31835072,0.31835072,0.041618259,0.041618259,-0.03780073,-0.03780073,-0.098065614,-0.098065614,0.038505151,0.038505151,-0.097877628,-0.097877628,0.038604213,0.038604213,-7.8933953e-09,-7.8933953e-09,1.7243274e-16,1.7243274e-16,-0.0034724662,-0.0034724662,-0.059741677,-0.059741677,-0.00076295207,-0.00076295207,-0.00076295243,-0.00076295243,-0.0019955395,-0.0019955395,-0.23893174,-0.23893174,0.021595885,0.021595885,-0.20014038,-0.20014038,0.0061909794,0.0061909794,-0.038791357,-0.038791357,0.015404905,0.015404905,-0.1939494,-0.1939494,-0.023386452,-0.023386452,-0.1939494,-0.1939494,-0.023386452,-0.023386452,5.1740829e-10,5.1740829e-10,-0.063214144,-0.063214144,5.1698706e-10,5.1698706e-10,-0.063214144,-0.063214144,-0.0034724662,-0.0034724662,-0.059741677,-0.059741677,-0.19742187,-0.19742187,-0.23893174,-0.23893174,0.0034724667,0.0034724667,7.4719512e-06,7.4719512e-06,-0.0013303597,-0.0013303597,1.3631621e-09,1.3631621e-09,-0.0013228891,-0.0013228891,-0.002732743,-0.002732743,-0.063732756,-0.063732756,12.431395,12.431395,-4.1140304,-4.1140304,15.429339,15.429339,-2.1142631,-2.1142631,0.019677312,0.019677312,-0.082891455,-0.082891455,-0.039484373,-0.039484373,-0.016625626,-0.016625626,2.3917673,2.3917673,-2.2157914,-2.2157914,0.0099012491,0.0099012491,-1.2456105e-15,-1.2456105e-15,-5.8804351e-16,-5.8804351e-16,-2.4565277e-15,-2.4565277e-15,4.2703079e-15,4.2703079e-15,-1.2132042e-14,-1.2132042e-14,0.00025848109,0.00025848109,0.00013621035,0.00013621035
0.080645413,0.080645413,0.22973987,0.22973987,0.31038528,0.31038528,0.043603821,0.043603821,-0.037041592,-0.037041592,-0.094461951,-0.094461951,0.037224102,0.037224102,-0.094275778,-0.094275778,0.037318671,0.037318671,-7.3747824e-09,-7.3747824e-09,1.7218994e-16,1.7218994e-16,-0.0034595257,-0.0034595257,-0.061041438,-0.061041438,-0.0007771675,-0.0007771675,-0.00077716794,-0.00077716794,-0.0019496421,-0.0019496421,-0.22973987,-0.22973987,0.020897142,0.020897142,-0.19233829,-0.19233829,0.0060751676,0.0060751676,-0.037401577,-0.037401577,0.014821975,0.014821975,-0.18626313,-0.18626313,-0.022579602,-0.022579602,-0.18626313,-0.18626313,-0.022579602,-0.022579602,-7.7821226e-10,-7.7821226e-10,-0.064500963,-0.064500963,-7.7872531e-10,-7.7872531e-10,-0.064500963,-0.064500963,-0.0034595258,-0.0034595258,-0.061041438,-0.061041438,-0.18972265,-0.18972265,-0.22973987,-0.22973987,0.003459525,0.003459525,1.2940407e-05,1.2940407e-05,-0.0012997614,-0.0012997614,-1.2957124e-09,-1.2957124e-09,-0.0012868197,-0.0012868197,-0.0021784254,-0.0021784254,-0.064940723,-0.064940723,12.478771,12.478771,-4.1864615,-4.1864615,15.125503,15.125503,-2.1482369,-2.1482369,0.019603974,0.019603974,-0.084104938,-0.084104938,-0.03794453,-0.03794453,-0.016724208,-0.016724208,2.4438035,2.4438035,-2.2614296,-2.2614296,0.0096735204,0.0096735204,-1.2235303e-15,-1.2235303e-15,-5.9424869e-16,-5.9424869e-16,-2.4327451e-15,-2.4327451e-15,4.2124892e-15,4.2124892e-15,-1.2128637e-14,-1.2128637e-14,0.00025598746,0.00025598746,0.00013003253,0.00013003253
0.081812024,0.081812024,0.22079102,0.22079102,0.30260305,0.30260305,0.045543715,0.045543715,-0.036268309,-0.036268309,-0.090945778,-0.090945778,0.035966841,0.035966841,-0.090761335,-0.090761335,0.036057118,0.036057118,-8.1518182e-09,-8.1518182e-09,1.7187962e-16,1.7187962e-16,-0.0034413027,-0.0034413027,-0.062311305,-0.062311305,-0.00079075078,-0.00079075078,-0.00079075129,-0.00079075129,-0.0019048004,-0.0019048004,-0.22079102,-0.22079102,0.020208894,0.020208894,-0.18474726,-0.18474726,0.0059564418,0.0059564418,-0.036043761,-0.036043761,0.014252452,0.014252452,-0.17879082,-0.17879082,-0.021791309,-0.021791309,-0.17879082,-0.17879082,-0.021791309,-0.021791309,4.7904998e-10,4.7904998e-10,-0.065752609,-0.065752609,4.7844721e-10,4.7844721e-10,-0.065752609,-0.065752609,-0.0034413027,-0.0034413027,-0.062311305,-0.062311305,-0.18223212,-0.18223212,-0.22079102,-0.22079102,0.0034413032,0.0034413032,1.8223042e-05,1.8223042e-05,-0.0012698669,-0.0012698669,1.2571725e-09,1.2571725e-09,-0.0012516451,-0.0012516451,-0.0016372216,-0.0016372216,-0.066120906,-0.066120906,12.52644,12.52644,-4.2572266,-4.2572266,14.83041,14.83041,-2.1814293,-2.1814293,0.019500719,0.019500719,-0.085253327,-0.085253327,-0.036446424,-0.036446424,-0.016820523,-0.016820523,2.4946428,2.4946428,-2.3059855,-2.3059855,0.0094510294,0.0094510294,-1.2011099e-15,-1.2011099e-15,-6.001515e-16,-6.001515e-16,-2.406438e-15,-2.406438e-15,4.1534681e-15,4.1534681e-15,-1.2120902e-14,-1.2120902e-14,0.0002536084,0.0002536084,0.00012413167,0.00012413167
0.082920502,0.082920502,0.2120793,0.2120793,0.2949998,0.2949998,0.047438991,0.047438991,-0.035481511,-0.035481511,-0.087515057,-0.087515057,0.034732879,0.034732879,-0.087332244,-0.087332244,0.034819058,0.034819058,-7.6716191e-09,-7.6716191e-09,1.7151064e-16,1.7151064e-16,-0.0034179779,-0.0034179779,-0.063551965,-0.063551965,-0.00080365509,-0.00080365509,-0.00080365566,-0.00080365566,-0.0018609899,-0.0018609899,-0.2120793,-0.2120793,0.019530951,0.019530951,-0.17736212,-0.17736212,0.0058349233,0.0058349233,-0.034717175,-0.034717175,0.013696028,0.013696028,-0.1715272,-0.1715272,-0.021021147,-0.021021147,-0.1715272,-0.1715272,-0.021021147,-0.021021147,-7.1554119e-10,-7.1554119e-10,-0.066969943,-0.066969943,-7.1623161e-10,-7.1623161e-10,-0.066969943,-0.066969943,-0.0034179779,-0.0034179779,-0.063551965,-0.063551965,-0.17494518,-0.17494518,-0.2120793,-0.2120793,0.0034179772,0.0034179772,2.3324767e-05,2.3324767e-05,-0.00124066,-0.00124066,-1.1946788e-09,-1.1946788e-09,-0.001217334,-0.001217334,-0.001108826,-0.001108826,-0.067273945,-0.067273945,12.57438,12.57438,-4.3263642,-4.3263642,14.54384,14.54384,-2.2138583,-2.2138583,0.019368537,0.019368537,-0.08633848,-0.08633848,-0.034989035,-0.034989035,-0.016914622,-0.016914622,2.5443128,2.5443128,-2.3494918,-2.3494918,0.0092336558,0.0092336558,-1.1784532e-15,-1.1784532e-15,-6.0577235e-16,-6.0577235e-16,-2.3778329e-15,-2.3778329e-15,4.0935691e-15,4.0935691e-15,-1.2109475e-14,-1.2109475e-14,0.00025136855,0.00025136855,0.00011849616,0.00011849616
0.083972549,0.083972549,0.20359888,0.20359888,0.28757143,0.28757143,0.049290676,0.049290676,-0.034681873,-0.034681873,-0.084167789,-0.084167789,0.033521749,0.033521749,-0.083986488,-0.083986488,0.033604014,0.033604014,-8.3860376e-09,-8.3860376e-09,1.7109091e-16,1.7109091e-16,-0.0033897276,-0.0033897276,-0.06476409,-0.06476409,-0.00081596199,-0.00081596199,-0.00081596262,-0.00081596262,-0.0018181872,-0.0018181872,-0.20359888,-0.20359888,0.018863142,0.018863142,-0.17017778,-0.17017778,0.0057107401,0.0057107401,-0.033421101,-0.033421101,0.013152402,0.013152402,-0.16446704,-0.16446704,-0.020268699,-0.020268699,-0.16446704,-0.16446704,-0.020268699,-0.020268699,4.4396909e-10,4.4396909e-10,-0.068153818,-0.068153818,4.4319304e-10,4.4319304e-10,-0.068153818,-0.068153818,-0.0033897276,-0.0033897276,-0.06476409,-0.06476409,-0.16785677,-0.16785677,-0.20359888,-0.20359888,0.003389728,0.003389728,2.8250378e-05,2.8250378e-05,-0.0012121248,-0.0012121248,1.1594246e-09,1.1594246e-09,-0.0011838756,-0.0011838756,-0.00059294013,-0.00059294013,-0.068400464,-0.068400464,12.622571,12.622571,-4.3939117,-4.3939117,14.265579,14.265579,-2.2455414,-2.2455414,0.019208459,0.019208459,-0.087362277,-0.087362277,-0.033571353,-0.033571353,-0.017006558,-0.017006558,2.5928404,2.5928404,-2.3919798,-2.3919798,0.0090212817,0.0090212817,-1.155652e-15,-1.155652e-15,-6.1113042e-16,-6.1113042e-16,-2.3471427e-15,-2.3471427e-15,4.033079e-15,4.033079e-15,-1.2094926e-14,-1.2094926e-14,0.00024928942,0.00024928942,0.00011311469,0.00011311469
0.084969762,0.084969762,0.19534415,0.19534415,0.28031391,0.28031391,0.051099772,0.051099772,-0.03386999,-0.03386999,-0.080902028,-0.080902028,0.032332981,0.032332981,-0.080722108,-0.080722108,0.032411509,0.032411509,-7.9409715e-09,-7.9409715e-09,1.7062752e-16,1.7062752e-16,-0.003356723,-0.003356723,-0.065948336,-0.065948336,-0.00082762883,-0.00082762883,-0.00082762954,-0.00082762954,-0.0017763689,-0.0017763689,-0.19534415,-0.19534415,0.018205286,0.018205286,-0.16318931,-0.16318931,0.0055840069,0.0055840069,-0.032154836,-0.032154836,0.012621279,0.012621279,-0.1576053,-0.1576053,-0.019533557,-0.019533557,-0.1576053,-0.1576053,-0.019533557,-0.019533557,-6.5746998e-10,-6.5746998e-10,-0.069305058,-0.069305058,-6.5832969e-10,-6.5832969e-10,-0.069305058,-0.069305058,-0.003356723,-0.003356723,-0.065948336,-0.065948336,-0.16096203,-0.16096203,-0.19534415,-0.19534415,0.0033567224,0.0033567224,3.300455e-05,3.300455e-05,-0.0011842459,-0.0011842459,-1.1015227e-09,-1.1015227e-09,-0.0011512403,-0.0011512403,-8.9272575e-05,-8.9272575e-05,-0.069501074,-0.069501074,12.670993,12.670993,-4.4599055,-4.4599055,13.995418,13.995418,-2.2764958,-2.2764958,0.019021426,0.019021426,-0.088326485,-0.088326485,-0.032192406,-0.032192406,-0.017096379,-0.017096379,2.6402519,2.6402519,-2.4334797,-2.4334797,0.0088137922,0.0088137922,-1.1327871e-15,-1.1327871e-15,-6.1624378e-16,-6.1624378e-16,-2.3145673e-15,-2.3145673e-15,3.9722509e-15,3.9722509e-15,-1.2077761e-14,-1.2077761e-14,0.00024738965,0.00024738965,0.00010797625,0.00010797625
0.085913757,0.085913757,0.18730956,0.18730956,0.27322331,0.27322331,0.052867259,0.052867259,-0.033046498,-0.033046498,-0.077715861,-0.077715861,0.031166128,0.031166128,-0.077537181,-0.077537181,0.031241088,0.031241088,-8.5973693e-09,-8.5973693e-09,1.7012679e-16,1.7012679e-16,-0.0033191312,-0.0033191312,-0.067105344,-0.067105344,-0.00083873136,-0.00083873136,-0.00083873213,-0.00083873213,-0.0017355124,-0.0017355124,-0.18730956,-0.18730956,0.017557216,0.017557216,-0.15639186,-0.15639186,0.0054548443,0.0054548443,-0.030917696,-0.030917696,0.012102372,0.012102372,-0.15093702,-0.15093702,-0.018815323,-0.018815323,-0.15093702,-0.15093702,-0.018815323,-0.018815323,4.1188914e-10,4.1188914e-10,-0.070424476,-0.070424476,4.1094769e-10,4.1094769e-10,-0.070424476,-0.070424476,-0.0033191312,-0.0033191312,-0.067105344,-0.067105344,-0.15425615,-0.15425615,-0.18730956,-0.18730956,0.0033191316,0.0033191316,3.7591845e-05,3.7591845e-05,-0.0011570083,-0.0011570083,1.0692774e-09,1.0692774e-09,-0.0011194175,-0.0011194175,0.00040246151,0.00040246151,-0.070576369,-0.070576369,12.719627,12.719627,-4.5243815,-4.5243815,13.733152,13.733152,-2.3067383,-2.3067383,0.018808413,0.018808413,-0.089232888,-0.089232888,-0.03085123,-0.03085123,-0.017184134,-0.017184134,2.6865729,2.6865729,-2.4740205,-2.4740205,0.008611075,0.008611075,-1.1099296e-15,-1.1099296e-15,-6.2112944e-16,-6.2112944e-16,-2.2802941e-15,-2.2802941e-15,3.9113079e-15,3.9113079e-15,-1.2058431e-14,-1.2058431e-14,0.00024568521,0.00024568521,0.00010307021,0.00010307021
0.086806053,0.086806053,0.17948975,0.17948975,0.2662958,0.2662958,0.054594094,0.054594094,-0.032211958,-0.032211958,-0.07460743,-0.07460743,0.030020741,0.030020741,-0.074429837,-0.074429837,0.030092295,0.030092295,-8.1844321e-09,-8.1844321e-09,1.6959438e-16,1.6959438e-16,-0.0032771145,-0.0032771145,-0.068235741,-0.068235741,-0.00084923077,-0.00084923077,-0.0008492316,-0.0008492316,-0.0016955956,-0.0016955956,-0.17948975,-0.17948975,0.016918761,0.016918761,-0.14978074,-0.14978074,0.0053233609,0.0053233609,-0.029709009,-0.029709009,0.0115954,0.0115954,-0.14445738,-0.14445738,-0.018113609,-0.018113609,-0.14445738,-0.14445738,-0.018113609,-0.018113609,-6.0366117e-10,-6.0366117e-10,-0.071512855,-0.071512855,-6.0468248e-10,-6.0468248e-10,-0.071512855,-0.071512855,-0.0032771145,-0.0032771145,-0.068235741,-0.068235741,-0.14773449,-0.14773449,-0.17948975,-0.17948975,0.0032771138,0.0032771138,4.2016714e-05,4.2016714e-05,-0.0011303971,-0.0011303971,-1.0156302e-09,-1.0156302e-09,-0.0010883793,-0.0010883793,0.00088254027,0.00088254027,-0.071626933,-0.071626933,12.768452,12.768452,-4.5873745,-4.5873745,13.478582,13.478582,-2.3362851,-2.3362851,0.018570311,0.018570311,-0.090083167,-0.090083167,-0.029546899,-0.029546899,-0.01726987,-0.01726987,2.7318285,2.7318285,-2.5136302,-2.5136302,0.0084130202,0.0084130202,-1.087142e-15,-1.087142e-15,-6.2580336e-16,-6.2580336e-16,-2.2444989e-15,-2.2444989e-15,3.8504456e-15,3.8504456e-15,-1.2037337e-14,-1.2037337e-14,0.00024418962,0.00024418962,9.8386318e-05,9.8386318e-05
0.087648184,0.087648184,0.17187944,0.17187944,0.25952762,0.25952762,0.056281212,0.056281212,-0.031366972,-0.031366972,-0.071574907,-0.071574907,0.028896391,0.028896391,-0.071398242,-0.071398242,0.028964693,0.028964693,-8.7870686e-09,-8.7870686e-09,1.6903531e-16,1.6903531e-16,-0.003230831,-0.003230831,-0.069340139,-0.069340139,-0.00085919738,-0.00085919738,-0.00085919828,-0.00085919828,-0.0016565969,-0.0016565969,-0.17187944,-0.17187944,0.016289759,0.016289759,-0.14335132,-0.14335132,0.0051896704,0.0051896704,-0.028528123,-0.028528123,0.011100088,0.011100088,-0.13816165,-0.13816165,-0.017428034,-0.017428034,-0.13816165,-0.13816165,-0.017428034,-0.017428034,3.8255631e-10,3.8255631e-10,-0.072570971,-0.072570971,3.8145698e-10,3.8145698e-10,-0.072570971,-0.072570971,-0.003230831,-0.003230831,-0.069340139,-0.069340139,-0.14139248,-0.14139248,-0.17187944,-0.17187944,0.0032308313,0.0032308313,4.6283499e-05,4.6283499e-05,-0.0011043979,-0.0011043979,9.8613946e-10,9.8613946e-10,-0.0010581154,-0.0010581154,0.0013512355,0.0013512355,-0.072653333,-0.072653333,12.817451,12.817451,-4.6489187,-4.6489187,13.231513,13.231513,-2.3651524,-2.3651524,0.018308045,0.018308045,-0.090879015,-0.090879015,-0.028278496,-0.028278496,-0.017353635,-0.017353635,2.7760433,2.7760433,-2.5523357,-2.5523357,0.0082195208,0.0082195208,-1.0644788e-15,-1.0644788e-15,-6.3028057e-16,-6.3028057e-16,-2.2073464e-15,-2.2073464e-15,3.7898357e-15,3.7898357e-15,-1.2014832e-14,-1.2014832e-14,0.00024291413,0.00024291413,9.3914703e-05,9.3914703e-05
0.088441595,0.088441595,0.16447352,0.16447352,0.25291511,0.25291511,0.057929526,0.057929526,-0.030512069,-0.030512069,-0.068616516,-0.068616516,0.027792649,0.027792649,-0.068440612,-0.068440612,0.027857846,0.027857846,-8.4035101e-09,-8.4035101e-09,1.6845409e-16,1.6845409e-16,-0.0031804345,-0.0031804345,-0.070419136,-0.070419136,-0.0008685959,-0.0008685959,-0.00086859685,-0.00086859685,-0.0016184952,-0.0016184952,-0.16447352,-0.16447352,0.015670044,0.015670044,-0.13709912,-0.13709912,0.0050538755,0.0050538755,-0.027374397,-0.027374397,0.010616169,0.010616169,-0.13204525,-0.13204525,-0.016758228,-0.016758228,-0.13204525,-0.13204525,-0.016758228,-0.016758228,-5.5380249e-10,-5.5380249e-10,-0.07359957,-0.07359957,-5.5497805e-10,-5.5497805e-10,-0.07359957,-0.07359957,-0.0031804345,-0.0031804345,-0.070419136,-0.070419136,-0.13522568,-0.13522568,-0.16447352,-0.16447352,0.003180434,0.003180434,5.0396436e-05,5.0396436e-05,-0.0010789968,-0.0010789968,-9.3643503e-10,-9.3643503e-10,-0.0010285994,-0.0010285994,0.0018088126,0.0018088126,-0.073656126,-0.073656126,12.866606,12.866606,-4.7090474,-4.7090474,12.991755,12.991755,-2.3933558,-2.3933558,0.018022459,0.018022459,-0.091622029,-0.091622029,-0.027045136,-0.027045136,-0.017435473,-0.017435473,2.8192411,2.8192411,-2.5901629,-2.5901629,0.0080304718,0.0080304718,-1.0419878e-15,-1.0419878e-15,-6.3457516e-16,-6.3457516e-16,-2.168991e-15,-2.168991e-15,3.7296281e-15,3.7296281e-15,-1.1991232e-14,-1.1991232e-14,0.00024186791,0.00024186791,8.9645889e-05,8.9645889e-05
0.089187743,0.089187743,0.15726695,0.15726695,0.24645469,0.24645469,0.059539929,0.059539929,-0.029647814,-0.029647814,-0.065730511,-0.065730511,0.026709103,0.026709103,-0.065555196,-0.065555196,0.026771337,0.026771337,-8.9563324e-09,-8.9563324e-09,1.6785471e-16,1.6785471e-16,-0.0031260749,-0.0031260749,-0.071473316,-0.071473316,-0.00087749164,-0.00087749164,-0.00087749265,-0.00087749265,-0.0015812698,-0.0015812698,-0.15726695,-0.15726695,0.015059463,0.015059463,-0.13101974,-0.13101974,0.0049160833,0.0049160833,-0.026247206,-0.026247206,0.010143379,0.010143379,-0.12610366,-0.12610366,-0.016103827,-0.016103827,-0.12610366,-0.12610366,-0.016103827,-0.016103827,3.5573763e-10,3.5573763e-10,-0.074599391,-0.074599391,3.5448759e-10,3.5448759e-10,-0.074599391,-0.074599391,-0.0031260749,-0.0031260749,-0.071473316,-0.071473316,-0.12922973,-0.12922973,-0.15726695,-0.15726695,0.0031260752,0.0031260752,5.4359655e-05,5.4359655e-05,-0.0010541799,-0.0010541799,9.0946564e-10,9.0946564e-10,-0.00099982111,-0.00099982111,0.002255531,0.002255531,-0.074635856,-0.074635856,12.915899,12.915899,-4.7677931,-4.7677931,12.759122,12.759122,-2.4209105,-2.4209105,0.017714427,0.017714427,-0.092313817,-0.092313817,-0.025845947,-0.025845947,-0.017515429,-0.017515429,2.8614453,2.8614453,-2.6271369,-2.6271369,0.007845771,0.007845771,-1.0197101e-15,-1.0197101e-15,-6.387004e-16,-6.387004e-16,-2.1295772e-15,-2.1295772e-15,3.669953e-15,3.669953e-15,-1.1966815e-14,-1.1966815e-14,0.00024105822,0.00024105822,8.5570787e-05,8.5570787e-05
0.089888,0.089888,0.15025486,0.15025486,0.24014286,0.24014286,0.061113292,0.061113292,-0.028774708,-0.028774708,-0.062915195,-0.062915195,0.025645343,0.025645343,-0.062740293,-0.062740293,0.025704747,0.025704747,-8.5996357e-09,-8.5996357e-09,1.6724074e-16,1.6724074e-16,-0.0030678977,-0.0030678977,-0.07250325,-0.07250325,-0.0008858525,-0.0008858525,-0.00088585357,-0.00088585357,-0.0015449006,-0.0015449006,-0.15025486,-0.15025486,0.014457855,0.014457855,-0.12510891,-0.12510891,0.0047763908,0.0047763908,-0.025145941,-0.025145941,0.009681464,0.009681464,-0.12033252,-0.12033252,-0.015464477,-0.015464477,-0.12033252,-0.12033252,-0.015464477,-0.015464477,-5.0760492e-10,-5.0760492e-10,-0.075571147,-0.075571147,-5.0892772e-10,-5.0892772e-10,-0.075571147,-0.075571147,-0.0030678977,-0.0030678977,-0.07250325,-0.07250325,-0.12340042,-0.12340042,-0.15025486,-0.15025486,0.0030678972,0.0030678972,5.8177187e-05,5.8177187e-05,-0.0010299337,-0.0010299337,-8.6341531e-10,-8.6341531e-10,-0.00097175567,-0.00097175567,0.0026916438,0.0026916438,-0.075593051,-0.075593051,12.965315,12.965315,-4.8251876,-4.8251876,12.533433,12.533433,-2.4478314,-2.4478314,0.01738475,0.01738475,-0.092955897,-0.092955897,-0.024680084,-0.024680084,-0.017593545,-0.017593545,2.9026789,2.9026789,-2.6632818,-2.6632818,0.0076653182,0.0076653182,-9.9768176e-16,-9.9768176e-16,-6.4266873e-16,-6.4266873e-16,-2.0892401e-15,-2.0892401e-15,3.6109235e-15,3.6109235e-15,-1.1941824e-14,-1.1941824e-14,0.00024049054,0.00024049054,8.1680688e-05,8.1680688e-05
0.09054375,0.09054375,0.14343244,0.14343244,0.23397619,0.23397619,0.062650468,0.062650468,-0.027893282,-0.027893282,-0.060168901,-0.060168901,0.024600974,0.024600974,-0.059994233,-0.059994233,0.024657677,0.024657677,-9.1063021e-09,-9.1063021e-09,1.6661534e-16,1.6661534e-16,-0.0030060447,-0.0030060447,-0.073509495,-0.073509495,-0.00089373916,-0.00089373916,-0.00089374028,-0.00089374028,-0.0015093679,-0.0015093679,-0.14343244,-0.14343244,0.013865072,0.013865072,-0.11936244,-0.11936244,0.0046348991,0.0046348991,-0.024070005,-0.024070005,0.0092301728,0.0092301728,-0.11472754,-0.11472754,-0.014839832,-0.014839832,-0.11472754,-0.11472754,-0.014839832,-0.014839832,3.312193e-10,3.312193e-10,-0.07651554,-0.07651554,3.2982541e-10,3.2982541e-10,-0.07651554,-0.07651554,-0.0030060447,-0.0030060447,-0.073509495,-0.073509495,-0.11773359,-0.11773359,-0.14343244,-0.14343244,0.003006045,0.003006045,6.1852964e-05,6.1852964e-05,-0.0010062452,-0.0010062452,8.3875313e-10,8.3875313e-10,-0.00094439312,-0.00094439312,0.0031173987,0.0031173987,-0.076528231,-0.076528231,13.014837,13.014837,-4.8812621,-4.8812621,12.314512,12.314512,-2.4741331,-2.4741331,0.017034256,0.017034256,-0.093549795,-0.093549795,-0.023546717,-0.023546717,-0.017669865,-0.017669865,2.9429641,2.9429641,-2.6986208,-2.6986208,0.0074890159,0.0074890159,-9.7593337e-16,-9.7593337e-16,-6.464918e-16,-6.464918e-16,-2.048106e-15,-2.048106e-15,3.552637e-15,3.552637e-15,-1.1916478e-14,-1.1916478e-14,0.00024016878,0.00024016878,7.7967252e-05,7.7967252e-05
0.091156299,0.091156299,0.13679507,0.13679507,0.22795137,0.22795137,0.064152289,0.064152289,-0.02700401,-0.02700401,-0.057490008,-0.057490008,0.023575602,0.023575602,-0.057315393,-0.057315393,0.023629728,0.023629728,-8.7741642e-09,-8.7741642e-09,1.6598132e-16,1.6598132e-16,-0.0029406539,-0.0029406539,-0.074492596,-0.074492596,-0.00090112245,-0.00090112245,-0.00090112363,-0.00090112363,-0.0014746524,-0.0014746524,-0.13679507,-0.13679507,0.013280961,0.013280961,-0.11377625,-0.11377625,0.0044916995,0.0044916995,-0.023018816,-0.023018816,0.0087892613,0.0087892613,-0.10928455,-0.10928455,-0.014229554,-0.014229554,-0.10928455,-0.10928455,-0.014229554,-0.014229554,-4.6480094e-10,-4.6480094e-10,-0.07743325,-0.07743325,-4.6626429e-10,-4.6626429e-10,-0.07743325,-0.07743325,-0.0029406539,-0.0029406539,-0.074492596,-0.074492596,-0.11222521,-0.11222521,-0.13679507,-0.13679507,0.0029406534,0.0029406534,6.539082e-05,6.539082e-05,-0.00098310161,-0.00098310161,-7.9608969e-10,-7.9608969e-10,-0.00091770999,-0.00091770999,0.0035330373,0.0035330373,-0.077441901,-0.077441901,13.064448,13.064448,-4.9360469,-4.9360469,12.102187,12.102187,-2.4998299,-2.4998299,0.016663702,0.016663702,-0.094096953,-0.094096953,-0.022445041,-0.022445041,-0.01774443,-0.01774443,2.9823227,2.9823227,-2.7331764,-2.7331764,0.0073167685,0.0073167685,-9.5449126e-16,-9.5449126e-16,-6.5018058e-16,-6.5018058e-16,-2.0062932e-15,-2.0062932e-15,3.4951771e-15,3.4951771e-15,-1.1890965e-14,-1.1890965e-14,0.00024009535,0.00024009535,7.4422504e-05,7.4422504e-05
0.091726959,0.091726959,0.13033815,0.13033815,0.22206511,0.22206511,0.065619568,0.065619568,-0.026107391,-0.026107391,-0.054876923,-0.054876923,0.02256885,0.02256885,-0.05470218,-0.05470218,0.022620515,0.022620515,-9.2380657e-09,-9.2380657e-09,1.6534117e-16,1.6534117e-16,-0.0028718594,-0.0028718594,-0.075453087,-0.075453087,-0.00090805875,-0.00090805875,-0.00090805998,-0.00090805998,-0.0014407354,-0.0014407354,-0.13033815,-0.13033815,0.012705378,0.012705378,-0.10834635,-0.10834635,0.0043468875,0.0043468875,-0.021991803,-0.021991803,0.0083584907,0.0083584907,-0.10399946,-0.10399946,-0.013633313,-0.013633313,-0.10399946,-0.10399946,-0.013633313,-0.013633313,3.0880514e-10,3.0880514e-10,-0.078324946,-0.078324946,3.0727393e-10,3.0727393e-10,-0.078324946,-0.078324946,-0.0028718594,-0.0028718594,-0.075453087,-0.075453087,-0.10687132,-0.10687132,-0.13033815,-0.13033815,0.0028718597,0.0028718597,6.8794496e-05,6.8794496e-05,-0.00096049027,-0.00096049027,7.7353822e-10,7.7353822e-10,-0.00089169655,-0.00089169655,0.0039387957,0.0039387957,-0.078334558,-0.078334558,13.114135,13.114135,-4.9895716,-4.9895716,11.896288,11.896288,-2.5249357,-2.5249357,0.016273872,0.016273872,-0.094598818,-0.094598818,-0.021374264,-0.021374264,-0.01781728,-0.01781728,3.0207761,3.0207761,-2.7669703,-2.7669703,0.0071484829,0.0071484829,-9.3337777e-16,-9.3337777e-16,-6.5374532e-16,-6.5374532e-16,-1.9639117e-15,-1.9639117e-15,3.4386149e-15,3.4386149e-15,-1.1865451e-14,-1.1865451e-14,0.00024027134,0.00024027134,7.1038814e-05,7.1038814e-05
0.09225697,0.09225697,0.12405727,0.12405727,0.21631424,0.21631424,0.0670531,0.0670531,-0.02520387,-0.02520387,-0.052328097,-0.052328097,0.021580341,0.021580341,-0.052153045,-0.052153045,0.021629657,0.021629657,-8.9283798e-09,-8.9283798e-09,1.6469709e-16,1.6469709e-16,-0.0027997918,-0.0027997918,-0.076391486,-0.076391486,-0.00091452156,-0.00091452156,-0.00091452284,-0.00091452284,-0.0014075985,-0.0014075985,-0.12405727,-0.12405727,0.012138177,0.012138177,-0.10306885,-0.10306885,0.0042005492,0.0042005492,-0.020988413,-0.020988413,0.0079376279,0.0079376279,-0.098868305,-0.098868305,-0.013050785,-0.013050785,-0.098868305,-0.098868305,-0.013050785,-0.013050785,-4.251429e-10,-4.251429e-10,-0.079191277,-0.079191277,-4.267404e-10,-4.267404e-10,-0.079191277,-0.079191277,-0.0027997918,-0.0027997918,-0.076391486,-0.076391486,-0.1016681,-0.1016681,-0.12405727,-0.12405727,0.0027997913,0.0027997913,7.2067639e-05,7.2067639e-05,-0.00093839899,-0.00093839899,-7.3401433e-10,-7.3401433e-10,-0.00086633062,-0.00086633062,0.0043349045,0.0043349045,-0.079206683,-0.079206683,13.163882,13.163882,-5.0418653,-5.0418653,11.696652,11.696652,-2.549464,-2.549464,0.015865484,0.015865484,-0.095056761,-0.095056761,-0.020333619,-0.020333619,-0.017888454,-0.017888454,3.058345,3.058345,-2.8000234,-2.8000234,0.0069840678,0.0069840678,-9.1261165e-16,-9.1261165e-16,-6.5719565e-16,-6.5719565e-16,-1.9210643e-15,-1.9210643e-15,3.3830105e-15,3.3830105e-15,-1.1840083e-14,-1.1840083e-14,0.00024069662,0.00024069662,6.7808889e-05,6.7808889e-05
0.092747579,0.092747579,0.11794805,0.11794805,0.21069563,0.21069563,0.06845366,0.06845366,-0.024293918,-0.024293918,-0.049842011,-0.049842011,0.020609713,0.020609713,-0.049666469,-0.049666469,0.020656786,0.020656786,-9.3526599e-09,-9.3526599e-09,1.6405103e-16,1.6405103e-16,-0.0027245779,-0.0027245779,-0.077308302,-0.077308302,-0.00092056325,-0.00092056325,-0.00092056459,-0.00092056459,-0.0013752237,-0.0013752237,-0.11794806,-0.11794806,0.011579219,0.011579219,-0.097939955,-0.097939955,0.0040527744,0.0040527744,-0.0200081,-0.0200081,0.0075264449,0.0075264449,-0.093887181,-0.093887181,-0.012481655,-0.012481655,-0.093887181,-0.093887181,-0.012481655,-0.012481655,2.8831518e-10,2.8831518e-10,-0.08003288,-0.08003288,2.8665291e-10,2.8665291e-10,-0.08003288,-0.08003288,-0.0027245779,-0.0027245779,-0.077308302,-0.077308302,-0.096611759,-0.096611759,-0.11794805,-0.11794805,0.0027245782,0.0027245782,7.521381e-05,7.521381e-05,-0.00091681582,-0.00091681582,7.1339331e-10,7.1339331e-10,-0.00084160272,-0.00084160272,0.0047215892,0.0047215892,-0.080058749,-0.080058749,13.213675,13.213675,-5.0929562,-5.0929562,11.503119,11.503119,-2.5734282,-2.5734282,0.015439277,0.015439277,-0.095472156,-0.095472156,-0.019322352,-0.019322352,-0.017957991,-0.017957991,3.0950499,3.0950499,-2.8323557,-2.8323557,0.0068234342,0.0068234342,-8.9220849e-16,-8.9220849e-16,-6.6054057e-16,-6.6054057e-16,-1.877847e-15,-1.877847e-15,3.3284142e-15,3.3284142e-15,-1.1814986e-14,-1.1814986e-14,0.00024136996,0.00024136996,6.4725762e-05,6.4725762e-05
0.093199963,0.093199963,0.1120063,0.1120063,0.20520626,0.20520626,0.069822008,0.069822008,-0.023377955,-0.023377955,-0.047417184,-0.047417184,0.019656605,0.019656605,-0.047240974,-0.047240974,0.019701538,0.019701538,-9.0634992e-09,-9.0634992e-09,1.634047e-16,1.634047e-16,-0.0026463415,-0.0026463415,-0.078204031,-0.078204031,-0.00092615979,-0.00092615979,-0.00092616118,-0.00092616118,-0.0013435936,-0.0013435936,-0.11200629,-0.11200629,0.011028364,0.011028364,-0.092955961,-0.092955961,0.0039036445,0.0039036445,-0.019050334,-0.019050334,0.0071247192,0.0071247192,-0.089052316,-0.089052316,-0.011925615,-0.011925615,-0.089052316,-0.089052316,-0.011925615,-0.011925615,-3.8840153e-10,-3.8840153e-10,-0.080850372,-0.080850372,-3.9012709e-10,-3.9012709e-10,-0.080850372,-0.080850372,-0.0026463415,-0.0026463415,-0.078204031,-0.078204031,-0.091698658,-0.091698658,-0.1120063,-0.1120063,0.0026463411,0.0026463411,7.8236477e-05,7.8236477e-05,-0.00089572905,-0.00089572905,-6.7678e-10,-6.7678e-10,-0.0008174919,-0.0008174919,0.0050990698,0.0050990698,-0.080891218,-0.080891218,13.2635,13.2635,-5.142872,-5.142872,11.315531,11.315531,-2.5968412,-2.5968412,0.014995932,0.014995932,-0.095846305,-0.095846305,-0.018339732,-0.018339732,-0.018025929,-0.018025929,3.1309105,3.1309105,-2.863987,-2.863987,0.0066664952,0.0066664952,-8.7218106e-16,-8.7218106e-16,-6.6378851e-16,-6.6378851e-16,-1.8343489e-15,-1.8343489e-15,3.2748673e-15,3.2748673e-15,-1.1790271e-14,-1.1790271e-14,0.00024228911,0.00024228911,6.1782776e-05,6.1782776e-05
0.093615307,0.093615307,0.10622783,0.10622783,0.19984314,0.19984314,0.071158884,0.071158884,-0.022456423,-0.022456423,-0.045052166,-0.045052166,0.01872067,0.01872067,-0.044875111,-0.044875111,0.01876356,0.01876356,-9.4510722e-09,-9.4510722e-09,1.6275962e-16,1.6275962e-16,-0.0025652024,-0.0025652024,-0.079079158,-0.079079158,-0.00093135985,-0.00093135985,-0.00093136129,-0.00093136129,-0.0013126909,-0.0013126909,-0.10622783,-0.10622783,0.010485477,0.010485477,-0.088113235,-0.088113235,0.0037532438,0.0037532438,-0.018114597,-0.018114597,0.0067322331,0.0067322331,-0.084359991,-0.084359991,-0.011382364,-0.011382364,-0.084359991,-0.084359991,-0.011382364,-0.011382364,2.6958437e-10,2.6958437e-10,-0.081644361,-0.081644361,2.6779698e-10,2.6779698e-10,-0.081644361,-0.081644361,-0.0025652024,-0.0025652024,-0.079079158,-0.079079158,-0.086925193,-0.086925193,-0.10622783,-0.10622783,0.0025652027,0.0025652027,8.1139027e-05,8.1139027e-05,-0.00087512728,-0.00087512728,6.5792407e-10,6.5792407e-10,-0.00079398891,-0.00079398891,0.0054675612,0.0054675612,-0.08170454,-0.08170454,13.313345,13.313345,-5.1916397,-5.1916397,11.133737,11.133737,-2.6197157,-2.6197157,0.014536149,0.014536149,-0.096180509,-0.096180509,-0.017385039,-0.017385039,-0.018092304,-0.018092304,3.1659464,3.1659464,-2.8949361,-2.8949361,0.0065131658,0.0065131658,-8.5253964e-16,-8.5253964e-16,-6.6694736e-16,-6.6694736e-16,-1.7906529e-15,-1.7906529e-15,3.2224034e-15,3.2224034e-15,-1.1766032e-14,-1.1766032e-14,0.00024345096,0.00024345096,5.897357e-05,5.897357e-05
0.093994728,0.093994728,0.10060864,0.10060864,0.19460337,0.19460337,0.072465011,0.072465011,-0.021529717,-0.021529717,-0.042745544,-0.042745544,0.017801562,0.017801562,-0.042567471,-0.042567471,0.017842502,0.017842502,-9.1806755e-09,-9.1806755e-09,1.621171e-16,1.621171e-16,-0.0024812777,-0.0024812777,-0.079934157,-0.079934157,-0.00093614163,-0.00093614163,-0.0009361431,-0.0009361431,-0.001282499,-0.001282499,-0.10060864,-0.10060864,0.0099504234,0.0099504234,-0.08340826,-0.08340826,0.0036016492,0.0036016492,-0.017200382,-0.017200382,0.0063487742,0.0063487742,-0.079806611,-0.079806611,-0.010851608,-0.010851608,-0.079806611,-0.079806611,-0.010851608,-0.010851608,-3.5436454e-10,-3.5436454e-10,-0.082415435,-0.082415435,-3.5621233e-10,-3.5621233e-10,-0.082415435,-0.082415435,-0.0024812777,-0.0024812777,-0.079934157,-0.079934157,-0.082287888,-0.082287888,-0.10060864,-0.10060864,0.0024812773,0.0024812773,8.392476e-05,8.392476e-05,-0.00085499936,-0.00085499936,-6.2400931e-10,-6.2400931e-10,-0.00077107397,-0.00077107397,0.0058272736,0.0058272736,-0.082499155,-0.082499155,13.363196,13.363196,-5.2392858,-5.2392858,10.957587,10.957587,-2.6420641,-2.6420641,0.014060571,0.014060571,-0.096476006,-0.096476006,-0.016457578,-0.016457578,-0.018157153,-0.018157153,3.2001764,3.2001764,-2.9252211,-2.9252211,0.006363363,0.006363363,-8.3329224e-16,-8.3329224e-16,-6.7002449e-16,-6.7002449e-16,-1.7468363e-15,-1.7468363e-15,3.1710494e-15,3.1710494e-15,-1.174235e-14,-1.174235e-14,0.00024485156,0.00024485156,5.6292072e-05,5.6292072e-05
0.094339351,0.094339351,0.095144766,0.095144766,0.18948412,0.18948412,0.073741098,0.073741098,-0.020598253,-0.020598253,-0.040495933,-0.040495933,0.016898949,0.016898949,-0.04031667,-0.04031667,0.016938027,0.016938027,-9.5342434e-09,-9.5342434e-09,1.6147832e-16,1.6147832e-16,-0.0023946808,-0.0023946808,-0.080769492,-0.080769492,-0.00094055034,-0.00094055034,-0.00094055187,-0.00094055187,-0.0012530016,-0.0012530016,-0.095144767,-0.095144767,0.009423075,0.009423075,-0.078837573,-0.078837573,0.0034489401,0.0034489401,-0.016307194,-0.016307194,0.0059741349,0.0059741349,-0.075388633,-0.075388633,-0.010333059,-0.010333059,-0.075388633,-0.075388633,-0.010333059,-0.010333059,2.5246132e-10,2.5246132e-10,-0.083164173,-0.083164173,2.5055452e-10,2.5055452e-10,-0.083164173,-0.083164173,-0.0023946808,-0.0023946808,-0.080769492,-0.080769492,-0.077783313,-0.077783313,-0.095144766,-0.095144766,0.002394681,0.002394681,8.6596897e-05,8.6596897e-05,-0.00083533437,-0.00083533437,6.0676685e-10,6.0676685e-10,-0.00074873808,-0.00074873808,0.006178412,0.006178412,-0.083275495,-0.083275495,13.413041,13.413041,-5.2858361,-5.2858361,10.786936,10.786936,-2.6638985,-2.6638985,0.013569859,0.013569859,-0.096734032,-0.096734032,-0.015556663,-0.015556663,-0.01822051,-0.01822051,3.2336192,3.2336192,-2.9548596,-2.9548596,0.0062170057,0.0062170057,-8.1444493e-16,-8.1444493e-16,-6.7302678e-16,-6.7302678e-16,-1.7029706e-15,-1.7029706e-15,3.1208256e-15,3.1208256e-15,-1.1719294e-14,-1.1719294e-14,0.00024648626,0.00024648626,5.3732482e-05,5.3732482e-05
0.094650237,0.094650237,0.08983237,0.08983237,0.18448261,0.18448261,0.074987834,0.074987834,-0.019662403,-0.019662403,-0.038301983,-0.038301983,0.016012499,0.016012499,-0.038121365,-0.038121365,0.016049801,0.016049801,-9.2810006e-09,-9.2810006e-09,1.6084427e-16,1.6084427e-16,-0.0023055222,-0.0023055222,-0.081585613,-0.081585613,-0.00094456624,-0.00094456624,-0.00094456781,-0.00094456781,-0.0012241825,-0.0012241825,-0.08983237,-0.08983237,0.008903301,0.008903301,-0.074397821,-0.074397821,0.0032951887,0.0032951887,-0.015434549,-0.015434549,0.0056081122,0.0056081122,-0.071102632,-0.071102632,-0.0098264369,-0.0098264369,-0.071102632,-0.071102632,-0.0098264369,-0.0098264369,-3.2283535e-10,-3.2283535e-10,-0.083891135,-0.083891135,-3.2479981e-10,-3.2479981e-10,-0.083891135,-0.083891135,-0.0023055222,-0.0023055222,-0.081585613,-0.081585613,-0.073408154,-0.073408154,-0.08983237,-0.08983237,0.0023055219,0.0023055219,8.9158577e-05,8.9158577e-05,-0.00081612168,-0.00081612168,-5.7535433e-10,-5.7535433e-10,-0.00072696253,-0.00072696253,0.0065211769,0.0065211769,-0.084033978,-0.084033978,13.462867,13.462867,-5.3313156,-5.3313156,10.621642,10.621642,-2.6852307,-2.6852307,0.013064624,0.013064624,-0.096955759,-0.096955759,-0.014681631,-0.014681631,-0.01828241,-0.01828241,3.2662927,3.2662927,-2.9838688,-2.9838688,0.0060740145,0.0060740145,-7.9600202e-16,-7.9600202e-16,-6.7596067e-16,-6.7596067e-16,-1.6591221e-15,-1.6591221e-15,3.0717471e-15,3.0717471e-15,-1.1696924e-14,-1.1696924e-14,0.00024834977,0.00024834977,5.1289262e-05,5.1289262e-05
0.094928452,0.094928452,0.08466768,0.08466768,0.17959613,0.17959613,0.076205896,0.076205896,-0.018722556,-0.018722556,-0.036162372,-0.036162372,0.015141894,0.015141894,-0.035980236,-0.035980236,0.015177499,0.015177499,-9.6030692e-09,-9.6030692e-09,1.6021584e-16,1.6021584e-16,-0.0022139093,-0.0022139093,-0.082382964,-0.082382964,-0.00094823137,-0.00094823137,-0.00094823298,-0.00094823298,-0.0011960263,-0.0011960263,-0.08466768,-0.08466768,0.0083909779,0.0083909779,-0.070085705,-0.070085705,0.0031404698,0.0031404698,-0.014581975,-0.014581975,0.0052505081,0.0052505081,-0.066945235,-0.066945235,-0.009331467,-0.009331467,-0.066945235,-0.066945235,-0.009331467,-0.009331467,2.3680727e-10,2.3680727e-10,-0.084596874,-0.084596874,2.3478647e-10,2.3478647e-10,-0.084596874,-0.084596874,-0.0022139093,-0.0022139093,-0.082382964,-0.082382964,-0.069159144,-0.069159144,-0.08466768,-0.08466768,0.0022139096,0.0022139096,9.1612863e-05,9.1612863e-05,-0.00079735088,-0.00079735088,5.5958629e-10,5.5958629e-10,-0.00070573858,-0.00070573858,0.0068557641,0.0068557641,-0.084775017,-0.084775017,13.512664,13.512664,-5.3757492,-5.3757492,10.461567,10.461567,-2.7060722,-2.7060722,0.012545488,0.012545488,-0.097142361,-0.097142361,-0.013831829,-0.013831829,-0.018342886,-0.018342886,3.2982148,3.2982148,-3.0122651,-3.0122651,0.0059343122,0.0059343122,-7.7796627e-16,-7.7796627e-16,-6.7883216e-16,-6.7883216e-16,-1.6153524e-15,-1.6153524e-15,3.0238242e-15,3.0238242e-15,-1.1675289e-14,-1.1675289e-14,0.00025043622,0.00025043622,4.8957126e-05,4.8957126e-05
0.095175005,0.095175005,0.07964704,0.07964704,0.17482204,0.17482204,0.077395942,0.077395942,-0.017779063,-0.017779063,-0.034075812,-0.034075812,0.014286817,0.014286817,-0.033892001,-0.033892001,0.014320803,0.014320803,-9.3655093e-09,-9.3655093e-09,1.5959379e-16,1.5959379e-16,-0.0021199466,-0.0021199466,-0.083161976,-0.083161976,-0.00095152782,-0.00095152782,-0.00095152948,-0.00095152948,-0.0011685177,-0.0011685177,-0.07964704,-0.07964704,0.0078859803,0.0078859803,-0.065898029,-0.065898029,0.0029848514,0.0029848514,-0.01374901,-0.01374901,0.0049011289,0.0049011289,-0.062913178,-0.062913178,-0.0088478815,-0.0088478815,-0.062913178,-0.062913178,-0.0088478815,-0.0088478815,-2.936319e-10,-2.936319e-10,-0.085281922,-0.085281922,-2.9570774e-10,-2.9570774e-10,-0.085281922,-0.085281922,-0.0021199466,-0.0021199466,-0.083161976,-0.083161976,-0.065033125,-0.065033125,-0.07964704,-0.07964704,0.0021199463,0.0021199463,9.396274e-05,9.396274e-05,-0.00077901181,-0.00077901181,-5.3049421e-10,-5.3049421e-10,-0.00068504854,-0.00068504854,0.0071823646,0.0071823646,-0.085499011,-0.085499011,13.56242,13.56242,-5.4191608,-5.4191608,10.306575,10.306575,-2.7264344,-2.7264344,0.012013029,0.012013029,-0.097294951,-0.097294951,-0.013006625,-0.013006625,-0.018401971,-0.018401971,3.3294027,3.3294027,-3.0400645,-3.0400645,0.005797823,0.005797823,-7.6033906e-16,-7.6033906e-16,-6.8164683e-16,-6.8164683e-16,-1.5717181e-15,-1.5717181e-15,2.9770628e-15,2.9770628e-15,-1.1654428e-14,-1.1654428e-14,0.00025273924,0.00025273924,4.6731024e-05,4.6731024e-05
0.095390906,0.095390906,0.074766856,0.074766856,0.17015776,0.17015776,0.078558617,0.078558617,-0.016832289,-0.016832289,-0.03204104,-0.03204104,0.013446962,0.013446962,-0.031855403,-0.031855403,0.013479402,0.013479402,-9.6584022e-09,-9.6584022e-09,1.5897877e-16,1.5897877e-16,-0.0020237355,-0.0020237355,-0.083923071,-0.083923071,-0.00095449469,-0.00095449469,-0.00095449638,-0.00095449638,-0.0011416418,-0.0011416418,-0.074766856,-0.074766856,0.0073881891,0.0073881891,-0.061831652,-0.061831652,0.0028284037,0.0028284037,-0.012935204,-0.012935204,0.0045597854,0.0045597854,-0.059003249,-0.059003249,-0.0083754184,-0.0083754184,-0.059003249,-0.059003249,-0.0083754184,-0.0083754184,2.2249499e-10,2.2249499e-10,-0.085946806,-0.085946806,2.2036538e-10,2.2036538e-10,-0.085946806,-0.085946806,-0.0020237355,-0.0020237355,-0.083923071,-0.083923071,-0.061026984,-0.061026984,-0.074766856,-0.074766856,0.0020237357,0.0020237357,9.621112e-05,9.621112e-05,-0.00076109454,-0.00076109454,5.1607312e-10,5.1607312e-10,-0.00066488394,-0.00066488394,0.0075011654,0.0075011654,-0.086206354,-0.086206354,13.612124,13.612124,-5.4615739,-5.4615739,10.156535,10.156535,-2.7463283,-2.7463283,0.011467836,0.011467836,-0.097414642,-0.097414642,-0.012205397,-0.012205397,-0.018459698,-0.018459698,3.3598732,3.3598732,-3.0672823,-3.0672823,0.0056644731,0.0056644731,-7.4312059e-16,-7.4312059e-16,-6.844099e-16,-6.844099e-16,-1.5282718e-15,-1.5282718e-15,2.931465e-15,2.931465e-15,-1.1634376e-14,-1.1634376e-14,0.00025525206,0.00025525206,4.4606139e-05,4.4606139e-05
0.095577114,0.095577114,0.070023644,0.070023644,0.16560076,0.16560076,0.079694551,0.079694551,-0.015882564,-0.015882564,-0.030056829,-0.030056829,0.012622025,0.012622025,-0.029869216,-0.029869216,0.01265299,0.01265299,-9.4351815e-09,-9.4351815e-09,1.5837134e-16,1.5837134e-16,-0.0019253746,-0.0019253746,-0.08466666,-0.08466666,-0.00095711576,-0.00095711576,-0.0009571175,-0.0009571175,-0.001115384,-0.001115384,-0.070023643,-0.070023643,0.0068974835,0.0068974835,-0.057883529,-0.057883529,0.0026711907,0.0026711907,-0.012140115,-0.012140115,0.0042262928,0.0042262928,-0.055212338,-0.055212338,-0.0079138219,-0.0079138219,-0.055212338,-0.055212338,-0.0079138219,-0.0079138219,-2.6658558e-10,-2.6658558e-10,-0.086592034,-0.086592034,-2.6876772e-10,-2.6876772e-10,-0.086592034,-0.086592034,-0.0019253746,-0.0019253746,-0.08466666,-0.08466666,-0.057137713,-0.057137713,-0.070023644,-0.070023644,0.0019253744,0.0019253744,9.8360844e-05,9.8360844e-05,-0.00074358937,-0.00074358937,-4.891331e-10,-4.891331e-10,-0.00064522803,-0.00064522803,0.0078123489,0.0078123489,-0.086897428,-0.086897428,13.661766,13.661766,-5.5030115,-5.5030115,10.011318,10.011318,-2.7657646,-2.7657646,0.010910455,0.010910455,-0.097502489,-0.097502489,-0.011427543,-0.011427543,-0.018516096,-0.018516096,3.3896429,3.3896429,-3.0939337,-3.0939337,0.0055341902,0.0055341902,-7.2630999e-16,-7.2630999e-16,-6.8712622e-16,-6.8712622e-16,-1.4850618e-15,-1.4850618e-15,2.8870298e-15,2.8870298e-15,-1.1615158e-14,-1.1615158e-14,0.00025796749,0.00025796749,4.2577869e-05,4.2577869e-05
0.095734588,0.095734588,0.065413977,0.065413977,0.16114857,0.16114857,0.080804358,0.080804358,-0.01493023,-0.01493023,-0.028121971,-0.028121971,0.011811713,0.011811713,-0.027932242,-0.027932242,0.011841271,0.011841271,-9.701054e-09,-9.701054e-09,1.5777196e-16,1.5777196e-16,-0.00182496,-0.00182496,-0.085393147,-0.085393147,-0.00095942738,-0.00095942738,-0.00095942917,-0.00095942917,-0.0010897302,-0.0010897302,-0.065413977,-0.065413977,0.006413749,0.006413749,-0.054050665,-0.054050665,0.0025132785,0.0025132785,-0.011363313,-0.011363313,0.0039004705,0.0039004705,-0.051537386,-0.051537386,-0.0074628422,-0.0074628422,-0.051537386,-0.051537386,-0.0074628422,-0.0074628422,2.094079e-10,2.094079e-10,-0.087218107,-0.087218107,2.0717443e-10,2.0717443e-10,-0.087218107,-0.087218107,-0.00182496,-0.00182496,-0.085393147,-0.085393147,-0.053362346,-0.053362346,-0.065413977,-0.065413977,0.0018249602,0.0018249602,0.00010041468,0.00010041468,-0.00072648681,-0.00072648681,4.7594215e-10,4.7594215e-10,-0.00062607261,-0.00062607261,0.0081160933,0.0081160933,-0.087572607,-0.087572607,13.711336,13.711336,-5.543496,-5.543496,9.8707978,9.8707978,-2.7847539,-2.7847539,0.010341441,0.010341441,-0.097559548,-0.097559548,-0.010672469,-0.010672469,-0.018571198,-0.018571198,3.4187279,3.4187279,-3.1200329,-3.1200329,0.0054069038,0.0054069038,-7.0990545e-16,-7.0990545e-16,-6.8980028e-16,-6.8980028e-16,-1.4421326e-15,-1.4421326e-15,2.8437531e-15,2.8437531e-15,-1.1596795e-14,-1.1596795e-14,0.00026087807,0.00026087807,4.0641823e-05,4.0641823e-05
0.095864236,0.095864236,0.060934537,0.060934537,0.15679877,0.15679877,0.081888639,0.081888639,-0.013975596,-0.013975596,-0.026235296,-0.026235296,0.011015736,0.011015736,-0.026043313,-0.026043313,0.011043949,0.011043949,-9.4909453e-09,-9.4909453e-09,1.5718105e-16,1.5718105e-16,-0.0017225846,-0.0017225846,-0.086102924,-0.086102924,-0.00096141491,-0.00096141491,-0.00096141673,-0.00096141673,-0.0010646664,-0.0010646664,-0.060934536,-0.060934536,0.0059368693,0.0059368693,-0.050330159,-0.050330159,0.0023547271,0.0023547271,-0.010604377,-0.010604377,0.0035821422,0.0035821422,-0.047975432,-0.047975432,-0.0070222351,-0.0070222351,-0.047975432,-0.047975432,-0.0070222351,-0.0070222351,-2.4154017e-10,-2.4154017e-10,-0.087825509,-0.087825509,-2.4382379e-10,-2.4382379e-10,-0.087825509,-0.087825509,-0.0017225846,-0.0017225846,-0.086102924,-0.086102924,-0.049698017,-0.049698017,-0.060934537,-0.060934537,0.0017225844,0.0017225844,0.00010237533,0.00010237533,-0.00070977761,-0.00070977761,-4.5099822e-10,-4.5099822e-10,-0.00060740184,-0.00060740184,0.0084125727,0.0084125727,-0.088232257,-0.088232257,13.760824,13.760824,-5.5830494,-5.5830494,9.734853,9.734853,-2.8033064,-2.8033064,0.0097613113,0.0097613113,-0.09758682,-0.09758682,-0.0099396034,-0.0099396034,-0.018625032,-0.018625032,3.447144,3.447144,-3.145594,-3.145594,0.005282545,0.005282545,-6.9390438e-16,-6.9390438e-16,-6.9243629e-16,-6.9243629e-16,-1.3995248e-15,-1.3995248e-15,2.8016284e-15,2.8016284e-15,-1.1579302e-14,-1.1579302e-14,0.00026397604,0.00026397604,3.8793807e-05,3.8793807e-05
0.095966967,0.095966967,0.056582058,0.056582058,0.15254902,0.15254902,0.082947983,0.082947983,-0.013018985,-0.013018985,-0.024395652,-0.024395652,0.010233812,0.010233812,-0.024201285,-0.024201285,0.010260743,0.010260743,-9.7317965e-09,-9.7317965e-09,1.5659892e-16,1.5659892e-16,-0.0016183392,-0.0016183392,-0.086796377,-0.086796377,-0.00096311212,-0.00096311212,-0.00096311398,-0.00096311398,-0.0010401791,-0.0010401791,-0.056582058,-0.056582058,0.0054667339,0.0054667339,-0.046719161,-0.046719161,0.0021955986,0.0021955986,-0.0098628972,-0.0098628972,0.0032711353,0.0032711353,-0.044523562,-0.044523562,-0.0065917618,-0.0065917618,-0.044523562,-0.044523562,-0.0065917618,-0.0065917618,1.9743919e-10,1.9743919e-10,-0.088414716,-0.088414716,1.9510658e-10,1.9510658e-10,-0.088414716,-0.088414716,-0.0016183392,-0.0016183392,-0.086796377,-0.086796377,-0.046141901,-0.046141901,-0.056582058,-0.056582058,0.0016183394,0.0016183394,0.00010424542,0.00010424542,-0.00069345273,-0.00069345273,4.3893037e-10,4.3893037e-10,-0.00058920775,-0.00058920775,0.0087019572,0.0087019572,-0.088876735,-0.088876735,13.81022,13.81022,-5.6216931,-5.6216931,9.6033635,9.6033635,-2.8214322,-2.8214322,0.0091705902,0.0091705902,-0.097585307,-0.097585307,-0.0092283803,-0.0092283803,-0.018677628,-0.018677628,3.4749065,3.4749065,-3.1706307,-3.1706307,0.0051610465,0.0051610465,-6.7830345e-16,-6.7830345e-16,-6.9503811e-16,-6.9503811e-16,-1.3572761e-15,-1.3572761e-15,2.7606467e-15,2.7606467e-15,-1.156269e-14,-1.156269e-14,0.00026725342,0.00026725342,3.7029821e-05,3.7029821e-05
0.096043645,0.096043645,0.052353377,0.052353377,0.14839702,0.14839702,0.083982961,0.083982961,-0.012060684,-0.012060684,-0.022601919,-0.022601919,0.0094656627,0.0094656627,-0.022405045,-0.022405045,0.0094913689,0.0094913689,-9.5336798e-09,-9.5336798e-09,1.5602585e-16,1.5602585e-16,-0.0015123117,-0.0015123117,-0.08747388,-0.08747388,-0.00096450578,-0.00096450578,-0.00096450768,-0.00096450768,-0.001016255,-0.001016255,-0.052353376,-0.052353376,0.0050032311,0.0050032311,-0.043214905,-0.043214905,0.0020359494,0.0020359494,-0.0091384712,-0.0091384712,0.0029672817,0.0029672817,-0.041178956,-0.041178956,-0.0061711895,-0.0061711895,-0.041178956,-0.041178956,-0.0061711895,-0.0061711895,-2.1835097e-10,-2.1835097e-10,-0.088986192,-0.088986192,-2.2073145e-10,-2.2073145e-10,-0.088986192,-0.088986192,-0.0015123117,-0.0015123117,-0.08747388,-0.08747388,-0.042691267,-0.042691267,-0.052353377,-0.052353377,0.0015123115,0.0015123115,0.00010602752,0.00010602752,-0.00067750332,-0.00067750332,-4.1583803e-10,-4.1583803e-10,-0.00057147538,-0.00057147538,0.008984413,0.008984413,-0.08950639,-0.08950639,13.859516,13.859516,-5.6594479,-5.6594479,9.4762128,9.4762128,-2.8391411,-2.8391411,0.0085697648,0.0085697648,-0.097555957,-0.097555957,-0.0085382535,-0.0085382535,-0.018729014,-0.018729014,3.5020304,3.5020304,-3.195156,-3.195156,0.0050423424,0.0050423424,-6.6309874e-16,-6.6309874e-16,-6.9760936e-16,-6.9760936e-16,-1.3154204e-15,-1.3154204e-15,2.7207976e-15,2.7207976e-15,-1.1546966e-14,-1.1546966e-14,0.00027070206,0.00027070206,3.5346043e-05,3.5346043e-05
0.096095132,0.096095132,0.048245383,0.048245383,0.14434051,0.14434051,0.084994134,0.084994134,-0.011100997,-0.011100997,-0.020853002,-0.020853002,0.0087110192,0.0087110192,-0.020653501,-0.020653501,0.0087355565,0.0087355565,-9.7513642e-09,-9.7513642e-09,1.5546206e-16,1.5546206e-16,-0.0014045876,-0.0014045876,-0.088135801,-0.088135801,-0.00096562732,-0.00096562732,-0.00096562925,-0.00096562925,-0.00099288111,-0.00099288111,-0.048245383,-0.048245383,0.0045462544,0.0045462544,-0.039814676,-0.039814676,0.0018758377,0.0018758377,-0.008430707,-0.008430707,0.0026704167,0.0026704167,-0.037938838,-0.037938838,-0.0057602903,-0.0057602903,-0.037938838,-0.037938838,-0.0057602903,-0.0057602903,1.8649101e-10,1.8649101e-10,-0.089540389,-0.089540389,1.8406376e-10,1.8406376e-10,-0.089540389,-0.089540389,-0.0014045876,-0.0014045876,-0.088135801,-0.088135801,-0.039343426,-0.039343426,-0.048245383,-0.048245383,0.0014045877,0.0014045877,0.00010772414,0.00010772414,-0.00066192074,-0.00066192074,4.0479521e-10,4.0479521e-10,-0.00055419701,-0.00055419701,0.0092601022,0.0092601022,-0.090121563,-0.090121563,13.908703,13.908703,-5.6963344,-5.6963344,9.3532872,9.3532872,-2.8564427,-2.8564427,0.0079593307,0.0079593307,-0.097499719,-0.097499719,-0.0078686851,-0.0078686851,-0.018779218,-0.018779218,3.5285305,3.5285305,-3.2191827,-3.2191827,0.0049263686,0.0049263686,-6.482858e-16,-6.482858e-16,-7.0015336e-16,-7.0015336e-16,-1.2739891e-15,-1.2739891e-15,2.6820685e-15,2.6820685e-15,-1.1532131e-14,-1.1532131e-14,0.00027431369,0.00027431369,3.3738827e-05,3.3738827e-05
0.096122246,0.096122246,0.044255062,0.044255062,0.14037731,0.14037731,0.085982051,0.085982051,-0.010140194,-0.010140194,-0.01914783,-0.01914783,0.0079696141,0.0079696141,-0.01894559,-0.01894559,0.0079930357,0.0079930357,-9.5642172e-09,-9.5642172e-09,1.5490772e-16,1.5490772e-16,-0.0012952498,-0.0012952498,-0.088782498,-0.088782498,-0.00096646477,-0.00096646477,-0.00096646674,-0.00096646674,-0.00097004484,-0.00097004484,-0.044255061,-0.044255061,0.0040956962,0.0040956962,-0.03651584,-0.03651584,0.0017153166,0.0017153166,-0.0077392214,-0.0077392214,0.0023803796,0.0023803796,-0.034800523,-0.034800523,-0.0053588419,-0.0053588419,-0.034800523,-0.034800523,-0.0053588419,-0.0053588419,-1.9688391e-10,-1.9688391e-10,-0.090077747,-0.090077747,-1.9935684e-10,-1.9935684e-10,-0.090077747,-0.090077747,-0.0012952498,-0.0012952498,-0.088782498,-0.088782498,-0.036095773,-0.036095773,-0.044255062,-0.044255062,0.0012952497,0.0012952497,0.00010933771,0.00010933771,-0.00064669656,-0.00064669656,-3.834206e-10,-3.834206e-10,-0.00053735847,-0.00053735847,0.0095291833,0.0095291833,-0.090722587,-0.090722587,13.957773,13.957773,-5.7323725,-5.7323725,9.2344755,9.2344755,-2.8733464,-2.8733464,0.0073397478,0.0073397478,-0.097417495,-0.097417495,-0.0072191546,-0.0072191546,-0.018828268,-0.018828268,3.5544211,3.5544211,-3.2427233,-3.2427233,0.0048130621,0.0048130621,-6.3385972e-16,-6.3385972e-16,-7.0267319e-16,-7.0267319e-16,-1.2330102e-15,-1.2330102e-15,2.6444456e-15,2.6444456e-15,-1.1518187e-14,-1.1518187e-14,0.0002780799,0.0002780799,3.2204691e-05,3.2204691e-05
0.096125804,0.096125804,0.04037945,0.04037945,0.13650525,0.13650525,0.086947246,0.086947246,-0.009178558,-0.009178558,-0.017485357,-0.017485357,0.0072411894,0.0072411894,-0.017280272,-0.017280272,0.007263546,0.007263546,-9.7604553e-09,-9.7604553e-09,1.5436294e-16,1.5436294e-16,-0.0011843792,-0.0011843792,-0.08941432,-0.08941432,-0.00096704738,-0.00096704738,-0.00096704938,-0.00096704938,-0.00094773381,-0.00094773381,-0.04037945,-0.04037945,0.0036514539,0.0036514539,-0.03331581,-0.03331581,0.0015544406,0.0015544406,-0.00706364,-0.00706364,0.0020970133,0.0020970133,-0.031761369,-0.031761369,-0.0049666267,-0.0049666267,-0.031761369,-0.031761369,-0.0049666267,-0.0049666267,1.7647374e-10,1.7647374e-10,-0.0905987,-0.0905987,1.7395617e-10,1.7395617e-10,-0.0905987,-0.0905987,-0.0011843792,-0.0011843792,-0.08941432,-0.08941432,-0.032945749,-0.032945749,-0.04037945,-0.04037945,0.0011843794,0.0011843794,0.00011087061,0.00011087061,-0.00063182254,-0.00063182254,3.7331301e-10,3.7331301e-10,-0.0005209523,-0.0005209523,0.0097918113,0.0097918113,-0.091309788,-0.091309788,14.006716,14.006716,-5.7675818,-5.7675818,9.1196695,9.1196695,-2.8898613,-2.8898613,0.0067114835,0.0067114835,-0.097310183,-0.097310183,-0.0065891497,-0.0065891497,-0.018876189,-0.018876189,3.5797162,3.5797162,-3.2657896,-3.2657896,0.0047023617,0.0047023617,-6.1981521e-16,-6.1981521e-16,-7.0517171e-16,-7.0517171e-16,-1.1925096e-15,-1.1925096e-15,2.607914e-15,2.607914e-15,-1.1505129e-14,-1.1505129e-14,0.00028199226,0.00028199226,3.0740314e-05,3.0740314e-05
0.096106583,0.096106583,0.036615674,0.036615674,0.13272226,0.13272226,0.087890241,0.087890241,-0.0082163418,-0.0082163418,-0.015864565,-0.015864565,0.0065254893,0.0065254893,-0.015656534,-0.015656534,0.0065468293,0.0065468293,-9.5833455e-09,-9.5833455e-09,1.5382783e-16,1.5382783e-16,-0.0010720541,-0.0010720541,-0.090031611,-0.090031611,-0.00096736435,-0.00096736435,-0.00096736639,-0.00096736639,-0.00092593593,-0.00092593593,-0.036615674,-0.036615674,0.0032134238,0.0032134238,-0.030212077,-0.030212077,0.0013932594,0.0013932594,-0.0064035969,-0.0064035969,0.0018201645,0.0018201645,-0.028818818,-0.028818818,-0.0045834325,-0.0045834325,-0.028818818,-0.028818818,-0.0045834325,-0.0045834325,-1.7701472e-10,-1.7701472e-10,-0.091103665,-0.091103665,-1.7957591e-10,-1.7957591e-10,-0.091103665,-0.091103665,-0.0010720541,-0.0010720541,-0.090031611,-0.090031611,-0.029890872,-0.029890872,-0.036615674,-0.036615674,0.0010720539,0.0010720539,0.00011232517,0.00011232517,-0.00061729062,-0.00061729062,-3.5353208e-10,-3.5353208e-10,-0.0005049651,-0.0005049651,0.010048137,0.010048137,-0.091883483,-0.091883483,14.055526,14.055526,-5.8019812,-5.8019812,9.0087635,9.0087635,-2.9059963,-2.9059963,0.0060749719,0.0060749719,-0.097178637,-0.097178637,-0.0059781744,-0.0059781744,-0.018923009,-0.018923009,3.6044296,3.6044296,-3.2883933,-3.2883933,0.0045942073,0.0045942073,-6.0614665e-16,-6.0614665e-16,-7.0765152e-16,-7.0765152e-16,-1.1525102e-15,-1.1525102e-15,2.5724576e-15,2.5724576e-15,-1.1492952e-14,-1.1492952e-14,0.00028604226,0.00028604226,2.9342523e-05,2.9342523e-05
0.096065357,0.096065357,0.032960912,0.032960912,0.12902627,0.12902627,0.088811547,0.088811547,-0.0072538102,-0.0072538102,-0.014284453,-0.014284453,0.0058222661,0.0058222661,-0.014073383,-0.014073383,0.0058426358,0.0058426358,-9.7597336e-09,-9.7597336e-09,1.5330244e-16,1.5330244e-16,-0.00095835044,-0.00095835044,-0.090634704,-0.090634704,-0.00096744287,-0.00096744287,-0.00096744494,-0.00096744494,-0.00090463941,-0.00090463941,-0.032960912,-0.032960912,0.0027815072,0.0027815072,-0.027202177,-0.027202177,0.0012318241,0.0012318241,-0.0057587348,-0.0057587348,0.0015496831,0.0015496831,-0.025970353,-0.025970353,-0.0042090517,-0.0042090517,-0.025970353,-0.025970353,-0.0042090517,-0.0042090517,1.6730537e-10,1.6730537e-10,-0.091593054,-0.091593054,1.6470157e-10,1.6470157e-10,-0.091593054,-0.091593054,-0.00095835044,-0.00095835044,-0.090634704,-0.090634704,-0.026928704,-0.026928704,-0.032960912,-0.032960912,0.00095835061,0.00095835061,0.00011370363,0.00011370363,-0.00060309294,-0.00060309294,3.4427748e-10,3.4427748e-10,-0.00048938965,-0.00048938965,0.010298309,0.010298309,-0.092443983,-0.092443983,14.104196,14.104196,-5.8355894,-5.8355894,8.9016544,8.9016544,-2.9217603,-2.9217603,0.0054306536,0.0054306536,-0.097023708,-0.097023708,-0.0053857407,-0.0053857407,-0.018968751,-0.018968751,3.6285745,3.6285745,-3.3105457,-3.3105457,0.0044885406,0.0044885406,-5.9284815e-16,-5.9284815e-16,-7.1011505e-16,-7.1011505e-16,-1.1130329e-15,-1.1130329e-15,2.5380594e-15,2.5380594e-15,-1.1481648e-14,-1.1481648e-14,0.00029022141,0.00029022141,2.800829e-05,2.800829e-05
0.096002864,0.096002864,0.029412426,0.029412426,0.12541529,0.12541529,0.089711663,0.089711663,-0.0062912004,-0.0062912004,-0.012744049,-0.012744049,0.0051312748,0.0051312748,-0.012529851,-0.012529851,0.0051507183,0.0051507183,-9.5918107e-09,-9.5918107e-09,1.527868e-16,1.527868e-16,-0.00084334222,-0.00084334222,-0.091223926,-0.091223926,-0.00096727323,-0.00096727323,-0.00096727533,-0.00096727533,-0.0008838327,-0.0008838327,-0.029412426,-0.029412426,0.0023556043,0.0023556043,-0.024283721,-0.024283721,0.0010701814,0.0010701814,-0.0051287046,-0.0051287046,0.0012854229,0.0012854229,-0.02321354,-0.02321354,-0.0038432817,-0.0038432817,-0.02321354,-0.02321354,-0.0038432817,-0.0038432817,-1.5862828e-10,-1.5862828e-10,-0.092067268,-0.092067268,-1.612737e-10,-1.612737e-10,-0.092067268,-0.092067268,-0.00084334223,-0.00084334223,-0.091223926,-0.091223926,-0.024056882,-0.024056882,-0.029412426,-0.029412426,0.00084334207,0.00084334207,0.00011500821,0.00011500821,-0.0005892218,-0.0005892218,-3.2597527e-10,-3.2597527e-10,-0.00047421326,-0.00047421326,0.010542471,0.010542471,-0.092991591,-0.092991591,14.152717,14.152717,-5.8684247,-5.8684247,8.7982416,8.7982416,-2.9371616,-2.9371616,0.0047789382,0.0047789382,-0.096846206,-0.096846206,-0.0048113764,-0.0048113764,-0.019013441,-0.019013441,3.6521641,3.6521641,-3.3322578,-3.3322578,0.0043853041,0.0043853041,-5.799136e-16,-5.799136e-16,-7.125645e-16,-7.125645e-16,-1.0740962e-15,-1.0740962e-15,2.5047018e-15,2.5047018e-15,-1.1471209e-14,-1.1471209e-14,0.00029452124,0.00029452124,2.6734726e-05,2.6734726e-05
0.095919836,0.095919836,0.025967526,0.025967526,0.12188736,0.12188736,0.090591077,0.090591077,-0.0053287594,-0.0053287594,-0.0112424,-0.0112424,0.0044522781,0.0044522781,-0.011024994,-0.011024994,0.0044708375,0.0044708375,-9.7498302e-09,-9.7498302e-09,1.5228091e-16,1.5228091e-16,-0.00072710116,-0.00072710116,-0.091799595,-0.091799595,-0.00096688071,-0.00096688071,-0.00096688285,-0.00096688285,-0.00086350455,-0.00086350455,-0.025967526,-0.025967526,0.0019356197,0.0019356197,-0.021454361,-0.021454361,0.00090837908,0.00090837908,-0.0045131651,-0.0045131651,0.0010272406,0.0010272406,-0.020545982,-0.020545982,-0.0034859244,-0.0034859244,-0.020545982,-0.020545982,-0.0034859244,-0.0034859244,1.5891079e-10,1.5891079e-10,-0.092526697,-0.092526697,1.5622469e-10,1.5622469e-10,-0.092526697,-0.092526697,-0.00072710116,-0.00072710116,-0.091799595,-0.091799595,-0.021273083,-0.021273083,-0.025967526,-0.025967526,0.00072710132,0.00072710132,0.00011624106,0.00011624106,-0.0005756697,-0.0005756697,3.1749839e-10,3.1749839e-10,-0.00045942896,-0.00045942896,0.010780764,0.010780764,-0.093526604,-0.093526604,14.201083,14.201083,-5.9005047,-5.9005047,8.6984269,8.6984269,-2.9522088,-2.9522088,0.004120241,0.004120241,-0.096646937,-0.096646937,-0.0042546166,-0.0042546166,-0.019057104,-0.019057104,3.6752111,3.6752111,-3.3535401,-3.3535401,0.0042844421,0.0042844421,-5.6733668e-16,-5.6733668e-16,-7.1500192e-16,-7.1500192e-16,-1.0357166e-15,-1.0357166e-15,2.4723665e-15,2.4723665e-15,-1.1461622e-14,-1.1461622e-14,0.0002989333,0.0002989333,2.5519072e-05,2.5519072e-05
0.095816973,0.095816973,0.022623605,0.022623605,0.11844058,0.11844058,0.091450264,0.091450264,-0.0043667088,-0.0043667088,-0.0097785779,-0.0097785779,0.0037850412,0.0037850412,-0.0095578876,-0.0095578876,0.0038027566,0.0038027566,-9.5903189e-09,-9.5903189e-09,1.5178475e-16,1.5178475e-16,-0.0006096969,-0.0006096969,-0.092362025,-0.092362025,-0.00096625658,-0.00096625658,-0.00096625874,-0.00096625874,-0.00084364394,-0.00084364394,-0.022623604,-0.022623604,0.0015214574,0.0015214574,-0.018711822,-0.018711822,0.00074646085,0.00074646085,-0.0039117829,-0.0039117829,0.00077499655,0.00077499655,-0.017965361,-0.017965361,-0.0031367864,-0.0031367864,-0.017965361,-0.017965361,-0.0031367864,-0.0031367864,-1.4161783e-10,-1.4161783e-10,-0.092971721,-0.092971721,-1.4434367e-10,-1.4434367e-10,-0.092971721,-0.092971721,-0.0006096969,-0.0006096969,-0.092362025,-0.092362025,-0.018575058,-0.018575058,-0.022623605,-0.022623605,0.00060969675,0.00060969675,0.00011740427,0.00011740427,-0.0005624293,-0.0005624293,-3.0056836e-10,-3.0056836e-10,-0.00044502473,-0.00044502473,0.011013326,0.011013326,-0.094049312,-0.094049312,14.249288,14.249288,-5.9318469,-5.9318469,8.6021147,8.6021147,-2.9669098,-2.9669098,0.0034549481,0.0034549481,-0.09642667,-0.09642667,-0.0037150115,-0.0037150115,-0.019099762,-0.019099762,3.697728,3.697728,-3.374403,-3.374403,0.0041859,0.0041859,-5.5511096e-16,-5.5511096e-16,-7.1742915e-16,-7.1742915e-16,-9.9790863e-16,-9.9790863e-16,2.4410348e-15,2.4410348e-15,-1.1452876e-14,-1.1452876e-14,0.00030344923,0.00030344923,2.4358695e-05,2.4358695e-05
0.095694969,0.095694969,0.0193781,0.0193781,0.11507307,0.11507307,0.09228969,0.09228969,-0.0034052792,-0.0034052792,-0.0083516743,-0.0083516743,0.0031293363,0.0031293363,-0.0081276301,-0.0081276301,0.0031462462,0.0031462462,-9.7313443e-09,-9.7313443e-09,1.5129828e-16,1.5129828e-16,-0.00049119702,-0.00049119702,-0.092911518,-0.092911518,-0.00096542435,-0.00096542435,-0.00096542655,-0.00096542655,-0.00082424013,-0.00082424013,-0.0193781,-0.0193781,0.0011130255,0.0011130255,-0.016053867,-0.016053867,0.00058447143,0.00058447143,-0.0033242326,-0.0033242326,0.0005285541,0.0005285541,-0.015469396,-0.015469396,-0.0027956785,-0.0027956785,-0.015469396,-0.015469396,-0.0027956785,-0.0027956785,1.5122129e-10,1.5122129e-10,-0.093402715,-0.093402715,1.4845663e-10,1.4845663e-10,-0.093402715,-0.093402715,-0.00049119703,-0.00049119703,-0.092911518,-0.092911518,-0.015960593,-0.015960593,-0.0193781,-0.0193781,0.00049119717,0.00049119717,0.00011849987,0.00011849987,-0.00054949342,-0.00054949342,2.928003e-10,2.928003e-10,-0.00043099384,-0.00043099384,0.01124029,0.01124029,-0.094559998,-0.094559998,14.297324,14.297324,-5.9624682,-5.9624682,8.5092114,8.5092114,-2.9812728,-2.9812728,0.0027834508,0.0027834508,-0.096186166,-0.096186166,-0.0031921186,-0.0031921186,-0.019141439,-0.019141439,3.7197271,3.7197271,-3.3948564,-3.3948564,0.0040896243,0.0040896243,-5.4322987e-16,-5.4322987e-16,-7.1984791e-16,-7.1984791e-16,-9.6068504e-16,-9.6068504e-16,2.4106876e-15,2.4106876e-15,-1.1444957e-14,-1.1444957e-14,0.00030806073,0.00030806073,2.3251081e-05,2.3251081e-05
0.095554486,0.095554486,0.016228526,0.016228526,0.11178301,0.11178301,0.093109809,0.093109809,-0.0024446775,-0.0024446775,-0.0069608032,-0.0069608032,0.0024849386,0.0024849386,-0.0067333417,-0.0067333417,0.0025010796,0.0025010796,-9.5795383e-09,-9.5795383e-09,1.5082144e-16,1.5082144e-16,-0.00037166716,-0.00037166716,-0.093448373,-0.093448373,-0.00096437617,-0.00096437617,-0.00096437839,-0.00096437839,-0.00080528261,-0.00080528261,-0.016228526,-0.016228526,0.00071023152,0.00071023152,-0.01347833,-0.01347833,0.0004224517,0.0004224517,-0.0027501959,-0.0027501959,0.00028777982,0.00028777982,-0.013055878,-0.013055878,-0.0024624161,-0.0024624161,-0.013055878,-0.013055878,-0.0024624161,-0.0024624161,-1.2588446e-10,-1.2588446e-10,-0.09382004,-0.09382004,-1.2868706e-10,-1.2868706e-10,-0.09382004,-0.09382004,-0.00037166716,-0.00037166716,-0.093448373,-0.093448373,-0.013427546,-0.013427546,-0.016228526,-0.016228526,0.00037166703,0.00037166703,0.00011952987,0.00011952987,-0.00053685507,-0.00053685507,-2.7714369e-10,-2.7714369e-10,-0.00041732493,-0.00041732493,0.01146179,0.01146179,-0.095058938,-0.095058938,14.345186,14.345186,-5.9923853,-5.9923853,8.4196261,8.4196261,-2.9953053,-2.9953053,0.002106113,0.002106113,-0.095926153,-0.095926153,-0.0026855091,-0.0026855091,-0.019182158,-0.019182158,3.7412202,3.7412202,-3.4149102,-3.4149102,0.0039955629,0.0039955629,-5.3168678e-16,-5.3168678e-16,-7.2225972e-16,-7.2225972e-16,-9.2405687e-16,-9.2405687e-16,2.3813056e-15,2.3813056e-15,-1.143785e-14,-1.143785e-14,0.0003127596,0.0003127596,2.2193831e-05,2.2193831e-05
0.095396184,0.095396184,0.013172444,0.013172444,0.10856863,0.10856863,0.093911065,0.093911065,-0.0014851188,-0.0014851188,-0.005605098,-0.005605098,0.0018516297,0.0018516297,-0.0053741614,-0.0053741614,0.0018670368,0.0018670368,-9.7048453e-09,-9.7048453e-09,1.5035416e-16,1.5035416e-16,-0.00025117097,-0.00025117097,-0.09397288,-0.09397288,-0.00096313392,-0.00096313392,-0.00096313618,-0.00096313618,-0.00078676111,-0.00078676111,-0.013172444,-0.013172444,0.00031298681,0.00031298681,-0.010983082,-0.010983082,0.00026044346,0.00026044346,-0.002189362,-0.002189362,5.2543343e-05,5.2543343e-05,-0.010722638,-0.010722638,-0.0021368187,-0.0021368187,-0.010722638,-0.010722638,-0.0021368187,-0.0021368187,1.4417403e-10,1.4417403e-10,-0.094224052,-0.094224052,1.4133438e-10,1.4133438e-10,-0.094224052,-0.094224052,-0.00025117097,-0.00025117097,-0.09397288,-0.09397288,-0.010973809,-0.010973809,-0.013172444,-0.013172444,0.00025117111,0.00025117111,0.00012049619,0.00012049619,-0.00052450741,-0.00052450741,2.7002144e-10,2.7002144e-10,-0.00040401149,-0.00040401149,0.011677952,0.011677952,-0.095546403,-0.095546403,14.392868,14.392868,-6.0216142,-6.0216142,8.3332697,8.3332697,-3.0090152,-3.0090152,0.0014233031,0.0014233031,-0.095647355,-0.095647355,-0.0021947619,-0.0021947619,-0.01922194,-0.01922194,3.7622189,3.7622189,-3.4345737,-3.4345737,0.003903665,0.003903665,-5.2047497e-16,-5.2047497e-16,-7.24666e-16,-7.24666e-16,-8.8803357e-16,-8.8803357e-16,2.3528691e-15,2.3528691e-15,-1.143154e-14,-1.143154e-14,0.00031753778,0.00031753778,2.1184656e-05,2.1184656e-05
0.095220688,0.095220688,0.010207485,0.010207485,0.10542817,0.10542817,0.094693892,0.094693892,-0.00052679603,-0.00052679603,-0.0042837138,-0.0042837138,0.001229194,0.001229194,-0.0040492503,-0.0040492503,0.0012439005,0.0012439005,-9.560101e-09,-9.560101e-09,1.4989635e-16,1.4989635e-16,-0.00012977023,-0.00012977023,-0.094485324,-0.094485324,-0.00096169055,-0.00096169055,-0.00096169284,-0.00096169284,-0.00076866561,-0.00076866561,-0.010207485,-0.010207485,-7.879775e-05,-7.879775e-05,-0.0085660576,-0.0085660576,9.848494e-05,9.848494e-05,-0.0016414274,-0.0016414274,-0.00017728269,-0.00017728269,-0.0084675727,-0.0084675727,-0.00181871,-0.00181871,-0.0084675727,-0.0084675727,-0.00181871,-0.00181871,-1.1133644e-10,-1.1133644e-10,-0.094615094,-0.094615094,-1.1421229e-10,-1.1421229e-10,-0.094615094,-0.094615094,-0.00012977023,-0.00012977023,-0.094485324,-0.094485324,-0.0085973429,-0.0085973429,-0.010207485,-0.010207485,0.00012977012,0.00012977012,0.00012140073,0.00012140073,-0.00051244374,-0.00051244374,-2.5554668e-10,-2.5554668e-10,-0.00039104275,-0.00039104275,0.011888902,0.011888902,-0.096022655,-0.096022655,14.440365,14.440365,-6.0501709,-6.0501709,8.2500557,8.2500557,-3.0224097,-3.0224097,0.0007353639,0.0007353639,-0.095350458,-0.095350458,-0.0017194686,-0.0017194686,-0.019260807,-0.019260807,3.7827347,3.7827347,-3.4538561,-3.4538561,0.0038138807,0.0038138807,-5.0958773e-16,-5.0958773e-16,-7.27068e-16,-7.27068e-16,-8.526231e-16,-8.526231e-16,2.3253585e-15,2.3253585e-15,-1.1426011e-14,-1.1426011e-14,0.00032238732,0.00032238732,2.0221368e-05,2.0221368e-05
0.095028624,0.095028624,0.0073313259,0.0073313259,0.10235995,0.10235995,0.095458714,0.095458714,0.00043009063,0.00043009063,-0.002995824,-0.002995824,0.00061742225,0.00061742225,-0.0027577873,-0.0027577873,0.00063145998,0.00063145998,-9.6708739e-09,-9.6708739e-09,1.4944792e-16,1.4944792e-16,-7.5248937e-06,-7.5248937e-06,-0.094985982,-0.094985982,-0.00096006642,-0.00096006642,-0.00096006874,-0.00096006874,-0.0007509863,-0.0007509863,-0.007331326,-0.007331326,-0.00046520759,-0.00046520759,-0.0062252308,-0.0062252308,-6.3384861e-05,-6.3384861e-05,-0.0011060952,-0.0011060952,-0.00040182272,-0.00040182272,-0.0062886157,-0.0062886157,-0.0015079179,-0.0015079179,-0.0062886157,-0.0062886157,-0.0015079179,-0.0015079179,1.3771153e-10,1.3771153e-10,-0.094993507,-0.094993507,1.348003e-10,1.348003e-10,-0.094993507,-0.094993507,-7.5248956e-06,-7.5248956e-06,-0.094985982,-0.094985982,-0.0062961406,-0.0062961406,-0.0073313259,-0.0073313259,7.5250314e-06,7.5250314e-06,0.00012224534,0.00012224534,-0.00050065753,-0.00050065753,2.4901259e-10,2.4901259e-10,-0.00037841244,-0.00037841244,0.012094764,0.012094764,-0.096487954,-0.096487954,14.487669,14.487669,-6.0780708,-6.0780708,8.1698993,8.1698993,-3.0354961,-3.0354961,4.2641983e-05,4.2641983e-05,-0.095036149,-0.095036149,-0.0012592281,-0.0012592281,-0.01929878,-0.01929878,3.8027786,3.8027786,-3.4727664,-3.4727664,0.0037261614,0.0037261614,-4.990183e-16,-4.990183e-16,-7.2946688e-16,-7.2946688e-16,-8.1783206e-16,-8.1783206e-16,2.2987541e-15,2.2987541e-15,-1.1421246e-14,-1.1421246e-14,0.00032730041,0.00032730041,1.9301883e-05,1.9301883e-05
0.094820584,0.094820584,0.0045417107,0.0045417107,0.099362295,0.099362295,0.096205946,0.096205946,0.0013853613,0.0013853613,-0.0017406228,-0.0017406228,1.6107625e-05,1.6107625e-05,-0.0014989723,-0.0014989723,2.9507048e-05,2.9507048e-05,-9.5326054e-09,-9.5326054e-09,1.4900876e-16,1.4900876e-16,0.0001155069,0.0001155069,-0.095475124,-0.095475124,-0.00095825521,-0.00095825521,-0.00095825754,-0.00095825754,-0.00073371361,-0.00073371361,-0.0045417106,-0.0045417106,-0.00084632858,-0.00084632858,-0.003958635,-0.003958635,-0.00022513024,-0.00022513024,-0.00058307564,-0.00058307564,-0.00062119834,-0.00062119834,-0.0041837652,-0.0041837652,-0.001204274,-0.001204274,-0.0041837653,-0.0041837653,-0.001204274,-0.001204274,-9.7888695e-11,-9.7888695e-11,-0.095359617,-0.095359617,-1.0083449e-10,-1.0083449e-10,-0.095359617,-0.095359617,0.0001155069,0.0001155069,-0.095475124,-0.095475124,-0.0040682583,-0.0040682583,-0.0045417107,-0.0045417107,-0.000115507,-0.000115507,0.0001230318,0.0001230318,-0.00048914241,-0.00048914241,-2.3563479e-10,-2.3563479e-10,-0.00036611037,-0.00036611037,0.012295655,0.012295655,-0.096942551,-0.096942551,14.534778,14.534778,-6.1053289,-6.1053289,8.0927182,8.0927182,-3.0482816,-3.0482816,-0.00065453978,-0.00065453978,-0.094705077,-0.094705077,-0.00081365167,-0.00081365167,-0.01933588,-0.01933588,3.8223615,3.8223615,-3.4913131,-3.4913131,0.0036404597,0.0036404597,-4.8875995e-16,-4.8875995e-16,-7.3186367e-16,-7.3186367e-16,-7.8366573e-16,-7.8366573e-16,2.2730359e-15,2.2730359e-15,-1.1417227e-14,-1.1417227e-14,0.00033226941,0.00033226941,1.8424207e-05,1.8424207e-05
0.094597161,0.094597161,0.0018364259,0.0018364259,0.096433587,0.096433587,0.096935991,0.096935991,0.00233883,0.00233883,-0.00051732169,-0.00051732169,-0.00057495044,-0.00057495044,-0.00027202219,-0.00027202219,-0.0005621603,-0.0005621603,-9.6299432e-09,-9.6299432e-09,1.4857875e-16,1.4857875e-16,0.00023926877,0.00023926877,-0.095953016,-0.095953016,-0.00095627585,-0.00095627585,-0.00095627822,-0.00095627822,-0.0007168382,-0.0007168382,-0.001836426,-0.001836426,-0.0012222431,-0.0012222431,-0.0017643405,-0.0017643405,-0.00038671481,-0.00038671481,-7.2085561e-05,-7.2085561e-05,-0.00083552831,-0.00083552831,-0.0021510553,-0.0021510553,-0.00090761387,-0.00090761387,-0.0021510553,-0.0021510553,-0.00090761387,-0.00090761387,1.3178124e-10,1.3178124e-10,-0.095713748,-0.095713748,1.2880168e-10,1.2880168e-10,-0.095713748,-0.095713748,0.00023926877,0.00023926877,-0.095953016,-0.095953016,-0.0019117865,-0.0019117865,-0.0018364259,-0.0018364259,-0.00023926864,-0.00023926864,0.00012376186,0.00012376186,-0.00047789213,-0.00047789213,2.2963616e-10,2.2963616e-10,-0.0003541305,-0.0003541305,0.012491693,0.012491693,-0.097386693,-0.097386693,14.581685,14.581685,-6.1319602,-6.1319602,8.0184318,8.0184318,-3.0607729,-3.0607729,-0.0013558555,-0.0013558555,-0.094357892,-0.094357892,-0.0003823573,-0.0003823573,-0.019372126,-0.019372126,3.8414939,3.8414939,-3.5095048,-3.5095048,0.0035567291,0.0035567291,-4.7880594e-16,-4.7880594e-16,-7.3425927e-16,-7.3425927e-16,-7.5012822e-16,-7.5012822e-16,2.2481845e-15,2.2481845e-15,-1.1413939e-14,-1.1413939e-14,0.00033728682,0.00033728682,1.758644e-05,1.758644e-05
0.094358916,0.094358916,-0.00078667706,-0.00078667706,0.093572239,0.093572239,0.097649245,0.097649245,0.0032903292,0.0032903292,0.00067484772,0.00067484772,-0.0011559502,-0.0011559502,0.00092382615,0.00092382615,-0.0011437416,-0.0011437416,-9.4976171e-09,-9.4976171e-09,1.4815777e-16,1.4815777e-16,0.00036370601,0.00036370601,-0.096419917,-0.096419917,-0.00095412269,-0.00095412269,-0.00095412508,-0.00095412508,-0.00070035092,-0.00070035092,0.00078667714,0.00078667714,-0.001593034,-0.001593034,0.00035952539,0.00035952539,-0.00054810527,-0.00054810527,0.00042715175,0.00042715175,-0.0010449287,-0.0010449287,-0.00018857988,-0.00018857988,-0.00061777695,-0.00061777695,-0.0001885799,-0.0001885799,-0.00061777695,-0.00061777695,-8.5462368e-11,-8.5462368e-11,-0.096056211,-0.096056211,-8.8474913e-11,-8.8474913e-11,-0.096056211,-0.096056211,0.00036370601,0.00036370601,-0.096419917,-0.096419917,0.00017512612,0.00017512612,0.00078667706,0.00078667706,-0.00036370609,-0.00036370609,0.00012443724,0.00012443724,-0.00046690061,-0.00046690061,-2.1727659e-10,-2.1727659e-10,-0.00034246316,-0.00034246316,0.012682993,0.012682993,-0.097820619,-0.097820619,14.628386,14.628386,-6.1579789,-6.1579789,7.9469616,7.9469616,-3.072977,-3.072977,-0.0020610013,-0.0020610013,-0.09399521,-0.09399521,3.5025225e-05,3.5025225e-05,-0.019407539,-0.019407539,3.8601864,3.8601864,-3.5273495,-3.5273495,0.0034749244,0.0034749244,-4.691496e-16,-4.691496e-16,-7.366545e-16,-7.366545e-16,-7.1722248e-16,-7.1722248e-16,2.22418e-15,2.22418e-15,-1.1411362e-14,-1.1411362e-14,0.00034234533,0.00034234533,1.6786767e-05,1.6786767e-05
0.094106408,0.094106408,-0.0033297065,-0.0033297065,0.090776701,0.090776701,0.098346094,0.098346094,0.004239686,0.004239686,0.0018366374,0.0018366374,-0.001727084,-0.001727084,0.0020893194,0.0020893194,-0.0017154306,-0.0017154306,-9.5825402e-09,-9.5825402e-09,1.477457e-16,1.477457e-16,0.0004887656,0.0004887656,-0.096876079,-0.096876079,-0.00095181335,-0.00095181335,-0.00095181577,-0.00095181577,-0.00068424285,-0.00068424285,0.0033297064,0.0033297064,-0.0019587806,-0.0019587806,0.0024147998,0.0024147998,-0.00070926774,-0.00070926774,0.0009149066,0.0009149066,-0.0012495129,-0.0012495129,0.001705532,0.001705532,-0.00033460627,-0.00033460627,0.001705532,0.001705532,-0.00033460627,-0.00033460627,1.2633513e-10,1.2633513e-10,-0.096387313,-0.096387313,1.2329035e-10,1.2329035e-10,-0.096387313,-0.096387313,0.00048876559,0.00048876559,-0.096876079,-0.096876079,0.0021942976,0.0021942976,0.0033297065,0.0033297065,-0.00048876547,-0.00048876547,0.00012505959,0.00012505959,-0.0004561619,-0.0004561619,2.1176526e-10,2.1176526e-10,-0.00033110252,-0.00033110252,0.012869665,0.012869665,-0.098244565,-0.098244565,14.674876,14.674876,-6.1833992,-6.1833992,7.8782311,7.8782311,-3.0849004,-3.0849004,-0.0027696709,-0.0027696709,-0.093617642,-0.093617642,0.00043885952,0.00043885952,-0.019442137,-0.019442137,3.8784489,3.8784489,-3.5448553,-3.5448553,0.0033950011,0.0033950011,-4.5978429e-16,-4.5978429e-16,-7.3905009e-16,-7.3905009e-16,-6.8495045e-16,-6.8495045e-16,2.201003e-15,2.201003e-15,-1.140948e-14,-1.140948e-14,0.0003474378,0.0003474378,1.6023456e-05,1.6023456e-05
0.09384017,0.09384017,-0.0057947088,-0.0057947088,0.088045462,0.088045462,0.099026916,0.099026916,0.0051867451,0.0051867451,0.0029687802,0.0029687802,-0.002288542,-0.002288542,0.0032251855,0.0032251855,-0.0022774184,-0.0022774184,-9.4556712e-09,-9.4556712e-09,1.473424e-16,1.473424e-16,0.00061439612,0.00061439612,-0.097321749,-0.097321749,-0.00094934277,-0.00094934277,-0.00094934521,-0.00094934521,-0.00066850526,-0.00066850526,0.0057947089,0.0057947089,-0.0023195628,-0.0023195628,0.0044032658,0.0044032658,-0.00087017119,-0.00087017119,0.0013914431,0.0013914431,-0.0014493916,-0.0014493916,0.0035330946,0.0035330946,-5.7948518e-05,-5.7948518e-05,0.0035330945,0.0035330945,-5.7948518e-05,-5.7948518e-05,-7.3984299e-11,-7.3984299e-11,-0.096707353,-0.096707353,-7.7060564e-11,-7.7060564e-11,-0.096707353,-0.096707353,0.00061439612,0.00061439612,-0.097321749,-0.097321749,0.0041474907,0.0041474907,0.0057947088,0.0057947088,-0.0006143962,-0.0006143962,0.00012563053,0.00012563053,-0.00044567018,-0.00044567018,-2.0035091e-10,-2.0035091e-10,-0.00032003945,-0.00032003945,0.013051818,0.013051818,-0.09865876,-0.09865876,14.721151,14.721151,-6.2082348,-6.2082348,7.8121656,7.8121656,-3.0965496,-3.0965496,-0.0034815785,-0.0034815785,-0.093225774,-0.093225774,0.00082949814,0.00082949814,-0.01947594,-0.01947594,3.8962914,3.8962914,-3.5620299,-3.5620299,0.0033169161,0.0033169161,-4.5070341e-16,-4.5070341e-16,-7.4144666e-16,-7.4144666e-16,-6.533131e-16,-6.533131e-16,2.1786342e-15,2.1786342e-15,-1.1408274e-14,-1.1408274e-14,0.00035255729,0.00035255729,1.5294853e-05,1.5294853e-05
0.093560732,0.093560732,-0.0081836918,-0.0081836918,0.08537704,0.08537704,0.099692078,0.099692078,0.0061313461,0.0061313461,0.0040719932,0.0040719932,-0.0028405085,-0.0028405085,0.0043321365,0.0043321365,-0.0028298907,-0.0028298907,-9.5291268e-09,-9.5291268e-09,1.4694773e-16,1.4694773e-16,0.00074054776,0.00074054776,-0.097757169,-0.097757169,-0.00094672735,-0.00094672735,-0.00094672982,-0.00094672982,-0.00065312964,-0.00065312964,0.0081836917,0.0081836917,-0.0026754572,-0.0026754572,0.0063266725,0.0063266725,-0.0010307841,-0.0010307841,0.0018570192,0.0018570192,-0.0016446731,-0.0016446731,0.0052958884,0.0052958884,0.00021234611,0.00021234611,0.0052958884,0.0052958884,0.00021234611,0.00021234611,1.2132933e-10,1.2132933e-10,-0.097016621,-0.097016621,1.182223e-10,1.182223e-10,-0.097016621,-0.097016621,0.00074054776,0.00074054776,-0.097757169,-0.097757169,0.0060364362,0.0060364362,0.0081836918,0.0081836918,-0.00074054764,-0.00074054764,0.00012615163,0.00012615163,-0.00043541976,-0.00043541976,1.9528286e-10,1.9528286e-10,-0.00030926832,-0.00030926832,0.01322956,0.01322956,-0.099063428,-0.099063428,14.767207,14.767207,-6.2324992,-6.2324992,7.7486923,7.7486923,-3.1079308,-3.1079308,-0.0041964365,-0.0041964365,-0.092820185,-0.092820185,0.0012072872,0.0012072872,-0.019508965,-0.019508965,3.9137235,3.9137235,-3.5788808,-3.5788808,0.003240627,0.003240627,-4.4190045e-16,-4.4190045e-16,-7.4384477e-16,-7.4384477e-16,-6.2231047e-16,-6.2231047e-16,2.1570543e-15,2.1570543e-15,-1.1407726e-14,-1.1407726e-14,0.00035769701,0.00035769701,1.4599381e-05,1.4599381e-05
0.093268598,0.093268598,-0.010498605,-0.010498605,0.082769993,0.082769993,0.10034194,0.10034194,0.0070733447,0.0070733447,0.0051469753,0.0051469753,-0.0033831658,-0.0033831658,0.0054108665,0.0054108665,-0.0033730309,-0.0033730309,-9.4072736e-09,-9.4072736e-09,1.4656155e-16,1.4656155e-16,0.0008671722,0.0008671722,-0.098182574,-0.098182574,-0.00094396258,-0.00094396258,-0.00094396507,-0.00094396507,-0.00063810766,-0.00063810766,0.010498605,0.010498605,-0.0030265407,-0.0030265407,0.0081867177,0.0081867177,-0.0011910775,-0.0011910775,0.0023118871,0.0023118871,-0.0018354632,-0.0018354632,0.0069956401,0.0069956401,0.00047642395,0.00047642395,0.0069956401,0.0069956401,0.00047642395,0.00047642395,-6.3386628e-11,-6.3386628e-11,-0.097315402,-0.097315402,-6.6523716e-11,-6.6523716e-11,-0.097315402,-0.097315402,0.0008671722,0.0008671722,-0.098182574,-0.098182574,0.0078628123,0.0078628123,0.010498605,0.010498605,-0.00086717227,-0.00086717227,0.00012662445,0.00012662445,-0.00042540511,-0.00042540511,-1.8474601e-10,-1.8474601e-10,-0.00029878048,-0.00029878048,0.013402992,0.013402992,-0.099458789,-0.099458789,14.81304,14.81304,-6.2562055,-6.2562055,7.6877401,7.6877401,-3.1190502,-3.1190502,-0.0049139762,-0.0049139762,-0.092401425,-0.092401425,0.0015725625,0.0015725625,-0.01954123,-0.01954123,3.9307546,3.9307546,-3.5954153,-3.5954153,0.0031660926,0.0031660926,-4.3336897e-16,-4.3336897e-16,-7.4624488e-16,-7.4624488e-16,-5.919418e-16,-5.919418e-16,2.1362445e-15,2.1362445e-15,-1.1407818e-14,-1.1407818e-14,0.00036285042,0.00036285042,1.3935533e-05,1.3935533e-05
0.092964267,0.092964267,-0.01274136,-0.01274136,0.080222907,0.080222907,0.10097686,0.10097686,0.0080125925,0.0080125925,0.0061944102,0.0061944102,-0.0039166909,-0.0039166909,0.0064620547,0.0064620547,-0.0039070168,-0.0039070168,-9.4701411e-09,-9.4701411e-09,1.4618372e-16,1.4618372e-16,0.00099422266,0.00099422266,-0.098598195,-0.098598195,-0.00094106372,-0.00094106372,-0.00094106623,-0.00094106623,-0.00062343118,-0.00062343118,0.012741359,0.012741359,-0.0033728873,-0.0033728873,0.0099850664,0.0099850664,-0.0013510223,-0.0013510223,0.0027562931,0.0027562931,-0.0020218651,-0.0020218651,0.0086340441,0.0086340441,0.00073442801,0.00073442801,0.0086340441,0.0086340441,0.00073442801,0.00073442801,1.1672378e-10,1.1672378e-10,-0.097603972,-0.097603972,1.1355732e-10,1.1355732e-10,-0.097603972,-0.097603972,0.00099422266,0.00099422266,-0.098598195,-0.098598195,0.0096282668,0.0096282668,0.01274136,0.01274136,-0.00099422255,-0.00099422255,0.00012705046,0.00012705046,-0.00041562079,-0.00041562079,1.8008104e-10,1.8008104e-10,-0.00028857051,-0.00028857051,0.013572218,0.013572218,-0.099845057,-0.099845057,14.858646,14.858646,-6.2793666,-6.2793666,7.6292397,7.6292397,-3.1299139,-3.1299139,-0.0056339277,-0.0056339277,-0.091970044,-0.091970044,0.0019256534,0.0019256534,-0.019572753,-0.019572753,3.9473941,3.9473941,-3.6116406,-3.6116406,0.0030932725,0.0030932725,-4.2510261e-16,-4.2510261e-16,-7.486474e-16,-7.486474e-16,-5.6220556e-16,-5.6220556e-16,2.1161861e-15,2.1161861e-15,-1.1408532e-14,-1.1408532e-14,0.00036801114,0.00036801114,1.330187e-05,1.330187e-05
0.092648218,0.092648218,-0.014913813,-0.014913813,0.077734405,0.077734405,0.10159717,0.10159717,0.0089489559,0.0089489559,0.0072149643,0.0072149643,-0.0044412584,-0.0044412584,0.0074863629,0.0074863629,-0.0044320242,-0.0044320242,-9.3529026e-09,-9.3529026e-09,1.4581409e-16,1.4581409e-16,0.0011216538,0.0011216538,-0.099004256,-0.099004256,-0.00093802673,-0.00093802673,-0.00093802927,-0.00093802927,-0.00060909227,-0.00060909227,0.014913813,0.014913813,-0.0037145712,-0.0037145712,0.011723335,0.011723335,-0.0015105915,-0.0015105915,0.0031904777,0.0031904777,-0.0022039797,-0.0022039797,0.010212744,0.010212744,0.00098649797,0.00098649797,0.010212744,0.010212744,0.00098649797,0.00098649797,-5.36064e-11,-5.36064e-11,-0.097882602,-0.097882602,-5.6801546e-11,-5.6801546e-11,-0.097882602,-0.097882602,0.0011216538,0.0011216538,-0.099004256,-0.099004256,0.011334397,0.011334397,0.014913813,0.014913813,-0.0011216539,-0.0011216539,0.00012743114,0.00012743114,-0.00040606151,-0.00040606151,-1.7035887e-10,-1.7035887e-10,-0.0002786302,-0.0002786302,0.013737336,0.013737336,-0.10022244,-0.10022244,14.904021,14.904021,-6.301995,-6.301995,7.5731235,7.5731235,-3.1405278,-3.1405278,-0.0063560386,-0.0063560386,-0.091526564,-0.091526564,0.0022668795,0.0022668795,-0.019603552,-0.019603552,3.9636508,3.9636508,-3.6275635,-3.6275635,0.0030221272,0.0030221272,-4.1709508e-16,-4.1709508e-16,-7.5105265e-16,-7.5105265e-16,-5.3309947e-16,-5.3309947e-16,2.0968604e-15,2.0968604e-15,-1.1409851e-14,-1.1409851e-14,0.00037317299,0.00037317299,1.2697021e-05,1.2697021e-05
0.092320923,0.092320923,-0.017017785,-0.017017785,0.075303138,0.075303138,0.10220322,0.10220322,0.0098822975,0.0098822975,0.0082092896,0.0082092896,-0.0049570382,-0.0049570382,0.0084844387,0.0084844387,-0.0049482238,-0.0049482238,-9.4059985e-09,-9.4059985e-09,1.4545253e-16,1.4545253e-16,0.0012494217,0.0012494217,-0.099400978,-0.099400978,-0.00093486584,-0.00093486584,-0.0009348684,-0.0009348684,-0.00059508314,-0.00059508314,0.017017785,0.017017785,-0.0040516636,-0.0040516636,0.013403109,0.013403109,-0.0016697579,-0.0016697579,0.003614676,0.003614676,-0.0023819057,-0.0023819057,0.011733351,0.011733351,0.0012327703,0.0012327703,0.011733351,0.011733351,0.0012327703,0.0012327703,1.1248189e-10,1.1248189e-10,-0.098151557,-0.098151557,1.0925872e-10,1.0925872e-10,-0.098151557,-0.098151557,0.0012494217,0.0012494217,-0.099400978,-0.099400978,0.012982772,0.012982772,0.017017785,0.017017785,-0.0012494216,-0.0012494216,0.00012776789,0.00012776789,-0.0003967221,-0.0003967221,1.6606026e-10,1.6606026e-10,-0.00026895437,-0.00026895437,0.013898443,0.013898443,-0.10059114,-0.10059114,14.949162,14.949162,-6.3241029,-6.3241029,7.5193258,7.5193258,-3.1508975,-3.1508975,-0.0070800555,-0.0070800555,-0.091071501,-0.091071501,0.0025965545,0.0025965545,-0.019633642,-0.019633642,3.9795336,3.9795336,-3.6431909,-3.6431909,0.0029526183,0.0029526183,-4.093402e-16,-4.093402e-16,-7.5346091e-16,-7.5346091e-16,-5.0462064e-16,-5.0462064e-16,2.0782495e-15,2.0782495e-15,-1.1411757e-14,-1.1411757e-14,0.00037833003,0.00037833003,1.2119675e-05,1.2119675e-05
0.091982834,0.091982834,-0.019055044,-0.019055044,0.07292779,0.07292779,0.10279533,0.10279533,0.010812494,0.010812494,0.0091780214,0.0091780214,-0.0054641976,-0.0054641976,0.0094569134,0.0094569134,-0.0054557841,-0.0054557841,-9.2930101e-09,-9.2930101e-09,1.4509887e-16,1.4509887e-16,0.0013774838,0.0013774838,-0.099788576,-0.099788576,-0.00093157744,-0.00093157744,-0.00093158002,-0.00093158002,-0.00058139623,-0.00058139623,0.019055044,0.019055044,-0.0043842361,-0.0043842361,0.015025926,0.015025926,-0.0018284967,-0.0018284967,0.0040291178,0.0040291178,-0.0025557394,-0.0025557394,0.013197429,0.013197429,0.0014733784,0.0014733784,0.013197429,0.013197429,0.0014733784,0.0014733784,-4.4585202e-11,-4.4585202e-11,-0.098411092,-0.098411092,-4.7835766e-11,-4.7835766e-11,-0.098411092,-0.098411092,0.0013774838,0.0013774838,-0.099788576,-0.099788576,0.014574913,0.014574913,0.019055044,0.019055044,-0.0013774839,-0.0013774839,0.00012806212,0.00012806212,-0.00038759749,-0.00038759749,-1.5709448e-10,-1.5709448e-10,-0.00025953521,-0.00025953521,0.014055633,0.014055633,-0.10095137,-0.10095137,14.994067,14.994067,-6.3457023,-6.3457023,7.4677821,7.4677821,-3.1610287,-3.1610287,-0.0078057419,-0.0078057419,-0.09060535,-0.09060535,0.0029149826,0.0029149826,-0.019663039,-0.019663039,3.9950512,3.9950512,-3.6585293,-3.6585293,0.002884708,0.002884708,-4.0183188e-16,-4.0183188e-16,-7.5587239e-16,-7.5587239e-16,-4.7676553e-16,-4.7676553e-16,2.0603353e-15,2.0603353e-15,-1.1414232e-14,-1.1414232e-14,0.00038347648,0.00038347648,1.1568581e-05,1.1568581e-05
0.091634398,0.091634398,-0.021027323,-0.021027323,0.070607075,0.070607075,0.10337382,0.10337382,0.011739419,0.011739419,0.010121781,0.010121781,-0.0059628995,-0.0059628995,0.010404405,0.010404405,-0.0059548686,-0.0059548686,-9.3370926e-09,-9.3370926e-09,1.4475298e-16,1.4475298e-16,0.001505799,0.001505799,-0.10016726,-0.10016726,-0.00092817478,-0.00092817478,-0.00092817738,-0.00092817738,-0.00056802412,-0.00056802412,0.021027323,0.021027323,-0.0047123576,-0.0047123576,0.016593295,0.016593295,-0.0019867827,-0.0019867827,0.0044340275,0.0044340275,-0.002725575,-0.002725575,0.014606513,0.014606513,0.0017084525,0.0017084525,0.014606513,0.014606513,0.0017084525,0.0017084525,1.085703e-10,1.085703e-10,-0.09866146,-0.09866146,1.0529298e-10,1.0529298e-10,-0.09866146,-0.09866146,0.001505799,0.001505799,-0.10016726,-0.10016726,0.016112312,0.016112312,0.021027323,0.021027323,-0.0015057989,-0.0015057989,0.00012831516,0.00012831516,-0.00037868275,-0.00037868275,1.5312874e-10,1.5312874e-10,-0.00025036774,-0.00025036774,0.014209,0.014209,-0.10130331,-0.10130331,15.03873,15.03873,-6.366805,-6.366805,7.4184299,7.4184299,-3.1709269,-3.1709269,-0.0085328601,-0.0085328601,-0.090128599,-0.090128599,0.0032224624,0.0032224624,-0.019691761,-0.019691761,4.0102118,4.0102118,-3.673585,-3.673585,0.0028183598,0.0028183598,-3.9456412e-16,-3.9456412e-16,-7.5828725e-16,-7.5828725e-16,-4.4953007e-16,-4.4953007e-16,2.0431001e-15,2.0431001e-15,-1.1417258e-14,-1.1417258e-14,0.00038860678,0.00038860678,1.1042546e-05,1.1042546e-05
0.091276043,0.091276043,-0.022936306,-0.022936306,0.068339737,0.068339737,0.103939,0.103939,0.012662958,0.012662958,0.011041175,0.011041175,-0.0064533046,-0.0064533046,0.011327514,0.011327514,-0.0064456388,-0.0064456388,-9.2280231e-09,-9.2280231e-09,1.4441471e-16,1.4441471e-16,0.0016343273,0.0016343273,-0.10053723,-0.10053723,-0.00092465465,-0.00092465465,-0.00092465727,-0.00092465727,-0.00055495956,-0.00055495956,0.022936306,0.022936306,-0.0050360971,-0.0050360971,0.018106682,0.018106682,-0.0021445928,-0.0021445928,0.0048296242,0.0048296242,-0.0028915043,-0.0028915043,0.015962089,0.015962089,0.0019381199,0.0019381199,0.015962089,0.015962089,0.0019381199,0.0019381199,-3.6268826e-11,-3.6268826e-11,-0.098902904,-0.098902904,-3.9572288e-11,-3.9572288e-11,-0.098902904,-0.098902904,0.0016343273,0.0016343273,-0.10053723,-0.10053723,0.017596417,0.017596417,0.022936306,0.022936306,-0.0016343273,-0.0016343273,0.00012852833,0.00012852833,-0.00036997304,-0.00036997304,-1.4486527e-10,-1.4486527e-10,-0.00024144457,-0.00024144457,0.014358632,0.014358632,-0.10164715,-0.10164715,15.083151,15.083151,-6.3874223,-6.3874223,7.371208,7.371208,-3.1805974,-3.1805974,-0.0092611882,-0.0092611882,-0.089641716,-0.089641716,0.0035192833,0.0035192833,-0.019719822,-0.019719822,4.0250237,4.0250237,-3.6883644,-3.6883644,0.0027535375,0.0027535375,-3.8753104e-16,-3.8753104e-16,-7.6070561e-16,-7.6070561e-16,-4.2290967e-16,-4.2290967e-16,2.0265268e-15,2.0265268e-15,-1.142082e-14,-1.142082e-14,0.0003937156,0.0003937156,1.054043e-05,1.054043e-05
0.090908191,0.090908191,-0.024783644,-0.024783644,0.066124547,0.066124547,0.10449119,0.10449119,0.013582995,0.013582995,0.011936796,0.011936796,-0.006935569,-0.006935569,0.012226831,0.012226831,-0.0069282518,-0.0069282518,-9.2637961e-09,-9.2637961e-09,1.440839e-16,1.440839e-16,0.0017630302,0.0017630302,-0.1008987,-0.1008987,-0.00092102937,-0.00092102937,-0.00092103201,-0.00092103201,-0.00054219549,-0.00054219549,0.024783644,0.024783644,-0.0053555209,-0.0053555209,0.019567522,0.019567522,-0.0023019037,-0.0023019037,0.0052161222,0.0052161222,-0.0030536172,-0.0030536172,0.017265618,0.017265618,0.002162505,0.002162505,0.017265618,0.017265618,0.002162505,0.002162505,1.0495855e-10,1.0495855e-10,-0.099135665,-0.099135665,1.0162955e-10,1.0162955e-10,-0.099135665,-0.099135665,0.0017630302,0.0017630302,-0.1008987,-0.1008987,0.019028648,0.019028648,0.024783644,0.024783644,-0.0017630301,-0.0017630301,0.0001287029,0.0001287029,-0.00036146366,-0.00036146366,1.4120184e-10,1.4120184e-10,-0.0002327609,-0.0002327609,0.014504618,0.014504618,-0.10198309,-0.10198309,15.127326,15.127326,-6.4075654,-6.4075654,7.3260568,7.3260568,-3.1900455,-3.1900455,-0.0099905038,-0.0099905038,-0.089145161,-0.089145161,0.0038057297,0.0038057297,-0.019747238,-0.019747238,4.039495,4.039495,-3.7028734,-3.7028734,0.0026902061,0.0026902061,-3.8072684e-16,-3.8072684e-16,-7.6312752e-16,-7.6312752e-16,-3.9689927e-16,-3.9689927e-16,2.0105982e-15,2.0105982e-15,-1.1424899e-14,-1.1424899e-14,0.00039879778,0.00039879778,1.0061146e-05,1.0061146e-05
0.090531246,0.090531246,-0.026570939,-0.026570939,0.063960307,0.063960307,0.10503067,0.10503067,0.014499424,0.014499424,0.012809221,0.012809221,-0.0074098469,-0.0074098469,0.013102929,0.013102929,-0.0074028624,-0.0074028624,-9.1583449e-09,-9.1583449e-09,1.4376042e-16,1.4376042e-16,0.0018918703,0.0018918703,-0.10125185,-0.10125185,-0.00091729612,-0.00091729612,-0.00091729877,-0.00091729877,-0.000529725,-0.000529725,0.026570939,0.026570939,-0.0056706957,-0.0056706957,0.020977209,0.020977209,-0.0024586942,-0.0024586942,0.0055937307,0.0055937307,-0.0032120015,-0.0032120015,0.018518514,0.018518514,0.0023817292,0.0023817292,0.018518514,0.018518514,0.0023817292,0.0023817292,-2.8606962e-11,-2.8606962e-11,-0.099359975,-0.099359975,-3.1960919e-11,-3.1960919e-11,-0.099359975,-0.099359975,0.0018918703,0.0018918703,-0.10125185,-0.10125185,0.020410385,0.020410385,0.026570939,0.026570939,-0.0018918704,-0.0018918704,0.00012884013,0.00012884013,-0.00035315,-0.00035315,-1.3359047e-10,-1.3359047e-10,-0.00022430973,-0.00022430973,0.014647044,0.014647044,-0.1023113,-0.1023113,15.171252,15.171252,-6.4272452,-6.4272452,7.2829182,7.2829182,-3.1992763,-3.1992763,-0.010720599,-0.010720599,-0.088639376,-0.088639376,0.004082077,0.004082077,-0.019774023,-0.019774023,4.0536334,4.0536334,-3.717118,-3.717118,0.0026283314,0.0026283314,-3.7414583e-16,-3.7414583e-16,-7.6555302e-16,-7.6555302e-16,-3.7149338e-16,-3.7149338e-16,1.9952976e-15,1.9952976e-15,-1.142948e-14,-1.142948e-14,0.00040384838,0.00040384838,9.603656e-06,9.603656e-06
0.090145608,0.090145608,-0.028299763,-0.028299763,0.061845844,0.061845844,0.10555775,0.10555775,0.015412139,0.015412139,0.013659015,0.013659015,-0.0078762879,-0.0078762879,0.01395637,0.01395637,-0.0078696211,-0.0078696211,-9.1864623e-09,-9.1864623e-09,1.4344411e-16,1.4344411e-16,0.0020208116,0.0020208116,-0.10159687,-0.10159687,-0.00091346635,-0.00091346635,-0.00091346903,-0.00091346903,-0.00051754132,-0.00051754132,0.028299763,0.028299763,-0.0059816856,-0.0059816856,0.022337109,0.022337109,-0.0026149426,-0.0026149426,0.0059626542,0.0059626542,-0.003366743,-0.003366743,0.019722166,0.019722166,0.0025959112,0.0025959112,0.019722166,0.019722166,0.0025959112,0.0025959112,1.0161888e-10,1.0161888e-10,-0.099576061,-0.099576061,9.8240546e-11,9.8240546e-11,-0.099576061,-0.099576061,0.0020208116,0.0020208116,-0.10159687,-0.10159687,0.021742978,0.021742978,0.028299763,0.028299763,-0.0020208115,-0.0020208115,0.00012894123,0.00012894123,-0.00034502755,-0.00034502755,1.3020146e-10,1.3020146e-10,-0.00021608644,-0.00021608644,0.014785994,0.014785994,-0.10263196,-0.10263196,15.214928,15.214928,-6.4464723,-6.4464723,7.2417356,7.2417356,-3.2082948,-3.2082948,-0.011451265,-0.011451265,-0.088124796,-0.088124796,0.0043485956,0.0043485956,-0.019800192,-0.019800192,4.0674466,4.0674466,-3.731104,-3.731104,0.0025678798,0.0025678798,-3.6778245e-16,-3.6778245e-16,-7.6798209e-16,-7.6798209e-16,-3.4668612e-16,-3.4668612e-16,1.9806086e-15,1.9806086e-15,-1.1434546e-14,-1.1434546e-14,0.00040886267,0.00040886267,9.1669681e-06,9.1669681e-06
0.089751657,0.089751657,-0.029971643,-0.029971643,0.059780014,0.059780014,0.1060727,0.1060727,0.016321043,0.016321043,0.014486729,0.014486729,-0.0083350401,-0.0083350401,0.0147877,0.0147877,-0.0083286763,-0.0083286763,-9.0843566e-09,-9.0843566e-09,1.4313484e-16,1.4313484e-16,0.002149819,0.002149819,-0.10193396,-0.10193396,-0.00090953756,-0.00090953756,-0.00090954026,-0.00090954026,-0.00050563787,-0.00050563787,0.029971643,0.029971643,-0.0062885549,-0.0062885549,0.02364855,0.02364855,-0.0027706294,-0.0027706294,0.0063230925,0.0063230925,-0.0035179255,-0.0035179255,0.020877921,0.020877921,0.002805167,0.002805167,0.020877921,0.020877921,0.002805167,0.002805167,-2.1552912e-11,-2.1552912e-11,-0.099784146,-0.099784146,-2.4955067e-11,-2.4955067e-11,-0.099784146,-0.099784146,0.002149819,0.002149819,-0.10193396,-0.10193396,0.02302774,0.02302774,0.029971643,0.029971643,-0.002149819,-0.002149819,0.00012900739,0.00012900739,-0.00033709192,-0.00033709192,-1.2319561e-10,-1.2319561e-10,-0.00020808441,-0.00020808441,0.01492155,0.01492155,-0.10294524,-0.10294524,15.25835,15.25835,-6.4652573,-6.4652573,7.2024537,7.2024537,-3.2171059,-3.2171059,-0.012182308,-0.012182308,-0.087601838,-0.087601838,0.004605548,0.004605548,-0.01982576,-0.01982576,4.0809421,4.0809421,-3.7448368,-3.7448368,0.0025088185,0.0025088185,-3.6163121e-16,-3.6163121e-16,-7.7041468e-16,-7.7041468e-16,-3.2247126e-16,-3.2247126e-16,1.9665151e-15,1.9665151e-15,-1.144008e-14,-1.144008e-14,0.00041383611,0.00041383611,8.7501369e-06,8.7501369e-06
0.089349772,0.089349772,-0.031588073,-0.031588073,0.057761698,0.057761698,0.10657581,0.10657581,0.017226039,0.017226039,0.015292901,0.015292901,-0.008786247,-0.008786247,0.015597457,0.015597457,-0.0087801726,-0.0087801726,-9.1054253e-09,-9.1054253e-09,1.4283246e-16,1.4283246e-16,0.0022788587,0.0022788587,-0.1022633,-0.1022633,-0.00090552042,-0.00090552042,-0.00090552314,-0.00090552314,-0.0004940082,-0.0004940082,0.031588073,0.031588073,-0.0065913654,-0.0065913654,0.024912832,0.024912832,-0.0029257346,-0.0029257346,0.0066752408,0.0066752408,-0.0036656307,-0.0036656307,0.021987098,0.021987098,0.00300961,0.00300961,0.021987098,0.021987098,0.00300961,0.00300961,9.8525994e-11,9.8525994e-11,-0.099984445,-0.099984445,9.5100568e-11,9.5100568e-11,-0.099984445,-0.099984445,0.0022788587,0.0022788587,-0.1022633,-0.1022633,0.024265956,0.024265956,0.031588073,0.031588073,-0.0022788586,-0.0022788586,0.00012903974,0.00012903974,-0.0003293388,-0.0003293388,1.2005564e-10,1.2005564e-10,-0.00020029918,-0.00020029918,0.015053793,0.015053793,-0.10325132,-0.10325132,15.301517,15.301517,-6.4836102,-6.4836102,7.1650187,7.1650187,-3.2257143,-3.2257143,-0.012913532,-0.012913532,-0.087070913,-0.087070913,0.0048531913,0.0048531913,-0.019850739,-0.019850739,4.0941273,4.0941273,-3.7583221,-3.7583221,0.0024511157,0.0024511157,-3.5568676e-16,-3.5568676e-16,-7.7285071e-16,-7.7285071e-16,-2.9884224e-16,-2.9884224e-16,1.9530013e-15,1.9530013e-15,-1.1446068e-14,-1.1446068e-14,0.00041876435,0.00041876435,8.3522595e-06,8.3522595e-06
0.088940311,0.088940311,-0.033150508,-0.033150508,0.055789804,0.055789804,0.10706735,0.10706735,0.018127037,0.018127037,0.016078056,0.016078056,-0.0092300505,-0.0092300505,0.01638616,0.01638616,-0.0092242523,-0.0092242523,-9.0064175e-09,-9.0064175e-09,1.4253682e-16,1.4253682e-16,0.0024078981,0.0024078981,-0.10258507,-0.10258507,-0.00090141272,-0.00090141272,-0.00090141546,-0.00090141546,-0.00048264601,-0.00048264601,0.033150508,0.033150508,-0.006890179,-0.006890179,0.026131218,0.026131218,-0.0030802403,-0.0030802403,0.0070192896,0.0070192896,-0.0038099388,-0.0038099388,0.023050978,0.023050978,0.0032093508,0.0032093508,0.023050978,0.023050978,0.0032093508,0.0032093508,-1.5063321e-11,-1.5063321e-11,-0.10017717,-0.10017717,-1.8511483e-11,-1.8511483e-11,-0.10017717,-0.10017717,0.0024078981,0.0024078981,-0.10258507,-0.10258507,0.025458876,0.025458876,0.033150508,0.033150508,-0.0024078981,-0.0024078981,0.00012903941,0.00012903941,-0.00032176401,-0.00032176401,-1.1361205e-10,-1.1361205e-10,-0.00019272448,-0.00019272448,0.0151828,0.0151828,-0.10355036,-0.10355036,15.344426,15.344426,-6.5015409,-6.5015409,7.129378,7.129378,-3.2341248,-3.2341248,-0.013644756,-0.013644756,-0.086532413,-0.086532413,0.0050917752,0.0050917752,-0.019875143,-0.019875143,4.1070091,4.1070091,-3.771565,-3.771565,0.00239474,0.00239474,-3.4994382e-16,-3.4994382e-16,-7.7529006e-16,-7.7529006e-16,-2.7579222e-16,-2.7579222e-16,1.9400518e-15,1.9400518e-15,-1.1452492e-14,-1.1452492e-14,0.00042364327,0.00042364327,7.9724739e-06,7.9724739e-06
0.088523633,0.088523633,-0.034660371,-0.034660371,0.053863263,0.053863263,0.10754758,0.10754758,0.019023948,0.019023948,0.016842708,0.016842708,-0.0096665885,-0.0096665885,0.017154322,0.017154322,-0.009661054,-0.009661054,-9.0210014e-09,-9.0210014e-09,1.422478e-16,1.422478e-16,0.0025369056,0.0025369056,-0.10289943,-0.10289943,-0.0008972244,-0.0008972244,-0.00089722715,-0.00089722715,-0.00047154515,-0.00047154515,0.03466037,0.03466037,-0.0071850558,-0.0071850558,0.027304945,0.027304945,-0.003234128,-0.003234128,0.0073554252,0.0073554252,-0.0039509277,-0.0039509277,0.024070817,0.024070817,0.0034044975,0.0034044975,0.024070817,0.024070817,0.0034044975,0.0034044975,9.5656839e-11,9.5656839e-11,-0.10036253,-0.10036253,9.2186464e-11,9.2186464e-11,-0.10036253,-0.10036253,0.0025369056,0.0025369056,-0.10289943,-0.10289943,0.026607723,0.026607723,0.034660371,0.034660371,-0.0025369055,-0.0025369055,0.0001290075,0.0001290075,-0.00031436344,-0.00031436344,1.1069795e-10,1.1069795e-10,-0.00018535604,-0.00018535604,0.015308648,0.015308648,-0.10384252,-0.10384252,15.387075,15.387075,-6.5190593,-6.5190593,7.0954804,7.0954804,-3.2423418,-3.2423418,-0.014375798,-0.014375798,-0.085986727,-0.085986727,0.0053215445,0.0053215445,-0.019898987,-0.019898987,4.1195947,4.1195947,-3.7845708,-3.7845708,0.002339661,0.002339661,-3.4439726e-16,-3.4439726e-16,-7.777326e-16,-7.777326e-16,-2.5331409e-16,-2.5331409e-16,1.9276515e-15,1.9276515e-15,-1.145934e-14,-1.145934e-14,0.00042846892,0.00042846892,7.6099575e-06,7.6099575e-06
0.088100077,0.088100077,-0.036119045,-0.036119045,0.051981032,0.051981032,0.10801677,0.10801677,0.019916692,0.019916692,0.017587357,0.017587357,-0.010095997,-0.010095997,0.017902439,0.017902439,-0.010090714,-0.010090714,-8.9248673e-09,-8.9248673e-09,1.4196524e-16,1.4196524e-16,0.0026658507,0.0026658507,-0.10320656,-0.10320656,-0.00089295349,-0.00089295349,-0.00089295626,-0.00089295626,-0.00046069962,-0.00046069962,0.036119045,0.036119045,-0.0074760553,-0.0074760553,0.028435215,0.028435215,-0.0033873814,-0.0033873814,0.0076838298,0.0076838298,-0.0040886739,-0.0040886739,0.025047834,0.025047834,0.0035951559,0.0035951559,0.025047834,0.025047834,0.0035951559,0.0035951559,-9.0979355e-12,-9.0979355e-12,-0.10054071,-0.10054071,-1.2590013e-11,-1.2590013e-11,-0.10054071,-0.10054071,0.0026658507,0.0026658507,-0.10320656,-0.10320656,0.027713684,0.027713684,0.036119045,0.036119045,-0.0026658507,-0.0026658507,0.00012894507,0.00012894507,-0.00030713308,-0.00030713308,-1.0477648e-10,-1.0477648e-10,-0.0001781879,-0.0001781879,0.015431413,0.015431413,-0.10412796,-0.10412796,15.429464,15.429464,-6.5361747,-6.5361747,7.0632759,7.0632759,-3.2503698,-3.2503698,-0.015106487,-0.015106487,-0.085434226,-0.085434226,0.0055427369,0.0055427369,-0.019922282,-0.019922282,4.1318909,4.1318909,-3.7973445,-3.7973445,0.0022858488,0.0022858488,-3.3904203e-16,-3.3904203e-16,-7.8017817e-16,-7.8017817e-16,-2.3140052e-16,-2.3140052e-16,1.9157855e-15,1.9157855e-15,-1.1466594e-14,-1.1466594e-14,0.00043323754,0.00043323754,7.2639251e-06,7.2639251e-06
0.087669979,0.087669979,-0.037527886,-0.037527886,0.050142093,0.050142093,0.10847516,0.10847516,0.020805186,0.020805186,0.018312492,0.018312492,-0.010518408,-0.010518408,0.018630998,0.018630998,-0.010513366,-0.010513366,-8.9334898e-09,-8.9334898e-09,1.4168902e-16,1.4168902e-16,0.0027947038,0.0027947038,-0.10350663,-0.10350663,-0.00088860926,-0.00088860926,-0.00088861205,-0.00088861205,-0.00045010353,-0.00045010353,0.037527886,0.037527886,-0.0077632354,-0.0077632354,0.029523205,0.029523205,-0.0035399835,-0.0035399835,0.0080046811,0.0080046811,-0.004223252,-0.004223252,0.025983221,0.025983221,0.0037814291,0.0037814291,0.025983221,0.025983221,0.0037814291,0.0037814291,9.2990433e-11,9.2990433e-11,-0.10071193,-0.10071193,8.9477152e-11,8.9477152e-11,-0.10071193,-0.10071193,0.0027947038,0.0027947038,-0.10350663,-0.10350663,0.028777925,0.028777925,0.037527886,0.037527886,-0.0027947037,-0.0027947037,0.00012885315,0.00012885315,-0.00030006902,-0.00030006902,1.0206716e-10,1.0206716e-10,-0.00017121597,-0.00017121597,0.015551165,0.015551165,-0.10440684,-0.10440684,15.47159,15.47159,-6.5528965,-6.5528965,7.0327161,7.0327161,-3.2582131,-3.2582131,-0.015836654,-0.015836654,-0.084875275,-0.084875275,0.005755585,0.005755585,-0.019945041,-0.019945041,4.1439042,4.1439042,-3.8098911,-3.8098911,0.0022332743,0.0022332743,-3.3387318e-16,-3.3387318e-16,-7.8262657e-16,-7.8262657e-16,-2.1004396e-16,-2.1004396e-16,1.9044393e-15,1.9044393e-15,-1.1474242e-14,-1.1474242e-14,0.00043794557,0.00043794557,6.9336272e-06,6.9336272e-06
0.08723366,0.08723366,-0.038888211,-0.038888211,0.048345449,0.048345449,0.10892302,0.10892302,0.021689358,0.021689358,0.01901859,0.01901859,-0.010933953,-0.010933953,0.019340474,0.019340474,-0.01092914,-0.01092914,-8.8400259e-09,-8.8400259e-09,1.4141899e-16,1.4141899e-16,0.0029234366,0.0029234366,-0.1037998,-0.1037998,-0.00088418998,-0.00088418998,-0.00088419278,-0.00088419278,-0.00043975114,-0.00043975114,0.038888211,0.038888211,-0.0080466539,-0.0080466539,0.030570058,0.030570058,-0.0036919192,-0.0036919192,0.0083181527,0.0083181527,-0.0043547347,-0.0043547347,0.026878139,0.026878139,0.0039634181,0.0039634181,0.026878139,0.026878139,0.0039634181,0.0039634181,-3.6193741e-12,-3.6193741e-12,-0.10087636,-0.10087636,-7.1533704e-12,-7.1533704e-12,-0.10087636,-0.10087636,0.0029234366,0.0029234366,-0.1037998,-0.1037998,0.029801576,0.029801576,0.038888211,0.038888211,-0.0029234366,-0.0029234366,0.00012873275,0.00012873275,-0.00029316743,-0.00029316743,-9.6630522e-11,-9.6630522e-11,-0.00016443459,-0.00016443459,0.015667978,0.015667978,-0.1046793,-0.1046793,15.513451,15.513451,-6.5692337,-6.5692337,7.0037533,7.0037533,-3.2658761,-3.2658761,-0.016566141,-0.016566141,-0.084310223,-0.084310223,0.0059603151,0.0059603151,-0.019967276,-0.019967276,4.1556412,4.1556412,-3.8222153,-3.8222153,0.002181909,0.002181909,-3.2888589e-16,-3.2888589e-16,-7.8507761e-16,-7.8507761e-16,-1.8923668e-16,-1.8923668e-16,1.8935987e-15,1.8935987e-15,-1.1482268e-14,-1.1482268e-14,0.00044258963,0.00044258963,6.6183482e-06,6.6183482e-06
0.086791438,0.086791438,-0.04020131,-0.04020131,0.046590128,0.046590128,0.10936057,0.10936057,0.022569133,0.022569133,0.019706118,0.019706118,-0.011342758,-0.011342758,0.02003133,0.02003133,-0.011338164,-0.011338164,-8.8431734e-09,-8.8431734e-09,1.4115504e-16,1.4115504e-16,0.0030520214,0.0030520214,-0.10408623,-0.10408623,-0.00087970427,-0.00087970427,-0.00087970709,-0.00087970709,-0.00042963687,-0.00042963687,0.04020131,0.04020131,-0.0083263664,-0.0083263664,0.031576895,0.031576895,-0.0038431731,-0.0038431731,0.0086244146,0.0086244146,-0.0044831933,-0.0044831933,0.027733722,0.027733722,0.0041412212,0.0041412212,0.027733722,0.027733722,0.0041412212,0.0041412212,9.0507677e-11,9.0507677e-11,-0.1010342,-0.1010342,8.6953441e-11,8.6953441e-11,-0.1010342,-0.1010342,0.0030520214,0.0030520214,-0.10408623,-0.10408623,0.030785743,0.030785743,0.04020131,0.04020131,-0.0030520213,-0.0030520213,0.00012858484,0.00012858484,-0.00028642458,-0.00028642458,9.4106812e-11,9.4106812e-11,-0.00015783983,-0.00015783983,0.015781921,0.015781921,-0.1049455,-0.1049455,15.555047,15.555047,-6.5851951,-6.5851951,6.9763413,6.9763413,-3.2733628,-3.2733628,-0.017294787,-0.017294787,-0.083739416,-0.083739416,0.0061571487,0.0061571487,-0.019989001,-0.019989001,4.1671082,4.1671082,-3.8343219,-3.8343219,0.0021317251,0.0021317251,-3.2407543e-16,-3.2407543e-16,-7.8753105e-16,-7.8753105e-16,-1.6897081e-16,-1.6897081e-16,1.8832499e-15,1.8832499e-15,-1.1490658e-14,-1.1490658e-14,0.00044716653,0.00044716653,6.3174053e-06,6.3174053e-06
0.086343615,0.086343615,-0.041468436,-0.041468436,0.044875179,0.044875179,0.10978806,0.10978806,0.023444444,0.023444444,0.02037553,0.02037553,-0.011744949,-0.011744949,0.02070402,0.02070402,-0.011740563,-0.011740563,-8.7521954e-09,-8.7521954e-09,1.4089702e-16,1.4089702e-16,0.0031804318,0.0031804318,-0.10436606,-0.10436606,-0.00087515062,-0.00087515062,-0.00087515345,-0.00087515345,-0.00041975522,-0.00041975522,0.041468436,0.041468436,-0.0086024288,-0.0086024288,0.032544803,0.032544803,-0.0039937314,-0.0039937314,0.0089236324,0.0089236324,-0.0046086974,-0.0046086974,0.028551072,0.028551072,0.004314935,0.004314935,0.028551072,0.028551072,0.004314935,0.004314935,1.4070803e-12,1.4070803e-12,-0.10118563,-0.10118563,-2.1669292e-12,-2.1669292e-12,-0.10118563,-0.10118563,0.0031804318,0.0031804318,-0.10436606,-0.10436606,0.031731504,0.031731504,0.041468436,0.041468436,-0.0031804318,-0.0031804318,0.0001284104,0.0001284104,-0.00027983681,-0.00027983681,-8.9120371e-11,-8.9120371e-11,-0.00015142633,-0.00015142633,0.015893061,0.015893061,-0.10520557,-0.10520557,15.596375,15.596375,-6.6007894,-6.6007894,6.950435,6.950435,-3.2806773,-3.2806773,-0.018022447,-0.018022447,-0.083163183,-0.083163183,0.0063463007,0.0063463007,-0.020010225,-0.020010225,4.1783115,4.1783115,-3.8462154,-3.8462154,0.0020826954,0.0020826954,-3.1943716e-16,-3.1943716e-16,-7.8998666e-16,-7.8998666e-16,-1.4923833e-16,-1.4923833e-16,1.8733792e-15,1.8733792e-15,-1.14994e-14,-1.14994e-14,0.00045167325,0.00045167325,6.0301466e-06,6.0301466e-06
0.085890491,0.085890491,-0.042690816,-0.042690816,0.043199674,0.043199674,0.11020572,0.11020572,0.024315224,0.024315224,0.021027271,0.021027271,-0.012140647,-0.012140647,0.021358985,0.021358985,-0.012136461,-0.012136461,-8.7503194e-09,-8.7503194e-09,1.406448e-16,1.406448e-16,0.0033086421,0.0033086421,-0.10463946,-0.10463946,-0.00087053704,-0.00087053704,-0.00087053988,-0.00087053988,-0.00041010085,-0.00041010085,0.042690816,0.042690816,-0.0088748949,-0.0088748949,0.033474848,0.033474848,-0.00414358,-0.00414358,0.0092159682,0.0092159682,-0.0047313149,-0.0047313149,0.029331268,0.029331268,0.0044846533,0.0044846533,0.029331268,0.029331268,0.0044846533,0.0044846533,8.8191203e-11,8.8191203e-11,-0.10133082,-0.10133082,8.4597874e-11,8.4597874e-11,-0.10133082,-0.10133082,0.0033086421,0.0033086421,-0.10463946,-0.10463946,0.03263991,0.03263991,0.042690816,0.042690816,-0.0033086421,-0.0033086421,0.00012821033,0.00012821033,-0.00027340057,-0.00027340057,8.6764804e-11,8.6764804e-11,-0.00014519032,-0.00014519032,0.016001465,0.016001465,-0.10545966,-0.10545966,15.637435,15.637435,-6.6160251,-6.6160251,6.9259906,6.9259906,-3.2878236,-3.2878236,-0.018748972,-0.018748972,-0.082581849,-0.082581849,0.006527982,0.006527982,-0.020030962,-0.020030962,4.1892572,4.1892572,-3.8579002,-3.8579002,0.0020347934,0.0020347934,-3.1496657e-16,-3.1496657e-16,-7.9244419e-16,-7.9244419e-16,-1.3003108e-16,-1.3003108e-16,1.8639735e-15,1.8639735e-15,-1.1508479e-14,-1.1508479e-14,0.00045610695,0.00045610695,5.7559498e-06,5.7559498e-06
0.085432351,0.085432351,-0.043869645,-0.043869645,0.041562706,0.041562706,0.11061377,0.11061377,0.025181414,0.025181414,0.021661773,0.021661773,-0.012529973,-0.012529973,0.021996657,0.021996657,-0.012525977,-0.012525977,-8.6616605e-09,-8.6616605e-09,1.4039827e-16,1.4039827e-16,0.0034366277,0.0034366277,-0.10490657,-0.10490657,-0.00086586222,-0.00086586222,-0.00086586508,-0.00086586508,-0.00040066853,-0.00040066853,0.043869645,0.043869645,-0.0091438185,-0.0091438185,0.034368065,0.034368065,-0.0042927063,-0.0042927063,0.0095015803,0.0095015803,-0.0048511122,-0.0048511122,0.030075358,0.030075358,0.0046504681,0.0046504681,0.030075358,0.030075358,0.0046504681,0.0046504681,6.0136758e-12,6.0136758e-12,-0.10146995,-0.10146995,2.401472e-12,2.401472e-12,-0.10146995,-0.10146995,0.0034366277,0.0034366277,-0.10490657,-0.10490657,0.033511986,0.033511986,0.043869645,0.043869645,-0.0034366277,-0.0034366277,0.00012798556,0.00012798556,-0.00026711235,-0.00026711235,-8.2196402e-11,-8.2196402e-11,-0.00013912671,-0.00013912671,0.016107198,0.016107198,-0.10570791,-0.10570791,15.678226,15.678226,-6.6309103,-6.6309103,6.9029651,6.9029651,-3.2948055,-3.2948055,-0.019474224,-0.019474224,-0.081995723,-0.081995723,0.0067023972,0.0067023972,-0.020051221,-0.020051221,4.199951,4.199951,-3.8693808,-3.8693808,0.0019879932,0.0019879932,-3.1065924e-16,-3.1065924e-16,-7.9490336e-16,-7.9490336e-16,-1.1134084e-16,-1.1134084e-16,1.8550197e-15,1.8550197e-15,-1.1517882e-14,-1.1517882e-14,0.00046046496,0.00046046496,5.494221e-06,5.494221e-06
0.084969478,0.084969478,-0.045006089,-0.045006089,0.039963388,0.039963388,0.11101243,0.11101243,0.026042953,0.026042953,0.022279462,0.022279462,-0.012913043,-0.012913043,0.022617458,0.022617458,-0.012909229,-0.012909229,-8.6551802e-09,-8.6551802e-09,1.401573e-16,1.401573e-16,0.0035643647,0.0035643647,-0.10516754,-0.10516754,-0.00086113362,-0.00086113362,-0.00086113649,-0.00086113649,-0.00039145315,-0.00039145315,0.045006089,0.045006089,-0.0094092518,-0.0094092518,0.035225466,0.035225466,-0.0044410977,-0.0044410977,0.0097806233,0.0097806233,-0.0049681542,-0.0049681542,0.030784368,0.030784368,0.0048124691,0.0048124691,0.030784368,0.030784368,0.0048124691,0.0048124691,8.6025222e-11,8.6025222e-11,-0.10160318,-0.10160318,8.2394577e-11,8.2394577e-11,-0.10160318,-0.10160318,0.0035643647,0.0035643647,-0.10516754,-0.10516754,0.034348733,0.034348733,0.045006089,0.045006089,-0.0035643646,-0.0035643646,0.00012773695,0.00012773695,-0.00026096877,-0.00026096877,7.9993105e-11,7.9993105e-11,-0.00013323189,-0.00013323189,0.016210323,0.016210323,-0.10595045,-0.10595045,15.718747,15.718747,-6.6454532,-6.6454532,6.8813168,6.8813168,-3.3016268,-3.3016268,-0.020198066,-0.020198066,-0.081405113,-0.081405113,0.0068697466,0.0068697466,-0.020071015,-0.020071015,4.210399,4.210399,-3.8806612,-3.8806612,0.0019422693,0.0019422693,-3.0651084e-16,-3.0651084e-16,-7.973639e-16,-7.973639e-16,-9.3159288e-17,-9.3159288e-17,1.8465051e-15,1.8465051e-15,-1.1527598e-14,-1.1527598e-14,0.00046474477,0.00046474477,5.2443933e-06,5.2443933e-06
0.08450214,0.08450214,-0.046101285,-0.046101285,0.038400855,0.038400855,0.11140193,0.11140193,0.026899787,0.026899787,0.022880748,0.022880748,-0.013289974,-0.013289974,0.023221798,0.023221798,-0.013286333,-0.013286333,-8.5686895e-09,-8.5686895e-09,1.3992177e-16,1.3992177e-16,0.00369183,0.00369183,-0.10542251,-0.10542251,-0.00085635009,-0.00085635009,-0.00085635298,-0.00085635298,-0.00038244973,-0.00038244973,0.046101285,0.046101285,-0.0096712467,-0.0096712467,0.036048037,0.036048037,-0.0045887425,-0.0045887425,0.010053248,0.010053248,-0.0050825042,-0.0050825042,0.031459294,0.031459294,0.0049707441,0.0049707441,0.031459294,0.031459294,0.0049707441,0.0049707441,1.0230371e-11,1.0230371e-11,-0.10173068,-0.10173068,6.5817094e-12,6.5817094e-12,-0.10173068,-0.10173068,0.00369183,0.00369183,-0.10542251,-0.10542251,0.035151124,0.035151124,0.046101285,0.046101285,-0.00369183,-0.00369183,0.00012746538,0.00012746538,-0.00025496649,-0.00025496649,-7.5812867e-11,-7.5812867e-11,-0.00012750104,-0.00012750104,0.016310902,0.016310902,-0.10618741,-0.10618741,15.758996,15.758996,-6.6596616,-6.6596616,6.861005,6.861005,-3.3082912,-3.3082912,-0.02092037,-0.02092037,-0.08081031,-0.08081031,0.0070302248,0.0070302248,-0.020090353,-0.020090353,4.2206066,4.2206066,-3.8917458,-3.8917458,0.0018975971,0.0018975971,-3.0251714e-16,-3.0251714e-16,-7.9982551e-16,-7.9982551e-16,-7.5478033e-17,-7.5478033e-17,1.8384174e-15,1.8384174e-15,-1.1537613e-14,-1.1537613e-14,0.00046894404,0.00046894404,5.0059255e-06,5.0059255e-06
0.084030603,0.084030603,-0.047156344,-0.047156344,0.03687426,0.03687426,0.11178246,0.11178246,0.027751861,0.027751861,0.023466037,0.023466037,-0.013660877,-0.013660877,0.023810081,0.023810081,-0.013657402,-0.013657402,-8.5579944e-09,-8.5579944e-09,1.3969155e-16,1.3969155e-16,0.0038190017,0.0038190017,-0.10567161,-0.10567161,-0.00085151859,-0.00085151859,-0.00085152149,-0.00085152149,-0.00037365339,-0.00037365339,0.047156344,0.047156344,-0.0099298535,-0.0099298535,0.036836741,0.036836741,-0.0047356294,-0.0047356294,0.010319603,0.010319603,-0.0051942241,-0.0051942241,0.032101111,0.032101111,0.0051253788,0.0051253788,0.032101111,0.032101111,0.0051253788,0.0051253788,8.3995388e-11,8.3995388e-11,-0.10185261,-0.10185261,8.0329123e-11,8.0329123e-11,-0.10185261,-0.10185261,0.0038190017,0.0038190017,-0.10567161,-0.10567161,0.035920113,0.035920113,0.047156344,0.047156344,-0.0038190016,-0.0038190016,0.00012717166,0.00012717166,-0.00024910226,-0.00024910226,7.3747414e-11,7.3747414e-11,-0.00012193068,-0.00012193068,0.016408996,0.016408996,-0.10641892,-0.10641892,15.798973,15.798973,-6.6735431,-6.6735431,6.84199,6.84199,-3.3148024,-3.3148024,-0.021641009,-0.021641009,-0.080211602,-0.080211602,0.0071840226,0.0071840226,-0.020109247,-0.020109247,4.2305794,4.2305794,-3.9026384,-3.9026384,0.0018539524,0.0018539524,-2.9867402e-16,-2.9867402e-16,-8.022879e-16,-8.022879e-16,-5.8288641e-17,-5.8288641e-17,1.8307446e-15,1.8307446e-15,-1.1547915e-14,-1.1547915e-14,0.0004730606,0.0004730606,4.778301e-06,4.778301e-06
0.083555122,0.083555122,-0.048172346,-0.048172346,0.035382776,0.035382776,0.11215425,0.11215425,0.028599128,0.028599128,0.024035721,0.024035721,-0.014025863,-0.014025863,0.024382697,0.024382697,-0.014022546,-0.014022546,-8.4735351e-09,-8.4735351e-09,1.3946654e-16,1.3946654e-16,0.0039458583,0.0039458583,-0.10591499,-0.10591499,-0.0008466381,-0.0008466381,-0.00084664101,-0.00084664101,-0.00036505936,-0.00036505936,0.048172346,0.048172346,-0.010185122,-0.010185122,0.037592514,0.037592514,-0.0048817479,-0.0048817479,0.010579831,0.010579831,-0.0053033745,-0.0053033745,0.032710766,0.032710766,0.0052764569,0.0052764569,0.032710766,0.032710766,0.0052764569,0.0052764569,1.4085002e-11,1.4085002e-11,-0.10196913,-0.10196913,1.040154e-11,1.040154e-11,-0.10196913,-0.10196913,0.0039458583,0.0039458583,-0.10591499,-0.10591499,0.036656625,0.036656625,0.048172346,0.048172346,-0.0039458583,-0.0039458583,0.00012685661,0.00012685661,-0.00024337291,-0.00024337291,-6.9927584e-11,-6.9927584e-11,-0.00011651623,-0.00011651623,0.016504663,0.016504663,-0.1066451,-0.1066451,15.838677,15.838677,-6.6871055,-6.6871055,6.8242332,6.8242332,-3.3211638,-3.3211638,-0.022359864,-0.022359864,-0.079609263,-0.079609263,0.0073313249,0.0073313249,-0.020127706,-0.020127706,4.2403229,4.2403229,-3.9133431,-3.9133431,0.0018113115,0.0018113115,-2.9497744e-16,-2.9497744e-16,-8.0475077e-16,-8.0475077e-16,-4.1582643e-17,-4.1582643e-17,1.8234747e-15,1.8234747e-15,-1.1558493e-14,-1.1558493e-14,0.00047709241,0.00047709241,4.5610269e-06,4.5610269e-06
0.083075945,0.083075945,-0.049150348,-0.049150348,0.033925596,0.033925596,0.11251748,0.11251748,0.029441538,0.029441538,0.024590186,0.024590186,-0.014385039,-0.014385039,0.024940031,0.024940031,-0.014381873,-0.014381873,-8.4589868e-09,-8.4589868e-09,1.392466e-16,1.392466e-16,0.0040723793,0.0040723793,-0.10615276,-0.10615276,-0.0008417151,-0.0008417151,-0.00084171802,-0.00084171802,-0.00035666299,-0.00035666299,0.049150348,0.049150348,-0.010437102,-0.010437102,0.038316274,0.038316274,-0.0050270877,-0.0050270877,0.010834075,0.010834075,-0.0054100144,-0.0054100144,0.033289186,0.033289186,0.0054240602,0.0054240602,0.033289186,0.033289186,0.0054240602,0.0054240602,8.2088678e-11,8.2088678e-11,-0.10208038,-0.10208038,7.8388413e-11,7.8388413e-11,-0.10208038,-0.10208038,0.0040723793,0.0040723793,-0.10615276,-0.10615276,0.037361565,0.037361565,0.049150348,0.049150348,-0.0040723792,-0.0040723792,0.00012652102,0.00012652102,-0.00023777533,-0.00023777533,6.7986874e-11,6.7986874e-11,-0.00011125438,-0.00011125438,0.016597961,0.016597961,-0.10686609,-0.10686609,15.878108,15.878108,-6.7003558,-6.7003558,6.8076969,6.8076969,-3.3273789,-3.3273789,-0.023076816,-0.023076816,-0.079003566,-0.079003566,0.0074723131,0.0074723131,-0.02014574,-0.02014574,4.2498423,4.2498423,-3.9238636,-3.9238636,0.0017696513,0.0017696513,-2.9142346e-16,-2.9142346e-16,-8.072138e-16,-8.072138e-16,-2.5351544e-17,-2.5351544e-17,1.8165963e-15,1.8165963e-15,-1.1569334e-14,-1.1569334e-14,0.00048103761,0.00048103761,4.3536324e-06,4.3536324e-06
0.082593312,0.082593312,-0.05009138,-0.05009138,0.032501932,0.032501932,0.11287236,0.11287236,0.030279051,0.030279051,0.025129806,0.025129806,-0.014738513,-0.014738513,0.025482456,0.025482456,-0.014735491,-0.014735491,-8.3764354e-09,-8.3764354e-09,1.3903165e-16,1.3903165e-16,0.004198545,0.004198545,-0.10638507,-0.10638507,-0.00083674871,-0.00083674871,-0.00083675166,-0.00083675166,-0.00034845975,-0.00034845975,0.05009138,0.05009138,-0.010685841,-0.010685841,0.03900891,0.03900891,-0.0051716394,-0.0051716394,0.01108247,0.01108247,-0.0055142016,-0.0055142016,0.03383727,0.03383727,0.0055682686,0.0055682686,0.03383727,0.03383727,0.0055682686,0.0055682686,1.7603434e-11,1.7603434e-11,-0.10218652,-0.10218652,1.3886754e-11,1.3886754e-11,-0.10218652,-0.10218652,0.004198545,0.004198545,-0.10638507,-0.10638507,0.038035815,0.038035815,0.05009138,0.05009138,-0.004198545,-0.004198545,0.00012616566,0.00012616566,-0.0002323065,-0.0002323065,-6.450166e-11,-6.450166e-11,-0.00010614077,-0.00010614077,0.016688946,0.016688946,-0.10708199,-0.10708199,15.917265,15.917265,-6.7133015,-6.7133015,6.7923443,6.7923443,-3.333451,-3.333451,-0.023791755,-0.023791755,-0.078394767,-0.078394767,0.0076071631,0.0076071631,-0.02016336,-0.02016336,4.2591427,4.2591427,-3.9342038,-3.9342038,0.0017289493,0.0017289493,-2.8800824e-16,-2.8800824e-16,-8.0967667e-16,-8.0967667e-16,-9.5868397e-18,-9.5868397e-18,1.8100981e-15,1.8100981e-15,-1.1580429e-14,-1.1580429e-14,0.00048489446,0.00048489446,4.1556684e-06,4.1556684e-06
0.082107459,0.082107459,-0.050996447,-0.050996447,0.031111012,0.031111012,0.11321908,0.11321908,0.031111622,0.031111622,0.025654947,0.025654947,-0.015086388,-0.015086388,0.026010337,0.026010337,-0.015083503,-0.015083503,-8.3583696e-09,-8.3583696e-09,1.3882155e-16,1.3882155e-16,0.0043243363,0.0043243363,-0.10661203,-0.10661203,-0.00083174497,-0.00083174497,-0.00083174792,-0.00083174792,-0.00034044517,-0.00034044517,0.050996447,0.050996447,-0.010931386,-0.010931386,0.039671294,0.039671294,-0.0053153937,-0.0053153937,0.011325153,0.011325153,-0.0056159925,-0.0056159925,0.0343559,0.0343559,0.0057091602,0.0057091602,0.0343559,0.0343559,0.0057091602,0.0057091602,8.0293275e-11,8.0293275e-11,-0.10228769,-0.10228769,7.6560556e-11,7.6560556e-11,-0.10228769,-0.10228769,0.0043243363,0.0043243363,-0.10661203,-0.10661203,0.038680236,0.038680236,0.050996447,0.050996447,-0.0043243362,-0.0043243362,0.00012579128,0.00012579128,-0.00022696345,-0.00022696345,6.2673803e-11,6.2673803e-11,-0.00010117223,-0.00010117223,0.016777673,0.016777673,-0.10729292,-0.10729292,15.956148,15.956148,-6.7259493,-6.7259493,6.7781397,6.7781397,-3.3393835,-3.3393835,-0.024504572,-0.024504572,-0.077783122,-0.077783122,0.0077360473,0.0077360473,-0.020180574,-0.020180574,4.2682292,4.2682292,-3.9443673,-3.9443673,0.0016891835,0.0016891835,-2.8472801e-16,-2.8472801e-16,-8.1213908e-16,-8.1213908e-16,5.7199745e-18,5.7199745e-18,1.8039691e-15,1.8039691e-15,-1.1591765e-14,-1.1591765e-14,0.00048866138,0.00048866138,3.966706e-06,3.966706e-06
0.08161861,0.08161861,-0.051866526,-0.051866526,0.029752083,0.029752083,0.11355782,0.11355782,0.031939214,0.031939214,0.026165968,0.026165968,-0.015428765,-0.015428765,0.026524031,0.026524031,-0.015426011,-0.015426011,-8.2776144e-09,-8.2776144e-09,1.3861621e-16,1.3861621e-16,0.0044497349,0.0044497349,-0.10683377,-0.10683377,-0.00082670312,-0.00082670312,-0.00082670608,-0.00082670608,-0.00033261493,-0.00033261493,0.051866526,0.051866526,-0.011173785,-0.011173785,0.040304273,0.040304273,-0.0054583423,-0.0054583423,0.011562254,0.011562254,-0.0057154422,-0.0057154422,0.03484593,0.03484593,0.0058468114,0.0058468114,0.03484593,0.03484593,0.0058468114,0.0058468114,2.0809708e-11,2.0809708e-11,-0.10238404,-0.10238404,1.7061319e-11,1.7061319e-11,-0.10238404,-0.10238404,0.0044497349,0.0044497349,-0.10683377,-0.10683377,0.039295665,0.039295665,0.051866526,0.051866526,-0.0044497349,-0.0044497349,0.00012539861,0.00012539861,-0.00022174329,-0.00022174329,-5.9499237e-11,-5.9499237e-11,-9.6344623e-05,-9.6344623e-05,0.016864197,0.016864197,-0.107499,-0.107499,15.994756,15.994756,-6.7383063,-6.7383063,6.7650483,6.7650483,-3.3451795,-3.3451795,-0.025215164,-0.025215164,-0.077168875,-0.077168875,0.0078591331,0.0078591331,-0.020197392,-0.020197392,4.2771068,4.2771068,-3.9543576,-3.9543576,0.0016503323,0.0016503323,-2.8157911e-16,-2.8157911e-16,-8.1460068e-16,-8.1460068e-16,2.0577391e-17,2.0577391e-17,1.7981986e-15,1.7981986e-15,-1.1603333e-14,-1.1603333e-14,0.00049233693,0.00049233693,3.7863359e-06,3.7863359e-06
0.081126986,0.081126986,-0.052702576,-0.052702576,0.02842441,0.02842441,0.11388878,0.11388878,0.032761789,0.032761789,0.026663218,0.026663218,-0.015765744,-0.015765744,0.027023887,0.027023887,-0.015763115,-0.015763115,-8.2563429e-09,-8.2563429e-09,1.3841551e-16,1.3841551e-16,0.0045747232,0.0045747232,-0.10705042,-0.10705042,-0.00082162875,-0.00082162875,-0.00082163173,-0.00082163173,-0.00032496479,-0.00032496479,0.052702576,0.052702576,-0.011413081,-0.011413081,0.040908675,0.040908675,-0.0056004769,-0.0056004769,0.011793901,0.011793901,-0.0058126046,-0.0058126046,0.035308198,0.035308198,0.0059812965,0.0059812965,0.035308198,0.035308198,0.0059812965,0.0059812965,7.8598465e-11,7.8598465e-11,-0.10247569,-0.10247569,7.4834767e-11,7.4834767e-11,-0.10247569,-0.10247569,0.0045747232,0.0045747232,-0.10705042,-0.10705042,0.039882921,0.039882921,0.052702576,0.052702576,-0.0045747231,-0.0045747231,0.00012498834,0.00012498834,-0.00021664319,-0.00021664319,5.7773448e-11,5.7773448e-11,-9.1654911e-05,-9.1654911e-05,0.016948569,0.016948569,-0.10770035,-0.10770035,16.033089,16.033089,-6.7503791,-6.7503791,6.753036,6.753036,-3.3508423,-3.3508423,-0.025923431,-0.025923431,-0.076552263,-0.076552263,0.0079765843,0.0079765843,-0.020213824,-0.020213824,4.2857801,4.2857801,-3.9641783,-3.9641783,0.0016123746,0.0016123746,-2.7855794e-16,-2.7855794e-16,-8.1706117e-16,-8.1706117e-16,3.4993882e-17,3.4993882e-17,1.7927761e-15,1.7927761e-15,-1.1615121e-14,-1.1615121e-14,0.00049591979,0.00049591979,3.6141675e-06,3.6141675e-06
0.080632799,0.080632799,-0.053505527,-0.053505527,0.027127273,0.027127273,0.11421212,0.11421212,0.033579316,0.033579316,0.027147036,0.027147036,-0.016097423,-0.016097423,0.027510242,0.027510242,-0.016094914,-0.016094914,-8.1772828e-09,-8.1772828e-09,1.3821936e-16,1.3821936e-16,0.0046992844,0.0046992844,-0.10726208,-0.10726208,-0.00081652124,-0.00081652124,-0.00081652423,-0.00081652423,-0.0003174906,-0.0003174906,0.053505527,0.053505527,-0.011649322,-0.011649322,0.041485306,0.041485306,-0.00574179,-0.00574179,0.012020221,0.012020221,-0.0059075322,-0.0059075322,0.035743516,0.035743516,0.0061126885,0.0061126885,0.035743516,0.035743516,0.0061126885,0.0061126885,2.3726169e-11,2.3726169e-11,-0.10256279,-0.10256279,1.9947513e-11,1.9947513e-11,-0.10256279,-0.10256279,0.0046992844,0.0046992844,-0.10726208,-0.10726208,0.0404428,0.0404428,0.053505527,0.053505527,-0.0046992844,-0.0046992844,0.00012456117,0.00012456117,-0.0002116604,-0.0002116604,-5.4887254e-11,-5.4887254e-11,-8.7099173e-05,-8.7099173e-05,0.01703084,0.01703084,-0.10789706,-0.10789706,16.071147,16.071147,-6.7621741,-6.7621741,6.7420698,6.7420698,-3.3563748,-3.3563748,-0.026629278,-0.026629278,-0.075933515,-0.075933515,0.0080885601,0.0080885601,-0.020229878,-0.020229878,4.294254,4.294254,-3.9738327,-3.9738327,0.00157529,0.00157529,-2.7566102e-16,-2.7566102e-16,-8.195202e-16,-8.195202e-16,4.8977888e-17,4.8977888e-17,1.7876915e-15,1.7876915e-15,-1.162712e-14,-1.162712e-14,0.00049940877,0.00049940877,3.4498276e-06,3.4498276e-06
0.080136258,0.080136258,-0.054276288,-0.054276288,0.02585997,0.02585997,0.11452802,0.11452802,0.034391761,0.034391761,0.027617756,0.027617756,-0.016423897,-0.016423897,0.027983431,0.027983431,-0.016421503,-0.016421503,-8.153095e-09,-8.153095e-09,1.3802765e-16,1.3802765e-16,0.0048234022,0.0048234022,-0.10746887,-0.10746887,-0.00081138579,-0.00081138579,-0.00081138879,-0.00081138879,-0.00031018832,-0.00031018832,0.054276288,0.054276288,-0.011882551,-0.011882551,0.042034953,0.042034953,-0.0058822744,-0.0058822744,0.012241335,0.012241335,-0.0060002765,-0.0060002765,0.036152679,0.036152679,0.0062410585,0.0062410585,0.036152679,0.036152679,0.0062410585,0.0062410585,7.699454e-11,7.699454e-11,-0.10264547,-0.10264547,7.3201271e-11,7.3201271e-11,-0.10264547,-0.10264547,0.0048234022,0.0048234022,-0.10746887,-0.10746887,0.040976081,0.040976081,0.054276288,0.054276288,-0.0048234021,-0.0048234021,0.00012411777,0.00012411777,-0.00020679221,-0.00020679221,5.3253757e-11,5.3253757e-11,-8.2674492e-05,-8.2674492e-05,0.017111061,0.017111061,-0.10808925,-0.10808925,16.108929,16.108929,-6.7736979,-6.7736979,6.7321174,6.7321174,-3.36178,-3.36178,-0.027332612,-0.027332612,-0.075312856,-0.075312856,0.0081952162,0.0081952162,-0.020245562,-0.020245562,4.3025329,4.3025329,-3.9833242,-3.9833242,0.0015390584,0.0015390584,-2.7288493e-16,-2.7288493e-16,-8.2197746e-16,-8.2197746e-16,6.2537814e-17,6.2537814e-17,1.7829348e-15,1.7829348e-15,-1.163932e-14,-1.163932e-14,0.00050280282,0.00050280282,3.2929605e-06,3.2929605e-06
0.07963756,0.07963756,-0.055015746,-0.055015746,0.024621815,0.024621815,0.11483666,0.11483666,0.035199095,0.035199095,0.028075702,0.028075702,-0.016745261,-0.016745261,0.028443776,0.028443776,-0.016742975,-0.016742975,-8.0756388e-09,-8.0756388e-09,1.3784029e-16,1.3784029e-16,0.0049470609,0.0049470609,-0.10767091,-0.10767091,-0.00080622184,-0.00080622184,-0.00080622486,-0.00080622486,-0.00030305398,-0.00030305398,0.055015746,0.055015746,-0.012112811,-0.012112811,0.042558382,0.042558382,-0.0060219235,-0.0060219235,0.012457364,0.012457364,-0.0060908877,-0.0060908877,0.036536459,0.036536459,0.0063664759,0.0063664759,0.036536458,0.036536458,0.0063664759,0.0063664759,2.637359e-11,2.637359e-11,-0.10272384,-0.10272384,2.2566043e-11,2.2566043e-11,-0.10272384,-0.10272384,0.0049470609,0.0049470609,-0.10767091,-0.10767091,0.041483519,0.041483519,0.055015746,0.055015746,-0.0049470609,-0.0049470609,0.00012365879,0.00012365879,-0.00020203599,-0.00020203599,-5.0635227e-11,-5.0635227e-11,-7.8377149e-05,-7.8377149e-05,0.017189281,0.017189281,-0.10827701,-0.10827701,16.146437,16.146437,-6.7849567,-6.7849567,6.7231473,6.7231473,-3.3670609,-3.3670609,-0.028033345,-0.028033345,-0.074690499,-0.074690499,0.0082967039,0.0082967039,-0.020260886,-0.020260886,4.3106215,4.3106215,-3.9926561,-3.9926561,0.00150366,0.00150366,-2.7022634e-16,-2.7022634e-16,-8.2443262e-16,-8.2443262e-16,7.5682017e-17,7.5682017e-17,1.7784962e-15,1.7784962e-15,-1.1651711e-14,-1.1651711e-14,0.00050610102,0.00050610102,3.1432263e-06,3.1432263e-06
0.079136902,0.079136902,-0.055724765,-0.055724765,0.023412137,0.023412137,0.11513819,0.11513819,0.036001292,0.036001292,0.028521192,0.028521192,-0.017061607,-0.017061607,0.028891594,0.028891594,-0.017059425,-0.017059425,-8.0488034e-09,-8.0488034e-09,1.3765717e-16,1.3765717e-16,0.0050702458,0.0050702458,-0.10786829,-0.10786829,-0.00080103426,-0.00080103426,-0.00080103728,-0.00080103728,-0.00029608374,-0.00029608374,0.055724765,0.055724765,-0.012340146,-0.012340146,0.043056341,0.043056341,-0.0061607307,-0.0061607307,0.012668424,0.012668424,-0.0061794148,-0.0061794148,0.036895611,0.036895611,0.0064890088,0.0064890088,0.036895611,0.036895611,0.0064890088,0.0064890088,7.547271e-11,7.547271e-11,-0.10279805,-0.10279805,7.1651214e-11,7.1651214e-11,-0.10279805,-0.10279805,0.0050702458,0.0050702458,-0.10786829,-0.10786829,0.041965856,0.041965856,0.055724765,0.055724765,-0.0050702457,-0.0050702457,0.00012318486,0.00012318486,-0.00019738916,-0.00019738916,4.9085171e-11,4.9085171e-11,-7.4204351e-05,-7.4204351e-05,0.017265547,0.017265547,-0.10846046,-0.10846046,16.183669,16.183669,-6.7959565,-6.7959565,6.715129,6.715129,-3.3722204,-3.3722204,-0.028731392,-0.028731392,-0.074066656,-0.074066656,0.0083931713,0.0083931713,-0.020275857,-0.020275857,4.318524,4.318524,-4.0018314,-4.0018314,0.0014690758,0.0014690758,-2.6768199e-16,-2.6768199e-16,-8.2688535e-16,-8.2688535e-16,8.8418802e-17,8.8418802e-17,1.7743663e-15,1.7743663e-15,-1.1664284e-14,-1.1664284e-14,0.00050930253,0.00050930253,3.0003007e-06,3.0003007e-06
0.07863447,0.07863447,-0.056404188,-0.056404188,0.022230283,0.022230283,0.1154328,0.1154328,0.036798327,0.036798327,0.028954533,0.028954533,-0.017373023,-0.017373023,0.029327193,0.029327193,-0.017370941,-0.017370941,-7.9728686e-09,-7.9728686e-09,1.3747819e-16,1.3747819e-16,0.0051929424,0.0051929424,-0.10806114,-0.10806114,-0.00079582257,-0.00079582257,-0.0007958256,-0.0007958256,-0.00028927382,-0.00028927382,0.056404188,0.056404188,-0.012564596,-0.012564596,0.043529559,0.043529559,-0.0062986905,-0.0062986905,0.012874629,0.012874629,-0.0062659058,-0.0062659058,0.037230868,0.037230868,0.0066087234,0.0066087234,0.037230868,0.037230868,0.0066087234,0.0066087234,2.8771284e-11,2.8771284e-11,-0.1028682,-0.1028682,2.493616e-11,2.493616e-11,-0.1028682,-0.1028682,0.0051929424,0.0051929424,-0.10806114,-0.10806114,0.042423811,0.042423811,0.056404188,0.056404188,-0.0051929424,-0.0051929424,0.0001226966,0.0001226966,-0.00019284921,-0.00019284921,-4.6715054e-11,-4.6715054e-11,-7.0152568e-05,-7.0152568e-05,0.017339905,0.017339905,-0.10863969,-0.10863969,16.220625,16.220625,-6.8067033,-6.8067033,6.7080326,6.7080326,-3.3772612,-3.3772612,-0.029426673,-0.029426673,-0.073441528,-0.073441528,0.0084847621,0.0084847621,-0.020290484,-0.020290484,4.3262447,4.3262447,-4.0108534,-4.0108534,0.0014352871,0.0014352871,-2.652487e-16,-2.652487e-16,-8.2933532e-16,-8.2933532e-16,1.0075641e-16,1.0075641e-16,1.7705359e-15,1.7705359e-15,-1.167703e-14,-1.167703e-14,0.00051240665,0.00051240665,2.863874e-06,2.863874e-06
0.078130448,0.078130448,-0.057054838,-0.057054838,0.02107561,0.02107561,0.11572063,0.11572063,0.037590177,0.037590177,0.02937603,0.02937603,-0.0176796,-0.0176796,0.029750875,0.029750875,-0.017677612,-0.017677612,-7.9436349e-09,-7.9436349e-09,1.3730328e-16,1.3730328e-16,0.005315137,0.005315137,-0.10824956,-0.10824956,-0.00079059127,-0.00079059127,-0.00079059432,-0.00079059432,-0.00028262052,-0.00028262052,0.057054838,0.057054838,-0.012786205,-0.012786205,0.043978746,0.043978746,-0.0064357971,-0.0064357971,0.013076092,0.013076092,-0.0063504075,-0.0063504075,0.037542949,0.037542949,0.0067256846,0.0067256846,0.037542949,0.037542949,0.0067256846,0.0067256846,7.4025023e-11,7.4025023e-11,-0.10293442,-0.10293442,7.0176585e-11,7.0176585e-11,-0.10293442,-0.10293442,0.005315137,0.005315137,-0.10824956,-0.10824956,0.042858086,0.042858086,0.057054838,0.057054838,-0.0053151369,-0.0053151369,0.0001221946,0.0001221946,-0.00018841368,-0.00018841368,4.5240425e-11,4.5240425e-11,-6.6219126e-05,-6.6219126e-05,0.017412402,0.017412402,-0.1088148,-0.1088148,16.257307,16.257307,-6.8172029,-6.8172029,6.7018291,6.7018291,-3.382186,-3.382186,-0.030119109,-0.030119109,-0.072815311,-0.072815311,0.0085716172,0.0085716172,-0.020304775,-0.020304775,4.3337879,4.3337879,-4.019725,-4.019725,0.0014022755,0.0014022755,-2.629234e-16,-2.629234e-16,-8.3178221e-16,-8.3178221e-16,1.1270303e-16,1.1270303e-16,1.7669958e-15,1.7669958e-15,-1.1689941e-14,-1.1689941e-14,0.0005154128,0.0005154128,2.7336508e-06,2.7336508e-06
0.077625011,0.077625011,-0.057677516,-0.057677516,0.019947496,0.019947496,0.11600183,0.11600183,0.038376821,0.038376821,0.029785974,0.029785974,-0.017981422,-0.017981422,0.030162935,0.030162935,-0.017979525,-0.017979525,-7.8691472e-09,-7.8691472e-09,1.3713233e-16,1.3713233e-16,0.0054368165,0.0054368165,-0.10843364,-0.10843364,-0.00078533998,-0.00078533998,-0.00078534304,-0.00078534304,-0.00027612025,-0.00027612025,0.057677516,0.057677516,-0.013005011,-0.013005011,0.044404594,0.044404594,-0.0065720457,-0.0065720457,0.013272921,0.013272921,-0.0064329657,-0.0064329657,0.037832549,0.037832549,0.0068399556,0.0068399556,0.037832549,0.037832549,0.0068399556,0.0068399556,3.093721e-11,3.093721e-11,-0.10299682,-0.10299682,2.7075762e-11,2.7075762e-11,-0.10299682,-0.10299682,0.0054368164,0.0054368164,-0.10843364,-0.10843364,0.043269365,0.043269365,0.057677516,0.057677516,-0.0054368164,-0.0054368164,0.00012167945,0.00012167945,-0.00018408016,-0.00018408016,-4.3100822e-11,-4.3100822e-11,-6.2400674e-05,-6.2400674e-05,0.017483082,0.017483082,-0.10898588,-0.10898588,16.293713,16.293713,-6.8274611,-6.8274611,6.6964902,6.6964902,-3.3869976,-3.3869976,-0.030808626,-0.030808626,-0.072188195,-0.072188195,0.008653873,0.008653873,-0.020318736,-0.020318736,4.3411576,4.3411576,-4.0284492,-4.0284492,0.0013700231,0.0013700231,-2.6070304e-16,-2.6070304e-16,-8.342257e-16,-8.342257e-16,1.2426676e-16,1.2426676e-16,1.7637375e-15,1.7637375e-15,-1.1703006e-14,-1.1703006e-14,0.00051832048,0.00051832048,2.609349e-06,2.609349e-06
0.077118332,0.077118332,-0.058273004,-0.058273004,0.018845328,0.018845328,0.11627657,0.11627657,0.039158241,0.039158241,0.030184656,0.030184656,-0.018278576,-0.018278576,0.030563659,0.030563659,-0.018276764,-0.018276764,-7.8377467e-09,-7.8377467e-09,1.3696525e-16,1.3696525e-16,0.0055579682,0.0055579682,-0.10861348,-0.10861348,-0.00078007289,-0.00078007289,-0.00078007595,-0.00078007595,-0.00026976948,-0.00026976948,0.058273004,0.058273004,-0.013221056,-0.013221056,0.04480778,0.04480778,-0.0067074313,-0.0067074313,0.013465223,0.013465223,-0.006513625,-0.006513625,0.038100349,0.038100349,0.0069515985,0.0069515985,0.038100349,0.038100349,0.0069515985,0.0069515985,7.2644294e-11,7.2644294e-11,-0.10305552,-0.10305552,6.8770137e-11,6.8770137e-11,-0.10305552,-0.10305552,0.0055579682,0.0055579682,-0.10861348,-0.10861348,0.043658317,0.043658317,0.058273004,0.058273004,-0.0055579681,-0.0055579681,0.00012115171,0.00012115171,-0.00017984632,-0.00017984632,4.1694375e-11,4.1694375e-11,-5.8694654e-05,-5.8694654e-05,0.017551987,0.017551987,-0.10915302,-0.10915302,16.329845,16.329845,-6.8374833,-6.8374833,6.6919883,6.6919883,-3.3916985,-3.3916985,-0.031495152,-0.031495152,-0.071560363,-0.071560363,0.0087316635,0.0087316635,-0.020332377,-0.020332377,4.3483577,4.3483577,-4.0370288,-4.0370288,0.0013385126,0.0013385126,-2.5858469e-16,-2.5858469e-16,-8.3666547e-16,-8.3666547e-16,1.3545565e-16,1.3545565e-16,1.7607522e-15,1.7607522e-15,-1.171622e-14,-1.171622e-14,0.0005211293,0.0005211293,2.4906993e-06,2.4906993e-06
0.076610574,0.076610574,-0.058842064,-0.058842064,0.01776851,0.01776851,0.11654499,0.11654499,0.039934419,0.039934419,0.030572355,0.030572355,-0.018571143,-0.018571143,0.030953328,0.030953328,-0.018569414,-0.018569414,-7.7646386e-09,-7.7646386e-09,1.3680196e-16,1.3680196e-16,0.0056785801,0.0056785801,-0.10878919,-0.10878919,-0.00077478966,-0.00077478966,-0.00077479273,-0.00077479273,-0.00026356478,-0.00026356478,0.058842064,0.058842064,-0.013434379,-0.013434379,0.045188961,0.045188961,-0.0068419499,-0.0068419499,0.013653103,0.013653103,-0.0065924292,-0.0065924292,0.038347012,0.038347012,0.0070606735,0.0070606735,0.038347011,0.038347011,0.0070606735,0.0070606735,3.288807e-11,3.288807e-11,-0.10311061,-0.10311061,2.9001496e-11,2.9001496e-11,-0.10311061,-0.10311061,0.0056785801,0.0056785801,-0.10878919,-0.10878919,0.044025592,0.044025592,0.058842064,0.058842064,-0.0056785801,-0.0056785801,0.00012061193,0.00012061193,-0.00017570986,-0.00017570986,-3.9768641e-11,-3.9768641e-11,-5.5097884e-05,-5.5097884e-05,0.017619161,0.017619161,-0.10931632,-0.10931632,16.365703,16.365703,-6.8472749,-6.8472749,6.6882965,6.6882965,-3.3962913,-3.3962913,-0.03217862,-0.03217862,-0.070931994,-0.070931994,0.0088051183,0.0088051183,-0.020345704,-0.020345704,4.3553923,4.3553923,-4.0454668,-4.0454668,0.0013077268,0.0013077268,-2.5656546e-16,-2.5656546e-16,-8.3910121e-16,-8.3910121e-16,1.4627763e-16,1.4627763e-16,1.7580316e-15,1.7580316e-15,-1.1729572e-14,-1.1729572e-14,0.00052383898,0.00052383898,2.3774447e-06,2.3774447e-06
0.076101899,0.076101899,-0.059385441,-0.059385441,0.016716458,0.016716458,0.11680724,0.11680724,0.040705341,0.040705341,0.030949345,0.030949345,-0.018859207,-0.018859207,0.031332217,0.031332217,-0.018857556,-0.018857556,-7.7312862e-09,-7.7312862e-09,1.3664237e-16,1.3664237e-16,0.0057986407,0.0057986407,-0.10896086,-0.10896086,-0.00076949419,-0.00076949419,-0.00076949727,-0.00076949727,-0.00025750279,-0.00025750279,0.059385441,0.059385441,-0.013645018,-0.013645018,0.04554878,0.04554878,-0.0069755973,-0.0069755973,0.013836661,0.013836661,-0.0066694208,-0.0066694208,0.038573183,0.038573183,0.0071672398,0.0071672398,0.038573183,0.038573183,0.0071672398,0.0071672398,7.1324032e-11,7.1324032e-11,-0.10316222,-0.10316222,6.7425325e-11,6.7425325e-11,-0.10316222,-0.10316222,0.0057986407,0.0057986407,-0.10896086,-0.10896086,0.044371823,0.044371823,0.059385441,0.059385441,-0.0057986407,-0.0057986407,0.00012006065,0.00012006065,-0.00017166853,-0.00017166853,3.8423829e-11,3.8423829e-11,-5.1607917e-05,-5.1607917e-05,0.017684645,0.017684645,-0.10947587,-0.10947587,16.401286,16.401286,-6.8568414,-6.8568414,6.6853887,6.6853887,-3.4007784,-3.4007784,-0.032858964,-0.032858964,-0.070303258,-0.070303258,0.0088743647,0.0088743647,-0.020358725,-0.020358725,4.3622651,4.3622651,-4.0537658,-4.0537658,0.0012776491,0.0012776491,-2.5464256e-16,-2.5464256e-16,-8.4153261e-16,-8.4153261e-16,1.5674058e-16,1.5674058e-16,1.7555677e-15,1.7555677e-15,-1.1743056e-14,-1.1743056e-14,0.00052644931,0.00052644931,2.2693399e-06,2.2693399e-06
0.075592461,0.075592461,-0.059903857,-0.059903857,0.015688604,0.015688604,0.11706346,0.11706346,0.041470994,0.041470994,0.031315893,0.031315893,-0.019142845,-0.019142845,0.031700591,0.031700591,-0.01914127,-0.01914127,-7.6594971e-09,-7.6594971e-09,1.364864e-16,1.364864e-16,0.0059181391,0.0059181391,-0.10912858,-0.10912858,-0.0007641862,-0.0007641862,-0.0007641893,-0.0007641893,-0.00025158023,-0.00025158023,0.059903857,0.059903857,-0.013853012,-0.013853012,0.04588786,0.04588786,-0.00710837,-0.00710837,0.014015997,0.014015997,-0.0067446417,-0.0067446417,0.03877949,0.03877949,0.0072713551,0.0072713551,0.03877949,0.03877949,0.0072713551,0.0072713551,3.4639399e-11,3.4639399e-11,-0.10321044,-0.10321044,3.072884e-11,3.072884e-11,-0.10321044,-0.10321044,0.0059181391,0.0059181391,-0.10912858,-0.10912858,0.044697629,0.044697629,0.059903857,0.059903857,-0.0059181391,-0.0059181391,0.00011949838,0.00011949838,-0.00016772015,-0.00016772015,-3.6696485e-11,-3.6696485e-11,-4.8221731e-05,-4.8221731e-05,0.017748479,0.017748479,-0.10963174,-0.10963174,16.436596,16.436596,-6.8661879,-6.8661879,6.6832394,6.6832394,-3.4051624,-3.4051624,-0.033536121,-0.033536121,-0.069674322,-0.069674322,0.0089395259,0.0089395259,-0.020371445,-0.020371445,4.3689798,4.3689798,-4.0619286,-4.0619286,0.0012482632,0.0012482632,-2.5281324e-16,-2.5281324e-16,-8.4395935e-16,-8.4395935e-16,1.6685228e-16,1.6685228e-16,1.7533524e-15,1.7533524e-15,-1.1756663e-14,-1.1756663e-14,0.00052896021,0.00052896021,2.1661507e-06,2.1661507e-06
0.075082412,0.075082412,-0.060398022,-0.060398022,0.01468439,0.01468439,0.11731378,0.11731378,0.042231365,0.042231365,0.031672261,0.031672261,-0.019422138,-0.019422138,0.032058713,0.032058713,-0.019420634,-0.019420634,-7.6243919e-09,-7.6243919e-09,1.3633397e-16,1.3633397e-16,0.0060370648,0.0060370648,-0.10929245,-0.10929245,-0.00075886932,-0.00075886932,-0.00075887242,-0.00075887242,-0.00024579388,-0.00024579388,0.060398021,0.060398021,-0.014058397,-0.014058397,0.046206813,0.046206813,-0.0072402645,-0.0072402645,0.014191208,0.014191208,-0.0068181325,-0.0068181325,0.038966549,0.038966549,0.0073730758,0.0073730758,0.038966549,0.038966549,0.0073730758,0.0073730758,7.005838e-11,7.005838e-11,-0.10325538,-0.10325538,6.6136239e-11,6.6136239e-11,-0.10325538,-0.10325538,0.0060370648,0.0060370648,-0.10929245,-0.10929245,0.045003613,0.045003613,0.060398022,0.060398022,-0.0060370647,-0.0060370647,0.00011892564,0.00011892564,-0.00016386259,-0.00016386259,3.54074e-11,3.54074e-11,-4.4936985e-05,-4.4936985e-05,0.017810703,0.017810703,-0.10978403,-0.10978403,16.471634,16.471634,-6.8753194,-6.8753194,6.6818238,6.6818238,-3.4094455,-3.4094455,-0.034210033,-0.034210033,-0.069045347,-0.069045347,0.0090007227,0.0090007227,-0.020383874,-0.020383874,4.3755401,4.3755401,-4.0699578,-4.0699578,0.0012195531,0.0012195531,-2.5107484e-16,-2.5107484e-16,-8.4638113e-16,-8.4638113e-16,1.7662042e-16,1.7662042e-16,1.751378e-15,1.751378e-15,-1.1770387e-14,-1.1770387e-14,0.00053137164,0.00053137164,2.0676537e-06,2.0676537e-06
0.074571896,0.074571896,-0.060868622,-0.060868622,0.013703274,0.013703274,0.11755834,0.11755834,0.042986447,0.042986447,0.032018704,0.032018704,-0.019697161,-0.019697161,0.032406837,0.032406837,-0.019695725,-0.019695725,-7.5538669e-09,-7.5538669e-09,1.3618499e-16,1.3618499e-16,0.0061554077,0.0061554077,-0.10945254,-0.10945254,-0.00075354332,-0.00075354332,-0.00075354643,-0.00075354643,-0.00024014062,-0.00024014062,0.060868622,0.060868622,-0.014261211,-0.014261211,0.046506232,0.046506232,-0.0073712782,-0.0073712782,0.01436239,0.01436239,-0.0068899329,-0.0068899329,0.039134954,0.039134954,0.0074724568,0.0074724568,0.039134954,0.039134954,0.0074724568,0.0074724568,3.6205647e-11,3.6205647e-11,-0.10329713,-0.10329713,3.2272192e-11,3.2272192e-11,-0.10329713,-0.10329713,0.0061554077,0.0061554077,-0.10945254,-0.10945254,0.045290362,0.045290362,0.060868622,0.060868622,-0.0061554076,-0.0061554076,0.0001183429,0.0001183429,-0.00016009375,-0.00016009375,-3.3864047e-11,-3.3864047e-11,-4.1750811e-05,-4.1750811e-05,0.017871355,0.017871355,-0.10993282,-0.10993282,16.506398,16.506398,-6.8842408,-6.8842408,6.6811177,6.6811177,-3.4136301,-3.4136301,-0.034880643,-0.034880643,-0.068416488,-0.068416488,0.0090580723,0.0090580723,-0.020396016,-0.020396016,4.3819494,4.3819494,-4.077856,-4.077856,0.0011915034,0.0011915034,-2.4942475e-16,-2.4942475e-16,-8.4879766e-16,-8.4879766e-16,1.8605259e-16,1.8605259e-16,1.749637e-15,1.749637e-15,-1.178422e-14,-1.178422e-14,0.00053368367,0.00053368367,1.9736354e-06,1.9736354e-06
0.074061054,0.074061054,-0.061316331,-0.061316331,0.012744723,0.012744723,0.11779728,0.11779728,0.043736228,0.043736228,0.032355469,0.032355469,-0.019967989,-0.019967989,0.032745212,0.032745212,-0.019966619,-0.019966619,-7.5171937e-09,-7.5171937e-09,1.3603939e-16,1.3603939e-16,0.0062731583,0.0062731583,-0.10960895,-0.10960895,-0.00074821155,-0.00074821155,-0.00074821468,-0.00074821468,-0.00023461739,-0.00023461739,0.061316331,0.061316331,-0.01446149,-0.01446149,0.046786697,0.046786697,-0.007501408,-0.007501408,0.014529634,0.014529634,-0.006960082,-0.006960082,0.039285289,0.039285289,0.0075695521,0.0075695521,0.039285289,0.039285289,0.0075695521,0.0075695521,6.884206e-11,6.884206e-11,-0.10333579,-0.10333579,6.4897552e-11,6.4897552e-11,-0.10333579,-0.10333579,0.0062731583,0.0062731583,-0.10960895,-0.10960895,0.045558447,0.045558447,0.061316331,0.061316331,-0.0062731583,-0.0062731583,0.00011775066,0.00011775066,-0.00015641159,-0.00015641159,3.2625359e-11,3.2625359e-11,-3.866097e-05,-3.866097e-05,0.017930473,0.017930473,-0.11007819,-0.11007819,16.540891,16.540891,-6.8929571,-6.8929571,6.6810977,6.6810977,-3.4177185,-3.4177185,-0.035547897,-0.035547897,-0.067787895,-0.067787895,0.0091116894,0.0091116894,-0.02040788,-0.02040788,4.3882114,4.3882114,-4.0856257,-4.0856257,0.0011640988,0.0011640988,-2.4786044e-16,-2.4786044e-16,-8.5120864e-16,-8.5120864e-16,1.9515629e-16,1.9515629e-16,1.748122e-15,1.748122e-15,-1.1798155e-14,-1.1798155e-14,0.00053589644,0.00053589644,1.8838922e-06,1.8838922e-06
0.073550021,0.073550021,-0.061741803,-0.061741803,0.011808219,0.011808219,0.11803073,0.11803073,0.044480705,0.044480705,0.0326828,0.0326828,-0.020234697,-0.020234697,0.03307408,0.03307408,-0.020233389,-0.020233389,-7.4478832e-09,-7.4478832e-09,1.3589709e-16,1.3589709e-16,0.0063903077,0.0063903077,-0.10976176,-0.10976176,-0.00074287385,-0.00074287385,-0.00074287697,-0.00074287697,-0.00022922119,-0.00022922119,0.061741803,0.061741803,-0.01465927,-0.01465927,0.047048771,0.047048771,-0.0076306519,-0.0076306519,0.014693032,0.014693032,-0.0070286177,-0.0070286177,0.039418119,0.039418119,0.0076644142,0.0076644142,0.039418119,0.039418119,0.0076644142,0.0076644142,3.7600256e-11,3.7600256e-11,-0.10337146,-0.10337146,3.3644948e-11,3.3644948e-11,-0.10337146,-0.10337146,0.0063903077,0.0063903077,-0.10976176,-0.10976176,0.045808427,0.045808427,0.061741803,0.061741803,-0.0063903076,-0.0063903076,0.00011714936,0.00011714936,-0.00015281413,-0.00015281413,-3.1252604e-11,-3.1252604e-11,-3.5664739e-05,-3.5664739e-05,0.017988094,0.017988094,-0.11022021,-0.11022021,16.575113,16.575113,-6.9014729,-6.9014729,6.6817408,6.6817408,-3.4217128,-3.4217128,-0.036211743,-0.036211743,-0.067159714,-0.067159714,0.0091616853,0.0091616853,-0.02041947,-0.02041947,4.3943293,4.3943293,-4.0932693,-4.0932693,0.0011373246,0.0011373246,-2.4637943e-16,-2.4637943e-16,-8.5361378e-16,-8.5361378e-16,2.0393892e-16,2.0393892e-16,1.7468259e-15,1.7468259e-15,-1.1812185e-14,-1.1812185e-14,0.00053801018,0.00053801018,1.7982298e-06,1.7982298e-06
0.073038931,0.073038931,-0.062145677,-0.062145677,0.010893254,0.010893254,0.1182588,0.1182588,0.045219871,0.045219871,0.033000933,0.033000933,-0.020497356,-0.020497356,0.033393679,0.033393679,-0.020496108,-0.020496108,-7.4098135e-09,-7.4098135e-09,1.3575801e-16,1.3575801e-16,0.0065068471,0.0065068471,-0.10991106,-0.10991106,-0.00073753331,-0.00073753331,-0.00073753645,-0.00073753645,-0.0002239491,-0.0002239491,0.062145677,0.062145677,-0.014854585,-0.014854585,0.047293005,0.047293005,-0.0077590077,-0.0077590077,0.014852672,0.014852672,-0.007095577,-0.007095577,0.039533997,0.039533997,0.0077570945,0.0077570945,0.039533997,0.039533997,0.0077570945,0.0077570945,6.7670321e-11,6.7670321e-11,-0.10340422,-0.10340422,6.3704461e-11,6.3704461e-11,-0.10340422,-0.10340422,0.0065068471,0.0065068471,-0.10991106,-0.10991106,0.046040845,0.046040845,0.062145677,0.062145677,-0.0065068471,-0.0065068471,0.00011653946,0.00011653946,-0.0001492994,-0.0001492994,3.0059513e-11,3.0059513e-11,-3.2759975e-05,-3.2759975e-05,0.018044253,0.018044253,-0.11035896,-0.11035896,16.609064,16.609064,-6.9097928,-6.9097928,6.6830247,6.6830247,-3.4256153,-3.4256153,-0.036872133,-0.036872133,-0.066532084,-0.066532084,0.0092081689,0.0092081689,-0.020430794,-0.020430794,4.4003066,4.4003066,-4.1007893,-4.1007893,0.0011111661,0.0011111661,-2.4497931e-16,-2.4497931e-16,-8.560128e-16,-8.560128e-16,2.1240777e-16,2.1240777e-16,1.7457417e-15,1.7457417e-15,-1.1826304e-14,-1.1826304e-14,0.00054002517,0.00054002517,1.7164625e-06,1.7164625e-06
0.072527908,0.072527908,-0.062528575,-0.062528575,0.0099993335,0.0099993335,0.11848163,0.11848163,0.045953723,0.045953723,0.0333101,0.0333101,-0.020756038,-0.020756038,0.033704239,0.033704239,-0.020754847,-0.020754847,-7.3416728e-09,-7.3416728e-09,1.3562209e-16,1.3562209e-16,0.0066227685,0.0066227685,-0.11005693,-0.11005693,-0.00073218981,-0.00073218981,-0.00073219295,-0.00073219295,-0.00021879827,-0.00021879827,0.062528575,0.062528575,-0.01504747,-0.01504747,0.047519935,0.047519935,-0.0078864737,-0.0078864737,0.015008639,0.015008639,-0.0071609963,-0.0071609963,0.039633462,0.039633462,0.0078476431,0.0078476431,0.039633461,0.039633461,0.0078476431,0.0078476431,3.8835736e-11,3.8835736e-11,-0.10343416,-0.10343416,3.4859567e-11,3.4859567e-11,-0.10343416,-0.10343416,0.0066227685,0.0066227685,-0.11005693,-0.11005693,0.04625623,0.04625623,0.062528575,0.062528575,-0.0066227685,-0.0066227685,0.00011592139,0.00011592139,-0.00014586552,-0.00014586552,-2.8844894e-11,-2.8844894e-11,-2.9944095e-05,-2.9944095e-05,0.018098986,0.018098986,-0.11049453,-0.11049453,16.642745,16.642745,-6.9179214,-6.9179214,6.6849276,6.6849276,-3.429428,-3.429428,-0.037529021,-0.037529021,-0.06590514,-0.06590514,0.009251246,0.009251246,-0.020441857,-0.020441857,4.4061463,4.4061463,-4.108188,-4.108188,0.0010856093,0.0010856093,-2.4365772e-16,-2.4365772e-16,-8.5840542e-16,-8.5840542e-16,2.2057005e-16,2.2057005e-16,1.7448626e-15,1.7448626e-15,-1.1840506e-14,-1.1840506e-14,0.00054194179,0.00054194179,1.6384132e-06,1.6384132e-06
0.072017077,0.072017077,-0.062891104,-0.062891104,0.0091259732,0.0091259732,0.11869934,0.11869934,0.046682258,0.046682258,0.033610525,0.033610525,-0.021010812,-0.021010812,0.034005987,0.034005987,-0.021009675,-0.021009675,-7.3023655e-09,-7.3023655e-09,1.3548925e-16,1.3548925e-16,0.0067380641,0.0067380641,-0.11019944,-0.11019944,-0.00072684622,-0.00072684622,-0.00072684938,-0.00072684938,-0.00021376591,-0.00021376591,0.062891104,0.062891104,-0.015237959,-0.015237959,0.047730084,0.047730084,-0.0080130483,-0.0080130483,0.01516102,0.01516102,-0.0072249109,-0.0072249109,0.039717036,0.039717036,0.0079361092,0.0079361092,0.039717036,0.039717036,0.0079361092,0.0079361092,6.6538887e-11,6.6538887e-11,-0.10346138,-0.10346138,6.2552647e-11,6.2552647e-11,-0.10346138,-0.10346138,0.0067380641,0.0067380641,-0.11019944,-0.11019944,0.0464551,0.0464551,0.062891104,0.062891104,-0.006738064,-0.006738064,0.00011529559,0.00011529559,-0.00014251061,-0.00014251061,2.769308e-11,2.769308e-11,-2.7215049e-05,-2.7215049e-05,0.018152327,0.018152327,-0.11062697,-0.11062697,16.676157,16.676157,-6.925863,-6.925863,6.6874285,6.6874285,-3.433153,-3.433153,-0.038182363,-0.038182363,-0.065279013,-0.065279013,0.00929102,0.00929102,-0.020452666,-0.020452666,4.4118517,4.4118517,-4.1154678,-4.1154678,0.0010606403,0.0010606403,-2.4241237e-16,-2.4241237e-16,-8.6079136e-16,-8.6079136e-16,2.2843283e-16,2.2843283e-16,1.744182e-15,1.744182e-15,-1.1854783e-14,-1.1854783e-14,0.00054376045,0.00054376045,1.5639129e-06,1.5639129e-06
0.071506556,0.071506556,-0.063233856,-0.063233856,0.0082727002,0.0082727002,0.11891203,0.11891203,0.047405476,0.047405476,0.03390243,0.03390243,-0.021261746,-0.021261746,0.034299144,0.034299144,-0.021260661,-0.021260661,-7.2353539e-09,-7.2353539e-09,1.3535941e-16,1.3535941e-16,0.0068527266,0.0068527266,-0.11033867,-0.11033867,-0.00072150244,-0.00072150244,-0.00072150561,-0.00072150561,-0.0002088493,-0.0002088493,0.063233856,0.063233856,-0.015426086,-0.015426086,0.04792396,0.04792396,-0.0081387304,-0.0081387304,0.015309896,0.015309896,-0.0072873555,-0.0072873555,0.03978523,0.03978523,0.0080225405,0.0080225405,0.039785229,0.039785229,0.0080225405,0.0080225405,3.9923724e-11,3.9923724e-11,-0.10348595,-0.10348595,3.5927643e-11,3.5927643e-11,-0.10348595,-0.10348595,0.0068527266,0.0068527266,-0.11033867,-0.11033867,0.046637956,0.046637956,0.063233856,0.063233856,-0.0068527265,-0.0068527265,0.00011466245,0.00011466245,-0.00013923286,-0.00013923286,-2.6625004e-11,-2.6625004e-11,-2.4570384e-05,-2.4570384e-05,0.018204309,0.018204309,-0.11075637,-0.11075637,16.709301,16.709301,-6.9336219,-6.9336219,6.6905068,6.6905068,-3.4367923,-3.4367923,-0.038832117,-0.038832117,-0.06465383,-0.06465383,0.0093275912,0.0093275912,-0.020463227,-0.020463227,4.4174259,4.4174259,-4.1226308,-4.1226308,0.0010362455,0.0010362455,-2.4124101e-16,-2.4124101e-16,-8.6317037e-16,-8.6317037e-16,2.3600311e-16,2.3600311e-16,1.7436934e-15,1.7436934e-15,-1.1869131e-14,-1.1869131e-14,0.00054548164,0.00054548164,1.4928002e-06,1.4928002e-06
0.07099646,0.07099646,-0.063557407,-0.063557407,0.0074390524,0.0074390524,0.11911984,0.11911984,0.048123378,0.048123378,0.034186028,0.034186028,-0.021508907,-0.021508907,0.034583923,0.034583923,-0.021507871,-0.021507871,-7.1949562e-09,-7.1949562e-09,1.3523253e-16,1.3523253e-16,0.006966749,0.006966749,-0.1104747,-0.1104747,-0.00071616116,-0.00071616116,-0.00071616433,-0.00071616433,-0.00020404576,-0.00020404576,0.063557407,0.063557407,-0.015611883,-0.015611883,0.04810206,0.04810206,-0.008263519,-0.008263519,0.015455348,0.015455348,-0.0073483638,-0.0073483638,0.039838541,0.039838541,0.0081069838,0.0081069838,0.039838541,0.039838541,0.0081069838,0.0081069838,6.544392e-11,6.544392e-11,-0.10350795,-0.10350795,6.1438225e-11,6.1438225e-11,-0.10350795,-0.10350795,0.006966749,0.006966749,-0.1104747,-0.1104747,0.04680529,0.04680529,0.063557407,0.063557407,-0.0069667489,-0.0069667489,0.00011402239,0.00011402239,-0.00013603051,-0.00013603051,2.5510582e-11,2.5510582e-11,-2.2008143e-05,-2.2008143e-05,0.018254966,0.018254966,-0.1108828,-0.1108828,16.742177,16.742177,-6.9412024,-6.9412024,6.6941424,6.6941424,-3.440348,-3.440348,-0.039478244,-0.039478244,-0.064029711,-0.064029711,0.0093610579,0.0093610579,-0.020473544,-0.020473544,4.4228719,4.4228719,-4.1296793,-4.1296793,0.0010124119,0.0010124119,-2.4014148e-16,-2.4014148e-16,-8.6554218e-16,-8.6554218e-16,2.4328775e-16,2.4328775e-16,1.7433906e-15,1.7433906e-15,-1.1883543e-14,-1.1883543e-14,0.00054710593,0.00054710593,1.4249211e-06,1.4249211e-06
0.070486899,0.070486899,-0.06386232,-0.06386232,0.0066245786,0.0066245786,0.11932286,0.11932286,0.048835964,0.048835964,0.03446153,0.03446153,-0.021752361,-0.021752361,0.034860536,0.034860536,-0.021751371,-0.021751371,-7.1290372e-09,-7.1290372e-09,1.3510851e-16,1.3510851e-16,0.0070801247,0.0070801247,-0.11060761,-0.11060761,-0.00071082227,-0.00071082227,-0.00071082545,-0.00071082545,-0.00019935271,-0.00019935271,0.06386232,0.06386232,-0.015795382,-0.015795382,0.048264866,0.048264866,-0.0083874134,-0.0083874134,0.015597454,0.015597454,-0.007407969,-0.007407969,0.039877453,0.039877453,0.008189485,0.008189485,0.039877453,0.039877453,0.008189485,0.008189485,4.0875053e-11,4.0875053e-11,-0.10352748,-0.10352748,3.6859964e-11,3.6859964e-11,-0.10352748,-0.10352748,0.0070801247,0.0070801247,-0.11060761,-0.11060761,0.046957577,0.046957577,0.06386232,0.06386232,-0.0070801247,-0.0070801247,0.00011337579,0.00011337579,-0.00013290181,-0.00013290181,-2.457826e-11,-2.457826e-11,-1.9525994e-05,-1.9525994e-05,0.018304328,0.018304328,-0.11100631,-0.11100631,16.774787,16.774787,-6.9486086,-6.9486086,6.6983158,6.6983158,-3.4438218,-3.4438218,-0.040120707,-0.040120707,-0.063406774,-0.063406774,0.0093915155,0.0093915155,-0.020483624,-0.020483624,4.4281927,4.4281927,-4.1366155,-4.1366155,0.00098912641,0.00098912641,-2.3911165e-16,-2.3911165e-16,-8.6790654e-16,-8.6790654e-16,2.5029354e-16,2.5029354e-16,1.7432674e-15,1.7432674e-15,-1.1898014e-14,-1.1898014e-14,0.00054863391,0.00054863391,1.3601285e-06,1.3601285e-06
0.06997798,0.06997798,-0.064149143,-0.064149143,0.0058288376,0.0058288376,0.11952122,0.11952122,0.049543239,0.049543239,0.03472914,0.03472914,-0.02199217,-0.02199217,0.035129188,0.035129188,-0.021991226,-0.021991226,-7.0876857e-09,-7.0876857e-09,1.3498731e-16,1.3498731e-16,0.0071928478,0.0071928478,-0.11073745,-0.11073745,-0.00070548828,-0.00070548828,-0.00070549146,-0.00070549146,-0.0001947676,-0.0001947676,0.064149142,0.064149142,-0.015976616,-0.015976616,0.048412851,0.048412851,-0.008510413,-0.008510413,0.015736292,0.015736292,-0.0074662033,-0.0074662033,0.039902438,0.039902438,0.0082700887,0.0082700887,0.039902438,0.039902438,0.0082700887,0.0082700887,6.4381974e-11,6.4381974e-11,-0.1035446,-0.1035446,6.0357709e-11,6.0357709e-11,-0.1035446,-0.1035446,0.0071928478,0.0071928478,-0.11073745,-0.11073745,0.047095285,0.047095285,0.064149143,0.064149143,-0.0071928477,-0.0071928477,0.00011272302,0.00011272302,-0.00012984507,-0.00012984507,2.3497744e-11,2.3497744e-11,-1.7122068e-05,-1.7122068e-05,0.018352427,0.018352427,-0.11112699,-0.11112699,16.807131,16.807131,-6.9558444,-6.9558444,6.703008,6.703008,-3.4472158,-3.4472158,-0.04075947,-0.04075947,-0.062785132,-0.062785132,0.0094190571,0.0094190571,-0.020493472,-0.020493472,4.4333911,4.4333911,-4.1434414,-4.1434414,0.0009663765,0.0009663765,-2.3814943e-16,-2.3814943e-16,-8.7026319e-16,-8.7026319e-16,2.5702712e-16,2.5702712e-16,1.7433179e-15,1.7433179e-15,-1.1912537e-14,-1.1912537e-14,0.00055006625,0.00055006625,1.2982821e-06,1.2982821e-06
0.069469807,0.069469807,-0.064418408,-0.064418408,0.0050513987,0.0050513987,0.11971501,0.11971501,0.050245206,0.050245206,0.034989057,0.034989057,-0.0222284,-0.0222284,0.035390078,0.035390078,-0.022227498,-0.022227498,-7.0228259e-09,-7.0228259e-09,1.3486885e-16,1.3486885e-16,0.0073049122,0.0073049122,-0.11086431,-0.11086431,-0.0007001591,-0.0007001591,-0.00070016229,-0.00070016229,-0.00019028794,-0.00019028794,0.064418408,0.064418408,-0.016155616,-0.016155616,0.048546471,0.048546471,-0.0086325177,-0.0086325177,0.015871937,0.015871937,-0.0075230981,-0.0075230981,0.039913954,0.039913954,0.0083488384,0.0083488384,0.039913954,0.039913954,0.0083488384,0.0083488384,4.1699802e-11,4.1699802e-11,-0.1035594,-0.1035594,3.7666571e-11,3.7666571e-11,-0.1035594,-0.1035594,0.0073049122,0.0073049122,-0.11086431,-0.11086431,0.047218866,0.047218866,0.064418408,0.064418408,-0.0073049122,-0.0073049122,0.00011206446,0.00011206446,-0.00012685863,-0.00012685863,-2.2691137e-11,-2.2691137e-11,-1.479415e-05,-1.479415e-05,0.018399293,0.018399293,-0.11124488,-0.11124488,16.83921,16.83921,-6.9629138,-6.9629138,6.7082006,6.7082006,-3.4505317,-3.4505317,-0.041394502,-0.041394502,-0.062164894,-0.062164894,0.0094437732,0.0094437732,-0.020503094,-0.020503094,4.4384699,4.4384699,-4.1501591,-4.1501591,0.00094414984,0.00094414984,-2.3725282e-16,-2.3725282e-16,-8.7261189e-16,-8.7261189e-16,2.6349505e-16,2.6349505e-16,1.7435363e-15,1.7435363e-15,-1.1927109e-14,-1.1927109e-14,0.00055140366,0.00055140366,1.2392479e-06,1.2392479e-06
0.068962479,0.068962479,-0.064670638,-0.064670638,0.0042918409,0.0042918409,0.11990435,0.11990435,0.050941871,0.050941871,0.035241477,0.035241477,-0.02246111,-0.02246111,0.035643402,0.035643402,-0.02246025,-0.02246025,-6.980647e-09,-6.980647e-09,1.3475307e-16,1.3475307e-16,0.0074163127,0.0074163127,-0.11098825,-0.11098825,-0.00069483705,-0.00069483705,-0.00069484025,-0.00069484025,-0.00018591132,-0.00018591132,0.064670638,0.064670638,-0.016332412,-0.016332412,0.048666176,0.048666176,-0.0087537275,-0.0087537275,0.016004461,0.016004461,-0.0075786844,-0.0075786844,0.039912449,0.039912449,0.008425777,0.008425777,0.039912449,0.039912449,0.008425777,0.008425777,6.3349963e-11,6.3349963e-11,-0.10357194,-0.10357194,5.9307972e-11,5.9307972e-11,-0.10357194,-0.10357194,0.0074163127,0.0074163127,-0.11098825,-0.11098825,0.047328761,0.047328761,0.064670638,0.064670638,-0.0074163126,-0.0074163126,0.00011140045,0.00011140045,-0.00012394088,-0.00012394088,2.16414e-11,2.16414e-11,-1.2540454e-05,-1.2540454e-05,0.018444957,0.018444957,-0.11136007,-0.11136007,16.871026,16.871026,-6.9698206,-6.9698206,6.7138755,6.7138755,-3.4537713,-3.4537713,-0.042025771,-0.042025771,-0.061546166,-0.061546166,0.0094657523,0.0094657523,-0.020512495,-0.020512495,4.4434319,4.4434319,-4.1567707,-4.1567707,0.00092243439,0.00092243439,-2.3641984e-16,-2.3641984e-16,-8.7495241e-16,-8.7495241e-16,2.6970377e-16,2.6970377e-16,1.7439168e-15,1.7439168e-15,-1.1941723e-14,-1.1941723e-14,0.0005526469,0.0005526469,1.1828981e-06,1.1828981e-06
0.068456091,0.068456091,-0.064906338,-0.064906338,0.003549753,0.003549753,0.12008933,0.12008933,0.05163324,0.05163324,0.03548659,0.03548659,-0.022690362,-0.022690362,0.035889351,0.035889351,-0.022689541,-0.022689541,-6.9168165e-09,-6.9168165e-09,1.3463992e-16,1.3463992e-16,0.007527044,0.007527044,-0.11110934,-0.11110934,-0.00068952208,-0.00068952208,-0.00068952529,-0.00068952529,-0.00018163536,-0.00018163536,0.064906338,0.064906338,-0.016507035,-0.016507035,0.0487724,0.0487724,-0.0088740426,-0.0088740426,0.016133938,0.016133938,-0.0076329922,-0.0076329922,0.039898357,0.039898357,0.0085009459,0.0085009459,0.039898357,0.039898357,0.0085009459,0.0085009459,4.2407357e-11,4.2407357e-11,-0.1035823,-0.1035823,3.8356808e-11,3.8356808e-11,-0.1035823,-0.1035823,0.007527044,0.007527044,-0.11110934,-0.11110934,0.047425401,0.047425401,0.064906338,0.064906338,-0.007527044,-0.007527044,0.00011073134,0.00011073134,-0.00012109024,-0.00012109024,-2.0951164e-11,-2.0951164e-11,-1.0358878e-05,-1.0358878e-05,0.018489447,0.018489447,-0.11147261,-0.11147261,16.902579,16.902579,-6.9765685,-6.9765685,6.7200153,6.7200153,-3.4569364,-3.4569364,-0.042653249,-0.042653249,-0.060929047,-0.060929047,0.0094850803,0.0094850803,-0.020521679,-0.020521679,4.4482797,4.4482797,-4.163278,-4.163278,0.0009012184,0.0009012184,-2.3564857e-16,-2.3564857e-16,-8.7728452e-16,-8.7728452e-16,2.7565962e-16,2.7565962e-16,1.7444541e-15,1.7444541e-15,-1.1956375e-14,-1.1956375e-14,0.00055379678,0.00055379678,1.1291105e-06,1.1291105e-06
0.067950737,0.067950737,-0.065126004,-0.065126004,0.002824733,0.002824733,0.12027006,0.12027006,0.052319321,0.052319321,0.03572458,0.03572458,-0.022916215,-0.022916215,0.03612811,0.03612811,-0.022915431,-0.022915431,-6.8739271e-09,-6.8739271e-09,1.3452933e-16,1.3452933e-16,0.0076371015,0.0076371015,-0.11122765,-0.11122765,-0.00068421633,-0.00068421633,-0.00068421954,-0.00068421954,-0.00017745775,-0.00017745775,0.065126004,0.065126004,-0.016679514,-0.016679514,0.048865567,0.048865567,-0.0089934633,-0.0089934633,0.016260437,0.016260437,-0.0076860509,-0.0076860509,0.039872104,0.039872104,0.0085743859,0.0085743859,0.039872104,0.039872104,0.0085743859,0.0085743859,6.2345125e-11,6.2345125e-11,-0.10359054,-0.10359054,5.8286213e-11,5.8286213e-11,-0.10359054,-0.10359054,0.0076371015,0.0076371015,-0.11122765,-0.11122765,0.047509206,0.047509206,0.065126004,0.065126004,-0.0076371014,-0.0076371014,0.00011005747,0.00011005747,-0.00011830516,-0.00011830516,1.9929406e-11,1.9929406e-11,-8.247715e-06,-8.247715e-06,0.018532791,0.018532791,-0.11158256,-0.11158256,16.933871,16.933871,-6.9831612,-6.9831612,6.726603,6.726603,-3.4600287,-3.4600287,-0.043276908,-0.043276908,-0.060313636,-0.060313636,0.0095018411,0.0095018411,-0.020530652,-0.020530652,4.4530161,4.4530161,-4.1696831,-4.1696831,0.00088049038,0.00088049038,-2.3493714e-16,-2.3493714e-16,-8.7960799e-16,-8.7960799e-16,2.8136882e-16,2.8136882e-16,1.7451428e-15,1.7451428e-15,-1.197106e-14,-1.197106e-14,0.00055485415,0.00055485415,1.0777687e-06,1.0777687e-06
0.067446506,0.067446506,-0.065330118,-0.065330118,0.0021163885,0.0021163885,0.12044663,0.12044663,0.053000122,0.053000122,0.03595563,0.03595563,-0.023138727,-0.023138727,0.036359862,0.036359862,-0.023137979,-0.023137979,-6.8110985e-09,-6.8110985e-09,1.3442125e-16,1.3442125e-16,0.0077464806,0.0077464806,-0.11134323,-0.11134323,-0.00067891974,-0.00067891974,-0.00067892296,-0.00067892296,-0.00017337622,-0.00017337622,0.065330118,0.065330118,-0.01684988,-0.01684988,0.048946091,0.048946091,-0.0091119905,-0.0091119905,0.016384026,0.016384026,-0.0077378893,-0.0077378893,0.039834101,0.039834101,0.0086461369,0.0086461369,0.039834101,0.039834101,0.0086461369,0.0086461369,4.3006452e-11,4.3006452e-11,-0.10359675,-0.10359675,3.8939371e-11,3.8939371e-11,-0.10359675,-0.10359675,0.0077464806,0.0077464806,-0.11134323,-0.11134323,0.047580582,0.047580582,0.065330118,0.065330118,-0.0077464806,-0.0077464806,0.00010937916,0.00010937916,-0.00011558415,-0.00011558415,-1.9346842e-11,-1.9346842e-11,-6.2049691e-06,-6.2049691e-06,0.018575017,0.018575017,-0.11168998,-0.11168998,16.964902,16.964902,-6.9896023,-6.9896023,6.7336219,6.7336219,-3.4630499,-3.4630499,-0.043896723,-0.043896723,-0.059700025,-0.059700025,0.0095161163,0.0095161163,-0.020539419,-0.020539419,4.4576435,4.4576435,-4.1759877,-4.1759877,0.0008602391,0.0008602391,-2.3428374e-16,-2.3428374e-16,-8.8192261e-16,-8.8192261e-16,2.8683748e-16,2.8683748e-16,1.7459775e-15,1.7459775e-15,-1.1985773e-14,-1.1985773e-14,0.0005558199,0.0005558199,1.0287615e-06,1.0287615e-06
0.066943484,0.066943484,-0.065519148,-0.065519148,0.0014243359,0.0014243359,0.12061914,0.12061914,0.053675654,0.053675654,0.036179915,0.036179915,-0.023357956,-0.023357956,0.036584784,0.036584784,-0.023357242,-0.023357242,-6.767607e-09,-6.767607e-09,1.3431561e-16,1.3431561e-16,0.0078551774,0.0078551774,-0.11145616,-0.11145616,-0.00067363432,-0.00067363432,-0.00067363754,-0.00067363754,-0.00016938857,-0.00016938857,0.065519148,0.065519148,-0.01701816,-0.01701816,0.049014375,0.049014375,-0.0092296247,-0.0092296247,0.016504773,0.016504773,-0.0077885354,-0.0077885354,0.03978475,0.03978475,0.0087162375,0.0087162375,0.03978475,0.03978475,0.0087162375,0.0087162375,6.1364993e-11,6.1364993e-11,-0.10360098,-0.10360098,5.7289931e-11,5.7289931e-11,-0.10360098,-0.10360098,0.0078551774,0.0078551774,-0.11145616,-0.11145616,0.047639928,0.047639928,0.065519148,0.065519148,-0.0078551773,-0.0078551773,0.00010869672,0.00010869672,-0.00011292571,-0.00011292571,1.8350559e-11,1.8350559e-11,-4.2290097e-06,-4.2290097e-06,0.018616153,0.018616153,-0.11179493,-0.11179493,16.995673,16.995673,-6.9958953,-6.9958953,6.7410559,6.7410559,-3.4660016,-3.4660016,-0.044512671,-0.044512671,-0.059088307,-0.059088307,0.0095279855,0.0095279855,-0.020547984,-0.020547984,4.4621645,4.4621645,-4.1821939,-4.1821939,0.0008404536,0.0008404536,-2.3368658e-16,-2.3368658e-16,-8.8422816e-16,-8.8422816e-16,2.9207161e-16,2.9207161e-16,1.7469534e-15,1.7469534e-15,-1.200051e-14,-1.200051e-14,0.00055669495,0.00055669495,9.8198271e-07,9.8198271e-07
0.066441753,0.066441753,-0.065693552,-0.065693552,0.00074820057,0.00074820057,0.12078768,0.12078768,0.054345927,0.054345927,0.036397608,0.036397608,-0.023573957,-0.023573957,0.036803049,0.036803049,-0.023573275,-0.023573275,-6.7057555e-09,-6.7057555e-09,1.3421236e-16,1.3421236e-16,0.0079631878,0.0079631878,-0.11156648,-0.11156648,-0.00066836002,-0.00066836002,-0.00066836325,-0.00066836325,-0.00016549263,-0.00016549263,0.065693552,0.065693552,-0.017184384,-0.017184384,0.04907081,0.04907081,-0.0093463672,-0.0093463672,0.016622742,0.016622742,-0.0078380166,-0.0078380166,0.039724443,0.039724443,0.0087847259,0.0087847259,0.039724443,0.039724443,0.0087847259,0.0087847259,4.3505217e-11,4.3505217e-11,-0.1036033,-0.1036033,3.9422357e-11,3.9422357e-11,-0.1036033,-0.1036033,0.0079631878,0.0079631878,-0.11156648,-0.11156648,0.04768763,0.04768763,0.065693552,0.065693552,-0.0079631878,-0.0079631878,0.00010801046,0.00010801046,-0.00011032842,-0.00011032842,-1.7867573e-11,-1.7867573e-11,-2.3179416e-06,-2.3179416e-06,0.018656223,0.018656223,-0.11189747,-0.11189747,17.026187,17.026187,-7.0020435,-7.0020435,6.7488894,6.7488894,-3.4688855,-3.4688855,-0.045124731,-0.045124731,-0.058478565,-0.058478565,0.0095375261,0.0095375261,-0.020556352,-0.020556352,4.4665815,4.4665815,-4.1883033,-4.1883033,0.00082112317,0.00082112317,-2.3314393e-16,-2.3314393e-16,-8.8652444e-16,-8.8652444e-16,2.970771e-16,2.970771e-16,1.7480653e-15,1.7480653e-15,-1.2015266e-14,-1.2015266e-14,0.00055748028,0.00055748028,9.3733097e-07,9.3733097e-07
0.065941393,0.065941393,-0.065853777,-0.065853777,8.7616316e-05,8.7616316e-05,0.12095234,0.12095234,0.055010951,0.055010951,0.036608878,0.036608878,-0.023786785,-0.023786785,0.037014825,0.037014825,-0.023786134,-0.023786134,-6.6617621e-09,-6.6617621e-09,1.3411145e-16,1.3411145e-16,0.0080705085,0.0080705085,-0.11167427,-0.11167427,-0.00066309868,-0.00066309868,-0.00066310191,-0.00066310191,-0.0001616863,-0.0001616863,0.065853777,0.065853777,-0.017348579,-0.017348579,0.049115778,0.049115778,-0.009462219,-0.009462219,0.016737999,0.016737999,-0.0078863597,-0.0078863597,0.039653559,0.039653559,0.008851639,0.008851639,0.039653559,0.039653559,0.008851639,0.008851639,6.0407367e-11,6.0407367e-11,-0.10360377,-0.10360377,5.6316888e-11,5.6316888e-11,-0.10360377,-0.10360377,0.0080705085,0.0080705085,-0.11167427,-0.11167427,0.047724068,0.047724068,0.065853777,0.065853777,-0.0080705084,-0.0080705084,0.00010732067,0.00010732067,-0.00010779087,-0.00010779087,1.689453e-11,1.689453e-11,-4.7020775e-07,-4.7020775e-07,0.018695255,0.018695255,-0.11199765,-0.11199765,17.056443,17.056443,-7.0080503,-7.0080503,6.7571071,6.7571071,-3.4717029,-3.4717029,-0.045732881,-0.045732881,-0.057870885,-0.057870885,0.0095448136,0.0095448136,-0.020564527,-0.020564527,4.470897,4.470897,-4.1943178,-4.1943178,0.00080223734,0.00080223734,-2.3265411e-16,-2.3265411e-16,-8.8881125e-16,-8.8881125e-16,3.0185975e-16,3.0185975e-16,1.7493085e-15,1.7493085e-15,-1.2030037e-14,-1.2030037e-14,0.00055817688,0.00055817688,8.9470959e-07,8.9470959e-07
0.065442482,0.065442482,-0.066000256,-0.066000256,-0.0005577745,-0.0005577745,0.12111322,0.12111322,0.055670741,0.055670741,0.036813888,0.036813888,-0.023996494,-0.023996494,0.037220278,0.037220278,-0.023995873,-0.023995873,-6.600865e-09,-6.600865e-09,1.3401282e-16,1.3401282e-16,0.0081771361,0.0081771361,-0.11177959,-0.11177959,-0.00065785028,-0.00065785028,-0.00065785352,-0.00065785352,-0.00015796751,-0.00015796751,0.066000256,0.066000256,-0.017510773,-0.017510773,0.049149652,0.049149652,-0.0095771816,-0.0095771816,0.016850604,0.016850604,-0.007933591,-0.007933591,0.03957247,0.03957247,0.0089170131,0.0089170131,0.03957247,0.03957247,0.0089170131,0.0089170131,4.3911225e-11,4.3911225e-11,-0.10360245,-0.10360245,3.9813303e-11,3.9813303e-11,-0.10360245,-0.10360245,0.0081771361,0.0081771361,-0.11177959,-0.11177959,0.047749607,0.047749607,0.066000256,0.066000256,-0.0081771361,-0.0081771361,0.00010662765,0.00010662765,-0.00010531168,-0.00010531168,-1.6503585e-11,-1.6503585e-11,1.3159917e-06,1.3159917e-06,0.018733274,0.018733274,-0.11209552,-0.11209552,17.086443,17.086443,-7.0139189,-7.0139189,6.7656941,6.7656941,-3.4744556,-3.4744556,-0.046337105,-0.046337105,-0.057265345,-0.057265345,0.0095499213,0.0095499213,-0.020572515,-0.020572515,4.4751131,4.4751131,-4.2002391,-4.2002391,0.00078378588,0.00078378588,-2.3221547e-16,-2.3221547e-16,-8.910884e-16,-8.910884e-16,3.0642523e-16,3.0642523e-16,1.7506784e-15,1.7506784e-15,-1.2044819e-14,-1.2044819e-14,0.00055878578,0.00055878578,8.5402625e-07,8.5402625e-07
0.064945092,0.064945092,-0.066133413,-0.066133413,-0.0011883213,-0.0011883213,0.1212704,0.1212704,0.056325308,0.056325308,0.037012798,0.037012798,-0.024203137,-0.024203137,0.037419568,0.037419568,-0.024202544,-0.024202544,-6.5564624e-09,-6.5564624e-09,1.3391643e-16,1.3391643e-16,0.0082830678,0.0082830678,-0.11188248,-0.11188248,-0.00065261651,-0.00065261651,-0.00065261975,-0.00065261975,-0.00015433426,-0.00015433426,0.066133413,0.066133413,-0.017670992,-0.017670992,0.049172794,0.049172794,-0.0096912564,-0.0096912564,0.01696062,0.01696062,-0.0079797359,-0.0079797359,0.039481537,0.039481537,0.0089808836,0.0089808836,0.039481537,0.039481537,0.0089808836,0.0089808836,5.9470287e-11,5.9470287e-11,-0.10359941,-0.10359941,5.5365092e-11,5.5365092e-11,-0.10359941,-0.10359941,0.0082830678,0.0082830678,-0.11188248,-0.11188248,0.047764605,0.047764605,0.066133413,0.066133413,-0.0082830678,-0.0082830678,0.00010593167,0.00010593167,-0.00010288951,-0.00010288951,1.555179e-11,1.555179e-11,3.0421434e-06,3.0421434e-06,0.018770303,0.018770303,-0.11219114,-0.11219114,17.116188,17.116188,-7.0196526,-7.0196526,6.774636,6.774636,-3.477145,-3.477145,-0.046937384,-0.046937384,-0.056662024,-0.056662024,0.009552921,0.009552921,-0.020580318,-0.020580318,4.4792323,4.4792323,-4.2060688,-4.2060688,0.0007657588,0.0007657588,-2.3182641e-16,-2.3182641e-16,-8.933557e-16,-8.933557e-16,3.1077912e-16,3.1077912e-16,1.7521703e-15,1.7521703e-15,-1.2059608e-14,-1.2059608e-14,0.00055930804,0.00055930804,8.1519283e-07,8.1519283e-07
0.064449294,0.064449294,-0.06625366,-0.06625366,-0.0018043656,-0.0018043656,0.12142396,0.12142396,0.056974668,0.056974668,0.037205766,0.037205766,-0.024406765,-0.024406765,0.037612853,0.037612853,-0.0244062,-0.0244062,-6.496499e-09,-6.496499e-09,1.3382221e-16,1.3382221e-16,0.0083883008,0.0083883008,-0.111983,-0.111983,-0.00064739735,-0.00064739735,-0.0006474006,-0.0006474006,-0.00015078457,-0.00015078457,0.06625366,0.06625366,-0.017829265,-0.017829265,0.049185555,0.049185555,-0.0098044454,-0.0098044454,0.017068105,0.017068105,-0.0080248195,-0.0080248195,0.03938111,0.03938111,0.0090432851,0.0090432851,0.03938111,0.03938111,0.0090432851,0.0090432851,4.4231525e-11,4.4231525e-11,-0.1035947,-0.1035947,4.0119224e-11,4.0119224e-11,-0.1035947,-0.1035947,0.0083883008,0.0083883008,-0.111983,-0.111983,0.047769411,0.047769411,0.06625366,0.06625366,-0.0083883008,-0.0083883008,0.00010523299,0.00010523299,-0.00010052305,-0.00010052305,-1.5245868e-11,-1.5245868e-11,4.7099563e-06,4.7099563e-06,0.018806367,0.018806367,-0.11228457,-0.11228457,17.14568,17.14568,-7.0252544,-7.0252544,6.7839188,6.7839188,-3.4797725,-3.4797725,-0.047533704,-0.047533704,-0.056060994,-0.056060994,0.0095538822,0.0095538822,-0.020587943,-0.020587943,4.4832568,4.4832568,-4.2118087,-4.2118087,0.00074814635,0.00074814635,-2.3148538e-16,-2.3148538e-16,-8.9561297e-16,-8.9561297e-16,3.1492689e-16,3.1492689e-16,1.7537798e-15,1.7537798e-15,-1.20744e-14,-1.20744e-14,0.00055974474,0.00055974474,7.7812519e-07,7.7812519e-07
0.063955158,0.063955158,-0.066361399,-0.066361399,-0.0024062408,-0.0024062408,0.12157399,0.12157399,0.057618835,0.057618835,0.037392942,0.037392942,-0.02460743,-0.02460743,0.037800285,0.037800285,-0.02460689,-0.02460689,-6.4517727e-09,-6.4517727e-09,1.3373013e-16,1.3373013e-16,0.0084928327,0.0084928327,-0.11208121,-0.11208121,-0.00064219438,-0.00064219438,-0.00064219764,-0.00064219764,-0.00014731653,-0.00014731653,0.066361399,0.066361399,-0.017985616,-0.017985616,0.049188281,0.049188281,-0.0099167502,-0.0099167502,0.017173118,0.017173118,-0.0080688662,-0.0080688662,0.039271531,0.039271531,0.0091042513,0.0091042513,0.039271531,0.039271531,0.0091042513,0.0091042513,5.8552014e-11,5.8552014e-11,-0.10358838,-0.10358838,5.4432772e-11,5.4432772e-11,-0.10358838,-0.10358838,0.0084928327,0.0084928327,-0.11208121,-0.11208121,0.047764364,0.047764364,0.066361399,0.066361399,-0.0084928326,-0.0084928326,0.00010453188,0.00010453188,-9.8211018e-05,-9.8211018e-05,1.4313548e-11,1.4313548e-11,6.3208497e-06,6.3208497e-06,0.018841489,0.018841489,-0.11237584,-0.11237584,17.174919,17.174919,-7.0307273,-7.0307273,6.7935288,6.7935288,-3.4823396,-3.4823396,-0.048126051,-0.048126051,-0.055462326,-0.055462326,0.0095528728,0.0095528728,-0.020595392,-0.020595392,4.4871887,4.4871887,-4.2174603,-4.2174603,0.00073093898,0.00073093898,-2.3119085e-16,-2.3119085e-16,-8.9786003e-16,-8.9786003e-16,3.1887389e-16,3.1887389e-16,1.7555025e-15,1.7555025e-15,-1.2089191e-14,-1.2089191e-14,0.000560097,0.000560097,7.4274306e-07,7.4274306e-07
0.063462748,0.063462748,-0.066457021,-0.066457021,-0.0029942729,-0.0029942729,0.12172057,0.12172057,0.058257825,0.058257825,0.037574476,0.037574476,-0.024805181,-0.024805181,0.037982015,0.037982015,-0.024804666,-0.024804666,-6.3927242e-09,-6.3927242e-09,1.3364013e-16,1.3364013e-16,0.0085966613,0.0085966613,-0.11217716,-0.11217716,-0.00063700758,-0.00063700758,-0.00063701084,-0.00063701084,-0.00014392825,-0.00014392825,0.066457021,0.066457021,-0.018140073,-0.018140073,0.049181306,0.049181306,-0.010028173,-0.010028173,0.017275715,0.017275715,-0.0081118998,-0.0081118998,0.039153133,0.039153133,0.0091638154,0.0091638154,0.039153133,0.039153133,0.0091638154,0.0091638154,4.4472679e-11,4.4472679e-11,-0.1035805,-0.1035805,4.0346655e-11,4.0346655e-11,-0.1035805,-0.1035805,0.0085966613,0.0085966613,-0.11217716,-0.11217716,0.047749794,0.047749794,0.066457021,0.066457021,-0.0085966612,-0.0085966612,0.0001038286,0.0001038286,-9.5952165e-05,-9.5952165e-05,-1.4086117e-11,-1.4086117e-11,7.8764465e-06,7.8764465e-06,0.018875692,0.018875692,-0.11246502,-0.11246502,17.203908,17.203908,-7.0360744,-7.0360744,6.8034528,6.8034528,-3.4848477,-3.4848477,-0.048714414,-0.048714414,-0.054866087,-0.054866087,0.0095499588,0.0095499588,-0.020602669,-0.020602669,4.4910301,4.4910301,-4.2230253,-4.2230253,0.00071412739,0.00071412739,-2.3094134e-16,-2.3094134e-16,-9.0009673e-16,-9.0009673e-16,3.2262539e-16,3.2262539e-16,1.7573344e-15,1.7573344e-15,-1.2103978e-14,-1.2103978e-14,0.00056036594,0.00056036594,7.0896979e-07,7.0896979e-07
0.062972128,0.062972128,-0.066540908,-0.066540908,-0.0035687803,-0.0035687803,0.12186378,0.12186378,0.058891654,0.058891654,0.037750514,0.037750514,-0.025000068,-0.025000068,0.038158189,0.038158189,-0.024999575,-0.024999575,-6.3477533e-09,-6.3477533e-09,1.3355216e-16,1.3355216e-16,0.0086997847,0.0086997847,-0.11227091,-0.11227091,-0.0006318384,-0.0006318384,-0.00063184167,-0.00063184167,-0.0001406179,-0.0001406179,0.066540908,0.066540908,-0.01829266,-0.01829266,0.049164955,0.049164955,-0.010138716,-0.010138716,0.017375953,0.017375953,-0.0081539437,-0.0081539437,0.039026239,0.039026239,0.0092220094,0.0092220094,0.039026239,0.039026239,0.0092220094,0.0092220094,5.7651003e-11,5.7651003e-11,-0.10357112,-0.10357112,5.3518352e-11,5.3518352e-11,-0.10357112,-0.10357112,0.0086997847,0.0086997847,-0.11227091,-0.11227091,0.047726024,0.047726024,0.066540908,0.066540908,-0.0086997846,-0.0086997846,0.00010312338,0.00010312338,-9.3745265e-05,-9.3745265e-05,1.3171698e-11,1.3171698e-11,9.3781011e-06,9.3781011e-06,0.018908999,0.018908999,-0.11255214,-0.11255214,17.232647,17.232647,-7.0412985,-7.0412985,6.8136777,6.8136777,-3.487298,-3.487298,-0.049298779,-0.049298779,-0.054272343,-0.054272343,0.0095452047,0.0095452047,-0.02060978,-0.02060978,4.4947832,4.4947832,-4.2285053,-4.2285053,0.00069770246,0.00069770246,-2.3073541e-16,-2.3073541e-16,-9.023229e-16,-9.023229e-16,3.2618654e-16,3.2618654e-16,1.7592713e-15,1.7592713e-15,-1.2118757e-14,-1.2118757e-14,0.00056055273,0.00056055273,6.7673223e-07,6.7673223e-07
0.062483357,0.062483357,-0.066613431,-0.066613431,-0.0041300739,-0.0041300739,0.1220037,0.1220037,0.05952034,0.05952034,0.037921196,0.037921196,-0.025192137,-0.025192137,0.038328948,0.038328948,-0.025191667,-0.025191667,-6.2896023e-09,-6.2896023e-09,1.3346618e-16,1.3346618e-16,0.0088022011,0.0088022011,-0.1123625,-0.1123625,-0.00062668682,-0.00062668682,-0.0006266901,-0.0006266901,-0.00013738369,-0.00013738369,0.066613431,0.066613431,-0.018443402,-0.018443402,0.049139545,0.049139545,-0.010248381,-0.010248381,0.017473886,0.017473886,-0.0081950205,-0.0081950205,0.038891164,0.038891164,0.009278865,0.009278865,0.038891164,0.038891164,0.009278865,0.009278865,4.4640801e-11,4.4640801e-11,-0.1035603,-0.1035603,4.0501676e-11,4.0501676e-11,-0.1035603,-0.1035603,0.0088022011,0.0088022011,-0.1123625,-0.1123625,0.047693365,0.047693365,0.066613431,0.066613431,-0.0088022011,-0.0088022011,0.00010241647,0.00010241647,-9.1589124e-05,-9.1589124e-05,-1.3016676e-11,-1.3016676e-11,1.0827355e-05,1.0827355e-05,0.018941431,0.018941431,-0.11263726,-0.11263726,17.261137,17.261137,-7.0464024,-7.0464024,6.8241911,6.8241911,-3.489692,-3.489692,-0.049879139,-0.049879139,-0.053681156,-0.053681156,0.009538673,0.009538673,-0.020616726,-0.020616726,4.49845,4.49845,-4.2339016,-4.2339016,0.0006816553,0.0006816553,-2.3057166e-16,-2.3057166e-16,-9.0453837e-16,-9.0453837e-16,3.2956238e-16,3.2956238e-16,1.7613092e-15,1.7613092e-15,-1.2133526e-14,-1.2133526e-14,0.00056065854,0.00056065854,6.4596054e-07,6.4596054e-07
0.061996494,0.061996494,-0.066674952,-0.066674952,-0.0046784579,-0.0046784579,0.12214039,0.12214039,0.0601439,0.0601439,0.038086661,0.038086661,-0.025381436,-0.025381436,0.038494432,0.038494432,-0.025380988,-0.025380988,-6.2444596e-09,-6.2444596e-09,1.3338215e-16,1.3338215e-16,0.0089039092,0.0089039092,-0.11245198,-0.11245198,-0.00062155419,-0.00062155419,-0.00062155747,-0.00062155747,-0.00013422386,-0.00013422386,0.066674952,0.066674952,-0.018592324,-0.018592324,0.049105386,0.049105386,-0.010357171,-0.010357171,0.017569566,0.017569566,-0.0082351526,-0.0082351526,0.038748215,0.038748215,0.0093344129,0.0093344129,0.038748215,0.038748215,0.0093344129,0.0093344129,5.6765888e-11,5.6765888e-11,-0.10354807,-0.10354807,5.2620438e-11,5.2620438e-11,-0.10354807,-0.10354807,0.0089039092,0.0089039092,-0.11245198,-0.11245198,0.047652124,0.047652124,0.066674952,0.066674952,-0.0089039092,-0.0089039092,0.00010170809,0.00010170809,-8.9482574e-05,-8.9482574e-05,1.2118762e-11,1.2118762e-11,1.22255e-05,1.22255e-05,0.01897301,0.01897301,-0.11272043,-0.11272043,17.28938,17.28938,-7.051389,-7.051389,6.8349807,6.8349807,-3.492031,-3.492031,-0.050455485,-0.050455485,-0.053092584,-0.053092584,0.0095304248,0.0095304248,-0.020623513,-0.020623513,4.5020325,4.5020325,-4.2392159,-4.2392159,0.00066597723,0.00066597723,-2.3044871e-16,-2.3044871e-16,-9.0674301e-16,-9.0674301e-16,3.3275788e-16,3.3275788e-16,1.7634442e-15,1.7634442e-15,-1.214828e-14,-1.214828e-14,0.00056068455,0.00056068455,6.1658806e-07,6.1658806e-07
0.061511593,0.061511593,-0.066725822,-0.066725822,-0.005214229,-0.005214229,0.12227395,0.12227395,0.060762353,0.060762353,0.038247044,0.038247044,-0.025568012,-0.025568012,0.038654776,0.038654776,-0.025567584,-0.025567584,-6.1871901e-09,-6.1871901e-09,1.3330001e-16,1.3330001e-16,0.0090049077,0.0090049077,-0.1125394,-0.1125394,-0.00061644048,-0.00061644048,-0.00061644377,-0.00061644377,-0.00013113671,-0.00013113671,0.066725822,0.066725822,-0.018739451,-0.018739451,0.049062778,0.049062778,-0.010465089,-0.010465089,0.017663045,0.017663045,-0.0082743616,-0.0082743616,0.038597688,0.038597688,0.0093886832,0.0093886832,0.038597688,0.038597688,0.0093886832,0.0093886832,4.4741581e-11,4.4741581e-11,-0.1035345,-0.1035345,4.0589951e-11,4.0589951e-11,-0.1035345,-0.1035345,0.0090049077,0.0090049077,-0.1125394,-0.1125394,0.047602596,0.047602596,0.066725822,0.066725822,-0.0090049076,-0.0090049076,0.00010099846,0.00010099846,-8.7424475e-05,-8.7424475e-05,-1.2030486e-11,-1.2030486e-11,1.3574001e-05,1.3574001e-05,0.019003756,0.019003756,-0.11280168,-0.11280168,17.317377,17.317377,-7.0562608,-7.0562608,6.8460347,6.8460347,-3.4943161,-3.4943161,-0.05102781,-0.05102781,-0.052506686,-0.052506686,0.0095205192,0.0095205192,-0.020630144,-0.020630144,4.5055325,4.5055325,-4.2444497,-4.2444497,0.00065065975,0.00065065975,-2.3036524e-16,-2.3036524e-16,-9.0893667e-16,-9.0893667e-16,3.3577788e-16,3.3577788e-16,1.7656726e-15,1.7656726e-15,-1.2163016e-14,-1.2163016e-14,0.00056063198,0.00056063198,5.8855119e-07,5.8855119e-07
0.06102871,0.06102871,-0.066766387,-0.066766387,-0.0057376774,-0.0057376774,0.12240443,0.12240443,0.061375718,0.061375718,0.038402476,0.038402476,-0.025751909,-0.025751909,0.038810114,0.038810114,-0.025751501,-0.025751501,-6.1419431e-09,-6.1419431e-09,1.3321973e-16,1.3321973e-16,0.0091051955,0.0091051955,-0.11262482,-0.11262482,-0.00061134694,-0.00061134694,-0.00061135022,-0.00061135022,-0.00012812057,-0.00012812057,0.066766387,0.066766387,-0.018884806,-0.018884806,0.049012013,0.049012013,-0.010572137,-0.010572137,0.017754374,0.017754374,-0.0083126688,-0.0083126688,0.038439876,0.038439876,0.0094417053,0.0094417053,0.038439876,0.038439876,0.0094417053,0.0094417053,5.5895462e-11,5.5895462e-11,-0.10351962,-0.10351962,5.1737794e-11,5.1737794e-11,-0.10351962,-0.10351962,0.0091051955,0.0091051955,-0.11262482,-0.11262482,0.047545071,0.047545071,0.066766387,0.066766387,-0.0091051954,-0.0091051954,0.00010028781,0.00010028781,-8.5413712e-05,-8.5413712e-05,1.1147843e-11,1.1147843e-11,1.4874089e-05,1.4874089e-05,0.019033689,0.019033689,-0.11288106,-0.11288106,17.34513,17.34513,-7.0610207,-7.0610207,6.8573416,6.8573416,-3.4965487,-3.4965487,-0.051596107,-0.051596107,-0.051923514,-0.051923514,0.0095090143,0.0095090143,-0.020636622,-0.020636622,4.5089521,4.5089521,-4.2496042,-4.2496042,0.00063569458,0.00063569458,-2.3031995e-16,-2.3031995e-16,-9.1111921e-16,-9.1111921e-16,3.3862712e-16,3.3862712e-16,1.7679908e-15,1.7679908e-15,-1.2177732e-14,-1.2177732e-14,0.00056050205,0.00056050205,5.6178918e-07,5.6178918e-07
0.060547893,0.060547893,-0.066796979,-0.066796979,-0.0062490864,-0.0062490864,0.12253191,0.12253191,0.061984015,0.061984015,0.038553085,0.038553085,-0.025933172,-0.025933172,0.038960573,0.038960573,-0.025932782,-0.025932782,-6.0855404e-09,-6.0855404e-09,1.3314127e-16,1.3314127e-16,0.0092047718,0.0092047718,-0.11270827,-0.11270827,-0.00060627354,-0.00060627354,-0.00060627683,-0.00060627683,-0.00012517379,-0.00012517379,0.066796979,0.066796979,-0.019028413,-0.019028413,0.048953376,0.048953376,-0.010678318,-0.010678318,0.017843603,0.017843603,-0.008350095,-0.008350095,0.038275058,0.038275058,0.0094935079,0.0094935079,0.038275058,0.038275058,0.0094935079,0.0094935079,4.4780321e-11,4.4780321e-11,-0.10350349,-0.10350349,4.0616755e-11,4.0616755e-11,-0.10350349,-0.10350349,0.0092047718,0.0092047718,-0.11270827,-0.11270827,0.04747983,0.04747983,0.066796979,0.066796979,-0.0092047718,-0.0092047718,9.9576341e-05,9.9576341e-05,-8.3449197e-05,-8.3449197e-05,-1.112104e-11,-1.112104e-11,1.6127156e-05,1.6127156e-05,0.01906283,0.01906283,-0.11295861,-0.11295861,17.37264,17.37264,-7.065671,-7.065671,6.86889,6.86889,-3.4987299,-3.4987299,-0.052160373,-0.052160373,-0.051343121,-0.051343121,0.009495966,0.009495966,-0.020642952,-0.020642952,4.512293,4.512293,-4.254681,-4.254681,0.0006210736,0.0006210736,-2.3031157e-16,-2.3031157e-16,-9.132905e-16,-9.132905e-16,3.4131027e-16,3.4131027e-16,1.770395e-15,1.770395e-15,-1.2192425e-14,-1.2192425e-14,0.00056029599,0.00056029599,5.3624406e-07,5.3624406e-07
0.060069192,0.060069192,-0.066817925,-0.066817925,-0.0067487331,-0.0067487331,0.12265646,0.12265646,0.062587263,0.062587263,0.038698997,0.038698997,-0.026111845,-0.026111845,0.039106281,0.039106281,-0.026111473,-0.026111473,-6.0402509e-09,-6.0402509e-09,1.3306457e-16,1.3306457e-16,0.0093036361,0.0093036361,-0.1127898,-0.1127898,-0.00060122142,-0.00060122142,-0.00060122472,-0.00060122472,-0.0001222948,-0.0001222948,0.066817925,0.066817925,-0.019170295,-0.019170295,0.048887146,0.048887146,-0.010783635,-0.010783635,0.017930779,0.017930779,-0.0083866603,-0.0083866603,0.038103511,0.038103511,0.009544119,0.009544119,0.038103511,0.038103511,0.009544119,0.009544119,5.5038664e-11,5.5038664e-11,-0.10348616,-0.10348616,5.0869334e-11,5.0869334e-11,-0.10348616,-0.10348616,0.0093036361,0.0093036361,-0.1127898,-0.1127898,0.047407147,0.047407147,0.066817925,0.066817925,-0.009303636,-0.009303636,9.8864252e-05,9.8864252e-05,-8.1529865e-05,-8.1529865e-05,1.025258e-11,1.025258e-11,1.7334377e-05,1.7334377e-05,0.019091197,0.019091197,-0.11303439,-0.11303439,17.399909,17.399909,-7.0702144,-7.0702144,6.8806692,6.8806692,-3.500861,-3.500861,-0.052720604,-0.052720604,-0.050765556,-0.050765556,0.0094814294,0.0094814294,-0.020649135,-0.020649135,4.515557,4.515557,-4.2596814,-4.2596814,0.00060678891,0.00060678891,-2.3033887e-16,-2.3033887e-16,-9.154504e-16,-9.154504e-16,3.4383187e-16,3.4383187e-16,1.772882e-15,1.772882e-15,-1.2207091e-14,-1.2207091e-14,0.00056001505,0.00056001505,5.1186051e-07,5.1186051e-07
0.059592653,0.059592653,-0.066829541,-0.066829541,-0.0072368878,-0.0072368878,0.12277814,0.12277814,0.063185485,0.063185485,0.038840334,0.038840334,-0.02628797,-0.02628797,0.03924736,0.03924736,-0.026287615,-0.026287615,-5.9847012e-09,-5.9847012e-09,1.3298961e-16,1.3298961e-16,0.0094017878,0.0094017878,-0.11286945,-0.11286945,-0.00059619057,-0.00059619057,-0.00059619387,-0.00059619387,-0.00011948202,-0.00011948202,0.066829541,0.066829541,-0.019310476,-0.019310476,0.04881359,0.04881359,-0.010888091,-0.010888091,0.018015951,0.018015951,-0.0084223847,-0.0084223847,0.037925499,0.037925499,0.0095935661,0.0095935661,0.037925499,0.037925499,0.0095935661,0.0095935661,4.4761956e-11,4.4761956e-11,-0.10346766,-0.10346766,4.0586996e-11,4.0586996e-11,-0.10346766,-0.10346766,0.0094017878,0.0094017878,-0.11286945,-0.11286945,0.047327287,0.047327287,0.066829541,0.066829541,-0.0094017878,-0.0094017878,9.815174e-05,9.815174e-05,-7.9654678e-05,-7.9654678e-05,-1.0282338e-11,-1.0282338e-11,1.8497072e-05,1.8497072e-05,0.01911881,0.01911881,-0.11310841,-0.11310841,17.426937,17.426937,-7.0746532,-7.0746532,6.8926686,6.8926686,-3.5029431,-3.5029431,-0.053276797,-0.053276797,-0.050190866,-0.050190866,0.0094654575,0.0094654575,-0.020655177,-0.020655177,4.518746,4.518746,-4.2646068,-4.2646068,0.00059283276,0.00059283276,-2.3040066e-16,-2.3040066e-16,-9.1759881e-16,-9.1759881e-16,3.4619638e-16,3.4619638e-16,1.7754483e-15,1.7754483e-15,-1.2221729e-14,-1.2221729e-14,0.00055966048,0.00055966048,4.885857e-07,4.885857e-07
0.059118322,0.059118322,-0.066832137,-0.066832137,-0.0077138151,-0.0077138151,0.12289702,0.12289702,0.063778701,0.063778701,0.038977215,0.038977215,-0.026461589,-0.026461589,0.03938393,0.03938393,-0.02646125,-0.02646125,-5.9394263e-09,-5.9394263e-09,1.3291634e-16,1.3291634e-16,0.0094992268,0.0094992268,-0.11294727,-0.11294727,-0.00059118202,-0.00059118202,-0.00059118533,-0.00059118533,-0.00011673393,-0.00011673393,0.066832137,0.066832137,-0.019448977,-0.019448977,0.048732974,0.048732974,-0.010991689,-0.010991689,0.018099163,0.018099163,-0.0084572874,-0.0084572874,0.037741284,0.037741284,0.0096418759,0.0096418759,0.037741284,0.037741284,0.0096418759,0.0096418759,5.4194561e-11,5.4194561e-11,-0.10344805,-0.10344805,5.0014099e-11,5.0014099e-11,-0.10344805,-0.10344805,0.0094992268,0.0094992268,-0.11294727,-0.11294727,0.047240511,0.047240511,0.066832137,0.066832137,-0.0094992268,-0.0094992268,9.7438993e-05,9.7438993e-05,-7.7822621e-05,-7.7822621e-05,9.4271029e-12,9.4271029e-12,1.9616363e-05,1.9616363e-05,0.019145687,0.019145687,-0.11318074,-0.11318074,17.453726,17.453726,-7.07899,-7.07899,6.9048777,6.9048777,-3.5049772,-3.5049772,-0.053828952,-0.053828952,-0.049619095,-0.049619095,0.0094481022,0.0094481022,-0.020661079,-0.020661079,4.5218617,4.5218617,-4.2694584,-4.2694584,0.00057919761,0.00057919761,-2.3049577e-16,-2.3049577e-16,-9.197356e-16,-9.197356e-16,3.4840818e-16,3.4840818e-16,1.7780906e-15,1.7780906e-15,-1.2236335e-14,-1.2236335e-14,0.00055923356,0.00055923356,4.6636922e-07,4.6636922e-07
0.058646239,0.058646239,-0.066826012,-0.066826012,-0.0081797729,-0.0081797729,0.12301317,0.12301317,0.064366934,0.064366934,0.039109756,0.039109756,-0.026632744,-0.026632744,0.039516109,0.039516109,-0.02663242,-0.02663242,-5.8847169e-09,-5.8847169e-09,1.3284472e-16,1.3284472e-16,0.009595953,0.009595953,-0.11302331,-0.11302331,-0.00058619576,-0.00058619576,-0.00058619907,-0.00058619907,-0.00011404905,-0.00011404905,0.066826012,0.066826012,-0.01958582,-0.01958582,0.04864555,0.04864555,-0.011094433,-0.011094433,0.018180462,0.018180462,-0.0084913873,-0.0084913873,0.037551117,0.037551117,0.0096890746,0.0096890746,0.037551117,0.037551117,0.0096890746,0.0096890746,4.4691084e-11,4.4691084e-11,-0.10342735,-0.10342735,4.0505248e-11,4.0505248e-11,-0.10342735,-0.10342735,0.009595953,0.009595953,-0.11302331,-0.11302331,0.04714707,0.04714707,0.066826012,0.066826012,-0.009595953,-0.009595953,9.6726193e-05,9.6726193e-05,-7.60327e-05,-7.60327e-05,-9.5088511e-12,-9.5088511e-12,2.0693503e-05,2.0693503e-05,0.019171846,0.019171846,-0.1132514,-0.1132514,17.480277,17.480277,-7.083227,-7.083227,6.9172867,6.9172867,-3.5069646,-3.5069646,-0.054377067,-0.054377067,-0.049050286,-0.049050286,0.0094294141,0.0094294141,-0.020666846,-0.020666846,4.5249056,4.5249056,-4.2742377,-4.2742377,0.00056587607,0.00056587607,-2.3062306e-16,-2.3062306e-16,-9.2186067e-16,-9.2186067e-16,3.5047152e-16,3.5047152e-16,1.7808058e-15,1.7808058e-15,-1.2250907e-14,-1.2250907e-14,0.00055873554,0.00055873554,4.4516294e-07,4.4516294e-07
0.058176447,0.058176447,-0.066811461,-0.066811461,-0.0086350138,-0.0086350138,0.12312665,0.12312665,0.064950206,0.064950206,0.03923807,0.03923807,-0.026801474,-0.026801474,0.03964401,0.03964401,-0.026801165,-0.026801165,-5.8395091e-09,-5.8395091e-09,1.3277472e-16,1.3277472e-16,0.0096919665,0.0096919665,-0.11309759,-0.11309759,-0.00058123275,-0.00058123275,-0.00058123606,-0.00058123606,-0.00011142592,-0.00011142592,0.066811461,0.066811461,-0.019721029,-0.019721029,0.04855157,0.04855157,-0.011196326,-0.011196326,0.018259891,0.018259891,-0.0085247029,-0.0085247029,0.037355244,0.037355244,0.0097351876,0.0097351876,0.037355244,0.037355244,0.0097351876,0.0097351876,5.3362336e-11,5.3362336e-11,-0.10340562,-0.10340562,4.9171248e-11,4.9171248e-11,-0.10340562,-0.10340562,0.0096919665,0.0096919665,-0.11309759,-0.11309759,0.047047211,0.047047211,0.066811461,0.066811461,-0.0096919665,-0.0096919665,9.6013518e-05,9.6013518e-05,-7.4283948e-05,-7.4283948e-05,8.6660004e-12,8.6660004e-12,2.1729561e-05,2.1729561e-05,0.019197305,0.019197305,-0.11332044,-0.11332044,17.506593,17.506593,-7.0873666,-7.0873666,6.9298859,6.9298859,-3.5089063,-3.5089063,-0.054921143,-0.054921143,-0.04848448,-0.04848448,0.0094094421,0.0094094421,-0.02067248,-0.02067248,4.5278796,4.5278796,-4.2789458,-4.2789458,0.00055286092,0.00055286092,-2.3078143e-16,-2.3078143e-16,-9.239739e-16,-9.239739e-16,3.5239058e-16,3.5239058e-16,1.7835908e-15,1.7835908e-15,-1.2265442e-14,-1.2265442e-14,0.00055816771,0.00055816771,4.2492094e-07,4.2492094e-07
0.057708982,0.057708982,-0.066788766,-0.066788766,-0.0090797841,-0.0090797841,0.12323752,0.12323752,0.065528539,0.065528539,0.039362269,0.039362269,-0.02696782,-0.02696782,0.039767746,0.039767746,-0.026967525,-0.026967525,-5.785628e-09,-5.785628e-09,1.327063e-16,1.327063e-16,0.0097872677,0.0097872677,-0.11317017,-0.11317017,-0.00057629296,-0.00057629296,-0.00057629627,-0.00057629627,-0.00010886313,-0.00010886313,0.066788766,0.066788766,-0.019854623,-0.019854623,0.048451274,0.048451274,-0.011297371,-0.011297371,0.018337492,0.018337492,-0.0085572523,-0.0085572523,0.037153903,0.037153903,0.0097802401,0.0097802401,0.037153903,0.037153903,0.0097802401,0.0097802401,4.4571986e-11,4.4571986e-11,-0.1033829,-0.1033829,4.0375768e-11,4.0375768e-11,-0.1033829,-0.1033829,0.0097872677,0.0097872677,-0.11317017,-0.11317017,0.046941171,0.046941171,0.066788766,0.066788766,-0.0097872676,-0.0097872676,9.5301137e-05,9.5301137e-05,-7.2575417e-05,-7.2575417e-05,-8.7954806e-12,-8.7954806e-12,2.2725729e-05,2.2725729e-05,0.01922208,0.01922208,-0.11338789,-0.11338789,17.532674,17.532674,-7.091411,-7.091411,6.9426657,6.9426657,-3.5108033,-3.5108033,-0.055461183,-0.055461183,-0.047921715,-0.047921715,0.0093882341,0.0093882341,-0.020677985,-0.020677985,4.5307852,4.5307852,-4.2835839,-4.2835839,0.00054014512,0.00054014512,-2.309698e-16,-2.309698e-16,-9.260752e-16,-9.260752e-16,3.5416947e-16,3.5416947e-16,1.7864425e-15,1.7864425e-15,-1.2279939e-14,-1.2279939e-14,0.00055753135,0.00055753135,4.0559936e-07,4.0559936e-07
0.057243883,0.057243883,-0.066758208,-0.066758208,-0.0095143247,-0.0095143247,0.12334584,0.12334584,0.066101957,0.066101957,0.039482459,0.039482459,-0.02713182,-0.02713182,0.039887425,0.039887425,-0.027131539,-0.027131539,-5.7405354e-09,-5.7405354e-09,1.3263942e-16,1.3263942e-16,0.0098818569,0.0098818569,-0.11324107,-0.11324107,-0.00057137726,-0.00057137726,-0.00057138059,-0.00057138059,-0.00010635927,-0.00010635927,0.066758208,0.066758208,-0.019986625,-0.019986625,0.048344898,0.048344898,-0.011397572,-0.011397572,0.018413309,0.018413309,-0.008589053,-0.008589053,0.036947326,0.036947326,0.0098242564,0.0098242564,0.036947326,0.036947326,0.0098242564,0.0098242564,5.2541278e-11,5.2541278e-11,-0.10335921,-0.10335921,4.8340047e-11,4.8340047e-11,-0.10335921,-0.10335921,0.0098818569,0.0098818569,-0.11324107,-0.11324107,0.046829183,0.046829183,0.066758208,0.066758208,-0.0098818568,-0.0098818568,9.4589215e-05,9.4589215e-05,-7.0906183e-05,-7.0906183e-05,7.9642792e-12,7.9642792e-12,2.3683024e-05,2.3683024e-05,0.019246189,0.019246189,-0.11345379,-0.11345379,17.558522,17.558522,-7.0953623,-7.0953623,6.9556171,6.9556171,-3.5126567,-3.5126567,-0.055997189,-0.055997189,-0.047362026,-0.047362026,0.0093658366,0.0093658366,-0.020683363,-0.020683363,4.5336239,4.5336239,-4.2881534,-4.2881534,0.00052772178,0.00052772178,-2.3118712e-16,-2.3118712e-16,-9.2816448e-16,-9.2816448e-16,3.5581217e-16,3.5581217e-16,1.789358e-15,1.789358e-15,-1.2294394e-14,-1.2294394e-14,0.00055682774,0.00055682774,3.8715635e-07,3.8715635e-07
0.056781183,0.056781183,-0.066720054,-0.066720054,-0.0099388709,-0.0099388709,0.12345167,0.12345167,0.066670484,0.066670484,0.039598747,0.039598747,-0.027293513,-0.027293513,0.040003153,0.040003153,-0.027293244,-0.027293244,-5.6874716e-09,-5.6874716e-09,1.3257405e-16,1.3257405e-16,0.0099757348,0.0099757348,-0.11331035,-0.11331035,-0.00056648565,-0.00056648565,-0.00056648897,-0.00056648897,-0.00010391301,-0.00010391301,0.066720054,0.066720054,-0.020117055,-0.020117055,0.048232672,0.048232672,-0.011496933,-0.011496933,0.018487383,0.018487383,-0.0086201223,-0.0086201223,0.036735739,0.036735739,0.0098672603,0.0098672603,0.036735739,0.036735739,0.0098672603,0.0098672603,4.4408648e-11,4.4408648e-11,-0.10333461,-0.10333461,4.020252e-11,4.020252e-11,-0.10333461,-0.10333461,0.0099757348,0.0099757348,-0.11331035,-0.11331035,0.046711474,0.046711474,0.066720054,0.066720054,-0.0099757347,-0.0099757347,9.3877911e-05,9.3877911e-05,-6.9275341e-05,-6.9275341e-05,-8.1375269e-12,-8.1375269e-12,2.4602579e-05,2.4602579e-05,0.019269648,0.019269648,-0.11351817,-0.11351817,17.584138,17.584138,-7.0992228,-7.0992228,6.9687311,6.9687311,-3.5144674,-3.5144674,-0.056529164,-0.056529164,-0.046805449,-0.046805449,0.0093422947,0.0093422947,-0.020688617,-0.020688617,4.5363974,4.5363974,-4.2926553,-4.2926553,0.00051558418,0.00051558418,-2.3143238e-16,-2.3143238e-16,-9.3024164e-16,-9.3024164e-16,3.573226e-16,3.573226e-16,1.7923345e-15,1.7923345e-15,-1.2308806e-14,-1.2308806e-14,0.00055605818,0.00055605818,3.6955196e-07,3.6955196e-07
0.056320917,0.056320917,-0.06667457,-0.06667457,-0.010353652,-0.010353652,0.12355506,0.12355506,0.067234144,0.067234144,0.039711235,0.039711235,-0.027452936,-0.027452936,0.040115035,0.040115035,-0.02745268,-0.02745268,-5.6425383e-09,-5.6425383e-09,1.3251015e-16,1.3251015e-16,0.010068902,0.010068902,-0.11337803,-0.11337803,-0.0005616189,-0.0005616189,-0.00056162223,-0.00056162223,-0.00010152301,-0.00010152301,0.06667457,0.06667457,-0.020245934,-0.020245934,0.048114817,0.048114817,-0.011595457,-0.011595457,0.018559752,0.018559752,-0.0086504771,-0.0086504771,0.03651936,0.03651936,0.0099092752,0.0099092752,0.03651936,0.03651936,0.0099092752,0.0099092752,5.1730767e-11,5.1730767e-11,-0.10330913,-0.10330913,4.7519854e-11,4.7519854e-11,-0.10330913,-0.10330913,0.010068902,0.010068902,-0.11337803,-0.11337803,0.046588263,0.046588263,0.06667457,0.06667457,-0.010068902,-0.010068902,9.3167379e-05,9.3167379e-05,-6.7682008e-05,-6.7682008e-05,7.3173336e-12,7.3173336e-12,2.5485364e-05,2.5485364e-05,0.019292473,0.019292473,-0.11358108,-0.11358108,17.609524,17.609524,-7.1029945,-7.1029945,6.981999,6.981999,-3.5162365,-3.5162365,-0.057057112,-0.057057112,-0.046252015,-0.046252015,0.0093176525,0.0093176525,-0.020693751,-0.020693751,4.539107,4.539107,-4.2970909,-4.2970909,0.00050372574,0.00050372574,-2.3170457e-16,-2.3170457e-16,-9.3230661e-16,-9.3230661e-16,3.5870458e-16,3.5870458e-16,1.7953692e-15,1.7953692e-15,-1.2323173e-14,-1.2323173e-14,0.00055522394,0.00055522394,3.5274807e-07,3.5274807e-07
0.055863115,0.055863115,-0.066622009,-0.066622009,-0.010758894,-0.010758894,0.12365608,0.12365608,0.067792961,0.067792961,0.039820024,0.039820024,-0.027610126,-0.027610126,0.04022317,0.04022317,-0.027609881,-0.027609881,-5.5902811e-09,-5.5902811e-09,1.324477e-16,1.324477e-16,0.01016136,0.01016136,-0.11344415,-0.11344415,-0.000556777,-0.000556777,-0.00055678033,-0.00055678033,-9.9187982e-05,-9.9187982e-05,0.066622009,0.066622009,-0.020373282,-0.020373282,0.047991552,0.047991552,-0.011693148,-0.011693148,0.018630457,0.018630457,-0.0086801336,-0.0086801336,0.036298404,0.036298404,0.0099503236,0.0099503236,0.036298404,0.036298404,0.0099503236,0.0099503236,4.4204784e-11,4.4204784e-11,-0.10328279,-0.10328279,3.9989196e-11,3.9989196e-11,-0.10328279,-0.10328279,0.01016136,0.01016136,-0.11344415,-0.11344415,0.046459764,0.046459764,0.066622009,0.066622009,-0.01016136,-0.01016136,9.2457766e-05,9.2457766e-05,-6.6125322e-05,-6.6125322e-05,-7.5306577e-12,-7.5306577e-12,2.6332452e-05,2.6332452e-05,0.019314679,0.019314679,-0.11364253,-0.11364253,17.634681,17.634681,-7.1066794,-7.1066794,6.9954126,6.9954126,-3.5179649,-3.5179649,-0.057581039,-0.057581039,-0.045701755,-0.045701755,0.0092919527,0.0092919527,-0.020698766,-0.020698766,4.5417544,4.5417544,-4.3014613,-4.3014613,0.00049214005,0.00049214005,-2.3200273e-16,-2.3200273e-16,-9.3435929e-16,-9.3435929e-16,3.5996185e-16,3.5996185e-16,1.7984594e-15,1.7984594e-15,-1.2337493e-14,-1.2337493e-14,0.00055432633,0.00055432633,3.3670826e-07,3.3670826e-07
0.055407807,0.055407807,-0.066562622,-0.066562622,-0.011154815,-0.011154815,0.12375477,0.12375477,0.068346961,0.068346961,0.03992521,0.03992521,-0.027765118,-0.027765118,0.040327658,0.040327658,-0.027764884,-0.027764884,-5.5455478e-09,-5.5455478e-09,1.3238665e-16,1.3238665e-16,0.010253109,0.010253109,-0.11350876,-0.11350876,-0.00055196068,-0.00055196068,-0.00055196401,-0.00055196401,-9.6906659e-05,-9.6906659e-05,0.066562622,0.066562622,-0.020499119,-0.020499119,0.047863086,0.047863086,-0.011790011,-0.011790011,0.018699536,0.018699536,-0.0087091081,-0.0087091081,0.036073076,0.036073076,0.009990428,0.009990428,0.036073076,0.036073076,0.009990428,0.009990428,5.0930267e-11,5.0930267e-11,-0.10325565,-0.10325565,4.6710112e-11,4.6710112e-11,-0.10325565,-0.10325565,0.010253109,0.010253109,-0.11350876,-0.11350876,0.046326185,0.046326185,0.066562622,0.066562622,-0.010253109,-0.010253109,9.1749216e-05,9.1749216e-05,-6.4604439e-05,-6.4604439e-05,6.7209157e-12,6.7209157e-12,2.714477e-05,2.714477e-05,0.019336282,0.019336282,-0.11370257,-0.11370257,17.659611,17.659611,-7.1102796,-7.1102796,7.0089636,7.0089636,-3.5196536,-3.5196536,-0.058100951,-0.058100951,-0.045154698,-0.045154698,0.009265237,0.009265237,-0.020703666,-0.020703666,4.5443408,4.5443408,-4.3057677,-4.3057677,0.00048082083,0.00048082083,-2.3232593e-16,-2.3232593e-16,-9.3639962e-16,-9.3639962e-16,3.6109808e-16,3.6109808e-16,1.8016025e-15,1.8016025e-15,-1.2351764e-14,-1.2351764e-14,0.00055336662,0.00055336662,3.213978e-07,3.213978e-07
0.054955022,0.054955022,-0.066496652,-0.066496652,-0.01154163,-0.01154163,0.12385119,0.12385119,0.068896169,0.068896169,0.040026889,0.040026889,-0.027917949,-0.027917949,0.040428595,0.040428595,-0.027917726,-0.027917726,-5.494087e-09,-5.494087e-09,1.3232697e-16,1.3232697e-16,0.010344151,0.010344151,-0.11357188,-0.11357188,-0.00054716989,-0.00054716989,-0.00054717323,-0.00054717323,-9.4677806e-05,-9.4677806e-05,0.066496652,0.066496652,-0.020623464,-0.020623464,0.047729626,0.047729626,-0.011886048,-0.011886048,0.018767026,0.018767026,-0.0087374161,-0.0087374161,0.035843578,0.035843578,0.01002961,0.01002961,0.035843578,0.035843578,0.01002961,0.01002961,4.396385e-11,4.396385e-11,-0.10322773,-0.10322773,3.9739232e-11,3.9739232e-11,-0.10322773,-0.10322773,0.010344151,0.010344151,-0.11357188,-0.11357188,0.046187729,0.046187729,0.066496652,0.066496652,-0.010344151,-0.010344151,9.1041866e-05,9.1041866e-05,-6.3118537e-05,-6.3118537e-05,-6.9708792e-12,-6.9708792e-12,2.7923336e-05,2.7923336e-05,0.019357296,0.019357296,-0.11376123,-0.11376123,17.684316,17.684316,-7.113797,-7.113797,7.0226442,7.0226442,-3.5213034,-3.5213034,-0.058616855,-0.058616855,-0.044610871,-0.044610871,0.0092375458,0.0092375458,-0.020708453,-0.020708453,4.5468678,4.5468678,-4.310011,-4.310011,0.00046976195,0.00046976195,-2.3267325e-16,-2.3267325e-16,-9.3842752e-16,-9.3842752e-16,3.6211682e-16,3.6211682e-16,1.804796e-15,1.804796e-15,-1.2365983e-14,-1.2365983e-14,0.00055234611,0.00055234611,3.0678352e-07,3.0678352e-07
0.054504786,0.054504786,-0.066424334,-0.066424334,-0.011919548,-0.011919548,0.12394539,0.12394539,0.069440609,0.069440609,0.040125154,0.040125154,-0.028068653,-0.028068653,0.040526075,0.040526075,-0.02806844,-0.02806844,-5.4495907e-09,-5.4495907e-09,1.3226864e-16,1.3226864e-16,0.010434487,0.010434487,-0.11363354,-0.11363354,-0.00054240531,-0.00054240531,-0.00054240865,-0.00054240865,-9.2500216e-05,-9.2500216e-05,0.066424334,0.066424334,-0.020746338,-0.020746338,0.04759137,0.04759137,-0.011981264,-0.011981264,0.018832964,0.018832964,-0.0087650731,-0.0087650731,0.035610105,0.035610105,0.010067891,0.010067891,0.035610105,0.035610105,0.010067891,0.010067891,5.0139316e-11,5.0139316e-11,-0.10319906,-0.10319906,4.5910339e-11,4.5910339e-11,-0.10319906,-0.10319906,0.010434487,0.010434487,-0.11363354,-0.11363354,0.046044592,0.046044592,0.066424334,0.066424334,-0.010434487,-0.010434487,9.0335851e-05,9.0335851e-05,-6.1666811e-05,-6.1666811e-05,6.1711065e-12,6.1711065e-12,2.8669034e-05,2.8669034e-05,0.019377736,0.019377736,-0.11381854,-0.11381854,17.708796,17.708796,-7.1172334,-7.1172334,7.0364466,7.0364466,-3.5229153,-3.5229153,-0.059128759,-0.059128759,-0.044070299,-0.044070299,0.0092089185,0.0092089185,-0.020713131,-0.020713131,4.5493366,4.5493366,-4.3141925,-4.3141925,0.00045895742,0.00045895742,-2.3304379e-16,-2.3304379e-16,-9.4044294e-16,-9.4044294e-16,3.6302158e-16,3.6302158e-16,1.8080375e-15,1.8080375e-15,-1.2380149e-14,-1.2380149e-14,0.00055126608,0.00055126608,2.9283377e-07,2.9283377e-07
0.054057123,0.054057123,-0.066345898,-0.066345898,-0.012288774,-0.012288774,0.12403743,0.12403743,0.069980309,0.069980309,0.040220097,0.040220097,-0.028217264,-0.028217264,0.04062019,0.04062019,-0.028217061,-0.028217061,-5.3989169e-09,-5.3989169e-09,1.3221163e-16,1.3221163e-16,0.010524118,0.010524118,-0.11369379,-0.11369379,-0.0005376669,-0.0005376669,-0.00053767024,-0.00053767024,-9.0372711e-05,-9.0372711e-05,0.066345897,0.066345897,-0.020867758,-0.020867758,0.047448512,0.047448512,-0.012075664,-0.012075664,0.018897385,0.018897385,-0.008792094,-0.008792094,0.035372848,0.035372848,0.010105291,0.010105291,0.035372848,0.035372848,0.010105291,0.010105291,4.3689066e-11,4.3689066e-11,-0.10316967,-0.10316967,3.9455829e-11,3.9455829e-11,-0.10316967,-0.10316967,0.010524118,0.010524118,-0.11369379,-0.11369379,0.045896967,0.045896967,0.066345898,0.066345898,-0.010524118,-0.010524118,8.9631297e-05,8.9631297e-05,-6.0248474e-05,-6.0248474e-05,-6.4545097e-12,-6.4545097e-12,2.938283e-05,2.938283e-05,0.019397617,0.019397617,-0.11387454,-0.11387454,17.733053,17.733053,-7.1205909,-7.1205909,7.0503635,7.0503635,-3.5244901,-3.5244901,-0.059636669,-0.059636669,-0.043533005,-0.043533005,0.0091793933,0.0091793933,-0.0207177,-0.0207177,4.5517487,4.5517487,-4.3183131,-4.3183131,0.0004484014,0.0004484014,-2.334367e-16,-2.334367e-16,-9.424458e-16,-9.424458e-16,3.6381577e-16,3.6381577e-16,1.8113244e-15,1.8113244e-15,-1.2394261e-14,-1.2394261e-14,0.0005501278,0.0005501278,2.7951832e-07,2.7951832e-07
0.053612059,0.053612059,-0.066261567,-0.066261567,-0.012649508,-0.012649508,0.12412735,0.12412735,0.070515295,0.070515295,0.040311804,0.040311804,-0.028363816,-0.028363816,0.040711028,0.040711028,-0.028363622,-0.028363622,-5.3546913e-09,-5.3546913e-09,1.3215589e-16,1.3215589e-16,0.010613046,0.010613046,-0.11375266,-0.11375266,-0.00053295525,-0.00053295525,-0.0005329586,-0.0005329586,-8.8294139e-05,-8.8294139e-05,0.066261567,0.066261567,-0.020987744,-0.020987744,0.047301242,0.047301242,-0.012169251,-0.012169251,0.018960325,0.018960325,-0.0088184933,-0.0088184933,0.035131991,0.035131991,0.010141831,0.010141831,0.035131991,0.035131991,0.010141831,0.010141831,4.9357519e-11,4.9357519e-11,-0.10313961,-0.10313961,4.5120121e-11,4.5120121e-11,-0.10313961,-0.10313961,0.010613046,0.010613046,-0.11375266,-0.11375266,0.045745038,0.045745038,0.066261567,0.066261567,-0.010613046,-0.010613046,8.892833e-05,8.892833e-05,-5.8862759e-05,-5.8862759e-05,5.6642915e-12,5.6642915e-12,3.0065565e-05,3.0065565e-05,0.019416951,0.019416951,-0.11392924,-0.11392924,17.757089,17.757089,-7.1238711,-7.1238711,7.0643875,7.0643875,-3.5260287,-3.5260287,-0.060140596,-0.060140596,-0.042999012,-0.042999012,0.0091490075,0.0091490075,-0.020722165,-0.020722165,4.5541053,4.5541053,-4.3223739,-4.3223739,0.00043808817,0.00043808817,-2.3385112e-16,-2.3385112e-16,-9.4443605e-16,-9.4443605e-16,3.6450272e-16,3.6450272e-16,1.8146545e-15,1.8146545e-15,-1.2408317e-14,-1.2408317e-14,0.00054893257,0.00054893257,2.6680834e-07,2.6680834e-07
0.053169614,0.053169614,-0.066171559,-0.066171559,-0.013001945,-0.013001945,0.12421521,0.12421521,0.071045592,0.071045592,0.040400363,0.040400363,-0.028508341,-0.028508341,0.040798677,0.040798677,-0.028508156,-0.028508156,-5.3047953e-09,-5.3047953e-09,1.3210141e-16,1.3210141e-16,0.010701274,0.010701274,-0.11381016,-0.11381016,-0.00052827033,-0.00052827033,-0.00052827368,-0.00052827368,-8.6263374e-05,-8.6263374e-05,0.066171559,0.066171559,-0.021106315,-0.021106315,0.047149743,0.047149743,-0.01226203,-0.01226203,0.019021816,0.019021816,-0.0088442855,-0.0088442855,0.034887713,0.034887713,0.010177531,0.010177531,0.034887713,0.034887713,0.010177531,0.010177531,4.3383429e-11,4.3383429e-11,-0.10310889,-0.10310889,3.9141965e-11,3.9141965e-11,-0.10310889,-0.10310889,0.010701274,0.010701274,-0.11381016,-0.11381016,0.045588987,0.045588987,0.066171559,0.066171559,-0.010701274,-0.010701274,8.8227067e-05,8.8227067e-05,-5.7508916e-05,-5.7508916e-05,-5.9781556e-12,-5.9781556e-12,3.0718158e-05,3.0718158e-05,0.019435753,0.019435753,-0.11398269,-0.11398269,17.780905,17.780905,-7.1270759,-7.1270759,7.0785117,7.0785117,-3.5275319,-3.5275319,-0.06064055,-0.06064055,-0.042468341,-0.042468341,0.0091177973,0.0091177973,-0.020726527,-0.020726527,4.5564076,4.5564076,-4.3263759,-4.3263759,0.00042801214,0.00042801214,-2.3428624e-16,-2.3428624e-16,-9.4641364e-16,-9.4641364e-16,3.6508569e-16,3.6508569e-16,1.8180256e-15,1.8180256e-15,-1.2422315e-14,-1.2422315e-14,0.00054768164,0.00054768164,2.546763e-07,2.546763e-07
0.052729811,0.052729811,-0.066076087,-0.066076087,-0.013346276,-0.013346276,0.12430104,0.12430104,0.071571227,0.071571227,0.040485858,0.040485858,-0.028650872,-0.028650872,0.040883222,0.040883222,-0.028650696,-0.028650696,-5.2608713e-09,-5.2608713e-09,1.3204816e-16,1.3204816e-16,0.010788801,0.010788801,-0.11386635,-0.11386635,-0.00052361268,-0.00052361268,-0.00052361604,-0.00052361604,-8.4279316e-05,-8.4279316e-05,0.066076087,0.066076087,-0.021223489,-0.021223489,0.046994193,0.046994193,-0.012354004,-0.012354004,0.019081894,0.019081894,-0.0088694845,-0.0088694845,0.034640188,0.034640188,0.010212409,0.010212409,0.034640188,0.034640188,0.010212409,0.010212409,4.8584537e-11,4.8584537e-11,-0.10307755,-0.10307755,4.4339101e-11,4.4339101e-11,-0.10307755,-0.10307755,0.010788801,0.010788801,-0.11386635,-0.11386635,0.04542899,0.04542899,0.066076087,0.066076087,-0.010788801,-0.010788801,8.7527625e-05,8.7527625e-05,-5.6186211e-05,-5.6186211e-05,5.1971361e-12,5.1971361e-12,3.1341409e-05,3.1341409e-05,0.019454036,0.019454036,-0.11403491,-0.11403491,17.804503,17.804503,-7.1302069,-7.1302069,7.0927292,7.0927292,-3.5290005,-3.5290005,-0.06113654,-0.06113654,-0.04194101,-0.04194101,0.0090857979,0.0090857979,-0.020730788,-0.020730788,4.5586571,4.5586571,-4.3303201,-4.3303201,0.00041816786,0.00041816786,-2.3474125e-16,-2.3474125e-16,-9.4837852e-16,-9.4837852e-16,3.6556786e-16,3.6556786e-16,1.8214354e-15,1.8214354e-15,-1.2436253e-14,-1.2436253e-14,0.00054637628,0.00054637628,2.4309592e-07,2.4309592e-07
0.052292667,0.052292667,-0.065975355,-0.065975355,-0.013682687,-0.013682687,0.1243849,0.1243849,0.072092229,0.072092229,0.04056837,0.04056837,-0.028791441,-0.028791441,0.040964747,0.040964747,-0.028791273,-0.028791273,-5.2117442e-09,-5.2117442e-09,1.3199611e-16,1.3199611e-16,0.010875631,0.010875631,-0.11392124,-0.11392124,-0.00051898225,-0.00051898225,-0.00051898561,-0.00051898561,-8.2340892e-05,-8.2340892e-05,0.065975355,0.065975355,-0.021339283,-0.021339283,0.046834765,0.046834765,-0.012445179,-0.012445179,0.01914059,0.01914059,-0.0088941039,-0.0088941039,0.034389586,0.034389586,0.010246486,0.010246486,0.034389586,0.034389586,0.010246486,0.010246486,4.304973e-11,4.304973e-11,-0.10304561,-0.10304561,3.8800413e-11,3.8800413e-11,-0.10304561,-0.10304561,0.010875631,0.010875631,-0.11392124,-0.11392124,0.045265217,0.045265217,0.065975355,0.065975355,-0.010875631,-0.010875631,8.6830112e-05,8.6830112e-05,-5.4893928e-05,-5.4893928e-05,-5.5386884e-12,-5.5386884e-12,3.193619e-05,3.193619e-05,0.019471812,0.019471812,-0.11408593,-0.11408593,17.827884,17.827884,-7.133266,-7.133266,7.1070335,7.1070335,-3.5304354,-3.5304354,-0.061628577,-0.061628577,-0.041417036,-0.041417036,0.0090530434,0.0090530434,-0.020734952,-0.020734952,4.5608547,4.5608547,-4.3342075,-4.3342075,0.00040855,0.00040855,-2.352154e-16,-2.352154e-16,-9.5033064e-16,-9.5033064e-16,3.6595235e-16,3.6595235e-16,1.8248818e-15,1.8248818e-15,-1.2450131e-14,-1.2450131e-14,0.00054501776,0.00054501776,2.320421e-07,2.320421e-07
0.051858202,0.051858202,-0.065869564,-0.065869564,-0.014011361,-0.014011361,0.12446683,0.12446683,0.072608623,0.072608623,0.04064798,0.04064798,-0.028930079,-0.028930079,0.041043331,0.041043331,-0.028929918,-0.028929918,-5.16815e-09,-5.16815e-09,1.3194522e-16,1.3194522e-16,0.010961766,0.010961766,-0.11397488,-0.11397488,-0.00051437954,-0.00051437954,-0.0005143829,-0.0005143829,-8.0447051e-05,-8.0447051e-05,0.065869563,0.065869563,-0.021453715,-0.021453715,0.046671628,0.046671628,-0.012535558,-0.012535558,0.019197936,0.019197936,-0.008918157,-0.008918157,0.03413607,0.03413607,0.010279778,0.010279778,0.03413607,0.03413607,0.010279778,0.010279778,4.7820086e-11,4.7820086e-11,-0.10301311,-0.10301311,4.3566977e-11,4.3566977e-11,-0.10301311,-0.10301311,0.010961766,0.010961766,-0.11397488,-0.11397488,0.045097836,0.045097836,0.065869564,0.065869564,-0.010961766,-0.010961766,8.6134636e-05,8.6134636e-05,-5.3631367e-05,-5.3631367e-05,4.7665645e-12,4.7665645e-12,3.2503264e-05,3.2503264e-05,0.019489095,0.019489095,-0.11413577,-0.11413577,17.85105,17.85105,-7.1362546,-7.1362546,7.1214182,7.1214182,-3.5318372,-3.5318372,-0.062116673,-0.062116673,-0.040896437,-0.040896437,0.0090195671,0.0090195671,-0.020739019,-0.020739019,4.5630019,4.5630019,-4.338039,-4.338039,0.00039915335,0.00039915335,-2.3570791e-16,-2.3570791e-16,-9.5226997e-16,-9.5226997e-16,3.6624218e-16,3.6624218e-16,1.8283628e-15,1.8283628e-15,-1.2463947e-14,-1.2463947e-14,0.00054360732,0.00054360732,2.2149091e-07,2.2149091e-07
0.051426433,0.051426433,-0.065758908,-0.065758908,-0.014332475,-0.014332475,0.12454687,0.12454687,0.073120437,0.073120437,0.040724766,0.040724766,-0.029066816,-0.029066816,0.041119054,0.041119054,-0.029066662,-0.029066662,-5.1197833e-09,-5.1197833e-09,1.3189548e-16,1.3189548e-16,0.011047207,0.011047207,-0.11402727,-0.11402727,-0.00050980448,-0.00050980448,-0.00050980785,-0.00050980785,-7.8596769e-05,-7.8596769e-05,0.065758908,0.065758908,-0.021566804,-0.021566804,0.046504946,0.046504946,-0.012625147,-0.012625147,0.019253962,0.019253962,-0.008941657,-0.008941657,0.033879799,0.033879799,0.010312305,0.010312305,0.033879799,0.033879799,0.010312305,0.010312305,4.2690567e-11,4.2690567e-11,-0.10298007,-0.10298007,3.8433753e-11,3.8433753e-11,-0.10298007,-0.10298007,0.011047207,0.011047207,-0.11402727,-0.11402727,0.044927006,0.044927006,0.065758908,0.065758908,-0.011047207,-0.011047207,8.5441299e-05,8.5441299e-05,-5.2397846e-05,-5.2397846e-05,-5.1332243e-12,-5.1332243e-12,3.3043458e-05,3.3043458e-05,0.019505896,0.019505896,-0.11418447,-0.11418447,17.874002,17.874002,-7.1391746,-7.1391746,7.135877,7.135877,-3.5332068,-3.5332068,-0.062600841,-0.062600841,-0.040379226,-0.040379226,0.0089854013,0.0089854013,-0.020742994,-0.020742994,4.5650996,4.5650996,-4.3418156,-4.3418156,0.00038997283,0.00038997283,-2.3621806e-16,-2.3621806e-16,-9.5419647e-16,-9.5419647e-16,3.6644032e-16,3.6644032e-16,1.8318763e-15,1.8318763e-15,-1.2477699e-14,-1.2477699e-14,0.00054214622,0.00054214622,2.114195e-07,2.114195e-07
0.050997375,0.050997375,-0.065643579,-0.065643579,-0.014646204,-0.014646204,0.12462507,0.12462507,0.073627699,0.073627699,0.040798804,0.040798804,-0.029201682,-0.029201682,0.041191993,0.041191993,-0.029201535,-0.029201535,-5.0765441e-09,-5.0765441e-09,1.3184686e-16,1.3184686e-16,0.011131957,0.011131957,-0.11407847,-0.11407847,-0.00050525753,-0.00050525753,-0.00050526089,-0.00050526089,-7.6789043e-05,-7.6789043e-05,0.065643579,0.065643579,-0.021678565,-0.021678565,0.046334878,0.046334878,-0.012713949,-0.012713949,0.019308701,0.019308701,-0.0089646164,-0.0089646164,0.033620929,0.033620929,0.010344084,0.010344084,0.033620929,0.033620929,0.010344084,0.010344084,4.7063926e-11,4.7063926e-11,-0.10294651,-0.10294651,4.2803492e-11,4.2803492e-11,-0.10294651,-0.10294651,0.011131957,0.011131957,-0.11407847,-0.11407847,0.044752887,0.044752887,0.065643579,0.065643579,-0.011131957,-0.011131957,8.4750199e-05,8.4750199e-05,-5.1192696e-05,-5.1192696e-05,4.3697394e-12,4.3697394e-12,3.3557499e-05,3.3557499e-05,0.019522227,0.019522227,-0.11423204,-0.11423204,17.896742,17.896742,-7.1420274,-7.1420274,7.150404,7.150404,-3.5345449,-3.5345449,-0.063081092,-0.063081092,-0.039865417,-0.039865417,0.0089505774,0.0089505774,-0.020746876,-0.020746876,4.5671492,4.5671492,-4.3455381,-4.3455381,0.00038100345,0.00038100345,-2.3674512e-16,-2.3674512e-16,-9.561101e-16,-9.561101e-16,3.6654966e-16,3.6654966e-16,1.8354204e-15,1.8354204e-15,-1.2491387e-14,-1.2491387e-14,0.00054063568,0.00054063568,2.0180605e-07,2.0180605e-07
0.050571042,0.050571042,-0.065523759,-0.065523759,-0.014952717,-0.014952717,0.12470148,0.12470148,0.074130437,0.074130437,0.040870168,0.040870168,-0.029334707,-0.029334707,0.041262224,0.041262224,-0.029334567,-0.029334567,-5.0289296e-09,-5.0289296e-09,1.3179933e-16,1.3179933e-16,0.011216019,0.011216019,-0.11412848,-0.11412848,-0.00050073861,-0.00050073861,-0.00050074198,-0.00050074198,-7.5022895e-05,-7.5022895e-05,0.065523759,0.065523759,-0.021789016,-0.021789016,0.046161579,0.046161579,-0.012801968,-0.012801968,0.01936218,0.01936218,-0.0089870477,-0.0089870477,0.03335961,0.03335961,0.010375132,0.010375132,0.03335961,0.03335961,0.010375132,0.010375132,4.2308357e-11,4.2308357e-11,-0.10291246,-0.10291246,3.8044387e-11,3.8044387e-11,-0.10291246,-0.10291246,0.011216019,0.011216019,-0.11412848,-0.11412848,0.044575629,0.044575629,0.065523759,0.065523759,-0.011216019,-0.011216019,8.4061431e-05,8.4061431e-05,-5.0015264e-05,-5.0015264e-05,-4.759105e-12,-4.759105e-12,3.4046172e-05,3.4046172e-05,0.019538101,0.019538101,-0.11427853,-0.11427853,17.919271,17.919271,-7.1448146,-7.1448146,7.1649933,7.1649933,-3.5358522,-3.5358522,-0.06355744,-0.06355744,-0.039355023,-0.039355023,0.0089151259,0.0089151259,-0.02075067,-0.02075067,4.5691515,4.5691515,-4.3492076,-4.3492076,0.00037224037,0.00037224037,-2.3728842e-16,-2.3728842e-16,-9.5801084e-16,-9.5801084e-16,3.6657303e-16,3.6657303e-16,1.8389932e-15,1.8389932e-15,-1.2505009e-14,-1.2505009e-14,0.00053907693,0.00053907693,1.9262972e-07,1.9262972e-07
0.050147448,0.050147448,-0.065399628,-0.065399628,-0.01525218,-0.01525218,0.12477613,0.12477613,0.074628679,0.074628679,0.04093893,0.04093893,-0.029465919,-0.029465919,0.041329818,0.041329818,-0.029465786,-0.029465786,-4.9860686e-09,-4.9860686e-09,1.3175286e-16,1.3175286e-16,0.011299394,0.011299394,-0.11417735,-0.11417735,-0.00049624813,-0.00049624813,-0.0004962515,-0.0004962515,-7.3297369e-05,-7.3297369e-05,0.065399628,0.065399628,-0.021898174,-0.021898174,0.045985199,0.045985199,-0.012889211,-0.012889211,0.019414429,0.019414429,-0.0090089632,-0.0090089632,0.033095988,0.033095988,0.010405466,0.010405466,0.033095988,0.033095988,0.010405466,0.010405466,4.6315856e-11,4.6315856e-11,-0.10287795,-0.10287795,4.2048431e-11,4.2048431e-11,-0.10287795,-0.10287795,0.011299394,0.011299394,-0.11417735,-0.11417735,0.044395382,0.044395382,0.065399628,0.065399628,-0.011299394,-0.011299394,8.3375085e-05,8.3375085e-05,-4.8864912e-05,-4.8864912e-05,4.0040434e-12,4.0040434e-12,3.4510168e-05,3.4510168e-05,0.019553527,0.019553527,-0.11432394,-0.11432394,17.941591,17.941591,-7.1475376,-7.1475376,7.1796392,7.1796392,-3.5371295,-3.5371295,-0.064029899,-0.064029899,-0.038848054,-0.038848054,0.0088790764,0.0088790764,-0.020754376,-0.020754376,4.5711078,4.5711078,-4.3528248,-4.3528248,0.00036367884,0.00036367884,-2.3784726e-16,-2.3784726e-16,-9.5989866e-16,-9.5989866e-16,3.6651318e-16,3.6651318e-16,1.8425929e-15,1.8425929e-15,-1.2518564e-14,-1.2518564e-14,0.0005374712,0.0005374712,1.8387066e-07,1.8387066e-07
0.049726605,0.049726605,-0.065271361,-0.065271361,-0.015544756,-0.015544756,0.12484906,0.12484906,0.075122453,0.075122453,0.041005162,0.041005162,-0.029595348,-0.029595348,0.041394849,0.041394849,-0.02959522,-0.02959522,-4.9391981e-09,-4.9391981e-09,1.3170744e-16,1.3170744e-16,0.011382085,0.011382085,-0.11422509,-0.11422509,-0.00049178602,-0.00049178602,-0.00049178939,-0.00049178939,-7.1611529e-05,-7.1611529e-05,0.065271361,0.065271361,-0.022006055,-0.022006055,0.045805884,0.045805884,-0.012975681,-0.012975681,0.019465476,0.019465476,-0.0090303746,-0.0090303746,0.032830203,0.032830203,0.010435102,0.010435102,0.032830203,0.032830203,0.010435102,0.010435102,4.1905351e-11,4.1905351e-11,-0.102843,-0.102843,3.7634551e-11,3.7634551e-11,-0.102843,-0.102843,0.011382085,0.011382085,-0.11422509,-0.11422509,0.044212289,0.044212289,0.065271361,0.065271361,-0.011382085,-0.011382085,8.2691249e-05,8.2691249e-05,-4.7741019e-05,-4.7741019e-05,-4.4138801e-12,-4.4138801e-12,3.4950234e-05,3.4950234e-05,0.019568519,0.019568519,-0.11436831,-0.11436831,17.963704,17.963704,-7.1501981,-7.1501981,7.1943363,7.1943363,-3.5383774,-3.5383774,-0.064498482,-0.064498482,-0.03834452,-0.03834452,0.0088424577,0.0088424577,-0.020757997,-0.020757997,4.5730192,4.5730192,-4.3563906,-4.3563906,0.00035531423,0.00035531423,-2.38421e-16,-2.38421e-16,-9.6177354e-16,-9.6177354e-16,3.6637281e-16,3.6637281e-16,1.8462177e-15,1.8462177e-15,-1.2532051e-14,-1.2532051e-14,0.0005358197,0.0005358197,1.7550987e-07,1.7550987e-07
0.049308525,0.049308525,-0.065139127,-0.065139127,-0.015830602,-0.015830602,0.12492031,0.12492031,0.075611786,0.075611786,0.041068932,0.041068932,-0.02972302,-0.02972302,0.041457385,0.041457385,-0.029722899,-0.029722899,-4.896736e-09,-4.896736e-09,1.3166304e-16,1.3166304e-16,0.011464095,0.011464095,-0.11427173,-0.11427173,-0.00048735263,-0.00048735263,-0.000487356,-0.000487356,-6.9964464e-05,-6.9964464e-05,0.065139127,0.065139127,-0.022112676,-0.022112676,0.045623777,0.045623777,-0.013061382,-0.013061382,0.01951535,0.01951535,-0.0090512935,-0.0090512935,0.032562394,0.032562394,0.010464056,0.010464056,0.032562394,0.032562394,0.010464056,0.010464056,4.5575711e-11,4.5575711e-11,-0.10280764,-0.10280764,4.1301613e-11,4.1301613e-11,-0.10280764,-0.10280764,0.011464095,0.011464095,-0.11427173,-0.11427173,0.04402649,0.04402649,0.065139127,0.065139127,-0.011464095,-0.011464095,8.2010006e-05,8.2010006e-05,-4.6642976e-05,-4.6642976e-05,3.667062e-12,3.667062e-12,3.5367026e-05,3.5367026e-05,0.019583086,0.019583086,-0.11441166,-0.11441166,17.98561,17.98561,-7.1527973,-7.1527973,7.2090793,7.2090793,-3.5395965,-3.5395965,-0.064963206,-0.064963206,-0.037844429,-0.037844429,0.0088052979,0.0088052979,-0.020761535,-0.020761535,4.5748865,4.5748865,-4.359906,-4.359906,0.000347142,0.000347142,-2.39009e-16,-2.39009e-16,-9.6363546e-16,-9.6363546e-16,3.6615455e-16,3.6615455e-16,1.8498659e-15,1.8498659e-15,-1.2545469e-14,-1.2545469e-14,0.00053412361,0.00053412361,1.6752926e-07,1.6752926e-07
0.048893217,0.048893217,-0.06500309,-0.06500309,-0.016109874,-0.016109874,0.12498993,0.12498993,0.076096709,0.076096709,0.041130306,0.041130306,-0.029848964,-0.029848964,0.041517495,0.041517495,-0.029848848,-0.029848848,-4.8506016e-09,-4.8506016e-09,1.3161964e-16,1.3161964e-16,0.011545427,0.011545427,-0.1143173,-0.1143173,-0.00048294788,-0.00048294788,-0.00048295126,-0.00048295126,-6.8355281e-05,-6.8355281e-05,0.06500309,0.06500309,-0.022218052,-0.022218052,0.045439014,0.045439014,-0.01314632,-0.01314632,0.019564076,0.019564076,-0.0090717313,-0.0090717313,0.032292694,0.032292694,0.010492345,0.010492345,0.032292694,0.032292694,0.010492345,0.010492345,4.1483643e-11,4.1483643e-11,-0.10277187,-0.10277187,3.7206322e-11,3.7206322e-11,-0.10277187,-0.10277187,0.011545427,0.011545427,-0.1143173,-0.1143173,0.04383812,0.04383812,0.06500309,0.06500309,-0.011545427,-0.011545427,8.1331436e-05,8.1331436e-05,-4.5570188e-05,-4.5570188e-05,-4.0952908e-12,-4.0952908e-12,3.5761252e-05,3.5761252e-05,0.019597239,0.019597239,-0.11445401,-0.11445401,18.007312,18.007312,-7.1553368,-7.1553368,7.223863,7.223863,-3.5407877,-3.5407877,-0.065424084,-0.065424084,-0.03734779,-0.03734779,0.0087676241,0.0087676241,-0.020764991,-0.020764991,4.5767109,4.5767109,-4.3633716,-4.3633716,0.00033915774,0.00033915774,-2.3961064e-16,-2.3961064e-16,-9.6548441e-16,-9.6548441e-16,3.6586094e-16,3.6586094e-16,1.8535357e-15,1.8535357e-15,-1.2558817e-14,-1.2558817e-14,0.00053238414,0.00053238414,1.5991154e-07,1.5991154e-07
0.04848069,0.04848069,-0.064863413,-0.064863413,-0.016382722,-0.016382722,0.12505794,0.12505794,0.076577249,0.076577249,0.041189352,0.041189352,-0.029973206,-0.029973206,0.041575244,0.041575244,-0.029973095,-0.029973095,-4.8085572e-09,-4.8085572e-09,1.3157721e-16,1.3157721e-16,0.011626082,0.011626082,-0.11436182,-0.11436182,-0.0004785721,-0.0004785721,-0.00047857548,-0.00047857548,-6.678311e-05,-6.678311e-05,0.064863412,0.064863412,-0.022322199,-0.022322199,0.045251731,0.045251731,-0.0132305,-0.0132305,0.019611682,0.019611682,-0.009091699,-0.009091699,0.032021231,0.032021231,0.010519983,0.010519983,0.032021231,0.032021231,0.010519983,0.010519983,4.4843359e-11,4.4843359e-11,-0.10273574,-0.10273574,4.056289e-11,4.056289e-11,-0.10273574,-0.10273574,0.011626082,0.011626082,-0.11436182,-0.11436182,0.043647313,0.043647313,0.064863413,0.064863413,-0.011626082,-0.011626082,8.0655616e-05,8.0655616e-05,-4.4522073e-05,-4.4522073e-05,3.3565679e-12,3.3565679e-12,3.613354e-05,3.613354e-05,0.019610988,0.019610988,-0.11449539,-0.11449539,18.028811,18.028811,-7.1578178,-7.1578178,7.2386824,7.2386824,-3.5419514,-3.5419514,-0.065881132,-0.065881132,-0.036854608,-0.036854608,0.0087294627,0.0087294627,-0.020768368,-0.020768368,4.5784934,4.5784934,-4.3667885,-4.3667885,0.00033135711,0.00033135711,-2.4022531e-16,-2.4022531e-16,-9.6732037e-16,-9.6732037e-16,3.654945e-16,3.654945e-16,1.8572256e-15,1.8572256e-15,-1.2572094e-14,-1.2572094e-14,0.00053060245,0.00053060245,1.526402e-07,1.526402e-07
0.048070953,0.048070953,-0.064720249,-0.064720249,-0.016649295,-0.016649295,0.12512439,0.12512439,0.077053435,0.077053435,0.041246132,0.041246132,-0.030095773,-0.030095773,0.041630699,0.041630699,-0.030095667,-0.030095667,-4.7631511e-09,-4.7631511e-09,1.3153573e-16,1.3153573e-16,0.011706065,0.011706065,-0.11440532,-0.11440532,-0.0004742252,-0.0004742252,-0.00047422858,-0.00047422858,-6.5247098e-05,-6.5247098e-05,0.064720249,0.064720249,-0.022425132,-0.022425132,0.045062056,0.045062056,-0.013313925,-0.013313925,0.019658192,0.019658192,-0.0091112075,-0.0091112075,0.031748131,0.031748131,0.010546985,0.010546985,0.031748131,0.031748131,0.010546985,0.010546985,4.1045179e-11,4.1045179e-11,-0.10269926,-0.10269926,3.6761634e-11,3.6761634e-11,-0.10269926,-0.10269926,0.011706065,0.011706065,-0.11440532,-0.11440532,0.043454196,0.043454196,0.064720249,0.064720249,-0.011706065,-0.011706065,7.9982621e-05,7.9982621e-05,-4.3498066e-05,-4.3498066e-05,-3.8012552e-12,-3.8012552e-12,3.6484559e-05,3.6484559e-05,0.019624344,0.019624344,-0.11453581,-0.11453581,18.050108,18.050108,-7.1602418,-7.1602418,7.2535328,7.2535328,-3.5430884,-3.5430884,-0.066334367,-0.066334367,-0.036364889,-0.036364889,0.0086908392,0.0086908392,-0.020771667,-0.020771667,4.5802348,4.5802348,-4.3701572,-4.3701572,0.00032373589,0.00032373589,-2.4085243e-16,-2.4085243e-16,-9.6914334e-16,-9.6914334e-16,3.6505765e-16,3.6505765e-16,1.860934e-15,1.860934e-15,-1.2585299e-14,-1.2585299e-14,0.00052877971,0.00052877971,1.456995e-07,1.456995e-07
0.047664013,0.047664013,-0.064573751,-0.064573751,-0.016909737,-0.016909737,0.12518931,0.12518931,0.077525296,0.077525296,0.041300708,0.041300708,-0.03021669,-0.03021669,0.041683921,0.041683921,-0.030216589,-0.030216589,-4.7215412e-09,-4.7215412e-09,1.3149518e-16,1.3149518e-16,0.011785377,0.011785377,-0.11444782,-0.11444782,-0.00046990746,-0.00046990746,-0.00046991085,-0.00046991085,-6.3746415e-05,-6.3746415e-05,0.064573751,0.064573751,-0.022526868,-0.022526868,0.044870117,0.044870117,-0.013396601,-0.013396601,0.019703633,0.019703633,-0.0091302672,-0.0091302672,0.031473516,0.031473516,0.010573366,0.010573366,0.031473516,0.031473516,0.010573366,0.010573366,4.4118691e-11,4.4118691e-11,-0.10266244,-0.10266244,3.9832141e-11,3.9832141e-11,-0.10266244,-0.10266244,0.011785377,0.011785377,-0.11444782,-0.11444782,0.043258894,0.043258894,0.064573751,0.064573751,-0.011785377,-0.011785377,7.931252e-05,7.931252e-05,-4.249761e-05,-4.249761e-05,3.0705064e-12,3.0705064e-12,3.6814907e-05,3.6814907e-05,0.019637317,0.019637317,-0.11457531,-0.11457531,18.071205,18.071205,-7.1626101,-7.1626101,7.2684094,7.2684094,-3.5441992,-3.5441992,-0.066783805,-0.066783805,-0.035878636,-0.035878636,0.0086517787,0.0086517787,-0.02077489,-0.02077489,4.5819362,4.5819362,-4.3734787,-4.3734787,0.00031628997,0.00031628997,-2.4149143e-16,-2.4149143e-16,-9.7095331e-16,-9.7095331e-16,3.6455279e-16,3.6455279e-16,1.8646594e-15,1.8646594e-15,-1.2598431e-14,-1.2598431e-14,0.00052691708,0.00052691708,1.390744e-07,1.390744e-07
0.047259876,0.047259876,-0.064424065,-0.064424065,-0.017164189,-0.017164189,0.12525274,0.12525274,0.07799286,0.07799286,0.041353142,0.041353142,-0.030335983,-0.030335983,0.041734972,0.041734972,-0.030335887,-0.030335887,-4.6768557e-09,-4.6768557e-09,1.3145554e-16,1.3145554e-16,0.011864023,0.011864023,-0.11448934,-0.11448934,-0.00046561879,-0.00046561879,-0.00046562218,-0.00046562218,-6.2280248e-05,-6.2280248e-05,0.064424065,0.064424065,-0.022627421,-0.022627421,0.044676036,0.044676036,-0.013478532,-0.013478532,0.019748029,0.019748029,-0.0091488886,-0.0091488886,0.031197504,0.031197504,0.01059914,0.01059914,0.031197504,0.031197504,0.01059914,0.01059914,4.0591773e-11,4.0591773e-11,-0.10262532,-0.10262532,3.6302287e-11,3.6302287e-11,-0.10262532,-0.10262532,0.011864023,0.011864023,-0.11448934,-0.11448934,0.043061526,0.043061526,0.064424065,0.064424065,-0.011864023,-0.011864023,7.864538e-05,7.864538e-05,-4.1520165e-05,-4.1520165e-05,-3.5298541e-12,-3.5298541e-12,3.7125219e-05,3.7125219e-05,0.019649915,0.019649915,-0.1146139,-0.1146139,18.092103,18.092103,-7.1649238,-7.1649238,7.2833078,7.2833078,-3.5452845,-3.5452845,-0.067229462,-0.067229462,-0.035395854,-0.035395854,0.0086123053,0.0086123053,-0.02077804,-0.02077804,4.5835985,4.5835985,-4.3767537,-4.3767537,0.0003090153,0.0003090153,-2.4214175e-16,-2.4214175e-16,-9.7275028e-16,-9.7275028e-16,3.6398223e-16,3.6398223e-16,1.8684002e-15,1.8684002e-15,-1.261149e-14,-1.261149e-14,0.00052501569,0.00052501569,1.3275055e-07,1.3275055e-07
0.046858548,0.046858548,-0.064271336,-0.064271336,-0.017412788,-0.017412788,0.12531471,0.12531471,0.078456158,0.078456158,0.041403493,0.041403493,-0.030453678,-0.030453678,0.041783912,0.041783912,-0.030453586,-0.030453586,-4.6356951e-09,-4.6356951e-09,1.3141679e-16,1.3141679e-16,0.011942004,0.011942004,-0.1145299,-0.1145299,-0.00046135943,-0.00046135943,-0.00046136282,-0.00046136282,-6.0847802e-05,-6.0847802e-05,0.064271336,0.064271336,-0.022726806,-0.022726806,0.044479932,0.044479932,-0.013559724,-0.013559724,0.019791404,0.019791404,-0.0091670817,-0.0091670817,0.030920208,0.030920208,0.010624322,0.010624322,0.030920208,0.030920208,0.010624322,0.010624322,4.3401623e-11,4.3401623e-11,-0.1025879,-0.1025879,3.9109269e-11,3.9109269e-11,-0.1025879,-0.1025879,0.011942004,0.011942004,-0.1145299,-0.1145299,0.042862212,0.042862212,0.064271336,0.064271336,-0.011942004,-0.011942004,7.7981267e-05,7.7981267e-05,-4.0565201e-05,-4.0565201e-05,2.8069821e-12,2.8069821e-12,3.7416063e-05,3.7416063e-05,0.019662149,0.019662149,-0.1146516,-0.1146516,18.112805,18.112805,-7.1671844,-7.1671844,7.2982235,7.2982235,-3.5463448,-3.5463448,-0.067671356,-0.067671356,-0.034916544,-0.034916544,0.0085724424,0.0085724424,-0.020781116,-0.020781116,4.5852225,4.5852225,-4.3799829,-4.3799829,0.00030190795,0.00030190795,-2.4280286e-16,-2.4280286e-16,-9.7453424e-16,-9.7453424e-16,3.6334823e-16,3.6334823e-16,1.8721551e-15,1.8721551e-15,-1.2624475e-14,-1.2624475e-14,0.00052307668,0.00052307668,1.2671425e-07,1.2671425e-07
0.046460032,0.046460032,-0.064115702,-0.064115702,-0.01765567,-0.01765567,0.12537525,0.12537525,0.078915217,0.078915217,0.041451817,0.041451817,-0.030569798,-0.030569798,0.0418308,0.0418308,-0.03056971,-0.03056971,-4.5917227e-09,-4.5917227e-09,1.3137891e-16,1.3137891e-16,0.012019324,0.012019324,-0.11456954,-0.11456954,-0.00045712929,-0.00045712929,-0.00045713269,-0.00045713269,-5.9448302e-05,-5.9448302e-05,0.064115702,0.064115702,-0.022825038,-0.022825038,0.044281921,0.044281921,-0.013640181,-0.013640181,0.019833781,0.019833781,-0.0091848564,-0.0091848564,0.030641739,0.030641739,0.010648924,0.010648924,0.030641739,0.030641739,0.010648924,0.010648924,4.0125107e-11,4.0125107e-11,-0.10255021,-0.10255021,3.582995e-11,3.582995e-11,-0.10255021,-0.10255021,0.012019324,0.012019324,-0.11456954,-0.11456954,0.042661064,0.042661064,0.064115702,0.064115702,-0.012019324,-0.012019324,7.7320241e-05,7.7320241e-05,-3.9632202e-05,-3.9632202e-05,-3.2793185e-12,-3.2793185e-12,3.7688043e-05,3.7688043e-05,0.019674028,0.019674028,-0.11468843,-0.11468843,18.133311,18.133311,-7.169393,-7.169393,7.3131523,7.3131523,-3.5473807,-3.5473807,-0.068109504,-0.068109504,-0.034440708,-0.034440708,0.0085322127,0.0085322127,-0.020784122,-0.020784122,4.5868092,4.5868092,-4.3831671,-4.3831671,0.00029496406,0.00029496406,-2.4347424e-16,-2.4347424e-16,-9.7630521e-16,-9.7630521e-16,3.6265299e-16,3.6265299e-16,1.8759227e-15,1.8759227e-15,-1.2637384e-14,-1.2637384e-14,0.00052110116,0.00052110116,1.2095242e-07,1.2095242e-07
0.046064333,0.046064333,-0.063957297,-0.063957297,-0.017892965,-0.017892965,0.1254344,0.1254344,0.079370068,0.079370068,0.041498173,0.041498173,-0.030684368,-0.030684368,0.041875693,0.041875693,-0.030684284,-0.030684284,-4.5510248e-09,-4.5510248e-09,1.3134187e-16,1.3134187e-16,0.012095987,0.012095987,-0.11460826,-0.11460826,-0.00045292859,-0.00045292859,-0.00045293199,-0.00045293199,-5.8080991e-05,-5.8080991e-05,0.063957297,0.063957297,-0.02292213,-0.02292213,0.044082114,0.044082114,-0.013719908,-0.013719908,0.019875183,0.019875183,-0.0092022222,-0.0092022222,0.030362206,0.030362206,0.010672961,0.010672961,0.030362206,0.030362206,0.010672961,0.010672961,4.2692092e-11,4.2692092e-11,-0.10251227,-0.10251227,3.8394197e-11,3.8394197e-11,-0.10251227,-0.10251227,0.012095987,0.012095987,-0.11460826,-0.11460826,0.042458193,0.042458193,0.063957297,0.063957297,-0.012095987,-0.012095987,7.6662362e-05,7.6662362e-05,-3.8720661e-05,-3.8720661e-05,2.5642463e-12,2.5642463e-12,3.7941699e-05,3.7941699e-05,0.019685561,0.019685561,-0.11472442,-0.11472442,18.153623,18.153623,-7.1715507,-7.1715507,7.3280902,7.3280902,-3.5483928,-3.5483928,-0.068543924,-0.068543924,-0.033968346,-0.033968346,0.0084916385,0.0084916385,-0.020787059,-0.020787059,4.5883594,4.5883594,-4.3863071,-4.3863071,0.00028817989,0.00028817989,-2.4415538e-16,-2.4415538e-16,-9.7806318e-16,-9.7806318e-16,3.6189867e-16,3.6189867e-16,1.8797016e-15,1.8797016e-15,-1.2650218e-14,-1.2650218e-14,0.00051909024,0.00051909024,1.154526e-07,1.154526e-07
0.045671452,0.045671452,-0.063796255,-0.063796255,-0.018124802,-0.018124802,0.12549219,0.12549219,0.079820739,0.079820739,0.041542614,0.041542614,-0.030797411,-0.030797411,0.041918646,0.041918646,-0.030797331,-0.030797331,-4.5077579e-09,-4.5077579e-09,1.3130567e-16,1.3130567e-16,0.012171994,0.012171994,-0.11464609,-0.11464609,-0.00044875722,-0.00044875722,-0.00044876061,-0.00044876061,-5.6745129e-05,-5.6745129e-05,0.063796255,0.063796255,-0.023018099,-0.023018099,0.043880621,0.043880621,-0.01379891,-0.01379891,0.019915633,0.019915633,-0.0092191886,-0.0092191886,0.030081711,0.030081711,0.010696445,0.010696445,0.030081711,0.030081711,0.010696445,0.010696445,3.9646749e-11,3.9646749e-11,-0.10247409,-0.10247409,3.5346179e-11,3.5346179e-11,-0.10247409,-0.10247409,0.012171994,0.012171994,-0.11464609,-0.11464609,0.042253706,0.042253706,0.063796255,0.063796255,-0.012171994,-0.012171994,7.6007686e-05,7.6007686e-05,-3.7830086e-05,-3.7830086e-05,-3.0480179e-12,-3.0480179e-12,3.8177603e-05,3.8177603e-05,0.019696755,0.019696755,-0.11475958,-0.11475958,18.173743,18.173743,-7.1736589,-7.1736589,7.3430332,7.3430332,-3.5493816,-3.5493816,-0.068974634,-0.068974634,-0.033499458,-0.033499458,0.0084507411,0.0084507411,-0.020789928,-0.020789928,4.5898739,4.5898739,-4.3894035,-4.3894035,0.00028155175,0.00028155175,-2.4484579e-16,-2.4484579e-16,-9.7980817e-16,-9.7980817e-16,3.6108736e-16,3.6108736e-16,1.8834906e-15,1.8834906e-15,-1.2662976e-14,-1.2662976e-14,0.00051704501,0.00051704501,1.1020285e-07,1.1020285e-07
0.045281394,0.045281394,-0.063632701,-0.063632701,-0.018351307,-0.018351307,0.12554865,0.12554865,0.080267259,0.080267259,0.041585193,0.041585193,-0.030908952,-0.030908952,0.041959714,0.041959714,-0.030908875,-0.030908875,-4.4675344e-09,-4.4675344e-09,1.3127027e-16,1.3127027e-16,0.012247351,0.012247351,-0.11468305,-0.11468305,-0.00044461536,-0.00044461536,-0.00044461876,-0.00044461876,-5.5439991e-05,-5.5439991e-05,0.063632701,0.063632701,-0.023112956,-0.023112956,0.043677548,0.043677548,-0.013877191,-0.013877191,0.019955153,0.019955153,-0.0092357648,-0.0092357648,0.029800357,0.029800357,0.010719388,0.010719388,0.029800356,0.029800356,0.010719388,0.010719388,4.1990049e-11,4.1990049e-11,-0.1024357,-0.1024357,3.7686865e-11,3.7686865e-11,-0.1024357,-0.1024357,0.012247351,0.012247351,-0.11468305,-0.11468305,0.042047707,0.042047707,0.063632701,0.063632701,-0.012247351,-0.012247351,7.5356265e-05,7.5356265e-05,-3.6959994e-05,-3.6959994e-05,2.340686e-12,2.340686e-12,3.8396268e-05,3.8396268e-05,0.019707621,0.019707621,-0.11479393,-0.11479393,18.193671,18.193671,-7.1757185,-7.1757185,7.3579774,7.3579774,-3.5503477,-3.5503477,-0.069401653,-0.069401653,-0.033034043,-0.033034043,0.0084095414,0.0084095414,-0.020792732,-0.020792732,4.5913536,4.5913536,-4.392457,-4.392457,0.00027507606,0.00027507606,-2.4554498e-16,-2.4554498e-16,-9.8154019e-16,-9.8154019e-16,3.6022111e-16,3.6022111e-16,1.8872883e-15,1.8872883e-15,-1.2675657e-14,-1.2675657e-14,0.00051496654,0.00051496654,1.0519182e-07,1.0519182e-07
0.044894157,0.044894157,-0.06346676,-0.06346676,-0.018572603,-0.018572603,0.12560382,0.12560382,0.080709658,0.080709658,0.041625964,0.041625964,-0.031019012,-0.031019012,0.04199895,0.04199895,-0.031018938,-0.031018938,-4.4249656e-09,-4.4249656e-09,1.3123567e-16,1.3123567e-16,0.012322059,0.012322059,-0.11471916,-0.11471916,-0.0004405029,-0.0004405029,-0.00044050631,-0.00044050631,-5.4164871e-05,-5.4164871e-05,0.06346676,0.06346676,-0.023206717,-0.023206717,0.043472996,0.043472996,-0.013954757,-0.013954757,0.019993764,0.019993764,-0.0092519598,-0.0092519598,0.029518239,0.029518239,0.010741804,0.010741804,0.029518239,0.029518239,0.010741804,0.010741804,3.9158153e-11,3.9158153e-11,-0.1023971,-0.1023971,3.4852415e-11,3.4852415e-11,-0.1023971,-0.1023971,0.012322059,0.012322059,-0.11471916,-0.11471916,0.041840298,0.041840298,0.06346676,0.06346676,-0.012322059,-0.012322059,7.470815e-05,7.470815e-05,-3.6109914e-05,-3.6109914e-05,-2.8344493e-12,-2.8344493e-12,3.8598239e-05,3.8598239e-05,0.019718166,0.019718166,-0.11482749,-0.11482749,18.21341,18.21341,-7.1777308,-7.1777308,7.3729191,7.3729191,-3.5512916,-3.5512916,-0.069824999,-0.069824999,-0.032572099,-0.032572099,0.0083680595,0.0083680595,-0.02079547,-0.02079547,4.5927993,4.5927993,-4.3954684,-4.3954684,0.00026874931,0.00026874931,-2.462525e-16,-2.462525e-16,-9.8325925e-16,-9.8325925e-16,3.5930191e-16,3.5930191e-16,1.8910935e-15,1.8910935e-15,-1.2688261e-14,-1.2688261e-14,0.00051285589,0.00051285589,1.0040864e-07,1.0040864e-07
0.044509744,0.044509744,-0.063298553,-0.063298553,-0.018788809,-0.018788809,0.12565771,0.12565771,0.081147965,0.081147965,0.041664977,0.041664977,-0.031127614,-0.031127614,0.042036405,0.042036405,-0.031127544,-0.031127544,-4.3852267e-09,-4.3852267e-09,1.3120184e-16,1.3120184e-16,0.012396122,0.012396122,-0.11475444,-0.11475444,-0.00043642001,-0.00043642001,-0.00043642342,-0.00043642342,-5.2919079e-05,-5.2919079e-05,0.063298553,0.063298553,-0.023299395,-0.023299395,0.043267066,0.043267066,-0.014031613,-0.014031613,0.020031487,0.020031487,-0.0092677822,-0.0092677822,0.029235453,0.029235453,0.010763704,0.010763704,0.029235453,0.029235453,0.010763704,0.010763704,4.1295461e-11,4.1295461e-11,-0.10235831,-0.10235831,3.6987228e-11,3.6987228e-11,-0.10235831,-0.10235831,0.012396122,0.012396122,-0.11475444,-0.11475444,0.041631575,0.041631575,0.063298553,0.063298553,-0.012396122,-0.012396122,7.4063391e-05,7.4063391e-05,-3.5279386e-05,-3.5279386e-05,2.134813e-12,2.134813e-12,3.8784003e-05,3.8784003e-05,0.019728398,0.019728398,-0.11486027,-0.11486027,18.232961,18.232961,-7.1796968,-7.1796968,7.3878548,7.3878548,-3.5522137,-3.5522137,-0.070244692,-0.070244692,-0.032113622,-0.032113622,0.0083263151,0.0083263151,-0.020798146,-0.020798146,4.5942117,4.5942117,-4.3984383,-4.3984383,0.00026256808,0.00026256808,-2.4696788e-16,-2.4696788e-16,-9.8496537e-16,-9.8496537e-16,3.583317e-16,3.583317e-16,1.8949051e-15,1.8949051e-15,-1.2700787e-14,-1.2700787e-14,0.00051071413,0.00051071413,9.5842958e-08,9.5842958e-08
0.044128154,0.044128154,-0.063128196,-0.063128196,-0.019000042,-0.019000042,0.12571036,0.12571036,0.08158221,0.08158221,0.041702281,0.041702281,-0.03123478,-0.03123478,0.04207213,0.04207213,-0.031234714,-0.031234714,-4.3433485e-09,-4.3433485e-09,1.3116876e-16,1.3116876e-16,0.012469544,0.012469544,-0.1147889,-0.1147889,-0.00043236657,-0.00043236657,-0.00043236997,-0.00043236997,-5.170194e-05,-5.170194e-05,0.063128196,0.063128196,-0.023391004,-0.023391004,0.043059854,0.043059854,-0.014107763,-0.014107763,0.020068342,0.020068342,-0.0092832408,-0.0092832408,0.028952091,0.028952091,0.010785101,0.010785101,0.028952091,0.028952091,0.010785101,0.010785101,3.8660671e-11,3.8660671e-11,-0.10231936,-0.10231936,3.4350001e-11,3.4350001e-11,-0.10231936,-0.10231936,0.012469544,0.012469544,-0.1147889,-0.1147889,0.041421635,0.041421635,0.063128196,0.063128196,-0.012469544,-0.012469544,7.3422032e-05,7.3422032e-05,-3.446796e-05,-3.446796e-05,-2.6372275e-12,-2.6372275e-12,3.8954074e-05,3.8954074e-05,0.019738325,0.019738325,-0.11489231,-0.11489231,18.252326,18.252326,-7.1816176,-7.1816176,7.402781,7.402781,-3.5531147,-3.5531147,-0.07066075,-0.07066075,-0.03165861,-0.03165861,0.008284327,0.008284327,-0.020800761,-0.020800761,4.5955916,4.5955916,-4.4013674,-4.4013674,0.00025652901,0.00025652901,-2.4769071e-16,-2.4769071e-16,-9.8665857e-16,-9.8665857e-16,3.5731237e-16,3.5731237e-16,1.8987219e-15,1.8987219e-15,-1.2713235e-14,-1.2713235e-14,0.00050854227,0.00050854227,9.1484883e-08,9.1484883e-08
0.043749386,0.043749386,-0.062955802,-0.062955802,-0.019206417,-0.019206417,0.12576181,0.12576181,0.082012421,0.082012421,0.041737925,0.041737925,-0.031340533,-0.031340533,0.042106173,0.042106173,-0.031340469,-0.031340469,-4.3041031e-09,-4.3041031e-09,1.3113643e-16,1.3113643e-16,0.012542328,0.012542328,-0.11482258,-0.11482258,-0.0004283427,-0.0004283427,-0.00042834611,-0.00042834611,-5.0512795e-05,-5.0512795e-05,0.062955802,0.062955802,-0.023481556,-0.023481556,0.042851453,0.042851453,-0.014183212,-0.014183212,0.020104349,0.020104349,-0.0092983438,-0.0092983438,0.028668241,0.028668241,0.010806006,0.010806006,0.02866824,0.02866824,0.010806006,0.010806006,4.0608307e-11,4.0608307e-11,-0.10228025,-0.10228025,3.6295255e-11,3.6295255e-11,-0.10228025,-0.10228025,0.012542328,0.012542328,-0.11482258,-0.11482258,0.041210569,0.041210569,0.062955802,0.062955802,-0.012542328,-0.012542328,7.2784117e-05,7.2784117e-05,-3.3675197e-05,-3.3675197e-05,1.9452546e-12,1.9452546e-12,3.9108918e-05,3.9108918e-05,0.019747956,0.019747956,-0.1149236,-0.1149236,18.271505,18.271505,-7.1834942,-7.1834942,7.4176944,7.4176944,-3.5539949,-3.5539949,-0.071073193,-0.071073193,-0.031207058,-0.031207058,0.0082421138,0.0082421138,-0.020803315,-0.020803315,4.5969398,4.5969398,-4.4042563,-4.4042563,0.00025062885,0.00025062885,-2.4842054e-16,-2.4842054e-16,-9.8833887e-16,-9.8833887e-16,3.5624575e-16,3.5624575e-16,1.9025427e-15,1.9025427e-15,-1.2725604e-14,-1.2725604e-14,0.00050634135,0.00050634135,8.7324974e-08,8.7324974e-08
0.043373438,0.043373438,-0.062781483,-0.062781483,-0.019408045,-0.019408045,0.12581207,0.12581207,0.082438629,0.082438629,0.041771955,0.041771955,-0.031444893,-0.031444893,0.042138582,0.042138582,-0.031444832,-0.031444832,-4.2629082e-09,-4.2629082e-09,1.3110482e-16,1.3110482e-16,0.012614478,0.012614478,-0.11485548,-0.11485548,-0.0004243483,-0.0004243483,-0.00042435171,-0.00042435171,-4.9351001e-05,-4.9351001e-05,0.062781483,0.062781483,-0.023571065,-0.023571065,0.042641954,0.042641954,-0.014257966,-0.014257966,0.020139529,0.020139529,-0.0093130994,-0.0093130994,0.028383988,0.028383988,0.010826429,0.010826429,0.028383988,0.028383988,0.010826429,0.010826429,3.8155559e-11,3.8155559e-11,-0.102241,-0.102241,3.384018e-11,3.384018e-11,-0.102241,-0.102241,0.012614478,0.012614478,-0.11485548,-0.11485548,0.040998466,0.040998466,0.062781483,0.062781483,-0.012614478,-0.012614478,7.2149687e-05,7.2149687e-05,-3.2900667e-05,-3.2900667e-05,-2.4550755e-12,-2.4550755e-12,3.9249022e-05,3.9249022e-05,0.019757297,0.019757297,-0.11495418,-0.11495418,18.290502,18.290502,-7.1853276,-7.1853276,7.4325918,7.4325918,-3.5548549,-3.5548549,-0.071482042,-0.071482042,-0.03075896,-0.03075896,0.0081996932,0.0081996932,-0.02080581,-0.02080581,4.598257,4.598257,-4.4071057,-4.4071057,0.00024486438,0.00024486438,-2.4915696e-16,-2.4915696e-16,-9.9000629e-16,-9.9000629e-16,3.5513366e-16,3.5513366e-16,1.9063666e-15,1.9063666e-15,-1.2737894e-14,-1.2737894e-14,0.00050411238,0.00050411238,8.335422e-08,8.335422e-08
0.043000309,0.043000309,-0.062605344,-0.062605344,-0.019605035,-0.019605035,0.12586117,0.12586117,0.082860862,0.082860862,0.041804419,0.041804419,-0.031547881,-0.031547881,0.042169405,0.042169405,-0.031547823,-0.031547823,-4.224164e-09,-4.224164e-09,1.3107391e-16,1.3107391e-16,0.012685997,0.012685997,-0.11488762,-0.11488762,-0.00042038346,-0.00042038346,-0.00042038687,-0.00042038687,-4.8215928e-05,-4.8215928e-05,0.062605344,0.062605344,-0.023659545,-0.023659545,0.042431445,0.042431445,-0.014332029,-0.014332029,0.020173899,0.020173899,-0.0093275157,-0.0093275157,0.028099417,0.028099417,0.010846383,0.010846383,0.028099416,0.028099416,0.010846383,0.010846383,3.9928576e-11,3.9928576e-11,-0.10220163,-0.10220163,3.5610924e-11,3.5610924e-11,-0.10220163,-0.10220163,0.012685997,0.012685997,-0.11488762,-0.11488762,0.040785413,0.040785413,0.062605344,0.062605344,-0.012685997,-0.012685997,7.1518781e-05,7.1518781e-05,-3.2143952e-05,-3.2143952e-05,1.770744e-12,1.770744e-12,3.9374828e-05,3.9374828e-05,0.019766356,0.019766356,-0.11498406,-0.11498406,18.309316,18.309316,-7.1871189,-7.1871189,7.44747,7.44747,-3.5556951,-3.5556951,-0.071887315,-0.071887315,-0.030314312,-0.030314312,0.0081570827,0.0081570827,-0.020808248,-0.020808248,4.5995439,4.5995439,-4.4099161,-4.4099161,0.0002392325,0.0002392325,-2.4989958e-16,-2.4989958e-16,-9.9166085e-16,-9.9166085e-16,3.5397783e-16,3.5397783e-16,1.9101925e-15,1.9101925e-15,-1.2750104e-14,-1.2750104e-14,0.00050185634,0.00050185634,7.9564021e-08,7.9564021e-08
0.042629996,0.042629996,-0.062427491,-0.062427491,-0.019797495,-0.019797495,0.12590915,0.12590915,0.083279151,0.083279151,0.041835359,0.041835359,-0.031649518,-0.031649518,0.042198686,0.042198686,-0.031649463,-0.031649463,-4.1836448e-09,-4.1836448e-09,1.3104369e-16,1.3104369e-16,0.012756888,0.012756888,-0.11491903,-0.11491903,-0.00041644806,-0.00041644806,-0.00041645147,-0.00041645147,-4.7106962e-05,-4.7106962e-05,0.062427491,0.062427491,-0.023747006,-0.023747006,0.042220012,0.042220012,-0.014405406,-0.014405406,0.020207479,0.020207479,-0.0093416003,-0.0093416003,0.027814606,0.027814606,0.010865878,0.010865878,0.027814606,0.027814606,0.010865878,0.010865878,3.7643981e-11,3.7643981e-11,-0.10216214,-0.10216214,3.3324108e-11,3.3324108e-11,-0.10216214,-0.10216214,0.012756888,0.012756888,-0.11491903,-0.11491903,0.040571494,0.040571494,0.062427491,0.062427491,-0.012756888,-0.012756888,7.0891437e-05,7.0891437e-05,-3.1404641e-05,-3.1404641e-05,-2.2868164e-12,-2.2868164e-12,3.9486798e-05,3.9486798e-05,0.01977514,0.01977514,-0.11501324,-0.11501324,18.327949,18.327949,-7.1888689,-7.1888689,7.462326,7.462326,-3.5565159,-3.5565159,-0.072289033,-0.072289033,-0.029873107,-0.029873107,0.0081142989,0.0081142989,-0.02081063,-0.02081063,4.6008012,4.6008012,-4.4126883,-4.4126883,0.00023373015,0.00023373015,-2.5064801e-16,-2.5064801e-16,-9.9330259e-16,-9.9330259e-16,3.5277997e-16,3.5277997e-16,1.9140194e-15,1.9140194e-15,-1.2762235e-14,-1.2762235e-14,0.00049957421,0.00049957421,7.5946165e-08,7.5946165e-08
0.042262494,0.042262494,-0.062248023,-0.062248023,-0.019985528,-0.019985528,0.12595602,0.12595602,0.083693524,0.083693524,0.041864821,0.041864821,-0.031749825,-0.031749825,0.04222647,0.04222647,-0.031749772,-0.031749772,-4.1454083e-09,-4.1454083e-09,1.3101415e-16,1.3101415e-16,0.012827156,0.012827156,-0.11494971,-0.11494971,-0.00041254218,-0.00041254218,-0.0004125456,-0.0004125456,-4.6023502e-05,-4.6023502e-05,0.062248023,0.062248023,-0.023833463,-0.023833463,0.042007737,0.042007737,-0.014478102,-0.014478102,0.020240286,0.020240286,-0.0093553611,-0.0093553611,0.027529635,0.027529635,0.010884925,0.010884925,0.027529635,0.027529635,0.010884925,0.010884925,3.9256264e-11,3.9256264e-11,-0.10212255,-0.10212255,3.4934221e-11,3.4934221e-11,-0.10212255,-0.10212255,0.012827156,0.012827156,-0.11494971,-0.11494971,0.040356791,0.040356791,0.062248023,0.062248023,-0.012827156,-0.012827156,7.0267688e-05,7.0267688e-05,-3.0682334e-05,-3.0682334e-05,1.6101131e-12,1.6101131e-12,3.9585352e-05,3.9585352e-05,0.019783657,0.019783657,-0.11504176,-0.11504176,18.346403,18.346403,-7.1905788,-7.1905788,7.4771569,7.4771569,-3.5573179,-3.5573179,-0.072687216,-0.072687216,-0.029435339,-0.029435339,0.0080713581,0.0080713581,-0.020812957,-0.020812957,4.6020296,4.6020296,-4.4154228,-4.4154228,0.00022835436,0.00022835436,-2.5140187e-16,-2.5140187e-16,-9.9493154e-16,-9.9493154e-16,3.5154173e-16,3.5154173e-16,1.9178463e-15,1.9178463e-15,-1.2774285e-14,-1.2774285e-14,0.00049726696,0.00049726696,7.2492817e-08,7.2492817e-08
0.041897801,0.041897801,-0.062067038,-0.062067038,-0.020169237,-0.020169237,0.12600181,0.12600181,0.08410401,0.08410401,0.041892847,0.041892847,-0.03184882,-0.03184882,0.0422528,0.0422528,-0.03184877,-0.03184877,-4.1055576e-09,-4.1055576e-09,1.3098527e-16,1.3098527e-16,0.012896803,0.012896803,-0.11497969,-0.11497969,-0.00040866571,-0.00040866571,-0.00040866912,-0.00040866912,-4.4964961e-05,-4.4964961e-05,0.062067038,0.062067038,-0.023918927,-0.023918927,0.0417947,0.0417947,-0.014550122,-0.014550122,0.020272339,0.020272339,-0.0093688053,-0.0093688053,0.027244578,0.027244578,0.010903533,0.010903533,0.027244577,0.027244577,0.010903533,0.010903533,3.7127019e-11,3.7127019e-11,-0.10208288,-0.10208288,3.2802855e-11,3.2802855e-11,-0.10208288,-0.10208288,0.012896803,0.012896803,-0.11497969,-0.11497969,0.040141381,0.040141381,0.062067038,0.062067038,-0.012896803,-0.012896803,6.9647567e-05,6.9647567e-05,-2.9976641e-05,-2.9976641e-05,-2.1313655e-12,-2.1313655e-12,3.9670928e-05,3.9670928e-05,0.019791913,0.019791913,-0.11506962,-0.11506962,18.36468,18.36468,-7.1922492,-7.1922492,7.49196,7.49196,-3.5581015,-3.5581015,-0.073081886,-0.073081886,-0.029000998,-0.029000998,0.0080282762,0.0080282762,-0.020815231,-0.020815231,4.6032297,4.6032297,-4.4181202,-4.4181202,0.00022310221,0.00022310221,-2.5216078e-16,-2.5216078e-16,-9.9654773e-16,-9.9654773e-16,3.5026473e-16,3.5026473e-16,1.9216723e-15,1.9216723e-15,-1.2786255e-14,-1.2786255e-14,0.00049493554,0.00049493554,6.9196496e-08,6.9196496e-08
0.041535912,0.041535912,-0.061884632,-0.061884632,-0.02034872,-0.02034872,0.12604655,0.12604655,0.084510639,0.084510639,0.041919477,0.041919477,-0.031946524,-0.031946524,0.042277718,0.042277718,-0.031946476,-0.031946476,-4.0678342e-09,-4.0678342e-09,1.3095703e-16,1.3095703e-16,0.012965835,0.012965835,-0.11500897,-0.11500897,-0.00040481869,-0.00040481869,-0.0004048221,-0.0004048221,-4.3930767e-05,-4.3930767e-05,0.061884632,0.061884632,-0.024003411,-0.024003411,0.041580978,0.041580978,-0.014621471,-0.014621471,0.020303654,0.020303654,-0.0093819403,-0.0093819403,0.026959507,0.026959507,0.010921714,0.010921714,0.026959507,0.026959507,0.010921714,0.010921714,3.8591374e-11,3.8591374e-11,-0.10204314,-0.10204314,3.4265139e-11,3.4265139e-11,-0.10204314,-0.10204314,0.012965835,0.012965835,-0.11500897,-0.11500897,0.039925342,0.039925342,0.061884632,0.061884632,-0.012965835,-0.012965835,6.9031105e-05,6.9031105e-05,-2.9287178e-05,-2.9287178e-05,1.4622837e-12,1.4622837e-12,3.9743926e-05,3.9743926e-05,0.019799914,0.019799914,-0.11509684,-0.11509684,18.382781,18.382781,-7.1938813,-7.1938813,7.5067326,7.5067326,-3.558867,-3.558867,-0.073473062,-0.073473062,-0.028570078,-0.028570078,0.0079850683,0.0079850683,-0.020817452,-0.020817452,4.6044022,4.6044022,-4.420781,-4.420781,0.00021797086,0.00021797086,-2.5292441e-16,-2.5292441e-16,-9.9815118e-16,-9.9815118e-16,3.4895055e-16,3.4895055e-16,1.9254964e-15,1.9254964e-15,-1.2798144e-14,-1.2798144e-14,0.00049258089,0.00049258089,6.6050062e-08,6.6050062e-08
0.041176822,0.041176822,-0.061700897,-0.061700897,-0.020524075,-0.020524075,0.12609026,0.12609026,0.08491344,0.08491344,0.041944753,0.041944753,-0.032042956,-0.032042956,0.042301265,0.042301265,-0.03204291,-0.03204291,-4.0286445e-09,-4.0286445e-09,1.3092942e-16,1.3092942e-16,0.013034253,0.013034253,-0.11503759,-0.11503759,-0.00040100099,-0.00040100099,-0.00040100441,-0.00040100441,-4.2920359e-05,-4.2920359e-05,0.061700897,0.061700897,-0.024086927,-0.024086927,0.041366648,0.041366648,-0.014692154,-0.014692154,0.020334249,0.020334249,-0.0093947732,-0.0093947732,0.026674494,0.026674494,0.010939476,0.010939476,0.026674494,0.026674494,0.010939476,0.010939476,3.6605675e-11,3.6605675e-11,-0.10200334,-0.10200334,3.2277416e-11,3.2277416e-11,-0.10200334,-0.10200334,0.013034253,0.013034253,-0.11503759,-0.11503759,0.039708746,0.039708746,0.061700897,0.061700897,-0.013034253,-0.013034253,6.8418331e-05,6.8418331e-05,-2.8613573e-05,-2.8613573e-05,-1.987723e-12,-1.987723e-12,3.980476e-05,3.980476e-05,0.019807668,0.019807668,-0.11512343,-0.11512343,18.400706,18.400706,-7.1954759,-7.1954759,7.521472,7.521472,-3.5596149,-3.5596149,-0.073860766,-0.073860766,-0.028142569,-0.028142569,0.0079417493,0.0079417493,-0.020819622,-0.020819622,4.6055477,4.6055477,-4.4234059,-4.4234059,0.00021295753,0.00021295753,-2.536924e-16,-2.536924e-16,-9.9974194e-16,-9.9974194e-16,3.4760071e-16,3.4760071e-16,1.9293179e-15,1.9293179e-15,-1.2809953e-14,-1.2809953e-14,0.00049020392,0.00049020392,6.30467e-08,6.30467e-08
0.040820525,0.040820525,-0.061515922,-0.061515922,-0.020695397,-0.020695397,0.12613297,0.12613297,0.085312443,0.085312443,0.041968714,0.041968714,-0.032138134,-0.032138134,0.042323482,0.042323482,-0.032138091,-0.032138091,-3.9914386e-09,-3.9914386e-09,1.3090243e-16,1.3090243e-16,0.013102062,0.013102062,-0.11506554,-0.11506554,-0.00039721266,-0.00039721266,-0.00039721608,-0.00039721608,-4.1933191e-05,-4.1933191e-05,0.061515922,0.061515922,-0.024169487,-0.024169487,0.041151781,0.041151781,-0.014762176,-0.014762176,0.020364141,0.020364141,-0.009407311,-0.009407311,0.026389605,0.026389605,0.01095683,0.01095683,0.026389605,0.026389605,0.01095683,0.01095683,3.7933913e-11,3.7933913e-11,-0.10196348,-0.10196348,3.3603677e-11,3.3603677e-11,-0.10196348,-0.10196348,0.013102062,0.013102062,-0.11506554,-0.11506554,0.039491667,0.039491667,0.061515922,0.061515922,-0.013102062,-0.013102062,6.7809271e-05,6.7809271e-05,-2.7955461e-05,-2.7955461e-05,1.3262614e-12,1.3262614e-12,3.9853809e-05,3.9853809e-05,0.01981518,0.01981518,-0.11514941,-0.11514941,18.418459,18.418459,-7.1970337,-7.1970337,7.5361758,7.5361758,-3.5603456,-3.5603456,-0.074245019,-0.074245019,-0.027718463,-0.027718463,0.0078983334,0.0078983334,-0.020821743,-0.020821743,4.6066669,4.6066669,-4.4259955,-4.4259955,0.00020805951,0.00020805951,-2.5446443e-16,-2.5446443e-16,-1.00132e-15,-1.00132e-15,3.462167e-16,3.462167e-16,1.9331358e-15,1.9331358e-15,-1.282168e-14,-1.282168e-14,0.00048780555,0.00048780555,6.0179903e-08,6.0179903e-08
0.040467015,0.040467015,-0.061329794,-0.061329794,-0.020862778,-0.020862778,0.12617469,0.12617469,0.085707677,0.085707677,0.041991398,0.041991398,-0.032232078,-0.032232078,0.042344407,0.042344407,-0.032232036,-0.032232036,-3.9529026e-09,-3.9529026e-09,1.3087603e-16,1.3087603e-16,0.013169266,0.013169266,-0.11509286,-0.11509286,-0.00039345357,-0.00039345357,-0.00039345699,-0.00039345699,-4.0968728e-05,-4.0968728e-05,0.061329793,0.061329793,-0.024251102,-0.024251102,0.040936448,0.040936448,-0.014831541,-0.014831541,0.020393345,0.020393345,-0.0094195604,-0.0094195604,0.026104907,0.026104907,0.010973785,0.010973785,0.026104907,0.026104907,0.010973785,0.010973785,3.6080878e-11,3.6080878e-11,-0.10192359,-0.10192359,3.174871e-11,3.174871e-11,-0.10192359,-0.10192359,0.013169266,0.013169266,-0.11509286,-0.11509286,0.039274173,0.039274173,0.061329794,0.061329794,-0.013169266,-0.013169266,6.7203951e-05,6.7203951e-05,-2.7312485e-05,-2.7312485e-05,-1.8549673e-12,-1.8549673e-12,3.9891468e-05,3.9891468e-05,0.019822457,0.019822457,-0.11517479,-0.11517479,18.43604,18.43604,-7.1985557,-7.1985557,7.5508415,7.5508415,-3.5610595,-3.5610595,-0.074625841,-0.074625841,-0.027297749,-0.027297749,0.0078548346,0.0078548346,-0.020823814,-0.020823814,4.6077604,4.6077604,-4.4285502,-4.4285502,0.00020327414,0.00020327414,-2.5524015e-16,-2.5524015e-16,-1.0028855e-15,-1.0028855e-15,3.4479998e-16,3.4479998e-16,1.9369493e-15,1.9369493e-15,-1.2833326e-14,-1.2833326e-14,0.00048538666,0.00048538666,5.7443463e-08,5.7443463e-08
0.040116286,0.040116286,-0.061142596,-0.061142596,-0.02102631,-0.02102631,0.12621546,0.12621546,0.08609917,0.08609917,0.042012843,0.042012843,-0.032324805,-0.032324805,0.042364078,0.042364078,-0.032324765,-0.032324765,-3.9162177e-09,-3.9162177e-09,1.3085023e-16,1.3085023e-16,0.013235868,0.013235868,-0.11511954,-0.11511954,-0.00038972372,-0.00038972372,-0.00038972715,-0.00038972715,-4.0026447e-05,-4.0026447e-05,0.061142596,0.061142596,-0.024331784,-0.024331784,0.040720718,0.040720718,-0.014900256,-0.014900256,0.020421878,0.020421878,-0.009431528,-0.009431528,0.025820463,0.025820463,0.01099035,0.01099035,0.025820463,0.025820463,0.01099035,0.01099035,3.7283894e-11,3.7283894e-11,-0.10188367,-0.10188367,3.2949839e-11,3.2949839e-11,-0.10188367,-0.10188367,0.013235868,0.013235868,-0.11511954,-0.11511954,0.039056331,0.039056331,0.061142596,0.061142596,-0.013235868,-0.013235868,6.6602394e-05,6.6602394e-05,-2.6684298e-05,-2.6684298e-05,1.2011287e-12,1.2011287e-12,3.9918095e-05,3.9918095e-05,0.019829505,0.019829505,-0.11519959,-0.11519959,18.45345,18.45345,-7.2000428,-7.2000428,7.5654668,7.5654668,-3.561757,-3.561757,-0.075003255,-0.075003255,-0.026880417,-0.026880417,0.0078112662,0.0078112662,-0.020825838,-0.020825838,4.6088287,4.6088287,-4.4310706,-4.4310706,0.00019859883,0.00019859883,-2.5601928e-16,-2.5601928e-16,-1.0044384e-15,-1.0044384e-15,3.4335195e-16,3.4335195e-16,1.9407576e-15,1.9407576e-15,-1.2844891e-14,-1.2844891e-14,0.00048294813,0.00048294813,5.4831451e-08,5.4831451e-08
0.03976833,0.03976833,-0.060954411,-0.060954411,-0.021186081,-0.021186081,0.12625528,0.12625528,0.086486952,0.086486952,0.042033084,0.042033084,-0.032416334,-0.032416334,0.042382532,0.042382532,-0.032416296,-0.032416296,-3.8783279e-09,-3.8783279e-09,1.30825e-16,1.30825e-16,0.013301873,0.013301873,-0.11514561,-0.11514561,-0.000386023,-0.000386023,-0.00038602642,-0.00038602642,-3.9105839e-05,-3.9105839e-05,0.060954411,0.060954411,-0.024411544,-0.024411544,0.040504657,0.040504657,-0.014968324,-0.014968324,0.020449754,0.020449754,-0.0094432204,-0.0094432204,0.025536333,0.025536333,0.011006533,0.011006533,0.025536333,0.025536333,0.011006533,0.011006533,3.5553489e-11,3.5553489e-11,-0.10184374,-0.10184374,3.1217589e-11,3.1217589e-11,-0.10184374,-0.10184374,0.013301873,0.013301873,-0.11514561,-0.11514561,0.038838206,0.038838206,0.060954411,0.060954411,-0.013301873,-0.013301873,6.6004621e-05,6.6004621e-05,-2.6070559e-05,-2.6070559e-05,-1.7322492e-12,-1.7322492e-12,3.9934064e-05,3.9934064e-05,0.019836331,0.019836331,-0.11522382,-0.11522382,18.470691,18.470691,-7.2014956,-7.2014956,7.5800495,7.5800495,-3.5624384,-3.5624384,-0.075377281,-0.075377281,-0.026466457,-0.026466457,0.0077676413,0.0077676413,-0.020827816,-0.020827816,4.6098725,4.6098725,-4.4335573,-4.4335573,0.00019403106,0.00019403106,-2.5680149e-16,-2.5680149e-16,-1.0059788e-15,-1.0059788e-15,3.4187398e-16,3.4187398e-16,1.9445601e-15,1.9445601e-15,-1.2856375e-14,-1.2856375e-14,0.00048049082,0.00048049082,5.233821e-08,5.233821e-08
0.039423141,0.039423141,-0.060765317,-0.060765317,-0.021342176,-0.021342176,0.12629419,0.12629419,0.086871052,0.086871052,0.042052158,0.042052158,-0.032506681,-0.032506681,0.042399806,0.042399806,-0.032506645,-0.032506645,-3.8421666e-09,-3.8421666e-09,1.3080033e-16,1.3080033e-16,0.013367284,0.013367284,-0.11517108,-0.11517108,-0.00038235139,-0.00038235139,-0.00038235482,-0.00038235482,-3.8206404e-05,-3.8206404e-05,0.060765317,0.060765317,-0.024490394,-0.024490394,0.040288328,0.040288328,-0.01503575,-0.01503575,0.020476989,0.020476989,-0.0094546439,-0.0094546439,0.025252578,0.025252578,0.011022345,0.011022345,0.025252578,0.025252578,0.011022345,0.011022345,3.664133e-11,3.664133e-11,-0.1018038,-0.1018038,3.2303629e-11,3.2303629e-11,-0.1018038,-0.1018038,0.013367284,0.013367284,-0.11517108,-0.11517108,0.038619862,0.038619862,0.060765317,0.060765317,-0.013367284,-0.013367284,6.5410653e-05,6.5410653e-05,-2.5470936e-05,-2.5470936e-05,1.0860393e-12,1.0860393e-12,3.9939715e-05,3.9939715e-05,0.019842938,0.019842938,-0.11524749,-0.11524749,18.487765,18.487765,-7.202915,-7.202915,7.5945875,7.5945875,-3.5631042,-3.5631042,-0.075747941,-0.075747941,-0.026055857,-0.026055857,0.0077239724,0.0077239724,-0.020829747,-0.020829747,4.6108922,4.6108922,-4.4360107,-4.4360107,0.00018956835,0.00018956835,-2.5758649e-16,-2.5758649e-16,-1.0075067e-15,-1.0075067e-15,3.4036742e-16,3.4036742e-16,1.9483559e-15,1.9483559e-15,-1.2867777e-14,-1.2867777e-14,0.00047801558,0.00047801558,4.9958339e-08,4.9958339e-08
0.03908071,0.03908071,-0.060575392,-0.060575392,-0.021494682,-0.021494682,0.12633221,0.12633221,0.087251498,0.087251498,0.042070099,0.042070099,-0.032595865,-0.032595865,0.042415934,0.042415934,-0.032595831,-0.032595831,-3.8049156e-09,-3.8049156e-09,1.3077621e-16,1.3077621e-16,0.013432104,0.013432104,-0.11519597,-0.11519597,-0.00037870876,-0.00037870876,-0.00037871219,-0.00037871219,-3.7327657e-05,-3.7327657e-05,0.060575392,0.060575392,-0.024568345,-0.024568345,0.040071794,0.040071794,-0.01510254,-0.01510254,0.020503597,0.020503597,-0.0094658046,-0.0094658046,0.024969254,0.024969254,0.011037793,0.011037793,0.024969254,0.024969254,0.011037793,0.011037793,3.5024304e-11,3.5024304e-11,-0.10176386,-0.10176386,3.0684843e-11,3.0684843e-11,-0.10176386,-0.10176386,0.013432104,0.013432104,-0.11519597,-0.11519597,0.038401358,0.038401358,0.060575392,0.060575392,-0.013432104,-0.013432104,6.4820507e-05,6.4820507e-05,-2.4885105e-05,-2.4885105e-05,-1.6187858e-12,-1.6187858e-12,3.9935404e-05,3.9935404e-05,0.019849335,0.019849335,-0.11527062,-0.11527062,18.504672,18.504672,-7.2043017,-7.2043017,7.6090786,7.6090786,-3.5637547,-3.5637547,-0.076115257,-0.076115257,-0.025648605,-0.025648605,0.0076802716,0.0076802716,-0.020831635,-0.020831635,4.6118885,4.6118885,-4.4384314,-4.4384314,0.00018520827,0.00018520827,-2.58374e-16,-2.58374e-16,-1.0090221e-15,-1.0090221e-15,3.3883356e-16,3.3883356e-16,1.9521444e-15,1.9521444e-15,-1.2879097e-14,-1.2879097e-14,0.00047552325,0.00047552325,4.7686684e-08,4.7686684e-08
0.038741029,0.038741029,-0.060384709,-0.060384709,-0.02164368,-0.02164368,0.12636935,0.12636935,0.08762832,0.08762832,0.042086941,0.042086941,-0.032683903,-0.032683903,0.042430952,0.042430952,-0.032683869,-0.032683869,-3.7692798e-09,-3.7692798e-09,1.3075262e-16,1.3075262e-16,0.013496338,0.013496338,-0.11522028,-0.11522028,-0.0003750951,-0.0003750951,-0.00037509853,-0.00037509853,-3.6469121e-05,-3.6469121e-05,0.060384709,0.060384709,-0.024645407,-0.024645407,0.039855115,0.039855115,-0.015168699,-0.015168699,0.020529594,0.020529594,-0.0094767086,-0.0094767086,0.024686416,0.024686416,0.011052885,0.011052885,0.024686416,0.024686416,0.011052885,0.011052885,3.6006236e-11,3.6006236e-11,-0.10172394,-0.10172394,3.1665055e-11,3.1665055e-11,-0.10172394,-0.10172394,0.013496338,0.013496338,-0.11522028,-0.11522028,0.038182754,0.038182754,0.060384709,0.060384709,-0.013496338,-0.013496338,6.4234202e-05,6.4234202e-05,-2.4312747e-05,-2.4312747e-05,9.8021207e-13,9.8021207e-13,3.9921453e-05,3.9921453e-05,0.019855524,0.019855524,-0.11529322,-0.11529322,18.521415,18.521415,-7.2056566,-7.2056566,7.6235209,7.6235209,-3.5643902,-3.5643902,-0.076479251,-0.076479251,-0.02524469,-0.02524469,0.0076365509,0.0076365509,-0.020833479,-0.020833479,4.6128618,4.6128618,-4.4408199,-4.4408199,0.00018094848,0.00018094848,-2.5916375e-16,-2.5916375e-16,-1.0105252e-15,-1.0105252e-15,3.3727367e-16,3.3727367e-16,1.9559248e-15,1.9559248e-15,-1.2890335e-14,-1.2890335e-14,0.00047301464,0.00047301464,4.5518323e-08,4.5518323e-08
0.038404089,0.038404089,-0.06019334,-0.06019334,-0.021789251,-0.021789251,0.12640564,0.12640564,0.088001547,0.088001547,0.042102716,0.042102716,-0.03277081,-0.03277081,0.042444891,0.042444891,-0.032770778,-0.032770778,-3.7326602e-09,-3.7326602e-09,1.3072956e-16,1.3072956e-16,0.01355999,0.01355999,-0.11524403,-0.11524403,-0.00037151026,-0.00037151026,-0.00037151369,-0.00037151369,-3.5630331e-05,-3.5630331e-05,0.06019334,0.06019334,-0.024721592,-0.024721592,0.039638347,0.039638347,-0.015234231,-0.015234231,0.020554993,0.020554993,-0.0094873619,-0.0094873619,0.024404117,0.024404117,0.011067631,0.011067631,0.024404117,0.024404117,0.011067631,0.011067631,3.4494061e-11,3.4494061e-11,-0.10168404,-0.10168404,3.0151199e-11,3.0151199e-11,-0.10168404,-0.10168404,0.01355999,0.01355999,-0.11524403,-0.11524403,0.037964107,0.037964107,0.06019334,0.06019334,-0.01355999,-0.01355999,6.3651751e-05,6.3651751e-05,-2.3753554e-05,-2.3753554e-05,-1.5138557e-12,-1.5138557e-12,3.9898198e-05,3.9898198e-05,0.019861514,0.019861514,-0.11531529,-0.11531529,18.537995,18.537995,-7.2069803,-7.2069803,7.6379126,7.6379126,-3.5650111,-3.5650111,-0.076839944,-0.076839944,-0.024844099,-0.024844099,0.0075928214,0.0075928214,-0.020835281,-0.020835281,4.6138128,4.6138128,-4.4431767,-4.4431767,0.00017678667,0.00017678667,-2.5995546e-16,-2.5995546e-16,-1.0120159e-15,-1.0120159e-15,3.3568897e-16,3.3568897e-16,1.9596965e-15,1.9596965e-15,-1.2901492e-14,-1.2901492e-14,0.00047049056,0.00047049056,4.3448559e-08,4.3448559e-08
0.038069881,0.038069881,-0.060001355,-0.060001355,-0.021931474,-0.021931474,0.12644109,0.12644109,0.088371206,0.088371206,0.042117457,0.042117457,-0.032856604,-0.032856604,0.042457786,0.042457786,-0.032856574,-0.032856574,-3.6975509e-09,-3.6975509e-09,1.3070701e-16,1.3070701e-16,0.013623063,0.013623063,-0.11526724,-0.11526724,-0.00036795422,-0.00036795422,-0.00036795766,-0.00036795766,-3.4810834e-05,-3.4810834e-05,0.060001355,0.060001355,-0.024796911,-0.024796911,0.039421548,0.039421548,-0.01529914,-0.01529914,0.020579807,0.020579807,-0.0094977701,-0.0094977701,0.024122408,0.024122408,0.011082037,0.011082037,0.024122408,0.024122408,0.011082037,0.011082037,3.5378629e-11,3.5378629e-11,-0.10164418,-0.10164418,3.1034126e-11,3.1034126e-11,-0.10164418,-0.10164418,0.013623063,0.013623063,-0.11526724,-0.11526724,0.037745471,0.037745471,0.060001355,0.060001355,-0.013623063,-0.013623063,6.3073169e-05,6.3073169e-05,-2.3207222e-05,-2.3207222e-05,8.8292663e-13,8.8292663e-13,3.9865945e-05,3.9865945e-05,0.019867307,0.019867307,-0.11533686,-0.11533686,18.554412,18.554412,-7.2082736,-7.2082736,7.6522516,7.6522516,-3.5656177,-3.5656177,-0.077197359,-0.077197359,-0.024446818,-0.024446818,0.0075490942,0.0075490942,-0.020837041,-0.020837041,4.6147419,4.6147419,-4.4455022,-4.4455022,0.00017272057,0.00017272057,-2.6074887e-16,-2.6074887e-16,-1.0134942e-15,-1.0134942e-15,3.3408066e-16,3.3408066e-16,1.9634589e-15,1.9634589e-15,-1.2912567e-14,-1.2912567e-14,0.0004679518,0.0004679518,4.147291e-08,4.147291e-08
0.037738397,0.037738397,-0.059808823,-0.059808823,-0.022070426,-0.022070426,0.12647572,0.12647572,0.088737327,0.088737327,0.042131195,0.042131195,-0.032941301,-0.032941301,0.042469667,0.042469667,-0.032941272,-0.032941272,-3.6615553e-09,-3.6615553e-09,1.3068497e-16,1.3068497e-16,0.013685562,0.013685562,-0.11528991,-0.11528991,-0.00036442683,-0.00036442683,-0.00036443026,-0.00036443026,-3.4010184e-05,-3.4010184e-05,0.059808823,0.059808823,-0.024871372,-0.024871372,0.039204772,0.039204772,-0.015363433,-0.015363433,0.020604051,0.020604051,-0.0095079389,-0.0095079389,0.023841338,0.023841338,0.011096112,0.011096112,0.023841338,0.023841338,0.011096112,0.011096112,3.396344e-11,3.396344e-11,-0.10160435,-0.10160435,2.9617332e-11,2.9617332e-11,-0.10160435,-0.10160435,0.013685562,0.013685562,-0.11528991,-0.11528991,0.0375269,0.0375269,0.059808823,0.059808823,-0.013685562,-0.013685562,6.2498468e-05,6.2498468e-05,-2.2673456e-05,-2.2673456e-05,-1.4167938e-12,-1.4167938e-12,3.9825013e-05,3.9825013e-05,0.01987291,0.01987291,-0.11535793,-0.11535793,18.570669,18.570669,-7.2095371,-7.2095371,7.6665364,7.6665364,-3.5662103,-3.5662103,-0.077551517,-0.077551517,-0.024052835,-0.024052835,0.00750538,0.00750538,-0.02083876,-0.02083876,4.6156496,4.6156496,-4.4477969,-4.4477969,0.000168748,0.000168748,-2.6154373e-16,-2.6154373e-16,-1.0149604e-15,-1.0149604e-15,3.3244991e-16,3.3244991e-16,1.9672114e-15,1.9672114e-15,-1.2923561e-14,-1.2923561e-14,0.00046539913,0.00046539913,3.9587095e-08,3.9587095e-08
0.037409626,0.037409626,-0.059615807,-0.059615807,-0.022206181,-0.022206181,0.12650956,0.12650956,0.089099939,0.089099939,0.04214396,0.04214396,-0.033024916,-0.033024916,0.042480567,0.042480567,-0.033024889,-0.033024889,-3.6269729e-09,-3.6269729e-09,1.3066341e-16,1.3066341e-16,0.01374749,0.01374749,-0.11531207,-0.11531207,-0.00036092805,-0.00036092805,-0.00036093149,-0.00036093149,-3.322795e-05,-3.322795e-05,0.059615807,0.059615807,-0.024944988,-0.024944988,0.03898807,0.03898807,-0.015427114,-0.015427114,0.020627737,0.020627737,-0.0095178738,-0.0095178738,0.023560956,0.023560956,0.011109863,0.011109863,0.023560955,0.023560955,0.011109863,0.011109863,3.4758525e-11,3.4758525e-11,-0.10156458,-0.10156458,3.041085e-11,3.041085e-11,-0.10156458,-0.10156458,0.01374749,0.01374749,-0.11531207,-0.11531207,0.037308445,0.037308445,0.059615807,0.059615807,-0.013747489,-0.013747489,6.1927659e-05,6.1927659e-05,-2.2151967e-05,-2.2151967e-05,7.9351823e-13,7.9351823e-13,3.9775692e-05,3.9775692e-05,0.019878328,0.019878328,-0.11537852,-0.11537852,18.586767,18.586767,-7.2107715,-7.2107715,7.6807652,7.6807652,-3.5667893,-3.5667893,-0.07790244,-0.07790244,-0.023662136,-0.023662136,0.007461689,0.007461689,-0.020840441,-0.020840441,4.6165365,4.6165365,-4.4500614,-4.4500614,0.0001648668,0.0001648668,-2.6233981e-16,-2.6233981e-16,-1.0164143e-15,-1.0164143e-15,3.3079784e-16,3.3079784e-16,1.9709533e-15,1.9709533e-15,-1.2934472e-14,-1.2934472e-14,0.00046283332,0.00046283332,3.778703e-08,3.778703e-08
0.037083557,0.037083557,-0.059422372,-0.059422372,-0.022338815,-0.022338815,0.12654263,0.12654263,0.089459069,0.089459069,0.042155782,0.042155782,-0.033107466,-0.033107466,0.042490513,0.042490513,-0.03310744,-0.03310744,-3.5915937e-09,-3.5915937e-09,1.3064233e-16,1.3064233e-16,0.01380885,0.01380885,-0.11533371,-0.11533371,-0.00035745773,-0.00035745773,-0.00035746117,-0.00035746117,-3.2463707e-05,-3.2463707e-05,0.059422372,0.059422372,-0.025017768,-0.025017768,0.038771493,0.038771493,-0.015490188,-0.015490188,0.020650878,0.020650878,-0.0095275803,-0.0095275803,0.023281305,0.023281305,0.011123298,0.011123298,0.023281305,0.023281305,0.011123298,0.011123298,3.3433069e-11,3.3433069e-11,-0.10152486,-0.10152486,2.9083863e-11,2.9083863e-11,-0.10152486,-0.10152486,0.01380885,0.01380885,-0.11533371,-0.11533371,0.037090156,0.037090156,0.059422372,0.059422372,-0.01380885,-0.01380885,6.1360753e-05,6.1360753e-05,-2.1642472e-05,-2.1642472e-05,-1.3269873e-12,-1.3269873e-12,3.9718283e-05,3.9718283e-05,0.019883565,0.019883565,-0.11539864,-0.11539864,18.602707,18.602707,-7.2119776,-7.2119776,7.6949364,7.6949364,-3.567355,-3.567355,-0.078250151,-0.078250151,-0.023274707,-0.023274707,0.0074180312,0.0074180312,-0.020842082,-0.020842082,4.617403,4.617403,-4.452296,-4.452296,0.00016107486,0.00016107486,-2.6313686e-16,-2.6313686e-16,-1.0178561e-15,-1.0178561e-15,3.2912555e-16,3.2912555e-16,1.9746841e-15,1.9746841e-15,-1.2945303e-14,-1.2945303e-14,0.00046025511,0.00046025511,3.6068816e-08,3.6068816e-08
0.036760181,0.036760181,-0.059228579,-0.059228579,-0.022468398,-0.022468398,0.12657493,0.12657493,0.089814747,0.089814747,0.04216669,0.04216669,-0.033188965,-0.033188965,0.042499537,0.042499537,-0.03318894,-0.03318894,-3.5575382e-09,-3.5575382e-09,1.3062172e-16,1.3062172e-16,0.013869648,0.013869648,-0.11535485,-0.11535485,-0.00035401582,-0.00035401582,-0.00035401926,-0.00035401926,-3.1717042e-05,-3.1717042e-05,0.059228579,0.059228579,-0.025089723,-0.025089723,0.038555091,0.038555091,-0.015552659,-0.015552659,0.020673488,0.020673488,-0.0095370635,-0.0095370635,0.023002432,0.023002432,0.011136424,0.011136424,0.023002432,0.023002432,0.011136424,0.011136424,3.4145938e-11,3.4145938e-11,-0.10148521,-0.10148521,2.9795237e-11,2.9795237e-11,-0.10148521,-0.10148521,0.013869648,0.013869648,-0.11535485,-0.11535485,0.03687208,0.03687208,0.059228579,0.059228579,-0.013869648,-0.013869648,6.0797757e-05,6.0797757e-05,-2.1144695e-05,-2.1144695e-05,7.113736e-13,7.113736e-13,3.9653062e-05,3.9653062e-05,0.019888626,0.019888626,-0.11541829,-0.11541829,18.618491,18.618491,-7.2131559,-7.2131559,7.7090484,7.7090484,-3.5679077,-3.5679077,-0.078594672,-0.078594672,-0.022890533,-0.022890533,0.007374416,0.007374416,-0.020843686,-0.020843686,4.6182495,4.6182495,-4.4545012,-4.4545012,0.00015737014,0.00015737014,-2.6393466e-16,-2.6393466e-16,-1.0192858e-15,-1.0192858e-15,3.2743411e-16,3.2743411e-16,1.9784034e-15,1.9784034e-15,-1.2956051e-14,-1.2956051e-14,0.00045766523,0.00045766523,3.4428731e-08,3.4428731e-08
0.036439487,0.036439487,-0.059034487,-0.059034487,-0.022595,-0.022595,0.12660649,0.12660649,0.090166999,0.090166999,0.042176711,0.042176711,-0.033269429,-0.033269429,0.042507667,0.042507667,-0.033269406,-0.033269406,-3.5227679e-09,-3.5227679e-09,1.3060156e-16,1.3060156e-16,0.013929887,0.013929887,-0.11537551,-0.11537551,-0.00035060216,-0.00035060216,-0.0003506056,-0.0003506056,-3.098755e-05,-3.098755e-05,0.059034487,0.059034487,-0.025160861,-0.025160861,0.03833891,0.03833891,-0.015614533,-0.015614533,0.020695577,0.020695577,-0.0095463285,-0.0095463285,0.022724378,0.022724378,0.011149248,0.011149248,0.022724377,0.022724377,0.011149248,0.011149248,3.2903528e-11,3.2903528e-11,-0.10144562,-0.10144562,2.8551365e-11,2.8551365e-11,-0.10144562,-0.10144562,0.013929887,0.013929887,-0.11537551,-0.11537551,0.036654264,0.036654264,0.059034487,0.059034487,-0.013929887,-0.013929887,6.0238679e-05,6.0238679e-05,-2.0658367e-05,-2.0658367e-05,-1.2438714e-12,-1.2438714e-12,3.9580314e-05,3.9580314e-05,0.019893516,0.019893516,-0.11543749,-0.11543749,18.63412,18.63412,-7.2143071,-7.2143071,7.7230998,7.7230998,-3.5684477,-3.5684477,-0.078936025,-0.078936025,-0.0225096,-0.0225096,0.0073308529,0.0073308529,-0.020845253,-0.020845253,4.6190766,4.6190766,-4.4566775,-4.4566775,0.00015375063,0.00015375063,-2.6473298e-16,-2.6473298e-16,-1.0207034e-15,-1.0207034e-15,3.2572456e-16,3.2572456e-16,1.9821104e-15,1.9821104e-15,-1.2966718e-14,-1.2966718e-14,0.0004550644,0.0004550644,3.2863222e-08,3.2863222e-08
0.036121464,0.036121464,-0.058840154,-0.058840154,-0.022718691,-0.022718691,0.12663732,0.12663732,0.090515855,0.090515855,0.042185874,0.042185874,-0.033348873,-0.033348873,0.042514931,0.042514931,-0.033348851,-0.033348851,-3.4892383e-09,-3.4892383e-09,1.3058185e-16,1.3058185e-16,0.01398957,0.01398957,-0.11539569,-0.11539569,-0.0003472167,-0.0003472167,-0.00034722014,-0.00034722014,-3.0274836e-05,-3.0274836e-05,0.058840154,0.058840154,-0.025231194,-0.025231194,0.038122997,0.038122997,-0.015675814,-0.015675814,0.020717158,0.020717158,-0.0095553805,-0.0095553805,0.022447183,0.022447183,0.011161777,0.011161777,0.022447183,0.022447183,0.011161777,0.011161777,3.3540883e-11,3.3540883e-11,-0.10140612,-0.10140612,2.9187292e-11,2.9187292e-11,-0.10140612,-0.10140612,0.01398957,0.01398957,-0.11539569,-0.11539569,0.036436753,0.036436753,0.058840154,0.058840154,-0.01398957,-0.01398957,5.9683525e-05,5.9683525e-05,-2.0183224e-05,-2.0183224e-05,6.3592692e-13,6.3592692e-13,3.95003e-05,3.95003e-05,0.019898239,0.019898239,-0.11545624,-0.11545624,18.649594,18.649594,-7.2154319,-7.2154319,7.7370892,7.7370892,-3.5689753,-3.5689753,-0.079274231,-0.079274231,-0.022131893,-0.022131893,0.0072873506,0.0072873506,-0.020846783,-0.020846783,4.6198846,4.6198846,-4.4588253,-4.4588253,0.00015021436,0.00015021436,-2.6553162e-16,-2.6553162e-16,-1.0221091e-15,-1.0221091e-15,3.239979e-16,3.239979e-16,1.9858048e-15,1.9858048e-15,-1.2977304e-14,-1.2977304e-14,0.00045245333,0.00045245333,3.1368899e-08,3.1368899e-08
0.0358061,0.0358061,-0.058645636,-0.058645636,-0.022839537,-0.022839537,0.12666744,0.12666744,0.090861343,0.090861343,0.042194204,0.042194204,-0.033427312,-0.033427312,0.042521355,0.042521355,-0.03342729,-0.03342729,-3.4550696e-09,-3.4550696e-09,1.3056258e-16,1.3056258e-16,0.014048703,0.014048703,-0.11541541,-0.11541541,-0.00034385927,-0.00034385927,-0.00034386271,-0.00034386271,-2.9578515e-05,-2.9578515e-05,0.058645636,0.058645636,-0.025300731,-0.025300731,0.037907394,0.037907394,-0.015736507,-0.015736507,0.020738243,0.020738243,-0.0095642243,-0.0095642243,0.022170887,0.022170887,0.011174018,0.011174018,0.022170887,0.022170887,0.011174018,0.011174018,3.2375353e-11,3.2375353e-11,-0.10136671,-0.10136671,2.8020367e-11,2.8020367e-11,-0.10136671,-0.10136671,0.014048703,0.014048703,-0.11541541,-0.11541541,0.036219589,0.036219589,0.058645636,0.058645636,-0.014048703,-0.014048703,5.91323e-05,5.91323e-05,-1.971901e-05,-1.971901e-05,-1.1669255e-12,-1.1669255e-12,3.9413291e-05,3.9413291e-05,0.0199028,0.0199028,-0.11547457,-0.11547457,18.664917,18.664917,-7.2165307,-7.2165307,7.7510152,7.7510152,-3.5694907,-3.5694907,-0.079609314,-0.079609314,-0.021757397,-0.021757397,0.0072439179,0.0072439179,-0.020848279,-0.020848279,4.620674,4.620674,-4.460945,-4.460945,0.00014675943,0.00014675943,-2.6633037e-16,-2.6633037e-16,-1.0235029e-15,-1.0235029e-15,3.2225512e-16,3.2225512e-16,1.9894861e-15,1.9894861e-15,-1.2987809e-14,-1.2987809e-14,0.00044983271,0.00044983271,2.9942523e-08,2.9942523e-08
0.035493383,0.035493383,-0.058450986,-0.058450986,-0.022957603,-0.022957603,0.12669687,0.12669687,0.09120349,0.09120349,0.042201728,0.042201728,-0.033504759,-0.033504759,0.042526966,0.042526966,-0.033504738,-0.033504738,-3.4220647e-09,-3.4220647e-09,1.3054373e-16,1.3054373e-16,0.014107288,0.014107288,-0.11543468,-0.11543468,-0.0003405298,-0.0003405298,-0.00034053324,-0.00034053324,-2.8898209e-05,-2.8898209e-05,0.058450986,0.058450986,-0.025369481,-0.025369481,0.037692144,0.037692144,-0.015796617,-0.015796617,0.020758842,0.020758842,-0.0095728647,-0.0095728647,0.021895527,0.021895527,0.011185978,0.011185978,0.021895527,0.021895527,0.011185978,0.011185978,3.2943372e-11,3.2943372e-11,-0.10132739,-0.10132739,2.8587023e-11,2.8587023e-11,-0.10132739,-0.10132739,0.014107288,0.014107288,-0.11543468,-0.11543468,0.036002815,0.036002815,0.058450986,0.058450986,-0.014107288,-0.014107288,5.8585007e-05,5.8585007e-05,-1.9265473e-05,-1.9265473e-05,5.6665614e-13,5.6665614e-13,3.9319533e-05,3.9319533e-05,0.019907203,0.019907203,-0.11549248,-0.11549248,18.680088,18.680088,-7.2176043,-7.2176043,7.7648765,7.7648765,-3.5699943,-3.5699943,-0.079941296,-0.079941296,-0.021386096,-0.021386096,0.007200563,0.007200563,-0.02084974,-0.02084974,4.6214453,4.6214453,-4.4630371,-4.4630371,0.00014338396,0.00014338396,-2.6712902e-16,-2.6712902e-16,-1.0248848e-15,-1.0248848e-15,3.2049716e-16,3.2049716e-16,1.9931538e-15,1.9931538e-15,-1.2998233e-14,-1.2998233e-14,0.00044720322,0.00044720322,2.8581007e-08,2.8581007e-08
0.035183303,0.035183303,-0.058256257,-0.058256257,-0.023072954,-0.023072954,0.12672563,0.12672563,0.091542324,0.091542324,0.042208471,0.042208471,-0.033581228,-0.033581228,0.042531791,0.042531791,-0.033581208,-0.033581208,-3.3884899e-09,-3.3884899e-09,1.305253e-16,1.305253e-16,0.014165329,0.014165329,-0.1154535,-0.1154535,-0.00033722814,-0.00033722814,-0.00033723158,-0.00033723158,-2.8233551e-05,-2.8233551e-05,0.058256257,0.058256257,-0.025437454,-0.025437454,0.037477288,0.037477288,-0.015856148,-0.015856148,0.020778968,0.020778968,-0.0095813063,-0.0095813063,0.02162114,0.02162114,0.011197662,0.011197662,0.02162114,0.02162114,0.011197662,0.011197662,3.1849034e-11,3.1849034e-11,-0.10128817,-0.10128817,2.7491353e-11,2.7491353e-11,-0.10128817,-0.10128817,0.014165329,0.014165329,-0.1154535,-0.1154535,0.03578647,0.03578647,0.058256257,0.058256257,-0.014165329,-0.014165329,5.8041649e-05,5.8041649e-05,-1.8822367e-05,-1.8822367e-05,-1.0956698e-12,-1.0956698e-12,3.9219283e-05,3.9219283e-05,0.019911452,0.019911452,-0.11550997,-0.11550997,18.69511,18.69511,-7.2186532,-7.2186532,7.7786719,7.7786719,-3.5704862,-3.5704862,-0.080270199,-0.080270199,-0.021017974,-0.021017974,0.0071572939,0.0071572939,-0.020851168,-0.020851168,4.6221989,4.6221989,-4.4651019,-4.4651019,0.00014008613,0.00014008613,-2.6792739e-16,-2.6792739e-16,-1.0262548e-15,-1.0262548e-15,3.1872495e-16,3.1872495e-16,1.9968074e-15,1.9968074e-15,-1.3008575e-14,-1.3008575e-14,0.00044456552,0.00044456552,2.72814e-08,2.72814e-08
0.034875846,0.034875846,-0.058061498,-0.058061498,-0.023185651,-0.023185651,0.12675372,0.12675372,0.091877873,0.091877873,0.042214457,0.042214457,-0.033656735,-0.033656735,0.042535854,0.042535854,-0.033656716,-0.033656716,-3.3560078e-09,-3.3560078e-09,1.3050728e-16,1.3050728e-16,0.014222831,0.014222831,-0.11547189,-0.11547189,-0.0003339542,-0.0003339542,-0.00033395765,-0.00033395765,-2.7584179e-05,-2.7584179e-05,0.058061498,0.058061498,-0.025504659,-0.025504659,0.037262867,0.037262867,-0.015915106,-0.015915106,0.020798631,0.020798631,-0.0095895538,-0.0095895538,0.021347761,0.021347761,0.011209078,0.011209078,0.021347761,0.021347761,0.011209078,0.011209078,3.2353415e-11,3.2353415e-11,-0.10124906,-0.10124906,2.7994433e-11,2.7994433e-11,-0.10124906,-0.10124906,0.014222831,0.014222831,-0.11547189,-0.11547189,0.035570592,0.035570592,0.058061498,0.058061498,-0.014222831,-0.014222831,5.7502228e-05,5.7502228e-05,-1.8389453e-05,-1.8389453e-05,5.0307962e-13,5.0307962e-13,3.9112775e-05,3.9112775e-05,0.019915552,0.019915552,-0.11552706,-0.11552706,18.709984,18.709984,-7.219678,-7.219678,7.7924002,7.7924002,-3.5709669,-3.5709669,-0.080596045,-0.080596045,-0.020653015,-0.020653015,0.0071141185,0.0071141185,-0.020852563,-0.020852563,4.6229351,4.6229351,-4.4671398,-4.4671398,0.00013686415,0.00013686415,-2.6872529e-16,-2.6872529e-16,-1.0276132e-15,-1.0276132e-15,3.1693939e-16,3.1693939e-16,2.0004465e-15,2.0004465e-15,-1.3018837e-14,-1.3018837e-14,0.00044192026,0.00044192026,2.6040887e-08,2.6040887e-08
0.034571001,0.034571001,-0.057866758,-0.057866758,-0.023295757,-0.023295757,0.12678117,0.12678117,0.092210164,0.092210164,0.042219711,0.042219711,-0.033731292,-0.033731292,0.042539179,0.042539179,-0.033731274,-0.033731274,-3.3230195e-09,-3.3230195e-09,1.3048966e-16,1.3048966e-16,0.014279798,0.014279798,-0.11548986,-0.11548986,-0.00033070783,-0.00033070783,-0.00033071127,-0.00033071127,-2.6949743e-05,-2.6949743e-05,0.057866758,0.057866758,-0.025571106,-0.025571106,0.037048916,0.037048916,-0.015973494,-0.015973494,0.020817842,0.020817842,-0.0095976116,-0.0095976116,0.021075422,0.021075422,0.011220231,0.011220231,0.021075422,0.021075422,0.011220231,0.011220231,3.1325024e-11,3.1325024e-11,-0.10121006,-0.10121006,2.6964771e-11,2.6964771e-11,-0.10121006,-0.10121006,0.014279798,0.014279798,-0.11548986,-0.11548986,0.03535522,0.03535522,0.057866758,0.057866758,-0.014279798,-0.014279798,5.6966744e-05,5.6966744e-05,-1.7966495e-05,-1.7966495e-05,-1.0296622e-12,-1.0296622e-12,3.900025e-05,3.900025e-05,0.019919506,0.019919506,-0.11554376,-0.11554376,18.72471,18.72471,-7.2206792,-7.2206792,7.8060603,7.8060603,-3.5714365,-3.5714365,-0.080918856,-0.080918856,-0.020291203,-0.020291203,0.007071044,0.007071044,-0.020853925,-0.020853925,4.6236544,4.6236544,-4.4691514,-4.4691514,0.00013371628,0.00013371628,-2.6952254e-16,-2.6952254e-16,-1.0289598e-15,-1.0289598e-15,3.1514134e-16,3.1514134e-16,2.0040708e-15,2.0040708e-15,-1.3029019e-14,-1.3029019e-14,0.00043926807,0.00043926807,2.4856782e-08,2.4856782e-08
0.034268755,0.034268755,-0.057672086,-0.057672086,-0.02340333,-0.02340333,0.12680798,0.12680798,0.092539225,0.092539225,0.042224256,0.042224256,-0.033804913,-0.033804913,0.042541791,0.042541791,-0.033804895,-0.033804895,-3.2910579e-09,-3.2910579e-09,1.3047242e-16,1.3047242e-16,0.014336233,0.014336233,-0.11550741,-0.11550741,-0.00032748892,-0.00032748892,-0.00032749237,-0.00032749237,-2.6329899e-05,-2.6329899e-05,0.057672086,0.057672086,-0.025636803,-0.025636803,0.036835474,0.036835474,-0.016031319,-0.016031319,0.020836611,0.020836611,-0.0096054841,-0.0096054841,0.020804156,0.020804156,0.011231127,0.011231127,0.020804155,0.020804155,0.011231127,0.011231127,3.1771019e-11,3.1771019e-11,-0.10117118,-0.10117118,2.7409523e-11,2.7409523e-11,-0.10117118,-0.10117118,0.014336233,0.014336233,-0.11550741,-0.11550741,0.035140389,0.035140389,0.057672086,0.057672086,-0.014336233,-0.014336233,5.6435198e-05,5.6435198e-05,-1.7553266e-05,-1.7553266e-05,4.4475298e-13,4.4475298e-13,3.8881931e-05,3.8881931e-05,0.019923318,0.019923318,-0.11556007,-0.11556007,18.739291,18.739291,-7.2216574,-7.2216574,7.8196511,7.8196511,-3.5718954,-3.5718954,-0.081238656,-0.081238656,-0.019932522,-0.019932522,0.0070280778,0.0070280778,-0.020855257,-0.020855257,4.6243572,4.6243572,-4.4711369,-4.4711369,0.0001306408,0.0001306408,-2.7031897e-16,-2.7031897e-16,-1.0302948e-15,-1.0302948e-15,3.1333167e-16,3.1333167e-16,2.0076798e-15,2.0076798e-15,-1.303912e-14,-1.303912e-14,0.00043660958,0.00043660958,2.3726519e-08,2.3726519e-08
0.033969095,0.033969095,-0.057477524,-0.057477524,-0.023508429,-0.023508429,0.12683418,0.12683418,0.092865083,0.092865083,0.042228115,0.042228115,-0.03387761,-0.03387761,0.042543712,0.042543712,-0.033877594,-0.033877594,-3.2586486e-09,-3.2586486e-09,1.3045557e-16,1.3045557e-16,0.014392141,0.014392141,-0.11552456,-0.11552456,-0.00032429733,-0.00032429733,-0.00032430077,-0.00032430077,-2.5724311e-05,-2.5724311e-05,0.057477524,0.057477524,-0.025701759,-0.025701759,0.036622576,0.036622576,-0.016088584,-0.016088584,0.020854948,0.020854948,-0.0096131755,-0.0096131755,0.020533992,0.020533992,0.011241773,0.011241773,0.020533992,0.020533992,0.011241773,0.011241773,3.0803737e-11,3.0803737e-11,-0.10113242,-0.10113242,2.6441028e-11,2.6441028e-11,-0.10113242,-0.10113242,0.014392141,0.014392141,-0.11552456,-0.11552456,0.034926133,0.034926133,0.057477524,0.057477524,-0.014392141,-0.014392141,5.5907586e-05,5.5907586e-05,-1.7149541e-05,-1.7149541e-05,-9.6849519e-13,-9.6849519e-13,3.8758047e-05,3.8758047e-05,0.019926992,0.019926992,-0.11557601,-0.11557601,18.753727,18.753727,-7.2226131,-7.2226131,7.8331716,7.8331716,-3.5723436,-3.5723436,-0.081555465,-0.081555465,-0.019576954,-0.019576954,0.0069852267,0.0069852267,-0.020856557,-0.020856557,4.6250438,4.6250438,-4.4730967,-4.4730967,0.00012763606,0.00012763606,-2.7111441e-16,-2.7111441e-16,-1.0316183e-15,-1.0316183e-15,3.1151117e-16,3.1151117e-16,2.0112732e-15,2.0112732e-15,-1.3049141e-14,-1.3049141e-14,0.00043394541,0.00043394541,2.2647651e-08,2.2647651e-08
0.033672008,0.033672008,-0.057283119,-0.057283119,-0.023611111,-0.023611111,0.12685977,0.12685977,0.093187766,0.093187766,0.04223131,0.04223131,-0.033949399,-0.033949399,0.042544965,0.042544965,-0.033949383,-0.033949383,-3.2272049e-09,-3.2272049e-09,1.3043909e-16,1.3043909e-16,0.014447525,0.014447525,-0.11554132,-0.11554132,-0.00032113294,-0.00032113294,-0.00032113639,-0.00032113639,-2.5132652e-05,-2.5132652e-05,0.057283119,0.057283119,-0.025765984,-0.025765984,0.036410255,0.036410255,-0.016145294,-0.016145294,0.020872864,0.020872864,-0.00962069,-0.00962069,0.020264962,0.020264962,0.011252174,0.011252174,0.020264961,0.020264961,0.011252174,0.011252174,3.1196189e-11,3.1196189e-11,-0.10109379,-0.10109379,2.6832294e-11,2.6832294e-11,-0.10109379,-0.10109379,0.014447525,0.014447525,-0.11554132,-0.11554132,0.034712486,0.034712486,0.057283119,0.057283119,-0.014447525,-0.014447525,5.5383909e-05,5.5383909e-05,-1.6755101e-05,-1.6755101e-05,3.9126621e-13,3.9126621e-13,3.8628807e-05,3.8628807e-05,0.019930532,0.019930532,-0.11559158,-0.11559158,18.76802,18.76802,-7.2235468,-7.2235468,7.8466208,7.8466208,-3.5727816,-3.5727816,-0.081869307,-0.081869307,-0.019224483,-0.019224483,0.0069424973,0.0069424973,-0.020857828,-0.020857828,4.6257145,4.6257145,-4.4750313,-4.4750313,0.00012470043,0.00012470043,-2.7190869e-16,-2.7190869e-16,-1.0329303e-15,-1.0329303e-15,3.0968066e-16,3.0968066e-16,2.0148506e-15,2.0148506e-15,-1.3059082e-14,-1.3059082e-14,0.00043127614,0.00043127614,2.161784e-08,2.161784e-08
0.033377481,0.033377481,-0.057088912,-0.057088912,-0.023711431,-0.023711431,0.12688478,0.12688478,0.0935073,0.0935073,0.042233862,0.042233862,-0.03402029,-0.03402029,0.042545573,0.042545573,-0.034020275,-0.034020275,-3.1953671e-09,-3.1953671e-09,1.3042297e-16,1.3042297e-16,0.014502389,0.014502389,-0.11555769,-0.11555769,-0.0003179956,-0.0003179956,-0.00031799905,-0.00031799905,-2.4554601e-05,-2.4554601e-05,0.057088912,0.057088912,-0.025829485,-0.025829485,0.036198545,0.036198545,-0.016201453,-0.016201453,0.020890367,0.020890367,-0.0096280317,-0.0096280317,0.019997091,0.019997091,0.011262336,0.011262336,0.019997091,0.019997091,0.011262336,0.011262336,3.0285554e-11,3.0285554e-11,-0.1010553,-0.1010553,2.5920501e-11,2.5920501e-11,-0.1010553,-0.1010553,0.014502389,0.014502389,-0.11555769,-0.11555769,0.03449948,0.03449948,0.057088912,0.057088912,-0.014502389,-0.014502389,5.4864161e-05,5.4864161e-05,-1.6369734e-05,-1.6369734e-05,-9.1179315e-13,-9.1179315e-13,3.8494428e-05,3.8494428e-05,0.019933941,0.019933941,-0.11560679,-0.11560679,18.782171,18.782171,-7.224459,-7.224459,7.8599979,7.8599979,-3.5732094,-3.5732094,-0.082180204,-0.082180204,-0.018875092,-0.018875092,0.006899896,0.006899896,-0.02085907,-0.02085907,4.6263699,4.6263699,-4.4769409,-4.4769409,0.00012183232,0.00012183232,-2.7270167e-16,-2.7270167e-16,-1.0342308e-15,-1.0342308e-15,3.078409e-16,3.078409e-16,2.0184116e-15,2.0184116e-15,-1.3068943e-14,-1.3068943e-14,0.00042860237,0.00042860237,2.0634855e-08,2.0634855e-08
0.0330855,0.0330855,-0.056894944,-0.056894944,-0.023809444,-0.023809444,0.12690921,0.12690921,0.093823713,0.093823713,0.042235793,0.042235793,-0.034090296,-0.034090296,0.042545556,0.042545556,-0.034090282,-0.034090282,-3.1644382e-09,-3.1644382e-09,1.3040721e-16,1.3040721e-16,0.014556737,0.014556737,-0.11557368,-0.11557368,-0.0003148852,-0.0003148852,-0.00031488865,-0.00031488865,-2.3989845e-05,-2.3989845e-05,0.056894944,0.056894944,-0.025892272,-0.025892272,0.035987476,0.035987476,-0.016257068,-0.016257068,0.020907468,0.020907468,-0.0096352045,-0.0096352045,0.019730408,0.019730408,0.011272264,0.011272264,0.019730408,0.019730408,0.011272264,0.011272264,3.0628927e-11,3.0628927e-11,-0.10101694,-0.10101694,2.6262742e-11,2.6262742e-11,-0.10101694,-0.10101694,0.014556737,0.014556737,-0.11557368,-0.11557368,0.034287146,0.034287146,0.056894944,0.056894944,-0.014556737,-0.014556737,5.4348339e-05,5.4348339e-05,-1.599323e-05,-1.599323e-05,3.4224102e-13,3.4224102e-13,3.8355109e-05,3.8355109e-05,0.019937223,0.019937223,-0.11562166,-0.11562166,18.796181,18.796181,-7.2253503,-7.2253503,7.8733019,7.8733019,-3.5736275,-3.5736275,-0.082488178,-0.082488178,-0.018528763,-0.018528763,0.0068574291,0.0068574291,-0.020860283,-0.020860283,4.6270102,4.6270102,-4.478826,-4.478826,0.00011903018,0.00011903018,-2.7349319e-16,-2.7349319e-16,-1.03552e-15,-1.03552e-15,3.0599265e-16,3.0599265e-16,2.0219559e-15,2.0219559e-15,-1.3078725e-14,-1.3078725e-14,0.00042592466,0.00042592466,1.9696567e-08,1.9696567e-08
0.032796052,0.032796052,-0.056701255,-0.056701255,-0.023905202,-0.023905202,0.12693308,0.12693308,0.094137031,0.094137031,0.042237123,0.042237123,-0.034159431,-0.034159431,0.042544936,0.042544936,-0.034159417,-0.034159417,-3.1331642e-09,-3.1331642e-09,1.303918e-16,1.303918e-16,0.014610574,0.014610574,-0.1155893,-0.1155893,-0.00031180157,-0.00031180157,-0.00031180502,-0.00031180502,-2.3438079e-05,-2.3438079e-05,0.056701255,0.056701255,-0.025954353,-0.025954353,0.035777079,0.035777079,-0.016312141,-0.016312141,0.020924176,0.020924176,-0.0096422123,-0.0096422123,0.019464938,0.019464938,0.011281964,0.011281964,0.019464938,0.019464938,0.011281964,0.011281964,2.9770823e-11,2.9770823e-11,-0.10097873,-0.10097873,2.5403532e-11,2.5403532e-11,-0.10097873,-0.10097873,0.014610574,0.014610574,-0.1155893,-0.1155893,0.034075512,0.034075512,0.056701255,0.056701255,-0.014610574,-0.014610574,5.3836439e-05,5.3836439e-05,-1.5625386e-05,-1.5625386e-05,-8.5920999e-13,-8.5920999e-13,3.8211054e-05,3.8211054e-05,0.019940381,0.019940381,-0.11563618,-0.11563618,18.810053,18.810053,-7.226221,-7.226221,7.8865321,7.8865321,-3.5740359,-3.5740359,-0.082793251,-0.082793251,-0.018185479,-0.018185479,0.0068151024,0.0068151024,-0.020861468,-0.020861468,4.6276358,4.6276358,-4.4806869,-4.4806869,0.00011629249,0.00011629249,-2.742831e-16,-2.742831e-16,-1.0367978e-15,-1.0367978e-15,3.0413663e-16,3.0413663e-16,2.0254833e-15,2.0254833e-15,-1.3088428e-14,-1.3088428e-14,0.00042324357,0.00042324357,1.8800945e-08,1.8800945e-08
0.032509124,0.032509124,-0.056507882,-0.056507882,-0.023998758,-0.023998758,0.1269564,0.1269564,0.09444728,0.09444728,0.042237871,0.042237871,-0.034227706,-0.034227706,0.042543733,0.042543733,-0.034227693,-0.034227693,-3.1027468e-09,-3.1027468e-09,1.3037672e-16,1.3037672e-16,0.014663902,0.014663902,-0.11560457,-0.11560457,-0.0003087446,-0.0003087446,-0.00030874805,-0.00030874805,-2.2899003e-05,-2.2899003e-05,0.056507882,0.056507882,-0.026015736,-0.026015736,0.035567383,0.035567383,-0.016366677,-0.016366677,0.020940499,0.020940499,-0.009649059,-0.009649059,0.019200706,0.019200706,0.01129144,0.01129144,0.019200705,0.019200705,0.01129144,0.01129144,3.0069232e-11,3.0069232e-11,-0.10094067,-0.10094067,2.5700861e-11,2.5700861e-11,-0.10094067,-0.10094067,0.014663902,0.014663902,-0.11560457,-0.11560457,0.033864608,0.033864608,0.056507882,0.056507882,-0.014663902,-0.014663902,5.3328455e-05,5.3328455e-05,-1.5266002e-05,-1.5266002e-05,2.9732838e-13,2.9732838e-13,3.8062453e-05,3.8062453e-05,0.019943419,0.019943419,-0.11565037,-0.11565037,18.823786,18.823786,-7.2270717,-7.2270717,7.8996877,7.8996877,-3.5744349,-3.5744349,-0.083095446,-0.083095446,-0.017845222,-0.017845222,0.0067729216,0.0067729216,-0.020862626,-0.020862626,4.6282469,4.6282469,-4.482524,-4.482524,0.00011361776,0.00011361776,-2.7507127e-16,-2.7507127e-16,-1.0380644e-15,-1.0380644e-15,3.0227354e-16,3.0227354e-16,2.0289934e-15,2.0289934e-15,-1.3098052e-14,-1.3098052e-14,0.00042055965,0.00042055965,1.7946047e-08,1.7946047e-08
0.032224701,0.032224701,-0.056314863,-0.056314863,-0.024090163,-0.024090163,0.12697919,0.12697919,0.094754488,0.094754488,0.042238058,0.042238058,-0.034295133,-0.034295133,0.042541966,0.042541966,-0.03429512,-0.03429512,-3.0720292e-09,-3.0720292e-09,1.3036198e-16,1.3036198e-16,0.014716727,0.014716727,-0.11561948,-0.11561948,-0.00030571413,-0.00030571413,-0.00030571758,-0.00030571758,-2.2372326e-05,-2.2372326e-05,0.056314863,0.056314863,-0.02607643,-0.02607643,0.035358416,0.035358416,-0.016420682,-0.016420682,0.020956447,0.020956447,-0.0096557481,-0.0096557481,0.018937734,0.018937734,0.011300699,0.011300699,0.018937734,0.018937734,0.011300699,0.011300699,2.925986e-11,2.925986e-11,-0.10090276,-0.10090276,2.4890434e-11,2.4890434e-11,-0.10090276,-0.10090276,0.014716727,0.014716727,-0.11561948,-0.11561948,0.03365446,0.03365446,0.056314863,0.056314863,-0.014716727,-0.014716727,5.282438e-05,5.282438e-05,-1.4914884e-05,-1.4914884e-05,-8.1042671e-13,-8.1042671e-13,3.7909497e-05,3.7909497e-05,0.01994634,0.01994634,-0.11566423,-0.11566423,18.837382,18.837382,-7.2279029,-7.2279029,7.9127679,7.9127679,-3.5748248,-3.5748248,-0.083394784,-0.083394784,-0.017507974,-0.017507974,0.0067308921,0.0067308921,-0.020863757,-0.020863757,4.6288441,4.6288441,-4.4843376,-4.4843376,0.00011100455,0.00011100455,-2.7585756e-16,-2.7585756e-16,-1.0393199e-15,-1.0393199e-15,3.0040408e-16,3.0040408e-16,2.032486e-15,2.032486e-15,-1.3107597e-14,-1.3107597e-14,0.00041787343,0.00041787343,1.7130022e-08,1.7130022e-08
0.031942769,0.031942769,-0.056122233,-0.056122233,-0.024179464,-0.024179464,0.12700145,0.12700145,0.09505868,0.09505868,0.042237702,0.042237702,-0.034361724,-0.034361724,0.042539655,0.042539655,-0.034361712,-0.034361712,-3.0421194e-09,-3.0421194e-09,1.3034756e-16,1.3034756e-16,0.014769051,0.014769051,-0.11563406,-0.11563406,-0.00030271003,-0.00030271003,-0.00030271348,-0.00030271348,-2.1857762e-05,-2.1857762e-05,0.056122233,0.056122233,-0.026136443,-0.026136443,0.035150205,0.035150205,-0.01647416,-0.01647416,0.020972028,0.020972028,-0.0096622835,-0.0096622835,0.018676045,0.018676045,0.011309745,0.011309745,0.018676045,0.018676045,0.011309745,0.011309745,2.9517098e-11,2.9517098e-11,-0.10086501,-0.10086501,2.514664e-11,2.514664e-11,-0.10086501,-0.10086501,0.014769051,0.014769051,-0.11563406,-0.11563406,0.033445096,0.033445096,0.056122233,0.056122233,-0.014769051,-0.014769051,5.2324207e-05,5.2324207e-05,-1.4571841e-05,-1.4571841e-05,2.5620628e-13,2.5620628e-13,3.7752365e-05,3.7752365e-05,0.019949147,0.019949147,-0.11567777,-0.11567777,18.850843,18.850843,-7.2287149,-7.2287149,7.925772,7.925772,-3.5752057,-3.5752057,-0.083691288,-0.083691288,-0.017173718,-0.017173718,0.0066890192,0.0066890192,-0.020864862,-0.020864862,4.6294274,4.6294274,-4.4861281,-4.4861281,0.00010845145,0.00010845145,-2.7664184e-16,-2.7664184e-16,-1.0405642e-15,-1.0405642e-15,2.985289e-16,2.985289e-16,2.0359607e-15,2.0359607e-15,-1.3117064e-14,-1.3117064e-14,0.00041518544,0.00041518544,1.6351103e-08,1.6351103e-08
0.031663314,0.031663314,-0.055930026,-0.055930026,-0.024266712,-0.024266712,0.1270232,0.1270232,0.095359884,0.095359884,0.042236821,0.042236821,-0.03442749,-0.03442749,0.042536818,0.042536818,-0.034427479,-0.034427479,-3.0119507e-09,-3.0119507e-09,1.3033346e-16,1.3033346e-16,0.014820879,0.014820879,-0.11564829,-0.11564829,-0.00029973213,-0.00029973213,-0.00029973559,-0.00029973559,-2.1355034e-05,-2.1355034e-05,0.055930026,0.055930026,-0.026195783,-0.026195783,0.034942775,0.034942775,-0.016527114,-0.016527114,0.020987251,0.020987251,-0.0096686685,-0.0096686685,0.018415661,0.018415661,0.011318582,0.011318582,0.018415661,0.018415661,0.011318582,0.011318582,2.8752956e-11,2.8752956e-11,-0.10082741,-0.10082741,2.4381491e-11,2.4381491e-11,-0.10082741,-0.10082741,0.014820879,0.014820879,-0.11564829,-0.11564829,0.03323654,0.03323654,0.055930026,0.055930026,-0.014820879,-0.014820879,5.1827928e-05,5.1827928e-05,-1.4236689e-05,-1.4236689e-05,-7.6514934e-13,-7.6514934e-13,3.759124e-05,3.759124e-05,0.019951844,0.019951844,-0.115691,-0.115691,18.864169,18.864169,-7.2295083,-7.2295083,7.9386995,7.9386995,-3.5755778,-3.5755778,-0.08398498,-0.08398498,-0.016842435,-0.016842435,0.0066473079,0.0066473079,-0.020865942,-0.020865942,4.6299974,4.6299974,-4.4878958,-4.4878958,0.00010595706,0.00010595706,-2.7742399e-16,-2.7742399e-16,-1.0417975e-15,-1.0417975e-15,2.9664866e-16,2.9664866e-16,2.0394174e-15,2.0394174e-15,-1.3126453e-14,-1.3126453e-14,0.00041249619,0.00041249619,1.5607602e-08,1.5607602e-08
0.031386322,0.031386322,-0.055738275,-0.055738275,-0.024351954,-0.024351954,0.12704445,0.12704445,0.095658124,0.095658124,0.042235434,0.042235434,-0.034492444,-0.034492444,0.042533474,0.042533474,-0.034492433,-0.034492433,-2.9825446e-09,-2.9825446e-09,1.3031966e-16,1.3031966e-16,0.014872214,0.014872214,-0.1156622,-0.1156622,-0.00029678032,-0.00029678032,-0.00029678378,-0.00029678378,-2.0863868e-05,-2.0863868e-05,0.055738275,0.055738275,-0.026254457,-0.026254457,0.034736152,0.034736152,-0.016579551,-0.016579551,0.021002123,0.021002123,-0.0096749066,-0.0096749066,0.018156601,0.018156601,0.011327217,0.011327217,0.018156601,0.018156601,0.011327217,0.011327217,2.8972518e-11,2.8972518e-11,-0.10078999,-0.10078999,2.4600069e-11,2.4600069e-11,-0.10078999,-0.10078999,0.014872214,0.014872214,-0.1156622,-0.1156622,0.033028815,0.033028815,0.055738275,0.055738275,-0.014872214,-0.014872214,5.1335535e-05,5.1335535e-05,-1.3909245e-05,-1.3909245e-05,2.185776e-13,2.185776e-13,3.742629e-05,3.742629e-05,0.019954432,0.019954432,-0.11570393,-0.11570393,18.877362,18.877362,-7.2302834,-7.2302834,7.9515497,7.9515497,-3.5759414,-3.5759414,-0.084275881,-0.084275881,-0.016514107,-0.016514107,0.0066057631,0.0066057631,-0.020866997,-0.020866997,4.6305543,4.6305543,-4.489641,-4.489641,0.00010352005,0.00010352005,-2.7820389e-16,-2.7820389e-16,-1.0430198e-15,-1.0430198e-15,2.9476396e-16,2.9476396e-16,2.0428557e-15,2.0428557e-15,-1.3135764e-14,-1.3135764e-14,0.00040980617,0.00040980617,1.4897909e-08,1.4897909e-08
0.031111778,0.031111778,-0.055547012,-0.055547012,-0.024435234,-0.024435234,0.12706521,0.12706521,0.095953427,0.095953427,0.042233557,0.042233557,-0.034556596,-0.034556596,0.042529641,0.042529641,-0.034556586,-0.034556586,-2.9529173e-09,-2.9529173e-09,1.3030618e-16,1.3030618e-16,0.014923061,0.014923061,-0.11567579,-0.11567579,-0.00029385442,-0.00029385442,-0.00029385788,-0.00029385788,-2.0383999e-05,-2.0383999e-05,0.055547012,0.055547012,-0.026312475,-0.026312475,0.034530358,0.034530358,-0.016631473,-0.016631473,0.021016654,0.021016654,-0.0096810013,-0.0096810013,0.017898885,0.017898885,0.011335653,0.011335653,0.017898885,0.017898885,0.011335653,0.011335653,2.8250373e-11,2.8250373e-11,-0.10075273,-0.10075273,2.3876962e-11,2.3876962e-11,-0.10075273,-0.10075273,0.014923061,0.014923061,-0.11567579,-0.11567579,0.032821946,0.032821946,0.055547012,0.055547012,-0.014923061,-0.014923061,5.0847019e-05,5.0847019e-05,-1.3589333e-05,-1.3589333e-05,-7.2310694e-13,-7.2310694e-13,3.7257687e-05,3.7257687e-05,0.019956916,0.019956916,-0.11571656,-0.11571656,18.890423,18.890423,-7.2310407,-7.2310407,7.964322,7.964322,-3.5762966,-3.5762966,-0.084564014,-0.084564014,-0.016188716,-0.016188716,0.0065643892,0.0065643892,-0.020868028,-0.020868028,4.6310983,4.6310983,-4.491364,-4.491364,0.00010113909,0.00010113909,-2.7898141e-16,-2.7898141e-16,-1.0442312e-15,-1.0442312e-15,2.9287542e-16,2.9287542e-16,2.0462754e-15,2.0462754e-15,-1.3144998e-14,-1.3144998e-14,0.00040711587,0.00040711587,1.4220486e-08,1.4220486e-08
0.030839668,0.030839668,-0.055356267,-0.055356267,-0.0245166,-0.0245166,0.12708549,0.12708549,0.096245819,0.096245819,0.042231208,0.042231208,-0.034619957,-0.034619957,0.042525336,0.042525336,-0.034619947,-0.034619947,-2.9240105e-09,-2.9240105e-09,1.3029298e-16,1.3029298e-16,0.014973424,0.014973424,-0.11568907,-0.11568907,-0.00029095431,-0.00029095431,-0.00029095776,-0.00029095776,-1.9915167e-05,-1.9915167e-05,0.055356267,0.055356267,-0.026369842,-0.026369842,0.034325417,0.034325417,-0.016682886,-0.016682886,0.02103085,0.02103085,-0.0096869558,-0.0096869558,0.017642531,0.017642531,0.011343894,0.011343894,0.017642531,0.017642531,0.011343894,0.011343894,2.8435481e-11,2.8435481e-11,-0.10071564,-0.10071564,2.406113e-11,2.406113e-11,-0.10071564,-0.10071564,0.014973424,0.014973424,-0.11568907,-0.11568907,0.032615954,0.032615954,0.055356267,0.055356267,-0.014973424,-0.014973424,5.0362369e-05,5.0362369e-05,-1.3276778e-05,-1.3276778e-05,1.8416821e-13,1.8416821e-13,3.7085591e-05,3.7085591e-05,0.019959298,0.019959298,-0.1157289,-0.1157289,18.903354,18.903354,-7.2317805,-7.2317805,7.977016,7.977016,-3.5766436,-3.5766436,-0.084849401,-0.084849401,-0.015866244,-0.015866244,0.0065231909,0.0065231909,-0.020869035,-0.020869035,4.6316299,4.6316299,-4.4930652,-4.4930652,9.8812891e-05,9.8812891e-05,-2.7975646e-16,-2.7975646e-16,-1.0454318e-15,-1.0454318e-15,2.9098361e-16,2.9098361e-16,2.0496764e-15,2.0496764e-15,-1.3154154e-14,-1.3154154e-14,0.00040442576,0.00040442576,1.3573866e-08,1.3573866e-08
0.030569977,0.030569977,-0.05516607,-0.05516607,-0.024596093,-0.024596093,0.1271053,0.1271053,0.096535326,0.096535326,0.042228403,0.042228403,-0.034682539,-0.034682539,0.042520575,0.042520575,-0.034682529,-0.034682529,-2.8949171e-09,-2.8949171e-09,1.3028008e-16,1.3028008e-16,0.015023305,0.015023305,-0.11570204,-0.11570204,-0.0002880798,-0.0002880798,-0.00028808326,-0.00028808326,-1.9457118e-05,-1.9457118e-05,0.05516607,0.05516607,-0.026426568,-0.026426568,0.03412135,0.03412135,-0.016733795,-0.016733795,0.02104472,0.02104472,-0.0096927734,-0.0096927734,0.017387556,0.017387556,0.011351947,0.011351947,0.017387556,0.017387556,0.011351947,0.011351947,2.7752349e-11,2.7752349e-11,-0.10067873,-0.10067873,2.337708e-11,2.337708e-11,-0.10067873,-0.10067873,0.015023305,0.015023305,-0.11570204,-0.11570204,0.032410861,0.032410861,0.05516607,0.05516607,-0.015023305,-0.015023305,4.9881576e-05,4.9881576e-05,-1.2971412e-05,-1.2971412e-05,-6.8404982e-13,-6.8404982e-13,3.6910164e-05,3.6910164e-05,0.019961581,0.019961581,-0.11574095,-0.11574095,18.916155,18.916155,-7.2325034,-7.2325034,7.989631,7.989631,-3.5769827,-3.5769827,-0.085132063,-0.085132063,-0.015546672,-0.015546672,0.0064821722,0.0064821722,-0.020870019,-0.020870019,4.6321492,4.6321492,-4.4947449,-4.4947449,9.6540194e-05,9.6540194e-05,-2.8052892e-16,-2.8052892e-16,-1.0466216e-15,-1.0466216e-15,2.8908912e-16,2.8908912e-16,2.0530585e-15,2.0530585e-15,-1.3163234e-14,-1.3163234e-14,0.00040173631,0.00040173631,1.2956649e-08,1.2956649e-08
0.03030269,0.03030269,-0.054976449,-0.054976449,-0.024673759,-0.024673759,0.12712466,0.12712466,0.096821972,0.096821972,0.042225159,0.042225159,-0.034744351,-0.034744351,0.042515376,0.042515376,-0.034744342,-0.034744342,-2.8665052e-09,-2.8665052e-09,1.3026746e-16,1.3026746e-16,0.01507271,0.01507271,-0.11571471,-0.11571471,-0.00028523078,-0.00028523078,-0.00028523424,-0.00028523424,-1.9009604e-05,-1.9009604e-05,0.054976449,0.054976449,-0.026482659,-0.026482659,0.033918179,0.033918179,-0.016784202,-0.016784202,0.021058271,0.021058271,-0.0096984571,-0.0096984571,0.017133976,0.017133976,0.011359814,0.011359814,0.017133976,0.017133976,0.011359814,0.011359814,2.7905972e-11,2.7905972e-11,-0.100642,-0.100642,2.3529805e-11,2.3529805e-11,-0.100642,-0.100642,0.01507271,0.01507271,-0.11571471,-0.11571471,0.032206686,0.032206686,0.054976449,0.054976449,-0.01507271,-0.01507271,4.9404627e-05,4.9404627e-05,-1.267307e-05,-1.267307e-05,1.5272517e-13,1.5272517e-13,3.6731557e-05,3.6731557e-05,0.019963768,0.019963768,-0.11575273,-0.11575273,18.928827,18.928827,-7.2332096,-7.2332096,8.0021668,8.0021668,-3.5773139,-3.5773139,-0.085412023,-0.085412023,-0.015229981,-0.015229981,0.0064413372,0.0064413372,-0.02087098,-0.02087098,4.6326565,4.6326565,-4.4964034,-4.4964034,9.431977e-05,9.431977e-05,-2.8129868e-16,-2.8129868e-16,-1.0478007e-15,-1.0478007e-15,2.8719247e-16,2.8719247e-16,2.0564213e-15,2.0564213e-15,-1.3172238e-14,-1.3172238e-14,0.00039904797,0.00039904797,1.2367497e-08,1.2367497e-08
0.030037793,0.030037793,-0.054787432,-0.054787432,-0.024749638,-0.024749638,0.12714358,0.12714358,0.097105784,0.097105784,0.04222149,0.04222149,-0.034805405,-0.034805405,0.042509753,0.042509753,-0.034805396,-0.034805396,-2.8379381e-09,-2.8379381e-09,1.3025512e-16,1.3025512e-16,0.015121641,0.015121641,-0.11572709,-0.11572709,-0.00028240706,-0.00028240706,-0.00028241052,-0.00028241052,-1.8572384e-05,-1.8572384e-05,0.054787432,0.054787432,-0.026538124,-0.026538124,0.033715922,0.033715922,-0.016834114,-0.016834114,0.02107151,0.02107151,-0.0097040102,-0.0097040102,0.016881808,0.016881808,0.0113675,0.0113675,0.016881808,0.016881808,0.0113675,0.0113675,2.72591e-11,2.72591e-11,-0.10060545,-0.10060545,2.2882057e-11,2.2882057e-11,-0.10060545,-0.10060545,0.015121641,0.015121641,-0.11572709,-0.11572709,0.032003449,0.032003449,0.054787432,0.054787432,-0.015121641,-0.015121641,4.8931512e-05,4.8931512e-05,-1.2381589e-05,-1.2381589e-05,-6.4774786e-13,-6.4774786e-13,3.6549924e-05,3.6549924e-05,0.019965861,0.019965861,-0.11576424,-0.11576424,18.941373,18.941373,-7.2338996,-7.2338996,8.0146228,8.0146228,-3.5776376,-3.5776376,-0.085689301,-0.085689301,-0.014916152,-0.014916152,0.0064006899,0.0064006899,-0.020871919,-0.020871919,4.6331522,4.6331522,-4.498041,-4.498041,9.2150415e-05,9.2150415e-05,-2.8206566e-16,-2.8206566e-16,-1.0489692e-15,-1.0489692e-15,2.8529421e-16,2.8529421e-16,2.0597648e-15,2.0597648e-15,-1.3181165e-14,-1.3181165e-14,0.00039636119,0.00039636119,1.1805135e-08,1.1805135e-08
0.029775271,0.029775271,-0.054599043,-0.054599043,-0.024823772,-0.024823772,0.12716206,0.12716206,0.097386786,0.097386786,0.042217413,0.042217413,-0.034865711,-0.034865711,0.042503723,0.042503723,-0.034865703,-0.034865703,-2.8100164e-09,-2.8100164e-09,1.3024304e-16,1.3024304e-16,0.015170104,0.015170104,-0.11573919,-0.11573919,-0.00027960852,-0.00027960852,-0.00027961198,-0.00027961198,-1.8145219e-05,-1.8145219e-05,0.054599043,0.054599043,-0.026592969,-0.026592969,0.033514599,0.033514599,-0.016883533,-0.016883533,0.021084445,0.021084445,-0.0097094355,-0.0097094355,0.016631065,0.016631065,0.011375009,0.011375009,0.016631065,0.016631065,0.011375009,0.011375009,2.7383972e-11,2.7383972e-11,-0.10056909,-0.10056909,2.3006072e-11,2.3006072e-11,-0.10056909,-0.10056909,0.015170104,0.015170104,-0.11573919,-0.11573919,0.031801169,0.031801169,0.054599043,0.054599043,-0.015170104,-0.015170104,4.8462218e-05,4.8462218e-05,-1.2096812e-05,-1.2096812e-05,1.2401513e-13,1.2401513e-13,3.6365406e-05,3.6365406e-05,0.019967863,0.019967863,-0.11577548,-0.11577548,18.953792,18.953792,-7.2345737,-7.2345737,8.0269987,8.0269987,-3.5779537,-3.5779537,-0.08596392,-0.08596392,-0.014605167,-0.014605167,0.0063602338,0.0063602338,-0.020872836,-0.020872836,4.6336365,4.6336365,-4.499658,-4.499658,9.0030955e-05,9.0030955e-05,-2.8282976e-16,-2.8282976e-16,-1.0501271e-15,-1.0501271e-15,2.8339485e-16,2.8339485e-16,2.0630888e-15,2.0630888e-15,-1.3190017e-14,-1.3190017e-14,0.00039367638,0.00039367638,1.1268343e-08,1.1268343e-08
0.029515108,0.029515108,-0.054411309,-0.054411309,-0.024896201,-0.024896201,0.12718011,0.12718011,0.097665003,0.097665003,0.042212941,0.042212941,-0.034925279,-0.034925279,0.0424973,0.0424973,-0.034925271,-0.034925271,-2.7819683e-09,-2.7819683e-09,1.3023123e-16,1.3023123e-16,0.0152181,0.0152181,-0.11575101,-0.11575101,-0.00027683498,-0.00027683498,-0.00027683844,-0.00027683844,-1.7727879e-05,-1.7727879e-05,0.054411309,0.054411309,-0.026647201,-0.026647201,0.033314227,0.033314227,-0.016932466,-0.016932466,0.021097082,0.021097082,-0.009714736,-0.009714736,0.016381762,0.016381762,0.011382346,0.011382346,0.016381762,0.016381762,0.011382346,0.011382346,2.6770819e-11,2.6770819e-11,-0.10053291,-0.10053291,2.2392083e-11,2.2392083e-11,-0.10053291,-0.10053291,0.0152181,0.0152181,-0.11575101,-0.11575101,0.031599862,0.031599862,0.054411309,0.054411309,-0.0152181,-0.0152181,4.7996733e-05,4.7996733e-05,-1.1818586e-05,-1.1818586e-05,-6.13989e-13,-6.13989e-13,3.6178148e-05,3.6178148e-05,0.019969777,0.019969777,-0.11578647,-0.11578647,18.966087,18.966087,-7.2352323,-7.2352323,8.0392941,8.0392941,-3.5782627,-3.5782627,-0.086235902,-0.086235902,-0.014297008,-0.014297008,0.0063199724,0.0063199724,-0.020873733,-0.020873733,4.6341097,4.6341097,-4.5012547,-4.5012547,8.7960243e-05,8.7960243e-05,-2.8359088e-16,-2.8359088e-16,-1.0512745e-15,-1.0512745e-15,2.8149489e-16,2.8149489e-16,2.0663931e-15,2.0663931e-15,-1.3198793e-14,-1.3198793e-14,0.00039099397,0.00039099397,1.0755961e-08,1.0755961e-08
0.02925729,0.02925729,-0.054224254,-0.054224254,-0.024966964,-0.024966964,0.12719775,0.12719775,0.097940461,0.097940461,0.04220809,0.04220809,-0.034984119,-0.034984119,0.0424905,0.0424905,-0.034984112,-0.034984112,-2.7545318e-09,-2.7545318e-09,1.3021968e-16,1.3021968e-16,0.015265635,0.015265635,-0.11576256,-0.11576256,-0.0002740863,-0.0002740863,-0.00027408976,-0.00027408976,-1.7320137e-05,-1.7320137e-05,0.054224254,0.054224254,-0.026700829,-0.026700829,0.033114825,0.033114825,-0.016980914,-0.016980914,0.021109428,0.021109428,-0.0097199146,-0.0097199146,0.016133911,0.016133911,0.011389514,0.011389514,0.016133911,0.016133911,0.011389514,0.011389514,2.6869459e-11,2.6869459e-11,-0.10049692,-0.10049692,2.2489906e-11,2.2489906e-11,-0.10049692,-0.10049692,0.015265635,0.015265635,-0.11576256,-0.11576256,0.031399546,0.031399546,0.054224254,0.054224254,-0.015265635,-0.015265635,4.7535043e-05,4.7535043e-05,-1.1546758e-05,-1.1546758e-05,9.7822789e-14,9.7822789e-14,3.5988285e-05,3.5988285e-05,0.019971605,0.019971605,-0.1157972,-0.1157972,18.978258,18.978258,-7.2358758,-7.2358758,8.0515086,8.0515086,-3.5785645,-3.5785645,-0.086505267,-0.086505267,-0.013991654,-0.013991654,0.0062799093,0.0062799093,-0.020874609,-0.020874609,4.634572,4.634572,-4.5028313,-4.5028313,8.5937158e-05,8.5937158e-05,-2.8434894e-16,-2.8434894e-16,-1.0524115e-15,-1.0524115e-15,2.795948e-16,2.795948e-16,2.0696775e-15,2.0696775e-15,-1.3207494e-14,-1.3207494e-14,0.00038831438,0.00038831438,1.0266876e-08,1.0266876e-08
0.0290018,0.0290018,-0.0540379,-0.0540379,-0.025036099,-0.025036099,0.12721498,0.12721498,0.098213184,0.098213184,0.042202872,0.042202872,-0.035042241,-0.035042241,0.042483336,0.042483336,-0.035042234,-0.035042234,-2.7269951e-09,-2.7269951e-09,1.3020839e-16,1.3020839e-16,0.015312713,0.015312713,-0.11577384,-0.11577384,-0.0002713623,-0.0002713623,-0.00027136576,-0.00027136576,-1.6921774e-05,-1.6921774e-05,0.0540379,0.0540379,-0.026753858,-0.026753858,0.032916409,0.032916409,-0.017028884,-0.017028884,0.021121491,0.021121491,-0.0097249741,-0.0097249741,0.015887525,0.015887525,0.011396517,0.011396517,0.015887525,0.015887525,0.011396517,0.011396517,2.628768e-11,2.628768e-11,-0.10046113,-0.10046113,2.1907329e-11,2.1907329e-11,-0.10046113,-0.10046113,0.015312713,0.015312713,-0.11577384,-0.11577384,0.031200237,0.031200237,0.0540379,0.0540379,-0.015312713,-0.015312713,4.7077135e-05,4.7077135e-05,-1.1281183e-05,-1.1281183e-05,-5.8257777e-13,-5.8257777e-13,3.5795952e-05,3.5795952e-05,0.019973349,0.019973349,-0.11580768,-0.11580768,18.990307,18.990307,-7.2365044,-7.2365044,8.0636421,8.0636421,-3.5788594,-3.5788594,-0.086772038,-0.086772038,-0.013689088,-0.013689088,0.0062400475,0.0062400475,-0.020875464,-0.020875464,4.6350236,4.6350236,-4.5043883,-4.5043883,8.3960603e-05,8.3960603e-05,-2.8510386e-16,-2.8510386e-16,-1.0535381e-15,-1.0535381e-15,2.7769505e-16,2.7769505e-16,2.072942e-15,2.072942e-15,-1.3216121e-14,-1.3216121e-14,0.00038563798,0.00038563798,9.8000311e-09,9.8000311e-09
0.028748625,0.028748625,-0.05385227,-0.05385227,-0.025103645,-0.025103645,0.12723182,0.12723182,0.098483196,0.098483196,0.042197303,0.042197303,-0.035099655,-0.035099655,0.042475823,0.042475823,-0.035099649,-0.035099649,-2.7000387e-09,-2.7000387e-09,1.3019734e-16,1.3019734e-16,0.015359336,0.015359336,-0.11578486,-0.11578486,-0.00026866286,-0.00026866286,-0.00026866632,-0.00026866632,-1.6532574e-05,-1.6532574e-05,0.05385227,0.05385227,-0.026806297,-0.026806297,0.032718994,0.032718994,-0.01707638,-0.01707638,0.021133276,0.021133276,-0.0097299172,-0.0097299172,0.015642614,0.015642614,0.011403358,0.011403358,0.015642614,0.015642614,0.011403358,0.011403358,2.636241e-11,2.636241e-11,-0.10042552,-0.10042552,2.1981278e-11,2.1981278e-11,-0.10042552,-0.10042552,0.015359336,0.015359336,-0.11578486,-0.11578486,0.03100195,0.03100195,0.05385227,0.05385227,-0.015359336,-0.015359336,4.6622994e-05,4.6622994e-05,-1.1021716e-05,-1.1021716e-05,7.3949485e-14,7.3949485e-14,3.5601278e-05,3.5601278e-05,0.019975012,0.019975012,-0.11581792,-0.11581792,19.002234,19.002234,-7.2371186,-7.2371186,8.0756942,8.0756942,-3.5791474,-3.5791474,-0.087036235,-0.087036235,-0.01338929,-0.01338929,0.00620039,0.00620039,-0.0208763,-0.0208763,4.6354649,4.6354649,-4.5059257,-4.5059257,8.2029509e-05,8.2029509e-05,-2.8585555e-16,-2.8585555e-16,-1.0546545e-15,-1.0546545e-15,2.757961e-16,2.757961e-16,2.0761863e-15,2.0761863e-15,-1.3224673e-14,-1.3224673e-14,0.00038296519,0.00038296519,9.3544139e-09,9.3544139e-09
0.028497749,0.028497749,-0.053667385,-0.053667385,-0.025169637,-0.025169637,0.12724827,0.12724827,0.098750522,0.098750522,0.042191394,0.042191394,-0.035156371,-0.035156371,0.042467974,0.042467974,-0.035156364,-0.035156364,-2.6730061e-09,-2.6730061e-09,1.3018653e-16,1.3018653e-16,0.015405508,0.015405508,-0.11579563,-0.11579563,-0.00026598778,-0.00026598778,-0.00026599124,-0.00026599124,-1.6152324e-05,-1.6152324e-05,0.053667385,0.053667385,-0.026858151,-0.026858151,0.032522595,0.032522595,-0.017123405,-0.017123405,0.02114479,0.02114479,-0.0097347467,-0.0097347467,0.015399191,0.015399191,0.011410043,0.011410043,0.015399191,0.015399191,0.011410043,0.011410043,2.5809838e-11,2.5809838e-11,-0.10039012,-0.10039012,2.1427944e-11,2.1427944e-11,-0.10039012,-0.10039012,0.015405508,0.015405508,-0.11579563,-0.11579563,0.030804699,0.030804699,0.053667385,0.053667385,-0.015405508,-0.015405508,4.6172605e-05,4.6172605e-05,-1.0768216e-05,-1.0768216e-05,-5.5333404e-13,-5.5333404e-13,3.540439e-05,3.540439e-05,0.019976596,0.019976596,-0.11582793,-0.11582793,19.014041,19.014041,-7.2377187,-7.2377187,8.0876647,8.0876647,-3.5794289,-3.5794289,-0.087297879,-0.087297879,-0.01309224,-0.01309224,0.0061609398,0.0061609398,-0.020877117,-0.020877117,4.635896,4.635896,-4.507444,-4.507444,8.0142831e-05,8.0142831e-05,-2.8660394e-16,-2.8660394e-16,-1.0557606e-15,-1.0557606e-15,2.7389837e-16,2.7389837e-16,2.0794104e-15,2.0794104e-15,-1.3233152e-14,-1.3233152e-14,0.00038029636,0.00038029636,8.9290593e-09,8.9290593e-09
0.028249155,0.028249155,-0.053483266,-0.053483266,-0.025234111,-0.025234111,0.12726434,0.12726434,0.099015187,0.099015187,0.04218516,0.04218516,-0.035212397,-0.035212397,0.042459801,0.042459801,-0.035212391,-0.035212391,-2.6465246e-09,-2.6465246e-09,1.3017595e-16,1.3017595e-16,0.015451234,0.015451234,-0.11580615,-0.11580615,-0.00026333692,-0.00026333692,-0.00026334039,-0.00026334039,-1.5780821e-05,-1.5780821e-05,0.053483266,0.053483266,-0.026909428,-0.026909428,0.032327227,0.032327227,-0.017169963,-0.017169963,0.021156039,0.021156039,-0.009739465,-0.009739465,0.015157264,0.015157264,0.011416574,0.011416574,0.015157264,0.015157264,0.011416574,0.011416574,2.5862795e-11,2.5862795e-11,-0.10035491,-0.10035491,2.1480156e-11,2.1480156e-11,-0.10035491,-0.10035491,0.015451234,0.015451234,-0.11580615,-0.11580615,0.030608498,0.030608498,0.053483266,0.053483266,-0.015451234,-0.015451234,4.5725955e-05,4.5725955e-05,-1.0520547e-05,-1.0520547e-05,5.2211943e-14,5.2211943e-14,3.5205408e-05,3.5205408e-05,0.019978104,0.019978104,-0.11583771,-0.11583771,19.025729,19.025729,-7.238305,-7.238305,8.0995534,8.0995534,-3.5797039,-3.5797039,-0.087556993,-0.087556993,-0.012797921,-0.012797921,0.0061216996,0.0061216996,-0.020877915,-0.020877915,4.6363172,4.6363172,-4.5089433,-4.5089433,7.8299546e-05,7.8299546e-05,-2.8734896e-16,-2.8734896e-16,-1.0568566e-15,-1.0568566e-15,2.7200228e-16,2.7200228e-16,2.0826142e-15,2.0826142e-15,-1.3241557e-14,-1.3241557e-14,0.00037763187,0.00037763187,8.5230461e-09,8.5230461e-09
0.02800283,0.02800283,-0.053299932,-0.053299932,-0.025297102,-0.025297102,0.12728004,0.12728004,0.099277214,0.099277214,0.042178612,0.042178612,-0.035267744,-0.035267744,0.042451319,0.042451319,-0.035267738,-0.035267738,-2.6199886e-09,-2.6199886e-09,1.3016561e-16,1.3016561e-16,0.015496517,0.015496517,-0.11581643,-0.11581643,-0.00026071012,-0.00026071012,-0.00026071359,-0.00026071359,-1.5417862e-05,-1.5417862e-05,0.053299932,0.053299932,-0.026960135,-0.026960135,0.032132902,0.032132902,-0.01721606,-0.01721606,0.021167029,0.021167029,-0.0097440749,-0.0097440749,0.014916843,0.014916843,0.011422954,0.011422954,0.014916843,0.014916843,0.011422954,0.011422954,2.5337431e-11,2.5337431e-11,-0.10031991,-0.10031991,2.0954064e-11,2.0954064e-11,-0.10031991,-0.10031991,0.015496517,0.015496517,-0.11581643,-0.11581643,0.03041336,0.03041336,0.053299932,0.053299932,-0.015496517,-0.015496517,4.5283027e-05,4.5283027e-05,-1.0278575e-05,-1.0278575e-05,-5.2609182e-13,-5.2609182e-13,3.5004453e-05,3.5004453e-05,0.019979537,0.019979537,-0.11584726,-0.11584726,19.037299,19.037299,-7.2388778,-7.2388778,8.1113602,8.1113602,-3.5799726,-3.5799726,-0.087813597,-0.087813597,-0.012506313,-0.012506313,0.006082672,0.006082672,-0.020878695,-0.020878695,4.6367287,4.6367287,-4.510424,-4.510424,7.6498656e-05,7.6498656e-05,-2.8809053e-16,-2.8809053e-16,-1.0579426e-15,-1.0579426e-15,2.7010825e-16,2.7010825e-16,2.0857975e-15,2.0857975e-15,-1.3249889e-14,-1.3249889e-14,0.00037497208,0.00037497208,8.1354947e-09,8.1354947e-09
0.027758757,0.027758757,-0.053117401,-0.053117401,-0.025358644,-0.025358644,0.12729539,0.12729539,0.099536628,0.099536628,0.042171763,0.042171763,-0.03532242,-0.03532242,0.042442539,0.042442539,-0.035322414,-0.035322414,-2.5939766e-09,-2.5939766e-09,1.3015549e-16,1.3015549e-16,0.015541361,0.015541361,-0.11582647,-0.11582647,-0.00025810723,-0.00025810723,-0.00025811069,-0.00025811069,-1.5063251e-05,-1.5063251e-05,0.053117401,0.053117401,-0.027010277,-0.027010277,0.031939634,0.031939634,-0.017261698,-0.017261698,0.021177767,0.021177767,-0.0097485787,-0.0097485787,0.014677936,0.014677936,0.011429188,0.011429188,0.014677936,0.014677936,0.011429188,0.011429188,2.5370583e-11,2.5370583e-11,-0.10028511,-0.10028511,2.0986505e-11,2.0986505e-11,-0.10028511,-0.10028511,0.015541361,0.015541361,-0.11582647,-0.11582647,0.030219297,0.030219297,0.053117401,0.053117401,-0.015541361,-0.015541361,4.4843805e-05,4.4843805e-05,-1.0042167e-05,-1.0042167e-05,3.2441064e-14,3.2441064e-14,3.4801637e-05,3.4801637e-05,0.019980898,0.019980898,-0.1158566,-0.1158566,19.048752,19.048752,-7.2394374,-7.2394374,8.1230848,8.1230848,-3.5802351,-3.5802351,-0.088067712,-0.088067712,-0.012217397,-0.012217397,0.0060438594,0.0060438594,-0.020879456,-0.020879456,4.6371307,4.6371307,-4.5118864,-4.5118864,7.4739187e-05,7.4739187e-05,-2.8882859e-16,-2.8882859e-16,-1.0590185e-15,-1.0590185e-15,2.6821666e-16,2.6821666e-16,2.0889602e-15,2.0889602e-15,-1.3258148e-14,-1.3258148e-14,0.00037231733,0.00037231733,7.7655656e-09,7.7655656e-09
0.027516922,0.027516922,-0.052935693,-0.052935693,-0.025418771,-0.025418771,0.12731037,0.12731037,0.099793451,0.099793451,0.042164624,0.042164624,-0.035376434,-0.035376434,0.042433473,0.042433473,-0.035376428,-0.035376428,-2.56793e-09,-2.56793e-09,1.301456e-16,1.301456e-16,0.015585769,0.015585769,-0.11583628,-0.11583628,-0.00025552807,-0.00025552807,-0.00025553153,-0.00025553153,-1.4716796e-05,-1.4716796e-05,0.052935692,0.052935692,-0.027059862,-0.027059862,0.031747435,0.031747435,-0.017306883,-0.017306883,0.021188258,0.021188258,-0.0097529789,-0.0097529789,0.014440552,0.014440552,0.011435279,0.011435279,0.014440552,0.014440552,0.011435279,0.011435279,2.487058e-11,2.487058e-11,-0.10025051,-0.10025051,2.0485807e-11,2.0485807e-11,-0.10025051,-0.10025051,0.015585769,0.015585769,-0.11583628,-0.11583628,0.030026321,0.030026321,0.052935693,0.052935693,-0.015585769,-0.015585769,4.4408273e-05,4.4408273e-05,-9.8111976e-06,-9.8111976e-06,-5.0069808e-13,-5.0069808e-13,3.4597076e-05,3.4597076e-05,0.019982188,0.019982188,-0.11586571,-0.11586571,19.06009,19.06009,-7.2399841,-7.2399841,8.1347271,8.1347271,-3.5804915,-3.5804915,-0.088319359,-0.088319359,-0.011931153,-0.011931153,0.0060052642,0.0060052642,-0.0208802,-0.0208802,4.6375235,4.6375235,-4.5133305,-4.5133305,7.3020186e-05,7.3020186e-05,-2.8956308e-16,-2.8956308e-16,-1.0600845e-15,-1.0600845e-15,2.6632789e-16,2.6632789e-16,2.0921023e-15,2.0921023e-15,-1.3266336e-14,-1.3266336e-14,0.00036966796,0.00036966796,7.4124575e-09,7.4124575e-09
0.027277308,0.027277308,-0.052754822,-0.052754822,-0.025477515,-0.025477515,0.12732502,0.12732502,0.10004771,0.10004771,0.042157207,0.042157207,-0.035429795,-0.035429795,0.042424134,0.042424134,-0.03542979,-0.03542979,-2.5423819e-09,-2.5423819e-09,1.3013592e-16,1.3013592e-16,0.015629746,0.015629746,-0.11584587,-0.11584587,-0.00025297249,-0.00025297249,-0.00025297595,-0.00025297595,-1.437831e-05,-1.437831e-05,0.052754822,0.052754822,-0.027108896,-0.027108896,0.031556315,0.031556315,-0.017351618,-0.017351618,0.021198507,0.021198507,-0.0097572779,-0.0097572779,0.014204697,0.014204697,0.011441229,0.011441229,0.014204697,0.014204697,0.011441229,0.011441229,2.4885739e-11,2.4885739e-11,-0.10021612,-0.10021612,2.0500288e-11,2.0500288e-11,-0.10021612,-0.10021612,0.015629746,0.015629746,-0.11584587,-0.11584587,0.029834443,0.029834443,0.052754822,0.052754822,-0.015629746,-0.015629746,4.3976415e-05,4.3976415e-05,-9.58554e-06,-9.58554e-06,1.4480837e-14,1.4480837e-14,3.4390875e-05,3.4390875e-05,0.019983411,0.019983411,-0.11587462,-0.11587462,19.071313,19.071313,-7.2405183,-7.2405183,8.1462871,8.1462871,-3.5807421,-3.5807421,-0.088568558,-0.088568558,-0.011647562,-0.011647562,0.0059668885,0.0059668885,-0.020880927,-0.020880927,4.6379073,4.6379073,-4.5147569,-4.5147569,7.1340721e-05,7.1340721e-05,-2.9029394e-16,-2.9029394e-16,-1.0611407e-15,-1.0611407e-15,2.6444231e-16,2.6444231e-16,2.0952237e-15,2.0952237e-15,-1.3274451e-14,-1.3274451e-14,0.0003670243,0.0003670243,7.0754057e-09,7.0754057e-09
0.027039899,0.027039899,-0.052574807,-0.052574807,-0.025534907,-0.025534907,0.12733932,0.12733932,0.10029942,0.10029942,0.042149523,0.042149523,-0.035482513,-0.035482513,0.042414532,0.042414532,-0.035482508,-0.035482508,-2.5168173e-09,-2.5168173e-09,1.3012645e-16,1.3012645e-16,0.015673294,0.015673294,-0.11585523,-0.11585523,-0.00025044032,-0.00025044032,-0.00025044378,-0.00025044378,-1.4047609e-05,-1.4047609e-05,0.052574807,0.052574807,-0.027157386,-0.027157386,0.031366286,0.031366286,-0.017395908,-0.017395908,0.021208521,0.021208521,-0.0097614781,-0.0097614781,0.013970379,0.013970379,0.011447043,0.011447043,0.013970378,0.013970378,0.011447043,0.011447043,2.4409391e-11,2.4409391e-11,-0.10018194,-0.10018194,2.0023276e-11,2.0023276e-11,-0.10018194,-0.10018194,0.015673294,0.015673294,-0.11585523,-0.11585523,0.029643672,0.029643672,0.052574807,0.052574807,-0.015673294,-0.015673294,4.3548213e-05,4.3548213e-05,-9.3650726e-06,-9.3650726e-06,-4.7701183e-13,-4.7701183e-13,3.4183141e-05,3.4183141e-05,0.019984567,0.019984567,-0.11588333,-0.11588333,19.082422,19.082422,-7.2410402,-7.2410402,8.1577646,8.1577646,-3.5809868,-3.5809868,-0.088815332,-0.088815332,-0.011366606,-0.011366606,0.0059287345,0.0059287345,-0.020881638,-0.020881638,4.6382822,4.6382822,-4.5161655,-4.5161655,6.9699885e-05,6.9699885e-05,-2.910211e-16,-2.910211e-16,-1.0621871e-15,-1.0621871e-15,2.6256028e-16,2.6256028e-16,2.0983244e-15,2.0983244e-15,-1.3282495e-14,-1.3282495e-14,0.00036438668,0.00036438668,6.7536799e-09,6.7536799e-09
0.026804682,0.026804682,-0.052395662,-0.052395662,-0.02559098,-0.02559098,0.1273533,0.1273533,0.10054862,0.10054862,0.042141584,0.042141584,-0.035534594,-0.035534594,0.042404678,0.042404678,-0.03553459,-0.03553459,-2.4917276e-09,-2.4917276e-09,1.3011718e-16,1.3011718e-16,0.015716417,0.015716417,-0.11586438,-0.11586438,-0.00024793141,-0.00024793141,-0.00024793487,-0.00024793487,-1.3724514e-05,-1.3724514e-05,0.052395662,0.052395662,-0.027205337,-0.027205337,0.031177358,0.031177358,-0.017439755,-0.017439755,0.021218304,0.021218304,-0.0097655816,-0.0097655816,0.013737602,0.013737602,0.011452723,0.011452723,0.013737602,0.013737602,0.011452723,0.011452723,2.4408226e-11,2.4408226e-11,-0.10014796,-0.10014796,2.0021463e-11,2.0021463e-11,-0.10014796,-0.10014796,0.015716417,0.015716417,-0.11586438,-0.11586438,0.02945402,0.02945402,0.052395662,0.052395662,-0.015716417,-0.015716417,4.312365e-05,4.312365e-05,-9.1496759e-06,-9.1496759e-06,-1.8126737e-15,-1.8126737e-15,3.3973974e-05,3.3973974e-05,0.019985659,0.019985659,-0.11589183,-0.11589183,19.093418,19.093418,-7.2415501,-7.2415501,8.1691597,8.1691597,-3.581226,-3.581226,-0.089059699,-0.089059699,-0.011088264,-0.011088264,0.005890804,0.005890804,-0.020882332,-0.020882332,4.6386485,4.6386485,-4.5175568,-4.5175568,6.8096787e-05,6.8096787e-05,-2.9174452e-16,-2.9174452e-16,-1.0632237e-15,-1.0632237e-15,2.6068212e-16,2.6068212e-16,2.1014041e-15,2.1014041e-15,-1.3290468e-14,-1.3290468e-14,0.00036175539,0.00036175539,6.4465833e-09,6.4465833e-09
0.026571639,0.026571639,-0.052217402,-0.052217402,-0.025645763,-0.025645763,0.12736696,0.12736696,0.10079532,0.10079532,0.042133399,0.042133399,-0.035586049,-0.035586049,0.042394585,0.042394585,-0.035586045,-0.035586045,-2.4666376e-09,-2.4666376e-09,1.3010812e-16,1.3010812e-16,0.01575912,0.01575912,-0.11587332,-0.11587332,-0.00024544558,-0.00024544558,-0.00024544905,-0.00024544905,-1.340885e-05,-1.340885e-05,0.052217402,0.052217402,-0.027252756,-0.027252756,0.03098954,0.03098954,-0.017483166,-0.017483166,0.021227862,0.021227862,-0.0097695908,-0.0097695908,0.013506374,0.013506374,0.011458272,0.011458272,0.013506374,0.013506374,0.011458272,0.011458272,2.3953956e-11,2.3953956e-11,-0.1001142,-0.1001142,1.956656e-11,1.956656e-11,-0.1001142,-0.1001142,0.01575912,0.01575912,-0.11587332,-0.11587332,0.029265494,0.029265494,0.052217402,0.052217402,-0.01575912,-0.01575912,4.2702709e-05,4.2702709e-05,-8.9392334e-06,-8.9392334e-06,-4.5490309e-13,-4.5490309e-13,3.3763477e-05,3.3763477e-05,0.019986688,0.019986688,-0.11590014,-0.11590014,19.104303,19.104303,-7.2420482,-7.2420482,8.1804722,8.1804722,-3.5814597,-3.5814597,-0.089301681,-0.089301681,-0.010812519,-0.010812519,0.0058530989,0.0058530989,-0.02088301,-0.02088301,4.6390064,4.6390064,-4.518931,-4.518931,6.6530561e-05,6.6530561e-05,-2.9246414e-16,-2.9246414e-16,-1.0642507e-15,-1.0642507e-15,2.5880816e-16,2.5880816e-16,2.1044629e-15,2.1044629e-15,-1.329837e-14,-1.329837e-14,0.00035913074,0.00035913074,6.1534507e-09,6.1534507e-09
0.026340756,0.026340756,-0.052040042,-0.052040042,-0.025699286,-0.025699286,0.1273803,0.1273803,0.10103954,0.10103954,0.042124979,0.042124979,-0.035636886,-0.035636886,0.042384261,0.042384261,-0.035636881,-0.035636881,-2.4420005e-09,-2.4420005e-09,1.3009925e-16,1.3009925e-16,0.015801406,0.015801406,-0.11588205,-0.11588205,-0.00024298269,-0.00024298269,-0.00024298615,-0.00024298615,-1.3100447e-05,-1.3100447e-05,0.052040042,0.052040042,-0.02729965,-0.02729965,0.030802841,0.030802841,-0.017526142,-0.017526142,0.021237201,0.021237201,-0.0097735077,-0.0097735077,0.013276699,0.013276699,0.011463693,0.011463693,0.013276699,0.013276699,0.011463693,0.011463693,2.3938002e-11,2.3938002e-11,-0.10008065,-0.10008065,1.9549988e-11,1.9549988e-11,-0.10008065,-0.10008065,0.015801406,0.015801406,-0.11588205,-0.11588205,0.029078104,0.029078104,0.052040042,0.052040042,-0.015801406,-0.015801406,4.2285372e-05,4.2285372e-05,-8.733631e-06,-8.733631e-06,-1.6572261e-14,-1.6572261e-14,3.3551741e-05,3.3551741e-05,0.019987657,0.019987657,-0.11590825,-0.11590825,19.115078,19.115078,-7.2425349,-7.2425349,8.1917021,8.1917021,-3.5816879,-3.5816879,-0.089541298,-0.089541298,-0.01053935,-0.01053935,0.0058156209,0.0058156209,-0.020883672,-0.020883672,4.639356,4.639356,-4.5202882,-4.5202882,6.5000358e-05,6.5000358e-05,-2.9317991e-16,-2.9317991e-16,-1.0652682e-15,-1.0652682e-15,2.5693873e-16,2.5693873e-16,2.1075008e-15,2.1075008e-15,-1.3306202e-14,-1.3306202e-14,0.00035651303,0.00035651303,5.8736472e-09,5.8736472e-09
0.026112016,0.026112016,-0.051863594,-0.051863594,-0.025751578,-0.025751578,0.12739333,0.12739333,0.10128132,0.10128132,0.042116334,0.042116334,-0.035687112,-0.035687112,0.042373718,0.042373718,-0.035687107,-0.035687107,-2.417378e-09,-2.417378e-09,1.3009058e-16,1.3009058e-16,0.015843277,0.015843277,-0.11589059,-0.11589059,-0.00024054256,-0.00024054256,-0.00024054602,-0.00024054602,-1.2799136e-05,-1.2799136e-05,0.051863594,0.051863594,-0.027346024,-0.027346024,0.030617269,0.030617269,-0.017568689,-0.017568689,0.021246325,0.021246325,-0.0097773346,-0.0097773346,0.01304858,0.01304858,0.01146899,0.01146899,0.01304858,0.01304858,0.01146899,0.01146899,2.3504354e-11,2.3504354e-11,-0.10004731,-0.10004731,1.9115736e-11,1.9115736e-11,-0.10004731,-0.10004731,0.015843277,0.015843277,-0.11589059,-0.11589059,0.028891858,0.028891858,0.051863594,0.051863594,-0.015843277,-0.015843277,4.1871621e-05,4.1871621e-05,-8.5327575e-06,-8.5327575e-06,-4.3425209e-13,-4.3425209e-13,3.3338864e-05,3.3338864e-05,0.019988568,0.019988568,-0.11591618,-0.11591618,19.125743,19.125743,-7.2430104,-7.2430104,8.2028495,8.2028495,-3.581911,-3.581911,-0.089778571,-0.089778571,-0.010268739,-0.010268739,0.0057783715,0.0057783715,-0.020884319,-0.020884319,4.6396977,4.6396977,-4.5216288,-4.5216288,6.350535e-05,6.350535e-05,-2.9389179e-16,-2.9389179e-16,-1.0662761e-15,-1.0662761e-15,2.5507413e-16,2.5507413e-16,2.1105177e-15,2.1105177e-15,-1.3313964e-14,-1.3313964e-14,0.00035390253,0.00035390253,5.6065666e-09,5.6065666e-09
0.025885404,0.025885404,-0.051688072,-0.051688072,-0.025802668,-0.025802668,0.12740607,0.12740607,0.10152066,0.10152066,0.042107474,0.042107474,-0.035736735,-0.035736735,0.042362964,0.042362964,-0.035736731,-0.035736731,-2.3931878e-09,-2.3931878e-09,1.3008209e-16,1.3008209e-16,0.015884739,0.015884739,-0.11589892,-0.11589892,-0.00023812503,-0.00023812503,-0.0002381285,-0.0002381285,-1.2504756e-05,-1.2504756e-05,0.051688072,0.051688072,-0.027391884,-0.027391884,0.030432833,0.030432833,-0.01761081,-0.01761081,0.021255239,0.021255239,-0.0097810734,-0.0097810734,0.012822023,0.012822023,0.011474165,0.011474165,0.012822023,0.012822023,0.011474165,0.011474165,2.3475024e-11,2.3475024e-11,-0.10001418,-0.10001418,1.9085816e-11,1.9085816e-11,-0.10001418,-0.10001418,0.015884739,0.015884739,-0.11589892,-0.11589892,0.028706762,0.028706762,0.051688072,0.051688072,-0.015884739,-0.015884739,4.1461436e-05,4.1461436e-05,-8.3365041e-06,-8.3365041e-06,-2.9920435e-14,-2.9920435e-14,3.3124932e-05,3.3124932e-05,0.019989421,0.019989421,-0.11592393,-0.11592393,19.1363,19.1363,-7.243475,-7.243475,8.2139144,8.2139144,-3.5821289,-3.5821289,-0.090013519,-0.090013519,-0.010000666,-0.010000666,0.0057413523,0.0057413523,-0.020884952,-0.020884952,4.6400314,4.6400314,-4.5229529,-4.5229529,6.2044727e-05,6.2044727e-05,-2.9459973e-16,-2.9459973e-16,-1.0672746e-15,-1.0672746e-15,2.5321465e-16,2.5321465e-16,2.1135135e-15,2.1135135e-15,-1.3321657e-14,-1.3321657e-14,0.00035129953,0.00035129953,5.3516304e-09,5.3516304e-09
0.025660905,0.025660905,-0.051513487,-0.051513487,-0.025852582,-0.025852582,0.12741851,0.12741851,0.10175761,0.10175761,0.042098408,0.042098408,-0.035785764,-0.035785764,0.042352011,0.042352011,-0.035785761,-0.035785761,-2.3690256e-09,-2.3690256e-09,1.3007379e-16,1.3007379e-16,0.015925793,0.015925793,-0.11590707,-0.11590707,-0.00023572994,-0.00023572994,-0.00023573341,-0.00023573341,-1.2217147e-05,-1.2217147e-05,0.051513487,0.051513487,-0.027437236,-0.027437236,0.03024954,0.03024954,-0.01765251,-0.01765251,0.021263947,0.021263947,-0.0097847263,-0.0097847263,0.01259703,0.01259703,0.011479221,0.011479221,0.01259703,0.01259703,0.011479221,0.011479221,2.3060653e-11,2.3060653e-11,-0.099981274,-0.099981274,1.8670867e-11,1.8670867e-11,-0.099981274,-0.099981274,0.015925793,0.015925793,-0.11590707,-0.11590707,0.028522823,0.028522823,0.051513487,0.051513487,-0.015925793,-0.015925793,4.10548e-05,4.10548e-05,-8.1447645e-06,-8.1447645e-06,-4.1494841e-13,-4.1494841e-13,3.2910036e-05,3.2910036e-05,0.019990219,0.019990219,-0.1159315,-0.1159315,19.14675,19.14675,-7.2439289,-7.2439289,8.2248968,8.2248968,-3.5823418,-3.5823418,-0.090246163,-0.090246163,-0.0097351116,-0.0097351116,0.0057045646,0.0057045646,-0.020885569,-0.020885569,4.6403575,4.6403575,-4.5242609,-4.5242609,6.0617698e-05,6.0617698e-05,-2.9530368e-16,-2.9530368e-16,-1.0682637e-15,-1.0682637e-15,2.5136057e-16,2.5136057e-16,2.1164883e-15,2.1164883e-15,-1.3329281e-14,-1.3329281e-14,0.00034870429,0.00034870429,5.1082864e-09,5.1082864e-09
0.025438503,0.025438503,-0.051339851,-0.051339851,-0.025901348,-0.025901348,0.12743067,0.12743067,0.10199216,0.10199216,0.042089145,0.042089145,-0.035834207,-0.035834207,0.042340867,0.042340867,-0.035834203,-0.035834203,-2.3452764e-09,-2.3452764e-09,1.3006567e-16,1.3006567e-16,0.015966445,0.015966445,-0.11591502,-0.11591502,-0.00023335713,-0.00023335713,-0.0002333606,-0.0002333606,-1.1936152e-05,-1.1936152e-05,0.051339851,0.051339851,-0.027482086,-0.027482086,0.030067395,0.030067395,-0.017693791,-0.017693791,0.021272456,0.021272456,-0.0097882951,-0.0097882951,0.012373604,0.012373604,0.011484161,0.011484161,0.012373604,0.012373604,0.011484161,0.011484161,2.3019246e-11,2.3019246e-11,-0.09994858,-0.09994858,1.8628897e-11,1.8628897e-11,-0.09994858,-0.09994858,0.015966445,0.015966445,-0.11591502,-0.11591502,0.028340049,0.028340049,0.051339851,0.051339851,-0.015966445,-0.015966445,4.0651694e-05,4.0651694e-05,-7.9574349e-06,-7.9574349e-06,-4.1970218e-14,-4.1970218e-14,3.2694259e-05,3.2694259e-05,0.019990963,0.019990963,-0.1159389,-0.1159389,19.157094,19.157094,-7.2443723,-7.2443723,8.2357969,8.2357969,-3.5825498,-3.5825498,-0.090476522,-0.090476522,-0.0094720577,-0.0094720577,0.0056680098,0.0056680098,-0.020886173,-0.020886173,4.6406761,4.6406761,-4.5255528,-4.5255528,5.9223491e-05,5.9223491e-05,-2.9600362e-16,-2.9600362e-16,-1.0692436e-15,-1.0692436e-15,2.4951217e-16,2.4951217e-16,2.1194419e-15,2.1194419e-15,-1.3336837e-14,-1.3336837e-14,0.00034611706,0.00034611706,4.8760075e-09,4.8760075e-09
0.025218182,0.025218182,-0.051167175,-0.051167175,-0.025948993,-0.025948993,0.12744254,0.12744254,0.10222436,0.10222436,0.042079695,0.042079695,-0.035882071,-0.035882071,0.04232954,0.04232954,-0.035882067,-0.035882067,-2.3215672e-09,-2.3215672e-09,1.3005772e-16,1.3005772e-16,0.016006697,0.016006697,-0.1159228,-0.1159228,-0.00023100643,-0.00023100643,-0.0002310099,-0.0002310099,-1.1661621e-05,-1.1661621e-05,0.051167175,0.051167175,-0.027526441,-0.027526441,0.029886406,0.029886406,-0.017734659,-0.017734659,0.021280769,0.021280769,-0.0097917818,-0.0097917818,0.012151747,0.012151747,0.011488987,0.011488987,0.012151747,0.012151747,0.011488987,0.011488987,2.2622906e-11,2.2622906e-11,-0.099916102,-0.099916102,1.8232007e-11,1.8232007e-11,-0.099916102,-0.099916102,0.016006697,0.016006697,-0.1159228,-0.1159228,0.028158445,0.028158445,0.051167175,0.051167175,-0.016006697,-0.016006697,4.0252098e-05,4.0252098e-05,-7.7744139e-06,-7.7744139e-06,-3.9689031e-13,-3.9689031e-13,3.2477684e-05,3.2477684e-05,0.019991655,0.019991655,-0.11594612,-0.11594612,19.167332,19.167332,-7.2448055,-7.2448055,8.2466146,8.2466146,-3.582753,-3.582753,-0.090704617,-0.090704617,-0.0092114848,-0.0092114848,0.0056316889,0.0056316889,-0.020886762,-0.020886762,4.6409873,4.6409873,-4.5268289,-4.5268289,5.7861351e-05,5.7861351e-05,-2.966995e-16,-2.966995e-16,-1.0702142e-15,-1.0702142e-15,2.476697e-16,2.476697e-16,2.1223744e-15,2.1223744e-15,-1.3344325e-14,-1.3344325e-14,0.00034353811,0.00034353811,4.6542906e-09,4.6542906e-09
0.024999927,0.024999927,-0.050995469,-0.050995469,-0.025995542,-0.025995542,0.12745415,0.12745415,0.10245422,0.10245422,0.042070065,0.042070065,-0.035929364,-0.035929364,0.042318042,0.042318042,-0.03592936,-0.03592936,-2.2982531e-09,-2.2982531e-09,1.3004995e-16,1.3004995e-16,0.016046553,0.016046553,-0.11593039,-0.11593039,-0.00022867768,-0.00022867768,-0.00022868115,-0.00022868115,-1.1393404e-05,-1.1393404e-05,0.050995469,0.050995469,-0.027570304,-0.027570304,0.029706578,0.029706578,-0.017775116,-0.017775116,0.021288891,0.021288891,-0.0097951884,-0.0097951884,0.011931462,0.011931462,0.011493702,0.011493702,0.011931462,0.011931462,0.011493702,0.011493702,2.2570618e-11,2.2570618e-11,-0.099883842,-0.099883842,1.8179181e-11,1.8179181e-11,-0.099883842,-0.099883842,0.016046553,0.016046553,-0.11593039,-0.11593039,0.027978016,0.027978016,0.050995469,0.050995469,-0.016046553,-0.016046553,3.9855992e-05,3.9855992e-05,-7.5956024e-06,-7.5956024e-06,-5.2825876e-14,-5.2825876e-14,3.226039e-05,3.226039e-05,0.019992296,0.019992296,-0.11595318,-0.11595318,19.177466,19.177466,-7.2452288,-7.2452288,8.2573501,8.2573501,-3.5829515,-3.5829515,-0.090930468,-0.090930468,-0.0089533738,-0.0089533738,0.0055956031,0.0055956031,-0.020887339,-0.020887339,4.6412914,4.6412914,-4.5280895,-4.5280895,5.653054e-05,5.653054e-05,-2.9739129e-16,-2.9739129e-16,-1.0711756e-15,-1.0711756e-15,2.4583342e-16,2.4583342e-16,2.1252858e-15,2.1252858e-15,-1.3351745e-14,-1.3351745e-14,0.00034096767,0.00034096767,4.4426553e-09,4.4426553e-09
0.024783722,0.024783722,-0.050824742,-0.050824742,-0.02604102,-0.02604102,0.12746548,0.12746548,0.10268176,0.10268176,0.042060265,0.042060265,-0.035976093,-0.035976093,0.042306378,0.042306378,-0.03597609,-0.03597609,-2.2749899e-09,-2.2749899e-09,1.3004235e-16,1.3004235e-16,0.016086017,0.016086017,-0.11593782,-0.11593782,-0.00022637072,-0.00022637072,-0.00022637419,-0.00022637419,-1.1131355e-05,-1.1131355e-05,0.050824742,0.050824742,-0.027613683,-0.027613683,0.029527917,0.029527917,-0.017815167,-0.017815167,0.021296825,0.021296825,-0.0097985166,-0.0097985166,0.01171275,0.01171275,0.011498309,0.011498309,0.01171275,0.01171275,0.011498309,0.011498309,2.219116e-11,2.219116e-11,-0.099851799,-0.099851799,1.7799197e-11,1.7799197e-11,-0.099851799,-0.099851799,0.016086017,0.016086017,-0.11593782,-0.11593782,0.027798767,0.027798767,0.050824742,0.050824742,-0.016086017,-0.016086017,3.9463358e-05,3.9463358e-05,-7.4209035e-06,-7.4209035e-06,-3.7998398e-13,-3.7998398e-13,3.2042455e-05,3.2042455e-05,0.019992889,0.019992889,-0.11596008,-0.11596008,19.187497,19.187497,-7.2456424,-7.2456424,8.2680035,8.2680035,-3.5831455,-3.5831455,-0.091154094,-0.091154094,-0.0086977057,-0.0086977057,0.0055597534,0.0055597534,-0.020887901,-0.020887901,4.6415885,4.6415885,-4.5293347,-4.5293347,5.5230338e-05,5.5230338e-05,-2.9807896e-16,-2.9807896e-16,-1.072128e-15,-1.072128e-15,2.4400356e-16,2.4400356e-16,2.1281761e-15,2.1281761e-15,-1.3359098e-14,-1.3359098e-14,0.00033840597,0.00033840597,4.2406433e-09,4.2406433e-09
0.024569552,0.024569552,-0.050655004,-0.050655004,-0.026085452,-0.026085452,0.12747656,0.12747656,0.10290701,0.10290701,0.042050302,0.042050302,-0.036022265,-0.036022265,0.042294559,0.042294559,-0.036022262,-0.036022262,-2.2521049e-09,-2.2521049e-09,1.300349e-16,1.300349e-16,0.016125091,0.016125091,-0.11594507,-0.11594507,-0.00022408538,-0.00022408538,-0.00022408885,-0.00022408885,-1.0875334e-05,-1.0875334e-05,0.050655004,0.050655004,-0.027656583,-0.027656583,0.029350426,0.029350426,-0.017854815,-0.017854815,0.021304578,0.021304578,-0.0098017683,-0.0098017683,0.011495612,0.011495612,0.011502809,0.011502809,0.011495612,0.011495612,0.011502809,0.011502809,2.212909e-11,2.212909e-11,-0.099819975,-0.099819975,1.7736613e-11,1.7736613e-11,-0.099819975,-0.099819975,0.016125091,0.016125091,-0.11594507,-0.11594507,0.027620703,0.027620703,0.050655004,0.050655004,-0.016125091,-0.016125091,3.9074176e-05,3.9074176e-05,-7.2502227e-06,-7.2502227e-06,-6.2583595e-14,-6.2583595e-14,3.1823953e-05,3.1823953e-05,0.019993434,0.019993434,-0.11596682,-0.11596682,19.197425,19.197425,-7.2460464,-7.2460464,8.2785749,8.2785749,-3.583335,-3.583335,-0.091375514,-0.091375514,-0.0084444614,-0.0084444614,0.0055241405,0.0055241405,-0.020888451,-0.020888451,4.6418788,4.6418788,-4.5305648,-4.5305648,5.396004e-05,5.396004e-05,-2.9876247e-16,-2.9876247e-16,-1.0730714e-15,-1.0730714e-15,2.4218037e-16,2.4218037e-16,2.1310452e-15,2.1310452e-15,-1.3366384e-14,-1.3366384e-14,0.00033585325,0.00033585325,4.0478171e-09,4.0478171e-09
0.024357401,0.024357401,-0.050486264,-0.050486264,-0.026128862,-0.026128862,0.12748738,0.12748738,0.10312998,0.10312998,0.042040185,0.042040185,-0.036067889,-0.036067889,0.042282592,0.042282592,-0.036067886,-0.036067886,-2.2292807e-09,-2.2292807e-09,1.3002762e-16,1.3002762e-16,0.016163779,0.016163779,-0.11595215,-0.11595215,-0.00022182151,-0.00022182151,-0.00022182498,-0.00022182498,-1.0625201e-05,-1.0625201e-05,0.050486263,0.050486263,-0.027699009,-0.027699009,0.029174112,0.029174112,-0.017894064,-0.017894064,0.021312152,0.021312152,-0.0098049451,-0.0098049451,0.011280048,0.011280048,0.011507207,0.011507207,0.011280048,0.011280048,0.011507207,0.011507207,2.1765449e-11,2.1765449e-11,-0.09978837,-0.09978837,1.737247e-11,1.737247e-11,-0.09978837,-0.09978837,0.016163779,0.016163779,-0.11595215,-0.11595215,0.027443827,0.027443827,0.050486264,0.050486264,-0.016163779,-0.016163779,3.8688424e-05,3.8688424e-05,-7.0834676e-06,-7.0834676e-06,-3.6414296e-13,-3.6414296e-13,3.1604957e-05,3.1604957e-05,0.019993933,0.019993933,-0.1159734,-0.1159734,19.207253,19.207253,-7.2464411,-7.2464411,8.2890645,8.2890645,-3.5835202,-3.5835202,-0.091594748,-0.091594748,-0.008193622,-0.008193622,0.0054887655,0.0054887655,-0.020888989,-0.020888989,4.6421624,4.6421624,-4.53178,-4.53178,5.2718959e-05,5.2718959e-05,-2.9944179e-16,-2.9944179e-16,-1.0740059e-15,-1.0740059e-15,2.4036405e-16,2.4036405e-16,2.1338932e-15,2.1338932e-15,-1.3373604e-14,-1.3373604e-14,0.00033330972,0.00033330972,3.8637588e-09,3.8637588e-09
0.024147254,0.024147254,-0.050318528,-0.050318528,-0.026171274,-0.026171274,0.12749795,0.12749795,0.1033507,0.1033507,0.042029921,0.042029921,-0.036112971,-0.036112971,0.042270485,0.042270485,-0.036112968,-0.036112968,-2.2068188e-09,-2.2068188e-09,1.300205e-16,1.300205e-16,0.016202085,0.016202085,-0.11595907,-0.11595907,-0.00021957893,-0.00021957893,-0.0002195824,-0.0002195824,-1.0380822e-05,-1.0380822e-05,0.050318528,0.050318528,-0.027740966,-0.027740966,0.028998976,0.028998976,-0.017932917,-0.017932917,0.021319552,0.021319552,-0.0098080489,-0.0098080489,0.011066059,0.011066059,0.011511503,0.011511503,0.011066059,0.011066059,0.011511503,0.011511503,2.1694607e-11,2.1694607e-11,-0.099756985,-0.099756985,1.7301138e-11,1.7301138e-11,-0.099756985,-0.099756985,0.016202085,0.016202085,-0.11595907,-0.11595907,0.027268144,0.027268144,0.050318528,0.050318528,-0.016202085,-0.016202085,3.8306085e-05,3.8306085e-05,-6.9205479e-06,-6.9205479e-06,-7.1332104e-14,-7.1332104e-14,3.1385537e-05,3.1385537e-05,0.019994388,0.019994388,-0.11597983,-0.11597983,19.21698,19.21698,-7.2468268,-7.2468268,8.2994725,8.2994725,-3.583701,-3.583701,-0.091811816,-0.091811816,-0.0079451687,-0.0079451687,0.0054536289,0.0054536289,-0.020889513,-0.020889513,4.6424394,4.6424394,-4.5329804,-4.5329804,5.1506423e-05,5.1506423e-05,-3.0011691e-16,-3.0011691e-16,-1.0749314e-15,-1.0749314e-15,2.3855484e-16,2.3855484e-16,2.1367201e-15,2.1367201e-15,-1.3380758e-14,-1.3380758e-14,0.0003307756,0.0003307756,3.6880698e-09,3.6880698e-09
0.023939095,0.023939095,-0.050151805,-0.050151805,-0.02621271,-0.02621271,0.12750828,0.12750828,0.10356919,0.10356919,0.042019518,0.042019518,-0.036157518,-0.036157518,0.042258246,0.042258246,-0.036157516,-0.036157516,-2.1844265e-09,-2.1844265e-09,1.3001353e-16,1.3001353e-16,0.016240012,0.016240012,-0.11596583,-0.11596583,-0.00021735749,-0.00021735749,-0.00021736096,-0.00021736096,-1.0142063e-05,-1.0142063e-05,0.050151805,0.050151805,-0.027782461,-0.027782461,0.028825024,0.028825024,-0.01797138,-0.01797138,0.021326781,0.021326781,-0.0098110813,-0.0098110813,0.010853644,0.010853644,0.0115157,0.0115157,0.010853644,0.010853644,0.0115157,0.0115157,2.1345798e-11,2.1345798e-11,-0.099725819,-0.099725819,1.6951851e-11,1.6951851e-11,-0.099725819,-0.099725819,0.016240012,0.016240012,-0.11596583,-0.11596583,0.027093657,0.027093657,0.050151805,0.050151805,-0.016240012,-0.016240012,3.7927136e-05,3.7927136e-05,-6.7613753e-06,-6.7613753e-06,-3.4928757e-13,-3.4928757e-13,3.1165761e-05,3.1165761e-05,0.019994799,0.019994799,-0.11598612,-0.11598612,19.226608,19.226608,-7.2472036,-7.2472036,8.3097989,8.3097989,-3.5838778,-3.5838778,-0.092026737,-0.092026737,-0.0076990825,-0.0076990825,0.0054187313,0.0054187313,-0.020890026,-0.020890026,4.6427101,4.6427101,-4.5341663,-4.5341663,5.0321775e-05,5.0321775e-05,-3.0078779e-16,-3.0078779e-16,-1.0758482e-15,-1.0758482e-15,2.3675292e-16,2.3675292e-16,2.1395258e-15,2.1395258e-15,-1.3387847e-14,-1.3387847e-14,0.00032825109,0.00032825109,3.5203696e-09,3.5203696e-09
0.023732909,0.023732909,-0.049986102,-0.049986102,-0.026253194,-0.026253194,0.12751837,0.12751837,0.10378546,0.10378546,0.042008982,0.042008982,-0.036201537,-0.036201537,0.042245882,0.042245882,-0.036201535,-0.036201535,-2.1623818e-09,-2.1623818e-09,1.3000671e-16,1.3000671e-16,0.016277564,0.016277564,-0.11597244,-0.11597244,-0.00021515703,-0.00021515703,-0.0002151605,-0.0002151605,-9.9087955e-06,-9.9087955e-06,0.049986102,0.049986102,-0.027823498,-0.027823498,0.028652258,0.028652258,-0.018009454,-0.018009454,0.021333845,0.021333845,-0.009814044,-0.009814044,0.010642804,0.010642804,0.011519801,0.011519801,0.010642804,0.010642804,0.011519801,0.011519801,2.1267113e-11,2.1267113e-11,-0.099694873,-0.099694873,1.6872697e-11,1.6872697e-11,-0.099694873,-0.099694873,0.016277564,0.016277564,-0.11597244,-0.11597244,0.026920368,0.026920368,0.049986102,0.049986102,-0.016277564,-0.016277564,3.7551557e-05,3.7551557e-05,-6.6058636e-06,-6.6058636e-06,-7.915325e-14,-7.915325e-14,3.0945694e-05,3.0945694e-05,0.019995168,0.019995168,-0.11599225,-0.11599225,19.236137,19.236137,-7.2475717,-7.2475717,8.3200441,8.3200441,-3.5840504,-3.5840504,-0.092239529,-0.092239529,-0.0074553446,-0.0074553446,0.0053840735,0.0053840735,-0.020890527,-0.020890527,4.6429746,4.6429746,-4.5353378,-4.5353378,4.9164374e-05,4.9164374e-05,-3.0145441e-16,-3.0145441e-16,-1.0767563e-15,-1.0767563e-15,2.349585e-16,2.349585e-16,2.1423105e-15,2.1423105e-15,-1.3394871e-14,-1.3394871e-14,0.00032573639,0.00032573639,3.3602948e-09,3.3602948e-09
0.02352868,0.02352868,-0.049821426,-0.049821426,-0.026292746,-0.026292746,0.12752823,0.12752823,0.10399955,0.10399955,0.041998322,0.041998322,-0.036245036,-0.036245036,0.0422334,0.0422334,-0.036245033,-0.036245033,-2.1404145e-09,-2.1404145e-09,1.3000003e-16,1.3000003e-16,0.016314743,0.016314743,-0.11597889,-0.11597889,-0.00021297738,-0.00021297738,-0.00021298085,-0.00021298085,-9.6808932e-06,-9.6808932e-06,0.049821426,0.049821426,-0.027864083,-0.027864083,0.02848068,0.02848068,-0.018047144,-0.018047144,0.021340746,0.021340746,-0.0098169385,-0.0098169385,0.010433536,0.010433536,0.011523807,0.011523807,0.010433536,0.010433536,0.011523807,0.011523807,2.0932226e-11,2.0932226e-11,-0.099664148,-0.099664148,1.6537353e-11,1.6537353e-11,-0.099664148,-0.099664148,0.016314743,0.016314743,-0.11597889,-0.11597889,0.026748279,0.026748279,0.049821426,0.049821426,-0.016314743,-0.016314743,3.7179329e-05,3.7179329e-05,-6.4539288e-06,-6.4539288e-06,-3.3534433e-13,-3.3534433e-13,3.0725401e-05,3.0725401e-05,0.019995497,0.019995497,-0.11599825,-0.11599825,19.245569,19.245569,-7.2479313,-7.2479313,8.3302083,8.3302083,-3.5842191,-3.5842191,-0.092450212,-0.092450212,-0.0072139364,-0.0072139364,0.0053496558,0.0053496558,-0.020891017,-0.020891017,4.643233,4.643233,-4.5364952,-4.5364952,4.8033594e-05,4.8033594e-05,-3.0211675e-16,-3.0211675e-16,-1.0776556e-15,-1.0776556e-15,2.3317176e-16,2.3317176e-16,2.1450741e-15,2.1450741e-15,-1.340183e-14,-1.340183e-14,0.00032323169,0.00032323169,3.2074989e-09,3.2074989e-09
0.023326393,0.023326393,-0.049657781,-0.049657781,-0.026331388,-0.026331388,0.12753786,0.12753786,0.10421147,0.10421147,0.041987543,0.041987543,-0.03628802,-0.03628802,0.042220807,0.042220807,-0.036288017,-0.036288017,-2.1187808e-09,-2.1187808e-09,1.299935e-16,1.299935e-16,0.016351554,0.016351554,-0.1159852,-0.1159852,-0.00021081838,-0.00021081838,-0.00021082185,-0.00021082185,-9.4582326e-06,-9.4582326e-06,0.049657781,0.049657781,-0.02790422,-0.02790422,0.028310293,0.028310293,-0.018084454,-0.018084454,0.021347488,0.021347488,-0.0098197665,-0.0098197665,0.01022584,0.01022584,0.011527721,0.011527721,0.01022584,0.01022584,0.011527721,0.011527721,2.084655e-11,2.084655e-11,-0.099633643,-0.099633643,1.645123e-11,1.645123e-11,-0.099633643,-0.099633643,0.016351554,0.016351554,-0.1159852,-0.1159852,0.026577393,0.026577393,0.049657781,0.049657781,-0.016351554,-0.016351554,3.681043e-05,3.681043e-05,-6.3054884e-06,-6.3054884e-06,-8.6122531e-14,-8.6122531e-14,3.0504941e-05,3.0504941e-05,0.019995786,0.019995786,-0.11600411,-0.11600411,19.254905,19.254905,-7.2482827,-7.2482827,8.3402915,8.3402915,-3.584384,-3.584384,-0.092658804,-0.092658804,-0.006974839,-0.006974839,0.0053154787,0.0053154787,-0.020891495,-0.020891495,4.6434854,4.6434854,-4.5376387,-4.5376387,4.6928821e-05,4.6928821e-05,-3.027748e-16,-3.027748e-16,-1.0785464e-15,-1.0785464e-15,2.3139289e-16,2.3139289e-16,2.1478166e-15,2.1478166e-15,-1.3408725e-14,-1.3408725e-14,0.00032073717,0.00032073717,3.0616507e-09,3.0616507e-09
0.023126032,0.023126032,-0.049495175,-0.049495175,-0.026369142,-0.026369142,0.12754727,0.12754727,0.10442124,0.10442124,0.041976653,0.041976653,-0.036330496,-0.036330496,0.04220811,0.04220811,-0.036330494,-0.036330494,-2.0972316e-09,-2.0972316e-09,1.2998711e-16,1.2998711e-16,0.016387999,0.016387999,-0.11599136,-0.11599136,-0.00020867987,-0.00020867987,-0.00020868335,-0.00020868335,-9.2406933e-06,-9.2406933e-06,0.049495174,0.049495174,-0.027943915,-0.027943915,0.0281411,0.0281411,-0.018121386,-0.018121386,0.021354075,0.021354075,-0.0098225294,-0.0098225294,0.010019714,0.010019714,0.011531546,0.011531546,0.010019713,0.010019713,0.011531546,0.011531546,2.0524741e-11,2.0524741e-11,-0.099603359,-0.099603359,1.6128985e-11,1.6128985e-11,-0.099603359,-0.099603359,0.016387999,0.016387999,-0.11599136,-0.11599136,0.026407712,0.026407712,0.049495175,0.049495175,-0.016387999,-0.016387999,3.6444839e-05,3.6444839e-05,-6.1604622e-06,-6.1604622e-06,-3.2224553e-13,-3.2224553e-13,3.0284377e-05,3.0284377e-05,0.019996038,0.019996038,-0.11600984,-0.11600984,19.264145,19.264145,-7.248626,-7.248626,8.3502942,8.3502942,-3.584545,-3.584545,-0.092865325,-0.092865325,-0.0067380339,-0.0067380339,0.0052815424,0.0052815424,-0.020891962,-0.020891962,4.643732,4.643732,-4.5387683,-4.5387683,4.5849458e-05,4.5849458e-05,-3.0342853e-16,-3.0342853e-16,-1.0794287e-15,-1.0794287e-15,2.2962205e-16,2.2962205e-16,2.1505381e-15,2.1505381e-15,-1.3415557e-14,-1.3415557e-14,0.00031825302,0.00031825302,2.9224344e-09,2.9224344e-09
0.022927583,0.022927583,-0.049333611,-0.049333611,-0.026406027,-0.026406027,0.12755647,0.12755647,0.10462889,0.10462889,0.041965658,0.041965658,-0.036372472,-0.036372472,0.042195316,0.042195316,-0.03637247,-0.03637247,-2.0760029e-09,-2.0760029e-09,1.2998086e-16,1.2998086e-16,0.016424081,0.016424081,-0.11599738,-0.11599738,-0.0002065617,-0.0002065617,-0.00020656517,-0.00020656517,-9.0281573e-06,-9.0281573e-06,0.049333611,0.049333611,-0.027983174,-0.027983174,0.0279731,0.0279731,-0.018157945,-0.018157945,0.021360511,0.021360511,-0.0098252287,-0.0098252287,0.0098151555,0.0098151555,0.011535282,0.011535282,0.0098151554,0.0098151554,0.011535282,0.011535282,2.0432858e-11,2.0432858e-11,-0.099573295,-0.099573295,1.6036675e-11,1.6036675e-11,-0.099573295,-0.099573295,0.016424081,0.016424081,-0.11599738,-0.11599738,0.026239237,0.026239237,0.049333611,0.049333611,-0.016424081,-0.016424081,3.6082535e-05,3.6082535e-05,-6.0187715e-06,-6.0187715e-06,-9.2309583e-14,-9.2309583e-14,3.0063764e-05,3.0063764e-05,0.019996252,0.019996252,-0.11601543,-0.11601543,19.27329,19.27329,-7.2489614,-7.2489614,8.3602165,8.3602165,-3.5847023,-3.5847023,-0.093069793,-0.093069793,-0.0065035024,-0.0065035024,0.0052478473,0.0052478473,-0.020892419,-0.020892419,4.643973,4.643973,-4.5398844,-4.5398844,4.4794921e-05,4.4794921e-05,-3.0407793e-16,-3.0407793e-16,-1.0803025e-15,-1.0803025e-15,2.2785941e-16,2.2785941e-16,2.1532387e-15,2.1532387e-15,-1.3422326e-14,-1.3422326e-14,0.0003157794,0.0003157794,2.7895484e-09,2.7895484e-09
0.022731031,0.022731031,-0.049173095,-0.049173095,-0.026442065,-0.026442065,0.12756545,0.12756545,0.10483442,0.10483442,0.041954564,0.041954564,-0.036413952,-0.036413952,0.042182431,0.042182431,-0.03641395,-0.03641395,-2.054865e-09,-2.054865e-09,1.2997474e-16,1.2997474e-16,0.016459805,0.016459805,-0.11600326,-0.11600326,-0.00020446369,-0.00020446369,-0.00020446716,-0.00020446716,-8.8205097e-06,-8.8205097e-06,0.049173095,0.049173095,-0.028022,-0.028022,0.027806297,0.027806297,-0.018194134,-0.018194134,0.021366798,0.021366798,-0.009827866,-0.009827866,0.0096121631,0.0096121631,0.011538932,0.011538932,0.0096121631,0.0096121631,0.011538932,0.011538932,2.0123346e-11,2.0123346e-11,-0.099543452,-0.099543452,1.5726747e-11,1.5726747e-11,-0.099543452,-0.099543452,0.016459805,0.016459805,-0.11600326,-0.11600326,0.026071968,0.026071968,0.049173095,0.049173095,-0.016459805,-0.016459805,3.5723498e-05,3.5723498e-05,-5.8803398e-06,-5.8803398e-06,-3.0992872e-13,-3.0992872e-13,2.9843158e-05,2.9843158e-05,0.019996431,0.019996431,-0.1160209,-0.1160209,19.282342,19.282342,-7.2492891,-7.2492891,8.3700586,8.3700586,-3.584856,-3.584856,-0.093272226,-0.093272226,-0.0062712261,-0.0062712261,0.0052143935,0.0052143935,-0.020892865,-0.020892865,4.6442084,4.6442084,-4.5409871,-4.5409871,4.3764637e-05,4.3764637e-05,-3.0472298e-16,-3.0472298e-16,-1.081168e-15,-1.081168e-15,2.2610513e-16,2.2610513e-16,2.1559183e-15,2.1559183e-15,-1.3429032e-14,-1.3429032e-14,0.00031331648,0.00031331648,2.6627048e-09,2.6627048e-09
0.022536359,0.022536359,-0.049013631,-0.049013631,-0.026477273,-0.026477273,0.12757423,0.12757423,0.10503787,0.10503787,0.041943378,0.041943378,-0.036454945,-0.036454945,0.042169461,0.042169461,-0.036454943,-0.036454943,-2.0340353e-09,-2.0340353e-09,1.2996876e-16,1.2996876e-16,0.016495172,0.016495172,-0.116009,-0.116009,-0.00020238569,-0.00020238569,-0.00020238916,-0.00020238916,-8.617638e-06,-8.617638e-06,0.049013631,0.049013631,-0.028060399,-0.028060399,0.02764069,0.02764069,-0.018229956,-0.018229956,0.021372941,0.021372941,-0.0098304426,-0.0098304426,0.009410734,0.009410734,0.011542498,0.011542498,0.0094107339,0.0094107339,0.011542498,0.011542498,2.0025975e-11,2.0025975e-11,-0.099513829,-0.099513829,1.5628968e-11,1.5628968e-11,-0.099513829,-0.099513829,0.016495172,0.016495172,-0.116009,-0.116009,0.025905906,0.025905906,0.049013631,0.049013631,-0.016495172,-0.016495172,3.5367705e-05,3.5367705e-05,-5.745092e-06,-5.745092e-06,-9.7778634e-14,-9.7778634e-14,2.9622613e-05,2.9622613e-05,0.019996575,0.019996575,-0.11602624,-0.11602624,19.291301,19.291301,-7.2496093,-7.2496093,8.3798209,8.3798209,-3.5850062,-3.5850062,-0.093472643,-0.093472643,-0.0060411865,-0.0060411865,0.0051811813,0.0051811813,-0.020893301,-0.020893301,4.6444384,4.6444384,-4.5420766,-4.5420766,4.2758051e-05,4.2758051e-05,-3.0536367e-16,-3.0536367e-16,-1.0820251e-15,-1.0820251e-15,2.2435936e-16,2.2435936e-16,2.158577e-15,2.158577e-15,-1.3435676e-14,-1.3435676e-14,0.00031086442,0.00031086442,2.541629e-09,2.541629e-09
0.022343553,0.022343553,-0.048855224,-0.048855224,-0.026511671,-0.026511671,0.1275828,0.1275828,0.10523925,0.10523925,0.041932105,0.041932105,-0.036495456,-0.036495456,0.042156413,0.042156413,-0.036495454,-0.036495454,-2.0133019e-09,-2.0133019e-09,1.299629e-16,1.299629e-16,0.016530187,0.016530187,-0.11601461,-0.11601461,-0.00020032754,-0.00020032754,-0.00020033101,-0.00020033101,-8.4194323e-06,-8.4194323e-06,0.048855224,0.048855224,-0.028098376,-0.028098376,0.027476281,0.027476281,-0.018265416,-0.018265416,0.021378943,0.021378943,-0.00983296,-0.00983296,0.0092108651,0.0092108651,0.011545983,0.011545983,0.0092108651,0.0092108651,0.011545983,0.011545983,1.9728036e-11,1.9728036e-11,-0.099484427,-0.099484427,1.5330632e-11,1.5330632e-11,-0.099484427,-0.099484427,0.016530187,0.016530187,-0.11601461,-0.11601461,0.025741053,0.025741053,0.048855224,0.048855224,-0.016530187,-0.016530187,3.5015137e-05,3.5015137e-05,-5.6129549e-06,-5.6129549e-06,-2.9833635e-13,-2.9833635e-13,2.9402182e-05,2.9402182e-05,0.019996686,0.019996686,-0.11603145,-0.11603145,19.300168,19.300168,-7.2499221,-7.2499221,8.3895036,8.3895036,-3.5851529,-3.5851529,-0.093671062,-0.093671062,-0.0058133652,-0.0058133652,0.0051482105,0.0051482105,-0.020893726,-0.020893726,4.6446631,4.6446631,-4.543153,-4.543153,4.1774616e-05,4.1774616e-05,-3.0599999e-16,-3.0599999e-16,-1.0828739e-15,-1.0828739e-15,2.2262223e-16,2.2262223e-16,2.1612148e-15,2.1612148e-15,-1.3442258e-14,-1.3442258e-14,0.00030842336,0.00030842336,2.4260585e-09,2.4260585e-09
0.022152597,0.022152597,-0.048697875,-0.048697875,-0.026545278,-0.026545278,0.12759118,0.12759118,0.10543858,0.10543858,0.04192075,0.04192075,-0.036535491,-0.036535491,0.042143291,0.042143291,-0.036535489,-0.036535489,-1.9928652e-09,-1.9928652e-09,1.2995716e-16,1.2995716e-16,0.016564853,0.016564853,-0.1160201,-0.1160201,-0.00019828908,-0.00019828908,-0.00019829255,-0.00019829255,-8.2257854e-06,-8.2257854e-06,0.048697875,0.048697875,-0.028135935,-0.028135935,0.027313069,0.027313069,-0.018300515,-0.018300515,0.021384806,0.021384806,-0.0098354194,-0.0098354194,0.0090125534,0.0090125534,0.011549387,0.011549387,0.0090125533,0.0090125533,0.011549387,0.011549387,1.9625836e-11,1.9625836e-11,-0.099455245,-0.099455245,1.5228043e-11,1.5228043e-11,-0.099455245,-0.099455245,0.016564853,0.016564853,-0.1160201,-0.1160201,0.025577407,0.025577407,0.048697875,0.048697875,-0.016564853,-0.016564853,3.466577e-05,3.466577e-05,-5.4838569e-06,-5.4838569e-06,-1.0258892e-13,-1.0258892e-13,2.9181914e-05,2.9181914e-05,0.019996764,0.019996764,-0.11603655,-0.11603655,19.308944,19.308944,-7.2502277,-7.2502277,8.399107,8.399107,-3.5852962,-3.5852962,-0.093867501,-0.093867501,-0.0055877439,-0.0055877439,0.0051154813,0.0051154813,-0.020894142,-0.020894142,4.6448827,4.6448827,-4.5442165,-4.5442165,4.0813799e-05,4.0813799e-05,-3.0663194e-16,-3.0663194e-16,-1.0837146e-15,-1.0837146e-15,2.2089388e-16,2.2089388e-16,2.1638319e-15,2.1638319e-15,-1.3448779e-14,-1.3448779e-14,0.00030599346,0.00030599346,2.3157432e-09,2.3157432e-09
0.021963477,0.021963477,-0.04854159,-0.04854159,-0.026578112,-0.026578112,0.12759936,0.12759936,0.10563589,0.10563589,0.04190932,0.04190932,-0.036575056,-0.036575056,0.042130102,0.042130102,-0.036575054,-0.036575054,-1.9725295e-09,-1.9725295e-09,1.2995155e-16,1.2995155e-16,0.016599173,0.016599173,-0.11602546,-0.11602546,-0.00019627015,-0.00019627015,-0.00019627362,-0.00019627362,-8.0365923e-06,-8.0365923e-06,0.04854159,0.04854159,-0.028173081,-0.028173081,0.027151054,0.027151054,-0.018335259,-0.018335259,0.021390535,0.021390535,-0.0098378223,-0.0098378223,0.0088157953,0.0088157953,0.011552713,0.011552713,0.0088157952,0.0088157952,0.011552713,0.011552713,1.93388e-11,1.93388e-11,-0.099426283,-0.099426283,1.4940627e-11,1.4940627e-11,-0.099426283,-0.099426283,0.016599173,0.016599173,-0.11602546,-0.11602546,0.025414968,0.025414968,0.04854159,0.04854159,-0.016599173,-0.016599173,3.4319585e-05,3.4319585e-05,-5.3577282e-06,-5.3577282e-06,-2.8741534e-13,-2.8741534e-13,2.8961857e-05,2.8961857e-05,0.019996812,0.019996812,-0.11604153,-0.11604153,19.31763,19.31763,-7.2505262,-7.2505262,8.4086314,8.4086314,-3.5854363,-3.5854363,-0.094061979,-0.094061979,-0.0053643044,-0.0053643044,0.0050829936,0.0050829936,-0.020894549,-0.020894549,4.6450972,4.6450972,-4.5452673,-4.5452673,3.9875082e-05,3.9875082e-05,-3.0725949e-16,-3.0725949e-16,-1.0845472e-15,-1.0845472e-15,2.1917445e-16,2.1917445e-16,2.1664282e-15,2.1664282e-15,-1.3455239e-14,-1.3455239e-14,0.00030357486,0.00030357486,2.2104441e-09,2.2104441e-09
0.021776178,0.021776178,-0.048386369,-0.048386369,-0.026610192,-0.026610192,0.12760736,0.12760736,0.10583118,0.10583118,0.04189782,0.04189782,-0.036614158,-0.036614158,0.042116851,0.042116851,-0.036614156,-0.036614156,-1.9524797e-09,-1.9524797e-09,1.2994606e-16,1.2994606e-16,0.016633149,0.016633149,-0.11603069,-0.11603069,-0.0001942706,-0.0001942706,-0.00019427407,-0.00019427407,-7.8517507e-06,-7.8517507e-06,0.048386369,0.048386369,-0.02820982,-0.02820982,0.026990237,0.026990237,-0.01836965,-0.01836965,0.021396132,0.021396132,-0.00984017,-0.00984017,0.0086205871,0.0086205871,0.011555962,0.011555962,0.008620587,0.008620587,0.011555962,0.011555962,1.9232376e-11,1.9232376e-11,-0.099397541,-0.099397541,1.4833832e-11,1.4833832e-11,-0.099397541,-0.099397541,0.016633149,0.016633149,-0.11603069,-0.11603069,0.025253736,0.025253736,0.048386369,0.048386369,-0.016633149,-0.016633149,3.397656e-05,3.397656e-05,-5.2345004e-06,-5.2345004e-06,-1.0679507e-13,-1.0679507e-13,2.8742059e-05,2.8742059e-05,0.019996829,0.019996829,-0.11604639,-0.11604639,19.326227,19.326227,-7.2508179,-7.2508179,8.4180772,8.4180772,-3.5855731,-3.5855731,-0.094254513,-0.094254513,-0.0051430285,-0.0051430285,0.0050507473,0.0050507473,-0.020894946,-0.020894946,4.6453068,4.6453068,-4.5463056,-4.5463056,3.8957955e-05,3.8957955e-05,-3.0788265e-16,-3.0788265e-16,-1.0853717e-15,-1.0853717e-15,2.1746405e-16,2.1746405e-16,2.1690038e-15,2.1690038e-15,-1.3461638e-14,-1.3461638e-14,0.00030116769,0.00030116769,2.109933e-09,2.109933e-09
0.021590684,0.021590684,-0.048232217,-0.048232217,-0.026641533,-0.026641533,0.12761517,0.12761517,0.10602449,0.10602449,0.041886255,0.041886255,-0.036652801,-0.036652801,0.042103544,0.042103544,-0.0366528,-0.0366528,-1.9325352e-09,-1.9325352e-09,1.2994069e-16,1.2994069e-16,0.016666786,0.016666786,-0.1160358,-0.1160358,-0.00019229026,-0.00019229026,-0.00019229374,-0.00019229374,-7.6711604e-06,-7.6711604e-06,0.048232217,0.048232217,-0.028246155,-0.028246155,0.026830616,0.026830616,-0.018403691,-0.018403691,0.021401601,0.021401601,-0.0098424636,-0.0098424636,0.0084269249,0.0084269249,0.011559137,0.011559137,0.0084269248,0.0084269248,0.011559137,0.011559137,1.8955622e-11,1.8955622e-11,-0.099369019,-0.099369019,1.4556715e-11,1.4556715e-11,-0.099369019,-0.099369019,0.016666786,0.016666786,-0.1160358,-0.1160358,0.025093711,0.025093711,0.048232217,0.048232217,-0.016666786,-0.016666786,3.3636672e-05,3.3636672e-05,-5.1141069e-06,-5.1141069e-06,-2.7711675e-13,-2.7711675e-13,2.8522565e-05,2.8522565e-05,0.019996817,0.019996817,-0.11605115,-0.11605115,19.334736,19.334736,-7.2511029,-7.2511029,8.4274445,8.4274445,-3.5857068,-3.5857068,-0.09444512,-0.09444512,-0.0049238981,-0.0049238981,0.0050187422,0.0050187422,-0.020895334,-0.020895334,4.6455115,4.6455115,-4.5473315,-4.5473315,3.8061922e-05,3.8061922e-05,-3.0850141e-16,-3.0850141e-16,-1.0861882e-15,-1.0861882e-15,2.1576281e-16,2.1576281e-16,2.1715588e-15,2.1715588e-15,-1.3467978e-14,-1.3467978e-14,0.00029877207,0.00029877207,2.0139922e-09,2.0139922e-09
0.021406981,0.021406981,-0.048079134,-0.048079134,-0.026672153,-0.026672153,0.12762281,0.12762281,0.10621583,0.10621583,0.041874631,0.041874631,-0.036690993,-0.036690993,0.042090186,0.042090186,-0.036690992,-0.036690992,-1.9128663e-09,-1.9128663e-09,1.2993543e-16,1.2993543e-16,0.016700086,0.016700086,-0.1160408,-0.1160408,-0.00019032899,-0.00019032899,-0.00019033246,-0.00019033246,-7.4947237e-06,-7.4947237e-06,0.048079134,0.048079134,-0.028282091,-0.028282091,0.026672191,0.026672191,-0.018437387,-0.018437387,0.021406943,0.021406943,-0.0098447045,-0.0098447045,0.0082348045,0.0082348045,0.011562239,0.011562239,0.0082348044,0.0082348044,0.011562239,0.011562239,1.8845528e-11,1.8845528e-11,-0.099340715,-0.099340715,1.4446268e-11,1.4446268e-11,-0.099340715,-0.099340715,0.016700086,0.016700086,-0.1160408,-0.1160408,0.02493489,0.02493489,0.048079134,0.048079134,-0.016700086,-0.016700086,3.3299901e-05,3.3299901e-05,-4.9964825e-06,-4.9964825e-06,-1.1044747e-13,-1.1044747e-13,2.8303418e-05,2.8303418e-05,0.019996776,0.019996776,-0.11605579,-0.11605579,19.343157,19.343157,-7.2513814,-7.2513814,8.4367338,8.4367338,-3.5858374,-3.5858374,-0.09463382,-0.09463382,-0.0047068953,-0.0047068953,0.0049869781,0.0049869781,-0.020895712,-0.020895712,4.6457115,4.6457115,-4.5483452,-4.5483452,3.7186498e-05,3.7186498e-05,-3.0911576e-16,-3.0911576e-16,-1.0869969e-15,-1.0869969e-15,2.1407083e-16,2.1407083e-16,2.1740933e-15,2.1740933e-15,-1.3474258e-14,-1.3474258e-14,0.00029638814,0.00029638814,1.922414e-09,1.922414e-09
0.021225054,0.021225054,-0.047927123,-0.047927123,-0.026702069,-0.026702069,0.12763026,0.12763026,0.10640521,0.10640521,0.041862951,0.041862951,-0.036728739,-0.036728739,0.042076781,0.042076781,-0.036728738,-0.036728738,-1.8933063e-09,-1.8933063e-09,1.2993028e-16,1.2993028e-16,0.016733052,0.016733052,-0.11604568,-0.11604568,-0.00018838661,-0.00018838661,-0.00018839009,-0.00018839009,-7.3223451e-06,-7.3223451e-06,0.047927123,0.047927123,-0.028317633,-0.028317633,0.026514961,0.026514961,-0.018470739,-0.018470739,0.021412163,0.021412163,-0.0098468938,-0.0098468938,0.0080442213,0.0080442213,0.011565269,0.011565269,0.0080442212,0.0080442212,0.011565269,0.011565269,1.8578479e-11,1.8578479e-11,-0.099312631,-0.099312631,1.4178873e-11,1.4178873e-11,-0.099312631,-0.099312631,0.016733052,0.016733052,-0.11604568,-0.11604568,0.024777273,0.024777273,0.047927123,0.047927123,-0.016733052,-0.016733052,3.2966224e-05,3.2966224e-05,-4.8815634e-06,-4.8815634e-06,-2.6739547e-13,-2.6739547e-13,2.8084661e-05,2.8084661e-05,0.019996708,0.019996708,-0.11606033,-0.11606033,19.351492,19.351492,-7.2516534,-7.2516534,8.4459454,8.4459454,-3.585965,-3.585965,-0.094820629,-0.094820629,-0.004492002,-0.004492002,0.0049554547,0.0049554547,-0.020896083,-0.020896083,4.645907,4.645907,-4.5493468,-4.5493468,3.6331208e-05,3.6331208e-05,-3.097257e-16,-3.097257e-16,-1.0877977e-15,-1.0877977e-15,2.1238821e-16,2.1238821e-16,2.1766072e-15,2.1766072e-15,-1.3480479e-14,-1.3480479e-14,0.000294016,0.000294016,1.8349999e-09,1.8349999e-09
0.021044888,0.021044888,-0.047776185,-0.047776185,-0.026731297,-0.026731297,0.12763755,0.12763755,0.10659266,0.10659266,0.041851221,0.041851221,-0.036766044,-0.036766044,0.042063334,0.042063334,-0.036766043,-0.036766043,-1.8740123e-09,-1.8740123e-09,1.2992525e-16,1.2992525e-16,0.016765688,0.016765688,-0.11605045,-0.11605045,-0.00018646299,-0.00018646299,-0.00018646646,-0.00018646646,-7.1539312e-06,-7.1539312e-06,0.047776185,0.047776185,-0.028352785,-0.028352785,0.026358923,0.026358923,-0.018503752,-0.018503752,0.021417262,0.021417262,-0.0098490328,-0.0098490328,0.0078551708,0.0078551708,0.01156823,0.01156823,0.0078551707,0.0078551707,0.01156823,0.01156823,1.8465225e-11,1.8465225e-11,-0.099284764,-0.099284764,1.406528e-11,1.406528e-11,-0.099284764,-0.099284764,0.016765688,0.016765688,-0.11605045,-0.11605045,0.024620859,0.024620859,0.047776185,0.047776185,-0.016765688,-0.016765688,3.2635621e-05,3.2635621e-05,-4.7692874e-06,-4.7692874e-06,-1.1359256e-13,-1.1359256e-13,2.7866333e-05,2.7866333e-05,0.019996614,0.019996614,-0.11606476,-0.11606476,19.359741,19.359741,-7.2519192,-7.2519192,8.4550796,8.4550796,-3.5860896,-3.5860896,-0.095005564,-0.095005564,-0.0042792005,-0.0042792005,0.0049241717,0.0049241717,-0.020896444,-0.020896444,4.6460979,4.6460979,-4.5503366,-4.5503366,3.5495591e-05,3.5495591e-05,-3.1033124e-16,-3.1033124e-16,-1.0885907e-15,-1.0885907e-15,2.1071506e-16,2.1071506e-16,2.1791007e-15,2.1791007e-15,-1.3486641e-14,-1.3486641e-14,0.00029165578,0.00029165578,1.7515606e-09,1.7515606e-09
0.020866469,0.020866469,-0.047626322,-0.047626322,-0.026759853,-0.026759853,0.12764467,0.12764467,0.1067782,0.1067782,0.041839445,0.041839445,-0.036802915,-0.036802915,0.042049851,0.042049851,-0.036802913,-0.036802913,-1.8548305e-09,-1.8548305e-09,1.2992032e-16,1.2992032e-16,0.016797996,0.016797996,-0.11605511,-0.11605511,-0.00018455796,-0.00018455796,-0.00018456143,-0.00018456143,-6.9893907e-06,-6.9893907e-06,0.047626322,0.047626322,-0.028387552,-0.028387552,0.026204077,0.026204077,-0.018536429,-0.018536429,0.021422245,0.021422245,-0.0098511226,-0.0098511226,0.0076676479,0.0076676479,0.011571122,0.011571122,0.0076676478,0.0076676478,0.011571122,0.011571122,1.8207345e-11,1.8207345e-11,-0.099257116,-0.099257116,1.380707e-11,1.380707e-11,-0.099257116,-0.099257116,0.016797996,0.016797996,-0.11605511,-0.11605511,0.024465644,0.024465644,0.047626322,0.047626322,-0.016797996,-0.016797996,3.2308069e-05,3.2308069e-05,-4.6595938e-06,-4.6595938e-06,-2.5820986e-13,-2.5820986e-13,2.7648475e-05,2.7648475e-05,0.019996495,0.019996495,-0.11606909,-0.11606909,19.367905,19.367905,-7.2521788,-7.2521788,8.4641367,8.4641367,-3.5862114,-3.5862114,-0.095188643,-0.095188643,-0.0040684729,-0.0040684729,0.0048931287,0.0048931287,-0.020896798,-0.020896798,4.6462845,4.6462845,-4.5513146,-4.5513146,3.4679192e-05,3.4679192e-05,-3.1093236e-16,-3.1093236e-16,-1.0893759e-15,-1.0893759e-15,2.0905146e-16,2.0905146e-16,2.1815739e-15,2.1815739e-15,-1.3492745e-14,-1.3492745e-14,0.00028930758,0.00028930758,1.6719154e-09,1.6719154e-09
0.020689781,0.020689781,-0.047477533,-0.047477533,-0.026787752,-0.026787752,0.12765162,0.12765162,0.10696184,0.10696184,0.041827628,0.041827628,-0.036839355,-0.036839355,0.042036335,0.042036335,-0.036839354,-0.036839354,-1.8359054e-09,-1.8359054e-09,1.2991549e-16,1.2991549e-16,0.016829979,0.016829979,-0.11605966,-0.11605966,-0.00018267136,-0.00018267136,-0.00018267484,-0.00018267484,-6.8286347e-06,-6.8286347e-06,0.047477533,0.047477533,-0.028421937,-0.028421937,0.026050421,0.026050421,-0.018568773,-0.018568773,0.021427112,0.021427112,-0.0098531643,-0.0098531643,0.0074816477,0.0074816477,0.011573948,0.011573948,0.0074816476,0.0074816476,0.011573948,0.011573948,1.8091395e-11,1.8091395e-11,-0.099229685,-0.099229685,1.3690797e-11,1.3690797e-11,-0.099229685,-0.099229685,0.016829979,0.016829979,-0.11605966,-0.11605966,0.024311627,0.024311627,0.047477533,0.047477533,-0.016829979,-0.016829979,3.1983546e-05,3.1983546e-05,-4.5524232e-06,-4.5524232e-06,-1.1627318e-13,-1.1627318e-13,2.7431123e-05,2.7431123e-05,0.01999635,0.01999635,-0.11607332,-0.11607332,19.375985,19.375985,-7.2524325,-7.2524325,8.4731172,8.4731172,-3.5863304,-3.5863304,-0.095369883,-0.095369883,-0.0038598017,-0.0038598017,0.0048623254,0.0048623254,-0.020897143,-0.020897143,4.6464667,4.6464667,-4.552281,-4.552281,3.3881571e-05,3.3881571e-05,-3.1152906e-16,-3.1152906e-16,-1.0901536e-15,-1.0901536e-15,2.0739751e-16,2.0739751e-16,2.1840268e-15,2.1840268e-15,-1.3498792e-14,-1.3498792e-14,0.0002869715,0.0002869715,1.5958917e-09,1.5958917e-09
0.020514811,0.020514811,-0.04732982,-0.04732982,-0.026815009,-0.026815009,0.12765842,0.12765842,0.10714361,0.10714361,0.041815775,0.041815775,-0.036875372,-0.036875372,0.042022791,0.042022791,-0.036875371,-0.036875371,-1.8170952e-09,-1.8170952e-09,1.2991077e-16,1.2991077e-16,0.016861641,0.016861641,-0.11606411,-0.11606411,-0.00018080305,-0.00018080305,-0.00018080653,-0.00018080653,-6.6715761e-06,-6.6715761e-06,0.04732982,0.04732982,-0.028455946,-0.028455946,0.025897952,0.025897952,-0.018600787,-0.018600787,0.021431868,0.021431868,-0.009855159,-0.009855159,0.0072971648,0.0072971648,0.011576709,0.011576709,0.0072971647,0.0072971647,0.011576709,0.011576709,1.7842188e-11,1.7842188e-11,-0.09920247,-0.09920247,1.3441275e-11,1.3441275e-11,-0.09920247,-0.09920247,0.016861641,0.016861641,-0.11606411,-0.11606411,0.024158806,0.024158806,0.04732982,0.04732982,-0.016861641,-0.016861641,3.1662032e-05,3.1662032e-05,-4.4477174e-06,-4.4477174e-06,-2.4952156e-13,-2.4952156e-13,2.7214315e-05,2.7214315e-05,0.019996183,0.019996183,-0.11607745,-0.11607745,19.383981,19.383981,-7.2526804,-7.2526804,8.4820214,8.4820214,-3.5864467,-3.5864467,-0.095549301,-0.095549301,-0.0036531692,-0.0036531692,0.0048317612,0.0048317612,-0.020897481,-0.020897481,4.6466448,4.6466448,-4.553236,-4.553236,3.3102295e-05,3.3102295e-05,-3.1212136e-16,-3.1212136e-16,-1.0909236e-15,-1.0909236e-15,2.0575329e-16,2.0575329e-16,2.1864594e-15,2.1864594e-15,-1.3504781e-14,-1.3504781e-14,0.00028464763,0.00028464763,1.5233249e-09,1.5233249e-09
0.020341543,0.020341543,-0.047183183,-0.047183183,-0.02684164,-0.02684164,0.12766505,0.12766505,0.10732351,0.10732351,0.041803888,0.041803888,-0.03691097,-0.03691097,0.042009224,0.042009224,-0.036910969,-0.036910969,-1.7985331e-09,-1.7985331e-09,1.2990614e-16,1.2990614e-16,0.016892985,0.016892985,-0.11606846,-0.11606846,-0.00017895287,-0.00017895287,-0.00017895635,-0.00017895635,-6.5181299e-06,-6.5181299e-06,0.047183183,0.047183183,-0.028489582,-0.028489582,0.025746668,0.025746668,-0.018632475,-0.018632475,0.021436515,0.021436515,-0.0098571079,-0.0098571079,0.0071141936,0.0071141936,0.011579407,0.011579407,0.0071141935,0.0071141935,0.011579407,0.011579407,1.7723968e-11,1.7723968e-11,-0.099175472,-0.099175472,1.3322747e-11,1.3322747e-11,-0.099175472,-0.099175472,0.016892985,0.016892985,-0.11606846,-0.11606846,0.024007179,0.024007179,0.047183183,0.047183183,-0.016892985,-0.016892985,3.1343504e-05,3.1343504e-05,-4.3454199e-06,-4.3454199e-06,-1.1852882e-13,-1.1852882e-13,2.6998084e-05,2.6998084e-05,0.019995992,0.019995992,-0.11608149,-0.11608149,19.391896,19.391896,-7.2529225,-7.2529225,8.4908497,8.4908497,-3.5865603,-3.5865603,-0.095726914,-0.095726914,-0.003448558,-0.003448558,0.0048014357,0.0048014357,-0.02089781,-0.02089781,4.6468187,4.6468187,-4.5541797,-4.5541797,3.2340942e-05,3.2340942e-05,-3.1270925e-16,-3.1270925e-16,-1.0916862e-15,-1.0916862e-15,2.0411887e-16,2.0411887e-16,2.188872e-15,2.188872e-15,-1.3510713e-14,-1.3510713e-14,0.00028233608,0.00028233608,1.4540578e-09,1.4540578e-09
0.020169963,0.020169963,-0.047037621,-0.047037621,-0.026867658,-0.026867658,0.12767154,0.12767154,0.10750158,0.10750158,0.041791973,0.041791973,-0.036946155,-0.036946155,0.041995637,0.041995637,-0.036946154,-0.036946154,-1.7800882e-09,-1.7800882e-09,1.2990162e-16,1.2990162e-16,0.016924013,0.016924013,-0.1160727,-0.1160727,-0.00017712067,-0.00017712067,-0.00017712414,-0.00017712414,-6.3682129e-06,-6.3682129e-06,0.047037621,0.047037621,-0.02852285,-0.02852285,0.025596567,0.025596567,-0.018663838,-0.018663838,0.021441054,0.021441054,-0.009859012,-0.009859012,0.0069327286,0.0069327286,0.011582042,0.011582042,0.0069327285,0.0069327285,0.011582042,0.011582042,1.7482973e-11,1.7482973e-11,-0.09914869,-0.09914869,1.3081451e-11,1.3081451e-11,-0.09914869,-0.09914869,0.016924013,0.016924013,-0.1160727,-0.1160727,0.023856741,0.023856741,0.047037621,0.047037621,-0.016924013,-0.016924013,3.102794e-05,3.102794e-05,-4.2454753e-06,-4.2454753e-06,-2.4129515e-13,-2.4129515e-13,2.6782465e-05,2.6782465e-05,0.019995779,0.019995779,-0.11608544,-0.11608544,19.399728,19.399728,-7.2531591,-7.2531591,8.4996023,8.4996023,-3.5866712,-3.5866712,-0.095902739,-0.095902739,-0.0032459505,-0.0032459505,0.0047713483,0.0047713483,-0.020898132,-0.020898132,4.6469887,4.6469887,-4.5551123,-4.5551123,3.15971e-05,3.15971e-05,-3.1329274e-16,-3.1329274e-16,-1.0924412e-15,-1.0924412e-15,2.0249433e-16,2.0249433e-16,2.1912645e-15,2.1912645e-15,-1.3516589e-14,-1.3516589e-14,0.00028003693,0.00028003693,1.3879404e-09,1.3879404e-09
0.020000058,0.020000058,-0.046893135,-0.046893135,-0.026893077,-0.026893077,0.12767788,0.12767788,0.10767782,0.10767782,0.041780034,0.041780034,-0.036980931,-0.036980931,0.041982034,0.041982034,-0.03698093,-0.03698093,-1.7618832e-09,-1.7618832e-09,1.2989719e-16,1.2989719e-16,0.016954728,0.016954728,-0.11607685,-0.11607685,-0.00017530629,-0.00017530629,-0.00017530977,-0.00017530977,-6.221744e-06,-6.221744e-06,0.046893135,0.046893135,-0.028555754,-0.028555754,0.025447646,0.025447646,-0.018694882,-0.018694882,0.021445489,0.021445489,-0.0098608722,-0.0098608722,0.0067527637,0.0067527637,0.011584617,0.011584617,0.0067527636,0.0067527636,0.011584617,0.011584617,1.7362872e-11,1.7362872e-11,-0.099122122,-0.099122122,1.2961056e-11,1.2961056e-11,-0.099122122,-0.099122122,0.016954728,0.016954728,-0.11607685,-0.11607685,0.023707492,0.023707492,0.046893135,0.046893135,-0.016954728,-0.016954728,3.0715319e-05,3.0715319e-05,-4.1478293e-06,-4.1478293e-06,-1.2039588e-13,-1.2039588e-13,2.656749e-05,2.656749e-05,0.019995545,0.019995545,-0.11608929,-0.11608929,19.40748,19.40748,-7.2533903,-7.2533903,8.5082798,8.5082798,-3.5867796,-3.5867796,-0.096076793,-0.096076793,-0.0030453295,-0.0030453295,0.0047414984,0.0047414984,-0.020898447,-0.020898447,4.6471548,4.6471548,-4.5560338,-4.5560338,3.0870367e-05,3.0870367e-05,-3.1387182e-16,-3.1387182e-16,-1.0931889e-15,-1.0931889e-15,2.0087973e-16,2.0087973e-16,2.193637e-15,2.193637e-15,-1.3522409e-14,-1.3522409e-14,0.00027775026,0.00027775026,1.3248293e-09,1.3248293e-09
0.019831812,0.019831812,-0.046749724,-0.046749724,-0.026917912,-0.026917912,0.12768407,0.12768407,0.10785226,0.10785226,0.041768073,0.041768073,-0.037015305,-0.037015305,0.04196842,0.04196842,-0.037015304,-0.037015304,-1.7437972e-09,-1.7437972e-09,1.2989286e-16,1.2989286e-16,0.016985134,0.016985134,-0.1160809,-0.1160809,-0.00017350959,-0.00017350959,-0.00017351307,-0.00017351307,-6.0786439e-06,-6.0786439e-06,0.046749724,0.046749724,-0.028588298,-0.028588298,0.025299901,0.025299901,-0.018725608,-0.018725608,0.021449822,0.021449822,-0.0098626897,-0.0098626897,0.0065742931,0.0065742931,0.011587133,0.011587133,0.006574293,0.006574293,0.011587133,0.011587133,1.7129661e-11,1.7129661e-11,-0.099095769,-0.099095769,1.2727558e-11,1.2727558e-11,-0.099095769,-0.099095769,0.016985134,0.016985134,-0.1160809,-0.1160809,0.023559427,0.023559427,0.046749724,0.046749724,-0.016985134,-0.016985134,3.0405619e-05,3.0405619e-05,-4.0524293e-06,-4.0524293e-06,-2.3349799e-13,-2.3349799e-13,2.635319e-05,2.635319e-05,0.01999529,0.01999529,-0.11609306,-0.11609306,19.415152,19.415152,-7.2536161,-7.2536161,8.5168825,8.5168825,-3.5868856,-3.5868856,-0.096249091,-0.096249091,-0.0028466778,-0.0028466778,0.0047118854,0.0047118854,-0.020898754,-0.020898754,4.647317,4.647317,-4.5569445,-4.5569445,3.0160348e-05,3.0160348e-05,-3.1444651e-16,-3.1444651e-16,-1.0939293e-15,-1.0939293e-15,1.9927514e-16,1.9927514e-16,2.1959897e-15,2.1959897e-15,-1.3528174e-14,-1.3528174e-14,0.00027547615,0.00027547615,1.264588e-09,1.264588e-09
0.019665211,0.019665211,-0.046607387,-0.046607387,-0.026942176,-0.026942176,0.12769012,0.12769012,0.1080249,0.1080249,0.041756096,0.041756096,-0.03704928,-0.03704928,0.041954797,0.041954797,-0.037049279,-0.037049279,-1.7259434e-09,-1.7259434e-09,1.2988861e-16,1.2988861e-16,0.017015233,0.017015233,-0.11608486,-0.11608486,-0.00017173042,-0.00017173042,-0.00017173389,-0.00017173389,-5.9388351e-06,-5.9388351e-06,0.046607387,0.046607387,-0.028620486,-0.028620486,0.025153331,0.025153331,-0.018756021,-0.018756021,0.021454056,0.021454056,-0.0098644654,-0.0098644654,0.0063973104,0.0063973104,0.01158959,0.01158959,0.0063973103,0.0063973103,0.01158959,0.01158959,1.7008034e-11,1.7008034e-11,-0.099069629,-0.099069629,1.260565e-11,1.260565e-11,-0.099069629,-0.099069629,0.017015233,0.017015233,-0.11608486,-0.11608486,0.023412543,0.023412543,0.046607387,0.046607387,-0.017015233,-0.017015233,3.0098818e-05,3.0098818e-05,-3.9592234e-06,-3.9592234e-06,-1.2190792e-13,-1.2190792e-13,2.6139595e-05,2.6139595e-05,0.019995016,0.019995016,-0.11609674,-0.11609674,19.422745,19.422745,-7.2538367,-7.2538367,8.5254107,8.5254107,-3.5869891,-3.5869891,-0.096419651,-0.096419651,-0.0026499783,-0.0026499783,0.0046825086,0.0046825086,-0.020899054,-0.020899054,4.6474755,4.6474755,-4.5578445,-4.5578445,2.946666e-05,2.946666e-05,-3.1501681e-16,-3.1501681e-16,-1.0946624e-15,-1.0946624e-15,1.9768061e-16,1.9768061e-16,2.1983225e-15,2.1983225e-15,-1.3533883e-14,-1.3533883e-14,0.00027321467,0.00027321467,1.2070859e-09,1.2070859e-09
0.019500241,0.019500241,-0.046466123,-0.046466123,-0.026965881,-0.026965881,0.12769602,0.12769602,0.10819578,0.10819578,0.041744104,0.041744104,-0.037082862,-0.037082862,0.04194117,0.04194117,-0.037082861,-0.037082861,-1.7082102e-09,-1.7082102e-09,1.2988446e-16,1.2988446e-16,0.017045027,0.017045027,-0.11608873,-0.11608873,-0.00016996862,-0.00016996862,-0.00016997209,-0.00016997209,-5.8022419e-06,-5.8022419e-06,0.046466123,0.046466123,-0.028652322,-0.028652322,0.025007931,0.025007931,-0.018786122,-0.018786122,0.021458192,0.021458192,-0.0098662002,-0.0098662002,0.0062218093,0.0062218093,0.011591992,0.011591992,0.0062218092,0.0062218092,0.011591992,0.011591992,1.6782208e-11,1.6782208e-11,-0.099043703,-0.099043703,1.237955e-11,1.237955e-11,-0.099043703,-0.099043703,0.017045027,0.017045027,-0.11608873,-0.11608873,0.023266837,0.023266837,0.046466123,0.046466123,-0.017045027,-0.017045027,2.9794895e-05,2.9794895e-05,-3.8681612e-06,-3.8681612e-06,-2.2609994e-13,-2.2609994e-13,2.5926734e-05,2.5926734e-05,0.019994722,0.019994722,-0.11610033,-0.11610033,19.430259,19.430259,-7.2540523,-7.2540523,8.533865,8.533865,-3.5870902,-3.5870902,-0.096588489,-0.096588489,-0.0024552138,-0.0024552138,0.0046533674,0.0046533674,-0.020899348,-0.020899348,4.6476304,4.6476304,-4.558734,-4.558734,2.8788927e-05,2.8788927e-05,-3.1558272e-16,-3.1558272e-16,-1.0953883e-15,-1.0953883e-15,1.960962e-16,1.960962e-16,2.2006357e-15,2.2006357e-15,-1.3539538e-14,-1.3539538e-14,0.0002709659,0.0002709659,1.1521985e-09,1.1521985e-09
0.019336889,0.019336889,-0.046325931,-0.046325931,-0.026989042,-0.026989042,0.1277018,0.1277018,0.10836491,0.10836491,0.041732103,0.041732103,-0.037116056,-0.037116056,0.041927543,0.041927543,-0.037116055,-0.037116055,-1.6907019e-09,-1.6907019e-09,1.2988039e-16,1.2988039e-16,0.017074521,0.017074521,-0.11609251,-0.11609251,-0.00016822404,-0.00016822404,-0.00016822752,-0.00016822752,-5.6687903e-06,-5.6687903e-06,0.046325931,0.046325931,-0.02868381,-0.02868381,0.024863698,0.024863698,-0.018815915,-0.018815915,0.021462233,0.021462233,-0.0098678951,-0.0098678951,0.0060477833,0.0060477833,0.011594338,0.011594338,0.0060477832,0.0060477832,0.011594338,0.011594338,1.665938e-11,1.665938e-11,-0.099017988,-0.099017988,1.2256454e-11,1.2256454e-11,-0.099017988,-0.099017988,0.017074521,0.017074521,-0.11609251,-0.11609251,0.023122305,0.023122305,0.046325931,0.046325931,-0.017074521,-0.017074521,2.9493828e-05,2.9493828e-05,-3.7791935e-06,-3.7791935e-06,-1.2309588e-13,-1.2309588e-13,2.5714634e-05,2.5714634e-05,0.01999441,0.01999441,-0.11610385,-0.11610385,19.437696,19.437696,-7.2542629,-7.2542629,8.5422456,8.5422456,-3.5871889,-3.5871889,-0.096755621,-0.096755621,-0.0022623675,-0.0022623675,0.0046244609,0.0046244609,-0.020899634,-0.020899634,4.6477817,4.6477817,-4.559613,-4.559613,2.8126782e-05,2.8126782e-05,-3.1614427e-16,-3.1614427e-16,-1.096107e-15,-1.096107e-15,1.9452196e-16,1.9452196e-16,2.2029293e-15,2.2029293e-15,-1.3545139e-14,-1.3545139e-14,0.00026872989,0.00026872989,1.0998069e-09,1.0998069e-09
0.019175139,0.019175139,-0.046186809,-0.046186809,-0.027011669,-0.027011669,0.12770744,0.12770744,0.1085323,0.1085323,0.041720094,0.041720094,-0.037148867,-0.037148867,0.041913917,0.041913917,-0.037148866,-0.037148866,-1.6733153e-09,-1.6733153e-09,1.2987641e-16,1.2987641e-16,0.017103717,0.017103717,-0.1160962,-0.1160962,-0.00016649654,-0.00016649654,-0.00016650002,-0.00016650002,-5.5384081e-06,-5.5384081e-06,0.046186809,0.046186809,-0.028714953,-0.028714953,0.024720628,0.024720628,-0.018845402,-0.018845402,0.021466181,0.021466181,-0.0098695511,-0.0098695511,0.0058752257,0.0058752257,0.01159663,0.01159663,0.0058752256,0.0058752256,0.01159663,0.01159663,1.6440569e-11,1.6440569e-11,-0.098992485,-0.098992485,1.2037381e-11,1.2037381e-11,-0.098992485,-0.098992485,0.017103717,0.017103717,-0.1160962,-0.1160962,0.022978943,0.022978943,0.046186809,0.046186809,-0.017103717,-0.017103717,2.9195594e-05,2.9195594e-05,-3.6922721e-06,-3.6922721e-06,-2.1907322e-13,-2.1907322e-13,2.5503322e-05,2.5503322e-05,0.019994081,0.019994081,-0.11610728,-0.11610728,19.445056,19.445056,-7.2544686,-7.2544686,8.5505531,8.5505531,-3.5872855,-3.5872855,-0.096921062,-0.096921062,-0.0020714224,-0.0020714224,0.0045957885,0.0045957885,-0.020899914,-0.020899914,4.6479295,4.6479295,-4.5604816,-4.5604816,2.7479866e-05,2.7479866e-05,-3.1670144e-16,-3.1670144e-16,-1.0968187e-15,-1.0968187e-15,1.9295794e-16,1.9295794e-16,2.2052033e-15,2.2052033e-15,-1.3550686e-14,-1.3550686e-14,0.00026650671,0.00026650671,1.0497976e-09,1.0497976e-09
0.019014979,0.019014979,-0.046048756,-0.046048756,-0.027033777,-0.027033777,0.12771295,0.12771295,0.10869797,0.10869797,0.041708082,0.041708082,-0.037181299,-0.037181299,0.041900298,0.041900298,-0.037181298,-0.037181298,-1.6561465e-09,-1.6561465e-09,1.2987252e-16,1.2987252e-16,0.017132617,0.017132617,-0.11609981,-0.11609981,-0.00016478598,-0.00016478598,-0.00016478946,-0.00016478946,-5.4110248e-06,-5.4110248e-06,0.046048756,0.046048756,-0.028745757,-0.028745757,0.024578718,0.024578718,-0.018874588,-0.018874588,0.021470038,0.021470038,-0.0098711689,-0.0098711689,0.0057041298,0.0057041298,0.011598869,0.011598869,0.0057041297,0.0057041297,0.011598869,0.011598869,1.6316837e-11,1.6316837e-11,-0.098967192,-0.098967192,1.1913392e-11,1.1913392e-11,-0.098967192,-0.098967192,0.017132617,0.017132617,-0.11609981,-0.11609981,0.022836747,0.022836747,0.046048756,0.046048756,-0.017132617,-0.017132617,2.8900174e-05,2.8900174e-05,-3.6073498e-06,-3.6073498e-06,-1.2398825e-13,-1.2398825e-13,2.5292824e-05,2.5292824e-05,0.019993734,0.019993734,-0.11611063,-0.11611063,19.45234,19.45234,-7.2546697,-7.2546697,8.5587877,8.5587877,-3.5873797,-3.5873797,-0.09708483,-0.09708483,-0.001882362,-0.001882362,0.0045673494,0.0045673494,-0.020900188,-0.020900188,4.6480739,4.6480739,-4.5613401,-4.5613401,2.6847829e-05,2.6847829e-05,-3.1725426e-16,-3.1725426e-16,-1.0975234e-15,-1.0975234e-15,1.9140417e-16,1.9140417e-16,2.207458e-15,2.207458e-15,-1.355618e-14,-1.355618e-14,0.00026429642,0.00026429642,1.0020622e-09,1.0020622e-09
0.018856394,0.018856394,-0.045911769,-0.045911769,-0.027055375,-0.027055375,0.12771833,0.12771833,0.10886194,0.10886194,0.041696069,0.041696069,-0.037213357,-0.037213357,0.041886687,0.041886687,-0.037213356,-0.037213356,-1.6391005e-09,-1.6391005e-09,1.298687e-16,1.298687e-16,0.017161225,0.017161225,-0.11610333,-0.11610333,-0.0001630922,-0.0001630922,-0.00016309567,-0.00016309567,-5.2865712e-06,-5.2865712e-06,0.045911769,0.045911769,-0.028776224,-0.028776224,0.024437963,0.024437963,-0.018903475,-0.018903475,0.021473806,0.021473806,-0.0098727496,-0.0098727496,0.0055344886,0.0055344886,0.011601057,0.011601057,0.0055344885,0.0055344885,0.011601057,0.011601057,1.6104695e-11,1.6104695e-11,-0.098942109,-0.098942109,1.1701e-11,1.1701e-11,-0.098942109,-0.098942109,0.017161225,0.017161225,-0.11610333,-0.11610333,0.022695713,0.022695713,0.045911769,0.045911769,-0.017161225,-0.017161225,2.8607544e-05,2.8607544e-05,-3.5243808e-06,-3.5243808e-06,-2.1239215e-13,-2.1239215e-13,2.5083163e-05,2.5083163e-05,0.019993371,0.019993371,-0.11611391,-0.11611391,19.459548,19.459548,-7.2548661,-7.2548661,8.56695,8.56695,-3.5874719,-3.5874719,-0.097246939,-0.097246939,-0.0016951694,-0.0016951694,0.0045391426,0.0045391426,-0.020900455,-0.020900455,4.648215,4.648215,-4.5621886,-4.5621886,2.6230329e-05,2.6230329e-05,-3.1780273e-16,-3.1780273e-16,-1.0982211e-15,-1.0982211e-15,1.8986069e-16,1.8986069e-16,2.2096933e-15,2.2096933e-15,-1.3561621e-14,-1.3561621e-14,0.00026209907,0.00026209907,9.5649747e-10,9.5649747e-10
0.01869937,0.01869937,-0.045775848,-0.045775848,-0.027076477,-0.027076477,0.12772359,0.12772359,0.10902422,0.10902422,0.041684059,0.041684059,-0.037245046,-0.037245046,0.041873088,0.041873088,-0.037245045,-0.037245045,-1.6222656e-09,-1.6222656e-09,1.2986497e-16,1.2986497e-16,0.017189542,0.017189542,-0.11610678,-0.11610678,-0.00016141505,-0.00016141505,-0.00016141853,-0.00016141853,-5.16498e-06,-5.16498e-06,0.045775848,0.045775848,-0.028806359,-0.028806359,0.02429836,0.02429836,-0.018932065,-0.018932065,0.021477488,0.021477488,-0.0098742939,-0.0098742939,0.005366295,0.005366295,0.011603194,0.011603194,0.0053662949,0.0053662949,0.011603194,0.011603194,1.5980327e-11,1.5980327e-11,-0.098917234,-0.098917234,1.1576389e-11,1.1576389e-11,-0.098917234,-0.098917234,0.017189542,0.017189542,-0.11610678,-0.11610678,0.022555837,0.022555837,0.045775848,0.045775848,-0.017189542,-0.017189542,2.8317683e-05,2.8317683e-05,-3.44332e-06,-3.44332e-06,-1.246113e-13,-1.246113e-13,2.4874363e-05,2.4874363e-05,0.019992993,0.019992993,-0.11611711,-0.11611711,19.466682,19.466682,-7.2550579,-7.2550579,8.5750403,8.5750403,-3.5875619,-3.5875619,-0.097407406,-0.097407406,-0.0015098282,-0.0015098282,0.0045111675,0.0045111675,-0.020900716,-0.020900716,4.6483529,4.6483529,-4.5630271,-4.5630271,2.5627031e-05,2.5627031e-05,-3.1834687e-16,-3.1834687e-16,-1.0989119e-15,-1.0989119e-15,1.8832755e-16,1.8832755e-16,2.2119094e-15,2.2119094e-15,-1.3567009e-14,-1.3567009e-14,0.00025991471,0.00025991471,9.1300457e-10,9.1300457e-10
0.018543895,0.018543895,-0.045640989,-0.045640989,-0.027097094,-0.027097094,0.12772873,0.12772873,0.10918484,0.10918484,0.041672054,0.041672054,-0.03727637,-0.03727637,0.041859504,0.041859504,-0.03727637,-0.03727637,-1.6055542e-09,-1.6055542e-09,1.2986131e-16,1.2986131e-16,0.017217573,0.017217573,-0.11611014,-0.11611014,-0.0001597544,-0.0001597544,-0.00015975788,-0.00015975788,-5.0461855e-06,-5.0461855e-06,0.045640989,0.045640989,-0.028836164,-0.028836164,0.024159904,0.024159904,-0.018960362,-0.018960362,0.021481085,0.021481085,-0.0098758027,-0.0098758027,0.005199542,0.005199542,0.011605283,0.011605283,0.0051995419,0.0051995419,0.011605283,0.011605283,1.5774533e-11,1.5774533e-11,-0.098892568,-0.098892568,1.1370356e-11,1.1370356e-11,-0.098892568,-0.098892568,0.017217573,0.017217573,-0.11611014,-0.11611014,0.022417115,0.022417115,0.045640989,0.045640989,-0.017217573,-0.017217573,2.8030571e-05,2.8030571e-05,-3.3641237e-06,-3.3641237e-06,-2.0603308e-13,-2.0603308e-13,2.4666447e-05,2.4666447e-05,0.019992599,0.019992599,-0.11612023,-0.11612023,19.473742,19.473742,-7.2552454,-7.2552454,8.5830591,8.5830591,-3.5876498,-3.5876498,-0.097566246,-0.097566246,-0.0013263218,-0.0013263218,0.004483423,0.004483423,-0.020900972,-0.020900972,4.6484876,4.6484876,-4.5638559,-4.5638559,2.503761e-05,2.503761e-05,-3.1888668e-16,-3.1888668e-16,-1.0995959e-15,-1.0995959e-15,1.8680475e-16,1.8680475e-16,2.2141063e-15,2.2141063e-15,-1.3572346e-14,-1.3572346e-14,0.00025774339,0.00025774339,8.7148934e-10,8.7148934e-10
0.018389953,0.018389953,-0.04550719,-0.04550719,-0.027117237,-0.027117237,0.12773375,0.12773375,0.1093438,0.1093438,0.041660057,0.041660057,-0.037307335,-0.037307335,0.041845937,0.041845937,-0.037307334,-0.037307334,-1.5890475e-09,-1.5890475e-09,1.2985773e-16,1.2985773e-16,0.017245319,0.017245319,-0.11611343,-0.11611343,-0.0001581101,-0.0001581101,-0.00015811358,-0.00015811358,-4.9301232e-06,-4.9301232e-06,0.04550719,0.04550719,-0.028865645,-0.028865645,0.02402259,0.02402259,-0.018988368,-0.018988368,0.0214846,0.0214846,-0.0098772767,-0.0098772767,0.0050342221,0.0050342221,0.011607323,0.011607323,0.005034222,0.005034222,0.011607323,0.011607323,1.5649777e-11,1.5649777e-11,-0.098868109,-0.098868109,1.1245367e-11,1.1245367e-11,-0.098868109,-0.098868109,0.017245319,0.017245319,-0.11611343,-0.11611343,0.022279541,0.022279541,0.04550719,0.04550719,-0.017245319,-0.017245319,2.7746184e-05,2.7746184e-05,-3.2867488e-06,-3.2867488e-06,-1.2498924e-13,-1.2498924e-13,2.4459436e-05,2.4459436e-05,0.019992191,0.019992191,-0.11612329,-0.11612329,19.480729,19.480729,-7.2554286,-7.2554286,8.5910067,8.5910067,-3.5877357,-3.5877357,-0.097723475,-0.097723475,-0.001144634,-0.001144634,0.0044559082,0.0044559082,-0.020901221,-0.020901221,4.6486191,4.6486191,-4.564675,-4.564675,2.4461745e-05,2.4461745e-05,-3.1942218e-16,-3.1942218e-16,-1.1002732e-15,-1.1002732e-15,1.8529234e-16,1.8529234e-16,2.2162843e-15,2.2162843e-15,-1.3577631e-14,-1.3577631e-14,0.00025558514,0.00025558514,8.3186185e-10,8.3186185e-10
0.018237532,0.018237532,-0.045374448,-0.045374448,-0.027136916,-0.027136916,0.12773866,0.12773866,0.10950113,0.10950113,0.041648071,0.041648071,-0.037337943,-0.037337943,0.041832391,0.041832391,-0.037337943,-0.037337943,-1.5726647e-09,-1.5726647e-09,1.2985423e-16,1.2985423e-16,0.017272784,0.017272784,-0.11611664,-0.11611664,-0.000156482,-0.000156482,-0.00015648548,-0.00015648548,-4.8167304e-06,-4.8167304e-06,0.045374448,0.045374448,-0.028894803,-0.028894803,0.023886415,0.023886415,-0.019016087,-0.019016087,0.021488033,0.021488033,-0.0098787169,-0.0098787169,0.0048703281,0.0048703281,0.011609316,0.011609316,0.004870328,0.004870328,0.011609316,0.011609316,1.5450031e-11,1.5450031e-11,-0.098843855,-0.098843855,1.1045392e-11,1.1045392e-11,-0.098843855,-0.098843855,0.017272784,0.017272784,-0.11611664,-0.11611664,0.022143112,0.022143112,0.045374448,0.045374448,-0.017272784,-0.017272784,2.7464503e-05,2.7464503e-05,-3.2111536e-06,-3.2111536e-06,-1.9997415e-13,-1.9997415e-13,2.425335e-05,2.425335e-05,0.019991769,0.019991769,-0.11612627,-0.11612627,19.487643,19.487643,-7.2556075,-7.2556075,8.5988837,8.5988837,-3.5878197,-3.5878197,-0.097879107,-0.097879107,-0.00096474845,-0.00096474845,0.0044286223,0.0044286223,-0.020901464,-0.020901464,4.6487477,4.6487477,-4.5654845,-4.5654845,2.3899124e-05,2.3899124e-05,-3.1995339e-16,-3.1995339e-16,-1.1009437e-15,-1.1009437e-15,1.8379034e-16,1.8379034e-16,2.2184433e-15,2.2184433e-15,-1.3582865e-14,-1.3582865e-14,0.00025344,0.00025344,7.9403626e-10,7.9403626e-10
0.018086618,0.018086618,-0.04524276,-0.04524276,-0.027156142,-0.027156142,0.12774345,0.12774345,0.10965683,0.10965683,0.041636098,0.041636098,-0.0373682,-0.0373682,0.041818868,0.041818868,-0.0373682,-0.0373682,-1.5564806e-09,-1.5564806e-09,1.298508e-16,1.298508e-16,0.017299969,0.017299969,-0.11611978,-0.11611978,-0.00015486996,-0.00015486996,-0.00015487344,-0.00015487344,-4.7059456e-06,-4.7059456e-06,0.04524276,0.04524276,-0.028923644,-0.028923644,0.023751373,0.023751373,-0.01904352,-0.01904352,0.021491388,0.021491388,-0.009880124,-0.009880124,0.0047078523,0.0047078523,0.011611264,0.011611264,0.0047078522,0.0047078522,0.011611264,0.011611264,1.5325109e-11,1.5325109e-11,-0.098819807,-0.098819807,1.0920248e-11,1.0920248e-11,-0.098819807,-0.098819807,0.017299969,0.017299969,-0.11611978,-0.11611978,0.022007821,0.022007821,0.04524276,0.04524276,-0.017299969,-0.017299969,2.7185505e-05,2.7185505e-05,-3.1372971e-06,-3.1372971e-06,-1.2514434e-13,-1.2514434e-13,2.4048208e-05,2.4048208e-05,0.019991334,0.019991334,-0.11612919,-0.11612919,19.494486,19.494486,-7.2557824,-7.2557824,8.6066904,8.6066904,-3.5879017,-3.5879017,-0.098033158,-0.098033158,-0.00078664905,-0.00078664905,0.0044015643,0.0044015643,-0.020901702,-0.020901702,4.6488733,4.6488733,-4.5662847,-4.5662847,2.3349445e-05,2.3349445e-05,-3.204803e-16,-3.204803e-16,-1.1016076e-15,-1.1016076e-15,1.8229877e-16,1.8229877e-16,2.2205835e-15,2.2205835e-15,-1.3588048e-14,-1.3588048e-14,0.00025130801,0.00025130801,7.5793064e-10,7.5793064e-10
0.017937198,0.017937198,-0.045112125,-0.045112125,-0.027174927,-0.027174927,0.12774813,0.12774813,0.10981094,0.10981094,0.041624142,0.041624142,-0.037398111,-0.037398111,0.04180537,0.04180537,-0.03739811,-0.03739811,-1.5404205e-09,-1.5404205e-09,1.2984744e-16,1.2984744e-16,0.017326878,0.017326878,-0.11612284,-0.11612284,-0.00015327385,-0.00015327385,-0.00015327733,-0.00015327733,-4.5977089e-06,-4.5977089e-06,0.045112125,0.045112125,-0.028952171,-0.028952171,0.023617459,0.023617459,-0.019070672,-0.019070672,0.021494665,0.021494665,-0.0098814986,-0.0098814986,0.0045467874,0.0045467874,0.011613167,0.011613167,0.0045467873,0.0045467873,0.011613167,0.011613167,1.5131131e-11,1.5131131e-11,-0.098795963,-0.098795963,1.0726053e-11,1.0726053e-11,-0.098795963,-0.098795963,0.017326878,0.017326878,-0.11612284,-0.11612284,0.021873666,0.021873666,0.045112125,0.045112125,-0.017326878,-0.017326878,2.690917e-05,2.690917e-05,-3.0651392e-06,-3.0651392e-06,-1.9419518e-13,-1.9419518e-13,2.3844031e-05,2.3844031e-05,0.019990886,0.019990886,-0.11613204,-0.11613204,19.501258,19.501258,-7.2559532,-7.2559532,8.6144273,8.6144273,-3.5879818,-3.5879818,-0.098185643,-0.098185643,-0.00061031972,-0.00061031972,0.0043747331,0.0043747331,-0.020901935,-0.020901935,4.648996,4.648996,-4.5670755,-4.5670755,2.2812407e-05,2.2812407e-05,-3.2100295e-16,-3.2100295e-16,-1.1022648e-15,-1.1022648e-15,1.8081764e-16,1.8081764e-16,2.222705e-15,2.222705e-15,-1.359318e-14,-1.359318e-14,0.00024918921,0.00024918921,7.2346677e-10,7.2346677e-10
0.017789258,0.017789258,-0.044982537,-0.044982537,-0.027193279,-0.027193279,0.12775271,0.12775271,0.10996345,0.10996345,0.041612203,0.041612203,-0.037427678,-0.037427678,0.041791901,0.041791901,-0.037427678,-0.037427678,-1.5245535e-09,-1.5245535e-09,1.2984415e-16,1.2984415e-16,0.017353514,0.017353514,-0.11612584,-0.11612584,-0.00015169352,-0.00015169352,-0.000151697,-0.000151697,-4.4919616e-06,-4.4919616e-06,0.044982537,0.044982537,-0.028980386,-0.028980386,0.02348467,0.02348467,-0.019097545,-0.019097545,0.021497867,0.021497867,-0.0098828417,-0.0098828417,0.0043871254,0.0043871254,0.011615026,0.011615026,0.0043871253,0.0043871253,0.011615026,0.011615026,1.5006247e-11,1.5006247e-11,-0.098772322,-0.098772322,1.0600956e-11,1.0600956e-11,-0.098772322,-0.098772322,0.017353514,0.017353514,-0.11612584,-0.11612584,0.021740639,0.021740639,0.044982537,0.044982537,-0.017353514,-0.017353514,2.6635475e-05,2.6635475e-05,-2.994641e-06,-2.994641e-06,-1.2509715e-13,-1.2509715e-13,2.3640834e-05,2.3640834e-05,0.019990426,0.019990426,-0.11613482,-0.11613482,19.50796,19.50796,-7.25612,-7.25612,8.6220949,8.6220949,-3.58806,-3.58806,-0.098336578,-0.098336578,-0.00043574453,-0.00043574453,0.0043481278,0.0043481278,-0.020902162,-0.020902162,4.6491159,4.6491159,-4.5678571,-4.5678571,2.2287722e-05,2.2287722e-05,-3.2152134e-16,-3.2152134e-16,-1.1029156e-15,-1.1029156e-15,1.7934696e-16,1.7934696e-16,2.2248079e-15,2.2248079e-15,-1.3598263e-14,-1.3598263e-14,0.00024708361,0.00024708361,6.9057001e-10,6.9057001e-10
0.017642786,0.017642786,-0.044853995,-0.044853995,-0.027211209,-0.027211209,0.12775718,0.12775718,0.11011439,0.11011439,0.041600286,0.041600286,-0.037456907,-0.037456907,0.041778461,0.041778461,-0.037456907,-0.037456907,-1.5088104e-09,-1.5088104e-09,1.2984093e-16,1.2984093e-16,0.017379878,0.017379878,-0.11612876,-0.11612876,-0.00015012882,-0.00015012882,-0.0001501323,-0.0001501323,-4.3886464e-06,-4.3886464e-06,0.044853995,0.044853995,-0.029008294,-0.029008294,0.023352999,0.023352999,-0.019124141,-0.019124141,0.021500996,0.021500996,-0.0098841539,-0.0098841539,0.0042288588,0.0042288588,0.011616842,0.011616842,0.0042288587,0.0042288587,0.011616842,0.011616842,1.4817777e-11,1.4817777e-11,-0.098748883,-0.098748883,1.0412278e-11,1.0412278e-11,-0.098748883,-0.098748883,0.017379878,0.017379878,-0.11612876,-0.11612876,0.021608737,0.021608737,0.044853995,0.044853995,-0.017379878,-0.017379878,2.63644e-05,2.63644e-05,-2.9257643e-06,-2.9257643e-06,-1.8867754e-13,-1.8867754e-13,2.3438636e-05,2.3438636e-05,0.019989954,0.019989954,-0.11613754,-0.11613754,19.514592,19.514592,-7.2562831,-7.2562831,8.6296935,8.6296935,-3.5881365,-3.5881365,-0.098485976,-0.098485976,-0.00026290762,-0.00026290762,0.0043217474,0.0043217474,-0.020902384,-0.020902384,4.649233,4.649233,-4.5686297,-4.5686297,2.1775104e-05,2.1775104e-05,-3.2203549e-16,-3.2203549e-16,-1.1035599e-15,-1.1035599e-15,1.7788675e-16,1.7788675e-16,2.2268923e-15,2.2268923e-15,-1.3603297e-14,-1.3603297e-14,0.00024499125,0.00024499125,6.591691e-10,6.591691e-10
0.017497767,0.017497767,-0.044726494,-0.044726494,-0.027228727,-0.027228727,0.12776154,0.12776154,0.11026378,0.11026378,0.041588391,0.041588391,-0.037485802,-0.037485802,0.041765055,0.041765055,-0.037485801,-0.037485801,-1.4932549e-09,-1.4932549e-09,1.2983777e-16,1.2983777e-16,0.017405974,0.017405974,-0.11613162,-0.11613162,-0.00014857963,-0.00014857963,-0.00014858311,-0.00014858311,-4.2877076e-06,-4.2877076e-06,0.044726494,0.044726494,-0.029035899,-0.029035899,0.023222442,0.023222442,-0.019150463,-0.019150463,0.021504052,0.021504052,-0.0098854359,-0.0098854359,0.0040719796,0.0040719796,0.011618616,0.011618616,0.0040719795,0.0040719795,0.011618616,0.011618616,1.4693113e-11,1.4693113e-11,-0.098725646,-0.098725646,1.0287412e-11,1.0287412e-11,-0.098725646,-0.098725646,0.017405974,0.017405974,-0.11613162,-0.11613162,0.021477954,0.021477954,0.044726494,0.044726494,-0.017405974,-0.017405974,2.6095924e-05,2.6095924e-05,-2.8584717e-06,-2.8584717e-06,-1.2486658e-13,-1.2486658e-13,2.3237453e-05,2.3237453e-05,0.019989471,0.019989471,-0.1161402,-0.1161402,19.521156,19.521156,-7.2564424,-7.2564424,8.6372236,8.6372236,-3.5882112,-3.5882112,-0.098633853,-0.098633853,-9.1793263e-05,-9.1793263e-05,0.0042955907,0.0042955907,-0.020902601,-0.020902601,4.6493475,4.6493475,-4.5693933,-4.5693933,2.1274277e-05,2.1274277e-05,-3.2254541e-16,-3.2254541e-16,-1.1041978e-15,-1.1041978e-15,1.7643702e-16,1.7643702e-16,2.2289583e-15,2.2289583e-15,-1.3608281e-14,-1.3608281e-14,0.00024291214,0.00024291214,6.2919603e-10,6.2919603e-10
0.01735419,0.01735419,-0.044600032,-0.044600032,-0.027245842,-0.027245842,0.12776581,0.12776581,0.11041162,0.11041162,0.041576522,0.041576522,-0.037514366,-0.037514366,0.041751683,0.041751683,-0.037514366,-0.037514366,-1.4778231e-09,-1.4778231e-09,1.2983469e-16,1.2983469e-16,0.017431804,0.017431804,-0.11613441,-0.11613441,-0.00014704579,-0.00014704579,-0.00014704927,-0.00014704927,-4.1890903e-06,-4.1890903e-06,0.044600032,0.044600032,-0.029063202,-0.029063202,0.023092994,0.023092994,-0.019176514,-0.019176514,0.021507038,0.021507038,-0.0098866884,-0.0098866884,0.0039164799,0.0039164799,0.01162035,0.01162035,0.0039164798,0.0039164798,0.01162035,0.01162035,1.4509907e-11,1.4509907e-11,-0.098702609,-0.098702609,1.0104008e-11,1.0104008e-11,-0.098702609,-0.098702609,0.017431804,0.017431804,-0.11613441,-0.11613441,0.021348284,0.021348284,0.044600032,0.044600032,-0.017431804,-0.017431804,2.5830026e-05,2.5830026e-05,-2.7927269e-06,-2.7927269e-06,-1.8340403e-13,-1.8340403e-13,2.3037299e-05,2.3037299e-05,0.019988977,0.019988977,-0.11614279,-0.11614279,19.527651,19.527651,-7.256598,-7.256598,8.6446856,8.6446856,-3.5882842,-3.5882842,-0.098780223,-0.098780223,7.7614182e-05,7.7614182e-05,0.0042696568,0.0042696568,-0.020902813,-0.020902813,4.6494593,4.6494593,-4.5701481,-4.5701481,2.0784969e-05,2.0784969e-05,-3.2305112e-16,-3.2305112e-16,-1.1048293e-15,-1.1048293e-15,1.7499777e-16,1.7499777e-16,2.231006e-15,2.231006e-15,-1.3613217e-14,-1.3613217e-14,0.0002408463,0.0002408463,6.0058585e-10,6.0058585e-10
0.01721204,0.01721204,-0.044474604,-0.044474604,-0.027262563,-0.027262563,0.12776998,0.12776998,0.11055794,0.11055794,0.04156468,0.04156468,-0.037542604,-0.037542604,0.041738348,0.041738348,-0.037542604,-0.037542604,-1.4625737e-09,-1.4625737e-09,1.2983166e-16,1.2983166e-16,0.017457371,0.017457371,-0.11613714,-0.11613714,-0.00014552719,-0.00014552719,-0.00014553067,-0.00014553067,-4.0927412e-06,-4.0927412e-06,0.044474604,0.044474604,-0.029090208,-0.029090208,0.022964648,0.022964648,-0.019202296,-0.019202296,0.021509956,0.021509956,-0.0098879121,-0.0098879121,0.0037623517,0.0037623517,0.011622044,0.011622044,0.0037623516,0.0037623516,0.011622044,0.011622044,1.4385631e-11,1.4385631e-11,-0.098679771,-0.098679771,9.9795376e-12,9.9795376e-12,-0.098679771,-0.098679771,0.017457371,0.017457371,-0.11613714,-0.11613714,0.021219722,0.021219722,0.044474604,0.044474604,-0.017457371,-0.017457371,2.5566684e-05,2.5566684e-05,-2.7284941e-06,-2.7284941e-06,-1.2447002e-13,-1.2447002e-13,2.283819e-05,2.283819e-05,0.019988472,0.019988472,-0.11614533,-0.11614533,19.534079,19.534079,-7.2567501,-7.2567501,8.6520801,8.6520801,-3.5883556,-3.5883556,-0.098925101,-0.098925101,0.00024533025,0.00024533025,0.0042439445,0.0042439445,-0.02090302,-0.02090302,4.6495685,4.6495685,-4.5708941,-4.5708941,2.0306914e-05,2.0306914e-05,-3.2355264e-16,-3.2355264e-16,-1.1054545e-15,-1.1054545e-15,1.73569e-16,1.73569e-16,2.2330355e-15,2.2330355e-15,-1.3618105e-14,-1.3618105e-14,0.00023879375,0.00023879375,5.7327661e-10,5.7327661e-10
0.017071306,0.017071306,-0.044350206,-0.044350206,-0.0272789,-0.0272789,0.12777405,0.12777405,0.11070275,0.11070275,0.041552867,0.041552867,-0.03757052,-0.03757052,0.041725052,0.041725052,-0.03757052,-0.03757052,-1.4474476e-09,-1.4474476e-09,1.298287e-16,1.298287e-16,0.017482677,0.017482677,-0.11613981,-0.11613981,-0.00014402367,-0.00014402367,-0.00014402715,-0.00014402715,-3.9986082e-06,-3.9986082e-06,0.044350206,0.044350206,-0.029116921,-0.029116921,0.0228374,0.0228374,-0.019227813,-0.019227813,0.021512806,0.021512806,-0.0098891077,-0.0098891077,0.0036095869,0.0036095869,0.011623698,0.011623698,0.0036095868,0.0036095868,0.011623698,0.011623698,1.4207461e-11,1.4207461e-11,-0.09865713,-0.09865713,9.8011788e-12,9.8011788e-12,-0.09865713,-0.09865713,0.017482677,0.017482677,-0.11613981,-0.11613981,0.021092264,0.021092264,0.044350206,0.044350206,-0.017482677,-0.017482677,2.5305877e-05,2.5305877e-05,-2.6657388e-06,-2.6657388e-06,-1.7835876e-13,-1.7835876e-13,2.2640139e-05,2.2640139e-05,0.019987958,0.019987958,-0.1161478,-0.1161478,19.54044,19.54044,-7.2568986,-7.2568986,8.6594074,8.6594074,-3.5884252,-3.5884252,-0.099068501,-0.099068501,0.00041137036,0.00041137036,0.0042184527,0.0042184527,-0.020903222,-0.020903222,4.6496752,4.6496752,-4.5716315,-4.5716315,1.9839855e-05,1.9839855e-05,-3.2404999e-16,-3.2404999e-16,-1.1060735e-15,-1.1060735e-15,1.7215072e-16,1.7215072e-16,2.235047e-15,2.235047e-15,-1.3622945e-14,-1.3622945e-14,0.00023675451,0.00023675451,5.4720915e-10,5.4720915e-10
0.016931974,0.016931974,-0.044226835,-0.044226835,-0.027294861,-0.027294861,0.12777803,0.12777803,0.11084606,0.11084606,0.041541085,0.041541085,-0.037598118,-0.037598118,0.041711797,0.041711797,-0.037598117,-0.037598117,-1.4324988e-09,-1.4324988e-09,1.298258e-16,1.298258e-16,0.017507724,0.017507724,-0.11614241,-0.11614241,-0.0001425351,-0.0001425351,-0.00014253858,-0.00014253858,-3.9066402e-06,-3.9066402e-06,0.044226835,0.044226835,-0.029143343,-0.029143343,0.022711244,0.022711244,-0.019253067,-0.019253067,0.021515591,0.021515591,-0.0098902757,-0.0098902757,0.0034581774,0.0034581774,0.011625315,0.011625315,0.0034581773,0.0034581773,0.011625315,0.011625315,1.4083722e-11,1.4083722e-11,-0.098634687,-0.098634687,9.6772553e-12,9.6772553e-12,-0.098634687,-0.098634687,0.017507724,0.017507724,-0.11614241,-0.11614241,0.020965902,0.020965902,0.044226835,0.044226835,-0.017507724,-0.017507724,2.5047586e-05,2.5047586e-05,-2.6044268e-06,-2.6044268e-06,-1.2392352e-13,-1.2392352e-13,2.2443159e-05,2.2443159e-05,0.019987435,0.019987435,-0.11615022,-0.11615022,19.546735,19.546735,-7.2570437,-7.2570437,8.6666679,8.6666679,-3.5884933,-3.5884933,-0.099210437,-0.099210437,0.00057574984,0.00057574984,0.0041931803,0.0041931803,-0.020903419,-0.020903419,4.6497795,4.6497795,-4.5723604,-4.5723604,1.9383539e-05,1.9383539e-05,-3.2454317e-16,-3.2454317e-16,-1.1066863e-15,-1.1066863e-15,1.7074291e-16,1.7074291e-16,2.2370405e-15,2.2370405e-15,-1.3627737e-14,-1.3627737e-14,0.00023472857,0.00023472857,5.2232701e-10,5.2232701e-10
0.016794032,0.016794032,-0.044104487,-0.044104487,-0.027310455,-0.027310455,0.12778192,0.12778192,0.11098788,0.11098788,0.041529337,0.041529337,-0.037625401,-0.037625401,0.041698585,0.041698585,-0.0376254,-0.0376254,-1.4176729e-09,-1.4176729e-09,1.2982297e-16,1.2982297e-16,0.017532516,0.017532516,-0.11614496,-0.11614496,-0.00014106135,-0.00014106135,-0.00014106483,-0.00014106483,-3.8167875e-06,-3.8167875e-06,0.044104487,0.044104487,-0.029169477,-0.029169477,0.022586175,0.022586175,-0.01927806,-0.01927806,0.021518312,0.021518312,-0.0098914169,-0.0098914169,0.003308115,0.003308115,0.011626895,0.011626895,0.0033081149,0.0033081149,0.011626895,0.011626895,1.3910376e-11,1.3910376e-11,-0.09861244,-0.09861244,9.5037283e-12,9.5037283e-12,-0.09861244,-0.09861244,0.017532516,0.017532516,-0.11614496,-0.11614496,0.020840631,0.020840631,0.044104487,0.044104487,-0.017532516,-0.017532516,2.4791788e-05,2.4791788e-05,-2.544525e-06,-2.544525e-06,-1.7352703e-13,-1.7352703e-13,2.2247264e-05,2.2247264e-05,0.019986903,0.019986903,-0.11615259,-0.11615259,19.552965,19.552965,-7.2571855,-7.2571855,8.6738623,8.6738623,-3.5885598,-3.5885598,-0.099350924,-0.099350924,0.0007384839,0.0007384839,0.0041681262,0.0041681262,-0.020903612,-0.020903612,4.6498814,4.6498814,-4.5730809,-4.5730809,1.8937717e-05,1.8937717e-05,-3.2503222e-16,-3.2503222e-16,-1.107293e-15,-1.107293e-15,1.6934558e-16,1.6934558e-16,2.2390161e-15,2.2390161e-15,-1.3632483e-14,-1.3632483e-14,0.00023271595,0.00023271595,4.9857627e-10,4.9857627e-10
0.016657467,0.016657467,-0.043983157,-0.043983157,-0.02732569,-0.02732569,0.12778571,0.12778571,0.11112825,0.11112825,0.041517623,0.041517623,-0.037652373,-0.037652373,0.041685417,0.041685417,-0.037652373,-0.037652373,-1.4030195e-09,-1.4030195e-09,1.2982019e-16,1.2982019e-16,0.017557054,0.017557054,-0.11614744,-0.11614744,-0.00013960228,-0.00013960228,-0.00013960576,-0.00013960576,-3.7290013e-06,-3.7290013e-06,0.043983157,0.043983157,-0.029195327,-0.029195327,0.022462187,0.022462187,-0.019302795,-0.019302795,0.02152097,0.02152097,-0.0098925319,-0.0098925319,0.0031593915,0.0031593915,0.011628438,0.011628438,0.0031593914,0.0031593914,0.011628438,0.011628438,1.3787311e-11,1.3787311e-11,-0.098590388,-0.098590388,9.3804865e-12,9.3804865e-12,-0.098590388,-0.098590388,0.017557054,0.017557054,-0.11614744,-0.11614744,0.020716446,0.020716446,0.043983157,0.043983157,-0.017557054,-0.017557054,2.4538465e-05,2.4538465e-05,-2.4860009e-06,-2.4860009e-06,-1.232418e-13,-1.232418e-13,2.2052464e-05,2.2052464e-05,0.019986362,0.019986362,-0.1161549,-0.1161549,19.55913,19.55913,-7.2573241,-7.2573241,8.6809908,8.6809908,-3.5886248,-3.5886248,-0.099489975,-0.099489975,0.00089958767,0.00089958767,0.0041432892,0.0041432892,-0.020903801,-0.020903801,4.6499809,4.6499809,-4.5737931,-4.5737931,1.850215e-05,1.850215e-05,-3.2551715e-16,-3.2551715e-16,-1.1078936e-15,-1.1078936e-15,1.6795871e-16,1.6795871e-16,2.2409741e-15,2.2409741e-15,-1.3637182e-14,-1.3637182e-14,0.00023071666,0.00023071666,4.7590551e-10,4.7590551e-10
0.016522266,0.016522266,-0.043862841,-0.043862841,-0.027340575,-0.027340575,0.12778943,0.12778943,0.11126716,0.11126716,0.041505947,0.041505947,-0.037679039,-0.037679039,0.041672296,0.041672296,-0.037679039,-0.037679039,-1.3884882e-09,-1.3884882e-09,1.2981746e-16,1.2981746e-16,0.017581342,0.017581342,-0.11614987,-0.11614987,-0.00013815776,-0.00013815776,-0.00013816124,-0.00013816124,-3.6432343e-06,-3.6432343e-06,0.043862841,0.043862841,-0.029220896,-0.029220896,0.022339274,0.022339274,-0.019327275,-0.019327275,0.021523567,0.021523567,-0.0098936212,-0.0098936212,0.0030119986,0.0030119986,0.011629946,0.011629946,0.0030119985,0.0030119985,0.011629946,0.011629946,1.3618588e-11,1.3618588e-11,-0.098568529,-0.098568529,9.2115912e-12,9.2115912e-12,-0.098568529,-0.098568529,0.017581342,0.017581342,-0.11614987,-0.11614987,0.020593341,0.020593341,0.043862841,0.043862841,-0.017581342,-0.017581342,2.4287594e-05,2.4287594e-05,-2.4288229e-06,-2.4288229e-06,-1.6889529e-13,-1.6889529e-13,2.1858771e-05,2.1858771e-05,0.019985814,0.019985814,-0.11615716,-0.11615716,19.565231,19.565231,-7.2574594,-7.2574594,8.6880539,8.6880539,-3.5886883,-3.5886883,-0.099627605,-0.099627605,0.0010590761,0.0010590761,0.0041186681,0.0041186681,-0.020903985,-0.020903985,4.6500782,4.6500782,-4.5744971,-4.5744971,1.80766e-05,1.80766e-05,-3.2599797e-16,-3.2599797e-16,-1.1084881e-15,-1.1084881e-15,1.665823e-16,1.665823e-16,2.2429144e-15,2.2429144e-15,-1.3641835e-14,-1.3641835e-14,0.00022873068,0.00022873068,4.5426561e-10,4.5426561e-10
0.016388417,0.016388417,-0.043743534,-0.043743534,-0.027355117,-0.027355117,0.12779305,0.12779305,0.11140463,0.11140463,0.041494308,0.041494308,-0.037705401,-0.037705401,0.041659223,0.041659223,-0.037705401,-0.037705401,-1.3741249e-09,-1.3741249e-09,1.298148e-16,1.298148e-16,0.017605381,0.017605381,-0.11615224,-0.11615224,-0.00013672766,-0.00013672766,-0.00013673114,-0.00013673114,-3.5594399e-06,-3.5594399e-06,0.043743534,0.043743534,-0.029246188,-0.029246188,0.02221743,0.02221743,-0.019351502,-0.019351502,0.021526104,0.021526104,-0.0098946854,-0.0098946854,0.0028659278,0.0028659278,0.011631419,0.011631419,0.0028659277,0.0028659277,0.011631419,0.011631419,1.3496318e-11,1.3496318e-11,-0.098546863,-0.098546863,9.0891528e-12,9.0891528e-12,-0.098546863,-0.098546863,0.017605381,0.017605381,-0.11615224,-0.11615224,0.020471309,0.020471309,0.043743534,0.043743534,-0.017605381,-0.017605381,2.4039155e-05,2.4039155e-05,-2.3729599e-06,-2.3729599e-06,-1.2243845e-13,-1.2243845e-13,2.1666195e-05,2.1666195e-05,0.019985258,0.019985258,-0.11615936,-0.11615936,19.571268,19.571268,-7.2575917,-7.2575917,8.6950522,8.6950522,-3.5887503,-3.5887503,-0.099763827,-0.099763827,0.0012169642,0.0012169642,0.0040942618,0.0040942618,-0.020904165,-0.020904165,4.6501732,4.6501732,-4.575193,-4.575193,1.7660839e-05,1.7660839e-05,-3.2647472e-16,-3.2647472e-16,-1.1090768e-15,-1.1090768e-15,1.6521633e-16,1.6521633e-16,2.2448372e-15,2.2448372e-15,-1.3646442e-14,-1.3646442e-14,0.00022675803,0.00022675803,4.336097e-10,4.336097e-10
0.016255908,0.016255908,-0.043625233,-0.043625233,-0.027369325,-0.027369325,0.12779659,0.12779659,0.11154068,0.11154068,0.041482709,0.041482709,-0.037731465,-0.037731465,0.041646199,0.041646199,-0.037731464,-0.037731464,-1.359883e-09,-1.359883e-09,1.2981219e-16,1.2981219e-16,0.017629174,0.017629174,-0.11615456,-0.11615456,-0.00013531185,-0.00013531185,-0.00013531533,-0.00013531533,-3.4775728e-06,-3.4775728e-06,0.043625233,0.043625233,-0.029271204,-0.029271204,0.02209665,0.02209665,-0.019375479,-0.019375479,0.021528583,0.021528583,-0.0098957252,-0.0098957252,0.0027211708,0.0027211708,0.011632858,0.011632858,0.0027211707,0.0027211707,0.011632858,0.011632858,1.3332032e-11,1.3332032e-11,-0.098525388,-0.098525388,8.9247018e-12,8.9247018e-12,-0.098525388,-0.098525388,0.017629174,0.017629174,-0.11615456,-0.11615456,0.020350345,0.020350345,0.043625233,0.043625233,-0.017629174,-0.017629174,2.3793128e-05,2.3793128e-05,-2.3183819e-06,-2.3183819e-06,-1.6445097e-13,-1.6445097e-13,2.1474746e-05,2.1474746e-05,0.019984694,0.019984694,-0.11616152,-0.11616152,19.577243,19.577243,-7.2577209,-7.2577209,8.701986,8.701986,-3.5888109,-3.5888109,-0.099898654,-0.099898654,0.0013732667,0.0013732667,0.004070069,0.004070069,-0.020904341,-0.020904341,4.650266,4.650266,-4.5758809,-4.5758809,1.7254639e-05,1.7254639e-05,-3.269474e-16,-3.269474e-16,-1.1096595e-15,-1.1096595e-15,1.6386079e-16,1.6386079e-16,2.2467426e-15,2.2467426e-15,-1.3651004e-14,-1.3651004e-14,0.0002247987,0.0002247987,4.1389303e-10,4.1389303e-10
0.016124726,0.016124726,-0.043507932,-0.043507932,-0.027383206,-0.027383206,0.12780005,0.12780005,0.11167533,0.11167533,0.041471152,0.041471152,-0.037757232,-0.037757232,0.041633227,0.041633227,-0.037757231,-0.037757231,-1.3458045e-09,-1.3458045e-09,1.2980963e-16,1.2980963e-16,0.017652724,0.017652724,-0.11615683,-0.11615683,-0.00013391019,-0.00013391019,-0.00013391367,-0.00013391367,-3.3975886e-06,-3.3975886e-06,0.043507932,0.043507932,-0.029295949,-0.029295949,0.021976927,0.021976927,-0.019399208,-0.019399208,0.021531005,0.021531005,-0.009896741,-0.009896741,0.0025777192,0.0025777192,0.011634264,0.011634264,0.0025777191,0.0025777191,0.011634264,0.011634264,1.3210667e-11,1.3210667e-11,-0.098504103,-0.098504103,8.8031759e-12,8.8031759e-12,-0.098504103,-0.098504103,0.017652724,0.017652724,-0.11615683,-0.11615683,0.020230443,0.020230443,0.043507932,0.043507932,-0.017652724,-0.017652724,2.3549493e-05,2.3549493e-05,-2.2650591e-06,-2.2650591e-06,-1.2152594e-13,-1.2152594e-13,2.1284434e-05,2.1284434e-05,0.019984124,0.019984124,-0.11616362,-0.11616362,19.583155,19.583155,-7.2578471,-7.2578471,8.7088558,8.7088558,-3.5888701,-3.5888701,-0.1000321,-0.1000321,0.0015279982,0.0015279982,0.0040460886,0.0040460886,-0.020904513,-0.020904513,4.6503567,4.6503567,-4.5765609,-4.5765609,1.6857783e-05,1.6857783e-05,-3.2741603e-16,-3.2741603e-16,-1.1102364e-15,-1.1102364e-15,1.6251566e-16,1.6251566e-16,2.2486308e-15,2.2486308e-15,-1.3655521e-14,-1.3655521e-14,0.00022285268,0.00022285268,3.950729e-10,3.950729e-10
0.015994859,0.015994859,-0.043391627,-0.043391627,-0.027396768,-0.027396768,0.12780343,0.12780343,0.11180857,0.11180857,0.041459638,0.041459638,-0.037782707,-0.037782707,0.041620307,0.041620307,-0.037782706,-0.037782706,-1.3318466e-09,-1.3318466e-09,1.2980712e-16,1.2980712e-16,0.017676032,0.017676032,-0.11615904,-0.11615904,-0.00013252256,-0.00013252256,-0.00013252604,-0.00013252604,-3.3194441e-06,-3.3194441e-06,0.043391627,0.043391627,-0.029320424,-0.029320424,0.021858255,0.021858255,-0.019422691,-0.019422691,0.021533371,0.021533371,-0.0098977335,-0.0098977335,0.0024355645,0.0024355645,0.011635638,0.011635638,0.0024355644,0.0024355644,0.011635638,0.011635638,1.3050641e-11,1.3050641e-11,-0.098483008,-0.098483008,8.6429934e-12,8.6429934e-12,-0.098483008,-0.098483008,0.017676032,0.017676032,-0.11615904,-0.11615904,0.020111597,0.020111597,0.043391627,0.043391627,-0.017676032,-0.017676032,2.3308229e-05,2.3308229e-05,-2.2129627e-06,-2.2129627e-06,-1.6018249e-13,-1.6018249e-13,2.1095267e-05,2.1095267e-05,0.019983547,0.019983547,-0.11616568,-0.11616568,19.589006,19.589006,-7.2579704,-7.2579704,8.7156621,8.7156621,-3.588928,-3.588928,-0.10016418,-0.10016418,0.0016811735,0.0016811735,0.0040223193,0.0040223193,-0.02090468,-0.02090468,4.6504453,4.6504453,-4.5772331,-4.5772331,1.6470054e-05,1.6470054e-05,-3.2788065e-16,-3.2788065e-16,-1.1108075e-15,-1.1108075e-15,1.6118093e-16,1.6118093e-16,2.2505018e-15,2.2505018e-15,-1.3659993e-14,-1.3659993e-14,0.00022091997,0.00022091997,3.7710854e-10,3.7710854e-10
0.015866295,0.015866295,-0.043276313,-0.043276313,-0.027410018,-0.027410018,0.12780674,0.12780674,0.11194044,0.11194044,0.041448168,0.041448168,-0.037807893,-0.037807893,0.041607441,0.041607441,-0.037807893,-0.037807893,-1.3180478e-09,-1.3180478e-09,1.2980467e-16,1.2980467e-16,0.017699101,0.017699101,-0.1161612,-0.1161612,-0.00013114883,-0.00013114883,-0.00013115231,-0.00013115231,-3.2430969e-06,-3.2430969e-06,0.043276313,0.043276313,-0.029344635,-0.029344635,0.02174063,0.02174063,-0.019445931,-0.019445931,0.021535683,0.021535683,-0.0098987032,-0.0098987032,0.0022946982,0.0022946982,0.01163698,0.01163698,0.0022946981,0.0022946981,0.01163698,0.01163698,1.2930279e-11,1.2930279e-11,-0.098462101,-0.098462101,8.5224776e-12,8.5224776e-12,-0.098462101,-0.098462101,0.017699101,0.017699101,-0.1161612,-0.1161612,0.0199938,0.0199938,0.043276313,0.043276313,-0.017699101,-0.017699101,2.3069317e-05,2.3069317e-05,-2.1620646e-06,-2.1620646e-06,-1.2051574e-13,-1.2051574e-13,2.0907252e-05,2.0907252e-05,0.019982964,0.019982964,-0.11616769,-0.11616769,19.594795,19.594795,-7.2580909,-7.2580909,8.7224053,8.7224053,-3.5889845,-3.5889845,-0.10029491,-0.10029491,0.0018328069,0.0018328069,0.0039987599,0.0039987599,-0.020904844,-0.020904844,4.6505318,4.6505318,-4.5778975,-4.5778975,1.6091242e-05,1.6091242e-05,-3.2834126e-16,-3.2834126e-16,-1.1113728e-15,-1.1113728e-15,1.5985656e-16,1.5985656e-16,2.2523557e-15,2.2523557e-15,-1.3664421e-14,-1.3664421e-14,0.00021900055,0.00021900055,3.5996104e-10,3.5996104e-10
0.015739021,0.015739021,-0.043161985,-0.043161985,-0.027422963,-0.027422963,0.12780996,0.12780996,0.11207094,0.11207094,0.041436744,0.041436744,-0.037832794,-0.037832794,0.041594631,0.041594631,-0.037832794,-0.037832794,-1.3043687e-09,-1.3043687e-09,1.2980227e-16,1.2980227e-16,0.017721934,0.017721934,-0.11616331,-0.11616331,-0.00012978886,-0.00012978886,-0.00012979234,-0.00012979234,-3.1685057e-06,-3.1685057e-06,0.043161985,0.043161985,-0.029368582,-0.029368582,0.021624043,0.021624043,-0.019468931,-0.019468931,0.021537942,0.021537942,-0.0098996506,-0.0098996506,0.0021551117,0.0021551117,0.011638291,0.011638291,0.0021551116,0.0021551116,0.011638291,0.011638291,1.277435e-11,1.277435e-11,-0.09844138,-0.09844138,8.3663985e-12,8.3663985e-12,-0.09844138,-0.09844138,0.017721934,0.017721934,-0.11616331,-0.11616331,0.019877046,0.019877046,0.043161985,0.043161985,-0.017721934,-0.017721934,2.2832735e-05,2.2832735e-05,-2.1123371e-06,-2.1123371e-06,-1.5607911e-13,-1.5607911e-13,2.0720398e-05,2.0720398e-05,0.019982375,0.019982375,-0.11616965,-0.11616965,19.600525,19.600525,-7.2582086,-7.2582086,8.7290859,8.7290859,-3.5890397,-3.5890397,-0.10042429,-0.10042429,0.0019829128,0.0019829128,0.0039754092,0.0039754092,-0.020905005,-0.020905005,4.6506164,4.6506164,-4.5785544,-4.5785544,1.5721144e-05,1.5721144e-05,-3.2879789e-16,-3.2879789e-16,-1.1119324e-15,-1.1119324e-15,1.5854255e-16,1.5854255e-16,2.2541927e-15,2.2541927e-15,-1.3668805e-14,-1.3668805e-14,0.00021709441,0.00021709441,3.4359325e-10,3.4359325e-10
0.015613027,0.015613027,-0.043048638,-0.043048638,-0.027435611,-0.027435611,0.12781311,0.12781311,0.11220009,0.11220009,0.041425367,0.041425367,-0.037857413,-0.037857413,0.041581877,0.041581877,-0.037857413,-0.037857413,-1.2908446e-09,-1.2908446e-09,1.2979991e-16,1.2979991e-16,0.017744533,0.017744533,-0.11616538,-0.11616538,-0.00012844254,-0.00012844254,-0.00012844602,-0.00012844602,-3.09563e-06,-3.09563e-06,0.043048638,0.043048638,-0.029392269,-0.029392269,0.02150849,0.02150849,-0.019491693,-0.019491693,0.021540148,0.021540148,-0.0099005761,-0.0099005761,0.0020167965,0.0020167965,0.011639572,0.011639572,0.0020167964,0.0020167964,0.011639572,0.011639572,1.2655078e-11,1.2655078e-11,-0.098420846,-0.098420846,8.2469801e-12,8.2469801e-12,-0.098420846,-0.098420846,0.017744533,0.017744533,-0.11616538,-0.11616538,0.019761329,0.019761329,0.043048638,0.043048638,-0.017744533,-0.017744533,2.2598465e-05,2.2598465e-05,-2.0637533e-06,-2.0637533e-06,-1.1941842e-13,-1.1941842e-13,2.0534712e-05,2.0534712e-05,0.019981781,0.019981781,-0.11617157,-0.11617157,19.606195,19.606195,-7.2583236,-7.2583236,8.7357043,8.7357043,-3.5890936,-3.5890936,-0.10055235,-0.10055235,0.0021315054,0.0021315054,0.0039522658,0.0039522658,-0.020905161,-0.020905161,4.650699,4.650699,-4.5792038,-4.5792038,1.5359557e-05,1.5359557e-05,-3.2925055e-16,-3.2925055e-16,-1.1124865e-15,-1.1124865e-15,1.5723887e-16,1.5723887e-16,2.2560129e-15,2.2560129e-15,-1.3673146e-14,-1.3673146e-14,0.00021520153,0.00021520153,3.2796972e-10,3.2796972e-10
0.0154883,0.0154883,-0.042936267,-0.042936267,-0.027447967,-0.027447967,0.1278162,0.1278162,0.1123279,0.1123279,0.041414038,0.041414038,-0.037881753,-0.037881753,0.041569181,0.041569181,-0.037881753,-0.037881753,-1.277439e-09,-1.277439e-09,1.2979761e-16,1.2979761e-16,0.017766899,0.017766899,-0.11616739,-0.11616739,-0.00012710973,-0.00012710973,-0.00012711322,-0.00012711322,-3.0244305e-06,-3.0244305e-06,0.042936267,0.042936267,-0.0294157,-0.0294157,0.021393963,0.021393963,-0.019514219,-0.019514219,0.021542304,0.021542304,-0.0099014804,-0.0099014804,0.0018797439,0.0018797439,0.011640824,0.011640824,0.0018797438,0.0018797438,0.011640824,0.011640824,1.250309e-11,1.250309e-11,-0.098400496,-0.098400496,8.0948492e-12,8.0948492e-12,-0.098400496,-0.098400496,0.017766899,0.017766899,-0.11616739,-0.11616739,0.019646643,0.019646643,0.042936267,0.042936267,-0.017766899,-0.017766899,2.2366487e-05,2.2366487e-05,-2.016287e-06,-2.016287e-06,-1.521309e-13,-1.521309e-13,2.03502e-05,2.03502e-05,0.019981181,0.019981181,-0.11617344,-0.11617344,19.611805,19.611805,-7.258436,-7.258436,8.742261,8.742261,-3.5891463,-3.5891463,-0.10067909,-0.10067909,0.0022785991,0.0022785991,0.0039293286,0.0039293286,-0.020905314,-0.020905314,4.6507797,4.6507797,-4.5798457,-4.5798457,1.5006288e-05,1.5006288e-05,-3.2969929e-16,-3.2969929e-16,-1.1130349e-15,-1.1130349e-15,1.5594549e-16,1.5594549e-16,2.2578164e-15,2.2578164e-15,-1.3677444e-14,-1.3677444e-14,0.00021332191,0.00021332191,3.1305661e-10,3.1305661e-10
0.015364828,0.015364828,-0.042824868,-0.042824868,-0.02746004,-0.02746004,0.1278192,0.1278192,0.11245438,0.11245438,0.041402758,0.041402758,-0.037905819,-0.037905819,0.041556544,0.041556544,-0.037905819,-0.037905819,-1.2641847e-09,-1.2641847e-09,1.2979535e-16,1.2979535e-16,0.017789036,0.017789036,-0.11616936,-0.11616936,-0.00012579032,-0.00012579032,-0.0001257938,-0.0001257938,-2.9548686e-06,-2.9548686e-06,0.042824868,0.042824868,-0.029438876,-0.029438876,0.021280457,0.021280457,-0.019536512,-0.019536512,0.021544411,0.021544411,-0.0099023639,-0.0099023639,0.0017439454,0.0017439454,0.011642047,0.011642047,0.0017439453,0.0017439453,0.011642047,0.011642047,1.2384987e-11,1.2384987e-11,-0.098380329,-0.098380329,7.9766055e-12,7.9766055e-12,-0.098380329,-0.098380329,0.017789036,0.017789036,-0.11616936,-0.11616936,0.019532981,0.019532981,0.042824868,0.042824868,-0.017789036,-0.017789036,2.213678e-05,2.213678e-05,-1.9699124e-06,-1.9699124e-06,-1.1824365e-13,-1.1824365e-13,2.0166867e-05,2.0166867e-05,0.019980577,0.019980577,-0.11617527,-0.11617527,19.617358,19.617358,-7.2585457,-7.2585457,8.7487564,8.7487564,-3.5891978,-3.5891978,-0.10080454,-0.10080454,0.0024242077,0.0024242077,0.0039065963,0.0039065963,-0.020905464,-0.020905464,4.6508586,4.6508586,-4.5804803,-4.5804803,1.4661143e-05,1.4661143e-05,-3.301441e-16,-3.301441e-16,-1.1135778e-15,-1.1135778e-15,1.5466238e-16,1.5466238e-16,2.2596033e-15,2.2596033e-15,-1.36817e-14,-1.36817e-14,0.00021145552,0.00021145552,2.9882161e-10,2.9882161e-10
0.0152426,0.0152426,-0.042714434,-0.042714434,-0.027471834,-0.027471834,0.12782214,0.12782214,0.11257954,0.11257954,0.041391529,0.041391529,-0.037929613,-0.037929613,0.041543967,0.041543967,-0.037929613,-0.037929613,-1.2510476e-09,-1.2510476e-09,1.2979314e-16,1.2979314e-16,0.017810945,0.017810945,-0.11617129,-0.11617129,-0.00012448417,-0.00012448417,-0.00012448766,-0.00012448766,-2.8869067e-06,-2.8869067e-06,0.042714434,0.042714434,-0.029461801,-0.029461801,0.021167966,0.021167966,-0.019558573,-0.019558573,0.021546469,0.021546469,-0.0099032271,-0.0099032271,0.0016093924,0.0016093924,0.011643241,0.011643241,0.0016093923,0.0016093923,0.011643241,0.011643241,1.2236795e-11,1.2236795e-11,-0.098360344,-0.098360344,7.8282769e-12,7.8282769e-12,-0.098360344,-0.098360344,0.017810945,0.017810945,-0.11617129,-0.11617129,0.019420338,0.019420338,0.042714434,0.042714434,-0.017810945,-0.017810945,2.1909325e-05,2.1909325e-05,-1.9246044e-06,-1.9246044e-06,-1.4832868e-13,-1.4832868e-13,1.9984721e-05,1.9984721e-05,0.019979968,0.019979968,-0.11617706,-0.11617706,19.622852,19.622852,-7.258653,-7.258653,8.755191,8.755191,-3.5892481,-3.5892481,-0.10092869,-0.10092869,0.0025683452,0.0025683452,0.0038840675,0.0038840675,-0.02090561,-0.02090561,4.6509356,4.6509356,-4.5811076,-4.5811076,1.4323937e-05,1.4323937e-05,-3.3058502e-16,-3.3058502e-16,-1.1141152e-15,-1.1141152e-15,1.5338952e-16,1.5338952e-16,2.2613737e-15,2.2613737e-15,-1.3685913e-14,-1.3685913e-14,0.00020960233,0.00020960233,2.852339e-10,2.852339e-10
0.015121604,0.015121604,-0.042604962,-0.042604962,-0.027483358,-0.027483358,0.12782502,0.12782502,0.11270341,0.11270341,0.041380352,0.041380352,-0.037953138,-0.037953138,0.041531452,0.041531452,-0.037953138,-0.037953138,-1.238058e-09,-1.238058e-09,1.2979097e-16,1.2979097e-16,0.017832629,0.017832629,-0.11617317,-0.11617317,-0.00012319117,-0.00012319117,-0.00012319465,-0.00012319465,-2.8205078e-06,-2.8205078e-06,0.042604962,0.042604962,-0.029484477,-0.029484477,0.021056482,0.021056482,-0.019580406,-0.019580406,0.021548479,0.021548479,-0.0099040704,-0.0099040704,0.0014760761,0.0014760761,0.011644409,0.011644409,0.001476076,0.001476076,0.011644409,0.011644409,1.2119928e-11,1.2119928e-11,-0.09834054,-0.09834054,7.7112765e-12,7.7112765e-12,-0.09834054,-0.09834054,0.017832629,0.017832629,-0.11617317,-0.11617317,0.019308705,0.019308705,0.042604962,0.042604962,-0.017832629,-0.017832629,2.1684103e-05,2.1684103e-05,-1.8803385e-06,-1.8803385e-06,-1.1700036e-13,-1.1700036e-13,1.9803764e-05,1.9803764e-05,0.019979355,0.019979355,-0.11617881,-0.11617881,19.628289,19.628289,-7.2587578,-7.2587578,8.7615653,8.7615653,-3.5892973,-3.5892973,-0.10105157,-0.10105157,0.0027110256,0.0027110256,0.0038617411,0.0038617411,-0.020905752,-0.020905752,4.6510109,4.6510109,-4.5817278,-4.5817278,1.3994486e-05,1.3994486e-05,-3.3102206e-16,-3.3102206e-16,-1.1146472e-15,-1.1146472e-15,1.5212687e-16,1.5212687e-16,2.2631278e-15,2.2631278e-15,-1.3690084e-14,-1.3690084e-14,0.00020776233,0.00020776233,2.7226403e-10,2.7226403e-10
0.015001828,0.015001828,-0.042496444,-0.042496444,-0.027494616,-0.027494616,0.12782782,0.12782782,0.112826,0.112826,0.041369227,0.041369227,-0.037976398,-0.037976398,0.041518998,0.041518998,-0.037976397,-0.037976397,-1.2251845e-09,-1.2251845e-09,1.2978885e-16,1.2978885e-16,0.01785409,0.01785409,-0.11617501,-0.11617501,-0.00012191119,-0.00012191119,-0.00012191467,-0.00012191467,-2.7556361e-06,-2.7556361e-06,0.042496444,0.042496444,-0.029506907,-0.029506907,0.020946001,0.020946001,-0.019602013,-0.019602013,0.021550443,0.021550443,-0.0099048943,-0.0099048943,0.0013439879,0.0013439879,0.011645549,0.011645549,0.0013439878,0.0013439878,0.011645549,0.011645549,1.1975395e-11,1.1975395e-11,-0.098320916,-0.098320916,7.5666126e-12,7.5666126e-12,-0.098320916,-0.098320916,0.01785409,0.01785409,-0.11617501,-0.11617501,0.019198078,0.019198078,0.042496444,0.042496444,-0.01785409,-0.01785409,2.1461094e-05,2.1461094e-05,-1.8370907e-06,-1.8370907e-06,-1.4466393e-13,-1.4466393e-13,1.9624003e-05,1.9624003e-05,0.019978739,0.019978739,-0.11618052,-0.11618052,19.633669,19.633669,-7.2588602,-7.2588602,8.7678797,8.7678797,-3.5893453,-3.5893453,-0.10117318,-0.10117318,0.0028522625,0.0028522625,0.0038396157,0.0038396157,-0.020905891,-0.020905891,4.6510845,4.6510845,-4.582341,-4.582341,1.3672613e-05,1.3672613e-05,-3.3145526e-16,-3.3145526e-16,-1.1151738e-15,-1.1151738e-15,1.508744e-16,1.508744e-16,2.2648657e-15,2.2648657e-15,-1.3694214e-14,-1.3694214e-14,0.00020593549,0.00020593549,2.5988391e-10,2.5988391e-10
0.014883261,0.014883261,-0.042388877,-0.042388877,-0.027505616,-0.027505616,0.12783057,0.12783057,0.1129473,0.1129473,0.041358156,0.041358156,-0.037999395,-0.037999395,0.041506608,0.041506608,-0.037999395,-0.037999395,-1.2124547e-09,-1.2124547e-09,1.2978677e-16,1.2978677e-16,0.017875331,0.017875331,-0.1161768,-0.1161768,-0.00012064411,-0.00012064411,-0.00012064759,-0.00012064759,-2.6922565e-06,-2.6922565e-06,0.042388877,0.042388877,-0.029529094,-0.029529094,0.020836514,0.020836514,-0.019623395,-0.019623395,0.021552363,0.021552363,-0.0099056993,-0.0099056993,0.0012131191,0.0012131191,0.011646663,0.011646663,0.001213119,0.001213119,0.011646663,0.011646663,1.1859825e-11,1.1859825e-11,-0.098301471,-0.098301471,7.4509159e-12,7.4509159e-12,-0.098301471,-0.098301471,0.017875331,0.017875331,-0.1161768,-0.1161768,0.01908845,0.01908845,0.042388877,0.042388877,-0.017875331,-0.017875331,2.1240278e-05,2.1240278e-05,-1.7948376e-06,-1.7948376e-06,-1.1569671e-13,-1.1569671e-13,1.9445441e-05,1.9445441e-05,0.019978118,0.019978118,-0.11618219,-0.11618219,19.638993,19.638993,-7.2589602,-7.2589602,8.7741347,8.7741347,-3.5893922,-3.5893922,-0.10129354,-0.10129354,0.0029920695,0.0029920695,0.00381769,0.00381769,-0.020906028,-0.020906028,4.6511563,4.6511563,-4.5829471,-4.5829471,1.3358143e-05,1.3358143e-05,-3.3188462e-16,-3.3188462e-16,-1.1156951e-15,-1.1156951e-15,1.4963208e-16,1.4963208e-16,2.2665874e-15,2.2665874e-15,-1.3698303e-14,-1.3698303e-14,0.00020412179,0.00020412179,2.4806673e-10,2.4806673e-10
0.014765892,0.014765892,-0.042282254,-0.042282254,-0.027516362,-0.027516362,0.12783324,0.12783324,0.11306735,0.11306735,0.04134714,0.04134714,-0.038022134,-0.038022134,0.041494283,0.041494283,-0.038022134,-0.038022134,-1.1998398e-09,-1.1998398e-09,1.2978473e-16,1.2978473e-16,0.017896352,0.017896352,-0.11617855,-0.11617855,-0.00011938981,-0.00011938981,-0.00011939329,-0.00011939329,-2.6303346e-06,-2.6303346e-06,0.042282254,0.042282254,-0.029551041,-0.029551041,0.020728017,0.020728017,-0.019644556,-0.019644556,0.021554238,0.021554238,-0.0099064857,-0.0099064857,0.0010834611,0.0010834611,0.011647752,0.011647752,0.001083461,0.001083461,0.011647752,0.011647752,1.1718821e-11,1.1718821e-11,-0.098282203,-0.098282203,7.3097871e-12,7.3097871e-12,-0.098282203,-0.098282203,0.017896352,0.017896352,-0.11617855,-0.11617855,0.018979813,0.018979813,0.042282254,0.042282254,-0.017896352,-0.017896352,2.1021638e-05,2.1021638e-05,-1.7535564e-06,-1.7535564e-06,-1.4112877e-13,-1.4112877e-13,1.9268081e-05,1.9268081e-05,0.019977494,0.019977494,-0.11618382,-0.11618382,19.644262,19.644262,-7.2590579,-7.2590579,8.7803306,8.7803306,-3.589438,-3.589438,-0.10141266,-0.10141266,0.0031304602,0.0031304602,0.0037959627,0.0037959627,-0.020906161,-0.020906161,4.6512265,4.6512265,-4.5835464,-4.5835464,1.3050906e-05,1.3050906e-05,-3.3231018e-16,-3.3231018e-16,-1.1162111e-15,-1.1162111e-15,1.4839987e-16,1.4839987e-16,2.2682932e-15,2.2682932e-15,-1.3702351e-14,-1.3702351e-14,0.00020232119,0.00020232119,2.3678689e-10,2.3678689e-10
0.014649709,0.014649709,-0.042176571,-0.042176571,-0.027526862,-0.027526862,0.12783586,0.12783586,0.11318615,0.11318615,0.041336179,0.041336179,-0.038044616,-0.038044616,0.041482022,0.041482022,-0.038044616,-0.038044616,-1.1873651e-09,-1.1873651e-09,1.2978274e-16,1.2978274e-16,0.017917157,0.017917157,-0.11618027,-0.11618027,-0.00011814817,-0.00011814817,-0.00011815165,-0.00011815165,-2.5698369e-06,-2.5698369e-06,0.042176571,0.042176571,-0.02957275,-0.02957275,0.020620502,0.020620502,-0.019665496,-0.019665496,0.021556069,0.021556069,-0.0099072541,-0.0099072541,0.00095500516,0.00095500516,0.011648815,0.011648815,0.00095500506,0.00095500506,0.011648815,0.011648815,1.1604603e-11,1.1604603e-11,-0.098263111,-0.098263111,7.1954469e-12,7.1954469e-12,-0.098263111,-0.098263111,0.017917157,0.017917157,-0.11618027,-0.11618027,0.018872163,0.018872163,0.042176571,0.042176571,-0.017917157,-0.017917157,2.0805153e-05,2.0805153e-05,-1.7132246e-06,-1.7132246e-06,-1.143402e-13,-1.143402e-13,1.9091928e-05,1.9091928e-05,0.019976868,0.019976868,-0.11618541,-0.11618541,19.649476,19.649476,-7.2591534,-7.2591534,8.7864681,8.7864681,-3.5894828,-3.5894828,-0.10153056,-0.10153056,0.003267448,0.003267448,0.0037744325,0.0037744325,-0.020906291,-0.020906291,4.6512951,4.6512951,-4.5841388,-4.5841388,1.2750735e-05,1.2750735e-05,-3.3273196e-16,-3.3273196e-16,-1.1167219e-15,-1.1167219e-15,1.4717775e-16,1.4717775e-16,2.269983e-15,2.269983e-15,-1.3706359e-14,-1.3706359e-14,0.00020053367,0.00020053367,2.2601995e-10,2.2601995e-10
0.014534702,0.014534702,-0.042071821,-0.042071821,-0.027537119,-0.027537119,0.12783842,0.12783842,0.11330372,0.11330372,0.041325275,0.041325275,-0.038066846,-0.038066846,0.041469827,0.041469827,-0.038066846,-0.038066846,-1.1750039e-09,-1.1750039e-09,1.2978078e-16,1.2978078e-16,0.017937748,0.017937748,-0.11618194,-0.11618194,-0.00011691907,-0.00011691907,-0.00011692255,-0.00011692255,-2.5107306e-06,-2.5107306e-06,0.042071821,0.042071821,-0.029594224,-0.029594224,0.020513962,0.020513962,-0.01968622,-0.01968622,0.021557859,0.021557859,-0.0099080048,-0.0099080048,0.00082774255,0.00082774255,0.011649854,0.011649854,0.00082774245,0.00082774245,0.011649854,0.011649854,1.1467006e-11,1.1467006e-11,-0.098244194,-0.098244194,7.057731e-12,7.057731e-12,-0.098244194,-0.098244194,0.017937748,0.017937748,-0.11618194,-0.11618194,0.018765491,0.018765491,0.042071821,0.042071821,-0.017937748,-0.017937748,2.0590804e-05,2.0590804e-05,-1.6738204e-06,-1.6738204e-06,-1.3771591e-13,-1.3771591e-13,1.8916984e-05,1.8916984e-05,0.019976238,0.019976238,-0.11618696,-0.11618696,19.654635,19.654635,-7.2592466,-7.2592466,8.7925474,8.7925474,-3.5895266,-3.5895266,-0.10164724,-0.10164724,0.0034030462,0.0034030462,0.0037530982,0.0037530982,-0.020906418,-0.020906418,4.6513621,4.6513621,-4.5847245,-4.5847245,1.2457468e-05,1.2457468e-05,-3.3314998e-16,-3.3314998e-16,-1.1172276e-15,-1.1172276e-15,1.4596566e-16,1.4596566e-16,2.2716571e-15,2.2716571e-15,-1.3710326e-14,-1.3710326e-14,0.00019875919,0.00019875919,2.157426e-10,2.157426e-10
0.014420859,0.014420859,-0.041968,-0.041968,-0.027547141,-0.027547141,0.12784092,0.12784092,0.11342006,0.11342006,0.041314427,0.041314427,-0.038088826,-0.038088826,0.041457699,0.041457699,-0.038088826,-0.038088826,-1.1627796e-09,-1.1627796e-09,1.2977886e-16,1.2977886e-16,0.017958127,0.017958127,-0.11618358,-0.11618358,-0.00011570239,-0.00011570239,-0.00011570587,-0.00011570587,-2.4529838e-06,-2.4529838e-06,0.041968,0.041968,-0.029615466,-0.029615466,0.020408392,0.020408392,-0.019706728,-0.019706728,0.021559608,0.021559608,-0.0099087382,-0.0099087382,0.0007016646,0.0007016646,0.01165087,0.01165087,0.0007016645,0.0007016645,0.01165087,0.01165087,1.1354184e-11,1.1354184e-11,-0.098225451,-0.098225451,6.9447933e-12,6.9447933e-12,-0.098225451,-0.098225451,0.017958127,0.017958127,-0.11618358,-0.11618358,0.018659791,0.018659791,0.041968,0.041968,-0.017958127,-0.017958127,2.0378573e-05,2.0378573e-05,-1.6353225e-06,-1.6353225e-06,-1.1293774e-13,-1.1293774e-13,1.874325e-05,1.874325e-05,0.019975606,0.019975606,-0.11618848,-0.11618848,19.65974,19.65974,-7.2593378,-7.2593378,8.7985692,8.7985692,-3.5895693,-3.5895693,-0.10176272,-0.10176272,0.003537268,0.003537268,0.0037319583,0.0037319583,-0.020906542,-0.020906542,4.6514276,4.6514276,-4.5853036,-4.5853036,1.2170946e-05,1.2170946e-05,-3.3356426e-16,-3.3356426e-16,-1.117728e-15,-1.117728e-15,1.4476357e-16,1.4476357e-16,2.2733155e-15,2.2733155e-15,-1.3714254e-14,-1.3714254e-14,0.00019699772,0.00019699772,2.0593256e-10,2.0593256e-10
0.014308169,0.014308169,-0.041865101,-0.041865101,-0.027556933,-0.027556933,0.12784336,0.12784336,0.11353519,0.11353519,0.041303638,0.041303638,-0.038110558,-0.038110558,0.041445638,0.041445638,-0.038110558,-0.038110558,-1.1506674e-09,-1.1506674e-09,1.2977699e-16,1.2977699e-16,0.017978295,0.017978295,-0.11618518,-0.11618518,-0.00011449802,-0.00011449802,-0.0001145015,-0.0001145015,-2.3965652e-06,-2.3965652e-06,0.041865101,0.041865101,-0.029636477,-0.029636477,0.020303785,0.020303785,-0.019727023,-0.019727023,0.021561316,0.021561316,-0.0099094548,-0.0099094548,0.00057676261,0.00057676261,0.011651861,0.011651861,0.00057676251,0.00057676251,0.011651861,0.011651861,1.1219879e-11,1.1219879e-11,-0.09820688,-0.09820688,6.8103747e-12,6.8103747e-12,-0.09820688,-0.09820688,0.017978295,0.017978295,-0.11618518,-0.11618518,0.018555058,0.018555058,0.041865101,0.041865101,-0.017978295,-0.017978295,2.0168441e-05,2.0168441e-05,-1.5977101e-06,-1.5977101e-06,-1.3441857e-13,-1.3441857e-13,1.8570731e-05,1.8570731e-05,0.019974971,0.019974971,-0.11618997,-0.11618997,19.664792,19.664792,-7.2594268,-7.2594268,8.8045337,8.8045337,-3.5896111,-3.5896111,-0.10187701,-0.10187701,0.0036701266,0.0036701266,0.0037110116,0.0037110116,-0.020906663,-0.020906663,4.6514916,4.6514916,-4.5858761,-4.5858761,1.1891014e-05,1.1891014e-05,-3.3397483e-16,-3.3397483e-16,-1.1182235e-15,-1.1182235e-15,1.4357145e-16,1.4357145e-16,2.2749584e-15,2.2749584e-15,-1.3718143e-14,-1.3718143e-14,0.00019524923,0.00019524923,1.965686e-10,1.965686e-10
0.014196621,0.014196621,-0.04176312,-0.04176312,-0.027566499,-0.027566499,0.12784574,0.12784574,0.11364912,0.11364912,0.041292908,0.041292908,-0.038132047,-0.038132047,0.041433645,0.041433645,-0.038132047,-0.038132047,-1.1386888e-09,-1.1386888e-09,1.2977515e-16,1.2977515e-16,0.017998256,0.017998256,-0.11618674,-0.11618674,-0.00011330583,-0.00011330583,-0.00011330932,-0.00011330932,-2.3414442e-06,-2.3414442e-06,0.04176312,0.04176312,-0.029657261,-0.029657261,0.020200134,0.020200134,-0.019747106,-0.019747106,0.021562985,0.021562985,-0.0099101548,-0.0099101548,0.00045302788,0.00045302788,0.01165283,0.01165283,0.00045302779,0.00045302779,0.01165283,0.01165283,1.1108495e-11,1.1108495e-11,-0.09818848,-0.09818848,6.6988791e-12,6.6988791e-12,-0.09818848,-0.09818848,0.017998256,0.017998256,-0.11618674,-0.11618674,0.018451284,0.018451284,0.04176312,0.04176312,-0.017998256,-0.017998256,1.9960389e-05,1.9960389e-05,-1.5609628e-06,-1.5609628e-06,-1.1149562e-13,-1.1149562e-13,1.8399426e-05,1.8399426e-05,0.019974334,0.019974334,-0.11619142,-0.11619142,19.669791,19.669791,-7.2595138,-7.2595138,8.8104415,8.8104415,-3.5896519,-3.5896519,-0.10199012,-0.10199012,0.0038016349,0.0038016349,0.0036902567,0.0036902567,-0.020906781,-0.020906781,4.6515541,4.6515541,-4.5864421,-4.5864421,1.1617521e-05,1.1617521e-05,-3.3438171e-16,-3.3438171e-16,-1.1187138e-15,-1.1187138e-15,1.4238924e-16,1.4238924e-16,2.2765859e-15,2.2765859e-15,-1.3721993e-14,-1.3721993e-14,0.00019351367,0.00019351367,1.8763043e-10,1.8763043e-10
0.014086204,0.014086204,-0.041662049,-0.041662049,-0.027575845,-0.027575845,0.12784807,0.12784807,0.11376187,0.11376187,0.041282236,0.041282236,-0.038153295,-0.038153295,0.041421721,0.041421721,-0.038153295,-0.038153295,-1.1268208e-09,-1.1268208e-09,1.2977335e-16,1.2977335e-16,0.01801801,0.01801801,-0.11618826,-0.11618826,-0.00011212573,-0.00011212573,-0.00011212921,-0.00011212921,-2.287591e-06,-2.287591e-06,0.041662049,0.041662049,-0.02967782,-0.02967782,0.020097433,0.020097433,-0.019766982,-0.019766982,0.021564616,0.021564616,-0.0099108388,-0.0099108388,0.00033045173,0.00033045173,0.011653777,0.011653777,0.00033045163,0.00033045163,0.011653777,0.011653777,1.0977373e-11,1.0977373e-11,-0.098170251,-0.098170251,6.5676486e-12,6.5676486e-12,-0.098170251,-0.098170251,0.01801801,0.01801801,-0.11618826,-0.11618826,0.018348462,0.018348462,0.041662049,0.041662049,-0.01801801,-0.01801801,1.9754399e-05,1.9754399e-05,-1.5250607e-06,-1.5250607e-06,-1.3123047e-13,-1.3123047e-13,1.8229338e-05,1.8229338e-05,0.019973696,0.019973696,-0.11619284,-0.11619284,19.674738,19.674738,-7.2595988,-7.2595988,8.8162931,8.8162931,-3.5896918,-3.5896918,-0.10210206,-0.10210206,0.0039318058,0.0039318058,0.0036696924,0.0036696924,-0.020906897,-0.020906897,4.6516151,4.6516151,-4.5870017,-4.5870017,1.1350318e-05,1.1350318e-05,-3.3478493e-16,-3.3478493e-16,-1.1191992e-15,-1.1191992e-15,1.4121691e-16,1.4121691e-16,2.2781981e-15,2.2781981e-15,-1.3725804e-14,-1.3725804e-14,0.00019179102,0.00019179102,1.7909869e-10,1.7909869e-10
0.013976908,0.013976908,-0.041561885,-0.041561885,-0.027584976,-0.027584976,0.12785035,0.12785035,0.11387344,0.11387344,0.041271625,0.041271625,-0.038174304,-0.038174304,0.041409866,0.041409866,-0.038174304,-0.038174304,-1.1150833e-09,-1.1150833e-09,1.2977158e-16,1.2977158e-16,0.01803756,0.01803756,-0.11618975,-0.11618975,-0.00011095758,-0.00011095758,-0.00011096106,-0.00011096106,-2.2349764e-06,-2.2349764e-06,0.041561885,0.041561885,-0.029698157,-0.029698157,0.019995675,0.019995675,-0.01978665,-0.01978665,0.021566209,0.021566209,-0.0099115071,-0.0099115071,0.00020902547,0.00020902547,0.011654702,0.011654702,0.00020902537,0.00020902537,0.011654702,0.011654702,1.0867459e-11,1.0867459e-11,-0.098152191,-0.098152191,6.4576289e-12,6.4576289e-12,-0.098152191,-0.098152191,0.01803756,0.01803756,-0.11618975,-0.11618975,0.018246586,0.018246586,0.041561885,0.041561885,-0.01803756,-0.01803756,1.9550452e-05,1.9550452e-05,-1.4899843e-06,-1.4899843e-06,-1.1001964e-13,-1.1001964e-13,1.8060468e-05,1.8060468e-05,0.019973055,0.019973055,-0.11619422,-0.11619422,19.679633,19.679633,-7.2596818,-7.2596818,8.8220888,8.8220888,-3.5897307,-3.5897307,-0.10221284,-0.10221284,0.0040606522,0.0040606522,0.0036493172,0.0036493172,-0.02090701,-0.02090701,4.6516748,4.6516748,-4.5875549,-4.5875549,1.1089261e-05,1.1089261e-05,-3.351845e-16,-3.351845e-16,-1.1196797e-15,-1.1196797e-15,1.4005442e-16,1.4005442e-16,2.2797951e-15,2.2797951e-15,-1.3729577e-14,-1.3729577e-14,0.00019008123,0.00019008123,1.7095489e-10,1.7095489e-10
0.013868722,0.013868722,-0.04146262,-0.04146262,-0.027593897,-0.027593897,0.12785257,0.12785257,0.11398385,0.11398385,0.041261075,0.041261075,-0.038195078,-0.038195078,0.041398081,0.041398081,-0.038195078,-0.038195078,-1.103455e-09,-1.103455e-09,1.2976985e-16,1.2976985e-16,0.018056909,0.018056909,-0.11619121,-0.11619121,-0.00010980128,-0.00010980128,-0.00010980476,-0.00010980476,-2.1835719e-06,-2.1835719e-06,0.04146262,0.04146262,-0.029718274,-0.029718274,0.019894854,0.019894854,-0.019806114,-0.019806114,0.021567766,0.021567766,-0.0099121599,-0.0099121599,8.8740418e-05,8.8740418e-05,0.011655606,0.011655606,8.874032e-05,8.874032e-05,0.011655606,0.011655606,1.0739417e-11,1.0739417e-11,-0.098134298,-0.098134298,6.3294832e-12,6.3294832e-12,-0.098134298,-0.098134298,0.018056909,0.018056909,-0.11619121,-0.11619121,0.018145649,0.018145649,0.04146262,0.04146262,-0.018056909,-0.018056909,1.934853e-05,1.934853e-05,-1.4557146e-06,-1.4557146e-06,-1.2814579e-13,-1.2814579e-13,1.7892815e-05,1.7892815e-05,0.019972413,0.019972413,-0.11619557,-0.11619557,19.684476,19.684476,-7.2597629,-7.2597629,8.8278291,8.8278291,-3.5897687,-3.5897687,-0.10232248,-0.10232248,0.0041881866,0.0041881866,0.0036291299,0.0036291299,-0.02090712,-0.02090712,4.651733,4.651733,-4.5881019,-4.5881019,1.0834208e-05,1.0834208e-05,-3.3558046e-16,-3.3558046e-16,-1.1201553e-15,-1.1201553e-15,1.3890173e-16,1.3890173e-16,2.281377e-15,2.281377e-15,-1.3733313e-14,-1.3733313e-14,0.00018838426,0.00018838426,1.631814e-10,1.631814e-10
0.013761636,0.013761636,-0.041364249,-0.041364249,-0.027602613,-0.027602613,0.12785474,0.12785474,0.11409311,0.11409311,0.041250585,0.041250585,-0.038215619,-0.038215619,0.041386367,0.041386367,-0.038215619,-0.038215619,-1.091954e-09,-1.091954e-09,1.2976816e-16,1.2976816e-16,0.018076058,0.018076058,-0.11619263,-0.11619263,-0.00010865671,-0.00010865671,-0.00010866019,-0.00010866019,-2.1333498e-06,-2.1333498e-06,0.041364249,0.041364249,-0.029738173,-0.029738173,0.019794963,0.019794963,-0.019825375,-0.019825375,0.021569286,0.021569286,-0.0099127978,-0.0099127978,-3.0412081e-05,-3.0412081e-05,0.011656489,0.011656489,-3.0412179e-05,-3.0412179e-05,0.011656489,0.011656489,1.0631003e-11,1.0631003e-11,-0.098116571,-0.098116571,6.2209681e-12,6.2209681e-12,-0.098116571,-0.098116571,0.018076058,0.018076058,-0.11619263,-0.11619263,0.018045646,0.018045646,0.041364249,0.041364249,-0.018076058,-0.018076058,1.9148615e-05,1.9148615e-05,-1.4222332e-06,-1.4222332e-06,-1.0851509e-13,-1.0851509e-13,1.7726382e-05,1.7726382e-05,0.01997177,0.01997177,-0.1161969,-0.1161969,19.68927,19.68927,-7.2598422,-7.2598422,8.8335145,8.8335145,-3.5898059,-3.5898059,-0.10243099,-0.10243099,0.0043144218,0.0043144218,0.0036091291,0.0036091291,-0.020907228,-0.020907228,4.65179,4.65179,-4.5886428,-4.5886428,1.0585021e-05,1.0585021e-05,-3.3597282e-16,-3.3597282e-16,-1.120626e-15,-1.120626e-15,1.3775877e-16,1.3775877e-16,2.282944e-15,2.282944e-15,-1.373701e-14,-1.373701e-14,0.00018670007,0.00018670007,1.5576138e-10,1.5576138e-10
0.013655638,0.013655638,-0.041266767,-0.041266767,-0.027611129,-0.027611129,0.12785687,0.12785687,0.11420123,0.11420123,0.041240158,0.041240158,-0.03823593,-0.03823593,0.041374724,0.041374724,-0.03823593,-0.03823593,-1.0805608e-09,-1.0805608e-09,1.2976649e-16,1.2976649e-16,0.018095008,0.018095008,-0.11619402,-0.11619402,-0.00010752377,-0.00010752377,-0.00010752725,-0.00010752725,-2.0842827e-06,-2.0842827e-06,0.041266767,0.041266767,-0.029757857,-0.029757857,0.019695995,0.019695995,-0.019844436,-0.019844436,0.021570772,0.021570772,-0.009913421,-0.009913421,-0.00014844068,-0.00014844068,0.011657351,0.011657351,-0.00014844078,-0.00014844078,0.011657351,0.011657351,1.0505943e-11,1.0505943e-11,-0.09809901,-0.09809901,6.095809e-12,6.095809e-12,-0.09809901,-0.09809901,0.018095008,0.018095008,-0.11619402,-0.11619402,0.017946568,0.017946568,0.041266767,0.041266767,-0.018095008,-0.018095008,1.8950688e-05,1.8950688e-05,-1.3895218e-06,-1.3895218e-06,-1.2515912e-13,-1.2515912e-13,1.7561166e-05,1.7561166e-05,0.019971126,0.019971126,-0.11619819,-0.11619819,19.694013,19.694013,-7.2599196,-7.2599196,8.8391454,8.8391454,-3.5898422,-3.5898422,-0.10253838,-0.10253838,0.0044393702,0.0044393702,0.0035893135,0.0035893135,-0.020907333,-0.020907333,4.6518456,4.6518456,-4.5891775,-4.5891775,1.0341565e-05,1.0341565e-05,-3.3636161e-16,-3.3636161e-16,-1.1210919e-15,-1.1210919e-15,1.3662553e-16,1.3662553e-16,2.2844962e-15,2.2844962e-15,-1.3740671e-14,-1.3740671e-14,0.00018502861,0.00018502861,1.4867876e-10,1.4867876e-10
0.013550719,0.013550719,-0.041170167,-0.041170167,-0.027619449,-0.027619449,0.12785894,0.12785894,0.11430822,0.11430822,0.041229792,0.041229792,-0.038256014,-0.038256014,0.041363152,0.041363152,-0.038256014,-0.038256014,-1.069292e-09,-1.069292e-09,1.2976487e-16,1.2976487e-16,0.018113763,0.018113763,-0.11619538,-0.11619538,-0.00010640234,-0.00010640234,-0.00010640582,-0.00010640582,-2.0363442e-06,-2.0363442e-06,0.041170167,0.041170167,-0.029777328,-0.029777328,0.019597944,0.019597944,-0.019863298,-0.019863298,0.021572224,0.021572224,-0.0099140298,-0.0099140298,-0.00026535403,-0.00026535403,0.011658194,0.011658194,-0.00026535413,-0.00026535413,0.011658194,0.011658194,1.0399052e-11,1.0399052e-11,-0.098081613,-0.098081613,5.9888221e-12,5.9888221e-12,-0.098081613,-0.098081613,0.018113763,0.018113763,-0.11619538,-0.11619538,0.017848409,0.017848409,0.041170167,0.041170167,-0.018113763,-0.018113763,1.8754732e-05,1.8754732e-05,-1.3575628e-06,-1.3575628e-06,-1.0698682e-13,-1.0698682e-13,1.739717e-05,1.739717e-05,0.019970482,0.019970482,-0.11619945,-0.11619945,19.698706,19.698706,-7.2599953,-7.2599953,8.8447222,8.8447222,-3.5898777,-3.5898777,-0.10264466,-0.10264466,0.0045630442,0.0045630442,0.0035696818,0.0035696818,-0.020907436,-0.020907436,4.6519,4.6519,-4.5897061,-4.5897061,1.0103709e-05,1.0103709e-05,-3.3674685e-16,-3.3674685e-16,-1.1215531e-15,-1.1215531e-15,1.3550193e-16,1.3550193e-16,2.2860336e-15,2.2860336e-15,-1.3744295e-14,-1.3744295e-14,0.00018336985,0.00018336985,1.4191818e-10,1.4191818e-10
0.013446868,0.013446868,-0.041074445,-0.041074445,-0.027627577,-0.027627577,0.12786097,0.12786097,0.1144141,0.1144141,0.04121949,0.04121949,-0.038275873,-0.038275873,0.041351652,0.041351652,-0.038275873,-0.038275873,-1.0581294e-09,-1.0581294e-09,1.2976327e-16,1.2976327e-16,0.018132324,0.018132324,-0.1161967,-0.1161967,-0.00010529231,-0.00010529231,-0.00010529579,-0.00010529579,-1.9895083e-06,-1.9895083e-06,0.041074445,0.041074445,-0.029796588,-0.029796588,0.019500803,0.019500803,-0.019881963,-0.019881963,0.021573642,0.021573642,-0.0099146247,-0.0099146247,-0.00038116074,-0.00038116074,0.011659017,0.011659017,-0.00038116084,-0.00038116084,0.011659017,0.011659017,1.0276881e-11,1.0276881e-11,-0.098064379,-0.098064379,5.8665567e-12,5.8665567e-12,-0.098064379,-0.098064379,0.018132324,0.018132324,-0.1161967,-0.1161967,0.017751163,0.017751163,0.041074445,0.041074445,-0.018132324,-0.018132324,1.8560729e-05,1.8560729e-05,-1.3263389e-06,-1.3263389e-06,-1.2226543e-13,-1.2226543e-13,1.7234391e-05,1.7234391e-05,0.019969836,0.019969836,-0.11620068,-0.11620068,19.70335,19.70335,-7.2600692,-7.2600692,8.8502455,8.8502455,-3.5899124,-3.5899124,-0.10274983,-0.10274983,0.0046854561,0.0046854561,0.0035502326,0.0035502326,-0.020907537,-0.020907537,4.6519531,4.6519531,-4.5902289,-4.5902289,9.8713241e-06,9.8713241e-06,-3.3712857e-16,-3.3712857e-16,-1.1220096e-15,-1.1220096e-15,1.3438794e-16,1.3438794e-16,2.2875564e-15,2.2875564e-15,-1.3747882e-14,-1.3747882e-14,0.00018172373,0.00018172373,1.3546502e-10,1.3546502e-10
0.013344074,0.013344074,-0.040979593,-0.040979593,-0.027635518,-0.027635518,0.12786295,0.12786295,0.11451887,0.11451887,0.04120925,0.04120925,-0.038295511,-0.038295511,0.041340225,0.041340225,-0.038295511,-0.038295511,-1.0470883e-09,-1.0470883e-09,1.2976171e-16,1.2976171e-16,0.018150692,0.018150692,-0.116198,-0.116198,-0.00010419357,-0.00010419357,-0.00010419705,-0.00010419705,-1.9437496e-06,-1.9437496e-06,0.040979593,0.040979593,-0.02981564,-0.02981564,0.019404565,0.019404565,-0.019900435,-0.019900435,0.021575027,0.021575027,-0.0099152059,-0.0099152059,-0.00049586942,-0.00049586942,0.011659822,0.011659822,-0.00049586952,-0.00049586952,0.011659822,0.011659822,1.0171534e-11,1.0171534e-11,-0.098047306,-0.098047306,5.7611174e-12,5.7611174e-12,-0.098047306,-0.098047306,0.018150692,0.018150692,-0.116198,-0.116198,0.017654823,0.017654823,0.040979593,0.040979593,-0.018150692,-0.018150692,1.8368662e-05,1.8368662e-05,-1.2958331e-06,-1.2958331e-06,-1.0543926e-13,-1.0543926e-13,1.7072829e-05,1.7072829e-05,0.01996919,0.01996919,-0.11620189,-0.11620189,19.707946,19.707946,-7.2601414,-7.2601414,8.8557155,8.8557155,-3.5899463,-3.5899463,-0.10285392,-0.10285392,0.004806618,0.004806618,0.0035309646,0.0035309646,-0.020907635,-0.020907635,4.6520049,4.6520049,-4.5907457,-4.5907457,9.6442837e-06,9.6442837e-06,-3.3750679e-16,-3.3750679e-16,-1.1224615e-15,-1.1224615e-15,1.3328351e-16,1.3328351e-16,2.2890647e-15,2.2890647e-15,-1.3751434e-14,-1.3751434e-14,0.00018009021,0.00018009021,1.2930529e-10,1.2930529e-10
0.013242329,0.013242329,-0.040885606,-0.040885606,-0.027643277,-0.027643277,0.12786488,0.12786488,0.11462255,0.11462255,0.041199075,0.041199075,-0.038314929,-0.038314929,0.04132887,0.04132887,-0.038314929,-0.038314929,-1.0361519e-09,-1.0361519e-09,1.2976018e-16,1.2976018e-16,0.018168871,0.018168871,-0.11619926,-0.11619926,-0.00010310602,-0.00010310602,-0.0001031095,-0.0001031095,-1.8990434e-06,-1.8990434e-06,0.040885606,0.040885606,-0.029834487,-0.029834487,0.019309225,0.019309225,-0.019918713,-0.019918713,0.021576381,0.021576381,-0.0099157737,-0.0099157737,-0.00060948866,-0.00060948866,0.011660608,0.011660608,-0.00060948876,-0.00060948876,0.011660608,0.011660608,1.0052164e-11,1.0052164e-11,-0.098030393,-0.098030393,5.6416574e-12,5.6416574e-12,-0.098030393,-0.098030393,0.018168871,0.018168871,-0.11619926,-0.11619926,0.017559382,0.017559382,0.040885606,0.040885606,-0.018168871,-0.018168871,1.8178511e-05,1.8178511e-05,-1.2660289e-06,-1.2660289e-06,-1.1946005e-13,-1.1946005e-13,1.6912483e-05,1.6912483e-05,0.019968544,0.019968544,-0.11620306,-0.11620306,19.712493,19.712493,-7.260212,-7.260212,8.8611328,8.8611328,-3.5899794,-3.5899794,-0.10295694,-0.10295694,0.004926542,0.004926542,0.0035118765,0.0035118765,-0.020907731,-0.020907731,4.6520556,4.6520556,-4.5912567,-4.5912567,9.4224652e-06,9.4224652e-06,-3.3788154e-16,-3.3788154e-16,-1.1229087e-15,-1.1229087e-15,1.321886e-16,1.321886e-16,2.2905587e-15,2.2905587e-15,-1.3754949e-14,-1.3754949e-14,0.00017846925,0.00017846925,1.2342565e-10,1.2342565e-10
0.013141621,0.013141621,-0.040792478,-0.040792478,-0.027650857,-0.027650857,0.12786677,0.12786677,0.11472515,0.11472515,0.041188963,0.041188963,-0.03833413,-0.03833413,0.041317589,0.041317589,-0.03833413,-0.03833413,-1.0253342e-09,-1.0253342e-09,1.2975867e-16,1.2975867e-16,0.018186861,0.018186861,-0.1162005,-0.1162005,-0.00010202954,-0.00010202954,-0.00010203302,-0.00010203302,-1.8553654e-06,-1.8553654e-06,0.040792478,0.040792478,-0.02985313,-0.02985313,0.019214774,0.019214774,-0.019936802,-0.019936802,0.021577704,0.021577704,-0.0099163284,-0.0099163284,-0.00072202704,-0.00072202704,0.011661375,0.011661375,-0.00072202713,-0.00072202713,0.011661375,0.011661375,9.9483757e-12,9.9483757e-12,-0.09801364,-0.09801364,5.5377809e-12,5.5377809e-12,-0.09801364,-0.09801364,0.018186861,0.018186861,-0.1162005,-0.1162005,0.017464834,0.017464834,0.040792478,0.040792478,-0.018186861,-0.018186861,1.7990261e-05,1.7990261e-05,-1.2369102e-06,-1.2369102e-06,-1.0387648e-13,-1.0387648e-13,1.6753351e-05,1.6753351e-05,0.019967897,0.019967897,-0.11620421,-0.11620421,19.716993,19.716993,-7.2602809,-7.2602809,8.8664978,8.8664978,-3.5900117,-3.5900117,-0.10305888,-0.10305888,0.0050452402,0.0050452402,0.0034929668,0.0034929668,-0.020907825,-0.020907825,4.6521051,4.6521051,-4.591762,-4.591762,9.2057485e-06,9.2057485e-06,-3.3825284e-16,-3.3825284e-16,-1.1233513e-15,-1.1233513e-15,1.3110314e-16,1.3110314e-16,2.2920384e-15,2.2920384e-15,-1.3758429e-14,-1.3758429e-14,0.00017686078,0.00017686078,1.1781336e-10,1.1781336e-10
0.013041941,0.013041941,-0.040700204,-0.040700204,-0.027658263,-0.027658263,0.12786862,0.12786862,0.11482668,0.11482668,0.041178915,0.041178915,-0.038353117,-0.038353117,0.041306381,0.041306381,-0.038353117,-0.038353117,-1.0146196e-09,-1.0146196e-09,1.297572e-16,1.297572e-16,0.018204665,0.018204665,-0.11620171,-0.11620171,-0.00010096404,-0.00010096404,-0.00010096752,-0.00010096752,-1.812692e-06,-1.812692e-06,0.040700204,0.040700204,-0.029871571,-0.029871571,0.019121208,0.019121208,-0.019954701,-0.019954701,0.021578996,0.021578996,-0.0099168704,-0.0099168704,-0.00083349308,-0.00083349308,0.011662126,0.011662126,-0.00083349318,-0.00083349318,0.011662126,0.011662126,9.8317231e-12,9.8317231e-12,-0.097997045,-0.097997045,5.4210423e-12,5.4210423e-12,-0.097997045,-0.097997045,0.018204665,0.018204665,-0.11620171,-0.11620171,0.017371172,0.017371172,0.040700204,0.040700204,-0.018204665,-0.018204665,1.7803894e-05,1.7803894e-05,-1.2084613e-06,-1.2084613e-06,-1.1673864e-13,-1.1673864e-13,1.6595433e-05,1.6595433e-05,0.019967251,0.019967251,-0.11620534,-0.11620534,19.721446,19.721446,-7.2603482,-7.2603482,8.8718109,8.8718109,-3.5900433,-3.5900433,-0.10315977,-0.10315977,0.0051627244,0.0051627244,0.0034742344,0.0034742344,-0.020907917,-0.020907917,4.6521535,4.6521535,-4.5922615,-4.5922615,8.9940162e-06,8.9940162e-06,-3.3862072e-16,-3.3862072e-16,-1.1237895e-15,-1.1237895e-15,1.3002709e-16,1.3002709e-16,2.2935039e-15,2.2935039e-15,-1.3761874e-14,-1.3761874e-14,0.00017526477,0.00017526477,1.1245627e-10,1.1245627e-10
0.012943278,0.012943278,-0.040608777,-0.040608777,-0.027665499,-0.027665499,0.12787042,0.12787042,0.11492714,0.11492714,0.041168933,0.041168933,-0.038371893,-0.038371893,0.041295246,0.041295246,-0.038371893,-0.038371893,-1.0040211e-09,-1.0040211e-09,1.2975576e-16,1.2975576e-16,0.018222285,0.018222285,-0.11620289,-0.11620289,-9.9909397e-05,-9.9909397e-05,-9.991288e-05,-9.991288e-05,-1.7710001e-06,-1.7710001e-06,0.040608777,0.040608777,-0.029889814,-0.029889814,0.019028519,0.019028519,-0.019972414,-0.019972414,0.021580258,0.021580258,-0.0099173999,-0.0099173999,-0.00094389533,-0.00094389533,0.011662858,0.011662858,-0.00094389542,-0.00094389542,0.011662858,0.011662858,9.729505e-12,9.729505e-12,-0.097980606,-0.097980606,5.3187401e-12,5.3187401e-12,-0.097980606,-0.097980606,0.018222285,0.018222285,-0.11620289,-0.11620289,0.017278389,0.017278389,0.040608777,0.040608777,-0.018222284,-0.018222284,1.7619392e-05,1.7619392e-05,-1.1806667e-06,-1.1806667e-06,-1.0230216e-13,-1.0230216e-13,1.6438725e-05,1.6438725e-05,0.019966604,0.019966604,-0.11620643,-0.11620643,19.725852,19.725852,-7.260414,-7.260414,8.8770725,8.8770725,-3.5900741,-3.5900741,-0.10325961,-0.10325961,0.0052790063,0.0052790063,0.0034556778,0.0034556778,-0.020908006,-0.020908006,4.6522008,4.6522008,-4.5927555,-4.5927555,8.7871539e-06,8.7871539e-06,-3.3898519e-16,-3.3898519e-16,-1.1242231e-15,-1.1242231e-15,1.289604e-16,1.289604e-16,2.2949554e-15,2.2949554e-15,-1.3765284e-14,-1.3765284e-14,0.00017368116,0.00017368116,1.0734277e-10,1.0734277e-10
0.012845624,0.012845624,-0.040518191,-0.040518191,-0.027672568,-0.027672568,0.12787218,0.12787218,0.11502656,0.11502656,0.041159015,0.041159015,-0.038390459,-0.038390459,0.041284186,0.041284186,-0.038390459,-0.038390459,-9.9352418e-10,-9.9352418e-10,1.2975434e-16,1.2975434e-16,0.018239721,0.018239721,-0.11620404,-0.11620404,-9.8865518e-05,-9.8865518e-05,-9.8869002e-05,-9.8869002e-05,-1.7302671e-06,-1.7302671e-06,0.040518191,0.040518191,-0.029907859,-0.029907859,0.0189367,0.0189367,-0.019989942,-0.019989942,0.021581492,0.021581492,-0.0099179172,-0.0099179172,-0.0010532423,-0.0010532423,0.011663575,0.011663575,-0.0010532424,-0.0010532424,0.011663575,0.011663575,9.6154899e-12,9.6154899e-12,-0.097964323,-0.097964323,5.204643e-12,5.204643e-12,-0.097964323,-0.097964323,0.018239721,0.018239721,-0.11620404,-0.11620404,0.017186479,0.017186479,0.040518191,0.040518191,-0.018239721,-0.018239721,1.7436738e-05,1.7436738e-05,-1.1535114e-06,-1.1535114e-06,-1.1409716e-13,-1.1409716e-13,1.6283227e-05,1.6283227e-05,0.019965958,0.019965958,-0.1162075,-0.1162075,19.730212,19.730212,-7.2604783,-7.2604783,8.8822832,8.8822832,-3.5901043,-3.5901043,-0.10335842,-0.10335842,0.0053940977,0.0053940977,0.0034372958,0.0034372958,-0.020908094,-0.020908094,4.652247,4.652247,-4.5932439,-4.5932439,8.5850493e-06,8.5850493e-06,-3.3934629e-16,-3.3934629e-16,-1.1246523e-15,-1.1246523e-15,1.2790302e-16,1.2790302e-16,2.296393e-15,2.296393e-15,-1.376866e-14,-1.376866e-14,0.00017210989,0.00017210989,1.0246179e-10,1.0246179e-10
0.012748967,0.012748967,-0.040428441,-0.040428441,-0.027679474,-0.027679474,0.1278739,0.1278739,0.11512494,0.11512494,0.041149163,0.041149163,-0.038408818,-0.038408818,0.0412732,0.0412732,-0.038408818,-0.038408818,-9.8314064e-10,-9.8314064e-10,1.2975296e-16,1.2975296e-16,0.018256977,0.018256977,-0.11620517,-0.11620517,-9.7832297e-05,-9.7832297e-05,-9.783578e-05,-9.783578e-05,-1.6904709e-06,-1.6904709e-06,0.040428441,0.040428441,-0.02992571,-0.02992571,0.018845745,0.018845745,-0.020007287,-0.020007287,0.021582697,0.021582697,-0.0099184227,-0.0099184227,-0.0011615424,-0.0011615424,0.011664274,0.011664274,-0.0011615425,-0.0011615425,0.011664274,0.011664274,9.5148504e-12,9.5148504e-12,-0.097948194,-0.097948194,5.1039233e-12,5.1039233e-12,-0.097948194,-0.097948194,0.018256977,0.018256977,-0.11620517,-0.11620517,0.017095435,0.017095435,0.040428441,0.040428441,-0.018256977,-0.018256977,1.7255916e-05,1.7255916e-05,-1.1269806e-06,-1.1269806e-06,-1.0071969e-13,-1.0071969e-13,1.6128935e-05,1.6128935e-05,0.019965313,0.019965313,-0.11620855,-0.11620855,19.734526,19.734526,-7.2605411,-7.2605411,8.8874433,8.8874433,-3.5901337,-3.5901337,-0.1034562,-0.1034562,0.0055080102,0.0055080102,0.003419087,0.003419087,-0.020908179,-0.020908179,4.6522921,4.6522921,-4.5937268,-4.5937268,8.3875932e-06,8.3875932e-06,-3.3970403e-16,-3.3970403e-16,-1.1250772e-15,-1.1250772e-15,1.268549e-16,1.268549e-16,2.2978168e-15,2.2978168e-15,-1.3772001e-14,-1.3772001e-14,0.00017055093,0.00017055093,9.7802749e-11,9.7802749e-11
0.012653299,0.012653299,-0.040339521,-0.040339521,-0.027686222,-0.027686222,0.12787559,0.12787559,0.11522229,0.11522229,0.041139376,0.041139376,-0.038426973,-0.038426973,0.041262288,0.041262288,-0.038426973,-0.038426973,-9.7285712e-10,-9.7285712e-10,1.297516e-16,1.297516e-16,0.018274054,0.018274054,-0.11620627,-0.11620627,-9.6809629e-05,-9.6809629e-05,-9.6813113e-05,-9.6813113e-05,-1.6515901e-06,-1.6515901e-06,0.040339521,0.040339521,-0.029943368,-0.029943368,0.018755647,0.018755647,-0.020024451,-0.020024451,0.021583874,0.021583874,-0.0099189165,-0.0099189165,-0.0012688041,-0.0012688041,0.011664958,0.011664958,-0.0012688042,-0.0012688042,0.011664958,0.011664958,9.403397e-12,9.403397e-12,-0.097932218,-0.097932218,4.9923914e-12,4.9923914e-12,-0.097932218,-0.097932218,0.018274054,0.018274054,-0.11620627,-0.11620627,0.01700525,0.01700525,0.040339521,0.040339521,-0.018274054,-0.018274054,1.7076908e-05,1.7076908e-05,-1.1010601e-06,-1.1010601e-06,-1.1153184e-13,-1.1153184e-13,1.5975848e-05,1.5975848e-05,0.019964668,0.019964668,-0.11620958,-0.11620958,19.738795,19.738795,-7.2606025,-7.2606025,8.8925532,8.8925532,-3.5901625,-3.5901625,-0.10355297,-0.10355297,0.0056207552,0.0056207552,0.00340105,0.00340105,-0.020908263,-0.020908263,4.6523362,4.6523362,-4.5942043,-4.5942043,8.1946785e-06,8.1946785e-06,-3.4005845e-16,-3.4005845e-16,-1.1254976e-15,-1.1254976e-15,1.2581598e-16,1.2581598e-16,2.2992269e-15,2.2992269e-15,-1.3775309e-14,-1.3775309e-14,0.00016900421,0.00016900421,9.335556e-11,9.335556e-11
0.01255861,0.01255861,-0.040251424,-0.040251424,-0.027692815,-0.027692815,0.12787723,0.12787723,0.11531862,0.11531862,0.041129654,0.041129654,-0.038444926,-0.038444926,0.04125145,0.04125145,-0.038444926,-0.038444926,-9.6268445e-10,-9.6268445e-10,1.2975027e-16,1.2975027e-16,0.018290954,0.018290954,-0.11620735,-0.11620735,-9.5797414e-05,-9.5797414e-05,-9.5800897e-05,-9.5800897e-05,-1.6136035e-06,-1.6136035e-06,0.040251424,0.040251424,-0.029960835,-0.029960835,0.0186664,0.0186664,-0.020041436,-0.020041436,0.021585024,0.021585024,-0.0099193989,-0.0099193989,-0.0013750359,-0.0013750359,0.011665625,0.011665625,-0.001375036,-0.001375036,0.011665625,0.011665625,9.3043414e-12,9.3043414e-12,-0.097916394,-0.097916394,4.8932593e-12,4.8932593e-12,-0.097916394,-0.097916394,0.018290954,0.018290954,-0.11620735,-0.11620735,0.016915918,0.016915918,0.040251424,0.040251424,-0.018290954,-0.018290954,1.6899697e-05,1.6899697e-05,-1.0757357e-06,-1.0757357e-06,-9.9132138e-14,-9.9132138e-14,1.5823962e-05,1.5823962e-05,0.019964024,0.019964024,-0.11621057,-0.11621057,19.743019,19.743019,-7.2606624,-7.2606624,8.8976134,8.8976134,-3.5901906,-3.5901906,-0.10364874,-0.10364874,0.0057323441,0.0057323441,0.0033831836,0.0033831836,-0.020908344,-0.020908344,4.6523792,4.6523792,-4.5946765,-4.5946765,8.0062009e-06,8.0062009e-06,-3.4040956e-16,-3.4040956e-16,-1.1259138e-15,-1.1259138e-15,1.2478621e-16,1.2478621e-16,2.3006234e-15,2.3006234e-15,-1.3778583e-14,-1.3778583e-14,0.00016746967,0.00016746967,8.911059e-11,8.911059e-11
0.01246489,0.01246489,-0.040164145,-0.040164145,-0.027699256,-0.027699256,0.12787883,0.12787883,0.11541394,0.11541394,0.041119999,0.041119999,-0.038462679,-0.038462679,0.041240688,0.041240688,-0.038462679,-0.038462679,-9.5261022e-10,-9.5261022e-10,1.2974896e-16,1.2974896e-16,0.018307678,0.018307678,-0.1162084,-0.1162084,-9.4795548e-05,-9.4795548e-05,-9.4799032e-05,-9.4799032e-05,-1.5764906e-06,-1.5764906e-06,0.040164145,0.040164145,-0.029978114,-0.029978114,0.018577997,0.018577997,-0.020058243,-0.020058243,0.021586148,0.021586148,-0.0099198703,-0.0099198703,-0.0014802461,-0.0014802461,0.011666278,0.011666278,-0.0014802462,-0.0014802462,0.011666278,0.011666278,9.1953771e-12,9.1953771e-12,-0.097900721,-0.097900721,4.7842201e-12,4.7842201e-12,-0.097900721,-0.097900721,0.018307678,0.018307678,-0.1162084,-0.1162084,0.016827432,0.016827432,0.040164145,0.040164145,-0.018307678,-0.018307678,1.6724268e-05,1.6724268e-05,-1.0509938e-06,-1.0509938e-06,-1.0903917e-13,-1.0903917e-13,1.5673274e-05,1.5673274e-05,0.019963381,0.019963381,-0.11621155,-0.11621155,19.747199,19.747199,-7.260721,-7.260721,8.9026242,8.9026242,-3.5902181,-3.5902181,-0.10374351,-0.10374351,0.0058427882,0.0058427882,0.0033654864,0.0033654864,-0.020908424,-0.020908424,4.6524213,4.6524213,-4.5951434,-4.5951434,7.8220583e-06,7.8220583e-06,-3.407574e-16,-3.407574e-16,-1.1263257e-15,-1.1263257e-15,1.2376554e-16,1.2376554e-16,2.3020064e-15,2.3020064e-15,-1.3781824e-14,-1.3781824e-14,0.00016594727,0.00016594727,8.5058642e-11,8.5058642e-11
0.01237213,0.01237213,-0.040077678,-0.040077678,-0.027705548,-0.027705548,0.1278804,0.1278804,0.11550827,0.11550827,0.04111041,0.04111041,-0.038480235,-0.038480235,0.04123,0.04123,-0.038480235,-0.038480235,-9.4264436e-10,-9.4264436e-10,1.2974768e-16,1.2974768e-16,0.018324229,0.018324229,-0.11620943,-0.11620943,-9.3803933e-05,-9.3803933e-05,-9.3807417e-05,-9.3807417e-05,-1.5402314e-06,-1.5402314e-06,0.040077678,0.040077678,-0.029995206,-0.029995206,0.018490432,0.018490432,-0.020074875,-0.020074875,0.021587246,0.021587246,-0.0099203308,-0.0099203308,-0.001584443,-0.001584443,0.011666915,0.011666915,-0.0015844431,-0.0015844431,0.011666915,0.011666915,9.0979079e-12,9.0979079e-12,-0.097885197,-0.097885197,4.6866778e-12,4.6866778e-12,-0.097885197,-0.097885197,0.018324229,0.018324229,-0.11620943,-0.11620943,0.016739786,0.016739786,0.040077678,0.040077678,-0.018324229,-0.018324229,1.6550603e-05,1.6550603e-05,-1.0268209e-06,-1.0268209e-06,-9.7542305e-14,-9.7542305e-14,1.5523782e-05,1.5523782e-05,0.019962738,0.019962738,-0.11621251,-0.11621251,19.751335,19.751335,-7.2607782,-7.2607782,8.9075862,8.9075862,-3.590245,-3.590245,-0.1038373,-0.1038373,0.0059520988,0.0059520988,0.0033479571,0.0033479571,-0.020908502,-0.020908502,4.6524624,4.6524624,-4.595605,-4.595605,7.642151e-06,7.642151e-06,-3.4110198e-16,-3.4110198e-16,-1.1267334e-15,-1.1267334e-15,1.2275391e-16,1.2275391e-16,2.3033761e-15,2.3033761e-15,-1.3785032e-14,-1.3785032e-14,0.00016443695,0.00016443695,8.119094e-11,8.119094e-11
0.012280321,0.012280321,-0.039992017,-0.039992017,-0.027711696,-0.027711696,0.12788194,0.12788194,0.11560161,0.11560161,0.041100887,0.041100887,-0.038497596,-0.038497596,0.041219388,0.041219388,-0.038497596,-0.038497596,-9.3277538e-10,-9.3277538e-10,1.2974643e-16,1.2974643e-16,0.018340607,0.018340607,-0.11621043,-0.11621043,-9.2822469e-05,-9.2822469e-05,-9.2825953e-05,-9.2825953e-05,-1.504806e-06,-1.504806e-06,0.039992017,0.039992017,-0.030012114,-0.030012114,0.018403698,0.018403698,-0.020091333,-0.020091333,0.021588319,0.021588319,-0.0099207808,-0.0099207808,-0.0016876351,-0.0016876351,0.011667538,0.011667538,-0.0016876352,-0.0016876352,0.011667538,0.011667538,8.9913635e-12,8.9913635e-12,-0.097869821,-0.097869821,4.5800619e-12,4.5800619e-12,-0.097869821,-0.097869821,0.018340607,0.018340607,-0.11621043,-0.11621043,0.016652972,0.016652972,0.039992017,0.039992017,-0.018340607,-0.018340607,1.6378686e-05,1.6378686e-05,-1.003204e-06,-1.003204e-06,-1.0661589e-13,-1.0661589e-13,1.5375482e-05,1.5375482e-05,0.019962097,0.019962097,-0.11621344,-0.11621344,19.755427,19.755427,-7.2608341,-7.2608341,8.9124997,8.9124997,-3.5902712,-3.5902712,-0.10393011,-0.10393011,0.0060602868,0.0060602868,0.0033305944,0.0033305944,-0.020908578,-0.020908578,4.6525026,4.6525026,-4.5960615,-4.5960615,7.4663815e-06,7.4663815e-06,-3.4144333e-16,-3.4144333e-16,-1.1271369e-15,-1.1271369e-15,1.2175127e-16,1.2175127e-16,2.3047325e-15,2.3047325e-15,-1.3788208e-14,-1.3788208e-14,0.00016293865,0.00016293865,7.7499107e-11,7.7499107e-11
0.012189452,0.012189452,-0.039907156,-0.039907156,-0.027717703,-0.027717703,0.12788343,0.12788343,0.11569398,0.11569398,0.041091431,0.041091431,-0.038514764,-0.038514764,0.041208851,0.041208851,-0.038514764,-0.038514764,-9.2301236e-10,-9.2301236e-10,1.297452e-16,1.297452e-16,0.018356816,0.018356816,-0.11621141,-0.11621141,-9.1851057e-05,-9.1851057e-05,-9.1854541e-05,-9.1854541e-05,-1.4701955e-06,-1.4701955e-06,0.039907156,0.039907156,-0.03002884,-0.03002884,0.018317789,0.018317789,-0.020107619,-0.020107619,0.021589367,0.021589367,-0.0099212203,-0.0099212203,-0.0017898307,-0.0017898307,0.011668146,0.011668146,-0.0017898308,-0.0017898308,0.011668146,0.011668146,8.8954805e-12,8.8954805e-12,-0.097854593,-0.097854593,4.4841092e-12,4.4841092e-12,-0.097854593,-0.097854593,0.018356816,0.018356816,-0.11621141,-0.11621141,0.016566985,0.016566985,0.039907156,0.039907156,-0.018356816,-0.018356816,1.6208501e-05,1.6208501e-05,-9.8013032e-07,-9.8013032e-07,-9.5952737e-14,-9.5952737e-14,1.5228371e-05,1.5228371e-05,0.019961457,0.019961457,-0.11621435,-0.11621435,19.759477,19.759477,-7.2608887,-7.2608887,8.9173651,8.9173651,-3.5902968,-3.5902968,-0.10402196,-0.10402196,0.0061673633,0.0061673633,0.003313397,0.003313397,-0.020908652,-0.020908652,4.6525418,4.6525418,-4.5965129,-4.5965129,7.2946547e-06,7.2946547e-06,-3.4178147e-16,-3.4178147e-16,-1.1275362e-15,-1.1275362e-15,1.2075756e-16,1.2075756e-16,2.3060758e-15,2.3060758e-15,-1.3791351e-14,-1.3791351e-14,0.00016145231,0.00016145231,7.3975145e-11,7.3975145e-11
0.012099517,0.012099517,-0.039823088,-0.039823088,-0.027723572,-0.027723572,0.1278849,0.1278849,0.11578538,0.11578538,0.041082041,0.041082041,-0.038531742,-0.038531742,0.041198388,0.041198388,-0.038531742,-0.038531742,-9.1334463e-10,-9.1334463e-10,1.2974399e-16,1.2974399e-16,0.018372856,0.018372856,-0.11621237,-0.11621237,-9.0889598e-05,-9.0889598e-05,-9.0893082e-05,-9.0893082e-05,-1.436381e-06,-1.436381e-06,0.039823088,0.039823088,-0.030045385,-0.030045385,0.018232697,0.018232697,-0.020123735,-0.020123735,0.021590391,0.021590391,-0.0099216498,-0.0099216498,-0.0018910378,-0.0018910378,0.011668741,0.011668741,-0.0018910379,-0.0018910379,0.011668741,0.011668741,8.7912898e-12,8.7912898e-12,-0.09783951,-0.09783951,4.3798502e-12,4.3798502e-12,-0.09783951,-0.09783951,0.018372856,0.018372856,-0.11621237,-0.11621237,0.016481818,0.016481818,0.039823088,0.039823088,-0.018372856,-0.018372856,1.6040031e-05,1.6040031e-05,-9.5758732e-07,-9.5758732e-07,-1.0425894e-13,-1.0425894e-13,1.5082444e-05,1.5082444e-05,0.019960819,0.019960819,-0.11621524,-0.11621524,19.763484,19.763484,-7.2609421,-7.2609421,8.9221829,8.9221829,-3.5903218,-3.5903218,-0.10411285,-0.10411285,0.0062733393,0.0062733393,0.0032963636,0.0032963636,-0.020908725,-0.020908725,4.6525802,4.6525802,-4.5969592,-4.5969592,7.1268777e-06,7.1268777e-06,-3.4211643e-16,-3.4211643e-16,-1.1279314e-15,-1.1279314e-15,1.1977273e-16,1.1977273e-16,2.3074061e-15,2.3074061e-15,-1.3794463e-14,-1.3794463e-14,0.00015997788,0.00015997788,7.0611421e-11,7.0611421e-11
0.012010504,0.012010504,-0.039739809,-0.039739809,-0.027729305,-0.027729305,0.12788632,0.12788632,0.11587582,0.11587582,0.041072717,0.041072717,-0.038548531,-0.038548531,0.041188001,0.041188001,-0.038548531,-0.038548531,-9.0378053e-10,-9.0378053e-10,1.2974281e-16,1.2974281e-16,0.018388729,0.018388729,-0.1162133,-0.1162133,-8.9937997e-05,-8.9937997e-05,-8.9941481e-05,-8.9941481e-05,-1.4033442e-06,-1.4033442e-06,0.039739809,0.039739809,-0.030061752,-0.030061752,0.018148418,0.018148418,-0.020139683,-0.020139683,0.021591391,0.021591391,-0.0099220694,-0.0099220694,-0.0019912649,-0.0019912649,0.011669322,0.011669322,-0.001991265,-0.001991265,0.011669322,0.011669322,8.6969907e-12,8.6969907e-12,-0.097824573,-0.097824573,4.2854845e-12,4.2854845e-12,-0.097824573,-0.097824573,0.018388729,0.018388729,-0.1162133,-0.1162133,0.016397464,0.016397464,0.039739809,0.039739809,-0.018388729,-0.018388729,1.5873261e-05,1.5873261e-05,-9.3556281e-07,-9.3556281e-07,-9.4365743e-14,-9.4365743e-14,1.4937699e-05,1.4937699e-05,0.019960182,0.019960182,-0.11621611,-0.11621611,19.767449,19.767449,-7.2609942,-7.2609942,8.9269535,8.9269535,-3.5903463,-3.5903463,-0.1042028,-0.1042028,0.0063782255,0.0063782255,0.0032794928,0.0032794928,-0.020908796,-0.020908796,4.6526176,4.6526176,-4.5974005,-4.5974005,6.9629595e-06,6.9629595e-06,-3.4244824e-16,-3.4244824e-16,-1.1283226e-15,-1.1283226e-15,1.1879673e-16,1.1879673e-16,2.3087234e-15,2.3087234e-15,-1.3797542e-14,-1.3797542e-14,0.00015851529,0.00015851529,6.7400649e-11,6.7400649e-11
0.011922405,0.011922405,-0.039657311,-0.039657311,-0.027734907,-0.027734907,0.12788772,0.12788772,0.11596532,0.11596532,0.041063461,0.041063461,-0.038565134,-0.038565134,0.04117769,0.04117769,-0.038565134,-0.038565134,-8.9431015e-10,-8.9431015e-10,1.2974165e-16,1.2974165e-16,0.018404437,0.018404437,-0.11621422,-0.11621422,-8.8996156e-05,-8.8996156e-05,-8.899964e-05,-8.899964e-05,-1.3710673e-06,-1.3710673e-06,0.039657311,0.039657311,-0.030077942,-0.030077942,0.018064943,0.018064943,-0.020155463,-0.020155463,0.021592368,0.021592368,-0.0099224793,-0.0099224793,-0.0020905201,-0.0020905201,0.011669889,0.011669889,-0.0020905202,-0.0020905202,0.011669889,0.011669889,8.5950904e-12,8.5950904e-12,-0.097809779,-0.097809779,4.183519e-12,4.183519e-12,-0.097809779,-0.097809779,0.018404437,0.018404437,-0.11621422,-0.11621422,0.016313917,0.016313917,0.039657311,0.039657311,-0.018404437,-0.018404437,1.5708175e-05,1.5708175e-05,-9.1404487e-07,-9.1404487e-07,-1.0196546e-13,-1.0196546e-13,1.479413e-05,1.479413e-05,0.019959547,0.019959547,-0.11621696,-0.11621696,19.771373,19.771373,-7.2610452,-7.2610452,8.9316772,8.9316772,-3.5903702,-3.5903702,-0.10429181,-0.10429181,0.0064820326,0.0064820326,0.0032627834,0.0032627834,-0.020908865,-0.020908865,4.6526542,4.6526542,-4.5978369,-4.5978369,6.8028114e-06,6.8028114e-06,-3.4277691e-16,-3.4277691e-16,-1.1287098e-15,-1.1287098e-15,1.1782949e-16,1.1782949e-16,2.3100279e-15,2.3100279e-15,-1.3800591e-14,-1.3800591e-14,0.00015706449,0.00015706449,6.4335874e-11,6.4335874e-11
0.011835211,0.011835211,-0.03957559,-0.03957559,-0.027740379,-0.027740379,0.12788909,0.12788909,0.11605387,0.11605387,0.041054271,0.041054271,-0.038581554,-0.038581554,0.041167453,0.041167453,-0.038581554,-0.038581554,-8.8494111e-10,-8.8494111e-10,1.2974051e-16,1.2974051e-16,0.018419982,0.018419982,-0.11621511,-0.11621511,-8.8063981e-05,-8.8063981e-05,-8.8067465e-05,-8.8067465e-05,-1.3395328e-06,-1.3395328e-06,0.03957559,0.03957559,-0.030093958,-0.030093958,0.017982267,0.017982267,-0.020171078,-0.020171078,0.021593323,0.021593323,-0.0099228798,-0.0099228798,-0.0021888116,-0.0021888116,0.011670443,0.011670443,-0.0021888117,-0.0021888117,0.011670443,0.011670443,8.5023706e-12,8.5023706e-12,-0.097795127,-0.097795127,4.0907356e-12,4.0907356e-12,-0.097795127,-0.097795127,0.018419982,0.018419982,-0.11621511,-0.11621511,0.01623117,0.01623117,0.03957559,0.03957559,-0.018419982,-0.018419982,1.5544756e-05,1.5544756e-05,-8.9302184e-07,-8.9302184e-07,-9.2783417e-14,-9.2783417e-14,1.4651735e-05,1.4651735e-05,0.019958913,0.019958913,-0.11621779,-0.11621779,19.775255,19.775255,-7.2610949,-7.2610949,8.9363546,8.9363546,-3.5903935,-3.5903935,-0.1043799,-0.1043799,0.0065847713,0.0065847713,0.0032462341,0.0032462341,-0.020908933,-0.020908933,4.65269,4.65269,-4.5982685,-4.5982685,6.6463468e-06,6.6463468e-06,-3.4310247e-16,-3.4310247e-16,-1.129093e-15,-1.129093e-15,1.1687097e-16,1.1687097e-16,2.3113197e-15,2.3113197e-15,-1.3803608e-14,-1.3803608e-14,0.00015562542,0.00015562542,6.1410458e-11,6.1410458e-11
0.011748913,0.011748913,-0.039494639,-0.039494639,-0.027745726,-0.027745726,0.12789042,0.12789042,0.11614151,0.11614151,0.041045148,0.041045148,-0.038597791,-0.038597791,0.041157292,0.041157292,-0.038597791,-0.038597791,-8.7566423e-10,-8.7566423e-10,1.297394e-16,1.297394e-16,0.018435365,0.018435365,-0.11621598,-0.11621598,-8.7141376e-05,-8.7141376e-05,-8.714486e-05,-8.714486e-05,-1.3087235e-06,-1.3087235e-06,0.039494639,0.039494639,-0.030109802,-0.030109802,0.017900383,0.017900383,-0.020186531,-0.020186531,0.021594256,0.021594256,-0.0099232711,-0.0099232711,-0.0022861474,-0.0022861474,0.011670985,0.011670985,-0.0022861475,-0.0022861475,0.011670985,0.011670985,8.4027e-12,8.4027e-12,-0.097780616,-0.097780616,3.9910028e-12,3.9910028e-12,-0.097780616,-0.097780616,0.018435365,0.018435365,-0.11621598,-0.11621598,0.016149218,0.016149218,0.039494639,0.039494639,-0.018435365,-0.018435365,1.538299e-05,1.538299e-05,-8.7248233e-07,-8.7248233e-07,-9.9732793e-14,-9.9732793e-14,1.4510508e-05,1.4510508e-05,0.019958281,0.019958281,-0.1162186,-0.1162186,19.779096,19.779096,-7.2611435,-7.2611435,8.9409859,8.9409859,-3.5904163,-3.5904163,-0.10446707,-0.10446707,0.0066864521,0.0066864521,0.0032298435,0.0032298435,-0.020908999,-0.020908999,4.6527249,4.6527249,-4.5986952,-4.5986952,6.4934808e-06,6.4934808e-06,-3.4342495e-16,-3.4342495e-16,-1.1294722e-15,-1.1294722e-15,1.159211e-16,1.159211e-16,2.312599e-15,2.312599e-15,-1.3806595e-14,-1.3806595e-14,0.00015419802,0.00015419802,5.8618063e-11,5.8618063e-11
0.011663503,0.011663503,-0.039414453,-0.039414453,-0.02775095,-0.02775095,0.12789172,0.12789172,0.11622822,0.11622822,0.041036092,0.041036092,-0.038613848,-0.038613848,0.041147206,0.041147206,-0.038613848,-0.038613848,-8.6648647e-10,-8.6648647e-10,1.2973831e-16,1.2973831e-16,0.018450588,0.018450588,-0.11621683,-0.11621683,-8.6228248e-05,-8.6228248e-05,-8.6231733e-05,-8.6231733e-05,-1.2786229e-06,-1.2786229e-06,0.039414453,0.039414453,-0.030125474,-0.030125474,0.017819285,0.017819285,-0.020201821,-0.020201821,0.021595168,0.021595168,-0.0099236534,-0.0099236534,-0.0023825357,-0.0023825357,0.011671514,0.011671514,-0.0023825358,-0.0023825358,0.011671514,0.011671514,8.3115531e-12,8.3115531e-12,-0.097766246,-0.097766246,3.8997952e-12,3.8997952e-12,-0.097766246,-0.097766246,0.018450588,0.018450588,-0.11621683,-0.11621683,0.016068052,0.016068052,0.039414453,0.039414453,-0.018450588,-0.018450588,1.522286e-05,1.522286e-05,-8.5241524e-07,-8.5241524e-07,-9.1207654e-14,-9.1207654e-14,1.4370445e-05,1.4370445e-05,0.019957651,0.019957651,-0.11621939,-0.11621939,19.782897,19.782897,-7.261191,-7.261191,8.9455716,8.9455716,-3.5904386,-3.5904386,-0.10455333,-0.10455333,0.0067870854,0.0067870854,0.0032136104,0.0032136104,-0.020909064,-0.020909064,4.652759,4.652759,-4.5991172,-4.5991172,6.3441307e-06,6.3441307e-06,-3.4374436e-16,-3.4374436e-16,-1.1298475e-15,-1.1298475e-15,1.1497982e-16,1.1497982e-16,2.3138657e-15,2.3138657e-15,-1.3809551e-14,-1.3809551e-14,0.00015278222,0.00015278222,5.5952641e-11,5.5952641e-11
0.011578971,0.011578971,-0.039335025,-0.039335025,-0.027756054,-0.027756054,0.12789299,0.12789299,0.11631402,0.11631402,0.041027102,0.041027102,-0.038629728,-0.038629728,0.041137195,0.041137195,-0.038629728,-0.038629728,-8.5739931e-10,-8.5739931e-10,1.2973723e-16,1.2973723e-16,0.018465652,0.018465652,-0.11621767,-0.11621767,-8.5324505e-05,-8.5324505e-05,-8.5327989e-05,-8.5327989e-05,-1.2492146e-06,-1.2492146e-06,0.039335025,0.039335025,-0.030140978,-0.030140978,0.017738967,0.017738967,-0.020216951,-0.020216951,0.021596058,0.021596058,-0.009924027,-0.009924027,-0.0024779845,-0.0024779845,0.011672031,0.011672031,-0.0024779846,-0.0024779846,0.011672031,0.011672031,8.214054e-12,8.214054e-12,-0.097752014,-0.097752014,3.8022367e-12,3.8022367e-12,-0.097752014,-0.097752014,0.018465652,0.018465652,-0.11621767,-0.11621767,0.015987668,0.015987668,0.039335025,0.039335025,-0.018465652,-0.018465652,1.5064351e-05,1.5064351e-05,-8.3280969e-07,-8.3280969e-07,-9.7558443e-14,-9.7558443e-14,1.4231541e-05,1.4231541e-05,0.019957023,0.019957023,-0.11622017,-0.11622017,19.786658,19.786658,-7.2612375,-7.2612375,8.9501121,8.9501121,-3.5904604,-3.5904604,-0.1046387,-0.1046387,0.0068866816,0.0068866816,0.0031975335,0.0031975335,-0.020909127,-0.020909127,4.6527924,4.6527924,-4.5995345,-4.5995345,6.1982157e-06,6.1982157e-06,-3.4406074e-16,-3.4406074e-16,-1.130219e-15,-1.130219e-15,1.140471e-16,1.140471e-16,2.3151201e-15,2.3151201e-15,-1.3812477e-14,-1.3812477e-14,0.00015137796,0.00015137796,5.3408418e-11,5.3408418e-11
0.011495309,0.011495309,-0.039256349,-0.039256349,-0.02776104,-0.02776104,0.12789424,0.12789424,0.11639893,0.11639893,0.04101818,0.04101818,-0.038645432,-0.038645432,0.04112726,0.04112726,-0.038645432,-0.038645432,-8.484091e-10,-8.484091e-10,1.2973618e-16,1.2973618e-16,0.01848056,0.01848056,-0.11621848,-0.11621848,-8.4430053e-05,-8.4430053e-05,-8.4433537e-05,-8.4433537e-05,-1.2204826e-06,-1.2204826e-06,0.039256349,0.039256349,-0.030156315,-0.030156315,0.017659421,0.017659421,-0.020231923,-0.020231923,0.021596928,0.021596928,-0.0099243919,-0.0099243919,-0.0025725019,-0.0025725019,0.011672536,0.011672536,-0.002572502,-0.002572502,0.011672536,0.011672536,8.1244718e-12,8.1244718e-12,-0.097737921,-0.097737921,3.7125966e-12,3.7125966e-12,-0.097737921,-0.097737921,0.01848056,0.01848056,-0.11621848,-0.11621848,0.015908058,0.015908058,0.039256349,0.039256349,-0.01848056,-0.01848056,1.4907448e-05,1.4907448e-05,-8.1365507e-07,-8.1365507e-07,-8.9640165e-14,-8.9640165e-14,1.4093793e-05,1.4093793e-05,0.019956397,0.019956397,-0.11622092,-0.11622092,19.79038,19.79038,-7.2612828,-7.2612828,8.9546078,8.9546078,-3.5904816,-3.5904816,-0.10472317,-0.10472317,0.0069852509,0.0069852509,0.0031816116,0.0031816116,-0.020909189,-0.020909189,4.6528249,4.6528249,-4.5999471,-4.5999471,6.0556568e-06,6.0556568e-06,-3.4437411e-16,-3.4437411e-16,-1.1305867e-15,-1.1305867e-15,1.1312285e-16,1.1312285e-16,2.3163622e-15,2.3163622e-15,-1.3815374e-14,-1.3815374e-14,0.00014998519,0.00014998519,5.0979884e-11,5.0979884e-11
0.011412508,0.011412508,-0.03917842,-0.03917842,-0.027765912,-0.027765912,0.12789545,0.12789545,0.11648294,0.11648294,0.041009324,0.041009324,-0.038660963,-0.038660963,0.041117399,0.041117399,-0.038660963,-0.038660963,-8.3950794e-10,-8.3950794e-10,1.2973515e-16,1.2973515e-16,0.018495312,0.018495312,-0.11621928,-0.11621928,-8.3544802e-05,-8.3544802e-05,-8.3548286e-05,-8.3548286e-05,-1.1924115e-06,-1.1924115e-06,0.03917842,0.03917842,-0.030171486,-0.030171486,0.017580642,0.017580642,-0.020246738,-0.020246738,0.021597778,0.021597778,-0.0099247484,-0.0099247484,-0.0026660957,-0.0026660957,0.01167303,0.01167303,-0.0026660958,-0.0026660958,0.01167303,0.01167303,8.0290885e-12,8.0290885e-12,-0.097723963,-0.097723963,3.6171565e-12,3.6171565e-12,-0.097723963,-0.097723963,0.018495312,0.018495312,-0.11621928,-0.11621928,0.015829216,0.015829216,0.03917842,0.03917842,-0.018495312,-0.018495312,1.4752135e-05,1.4752135e-05,-7.94941e-07,-7.94941e-07,-9.5440072e-14,-9.5440072e-14,1.3957194e-05,1.3957194e-05,0.019955773,0.019955773,-0.11622166,-0.11622166,19.794062,19.794062,-7.2613271,-7.2613271,8.9590591,8.9590591,-3.5905024,-3.5905024,-0.10480677,-0.10480677,0.0070828035,0.0070828035,0.0031658432,0.0031658432,-0.020909249,-0.020909249,4.6528568,4.6528568,-4.6003552,-4.6003552,5.9163766e-06,5.9163766e-06,-3.4468448e-16,-3.4468448e-16,-1.1309505e-15,-1.1309505e-15,1.1220703e-16,1.1220703e-16,2.3175921e-15,2.3175921e-15,-1.381824e-14,-1.381824e-14,0.00014860383,0.00014860383,4.8661778e-11,4.8661778e-11
0.011330561,0.011330561,-0.039101232,-0.039101232,-0.027770672,-0.027770672,0.12789664,0.12789664,0.11656608,0.11656608,0.041000534,0.041000534,-0.038676321,-0.038676321,0.041107614,0.041107614,-0.038676321,-0.038676321,-8.3070164e-10,-8.3070164e-10,1.2973414e-16,1.2973414e-16,0.01850991,0.01850991,-0.11622005,-0.11622005,-8.2668661e-05,-8.2668661e-05,-8.2672145e-05,-8.2672145e-05,-1.1649861e-06,-1.1649861e-06,0.039101232,0.039101232,-0.030186495,-0.030186495,0.017502624,0.017502624,-0.020261398,-0.020261398,0.021598609,0.021598609,-0.0099250967,-0.0099250967,-0.002758774,-0.002758774,0.011673512,0.011673512,-0.0027587741,-0.0027587741,0.011673512,0.011673512,7.9410613e-12,7.9410613e-12,-0.097710142,-0.097710142,3.529074e-12,3.529074e-12,-0.097710142,-0.097710142,0.01850991,0.01850991,-0.11622005,-0.11622005,0.015751136,0.015751136,0.039101232,0.039101232,-0.01850991,-0.01850991,1.4598398e-05,1.4598398e-05,-7.7665736e-07,-7.7665736e-07,-8.8082491e-14,-8.8082491e-14,1.382174e-05,1.382174e-05,0.019955152,0.019955152,-0.11622238,-0.11622238,19.797706,19.797706,-7.2613704,-7.2613704,8.9634663,8.9634663,-3.5905227,-3.5905227,-0.10488949,-0.10488949,0.0071793495,0.0071793495,0.0031502273,0.0031502273,-0.020909308,-0.020909308,4.6528879,4.6528879,-4.6007587,-4.6007587,5.7803e-06,5.7803e-06,-3.4499189e-16,-3.4499189e-16,-1.1313106e-15,-1.1313106e-15,1.1129959e-16,1.1129959e-16,2.3188099e-15,2.3188099e-15,-1.3821078e-14,-1.3821078e-14,0.00014723383,0.00014723383,4.6449078e-11,4.6449078e-11
0.011249458,0.011249458,-0.03902478,-0.03902478,-0.027775322,-0.027775322,0.1278978,0.1278978,0.11664834,0.11664834,0.040991812,0.040991812,-0.038691511,-0.038691511,0.041097903,0.041097903,-0.038691511,-0.038691511,-8.2198283e-10,-8.2198283e-10,1.2973315e-16,1.2973315e-16,0.018524356,0.018524356,-0.11622081,-0.11622081,-8.1801539e-05,-8.1801539e-05,-8.1805024e-05,-8.1805024e-05,-1.1381914e-06,-1.1381914e-06,0.03902478,0.03902478,-0.030201341,-0.030201341,0.01742536,0.01742536,-0.020275904,-0.020275904,0.02159942,0.02159942,-0.009925437,-0.009925437,-0.0028505445,-0.0028505445,0.011673983,0.011673983,-0.0028505446,-0.0028505446,0.011673983,0.011673983,7.84774e-12,7.84774e-12,-0.097696454,-0.097696454,3.4356985e-12,3.4356985e-12,-0.097696454,-0.097696454,0.018524356,0.018524356,-0.11622081,-0.11622081,0.015673812,0.015673812,0.03902478,0.03902478,-0.018524356,-0.018524356,1.4446221e-05,1.4446221e-05,-7.5879424e-07,-7.5879424e-07,-9.3375491e-14,-9.3375491e-14,1.3687427e-05,1.3687427e-05,0.019954532,0.019954532,-0.11622309,-0.11622309,19.801312,19.801312,-7.2614127,-7.2614127,8.96783,8.96783,-3.5905426,-3.5905426,-0.10497135,-0.10497135,0.0072748989,0.0072748989,0.0031347624,0.0031347624,-0.020909366,-0.020909366,4.6529182,4.6529182,-4.6011577,-4.6011577,5.6473531e-06,5.6473531e-06,-3.4529636e-16,-3.4529636e-16,-1.131667e-15,-1.131667e-15,1.1040046e-16,1.1040046e-16,2.3200158e-15,2.3200158e-15,-1.3823886e-14,-1.3823886e-14,0.00014587513,0.00014587513,4.4336992e-11,4.4336992e-11
0.011169191,0.011169191,-0.038949056,-0.038949056,-0.027779865,-0.027779865,0.12789893,0.12789893,0.11672974,0.11672974,0.040983156,0.040983156,-0.038706532,-0.038706532,0.041088267,0.041088267,-0.038706532,-0.038706532,-8.1335683e-10,-8.1335683e-10,1.2973218e-16,1.2973218e-16,0.018538652,0.018538652,-0.11622155,-0.11622155,-8.094335e-05,-8.094335e-05,-8.0946834e-05,-8.0946834e-05,-1.112013e-06,-1.112013e-06,0.038949056,0.038949056,-0.030216028,-0.030216028,0.017348843,0.017348843,-0.020290258,-0.020290258,0.021600213,0.021600213,-0.0099257695,-0.0099257695,-0.0029414152,-0.0029414152,0.011674443,0.011674443,-0.0029414153,-0.0029414153,0.011674443,0.011674443,7.7612568e-12,7.7612568e-12,-0.0976829,-0.0976829,3.3491625e-12,3.3491625e-12,-0.0976829,-0.0976829,0.018538652,0.018538652,-0.11622155,-0.11622155,0.015597237,0.015597237,0.038949056,0.038949056,-0.018538652,-0.018538652,1.429559e-05,1.429559e-05,-7.4134197e-07,-7.4134197e-07,-8.653602e-14,-8.653602e-14,1.3554248e-05,1.3554248e-05,0.019953915,0.019953915,-0.11622378,-0.11622378,19.804879,19.804879,-7.261454,-7.261454,8.9721504,8.9721504,-3.5905619,-3.5905619,-0.10505236,-0.10505236,0.0073694615,0.0073694615,0.0031194474,0.0031194474,-0.020909422,-0.020909422,4.6529479,4.6529479,-4.6015523,-4.6015523,5.517464e-06,5.517464e-06,-3.4559792e-16,-3.4559792e-16,-1.1320197e-15,-1.1320197e-15,1.0950958e-16,1.0950958e-16,2.3212099e-15,2.3212099e-15,-1.3826666e-14,-1.3826666e-14,0.00014452765,0.00014452765,4.2320945e-11,4.2320945e-11
0.011089751,0.011089751,-0.038874055,-0.038874055,-0.027784304,-0.027784304,0.12790003,0.12790003,0.11681028,0.11681028,0.040974566,0.040974566,-0.038721388,-0.038721388,0.041078705,0.041078705,-0.038721388,-0.038721388,-8.0481679e-10,-8.0481679e-10,1.2973122e-16,1.2973122e-16,0.018552799,0.018552799,-0.11622228,-0.11622228,-8.0094003e-05,-8.0094003e-05,-8.0097488e-05,-8.0097488e-05,-1.0864367e-06,-1.0864367e-06,0.038874055,0.038874055,-0.030230557,-0.030230557,0.017273068,0.017273068,-0.020304462,-0.020304462,0.021600987,0.021600987,-0.0099260943,-0.0099260943,-0.0030313939,-0.0030313939,0.011674893,0.011674893,-0.003031394,-0.003031394,0.011674893,0.011674893,7.6699458e-12,7.6699458e-12,-0.097669478,-0.097669478,3.2577999e-12,3.2577999e-12,-0.097669478,-0.097669478,0.018552799,0.018552799,-0.11622228,-0.11622228,0.015521405,0.015521405,0.038874055,0.038874055,-0.018552799,-0.018552799,1.4146489e-05,1.4146489e-05,-7.242911e-07,-7.242911e-07,-9.1362643e-14,-9.1362643e-14,1.3422198e-05,1.3422198e-05,0.019953301,0.019953301,-0.11622445,-0.11622445,19.808409,19.808409,-7.2614943,-7.2614943,8.9764279,8.9764279,-3.5905809,-3.5905809,-0.10513252,-0.10513252,0.0074630471,0.0074630471,0.0031042809,0.0031042809,-0.020909477,-0.020909477,4.6529769,4.6529769,-4.6019425,-4.6019425,5.3905623e-06,5.3905623e-06,-3.4589658e-16,-3.4589658e-16,-1.1323688e-15,-1.1323688e-15,1.086269e-16,1.086269e-16,2.3223922e-15,2.3223922e-15,-1.3829417e-14,-1.3829417e-14,0.00014319134,0.00014319134,4.0396569e-11,4.0396569e-11
0.011011132,0.011011132,-0.038799773,-0.038799773,-0.027788641,-0.027788641,0.12790112,0.12790112,0.11688998,0.11688998,0.040966043,0.040966043,-0.038736079,-0.038736079,0.041069219,0.041069219,-0.038736079,-0.038736079,-7.9636756e-10,-7.9636756e-10,1.2973029e-16,1.2973029e-16,0.018566797,0.018566797,-0.11622298,-0.11622298,-7.9253412e-05,-7.9253412e-05,-7.9256897e-05,-7.9256897e-05,-1.0614486e-06,-1.0614486e-06,0.038799772,0.038799772,-0.030244929,-0.030244929,0.017198029,0.017198029,-0.020318517,-0.020318517,0.021601744,0.021601744,-0.0099264117,-0.0099264117,-0.0031204883,-0.0031204883,0.011675332,0.011675332,-0.0031204884,-0.0031204884,0.011675332,0.011675332,7.5849943e-12,7.5849943e-12,-0.097656187,-0.097656187,3.1727979e-12,3.1727979e-12,-0.097656187,-0.097656187,0.018566797,0.018566797,-0.11622298,-0.11622298,0.015446309,0.015446309,0.038799773,0.038799773,-0.018566797,-0.018566797,1.3998905e-05,1.3998905e-05,-7.0763241e-07,-7.0763241e-07,-8.5001995e-14,-8.5001995e-14,1.3291273e-05,1.3291273e-05,0.019952689,0.019952689,-0.11622511,-0.11622511,19.811902,19.811902,-7.2615338,-7.2615338,8.980663,8.980663,-3.5905994,-3.5905994,-0.10521185,-0.10521185,0.0075556655,0.0075556655,0.0030892618,0.0030892618,-0.02090953,-0.02090953,4.6530053,4.6530053,-4.6023284,-4.6023284,5.2665794e-06,5.2665794e-06,-3.4619236e-16,-3.4619236e-16,-1.1327142e-15,-1.1327142e-15,1.0775237e-16,1.0775237e-16,2.3235628e-15,2.3235628e-15,-1.383214e-14,-1.383214e-14,0.00014186614,0.00014186614,3.8559696e-11,3.8559696e-11
0.010933324,0.010933324,-0.038726201,-0.038726201,-0.027792877,-0.027792877,0.12790217,0.12790217,0.11696885,0.11696885,0.040957586,0.040957586,-0.038750609,-0.038750609,0.041059806,0.041059806,-0.038750609,-0.038750609,-7.8800277e-10,-7.8800277e-10,1.2972937e-16,1.2972937e-16,0.01858065,0.01858065,-0.11622368,-0.11622368,-7.842149e-05,-7.842149e-05,-7.8424975e-05,-7.8424975e-05,-1.0370353e-06,-1.0370353e-06,0.038726201,0.038726201,-0.030259146,-0.030259146,0.017123719,0.017123719,-0.020332425,-0.020332425,0.021602483,0.021602483,-0.0099267218,-0.0099267218,-0.0032087062,-0.0032087062,0.011675761,0.011675761,-0.0032087063,-0.0032087063,0.011675761,0.011675761,7.4956441e-12,7.4956441e-12,-0.097643025,-0.097643025,3.0833983e-12,3.0833983e-12,-0.097643025,-0.097643025,0.01858065,0.01858065,-0.11622368,-0.11622368,0.015371944,0.015371944,0.038726201,0.038726201,-0.01858065,-0.01858065,1.3852823e-05,1.3852823e-05,-6.9135686e-07,-6.9135686e-07,-8.9399599e-14,-8.9399599e-14,1.3161466e-05,1.3161466e-05,0.01995208,0.01995208,-0.11622575,-0.11622575,19.815358,19.815358,-7.2615723,-7.2615723,8.984856,8.984856,-3.5906174,-3.5906174,-0.10529035,-0.10529035,0.0076473263,0.0076473263,0.0030743888,0.0030743888,-0.020909583,-0.020909583,4.6530329,4.6530329,-4.60271,-4.60271,5.145448e-06,5.145448e-06,-3.464853e-16,-3.464853e-16,-1.1330561e-15,-1.1330561e-15,1.0688591e-16,1.0688591e-16,2.324722e-15,2.324722e-15,-1.3834836e-14,-1.3834836e-14,0.00014055196,0.00014055196,3.6806348e-11,3.6806348e-11
0.010856319,0.010856319,-0.038653336,-0.038653336,-0.027797017,-0.027797017,0.1279032,0.1279032,0.11704688,0.11704688,0.040949196,0.040949196,-0.038764979,-0.038764979,0.041050467,0.041050467,-0.038764979,-0.038764979,-7.7972683e-10,-7.7972683e-10,1.2972847e-16,1.2972847e-16,0.018594358,0.018594358,-0.11622435,-0.11622435,-7.7598152e-05,-7.7598152e-05,-7.7601636e-05,-7.7601636e-05,-1.0131835e-06,-1.0131835e-06,0.038653336,0.038653336,-0.030273211,-0.030273211,0.017050131,0.017050131,-0.020346186,-0.020346186,0.021603205,0.021603205,-0.0099270247,-0.0099270247,-0.0032960551,-0.0032960551,0.01167618,0.01167618,-0.0032960552,-0.0032960552,0.01167618,0.01167618,7.4122107e-12,7.4122107e-12,-0.097629992,-0.097629992,2.9999167e-12,2.9999167e-12,-0.097629992,-0.097629992,0.018594358,0.018594358,-0.11622435,-0.11622435,0.015298303,0.015298303,0.038653336,0.038653336,-0.018594358,-0.018594358,1.3708228e-05,1.3708228e-05,-6.7545565e-07,-6.7545565e-07,-8.3481526e-14,-8.3481526e-14,1.3032772e-05,1.3032772e-05,0.019951473,0.019951473,-0.11622638,-0.11622638,19.818778,19.818778,-7.2616099,-7.2616099,8.9890072,8.9890072,-3.5906351,-3.5906351,-0.10536803,-0.10536803,0.007738039,0.007738039,0.0030596607,0.0030596607,-0.020909634,-0.020909634,4.65306,4.65306,-4.6030874,-4.6030874,5.0271027e-06,5.0271027e-06,-3.4677542e-16,-3.4677542e-16,-1.1333945e-15,-1.1333945e-15,1.0602748e-16,1.0602748e-16,2.3258696e-15,2.3258696e-15,-1.3837503e-14,-1.3837503e-14,0.00013924876,0.00013924876,3.5132727e-11,3.5132727e-11
0.01078011,0.01078011,-0.038581172,-0.038581172,-0.027801061,-0.027801061,0.12790421,0.12790421,0.1171241,0.1171241,0.040940871,0.040940871,-0.03877919,-0.03877919,0.041041203,0.041041203,-0.03877919,-0.03877919,-7.7153383e-10,-7.7153383e-10,1.2972759e-16,1.2972759e-16,0.018607924,0.018607924,-0.11622501,-0.11622501,-7.6783311e-05,-7.6783311e-05,-7.6786796e-05,-7.6786796e-05,-9.8988028e-07,-9.8988028e-07,0.038581172,0.038581172,-0.030287124,-0.030287124,0.016977261,0.016977261,-0.020359804,-0.020359804,0.021603911,0.021603911,-0.0099273207,-0.0099273207,-0.0033825429,-0.0033825429,0.01167659,0.01167659,-0.003382543,-0.003382543,0.01167659,0.01167659,7.3247733e-12,7.3247733e-12,-0.097617087,-0.097617087,2.9124322e-12,2.9124322e-12,-0.097617087,-0.097617087,0.018607924,0.018607924,-0.11622501,-0.11622501,0.015225381,0.015225381,0.038581172,0.038581172,-0.018607924,-0.018607924,1.3565106e-05,1.3565106e-05,-6.5992017e-07,-6.5992017e-07,-8.7484545e-14,-8.7484545e-14,1.2905186e-05,1.2905186e-05,0.019950869,0.019950869,-0.11622699,-0.11622699,19.822161,19.822161,-7.2616467,-7.2616467,8.9931172,8.9931172,-3.5906523,-3.5906523,-0.1054449,-0.1054449,0.0078278131,0.0078278131,0.0030450761,0.0030450761,-0.020909684,-0.020909684,4.6530864,4.6530864,-4.6034606,-4.6034606,4.9114794e-06,4.9114794e-06,-3.4706274e-16,-3.4706274e-16,-1.1337293e-15,-1.1337293e-15,1.0517702e-16,1.0517702e-16,2.3270059e-15,2.3270059e-15,-1.3840144e-14,-1.3840144e-14,0.00013795647,0.00013795647,3.3535207e-11,3.3535207e-11
0.010704689,0.010704689,-0.038509701,-0.038509701,-0.027805012,-0.027805012,0.1279052,0.1279052,0.11720051,0.11720051,0.040932612,0.040932612,-0.038793245,-0.038793245,0.041032012,0.041032012,-0.038793245,-0.038793245,-7.6342778e-10,-7.6342778e-10,1.2972672e-16,1.2972672e-16,0.018621347,0.018621347,-0.11622566,-0.11622566,-7.5976884e-05,-7.5976884e-05,-7.5980369e-05,-7.5980369e-05,-9.6711303e-07,-9.6711303e-07,0.038509701,0.038509701,-0.030300888,-0.030300888,0.016905101,0.016905101,-0.020373278,-0.020373278,0.0216046,0.0216046,-0.0099276098,-0.0099276098,-0.0034681769,-0.0034681769,0.01167699,0.01167699,-0.003468177,-0.003468177,0.01167699,0.01167699,7.2428437e-12,7.2428437e-12,-0.097604308,-0.097604308,2.8304566e-12,2.8304566e-12,-0.097604308,-0.097604308,0.018621347,0.018621347,-0.11622566,-0.11622566,0.01515317,0.01515317,0.038509701,0.038509701,-0.018621347,-0.018621347,1.3423443e-05,1.3423443e-05,-6.4474201e-07,-6.4474201e-07,-8.1975605e-14,-8.1975605e-14,1.2778701e-05,1.2778701e-05,0.019950268,0.019950268,-0.11622759,-0.11622759,19.82551,19.82551,-7.2616826,-7.2616826,8.9971862,8.9971862,-3.5906692,-3.5906692,-0.10552097,-0.10552097,0.007916658,0.007916658,0.003030634,0.003030634,-0.020909733,-0.020909733,4.6531122,4.6531122,-4.6038296,-4.6038296,4.7985153e-06,4.7985153e-06,-3.4734728e-16,-3.4734728e-16,-1.1340607e-15,-1.1340607e-15,1.0433446e-16,1.0433446e-16,2.328131e-15,2.328131e-15,-1.3842757e-14,-1.3842757e-14,0.00013667502,0.00013667502,3.2010327e-11,3.2010327e-11
0.010630047,0.010630047,-0.03843892,-0.03843892,-0.027808873,-0.027808873,0.12790616,0.12790616,0.11727611,0.11727611,0.040924419,0.040924419,-0.038807145,-0.038807145,0.041022895,0.041022895,-0.038807145,-0.038807145,-7.5540318e-10,-7.5540318e-10,1.2972587e-16,1.2972587e-16,0.01863463,0.01863463,-0.11622629,-0.11622629,-7.5178788e-05,-7.5178788e-05,-7.5182273e-05,-7.5182273e-05,-9.4486943e-07,-9.4486943e-07,0.03843892,0.03843892,-0.030314504,-0.030314504,0.016833646,0.016833646,-0.020386611,-0.020386611,0.021605274,0.021605274,-0.0099278924,-0.0099278924,-0.0035529649,-0.0035529649,0.011677381,0.011677381,-0.003552965,-0.003552965,0.011677381,0.011677381,7.1572729e-12,7.1572729e-12,-0.097591655,-0.097591655,2.7448408e-12,2.7448408e-12,-0.097591655,-0.097591655,0.01863463,0.01863463,-0.11622629,-0.11622629,0.015081665,0.015081665,0.03843892,0.03843892,-0.01863463,-0.01863463,1.3283224e-05,1.3283224e-05,-6.2991294e-07,-6.2991294e-07,-8.5615771e-14,-8.5615771e-14,1.2653311e-05,1.2653311e-05,0.019949669,0.019949669,-0.11622818,-0.11622818,19.828822,19.828822,-7.2617177,-7.2617177,9.0012146,9.0012146,-3.5906856,-3.5906856,-0.10559624,-0.10559624,0.0080045829,0.0080045829,0.0030163331,0.0030163331,-0.020909781,-0.020909781,4.6531374,4.6531374,-4.6041946,-4.6041946,4.6881495e-06,4.6881495e-06,-3.4762906e-16,-3.4762906e-16,-1.1343887e-15,-1.1343887e-15,1.0349976e-16,1.0349976e-16,2.329245e-15,2.329245e-15,-1.3845343e-14,-1.3845343e-14,0.00013540434,0.00013540434,3.0554786e-11,3.0554786e-11
0.010556178,0.010556178,-0.038368822,-0.038368822,-0.027812644,-0.027812644,0.1279071,0.1279071,0.11735092,0.11735092,0.040916291,0.040916291,-0.038820892,-0.038820892,0.04101385,0.04101385,-0.038820892,-0.038820892,-7.4746366e-10,-7.4746366e-10,1.2972504e-16,1.2972504e-16,0.018647775,0.018647775,-0.1162269,-0.1162269,-7.4388939e-05,-7.4388939e-05,-7.4392424e-05,-7.4392424e-05,-9.2313744e-07,-9.2313744e-07,0.038368822,0.038368822,-0.030327973,-0.030327973,0.01676289,0.01676289,-0.020399804,-0.020399804,0.021605932,0.021605932,-0.0099281684,-0.0099281684,-0.0036369143,-0.0036369143,0.011677763,0.011677763,-0.0036369144,-0.0036369144,0.011677763,0.011677763,7.0768317e-12,7.0768317e-12,-0.097579126,-0.097579126,2.6643557e-12,2.6643557e-12,-0.097579126,-0.097579126,0.018647775,0.018647775,-0.1162269,-0.1162269,0.01501086,0.01501086,0.038368822,0.038368822,-0.018647775,-0.018647775,1.3144437e-05,1.3144437e-05,-6.1542494e-07,-6.1542494e-07,-8.048511e-14,-8.048511e-14,1.2529012e-05,1.2529012e-05,0.019949074,0.019949074,-0.11622875,-0.11622875,19.8321,19.8321,-7.261752,-7.261752,9.0052027,9.0052027,-3.5907017,-3.5907017,-0.10567072,-0.10567072,0.0080915971,0.0080915971,0.0030021721,0.0030021721,-0.020909827,-0.020909827,4.6531621,4.6531621,-4.6045556,-4.6045556,4.5803221e-06,4.5803221e-06,-3.4790812e-16,-3.4790812e-16,-1.1347132e-15,-1.1347132e-15,1.0267285e-16,1.0267285e-16,2.3303479e-15,2.3303479e-15,-1.3847903e-14,-1.3847903e-14,0.00013414438,0.00013414438,2.9165429e-11,2.9165429e-11
0.010483072,0.010483072,-0.038299401,-0.038299401,-0.027816329,-0.027816329,0.12790802,0.12790802,0.11742495,0.11742495,0.040908228,0.040908228,-0.038834487,-0.038834487,0.041004879,0.041004879,-0.038834487,-0.038834487,-7.3960411e-10,-7.3960411e-10,1.2972422e-16,1.2972422e-16,0.018660782,0.018660782,-0.1162275,-0.1162275,-7.3607255e-05,-7.3607255e-05,-7.361074e-05,-7.361074e-05,-9.0190528e-07,-9.0190528e-07,0.038299401,0.038299401,-0.030341297,-0.030341297,0.016692827,0.016692827,-0.020412859,-0.020412859,0.021606575,0.021606575,-0.009928438,-0.009928438,-0.0037200324,-0.0037200324,0.011678137,0.011678137,-0.0037200325,-0.0037200325,0.011678137,0.011678137,6.993083e-12,6.993083e-12,-0.09756672,-0.09756672,2.580564e-12,2.580564e-12,-0.09756672,-0.09756672,0.018660782,0.018660782,-0.1162275,-0.1162275,0.014940749,0.014940749,0.038299401,0.038299401,-0.018660782,-0.018660782,1.3007067e-05,1.3007067e-05,-6.0127017e-07,-6.0127017e-07,-8.379167e-14,-8.379167e-14,1.2405797e-05,1.2405797e-05,0.019948481,0.019948481,-0.11622931,-0.11622931,19.835344,19.835344,-7.2617855,-7.2617855,9.0091511,9.0091511,-3.5907175,-3.5907175,-0.10574443,-0.10574443,0.0081777096,0.0081777096,0.0029881499,0.0029881499,-0.020909873,-0.020909873,4.6531861,4.6531861,-4.6049125,-4.6049125,4.4749746e-06,4.4749746e-06,-3.4818446e-16,-3.4818446e-16,-1.1350344e-15,-1.1350344e-15,1.0185368e-16,1.0185368e-16,2.3314398e-15,2.3314398e-15,-1.3850437e-14,-1.3850437e-14,0.00013289505,0.00013289505,2.7839248e-11,2.7839248e-11
0.010410723,0.010410723,-0.038230653,-0.038230653,-0.027819929,-0.027819929,0.12790891,0.12790891,0.11749819,0.11749819,0.040900231,0.040900231,-0.038847934,-0.038847934,0.040995981,0.040995981,-0.038847934,-0.038847934,-7.3182784e-10,-7.3182784e-10,1.2972342e-16,1.2972342e-16,0.018673653,0.018673653,-0.11622809,-0.11622809,-7.2833655e-05,-7.2833655e-05,-7.283714e-05,-7.283714e-05,-8.8116145e-07,-8.8116145e-07,0.038230653,0.038230653,-0.030354478,-0.030354478,0.01662345,0.01662345,-0.020425777,-0.020425777,0.021607203,0.021607203,-0.0099287015,-0.0099287015,-0.0038023269,-0.0038023269,0.011678501,0.011678501,-0.003802327,-0.003802327,0.011678501,0.011678501,6.9141141e-12,6.9141141e-12,-0.097554437,-0.097554437,2.5015532e-12,2.5015532e-12,-0.097554437,-0.097554437,0.018673653,0.018673653,-0.11622809,-0.11622809,0.014871326,0.014871326,0.038230653,0.038230653,-0.018673653,-0.018673653,1.28711e-05,1.28711e-05,-5.8744096e-07,-5.8744096e-07,-7.9010818e-14,-7.9010818e-14,1.2283659e-05,1.2283659e-05,0.019947892,0.019947892,-0.11622985,-0.11622985,19.838553,19.838553,-7.2618183,-7.2618183,9.0130599,9.0130599,-3.5907328,-3.5907328,-0.10581737,-0.10581737,0.0082629295,0.0082629295,0.0029742652,0.0029742652,-0.020909918,-0.020909918,4.6532097,4.6532097,-4.6052655,-4.6052655,4.3720502e-06,4.3720502e-06,-3.4845812e-16,-3.4845812e-16,-1.1353523e-15,-1.1353523e-15,1.0104218e-16,1.0104218e-16,2.3325209e-15,2.3325209e-15,-1.3852944e-14,-1.3852944e-14,0.00013165631,0.00013165631,2.6573369e-11,2.6573369e-11
0.010339124,0.010339124,-0.03816257,-0.03816257,-0.027823446,-0.027823446,0.12790979,0.12790979,0.11757067,0.11757067,0.040892299,0.040892299,-0.038861232,-0.038861232,0.040987156,0.040987156,-0.038861232,-0.038861232,-7.2413007e-10,-7.2413007e-10,1.2972264e-16,1.2972264e-16,0.018686389,0.018686389,-0.11622866,-0.11622866,-7.2068059e-05,-7.2068059e-05,-7.2071544e-05,-7.2071544e-05,-8.6089474e-07,-8.6089474e-07,0.03816257,0.03816257,-0.030367517,-0.030367517,0.016554754,0.016554754,-0.020438559,-0.020438559,0.021607816,0.021607816,-0.0099289589,-0.0099289589,-0.003883805,-0.003883805,0.011678858,0.011678858,-0.0038838051,-0.0038838051,0.011678858,0.011678858,6.8321444e-12,6.8321444e-12,-0.097542274,-0.097542274,2.4195425e-12,2.4195425e-12,-0.097542274,-0.097542274,0.018686389,0.018686389,-0.11622866,-0.11622866,0.014802584,0.014802584,0.03816257,0.03816257,-0.018686389,-0.018686389,1.2736523e-05,1.2736523e-05,-5.7392981e-07,-5.7392981e-07,-8.2010722e-14,-8.2010722e-14,1.2162593e-05,1.2162593e-05,0.019947305,0.019947305,-0.11623039,-0.11623039,19.841729,19.841729,-7.2618503,-7.2618503,9.0169296,9.0169296,-3.5907478,-3.5907478,-0.10588954,-0.10588954,0.0083472657,0.0083472657,0.0029605169,0.0029605169,-0.020909961,-0.020909961,4.6532326,4.6532326,-4.6056146,-4.6056146,4.2714931e-06,4.2714931e-06,-3.4872912e-16,-3.4872912e-16,-1.1356669e-15,-1.1356669e-15,1.0023831e-16,1.0023831e-16,2.3335913e-15,2.3335913e-15,-1.3855426e-14,-1.3855426e-14,0.00013042807,0.00013042807,2.5365052e-11,2.5365052e-11
0.010268266,0.010268266,-0.038095148,-0.038095148,-0.027826883,-0.027826883,0.12791065,0.12791065,0.11764238,0.11764238,0.040884431,0.040884431,-0.038874384,-0.038874384,0.040978402,0.040978402,-0.038874384,-0.038874384,-7.1651381e-10,-7.1651381e-10,1.2972186e-16,1.2972186e-16,0.018698993,0.018698993,-0.11622922,-0.11622922,-7.1310386e-05,-7.1310386e-05,-7.1313871e-05,-7.1313871e-05,-8.4109416e-07,-8.4109416e-07,0.038095148,0.038095148,-0.030380417,-0.030380417,0.016486732,0.016486732,-0.020451206,-0.020451206,0.021608416,0.021608416,-0.0099292104,-0.0099292104,-0.0039644739,-0.0039644739,0.011679206,0.011679206,-0.003964474,-0.003964474,0.011679206,0.011679206,6.754631e-12,6.754631e-12,-0.097530231,-0.097530231,2.3419891e-12,2.3419891e-12,-0.097530231,-0.097530231,0.018698993,0.018698993,-0.11622922,-0.11622922,0.014734519,0.014734519,0.038095148,0.038095148,-0.018698993,-0.018698993,1.2603322e-05,1.2603322e-05,-5.6072943e-07,-5.6072943e-07,-7.7553409e-14,-7.7553409e-14,1.2042593e-05,1.2042593e-05,0.019946722,0.019946722,-0.11623091,-0.11623091,19.844871,19.844871,-7.2618815,-7.2618815,9.0207606,9.0207606,-3.5907625,-3.5907625,-0.10596096,-0.10596096,0.0084307271,0.0084307271,0.0029469038,0.0029469038,-0.020910004,-0.020910004,4.6532551,4.6532551,-4.6059599,-4.6059599,4.1732487e-06,4.1732487e-06,-3.4899748e-16,-3.4899748e-16,-1.1359782e-15,-1.1359782e-15,9.9441993e-17,9.9441993e-17,2.334651e-15,2.334651e-15,-1.3857882e-14,-1.3857882e-14,0.00012921028,0.00012921028,2.4211677e-11,2.4211677e-11
0.010198142,0.010198142,-0.038028382,-0.038028382,-0.02783024,-0.02783024,0.12791149,0.12791149,0.11771334,0.11771334,0.040876628,0.040876628,-0.038887392,-0.038887392,0.040969721,0.040969721,-0.038887392,-0.038887392,-7.0897461e-10,-7.0897461e-10,1.2972111e-16,1.2972111e-16,0.018711464,0.018711464,-0.11622977,-0.11622977,-7.0560558e-05,-7.0560558e-05,-7.0564043e-05,-7.0564043e-05,-8.21749e-07,-8.21749e-07,0.038028382,0.038028382,-0.030393177,-0.030393177,0.01641938,0.01641938,-0.020463721,-0.020463721,0.021609002,0.021609002,-0.0099294561,-0.0099294561,-0.0040443412,-0.0040443412,0.011679546,0.011679546,-0.0040443413,-0.0040443413,0.011679546,0.011679546,6.6743987e-12,6.6743987e-12,-0.097518308,-0.097518308,2.2617176e-12,2.2617176e-12,-0.097518308,-0.097518308,0.018711464,0.018711464,-0.11622977,-0.11622977,0.014667123,0.014667123,0.038028382,0.038028382,-0.018711464,-0.018711464,1.2471485e-05,1.2471485e-05,-5.4783265e-07,-5.4783265e-07,-8.0271495e-14,-8.0271495e-14,1.1923652e-05,1.1923652e-05,0.019946141,0.019946141,-0.11623142,-0.11623142,19.84798,19.84798,-7.261912,-7.261912,9.0245531,9.0245531,-3.5907768,-3.5907768,-0.10603163,-0.10603163,0.0085133225,0.0085133225,0.0029334246,0.0029334246,-0.020910045,-0.020910045,4.653277,4.653277,-4.6063013,-4.6063013,4.077264e-06,4.077264e-06,-3.4926322e-16,-3.4926322e-16,-1.1362863e-15,-1.1362863e-15,9.8653185e-17,9.8653185e-17,2.3357002e-15,2.3357002e-15,-1.3860313e-14,-1.3860313e-14,0.00012800287,0.00012800287,2.3110748e-11,2.3110748e-11
0.010128745,0.010128745,-0.037962265,-0.037962265,-0.02783352,-0.02783352,0.1279123,0.1279123,0.11778356,0.11778356,0.040868889,0.040868889,-0.038900257,-0.038900257,0.040961111,0.040961111,-0.038900257,-0.038900257,-7.0151519e-10,-7.0151519e-10,1.2972036e-16,1.2972036e-16,0.018723805,0.018723805,-0.11623031,-0.11623031,-6.9818496e-05,-6.9818496e-05,-6.9821981e-05,-6.9821981e-05,-8.0284877e-07,-8.0284877e-07,0.037962265,0.037962265,-0.030405801,-0.030405801,0.016352691,0.016352691,-0.020476104,-0.020476104,0.021609574,0.021609574,-0.0099296961,-0.0099296961,-0.0041234138,-0.0041234138,0.011679878,0.011679878,-0.0041234139,-0.0041234139,0.011679878,0.011679878,6.5983234e-12,6.5983234e-12,-0.097506502,-0.097506502,2.1856041e-12,2.1856041e-12,-0.097506502,-0.097506502,0.018723805,0.018723805,-0.11623031,-0.11623031,0.014600391,0.014600391,0.037962265,0.037962265,-0.018723805,-0.018723805,1.2340997e-05,1.2340997e-05,-5.352325e-07,-5.352325e-07,-7.6113481e-14,-7.6113481e-14,1.1805765e-05,1.1805765e-05,0.019945564,0.019945564,-0.11623191,-0.11623191,19.851056,19.851056,-7.2619419,-7.2619419,9.0283076,9.0283076,-3.5907908,-3.5907908,-0.10610156,-0.10610156,0.0085950606,0.0085950606,0.0029200783,0.0029200783,-0.020910086,-0.020910086,4.6532984,4.6532984,-4.606639,-4.606639,3.9834869e-06,3.9834869e-06,-3.4952636e-16,-3.4952636e-16,-1.1365912e-15,-1.1365912e-15,9.7871823e-17,9.7871823e-17,2.3367389e-15,2.3367389e-15,-1.3862719e-14,-1.3862719e-14,0.00012680577,0.00012680577,2.2059879e-11,2.2059879e-11
0.010060067,0.010060067,-0.037896792,-0.037896792,-0.027836725,-0.027836725,0.1279131,0.1279131,0.11785303,0.11785303,0.040861214,0.040861214,-0.038912981,-0.038912981,0.040952573,0.040952573,-0.038912981,-0.038912981,-6.941314e-10,-6.941314e-10,1.2971963e-16,1.2971963e-16,0.018736017,0.018736017,-0.11623083,-0.11623083,-6.9084122e-05,-6.9084122e-05,-6.9087607e-05,-6.9087607e-05,-7.8438325e-07,-7.8438325e-07,0.037896792,0.037896792,-0.030418288,-0.030418288,0.016286659,0.016286659,-0.020488358,-0.020488358,0.021610133,0.021610133,-0.0099299306,-0.0099299306,-0.004201699,-0.004201699,0.011680203,0.011680203,-0.0042016991,-0.0042016991,0.011680203,0.011680203,6.5197882e-12,6.5197882e-12,-0.097494813,-0.097494813,2.1070315e-12,2.1070315e-12,-0.097494813,-0.097494813,0.018736017,0.018736017,-0.11623083,-0.11623083,0.014534318,0.014534318,0.037896792,0.037896792,-0.018736017,-0.018736017,1.2211846e-05,1.2211846e-05,-5.2292215e-07,-5.2292215e-07,-7.8572635e-14,-7.8572635e-14,1.1688924e-05,1.1688924e-05,0.01994499,0.01994499,-0.1162324,-0.1162324,19.8541,19.8541,-7.261971,-7.261971,9.0320244,9.0320244,-3.5908044,-3.5908044,-0.10617076,-0.10617076,0.00867595,0.00867595,0.0029068636,0.0029068636,-0.020910126,-0.020910126,4.6533194,4.6533194,-4.6069729,-4.6069729,3.8918667e-06,3.8918667e-06,-3.4978693e-16,-3.4978693e-16,-1.136893e-15,-1.136893e-15,9.7097851e-17,9.7097851e-17,2.3377672e-15,2.3377672e-15,-1.38651e-14,-1.38651e-14,0.00012561891,0.00012561891,2.1056794e-11,2.1056794e-11
0.0099921018,0.0099921018,-0.037831958,-0.037831958,-0.027839856,-0.027839856,0.12791388,0.12791388,0.11792178,0.11792178,0.040853603,0.040853603,-0.038925565,-0.038925565,0.040944106,0.040944106,-0.038925565,-0.038925565,-6.868257e-10,-6.868257e-10,1.2971892e-16,1.2971892e-16,0.018748101,0.018748101,-0.11623134,-0.11623134,-6.8357359e-05,-6.8357359e-05,-6.8360844e-05,-6.8360844e-05,-7.6634243e-07,-7.6634243e-07,0.037831958,0.037831958,-0.030430642,-0.030430642,0.016221278,0.016221278,-0.020500482,-0.020500482,0.02161068,0.02161068,-0.0099301598,-0.0099301598,-0.004279204,-0.004279204,0.01168052,0.01168052,-0.0042792041,-0.0042792041,0.01168052,0.01168052,6.4451331e-12,6.4451331e-12,-0.09748324,-0.09748324,2.0323399e-12,2.0323399e-12,-0.09748324,-0.09748324,0.018748101,0.018748101,-0.11623134,-0.11623134,0.014468897,0.014468897,0.037831958,0.037831958,-0.018748101,-0.018748101,1.2084018e-05,1.2084018e-05,-5.1089494e-07,-5.1089494e-07,-7.4691549e-14,-7.4691549e-14,1.1573124e-05,1.1573124e-05,0.019944419,0.019944419,-0.11623287,-0.11623287,19.857111,19.857111,-7.2619995,-7.2619995,9.0357039,9.0357039,-3.5908178,-3.5908178,-0.10623924,-0.10623924,0.0087559992,0.0087559992,0.0028937794,0.0028937794,-0.020910164,-0.020910164,4.6533398,4.6533398,-4.6073032,-4.6073032,3.8023538e-06,3.8023538e-06,-3.5004495e-16,-3.5004495e-16,-1.1371916e-15,-1.1371916e-15,9.6331212e-17,9.6331212e-17,2.3387853e-15,2.3387853e-15,-1.3867457e-14,-1.3867457e-14,0.00012444223,0.00012444223,2.0099321e-11,2.0099321e-11
0.0099248418,0.0099248418,-0.037767757,-0.037767757,-0.027842915,-0.027842915,0.12791464,0.12791464,0.1179898,0.1179898,0.040846055,0.040846055,-0.038938012,-0.038938012,0.04093571,0.04093571,-0.038938012,-0.038938012,-6.7959421e-10,-6.7959421e-10,1.2971821e-16,1.2971821e-16,0.018760059,0.018760059,-0.11623184,-0.11623184,-6.7638132e-05,-6.7638132e-05,-6.7641617e-05,-6.7641617e-05,-7.4871656e-07,-7.4871656e-07,0.037767757,0.037767757,-0.030442863,-0.030442863,0.016156543,0.016156543,-0.020512479,-0.020512479,0.021611213,0.021611213,-0.0099303836,-0.0099303836,-0.0043559358,-0.0043559358,0.01168083,0.01168083,-0.0043559359,-0.0043559359,0.01168083,0.01168083,6.368256e-12,6.368256e-12,-0.097471782,-0.097471782,1.9554271e-12,1.9554271e-12,-0.097471782,-0.097471782,0.018760059,0.018760059,-0.11623184,-0.11623184,0.014404123,0.014404123,0.037767757,0.037767757,-0.018760059,-0.018760059,1.1957502e-05,1.1957502e-05,-4.9914436e-07,-4.9914436e-07,-7.6912858e-14,-7.6912858e-14,1.1458357e-05,1.1458357e-05,0.019943851,0.019943851,-0.11623334,-0.11623334,19.860091,19.860091,-7.2620273,-7.2620273,9.0393463,9.0393463,-3.5908308,-3.5908308,-0.106307,-0.106307,0.0088352168,0.0088352168,0.0028808245,0.0028808245,-0.020910202,-0.020910202,4.6533598,4.6533598,-4.6076298,-4.6076298,3.7148997e-06,3.7148997e-06,-3.5030044e-16,-3.5030044e-16,-1.1374871e-15,-1.1374871e-15,9.5571848e-17,9.5571848e-17,2.3397932e-15,2.3397932e-15,-1.3869789e-14,-1.3869789e-14,0.00012327566,0.00012327566,1.9185385e-11,1.9185385e-11
0.0098582798,0.0098582798,-0.037704183,-0.037704183,-0.027845903,-0.027845903,0.12791539,0.12791539,0.11805711,0.11805711,0.04083857,0.04083857,-0.038950321,-0.038950321,0.040927384,0.040927384,-0.038950321,-0.038950321,-6.7243917e-10,-6.7243917e-10,1.2971753e-16,1.2971753e-16,0.018771891,0.018771891,-0.11623233,-0.11623233,-6.6926364e-05,-6.6926364e-05,-6.6929849e-05,-6.6929849e-05,-7.3149608e-07,-7.3149608e-07,0.037704183,0.037704183,-0.030454952,-0.030454952,0.016092449,0.016092449,-0.02052435,-0.02052435,0.021611735,0.021611735,-0.0099306024,-0.0099306024,-0.0044319015,-0.0044319015,0.011681132,0.011681132,-0.0044319016,-0.0044319016,0.011681132,0.011681132,6.2950028e-12,6.2950028e-12,-0.097460437,-0.097460437,1.882139e-12,1.882139e-12,-0.097460437,-0.097460437,0.018771891,0.018771891,-0.11623233,-0.11623233,0.014339989,0.014339989,0.037704183,0.037704183,-0.018771891,-0.018771891,1.1832283e-05,1.1832283e-05,-4.8766404e-07,-4.8766404e-07,-7.3288057e-14,-7.3288057e-14,1.1344619e-05,1.1344619e-05,0.019943287,0.019943287,-0.11623379,-0.11623379,19.86304,19.86304,-7.2620545,-7.2620545,9.0429521,9.0429521,-3.5908436,-3.5908436,-0.10637405,-0.10637405,0.008913611,0.008913611,0.0028679979,0.0028679979,-0.020910239,-0.020910239,4.6533793,4.6533793,-4.6079528,-4.6079528,3.629457e-06,3.629457e-06,-3.5055343e-16,-3.5055343e-16,-1.1377795e-15,-1.1377795e-15,9.4819702e-17,9.4819702e-17,2.340791e-15,2.340791e-15,-1.3872097e-14,-1.3872097e-14,0.00012211914,0.00012211914,1.8313006e-11,1.8313006e-11
0.009792409,0.009792409,-0.037641232,-0.037641232,-0.027848823,-0.027848823,0.12791612,0.12791612,0.11812371,0.11812371,0.040831149,0.040831149,-0.038962496,-0.038962496,0.040919129,0.040919129,-0.038962496,-0.038962496,-6.6535696e-10,-6.6535696e-10,1.2971685e-16,1.2971685e-16,0.018783599,0.018783599,-0.1162328,-0.1162328,-6.622198e-05,-6.622198e-05,-6.6225465e-05,-6.6225465e-05,-7.1467167e-07,-7.1467167e-07,0.037641232,0.037641232,-0.030466912,-0.030466912,0.016028988,0.016028988,-0.020536096,-0.020536096,0.021612244,0.021612244,-0.009930816,-0.009930816,-0.004507108,-0.004507108,0.011681428,0.011681428,-0.0045071081,-0.0045071081,0.011681428,0.011681428,6.2197459e-12,6.2197459e-12,-0.097449205,-0.097449205,1.8068481e-12,1.8068481e-12,-0.097449205,-0.097449205,0.018783599,0.018783599,-0.1162328,-0.1162328,0.014276491,0.014276491,0.037641232,0.037641232,-0.018783599,-0.018783599,1.1708349e-05,1.1708349e-05,-4.7644776e-07,-4.7644776e-07,-7.5290951e-14,-7.5290951e-14,1.1231901e-05,1.1231901e-05,0.019942726,0.019942726,-0.11623423,-0.11623423,19.865957,19.865957,-7.262081,-7.262081,9.0465215,9.0465215,-3.590856,-3.590856,-0.1064404,-0.1064404,0.0089911902,0.0089911902,0.0028552982,0.0028552982,-0.020910275,-0.020910275,4.6533984,4.6533984,-4.6082723,-4.6082723,3.5459795e-06,3.5459795e-06,-3.5080392e-16,-3.5080392e-16,-1.1380689e-15,-1.1380689e-15,9.4074717e-17,9.4074717e-17,2.3417788e-15,2.3417788e-15,-1.3874382e-14,-1.3874382e-14,0.00012097259,0.00012097259,1.7480295e-11,1.7480295e-11
0.0097272222,0.0097272222,-0.037578898,-0.037578898,-0.027851676,-0.027851676,0.12791683,0.12791683,0.11818961,0.11818961,0.04082379,0.04082379,-0.038974538,-0.038974538,0.040910944,0.040910944,-0.038974538,-0.038974538,-6.5834957e-10,-6.5834957e-10,1.2971618e-16,1.2971618e-16,0.018795185,0.018795185,-0.11623327,-0.11623327,-6.5524907e-05,-6.5524907e-05,-6.5528392e-05,-6.5528392e-05,-6.9823422e-07,-6.9823422e-07,0.037578898,0.037578898,-0.030478743,-0.030478743,0.015966156,0.015966156,-0.020547719,-0.020547719,0.021612742,0.021612742,-0.0099310248,-0.0099310248,-0.0045815623,-0.0045815623,0.011681717,0.011681717,-0.0045815624,-0.0045815624,0.011681717,0.011681717,6.1478758e-12,6.1478758e-12,-0.097438085,-0.097438085,1.7349447e-12,1.7349447e-12,-0.097438085,-0.097438085,0.018795185,0.018795185,-0.11623327,-0.11623327,0.014213623,0.014213623,0.037578898,0.037578898,-0.018795185,-0.018795185,1.1585688e-05,1.1585688e-05,-4.6548947e-07,-4.6548947e-07,-7.1903381e-14,-7.1903381e-14,1.1120198e-05,1.1120198e-05,0.019942168,0.019942168,-0.11623467,-0.11623467,19.868844,19.868844,-7.262107,-7.262107,9.050055,9.050055,-3.5908682,-3.5908682,-0.10650605,-0.10650605,0.0090679626,0.0090679626,0.0028427245,0.0028427245,-0.020910311,-0.020910311,4.653417,4.653417,-4.6085883,-4.6085883,3.4644219e-06,3.4644219e-06,-3.5105196e-16,-3.5105196e-16,-1.1383553e-15,-1.1383553e-15,9.3336837e-17,9.3336837e-17,2.3427567e-15,2.3427567e-15,-1.3876643e-14,-1.3876643e-14,0.00011983595,0.00011983595,1.6685449e-11,1.6685449e-11
0.0096627127,0.0096627127,-0.037517176,-0.037517176,-0.027854463,-0.027854463,0.12791752,0.12791752,0.11825481,0.11825481,0.040816494,0.040816494,-0.038986447,-0.038986447,0.040902828,0.040902828,-0.038986447,-0.038986447,-6.5141364e-10,-6.5141364e-10,1.2971553e-16,1.2971553e-16,0.018806649,0.018806649,-0.11623372,-0.11623372,-6.4835071e-05,-6.4835071e-05,-6.4838556e-05,-6.4838556e-05,-6.8217483e-07,-6.8217483e-07,0.037517176,0.037517176,-0.030490448,-0.030490448,0.015903948,0.015903948,-0.020559219,-0.020559219,0.021613228,0.021613228,-0.0099312288,-0.0099312288,-0.0046552713,-0.0046552713,0.011681999,0.011681999,-0.0046552714,-0.0046552714,0.011681999,0.011681999,6.0742026e-12,6.0742026e-12,-0.097427075,-0.097427075,1.6612389e-12,1.6612389e-12,-0.097427075,-0.097427075,0.018806649,0.018806649,-0.11623372,-0.11623372,0.014151378,0.014151378,0.037517176,0.037517176,-0.018806649,-0.018806649,1.1464287e-05,1.1464287e-05,-4.5478321e-07,-4.5478321e-07,-7.370576e-14,-7.370576e-14,1.1009504e-05,1.1009504e-05,0.019941614,0.019941614,-0.11623509,-0.11623509,19.8717,19.8717,-7.2621323,-7.2621323,9.0535528,9.0535528,-3.5908801,-3.5908801,-0.10657101,-0.10657101,0.0091439364,0.0091439364,0.0028302756,0.0028302756,-0.020910345,-0.020910345,4.6534353,4.6534353,-4.6089008,-4.6089008,3.3847402e-06,3.3847402e-06,-3.5129755e-16,-3.5129755e-16,-1.1386387e-15,-1.1386387e-15,9.2606005e-17,9.2606005e-17,2.3437249e-15,2.3437249e-15,-1.387888e-14,-1.387888e-14,0.00011870916,0.00011870916,1.5926745e-11,1.5926745e-11
0.0095988736,0.0095988736,-0.03745606,-0.03745606,-0.027857186,-0.027857186,0.1279182,0.1279182,0.11831933,0.11831933,0.040809259,0.040809259,-0.038998226,-0.038998226,0.040894781,0.040894781,-0.038998226,-0.038998226,-6.4455096e-10,-6.4455096e-10,1.2971489e-16,1.2971489e-16,0.018817993,0.018817993,-0.11623417,-0.11623417,-6.4152399e-05,-6.4152399e-05,-6.4155885e-05,-6.4155885e-05,-6.6648481e-07,-6.6648481e-07,0.03745606,0.03745606,-0.030502026,-0.030502026,0.015842356,0.015842356,-0.020570598,-0.020570598,0.021613703,0.021613703,-0.009931428,-0.009931428,-0.0047282418,-0.0047282418,0.011682275,0.011682275,-0.0047282419,-0.0047282419,0.011682275,0.011682275,6.0036965e-12,6.0036965e-12,-0.097416176,-0.097416176,1.5907011e-12,1.5907011e-12,-0.097416176,-0.097416176,0.018817993,0.018817993,-0.11623417,-0.11623417,0.014089752,0.014089752,0.03745606,0.03745606,-0.018817993,-0.018817993,1.1344134e-05,1.1344134e-05,-4.4432319e-07,-4.4432319e-07,-7.0537836e-14,-7.0537836e-14,1.0899811e-05,1.0899811e-05,0.019941063,0.019941063,-0.1162355,-0.1162355,19.874526,19.874526,-7.2621571,-7.2621571,9.0570153,9.0570153,-3.5908917,-3.5908917,-0.1066353,-0.1066353,0.0092191197,0.0092191197,0.0028179503,0.0028179503,-0.020910379,-0.020910379,4.653453,4.653453,-4.6092098,-4.6092098,3.3068912e-06,3.3068912e-06,-3.5154072e-16,-3.5154072e-16,-1.1389191e-15,-1.1389191e-15,9.1882164e-17,9.1882164e-17,2.3446833e-15,2.3446833e-15,-1.3881095e-14,-1.3881095e-14,0.00011759214,0.00011759214,1.520254e-11,1.520254e-11
0.0095356982,0.0095356982,-0.037395545,-0.037395545,-0.027859846,-0.027859846,0.12791887,0.12791887,0.11838317,0.11838317,0.040802087,0.040802087,-0.039009877,-0.039009877,0.040886803,0.040886803,-0.039009877,-0.039009877,-6.3775838e-10,-6.3775838e-10,1.2971427e-16,1.2971427e-16,0.018829219,0.018829219,-0.1162346,-0.1162346,-6.347682e-05,-6.347682e-05,-6.3480305e-05,-6.3480305e-05,-6.5115566e-07,-6.5115566e-07,0.037395545,0.037395545,-0.030513481,-0.030513481,0.015781377,0.015781377,-0.020581858,-0.020581858,0.021614167,0.021614167,-0.0099316227,-0.0099316227,-0.0048004806,-0.0048004806,0.011682545,0.011682545,-0.0048004807,-0.0048004807,0.011682545,0.011682545,5.9315714e-12,5.9315714e-12,-0.097405384,-0.097405384,1.5185449e-12,1.5185449e-12,-0.097405384,-0.097405384,0.018829219,0.018829219,-0.1162346,-0.1162346,0.014028738,0.014028738,0.037395545,0.037395545,-0.018829219,-0.018829219,1.1225216e-05,1.1225216e-05,-4.3410376e-07,-4.3410376e-07,-7.2156192e-14,-7.2156192e-14,1.0791113e-05,1.0791113e-05,0.019940515,0.019940515,-0.11623591,-0.11623591,19.877322,19.877322,-7.2621813,-7.2621813,9.0604428,9.0604428,-3.5909031,-3.5909031,-0.1066989,-0.1066989,0.0092935203,0.0092935203,0.0028057476,0.0028057476,-0.020910412,-0.020910412,4.6534704,4.6534704,-4.6095155,-4.6095155,3.2308327e-06,3.2308327e-06,-3.517815e-16,-3.517815e-16,-1.1391967e-15,-1.1391967e-15,9.1165258e-17,9.1165258e-17,2.345632e-15,2.345632e-15,-1.3883286e-14,-1.3883286e-14,0.00011648482,0.00011648482,1.4511265e-11,1.4511265e-11
0.0094731797,0.0094731797,-0.037335625,-0.037335625,-0.027862446,-0.027862446,0.12791951,0.12791951,0.11844633,0.11844633,0.040794976,0.040794976,-0.039021399,-0.039021399,0.040878894,0.040878894,-0.039021399,-0.039021399,-6.3103751e-10,-6.3103751e-10,1.2971365e-16,1.2971365e-16,0.018840326,0.018840326,-0.11623503,-0.11623503,-6.280826e-05,-6.280826e-05,-6.2811745e-05,-6.2811745e-05,-6.3617908e-07,-6.3617908e-07,0.037335625,0.037335625,-0.030524812,-0.030524812,0.015721004,0.015721004,-0.020592999,-0.020592999,0.021614621,0.021614621,-0.0099318129,-0.0099318129,-0.0048719945,-0.0048719945,0.011682808,0.011682808,-0.0048719946,-0.0048719946,0.011682808,0.011682808,5.8624101e-12,5.8624101e-12,-0.097394701,-0.097394701,1.4493532e-12,1.4493532e-12,-0.097394701,-0.097394701,0.018840326,0.018840326,-0.11623503,-0.11623503,0.013968331,0.013968331,0.037335625,0.037335625,-0.018840326,-0.018840326,1.1107522e-05,1.1107522e-05,-4.2411937e-07,-4.2411937e-07,-6.9191682e-14,-6.9191682e-14,1.0683403e-05,1.0683403e-05,0.019939971,0.019939971,-0.1162363,-0.1162363,19.880089,19.880089,-7.2622049,-7.2622049,9.0638357,9.0638357,-3.5909141,-3.5909141,-0.10676185,-0.10676185,0.0093671464,0.0093671464,0.0027936663,0.0027936663,-0.020910444,-0.020910444,4.6534874,4.6534874,-4.6098178,-4.6098178,3.1565236e-06,3.1565236e-06,-3.5201989e-16,-3.5201989e-16,-1.1394713e-15,-1.1394713e-15,9.0455231e-17,9.0455231e-17,2.3465713e-15,2.3465713e-15,-1.3885455e-14,-1.3885455e-14,0.00011538715,0.00011538715,1.3851423e-11,1.3851423e-11
0.0094113115,0.0094113115,-0.037276296,-0.037276296,-0.027864985,-0.027864985,0.12792015,0.12792015,0.11850883,0.11850883,0.040787926,0.040787926,-0.039032796,-0.039032796,0.040871053,0.040871053,-0.039032796,-0.039032796,-6.2438541e-10,-6.2438541e-10,1.2971304e-16,1.2971304e-16,0.018851317,0.018851317,-0.11623544,-0.11623544,-6.2146651e-05,-6.2146651e-05,-6.2150136e-05,-6.2150136e-05,-6.2154696e-07,-6.2154696e-07,0.037276296,0.037276296,-0.030536022,-0.030536022,0.015661232,0.015661232,-0.020604023,-0.020604023,0.021615064,0.021615064,-0.0099319988,-0.0099319988,-0.0049427902,-0.0049427902,0.011683065,0.011683065,-0.0049427903,-0.0049427903,0.011683065,0.011683065,5.7917985e-12,5.7917985e-12,-0.097384124,-0.097384124,1.378712e-12,1.378712e-12,-0.097384124,-0.097384124,0.018851317,0.018851317,-0.11623544,-0.11623544,0.013908527,0.013908527,0.037276296,0.037276296,-0.018851317,-0.018851317,1.0991039e-05,1.0991039e-05,-4.1436463e-07,-4.1436463e-07,-7.0641206e-14,-7.0641206e-14,1.0576675e-05,1.0576675e-05,0.01993943,0.01993943,-0.11623668,-0.11623668,19.882827,19.882827,-7.262228,-7.262228,9.0671943,9.0671943,-3.590925,-3.590925,-0.10682413,-0.10682413,0.0094400056,0.0094400056,0.0027817054,0.0027817054,-0.020910475,-0.020910475,4.653504,4.653504,-4.6101167,-4.6101167,3.0839235e-06,3.0839235e-06,-3.5225593e-16,-3.5225593e-16,-1.1397431e-15,-1.1397431e-15,8.9752028e-17,8.9752028e-17,2.3475011e-15,2.3475011e-15,-1.3887601e-14,-1.3887601e-14,0.00011429906,0.00011429906,1.3221585e-11,1.3221585e-11
0.009350087,0.009350087,-0.037217553,-0.037217553,-0.027867466,-0.027867466,0.12792076,0.12792076,0.11857068,0.11857068,0.040780938,0.040780938,-0.039044068,-0.039044068,0.04086328,0.04086328,-0.039044068,-0.039044068,-6.1780351e-10,-6.1780351e-10,1.2971245e-16,1.2971245e-16,0.018862193,0.018862193,-0.11623585,-0.11623585,-6.1491921e-05,-6.1491921e-05,-6.1495406e-05,-6.1495406e-05,-6.0725138e-07,-6.0725138e-07,0.037217553,0.037217553,-0.030547111,-0.030547111,0.015602056,0.015602056,-0.020614931,-0.020614931,0.021615497,0.021615497,-0.0099321804,-0.0099321804,-0.0050128744,-0.0050128744,0.011683316,0.011683316,-0.0050128745,-0.0050128745,0.011683316,0.011683316,5.7239624e-12,5.7239624e-12,-0.097373653,-0.097373653,1.3108469e-12,1.3108469e-12,-0.097373653,-0.097373653,0.018862193,0.018862193,-0.11623585,-0.11623585,0.013849318,0.013849318,0.037217553,0.037217553,-0.018862193,-0.018862193,1.0875756e-05,1.0875756e-05,-4.0483424e-07,-4.0483424e-07,-6.7865126e-14,-6.7865126e-14,1.0470922e-05,1.0470922e-05,0.019938893,0.019938893,-0.11623706,-0.11623706,19.885535,19.885535,-7.2622505,-7.2622505,9.0705188,9.0705188,-3.5909356,-3.5909356,-0.10688576,-0.10688576,0.0095121058,0.0095121058,0.0027698637,0.0027698637,-0.020910506,-0.020910506,4.6535202,4.6535202,-4.6104124,-4.6104124,3.0129933e-06,3.0129933e-06,-3.5248963e-16,-3.5248963e-16,-1.1400121e-15,-1.1400121e-15,8.9055591e-17,8.9055591e-17,2.3484215e-15,2.3484215e-15,-1.3889726e-14,-1.3889726e-14,0.00011322047,0.00011322047,1.2620386e-11,1.2620386e-11
0.0092894998,0.0092894998,-0.03715939,-0.03715939,-0.02786989,-0.02786989,0.12792137,0.12792137,0.11863187,0.11863187,0.040774009,0.040774009,-0.039055217,-0.039055217,0.040855574,0.040855574,-0.039055217,-0.039055217,-6.1128906e-10,-6.1128906e-10,1.2971187e-16,1.2971187e-16,0.018872954,0.018872954,-0.11623624,-0.11623624,-6.0844001e-05,-6.0844001e-05,-6.0847486e-05,-6.0847486e-05,-5.932846e-07,-5.932846e-07,0.03715939,0.03715939,-0.030558081,-0.030558081,0.01554347,0.01554347,-0.020625723,-0.020625723,0.02161592,0.02161592,-0.0099323577,-0.0099323577,-0.0050822535,-0.0050822535,0.011683562,0.011683562,-0.0050822537,-0.0050822537,0.011683562,0.011683562,5.6548309e-12,5.6548309e-12,-0.097363287,-0.097363287,1.2416871e-12,1.2416871e-12,-0.097363287,-0.097363287,0.018872954,0.018872954,-0.11623624,-0.11623624,0.013790701,0.013790701,0.03715939,0.03715939,-0.018872954,-0.018872954,1.076166e-05,1.076166e-05,-3.9552305e-07,-3.9552305e-07,-6.9159811e-14,-6.9159811e-14,1.0366137e-05,1.0366137e-05,0.019938359,0.019938359,-0.11623743,-0.11623743,19.888215,19.888215,-7.2622726,-7.2622726,9.0738097,9.0738097,-3.5909459,-3.5909459,-0.10694674,-0.10694674,0.0095834547,0.0095834547,0.0027581402,0.0027581402,-0.020910536,-0.020910536,4.653536,4.653536,-4.6107049,-4.6107049,2.9436944e-06,2.9436944e-06,-3.5272102e-16,-3.5272102e-16,-1.1402782e-15,-1.1402782e-15,8.8365867e-17,8.8365867e-17,2.3493326e-15,2.3493326e-15,-1.3891828e-14,-1.3891828e-14,0.00011215133,0.00011215133,1.2046525e-11,1.2046525e-11
0.0092295434,0.0092295434,-0.037101801,-0.037101801,-0.027872258,-0.027872258,0.12792196,0.12792196,0.11869242,0.11869242,0.040767142,0.040767142,-0.039066244,-0.039066244,0.040847935,0.040847935,-0.039066244,-0.039066244,-6.0484334e-10,-6.0484334e-10,1.297113e-16,1.297113e-16,0.018883603,0.018883603,-0.11623663,-0.11623663,-6.0202823e-05,-6.0202823e-05,-6.0206308e-05,-6.0206308e-05,-5.7963905e-07,-5.7963905e-07,0.037101801,0.037101801,-0.030568934,-0.030568934,0.015485468,0.015485468,-0.020636403,-0.020636403,0.021616333,0.021616333,-0.009932531,-0.009932531,-0.0051509343,-0.0051509343,0.011683802,0.011683802,-0.0051509344,-0.0051509344,0.011683802,0.011683802,5.5883002e-12,5.5883002e-12,-0.097353025,-0.097353025,1.1751287e-12,1.1751287e-12,-0.097353025,-0.097353025,0.018883603,0.018883603,-0.11623663,-0.11623663,0.013732669,0.013732669,0.037101801,0.037101801,-0.018883603,-0.018883603,1.064874e-05,1.064874e-05,-3.8642602e-07,-3.8642602e-07,-6.655833e-14,-6.655833e-14,1.0262314e-05,1.0262314e-05,0.019937828,0.019937828,-0.11623779,-0.11623779,19.890867,19.890867,-7.2622941,-7.2622941,9.0770672,9.0770672,-3.590956,-3.590956,-0.10700708,-0.10700708,0.0096540599,0.0096540599,0.0027465338,0.0027465338,-0.020910565,-0.020910565,4.6535515,4.6535515,-4.6109941,-4.6109941,2.8759895e-06,2.8759895e-06,-3.5295011e-16,-3.5295011e-16,-1.1405416e-15,-1.1405416e-15,8.7682799e-17,8.7682799e-17,2.3502346e-15,2.3502346e-15,-1.3893908e-14,-1.3893908e-14,0.00011109156,0.00011109156,1.1498757e-11,1.1498757e-11
0.0091702113,0.0091702113,-0.037044783,-0.037044783,-0.027874572,-0.027874572,0.12792254,0.12792254,0.11875232,0.11875232,0.040760334,0.040760334,-0.039077151,-0.039077151,0.040840364,0.040840364,-0.039077151,-0.039077151,-5.9846377e-10,-5.9846377e-10,1.2971073e-16,1.2971073e-16,0.01889414,0.01889414,-0.11623701,-0.11623701,-5.9568317e-05,-5.9568317e-05,-5.9571803e-05,-5.9571803e-05,-5.6630735e-07,-5.6630735e-07,0.037044783,0.037044783,-0.03057967,-0.03057967,0.015428046,0.015428046,-0.02064697,-0.02064697,0.021616737,0.021616737,-0.0099327004,-0.0099327004,-0.0052189232,-0.0052189232,0.011684036,0.011684036,-0.0052189233,-0.0052189233,0.011684036,0.011684036,5.5206162e-12,5.5206162e-12,-0.097342866,-0.097342866,1.1074177e-12,1.1074177e-12,-0.097342866,-0.097342866,0.01889414,0.01889414,-0.11623701,-0.11623701,0.013675217,0.013675217,0.037044783,0.037044783,-0.01889414,-0.01889414,1.0536984e-05,1.0536984e-05,-3.7753822e-07,-3.7753822e-07,-6.7711064e-14,-6.7711064e-14,1.0159446e-05,1.0159446e-05,0.019937302,0.019937302,-0.11623814,-0.11623814,19.893491,19.893491,-7.2623152,-7.2623152,9.0802917,9.0802917,-3.5909659,-3.5909659,-0.10706679,-0.10706679,0.0097239289,0.0097239289,0.0027350434,0.0027350434,-0.020910594,-0.020910594,4.6535666,4.6535666,-4.6112802,-4.6112802,2.8098417e-06,2.8098417e-06,-3.5317693e-16,-3.5317693e-16,-1.1408023e-15,-1.1408023e-15,8.7006332e-17,8.7006332e-17,2.3511275e-15,2.3511275e-15,-1.3895967e-14,-1.3895967e-14,0.0001100411,0.0001100411,1.0975897e-11,1.0975897e-11
0.0091114974,0.0091114974,-0.03698833,-0.03698833,-0.027876832,-0.027876832,0.1279231,0.1279231,0.1188116,0.1188116,0.040753585,0.040753585,-0.039087939,-0.039087939,0.040832858,0.040832858,-0.039087938,-0.039087938,-5.921515e-10,-5.921515e-10,1.2971018e-16,1.2971018e-16,0.018904567,0.018904567,-0.11623737,-0.11623737,-5.8940418e-05,-5.8940418e-05,-5.8943903e-05,-5.8943903e-05,-5.5328229e-07,-5.5328229e-07,0.03698833,0.03698833,-0.030590291,-0.030590291,0.015371199,0.015371199,-0.020657425,-0.020657425,0.021617131,0.021617131,-0.0099328658,-0.0099328658,-0.0052862267,-0.0052862267,0.011684265,0.011684265,-0.0052862268,-0.0052862268,0.011684265,0.011684265,5.4553712e-12,5.4553712e-12,-0.097332808,-0.097332808,1.0421463e-12,1.0421463e-12,-0.097332808,-0.097332808,0.018904567,0.018904567,-0.11623737,-0.11623737,0.01361834,0.01361834,0.03698833,0.03698833,-0.018904567,-0.018904567,1.0426381e-05,1.0426381e-05,-3.6885484e-07,-3.6885484e-07,-6.527141e-14,-6.527141e-14,1.0057526e-05,1.0057526e-05,0.019936778,0.019936778,-0.11623848,-0.11623848,19.896087,19.896087,-7.2623357,-7.2623357,9.0834835,9.0834835,-3.5909755,-3.5909755,-0.10712588,-0.10712588,0.0097930692,0.0097930692,0.002723668,0.002723668,-0.020910622,-0.020910622,4.6535814,4.6535814,-4.6115631,-4.6115631,2.7452153e-06,2.7452153e-06,-3.5340149e-16,-3.5340149e-16,-1.1410602e-15,-1.1410602e-15,8.6336412e-17,8.6336412e-17,2.3520113e-15,2.3520113e-15,-1.3898005e-14,-1.3898005e-14,0.00010899988,0.00010899988,1.0476812e-11,1.0476812e-11
0.0090533952,0.0090533952,-0.036932436,-0.036932436,-0.027879041,-0.027879041,0.12792365,0.12792365,0.11887025,0.11887025,0.040746897,0.040746897,-0.039098608,-0.039098608,0.040825419,0.040825419,-0.039098608,-0.039098608,-5.8590409e-10,-5.8590409e-10,1.2970964e-16,1.2970964e-16,0.018914884,0.018914884,-0.11623774,-0.11623774,-5.8319057e-05,-5.8319057e-05,-5.8322542e-05,-5.8322542e-05,-5.4055679e-07,-5.4055679e-07,0.036932436,0.036932436,-0.030600798,-0.030600798,0.01531492,0.01531492,-0.020667771,-0.020667771,0.021617516,0.021617516,-0.0099330274,-0.0099330274,-0.0053528511,-0.0053528511,0.011684489,0.011684489,-0.0053528512,-0.0053528512,0.011684489,0.011684489,5.389103e-12,5.389103e-12,-0.097322852,-0.097322852,9.7585219e-13,9.7585219e-13,-0.097322852,-0.097322852,0.018914884,0.018914884,-0.11623774,-0.11623774,0.013562032,0.013562032,0.036932436,0.036932436,-0.018914884,-0.018914884,1.0316919e-05,1.0316919e-05,-3.6037118e-07,-3.6037118e-07,-6.6294063e-14,-6.6294063e-14,9.9565479e-06,9.9565479e-06,0.019936258,0.019936258,-0.11623882,-0.11623882,19.898656,19.898656,-7.2623558,-7.2623558,9.0866428,9.0866428,-3.5909849,-3.5909849,-0.10718434,-0.10718434,0.0098614883,0.0098614883,0.0027124065,0.0027124065,-0.020910649,-0.020910649,4.6535958,4.6535958,-4.611843,-4.611843,2.6820754e-06,2.6820754e-06,-3.5362382e-16,-3.5362382e-16,-1.1413154e-15,-1.1413154e-15,8.5672985e-17,8.5672985e-17,2.3528862e-15,2.3528862e-15,-1.3900022e-14,-1.3900022e-14,0.00010796784,0.00010796784,1.0000421e-11,1.0000421e-11
0.0089958986,0.0089958986,-0.036877097,-0.036877097,-0.027881198,-0.027881198,0.12792419,0.12792419,0.11892829,0.11892829,0.040740267,0.040740267,-0.039109162,-0.039109162,0.040818045,0.040818045,-0.039109162,-0.039109162,-5.7972258e-10,-5.7972258e-10,1.2970911e-16,1.2970911e-16,0.018925092,0.018925092,-0.11623809,-0.11623809,-5.7704169e-05,-5.7704169e-05,-5.7707654e-05,-5.7707654e-05,-5.2812399e-07,-5.2812399e-07,0.036877097,0.036877097,-0.030611192,-0.030611192,0.015259204,0.015259204,-0.020678007,-0.020678007,0.021617893,0.021617893,-0.0099331853,-0.0099331853,-0.0054188029,-0.0054188029,0.011684708,0.011684708,-0.005418803,-0.005418803,0.011684708,0.011684708,5.3251238e-12,5.3251238e-12,-0.097312995,-0.097312995,9.1184775e-13,9.1184775e-13,-0.097312995,-0.097312995,0.018925092,0.018925092,-0.11623809,-0.11623809,0.013506289,0.013506289,0.036877097,0.036877097,-0.018925092,-0.018925092,1.0208587e-05,1.0208587e-05,-3.5208264e-07,-3.5208264e-07,-6.4004447e-14,-6.4004447e-14,9.8565046e-06,9.8565046e-06,0.019935742,0.019935742,-0.11623914,-0.11623914,19.901197,19.901197,-7.2623754,-7.2623754,9.08977,9.08977,-3.5909941,-3.5909941,-0.10724219,-0.10724219,0.0099291935,0.0099291935,0.0027012578,0.0027012578,-0.020910676,-0.020910676,4.6536099,4.6536099,-4.6121197,-4.6121197,2.6203877e-06,2.6203877e-06,-3.5384394e-16,-3.5384394e-16,-1.141568e-15,-1.141568e-15,8.5015994e-17,8.5015994e-17,2.3537523e-15,2.3537523e-15,-1.3902017e-14,-1.3902017e-14,0.0001069449,0.0001069449,9.5456919e-12,9.5456919e-12
0.0089390015,0.0089390015,-0.036822308,-0.036822308,-0.027883307,-0.027883307,0.12792471,0.12792471,0.11898571,0.11898571,0.040733695,0.040733695,-0.0391196,-0.0391196,0.040810736,0.040810736,-0.0391196,-0.0391196,-5.7360468e-10,-5.7360468e-10,1.2970859e-16,1.2970859e-16,0.018935193,0.018935193,-0.11623843,-0.11623843,-5.7095687e-05,-5.7095687e-05,-5.7099173e-05,-5.7099173e-05,-5.1597713e-07,-5.1597713e-07,0.036822308,0.036822308,-0.030621475,-0.030621475,0.015204047,0.015204047,-0.020688136,-0.020688136,0.021618261,0.021618261,-0.0099333396,-0.0099333396,-0.0054840884,-0.0054840884,0.011684921,0.011684921,-0.0054840885,-0.0054840885,0.011684921,0.011684921,5.2602405e-12,5.2602405e-12,-0.097303238,-0.097303238,8.469398e-13,8.469398e-13,-0.097303238,-0.097303238,0.018935193,0.018935193,-0.11623843,-0.11623843,0.013451105,0.013451105,0.036822308,0.036822308,-0.018935193,-0.018935193,1.0101374e-05,1.0101374e-05,-3.4398474e-07,-3.4398474e-07,-6.490795e-14,-6.490795e-14,9.7573893e-06,9.7573893e-06,0.01993523,0.01993523,-0.11623946,-0.11623946,19.903712,19.903712,-7.2623946,-7.2623946,9.0928655,9.0928655,-3.5910031,-3.5910031,-0.10729943,-0.10729943,0.009996192,0.009996192,0.002690221,0.002690221,-0.020910702,-0.020910702,4.6536237,4.6536237,-4.6123935,-4.6123935,2.5601187e-06,2.5601187e-06,-3.5406186e-16,-3.5406186e-16,-1.141818e-15,-1.141818e-15,8.4365388e-17,8.4365388e-17,2.3546096e-15,2.3546096e-15,-1.3903992e-14,-1.3903992e-14,0.00010593102,0.00010593102,9.1116398e-12,9.1116398e-12
0.0088826977,0.0088826977,-0.036768064,-0.036768064,-0.027885366,-0.027885366,0.12792523,0.12792523,0.11904253,0.11904253,0.040727182,0.040727182,-0.039129924,-0.039129924,0.040803492,0.040803492,-0.039129924,-0.039129924,-5.6755129e-10,-5.6755129e-10,1.2970807e-16,1.2970807e-16,0.018945189,0.018945189,-0.11623877,-0.11623877,-5.6493548e-05,-5.6493548e-05,-5.6497033e-05,-5.6497033e-05,-5.0410966e-07,-5.0410966e-07,0.036768064,0.036768064,-0.030631648,-0.030631648,0.015149444,0.015149444,-0.020698158,-0.020698158,0.02161862,0.02161862,-0.0099334903,-0.0099334903,-0.0055487138,-0.0055487138,0.01168513,0.01168513,-0.0055487139,-0.0055487139,0.01168513,0.01168513,5.1975071e-12,5.1975071e-12,-0.097293578,-0.097293578,7.8418231e-13,7.8418231e-13,-0.097293578,-0.097293578,0.018945189,0.018945189,-0.11623877,-0.11623877,0.013396475,0.013396475,0.036768064,0.036768064,-0.018945189,-0.018945189,9.9952685e-06,9.9952685e-06,-3.3607309e-07,-3.3607309e-07,-6.2757483e-14,-6.2757483e-14,9.6591955e-06,9.6591955e-06,0.01993472,0.01993472,-0.11623978,-0.11623978,19.9062,19.9062,-7.2624133,-7.2624133,9.0959294,9.0959294,-3.5910119,-3.5910119,-0.10735607,-0.10735607,0.010062491,0.010062491,0.002679295,0.002679295,-0.020910728,-0.020910728,4.6536371,4.6536371,-4.6126642,-4.6126642,2.501236e-06,2.501236e-06,-3.5427762e-16,-3.5427762e-16,-1.1420653e-15,-1.1420653e-15,8.372111e-17,8.372111e-17,2.3554583e-15,2.3554583e-15,-1.3905946e-14,-1.3905946e-14,0.0001049261,0.0001049261,8.6973244e-12,8.6973244e-12
0.0088269812,0.0088269812,-0.03671436,-0.03671436,-0.027887378,-0.027887378,0.12792573,0.12792573,0.11909875,0.11909875,0.040720727,0.040720727,-0.039140136,-0.039140136,0.040796313,0.040796313,-0.039140136,-0.039140136,-5.6156026e-10,-5.6156026e-10,1.2970757e-16,1.2970757e-16,0.018955079,0.018955079,-0.1162391,-0.1162391,-5.5897686e-05,-5.5897686e-05,-5.5901171e-05,-5.5901171e-05,-4.9251514e-07,-4.9251514e-07,0.03671436,0.03671436,-0.030641711,-0.030641711,0.015095388,0.015095388,-0.020708074,-0.020708074,0.021618971,0.021618971,-0.0099336376,-0.0099336376,-0.0056126854,-0.0056126854,0.011685333,0.011685333,-0.0056126855,-0.0056126855,0.011685333,0.011685333,5.1339787e-12,5.1339787e-12,-0.097284017,-0.097284017,7.2063041e-13,7.2063041e-13,-0.097284017,-0.097284017,0.018955079,0.018955079,-0.1162391,-0.1162391,0.013342394,0.013342394,0.03671436,0.03671436,-0.018955079,-0.018955079,9.8902596e-06,9.8902596e-06,-3.2834341e-07,-3.2834341e-07,-6.3551901e-14,-6.3551901e-14,9.5619163e-06,9.5619163e-06,0.019934215,0.019934215,-0.11624008,-0.11624008,19.908662,19.908662,-7.2624316,-7.2624316,9.0989622,9.0989622,-3.5910205,-3.5910205,-0.10741211,-0.10741211,0.010128098,0.010128098,0.0026684787,0.0026684787,-0.020910752,-0.020910752,4.6536503,4.6536503,-4.612932,-4.612932,2.4437076e-06,2.4437076e-06,-3.5449121e-16,-3.5449121e-16,-1.14231e-15,-1.14231e-15,8.3083109e-17,8.3083109e-17,2.3562983e-15,2.3562983e-15,-1.3907881e-14,-1.3907881e-14,0.0001039301,0.0001039301,8.3018483e-12,8.3018483e-12
0.0087718461,0.0087718461,-0.03666119,-0.03666119,-0.027889344,-0.027889344,0.12792622,0.12792622,0.11915437,0.11915437,0.04071433,0.04071433,-0.039150236,-0.039150236,0.040789197,0.040789197,-0.039150236,-0.039150236,-5.5563241e-10,-5.5563241e-10,1.2970708e-16,1.2970708e-16,0.018964865,0.018964865,-0.11623942,-0.11623942,-5.5308037e-05,-5.5308037e-05,-5.5311522e-05,-5.5311522e-05,-4.8118729e-07,-4.8118729e-07,0.03666119,0.03666119,-0.030651667,-0.030651667,0.015041876,0.015041876,-0.020717886,-0.020717886,0.021619314,0.021619314,-0.0099337815,-0.0099337815,-0.0056760093,-0.0056760093,0.011685533,0.011685533,-0.0056760094,-0.0056760094,0.011685533,0.011685533,5.0724712e-12,5.0724712e-12,-0.097274551,-0.097274551,6.5909988e-13,6.5909988e-13,-0.097274551,-0.097274551,0.018964865,0.018964865,-0.11623942,-0.11623942,0.013288856,0.013288856,0.03666119,0.03666119,-0.018964865,-0.018964865,9.7863364e-06,9.7863364e-06,-3.2079151e-07,-3.2079151e-07,-6.153053e-14,-6.153053e-14,9.465545e-06,9.465545e-06,0.019933713,0.019933713,-0.11624038,-0.11624038,19.911098,19.911098,-7.2624495,-7.2624495,9.101964,9.101964,-3.5910289,-3.5910289,-0.10746757,-0.10746757,0.010193019,0.010193019,0.0026577712,0.0026577712,-0.020910777,-0.020910777,4.6536631,4.6536631,-4.6131969,-4.6131969,2.3875023e-06,2.3875023e-06,-3.5470268e-16,-3.5470268e-16,-1.1425522e-15,-1.1425522e-15,8.245133e-17,8.245133e-17,2.3571298e-15,2.3571298e-15,-1.3909795e-14,-1.3909795e-14,0.00010294295,0.00010294295,7.924355e-12,7.924355e-12
0.0087172864,0.0087172864,-0.036608551,-0.036608551,-0.027891265,-0.027891265,0.1279267,0.1279267,0.11920941,0.11920941,0.040707989,0.040707989,-0.039160227,-0.039160227,0.040782145,0.040782145,-0.039160227,-0.039160227,-5.4976571e-10,-5.4976571e-10,1.2970659e-16,1.2970659e-16,0.018974549,0.018974549,-0.11623973,-0.11623973,-5.4724539e-05,-5.4724539e-05,-5.4728025e-05,-5.4728025e-05,-4.7011998e-07,-4.7011998e-07,0.036608551,0.036608551,-0.030661516,-0.030661516,0.014988902,0.014988902,-0.020727594,-0.020727594,0.021619649,0.021619649,-0.009933922,-0.009933922,-0.0057386917,-0.0057386917,0.011685727,0.011685727,-0.0057386918,-0.0057386918,0.011685727,0.011685727,5.0102686e-12,5.0102686e-12,-0.097265181,-0.097265181,5.9687475e-13,5.9687475e-13,-0.097265181,-0.097265181,0.018974549,0.018974549,-0.11623973,-0.11623973,0.013235857,0.013235857,0.036608551,0.036608551,-0.018974549,-0.018974549,9.6834881e-06,9.6834881e-06,-3.1341331e-07,-3.1341331e-07,-6.2225129e-14,-6.2225129e-14,9.3700749e-06,9.3700749e-06,0.019933214,0.019933214,-0.11624067,-0.11624067,19.913508,19.913508,-7.2624669,-7.2624669,9.1049352,9.1049352,-3.5910371,-3.5910371,-0.10752244,-0.10752244,0.010257262,0.010257262,0.0026471714,0.0026471714,-0.020910801,-0.020910801,4.6536757,4.6536757,-4.6134588,-4.6134588,2.3325898e-06,2.3325898e-06,-3.5491203e-16,-3.5491203e-16,-1.1427919e-15,-1.1427919e-15,8.182572e-17,8.182572e-17,2.3579529e-15,2.3579529e-15,-1.3911689e-14,-1.3911689e-14,0.00010196458,0.00010196458,7.5640266e-12,7.5640266e-12
0.0086632963,0.0086632963,-0.036556438,-0.036556438,-0.027893142,-0.027893142,0.12792716,0.12792716,0.11926387,0.11926387,0.040701706,0.040701706,-0.039170108,-0.039170108,0.040775157,0.040775157,-0.039170108,-0.039170108,-5.4396086e-10,-5.4396086e-10,1.2970611e-16,1.2970611e-16,0.018984131,0.018984131,-0.11624004,-0.11624004,-5.4147129e-05,-5.4147129e-05,-5.4150615e-05,-5.4150615e-05,-4.5930722e-07,-4.5930722e-07,0.036556438,0.036556438,-0.030671259,-0.030671259,0.014936461,0.014936461,-0.0207372,-0.0207372,0.021619977,0.021619977,-0.0099340593,-0.0099340593,-0.0058007386,-0.0058007386,0.011685917,0.011685917,-0.0058007387,-0.0058007387,0.011685917,0.011685917,4.949967e-12,4.949967e-12,-0.097255905,-0.097255905,5.3655119e-13,5.3655119e-13,-0.097255905,-0.097255905,0.018984131,0.018984131,-0.11624004,-0.11624004,0.013183392,0.013183392,0.036556438,0.036556438,-0.018984131,-0.018984131,9.5817039e-06,9.5817039e-06,-3.062048e-07,-3.062048e-07,-6.0323567e-14,-6.0323567e-14,9.2754992e-06,9.2754992e-06,0.019932719,0.019932719,-0.11624095,-0.11624095,19.915893,19.915893,-7.262484,-7.262484,9.1078762,9.1078762,-3.5910451,-3.5910451,-0.10757674,-0.10757674,0.010320834,0.010320834,0.0026366784,0.0026366784,-0.020910824,-0.020910824,4.6536879,4.6536879,-4.6137179,-4.6137179,2.2789402e-06,2.2789402e-06,-3.5511928e-16,-3.5511928e-16,-1.1430291e-15,-1.1430291e-15,8.1206227e-17,8.1206227e-17,2.3587676e-15,2.3587676e-15,-1.3913563e-14,-1.3913563e-14,0.00010099492,0.00010099492,7.2200827e-12,7.2200827e-12
0.00860987,0.00860987,-0.036504845,-0.036504845,-0.027894975,-0.027894975,0.12792762,0.12792762,0.11931775,0.11931775,0.040695479,0.040695479,-0.039179882,-0.039179882,0.040768231,0.040768231,-0.039179882,-0.039179882,-5.3821596e-10,-5.3821596e-10,1.2970564e-16,1.2970564e-16,0.018993611,0.018993611,-0.11624034,-0.11624034,-5.3575746e-05,-5.3575746e-05,-5.3579231e-05,-5.3579231e-05,-4.4874316e-07,-4.4874316e-07,0.036504845,0.036504845,-0.030680898,-0.030680898,0.014884548,0.014884548,-0.020746704,-0.020746704,0.021620296,0.021620296,-0.0099341935,-0.0099341935,-0.0058621561,-0.0058621561,0.011686103,0.011686103,-0.0058621562,-0.0058621562,0.011686103,0.011686103,4.8890615e-12,4.8890615e-12,-0.097246724,-0.097246724,4.7562431e-13,4.7562431e-13,-0.097246724,-0.097246724,0.018993611,0.018993611,-0.11624034,-0.11624034,0.013131455,0.013131455,0.036504845,0.036504845,-0.018993611,-0.018993611,9.4809733e-06,9.4809733e-06,-2.9916209e-07,-2.9916209e-07,-6.0926879e-14,-6.0926879e-14,9.1818113e-06,9.1818113e-06,0.019932228,0.019932228,-0.11624123,-0.11624123,19.918252,19.918252,-7.2625007,-7.2625007,9.1107871,9.1107871,-3.5910529,-3.5910529,-0.10763047,-0.10763047,0.010383742,0.010383742,0.0026262911,0.0026262911,-0.020910846,-0.020910846,4.6536999,4.6536999,-4.6139742,-4.6139742,2.2265246e-06,2.2265246e-06,-3.5532446e-16,-3.5532446e-16,-1.1432637e-15,-1.1432637e-15,8.0592798e-17,8.0592798e-17,2.359574e-15,2.359574e-15,-1.3915418e-14,-1.3915418e-14,0.00010003392,0.00010003392,6.8917784e-12,6.8917784e-12
0.0085570016,0.0085570016,-0.036453768,-0.036453768,-0.027896766,-0.027896766,0.12792807,0.12792807,0.11937107,0.11937107,0.040689309,0.040689309,-0.039189549,-0.039189549,0.040761368,0.040761368,-0.039189549,-0.039189549,-5.3253162e-10,-5.3253162e-10,1.2970518e-16,1.2970518e-16,0.019002993,0.019002993,-0.11624063,-0.11624063,-5.3010326e-05,-5.3010326e-05,-5.3013812e-05,-5.3013812e-05,-4.3842206e-07,-4.3842206e-07,0.036453768,0.036453768,-0.030690433,-0.030690433,0.014833159,0.014833159,-0.020756109,-0.020756109,0.021620609,0.021620609,-0.0099343246,-0.0099343246,-0.0059229502,-0.0059229502,0.011686284,0.011686284,-0.0059229503,-0.0059229503,0.011686284,0.011686284,4.829946e-12,4.829946e-12,-0.097237635,-0.097237635,4.1648776e-13,4.1648776e-13,-0.097237635,-0.097237635,0.019002993,0.019002993,-0.11624063,-0.11624063,0.013080043,0.013080043,0.036453768,0.036453768,-0.019002993,-0.019002993,9.3812857e-06,9.3812857e-06,-2.9228136e-07,-2.9228136e-07,-5.9136549e-14,-5.9136549e-14,9.0890044e-06,9.0890044e-06,0.01993174,0.01993174,-0.1162415,-0.1162415,19.920587,19.920587,-7.262517,-7.262517,9.1136683,9.1136683,-3.5910605,-3.5910605,-0.10768363,-0.10768363,0.010445991,0.010445991,0.0026160085,0.0026160085,-0.020910869,-0.020910869,4.6537116,4.6537116,-4.6142277,-4.6142277,2.1753145e-06,2.1753145e-06,-3.5552758e-16,-3.5552758e-16,-1.143496e-15,-1.143496e-15,7.998538e-17,7.998538e-17,2.3603723e-15,2.3603723e-15,-1.3917254e-14,-1.3917254e-14,9.90815e-05,9.90815e-05,6.5784023e-12,6.5784023e-12
0.0085046856,0.0085046856,-0.036403202,-0.036403202,-0.027898516,-0.027898516,0.1279285,0.1279285,0.11942382,0.11942382,0.040683194,0.040683194,-0.039199112,-0.039199112,0.040754567,0.040754567,-0.039199112,-0.039199112,-5.2690605e-10,-5.2690605e-10,1.2970473e-16,1.2970473e-16,0.019012275,0.019012275,-0.11624091,-0.11624091,-5.2450811e-05,-5.2450811e-05,-5.2454296e-05,-5.2454296e-05,-4.2833836e-07,-4.2833836e-07,0.036403202,0.036403202,-0.030699867,-0.030699867,0.014782287,0.014782287,-0.020765414,-0.020765414,0.021620914,0.021620914,-0.0099344527,-0.0099344527,-0.0059831267,-0.0059831267,0.011686462,0.011686462,-0.0059831268,-0.0059831268,0.011686462,0.011686462,4.77031e-12,4.77031e-12,-0.097228638,-0.097228638,3.5683133e-13,3.5683133e-13,-0.097228638,-0.097228638,0.019012275,0.019012275,-0.11624091,-0.11624091,0.013029149,0.013029149,0.036403202,0.036403202,-0.019012275,-0.019012275,9.2826307e-06,9.2826307e-06,-2.8555889e-07,-2.8555889e-07,-5.9656427e-14,-5.9656427e-14,8.9970719e-06,8.9970719e-06,0.019931256,0.019931256,-0.11624177,-0.11624177,19.922896,19.922896,-7.2625329,-7.2625329,9.1165201,9.1165201,-3.591068,-3.591068,-0.10773623,-0.10773623,0.01050759,0.01050759,0.0026058297,0.0026058297,-0.02091089,-0.02091089,4.653723,4.653723,-4.6144784,-4.6144784,2.1252823e-06,2.1252823e-06,-3.5572866e-16,-3.5572866e-16,-1.1437258e-15,-1.1437258e-15,7.9383921e-17,7.9383921e-17,2.3611624e-15,2.3611624e-15,-1.3919071e-14,-1.3919071e-14,9.8137603e-05,9.8137603e-05,6.2792757e-12,6.2792757e-12
0.0084529163,0.0084529163,-0.036353142,-0.036353142,-0.027900226,-0.027900226,0.12792893,0.12792893,0.11947601,0.11947601,0.040677135,0.040677135,-0.03920857,-0.03920857,0.040747827,0.040747827,-0.03920857,-0.03920857,-5.2133978e-10,-5.2133978e-10,1.2970429e-16,1.2970429e-16,0.01902146,0.01902146,-0.11624119,-0.11624119,-5.1897139e-05,-5.1897139e-05,-5.1900625e-05,-5.1900625e-05,-4.1848657e-07,-4.1848657e-07,0.036353142,0.036353142,-0.030709199,-0.030709199,0.014731929,0.014731929,-0.020774621,-0.020774621,0.021621213,0.021621213,-0.0099345778,-0.0099345778,-0.0060426917,-0.0060426917,0.011686635,0.011686635,-0.0060426918,-0.0060426918,0.011686635,0.011686635,4.7123607e-12,4.7123607e-12,-0.097219732,-0.097219732,2.9886193e-13,2.9886193e-13,-0.097219732,-0.097219732,0.01902146,0.01902146,-0.11624119,-0.11624119,0.012978769,0.012978769,0.036353142,0.036353142,-0.01902146,-0.01902146,9.1849979e-06,9.1849979e-06,-2.7899104e-07,-2.7899104e-07,-5.7969407e-14,-5.7969407e-14,8.906007e-06,8.906007e-06,0.019930775,0.019930775,-0.11624203,-0.11624203,19.925182,19.925182,-7.2625484,-7.2625484,9.1193427,9.1193427,-3.5910753,-3.5910753,-0.10778828,-0.10778828,0.010568544,0.010568544,0.0025957537,0.0025957537,-0.020910911,-0.020910911,4.6537342,4.6537342,-4.6147263,-4.6147263,2.0764008e-06,2.0764008e-06,-3.5592773e-16,-3.5592773e-16,-1.1439532e-15,-1.1439532e-15,7.8788371e-17,7.8788371e-17,2.3619445e-15,2.3619445e-15,-1.3920869e-14,-1.3920869e-14,9.7202164e-05,9.7202164e-05,5.9937508e-12,5.9937508e-12
0.008401688,0.008401688,-0.036303584,-0.036303584,-0.027901896,-0.027901896,0.12792935,0.12792935,0.11952766,0.11952766,0.04067113,0.04067113,-0.039217925,-0.039217925,0.040741149,0.040741149,-0.039217925,-0.039217925,-5.1583112e-10,-5.1583112e-10,1.2970385e-16,1.2970385e-16,0.019030549,0.019030549,-0.11624146,-0.11624146,-5.1349252e-05,-5.1349252e-05,-5.1352737e-05,-5.1352737e-05,-4.0886138e-07,-4.0886138e-07,0.036303584,0.036303584,-0.030718431,-0.030718431,0.01468208,0.01468208,-0.020783731,-0.020783731,0.021621504,0.021621504,-0.0099347,-0.0099347,-0.0061016509,-0.0061016509,0.011686804,0.011686804,-0.006101651,-0.006101651,0.011686804,0.011686804,4.6539672e-12,4.6539672e-12,-0.097210916,-0.097210916,2.4044885e-13,2.4044885e-13,-0.097210916,-0.097210916,0.019030549,0.019030549,-0.11624146,-0.11624146,0.012928898,0.012928898,0.036303584,0.036303584,-0.019030549,-0.019030549,9.0883772e-06,9.0883772e-06,-2.7257424e-07,-2.7257424e-07,-5.8413077e-14,-5.8413077e-14,8.815803e-06,8.815803e-06,0.019930298,0.019930298,-0.11624228,-0.11624228,19.927443,19.927443,-7.2625636,-7.2625636,9.1221365,9.1221365,-3.5910824,-3.5910824,-0.10783978,-0.10783978,0.010628861,0.010628861,0.0025857796,0.0025857796,-0.020910932,-0.020910932,4.6537451,4.6537451,-4.6149716,-4.6149716,2.0286436e-06,2.0286436e-06,-3.5612479e-16,-3.5612479e-16,-1.1441782e-15,-1.1441782e-15,7.8198676e-17,7.8198676e-17,2.3627186e-15,2.3627186e-15,-1.3922648e-14,-1.3922648e-14,9.6275117e-05,9.6275117e-05,5.7212089e-12,5.7212089e-12
0.0083509954,0.0083509954,-0.036254524,-0.036254524,-0.027903528,-0.027903528,0.12792975,0.12792975,0.11957876,0.11957876,0.040665181,0.040665181,-0.039227179,-0.039227179,0.040734531,0.040734531,-0.039227179,-0.039227179,-5.1038052e-10,-5.1038052e-10,1.2970342e-16,1.2970342e-16,0.019039542,0.019039542,-0.11624173,-0.11624173,-5.0807089e-05,-5.0807089e-05,-5.0810575e-05,-5.0810575e-05,-3.9945757e-07,-3.9945757e-07,0.036254524,0.036254524,-0.030727564,-0.030727564,0.014632735,0.014632735,-0.020792745,-0.020792745,0.021621789,0.021621789,-0.0099348195,-0.0099348195,-0.0061600101,-0.0061600101,0.011686969,0.011686969,-0.0061600102,-0.0061600102,0.011686969,0.011686969,4.5971642e-12,4.5971642e-12,-0.097202189,-0.097202189,1.836268e-13,1.836268e-13,-0.097202189,-0.097202189,0.019039542,0.019039542,-0.11624173,-0.11624173,0.012879531,0.012879531,0.036254524,0.036254524,-0.019039542,-0.019039542,8.9927583e-06,8.9927583e-06,-2.6630503e-07,-2.6630503e-07,-5.6822047e-14,-5.6822047e-14,8.7264534e-06,8.7264534e-06,0.019929825,0.019929825,-0.11624253,-0.11624253,19.929681,19.929681,-7.2625785,-7.2625785,9.1249016,9.1249016,-3.5910894,-3.5910894,-0.10789074,-0.10789074,0.010688546,0.010688546,0.0025759063,0.0025759063,-0.020910952,-0.020910952,4.6537558,4.6537558,-4.6152142,-4.6152142,1.9819848e-06,1.9819848e-06,-3.5631988e-16,-3.5631988e-16,-1.1444009e-15,-1.1444009e-15,7.7614786e-17,7.7614786e-17,2.3634849e-15,2.3634849e-15,-1.3924408e-14,-1.3924408e-14,9.5356399e-05,9.5356399e-05,5.4610598e-12,5.4610598e-12
0.0083008328,0.0083008328,-0.036205956,-0.036205956,-0.027905123,-0.027905123,0.12793015,0.12793015,0.11962932,0.11962932,0.040659286,0.040659286,-0.039236331,-0.039236331,0.040727974,0.040727974,-0.039236331,-0.039236331,-5.049864e-10,-5.049864e-10,1.29703e-16,1.29703e-16,0.01904844,0.01904844,-0.11624199,-0.11624199,-5.0270593e-05,-5.0270593e-05,-5.0274079e-05,-5.0274079e-05,-3.9027005e-07,-3.9027005e-07,0.036205956,0.036205956,-0.0307366,-0.0307366,0.014583889,0.014583889,-0.020801664,-0.020801664,0.021622067,0.021622067,-0.0099349362,-0.0099349362,-0.0062177751,-0.0062177751,0.011687131,0.011687131,-0.0062177752,-0.0062177752,0.011687131,0.011687131,4.5399868e-12,4.5399868e-12,-0.097193551,-0.097193551,1.2643064e-13,1.2643064e-13,-0.097193551,-0.097193551,0.01904844,0.01904844,-0.11624199,-0.11624199,0.012830665,0.012830665,0.036205956,0.036205956,-0.01904844,-0.01904844,8.8981313e-06,8.8981313e-06,-2.6018002e-07,-2.6018002e-07,-5.7196161e-14,-5.7196161e-14,8.6379514e-06,8.6379514e-06,0.019929355,0.019929355,-0.11624277,-0.11624277,19.931894,19.931894,-7.262593,-7.262593,9.1276385,9.1276385,-3.5910962,-3.5910962,-0.10794116,-0.10794116,0.010747607,0.010747607,0.0025661329,0.0025661329,-0.020910972,-0.020910972,4.6537662,4.6537662,-4.6154541,-4.6154541,1.9363991e-06,1.9363991e-06,-3.56513e-16,-3.56513e-16,-1.1446212e-15,-1.1446212e-15,7.7036651e-17,7.7036651e-17,2.3642433e-15,2.3642433e-15,-1.392615e-14,-1.392615e-14,9.4445947e-05,9.4445947e-05,5.21274e-12,5.21274e-12
0.0082511949,0.0082511949,-0.036157876,-0.036157876,-0.027906681,-0.027906681,0.12793054,0.12793054,0.11967934,0.11967934,0.040653445,0.040653445,-0.039245385,-0.039245385,0.040721477,0.040721477,-0.039245385,-0.039245385,-4.9964914e-10,-4.9964914e-10,1.2970259e-16,1.2970259e-16,0.019057244,0.019057244,-0.11624225,-0.11624225,-4.9739706e-05,-4.9739706e-05,-4.9743191e-05,-4.9743191e-05,-3.8129384e-07,-3.8129384e-07,0.036157876,0.036157876,-0.030745538,-0.030745538,0.014535537,0.014535537,-0.020810488,-0.020810488,0.021622339,0.021622339,-0.0099350502,-0.0099350502,-0.0062749516,-0.0062749516,0.011687289,0.011687289,-0.0062749517,-0.0062749517,0.011687289,0.011687289,4.4843107e-12,4.4843107e-12,-0.097185001,-0.097185001,7.0736283e-14,7.0736283e-14,-0.097185001,-0.097185001,0.019057244,0.019057244,-0.11624225,-0.11624225,0.012782293,0.012782293,0.036157876,0.036157876,-0.019057244,-0.019057244,8.8044861e-06,8.8044861e-06,-2.5419588e-07,-2.5419588e-07,-5.5694357e-14,-5.5694357e-14,8.5502903e-06,8.5502903e-06,0.019928888,0.019928888,-0.11624301,-0.11624301,19.934085,19.934085,-7.2626071,-7.2626071,9.1303473,9.1303473,-3.5911028,-3.5911028,-0.10799105,-0.10799105,0.010806049,0.010806049,0.0025564585,0.0025564585,-0.020910991,-0.020910991,4.6537764,4.6537764,-4.6156914,-4.6156914,1.8918619e-06,1.8918619e-06,-3.5670417e-16,-3.5670417e-16,-1.1448392e-15,-1.1448392e-15,7.6464219e-17,7.6464219e-17,2.364994e-15,2.364994e-15,-1.3927874e-14,-1.3927874e-14,9.3543697e-05,9.3543697e-05,4.9757115e-12,4.9757115e-12
0.0082020763,0.0082020763,-0.036110279,-0.036110279,-0.027908203,-0.027908203,0.12793092,0.12793092,0.11972884,0.11972884,0.040647658,0.040647658,-0.03925434,-0.03925434,0.040715039,0.040715039,-0.03925434,-0.03925434,-4.9436722e-10,-4.9436722e-10,1.2970218e-16,1.2970218e-16,0.019065956,0.019065956,-0.11624249,-0.11624249,-4.921437e-05,-4.921437e-05,-4.9217855e-05,-4.9217855e-05,-3.7252408e-07,-3.7252408e-07,0.036110279,0.036110279,-0.030754381,-0.030754381,0.014487675,0.014487675,-0.02081922,-0.02081922,0.021622604,0.021622604,-0.0099351616,-0.0099351616,-0.0063315452,-0.0063315452,0.011687443,0.011687443,-0.0063315453,-0.0063315453,0.011687443,0.011687443,4.4283235e-12,4.4283235e-12,-0.097176538,-0.097176538,1.4731247e-14,1.4731247e-14,-0.097176538,-0.097176538,0.019065956,0.019065956,-0.11624249,-0.11624249,0.012734411,0.012734411,0.036110279,0.036110279,-0.019065956,-0.019065956,8.7118129e-06,8.7118129e-06,-2.4834937e-07,-2.4834937e-07,-5.6005036e-14,-5.6005036e-14,8.4634636e-06,8.4634636e-06,0.019928425,0.019928425,-0.11624324,-0.11624324,19.936252,19.936252,-7.262621,-7.262621,9.1330284,9.1330284,-3.5911093,-3.5911093,-0.10804042,-0.10804042,0.01086388,0.01086388,0.0025468821,0.0025468821,-0.02091101,-0.02091101,4.6537863,4.6537863,-4.6159261,-4.6159261,1.8483491e-06,1.8483491e-06,-3.5689342e-16,-3.5689342e-16,-1.145055e-15,-1.145055e-15,7.5897439e-17,7.5897439e-17,2.365737e-15,2.365737e-15,-1.3929581e-14,-1.3929581e-14,9.2649585e-05,9.2649585e-05,4.7494609e-12,4.7494609e-12
