e_slash_star_pie,e_slash_star_lin,lambda_H_pie,lambda_H_lin,lambda_H_slash_star_pie,lambda_H_slash_star_lin,lambda_F_slash_star_pie,lambda_F_slash_star_lin,lambda_F_pie,lambda_F_lin,utility_H_with_delta_pie,utility_H_with_delta_lin,utility_F_with_delta_pie,utility_F_with_delta_lin,utility_H_without_delta_pie,utility_H_without_delta_lin,utility_F_without_delta_pie,utility_F_without_delta_lin,gamma_H_pie,gamma_H_lin,p_H_pie,p_H_lin,p_F_star_pie,p_F_star_lin,i_H_notional_pie,i_H_notional_lin,i_H_pie,i_H_lin,i_F_pie,i_F_lin,c_H_W_pie,c_H_W_lin,c_F_W_pie,c_F_W_lin,c_H_H_pie,c_H_H_lin,c_F_H_pie,c_F_H_lin,c_H_F_pie,c_H_F_lin,c_F_F_pie,c_F_F_lin,y_H_pie,y_H_lin,y_F_pie,y_F_lin,l_H_pie,l_H_lin,l_F_pie,l_F_lin,p_H_W_pie,p_H_W_lin,p_F_W_star_pie,p_F_W_star_lin,p_H_W_bar_pie,p_H_W_bar_lin,p_F_W_star_bar_pie,p_F_W_star_bar_lin,p_H_bar_pie,p_H_bar_lin,p_F_star_bar_pie,p_F_star_bar_lin,p_H_bar_y_H_pie,p_H_bar_y_H_lin,p_H_W_c_H_W_pie,p_H_W_c_H_W_lin,p_H_W_slash_p_H_pie,p_H_W_slash_p_H_lin,pi_H_pie,pi_H_lin,pi_F_star_pie,pi_F_star_lin,pi_H_W_pie,pi_H_W_lin,pi_F_W_star_pie,pi_F_W_star_lin,p_H_tilde_pie,p_H_tilde_lin,p_F_star_tilde_pie,p_F_star_tilde_lin,v_H_pie,v_H_lin,v_F_pie,v_F_lin,w_H_pie,w_H_lin,w_F_pie,w_F_lin,p_F_bar_pie,p_F_bar_lin,p_H_star_bar_pie,p_H_star_bar_lin,t_H_pie,t_H_lin,t_F_pie,t_F_lin,b_H_pie,b_H_lin,b_F_star_pie,b_F_star_lin,beta_H_pie,beta_H_lin,beta_F_pie,beta_F_lin,a_H_pie,a_H_lin,a_F_pie,a_F_lin,tau_H_pie,tau_H_lin,tau_F_pie,tau_F_lin,Delta_H_pie,Delta_H_lin,Delta_F_pie,Delta_F_lin
-0.077165899,-0.077165899,0.077165899,0.077165899,7.1054274e-15,7.1054274e-15,-1.110223e-15,-1.110223e-15,0.077165899,0.077165899,-0.085,-0.085,-0.015,-0.015,-0.085,-0.085,-0.015,-0.015,0,0,0.022834101,0.022834101,4.4408921e-16,4.4408921e-16,0.011751152,0.011751152,0.011751152,0.011751152,6.3143935e-16,6.3143935e-16,-0.085,-0.085,-0.015,-0.015,-0.085,-0.085,-0.015,-0.015,-1.1379786e-15,-1.1379786e-15,5.5511151e-16,5.5511151e-16,-0.1,-0.1,-5.5511151e-16,-5.5511151e-16,6.6613381e-16,6.6613381e-16,-5.5511151e-16,-5.5511151e-16,0.0078341014,0.0078341014,0.015,0.015,0.0078341014,0.0078341014,0.015,0.015,0.022834101,0.022834101,4.4408921e-16,4.4408921e-16,-0.077165899,-0.077165899,-0.077165899,-0.077165899,-0.015,-0.015,0.022834101,0.022834101,4.4408921e-16,4.4408921e-16,0.0078341014,0.0078341014,0.015,0.015,0.022834101,0.022834101,4.4408921e-16,4.4408921e-16,0.36534562,0.36534562,5.7731597e-15,5.7731597e-15,0.18267281,0.18267281,2.3314684e-15,2.3314684e-15,-0.077165899,-0.077165899,0.1,0.1,-0.01543318,-0.01543318,-2.7755576e-17,-2.7755576e-17,1.2159589e-15,1.2159589e-15,-1.3176354e-15,-1.3176354e-15,0,0,0,0,-0.1,-0.1,0,0,0,0,0,0,0,0,0,0
-0.065473502,-0.065473502,0.065473502,0.065473502,6.5503158e-15,6.5503158e-15,-1.6653345e-15,-1.6653345e-15,0.065473502,0.065473502,-0.08075,-0.08075,-0.01425,-0.01425,-0.08075,-0.08075,-0.01425,-0.01425,0,0,0.029526498,0.029526498,4.4408921e-16,4.4408921e-16,0.011163594,0.011163594,0.011163594,0.011163594,3.3219955e-16,3.3219955e-16,-0.08075,-0.08075,-0.01425,-0.01425,-0.08075,-0.08075,-0.01425,-0.01425,-1.0547119e-15,-1.0547119e-15,9.9920072e-16,9.9920072e-16,-0.095,-0.095,-1.110223e-16,-1.110223e-16,8.8817842e-16,8.8817842e-16,-1.110223e-16,-1.110223e-16,0.015276498,0.015276498,0.01425,0.01425,0.015276498,0.015276498,0.01425,0.01425,0.029526498,0.029526498,6.6613381e-16,6.6613381e-16,-0.065473502,-0.065473502,-0.065473502,-0.065473502,-0.01425,-0.01425,0.0066923963,0.0066923963,2.220446e-16,2.220446e-16,0.0074423963,0.0074423963,-0.00075,-0.00075,0.029526498,0.029526498,6.6613381e-16,6.6613381e-16,0.47242396,0.47242396,7.7715612e-15,7.7715612e-15,0.23621198,0.23621198,2.8865799e-15,2.8865799e-15,-0.065473502,-0.065473502,0.095,0.095,-0.0130947,-0.0130947,5.5511151e-17,5.5511151e-17,2.345759e-15,2.345759e-15,-2.5101044e-15,-2.5101044e-15,0,0,0,0,-0.095,-0.095,-1.110223e-16,-1.110223e-16,0,0,-2.7755576e-17,-2.7755576e-17,0,0,0,0
-0.054365726,-0.054365726,0.054365726,0.054365726,6.1062266e-15,6.1062266e-15,-1.8873791e-15,-1.8873791e-15,0.054365726,0.054365726,-0.0767125,-0.0767125,-0.0135375,-0.0135375,-0.0767125,-0.0767125,-0.0135375,-0.0135375,0,0,0.035884274,0.035884274,6.6613381e-16,6.6613381e-16,0.010605415,0.010605415,0.010605415,0.010605415,3.6862874e-16,3.6862874e-16,-0.0767125,-0.0767125,-0.0135375,-0.0135375,-0.0767125,-0.0767125,-0.0135375,-0.0135375,-1.0547119e-15,-1.0547119e-15,9.9920072e-16,9.9920072e-16,-0.09025,-0.09025,0,0,1.110223e-15,1.110223e-15,0,0,0.022346774,0.022346774,0.0135375,0.0135375,0.022346774,0.022346774,0.0135375,0.0135375,0.035884274,0.035884274,8.8817842e-16,8.8817842e-16,-0.054365726,-0.054365726,-0.054365726,-0.054365726,-0.0135375,-0.0135375,0.0063577765,0.0063577765,2.220446e-16,2.220446e-16,0.0070702765,0.0070702765,-0.0007125,-0.0007125,0.035884274,0.035884274,8.8817842e-16,8.8817842e-16,0.57414839,0.57414839,1.0769163e-14,1.0769163e-14,0.28707419,0.28707419,4.2188475e-15,4.2188475e-15,-0.054365726,-0.054365726,0.09025,0.09025,-0.010873145,-0.010873145,5.5511151e-17,5.5511151e-17,3.4457348e-15,3.4457348e-15,-3.6438345e-15,-3.6438345e-15,0,0,0,0,-0.09025,-0.09025,-1.110223e-16,-1.110223e-16,0,0,-8.3266727e-17,-8.3266727e-17,0,0,0,0
-0.043813338,-0.043813338,0.043813338,0.043813338,5.9952043e-15,5.9952043e-15,-2.220446e-15,-2.220446e-15,0.043813338,0.043813338,-0.072876875,-0.072876875,-0.012860625,-0.012860625,-0.072876875,-0.072876875,-0.012860625,-0.012860625,0,0,0.041924162,0.041924162,8.8817842e-16,8.8817842e-16,0.010075144,0.010075144,0.010075144,0.010075144,4.0505793e-16,4.0505793e-16,-0.072876875,-0.072876875,-0.012860625,-0.012860625,-0.072876875,-0.072876875,-0.012860625,-0.012860625,-1.0269563e-15,-1.0269563e-15,1.110223e-15,1.110223e-15,-0.0857375,-0.0857375,0,0,1.110223e-15,1.110223e-15,2.220446e-16,2.220446e-16,0.029063537,0.029063537,0.012860625,0.012860625,0.029063537,0.029063537,0.012860625,0.012860625,0.041924162,0.041924162,1.110223e-15,1.110223e-15,-0.043813338,-0.043813338,-0.043813338,-0.043813338,-0.012860625,-0.012860625,0.0060398877,0.0060398877,2.220446e-16,2.220446e-16,0.0067167627,0.0067167627,-0.000676875,-0.000676875,0.041924162,0.041924162,1.110223e-15,1.110223e-15,0.67078659,0.67078659,1.3877788e-14,1.3877788e-14,0.33539329,0.33539329,5.7731597e-15,5.7731597e-15,-0.043813338,-0.043813338,0.0857375,0.0857375,-0.0087626676,-0.0087626676,5.5511151e-17,5.5511151e-17,4.5168774e-15,4.5168774e-15,-4.7238448e-15,-4.7238448e-15,0,0,0,0,-0.0857375,-0.0857375,-2.220446e-16,-2.220446e-16,0,0,-1.110223e-16,-1.110223e-16,0,0,0,0
-0.03378857,-0.03378857,0.03378857,0.03378857,5.5511151e-15,5.5511151e-15,-2.4424907e-15,-2.4424907e-15,0.03378857,0.03378857,-0.069233031,-0.069233031,-0.012217594,-0.012217594,-0.069233031,-0.069233031,-0.012217594,-0.012217594,0,0,0.047662055,0.047662055,1.110223e-15,1.110223e-15,0.0095713868,0.0095713868,0.0095713868,0.0095713868,4.4235449e-16,4.4235449e-16,-0.069233031,-0.069233031,-0.012217594,-0.012217594,-0.069233031,-0.069233031,-0.012217594,-0.012217594,-1.0269563e-15,-1.0269563e-15,1.110223e-15,1.110223e-15,-0.081450625,-0.081450625,0,0,1.110223e-15,1.110223e-15,2.220446e-16,2.220446e-16,0.035444461,0.035444461,0.012217594,0.012217594,0.035444461,0.035444461,0.012217594,0.012217594,0.047662055,0.047662055,1.3322676e-15,1.3322676e-15,-0.03378857,-0.03378857,-0.03378857,-0.03378857,-0.012217594,-0.012217594,0.0057378933,0.0057378933,2.220446e-16,2.220446e-16,0.0063809245,0.0063809245,-0.00064303125,-0.00064303125,0.047662055,0.047662055,1.3322676e-15,1.3322676e-15,0.76259288,0.76259288,1.7319479e-14,1.7319479e-14,0.38129644,0.38129644,7.4384943e-15,7.4384943e-15,-0.03378857,-0.03378857,0.081450625,0.081450625,-0.006757714,-0.006757714,5.5511151e-17,5.5511151e-17,5.5600541e-15,5.5600541e-15,-5.7544901e-15,-5.7544901e-15,0,0,0,0,-0.081450625,-0.081450625,-3.3306691e-16,-3.3306691e-16,0,0,-1.6653345e-16,-1.6653345e-16,0,0,0,0
-0.02426504,-0.02426504,0.02426504,0.02426504,5.4400928e-15,5.4400928e-15,-2.6645353e-15,-2.6645353e-15,0.02426504,0.02426504,-0.06577138,-0.06577138,-0.011606714,-0.011606714,-0.06577138,-0.06577138,-0.011606714,-0.011606714,0,0,0.053113054,0.053113054,1.3322676e-15,1.3322676e-15,0.0090928175,0.0090928175,0.0090928175,0.0090928175,4.8138576e-16,4.8138576e-16,-0.06577138,-0.06577138,-0.011606714,-0.011606714,-0.06577138,-0.06577138,-0.011606714,-0.011606714,-1.0269563e-15,-1.0269563e-15,1.110223e-15,1.110223e-15,-0.077378094,-0.077378094,0,0,1.3322676e-15,1.3322676e-15,4.4408921e-16,4.4408921e-16,0.04150634,0.04150634,0.011606714,0.011606714,0.04150634,0.04150634,0.011606714,0.011606714,0.053113054,0.053113054,1.5543122e-15,1.5543122e-15,-0.02426504,-0.02426504,-0.02426504,-0.02426504,-0.011606714,-0.011606714,0.0054509986,0.0054509986,2.220446e-16,2.220446e-16,0.0060618783,0.0060618783,-0.00061087969,-0.00061087969,0.053113054,0.053113054,1.5543122e-15,1.5543122e-15,0.84980886,0.84980886,2.1094237e-14,2.1094237e-14,0.42490443,0.42490443,9.2148511e-15,9.2148511e-15,-0.02426504,-0.02426504,0.077378094,0.077378094,-0.004853008,-0.004853008,5.5511151e-17,5.5511151e-17,6.5760252e-15,6.5760252e-15,-6.7395609e-15,-6.7395609e-15,0,0,0,0,-0.077378094,-0.077378094,-4.4408921e-16,-4.4408921e-16,0,0,-2.220446e-16,-2.220446e-16,0,0,0,0
-0.015217687,-0.015217687,0.015217687,0.015217687,5.2180482e-15,5.2180482e-15,-2.8865799e-15,-2.8865799e-15,0.015217687,0.015217687,-0.062482811,-0.062482811,-0.011026378,-0.011026378,-0.062482811,-0.062482811,-0.011026378,-0.011026378,0,0,0.058291502,0.058291502,1.5543122e-15,1.5543122e-15,0.0086381766,0.0086381766,0.0086381766,0.0086381766,5.1954968e-16,5.1954968e-16,-0.062482811,-0.062482811,-0.011026378,-0.011026378,-0.062482811,-0.062482811,-0.011026378,-0.011026378,-9.9920072e-16,-9.9920072e-16,1.110223e-15,1.110223e-15,-0.073509189,-0.073509189,2.220446e-16,2.220446e-16,1.3322676e-15,1.3322676e-15,4.4408921e-16,4.4408921e-16,0.047265124,0.047265124,0.011026378,0.011026378,0.047265124,0.047265124,0.011026378,0.011026378,0.058291502,0.058291502,1.7763568e-15,1.7763568e-15,-0.015217687,-0.015217687,-0.015217687,-0.015217687,-0.011026378,-0.011026378,0.0051784487,0.0051784487,2.220446e-16,2.220446e-16,0.0057587844,0.0057587844,-0.0005803357,-0.0005803357,0.058291502,0.058291502,1.7763568e-15,1.7763568e-15,0.93266404,0.93266404,2.4980018e-14,2.4980018e-14,0.46633202,0.46633202,1.1213253e-14,1.1213253e-14,-0.015217687,-0.015217687,0.073509189,0.073509189,-0.0030435373,-0.0030435373,5.5511151e-17,5.5511151e-17,7.5654579e-15,7.5654579e-15,-7.6823658e-15,-7.6823658e-15,0,0,0,0,-0.073509189,-0.073509189,-5.5511151e-16,-5.5511151e-16,0,0,-2.7755576e-16,-2.7755576e-16,0,0,0,0
-0.0066227009,-0.0066227009,0.0066227009,0.0066227009,4.773959e-15,4.773959e-15,-3.2196468e-15,-3.2196468e-15,0.0066227009,0.0066227009,-0.05935867,-0.05935867,-0.010475059,-0.010475059,-0.05935867,-0.05935867,-0.010475059,-0.010475059,0,0,0.063211029,0.063211029,1.7763568e-15,1.7763568e-15,0.0082062678,0.0082062678,0.0082062678,0.0082062678,5.5858096e-16,5.5858096e-16,-0.05935867,-0.05935867,-0.010475059,-0.010475059,-0.05935867,-0.05935867,-0.010475059,-0.010475059,-9.9920072e-16,-9.9920072e-16,1.110223e-15,1.110223e-15,-0.06983373,-0.06983373,2.220446e-16,2.220446e-16,1.3322676e-15,1.3322676e-15,6.6613381e-16,6.6613381e-16,0.052735969,0.052735969,0.010475059,0.010475059,0.052735969,0.052735969,0.010475059,0.010475059,0.063211029,0.063211029,1.9984014e-15,1.9984014e-15,-0.0066227009,-0.0066227009,-0.0066227009,-0.0066227009,-0.010475059,-0.010475059,0.0049195263,0.0049195263,4.4408921e-16,4.4408921e-16,0.0054708452,0.0054708452,-0.00055131892,-0.00055131892,0.063211029,0.063211029,1.9984014e-15,1.9984014e-15,1.0113765,1.0113765,2.9309888e-14,2.9309888e-14,0.50568823,0.50568823,1.3211654e-14,1.3211654e-14,-0.0066227009,-0.0066227009,0.06983373,0.06983373,-0.0013245402,-0.0013245402,5.5511151e-17,5.5511151e-17,8.5289399e-15,8.5289399e-15,-8.5858011e-15,-8.5858011e-15,0,0,0,0,-0.06983373,-0.06983373,-6.6613381e-16,-6.6613381e-16,0,0,-3.3306691e-16,-3.3306691e-16,0,0,0,0
0.0015425355,0.0015425355,-0.0015425355,-0.0015425355,4.4408921e-15,4.4408921e-15,-3.4416914e-15,-3.4416914e-15,-0.0015425355,-0.0015425355,-0.056390737,-0.056390737,-0.0099513065,-0.0099513065,-0.056390737,-0.056390737,-0.0099513065,-0.0099513065,0,0,0.067884579,0.067884579,1.9984014e-15,1.9984014e-15,0.0077959544,0.0077959544,0.0077959544,0.0077959544,5.9761224e-16,5.9761224e-16,-0.056390737,-0.056390737,-0.0099513065,-0.0099513065,-0.056390737,-0.056390737,-0.0099513065,-0.0099513065,-9.9920072e-16,-9.9920072e-16,1.110223e-15,1.110223e-15,-0.066342043,-0.066342043,2.220446e-16,2.220446e-16,1.3322676e-15,1.3322676e-15,6.6613381e-16,6.6613381e-16,0.057933272,0.057933272,0.0099513065,0.0099513065,0.057933272,0.057933272,0.0099513065,0.0099513065,0.067884579,0.067884579,2.220446e-15,2.220446e-15,0.0015425355,0.0015425355,0.0015425355,0.0015425355,-0.0099513065,-0.0099513065,0.0046735499,0.0046735499,4.4408921e-16,4.4408921e-16,0.0051973029,0.0051973029,-0.00052375297,-0.00052375297,0.067884579,0.067884579,2.220446e-15,2.220446e-15,1.0861533,1.0861533,3.3861802e-14,3.3861802e-14,0.54307663,0.54307663,1.54321e-14,1.54321e-14,0.0015425355,0.0015425355,0.066342043,0.066342043,0.00030850711,0.00030850711,5.5511151e-17,5.5511151e-17,9.46699e-15,9.46699e-15,-9.4524094e-15,-9.4524094e-15,0,0,0,0,-0.066342043,-0.066342043,-7.7715612e-16,-7.7715612e-16,0,0,-3.8857806e-16,-3.8857806e-16,0,0,0,0
0.0092995102,0.0092995102,-0.0092995102,-0.0092995102,4.1078252e-15,4.1078252e-15,-3.7747583e-15,-3.7747583e-15,-0.0092995102,-0.0092995102,-0.0535712,-0.0535712,-0.0094537411,-0.0094537411,-0.0535712,-0.0535712,-0.0094537411,-0.0094537411,0,0,0.072324451,0.072324451,2.220446e-15,2.220446e-15,0.0074061567,0.0074061567,0.0074061567,0.0074061567,6.3664352e-16,6.3664352e-16,-0.0535712,-0.0535712,-0.0094537411,-0.0094537411,-0.0535712,-0.0535712,-0.0094537411,-0.0094537411,-9.9920072e-16,-9.9920072e-16,1.110223e-15,1.110223e-15,-0.063024941,-0.063024941,2.220446e-16,2.220446e-16,1.5543122e-15,1.5543122e-15,8.8817842e-16,8.8817842e-16,0.06287071,0.06287071,0.0094537411,0.0094537411,0.06287071,0.06287071,0.0094537411,0.0094537411,0.072324451,0.072324451,2.6645353e-15,2.6645353e-15,0.0092995102,0.0092995102,0.0092995102,0.0092995102,-0.0094537411,-0.0094537411,0.0044398724,0.0044398724,4.4408921e-16,4.4408921e-16,0.0049374378,0.0049374378,-0.00049756532,-0.00049756532,0.072324451,0.072324451,2.6645353e-15,2.6645353e-15,1.1571912,1.1571912,3.8635761e-14,3.8635761e-14,0.57859561,0.57859561,1.7874591e-14,1.7874591e-14,0.0092995102,0.0092995102,0.063024941,0.063024941,0.001859902,0.001859902,5.5511151e-17,5.5511151e-17,1.0380069e-14,1.0380069e-14,-1.0284428e-14,-1.0284428e-14,0,0,0,0,-0.063024941,-0.063024941,-8.8817842e-16,-8.8817842e-16,0,0,-4.4408921e-16,-4.4408921e-16,0,0,0,0
0.016668636,0.016668636,-0.016668636,-0.016668636,3.8857806e-15,3.8857806e-15,-3.9968029e-15,-3.9968029e-15,-0.016668636,-0.016668636,-0.05089264,-0.05089264,-0.0089810541,-0.0089810541,-0.05089264,-0.05089264,-0.0089810541,-0.0089810541,0,0,0.07654233,0.07654233,2.6645353e-15,2.6645353e-15,0.0070358488,0.0070358488,0.0070358488,0.0070358488,6.7567479e-16,6.7567479e-16,-0.05089264,-0.05089264,-0.0089810541,-0.0089810541,-0.05089264,-0.05089264,-0.0089810541,-0.0089810541,-9.9920072e-16,-9.9920072e-16,1.110223e-15,1.110223e-15,-0.059873694,-0.059873694,0,0,1.5543122e-15,1.5543122e-15,8.8817842e-16,8.8817842e-16,0.067561276,0.067561276,0.0089810541,0.0089810541,0.067561276,0.067561276,0.0089810541,0.0089810541,0.07654233,0.07654233,2.8865799e-15,2.8865799e-15,0.016668636,0.016668636,0.016668636,0.016668636,-0.0089810541,-0.0089810541,0.0042178788,0.0042178788,4.4408921e-16,4.4408921e-16,0.0046905659,0.0046905659,-0.00047268706,-0.00047268706,0.07654233,0.07654233,2.8865799e-15,2.8865799e-15,1.2246773,1.2246773,4.3853809e-14,4.3853809e-14,0.61233864,0.61233864,2.0428104e-14,2.0428104e-14,0.016668636,0.016668636,0.059873694,0.059873694,0.0033337272,0.0033337272,5.5511151e-17,5.5511151e-17,1.1268586e-14,1.1268586e-14,-1.1083833e-14,-1.1083833e-14,0,0,0,0,-0.059873694,-0.059873694,-9.9920072e-16,-9.9920072e-16,0,0,-4.7184479e-16,-4.7184479e-16,0,0,0,0
0.023669306,0.023669306,-0.023669306,-0.023669306,3.5527137e-15,3.5527137e-15,-4.3298698e-15,-4.3298698e-15,-0.023669306,-0.023669306,-0.048348008,-0.048348008,-0.0085320014,-0.0085320014,-0.048348008,-0.048348008,-0.0085320014,-0.0085320014,0,0,0.080549315,0.080549315,2.8865799e-15,2.8865799e-15,0.0066840564,0.0066840564,0.0066840564,0.0066840564,7.1383871e-16,7.1383871e-16,-0.048348008,-0.048348008,-0.0085320014,-0.0085320014,-0.048348008,-0.048348008,-0.0085320014,-0.0085320014,-9.9920072e-16,-9.9920072e-16,1.110223e-15,1.110223e-15,-0.056880009,-0.056880009,0,0,1.5543122e-15,1.5543122e-15,1.110223e-15,1.110223e-15,0.072017313,0.072017313,0.0085320014,0.0085320014,0.072017313,0.072017313,0.0085320014,0.0085320014,0.080549315,0.080549315,3.3306691e-15,3.3306691e-15,0.023669306,0.023669306,0.023669306,0.023669306,-0.0085320014,-0.0085320014,0.0040069849,0.0040069849,4.4408921e-16,4.4408921e-16,0.0044560376,0.0044560376,-0.0004490527,-0.0004490527,0.080549315,0.080549315,3.3306691e-15,3.3306691e-15,1.288789,1.288789,4.9293902e-14,4.9293902e-14,0.64439452,0.64439452,2.3092639e-14,2.3092639e-14,0.023669306,0.023669306,0.056880009,0.056880009,0.0047338611,0.0047338611,8.3266727e-17,8.3266727e-17,1.213291e-14,1.213291e-14,-1.1852373e-14,-1.1852373e-14,0,0,0,0,-0.056880009,-0.056880009,-1.110223e-15,-1.110223e-15,0,0,-5.2735594e-16,-5.2735594e-16,0,0,0,0
0.030319942,0.030319942,-0.030319942,-0.030319942,2.9976022e-15,2.9976022e-15,-4.6629367e-15,-4.6629367e-15,-0.030319942,-0.030319942,-0.045930607,-0.045930607,-0.0081054013,-0.0081054013,-0.045930607,-0.045930607,-0.0081054013,-0.0081054013,0,0,0.08435595,0.08435595,3.3306691e-15,3.3306691e-15,0.0063498536,0.0063498536,0.0063498536,0.0063498536,7.5200263e-16,7.5200263e-16,-0.045930607,-0.045930607,-0.0081054013,-0.0081054013,-0.045930607,-0.045930607,-0.0081054013,-0.0081054013,-9.9920072e-16,-9.9920072e-16,1.110223e-15,1.110223e-15,-0.054036009,-0.054036009,0,0,1.5543122e-15,1.5543122e-15,1.110223e-15,1.110223e-15,0.076250549,0.076250549,0.0081054013,0.0081054013,0.076250549,0.076250549,0.0081054013,0.0081054013,0.08435595,0.08435595,3.5527137e-15,3.5527137e-15,0.030319942,0.030319942,0.030319942,0.030319942,-0.0081054013,-0.0081054013,0.0038066356,0.0038066356,4.4408921e-16,4.4408921e-16,0.0042332357,0.0042332357,-0.00042660007,-0.00042660007,0.08435595,0.08435595,3.5527137e-15,3.5527137e-15,1.3496952,1.3496952,5.5067062e-14,5.5067062e-14,0.6748476,0.6748476,2.5979219e-14,2.5979219e-14,0.030319942,0.030319942,0.054036009,0.054036009,0.0060639883,0.0060639883,8.3266727e-17,8.3266727e-17,1.2973374e-14,1.2973374e-14,-1.2591597e-14,-1.2591597e-14,0,0,-1.110223e-16,-1.110223e-16,-0.054036009,-0.054036009,-1.2212453e-15,-1.2212453e-15,0,0,-5.8286709e-16,-5.8286709e-16,0,0,0,0
0.036638046,0.036638046,-0.036638046,-0.036638046,2.6645353e-15,2.6645353e-15,-4.9960036e-15,-4.9960036e-15,-0.036638046,-0.036638046,-0.043634077,-0.043634077,-0.0077001312,-0.0077001312,-0.043634077,-0.043634077,-0.0077001312,-0.0077001312,0,0,0.087972254,0.087972254,3.7747583e-15,3.7747583e-15,0.0060323609,0.0060323609,0.0060323609,0.0060323609,7.9016654e-16,7.9016654e-16,-0.043634077,-0.043634077,-0.0077001312,-0.0077001312,-0.043634077,-0.043634077,-0.0077001312,-0.0077001312,-9.7144515e-16,-9.7144515e-16,9.9920072e-16,9.9920072e-16,-0.051334208,-0.051334208,0,0,1.5543122e-15,1.5543122e-15,1.3322676e-15,1.3322676e-15,0.080272123,0.080272123,0.0077001312,0.0077001312,0.080272123,0.080272123,0.0077001312,0.0077001312,0.087972254,0.087972254,3.9968029e-15,3.9968029e-15,0.036638046,0.036638046,0.036638046,0.036638046,-0.0077001312,-0.0077001312,0.0036163039,0.0036163039,4.4408921e-16,4.4408921e-16,0.0040215739,0.0040215739,-0.00040527007,-0.00040527007,0.087972254,0.087972254,3.9968029e-15,3.9968029e-15,1.4075561,1.4075561,6.1062266e-14,6.1062266e-14,0.70377803,0.70377803,2.8976821e-14,2.8976821e-14,0.036638046,0.036638046,0.051334208,0.051334208,0.0073276092,0.0073276092,1.110223e-16,1.110223e-16,1.379028e-14,1.379028e-14,-1.3302888e-14,-1.3302888e-14,0,0,-1.110223e-16,-1.110223e-16,-0.051334208,-0.051334208,-1.4432899e-15,-1.4432899e-15,0,0,-6.3837824e-16,-6.3837824e-16,0,0,0,0
0.042640245,0.042640245,-0.042640245,-0.042640245,2.220446e-15,2.220446e-15,-5.3290705e-15,-5.3290705e-15,-0.042640245,-0.042640245,-0.041452373,-0.041452373,-0.0073151247,-0.0073151247,-0.041452373,-0.041452373,-0.0073151247,-0.0073151247,0,0,0.091407743,0.091407743,3.9968029e-15,3.9968029e-15,0.0057307428,0.0057307428,0.0057307428,0.0057307428,8.274631e-16,8.274631e-16,-0.041452373,-0.041452373,-0.0073151247,-0.0073151247,-0.041452373,-0.041452373,-0.0073151247,-0.0073151247,-9.7144515e-16,-9.7144515e-16,9.9920072e-16,9.9920072e-16,-0.048767498,-0.048767498,0,0,1.7763568e-15,1.7763568e-15,1.3322676e-15,1.3322676e-15,0.084092618,0.084092618,0.0073151247,0.0073151247,0.084092618,0.084092618,0.0073151247,0.0073151247,0.091407743,0.091407743,4.4408921e-15,4.4408921e-15,0.042640245,0.042640245,0.042640245,0.042640245,-0.0073151247,-0.0073151247,0.0034354887,0.0034354887,4.4408921e-16,4.4408921e-16,0.0038204952,0.0038204952,-0.00038500656,-0.00038500656,0.091407743,0.091407743,4.4408921e-15,4.4408921e-15,1.4625239,1.4625239,6.750156e-14,6.750156e-14,0.73126194,0.73126194,3.2085445e-14,3.2085445e-14,0.042640245,0.042640245,0.048767498,0.048767498,0.008528049,0.008528049,1.110223e-16,1.110223e-16,1.4583907e-14,1.4583907e-14,-1.3987478e-14,-1.3987478e-14,0,0,-1.110223e-16,-1.110223e-16,-0.048767498,-0.048767498,-1.5543122e-15,-1.5543122e-15,0,0,-6.9388939e-16,-6.9388939e-16,0,0,0,0
0.048342334,0.048342334,-0.048342334,-0.048342334,1.7763568e-15,1.7763568e-15,-5.6621374e-15,-5.6621374e-15,-0.048342334,-0.048342334,-0.039379755,-0.039379755,-0.0069493685,-0.0069493685,-0.039379755,-0.039379755,-0.0069493685,-0.0069493685,0,0,0.094671457,0.094671457,4.4408921e-15,4.4408921e-15,0.0054442057,0.0054442057,0.0054442057,0.0054442057,8.6389229e-16,8.6389229e-16,-0.039379755,-0.039379755,-0.0069493685,-0.0069493685,-0.039379755,-0.039379755,-0.0069493685,-0.0069493685,-9.7144515e-16,-9.7144515e-16,9.9920072e-16,9.9920072e-16,-0.046329123,-0.046329123,0,0,1.7763568e-15,1.7763568e-15,1.3322676e-15,1.3322676e-15,0.087722089,0.087722089,0.0069493685,0.0069493685,0.087722089,0.087722089,0.0069493685,0.0069493685,0.094671457,0.094671457,4.8849813e-15,4.8849813e-15,0.048342334,0.048342334,0.048342334,0.048342334,-0.0069493685,-0.0069493685,0.0032637142,0.0032637142,4.4408921e-16,4.4408921e-16,0.0036294705,0.0036294705,-0.00036575623,-0.00036575623,0.094671457,0.094671457,4.8849813e-15,4.8849813e-15,1.5147433,1.5147433,7.4162898e-14,7.4162898e-14,0.75737166,0.75737166,3.5416114e-14,3.5416114e-14,0.048342334,0.048342334,0.046329123,0.046329123,0.0096684668,0.0096684668,1.3877788e-16,1.3877788e-16,1.5354514e-14,1.5354514e-14,-1.464647e-14,-1.464647e-14,0,0,-1.110223e-16,-1.110223e-16,-0.046329123,-0.046329123,-1.6653345e-15,-1.6653345e-15,0,0,-7.4940054e-16,-7.4940054e-16,0,0,0,0
0.053759319,0.053759319,-0.053759319,-0.053759319,1.3322676e-15,1.3322676e-15,-6.1062266e-15,-6.1062266e-15,-0.053759319,-0.053759319,-0.037410767,-0.037410767,-0.0066019,-0.0066019,-0.037410767,-0.037410767,-0.0066019,-0.0066019,0,0,0.097771986,0.097771986,4.8849813e-15,4.8849813e-15,0.0051719954,0.0051719954,0.0051719954,0.0051719954,9.0032148e-16,9.0032148e-16,-0.037410767,-0.037410767,-0.0066019,-0.0066019,-0.037410767,-0.037410767,-0.0066019,-0.0066019,-9.7144515e-16,-9.7144515e-16,8.8817842e-16,8.8817842e-16,-0.044012667,-0.044012667,-1.110223e-16,-1.110223e-16,1.7763568e-15,1.7763568e-15,1.5543122e-15,1.5543122e-15,0.091170086,0.091170086,0.0066019,0.0066019,0.091170086,0.091170086,0.0066019,0.0066019,0.097771986,0.097771986,5.3290705e-15,5.3290705e-15,0.053759319,0.053759319,0.053759319,0.053759319,-0.0066019,-0.0066019,0.0031005285,0.0031005285,4.4408921e-16,4.4408921e-16,0.0034479969,0.0034479969,-0.00034746842,-0.00034746842,0.097771986,0.097771986,5.3290705e-15,5.3290705e-15,1.5643518,1.5643518,8.1046281e-14,8.1046281e-14,0.78217589,0.78217589,3.8857806e-14,3.8857806e-14,0.053759319,0.053759319,0.044012667,0.044012667,0.010751864,0.010751864,1.6653345e-16,1.6653345e-16,1.6102342e-14,1.6102342e-14,-1.5280854e-14,-1.5280854e-14,0,0,-1.110223e-16,-1.110223e-16,-0.044012667,-0.044012667,-1.7763568e-15,-1.7763568e-15,0,0,-8.0491169e-16,-8.0491169e-16,0,0,0,0
0.058905454,0.058905454,-0.058905454,-0.058905454,9.9920072e-16,9.9920072e-16,-6.4392935e-15,-6.4392935e-15,-0.058905454,-0.058905454,-0.035540228,-0.035540228,-0.006271805,-0.006271805,-0.035540228,-0.035540228,-0.006271805,-0.006271805,0,0,0.10071749,0.10071749,5.3290705e-15,5.3290705e-15,0.0049133956,0.0049133956,0.0049133956,0.0049133956,9.3588332e-16,9.3588332e-16,-0.035540228,-0.035540228,-0.006271805,-0.006271805,-0.035540228,-0.035540228,-0.006271805,-0.006271805,-9.7144515e-16,-9.7144515e-16,8.8817842e-16,8.8817842e-16,-0.041812034,-0.041812034,-1.110223e-16,-1.110223e-16,1.7763568e-15,1.7763568e-15,1.5543122e-15,1.5543122e-15,0.094445683,0.094445683,0.006271805,0.006271805,0.094445683,0.094445683,0.006271805,0.006271805,0.10071749,0.10071749,5.7731597e-15,5.7731597e-15,0.058905454,0.058905454,0.058905454,0.058905454,-0.006271805,-0.006271805,0.0029455021,0.0029455021,6.6613381e-16,6.6613381e-16,0.0032755971,0.0032755971,-0.000330095,-0.000330095,0.10071749,0.10071749,5.7731597e-15,5.7731597e-15,1.6114798,1.6114798,8.8373753e-14,8.8373753e-14,0.8057399,0.8057399,4.2521542e-14,4.2521542e-14,0.058905454,0.058905454,0.041812034,0.041812034,0.011781091,0.011781091,1.9428903e-16,1.9428903e-16,1.682762e-14,1.682762e-14,-1.5891523e-14,-1.5891523e-14,0,0,-1.110223e-16,-1.110223e-16,-0.041812034,-0.041812034,-1.8873791e-15,-1.8873791e-15,0,0,-8.3266727e-16,-8.3266727e-16,0,0,0,0
0.063794283,0.063794283,-0.063794283,-0.063794283,4.4408921e-16,4.4408921e-16,-6.8833828e-15,-6.8833828e-15,-0.063794283,-0.063794283,-0.033763217,-0.033763217,-0.0059582148,-0.0059582148,-0.033763217,-0.033763217,-0.0059582148,-0.0059582148,0,0,0.10351571,0.10351571,5.7731597e-15,5.7731597e-15,0.0046677259,0.0046677259,0.0046677259,0.0046677259,9.7057778e-16,9.7057778e-16,-0.033763217,-0.033763217,-0.0059582148,-0.0059582148,-0.033763217,-0.033763217,-0.0059582148,-0.0059582148,-9.7144515e-16,-9.7144515e-16,7.7715612e-16,7.7715612e-16,-0.039721432,-0.039721432,-2.220446e-16,-2.220446e-16,1.7763568e-15,1.7763568e-15,1.5543122e-15,1.5543122e-15,0.0975575,0.0975575,0.0059582148,0.0059582148,0.0975575,0.0975575,0.0059582148,0.0059582148,0.10351571,0.10351571,6.2172489e-15,6.2172489e-15,0.063794283,0.063794283,0.063794283,0.063794283,-0.0059582148,-0.0059582148,0.002798227,0.002798227,6.6613381e-16,6.6613381e-16,0.0031118172,0.0031118172,-0.00031359025,-0.00031359025,0.10351571,0.10351571,6.2172489e-15,6.2172489e-15,1.6562514,1.6562514,9.5923269e-14,9.5923269e-14,0.82812572,0.82812572,4.62963e-14,4.62963e-14,0.063794283,0.063794283,0.039721432,0.039721432,0.012758857,0.012758857,2.220446e-16,2.220446e-16,1.7530568e-14,1.7530568e-14,-1.6479284e-14,-1.6479284e-14,0,0,-1.110223e-16,-1.110223e-16,-0.039721432,-0.039721432,-1.9984014e-15,-1.9984014e-15,0,0,-8.8817842e-16,-8.8817842e-16,0,0,0,0
0.06843867,0.06843867,-0.06843867,-0.06843867,-1.110223e-16,-1.110223e-16,-7.327472e-15,-7.327472e-15,-0.06843867,-0.06843867,-0.032075056,-0.032075056,-0.005660304,-0.005660304,-0.032075056,-0.032075056,-0.005660304,-0.005660304,0,0,0.10617403,0.10617403,6.2172489e-15,6.2172489e-15,0.0044343396,0.0044343396,0.0044343396,0.0044343396,1.0044049e-15,1.0044049e-15,-0.032075056,-0.032075056,-0.005660304,-0.005660304,-0.032075056,-0.032075056,-0.005660304,-0.005660304,-9.7144515e-16,-9.7144515e-16,7.7715612e-16,7.7715612e-16,-0.03773536,-0.03773536,-2.220446e-16,-2.220446e-16,1.7763568e-15,1.7763568e-15,1.7763568e-15,1.7763568e-15,0.10051373,0.10051373,0.005660304,0.005660304,0.10051373,0.10051373,0.005660304,0.005660304,0.10617403,0.10617403,6.6613381e-15,6.6613381e-15,0.06843867,0.06843867,0.06843867,0.06843867,-0.005660304,-0.005660304,0.0026583156,0.0026583156,6.6613381e-16,6.6613381e-16,0.0029562264,0.0029562264,-0.00029791074,-0.00029791074,0.10617403,0.10617403,6.6613381e-15,6.6613381e-15,1.6987845,1.6987845,1.0380585e-13,1.0380585e-13,0.84939224,0.84939224,5.0182081e-14,5.0182081e-14,0.06843867,0.06843867,0.03773536,0.03773536,0.013687734,0.013687734,2.7755576e-16,2.7755576e-16,1.8211396e-14,1.8211396e-14,-1.7044868e-14,-1.7044868e-14,0,0,-1.110223e-16,-1.110223e-16,-0.03773536,-0.03773536,-2.220446e-15,-2.220446e-15,0,0,-9.4368957e-16,-9.4368957e-16,0,0,0,0
0.072850838,0.072850838,-0.072850838,-0.072850838,-6.6613381e-16,-6.6613381e-16,-7.7715612e-15,-7.7715612e-15,-0.072850838,-0.072850838,-0.030471303,-0.030471303,-0.0053772888,-0.0053772888,-0.030471303,-0.030471303,-0.0053772888,-0.0053772888,0,0,0.10869943,0.10869943,6.8833828e-15,6.8833828e-15,0.0042126226,0.0042126226,0.0042126226,0.0042126226,1.038232e-15,1.038232e-15,-0.030471303,-0.030471303,-0.0053772888,-0.0053772888,-0.030471303,-0.030471303,-0.0053772888,-0.0053772888,-9.7144515e-16,-9.7144515e-16,6.6613381e-16,6.6613381e-16,-0.035848592,-0.035848592,-3.3306691e-16,-3.3306691e-16,1.7763568e-15,1.7763568e-15,1.7763568e-15,1.7763568e-15,0.10332214,0.10332214,0.0053772888,0.0053772888,0.10332214,0.10332214,0.0053772888,0.0053772888,0.10869943,0.10869943,7.1054274e-15,7.1054274e-15,0.072850838,0.072850838,0.072850838,0.072850838,-0.0053772888,-0.0053772888,0.0025253999,0.0025253999,6.6613381e-16,6.6613381e-16,0.0028084151,0.0028084151,-0.0002830152,-0.0002830152,0.10869943,0.10869943,7.1054274e-15,7.1054274e-15,1.7391909,1.7391909,1.1191048e-13,1.1191048e-13,0.86959544,0.86959544,5.4289906e-14,5.4289906e-14,0.072850838,0.072850838,0.035848592,0.035848592,0.014570168,0.014570168,3.3306691e-16,3.3306691e-16,1.887031e-14,1.887031e-14,-1.7588941e-14,-1.7588941e-14,-1.110223e-16,-1.110223e-16,-1.110223e-16,-1.110223e-16,-0.035848592,-0.035848592,-2.3314684e-15,-2.3314684e-15,0,0,-9.7144515e-16,-9.7144515e-16,0,0,0,0
0.077042398,0.077042398,-0.077042398,-0.077042398,-1.110223e-15,-1.110223e-15,-8.2156504e-15,-8.2156504e-15,-0.077042398,-0.077042398,-0.028947738,-0.028947738,-0.0051084244,-0.0051084244,-0.028947738,-0.028947738,-0.0051084244,-0.0051084244,0,0,0.11109856,0.11109856,7.327472e-15,7.327472e-15,0.0040019915,0.0040019915,0.0040019915,0.0040019915,1.0711917e-15,1.0711917e-15,-0.028947738,-0.028947738,-0.0051084244,-0.0051084244,-0.028947738,-0.028947738,-0.0051084244,-0.0051084244,-9.7144515e-16,-9.7144515e-16,6.6613381e-16,6.6613381e-16,-0.034056163,-0.034056163,-3.3306691e-16,-3.3306691e-16,1.7763568e-15,1.7763568e-15,1.7763568e-15,1.7763568e-15,0.10599014,0.10599014,0.0051084244,0.0051084244,0.10599014,0.10599014,0.0051084244,0.0051084244,0.11109856,0.11109856,7.7715612e-15,7.7715612e-15,0.077042398,0.077042398,0.077042398,0.077042398,-0.0051084244,-0.0051084244,0.0023991299,0.0023991299,6.6613381e-16,6.6613381e-16,0.0026679943,0.0026679943,-0.00026886444,-0.00026886444,0.11109856,0.11109856,7.7715612e-15,7.7715612e-15,1.777577,1.777577,1.2034818e-13,1.2034818e-13,0.88878848,0.88878848,5.8508753e-14,5.8508753e-14,0.077042398,0.077042398,0.034056163,0.034056163,0.01540848,0.01540848,3.6082248e-16,3.6082248e-16,1.9507512e-14,1.9507512e-14,-1.8112111e-14,-1.8112111e-14,-1.110223e-16,-1.110223e-16,-1.110223e-16,-1.110223e-16,-0.034056163,-0.034056163,-2.4424907e-15,-2.4424907e-15,0,0,-1.0269563e-15,-1.0269563e-15,0,0,0,0
0.081024379,0.081024379,-0.081024379,-0.081024379,-1.6653345e-15,-1.6653345e-15,-8.6597396e-15,-8.6597396e-15,-0.081024379,-0.081024379,-0.027500351,-0.027500351,-0.0048530032,-0.0048530032,-0.027500351,-0.027500351,-0.0048530032,-0.0048530032,0,0,0.11337773,0.11337773,7.7715612e-15,7.7715612e-15,0.0038018919,0.0038018919,0.0038018919,0.0038018919,1.1024168e-15,1.1024168e-15,-0.027500351,-0.027500351,-0.0048530032,-0.0048530032,-0.027500351,-0.027500351,-0.0048530032,-0.0048530032,-9.7144515e-16,-9.7144515e-16,5.5511151e-16,5.5511151e-16,-0.032353354,-0.032353354,-4.4408921e-16,-4.4408921e-16,1.9984014e-15,1.9984014e-15,1.9984014e-15,1.9984014e-15,0.10852473,0.10852473,0.0048530032,0.0048530032,0.10852473,0.10852473,0.0048530032,0.0048530032,0.11337773,0.11337773,8.2156504e-15,8.2156504e-15,0.081024379,0.081024379,0.081024379,0.081024379,-0.0048530032,-0.0048530032,0.0022791734,0.0022791734,6.6613381e-16,6.6613381e-16,0.0025345946,0.0025345946,-0.00025542122,-0.00025542122,0.11337773,0.11337773,8.2156504e-15,8.2156504e-15,1.8140437,1.8140437,1.2900792e-13,1.2900792e-13,0.90702187,0.90702187,6.2838623e-14,6.2838623e-14,0.081024379,0.081024379,0.032353354,0.032353354,0.016204876,0.016204876,4.1633363e-16,4.1633363e-16,2.0123201e-14,2.0123201e-14,-1.8614937e-14,-1.8614937e-14,-1.110223e-16,-1.110223e-16,-1.110223e-16,-1.110223e-16,-0.032353354,-0.032353354,-2.553513e-15,-2.553513e-15,0,0,-1.0547119e-15,-1.0547119e-15,0,0,0,0
0.084807262,0.084807262,-0.084807262,-0.084807262,-2.3314684e-15,-2.3314684e-15,-9.1038288e-15,-9.1038288e-15,-0.084807262,-0.084807262,-0.026125334,-0.026125334,-0.004610353,-0.004610353,-0.026125334,-0.026125334,-0.004610353,-0.004610353,0,0,0.11554295,0.11554295,8.437695e-15,8.437695e-15,0.0036117973,0.0036117973,0.0036117973,0.0036117973,1.1336418e-15,1.1336418e-15,-0.026125334,-0.026125334,-0.004610353,-0.004610353,-0.026125334,-0.026125334,-0.004610353,-0.004610353,-9.4368957e-16,-9.4368957e-16,5.5511151e-16,5.5511151e-16,-0.030735687,-0.030735687,-4.4408921e-16,-4.4408921e-16,1.9984014e-15,1.9984014e-15,1.9984014e-15,1.9984014e-15,0.1109326,0.1109326,0.004610353,0.004610353,0.1109326,0.1109326,0.004610353,0.004610353,0.11554295,0.11554295,8.8817842e-15,8.8817842e-15,0.084807262,0.084807262,0.084807262,0.084807262,-0.004610353,-0.004610353,0.0021652147,0.0021652147,6.6613381e-16,6.6613381e-16,0.0024078649,0.0024078649,-0.00024265016,-0.00024265016,0.11554295,0.11554295,8.8817842e-15,8.8817842e-15,1.8486872,1.8486872,1.3800072e-13,1.3800072e-13,0.92434359,0.92434359,6.7279515e-14,6.7279515e-14,0.084807262,0.084807262,0.030735687,0.030735687,0.016961452,0.016961452,4.7184479e-16,4.7184479e-16,2.0717575e-14,2.0717575e-14,-1.9097932e-14,-1.9097932e-14,-1.110223e-16,-1.110223e-16,-1.110223e-16,-1.110223e-16,-0.030735687,-0.030735687,-2.6645353e-15,-2.6645353e-15,0,0,-1.110223e-15,-1.110223e-15,0,0,0,0
0.088401,0.088401,-0.088401,-0.088401,-2.8865799e-15,-2.8865799e-15,-9.6589403e-15,-9.6589403e-15,-0.088401,-0.088401,-0.024819067,-0.024819067,-0.0043798354,-0.0043798354,-0.024819067,-0.024819067,-0.0043798354,-0.0043798354,0,0,0.1175999,0.1175999,8.8817842e-15,8.8817842e-15,0.0034312074,0.0034312074,0.0034312074,0.0034312074,1.1639995e-15,1.1639995e-15,-0.024819067,-0.024819067,-0.0043798354,-0.0043798354,-0.024819067,-0.024819067,-0.0043798354,-0.0043798354,-9.4368957e-16,-9.4368957e-16,4.4408921e-16,4.4408921e-16,-0.029198902,-0.029198902,-5.5511151e-16,-5.5511151e-16,1.9984014e-15,1.9984014e-15,1.9984014e-15,1.9984014e-15,0.11322007,0.11322007,0.0043798354,0.0043798354,0.11322007,0.11322007,0.0043798354,0.0043798354,0.1175999,0.1175999,9.3258734e-15,9.3258734e-15,0.088401,0.088401,0.088401,0.088401,-0.0043798354,-0.0043798354,0.002056954,0.002056954,6.6613381e-16,6.6613381e-16,0.0022874716,0.0022874716,-0.00023051765,-0.00023051765,0.1175999,0.1175999,9.3258734e-15,9.3258734e-15,1.8815984,1.8815984,1.4721557e-13,1.4721557e-13,0.94079922,0.94079922,7.1942452e-14,7.1942452e-14,0.088401,0.088401,0.029198902,0.029198902,0.0176802,0.0176802,5.5511151e-16,5.5511151e-16,2.1290833e-14,2.1290833e-14,-1.9561571e-14,-1.9561571e-14,-1.110223e-16,-1.110223e-16,-1.110223e-16,-1.110223e-16,-0.029198902,-0.029198902,-2.7755576e-15,-2.7755576e-15,0,0,-1.1379786e-15,-1.1379786e-15,0,0,0,0
0.091815051,0.091815051,-0.091815051,-0.091815051,-3.4416914e-15,-3.4416914e-15,-1.0214052e-14,-1.0214052e-14,-0.091815051,-0.091815051,-0.023578114,-0.023578114,-0.0041608436,-0.0041608436,-0.023578114,-0.023578114,-0.0041608436,-0.0041608436,0,0,0.11955401,0.11955401,9.547918e-15,9.547918e-15,0.0032596471,0.0032596471,0.0032596471,0.0032596471,1.1934898e-15,1.1934898e-15,-0.023578114,-0.023578114,-0.0041608436,-0.0041608436,-0.023578114,-0.023578114,-0.0041608436,-0.0041608436,-9.4368957e-16,-9.4368957e-16,4.4408921e-16,4.4408921e-16,-0.027738957,-0.027738957,-5.5511151e-16,-5.5511151e-16,1.9984014e-15,1.9984014e-15,2.220446e-15,2.220446e-15,0.11539316,0.11539316,0.0041608436,0.0041608436,0.11539316,0.11539316,0.0041608436,0.0041608436,0.11955401,0.11955401,9.9920072e-15,9.9920072e-15,0.091815051,0.091815051,0.091815051,0.091815051,-0.0041608436,-0.0041608436,0.0019541063,0.0019541063,6.6613381e-16,6.6613381e-16,0.002173098,0.002173098,-0.00021899177,-0.00021899177,0.11955401,0.11955401,9.9920072e-15,9.9920072e-15,1.9128641,1.9128641,1.5676349e-13,1.5676349e-13,0.95643207,0.95643207,7.6716411e-14,7.6716411e-14,0.091815051,0.091815051,0.027738957,0.027738957,0.01836301,0.01836301,6.1062266e-16,6.1062266e-16,2.1843173e-14,2.1843173e-14,-2.0006294e-14,-2.0006294e-14,-1.110223e-16,-1.110223e-16,-1.110223e-16,-1.110223e-16,-0.027738957,-0.027738957,-2.9976022e-15,-2.9976022e-15,0,0,-1.1934898e-15,-1.1934898e-15,0,0,0,0
0.0950584,0.0950584,-0.0950584,-0.0950584,-4.1078252e-15,-4.1078252e-15,-1.0658141e-14,-1.0658141e-14,-0.0950584,-0.0950584,-0.022399208,-0.022399208,-0.0039528014,-0.0039528014,-0.022399208,-0.022399208,-0.0039528014,-0.0039528014,0,0,0.12141041,0.12141041,1.0214052e-14,1.0214052e-14,0.0030966647,0.0030966647,0.0030966647,0.0030966647,1.2229801e-15,1.2229801e-15,-0.022399208,-0.022399208,-0.0039528014,-0.0039528014,-0.022399208,-0.022399208,-0.0039528014,-0.0039528014,-9.4368957e-16,-9.4368957e-16,3.3306691e-16,3.3306691e-16,-0.026352009,-0.026352009,-6.6613381e-16,-6.6613381e-16,1.9984014e-15,1.9984014e-15,2.220446e-15,2.220446e-15,0.11745761,0.11745761,0.0039528014,0.0039528014,0.11745761,0.11745761,0.0039528014,0.0039528014,0.12141041,0.12141041,1.0658141e-14,1.0658141e-14,0.0950584,0.0950584,0.0950584,0.0950584,-0.0039528014,-0.0039528014,0.001856401,0.001856401,6.6613381e-16,6.6613381e-16,0.0020644431,0.0020644431,-0.00020804218,-0.00020804218,0.12141041,0.12141041,1.0658141e-14,1.0658141e-14,1.9425666,1.9425666,1.6653345e-13,1.6653345e-13,0.97128328,0.97128328,8.149037e-14,8.149037e-14,0.0950584,0.0950584,0.026352009,0.026352009,0.01901168,0.01901168,6.9388939e-16,6.9388939e-16,2.2374795e-14,2.2374795e-14,-2.0432513e-14,-2.0432513e-14,-1.110223e-16,-1.110223e-16,-1.110223e-16,-1.110223e-16,-0.026352009,-0.026352009,-3.1086245e-15,-3.1086245e-15,0,0,-1.2212453e-15,-1.2212453e-15,0,0,0,0
0.098139581,0.098139581,-0.098139581,-0.098139581,-4.6629367e-15,-4.6629367e-15,-1.1213253e-14,-1.1213253e-14,-0.098139581,-0.098139581,-0.021279248,-0.021279248,-0.0037551613,-0.0037551613,-0.021279248,-0.021279248,-0.0037551613,-0.0037551613,0,0,0.12317399,0.12317399,1.0880186e-14,1.0880186e-14,0.0029418315,0.0029418315,0.0029418315,0.0029418315,1.2507356e-15,1.2507356e-15,-0.021279248,-0.021279248,-0.0037551613,-0.0037551613,-0.021279248,-0.021279248,-0.0037551613,-0.0037551613,-9.4368957e-16,-9.4368957e-16,3.3306691e-16,3.3306691e-16,-0.025034409,-0.025034409,-6.6613381e-16,-6.6613381e-16,1.9984014e-15,1.9984014e-15,2.220446e-15,2.220446e-15,0.11941883,0.11941883,0.0037551613,0.0037551613,0.11941883,0.11941883,0.0037551613,0.0037551613,0.12317399,0.12317399,1.1324275e-14,1.1324275e-14,0.098139581,0.098139581,0.098139581,0.098139581,-0.0037551613,-0.0037551613,0.0017635809,0.0017635809,6.6613381e-16,6.6613381e-16,0.001961221,0.001961221,-0.00019764007,-0.00019764007,0.12317399,0.12317399,1.1324275e-14,1.1324275e-14,1.9707838,1.9707838,1.7652546e-13,1.7652546e-13,0.98539192,0.98539192,8.6486374e-14,8.6486374e-14,0.098139581,0.098139581,0.025034409,0.025034409,0.019627916,0.019627916,7.7715612e-16,7.7715612e-16,2.2885902e-14,2.2885902e-14,-2.0840613e-14,-2.0840613e-14,-1.110223e-16,-1.110223e-16,-1.110223e-16,-1.110223e-16,-0.025034409,-0.025034409,-3.2196468e-15,-3.2196468e-15,0,0,-1.2490009e-15,-1.2490009e-15,0,0,0,0
0.1010667,0.1010667,-0.1010667,-0.1010667,-5.3290705e-15,-5.3290705e-15,-1.1768364e-14,-1.1768364e-14,-0.1010667,-0.1010667,-0.020215285,-0.020215285,-0.0035674033,-0.0035674033,-0.020215285,-0.020215285,-0.0035674033,-0.0035674033,0,0,0.12484939,0.12484939,1.1546319e-14,1.1546319e-14,0.0027947399,0.0027947399,0.0027947399,0.0027947399,1.2776238e-15,1.2776238e-15,-0.020215285,-0.020215285,-0.0035674033,-0.0035674033,-0.020215285,-0.020215285,-0.0035674033,-0.0035674033,-9.4368957e-16,-9.4368957e-16,2.220446e-16,2.220446e-16,-0.023782689,-0.023782689,-7.7715612e-16,-7.7715612e-16,1.9984014e-15,1.9984014e-15,2.220446e-15,2.220446e-15,0.12128199,0.12128199,0.0035674033,0.0035674033,0.12128199,0.12128199,0.0035674033,0.0035674033,0.12484939,0.12484939,1.1990409e-14,1.1990409e-14,0.1010667,0.1010667,0.1010667,0.1010667,-0.0035674033,-0.0035674033,0.0016754019,0.0016754019,8.8817842e-16,8.8817842e-16,0.0018631599,0.0018631599,-0.00018775807,-0.00018775807,0.12484939,0.12484939,1.1768364e-14,1.1768364e-14,1.9975903,1.9975903,1.8673951e-13,1.8673951e-13,0.99879514,0.99879514,9.1704422e-14,9.1704422e-14,0.1010667,0.1010667,0.023782689,0.023782689,0.020213341,0.020213341,8.6042284e-16,8.6042284e-16,2.3376697e-14,2.3376697e-14,-2.1230954e-14,-2.1230954e-14,-1.110223e-16,-1.110223e-16,-1.110223e-16,-1.110223e-16,-0.023782689,-0.023782689,-3.3306691e-15,-3.3306691e-15,0,0,-1.2767565e-15,-1.2767565e-15,0,0,0,0
0.10384747,0.10384747,-0.10384747,-0.10384747,-6.1062266e-15,-6.1062266e-15,-1.2434498e-14,-1.2434498e-14,-0.10384747,-0.10384747,-0.019204521,-0.019204521,-0.0033890331,-0.0033890331,-0.019204521,-0.019204521,-0.0033890331,-0.0033890331,0,0,0.12644102,0.12644102,1.1990409e-14,1.1990409e-14,0.0026550029,0.0026550029,0.0026550029,0.0026550029,1.3045121e-15,1.3045121e-15,-0.019204521,-0.019204521,-0.0033890331,-0.0033890331,-0.019204521,-0.019204521,-0.0033890331,-0.0033890331,-9.4368957e-16,-9.4368957e-16,2.220446e-16,2.220446e-16,-0.022593554,-0.022593554,-7.7715612e-16,-7.7715612e-16,1.9984014e-15,1.9984014e-15,2.4424907e-15,2.4424907e-15,0.12305199,0.12305199,0.0033890331,0.0033890331,0.12305199,0.12305199,0.0033890331,0.0033890331,0.12644102,0.12644102,1.2434498e-14,1.2434498e-14,0.10384747,0.10384747,0.10384747,0.10384747,-0.0033890331,-0.0033890331,0.0015916318,0.0015916318,8.8817842e-16,8.8817842e-16,0.0017700019,0.0017700019,-0.00017837016,-0.00017837016,0.12644102,0.12644102,1.2434498e-14,1.2434498e-14,2.0230564,2.0230564,1.9728663e-13,1.9728663e-13,1.0115282,1.0115282,9.692247e-14,9.692247e-14,0.10384747,0.10384747,0.022593554,0.022593554,0.020769494,0.020769494,9.4368957e-16,9.4368957e-16,2.3847386e-14,2.3847386e-14,-2.1603878e-14,-2.1603878e-14,-1.110223e-16,-1.110223e-16,-1.110223e-16,-1.110223e-16,-0.022593554,-0.022593554,-3.4416914e-15,-3.4416914e-15,0,0,-1.3322676e-15,-1.3322676e-15,0,0,0,0
0.1064892,0.1064892,-0.1064892,-0.1064892,-6.6613381e-15,-6.6613381e-15,-1.2989609e-14,-1.2989609e-14,-0.1064892,-0.1064892,-0.018244295,-0.018244295,-0.0032195815,-0.0032195815,-0.018244295,-0.018244295,-0.0032195815,-0.0032195815,0,0,0.12795307,0.12795307,1.2656542e-14,1.2656542e-14,0.0025222528,0.0025222528,0.0025222528,0.0025222528,1.3296655e-15,1.3296655e-15,-0.018244295,-0.018244295,-0.0032195815,-0.0032195815,-0.018244295,-0.018244295,-0.0032195815,-0.0032195815,-9.4368957e-16,-9.4368957e-16,1.110223e-16,1.110223e-16,-0.021463876,-0.021463876,-8.8817842e-16,-8.8817842e-16,1.9984014e-15,1.9984014e-15,2.4424907e-15,2.4424907e-15,0.12473349,0.12473349,0.0032195815,0.0032195815,0.12473349,0.12473349,0.0032195815,0.0032195815,0.12795307,0.12795307,1.3100632e-14,1.3100632e-14,0.1064892,0.1064892,0.1064892,0.1064892,-0.0032195815,-0.0032195815,0.0015120502,0.0015120502,8.8817842e-16,8.8817842e-16,0.0016815018,0.0016815018,-0.00016945166,-0.00016945166,0.12795307,0.12795307,1.3100632e-14,1.3100632e-14,2.0472492,2.0472492,2.0794477e-13,2.0794477e-13,1.0236246,1.0236246,1.0225154e-13,1.0225154e-13,0.1064892,0.1064892,0.021463876,0.021463876,0.02129784,0.02129784,1.0269563e-15,1.0269563e-15,2.4298181e-14,2.4298181e-14,-2.1959709e-14,-2.1959709e-14,-1.110223e-16,-1.110223e-16,-1.110223e-16,-1.110223e-16,-0.021463876,-0.021463876,-3.5527137e-15,-3.5527137e-15,0,0,-1.3600232e-15,-1.3600232e-15,0,0,0,0
0.10899884,0.10899884,-0.10899884,-0.10899884,-7.5495166e-15,-7.5495166e-15,-1.3655743e-14,-1.3655743e-14,-0.10899884,-0.10899884,-0.01733208,-0.01733208,-0.0030586024,-0.0030586024,-0.01733208,-0.01733208,-0.0030586024,-0.0030586024,0,0,0.12938952,0.12938952,1.3322676e-14,1.3322676e-14,0.0023961401,0.0023961401,0.0023961401,0.0023961401,1.354819e-15,1.354819e-15,-0.01733208,-0.01733208,-0.0030586024,-0.0030586024,-0.01733208,-0.01733208,-0.0030586024,-0.0030586024,-9.4368957e-16,-9.4368957e-16,0,0,-0.020390683,-0.020390683,-8.8817842e-16,-8.8817842e-16,1.9984014e-15,1.9984014e-15,2.4424907e-15,2.4424907e-15,0.12633092,0.12633092,0.0030586024,0.0030586024,0.12633092,0.12633092,0.0030586024,0.0030586024,0.12938952,0.12938952,1.398881e-14,1.398881e-14,0.10899884,0.10899884,0.10899884,0.10899884,-0.0030586024,-0.0030586024,0.0014364477,0.0014364477,8.8817842e-16,8.8817842e-16,0.0015974267,0.0015974267,-0.00016097907,-0.00016097907,0.12938952,0.12938952,1.398881e-14,1.398881e-14,2.0702323,2.0702323,2.1893598e-13,2.1893598e-13,1.0351162,1.0351162,1.0769163e-13,1.0769163e-13,0.10899884,0.10899884,0.020390683,0.020390683,0.021799768,0.021799768,1.110223e-15,1.110223e-15,2.4729292e-14,2.4729292e-14,-2.2298754e-14,-2.2298754e-14,-1.110223e-16,-1.110223e-16,-1.110223e-16,-1.110223e-16,-0.020390683,-0.020390683,-3.663736e-15,-3.663736e-15,0,0,-1.3877788e-15,-1.3877788e-15,0,0,0,0
0.111383,0.111383,-0.111383,-0.111383,-8.2156504e-15,-8.2156504e-15,-1.4210855e-14,-1.4210855e-14,-0.111383,-0.111383,-0.016465476,-0.016465476,-0.0029056723,-0.0029056723,-0.016465476,-0.016465476,-0.0029056723,-0.0029056723,0,0,0.13075415,0.13075415,1.4210855e-14,1.4210855e-14,0.0022763331,0.0022763331,0.0022763331,0.0022763331,1.3791052e-15,1.3791052e-15,-0.016465476,-0.016465476,-0.0029056723,-0.0029056723,-0.016465476,-0.016465476,-0.0029056723,-0.0029056723,-9.15934e-16,-9.15934e-16,0,0,-0.019371148,-0.019371148,-9.9920072e-16,-9.9920072e-16,1.9984014e-15,1.9984014e-15,2.4424907e-15,2.4424907e-15,0.12784847,0.12784847,0.0029056723,0.0029056723,0.12784847,0.12784847,0.0029056723,0.0029056723,0.13075415,0.13075415,1.4654944e-14,1.4654944e-14,0.111383,0.111383,0.111383,0.111383,-0.0029056723,-0.0029056723,0.0013646253,0.0013646253,8.8817842e-16,8.8817842e-16,0.0015175554,0.0015175554,-0.00015293012,-0.00015293012,0.13075415,0.13075415,1.4654944e-14,1.4654944e-14,2.0920664,2.0920664,2.3003821e-13,2.3003821e-13,1.0460332,1.0460332,1.1335377e-13,1.1335377e-13,0.111383,0.111383,0.019371148,0.019371148,0.0222766,0.0222766,1.2212453e-15,1.2212453e-15,2.5140935e-14,2.5140935e-14,-2.2621306e-14,-2.2621306e-14,-1.110223e-16,-1.110223e-16,-1.110223e-16,-1.110223e-16,-0.019371148,-0.019371148,-3.7747583e-15,-3.7747583e-15,0,0,-1.4155344e-15,-1.4155344e-15,0,0,0,0
0.11364795,0.11364795,-0.11364795,-0.11364795,-8.9928065e-15,-8.9928065e-15,-1.4876989e-14,-1.4876989e-14,-0.11364795,-0.11364795,-0.015642202,-0.015642202,-0.0027603887,-0.0027603887,-0.015642202,-0.015642202,-0.0027603887,-0.0027603887,0,0,0.13205054,0.13205054,1.4876989e-14,1.4876989e-14,0.0021625165,0.0021625165,0.0021625165,0.0021625165,1.4025239e-15,1.4025239e-15,-0.015642202,-0.015642202,-0.0027603887,-0.0027603887,-0.015642202,-0.015642202,-0.0027603887,-0.0027603887,-9.15934e-16,-9.15934e-16,-1.110223e-16,-1.110223e-16,-0.018402591,-0.018402591,-1.110223e-15,-1.110223e-15,1.9984014e-15,1.9984014e-15,2.4424907e-15,2.4424907e-15,0.12929015,0.12929015,0.0027603887,0.0027603887,0.12929015,0.12929015,0.0027603887,0.0027603887,0.13205054,0.13205054,1.5321078e-14,1.5321078e-14,0.11364795,0.11364795,0.11364795,0.11364795,-0.0027603887,-0.0027603887,0.001296394,0.001296394,8.8817842e-16,8.8817842e-16,0.0014416776,0.0014416776,-0.00014528361,-0.00014528361,0.13205054,0.13205054,1.5321078e-14,1.5321078e-14,2.1128087,2.1128087,2.4147351e-13,2.4147351e-13,1.0564043,1.0564043,1.1901591e-13,1.1901591e-13,0.11364795,0.11364795,0.018402591,0.018402591,0.02272959,0.02272959,1.3322676e-15,1.3322676e-15,2.5533328e-14,2.5533328e-14,-2.2927648e-14,-2.2927648e-14,-1.110223e-16,-1.110223e-16,-1.110223e-16,-1.110223e-16,-0.018402591,-0.018402591,-3.8857806e-15,-3.8857806e-15,0,0,-1.4432899e-15,-1.4432899e-15,0,0,0,0
0.11579965,0.11579965,-0.11579965,-0.11579965,-9.6589403e-15,-9.6589403e-15,-1.5543122e-14,-1.5543122e-14,-0.11579965,-0.11579965,-0.014860092,-0.014860092,-0.0026223692,-0.0026223692,-0.014860092,-0.014860092,-0.0026223692,-0.0026223692,0,0,0.13328212,0.13328212,1.5543122e-14,1.5543122e-14,0.0020543906,0.0020543906,0.0020543906,0.0020543906,1.4250753e-15,1.4250753e-15,-0.014860092,-0.014860092,-0.0026223692,-0.0026223692,-0.014860092,-0.014860092,-0.0026223692,-0.0026223692,-9.15934e-16,-9.15934e-16,-1.110223e-16,-1.110223e-16,-0.017482461,-0.017482461,-1.110223e-15,-1.110223e-15,1.9984014e-15,1.9984014e-15,2.6645353e-15,2.6645353e-15,0.13065975,0.13065975,0.0026223692,0.0026223692,0.13065975,0.13065975,0.0026223692,0.0026223692,0.13328212,0.13328212,1.5987212e-14,1.5987212e-14,0.11579965,0.11579965,0.11579965,0.11579965,-0.0026223692,-0.0026223692,0.0012315743,0.0012315743,8.8817842e-16,8.8817842e-16,0.0013695938,0.0013695938,-0.00013801943,-0.00013801943,0.13328212,0.13328212,1.5987212e-14,1.5987212e-14,2.1325138,2.1325138,2.5301983e-13,2.5301983e-13,1.0662569,1.0662569,1.2478907e-13,1.2478907e-13,0.11579965,0.11579965,0.017482461,0.017482461,0.023159931,0.023159931,1.4155344e-15,1.4155344e-15,2.5906692e-14,2.5906692e-14,-2.321805e-14,-2.321805e-14,-1.110223e-16,-1.110223e-16,-1.110223e-16,-1.110223e-16,-0.017482461,-0.017482461,-3.9968029e-15,-3.9968029e-15,0,0,-1.4710455e-15,-1.4710455e-15,0,0,0,0
0.11784377,0.11784377,-0.11784377,-0.11784377,-1.0436096e-14,-1.0436096e-14,-1.6209256e-14,-1.6209256e-14,-0.11784377,-0.11784377,-0.014117088,-0.014117088,-0.0024912508,-0.0024912508,-0.014117088,-0.014117088,-0.0024912508,-0.0024912508,0,0,0.13445211,0.13445211,1.6209256e-14,1.6209256e-14,0.0019516711,0.0019516711,0.0019516711,0.0019516711,1.4467594e-15,1.4467594e-15,-0.014117088,-0.014117088,-0.0024912508,-0.0024912508,-0.014117088,-0.014117088,-0.0024912508,-0.0024912508,-9.15934e-16,-9.15934e-16,-2.220446e-16,-2.220446e-16,-0.016608338,-0.016608338,-1.2212453e-15,-1.2212453e-15,1.9984014e-15,1.9984014e-15,2.6645353e-15,2.6645353e-15,0.13196086,0.13196086,0.0024912508,0.0024912508,0.13196086,0.13196086,0.0024912508,0.0024912508,0.13445211,0.13445211,1.6653345e-14,1.6653345e-14,0.11784377,0.11784377,0.11784377,0.11784377,-0.0024912508,-0.0024912508,0.0011699956,0.0011699956,8.8817842e-16,8.8817842e-16,0.0013011141,0.0013011141,-0.00013111846,-0.00013111846,0.13445211,0.13445211,1.6653345e-14,1.6653345e-14,2.1512338,2.1512338,2.6478819e-13,2.6478819e-13,1.0756169,1.0756169,1.3067325e-13,1.3067325e-13,0.11784377,0.11784377,0.016608338,0.016608338,0.023568755,0.023568755,1.5265567e-15,1.5265567e-15,2.6261251e-14,2.6261251e-14,-2.3492773e-14,-2.3492773e-14,-1.110223e-16,-1.110223e-16,-1.110223e-16,-1.110223e-16,-0.016608338,-0.016608338,-4.1078252e-15,-4.1078252e-15,0,0,-1.4988011e-15,-1.4988011e-15,0,0,0,0
0.11978569,0.11978569,-0.11978569,-0.11978569,-1.110223e-14,-1.110223e-14,-1.687539e-14,-1.687539e-14,-0.11978569,-0.11978569,-0.013411233,-0.013411233,-0.0023666882,-0.0023666882,-0.013411233,-0.013411233,-0.0023666882,-0.0023666882,0,0,0.13556361,0.13556361,1.7097435e-14,1.7097435e-14,0.0018540875,0.0018540875,0.0018540875,0.0018540875,1.4684434e-15,1.4684434e-15,-0.013411233,-0.013411233,-0.0023666882,-0.0023666882,-0.013411233,-0.013411233,-0.0023666882,-0.0023666882,-9.15934e-16,-9.15934e-16,-2.220446e-16,-2.220446e-16,-0.015777921,-0.015777921,-1.2212453e-15,-1.2212453e-15,1.9984014e-15,1.9984014e-15,2.6645353e-15,2.6645353e-15,0.13319692,0.13319692,0.0023666882,0.0023666882,0.13319692,0.13319692,0.0023666882,0.0023666882,0.13556361,0.13556361,1.7541524e-14,1.7541524e-14,0.11978569,0.11978569,0.11978569,0.11978569,-0.0023666882,-0.0023666882,0.0011114958,0.0011114958,8.8817842e-16,8.8817842e-16,0.0012360584,0.0012360584,-0.00012456254,-0.00012456254,0.13556361,0.13556361,1.7541524e-14,1.7541524e-14,2.1690177,2.1690177,2.767786e-13,2.767786e-13,1.0845089,1.0845089,1.3666845e-13,1.3666845e-13,0.11978569,0.11978569,0.015777921,0.015777921,0.023957137,0.023957137,1.637579e-15,1.637579e-15,2.659723e-14,2.659723e-14,-2.3752072e-14,-2.3752072e-14,-1.110223e-16,-1.110223e-16,-1.110223e-16,-1.110223e-16,-0.015777921,-0.015777921,-4.1078252e-15,-4.1078252e-15,0,0,-1.4988011e-15,-1.4988011e-15,0,0,0,0
0.1216305,0.1216305,-0.1216305,-0.1216305,-1.1990409e-14,-1.1990409e-14,-1.7541524e-14,-1.7541524e-14,-0.1216305,-0.1216305,-0.012740672,-0.012740672,-0.0022483538,-0.0022483538,-0.012740672,-0.012740672,-0.0022483538,-0.0022483538,0,0,0.13661953,0.13661953,1.7763568e-14,1.7763568e-14,0.0017613832,0.0017613832,0.0017613832,0.0017613832,1.4892601e-15,1.4892601e-15,-0.012740672,-0.012740672,-0.0022483538,-0.0022483538,-0.012740672,-0.012740672,-0.0022483538,-0.0022483538,-9.15934e-16,-9.15934e-16,-3.3306691e-16,-3.3306691e-16,-0.014989025,-0.014989025,-1.3322676e-15,-1.3322676e-15,1.9984014e-15,1.9984014e-15,2.6645353e-15,2.6645353e-15,0.13437117,0.13437117,0.0022483538,0.0022483538,0.13437117,0.13437117,0.0022483538,0.0022483538,0.13661953,0.13661953,1.8207658e-14,1.8207658e-14,0.1216305,0.1216305,0.1216305,0.1216305,-0.0022483538,-0.0022483538,0.001055921,0.001055921,8.8817842e-16,8.8817842e-16,0.0011742554,0.0011742554,-0.00011833441,-0.00011833441,0.13661953,0.13661953,1.8207658e-14,1.8207658e-14,2.1859124,2.1859124,2.8899105e-13,2.8899105e-13,1.0929562,1.0929562,1.4277468e-13,1.4277468e-13,0.1216305,0.1216305,0.014989025,0.014989025,0.024326101,0.024326101,1.7763568e-15,1.7763568e-15,2.6914859e-14,2.6914859e-14,-2.399619e-14,-2.399619e-14,-1.110223e-16,-1.110223e-16,-1.110223e-16,-1.110223e-16,-0.014989025,-0.014989025,-4.2188475e-15,-4.2188475e-15,0,0,-1.5265567e-15,-1.5265567e-15,0,0,0,0
0.12338308,0.12338308,-0.12338308,-0.12338308,-1.2767565e-14,-1.2767565e-14,-1.8207658e-14,-1.8207658e-14,-0.12338308,-0.12338308,-0.012103638,-0.012103638,-0.0021359361,-0.0021359361,-0.012103638,-0.012103638,-0.0021359361,-0.0021359361,0,0,0.13762265,0.13762265,1.8651747e-14,1.8651747e-14,0.001673314,0.001673314,0.001673314,0.001673314,1.5092094e-15,1.5092094e-15,-0.012103638,-0.012103638,-0.0021359361,-0.0021359361,-0.012103638,-0.012103638,-0.0021359361,-0.0021359361,-9.15934e-16,-9.15934e-16,-3.3306691e-16,-3.3306691e-16,-0.014239574,-0.014239574,-1.3322676e-15,-1.3322676e-15,1.9984014e-15,1.9984014e-15,2.6645353e-15,2.6645353e-15,0.13548672,0.13548672,0.0021359361,0.0021359361,0.13548672,0.13548672,0.0021359361,0.0021359361,0.13762265,0.13762265,1.9095836e-14,1.9095836e-14,0.12338308,0.12338308,0.12338308,0.12338308,-0.0021359361,-0.0021359361,0.001003125,0.001003125,8.8817842e-16,8.8817842e-16,0.0011155427,0.0011155427,-0.00011241769,-0.00011241769,0.13762265,0.13762265,1.9095836e-14,1.9095836e-14,2.2019624,2.2019624,3.0131453e-13,3.0131453e-13,1.1009812,1.1009812,1.4899193e-13,1.4899193e-13,0.12338308,0.12338308,0.014239574,0.014239574,0.024676616,0.024676616,1.8873791e-15,1.8873791e-15,2.7214369e-14,2.7214369e-14,-2.4225368e-14,-2.4225368e-14,-1.110223e-16,-1.110223e-16,-2.220446e-16,-2.220446e-16,-0.014239574,-0.014239574,-4.3298698e-15,-4.3298698e-15,0,0,-1.5543122e-15,-1.5543122e-15,0,0,0,0
0.12504803,0.12504803,-0.12504803,-0.12504803,-1.3544721e-14,-1.3544721e-14,-1.8984814e-14,-1.8984814e-14,-0.12504803,-0.12504803,-0.011498456,-0.011498456,-0.0020291393,-0.0020291393,-0.011498456,-0.011498456,-0.0020291393,-0.0020291393,0,0,0.13857562,0.13857562,1.9317881e-14,1.9317881e-14,0.0015896483,0.0015896483,0.0015896483,0.0015896483,1.5282914e-15,1.5282914e-15,-0.011498456,-0.011498456,-0.0020291393,-0.0020291393,-0.011498456,-0.011498456,-0.0020291393,-0.0020291393,-8.8817842e-16,-8.8817842e-16,-4.4408921e-16,-4.4408921e-16,-0.013527595,-0.013527595,-1.4432899e-15,-1.4432899e-15,1.9984014e-15,1.9984014e-15,2.6645353e-15,2.6645353e-15,0.13654648,0.13654648,0.0020291393,0.0020291393,0.13654648,0.13654648,0.0020291393,0.0020291393,0.13857562,0.13857562,1.976197e-14,1.976197e-14,0.12504803,0.12504803,0.12504803,0.12504803,-0.0020291393,-0.0020291393,0.00095296873,0.00095296873,8.8817842e-16,8.8817842e-16,0.0010597655,0.0010597655,-0.00010679681,-0.00010679681,0.13857562,0.13857562,1.976197e-14,1.976197e-14,2.2172099,2.2172099,3.1386005e-13,3.1386005e-13,1.108605,1.108605,1.5520918e-13,1.5520918e-13,0.12504803,0.12504803,0.013527595,0.013527595,0.025009605,0.025009605,2.026157e-15,2.026157e-15,2.7495992e-14,2.7495992e-14,-2.4439839e-14,-2.4439839e-14,-1.110223e-16,-1.110223e-16,-2.220446e-16,-2.220446e-16,-0.013527595,-0.013527595,-4.4408921e-15,-4.4408921e-15,0,0,-1.5820678e-15,-1.5820678e-15,0,0,0,0
0.12662973,0.12662973,-0.12662973,-0.12662973,-1.4432899e-14,-1.4432899e-14,-1.9650948e-14,-1.9650948e-14,-0.12662973,-0.12662973,-0.010923533,-0.010923533,-0.0019276823,-0.0019276823,-0.010923533,-0.010923533,-0.0019276823,-0.0019276823,0,0,0.13948094,0.13948094,2.0206059e-14,2.0206059e-14,0.0015101659,0.0015101659,0.0015101659,0.0015101659,1.546506e-15,1.546506e-15,-0.010923533,-0.010923533,-0.0019276823,-0.0019276823,-0.010923533,-0.010923533,-0.0019276823,-0.0019276823,-8.8817842e-16,-8.8817842e-16,-4.4408921e-16,-4.4408921e-16,-0.012851216,-0.012851216,-1.4432899e-15,-1.4432899e-15,1.9984014e-15,1.9984014e-15,2.8865799e-15,2.8865799e-15,0.13755326,0.13755326,0.0019276823,0.0019276823,0.13755326,0.13755326,0.0019276823,0.0019276823,0.13948094,0.13948094,2.0650148e-14,2.0650148e-14,0.12662973,0.12662973,0.12662973,0.12662973,-0.0019276823,-0.0019276823,0.0009053203,0.0009053203,8.8817842e-16,8.8817842e-16,0.0010067773,0.0010067773,-0.00010145697,-0.00010145697,0.13948094,0.13948094,2.0650148e-14,2.0650148e-14,2.2316951,2.2316951,3.2662761e-13,3.2662761e-13,1.1158475,1.1158475,1.6164847e-13,1.6164847e-13,0.12662973,0.12662973,0.012851216,0.012851216,0.025325945,0.025325945,2.1371793e-15,2.1371793e-15,2.7759965e-14,2.7759965e-14,-2.463983e-14,-2.463983e-14,-1.110223e-16,-1.110223e-16,-2.220446e-16,-2.220446e-16,-0.012851216,-0.012851216,-4.5519144e-15,-4.5519144e-15,0,0,-1.5820678e-15,-1.5820678e-15,0,0,0,0
0.12813234,0.12813234,-0.12813234,-0.12813234,-1.5210055e-14,-1.5210055e-14,-2.0428104e-14,-2.0428104e-14,-0.12813234,-0.12813234,-0.010377357,-0.010377357,-0.0018312982,-0.0018312982,-0.010377357,-0.010377357,-0.0018312982,-0.0018312982,0,0,0.140341,0.140341,2.0872193e-14,2.0872193e-14,0.0014346576,0.0014346576,0.0014346576,0.0014346576,1.5647206e-15,1.5647206e-15,-0.010377357,-0.010377357,-0.0018312982,-0.0018312982,-0.010377357,-0.010377357,-0.0018312982,-0.0018312982,-8.8817842e-16,-8.8817842e-16,-5.5511151e-16,-5.5511151e-16,-0.012208655,-0.012208655,-1.4432899e-15,-1.4432899e-15,1.9984014e-15,1.9984014e-15,2.8865799e-15,2.8865799e-15,0.1385097,0.1385097,0.0018312982,0.0018312982,0.1385097,0.1385097,0.0018312982,0.0018312982,0.140341,0.140341,2.1538327e-14,2.1538327e-14,0.12813234,0.12813234,0.12813234,0.12813234,-0.0018312982,-0.0018312982,0.00086005428,0.00086005428,8.8817842e-16,8.8817842e-16,0.0009564384,0.0009564384,-9.6384117e-05,-9.6384117e-05,0.140341,0.140341,2.1316282e-14,2.1316282e-14,2.2454559,2.2454559,3.395062e-13,3.395062e-13,1.122728,1.122728,1.6808777e-13,1.6808777e-13,0.12813234,0.12813234,0.012208655,0.012208655,0.025626468,0.025626468,2.2759572e-15,2.2759572e-15,2.8006522e-14,2.8006522e-14,-2.4825565e-14,-2.4825565e-14,-1.110223e-16,-1.110223e-16,-2.220446e-16,-2.220446e-16,-0.012208655,-0.012208655,-4.5519144e-15,-4.5519144e-15,0,0,-1.6098234e-15,-1.6098234e-15,0,0,0,0
0.12955983,0.12955983,-0.12955983,-0.12955983,-1.6098234e-14,-1.6098234e-14,-2.120526e-14,-2.120526e-14,-0.12955983,-0.12955983,-0.0098584888,-0.0098584888,-0.0017397333,-0.0017397333,-0.0098584888,-0.0098584888,-0.0017397333,-0.0017397333,0,0,0.14115805,0.14115805,2.1760371e-14,2.1760371e-14,0.0013629247,0.0013629247,0.0013629247,0.0013629247,1.5820678e-15,1.5820678e-15,-0.0098584888,-0.0098584888,-0.0017397333,-0.0017397333,-0.0098584888,-0.0098584888,-0.0017397333,-0.0017397333,-8.8817842e-16,-8.8817842e-16,-5.5511151e-16,-5.5511151e-16,-0.011598222,-0.011598222,-1.5543122e-15,-1.5543122e-15,1.9984014e-15,1.9984014e-15,2.8865799e-15,2.8865799e-15,0.13941831,0.13941831,0.0017397333,0.0017397333,0.13941831,0.13941831,0.0017397333,0.0017397333,0.14115805,0.14115805,2.220446e-14,2.220446e-14,0.12955983,0.12955983,0.12955983,0.12955983,-0.0017397333,-0.0017397333,0.00081705157,0.00081705157,8.8817842e-16,8.8817842e-16,0.00090861648,0.00090861648,-9.1564912e-05,-9.1564912e-05,0.14115805,0.14115805,2.220446e-14,2.220446e-14,2.2585288,2.2585288,3.5249581e-13,3.5249581e-13,1.1292644,1.1292644,1.7452706e-13,1.7452706e-13,0.12955983,0.12955983,0.011598222,0.011598222,0.025911965,0.025911965,2.4147351e-15,2.4147351e-15,2.8235904e-14,2.8235904e-14,-2.4997263e-14,-2.4997263e-14,-1.110223e-16,-1.110223e-16,-2.220446e-16,-2.220446e-16,-0.011598222,-0.011598222,-4.6629367e-15,-4.6629367e-15,0,0,-1.637579e-15,-1.637579e-15,0,0,0,0
0.13091594,0.13091594,-0.13091594,-0.13091594,-1.687539e-14,-1.687539e-14,-2.1871394e-14,-2.1871394e-14,-0.13091594,-0.13091594,-0.0093655644,-0.0093655644,-0.0016527467,-0.0016527467,-0.0093655644,-0.0093655644,-0.0016527467,-0.0016527467,0,0,0.14193425,0.14193425,2.264855e-14,2.264855e-14,0.0012947785,0.0012947785,0.0012947785,0.0012947785,1.599415e-15,1.599415e-15,-0.0093655644,-0.0093655644,-0.0016527467,-0.0016527467,-0.0093655644,-0.0093655644,-0.0016527467,-0.0016527467,-8.8817842e-16,-8.8817842e-16,-6.6613381e-16,-6.6613381e-16,-0.011018311,-0.011018311,-1.5543122e-15,-1.5543122e-15,1.9984014e-15,1.9984014e-15,2.8865799e-15,2.8865799e-15,0.1402815,0.1402815,0.0016527467,0.0016527467,0.1402815,0.1402815,0.0016527467,0.0016527467,0.14193425,0.14193425,2.3092639e-14,2.3092639e-14,0.13091594,0.13091594,0.13091594,0.13091594,-0.0016527467,-0.0016527467,0.00077619899,0.00077619899,8.8817842e-16,8.8817842e-16,0.00086318566,0.00086318566,-8.6986666e-05,-8.6986666e-05,0.14193425,0.14193425,2.3092639e-14,2.3092639e-14,2.2709479,2.2709479,3.6570746e-13,3.6570746e-13,1.135474,1.135474,1.811884e-13,1.811884e-13,0.13091594,0.13091594,0.011018311,0.011018311,0.026183187,0.026183187,2.553513e-15,2.553513e-15,2.8448348e-14,2.8448348e-14,-2.5155139e-14,-2.5155139e-14,-1.110223e-16,-1.110223e-16,-2.220446e-16,-2.220446e-16,-0.011018311,-0.011018311,-4.773959e-15,-4.773959e-15,0,0,-1.637579e-15,-1.637579e-15,0,0,0,0
0.13220424,0.13220424,-0.13220424,-0.13220424,-1.7874591e-14,-1.7874591e-14,-2.264855e-14,-2.264855e-14,-0.13220424,-0.13220424,-0.0088972862,-0.0088972862,-0.0015701093,-0.0015701093,-0.0088972862,-0.0088972862,-0.0015701093,-0.0015701093,0,0,0.14267164,0.14267164,2.3314684e-14,2.3314684e-14,0.0012300396,0.0012300396,0.0012300396,0.0012300396,1.6150276e-15,1.6150276e-15,-0.0088972862,-0.0088972862,-0.0015701093,-0.0015701093,-0.0088972862,-0.0088972862,-0.0015701093,-0.0015701093,-8.8817842e-16,-8.8817842e-16,-6.6613381e-16,-6.6613381e-16,-0.010467395,-0.010467395,-1.6653345e-15,-1.6653345e-15,1.9984014e-15,1.9984014e-15,2.8865799e-15,2.8865799e-15,0.14110153,0.14110153,0.0015701093,0.0015701093,0.14110153,0.14110153,0.0015701093,0.0015701093,0.14267164,0.14267164,2.3980817e-14,2.3980817e-14,0.13220424,0.13220424,0.13220424,0.13220424,-0.0015701093,-0.0015701093,0.00073738904,0.00073738904,1.110223e-15,1.110223e-15,0.00082002637,0.00082002637,-8.2637333e-05,-8.2637333e-05,0.14267164,0.14267164,2.3980817e-14,2.3980817e-14,2.2827462,2.2827462,3.7903014e-13,3.7903014e-13,1.1413731,1.1413731,1.8784974e-13,1.8784974e-13,0.13220424,0.13220424,0.010467395,0.010467395,0.026440848,0.026440848,2.6922908e-15,2.6922908e-15,2.8644095e-14,2.8644095e-14,-2.5299406e-14,-2.5299406e-14,-1.110223e-16,-1.110223e-16,-2.220446e-16,-2.220446e-16,-0.010467395,-0.010467395,-4.8849813e-15,-4.8849813e-15,0,0,-1.6653345e-15,-1.6653345e-15,0,0,0,0
0.13342813,0.13342813,-0.13342813,-0.13342813,-1.8651747e-14,-1.8651747e-14,-2.3425706e-14,-2.3425706e-14,-0.13342813,-0.13342813,-0.0084524218,-0.0084524218,-0.0014916039,-0.0014916039,-0.0084524218,-0.0084524218,-0.0014916039,-0.0014916039,0,0,0.14337216,0.14337216,2.4202862e-14,2.4202862e-14,0.0011685376,0.0011685376,0.0011685376,0.0011685376,1.6306401e-15,1.6306401e-15,-0.0084524218,-0.0084524218,-0.0014916039,-0.0014916039,-0.0084524218,-0.0084524218,-0.0014916039,-0.0014916039,-8.6042284e-16,-8.6042284e-16,-7.7715612e-16,-7.7715612e-16,-0.0099440257,-0.0099440257,-1.6653345e-15,-1.6653345e-15,1.9984014e-15,1.9984014e-15,2.8865799e-15,2.8865799e-15,0.14188055,0.14188055,0.0014916039,0.0014916039,0.14188055,0.14188055,0.0014916039,0.0014916039,0.14337216,0.14337216,2.4646951e-14,2.4646951e-14,0.13342813,0.13342813,0.13342813,0.13342813,-0.0014916039,-0.0014916039,0.00070051959,0.00070051959,1.110223e-15,1.110223e-15,0.00077902505,0.00077902505,-7.8505466e-05,-7.8505466e-05,0.14337216,0.14337216,2.4646951e-14,2.4646951e-14,2.2939545,2.2939545,3.9257486e-13,3.9257486e-13,1.1469772,1.1469772,1.946221e-13,1.946221e-13,0.13342813,0.13342813,0.0099440257,0.0099440257,0.026685626,0.026685626,2.8310687e-15,2.8310687e-15,2.8823387e-14,2.8823387e-14,-2.5430273e-14,-2.5430273e-14,-1.110223e-16,-1.110223e-16,-2.220446e-16,-2.220446e-16,-0.0099440257,-0.0099440257,-4.8849813e-15,-4.8849813e-15,0,0,-1.6930901e-15,-1.6930901e-15,0,0,0,0
0.13459082,0.13459082,-0.13459082,-0.13459082,-1.9650948e-14,-1.9650948e-14,-2.4313884e-14,-2.4313884e-14,-0.13459082,-0.13459082,-0.0080298008,-0.0080298008,-0.0014170237,-0.0014170237,-0.0080298008,-0.0080298008,-0.0014170237,-0.0014170237,0,0,0.14403765,0.14403765,2.509104e-14,2.509104e-14,0.0011101107,0.0011101107,0.0011101107,0.0011101107,1.6462526e-15,1.6462526e-15,-0.0080298008,-0.0080298008,-0.0014170237,-0.0014170237,-0.0080298008,-0.0080298008,-0.0014170237,-0.0014170237,-8.6042284e-16,-8.6042284e-16,-7.7715612e-16,-7.7715612e-16,-0.0094468244,-0.0094468244,-1.7763568e-15,-1.7763568e-15,1.9984014e-15,1.9984014e-15,2.8865799e-15,2.8865799e-15,0.14262063,0.14262063,0.0014170237,0.0014170237,0.14262063,0.14262063,0.0014170237,0.0014170237,0.14403765,0.14403765,2.553513e-14,2.553513e-14,0.13459082,0.13459082,0.13459082,0.13459082,-0.0014170237,-0.0014170237,0.00066549361,0.00066549361,1.110223e-15,1.110223e-15,0.0007400738,0.0007400738,-7.4580193e-05,-7.4580193e-05,0.14403765,0.14403765,2.553513e-14,2.553513e-14,2.3046024,2.3046024,4.062306e-13,4.062306e-13,1.1523012,1.1523012,2.0139446e-13,2.0139446e-13,0.13459082,0.13459082,0.0094468244,0.0094468244,0.026918165,0.026918165,2.9698466e-15,2.9698466e-15,2.8986465e-14,2.8986465e-14,-2.5547946e-14,-2.5547946e-14,-1.110223e-16,-1.110223e-16,-2.220446e-16,-2.220446e-16,-0.0094468244,-0.0094468244,-4.9960036e-15,-4.9960036e-15,0,0,-1.6930901e-15,-1.6930901e-15,0,0,0,0
0.13569538,0.13569538,-0.13569538,-0.13569538,-2.0317081e-14,-2.0317081e-14,-2.509104e-14,-2.509104e-14,-0.13569538,-0.13569538,-0.0076283107,-0.0076283107,-0.0013461725,-0.0013461725,-0.0076283107,-0.0076283107,-0.0013461725,-0.0013461725,0,0,0.14466987,0.14466987,2.5979219e-14,2.5979219e-14,0.0010546052,0.0010546052,0.0010546052,0.0010546052,1.6609977e-15,1.6609977e-15,-0.0076283107,-0.0076283107,-0.0013461725,-0.0013461725,-0.0076283107,-0.0076283107,-0.0013461725,-0.0013461725,-8.6042284e-16,-8.6042284e-16,-8.8817842e-16,-8.8817842e-16,-0.0089744832,-0.0089744832,-1.7763568e-15,-1.7763568e-15,1.9984014e-15,1.9984014e-15,3.1086245e-15,3.1086245e-15,0.1433237,0.1433237,0.0013461725,0.0013461725,0.1433237,0.1433237,0.0013461725,0.0013461725,0.14466987,0.14466987,2.6423308e-14,2.6423308e-14,0.13569538,0.13569538,0.13569538,0.13569538,-0.0013461725,-0.0013461725,0.00063221893,0.00063221893,1.110223e-15,1.110223e-15,0.00070307011,0.00070307011,-7.0851183e-05,-7.0851183e-05,0.14466987,0.14466987,2.6423308e-14,2.6423308e-14,2.3147179,2.3147179,4.1999737e-13,4.1999737e-13,1.1573589,1.1573589,2.0827784e-13,2.0827784e-13,0.13569538,0.13569538,0.0089744832,0.0089744832,0.027139077,0.027139077,3.1086245e-15,3.1086245e-15,2.9133572e-14,2.9133572e-14,-2.5652629e-14,-2.5652629e-14,-1.110223e-16,-1.110223e-16,-2.220446e-16,-2.220446e-16,-0.0089744832,-0.0089744832,-5.1070259e-15,-5.1070259e-15,0,0,-1.7208457e-15,-1.7208457e-15,0,0,0,0
0.13674472,0.13674472,-0.13674472,-0.13674472,-2.1316282e-14,-2.1316282e-14,-2.5868196e-14,-2.5868196e-14,-0.13674472,-0.13674472,-0.0072468952,-0.0072468952,-0.0012788639,-0.0012788639,-0.0072468952,-0.0072468952,-0.0012788639,-0.0012788639,0,0,0.14527048,0.14527048,2.6867397e-14,2.6867397e-14,0.0010018749,0.0010018749,0.0010018749,0.0010018749,1.6748755e-15,1.6748755e-15,-0.0072468952,-0.0072468952,-0.0012788639,-0.0012788639,-0.0072468952,-0.0072468952,-0.0012788639,-0.0012788639,-8.6042284e-16,-8.6042284e-16,-8.8817842e-16,-8.8817842e-16,-0.008525759,-0.008525759,-1.7763568e-15,-1.7763568e-15,1.9984014e-15,1.9984014e-15,3.1086245e-15,3.1086245e-15,0.14399161,0.14399161,0.0012788639,0.0012788639,0.14399161,0.14399161,0.0012788639,0.0012788639,0.14527048,0.14527048,2.7311486e-14,2.7311486e-14,0.13674472,0.13674472,0.13674472,0.13674472,-0.0012788639,-0.0012788639,0.00060060798,0.00060060798,1.110223e-15,1.110223e-15,0.00066791661,0.00066791661,-6.7308624e-05,-6.7308624e-05,0.14527048,0.14527048,2.7311486e-14,2.7311486e-14,2.3243276,2.3243276,4.3387516e-13,4.3387516e-13,1.1621638,1.1621638,2.1527224e-13,2.1527224e-13,0.13674472,0.13674472,0.008525759,0.008525759,0.027348943,0.027348943,3.2751579e-15,3.2751579e-15,2.9264949e-14,2.9264949e-14,-2.5744522e-14,-2.5744522e-14,-1.110223e-16,-1.110223e-16,-2.220446e-16,-2.220446e-16,-0.008525759,-0.008525759,-5.1070259e-15,-5.1070259e-15,0,0,-1.7208457e-15,-1.7208457e-15,0,0,0,0
0.13774158,0.13774158,-0.13774158,-0.13774158,-2.220446e-14,-2.220446e-14,-2.6756375e-14,-2.6756375e-14,-0.13774158,-0.13774158,-0.0068845504,-0.0068845504,-0.0012149207,-0.0012149207,-0.0068845504,-0.0068845504,-0.0012149207,-0.0012149207,0,0,0.14584105,0.14584105,2.7755576e-14,2.7755576e-14,0.00095178116,0.00095178116,0.00095178116,0.00095178116,1.6887533e-15,1.6887533e-15,-0.0068845504,-0.0068845504,-0.0012149207,-0.0012149207,-0.0068845504,-0.0068845504,-0.0012149207,-0.0012149207,-8.6042284e-16,-8.6042284e-16,-8.8817842e-16,-8.8817842e-16,-0.0080994711,-0.0080994711,-1.8873791e-15,-1.8873791e-15,1.9984014e-15,1.9984014e-15,3.1086245e-15,3.1086245e-15,0.14462613,0.14462613,0.0012149207,0.0012149207,0.14462613,0.14462613,0.0012149207,0.0012149207,0.14584105,0.14584105,2.8199665e-14,2.8199665e-14,0.13774158,0.13774158,0.13774158,0.13774158,-0.0012149207,-0.0012149207,0.00057057758,0.00057057758,1.110223e-15,1.110223e-15,0.00063452078,0.00063452078,-6.3943193e-05,-6.3943193e-05,0.14584105,0.14584105,2.8199665e-14,2.8199665e-14,2.3334569,2.3334569,4.4797499e-13,4.4797499e-13,1.1667284,1.1667284,2.2226665e-13,2.2226665e-13,0.13774158,0.13774158,0.0080994711,0.0080994711,0.027548316,0.027548316,3.4139358e-15,3.4139358e-15,2.9380839e-14,2.9380839e-14,-2.5823824e-14,-2.5823824e-14,-1.110223e-16,-1.110223e-16,-2.220446e-16,-2.220446e-16,-0.0080994711,-0.0080994711,-5.2180482e-15,-5.2180482e-15,0,0,-1.7486013e-15,-1.7486013e-15,0,0,0,0
0.1386886,0.1386886,-0.1386886,-0.1386886,-2.3092639e-14,-2.3092639e-14,-2.7533531e-14,-2.7533531e-14,-0.1386886,-0.1386886,-0.0065403229,-0.0065403229,-0.0011541746,-0.0011541746,-0.0065403229,-0.0065403229,-0.0011541746,-0.0011541746,0,0,0.1463831,0.1463831,2.8643754e-14,2.8643754e-14,0.00090419211,0.00090419211,0.00090419211,0.00090419211,1.7017637e-15,1.7017637e-15,-0.0065403229,-0.0065403229,-0.0011541746,-0.0011541746,-0.0065403229,-0.0065403229,-0.0011541746,-0.0011541746,-8.6042284e-16,-8.6042284e-16,-9.9920072e-16,-9.9920072e-16,-0.0076944975,-0.0076944975,-1.8873791e-15,-1.8873791e-15,1.9984014e-15,1.9984014e-15,3.1086245e-15,3.1086245e-15,0.14522893,0.14522893,0.0011541746,0.0011541746,0.14522893,0.14522893,0.0011541746,0.0011541746,0.1463831,0.1463831,2.9087843e-14,2.9087843e-14,0.1386886,0.1386886,0.1386886,0.1386886,-0.0011541746,-0.0011541746,0.0005420487,0.0005420487,1.110223e-15,1.110223e-15,0.00060279474,0.00060279474,-6.0746033e-05,-6.0746033e-05,0.1463831,0.1463831,2.9087843e-14,2.9087843e-14,2.3421296,2.3421296,4.6207482e-13,4.6207482e-13,1.1710648,1.1710648,2.2937208e-13,2.2937208e-13,0.1386886,0.1386886,0.0076944975,0.0076944975,0.027737721,0.027737721,3.5804693e-15,3.5804693e-15,2.9481483e-14,2.9481483e-14,-2.5890734e-14,-2.5890734e-14,-1.110223e-16,-1.110223e-16,-2.220446e-16,-2.220446e-16,-0.0076944975,-0.0076944975,-5.2180482e-15,-5.2180482e-15,0,0,-1.7486013e-15,-1.7486013e-15,0,0,0,0
0.13958828,0.13958828,-0.13958828,-0.13958828,-2.3980817e-14,-2.3980817e-14,-2.8421709e-14,-2.8421709e-14,-0.13958828,-0.13958828,-0.0062133068,-0.0062133068,-0.0010964659,-0.0010964659,-0.0062133068,-0.0062133068,-0.0010964659,-0.0010964659,0,0,0.14689805,0.14689805,2.9531932e-14,2.9531932e-14,0.0008589825,0.0008589825,0.0008589825,0.0008589825,1.7139068e-15,1.7139068e-15,-0.0062133068,-0.0062133068,-0.0010964659,-0.0010964659,-0.0062133068,-0.0062133068,-0.0010964659,-0.0010964659,-8.3266727e-16,-8.3266727e-16,-9.9920072e-16,-9.9920072e-16,-0.0073097727,-0.0073097727,-1.8873791e-15,-1.8873791e-15,1.9984014e-15,1.9984014e-15,3.1086245e-15,3.1086245e-15,0.14580158,0.14580158,0.0010964659,0.0010964659,0.14580158,0.14580158,0.0010964659,0.0010964659,0.14689805,0.14689805,2.9976022e-14,2.9976022e-14,0.13958828,0.13958828,0.13958828,0.13958828,-0.0010964659,-0.0010964659,0.00051494627,0.00051494627,1.110223e-15,1.110223e-15,0.000572655,0.000572655,-5.7708731e-05,-5.7708731e-05,0.14689805,0.14689805,2.9976022e-14,2.9976022e-14,2.3503688,2.3503688,4.763967e-13,4.763967e-13,1.1751844,1.1751844,2.3658853e-13,2.3658853e-13,0.13958828,0.13958828,0.0073097727,0.0073097727,0.027917655,0.027917655,3.7470027e-15,3.7470027e-15,2.9567124e-14,2.9567124e-14,-2.5945444e-14,-2.5945444e-14,-1.110223e-16,-1.110223e-16,-2.220446e-16,-2.220446e-16,-0.0073097727,-0.0073097727,-5.3290705e-15,-5.3290705e-15,0,0,-1.7763568e-15,-1.7763568e-15,0,0,0,0
0.14044296,0.14044296,-0.14044296,-0.14044296,-2.509104e-14,-2.509104e-14,-2.9198866e-14,-2.9198866e-14,-0.14044296,-0.14044296,-0.0059026414,-0.0059026414,-0.0010416426,-0.0010416426,-0.0059026414,-0.0059026414,-0.0010416426,-0.0010416426,0,0,0.14738725,0.14738725,3.0420111e-14,3.0420111e-14,0.00081603338,0.00081603338,0.00081603338,0.00081603338,1.7260499e-15,1.7260499e-15,-0.0059026414,-0.0059026414,-0.0010416426,-0.0010416426,-0.0059026414,-0.0059026414,-0.0010416426,-0.0010416426,-8.3266727e-16,-8.3266727e-16,-1.110223e-15,-1.110223e-15,-0.006944284,-0.006944284,-1.9984014e-15,-1.9984014e-15,1.9984014e-15,1.9984014e-15,3.1086245e-15,3.1086245e-15,0.1463456,0.1463456,0.0010416426,0.0010416426,0.1463456,0.1463456,0.0010416426,0.0010416426,0.14738725,0.14738725,3.08642e-14,3.08642e-14,0.14044296,0.14044296,0.14044296,0.14044296,-0.0010416426,-0.0010416426,0.00048919896,0.00048919896,1.110223e-15,1.110223e-15,0.00054402225,0.00054402225,-5.4823295e-05,-5.4823295e-05,0.14738725,0.14738725,3.08642e-14,3.08642e-14,2.358196,2.358196,4.908296e-13,4.908296e-13,1.179098,1.179098,2.4380498e-13,2.4380498e-13,0.14044296,0.14044296,0.006944284,0.006944284,0.028088593,0.028088593,3.9135362e-15,3.9135362e-15,2.9638001e-14,2.9638001e-14,-2.5988149e-14,-2.5988149e-14,-1.110223e-16,-1.110223e-16,-2.220446e-16,-2.220446e-16,-0.006944284,-0.006944284,-5.3290705e-15,-5.3290705e-15,0,0,-1.7763568e-15,-1.7763568e-15,0,0,0,0
0.14125492,0.14125492,-0.14125492,-0.14125492,-2.5979219e-14,-2.5979219e-14,-3.0087044e-14,-3.0087044e-14,-0.14125492,-0.14125492,-0.0056075093,-0.0056075093,-0.00098956047,-0.00098956047,-0.0056075093,-0.0056075093,-0.00098956047,-0.00098956047,0,0,0.14785199,0.14785199,3.1308289e-14,3.1308289e-14,0.00077523171,0.00077523171,0.00077523171,0.00077523171,1.7381929e-15,1.7381929e-15,-0.0056075093,-0.0056075093,-0.00098956047,-0.00098956047,-0.0056075093,-0.0056075093,-0.00098956047,-0.00098956047,-8.3266727e-16,-8.3266727e-16,-1.110223e-15,-1.110223e-15,-0.0065970698,-0.0065970698,-1.9984014e-15,-1.9984014e-15,1.9984014e-15,1.9984014e-15,3.1086245e-15,3.1086245e-15,0.14686243,0.14686243,0.00098956047,0.00098956047,0.14686243,0.14686243,0.00098956047,0.00098956047,0.14785199,0.14785199,3.1752379e-14,3.1752379e-14,0.14125492,0.14125492,0.14125492,0.14125492,-0.00098956047,-0.00098956047,0.00046473901,0.00046473901,1.110223e-15,1.110223e-15,0.00051682114,0.00051682114,-5.208213e-05,-5.208213e-05,0.14785199,0.14785199,3.1752379e-14,3.1752379e-14,2.3656318,2.3656318,5.052625e-13,5.052625e-13,1.1828159,1.1828159,2.5102143e-13,2.5102143e-13,0.14125492,0.14125492,0.0065970698,0.0065970698,0.028250983,0.028250983,4.052314e-15,4.052314e-15,2.9694356e-14,2.9694356e-14,-2.6019039e-14,-2.6019039e-14,-1.110223e-16,-1.110223e-16,-2.220446e-16,-2.220446e-16,-0.0065970698,-0.0065970698,-5.4400928e-15,-5.4400928e-15,0,0,-1.7763568e-15,-1.7763568e-15,0,0,0,0
0.14202627,0.14202627,-0.14202627,-0.14202627,-2.6867397e-14,-2.6867397e-14,-3.0975222e-14,-3.0975222e-14,-0.14202627,-0.14202627,-0.0053271339,-0.0053271339,-0.00094008245,-0.00094008245,-0.0053271339,-0.0053271339,-0.00094008245,-0.00094008245,0,0,0.14829349,0.14829349,3.2196468e-14,3.2196468e-14,0.00073647012,0.00073647012,0.00073647012,0.00073647012,1.7494686e-15,1.7494686e-15,-0.0053271339,-0.0053271339,-0.00094008245,-0.00094008245,-0.0053271339,-0.0053271339,-0.00094008245,-0.00094008245,-8.3266727e-16,-8.3266727e-16,-1.110223e-15,-1.110223e-15,-0.0062672163,-0.0062672163,-1.9984014e-15,-1.9984014e-15,1.9984014e-15,1.9984014e-15,3.1086245e-15,3.1086245e-15,0.14735341,0.14735341,0.00094008245,0.00094008245,0.14735341,0.14735341,0.00094008245,0.00094008245,0.14829349,0.14829349,3.2640557e-14,3.2640557e-14,0.14202627,0.14202627,0.14202627,0.14202627,-0.00094008245,-0.00094008245,0.00044150206,0.00044150206,1.110223e-15,1.110223e-15,0.00049098008,0.00049098008,-4.9478024e-05,-4.9478024e-05,0.14829349,0.14829349,3.2640557e-14,3.2640557e-14,2.3726958,2.3726958,5.1991744e-13,5.1991744e-13,1.1863479,1.1863479,2.583489e-13,2.583489e-13,0.14202627,0.14202627,0.0062672163,0.0062672163,0.028405254,0.028405254,4.2188475e-15,4.2188475e-15,2.9736426e-14,2.9736426e-14,-2.6038303e-14,-2.6038303e-14,-1.110223e-16,-1.110223e-16,-2.220446e-16,-2.220446e-16,-0.0062672163,-0.0062672163,-5.5511151e-15,-5.5511151e-15,0,0,-1.8041124e-15,-1.8041124e-15,0,0,0,0
0.14275906,0.14275906,-0.14275906,-0.14275906,-2.7866598e-14,-2.7866598e-14,-3.1863401e-14,-3.1863401e-14,-0.14275906,-0.14275906,-0.0050607772,-0.0050607772,-0.00089307833,-0.00089307833,-0.0050607772,-0.0050607772,-0.00089307833,-0.00089307833,0,0,0.14871292,0.14871292,3.3084646e-14,3.3084646e-14,0.00069964662,0.00069964662,0.00069964662,0.00069964662,1.759877e-15,1.759877e-15,-0.0050607772,-0.0050607772,-0.00089307833,-0.00089307833,-0.0050607772,-0.0050607772,-0.00089307833,-0.00089307833,-8.3266727e-16,-8.3266727e-16,-1.2212453e-15,-1.2212453e-15,-0.0059538555,-0.0059538555,-2.1094237e-15,-2.1094237e-15,1.9984014e-15,1.9984014e-15,3.1086245e-15,3.1086245e-15,0.14781984,0.14781984,0.00089307833,0.00089307833,0.14781984,0.14781984,0.00089307833,0.00089307833,0.14871292,0.14871292,3.3528735e-14,3.3528735e-14,0.14275906,0.14275906,0.14275906,0.14275906,-0.00089307833,-0.00089307833,0.00041942695,0.00041942695,1.110223e-15,1.110223e-15,0.00046643108,0.00046643108,-4.7004122e-05,-4.7004122e-05,0.14871292,0.14871292,3.3528735e-14,3.3528735e-14,2.3794066,2.3794066,5.3468341e-13,5.3468341e-13,1.1897033,1.1897033,2.6567637e-13,2.6567637e-13,0.14275906,0.14275906,0.0059538555,0.0059538555,0.028551812,0.028551812,4.3853809e-15,4.3853809e-15,2.976445e-14,2.976445e-14,-2.6046129e-14,-2.6046129e-14,-2.220446e-16,-2.220446e-16,-2.220446e-16,-2.220446e-16,-0.0059538555,-0.0059538555,-5.5511151e-15,-5.5511151e-15,0,0,-1.8041124e-15,-1.8041124e-15,0,0,0,0
0.14345521,0.14345521,-0.14345521,-0.14345521,-2.8865799e-14,-2.8865799e-14,-3.2640557e-14,-3.2640557e-14,-0.14345521,-0.14345521,-0.0048077383,-0.0048077383,-0.00084842441,-0.00084842441,-0.0048077383,-0.0048077383,-0.00084842441,-0.00084842441,0,0,0.14911137,0.14911137,3.3972825e-14,3.3972825e-14,0.00066466428,0.00066466428,0.00066466428,0.00066466428,1.7711527e-15,1.7711527e-15,-0.0048077383,-0.0048077383,-0.00084842441,-0.00084842441,-0.0048077383,-0.0048077383,-0.00084842441,-0.00084842441,-8.0491169e-16,-8.0491169e-16,-1.2212453e-15,-1.2212453e-15,-0.0056561627,-0.0056561627,-2.1094237e-15,-2.1094237e-15,1.9984014e-15,1.9984014e-15,3.1086245e-15,3.1086245e-15,0.14826295,0.14826295,0.00084842441,0.00084842441,0.14826295,0.14826295,0.00084842441,0.00084842441,0.14911137,0.14911137,3.4638958e-14,3.4638958e-14,0.14345521,0.14345521,0.14345521,0.14345521,-0.00084842441,-0.00084842441,0.00039845561,0.00039845561,1.110223e-15,1.110223e-15,0.00044310952,0.00044310952,-4.4653916e-05,-4.4653916e-05,0.14911137,0.14911137,3.4638958e-14,3.4638958e-14,2.3857819,2.3857819,5.4944937e-13,5.4944937e-13,1.192891,1.192891,2.7311486e-13,2.7311486e-13,0.14345521,0.14345521,0.0056561627,0.0056561627,0.028691042,0.028691042,4.5519144e-15,4.5519144e-15,2.9778665e-14,2.9778665e-14,-2.6042703e-14,-2.6042703e-14,-2.220446e-16,-2.220446e-16,-2.220446e-16,-2.220446e-16,-0.0056561627,-0.0056561627,-5.5511151e-15,-5.5511151e-15,0,0,-1.8041124e-15,-1.8041124e-15,0,0,0,0
0.14411655,0.14411655,-0.14411655,-0.14411655,-2.9864999e-14,-2.9864999e-14,-3.3528735e-14,-3.3528735e-14,-0.14411655,-0.14411655,-0.0045673514,-0.0045673514,-0.00080600319,-0.00080600319,-0.0045673514,-0.0045673514,-0.00080600319,-0.00080600319,0,0,0.1494899,0.1494899,3.4861003e-14,3.4861003e-14,0.00063143107,0.00063143107,0.00063143107,0.00063143107,1.7806936e-15,1.7806936e-15,-0.0045673514,-0.0045673514,-0.00080600319,-0.00080600319,-0.0045673514,-0.0045673514,-0.00080600319,-0.00080600319,-8.0491169e-16,-8.0491169e-16,-1.2212453e-15,-1.2212453e-15,-0.0053733546,-0.0053733546,-2.1094237e-15,-2.1094237e-15,1.9984014e-15,1.9984014e-15,3.1086245e-15,3.1086245e-15,0.1486839,0.1486839,0.00080600319,0.00080600319,0.1486839,0.1486839,0.00080600319,0.00080600319,0.1494899,0.1494899,3.5527137e-14,3.5527137e-14,0.14411655,0.14411655,0.14411655,0.14411655,-0.00080600319,-0.00080600319,0.00037853283,0.00037853283,1.110223e-15,1.110223e-15,0.00042095405,0.00042095405,-4.2421221e-05,-4.2421221e-05,0.1494899,0.1494899,3.5527137e-14,3.5527137e-14,2.3918385,2.3918385,5.6443739e-13,5.6443739e-13,1.1959192,1.1959192,2.8055336e-13,2.8055336e-13,0.14411655,0.14411655,0.0053733546,0.0053733546,0.02882331,0.02882331,4.7462034e-15,4.7462034e-15,2.9779305e-14,2.9779305e-14,-2.6028209e-14,-2.6028209e-14,-2.220446e-16,-2.220446e-16,-2.220446e-16,-2.220446e-16,-0.0053733546,-0.0053733546,-5.6621374e-15,-5.6621374e-15,0,0,-1.831868e-15,-1.831868e-15,0,0,0,0
0.14474482,0.14474482,-0.14474482,-0.14474482,-3.0642155e-14,-3.0642155e-14,-3.4527936e-14,-3.4527936e-14,-0.14474482,-0.14474482,-0.0043389838,-0.0043389838,-0.00076570303,-0.00076570303,-0.0043389838,-0.0043389838,-0.00076570303,-0.00076570303,0,0,0.14984951,0.14984951,3.5971226e-14,3.5971226e-14,0.00059985952,0.00059985952,0.00059985952,0.00059985952,1.7902346e-15,1.7902346e-15,-0.0043389838,-0.0043389838,-0.00076570303,-0.00076570303,-0.0043389838,-0.0043389838,-0.00076570303,-0.00076570303,-8.0491169e-16,-8.0491169e-16,-1.3322676e-15,-1.3322676e-15,-0.0051046869,-0.0051046869,-2.220446e-15,-2.220446e-15,1.9984014e-15,1.9984014e-15,3.3306691e-15,3.3306691e-15,0.14908381,0.14908381,0.00076570303,0.00076570303,0.14908381,0.14908381,0.00076570303,0.00076570303,0.14984951,0.14984951,3.6415315e-14,3.6415315e-14,0.14474482,0.14474482,0.14474482,0.14474482,-0.00076570303,-0.00076570303,0.00035960619,0.00035960619,1.110223e-15,1.110223e-15,0.00039990634,0.00039990634,-4.0300159e-05,-4.0300159e-05,0.14984951,0.14984951,3.6415315e-14,3.6415315e-14,2.3975922,2.3975922,5.794254e-13,5.794254e-13,1.1987961,1.1987961,2.8810287e-13,2.8810287e-13,0.14474482,0.14474482,0.0051046869,0.0051046869,0.028948965,0.028948965,4.9127369e-15,4.9127369e-15,2.9766604e-14,2.9766604e-14,-2.6002829e-14,-2.6002829e-14,-2.220446e-16,-2.220446e-16,-2.220446e-16,-2.220446e-16,-0.0051046869,-0.0051046869,-5.6621374e-15,-5.6621374e-15,0,0,-1.831868e-15,-1.831868e-15,0,0,0,0
0.14534168,0.14534168,-0.14534168,-0.14534168,-3.1752379e-14,-3.1752379e-14,-3.5416114e-14,-3.5416114e-14,-0.14534168,-0.14534168,-0.0041220346,-0.0041220346,-0.00072741788,-0.00072741788,-0.0041220346,-0.0041220346,-0.00072741788,-0.00072741788,0,0,0.15019114,0.15019114,3.6859404e-14,3.6859404e-14,0.00056986654,0.00056986654,0.00056986654,0.00056986654,1.7997756e-15,1.7997756e-15,-0.0041220346,-0.0041220346,-0.00072741788,-0.00072741788,-0.0041220346,-0.0041220346,-0.00072741788,-0.00072741788,-8.0491169e-16,-8.0491169e-16,-1.3322676e-15,-1.3322676e-15,-0.0048494525,-0.0048494525,-2.220446e-15,-2.220446e-15,1.9984014e-15,1.9984014e-15,3.3306691e-15,3.3306691e-15,0.14946372,0.14946372,0.00072741788,0.00072741788,0.14946372,0.14946372,0.00072741788,0.00072741788,0.15019114,0.15019114,3.7303494e-14,3.7303494e-14,0.14534168,0.14534168,0.14534168,0.14534168,-0.00072741788,-0.00072741788,0.00034162588,0.00034162588,1.110223e-15,1.110223e-15,0.00037991103,0.00037991103,-3.8285152e-05,-3.8285152e-05,0.15019114,0.15019114,3.7303494e-14,3.7303494e-14,2.4030582,2.4030582,5.9452443e-13,5.9452443e-13,1.2015291,1.2015291,2.9565239e-13,2.9565239e-13,0.14534168,0.14534168,0.0048494525,0.0048494525,0.029068337,0.029068337,5.0792703e-15,5.0792703e-15,2.9740794e-14,2.9740794e-14,-2.5966744e-14,-2.5966744e-14,-2.220446e-16,-2.220446e-16,-2.220446e-16,-2.220446e-16,-0.0048494525,-0.0048494525,-5.7731597e-15,-5.7731597e-15,0,0,-1.831868e-15,-1.831868e-15,0,0,0,0
0.1459087,0.1459087,-0.1459087,-0.1459087,-3.2640557e-14,-3.2640557e-14,-3.6304293e-14,-3.6304293e-14,-0.1459087,-0.1459087,-0.0039159329,-0.0039159329,-0.00069104698,-0.00069104698,-0.0039159329,-0.0039159329,-0.00069104698,-0.00069104698,0,0,0.15051568,0.15051568,3.7747583e-14,3.7747583e-14,0.00054137321,0.00054137321,0.00054137321,0.00054137321,1.8093166e-15,1.8093166e-15,-0.0039159329,-0.0039159329,-0.00069104698,-0.00069104698,-0.0039159329,-0.0039159329,-0.00069104698,-0.00069104698,-8.0491169e-16,-8.0491169e-16,-1.3322676e-15,-1.3322676e-15,-0.0046069799,-0.0046069799,-2.220446e-15,-2.220446e-15,1.9984014e-15,1.9984014e-15,3.3306691e-15,3.3306691e-15,0.14982463,0.14982463,0.00069104698,0.00069104698,0.14982463,0.14982463,0.00069104698,0.00069104698,0.15051568,0.15051568,3.8413717e-14,3.8413717e-14,0.1459087,0.1459087,0.1459087,0.1459087,-0.00069104698,-0.00069104698,0.00032454458,0.00032454458,1.110223e-15,1.110223e-15,0.00036091548,0.00036091548,-3.6370894e-05,-3.6370894e-05,0.15051568,0.15051568,3.8413717e-14,3.8413717e-14,2.4082509,2.4082509,6.0973449e-13,6.0973449e-13,1.2041254,1.2041254,3.0331293e-13,3.0331293e-13,0.1459087,0.1459087,0.0046069799,0.0046069799,0.02918174,0.02918174,5.2458038e-15,5.2458038e-15,2.9702105e-14,2.9702105e-14,-2.5920133e-14,-2.5920133e-14,-2.220446e-16,-2.220446e-16,-2.220446e-16,-2.220446e-16,-0.0046069799,-0.0046069799,-5.7731597e-15,-5.7731597e-15,0,0,-1.8596236e-15,-1.8596236e-15,0,0,0,0
0.14644737,0.14644737,-0.14644737,-0.14644737,-3.3528735e-14,-3.3528735e-14,-3.7192471e-14,-3.7192471e-14,-0.14644737,-0.14644737,-0.0037201363,-0.0037201363,-0.00065649464,-0.00065649464,-0.0037201363,-0.0037201363,-0.00065649464,-0.00065649464,0,0,0.150824,0.150824,3.8635761e-14,3.8635761e-14,0.00051430455,0.00051430455,0.00051430455,0.00051430455,1.8179902e-15,1.8179902e-15,-0.0037201363,-0.0037201363,-0.00065649464,-0.00065649464,-0.0037201363,-0.0037201363,-0.00065649464,-0.00065649464,-8.0491169e-16,-8.0491169e-16,-1.4432899e-15,-1.4432899e-15,-0.0043766309,-0.0043766309,-2.220446e-15,-2.220446e-15,1.9984014e-15,1.9984014e-15,3.3306691e-15,3.3306691e-15,0.1501675,0.1501675,0.00065649464,0.00065649464,0.1501675,0.1501675,0.00065649464,0.00065649464,0.150824,0.150824,3.9301895e-14,3.9301895e-14,0.14644737,0.14644737,0.14644737,0.14644737,-0.00065649464,-0.00065649464,0.00030831735,0.00030831735,1.110223e-15,1.110223e-15,0.0003428697,0.0003428697,-3.4552349e-05,-3.4552349e-05,0.150824,0.150824,3.9301895e-14,3.9301895e-14,2.413184,2.413184,6.2505556e-13,6.2505556e-13,1.206592,1.206592,3.1086245e-13,3.1086245e-13,0.14644737,0.14644737,0.0043766309,0.0043766309,0.029289473,0.029289473,5.4400928e-15,5.4400928e-15,2.9650766e-14,2.9650766e-14,-2.5863172e-14,-2.5863172e-14,-2.220446e-16,-2.220446e-16,-2.220446e-16,-2.220446e-16,-0.0043766309,-0.0043766309,-5.884182e-15,-5.884182e-15,0,0,-1.8596236e-15,-1.8596236e-15,0,0,0,0
0.1469591,0.1469591,-0.1469591,-0.1469591,-3.4861003e-14,-3.4861003e-14,-3.808065e-14,-3.808065e-14,-0.1469591,-0.1469591,-0.0035341295,-0.0035341295,-0.0006236699,-0.0006236699,-0.0035341295,-0.0035341295,-0.0006236699,-0.0006236699,0,0,0.1511169,0.1511169,3.9745984e-14,3.9745984e-14,0.00048858933,0.00048858933,0.00048858933,0.00048858933,1.8257965e-15,1.8257965e-15,-0.0035341295,-0.0035341295,-0.0006236699,-0.0006236699,-0.0035341295,-0.0035341295,-0.0006236699,-0.0006236699,-7.7715612e-16,-7.7715612e-16,-1.4432899e-15,-1.4432899e-15,-0.0041577994,-0.0041577994,-2.3314684e-15,-2.3314684e-15,1.9984014e-15,1.9984014e-15,3.3306691e-15,3.3306691e-15,0.15049323,0.15049323,0.0006236699,0.0006236699,0.15049323,0.15049323,0.0006236699,0.0006236699,0.1511169,0.1511169,4.0190073e-14,4.0190073e-14,0.1469591,0.1469591,0.1469591,0.1469591,-0.0006236699,-0.0006236699,0.00029290149,0.00029290149,1.110223e-15,1.110223e-15,0.00032572622,0.00032572622,-3.2824732e-05,-3.2824732e-05,0.1511169,0.1511169,4.0190073e-14,4.0190073e-14,2.4178704,2.4178704,6.4037664e-13,6.4037664e-13,1.2089352,1.2089352,3.1863401e-13,3.1863401e-13,0.1469591,0.1469591,0.0041577994,0.0041577994,0.02939182,0.02939182,5.6066263e-15,5.6066263e-15,2.9587001e-14,2.9587001e-14,-2.5796039e-14,-2.5796039e-14,-2.220446e-16,-2.220446e-16,-2.220446e-16,-2.220446e-16,-0.0041577994,-0.0041577994,-5.884182e-15,-5.884182e-15,0,0,-1.8596236e-15,-1.8596236e-15,0,0,0,0
0.14744525,0.14744525,-0.14744525,-0.14744525,-3.5749181e-14,-3.5749181e-14,-3.907985e-14,-3.907985e-14,-0.14744525,-0.14744525,-0.003357423,-0.003357423,-0.00059248641,-0.00059248641,-0.003357423,-0.003357423,-0.00059248641,-0.00059248641,0,0,0.15139516,0.15139516,4.0634163e-14,4.0634163e-14,0.00046415986,0.00046415986,0.00046415986,0.00046415986,1.8344701e-15,1.8344701e-15,-0.003357423,-0.003357423,-0.00059248641,-0.00059248641,-0.003357423,-0.003357423,-0.00059248641,-0.00059248641,-7.7715612e-16,-7.7715612e-16,-1.4432899e-15,-1.4432899e-15,-0.0039499094,-0.0039499094,-2.3314684e-15,-2.3314684e-15,1.9984014e-15,1.9984014e-15,3.3306691e-15,3.3306691e-15,0.15080267,0.15080267,0.00059248641,0.00059248641,0.15080267,0.15080267,0.00059248641,0.00059248641,0.15139516,0.15139516,4.1300297e-14,4.1300297e-14,0.14744525,0.14744525,0.14744525,0.14744525,-0.00059248641,-0.00059248641,0.00027825641,0.00027825641,1.110223e-15,1.110223e-15,0.00030943991,0.00030943991,-3.1183495e-05,-3.1183495e-05,0.15139516,0.15139516,4.1078252e-14,4.1078252e-14,2.4223225,2.4223225,6.5580874e-13,6.5580874e-13,1.2111612,1.2111612,3.2629455e-13,3.2629455e-13,0.14744525,0.14744525,0.0039499094,0.0039499094,0.029489049,0.029489049,5.8009153e-15,5.8009153e-15,2.9511036e-14,2.9511036e-14,-2.5718905e-14,-2.5718905e-14,-2.220446e-16,-2.220446e-16,-2.220446e-16,-2.220446e-16,-0.0039499094,-0.0039499094,-5.884182e-15,-5.884182e-15,0,0,-1.8596236e-15,-1.8596236e-15,0,0,0,0
0.14790709,0.14790709,-0.14790709,-0.14790709,-3.6748382e-14,-3.6748382e-14,-3.9968029e-14,-3.9968029e-14,-0.14790709,-0.14790709,-0.0031895518,-0.0031895518,-0.00056286209,-0.00056286209,-0.0031895518,-0.0031895518,-0.00056286209,-0.00056286209,0,0,0.1516595,0.1516595,4.1522341e-14,4.1522341e-14,0.00044095187,0.00044095187,0.00044095187,0.00044095187,1.8422763e-15,1.8422763e-15,-0.0031895518,-0.0031895518,-0.00056286209,-0.00056286209,-0.0031895518,-0.0031895518,-0.00056286209,-0.00056286209,-7.7715612e-16,-7.7715612e-16,-1.5543122e-15,-1.5543122e-15,-0.0037524139,-0.0037524139,-2.3314684e-15,-2.3314684e-15,1.9984014e-15,1.9984014e-15,3.3306691e-15,3.3306691e-15,0.15109664,0.15109664,0.00056286209,0.00056286209,0.15109664,0.15109664,0.00056286209,0.00056286209,0.1516595,0.1516595,4.2188475e-14,4.2188475e-14,0.14790709,0.14790709,0.14790709,0.14790709,-0.00056286209,-0.00056286209,0.00026434359,0.00026434359,1.110223e-15,1.110223e-15,0.00029396791,0.00029396791,-2.962432e-05,-2.962432e-05,0.1516595,0.1516595,4.2188475e-14,4.2188475e-14,2.426552,2.426552,6.7135186e-13,6.7135186e-13,1.213276,1.213276,3.3406611e-13,3.3406611e-13,0.14790709,0.14790709,0.0037524139,0.0037524139,0.029581417,0.029581417,5.9674488e-15,5.9674488e-15,2.9423091e-14,2.9423091e-14,-2.5631945e-14,-2.5631945e-14,-2.220446e-16,-2.220446e-16,-2.220446e-16,-2.220446e-16,-0.0037524139,-0.0037524139,-5.9952043e-15,-5.9952043e-15,0,0,-1.8873791e-15,-1.8873791e-15,0,0,0,0
0.14834583,0.14834583,-0.14834583,-0.14834583,-3.7636561e-14,-3.7636561e-14,-4.096723e-14,-4.096723e-14,-0.14834583,-0.14834583,-0.0030300742,-0.0030300742,-0.00053471898,-0.00053471898,-0.0030300742,-0.0030300742,-0.00053471898,-0.00053471898,0,0,0.15191063,0.15191063,4.2632564e-14,4.2632564e-14,0.00041890427,0.00041890427,0.00041890427,0.00041890427,1.8492152e-15,1.8492152e-15,-0.0030300742,-0.0030300742,-0.00053471898,-0.00053471898,-0.0030300742,-0.0030300742,-0.00053471898,-0.00053471898,-7.7715612e-16,-7.7715612e-16,-1.5543122e-15,-1.5543122e-15,-0.0035647932,-0.0035647932,-2.3314684e-15,-2.3314684e-15,1.9984014e-15,1.9984014e-15,3.3306691e-15,3.3306691e-15,0.15137591,0.15137591,0.00053471898,0.00053471898,0.15137591,0.15137591,0.00053471898,0.00053471898,0.15191063,0.15191063,4.3076653e-14,4.3076653e-14,0.14834583,0.14834583,0.14834583,0.14834583,-0.00053471898,-0.00053471898,0.00025112641,0.00025112641,1.110223e-15,1.110223e-15,0.00027926952,0.00027926952,-2.8143104e-05,-2.8143104e-05,0.15191063,0.15191063,4.3076653e-14,4.3076653e-14,2.43057,2.43057,6.8689499e-13,6.8689499e-13,1.215285,1.215285,3.4183767e-13,3.4183767e-13,0.14834583,0.14834583,0.0035647932,0.0035647932,0.029669167,0.029669167,6.1617378e-15,6.1617378e-15,2.9323387e-14,2.9323387e-14,-2.5535328e-14,-2.5535328e-14,-2.220446e-16,-2.220446e-16,-2.220446e-16,-2.220446e-16,-0.0035647932,-0.0035647932,-5.9952043e-15,-5.9952043e-15,0,0,-1.8873791e-15,-1.8873791e-15,0,0,0,0
0.14876264,0.14876264,-0.14876264,-0.14876264,-3.8635761e-14,-3.8635761e-14,-4.1855408e-14,-4.1855408e-14,-0.14876264,-0.14876264,-0.0028785705,-0.0028785705,-0.00050798303,-0.00050798303,-0.0028785705,-0.0028785705,-0.00050798303,-0.00050798303,0,0,0.1521492,0.1521492,4.3520743e-14,4.3520743e-14,0.00039795906,0.00039795906,0.00039795906,0.00039795906,1.8561541e-15,1.8561541e-15,-0.0028785705,-0.0028785705,-0.00050798303,-0.00050798303,-0.0028785705,-0.0028785705,-0.00050798303,-0.00050798303,-7.7715612e-16,-7.7715612e-16,-1.5543122e-15,-1.5543122e-15,-0.0033865536,-0.0033865536,-2.4424907e-15,-2.4424907e-15,1.9984014e-15,1.9984014e-15,3.3306691e-15,3.3306691e-15,0.15164121,0.15164121,0.00050798303,0.00050798303,0.15164121,0.15164121,0.00050798303,0.00050798303,0.1521492,0.1521492,4.4186876e-14,4.4186876e-14,0.14876264,0.14876264,0.14876264,0.14876264,-0.00050798303,-0.00050798303,0.00023857009,0.00023857009,1.110223e-15,1.110223e-15,0.00026530604,0.00026530604,-2.6735949e-05,-2.6735949e-05,0.1521492,0.1521492,4.4186876e-14,4.4186876e-14,2.4343871,2.4343871,7.0254913e-13,7.0254913e-13,1.2171936,1.2171936,3.4972025e-13,3.4972025e-13,0.14876264,0.14876264,0.0033865536,0.0033865536,0.029752528,0.029752528,6.3560268e-15,6.3560268e-15,2.921214e-14,2.921214e-14,-2.5429222e-14,-2.5429222e-14,-2.220446e-16,-2.220446e-16,-2.220446e-16,-2.220446e-16,-0.0033865536,-0.0033865536,-5.9952043e-15,-5.9952043e-15,0,0,-1.8873791e-15,-1.8873791e-15,0,0,0,0
0.14915861,0.14915861,-0.14915861,-0.14915861,-3.9745984e-14,-3.9745984e-14,-4.2854609e-14,-4.2854609e-14,-0.14915861,-0.14915861,-0.002734642,-0.002734642,-0.00048258388,-0.00048258388,-0.002734642,-0.002734642,-0.00048258388,-0.00048258388,0,0,0.15237584,0.15237584,4.4630966e-14,4.4630966e-14,0.00037806111,0.00037806111,0.00037806111,0.00037806111,1.863093e-15,1.863093e-15,-0.002734642,-0.002734642,-0.00048258388,-0.00048258388,-0.002734642,-0.002734642,-0.00048258388,-0.00048258388,-7.7715612e-16,-7.7715612e-16,-1.5543122e-15,-1.5543122e-15,-0.0032172259,-0.0032172259,-2.4424907e-15,-2.4424907e-15,1.9984014e-15,1.9984014e-15,3.3306691e-15,3.3306691e-15,0.15189325,0.15189325,0.00048258388,0.00048258388,0.15189325,0.15189325,0.00048258388,0.00048258388,0.15237584,0.15237584,4.5075055e-14,4.5075055e-14,0.14915861,0.14915861,0.14915861,0.14915861,-0.00048258388,-0.00048258388,0.00022664159,0.00022664159,1.110223e-15,1.110223e-15,0.00025204074,0.00025204074,-2.5399152e-05,-2.5399152e-05,0.15237584,0.15237584,4.5075055e-14,4.5075055e-14,2.4380134,2.4380134,7.183143e-13,7.183143e-13,1.2190067,1.2190067,3.5760284e-13,3.5760284e-13,0.14915861,0.14915861,0.0032172259,0.0032172259,0.029831722,0.029831722,6.5225603e-15,6.5225603e-15,2.9089566e-14,2.9089566e-14,-2.5313795e-14,-2.5313795e-14,-2.220446e-16,-2.220446e-16,-2.220446e-16,-2.220446e-16,-0.0032172259,-0.0032172259,-6.1062266e-15,-6.1062266e-15,0,0,-1.8873791e-15,-1.8873791e-15,0,0,0,0
0.14953478,0.14953478,-0.14953478,-0.14953478,-4.0745185e-14,-4.0745185e-14,-4.3742787e-14,-4.3742787e-14,-0.14953478,-0.14953478,-0.0025979099,-0.0025979099,-0.00045845469,-0.00045845469,-0.0025979099,-0.0025979099,-0.00045845469,-0.00045845469,0,0,0.15259115,0.15259115,4.5519144e-14,4.5519144e-14,0.00035915805,0.00035915805,0.00035915805,0.00035915805,1.8700319e-15,1.8700319e-15,-0.0025979099,-0.0025979099,-0.00045845469,-0.00045845469,-0.0025979099,-0.0025979099,-0.00045845469,-0.00045845469,-7.4940054e-16,-7.4940054e-16,-1.6653345e-15,-1.6653345e-15,-0.0030563646,-0.0030563646,-2.4424907e-15,-2.4424907e-15,1.9984014e-15,1.9984014e-15,3.3306691e-15,3.3306691e-15,0.15213269,0.15213269,0.00045845469,0.00045845469,0.15213269,0.15213269,0.00045845469,0.00045845469,0.15259115,0.15259115,4.6185278e-14,4.6185278e-14,0.14953478,0.14953478,0.14953478,0.14953478,-0.00045845469,-0.00045845469,0.00021530951,0.00021530951,1.110223e-15,1.110223e-15,0.0002394387,0.0002394387,-2.4129194e-05,-2.4129194e-05,0.15259115,0.15259115,4.6185278e-14,4.6185278e-14,2.4414584,2.4414584,7.3407946e-13,7.3407946e-13,1.2207292,1.2207292,3.6548542e-13,3.6548542e-13,0.14953478,0.14953478,0.0030563646,0.0030563646,0.029906956,0.029906956,6.7168493e-15,6.7168493e-15,2.8955875e-14,2.8955875e-14,-2.5189212e-14,-2.5189212e-14,-2.220446e-16,-2.220446e-16,-2.220446e-16,-2.220446e-16,-0.0030563646,-0.0030563646,-6.1062266e-15,-6.1062266e-15,0,0,-1.8873791e-15,-1.8873791e-15,0,0,0,0
0.14989214,0.14989214,-0.14989214,-0.14989214,-4.1855408e-14,-4.1855408e-14,-4.4741988e-14,-4.4741988e-14,-0.14989214,-0.14989214,-0.0024680144,-0.0024680144,-0.00043553195,-0.00043553195,-0.0024680144,-0.0024680144,-0.00043553195,-0.00043553195,0,0,0.15279569,0.15279569,4.6629367e-14,4.6629367e-14,0.00034120015,0.00034120015,0.00034120015,0.00034120015,1.8761034e-15,1.8761034e-15,-0.0024680144,-0.0024680144,-0.00043553195,-0.00043553195,-0.0024680144,-0.0024680144,-0.00043553195,-0.00043553195,-7.4940054e-16,-7.4940054e-16,-1.6653345e-15,-1.6653345e-15,-0.0029035464,-0.0029035464,-2.4424907e-15,-2.4424907e-15,1.9984014e-15,1.9984014e-15,3.3306691e-15,3.3306691e-15,0.15236016,0.15236016,0.00043553195,0.00043553195,0.15236016,0.15236016,0.00043553195,0.00043553195,0.15279569,0.15279569,4.7073456e-14,4.7073456e-14,0.14989214,0.14989214,0.14989214,0.14989214,-0.00043553195,-0.00043553195,0.00020454403,0.00020454403,1.110223e-15,1.110223e-15,0.00022746677,0.00022746677,-2.2922734e-05,-2.2922734e-05,0.15279569,0.15279569,4.7073456e-14,4.7073456e-14,2.4447311,2.4447311,7.4995565e-13,7.4995565e-13,1.2223655,1.2223655,3.73368e-13,3.73368e-13,0.14989214,0.14989214,0.0029035464,0.0029035464,0.029978429,0.029978429,6.9111383e-15,6.9111383e-15,2.8811279e-14,2.8811279e-14,-2.5055636e-14,-2.5055636e-14,-2.220446e-16,-2.220446e-16,-2.220446e-16,-2.220446e-16,-0.0029035464,-0.0029035464,-6.1062266e-15,-6.1062266e-15,0,0,-1.9151347e-15,-1.9151347e-15,0,0,0,0
0.15023164,0.15023164,-0.15023164,-0.15023164,-4.2743586e-14,-4.2743586e-14,-4.5741189e-14,-4.5741189e-14,-0.15023164,-0.15023164,-0.0023446137,-0.0023446137,-0.00041375536,-0.00041375536,-0.0023446137,-0.0023446137,-0.00041375536,-0.00041375536,0,0,0.15299001,0.15299001,4.7517545e-14,4.7517545e-14,0.00032414014,0.00032414014,0.00032414014,0.00032414014,1.8830423e-15,1.8830423e-15,-0.0023446137,-0.0023446137,-0.00041375536,-0.00041375536,-0.0023446137,-0.0023446137,-0.00041375536,-0.00041375536,-7.4940054e-16,-7.4940054e-16,-1.6653345e-15,-1.6653345e-15,-0.002758369,-0.002758369,-2.4424907e-15,-2.4424907e-15,1.9984014e-15,1.9984014e-15,3.3306691e-15,3.3306691e-15,0.15257625,0.15257625,0.00041375536,0.00041375536,0.15257625,0.15257625,0.00041375536,0.00041375536,0.15299001,0.15299001,4.7961635e-14,4.7961635e-14,0.15023164,0.15023164,0.15023164,0.15023164,-0.00041375536,-0.00041375536,0.00019431683,0.00019431683,1.110223e-15,1.110223e-15,0.00021609343,0.00021609343,-2.1776598e-05,-2.1776598e-05,0.15299001,0.15299001,4.7961635e-14,4.7961635e-14,2.4478401,2.4478401,7.6583184e-13,7.6583184e-13,1.2239201,1.2239201,3.8136161e-13,3.8136161e-13,0.15023164,0.15023164,0.002758369,0.002758369,0.030046328,0.030046328,7.1054274e-15,7.1054274e-15,2.8655983e-14,2.8655983e-14,-2.4913228e-14,-2.4913228e-14,-2.220446e-16,-2.220446e-16,-2.220446e-16,-2.220446e-16,-0.002758369,-0.002758369,-6.2172489e-15,-6.2172489e-15,0,0,-1.9151347e-15,-1.9151347e-15,0,0,0,0
0.15055416,0.15055416,-0.15055416,-0.15055416,-4.3742787e-14,-4.3742787e-14,-4.6629367e-14,-4.6629367e-14,-0.15055416,-0.15055416,-0.002227383,-0.002227383,-0.00039306759,-0.00039306759,-0.002227383,-0.002227383,-0.00039306759,-0.00039306759,0,0,0.15317461,0.15317461,4.8627768e-14,4.8627768e-14,0.00030793313,0.00030793313,0.00030793313,0.00030793313,1.8882465e-15,1.8882465e-15,-0.002227383,-0.002227383,-0.00039306759,-0.00039306759,-0.002227383,-0.002227383,-0.00039306759,-0.00039306759,-7.4940054e-16,-7.4940054e-16,-1.6653345e-15,-1.6653345e-15,-0.0026204506,-0.0026204506,-2.553513e-15,-2.553513e-15,1.9984014e-15,1.9984014e-15,3.3306691e-15,3.3306691e-15,0.15278154,0.15278154,0.00039306759,0.00039306759,0.15278154,0.15278154,0.00039306759,0.00039306759,0.15317461,0.15317461,4.9071858e-14,4.9071858e-14,0.15055416,0.15055416,0.15055416,0.15055416,-0.00039306759,-0.00039306759,0.00018460099,0.00018460099,1.110223e-15,1.110223e-15,0.00020528876,0.00020528876,-2.0687768e-05,-2.0687768e-05,0.15317461,0.15317461,4.9071858e-14,4.9071858e-14,2.4507937,2.4507937,7.8181905e-13,7.8181905e-13,1.2253969,1.2253969,3.8935521e-13,3.8935521e-13,0.15055416,0.15055416,0.0026204506,0.0026204506,0.030110832,0.030110832,7.2997164e-15,7.2997164e-15,2.8490192e-14,2.8490192e-14,-2.4762148e-14,-2.4762148e-14,-2.220446e-16,-2.220446e-16,-2.220446e-16,-2.220446e-16,-0.0026204506,-0.0026204506,-6.2172489e-15,-6.2172489e-15,0,0,-1.9151347e-15,-1.9151347e-15,0,0,0,0
0.15086055,0.15086055,-0.15086055,-0.15086055,-4.485301e-14,-4.485301e-14,-4.7628568e-14,-4.7628568e-14,-0.15086055,-0.15086055,-0.0021160139,-0.0021160139,-0.00037341421,-0.00037341421,-0.0021160139,-0.0021160139,-0.00037341421,-0.00037341421,0,0,0.15334998,0.15334998,4.9515947e-14,4.9515947e-14,0.00029253648,0.00029253648,0.00029253648,0.00029253648,1.894318e-15,1.894318e-15,-0.0021160139,-0.0021160139,-0.00037341421,-0.00037341421,-0.0021160139,-0.0021160139,-0.00037341421,-0.00037341421,-7.4940054e-16,-7.4940054e-16,-1.7763568e-15,-1.7763568e-15,-0.0024894281,-0.0024894281,-2.553513e-15,-2.553513e-15,1.9984014e-15,1.9984014e-15,3.3306691e-15,3.3306691e-15,0.15297657,0.15297657,0.00037341421,0.00037341421,0.15297657,0.15297657,0.00037341421,0.00037341421,0.15334998,0.15334998,4.9960036e-14,4.9960036e-14,0.15086055,0.15086055,0.15086055,0.15086055,-0.00037341421,-0.00037341421,0.00017537094,0.00017537094,1.110223e-15,1.110223e-15,0.00019502432,0.00019502432,-1.9653379e-05,-1.9653379e-05,0.15334998,0.15334998,4.9960036e-14,4.9960036e-14,2.4535997,2.4535997,7.9780627e-13,7.9780627e-13,1.2267998,1.2267998,3.9734882e-13,3.9734882e-13,0.15086055,0.15086055,0.0024894281,0.0024894281,0.03017211,0.03017211,7.4940054e-15,7.4940054e-15,2.8314109e-14,2.8314109e-14,-2.4602554e-14,-2.4602554e-14,-2.220446e-16,-2.220446e-16,-2.220446e-16,-2.220446e-16,-0.0024894281,-0.0024894281,-6.2172489e-15,-6.2172489e-15,0,0,-1.9151347e-15,-1.9151347e-15,0,0,0,0
0.15115163,0.15115163,-0.15115163,-0.15115163,-4.5852211e-14,-4.5852211e-14,-4.8627768e-14,-4.8627768e-14,-0.15115163,-0.15115163,-0.0020102132,-0.0020102132,-0.0003547435,-0.0003547435,-0.0020102132,-0.0020102132,-0.0003547435,-0.0003547435,0,0,0.15351658,0.15351658,5.062617e-14,5.062617e-14,0.00027790965,0.00027790965,0.00027790965,0.00027790965,1.8995222e-15,1.8995222e-15,-0.0020102132,-0.0020102132,-0.0003547435,-0.0003547435,-0.0020102132,-0.0020102132,-0.0003547435,-0.0003547435,-7.4940054e-16,-7.4940054e-16,-1.7763568e-15,-1.7763568e-15,-0.0023649567,-0.0023649567,-2.553513e-15,-2.553513e-15,1.9984014e-15,1.9984014e-15,3.3306691e-15,3.3306691e-15,0.15316184,0.15316184,0.0003547435,0.0003547435,0.15316184,0.15316184,0.0003547435,0.0003547435,0.15351658,0.15351658,5.1070259e-14,5.1070259e-14,0.15115163,0.15115163,0.15115163,0.15115163,-0.0003547435,-0.0003547435,0.00016660239,0.00016660239,1.110223e-15,1.110223e-15,0.0001852731,0.0001852731,-1.867071e-05,-1.867071e-05,0.15351658,0.15351658,5.1070259e-14,5.1070259e-14,2.4562653,2.4562653,8.139045e-13,8.139045e-13,1.2281327,1.2281327,4.0534243e-13,4.0534243e-13,0.15115163,0.15115163,0.0023649567,0.0023649567,0.030230325,0.030230325,7.6882944e-15,7.6882944e-15,2.8127931e-14,2.8127931e-14,-2.4434601e-14,-2.4434601e-14,-2.220446e-16,-2.220446e-16,-2.220446e-16,-2.220446e-16,-0.0023649567,-0.0023649567,-6.2172489e-15,-6.2172489e-15,0,0,-1.9151347e-15,-1.9151347e-15,0,0,0,0
0.15142815,0.15142815,-0.15142815,-0.15142815,-4.6962434e-14,-4.6962434e-14,-4.9626969e-14,-4.9626969e-14,-0.15142815,-0.15142815,-0.0019097025,-0.0019097025,-0.00033700632,-0.00033700632,-0.0019097025,-0.0019097025,-0.00033700632,-0.00033700632,0,0,0.15367485,0.15367485,5.1514348e-14,5.1514348e-14,0.00026401417,0.00026401417,0.00026401417,0.00026401417,1.9047264e-15,1.9047264e-15,-0.0019097025,-0.0019097025,-0.00033700632,-0.00033700632,-0.0019097025,-0.0019097025,-0.00033700632,-0.00033700632,-7.2164497e-16,-7.2164497e-16,-1.7763568e-15,-1.7763568e-15,-0.0022467088,-0.0022467088,-2.553513e-15,-2.553513e-15,1.9984014e-15,1.9984014e-15,3.3306691e-15,3.3306691e-15,0.15333785,0.15333785,0.00033700632,0.00033700632,0.15333785,0.15333785,0.00033700632,0.00033700632,0.15367485,0.15367485,5.2180482e-14,5.2180482e-14,0.15142815,0.15142815,0.15142815,0.15142815,-0.00033700632,-0.00033700632,0.00015827227,0.00015827227,1.110223e-15,1.110223e-15,0.00017600945,0.00017600945,-1.7737175e-05,-1.7737175e-05,0.15367485,0.15367485,5.2180482e-14,5.2180482e-14,2.4587977,2.4587977,8.3000273e-13,8.3000273e-13,1.2293988,1.2293988,4.1344705e-13,4.1344705e-13,0.15142815,0.15142815,0.0022467088,0.0022467088,0.030285629,0.030285629,7.8825835e-15,7.8825835e-15,2.7931855e-14,2.7931855e-14,-2.4258444e-14,-2.4258444e-14,-2.220446e-16,-2.220446e-16,-2.220446e-16,-2.220446e-16,-0.0022467088,-0.0022467088,-6.3282712e-15,-6.3282712e-15,0,0,-1.9151347e-15,-1.9151347e-15,0,0,0,0
0.15169084,0.15169084,-0.15169084,-0.15169084,-4.7961635e-14,-4.7961635e-14,-5.062617e-14,-5.062617e-14,-0.15169084,-0.15169084,-0.0018142174,-0.0018142174,-0.00032015601,-0.00032015601,-0.0018142174,-0.0018142174,-0.00032015601,-0.00032015601,0,0,0.15382521,0.15382521,5.2624571e-14,5.2624571e-14,0.00025081346,0.00025081346,0.00025081346,0.00025081346,1.9099305e-15,1.9099305e-15,-0.0018142174,-0.0018142174,-0.00032015601,-0.00032015601,-0.0018142174,-0.0018142174,-0.00032015601,-0.00032015601,-7.2164497e-16,-7.2164497e-16,-1.7763568e-15,-1.7763568e-15,-0.0021343734,-0.0021343734,-2.553513e-15,-2.553513e-15,1.9984014e-15,1.9984014e-15,3.3306691e-15,3.3306691e-15,0.15350506,0.15350506,0.00032015601,0.00032015601,0.15350506,0.15350506,0.00032015601,0.00032015601,0.15382521,0.15382521,5.3068661e-14,5.3068661e-14,0.15169084,0.15169084,0.15169084,0.15169084,-0.00032015601,-0.00032015601,0.00015035866,0.00015035866,1.110223e-15,1.110223e-15,0.00016720897,0.00016720897,-1.6850316e-05,-1.6850316e-05,0.15382521,0.15382521,5.3068661e-14,5.3068661e-14,2.4612034,2.4612034,8.4621199e-13,8.4621199e-13,1.2306017,1.2306017,4.2155168e-13,4.2155168e-13,0.15169084,0.15169084,0.0021343734,0.0021343734,0.030338168,0.030338168,8.0768725e-15,8.0768725e-15,2.7726074e-14,2.7726074e-14,-2.4074234e-14,-2.4074234e-14,-2.220446e-16,-2.220446e-16,-2.220446e-16,-2.220446e-16,-0.0021343734,-0.0021343734,-6.3282712e-15,-6.3282712e-15,0,0,-1.9151347e-15,-1.9151347e-15,0,0,0,0
0.1519404,0.1519404,-0.1519404,-0.1519404,-4.8849813e-14,-4.8849813e-14,-5.1514348e-14,-5.1514348e-14,-0.1519404,-0.1519404,-0.0017235065,-0.0017235065,-0.00030414821,-0.00030414821,-0.0017235065,-0.0017235065,-0.00030414821,-0.00030414821,0,0,0.15396805,0.15396805,5.351275e-14,5.351275e-14,0.00023827279,0.00023827279,0.00023827279,0.00023827279,1.9151347e-15,1.9151347e-15,-0.0017235065,-0.0017235065,-0.00030414821,-0.00030414821,-0.0017235065,-0.0017235065,-0.00030414821,-0.00030414821,-7.2164497e-16,-7.2164497e-16,-1.7763568e-15,-1.7763568e-15,-0.0020276547,-0.0020276547,-2.553513e-15,-2.553513e-15,1.9984014e-15,1.9984014e-15,3.5527137e-15,3.5527137e-15,0.15366391,0.15366391,0.00030414821,0.00030414821,0.15366391,0.15366391,0.00030414821,0.00030414821,0.15396805,0.15396805,5.4178884e-14,5.4178884e-14,0.1519404,0.1519404,0.1519404,0.1519404,-0.00030414821,-0.00030414821,0.00014284073,0.00014284073,1.110223e-15,1.110223e-15,0.00015884853,0.00015884853,-1.60078e-05,-1.60078e-05,0.15396805,0.15396805,5.4178884e-14,5.4178884e-14,2.4634889,2.4634889,8.6242125e-13,8.6242125e-13,1.2317444,1.2317444,4.2965631e-13,4.2965631e-13,0.1519404,0.1519404,0.0020276547,0.0020276547,0.03038808,0.03038808,8.2711615e-15,8.2711615e-15,2.751078e-14,2.751078e-14,-2.3882121e-14,-2.3882121e-14,-2.220446e-16,-2.220446e-16,-2.220446e-16,-2.220446e-16,-0.0020276547,-0.0020276547,-6.3282712e-15,-6.3282712e-15,0,0,-1.9428903e-15,-1.9428903e-15,0,0,0,0
0.15217748,0.15217748,-0.15217748,-0.15217748,-4.9960036e-14,-4.9960036e-14,-5.2513549e-14,-5.2513549e-14,-0.15217748,-0.15217748,-0.0016373312,-0.0016373312,-0.0002889408,-0.0002889408,-0.0016373312,-0.0016373312,-0.0002889408,-0.0002889408,0,0,0.15410375,0.15410375,5.4622973e-14,5.4622973e-14,0.00022635915,0.00022635915,0.00022635915,0.00022635915,1.9194715e-15,1.9194715e-15,-0.0016373312,-0.0016373312,-0.0002889408,-0.0002889408,-0.0016373312,-0.0016373312,-0.0002889408,-0.0002889408,-7.2164497e-16,-7.2164497e-16,-1.8873791e-15,-1.8873791e-15,-0.001926272,-0.001926272,-2.6645353e-15,-2.6645353e-15,1.9984014e-15,1.9984014e-15,3.5527137e-15,3.5527137e-15,0.15381481,0.15381481,0.0002889408,0.0002889408,0.15381481,0.15381481,0.0002889408,0.0002889408,0.15410375,0.15410375,5.5067062e-14,5.5067062e-14,0.15217748,0.15217748,0.15217748,0.15217748,-0.0002889408,-0.0002889408,0.00013569869,0.00013569869,1.110223e-15,1.110223e-15,0.0001509061,0.0001509061,-1.520741e-05,-1.520741e-05,0.15410375,0.15410375,5.5067062e-14,5.5067062e-14,2.46566,2.46566,8.7874152e-13,8.7874152e-13,1.23283,1.23283,4.3776094e-13,4.3776094e-13,0.15217748,0.15217748,0.001926272,0.001926272,0.030435496,0.030435496,8.4654506e-15,8.4654506e-15,2.728616e-14,2.728616e-14,-2.3682254e-14,-2.3682254e-14,-2.220446e-16,-2.220446e-16,-2.220446e-16,-2.220446e-16,-0.001926272,-0.001926272,-6.3282712e-15,-6.3282712e-15,0,0,-1.9428903e-15,-1.9428903e-15,0,0,0,0
0.15240271,0.15240271,-0.15240271,-0.15240271,-5.1181281e-14,-5.1181281e-14,-5.351275e-14,-5.351275e-14,-0.15240271,-0.15240271,-0.0015554646,-0.0015554646,-0.00027449376,-0.00027449376,-0.0015554646,-0.0015554646,-0.00027449376,-0.00027449376,0,0,0.15423267,0.15423267,5.5511151e-14,5.5511151e-14,0.00021504119,0.00021504119,0.00021504119,0.00021504119,1.9238083e-15,1.9238083e-15,-0.0015554646,-0.0015554646,-0.00027449376,-0.00027449376,-0.0015554646,-0.0015554646,-0.00027449376,-0.00027449376,-7.2164497e-16,-7.2164497e-16,-1.8873791e-15,-1.8873791e-15,-0.0018299584,-0.0018299584,-2.6645353e-15,-2.6645353e-15,1.9984014e-15,1.9984014e-15,3.5527137e-15,3.5527137e-15,0.15395817,0.15395817,0.00027449376,0.00027449376,0.15395817,0.15395817,0.00027449376,0.00027449376,0.15423267,0.15423267,5.6177285e-14,5.6177285e-14,0.15240271,0.15240271,0.15240271,0.15240271,-0.00027449376,-0.00027449376,0.00012891375,0.00012891375,1.110223e-15,1.110223e-15,0.00014336079,0.00014336079,-1.444704e-05,-1.444704e-05,0.15423267,0.15423267,5.6177285e-14,5.6177285e-14,2.4677227,2.4677227,8.950618e-13,8.950618e-13,1.2338613,1.2338613,4.4597659e-13,4.4597659e-13,0.15240271,0.15240271,0.0018299584,0.0018299584,0.030480542,0.030480542,8.6597396e-15,8.6597396e-15,2.7052399e-14,2.7052399e-14,-2.3474779e-14,-2.3474779e-14,-2.220446e-16,-2.220446e-16,-2.220446e-16,-2.220446e-16,-0.0018299584,-0.0018299584,-6.4392935e-15,-6.4392935e-15,0,0,-1.9428903e-15,-1.9428903e-15,0,0,0,0
0.15261667,0.15261667,-0.15261667,-0.15261667,-5.2180482e-14,-5.2180482e-14,-5.4511951e-14,-5.4511951e-14,-0.15261667,-0.15261667,-0.0014776914,-0.0014776914,-0.00026076907,-0.00026076907,-0.0014776914,-0.0014776914,-0.00026076907,-0.00026076907,0,0,0.15435513,0.15435513,5.6621374e-14,5.6621374e-14,0.00020428913,0.00020428913,0.00020428913,0.00020428913,1.9281451e-15,1.9281451e-15,-0.0014776914,-0.0014776914,-0.00026076907,-0.00026076907,-0.0014776914,-0.0014776914,-0.00026076907,-0.00026076907,-7.2164497e-16,-7.2164497e-16,-1.8873791e-15,-1.8873791e-15,-0.0017384605,-0.0017384605,-2.6645353e-15,-2.6645353e-15,1.9984014e-15,1.9984014e-15,3.5527137e-15,3.5527137e-15,0.15409437,0.15409437,0.00026076907,0.00026076907,0.15409437,0.15409437,0.00026076907,0.00026076907,0.15435513,0.15435513,5.7065463e-14,5.7065463e-14,0.15261667,0.15261667,0.15261667,0.15261667,-0.00026076907,-0.00026076907,0.00012246807,0.00012246807,1.110223e-15,1.110223e-15,0.00013619276,0.00013619276,-1.3724688e-05,-1.3724688e-05,0.15435513,0.15435513,5.7065463e-14,5.7065463e-14,2.4696821,2.4696821,9.1138208e-13,9.1138208e-13,1.2348411,1.2348411,4.5419224e-13,4.5419224e-13,0.15261667,0.15261667,0.0017384605,0.0017384605,0.030523335,0.030523335,8.8540286e-15,8.8540286e-15,2.6809679e-14,2.6809679e-14,-2.325984e-14,-2.325984e-14,-2.220446e-16,-2.220446e-16,-2.220446e-16,-2.220446e-16,-0.0017384605,-0.0017384605,-6.4392935e-15,-6.4392935e-15,0,0,-1.9428903e-15,-1.9428903e-15,0,0,0,0
0.15281994,0.15281994,-0.15281994,-0.15281994,-5.3179683e-14,-5.3179683e-14,-5.5511151e-14,-5.5511151e-14,-0.15281994,-0.15281994,-0.0014038068,-0.0014038068,-0.00024773062,-0.00024773062,-0.0014038068,-0.0014038068,-0.00024773062,-0.00024773062,0,0,0.15447148,0.15447148,5.7731597e-14,5.7731597e-14,0.00019407468,0.00019407468,0.00019407468,0.00019407468,1.932482e-15,1.932482e-15,-0.0014038068,-0.0014038068,-0.00024773062,-0.00024773062,-0.0014038068,-0.0014038068,-0.00024773062,-0.00024773062,-7.2164497e-16,-7.2164497e-16,-1.8873791e-15,-1.8873791e-15,-0.0016515374,-0.0016515374,-2.6645353e-15,-2.6645353e-15,1.9984014e-15,1.9984014e-15,3.5527137e-15,3.5527137e-15,0.15422375,0.15422375,0.00024773062,0.00024773062,0.15422375,0.15422375,0.00024773062,0.00024773062,0.15447148,0.15447148,5.8175686e-14,5.8175686e-14,0.15281994,0.15281994,0.15281994,0.15281994,-0.00024773062,-0.00024773062,0.00011634466,0.00011634466,1.110223e-15,1.110223e-15,0.00012938312,0.00012938312,-1.3038453e-05,-1.3038453e-05,0.15447148,0.15447148,5.8175686e-14,5.8175686e-14,2.4715437,2.4715437,9.2781338e-13,9.2781338e-13,1.2357718,1.2357718,4.6229687e-13,4.6229687e-13,0.15281994,0.15281994,0.0016515374,0.0016515374,0.030563988,0.030563988,9.0483177e-15,9.0483177e-15,2.655818e-14,2.655818e-14,-2.3037579e-14,-2.3037579e-14,-2.220446e-16,-2.220446e-16,-2.220446e-16,-2.220446e-16,-0.0016515374,-0.0016515374,-6.4392935e-15,-6.4392935e-15,0,0,-1.9428903e-15,-1.9428903e-15,0,0,0,0
0.15301305,0.15301305,-0.15301305,-0.15301305,-5.4178884e-14,-5.4178884e-14,-5.6510352e-14,-5.6510352e-14,-0.15301305,-0.15301305,-0.0013336165,-0.0013336165,-0.00023534408,-0.00023534408,-0.0013336165,-0.0013336165,-0.00023534408,-0.00023534408,0,0,0.15458201,0.15458201,5.8619776e-14,5.8619776e-14,0.00018437094,0.00018437094,0.00018437094,0.00018437094,1.9359514e-15,1.9359514e-15,-0.0013336165,-0.0013336165,-0.00023534408,-0.00023534408,-0.0013336165,-0.0013336165,-0.00023534408,-0.00023534408,-6.9388939e-16,-6.9388939e-16,-1.8873791e-15,-1.8873791e-15,-0.0015689606,-0.0015689606,-2.6645353e-15,-2.6645353e-15,1.9984014e-15,1.9984014e-15,3.5527137e-15,3.5527137e-15,0.15434666,0.15434666,0.00023534409,0.00023534409,0.15434666,0.15434666,0.00023534409,0.00023534409,0.15458201,0.15458201,5.928591e-14,5.928591e-14,0.15301305,0.15301305,0.15301305,0.15301305,-0.00023534408,-0.00023534408,0.00011052743,0.00011052743,1.110223e-15,1.110223e-15,0.00012291396,0.00012291396,-1.2386531e-05,-1.2386531e-05,0.15458201,0.15458201,5.928591e-14,5.928591e-14,2.4733121,2.4733121,9.4424468e-13,9.4424468e-13,1.2366561,1.2366561,4.7051252e-13,4.7051252e-13,0.15301305,0.15301305,0.0015689606,0.0015689606,0.030602609,0.030602609,9.2426067e-15,9.2426067e-15,2.6298078e-14,2.6298078e-14,-2.2808136e-14,-2.2808136e-14,-2.220446e-16,-2.220446e-16,-2.220446e-16,-2.220446e-16,-0.0015689606,-0.0015689606,-6.4392935e-15,-6.4392935e-15,0,0,-1.9428903e-15,-1.9428903e-15,0,0,0,0
0.15319649,0.15319649,-0.15319649,-0.15319649,-5.5178084e-14,-5.5178084e-14,-5.7620575e-14,-5.7620575e-14,-0.15319649,-0.15319649,-0.0012669357,-0.0012669357,-0.00022357688,-0.00022357688,-0.0012669357,-0.0012669357,-0.00022357688,-0.00022357688,0,0,0.15468701,0.15468701,5.9729999e-14,5.9729999e-14,0.0001751524,0.0001751524,0.0001751524,0.0001751524,1.9402882e-15,1.9402882e-15,-0.0012669357,-0.0012669357,-0.00022357688,-0.00022357688,-0.0012669357,-0.0012669357,-0.00022357688,-0.00022357688,-6.9388939e-16,-6.9388939e-16,-1.8873791e-15,-1.8873791e-15,-0.0014905125,-0.0014905125,-2.6645353e-15,-2.6645353e-15,1.9984014e-15,1.9984014e-15,3.5527137e-15,3.5527137e-15,0.15446343,0.15446343,0.00022357688,0.00022357688,0.15446343,0.15446343,0.00022357688,0.00022357688,0.15468701,0.15468701,6.0174088e-14,6.0174088e-14,0.15319649,0.15319649,0.15319649,0.15319649,-0.00022357688,-0.00022357688,0.00010500106,0.00010500106,1.110223e-15,1.110223e-15,0.00011676826,0.00011676826,-1.1767204e-05,-1.1767204e-05,0.15468701,0.15468701,6.0174088e-14,6.0174088e-14,2.4749921,2.4749921,9.6067598e-13,9.6067598e-13,1.2374961,1.2374961,4.7883919e-13,4.7883919e-13,0.15319649,0.15319649,0.0014905125,0.0014905125,0.030639299,0.030639299,9.4646513e-15,9.4646513e-15,2.6029548e-14,2.6029548e-14,-2.257165e-14,-2.257165e-14,-2.220446e-16,-2.220446e-16,-2.220446e-16,-2.220446e-16,-0.0014905125,-0.0014905125,-6.4392935e-15,-6.4392935e-15,0,0,-1.9428903e-15,-1.9428903e-15,0,0,0,0
0.15337077,0.15337077,-0.15337077,-0.15337077,-5.6288307e-14,-5.6288307e-14,-5.8619776e-14,-5.8619776e-14,-0.15337077,-0.15337077,-0.0012035889,-0.0012035889,-0.00021239804,-0.00021239804,-0.0012035889,-0.0012035889,-0.00021239804,-0.00021239804,0,0,0.15478676,0.15478676,6.0618177e-14,6.0618177e-14,0.00016639478,0.00016639478,0.00016639478,0.00016639478,1.9437577e-15,1.9437577e-15,-0.0012035889,-0.0012035889,-0.00021239804,-0.00021239804,-0.0012035889,-0.0012035889,-0.00021239804,-0.00021239804,-6.9388939e-16,-6.9388939e-16,-1.8873791e-15,-1.8873791e-15,-0.0014159869,-0.0014159869,-2.6645353e-15,-2.6645353e-15,1.9984014e-15,1.9984014e-15,3.5527137e-15,3.5527137e-15,0.15457436,0.15457436,0.00021239804,0.00021239804,0.15457436,0.15457436,0.00021239804,0.00021239804,0.15478676,0.15478676,6.1284311e-14,6.1284311e-14,0.15337077,0.15337077,0.15337077,0.15337077,-0.00021239804,-0.00021239804,9.9751006e-05,9.9751006e-05,1.110223e-15,1.110223e-15,0.00011092985,0.00011092985,-1.1178844e-05,-1.1178844e-05,0.15478676,0.15478676,6.1284311e-14,6.1284311e-14,2.4765881,2.4765881,9.7721831e-13,9.7721831e-13,1.2382941,1.2382941,4.8705484e-13,4.8705484e-13,0.15337077,0.15337077,0.0014159869,0.0014159869,0.030674154,0.030674154,9.6589403e-15,9.6589403e-15,2.575276e-14,2.575276e-14,-2.2328258e-14,-2.2328258e-14,-2.220446e-16,-2.220446e-16,-2.220446e-16,-2.220446e-16,-0.0014159869,-0.0014159869,-6.4392935e-15,-6.4392935e-15,0,0,-1.9428903e-15,-1.9428903e-15,0,0,0,0
0.15353633,0.15353633,-0.15353633,-0.15353633,-5.7287508e-14,-5.7287508e-14,-5.9618976e-14,-5.9618976e-14,-0.15353633,-0.15353633,-0.0011434094,-0.0011434094,-0.00020177813,-0.00020177813,-0.0011434094,-0.0011434094,-0.00020177813,-0.00020177813,0,0,0.15488152,0.15488152,6.17284e-14,6.17284e-14,0.00015807504,0.00015807504,0.00015807504,0.00015807504,1.9472271e-15,1.9472271e-15,-0.0011434094,-0.0011434094,-0.00020177813,-0.00020177813,-0.0011434094,-0.0011434094,-0.00020177813,-0.00020177813,-6.9388939e-16,-6.9388939e-16,-1.9984014e-15,-1.9984014e-15,-0.0013451876,-0.0013451876,-2.6645353e-15,-2.6645353e-15,1.9984014e-15,1.9984014e-15,3.5527137e-15,3.5527137e-15,0.15467974,0.15467974,0.00020177813,0.00020177813,0.15467974,0.15467974,0.00020177813,0.00020177813,0.15488152,0.15488152,6.2394534e-14,6.2394534e-14,0.15353633,0.15353633,0.15353633,0.15353633,-0.00020177813,-0.00020177813,9.4763456e-05,9.4763456e-05,1.110223e-15,1.110223e-15,0.00010538336,0.00010538336,-1.0619902e-05,-1.0619902e-05,0.15488152,0.15488152,6.2394534e-14,6.2394534e-14,2.4781044,2.4781044,9.9376063e-13,9.9376063e-13,1.2390522,1.2390522,4.9538151e-13,4.9538151e-13,0.15353633,0.15353633,0.0013451876,0.0013451876,0.030707267,0.030707267,9.8532293e-15,9.8532293e-15,2.5467882e-14,2.5467882e-14,-2.2078093e-14,-2.2078093e-14,-2.220446e-16,-2.220446e-16,-2.220446e-16,-2.220446e-16,-0.0013451876,-0.0013451876,-6.5503158e-15,-6.5503158e-15,0,0,-1.9428903e-15,-1.9428903e-15,0,0,0,0
0.15369362,0.15369362,-0.15369362,-0.15369362,-5.8397731e-14,-5.8397731e-14,-6.0618177e-14,-6.0618177e-14,-0.15369362,-0.15369362,-0.001086239,-0.001086239,-0.00019168923,-0.00019168923,-0.001086239,-0.001086239,-0.00019168923,-0.00019168923,0,0,0.15497155,0.15497155,6.2838623e-14,6.2838623e-14,0.00015017128,0.00015017128,0.00015017128,0.00015017128,1.9506965e-15,1.9506965e-15,-0.001086239,-0.001086239,-0.00019168923,-0.00019168923,-0.001086239,-0.001086239,-0.00019168923,-0.00019168923,-6.9388939e-16,-6.9388939e-16,-1.9984014e-15,-1.9984014e-15,-0.0012779282,-0.0012779282,-2.7755576e-15,-2.7755576e-15,1.9984014e-15,1.9984014e-15,3.5527137e-15,3.5527137e-15,0.15477986,0.15477986,0.00019168923,0.00019168923,0.15477986,0.15477986,0.00019168923,0.00019168923,0.15497155,0.15497155,6.3282712e-14,6.3282712e-14,0.15369362,0.15369362,0.15369362,0.15369362,-0.00019168923,-0.00019168923,9.0025283e-05,9.0025283e-05,1.110223e-15,1.110223e-15,0.00010011419,0.00010011419,-1.0088907e-05,-1.0088907e-05,0.15497155,0.15497155,6.3282712e-14,6.3282712e-14,2.4795448,2.4795448,1.010303e-12,1.010303e-12,1.2397724,1.2397724,5.0359716e-13,5.0359716e-13,0.15369362,0.15369362,0.0012779282,0.0012779282,0.030738724,0.030738724,1.0047518e-14,1.0047518e-14,2.517508e-14,2.517508e-14,-2.1821287e-14,-2.1821287e-14,-2.220446e-16,-2.220446e-16,-2.220446e-16,-2.220446e-16,-0.0012779282,-0.0012779282,-6.5503158e-15,-6.5503158e-15,0,0,-1.9428903e-15,-1.9428903e-15,0,0,0,0
0.15384304,0.15384304,-0.15384304,-0.15384304,-5.9507954e-14,-5.9507954e-14,-6.1617378e-14,-6.1617378e-14,-0.15384304,-0.15384304,-0.001031927,-0.001031927,-0.00018210477,-0.00018210477,-0.001031927,-0.001031927,-0.00018210477,-0.00018210477,0,0,0.15505707,0.15505707,6.3726802e-14,6.3726802e-14,0.00014266272,0.00014266272,0.00014266272,0.00014266272,1.954166e-15,1.954166e-15,-0.001031927,-0.001031927,-0.00018210477,-0.00018210477,-0.001031927,-0.001031927,-0.00018210477,-0.00018210477,-6.9388939e-16,-6.9388939e-16,-1.9984014e-15,-1.9984014e-15,-0.0012140318,-0.0012140318,-2.7755576e-15,-2.7755576e-15,1.9984014e-15,1.9984014e-15,3.5527137e-15,3.5527137e-15,0.15487497,0.15487497,0.00018210477,0.00018210477,0.15487497,0.15487497,0.00018210477,0.00018210477,0.15505707,0.15505707,6.4392935e-14,6.4392935e-14,0.15384304,0.15384304,0.15384304,0.15384304,-0.00018210477,-0.00018210477,8.5524019e-05,8.5524019e-05,1.110223e-15,1.110223e-15,9.510848e-05,9.510848e-05,-9.5844614e-06,-9.5844614e-06,0.15505707,0.15505707,6.4392935e-14,6.4392935e-14,2.4809131,2.4809131,1.0269563e-12,1.0269563e-12,1.2404566,1.2404566,5.1192384e-13,5.1192384e-13,0.15384304,0.15384304,0.0012140318,0.0012140318,0.030768608,0.030768608,1.0269563e-14,1.0269563e-14,2.4874516e-14,2.4874516e-14,-2.1557972e-14,-2.1557972e-14,-2.220446e-16,-2.220446e-16,-2.220446e-16,-2.220446e-16,-0.0012140318,-0.0012140318,-6.5503158e-15,-6.5503158e-15,0,0,-1.9428903e-15,-1.9428903e-15,0,0,0,0
0.15398499,0.15398499,-0.15398499,-0.15398499,-6.0618177e-14,-6.0618177e-14,-6.2616579e-14,-6.2616579e-14,-0.15398499,-0.15398499,-0.00098033066,-0.00098033066,-0.00017299953,-0.00017299953,-0.00098033066,-0.00098033066,-0.00017299953,-0.00017299953,0,0,0.15513832,0.15513832,6.4837025e-14,6.4837025e-14,0.00013552958,0.00013552958,0.00013552958,0.00013552958,1.9567681e-15,1.9567681e-15,-0.00098033066,-0.00098033066,-0.00017299953,-0.00017299953,-0.00098033066,-0.00098033066,-0.00017299953,-0.00017299953,-6.9388939e-16,-6.9388939e-16,-1.9984014e-15,-1.9984014e-15,-0.0011533302,-0.0011533302,-2.7755576e-15,-2.7755576e-15,1.9984014e-15,1.9984014e-15,3.5527137e-15,3.5527137e-15,0.15496532,0.15496532,0.00017299953,0.00017299953,0.15496532,0.15496532,0.00017299953,0.00017299953,0.15513832,0.15513832,6.5503158e-14,6.5503158e-14,0.15398499,0.15398499,0.15398499,0.15398499,-0.00017299953,-0.00017299953,8.1247818e-05,8.1247818e-05,1.3322676e-15,1.3322676e-15,9.0353056e-05,9.0353056e-05,-9.1052383e-06,-9.1052383e-06,0.15513832,0.15513832,6.5503158e-14,6.5503158e-14,2.4822131,2.4822131,1.0436096e-12,1.0436096e-12,1.2411066,1.2411066,5.2025051e-13,5.2025051e-13,0.15398499,0.15398499,0.0011533302,0.0011533302,0.030796998,0.030796998,1.0463852e-14,1.0463852e-14,2.456635e-14,2.456635e-14,-2.1288275e-14,-2.1288275e-14,-2.220446e-16,-2.220446e-16,-2.220446e-16,-2.220446e-16,-0.0011533302,-0.0011533302,-6.5503158e-15,-6.5503158e-15,0,0,-1.9706459e-15,-1.9706459e-15,0,0,0,0
0.15411984,0.15411984,-0.15411984,-0.15411984,-6.1506356e-14,-6.1506356e-14,-6.3726802e-14,-6.3726802e-14,-0.15411984,-0.15411984,-0.00093131413,-0.00093131413,-0.00016434955,-0.00016434955,-0.00093131413,-0.00093131413,-0.00016434955,-0.00016434955,0,0,0.1552155,0.1552155,6.5947248e-14,6.5947248e-14,0.00012875311,0.00012875311,0.00012875311,0.00012875311,1.9602375e-15,1.9602375e-15,-0.00093131413,-0.00093131413,-0.00016434955,-0.00016434955,-0.00093131413,-0.00093131413,-0.00016434955,-0.00016434955,-6.9388939e-16,-6.9388939e-16,-1.9984014e-15,-1.9984014e-15,-0.0010956637,-0.0010956637,-2.7755576e-15,-2.7755576e-15,1.9984014e-15,1.9984014e-15,3.5527137e-15,3.5527137e-15,0.15505115,0.15505115,0.00016434955,0.00016434955,0.15505115,0.15505115,0.00016434955,0.00016434955,0.1552155,0.1552155,6.6391337e-14,6.6391337e-14,0.15411984,0.15411984,0.15411984,0.15411984,-0.00016434955,-0.00016434955,7.7185427e-05,7.7185427e-05,1.3322676e-15,1.3322676e-15,8.5835403e-05,8.5835403e-05,-8.6499764e-06,-8.6499764e-06,0.1552155,0.1552155,6.6391337e-14,6.6391337e-14,2.4834481,2.4834481,1.060263e-12,1.060263e-12,1.241724,1.241724,5.2857718e-13,5.2857718e-13,0.15411984,0.15411984,0.0010956637,0.0010956637,0.030823968,0.030823968,1.0658141e-14,1.0658141e-14,2.4250739e-14,2.4250739e-14,-2.1012323e-14,-2.1012323e-14,-2.220446e-16,-2.220446e-16,-2.220446e-16,-2.220446e-16,-0.0010956637,-0.0010956637,-6.5503158e-15,-6.5503158e-15,0,0,-1.9706459e-15,-1.9706459e-15,0,0,0,0
0.15424795,0.15424795,-0.15424795,-0.15424795,-6.2616579e-14,-6.2616579e-14,-6.4726002e-14,-6.4726002e-14,-0.15424795,-0.15424795,-0.00088474842,-0.00088474842,-0.00015613207,-0.00015613207,-0.00088474842,-0.00088474842,-0.00015613207,-0.00015613207,0,0,0.15528883,0.15528883,6.7057471e-14,6.7057471e-14,0.00012231545,0.00012231545,0.00012231545,0.00012231545,1.9628396e-15,1.9628396e-15,-0.00088474842,-0.00088474842,-0.00015613207,-0.00015613207,-0.00088474842,-0.00088474842,-0.00015613207,-0.00015613207,-6.6613381e-16,-6.6613381e-16,-1.9984014e-15,-1.9984014e-15,-0.0010408805,-0.0010408805,-2.7755576e-15,-2.7755576e-15,1.9984014e-15,1.9984014e-15,3.5527137e-15,3.5527137e-15,0.1551327,0.1551327,0.00015613207,0.00015613207,0.1551327,0.1551327,0.00015613207,0.00015613207,0.15528883,0.15528883,6.750156e-14,6.750156e-14,0.15424795,0.15424795,0.15424795,0.15424795,-0.00015613207,-0.00015613207,7.3326156e-05,7.3326156e-05,1.3322676e-15,1.3322676e-15,8.1543633e-05,8.1543633e-05,-8.2174776e-06,-8.2174776e-06,0.15528883,0.15528883,6.750156e-14,6.750156e-14,2.4846213,2.4846213,1.0769163e-12,1.0769163e-12,1.2423106,1.2423106,5.3690385e-13,5.3690385e-13,0.15424795,0.15424795,0.0010408805,0.0010408805,0.03084959,0.03084959,1.0880186e-14,1.0880186e-14,2.3927838e-14,2.3927838e-14,-2.0730241e-14,-2.0730241e-14,-2.220446e-16,-2.220446e-16,-2.220446e-16,-2.220446e-16,-0.0010408805,-0.0010408805,-6.5503158e-15,-6.5503158e-15,0,0,-1.9706459e-15,-1.9706459e-15,0,0,0,0
0.15436965,0.15436965,-0.15436965,-0.15436965,-6.3726802e-14,-6.3726802e-14,-6.5725203e-14,-6.5725203e-14,-0.15436965,-0.15436965,-0.000840511,-0.000840511,-0.00014832547,-0.00014832547,-0.000840511,-0.000840511,-0.00014832547,-0.00014832547,0,0,0.15535849,0.15535849,6.7945649e-14,6.7945649e-14,0.00011619968,0.00011619968,0.00011619968,0.00011619968,1.9654417e-15,1.9654417e-15,-0.000840511,-0.000840511,-0.00014832547,-0.00014832547,-0.000840511,-0.000840511,-0.00014832547,-0.00014832547,-6.6613381e-16,-6.6613381e-16,-1.9984014e-15,-1.9984014e-15,-0.00098883647,-0.00098883647,-2.7755576e-15,-2.7755576e-15,1.9984014e-15,1.9984014e-15,3.5527137e-15,3.5527137e-15,0.15521017,0.15521017,0.00014832547,0.00014832547,0.15521017,0.15521017,0.00014832547,0.00014832547,0.15535849,0.15535849,6.8611783e-14,6.8611783e-14,0.15436965,0.15436965,0.15436965,0.15436965,-0.00014832547,-0.00014832547,6.9659848e-05,6.9659848e-05,1.3322676e-15,1.3322676e-15,7.7466452e-05,7.7466452e-05,-7.8066037e-06,-7.8066037e-06,0.15535849,0.15535849,6.8611783e-14,6.8611783e-14,2.4857358,2.4857358,1.0936807e-12,1.0936807e-12,1.2428679,1.2428679,5.4534155e-13,5.4534155e-13,0.15436965,0.15436965,0.00098883647,0.00098883647,0.030873931,0.030873931,1.1074475e-14,1.1074475e-14,2.3597798e-14,2.3597798e-14,-2.044215e-14,-2.044215e-14,-2.220446e-16,-2.220446e-16,-2.220446e-16,-2.220446e-16,-0.00098883647,-0.00098883647,-6.6613381e-15,-6.6613381e-15,0,0,-1.9706459e-15,-1.9706459e-15,0,0,0,0
0.15448527,0.15448527,-0.15448527,-0.15448527,-6.4837025e-14,-6.4837025e-14,-6.6724404e-14,-6.6724404e-14,-0.15448527,-0.15448527,-0.00079848545,-0.00079848545,-0.0001409092,-0.0001409092,-0.00079848545,-0.00079848545,-0.0001409092,-0.0001409092,0,0,0.15542467,0.15542467,6.9055872e-14,6.9055872e-14,0.00011038969,0.00011038969,0.00011038969,0.00011038969,1.9680438e-15,1.9680438e-15,-0.00079848545,-0.00079848545,-0.0001409092,-0.0001409092,-0.00079848545,-0.00079848545,-0.0001409092,-0.0001409092,-6.6613381e-16,-6.6613381e-16,-1.9984014e-15,-1.9984014e-15,-0.00093939465,-0.00093939465,-2.7755576e-15,-2.7755576e-15,1.9984014e-15,1.9984014e-15,3.5527137e-15,3.5527137e-15,0.15528376,0.15528376,0.0001409092,0.0001409092,0.15528376,0.15528376,0.0001409092,0.0001409092,0.15542467,0.15542467,6.9499961e-14,6.9499961e-14,0.15448527,0.15448527,0.15448527,0.15448527,-0.0001409092,-0.0001409092,6.6176856e-05,6.6176856e-05,1.3322676e-15,1.3322676e-15,7.3593129e-05,7.3593129e-05,-7.4162735e-06,-7.4162735e-06,0.15542467,0.15542467,6.9499961e-14,6.9499961e-14,2.4867947,2.4867947,1.1104451e-12,1.1104451e-12,1.2433973,1.2433973,5.5366822e-13,5.5366822e-13,0.15448527,0.15448527,0.00093939465,0.00093939465,0.030897055,0.030897055,1.1296519e-14,1.1296519e-14,2.3260768e-14,2.3260768e-14,-2.0148172e-14,-2.0148172e-14,-2.220446e-16,-2.220446e-16,-2.220446e-16,-2.220446e-16,-0.00093939465,-0.00093939465,-6.6613381e-15,-6.6613381e-15,0,0,-1.9706459e-15,-1.9706459e-15,0,0,0,0
0.15459511,0.15459511,-0.15459511,-0.15459511,-6.5947248e-14,-6.5947248e-14,-6.7834627e-14,-6.7834627e-14,-0.15459511,-0.15459511,-0.00075856118,-0.00075856118,-0.00013386374,-0.00013386374,-0.00075856118,-0.00075856118,-0.00013386374,-0.00013386374,0,0,0.15548754,0.15548754,7.0166095e-14,7.0166095e-14,0.00010487021,0.00010487021,0.00010487021,0.00010487021,1.9706459e-15,1.9706459e-15,-0.00075856118,-0.00075856118,-0.00013386374,-0.00013386374,-0.00075856118,-0.00075856118,-0.00013386374,-0.00013386374,-6.6613381e-16,-6.6613381e-16,-2.1094237e-15,-2.1094237e-15,-0.00089242492,-0.00089242492,-2.7755576e-15,-2.7755576e-15,1.9984014e-15,1.9984014e-15,3.5527137e-15,3.5527137e-15,0.15535367,0.15535367,0.00013386374,0.00013386374,0.15535367,0.15535367,0.00013386374,0.00013386374,0.15548754,0.15548754,7.0610184e-14,7.0610184e-14,0.15459511,0.15459511,0.15459511,0.15459511,-0.00013386374,-0.00013386374,6.2868013e-05,6.2868013e-05,1.3322676e-15,1.3322676e-15,6.9913473e-05,6.9913473e-05,-7.0454599e-06,-7.0454599e-06,0.15548754,0.15548754,7.0610184e-14,7.0610184e-14,2.4878006,2.4878006,1.1272094e-12,1.1272094e-12,1.2439003,1.2439003,5.6210592e-13,5.6210592e-13,0.15459511,0.15459511,0.00089242492,0.00089242492,0.030919022,0.030919022,1.1490808e-14,1.1490808e-14,2.2916894e-14,2.2916894e-14,-1.9848425e-14,-1.9848425e-14,-2.220446e-16,-2.220446e-16,-2.220446e-16,-2.220446e-16,-0.00089242492,-0.00089242492,-6.6613381e-15,-6.6613381e-15,0,0,-1.9706459e-15,-1.9706459e-15,0,0,0,0
0.15469946,0.15469946,-0.15469946,-0.15469946,-6.6946448e-14,-6.6946448e-14,-6.8833828e-14,-6.8833828e-14,-0.15469946,-0.15469946,-0.00072063312,-0.00072063312,-0.00012717055,-0.00012717055,-0.00072063312,-0.00072063312,-0.00012717055,-0.00012717055,0,0,0.15554726,0.15554726,7.1054274e-14,7.1054274e-14,9.9626698e-05,9.9626698e-05,9.9626698e-05,9.9626698e-05,1.973248e-15,1.973248e-15,-0.00072063312,-0.00072063312,-0.00012717055,-0.00012717055,-0.00072063312,-0.00072063312,-0.00012717055,-0.00012717055,-6.6613381e-16,-6.6613381e-16,-2.1094237e-15,-2.1094237e-15,-0.00084780367,-0.00084780367,-2.7755576e-15,-2.7755576e-15,1.9984014e-15,1.9984014e-15,3.5527137e-15,3.5527137e-15,0.15542009,0.15542009,0.00012717055,0.00012717055,0.15542009,0.15542009,0.00012717055,0.00012717055,0.15554726,0.15554726,7.1720407e-14,7.1720407e-14,0.15469946,0.15469946,0.15469946,0.15469946,-0.00012717055,-0.00012717055,5.9724612e-05,5.9724612e-05,1.3322676e-15,1.3322676e-15,6.6417799e-05,6.6417799e-05,-6.6931869e-06,-6.6931869e-06,0.15554726,0.15554726,7.1720407e-14,7.1720407e-14,2.4887562,2.4887562,1.1439738e-12,1.1439738e-12,1.2443781,1.2443781,5.7054361e-13,5.7054361e-13,0.15469946,0.15469946,0.00084780367,0.00084780367,0.030939891,0.030939891,1.1712853e-14,1.1712853e-14,2.2566321e-14,2.2566321e-14,-1.9543025e-14,-1.9543025e-14,-2.220446e-16,-2.220446e-16,-2.220446e-16,-2.220446e-16,-0.00084780367,-0.00084780367,-6.6613381e-15,-6.6613381e-15,0,0,-1.9706459e-15,-1.9706459e-15,0,0,0,0
0.15479858,0.15479858,-0.15479858,-0.15479858,-6.8056671e-14,-6.8056671e-14,-6.9833028e-14,-6.9833028e-14,-0.15479858,-0.15479858,-0.00068460146,-0.00068460146,-0.00012081202,-0.00012081202,-0.00068460146,-0.00068460146,-0.00012081202,-0.00012081202,0,0,0.155604,0.155604,7.2164497e-14,7.2164497e-14,9.4645364e-05,9.4645364e-05,9.4645364e-05,9.4645364e-05,1.97585e-15,1.97585e-15,-0.00068460146,-0.00068460146,-0.00012081202,-0.00012081202,-0.00068460146,-0.00068460146,-0.00012081202,-0.00012081202,-6.6613381e-16,-6.6613381e-16,-2.1094237e-15,-2.1094237e-15,-0.00080541349,-0.00080541349,-2.7755576e-15,-2.7755576e-15,1.9984014e-15,1.9984014e-15,3.5527137e-15,3.5527137e-15,0.15548319,0.15548319,0.00012081202,0.00012081202,0.15548319,0.15548319,0.00012081202,0.00012081202,0.155604,0.155604,7.283063e-14,7.283063e-14,0.15479858,0.15479858,0.15479858,0.15479858,-0.00012081202,-0.00012081202,5.6738382e-05,5.6738382e-05,1.3322676e-15,1.3322676e-15,6.3096909e-05,6.3096909e-05,-6.3585275e-06,-6.3585275e-06,0.155604,0.155604,7.283063e-14,7.283063e-14,2.489664,2.489664,1.1608492e-12,1.1608492e-12,1.244832,1.244832,5.7887029e-13,5.7887029e-13,0.15479858,0.15479858,0.00080541349,0.00080541349,0.030959717,0.030959717,1.1907142e-14,1.1907142e-14,2.2209188e-14,2.2209188e-14,-1.9232088e-14,-1.9232088e-14,-2.220446e-16,-2.220446e-16,-2.220446e-16,-2.220446e-16,-0.00080541349,-0.00080541349,-6.6613381e-15,-6.6613381e-15,0,0,-1.9706459e-15,-1.9706459e-15,0,0,0,0
0.15489276,0.15489276,-0.15489276,-0.15489276,-6.9055872e-14,-6.9055872e-14,-7.0943251e-14,-7.0943251e-14,-0.15489276,-0.15489276,-0.00065037139,-0.00065037139,-0.00011477142,-0.00011477142,-0.00065037139,-0.00065037139,-0.00011477142,-0.00011477142,0,0,0.1556579,0.1556579,7.327472e-14,7.327472e-14,8.9913095e-05,8.9913095e-05,8.9913095e-05,8.9913095e-05,1.9784521e-15,1.9784521e-15,-0.00065037139,-0.00065037139,-0.00011477142,-0.00011477142,-0.00065037139,-0.00065037139,-0.00011477142,-0.00011477142,-6.6613381e-16,-6.6613381e-16,-2.1094237e-15,-2.1094237e-15,-0.00076514281,-0.00076514281,-2.7755576e-15,-2.7755576e-15,1.9984014e-15,1.9984014e-15,3.5527137e-15,3.5527137e-15,0.15554313,0.15554313,0.00011477142,0.00011477142,0.15554313,0.15554313,0.00011477142,0.00011477142,0.1556579,0.1556579,7.3718809e-14,7.3718809e-14,0.15489276,0.15489276,0.15489276,0.15489276,-0.00011477142,-0.00011477142,5.3901462e-05,5.3901462e-05,1.3322676e-15,1.3322676e-15,5.9942064e-05,5.9942064e-05,-6.0406011e-06,-6.0406011e-06,0.1556579,0.1556579,7.3718809e-14,7.3718809e-14,2.4905264,2.4905264,1.1776136e-12,1.1776136e-12,1.2452632,1.2452632,5.8730798e-13,5.8730798e-13,0.15489276,0.15489276,0.00076514281,0.00076514281,0.030978551,0.030978551,1.2101431e-14,1.2101431e-14,2.1845634e-14,2.1845634e-14,-1.8915725e-14,-1.8915725e-14,-2.220446e-16,-2.220446e-16,-2.220446e-16,-2.220446e-16,-0.00076514281,-0.00076514281,-6.6613381e-15,-6.6613381e-15,0,0,-1.9706459e-15,-1.9706459e-15,0,0,0,0
0.15498222,0.15498222,-0.15498222,-0.15498222,-7.0055073e-14,-7.0055073e-14,-7.1942452e-14,-7.1942452e-14,-0.15498222,-0.15498222,-0.00061785282,-0.00061785282,-0.00010903285,-0.00010903285,-0.00061785282,-0.00061785282,-0.00010903285,-0.00010903285,0,0,0.15570911,0.15570911,7.4384943e-14,7.4384943e-14,8.5417441e-05,8.5417441e-05,8.5417441e-05,8.5417441e-05,1.9801868e-15,1.9801868e-15,-0.00061785282,-0.00061785282,-0.00010903285,-0.00010903285,-0.00061785282,-0.00061785282,-0.00010903285,-0.00010903285,-6.6613381e-16,-6.6613381e-16,-2.1094237e-15,-2.1094237e-15,-0.00072688567,-0.00072688567,-2.8865799e-15,-2.8865799e-15,1.9984014e-15,1.9984014e-15,3.5527137e-15,3.5527137e-15,0.15560007,0.15560007,0.00010903285,0.00010903285,0.15560007,0.15560007,0.00010903285,0.00010903285,0.15570911,0.15570911,7.4829032e-14,7.4829032e-14,0.15498222,0.15498222,0.15498222,0.15498222,-0.00010903285,-0.00010903285,5.1206389e-05,5.1206389e-05,1.3322676e-15,1.3322676e-15,5.694496e-05,5.694496e-05,-5.7385711e-06,-5.7385711e-06,0.15570911,0.15570911,7.4829032e-14,7.4829032e-14,2.4913457,2.4913457,1.194489e-12,1.194489e-12,1.2456729,1.2456729,5.9574568e-13,5.9574568e-13,0.15498222,0.15498222,0.00072688567,0.00072688567,0.030996444,0.030996444,1.2323476e-14,1.2323476e-14,2.1475795e-14,2.1475795e-14,-1.8594049e-14,-1.8594049e-14,-2.220446e-16,-2.220446e-16,-2.220446e-16,-2.220446e-16,-0.00072688567,-0.00072688567,-6.6613381e-15,-6.6613381e-15,0,0,-1.9706459e-15,-1.9706459e-15,0,0,0,0
0.15506721,0.15506721,-0.15506721,-0.15506721,-7.1165296e-14,-7.1165296e-14,-7.3052675e-14,-7.3052675e-14,-0.15506721,-0.15506721,-0.00058696018,-0.00058696018,-0.00010358121,-0.00010358121,-0.00058696018,-0.00058696018,-0.00010358121,-0.00010358121,0,0,0.15575775,0.15575775,7.5273121e-14,7.5273121e-14,8.1146569e-05,8.1146569e-05,8.1146569e-05,8.1146569e-05,1.9819216e-15,1.9819216e-15,-0.00058696018,-0.00058696018,-0.00010358121,-0.00010358121,-0.00058696018,-0.00058696018,-0.00010358121,-0.00010358121,-6.6613381e-16,-6.6613381e-16,-2.1094237e-15,-2.1094237e-15,-0.00069054139,-0.00069054139,-2.8865799e-15,-2.8865799e-15,1.9984014e-15,1.9984014e-15,3.5527137e-15,3.5527137e-15,0.15565417,0.15565417,0.00010358121,0.00010358121,0.15565417,0.15565417,0.00010358121,0.00010358121,0.15575775,0.15575775,7.5939255e-14,7.5939255e-14,0.15506721,0.15506721,0.15506721,0.15506721,-0.00010358121,-0.00010358121,4.864607e-05,4.864607e-05,1.3322676e-15,1.3322676e-15,5.4097712e-05,5.4097712e-05,-5.4516425e-06,-5.4516425e-06,0.15575775,0.15575775,7.5939255e-14,7.5939255e-14,2.492124,2.492124,1.2114754e-12,1.2114754e-12,1.246062,1.246062,6.0418337e-13,6.0418337e-13,0.15506721,0.15506721,0.00069054139,0.00069054139,0.031013442,0.031013442,1.2517765e-14,1.2517765e-14,2.1099805e-14,2.1099805e-14,-1.8267167e-14,-1.8267167e-14,-2.220446e-16,-2.220446e-16,-2.220446e-16,-2.220446e-16,-0.00069054139,-0.00069054139,-6.6613381e-15,-6.6613381e-15,0,0,-1.9706459e-15,-1.9706459e-15,0,0,0,0
0.15514795,0.15514795,-0.15514795,-0.15514795,-7.2386541e-14,-7.2386541e-14,-7.4051876e-14,-7.4051876e-14,-0.15514795,-0.15514795,-0.00055761217,-0.00055761217,-9.8402148e-05,-9.8402148e-05,-0.00055761217,-0.00055761217,-9.8402148e-05,-9.8402148e-05,0,0,0.15580397,0.15580397,7.6383344e-14,7.6383344e-14,7.708924e-05,7.708924e-05,7.708924e-05,7.708924e-05,1.9845237e-15,1.9845237e-15,-0.00055761217,-0.00055761217,-9.8402148e-05,-9.8402148e-05,-0.00055761217,-0.00055761217,-9.8402148e-05,-9.8402148e-05,-6.6613381e-16,-6.6613381e-16,-2.1094237e-15,-2.1094237e-15,-0.00065601432,-0.00065601432,-2.8865799e-15,-2.8865799e-15,1.9984014e-15,1.9984014e-15,3.5527137e-15,3.5527137e-15,0.15570556,0.15570556,9.8402148e-05,9.8402148e-05,0.15570556,0.15570556,9.8402148e-05,9.8402148e-05,0.15580397,0.15580397,7.7049478e-14,7.7049478e-14,0.15514795,0.15514795,0.15514795,0.15514795,-9.8402148e-05,-9.8402148e-05,4.6213766e-05,4.6213766e-05,1.3322676e-15,1.3322676e-15,5.1392827e-05,5.1392827e-05,-5.1790604e-06,-5.1790604e-06,0.15580397,0.15580397,7.7049478e-14,7.7049478e-14,2.4928635,2.4928635,1.2283508e-12,1.2283508e-12,1.2464317,1.2464317,6.1262106e-13,6.1262106e-13,0.15514795,0.15514795,0.00065601432,0.00065601432,0.03102959,0.03102959,1.2739809e-14,1.2739809e-14,2.0717794e-14,2.0717794e-14,-1.7935187e-14,-1.7935187e-14,-2.220446e-16,-2.220446e-16,-2.220446e-16,-2.220446e-16,-0.00065601432,-0.00065601432,-6.6613381e-15,-6.6613381e-15,0,0,-1.9706459e-15,-1.9706459e-15,0,0,0,0
0.15522466,0.15522466,-0.15522466,-0.15522466,-7.327472e-14,-7.327472e-14,-7.5051076e-14,-7.5051076e-14,-0.15522466,-0.15522466,-0.00052973156,-0.00052973156,-9.348204e-05,-9.348204e-05,-0.00052973156,-0.00052973156,-9.348204e-05,-9.348204e-05,0,0,0.15584787,0.15584787,7.7493567e-14,7.7493567e-14,7.3234778e-05,7.3234778e-05,7.3234778e-05,7.3234778e-05,1.9862584e-15,1.9862584e-15,-0.00052973156,-0.00052973156,-9.348204e-05,-9.348204e-05,-0.00052973156,-0.00052973156,-9.348204e-05,-9.348204e-05,-6.6613381e-16,-6.6613381e-16,-2.1094237e-15,-2.1094237e-15,-0.0006232136,-0.0006232136,-2.8865799e-15,-2.8865799e-15,1.9984014e-15,1.9984014e-15,3.5527137e-15,3.5527137e-15,0.15575439,0.15575439,9.348204e-05,9.348204e-05,0.15575439,0.15575439,9.348204e-05,9.348204e-05,0.15584787,0.15584787,7.7937656e-14,7.7937656e-14,0.15522466,0.15522466,0.15522466,0.15522466,-9.348204e-05,-9.348204e-05,4.3903078e-05,4.3903078e-05,1.3322676e-15,1.3322676e-15,4.8823185e-05,4.8823185e-05,-4.9201074e-06,-4.9201074e-06,0.15584787,0.15584787,7.7937656e-14,7.7937656e-14,2.4935659,2.4935659,1.2452261e-12,1.2452261e-12,1.246783,1.246783,6.2116978e-13,6.2116978e-13,0.15522466,0.15522466,0.0006232136,0.0006232136,0.031044931,0.031044931,1.2961854e-14,1.2961854e-14,2.0329891e-14,2.0329891e-14,-1.7598214e-14,-1.7598214e-14,-2.220446e-16,-2.220446e-16,-2.220446e-16,-2.220446e-16,-0.0006232136,-0.0006232136,-6.6613381e-15,-6.6613381e-15,0,0,-1.9706459e-15,-1.9706459e-15,0,0,0,0
0.15529752,0.15529752,-0.15529752,-0.15529752,-7.4495965e-14,-7.4495965e-14,-7.6161299e-14,-7.6161299e-14,-0.15529752,-0.15529752,-0.00050324498,-0.00050324498,-8.8807938e-05,-8.8807938e-05,-0.00050324498,-0.00050324498,-8.8807938e-05,-8.8807938e-05,0,0,0.15588958,0.15588958,7.860379e-14,7.860379e-14,6.9573039e-05,6.9573039e-05,6.9573039e-05,6.9573039e-05,1.9879931e-15,1.9879931e-15,-0.00050324498,-0.00050324498,-8.8807938e-05,-8.8807938e-05,-0.00050324498,-0.00050324498,-8.8807938e-05,-8.8807938e-05,-6.3837824e-16,-6.3837824e-16,-2.1094237e-15,-2.1094237e-15,-0.00059205292,-0.00059205292,-2.8865799e-15,-2.8865799e-15,1.9984014e-15,1.9984014e-15,3.5527137e-15,3.5527137e-15,0.15580077,0.15580077,8.8807938e-05,8.8807938e-05,0.15580077,0.15580077,8.8807938e-05,8.8807938e-05,0.15588958,0.15588958,7.9047879e-14,7.9047879e-14,0.15529752,0.15529752,0.15529752,0.15529752,-8.8807938e-05,-8.8807938e-05,4.1707924e-05,4.1707924e-05,1.3322676e-15,1.3322676e-15,4.6382026e-05,4.6382026e-05,-4.674102e-06,-4.674102e-06,0.15588958,0.15588958,7.9047879e-14,7.9047879e-14,2.4942332,2.4942332,1.2622126e-12,1.2622126e-12,1.2471166,1.2471166,6.2960748e-13,6.2960748e-13,0.15529752,0.15529752,0.00059205292,0.00059205292,0.031059505,0.031059505,1.3156143e-14,1.3156143e-14,1.9936221e-14,1.9936221e-14,-1.7256352e-14,-1.7256352e-14,-2.220446e-16,-2.220446e-16,-2.220446e-16,-2.220446e-16,-0.00059205292,-0.00059205292,-6.7723605e-15,-6.7723605e-15,0,0,-1.9706459e-15,-1.9706459e-15,0,0,0,0
0.15536675,0.15536675,-0.15536675,-0.15536675,-7.5606188e-14,-7.5606188e-14,-7.71605e-14,-7.71605e-14,-0.15536675,-0.15536675,-0.00047808273,-0.00047808273,-8.4367541e-05,-8.4367541e-05,-0.00047808273,-0.00047808273,-8.4367541e-05,-8.4367541e-05,0,0,0.1559292,0.1559292,7.9491969e-14,7.9491969e-14,6.6094387e-05,6.6094387e-05,6.6094387e-05,6.6094387e-05,1.9897278e-15,1.9897278e-15,-0.00047808273,-0.00047808273,-8.4367541e-05,-8.4367541e-05,-0.00047808273,-0.00047808273,-8.4367541e-05,-8.4367541e-05,-6.3837824e-16,-6.3837824e-16,-2.1094237e-15,-2.1094237e-15,-0.00056245028,-0.00056245028,-2.8865799e-15,-2.8865799e-15,1.9984014e-15,1.9984014e-15,3.5527137e-15,3.5527137e-15,0.15584483,0.15584483,8.4367541e-05,8.4367541e-05,0.15584483,0.15584483,8.4367541e-05,8.4367541e-05,0.1559292,0.1559292,8.0158102e-14,8.0158102e-14,0.15536675,0.15536675,0.15536675,0.15536675,-8.4367541e-05,-8.4367541e-05,3.9622528e-05,3.9622528e-05,1.3322676e-15,1.3322676e-15,4.4062925e-05,4.4062925e-05,-4.4403969e-06,-4.4403969e-06,0.1559292,0.1559292,8.0158102e-14,8.0158102e-14,2.4948672,2.4948672,1.279199e-12,1.279199e-12,1.2474336,1.2474336,6.3804517e-13,6.3804517e-13,0.15536675,0.15536675,0.00056245028,0.00056245028,0.03107335,0.03107335,1.3378187e-14,1.3378187e-14,1.9536907e-14,1.9536907e-14,-1.6909702e-14,-1.6909702e-14,-2.220446e-16,-2.220446e-16,-2.220446e-16,-2.220446e-16,-0.00056245028,-0.00056245028,-6.7723605e-15,-6.7723605e-15,0,0,-1.9706459e-15,-1.9706459e-15,0,0,0,0
0.15543251,0.15543251,-0.15543251,-0.15543251,-7.6494366e-14,-7.6494366e-14,-7.8270723e-14,-7.8270723e-14,-0.15543251,-0.15543251,-0.0004541786,-0.0004541786,-8.0149164e-05,-8.0149164e-05,-0.0004541786,-0.0004541786,-8.0149164e-05,-8.0149164e-05,0,0,0.15596684,0.15596684,8.0602192e-14,8.0602192e-14,6.2789668e-05,6.2789668e-05,6.2789668e-05,6.2789668e-05,1.9914626e-15,1.9914626e-15,-0.0004541786,-0.0004541786,-8.0149164e-05,-8.0149164e-05,-0.0004541786,-0.0004541786,-8.0149164e-05,-8.0149164e-05,-6.3837824e-16,-6.3837824e-16,-2.1094237e-15,-2.1094237e-15,-0.00053432776,-0.00053432776,-2.8865799e-15,-2.8865799e-15,1.9984014e-15,1.9984014e-15,3.5527137e-15,3.5527137e-15,0.15588669,0.15588669,8.0149164e-05,8.0149164e-05,0.15588669,0.15588669,8.0149164e-05,8.0149164e-05,0.15596684,0.15596684,8.1268325e-14,8.1268325e-14,0.15543251,0.15543251,0.15543251,0.15543251,-8.0149164e-05,-8.0149164e-05,3.7641402e-05,3.7641402e-05,1.3322676e-15,1.3322676e-15,4.1859779e-05,4.1859779e-05,-4.2183771e-06,-4.2183771e-06,0.15596684,0.15596684,8.1268325e-14,8.1268325e-14,2.4954695,2.4954695,1.2961854e-12,1.2961854e-12,1.2477347,1.2477347,6.4659389e-13,6.4659389e-13,0.15543251,0.15543251,0.00053432776,0.00053432776,0.031086503,0.031086503,1.3572476e-14,1.3572476e-14,1.9132072e-14,1.9132072e-14,-1.6558364e-14,-1.6558364e-14,-2.220446e-16,-2.220446e-16,-2.220446e-16,-2.220446e-16,-0.00053432776,-0.00053432776,-6.7723605e-15,-6.7723605e-15,0,0,-1.9706459e-15,-1.9706459e-15,0,0,0,0
0.15549499,0.15549499,-0.15549499,-0.15549499,-7.7604589e-14,-7.7604589e-14,-7.9269924e-14,-7.9269924e-14,-0.15549499,-0.15549499,-0.00043146967,-0.00043146967,-7.6141706e-05,-7.6141706e-05,-0.00043146967,-0.00043146967,-7.6141706e-05,-7.6141706e-05,0,0,0.1560026,0.1560026,8.1712415e-14,8.1712415e-14,5.9650185e-05,5.9650185e-05,5.9650185e-05,5.9650185e-05,1.9931973e-15,1.9931973e-15,-0.00043146967,-0.00043146967,-7.6141706e-05,-7.6141706e-05,-0.00043146967,-0.00043146967,-7.6141706e-05,-7.6141706e-05,-6.3837824e-16,-6.3837824e-16,-2.1094237e-15,-2.1094237e-15,-0.00050761137,-0.00050761137,-2.8865799e-15,-2.8865799e-15,1.9984014e-15,1.9984014e-15,3.5527137e-15,3.5527137e-15,0.15592646,0.15592646,7.6141706e-05,7.6141706e-05,0.15592646,0.15592646,7.6141706e-05,7.6141706e-05,0.1560026,0.1560026,8.2378548e-14,8.2378548e-14,0.15549499,0.15549499,0.15549499,0.15549499,-7.6141706e-05,-7.6141706e-05,3.5759331e-05,3.5759331e-05,1.3322676e-15,1.3322676e-15,3.976679e-05,3.976679e-05,-4.0074582e-06,-4.0074582e-06,0.1560026,0.1560026,8.2156504e-14,8.2156504e-14,2.4960416,2.4960416,1.3131718e-12,1.3131718e-12,1.2480208,1.2480208,6.5514261e-13,6.5514261e-13,0.15549499,0.15549499,0.00050761137,0.00050761137,0.031098998,0.031098998,1.3794521e-14,1.3794521e-14,1.8721833e-14,1.8721833e-14,-1.6202436e-14,-1.6202436e-14,-2.220446e-16,-2.220446e-16,-2.220446e-16,-2.220446e-16,-0.00050761137,-0.00050761137,-6.7723605e-15,-6.7723605e-15,0,0,-1.9706459e-15,-1.9706459e-15,0,0,0,0
0.15555434,0.15555434,-0.15555434,-0.15555434,-7.8825835e-14,-7.8825835e-14,-8.0380147e-14,-8.0380147e-14,-0.15555434,-0.15555434,-0.00040989618,-0.00040989618,-7.2334621e-05,-7.2334621e-05,-0.00040989618,-0.00040989618,-7.2334621e-05,-7.2334621e-05,0,0,0.15603657,0.15603657,8.2822638e-14,8.2822638e-14,5.6667675e-05,5.6667675e-05,5.6667675e-05,5.6667675e-05,1.994932e-15,1.994932e-15,-0.00040989618,-0.00040989618,-7.2334621e-05,-7.2334621e-05,-0.00040989618,-0.00040989618,-7.2334621e-05,-7.2334621e-05,-6.3837824e-16,-6.3837824e-16,-2.220446e-15,-2.220446e-15,-0.00048223081,-0.00048223081,-2.8865799e-15,-2.8865799e-15,1.9984014e-15,1.9984014e-15,3.5527137e-15,3.5527137e-15,0.15596424,0.15596424,7.2334621e-05,7.2334621e-05,0.15596424,0.15596424,7.2334621e-05,7.2334621e-05,0.15603657,0.15603657,8.3266727e-14,8.3266727e-14,0.15555434,0.15555434,0.15555434,0.15555434,-7.2334621e-05,-7.2334621e-05,3.3971365e-05,3.3971365e-05,1.3322676e-15,1.3322676e-15,3.777845e-05,3.777845e-05,-3.8070853e-06,-3.8070853e-06,0.15603657,0.15603657,8.3266727e-14,8.3266727e-14,2.4965851,2.4965851,1.3301582e-12,1.3301582e-12,1.2482926,1.2482926,6.635803e-13,6.635803e-13,0.15555434,0.15555434,0.00048223081,0.00048223081,0.031110868,0.031110868,1.398881e-14,1.398881e-14,1.8306307e-14,1.8306307e-14,-1.5842013e-14,-1.5842013e-14,-2.220446e-16,-2.220446e-16,-2.220446e-16,-2.220446e-16,-0.00048223081,-0.00048223081,-6.7723605e-15,-6.7723605e-15,0,0,-1.9706459e-15,-1.9706459e-15,0,0,0,0
0.15561073,0.15561073,-0.15561073,-0.15561073,-7.9825035e-14,-7.9825035e-14,-8.1379348e-14,-8.1379348e-14,-0.15561073,-0.15561073,-0.00038940138,-0.00038940138,-6.871789e-05,-6.871789e-05,-0.00038940138,-0.00038940138,-6.871789e-05,-6.871789e-05,0,0,0.15606884,0.15606884,8.3932861e-14,8.3932861e-14,5.3834292e-05,5.3834292e-05,5.3834292e-05,5.3834292e-05,1.9966667e-15,1.9966667e-15,-0.00038940138,-0.00038940138,-6.871789e-05,-6.871789e-05,-0.00038940138,-0.00038940138,-6.871789e-05,-6.871789e-05,-6.3837824e-16,-6.3837824e-16,-2.220446e-15,-2.220446e-15,-0.00045811927,-0.00045811927,-2.8865799e-15,-2.8865799e-15,1.9984014e-15,1.9984014e-15,3.5527137e-15,3.5527137e-15,0.15600013,0.15600013,6.871789e-05,6.871789e-05,0.15600013,0.15600013,6.871789e-05,6.871789e-05,0.15606884,0.15606884,8.437695e-14,8.437695e-14,0.15561073,0.15561073,0.15561073,0.15561073,-6.871789e-05,-6.871789e-05,3.2272797e-05,3.2272797e-05,1.3322676e-15,1.3322676e-15,3.5889528e-05,3.5889528e-05,-3.616731e-06,-3.616731e-06,0.15606884,0.15606884,8.437695e-14,8.437695e-14,2.4971015,2.4971015,1.3472556e-12,1.3472556e-12,1.2485508,1.2485508,6.7212902e-13,6.7212902e-13,0.15561073,0.15561073,0.00045811927,0.00045811927,0.031122145,0.031122145,1.4210855e-14,1.4210855e-14,1.7885609e-14,1.7885609e-14,-1.5477192e-14,-1.5477192e-14,-2.220446e-16,-2.220446e-16,-2.220446e-16,-2.220446e-16,-0.00045811927,-0.00045811927,-6.7723605e-15,-6.7723605e-15,0,0,-1.9706459e-15,-1.9706459e-15,0,0,0,0
0.15566429,0.15566429,-0.15566429,-0.15566429,-8.0935258e-14,-8.0935258e-14,-8.2489571e-14,-8.2489571e-14,-0.15566429,-0.15566429,-0.00036993131,-0.00036993131,-6.5281995e-05,-6.5281995e-05,-0.00036993131,-0.00036993131,-6.5281995e-05,-6.5281995e-05,0,0,0.1560995,0.1560995,8.4821039e-14,8.4821039e-14,5.1142577e-05,5.1142577e-05,5.1142577e-05,5.1142577e-05,1.9975341e-15,1.9975341e-15,-0.00036993131,-0.00036993131,-6.5281995e-05,-6.5281995e-05,-0.00036993131,-0.00036993131,-6.5281995e-05,-6.5281995e-05,-6.3837824e-16,-6.3837824e-16,-2.220446e-15,-2.220446e-15,-0.0004352133,-0.0004352133,-2.8865799e-15,-2.8865799e-15,1.9984014e-15,1.9984014e-15,3.5527137e-15,3.5527137e-15,0.15603422,0.15603422,6.5281995e-05,6.5281995e-05,0.15603422,0.15603422,6.5281995e-05,6.5281995e-05,0.1560995,0.1560995,8.5487173e-14,8.5487173e-14,0.15566429,0.15566429,0.15566429,0.15566429,-6.5281995e-05,-6.5281995e-05,3.0659157e-05,3.0659157e-05,1.3322676e-15,1.3322676e-15,3.4095051e-05,3.4095051e-05,-3.4358945e-06,-3.4358945e-06,0.1560995,0.1560995,8.5487173e-14,8.5487173e-14,2.4975921,2.4975921,1.3642421e-12,1.3642421e-12,1.248796,1.248796,6.8067774e-13,6.8067774e-13,0.15566429,0.15566429,0.0004352133,0.0004352133,0.031132858,0.031132858,1.4432899e-14,1.4432899e-14,1.7459849e-14,1.7459849e-14,-1.5108063e-14,-1.5108063e-14,-2.220446e-16,-2.220446e-16,-2.220446e-16,-2.220446e-16,-0.0004352133,-0.0004352133,-6.7723605e-15,-6.7723605e-15,0,0,-1.9706459e-15,-1.9706459e-15,0,0,0,0
0.15571518,0.15571518,-0.15571518,-0.15571518,-8.1934459e-14,-8.1934459e-14,-8.3488771e-14,-8.3488771e-14,-0.15571518,-0.15571518,-0.00035143474,-0.00035143474,-6.2017896e-05,-6.2017896e-05,-0.00035143474,-0.00035143474,-6.2017896e-05,-6.2017896e-05,0,0,0.15612863,0.15612863,8.5931262e-14,8.5931262e-14,4.8585448e-05,4.8585448e-05,4.8585448e-05,4.8585448e-05,1.9992688e-15,1.9992688e-15,-0.00035143474,-0.00035143474,-6.2017896e-05,-6.2017896e-05,-0.00035143474,-0.00035143474,-6.2017896e-05,-6.2017896e-05,-6.3837824e-16,-6.3837824e-16,-2.220446e-15,-2.220446e-15,-0.00041345264,-0.00041345264,-2.8865799e-15,-2.8865799e-15,1.9984014e-15,1.9984014e-15,3.5527137e-15,3.5527137e-15,0.15606661,0.15606661,6.2017896e-05,6.2017896e-05,0.15606661,0.15606661,6.2017896e-05,6.2017896e-05,0.15612863,0.15612863,8.6597396e-14,8.6597396e-14,0.15571518,0.15571518,0.15571518,0.15571518,-6.2017896e-05,-6.2017896e-05,2.9126199e-05,2.9126199e-05,1.3322676e-15,1.3322676e-15,3.2390299e-05,3.2390299e-05,-3.2640998e-06,-3.2640998e-06,0.15612863,0.15612863,8.6597396e-14,8.6597396e-14,2.4980581,2.4980581,1.3813395e-12,1.3813395e-12,1.249029,1.249029,6.8922645e-13,6.8922645e-13,0.15571518,0.15571518,0.00041345264,0.00041345264,0.031143035,0.031143035,1.4627188e-14,1.4627188e-14,1.7029138e-14,1.7029138e-14,-1.4734718e-14,-1.4734718e-14,-2.220446e-16,-2.220446e-16,-2.220446e-16,-2.220446e-16,-0.00041345264,-0.00041345264,-6.7723605e-15,-6.7723605e-15,0,0,-1.9706459e-15,-1.9706459e-15,0,0,0,0
0.15576352,0.15576352,-0.15576352,-0.15576352,-8.3155705e-14,-8.3155705e-14,-8.4598994e-14,-8.4598994e-14,-0.15576352,-0.15576352,-0.000333863,-0.000333863,-5.8917001e-05,-5.8917001e-05,-0.000333863,-0.000333863,-5.8917001e-05,-5.8917001e-05,0,0,0.1561563,0.1561563,8.7041485e-14,8.7041485e-14,4.6156176e-05,4.6156176e-05,4.6156176e-05,4.6156176e-05,2.0001362e-15,2.0001362e-15,-0.000333863,-0.000333863,-5.8917001e-05,-5.8917001e-05,-0.000333863,-0.000333863,-5.8917001e-05,-5.8917001e-05,-6.3837824e-16,-6.3837824e-16,-2.220446e-15,-2.220446e-15,-0.00039278,-0.00039278,-2.8865799e-15,-2.8865799e-15,1.9984014e-15,1.9984014e-15,3.5527137e-15,3.5527137e-15,0.15609738,0.15609738,5.8917001e-05,5.8917001e-05,0.15609738,0.15609738,5.8917001e-05,5.8917001e-05,0.1561563,0.1561563,8.7485574e-14,8.7485574e-14,0.15576352,0.15576352,0.15576352,0.15576352,-5.8917001e-05,-5.8917001e-05,2.7669889e-05,2.7669889e-05,1.3322676e-15,1.3322676e-15,3.0770784e-05,3.0770784e-05,-3.1008948e-06,-3.1008948e-06,0.1561563,0.1561563,8.7485574e-14,8.7485574e-14,2.4985008,2.4985008,1.3984369e-12,1.3984369e-12,1.2492504,1.2492504,6.9766415e-13,6.9766415e-13,0.15576352,0.15576352,0.00039278,0.00039278,0.031152704,0.031152704,1.4849233e-14,1.4849233e-14,1.6593582e-14,1.6593582e-14,-1.4357247e-14,-1.4357247e-14,-2.220446e-16,-2.220446e-16,-2.220446e-16,-2.220446e-16,-0.00039278,-0.00039278,-6.7723605e-15,-6.7723605e-15,0,0,-1.9706459e-15,-1.9706459e-15,0,0,0,0
0.15580945,0.15580945,-0.15580945,-0.15580945,-8.4154905e-14,-8.4154905e-14,-8.5709218e-14,-8.5709218e-14,-0.15580945,-0.15580945,-0.00031716985,-0.00031716985,-5.5971151e-05,-5.5971151e-05,-0.00031716985,-0.00031716985,-5.5971151e-05,-5.5971151e-05,0,0,0.15618259,0.15618259,8.8151708e-14,8.8151708e-14,4.3848367e-05,4.3848367e-05,4.3848367e-05,4.3848367e-05,2.0018709e-15,2.0018709e-15,-0.00031716985,-0.00031716985,-5.5971151e-05,-5.5971151e-05,-0.00031716985,-0.00031716985,-5.5971151e-05,-5.5971151e-05,-6.3837824e-16,-6.3837824e-16,-2.220446e-15,-2.220446e-15,-0.000373141,-0.000373141,-2.8865799e-15,-2.8865799e-15,1.9984014e-15,1.9984014e-15,3.5527137e-15,3.5527137e-15,0.15612662,0.15612662,5.5971151e-05,5.5971151e-05,0.15612662,0.15612662,5.5971151e-05,5.5971151e-05,0.15618259,0.15618259,8.8595797e-14,8.8595797e-14,0.15580945,0.15580945,0.15580945,0.15580945,-5.5971151e-05,-5.5971151e-05,2.6286395e-05,2.6286395e-05,1.3322676e-15,1.3322676e-15,2.9232245e-05,2.9232245e-05,-2.94585e-06,-2.94585e-06,0.15618259,0.15618259,8.8595797e-14,8.8595797e-14,2.4989214,2.4989214,1.4154233e-12,1.4154233e-12,1.2494607,1.2494607,7.0621287e-13,7.0621287e-13,0.15580945,0.15580945,0.000373141,0.000373141,0.031161889,0.031161889,1.5043522e-14,1.5043522e-14,1.6153289e-14,1.6153289e-14,-1.3975737e-14,-1.3975737e-14,-2.220446e-16,-2.220446e-16,-2.220446e-16,-2.220446e-16,-0.000373141,-0.000373141,-6.7723605e-15,-6.7723605e-15,0,0,-1.9706459e-15,-1.9706459e-15,0,0,0,0
0.15585307,0.15585307,-0.15585307,-0.15585307,-8.5043084e-14,-8.5043084e-14,-8.6708418e-14,-8.6708418e-14,-0.15585307,-0.15585307,-0.00030131136,-0.00030131136,-5.3172593e-05,-5.3172593e-05,-0.00030131136,-0.00030131136,-5.3172593e-05,-5.3172593e-05,0,0,0.15620756,0.15620756,8.9261931e-14,8.9261931e-14,4.1655949e-05,4.1655949e-05,4.1655949e-05,4.1655949e-05,2.0027383e-15,2.0027383e-15,-0.00030131136,-0.00030131136,-5.3172593e-05,-5.3172593e-05,-0.00030131136,-0.00030131136,-5.3172593e-05,-5.3172593e-05,-6.3837824e-16,-6.3837824e-16,-2.220446e-15,-2.220446e-15,-0.00035448395,-0.00035448395,-2.8865799e-15,-2.8865799e-15,1.9984014e-15,1.9984014e-15,3.5527137e-15,3.5527137e-15,0.15615439,0.15615439,5.3172593e-05,5.3172593e-05,0.15615439,0.15615439,5.3172593e-05,5.3172593e-05,0.15620756,0.15620756,8.970602e-14,8.970602e-14,0.15585307,0.15585307,0.15585307,0.15585307,-5.3172593e-05,-5.3172593e-05,2.4972075e-05,2.4972075e-05,1.3322676e-15,1.3322676e-15,2.7770632e-05,2.7770632e-05,-2.7985575e-06,-2.7985575e-06,0.15620756,0.15620756,8.970602e-14,8.970602e-14,2.4993209,2.4993209,1.4325208e-12,1.4325208e-12,1.2496605,1.2496605,7.1476158e-13,7.1476158e-13,0.15585307,0.15585307,0.00035448395,0.00035448395,0.031170615,0.031170615,1.5265567e-14,1.5265567e-14,1.5708359e-14,1.5708359e-14,-1.3590273e-14,-1.3590273e-14,-2.220446e-16,-2.220446e-16,-2.220446e-16,-2.220446e-16,-0.00035448395,-0.00035448395,-6.7723605e-15,-6.7723605e-15,0,0,-1.9706459e-15,-1.9706459e-15,0,0,0,0
0.15589452,0.15589452,-0.15589452,-0.15589452,-8.6264329e-14,-8.6264329e-14,-8.7818641e-14,-8.7818641e-14,-0.15589452,-0.15589452,-0.00028624579,-0.00028624579,-5.0513964e-05,-5.0513964e-05,-0.00028624579,-0.00028624579,-5.0513964e-05,-5.0513964e-05,0,0,0.15623128,0.15623128,9.015011e-14,9.015011e-14,3.9573151e-05,3.9573151e-05,3.9573151e-05,3.9573151e-05,2.004473e-15,2.004473e-15,-0.00028624579,-0.00028624579,-5.0513964e-05,-5.0513964e-05,-0.00028624579,-0.00028624579,-5.0513964e-05,-5.0513964e-05,-6.3837824e-16,-6.3837824e-16,-2.220446e-15,-2.220446e-15,-0.00033675976,-0.00033675976,-2.8865799e-15,-2.8865799e-15,1.9984014e-15,1.9984014e-15,3.5527137e-15,3.5527137e-15,0.15618077,0.15618077,5.0513964e-05,5.0513964e-05,0.15618077,0.15618077,5.0513964e-05,5.0513964e-05,0.15623128,0.15623128,9.0816243e-14,9.0816243e-14,0.15589452,0.15589452,0.15589452,0.15589452,-5.0513964e-05,-5.0513964e-05,2.3723471e-05,2.3723471e-05,1.3322676e-15,1.3322676e-15,2.6382101e-05,2.6382101e-05,-2.6586297e-06,-2.6586297e-06,0.15623128,0.15623128,9.0816243e-14,9.0816243e-14,2.4997005,2.4997005,1.4497292e-12,1.4497292e-12,1.2498503,1.2498503,7.233103e-13,7.233103e-13,0.15589452,0.15589452,0.00033675976,0.00033675976,0.031178904,0.031178904,1.5487611e-14,1.5487611e-14,1.5258896e-14,1.5258896e-14,-1.3200941e-14,-1.3200941e-14,-2.220446e-16,-2.220446e-16,-2.220446e-16,-2.220446e-16,-0.00033675976,-0.00033675976,-6.7723605e-15,-6.7723605e-15,0,0,-1.9706459e-15,-1.9706459e-15,0,0,0,0
0.1559339,0.1559339,-0.1559339,-0.1559339,-8.726353e-14,-8.726353e-14,-8.8817842e-14,-8.8817842e-14,-0.1559339,-0.1559339,-0.0002719335,-0.0002719335,-4.7988265e-05,-4.7988265e-05,-0.0002719335,-0.0002719335,-4.7988265e-05,-4.7988265e-05,0,0,0.15625382,0.15625382,9.1260333e-14,9.1260333e-14,3.7594494e-05,3.7594494e-05,3.7594494e-05,3.7594494e-05,2.0053403e-15,2.0053403e-15,-0.0002719335,-0.0002719335,-4.7988265e-05,-4.7988265e-05,-0.0002719335,-0.0002719335,-4.7988265e-05,-4.7988265e-05,-6.3837824e-16,-6.3837824e-16,-2.220446e-15,-2.220446e-15,-0.00031992177,-0.00031992177,-2.8865799e-15,-2.8865799e-15,1.9984014e-15,1.9984014e-15,3.5527137e-15,3.5527137e-15,0.15620583,0.15620583,4.7988265e-05,4.7988265e-05,0.15620583,0.15620583,4.7988265e-05,4.7988265e-05,0.15625382,0.15625382,9.1926466e-14,9.1926466e-14,0.1559339,0.1559339,0.1559339,0.1559339,-4.7988265e-05,-4.7988265e-05,2.2537298e-05,2.2537298e-05,1.3322676e-15,1.3322676e-15,2.5062996e-05,2.5062996e-05,-2.5256982e-06,-2.5256982e-06,0.15625382,0.15625382,9.1926466e-14,9.1926466e-14,2.5000611,2.5000611,1.4668267e-12,1.4668267e-12,1.2500306,1.2500306,7.3197004e-13,7.3197004e-13,0.1559339,0.1559339,0.00031992177,0.00031992177,0.031186779,0.031186779,1.56819e-14,1.56819e-14,1.4804997e-14,1.4804997e-14,-1.2807823e-14,-1.2807823e-14,-2.220446e-16,-2.220446e-16,-2.220446e-16,-2.220446e-16,-0.00031992177,-0.00031992177,-6.7723605e-15,-6.7723605e-15,0,0,-1.9984014e-15,-1.9984014e-15,0,0,0,0
0.1559713,0.1559713,-0.1559713,-0.1559713,-8.8484775e-14,-8.8484775e-14,-8.9928065e-14,-8.9928065e-14,-0.1559713,-0.1559713,-0.00025833683,-0.00025833683,-4.5588852e-05,-4.5588852e-05,-0.00025833683,-0.00025833683,-4.5588852e-05,-4.5588852e-05,0,0,0.15627523,0.15627523,9.2370556e-14,9.2370556e-14,3.5714769e-05,3.5714769e-05,3.5714769e-05,3.5714769e-05,2.0062077e-15,2.0062077e-15,-0.00025833683,-0.00025833683,-4.5588852e-05,-4.5588852e-05,-0.00025833683,-0.00025833683,-4.5588852e-05,-4.5588852e-05,-6.3837824e-16,-6.3837824e-16,-2.220446e-15,-2.220446e-15,-0.00030392568,-0.00030392568,-2.8865799e-15,-2.8865799e-15,1.9984014e-15,1.9984014e-15,3.5527137e-15,3.5527137e-15,0.15622964,0.15622964,4.5588852e-05,4.5588852e-05,0.15622964,0.15622964,4.5588852e-05,4.5588852e-05,0.15627523,0.15627523,9.3036689e-14,9.3036689e-14,0.1559713,0.1559713,0.1559713,0.1559713,-4.5588852e-05,-4.5588852e-05,2.1410433e-05,2.1410433e-05,1.3322676e-15,1.3322676e-15,2.3809846e-05,2.3809846e-05,-2.3994133e-06,-2.3994133e-06,0.15627523,0.15627523,9.3036689e-14,9.3036689e-14,2.5004037,2.5004037,1.4839241e-12,1.4839241e-12,1.2502018,1.2502018,7.4051876e-13,7.4051876e-13,0.1559713,0.1559713,0.00030392568,0.00030392568,0.031194261,0.031194261,1.5903945e-14,1.5903945e-14,1.434676e-14,1.434676e-14,-1.2411e-14,-1.2411e-14,-2.220446e-16,-2.220446e-16,-2.220446e-16,-2.220446e-16,-0.00030392568,-0.00030392568,-6.7723605e-15,-6.7723605e-15,0,0,-1.9984014e-15,-1.9984014e-15,0,0,0,0
0.15600684,0.15600684,-0.15600684,-0.15600684,-8.9372953e-14,-8.9372953e-14,-9.0927266e-14,-9.0927266e-14,-0.15600684,-0.15600684,-0.00024541999,-0.00024541999,-4.3309409e-05,-4.3309409e-05,-0.00024541999,-0.00024541999,-4.3309409e-05,-4.3309409e-05,0,0,0.15629557,0.15629557,9.3480779e-14,9.3480779e-14,3.392903e-05,3.392903e-05,3.392903e-05,3.392903e-05,2.0070751e-15,2.0070751e-15,-0.00024541999,-0.00024541999,-4.3309409e-05,-4.3309409e-05,-0.00024541999,-0.00024541999,-4.3309409e-05,-4.3309409e-05,-6.3837824e-16,-6.3837824e-16,-2.220446e-15,-2.220446e-15,-0.0002887294,-0.0002887294,-2.8865799e-15,-2.8865799e-15,1.9984014e-15,1.9984014e-15,3.5527137e-15,3.5527137e-15,0.15625226,0.15625226,4.330941e-05,4.330941e-05,0.15625226,0.15625226,4.330941e-05,4.330941e-05,0.15629557,0.15629557,9.3924868e-14,9.3924868e-14,0.15600684,0.15600684,0.15600684,0.15600684,-4.3309409e-05,-4.3309409e-05,2.0339911e-05,2.0339911e-05,1.3322676e-15,1.3322676e-15,2.2619354e-05,2.2619354e-05,-2.2794426e-06,-2.2794426e-06,0.15629557,0.15629557,9.3924868e-14,9.3924868e-14,2.5007291,2.5007291,1.5011326e-12,1.5011326e-12,1.2503646,1.2503646,7.4906747e-13,7.4906747e-13,0.15600684,0.15600684,0.0002887294,0.0002887294,0.031201368,0.031201368,1.6125989e-14,1.6125989e-14,1.3884279e-14,1.3884279e-14,-1.2010551e-14,-1.2010551e-14,-2.220446e-16,-2.220446e-16,-2.220446e-16,-2.220446e-16,-0.0002887294,-0.0002887294,-6.7723605e-15,-6.7723605e-15,0,0,-1.9984014e-15,-1.9984014e-15,0,0,0,0
0.1560406,0.1560406,-0.1560406,-0.1560406,-9.0705221e-14,-9.0705221e-14,-9.2037489e-14,-9.2037489e-14,-0.1560406,-0.1560406,-0.00023314899,-0.00023314899,-4.1143939e-05,-4.1143939e-05,-0.00023314899,-0.00023314899,-4.1143939e-05,-4.1143939e-05,0,0,0.15631489,0.15631489,9.4591002e-14,9.4591002e-14,3.2232579e-05,3.2232579e-05,3.2232579e-05,3.2232579e-05,2.0088098e-15,2.0088098e-15,-0.00023314899,-0.00023314899,-4.1143939e-05,-4.1143939e-05,-0.00023314899,-0.00023314899,-4.1143939e-05,-4.1143939e-05,-6.3837824e-16,-6.3837824e-16,-2.220446e-15,-2.220446e-15,-0.00027429293,-0.00027429293,-2.8865799e-15,-2.8865799e-15,1.9984014e-15,1.9984014e-15,3.5527137e-15,3.5527137e-15,0.15627375,0.15627375,4.1143939e-05,4.1143939e-05,0.15627375,0.15627375,4.1143939e-05,4.1143939e-05,0.15631489,0.15631489,9.5035091e-14,9.5035091e-14,0.1560406,0.1560406,0.1560406,0.1560406,-4.1143939e-05,-4.1143939e-05,1.9322915e-05,1.9322915e-05,1.3322676e-15,1.3322676e-15,2.1488386e-05,2.1488386e-05,-2.1654705e-06,-2.1654705e-06,0.15631489,0.15631489,9.5035091e-14,9.5035091e-14,2.5010383,2.5010383,1.51823e-12,1.51823e-12,1.2505191,1.2505191,7.5761619e-13,7.5761619e-13,0.1560406,0.1560406,0.00027429293,0.00027429293,0.03120812,0.03120812,1.6320278e-14,1.6320278e-14,1.3417649e-14,1.3417649e-14,-1.1606555e-14,-1.1606555e-14,-2.220446e-16,-2.220446e-16,-2.220446e-16,-2.220446e-16,-0.00027429293,-0.00027429293,-6.8833828e-15,-6.8833828e-15,0,0,-1.9984014e-15,-1.9984014e-15,0,0,0,0
0.15607267,0.15607267,-0.15607267,-0.15607267,-9.1815444e-14,-9.1815444e-14,-9.3147712e-14,-9.3147712e-14,-0.15607267,-0.15607267,-0.00022149154,-0.00022149154,-3.9086742e-05,-3.9086742e-05,-0.00022149154,-0.00022149154,-3.9086742e-05,-3.9086742e-05,0,0,0.15633325,0.15633325,9.5701225e-14,9.5701225e-14,3.062095e-05,3.062095e-05,3.062095e-05,3.062095e-05,2.0096771e-15,2.0096771e-15,-0.00022149154,-0.00022149154,-3.9086742e-05,-3.9086742e-05,-0.00022149154,-0.00022149154,-3.9086742e-05,-3.9086742e-05,-6.3837824e-16,-6.3837824e-16,-2.220446e-15,-2.220446e-15,-0.00026057828,-0.00026057828,-2.8865799e-15,-2.8865799e-15,1.9984014e-15,1.9984014e-15,3.5527137e-15,3.5527137e-15,0.15629416,0.15629416,3.9086742e-05,3.9086742e-05,0.15629416,0.15629416,3.9086742e-05,3.9086742e-05,0.15633325,0.15633325,9.6145314e-14,9.6145314e-14,0.15607267,0.15607267,0.15607267,0.15607267,-3.9086742e-05,-3.9086742e-05,1.835677e-05,1.835677e-05,1.3322676e-15,1.3322676e-15,2.0413967e-05,2.0413967e-05,-2.0571969e-06,-2.0571969e-06,0.15633325,0.15633325,9.6145314e-14,9.6145314e-14,2.501332,2.501332,1.5354384e-12,1.5354384e-12,1.250666,1.250666,7.6616491e-13,7.6616491e-13,0.15607267,0.15607267,0.00026057828,0.00026057828,0.031214534,0.031214534,1.6542323e-14,1.6542323e-14,1.2946959e-14,1.2946959e-14,-1.1199088e-14,-1.1199088e-14,-2.220446e-16,-2.220446e-16,-2.220446e-16,-2.220446e-16,-0.00026057828,-0.00026057828,-6.8833828e-15,-6.8833828e-15,0,0,-1.9984014e-15,-1.9984014e-15,0,0,0,0
0.15610314,0.15610314,-0.15610314,-0.15610314,-9.2703623e-14,-9.2703623e-14,-9.4146912e-14,-9.4146912e-14,-0.15610314,-0.15610314,-0.00021041696,-0.00021041696,-3.7132405e-05,-3.7132405e-05,-0.00021041696,-0.00021041696,-3.7132405e-05,-3.7132405e-05,0,0,0.15635069,0.15635069,9.6589403e-14,9.6589403e-14,2.9089902e-05,2.9089902e-05,2.9089902e-05,2.9089902e-05,2.0105445e-15,2.0105445e-15,-0.00021041696,-0.00021041696,-3.7132405e-05,-3.7132405e-05,-0.00021041696,-0.00021041696,-3.7132405e-05,-3.7132405e-05,-6.3837824e-16,-6.3837824e-16,-2.220446e-15,-2.220446e-15,-0.00024754937,-0.00024754937,-2.8865799e-15,-2.8865799e-15,1.9984014e-15,1.9984014e-15,3.5527137e-15,3.5527137e-15,0.15631356,0.15631356,3.7132405e-05,3.7132405e-05,0.15631356,0.15631356,3.7132405e-05,3.7132405e-05,0.15635069,0.15635069,9.7255537e-14,9.7255537e-14,0.15610314,0.15610314,0.15610314,0.15610314,-3.7132405e-05,-3.7132405e-05,1.7438931e-05,1.7438931e-05,1.3322676e-15,1.3322676e-15,1.9393268e-05,1.9393268e-05,-1.9543371e-06,-1.9543371e-06,0.15635069,0.15635069,9.7255537e-14,9.7255537e-14,2.501611,2.501611,1.5525359e-12,1.5525359e-12,1.2508055,1.2508055,7.7482465e-13,7.7482465e-13,0.15610314,0.15610314,0.00024754937,0.00024754937,0.031220628,0.031220628,1.6764368e-14,1.6764368e-14,1.24723e-14,1.24723e-14,-1.0788225e-14,-1.0788225e-14,-2.220446e-16,-2.220446e-16,-2.220446e-16,-2.220446e-16,-0.00024754937,-0.00024754937,-6.8833828e-15,-6.8833828e-15,0,0,-1.9984014e-15,-1.9984014e-15,0,0,0,0
0.15613208,0.15613208,-0.15613208,-0.15613208,-9.3924868e-14,-9.3924868e-14,-9.5257136e-14,-9.5257136e-14,-0.15613208,-0.15613208,-0.00019989611,-0.00019989611,-3.5275785e-05,-3.5275785e-05,-0.00019989611,-0.00019989611,-3.5275785e-05,-3.5275785e-05,0,0,0.15636725,0.15636725,9.7699626e-14,9.7699626e-14,2.7635407e-05,2.7635407e-05,2.7635407e-05,2.7635407e-05,2.0114119e-15,2.0114119e-15,-0.00019989611,-0.00019989611,-3.5275785e-05,-3.5275785e-05,-0.00019989611,-0.00019989611,-3.5275785e-05,-3.5275785e-05,-6.3837824e-16,-6.3837824e-16,-2.220446e-15,-2.220446e-15,-0.0002351719,-0.0002351719,-2.8865799e-15,-2.8865799e-15,1.9984014e-15,1.9984014e-15,3.5527137e-15,3.5527137e-15,0.15633198,0.15633198,3.5275785e-05,3.5275785e-05,0.15633198,0.15633198,3.5275785e-05,3.5275785e-05,0.15636725,0.15636725,9.836576e-14,9.836576e-14,0.15613208,0.15613208,0.15613208,0.15613208,-3.5275785e-05,-3.5275785e-05,1.6566985e-05,1.6566985e-05,1.3322676e-15,1.3322676e-15,1.8423605e-05,1.8423605e-05,-1.8566202e-06,-1.8566202e-06,0.15636725,0.15636725,9.836576e-14,9.836576e-14,2.5018761,2.5018761,1.5697443e-12,1.5697443e-12,1.250938,1.250938,7.8337337e-13,7.8337337e-13,0.15613208,0.15613208,0.0002351719,0.0002351719,0.031226417,0.031226417,1.6986412e-14,1.6986412e-14,1.1993759e-14,1.1993759e-14,-1.0374039e-14,-1.0374039e-14,-2.220446e-16,-2.220446e-16,-2.220446e-16,-2.220446e-16,-0.0002351719,-0.0002351719,-6.8833828e-15,-6.8833828e-15,0,0,-1.9984014e-15,-1.9984014e-15,0,0,0,0
0.15615958,0.15615958,-0.15615958,-0.15615958,-9.5035091e-14,-9.5035091e-14,-9.6367359e-14,-9.6367359e-14,-0.15615958,-0.15615958,-0.00018990131,-0.00018990131,-3.3511995e-05,-3.3511995e-05,-0.00018990131,-0.00018990131,-3.3511995e-05,-3.3511995e-05,0,0,0.15638299,0.15638299,9.8809849e-14,9.8809849e-14,2.6253637e-05,2.6253637e-05,2.6253637e-05,2.6253637e-05,2.0122792e-15,2.0122792e-15,-0.00018990131,-0.00018990131,-3.3511995e-05,-3.3511995e-05,-0.00018990131,-0.00018990131,-3.3511995e-05,-3.3511995e-05,-6.3837824e-16,-6.3837824e-16,-2.220446e-15,-2.220446e-15,-0.0002234133,-0.0002234133,-2.9976022e-15,-2.9976022e-15,1.9984014e-15,1.9984014e-15,3.5527137e-15,3.5527137e-15,0.15634948,0.15634948,3.3511996e-05,3.3511996e-05,0.15634948,0.15634948,3.3511996e-05,3.3511996e-05,0.15638299,0.15638299,9.9475983e-14,9.9475983e-14,0.15615958,0.15615958,0.15615958,0.15615958,-3.3511995e-05,-3.3511995e-05,1.5738635e-05,1.5738635e-05,1.3322676e-15,1.3322676e-15,1.7502425e-05,1.7502425e-05,-1.7637892e-06,-1.7637892e-06,0.15638299,0.15638299,9.9475983e-14,9.9475983e-14,2.5021279,2.5021279,1.5869528e-12,1.5869528e-12,1.2510639,1.2510639,7.9203311e-13,7.9203311e-13,0.15615958,0.15615958,0.0002234133,0.0002234133,0.031231916,0.031231916,1.7180701e-14,1.7180701e-14,1.1511421e-14,1.1511421e-14,-9.9566024e-15,-9.9566024e-15,-2.220446e-16,-2.220446e-16,-2.220446e-16,-2.220446e-16,-0.0002234133,-0.0002234133,-6.8833828e-15,-6.8833828e-15,0,0,-1.9984014e-15,-1.9984014e-15,0,0,0,0
0.1561857,0.1561857,-0.1561857,-0.1561857,-9.5923269e-14,-9.5923269e-14,-9.7366559e-14,-9.7366559e-14,-0.1561857,-0.1561857,-0.00018040624,-0.00018040624,-3.1836396e-05,-3.1836396e-05,-0.00018040624,-0.00018040624,-3.1836396e-05,-3.1836396e-05,0,0,0.15639795,0.15639795,9.9920072e-14,9.9920072e-14,2.4940955e-05,2.4940955e-05,2.4940955e-05,2.4940955e-05,2.0131466e-15,2.0131466e-15,-0.00018040624,-0.00018040624,-3.1836396e-05,-3.1836396e-05,-0.00018040624,-0.00018040624,-3.1836396e-05,-3.1836396e-05,-6.3837824e-16,-6.3837824e-16,-2.220446e-15,-2.220446e-15,-0.00021224264,-0.00021224264,-2.9976022e-15,-2.9976022e-15,1.9984014e-15,1.9984014e-15,3.5527137e-15,3.5527137e-15,0.15636611,0.15636611,3.1836396e-05,3.1836396e-05,0.15636611,0.15636611,3.1836396e-05,3.1836396e-05,0.15639795,0.15639795,1.0036416e-13,1.0036416e-13,0.1561857,0.1561857,0.1561857,0.1561857,-3.1836396e-05,-3.1836396e-05,1.4951704e-05,1.4951704e-05,1.3322676e-15,1.3322676e-15,1.6627303e-05,1.6627303e-05,-1.6755998e-06,-1.6755998e-06,0.15639795,0.15639795,1.0036416e-13,1.0036416e-13,2.5023671,2.5023671,1.6041612e-12,1.6041612e-12,1.2511836,1.2511836,8.0058182e-13,8.0058182e-13,0.1561857,0.1561857,0.00021224264,0.00021224264,0.031237141,0.031237141,1.7402746e-14,1.7402746e-14,1.1025371e-14,1.1025371e-14,-9.535986e-15,-9.535986e-15,-2.220446e-16,-2.220446e-16,-2.220446e-16,-2.220446e-16,-0.00021224264,-0.00021224264,-6.8833828e-15,-6.8833828e-15,0,0,-1.9984014e-15,-1.9984014e-15,0,0,0,0
0.15621052,0.15621052,-0.15621052,-0.15621052,-9.7033492e-14,-9.7033492e-14,-9.8476782e-14,-9.8476782e-14,-0.15621052,-0.15621052,-0.00017138593,-0.00017138593,-3.0244576e-05,-3.0244576e-05,-0.00017138593,-0.00017138593,-3.0244576e-05,-3.0244576e-05,0,0,0.15641215,0.15641215,1.010303e-13,1.010303e-13,2.3693907e-05,2.3693907e-05,2.3693907e-05,2.3693907e-05,2.014014e-15,2.014014e-15,-0.00017138593,-0.00017138593,-3.0244576e-05,-3.0244576e-05,-0.00017138593,-0.00017138593,-3.0244576e-05,-3.0244576e-05,-6.3837824e-16,-6.3837824e-16,-2.220446e-15,-2.220446e-15,-0.00020163051,-0.00020163051,-2.9976022e-15,-2.9976022e-15,1.9984014e-15,1.9984014e-15,3.5527137e-15,3.5527137e-15,0.1563819,0.1563819,3.0244576e-05,3.0244576e-05,0.1563819,0.1563819,3.0244576e-05,3.0244576e-05,0.15641215,0.15641215,1.0147438e-13,1.0147438e-13,0.15621052,0.15621052,0.15621052,0.15621052,-3.0244576e-05,-3.0244576e-05,1.4204118e-05,1.4204118e-05,1.3322676e-15,1.3322676e-15,1.5795938e-05,1.5795938e-05,-1.5918198e-06,-1.5918198e-06,0.15641215,0.15641215,1.0147438e-13,1.0147438e-13,2.5025944,2.5025944,1.6213697e-12,1.6213697e-12,1.2512972,1.2512972,8.0924156e-13,8.0924156e-13,0.15621052,0.15621052,0.00020163051,0.00020163051,0.031242104,0.031242104,1.7624791e-14,1.7624791e-14,1.053569e-14,1.053569e-14,-9.1122589e-15,-9.1122589e-15,-2.220446e-16,-2.220446e-16,-2.220446e-16,-2.220446e-16,-0.00020163051,-0.00020163051,-6.8833828e-15,-6.8833828e-15,0,0,-1.9984014e-15,-1.9984014e-15,0,0,0,0
0.15623409,0.15623409,-0.15623409,-0.15623409,-9.8143715e-14,-9.8143715e-14,-9.9475983e-14,-9.9475983e-14,-0.15623409,-0.15623409,-0.00016281663,-0.00016281663,-2.8732347e-05,-2.8732347e-05,-0.00016281663,-0.00016281663,-2.8732347e-05,-2.8732347e-05,0,0,0.15642564,0.15642564,1.0214052e-13,1.0214052e-13,2.2509212e-05,2.2509212e-05,2.2509212e-05,2.2509212e-05,2.014014e-15,2.014014e-15,-0.00016281663,-0.00016281663,-2.8732347e-05,-2.8732347e-05,-0.00016281663,-0.00016281663,-2.8732347e-05,-2.8732347e-05,-6.3837824e-16,-6.3837824e-16,-2.220446e-15,-2.220446e-15,-0.00019154898,-0.00019154898,-2.9976022e-15,-2.9976022e-15,1.9984014e-15,1.9984014e-15,3.5527137e-15,3.5527137e-15,0.15639691,0.15639691,2.8732347e-05,2.8732347e-05,0.15639691,0.15639691,2.8732347e-05,2.8732347e-05,0.15642564,0.15642564,1.0258461e-13,1.0258461e-13,0.15623409,0.15623409,0.15623409,0.15623409,-2.8732347e-05,-2.8732347e-05,1.3493913e-05,1.3493913e-05,1.3322676e-15,1.3322676e-15,1.5006141e-05,1.5006141e-05,-1.5122288e-06,-1.5122288e-06,0.15642564,0.15642564,1.0258461e-13,1.0258461e-13,2.5028103,2.5028103,1.6385782e-12,1.6385782e-12,1.2514051,1.2514051,8.1779028e-13,8.1779028e-13,0.15623409,0.15623409,0.00019154898,0.00019154898,0.031246819,0.031246819,1.781908e-14,1.781908e-14,1.0042458e-14,1.0042458e-14,-8.6854887e-15,-8.6854887e-15,-2.220446e-16,-2.220446e-16,-2.220446e-16,-2.220446e-16,-0.00019154898,-0.00019154898,-6.8833828e-15,-6.8833828e-15,0,0,-1.9984014e-15,-1.9984014e-15,0,0,0,0
0.15625649,0.15625649,-0.15625649,-0.15625649,-9.9253938e-14,-9.9253938e-14,-1.0058621e-13,-1.0058621e-13,-0.15625649,-0.15625649,-0.0001546758,-0.0001546758,-2.729573e-05,-2.729573e-05,-0.0001546758,-0.0001546758,-2.729573e-05,-2.729573e-05,0,0,0.15643846,0.15643846,1.030287e-13,1.030287e-13,2.1383751e-05,2.1383751e-05,2.1383751e-05,2.1383751e-05,2.0148813e-15,2.0148813e-15,-0.0001546758,-0.0001546758,-2.729573e-05,-2.729573e-05,-0.0001546758,-0.0001546758,-2.729573e-05,-2.729573e-05,-6.3837824e-16,-6.3837824e-16,-2.220446e-15,-2.220446e-15,-0.00018197153,-0.00018197153,-2.9976022e-15,-2.9976022e-15,1.9984014e-15,1.9984014e-15,3.5527137e-15,3.5527137e-15,0.15641117,0.15641117,2.729573e-05,2.729573e-05,0.15641117,0.15641117,2.729573e-05,2.729573e-05,0.15643846,0.15643846,1.0369483e-13,1.0369483e-13,0.15625649,0.15625649,0.15625649,0.15625649,-2.729573e-05,-2.729573e-05,1.2819217e-05,1.2819217e-05,1.3322676e-15,1.3322676e-15,1.4255834e-05,1.4255834e-05,-1.4366174e-06,-1.4366174e-06,0.15643846,0.15643846,1.0369483e-13,1.0369483e-13,2.5030154,2.5030154,1.6557866e-12,1.6557866e-12,1.2515077,1.2515077,8.2645002e-13,8.2645002e-13,0.15625649,0.15625649,0.00018197153,0.00018197153,0.031251298,0.031251298,1.8041124e-14,1.8041124e-14,9.5457551e-15,9.5457551e-15,-8.2557419e-15,-8.2557419e-15,-2.220446e-16,-2.220446e-16,-2.220446e-16,-2.220446e-16,-0.00018197153,-0.00018197153,-6.8833828e-15,-6.8833828e-15,0,0,-1.9984014e-15,-1.9984014e-15,0,0,0,0
0.15627777,0.15627777,-0.15627777,-0.15627777,-1.0025314e-13,-1.0025314e-13,-1.0169643e-13,-1.0169643e-13,-0.15627777,-0.15627777,-0.00014694201,-0.00014694201,-2.5930943e-05,-2.5930943e-05,-0.00014694201,-0.00014694201,-2.5930943e-05,-2.5930943e-05,0,0,0.15645064,0.15645064,1.0413892e-13,1.0413892e-13,2.0314564e-05,2.0314564e-05,2.0314564e-05,2.0314564e-05,2.0157487e-15,2.0157487e-15,-0.00014694201,-0.00014694201,-2.5930943e-05,-2.5930943e-05,-0.00014694201,-0.00014694201,-2.5930943e-05,-2.5930943e-05,-6.3837824e-16,-6.3837824e-16,-2.220446e-15,-2.220446e-15,-0.00017287296,-0.00017287296,-2.9976022e-15,-2.9976022e-15,1.9984014e-15,1.9984014e-15,3.5527137e-15,3.5527137e-15,0.15642471,0.15642471,2.5930943e-05,2.5930943e-05,0.15642471,0.15642471,2.5930943e-05,2.5930943e-05,0.15645064,0.15645064,1.0480505e-13,1.0480505e-13,0.15627777,0.15627777,0.15627777,0.15627777,-2.5930943e-05,-2.5930943e-05,1.2178256e-05,1.2178256e-05,1.3322676e-15,1.3322676e-15,1.3543043e-05,1.3543043e-05,-1.3647865e-06,-1.3647865e-06,0.15645064,0.15645064,1.0480505e-13,1.0480505e-13,2.5032103,2.5032103,1.6729951e-12,1.6729951e-12,1.2516051,1.2516051,8.3499874e-13,8.3499874e-13,0.15627777,0.15627777,0.00017287296,0.00017287296,0.031255554,0.031255554,1.8263169e-14,1.8263169e-14,9.0456576e-15,9.0456576e-15,-7.8230835e-15,-7.8230835e-15,-2.220446e-16,-2.220446e-16,-2.220446e-16,-2.220446e-16,-0.00017287296,-0.00017287296,-6.8833828e-15,-6.8833828e-15,0,0,-1.9984014e-15,-1.9984014e-15,0,0,0,0
0.15629798,0.15629798,-0.15629798,-0.15629798,-1.0147438e-13,-1.0147438e-13,-1.0269563e-13,-1.0269563e-13,-0.15629798,-0.15629798,-0.00013959491,-0.00013959491,-2.4634396e-05,-2.4634396e-05,-0.00013959491,-0.00013959491,-2.4634396e-05,-2.4634396e-05,0,0,0.15646221,0.15646221,1.0524914e-13,1.0524914e-13,1.9298836e-05,1.9298836e-05,1.9298836e-05,1.9298836e-05,2.016616e-15,2.016616e-15,-0.00013959491,-0.00013959491,-2.4634396e-05,-2.4634396e-05,-0.00013959491,-0.00013959491,-2.4634396e-05,-2.4634396e-05,-6.1062266e-16,-6.1062266e-16,-2.220446e-15,-2.220446e-15,-0.00016422931,-0.00016422931,-2.9976022e-15,-2.9976022e-15,1.9984014e-15,1.9984014e-15,3.5527137e-15,3.5527137e-15,0.15643758,0.15643758,2.4634396e-05,2.4634396e-05,0.15643758,0.15643758,2.4634396e-05,2.4634396e-05,0.15646221,0.15646221,1.0591528e-13,1.0591528e-13,0.15629798,0.15629798,0.15629798,0.15629798,-2.4634396e-05,-2.4634396e-05,1.1569343e-05,1.1569343e-05,1.3322676e-15,1.3322676e-15,1.286589e-05,1.286589e-05,-1.2965472e-06,-1.2965472e-06,0.15646221,0.15646221,1.0591528e-13,1.0591528e-13,2.5033954,2.5033954,1.6902035e-12,1.6902035e-12,1.2516977,1.2516977,8.4365848e-13,8.4365848e-13,0.15629798,0.15629798,0.00016422931,0.00016422931,0.031259596,0.031259596,1.8485213e-14,1.8485213e-14,8.5422408e-15,8.5422408e-15,-7.3875774e-15,-7.3875774e-15,-2.220446e-16,-2.220446e-16,-2.220446e-16,-2.220446e-16,-0.00016422931,-0.00016422931,-6.8833828e-15,-6.8833828e-15,0,0,-1.9984014e-15,-1.9984014e-15,0,0,0,0
0.15631718,0.15631718,-0.15631718,-0.15631718,-1.0247359e-13,-1.0247359e-13,-1.0380585e-13,-1.0380585e-13,-0.15631718,-0.15631718,-0.00013261517,-0.00013261517,-2.3402676e-05,-2.3402676e-05,-0.00013261517,-0.00013261517,-2.3402676e-05,-2.3402676e-05,0,0,0.1564732,0.1564732,1.0635937e-13,1.0635937e-13,1.8333894e-05,1.8333894e-05,1.8333894e-05,1.8333894e-05,2.0174834e-15,2.0174834e-15,-0.00013261517,-0.00013261517,-2.3402676e-05,-2.3402676e-05,-0.00013261517,-0.00013261517,-2.3402676e-05,-2.3402676e-05,-6.1062266e-16,-6.1062266e-16,-2.220446e-15,-2.220446e-15,-0.00015601784,-0.00015601784,-2.9976022e-15,-2.9976022e-15,1.9984014e-15,1.9984014e-15,3.5527137e-15,3.5527137e-15,0.1564498,0.1564498,2.3402676e-05,2.3402676e-05,0.1564498,0.1564498,2.3402676e-05,2.3402676e-05,0.1564732,0.1564732,1.0680345e-13,1.0680345e-13,0.15631718,0.15631718,0.15631718,0.15631718,-2.3402676e-05,-2.3402676e-05,1.0990876e-05,1.0990876e-05,1.3322676e-15,1.3322676e-15,1.2222596e-05,1.2222596e-05,-1.2317198e-06,-1.2317198e-06,0.1564732,0.1564732,1.0680345e-13,1.0680345e-13,2.5035712,2.5035712,1.707523e-12,1.707523e-12,1.2517856,1.2517856,8.5220719e-13,8.5220719e-13,0.15631718,0.15631718,0.00015601784,0.00015601784,0.031263437,0.031263437,1.8679502e-14,1.8679502e-14,8.0355786e-15,8.0355786e-15,-6.9492858e-15,-6.9492858e-15,-2.220446e-16,-2.220446e-16,-2.220446e-16,-2.220446e-16,-0.00015601784,-0.00015601784,-6.8833828e-15,-6.8833828e-15,0,0,-1.9984014e-15,-1.9984014e-15,0,0,0,0
0.15633543,0.15633543,-0.15633543,-0.15633543,-1.0358381e-13,-1.0358381e-13,-1.0491608e-13,-1.0491608e-13,-0.15633543,-0.15633543,-0.00012598441,-0.00012598441,-2.2232542e-05,-2.2232542e-05,-0.00012598441,-0.00012598441,-2.2232542e-05,-2.2232542e-05,0,0,0.15648364,0.15648364,1.0746959e-13,1.0746959e-13,1.7417199e-05,1.7417199e-05,1.7417199e-05,1.7417199e-05,2.0174834e-15,2.0174834e-15,-0.00012598441,-0.00012598441,-2.2232542e-05,-2.2232542e-05,-0.00012598441,-0.00012598441,-2.2232542e-05,-2.2232542e-05,-6.1062266e-16,-6.1062266e-16,-2.220446e-15,-2.220446e-15,-0.00014821695,-0.00014821695,-2.9976022e-15,-2.9976022e-15,1.9984014e-15,1.9984014e-15,3.5527137e-15,3.5527137e-15,0.15646141,0.15646141,2.2232543e-05,2.2232543e-05,0.15646141,0.15646141,2.2232543e-05,2.2232543e-05,0.15648364,0.15648364,1.0791368e-13,1.0791368e-13,0.15633543,0.15633543,0.15633543,0.15633543,-2.2232542e-05,-2.2232542e-05,1.0441332e-05,1.0441332e-05,1.3322676e-15,1.3322676e-15,1.1611466e-05,1.1611466e-05,-1.1701338e-06,-1.1701338e-06,0.15648364,0.15648364,1.0791368e-13,1.0791368e-13,2.5037383,2.5037383,1.7247315e-12,1.7247315e-12,1.2518691,1.2518691,8.6086693e-13,8.6086693e-13,0.15633543,0.15633543,0.00014821695,0.00014821695,0.031267085,0.031267085,1.8901547e-14,1.8901547e-14,7.5257432e-15,7.5257432e-15,-6.50827e-15,-6.50827e-15,-2.220446e-16,-2.220446e-16,-2.220446e-16,-2.220446e-16,-0.00014821695,-0.00014821695,-6.8833828e-15,-6.8833828e-15,0,0,-1.9984014e-15,-1.9984014e-15,0,0,0,0
0.15635276,0.15635276,-0.15635276,-0.15635276,-1.0480505e-13,-1.0480505e-13,-1.060263e-13,-1.060263e-13,-0.15635276,-0.15635276,-0.00011968519,-0.00011968519,-2.1120915e-05,-2.1120915e-05,-0.00011968519,-0.00011968519,-2.1120915e-05,-2.1120915e-05,0,0,0.15649356,0.15649356,1.0857981e-13,1.0857981e-13,1.6546339e-05,1.6546339e-05,1.6546339e-05,1.6546339e-05,2.0183508e-15,2.0183508e-15,-0.00011968519,-0.00011968519,-2.1120915e-05,-2.1120915e-05,-0.00011968519,-0.00011968519,-2.1120915e-05,-2.1120915e-05,-6.1062266e-16,-6.1062266e-16,-2.220446e-15,-2.220446e-15,-0.0001408061,-0.0001408061,-2.9976022e-15,-2.9976022e-15,1.9984014e-15,1.9984014e-15,3.5527137e-15,3.5527137e-15,0.15647244,0.15647244,2.1120915e-05,2.1120915e-05,0.15647244,0.15647244,2.1120915e-05,2.1120915e-05,0.15649356,0.15649356,1.090239e-13,1.090239e-13,0.15635276,0.15635276,0.15635276,0.15635276,-2.1120915e-05,-2.1120915e-05,9.9192657e-06,9.9192657e-06,1.3322676e-15,1.3322676e-15,1.1030893e-05,1.1030893e-05,-1.1116271e-06,-1.1116271e-06,0.15649356,0.15649356,1.090239e-13,1.090239e-13,2.503897,2.503897,1.7419399e-12,1.7419399e-12,1.2519485,1.2519485,8.6952667e-13,8.6952667e-13,0.15635276,0.15635276,0.0001408061,0.0001408061,0.031270551,0.031270551,1.9123592e-14,1.9123592e-14,7.0128053e-15,7.0128053e-15,-6.0645899e-15,-6.0645899e-15,-2.220446e-16,-2.220446e-16,-2.220446e-16,-2.220446e-16,-0.0001408061,-0.0001408061,-6.8833828e-15,-6.8833828e-15,0,0,-1.9984014e-15,-1.9984014e-15,0,0,0,0
0.15636922,0.15636922,-0.15636922,-0.15636922,-1.0569323e-13,-1.0569323e-13,-1.070255e-13,-1.070255e-13,-0.15636922,-0.15636922,-0.00011370093,-0.00011370093,-2.006487e-05,-2.006487e-05,-0.00011370093,-0.00011370093,-2.006487e-05,-2.006487e-05,0,0,0.15650298,0.15650298,1.0969003e-13,1.0969003e-13,1.5719022e-05,1.5719022e-05,1.5719022e-05,1.5719022e-05,2.0192181e-15,2.0192181e-15,-0.00011370093,-0.00011370093,-2.006487e-05,-2.006487e-05,-0.00011370093,-0.00011370093,-2.006487e-05,-2.006487e-05,-6.1062266e-16,-6.1062266e-16,-2.3314684e-15,-2.3314684e-15,-0.0001337658,-0.0001337658,-2.9976022e-15,-2.9976022e-15,1.9984014e-15,1.9984014e-15,3.5527137e-15,3.5527137e-15,0.15648292,0.15648292,2.006487e-05,2.006487e-05,0.15648292,0.15648292,2.006487e-05,2.006487e-05,0.15650298,0.15650298,1.1013412e-13,1.1013412e-13,0.15636922,0.15636922,0.15636922,0.15636922,-2.006487e-05,-2.006487e-05,9.4233024e-06,9.4233024e-06,1.3322676e-15,1.3322676e-15,1.0479348e-05,1.0479348e-05,-1.0560458e-06,-1.0560458e-06,0.15650298,0.15650298,1.1013412e-13,1.1013412e-13,2.5040478,2.5040478,1.7592594e-12,1.7592594e-12,1.2520239,1.2520239,8.7818641e-13,8.7818641e-13,0.15636922,0.15636922,0.0001337658,0.0001337658,0.031273844,0.031273844,1.9345636e-14,1.9345636e-14,6.496834e-15,6.496834e-15,-5.6183041e-15,-5.6183041e-15,-2.220446e-16,-2.220446e-16,-2.220446e-16,-2.220446e-16,-0.0001337658,-0.0001337658,-6.8833828e-15,-6.8833828e-15,0,0,-1.9984014e-15,-1.9984014e-15,0,0,0,0
0.15638486,0.15638486,-0.15638486,-0.15638486,-1.0680345e-13,-1.0680345e-13,-1.0813572e-13,-1.0813572e-13,-0.15638486,-0.15638486,-0.00010801588,-0.00010801588,-1.9061626e-05,-1.9061626e-05,-0.00010801588,-0.00010801588,-1.9061626e-05,-1.9061626e-05,0,0,0.15651194,0.15651194,1.1057821e-13,1.1057821e-13,1.4933071e-05,1.4933071e-05,1.4933071e-05,1.4933071e-05,2.0192181e-15,2.0192181e-15,-0.00010801588,-0.00010801588,-1.9061626e-05,-1.9061626e-05,-0.00010801588,-0.00010801588,-1.9061626e-05,-1.9061626e-05,-6.1062266e-16,-6.1062266e-16,-2.3314684e-15,-2.3314684e-15,-0.00012707751,-0.00012707751,-2.9976022e-15,-2.9976022e-15,1.9984014e-15,1.9984014e-15,3.5527137e-15,3.5527137e-15,0.15649288,0.15649288,1.9061626e-05,1.9061626e-05,0.15649288,0.15649288,1.9061626e-05,1.9061626e-05,0.15651194,0.15651194,1.1124435e-13,1.1124435e-13,0.15638486,0.15638486,0.15638486,0.15638486,-1.9061626e-05,-1.9061626e-05,8.9521373e-06,8.9521373e-06,1.3322676e-15,1.3322676e-15,9.9553808e-06,9.9553808e-06,-1.0032435e-06,-1.0032435e-06,0.15651194,0.15651194,1.1124435e-13,1.1124435e-13,2.504191,2.504191,1.7764679e-12,1.7764679e-12,1.2520955,1.2520955,8.8673513e-13,8.8673513e-13,0.15638486,0.15638486,0.00012707751,0.00012707751,0.031276972,0.031276972,1.9539925e-14,1.9539925e-14,5.977897e-15,5.977897e-15,-5.1694701e-15,-5.1694701e-15,-2.220446e-16,-2.220446e-16,-2.220446e-16,-2.220446e-16,-0.00012707751,-0.00012707751,-6.8833828e-15,-6.8833828e-15,0,0,-1.9984014e-15,-1.9984014e-15,0,0,0,0
0.15639972,0.15639972,-0.15639972,-0.15639972,-1.0780266e-13,-1.0780266e-13,-1.0924595e-13,-1.0924595e-13,-0.15639972,-0.15639972,-0.00010261509,-0.00010261509,-1.8108545e-05,-1.8108545e-05,-0.00010261509,-0.00010261509,-1.8108545e-05,-1.8108545e-05,0,0,0.15652044,0.15652044,1.1168844e-13,1.1168844e-13,1.4186418e-05,1.4186418e-05,1.4186418e-05,1.4186418e-05,2.0200855e-15,2.0200855e-15,-0.00010261509,-0.00010261509,-1.8108545e-05,-1.8108545e-05,-0.00010261509,-0.00010261509,-1.8108545e-05,-1.8108545e-05,-6.1062266e-16,-6.1062266e-16,-2.3314684e-15,-2.3314684e-15,-0.00012072363,-0.00012072363,-2.9976022e-15,-2.9976022e-15,1.9984014e-15,1.9984014e-15,3.5527137e-15,3.5527137e-15,0.15650233,0.15650233,1.8108545e-05,1.8108545e-05,0.15650233,0.15650233,1.8108545e-05,1.8108545e-05,0.15652044,0.15652044,1.1235457e-13,1.1235457e-13,0.15639972,0.15639972,0.15639972,0.15639972,-1.8108545e-05,-1.8108545e-05,8.5045304e-06,8.5045304e-06,1.3322676e-15,1.3322676e-15,9.4576117e-06,9.4576117e-06,-9.530813e-07,-9.530813e-07,0.15652044,0.15652044,1.1235457e-13,1.1235457e-13,2.5043271,2.5043271,1.7937873e-12,1.7937873e-12,1.2521635,1.2521635,8.9539487e-13,8.9539487e-13,0.15639972,0.15639972,0.00012072363,0.00012072363,0.031279944,0.031279944,1.976197e-14,1.976197e-14,5.4560605e-15,5.4560605e-15,-4.7181441e-15,-4.7181441e-15,-2.220446e-16,-2.220446e-16,-2.220446e-16,-2.220446e-16,-0.00012072363,-0.00012072363,-6.8833828e-15,-6.8833828e-15,0,0,-1.9984014e-15,-1.9984014e-15,0,0,0,0
0.15641383,0.15641383,-0.15641383,-0.15641383,-1.090239e-13,-1.090239e-13,-1.1024515e-13,-1.1024515e-13,-0.15641383,-0.15641383,-9.7484333e-05,-9.7484333e-05,-1.7203118e-05,-1.7203118e-05,-9.7484333e-05,-9.7484333e-05,-1.7203118e-05,-1.7203118e-05,0,0,0.15652852,0.15652852,1.1279866e-13,1.1279866e-13,1.3477097e-05,1.3477097e-05,1.3477097e-05,1.3477097e-05,2.0209528e-15,2.0209528e-15,-9.7484333e-05,-9.7484333e-05,-1.7203118e-05,-1.7203118e-05,-9.7484333e-05,-9.7484333e-05,-1.7203118e-05,-1.7203118e-05,-6.1062266e-16,-6.1062266e-16,-2.3314684e-15,-2.3314684e-15,-0.00011468745,-0.00011468745,-2.9976022e-15,-2.9976022e-15,1.9984014e-15,1.9984014e-15,3.5527137e-15,3.5527137e-15,0.15651132,0.15651132,1.7203118e-05,1.7203118e-05,0.15651132,0.15651132,1.7203118e-05,1.7203118e-05,0.15652852,0.15652852,1.1346479e-13,1.1346479e-13,0.15641383,0.15641383,0.15641383,0.15641383,-1.7203118e-05,-1.7203118e-05,8.0793039e-06,8.0793039e-06,1.3322676e-15,1.3322676e-15,8.9847311e-06,8.9847311e-06,-9.0542724e-07,-9.0542724e-07,0.15652852,0.15652852,1.1346479e-13,1.1346479e-13,2.5044563,2.5044563,1.8109958e-12,1.8109958e-12,1.2522282,1.2522282,9.0405461e-13,9.0405461e-13,0.15641383,0.15641383,0.00011468745,0.00011468745,0.031282767,0.031282767,1.9984014e-14,1.9984014e-14,4.9313894e-15,4.9313894e-15,-4.2643812e-15,-4.2643812e-15,-2.220446e-16,-2.220446e-16,-2.220446e-16,-2.220446e-16,-0.00011468745,-0.00011468745,-6.8833828e-15,-6.8833828e-15,0,0,-1.9984014e-15,-1.9984014e-15,0,0,0,0
0.15642724,0.15642724,-0.15642724,-0.15642724,-1.1013412e-13,-1.1013412e-13,-1.1135537e-13,-1.1135537e-13,-0.15642724,-0.15642724,-9.2610116e-05,-9.2610116e-05,-1.6342962e-05,-1.6342962e-05,-9.2610116e-05,-9.2610116e-05,-1.6342962e-05,-1.6342962e-05,0,0,0.1565362,0.1565362,1.1390888e-13,1.1390888e-13,1.2803242e-05,1.2803242e-05,1.2803242e-05,1.2803242e-05,2.0209528e-15,2.0209528e-15,-9.2610116e-05,-9.2610116e-05,-1.6342962e-05,-1.6342962e-05,-9.2610116e-05,-9.2610116e-05,-1.6342962e-05,-1.6342962e-05,-6.1062266e-16,-6.1062266e-16,-2.3314684e-15,-2.3314684e-15,-0.00010895308,-0.00010895308,-2.9976022e-15,-2.9976022e-15,1.9984014e-15,1.9984014e-15,3.5527137e-15,3.5527137e-15,0.15651985,0.15651985,1.6342962e-05,1.6342962e-05,0.15651985,0.15651985,1.6342962e-05,1.6342962e-05,0.1565362,0.1565362,1.1435297e-13,1.1435297e-13,0.15642724,0.15642724,0.15642724,0.15642724,-1.6342962e-05,-1.6342962e-05,7.6753387e-06,7.6753387e-06,1.3322676e-15,1.3322676e-15,8.5354946e-06,8.5354946e-06,-8.6015588e-07,-8.6015588e-07,0.1565362,0.1565362,1.1435297e-13,1.1435297e-13,2.5045791,2.5045791,1.8283153e-12,1.8283153e-12,1.2522896,1.2522896,9.1271435e-13,9.1271435e-13,0.15642724,0.15642724,0.00010895308,0.00010895308,0.031285449,0.031285449,2.0206059e-14,2.0206059e-14,4.4039471e-15,4.4039471e-15,-3.8082354e-15,-3.8082354e-15,-2.220446e-16,-2.220446e-16,-2.220446e-16,-2.220446e-16,-0.00010895308,-0.00010895308,-6.8833828e-15,-6.8833828e-15,0,0,-1.9984014e-15,-1.9984014e-15,0,0,0,0
0.15643998,0.15643998,-0.15643998,-0.15643998,-1.1113332e-13,-1.1113332e-13,-1.1246559e-13,-1.1246559e-13,-0.15643998,-0.15643998,-8.797961e-05,-8.797961e-05,-1.5525814e-05,-1.5525814e-05,-8.797961e-05,-8.797961e-05,-1.5525814e-05,-1.5525814e-05,0,0,0.15654349,0.15654349,1.1501911e-13,1.1501911e-13,1.216308e-05,1.216308e-05,1.216308e-05,1.216308e-05,2.0218202e-15,2.0218202e-15,-8.797961e-05,-8.797961e-05,-1.5525814e-05,-1.5525814e-05,-8.797961e-05,-8.797961e-05,-1.5525814e-05,-1.5525814e-05,-6.3837824e-16,-6.3837824e-16,-2.3314684e-15,-2.3314684e-15,-0.00010350542,-0.00010350542,-2.9976022e-15,-2.9976022e-15,1.9984014e-15,1.9984014e-15,3.5527137e-15,3.5527137e-15,0.15652796,0.15652796,1.5525814e-05,1.5525814e-05,0.15652796,0.15652796,1.5525814e-05,1.5525814e-05,0.15654349,0.15654349,1.1546319e-13,1.1546319e-13,0.15643998,0.15643998,0.15643998,0.15643998,-1.5525814e-05,-1.5525814e-05,7.2915718e-06,7.2915718e-06,1.3322676e-15,1.3322676e-15,8.1087199e-06,8.1087199e-06,-8.1714808e-07,-8.1714808e-07,0.15654349,0.15654349,1.1546319e-13,1.1546319e-13,2.5046958,2.5046958,1.8456348e-12,1.8456348e-12,1.2523479,1.2523479,9.2137409e-13,9.2137409e-13,0.15643998,0.15643998,0.00010350542,0.00010350542,0.031287996,0.031287996,2.0400348e-14,2.0400348e-14,3.8737956e-15,3.8737956e-15,-3.3497593e-15,-3.3497593e-15,-2.220446e-16,-2.220446e-16,-2.220446e-16,-2.220446e-16,-0.00010350542,-0.00010350542,-6.8833828e-15,-6.8833828e-15,0,0,-1.9984014e-15,-1.9984014e-15,0,0,0,0
0.15645208,0.15645208,-0.15645208,-0.15645208,-1.1213253e-13,-1.1213253e-13,-1.1346479e-13,-1.1346479e-13,-0.15645208,-0.15645208,-8.358063e-05,-8.358063e-05,-1.4749523e-05,-1.4749523e-05,-8.358063e-05,-8.358063e-05,-1.4749523e-05,-1.4749523e-05,0,0,0.15655041,0.15655041,1.1612933e-13,1.1612933e-13,1.1554926e-05,1.1554926e-05,1.1554926e-05,1.1554926e-05,2.0218202e-15,2.0218202e-15,-8.358063e-05,-8.358063e-05,-1.4749523e-05,-1.4749523e-05,-8.358063e-05,-8.358063e-05,-1.4749523e-05,-1.4749523e-05,-6.3837824e-16,-6.3837824e-16,-2.3314684e-15,-2.3314684e-15,-9.8330153e-05,-9.8330153e-05,-2.9976022e-15,-2.9976022e-15,1.9984014e-15,1.9984014e-15,3.5527137e-15,3.5527137e-15,0.15653567,0.15653567,1.4749523e-05,1.4749523e-05,0.15653567,0.15653567,1.4749523e-05,1.4749523e-05,0.15655041,0.15655041,1.1657342e-13,1.1657342e-13,0.15645208,0.15645208,0.15645208,0.15645208,-1.4749523e-05,-1.4749523e-05,6.9269932e-06,6.9269932e-06,1.3322676e-15,1.3322676e-15,7.7032839e-06,7.7032839e-06,-7.7629068e-07,-7.7629068e-07,0.15655041,0.15655041,1.1657342e-13,1.1657342e-13,2.5048066,2.5048066,1.8628432e-12,1.8628432e-12,1.2524033,1.2524033,9.2992281e-13,9.2992281e-13,0.15645208,0.15645208,9.8330153e-05,9.8330153e-05,0.031290417,0.031290417,2.0622393e-14,2.0622393e-14,3.3409956e-15,3.3409956e-15,-2.8890047e-15,-2.8890047e-15,-2.220446e-16,-2.220446e-16,-2.220446e-16,-2.220446e-16,-9.8330153e-05,-9.8330153e-05,-6.8833828e-15,-6.8833828e-15,0,0,-1.9984014e-15,-1.9984014e-15,0,0,0,0
0.15646358,0.15646358,-0.15646358,-0.15646358,-1.1324275e-13,-1.1324275e-13,-1.1457502e-13,-1.1457502e-13,-0.15646358,-0.15646358,-7.9401598e-05,-7.9401598e-05,-1.4012047e-05,-1.4012047e-05,-7.9401598e-05,-7.9401598e-05,-1.4012047e-05,-1.4012047e-05,0,0,0.156557,0.156557,1.1723955e-13,1.1723955e-13,1.097718e-05,1.097718e-05,1.097718e-05,1.097718e-05,2.0226876e-15,2.0226876e-15,-7.9401598e-05,-7.9401598e-05,-1.4012047e-05,-1.4012047e-05,-7.9401598e-05,-7.9401598e-05,-1.4012047e-05,-1.4012047e-05,-6.3837824e-16,-6.3837824e-16,-2.3314684e-15,-2.3314684e-15,-9.3413645e-05,-9.3413645e-05,-2.9976022e-15,-2.9976022e-15,1.9984014e-15,1.9984014e-15,3.5527137e-15,3.5527137e-15,0.15654298,0.15654298,1.4012047e-05,1.4012047e-05,0.15654298,0.15654298,1.4012047e-05,1.4012047e-05,0.156557,0.156557,1.1768364e-13,1.1768364e-13,0.15646358,0.15646358,0.15646358,0.15646358,-1.4012047e-05,-1.4012047e-05,6.5806435e-06,6.5806435e-06,1.3322676e-15,1.3322676e-15,7.3181197e-06,7.3181197e-06,-7.3747614e-07,-7.3747614e-07,0.156557,0.156557,1.1768364e-13,1.1768364e-13,2.5049119,2.5049119,1.8801627e-12,1.8801627e-12,1.252456,1.252456,9.3858255e-13,9.3858255e-13,0.15646358,0.15646358,9.3413645e-05,9.3413645e-05,0.031292716,0.031292716,2.0844437e-14,2.0844437e-14,2.8056064e-15,2.8056064e-15,-2.4260223e-15,-2.4260223e-15,-2.220446e-16,-2.220446e-16,-2.220446e-16,-2.220446e-16,-9.3413645e-05,-9.3413645e-05,-6.8833828e-15,-6.8833828e-15,0,0,-1.9984014e-15,-1.9984014e-15,0,0,0,0
0.1564745,0.1564745,-0.1564745,-0.1564745,-1.1435297e-13,-1.1435297e-13,-1.1568524e-13,-1.1568524e-13,-0.1564745,-0.1564745,-7.5431518e-05,-7.5431518e-05,-1.3311444e-05,-1.3311444e-05,-7.5431518e-05,-7.5431518e-05,-1.3311444e-05,-1.3311444e-05,0,0,0.15656325,0.15656325,1.1812773e-13,1.1812773e-13,1.0428321e-05,1.0428321e-05,1.0428321e-05,1.0428321e-05,2.0226876e-15,2.0226876e-15,-7.5431518e-05,-7.5431518e-05,-1.3311444e-05,-1.3311444e-05,-7.5431518e-05,-7.5431518e-05,-1.3311444e-05,-1.3311444e-05,-6.3837824e-16,-6.3837824e-16,-2.3314684e-15,-2.3314684e-15,-8.8742963e-05,-8.8742963e-05,-2.9976022e-15,-2.9976022e-15,1.9984014e-15,1.9984014e-15,3.5527137e-15,3.5527137e-15,0.15654994,0.15654994,1.3311445e-05,1.3311445e-05,0.15654994,0.15654994,1.3311445e-05,1.3311445e-05,0.15656325,0.15656325,1.1879386e-13,1.1879386e-13,0.1564745,0.1564745,0.1564745,0.1564745,-1.3311444e-05,-1.3311444e-05,6.2516113e-06,6.2516113e-06,1.3322676e-15,1.3322676e-15,6.9522137e-06,6.9522137e-06,-7.0060234e-07,-7.0060234e-07,0.15656325,0.15656325,1.1879386e-13,1.1879386e-13,2.505012,2.505012,1.8974822e-12,1.8974822e-12,1.252506,1.252506,9.4724228e-13,9.4724228e-13,0.1564745,0.1564745,8.8742963e-05,8.8742963e-05,0.031294901,0.031294901,2.1066482e-14,2.1066482e-14,2.2676862e-15,2.2676862e-15,-1.9608614e-15,-1.9608614e-15,-2.220446e-16,-2.220446e-16,-2.220446e-16,-2.220446e-16,-8.8742963e-05,-8.8742963e-05,-6.8833828e-15,-6.8833828e-15,0,0,-1.9984014e-15,-1.9984014e-15,0,0,0,0
0.15648488,0.15648488,-0.15648488,-0.15648488,-1.1524115e-13,-1.1524115e-13,-1.1679546e-13,-1.1679546e-13,-0.15648488,-0.15648488,-7.1659943e-05,-7.1659943e-05,-1.2645872e-05,-1.2645872e-05,-7.1659943e-05,-7.1659943e-05,-1.2645872e-05,-1.2645872e-05,0,0,0.15656919,0.15656919,1.1923795e-13,1.1923795e-13,9.9069045e-06,9.9069045e-06,9.9069045e-06,9.9069045e-06,2.0235549e-15,2.0235549e-15,-7.1659943e-05,-7.1659943e-05,-1.2645872e-05,-1.2645872e-05,-7.1659943e-05,-7.1659943e-05,-1.2645872e-05,-1.2645872e-05,-6.3837824e-16,-6.3837824e-16,-2.3314684e-15,-2.3314684e-15,-8.4305815e-05,-8.4305815e-05,-2.9976022e-15,-2.9976022e-15,1.9984014e-15,1.9984014e-15,3.5527137e-15,3.5527137e-15,0.15655654,0.15655654,1.2645872e-05,1.2645872e-05,0.15655654,0.15655654,1.2645872e-05,1.2645872e-05,0.15656919,0.15656919,1.1990409e-13,1.1990409e-13,0.15648488,0.15648488,0.15648488,0.15648488,-1.2645872e-05,-1.2645872e-05,5.9390308e-06,5.9390308e-06,1.3322676e-15,1.3322676e-15,6.604603e-06,6.604603e-06,-6.6557222e-07,-6.6557222e-07,0.15656919,0.15656919,1.1990409e-13,1.1990409e-13,2.505107,2.505107,1.9148017e-12,1.9148017e-12,1.2525535,1.2525535,9.5590202e-13,9.5590202e-13,0.15648488,0.15648488,8.4305815e-05,8.4305815e-05,0.031296976,0.031296976,2.1260771e-14,2.1260771e-14,1.7272919e-15,1.7272919e-15,-1.4935706e-15,-1.4935706e-15,-2.220446e-16,-2.220446e-16,-2.220446e-16,-2.220446e-16,-8.4305815e-05,-8.4305815e-05,-6.8833828e-15,-6.8833828e-15,0,0,-1.9984014e-15,-1.9984014e-15,0,0,0,0
0.15649474,0.15649474,-0.15649474,-0.15649474,-1.1635137e-13,-1.1635137e-13,-1.1779466e-13,-1.1779466e-13,-0.15649474,-0.15649474,-6.8076945e-05,-6.8076945e-05,-1.2013579e-05,-1.2013579e-05,-6.8076945e-05,-6.8076945e-05,-1.2013579e-05,-1.2013579e-05,0,0,0.15657483,0.15657483,1.2034818e-13,1.2034818e-13,9.4115593e-06,9.4115593e-06,9.4115593e-06,9.4115593e-06,2.0235549e-15,2.0235549e-15,-6.8076945e-05,-6.8076945e-05,-1.2013579e-05,-1.2013579e-05,-6.8076945e-05,-6.8076945e-05,-1.2013579e-05,-1.2013579e-05,-6.3837824e-16,-6.3837824e-16,-2.3314684e-15,-2.3314684e-15,-8.0090524e-05,-8.0090524e-05,-2.9976022e-15,-2.9976022e-15,1.9984014e-15,1.9984014e-15,3.5527137e-15,3.5527137e-15,0.15656281,0.15656281,1.2013579e-05,1.2013579e-05,0.15656281,0.15656281,1.2013579e-05,1.2013579e-05,0.15657483,0.15657483,1.2101431e-13,1.2101431e-13,0.15649474,0.15649474,0.15649474,0.15649474,-1.2013579e-05,-1.2013579e-05,5.6420792e-06,5.6420792e-06,1.3322676e-15,1.3322676e-15,6.2743728e-06,6.2743728e-06,-6.3229361e-07,-6.3229361e-07,0.15657483,0.15657483,1.2101431e-13,1.2101431e-13,2.5051973,2.5051973,1.9321211e-12,1.9321211e-12,1.2525986,1.2525986,9.6456176e-13,9.6456176e-13,0.15649474,0.15649474,8.0090524e-05,8.0090524e-05,0.031298948,0.031298948,2.1482816e-14,2.1482816e-14,1.1844789e-15,1.1844789e-15,-1.0241974e-15,-1.0241974e-15,-2.220446e-16,-2.220446e-16,-2.220446e-16,-2.220446e-16,-8.0090524e-05,-8.0090524e-05,-6.8833828e-15,-6.8833828e-15,0,0,-1.9984014e-15,-1.9984014e-15,0,0,0,0
0.1565041,0.1565041,-0.1565041,-0.1565041,-1.1768364e-13,-1.1768364e-13,-1.1890489e-13,-1.1890489e-13,-0.1565041,-0.1565041,-6.4673098e-05,-6.4673098e-05,-1.14129e-05,-1.14129e-05,-6.4673098e-05,-6.4673098e-05,-1.14129e-05,-1.14129e-05,0,0,0.15658019,0.15658019,1.214584e-13,1.214584e-13,8.9409813e-06,8.9409813e-06,8.9409813e-06,8.9409813e-06,2.0235549e-15,2.0235549e-15,-6.4673098e-05,-6.4673098e-05,-1.14129e-05,-1.14129e-05,-6.4673098e-05,-6.4673098e-05,-1.14129e-05,-1.14129e-05,-6.3837824e-16,-6.3837824e-16,-2.3314684e-15,-2.3314684e-15,-7.6085998e-05,-7.6085998e-05,-2.9976022e-15,-2.9976022e-15,1.9984014e-15,1.9984014e-15,3.5527137e-15,3.5527137e-15,0.15656878,0.15656878,1.14129e-05,1.14129e-05,0.15656878,0.15656878,1.14129e-05,1.14129e-05,0.15658019,0.15658019,1.2212453e-13,1.2212453e-13,0.1565041,0.1565041,0.1565041,0.1565041,-1.14129e-05,-1.14129e-05,5.3599753e-06,5.3599753e-06,1.3322676e-15,1.3322676e-15,5.9606542e-06,5.9606542e-06,-6.0067893e-07,-6.0067893e-07,0.15658019,0.15658019,1.2212453e-13,1.2212453e-13,2.505283,2.505283,1.9494406e-12,1.9494406e-12,1.2526415,1.2526415,9.732215e-13,9.732215e-13,0.1565041,0.1565041,7.6085998e-05,7.6085998e-05,0.03130082,0.03130082,2.170486e-14,2.170486e-14,6.3930168e-16,6.3930168e-16,-5.5278808e-16,-5.5278808e-16,-2.220446e-16,-2.220446e-16,-2.220446e-16,-2.220446e-16,-7.6085998e-05,-7.6085998e-05,-6.8833828e-15,-6.8833828e-15,0,0,-1.9984014e-15,-1.9984014e-15,0,0,0,0
0.156513,0.156513,-0.156513,-0.156513,-1.1857182e-13,-1.1857182e-13,-1.2001511e-13,-1.2001511e-13,-0.156513,-0.156513,-6.1439443e-05,-6.1439443e-05,-1.0842255e-05,-1.0842255e-05,-6.1439443e-05,-6.1439443e-05,-1.0842255e-05,-1.0842255e-05,0,0,0.15658528,0.15658528,1.2256862e-13,1.2256862e-13,8.4939322e-06,8.4939322e-06,8.4939322e-06,8.4939322e-06,2.0244223e-15,2.0244223e-15,-6.1439443e-05,-6.1439443e-05,-1.0842255e-05,-1.0842255e-05,-6.1439443e-05,-6.1439443e-05,-1.0842255e-05,-1.0842255e-05,-6.3837824e-16,-6.3837824e-16,-2.3314684e-15,-2.3314684e-15,-7.2281698e-05,-7.2281698e-05,-2.9976022e-15,-2.9976022e-15,1.9984014e-15,1.9984014e-15,3.5527137e-15,3.5527137e-15,0.15657444,0.15657444,1.0842255e-05,1.0842255e-05,0.15657444,0.15657444,1.0842255e-05,1.0842255e-05,0.15658528,0.15658528,1.2301271e-13,1.2301271e-13,0.156513,0.156513,0.156513,0.156513,-1.0842255e-05,-1.0842255e-05,5.0919765e-06,5.0919765e-06,1.3322676e-15,1.3322676e-15,5.6626215e-06,5.6626215e-06,-5.7064498e-07,-5.7064498e-07,0.15658528,0.15658528,1.2301271e-13,1.2301271e-13,2.5053645,2.5053645,1.9667601e-12,1.9667601e-12,1.2526822,1.2526822,9.8188124e-13,9.8188124e-13,0.156513,0.156513,7.2281698e-05,7.2281698e-05,0.0313026,0.0313026,2.1926905e-14,2.1926905e-14,9.1813438e-17,9.1813438e-17,-7.9388159e-17,-7.9388159e-17,-2.220446e-16,-2.220446e-16,-2.220446e-16,-2.220446e-16,-7.2281698e-05,-7.2281698e-05,-6.8833828e-15,-6.8833828e-15,0,0,-1.9984014e-15,-1.9984014e-15,0,0,0,0
0.15652145,0.15652145,-0.15652145,-0.15652145,-1.1968204e-13,-1.1968204e-13,-1.2112533e-13,-1.2112533e-13,-0.15652145,-0.15652145,-5.8367471e-05,-5.8367471e-05,-1.0300142e-05,-1.0300142e-05,-5.8367471e-05,-5.8367471e-05,-1.0300142e-05,-1.0300142e-05,0,0,0.15659012,0.15659012,1.2367884e-13,1.2367884e-13,8.0692356e-06,8.0692356e-06,8.0692356e-06,8.0692356e-06,2.0244223e-15,2.0244223e-15,-5.8367471e-05,-5.8367471e-05,-1.0300142e-05,-1.0300142e-05,-5.8367471e-05,-5.8367471e-05,-1.0300142e-05,-1.0300142e-05,-6.3837824e-16,-6.3837824e-16,-2.3314684e-15,-2.3314684e-15,-6.8667613e-05,-6.8667613e-05,-2.9976022e-15,-2.9976022e-15,1.9984014e-15,1.9984014e-15,3.5527137e-15,3.5527137e-15,0.15657982,0.15657982,1.0300142e-05,1.0300142e-05,0.15657982,0.15657982,1.0300142e-05,1.0300142e-05,0.15659012,0.15659012,1.2412293e-13,1.2412293e-13,0.15652145,0.15652145,0.15652145,0.15652145,-1.0300142e-05,-1.0300142e-05,4.8373777e-06,4.8373777e-06,1.3322676e-15,1.3322676e-15,5.3794904e-06,5.3794904e-06,-5.4211273e-07,-5.4211273e-07,0.15659012,0.15659012,1.2412293e-13,1.2412293e-13,2.5054419,2.5054419,1.9839685e-12,1.9839685e-12,1.2527209,1.2527209,9.9054098e-13,9.9054098e-13,0.15652145,0.15652145,6.8667613e-05,6.8667613e-05,0.03130429,0.03130429,2.2148949e-14,2.2148949e-14,-4.5793381e-16,-4.5793381e-16,3.9595791e-16,3.9595791e-16,-2.220446e-16,-2.220446e-16,-2.220446e-16,-2.220446e-16,-6.8667613e-05,-6.8667613e-05,-6.8833828e-15,-6.8833828e-15,0,0,-1.9984014e-15,-1.9984014e-15,0,0,0,0
0.15652948,0.15652948,-0.15652948,-0.15652948,-1.2079227e-13,-1.2079227e-13,-1.2212453e-13,-1.2212453e-13,-0.15652948,-0.15652948,-5.5449098e-05,-5.5449098e-05,-9.7851349e-06,-9.7851349e-06,-5.5449098e-05,-5.5449098e-05,-9.7851349e-06,-9.7851349e-06,0,0,0.15659471,0.15659471,1.2478907e-13,1.2478907e-13,7.6657739e-06,7.6657739e-06,7.6657739e-06,7.6657739e-06,2.0252897e-15,2.0252897e-15,-5.5449098e-05,-5.5449098e-05,-9.7851349e-06,-9.7851349e-06,-5.5449098e-05,-5.5449098e-05,-9.7851349e-06,-9.7851349e-06,-6.3837824e-16,-6.3837824e-16,-2.3314684e-15,-2.3314684e-15,-6.5234232e-05,-6.5234232e-05,-2.9976022e-15,-2.9976022e-15,1.9984014e-15,1.9984014e-15,3.5527137e-15,3.5527137e-15,0.15658493,0.15658493,9.785135e-06,9.785135e-06,0.15658493,0.15658493,9.785135e-06,9.785135e-06,0.15659471,0.15659471,1.2523316e-13,1.2523316e-13,0.15652948,0.15652948,0.15652948,0.15652948,-9.7851349e-06,-9.7851349e-06,4.5955088e-06,4.5955088e-06,1.3322676e-15,1.3322676e-15,5.1105159e-06,5.1105159e-06,-5.150071e-07,-5.150071e-07,0.15659471,0.15659471,1.2523316e-13,1.2523316e-13,2.5055154,2.5055154,2.001288e-12,2.001288e-12,1.2527577,1.2527577,9.9920072e-13,9.9920072e-13,0.15652948,0.15652948,6.5234232e-05,6.5234232e-05,0.031305896,0.031305896,2.2343238e-14,2.2343238e-14,-1.0098892e-15,-1.0098892e-15,8.7320661e-16,8.7320661e-16,-2.220446e-16,-2.220446e-16,-2.220446e-16,-2.220446e-16,-6.5234232e-05,-6.5234232e-05,-6.8833828e-15,-6.8833828e-15,0,0,-1.9984014e-15,-1.9984014e-15,0,0,0,0
0.15653711,0.15653711,-0.15653711,-0.15653711,-1.2190249e-13,-1.2190249e-13,-1.2323476e-13,-1.2323476e-13,-0.15653711,-0.15653711,-5.2676643e-05,-5.2676643e-05,-9.2958781e-06,-9.2958781e-06,-5.2676643e-05,-5.2676643e-05,-9.2958781e-06,-9.2958781e-06,0,0,0.15659908,0.15659908,1.2589929e-13,1.2589929e-13,7.2824852e-06,7.2824852e-06,7.2824852e-06,7.2824852e-06,2.0252897e-15,2.0252897e-15,-5.2676643e-05,-5.2676643e-05,-9.2958781e-06,-9.2958781e-06,-5.2676643e-05,-5.2676643e-05,-9.2958781e-06,-9.2958781e-06,-6.3837824e-16,-6.3837824e-16,-2.3314684e-15,-2.3314684e-15,-6.1972521e-05,-6.1972521e-05,-2.9976022e-15,-2.9976022e-15,1.9984014e-15,1.9984014e-15,3.5527137e-15,3.5527137e-15,0.15658978,0.15658978,9.2958782e-06,9.2958782e-06,0.15658978,0.15658978,9.2958782e-06,9.2958782e-06,0.15659908,0.15659908,1.2634338e-13,1.2634338e-13,0.15653711,0.15653711,0.15653711,0.15653711,-9.2958781e-06,-9.2958781e-06,4.3657334e-06,4.3657334e-06,1.3322676e-15,1.3322676e-15,4.8549901e-06,4.8549901e-06,-4.8925674e-07,-4.8925674e-07,0.15659908,0.15659908,1.2634338e-13,1.2634338e-13,2.5055853,2.5055853,2.0187185e-12,2.0187185e-12,1.2527926,1.2527926,1.0078605e-12,1.0078605e-12,0.15653711,0.15653711,6.1972521e-05,6.1972521e-05,0.031307421,0.031307421,2.2565283e-14,2.2565283e-14,-1.5640029e-15,-1.5640029e-15,1.3523154e-15,1.3523154e-15,-2.220446e-16,-2.220446e-16,-2.220446e-16,-2.220446e-16,-6.1972521e-05,-6.1972521e-05,-6.8833828e-15,-6.8833828e-15,0,0,-1.9984014e-15,-1.9984014e-15,0,0,0,0
0.15654435,0.15654435,-0.15654435,-0.15654435,-1.2290169e-13,-1.2290169e-13,-1.2434498e-13,-1.2434498e-13,-0.15654435,-0.15654435,-5.0042811e-05,-5.0042811e-05,-8.8310842e-06,-8.8310842e-06,-5.0042811e-05,-5.0042811e-05,-8.8310842e-06,-8.8310842e-06,0,0,0.15660323,0.15660323,1.2678747e-13,1.2678747e-13,6.9183609e-06,6.9183609e-06,6.9183609e-06,6.9183609e-06,2.0252897e-15,2.0252897e-15,-5.0042811e-05,-5.0042811e-05,-8.8310842e-06,-8.8310842e-06,-5.0042811e-05,-5.0042811e-05,-8.8310842e-06,-8.8310842e-06,-6.3837824e-16,-6.3837824e-16,-2.3314684e-15,-2.3314684e-15,-5.8873895e-05,-5.8873895e-05,-2.9976022e-15,-2.9976022e-15,1.9984014e-15,1.9984014e-15,3.5527137e-15,3.5527137e-15,0.1565944,0.1565944,8.8310843e-06,8.8310843e-06,0.1565944,0.1565944,8.8310843e-06,8.8310843e-06,0.15660323,0.15660323,1.274536e-13,1.274536e-13,0.15654435,0.15654435,0.15654435,0.15654435,-8.8310842e-06,-8.8310842e-06,4.1474467e-06,4.1474467e-06,1.3322676e-15,1.3322676e-15,4.6122406e-06,4.6122406e-06,-4.647939e-07,-4.647939e-07,0.15660323,0.15660323,1.274536e-13,1.274536e-13,2.5056516,2.5056516,2.036038e-12,2.036038e-12,1.2528258,1.2528258,1.0165202e-12,1.0165202e-12,0.15654435,0.15654435,5.8873895e-05,5.8873895e-05,0.03130887,0.03130887,2.2787328e-14,2.2787328e-14,-2.1202263e-15,-2.1202263e-15,1.8332426e-15,1.8332426e-15,-2.220446e-16,-2.220446e-16,-2.220446e-16,-2.220446e-16,-5.8873895e-05,-5.8873895e-05,-6.8833828e-15,-6.8833828e-15,0,0,-1.9984014e-15,-1.9984014e-15,0,0,0,0
0.15655124,0.15655124,-0.15655124,-0.15655124,-1.2390089e-13,-1.2390089e-13,-1.254552e-13,-1.254552e-13,-0.15655124,-0.15655124,-4.754067e-05,-4.754067e-05,-8.38953e-06,-8.38953e-06,-4.754067e-05,-4.754067e-05,-8.38953e-06,-8.38953e-06,0,0,0.15660717,0.15660717,1.2789769e-13,1.2789769e-13,6.5724429e-06,6.5724429e-06,6.5724429e-06,6.5724429e-06,2.026157e-15,2.026157e-15,-4.754067e-05,-4.754067e-05,-8.38953e-06,-8.38953e-06,-4.754067e-05,-4.754067e-05,-8.38953e-06,-8.38953e-06,-6.3837824e-16,-6.3837824e-16,-2.3314684e-15,-2.3314684e-15,-5.59302e-05,-5.59302e-05,-2.9976022e-15,-2.9976022e-15,1.9984014e-15,1.9984014e-15,3.5527137e-15,3.5527137e-15,0.15659878,0.15659878,8.3895301e-06,8.3895301e-06,0.15659878,0.15659878,8.3895301e-06,8.3895301e-06,0.15660717,0.15660717,1.2856383e-13,1.2856383e-13,0.15655124,0.15655124,0.15655124,0.15655124,-8.38953e-06,-8.38953e-06,3.9400744e-06,3.9400744e-06,1.3322676e-15,1.3322676e-15,4.3816286e-06,4.3816286e-06,-4.4155421e-07,-4.4155421e-07,0.15660717,0.15660717,1.2856383e-13,1.2856383e-13,2.5057147,2.5057147,2.0533575e-12,2.0533575e-12,1.2528573,1.2528573,1.0251799e-12,1.0251799e-12,0.15655124,0.15655124,5.59302e-05,5.59302e-05,0.031310247,0.031310247,2.3009372e-14,2.3009372e-14,-2.6785118e-15,-2.6785118e-15,2.3159474e-15,2.3159474e-15,-3.3306691e-16,-3.3306691e-16,-2.220446e-16,-2.220446e-16,-5.59302e-05,-5.59302e-05,-6.8833828e-15,-6.8833828e-15,0,0,-1.9984014e-15,-1.9984014e-15,0,0,0,0
0.15655778,0.15655778,-0.15655778,-0.15655778,-1.2501111e-13,-1.2501111e-13,-1.264544e-13,-1.264544e-13,-0.15655778,-0.15655778,-4.5163636e-05,-4.5163636e-05,-7.9700535e-06,-7.9700535e-06,-4.5163636e-05,-4.5163636e-05,-7.9700535e-06,-7.9700535e-06,0,0,0.15661091,0.15661091,1.2900792e-13,1.2900792e-13,6.2438207e-06,6.2438207e-06,6.2438207e-06,6.2438207e-06,2.026157e-15,2.026157e-15,-4.5163636e-05,-4.5163636e-05,-7.9700535e-06,-7.9700535e-06,-4.5163636e-05,-4.5163636e-05,-7.9700535e-06,-7.9700535e-06,-6.3837824e-16,-6.3837824e-16,-2.3314684e-15,-2.3314684e-15,-5.313369e-05,-5.313369e-05,-2.9976022e-15,-2.9976022e-15,1.9984014e-15,1.9984014e-15,3.5527137e-15,3.5527137e-15,0.15660294,0.15660294,7.9700536e-06,7.9700536e-06,0.15660294,0.15660294,7.9700536e-06,7.9700536e-06,0.15661091,0.15661091,1.2967405e-13,1.2967405e-13,0.15655778,0.15655778,0.15655778,0.15655778,-7.9700535e-06,-7.9700535e-06,3.7430706e-06,3.7430706e-06,1.3322676e-15,1.3322676e-15,4.1625471e-06,4.1625471e-06,-4.194765e-07,-4.194765e-07,0.15661091,0.15661091,1.2967405e-13,1.2967405e-13,2.5057745,2.5057745,2.070677e-12,2.070677e-12,1.2528873,1.2528873,1.0338397e-12,1.0338397e-12,0.15655778,0.15655778,5.313369e-05,5.313369e-05,0.031311555,0.031311555,2.3203661e-14,2.3203661e-14,-3.2388128e-15,-3.2388128e-15,2.80039e-15,2.80039e-15,-3.3306691e-16,-3.3306691e-16,-2.220446e-16,-2.220446e-16,-5.313369e-05,-5.313369e-05,-6.8833828e-15,-6.8833828e-15,0,0,-1.9984014e-15,-1.9984014e-15,0,0,0,0
0.15656399,0.15656399,-0.15656399,-0.15656399,-1.2612134e-13,-1.2612134e-13,-1.2756463e-13,-1.2756463e-13,-0.15656399,-0.15656399,-4.2905455e-05,-4.2905455e-05,-7.5715508e-06,-7.5715508e-06,-4.2905455e-05,-4.2905455e-05,-7.5715508e-06,-7.5715508e-06,0,0,0.15661447,0.15661447,1.3011814e-13,1.3011814e-13,5.9316297e-06,5.9316297e-06,5.9316297e-06,5.9316297e-06,2.026157e-15,2.026157e-15,-4.2905455e-05,-4.2905455e-05,-7.5715508e-06,-7.5715508e-06,-4.2905455e-05,-4.2905455e-05,-7.5715508e-06,-7.5715508e-06,-6.3837824e-16,-6.3837824e-16,-2.3314684e-15,-2.3314684e-15,-5.0477005e-05,-5.0477005e-05,-2.9976022e-15,-2.9976022e-15,1.9984014e-15,1.9984014e-15,3.5527137e-15,3.5527137e-15,0.15660689,0.15660689,7.571551e-06,7.571551e-06,0.15660689,0.15660689,7.571551e-06,7.571551e-06,0.15661447,0.15661447,1.3078427e-13,1.3078427e-13,0.15656399,0.15656399,0.15656399,0.15656399,-7.5715508e-06,-7.5715508e-06,3.5559171e-06,3.5559171e-06,1.3322676e-15,1.3322676e-15,3.9544198e-06,3.9544198e-06,-3.9850267e-07,-3.9850267e-07,0.15661447,0.15661447,1.3078427e-13,1.3078427e-13,2.5058314,2.5058314,2.0879964e-12,2.0879964e-12,1.2529157,1.2529157,1.0424994e-12,1.0424994e-12,0.15656399,0.15656399,5.0477006e-05,5.0477006e-05,0.031312798,0.031312798,2.3425706e-14,2.3425706e-14,-3.8010838e-15,-3.8010838e-15,3.2865314e-15,3.2865314e-15,-3.3306691e-16,-3.3306691e-16,-2.220446e-16,-2.220446e-16,-5.0477005e-05,-5.0477005e-05,-6.8833828e-15,-6.8833828e-15,0,0,-1.9984014e-15,-1.9984014e-15,0,0,0,0
0.15656989,0.15656989,-0.15656989,-0.15656989,-1.2723156e-13,-1.2723156e-13,-1.2867485e-13,-1.2867485e-13,-0.15656989,-0.15656989,-4.0760182e-05,-4.0760182e-05,-7.1929733e-06,-7.1929733e-06,-4.0760182e-05,-4.0760182e-05,-7.1929733e-06,-7.1929733e-06,0,0,0.15661784,0.15661784,1.3122836e-13,1.3122836e-13,5.6350482e-06,5.6350482e-06,5.6350482e-06,5.6350482e-06,2.0270244e-15,2.0270244e-15,-4.0760182e-05,-4.0760182e-05,-7.1929733e-06,-7.1929733e-06,-4.0760182e-05,-4.0760182e-05,-7.1929733e-06,-7.1929733e-06,-6.3837824e-16,-6.3837824e-16,-2.3314684e-15,-2.3314684e-15,-4.7953155e-05,-4.7953155e-05,-2.9976022e-15,-2.9976022e-15,1.9984014e-15,1.9984014e-15,3.5527137e-15,3.5527137e-15,0.15661065,0.15661065,7.1929734e-06,7.1929734e-06,0.15661065,0.15661065,7.1929734e-06,7.1929734e-06,0.15661784,0.15661784,1.3167245e-13,1.3167245e-13,0.15656989,0.15656989,0.15656989,0.15656989,-7.1929733e-06,-7.1929733e-06,3.3781213e-06,3.3781213e-06,1.3322676e-15,1.3322676e-15,3.7566988e-06,3.7566988e-06,-3.7857754e-07,-3.7857754e-07,0.15661784,0.15661784,1.3167245e-13,1.3167245e-13,2.5058855,2.5058855,2.1053159e-12,2.1053159e-12,1.2529427,1.2529427,1.0511592e-12,1.0511592e-12,0.15656989,0.15656989,4.7953155e-05,4.7953155e-05,0.031313978,0.031313978,2.364775e-14,2.364775e-14,-4.3652803e-15,-4.3652803e-15,3.7743333e-15,3.7743333e-15,-3.3306691e-16,-3.3306691e-16,-2.220446e-16,-2.220446e-16,-4.7953155e-05,-4.7953155e-05,-6.8833828e-15,-6.8833828e-15,0,0,-1.9984014e-15,-1.9984014e-15,0,0,0,0
0.1565755,0.1565755,-0.1565755,-0.1565755,-1.2834178e-13,-1.2834178e-13,-1.2978507e-13,-1.2978507e-13,-0.1565755,-0.1565755,-3.8722173e-05,-3.8722173e-05,-6.8333246e-06,-6.8333246e-06,-3.8722173e-05,-3.8722173e-05,-6.8333246e-06,-6.8333246e-06,0,0,0.15662105,0.15662105,1.3233858e-13,1.3233858e-13,5.3532958e-06,5.3532958e-06,5.3532958e-06,5.3532958e-06,2.0270244e-15,2.0270244e-15,-3.8722173e-05,-3.8722173e-05,-6.8333246e-06,-6.8333246e-06,-3.8722173e-05,-3.8722173e-05,-6.8333246e-06,-6.8333246e-06,-6.3837824e-16,-6.3837824e-16,-2.3314684e-15,-2.3314684e-15,-4.5555497e-05,-4.5555497e-05,-2.9976022e-15,-2.9976022e-15,1.9984014e-15,1.9984014e-15,3.5527137e-15,3.5527137e-15,0.15661422,0.15661422,6.8333247e-06,6.8333247e-06,0.15661422,0.15661422,6.8333247e-06,6.8333247e-06,0.15662105,0.15662105,1.3278267e-13,1.3278267e-13,0.1565755,0.1565755,0.1565755,0.1565755,-6.8333246e-06,-6.8333246e-06,3.2092152e-06,3.2092152e-06,1.3322676e-15,1.3322676e-15,3.5688639e-06,3.5688639e-06,-3.5964866e-07,-3.5964866e-07,0.15662105,0.15662105,1.3278267e-13,1.3278267e-13,2.5059368,2.5059368,2.1226354e-12,2.1226354e-12,1.2529684,1.2529684,1.0598189e-12,1.0598189e-12,0.1565755,0.1565755,4.5555498e-05,4.5555498e-05,0.031315099,0.031315099,2.3869795e-14,2.3869795e-14,-4.9313587e-15,-4.9313587e-15,4.2637586e-15,4.2637586e-15,-3.3306691e-16,-3.3306691e-16,-2.220446e-16,-2.220446e-16,-4.5555497e-05,-4.5555497e-05,-6.8833828e-15,-6.8833828e-15,0,0,-1.9984014e-15,-1.9984014e-15,0,0,0,0
0.15658082,0.15658082,-0.15658082,-0.15658082,-1.29452e-13,-1.29452e-13,-1.3078427e-13,-1.3078427e-13,-0.15658082,-0.15658082,-3.6786064e-05,-3.6786064e-05,-6.4916584e-06,-6.4916584e-06,-3.6786064e-05,-3.6786064e-05,-6.4916584e-06,-6.4916584e-06,0,0,0.1566241,0.1566241,1.3344881e-13,1.3344881e-13,5.085631e-06,5.085631e-06,5.085631e-06,5.085631e-06,2.0270244e-15,2.0270244e-15,-3.6786064e-05,-3.6786064e-05,-6.4916584e-06,-6.4916584e-06,-3.6786064e-05,-3.6786064e-05,-6.4916584e-06,-6.4916584e-06,-6.3837824e-16,-6.3837824e-16,-2.3314684e-15,-2.3314684e-15,-4.3277723e-05,-4.3277723e-05,-2.9976022e-15,-2.9976022e-15,1.9984014e-15,1.9984014e-15,3.5527137e-15,3.5527137e-15,0.15661761,0.15661761,6.4916585e-06,6.4916585e-06,0.15661761,0.15661761,6.4916585e-06,6.4916585e-06,0.1566241,0.1566241,1.338929e-13,1.338929e-13,0.15658082,0.15658082,0.15658082,0.15658082,-6.4916584e-06,-6.4916584e-06,3.0487544e-06,3.0487544e-06,1.3322676e-15,1.3322676e-15,3.3904207e-06,3.3904207e-06,-3.4166623e-07,-3.4166623e-07,0.1566241,0.1566241,1.338929e-13,1.338929e-13,2.5059856,2.5059856,2.1399549e-12,2.1399549e-12,1.2529928,1.2529928,1.0684786e-12,1.0684786e-12,0.15658082,0.15658082,4.3277723e-05,4.3277723e-05,0.031316165,0.031316165,2.409184e-14,2.409184e-14,-5.4992764e-15,-5.4992764e-15,4.7547705e-15,4.7547705e-15,-3.3306691e-16,-3.3306691e-16,-2.220446e-16,-2.220446e-16,-4.3277723e-05,-4.3277723e-05,-6.8833828e-15,-6.8833828e-15,0,0,-1.9984014e-15,-1.9984014e-15,0,0,0,0
0.15658588,0.15658588,-0.15658588,-0.15658588,-1.3056223e-13,-1.3056223e-13,-1.318945e-13,-1.318945e-13,-0.15658588,-0.15658588,-3.4946761e-05,-3.4946761e-05,-6.1670755e-06,-6.1670755e-06,-3.4946761e-05,-3.4946761e-05,-6.1670755e-06,-6.1670755e-06,0,0,0.156627,0.156627,1.3455903e-13,1.3455903e-13,4.8313494e-06,4.8313494e-06,4.8313494e-06,4.8313494e-06,2.0270244e-15,2.0270244e-15,-3.4946761e-05,-3.4946761e-05,-6.1670755e-06,-6.1670755e-06,-3.4946761e-05,-3.4946761e-05,-6.1670755e-06,-6.1670755e-06,-6.3837824e-16,-6.3837824e-16,-2.3314684e-15,-2.3314684e-15,-4.1113836e-05,-4.1113836e-05,-2.9976022e-15,-2.9976022e-15,1.9984014e-15,1.9984014e-15,3.5527137e-15,3.5527137e-15,0.15662083,0.15662083,6.1670756e-06,6.1670756e-06,0.15662083,0.15662083,6.1670756e-06,6.1670756e-06,0.156627,0.156627,1.3500312e-13,1.3500312e-13,0.15658588,0.15658588,0.15658588,0.15658588,-6.1670755e-06,-6.1670755e-06,2.8963167e-06,2.8963167e-06,1.3322676e-15,1.3322676e-15,3.2208996e-06,3.2208996e-06,-3.2458292e-07,-3.2458292e-07,0.156627,0.156627,1.3500312e-13,1.3500312e-13,2.506032,2.506032,2.1573854e-12,2.1573854e-12,1.253016,1.253016,1.0772494e-12,1.0772494e-12,0.15658588,0.15658588,4.1113837e-05,4.1113837e-05,0.031317177,0.031317177,2.4286129e-14,2.4286129e-14,-6.0689919e-15,-6.0689919e-15,5.2473335e-15,5.2473335e-15,-3.3306691e-16,-3.3306691e-16,-2.220446e-16,-2.220446e-16,-4.1113836e-05,-4.1113836e-05,-6.8833828e-15,-6.8833828e-15,0,0,-1.9984014e-15,-1.9984014e-15,0,0,0,0
0.15659069,0.15659069,-0.15659069,-0.15659069,-1.3156143e-13,-1.3156143e-13,-1.3300472e-13,-1.3300472e-13,-0.15659069,-0.15659069,-3.3199423e-05,-3.3199423e-05,-5.8587217e-06,-5.8587217e-06,-3.3199423e-05,-3.3199423e-05,-5.8587217e-06,-5.8587217e-06,0,0,0.15662975,0.15662975,1.3544721e-13,1.3544721e-13,4.589782e-06,4.589782e-06,4.589782e-06,4.589782e-06,2.0278917e-15,2.0278917e-15,-3.3199423e-05,-3.3199423e-05,-5.8587217e-06,-5.8587217e-06,-3.3199423e-05,-3.3199423e-05,-5.8587217e-06,-5.8587217e-06,-6.3837824e-16,-6.3837824e-16,-2.3314684e-15,-2.3314684e-15,-3.9058145e-05,-3.9058145e-05,-2.9976022e-15,-2.9976022e-15,1.9984014e-15,1.9984014e-15,3.5527137e-15,3.5527137e-15,0.15662389,0.15662389,5.8587218e-06,5.8587218e-06,0.15662389,0.15662389,5.8587218e-06,5.8587218e-06,0.15662975,0.15662975,1.3611334e-13,1.3611334e-13,0.15659069,0.15659069,0.15659069,0.15659069,-5.8587217e-06,-5.8587217e-06,2.7515009e-06,2.7515009e-06,1.3322676e-15,1.3322676e-15,3.0598546e-06,3.0598546e-06,-3.0835377e-07,-3.0835377e-07,0.15662975,0.15662975,1.3611334e-13,1.3611334e-13,2.506076,2.506076,2.1747049e-12,2.1747049e-12,1.253038,1.253038,1.0859091e-12,1.0859091e-12,0.15659069,0.15659069,3.9058145e-05,3.9058145e-05,0.031318138,0.031318138,2.4508173e-14,2.4508173e-14,-6.6404644e-15,-6.6404644e-15,5.7414126e-15,5.7414126e-15,-3.3306691e-16,-3.3306691e-16,-2.220446e-16,-2.220446e-16,-3.9058145e-05,-3.9058145e-05,-6.8833828e-15,-6.8833828e-15,0,0,-1.9984014e-15,-1.9984014e-15,0,0,0,0
0.15659526,0.15659526,-0.15659526,-0.15659526,-1.3256063e-13,-1.3256063e-13,-1.3411494e-13,-1.3411494e-13,-0.15659526,-0.15659526,-3.1539452e-05,-3.1539452e-05,-5.5657856e-06,-5.5657856e-06,-3.1539452e-05,-3.1539452e-05,-5.5657856e-06,-5.5657856e-06,0,0,0.15663236,0.15663236,1.3655743e-13,1.3655743e-13,4.3602929e-06,4.3602929e-06,4.3602929e-06,4.3602929e-06,2.0278917e-15,2.0278917e-15,-3.1539452e-05,-3.1539452e-05,-5.5657856e-06,-5.5657856e-06,-3.1539452e-05,-3.1539452e-05,-5.5657856e-06,-5.5657856e-06,-6.3837824e-16,-6.3837824e-16,-2.3314684e-15,-2.3314684e-15,-3.7105237e-05,-3.7105237e-05,-2.9976022e-15,-2.9976022e-15,1.9984014e-15,1.9984014e-15,3.5527137e-15,3.5527137e-15,0.1566268,0.1566268,5.5657857e-06,5.5657857e-06,0.1566268,0.1566268,5.5657857e-06,5.5657857e-06,0.15663236,0.15663236,1.3722357e-13,1.3722357e-13,0.15659526,0.15659526,0.15659526,0.15659526,-5.5657856e-06,-5.5657856e-06,2.6139258e-06,2.6139258e-06,1.3322676e-15,1.3322676e-15,2.9068619e-06,2.9068619e-06,-2.9293608e-07,-2.9293608e-07,0.15663236,0.15663236,1.3722357e-13,1.3722357e-13,2.5061178,2.5061178,2.1920243e-12,2.1920243e-12,1.2530589,1.2530589,1.0945689e-12,1.0945689e-12,0.15659526,0.15659526,3.7105238e-05,3.7105238e-05,0.031319052,0.031319052,2.4730218e-14,2.4730218e-14,-7.2136541e-15,-7.2136541e-15,6.2369736e-15,6.2369736e-15,-3.3306691e-16,-3.3306691e-16,-2.220446e-16,-2.220446e-16,-3.7105237e-05,-3.7105237e-05,-6.8833828e-15,-6.8833828e-15,0,0,-1.9984014e-15,-1.9984014e-15,0,0,0,0
0.1565996,0.1565996,-0.1565996,-0.1565996,-1.3367085e-13,-1.3367085e-13,-1.3511414e-13,-1.3511414e-13,-0.1565996,-0.1565996,-2.9962479e-05,-2.9962479e-05,-5.2874963e-06,-5.2874963e-06,-2.9962479e-05,-2.9962479e-05,-5.2874963e-06,-5.2874963e-06,0,0,0.15663485,0.15663485,1.3766766e-13,1.3766766e-13,4.1422782e-06,4.1422782e-06,4.1422782e-06,4.1422782e-06,2.0278917e-15,2.0278917e-15,-2.9962479e-05,-2.9962479e-05,-5.2874963e-06,-5.2874963e-06,-2.9962479e-05,-2.9962479e-05,-5.2874963e-06,-5.2874963e-06,-6.3837824e-16,-6.3837824e-16,-2.3314684e-15,-2.3314684e-15,-3.5249976e-05,-3.5249976e-05,-2.9976022e-15,-2.9976022e-15,1.9984014e-15,1.9984014e-15,3.5527137e-15,3.5527137e-15,0.15662956,0.15662956,5.2874965e-06,5.2874965e-06,0.15662956,0.15662956,5.2874965e-06,5.2874965e-06,0.15663485,0.15663485,1.3833379e-13,1.3833379e-13,0.1565996,0.1565996,0.1565996,0.1565996,-5.2874963e-06,-5.2874963e-06,2.4832295e-06,2.4832295e-06,1.3322676e-15,1.3322676e-15,2.7615188e-06,2.7615188e-06,-2.7828928e-07,-2.7828928e-07,0.15663485,0.15663485,1.3833379e-13,1.3833379e-13,2.5061575,2.5061575,2.2093438e-12,2.2093438e-12,1.2530788,1.2530788,1.1032286e-12,1.1032286e-12,0.1565996,0.1565996,3.5249976e-05,3.5249976e-05,0.031319919,0.031319919,2.4952262e-14,2.4952262e-14,-7.7885222e-15,-7.7885222e-15,6.7339831e-15,6.7339831e-15,-3.3306691e-16,-3.3306691e-16,-2.220446e-16,-2.220446e-16,-3.5249976e-05,-3.5249976e-05,-6.8833828e-15,-6.8833828e-15,0,0,-1.9984014e-15,-1.9984014e-15,0,0,0,0
0.15660372,0.15660372,-0.15660372,-0.15660372,-1.3478108e-13,-1.3478108e-13,-1.3622437e-13,-1.3622437e-13,-0.15660372,-0.15660372,-2.8464355e-05,-2.8464355e-05,-5.0231215e-06,-5.0231215e-06,-2.8464355e-05,-2.8464355e-05,-5.0231215e-06,-5.0231215e-06,0,0,0.15663721,0.15663721,1.3877788e-13,1.3877788e-13,3.9351643e-06,3.9351643e-06,3.9351643e-06,3.9351643e-06,2.0278917e-15,2.0278917e-15,-2.8464355e-05,-2.8464355e-05,-5.0231215e-06,-5.0231215e-06,-2.8464355e-05,-2.8464355e-05,-5.0231215e-06,-5.0231215e-06,-6.3837824e-16,-6.3837824e-16,-2.3314684e-15,-2.3314684e-15,-3.3487477e-05,-3.3487477e-05,-2.9976022e-15,-2.9976022e-15,1.9984014e-15,1.9984014e-15,3.5527137e-15,3.5527137e-15,0.15663218,0.15663218,5.0231217e-06,5.0231217e-06,0.15663218,0.15663218,5.0231217e-06,5.0231217e-06,0.15663721,0.15663721,1.3944401e-13,1.3944401e-13,0.15660372,0.15660372,0.15660372,0.15660372,-5.0231215e-06,-5.0231215e-06,2.3590681e-06,2.3590681e-06,1.3322676e-15,1.3322676e-15,2.6234429e-06,2.6234429e-06,-2.6437482e-07,-2.6437482e-07,0.15663721,0.15663721,1.3944401e-13,1.3944401e-13,2.5061953,2.5061953,2.2267743e-12,2.2267743e-12,1.2530976,1.2530976,1.1118884e-12,1.1118884e-12,0.15660372,0.15660372,3.3487477e-05,3.3487477e-05,0.031320744,0.031320744,2.5174307e-14,2.5174307e-14,-8.3650304e-15,-8.3650304e-15,7.2324084e-15,7.2324084e-15,-3.3306691e-16,-3.3306691e-16,-2.220446e-16,-2.220446e-16,-3.3487477e-05,-3.3487477e-05,-6.8833828e-15,-6.8833828e-15,0,0,-1.9984014e-15,-1.9984014e-15,0,0,0,0
0.15660763,0.15660763,-0.15660763,-0.15660763,-1.3578028e-13,-1.3578028e-13,-1.3733459e-13,-1.3733459e-13,-0.15660763,-0.15660763,-2.7041137e-05,-2.7041137e-05,-4.7719654e-06,-4.7719654e-06,-2.7041137e-05,-2.7041137e-05,-4.7719654e-06,-4.7719654e-06,0,0,0.15663945,0.15663945,1.398881e-13,1.398881e-13,3.7384061e-06,3.7384061e-06,3.7384061e-06,3.7384061e-06,2.0287591e-15,2.0287591e-15,-2.7041137e-05,-2.7041137e-05,-4.7719654e-06,-4.7719654e-06,-2.7041137e-05,-2.7041137e-05,-4.7719654e-06,-4.7719654e-06,-6.3837824e-16,-6.3837824e-16,-2.3314684e-15,-2.3314684e-15,-3.1813103e-05,-3.1813103e-05,-2.9976022e-15,-2.9976022e-15,1.9984014e-15,1.9984014e-15,3.5527137e-15,3.5527137e-15,0.15663467,0.15663467,4.7719656e-06,4.7719656e-06,0.15663467,0.15663467,4.7719656e-06,4.7719656e-06,0.15663945,0.15663945,1.4055423e-13,1.4055423e-13,0.15660763,0.15660763,0.15660763,0.15660763,-4.7719654e-06,-4.7719654e-06,2.2411147e-06,2.2411147e-06,1.3322676e-15,1.3322676e-15,2.4922707e-06,2.4922707e-06,-2.5115607e-07,-2.5115607e-07,0.15663945,0.15663945,1.4055423e-13,1.4055423e-13,2.5062311,2.5062311,2.2440938e-12,2.2440938e-12,1.2531156,1.2531156,1.1205481e-12,1.1205481e-12,0.15660763,0.15660763,3.1813103e-05,3.1813103e-05,0.031321527,0.031321527,2.5368596e-14,2.5368596e-14,-8.9431417e-15,-8.9431417e-15,7.7322175e-15,7.7322175e-15,-3.3306691e-16,-3.3306691e-16,-2.220446e-16,-2.220446e-16,-3.1813103e-05,-3.1813103e-05,-6.8833828e-15,-6.8833828e-15,0,0,-1.9984014e-15,-1.9984014e-15,0,0,0,0
0.15661135,0.15661135,-0.15661135,-0.15661135,-1.3700152e-13,-1.3700152e-13,-1.3844481e-13,-1.3844481e-13,-0.15661135,-0.15661135,-2.5689081e-05,-2.5689081e-05,-4.5333672e-06,-4.5333672e-06,-2.5689081e-05,-2.5689081e-05,-4.5333672e-06,-4.5333672e-06,0,0,0.15664158,0.15664158,1.4099832e-13,1.4099832e-13,3.5514858e-06,3.5514858e-06,3.5514858e-06,3.5514858e-06,2.0287591e-15,2.0287591e-15,-2.5689081e-05,-2.5689081e-05,-4.5333672e-06,-4.5333672e-06,-2.5689081e-05,-2.5689081e-05,-4.5333672e-06,-4.5333672e-06,-6.3837824e-16,-6.3837824e-16,-2.3314684e-15,-2.3314684e-15,-3.0222448e-05,-3.0222448e-05,-2.9976022e-15,-2.9976022e-15,1.9984014e-15,1.9984014e-15,3.5527137e-15,3.5527137e-15,0.15663704,0.15663704,4.5333673e-06,4.5333673e-06,0.15663704,0.15663704,4.5333673e-06,4.5333673e-06,0.15664158,0.15664158,1.4144241e-13,1.4144241e-13,0.15661135,0.15661135,0.15661135,0.15661135,-4.5333672e-06,-4.5333672e-06,2.1290589e-06,2.1290589e-06,1.3322676e-15,1.3322676e-15,2.3676572e-06,2.3676572e-06,-2.3859827e-07,-2.3859827e-07,0.15664158,0.15664158,1.4144241e-13,1.4144241e-13,2.5062652,2.5062652,2.2614133e-12,2.2614133e-12,1.2531326,1.2531326,1.1292078e-12,1.1292078e-12,0.15661135,0.15661135,3.0222448e-05,3.0222448e-05,0.031322271,0.031322271,2.5590641e-14,2.5590641e-14,-9.5228197e-15,-9.5228197e-15,8.2333791e-15,8.2333791e-15,-3.3306691e-16,-3.3306691e-16,-2.220446e-16,-2.220446e-16,-3.0222448e-05,-3.0222448e-05,-6.8833828e-15,-6.8833828e-15,0,0,-1.9984014e-15,-1.9984014e-15,0,0,0,0
0.15661489,0.15661489,-0.15661489,-0.15661489,-1.378897e-13,-1.378897e-13,-1.3944401e-13,-1.3944401e-13,-0.15661489,-0.15661489,-2.4404627e-05,-2.4404627e-05,-4.3066988e-06,-4.3066988e-06,-2.4404627e-05,-2.4404627e-05,-4.3066988e-06,-4.3066988e-06,0,0,0.1566436,0.1566436,1.4210855e-13,1.4210855e-13,3.3739115e-06,3.3739115e-06,3.3739115e-06,3.3739115e-06,2.0287591e-15,2.0287591e-15,-2.4404627e-05,-2.4404627e-05,-4.3066988e-06,-4.3066988e-06,-2.4404627e-05,-2.4404627e-05,-4.3066988e-06,-4.3066988e-06,-6.3837824e-16,-6.3837824e-16,-2.3314684e-15,-2.3314684e-15,-2.8711325e-05,-2.8711325e-05,-2.9976022e-15,-2.9976022e-15,1.9984014e-15,1.9984014e-15,3.5527137e-15,3.5527137e-15,0.15663929,0.15663929,4.3066989e-06,4.3066989e-06,0.15663929,0.15663929,4.3066989e-06,4.3066989e-06,0.1566436,0.1566436,1.4255264e-13,1.4255264e-13,0.15661489,0.15661489,0.15661489,0.15661489,-4.3066988e-06,-4.3066988e-06,2.022606e-06,2.022606e-06,1.3322676e-15,1.3322676e-15,2.2492743e-06,2.2492743e-06,-2.2666836e-07,-2.2666836e-07,0.1566436,0.1566436,1.4255264e-13,1.4255264e-13,2.5062976,2.5062976,2.2788438e-12,2.2788438e-12,1.2531488,1.2531488,1.1379786e-12,1.1379786e-12,0.15661489,0.15661489,2.8711326e-05,2.8711326e-05,0.031322977,0.031322977,2.5812685e-14,2.5812685e-14,-1.0104029e-14,-1.0104029e-14,8.7358627e-15,8.7358627e-15,-3.3306691e-16,-3.3306691e-16,-2.220446e-16,-2.220446e-16,-2.8711325e-05,-2.8711325e-05,-6.8833828e-15,-6.8833828e-15,0,0,-1.9984014e-15,-1.9984014e-15,0,0,0,0
0.15661824,0.15661824,-0.15661824,-0.15661824,-1.3899992e-13,-1.3899992e-13,-1.4055423e-13,-1.4055423e-13,-0.15661824,-0.15661824,-2.3184395e-05,-2.3184395e-05,-4.0913639e-06,-4.0913639e-06,-2.3184395e-05,-2.3184395e-05,-4.0913639e-06,-4.0913639e-06,0,0,0.15664552,0.15664552,1.4321877e-13,1.4321877e-13,3.2052159e-06,3.2052159e-06,3.2052159e-06,3.2052159e-06,2.0287591e-15,2.0287591e-15,-2.3184395e-05,-2.3184395e-05,-4.0913639e-06,-4.0913639e-06,-2.3184395e-05,-2.3184395e-05,-4.0913639e-06,-4.0913639e-06,-6.3837824e-16,-6.3837824e-16,-2.3314684e-15,-2.3314684e-15,-2.7275759e-05,-2.7275759e-05,-2.9976022e-15,-2.9976022e-15,1.9984014e-15,1.9984014e-15,3.5527137e-15,3.5527137e-15,0.15664143,0.15664143,4.091364e-06,4.091364e-06,0.15664143,0.15664143,4.091364e-06,4.091364e-06,0.15664552,0.15664552,1.4366286e-13,1.4366286e-13,0.15661824,0.15661824,0.15661824,0.15661824,-4.0913639e-06,-4.0913639e-06,1.9214757e-06,1.9214757e-06,1.3322676e-15,1.3322676e-15,2.1368106e-06,2.1368106e-06,-2.1533494e-07,-2.1533494e-07,0.15664552,0.15664552,1.4366286e-13,1.4366286e-13,2.5063283,2.5063283,2.2961633e-12,2.2961633e-12,1.2531642,1.2531642,1.1466383e-12,1.1466383e-12,0.15661824,0.15661824,2.7275759e-05,2.7275759e-05,0.031323649,0.031323649,2.603473e-14,2.603473e-14,-1.0686734e-14,-1.0686734e-14,9.2396384e-15,9.2396384e-15,-3.3306691e-16,-3.3306691e-16,-2.220446e-16,-2.220446e-16,-2.7275759e-05,-2.7275759e-05,-6.8833828e-15,-6.8833828e-15,0,0,-1.9984014e-15,-1.9984014e-15,0,0,0,0
0.15662143,0.15662143,-0.15662143,-0.15662143,-1.4022117e-13,-1.4022117e-13,-1.4166446e-13,-1.4166446e-13,-0.15662143,-0.15662143,-2.2025175e-05,-2.2025175e-05,-3.8867957e-06,-3.8867957e-06,-2.2025175e-05,-2.2025175e-05,-3.8867957e-06,-3.8867957e-06,0,0,0.15664735,0.15664735,1.4432899e-13,1.4432899e-13,3.0449551e-06,3.0449551e-06,3.0449551e-06,3.0449551e-06,2.0287591e-15,2.0287591e-15,-2.2025175e-05,-2.2025175e-05,-3.8867957e-06,-3.8867957e-06,-2.2025175e-05,-2.2025175e-05,-3.8867957e-06,-3.8867957e-06,-6.3837824e-16,-6.3837824e-16,-2.3314684e-15,-2.3314684e-15,-2.5911971e-05,-2.5911971e-05,-2.9976022e-15,-2.9976022e-15,1.9984014e-15,1.9984014e-15,3.5527137e-15,3.5527137e-15,0.15664346,0.15664346,3.8867958e-06,3.8867958e-06,0.15664346,0.15664346,3.8867958e-06,3.8867958e-06,0.15664735,0.15664735,1.4477308e-13,1.4477308e-13,0.15662143,0.15662143,0.15662143,0.15662143,-3.8867957e-06,-3.8867957e-06,1.8254019e-06,1.8254019e-06,1.3322676e-15,1.3322676e-15,2.0299701e-06,2.0299701e-06,-2.0456819e-07,-2.0456819e-07,0.15664735,0.15664735,1.4477308e-13,1.4477308e-13,2.5063575,2.5063575,2.3134827e-12,2.3134827e-12,1.2531788,1.2531788,1.1552981e-12,1.1552981e-12,0.15662143,0.15662143,2.5911971e-05,2.5911971e-05,0.031324287,0.031324287,2.6256775e-14,2.6256775e-14,-1.1270902e-14,-1.1270902e-14,9.7446769e-15,9.7446769e-15,-3.3306691e-16,-3.3306691e-16,-2.220446e-16,-2.220446e-16,-2.5911971e-05,-2.5911971e-05,-6.8833828e-15,-6.8833828e-15,0,0,-1.9984014e-15,-1.9984014e-15,0,0,0,0
0.15662446,0.15662446,-0.15662446,-0.15662446,-1.4122037e-13,-1.4122037e-13,-1.4277468e-13,-1.4277468e-13,-0.15662446,-0.15662446,-2.0923917e-05,-2.0923917e-05,-3.6924559e-06,-3.6924559e-06,-2.0923917e-05,-2.0923917e-05,-3.6924559e-06,-3.6924559e-06,0,0,0.15664908,0.15664908,1.4521717e-13,1.4521717e-13,2.8927074e-06,2.8927074e-06,2.8927074e-06,2.8927074e-06,2.0296265e-15,2.0296265e-15,-2.0923917e-05,-2.0923917e-05,-3.6924559e-06,-3.6924559e-06,-2.0923917e-05,-2.0923917e-05,-3.6924559e-06,-3.6924559e-06,-6.3837824e-16,-6.3837824e-16,-2.3314684e-15,-2.3314684e-15,-2.4616373e-05,-2.4616373e-05,-2.9976022e-15,-2.9976022e-15,1.9984014e-15,1.9984014e-15,3.5527137e-15,3.5527137e-15,0.15664539,0.15664539,3.692456e-06,3.692456e-06,0.15664539,0.15664539,3.692456e-06,3.692456e-06,0.15664908,0.15664908,1.4588331e-13,1.4588331e-13,0.15662446,0.15662446,0.15662446,0.15662446,-3.6924559e-06,-3.6924559e-06,1.7341318e-06,1.7341318e-06,1.3322676e-15,1.3322676e-15,1.9284716e-06,1.9284716e-06,-1.9433978e-07,-1.9433978e-07,0.15664908,0.15664908,1.4588331e-13,1.4588331e-13,2.5063853,2.5063853,2.3309132e-12,2.3309132e-12,1.2531926,1.2531926,1.1639578e-12,1.1639578e-12,0.15662446,0.15662446,2.4616373e-05,2.4616373e-05,0.031324893,0.031324893,2.6478819e-14,2.6478819e-14,-1.1856499e-14,-1.1856499e-14,1.025095e-14,1.025095e-14,-3.3306691e-16,-3.3306691e-16,-2.220446e-16,-2.220446e-16,-2.4616373e-05,-2.4616373e-05,-6.8833828e-15,-6.8833828e-15,0,0,-1.9984014e-15,-1.9984014e-15,0,0,0,0
0.15662734,0.15662734,-0.15662734,-0.15662734,-1.4233059e-13,-1.4233059e-13,-1.438849e-13,-1.438849e-13,-0.15662734,-0.15662734,-1.9877721e-05,-1.9877721e-05,-3.5078331e-06,-3.5078331e-06,-1.9877721e-05,-1.9877721e-05,-3.5078331e-06,-3.5078331e-06,0,0,0.15665073,0.15665073,1.4632739e-13,1.4632739e-13,2.748072e-06,2.748072e-06,2.748072e-06,2.748072e-06,2.0296265e-15,2.0296265e-15,-1.9877721e-05,-1.9877721e-05,-3.5078331e-06,-3.5078331e-06,-1.9877721e-05,-1.9877721e-05,-3.5078331e-06,-3.5078331e-06,-6.6613381e-16,-6.6613381e-16,-2.3314684e-15,-2.3314684e-15,-2.3385554e-05,-2.3385554e-05,-2.9976022e-15,-2.9976022e-15,1.9984014e-15,1.9984014e-15,3.5527137e-15,3.5527137e-15,0.15664722,0.15664722,3.5078332e-06,3.5078332e-06,0.15664722,0.15664722,3.5078332e-06,3.5078332e-06,0.15665073,0.15665073,1.4699353e-13,1.4699353e-13,0.15662734,0.15662734,0.15662734,0.15662734,-3.5078331e-06,-3.5078331e-06,1.6474252e-06,1.6474252e-06,1.3322676e-15,1.3322676e-15,1.832048e-06,1.832048e-06,-1.8462279e-07,-1.8462279e-07,0.15665073,0.15665073,1.4699353e-13,1.4699353e-13,2.5064116,2.5064116,2.3482327e-12,2.3482327e-12,1.2532058,1.2532058,1.1726176e-12,1.1726176e-12,0.15662734,0.15662734,2.3385554e-05,2.3385554e-05,0.031325468,0.031325468,2.6673108e-14,2.6673108e-14,-1.2443493e-14,-1.2443493e-14,1.0758429e-14,1.0758429e-14,-3.3306691e-16,-3.3306691e-16,-2.220446e-16,-2.220446e-16,-2.3385554e-05,-2.3385554e-05,-6.8833828e-15,-6.8833828e-15,0,0,-1.9984014e-15,-1.9984014e-15,0,0,0,0
0.15663008,0.15663008,-0.15663008,-0.15663008,-1.4344081e-13,-1.4344081e-13,-1.448841e-13,-1.448841e-13,-0.15663008,-0.15663008,-1.8883835e-05,-1.8883835e-05,-3.3324414e-06,-3.3324414e-06,-1.8883835e-05,-1.8883835e-05,-3.3324414e-06,-3.3324414e-06,0,0,0.15665229,0.15665229,1.4743762e-13,1.4743762e-13,2.6106684e-06,2.6106684e-06,2.6106684e-06,2.6106684e-06,2.0296265e-15,2.0296265e-15,-1.8883835e-05,-1.8883835e-05,-3.3324414e-06,-3.3324414e-06,-1.8883835e-05,-1.8883835e-05,-3.3324414e-06,-3.3324414e-06,-6.6613381e-16,-6.6613381e-16,-2.3314684e-15,-2.3314684e-15,-2.2216276e-05,-2.2216276e-05,-2.9976022e-15,-2.9976022e-15,1.9984014e-15,1.9984014e-15,3.5527137e-15,3.5527137e-15,0.15664896,0.15664896,3.3324416e-06,3.3324416e-06,0.15664896,0.15664896,3.3324416e-06,3.3324416e-06,0.15665229,0.15665229,1.4810375e-13,1.4810375e-13,0.15663008,0.15663008,0.15663008,0.15663008,-3.3324414e-06,-3.3324414e-06,1.565054e-06,1.565054e-06,1.3322676e-15,1.3322676e-15,1.7404456e-06,1.7404456e-06,-1.7539165e-07,-1.7539165e-07,0.15665229,0.15665229,1.4810375e-13,1.4810375e-13,2.5064367,2.5064367,2.3656632e-12,2.3656632e-12,1.2532183,1.2532183,1.1812773e-12,1.1812773e-12,0.15663008,0.15663008,2.2216276e-05,2.2216276e-05,0.031326015,0.031326015,2.6895153e-14,2.6895153e-14,-1.3031851e-14,-1.3031851e-14,1.1267086e-14,1.1267086e-14,-3.3306691e-16,-3.3306691e-16,-2.220446e-16,-2.220446e-16,-2.2216276e-05,-2.2216276e-05,-6.8833828e-15,-6.8833828e-15,0,0,-1.9984014e-15,-1.9984014e-15,0,0,0,0
0.15663267,0.15663267,-0.15663267,-0.15663267,-1.4432899e-13,-1.4432899e-13,-1.4599433e-13,-1.4599433e-13,-0.15663267,-0.15663267,-1.7939643e-05,-1.7939643e-05,-3.1658194e-06,-3.1658194e-06,-1.7939643e-05,-1.7939643e-05,-3.1658194e-06,-3.1658194e-06,0,0,0.15665378,0.15665378,1.4854784e-13,1.4854784e-13,2.480135e-06,2.480135e-06,2.480135e-06,2.480135e-06,2.0296265e-15,2.0296265e-15,-1.7939643e-05,-1.7939643e-05,-3.1658194e-06,-3.1658194e-06,-1.7939643e-05,-1.7939643e-05,-3.1658194e-06,-3.1658194e-06,-6.6613381e-16,-6.6613381e-16,-2.3314684e-15,-2.3314684e-15,-2.1105462e-05,-2.1105462e-05,-2.9976022e-15,-2.9976022e-15,1.9984014e-15,1.9984014e-15,3.5527137e-15,3.5527137e-15,0.15665061,0.15665061,3.1658195e-06,3.1658195e-06,0.15665061,0.15665061,3.1658195e-06,3.1658195e-06,0.15665378,0.15665378,1.4921397e-13,1.4921397e-13,0.15663267,0.15663267,0.15663267,0.15663267,-3.1658194e-06,-3.1658194e-06,1.4868013e-06,1.4868013e-06,1.3322676e-15,1.3322676e-15,1.6534233e-06,1.6534233e-06,-1.6662207e-07,-1.6662207e-07,0.15665378,0.15665378,1.4921397e-13,1.4921397e-13,2.5064605,2.5064605,2.3829827e-12,2.3829827e-12,1.2532302,1.2532302,1.1900481e-12,1.1900481e-12,0.15663267,0.15663267,2.1105463e-05,2.1105463e-05,0.031326535,0.031326535,2.7117197e-14,2.7117197e-14,-1.3621543e-14,-1.3621543e-14,1.1776897e-14,1.1776897e-14,-3.3306691e-16,-3.3306691e-16,-2.220446e-16,-2.220446e-16,-2.1105462e-05,-2.1105462e-05,-6.8833828e-15,-6.8833828e-15,0,0,-1.9984014e-15,-1.9984014e-15,0,0,0,0
0.15663514,0.15663514,-0.15663514,-0.15663514,-1.4543922e-13,-1.4543922e-13,-1.4710455e-13,-1.4710455e-13,-0.15663514,-0.15663514,-1.7042661e-05,-1.7042661e-05,-3.0075284e-06,-3.0075284e-06,-1.7042661e-05,-1.7042661e-05,-3.0075284e-06,-3.0075284e-06,0,0,0.15665519,0.15665519,1.4965806e-13,1.4965806e-13,2.3561282e-06,2.3561282e-06,2.3561282e-06,2.3561282e-06,2.0296265e-15,2.0296265e-15,-1.7042661e-05,-1.7042661e-05,-3.0075284e-06,-3.0075284e-06,-1.7042661e-05,-1.7042661e-05,-3.0075284e-06,-3.0075284e-06,-6.6613381e-16,-6.6613381e-16,-2.3314684e-15,-2.3314684e-15,-2.0050189e-05,-2.0050189e-05,-2.9976022e-15,-2.9976022e-15,1.9984014e-15,1.9984014e-15,3.5527137e-15,3.5527137e-15,0.15665218,0.15665218,3.0075285e-06,3.0075285e-06,0.15665218,0.15665218,3.0075285e-06,3.0075285e-06,0.15665519,0.15665519,1.503242e-13,1.503242e-13,0.15663514,0.15663514,0.15663514,0.15663514,-3.0075284e-06,-3.0075284e-06,1.4124612e-06,1.4124612e-06,1.3322676e-15,1.3322676e-15,1.5707522e-06,1.5707522e-06,-1.5829097e-07,-1.5829097e-07,0.15665519,0.15665519,1.5010215e-13,1.5010215e-13,2.5064831,2.5064831,2.4004132e-12,2.4004132e-12,1.2532415,1.2532415,1.1987078e-12,1.1987078e-12,0.15663514,0.15663514,2.0050189e-05,2.0050189e-05,0.031327028,0.031327028,2.7339242e-14,2.7339242e-14,-1.4212539e-14,-1.4212539e-14,1.2287833e-14,1.2287833e-14,-3.3306691e-16,-3.3306691e-16,-2.220446e-16,-2.220446e-16,-2.0050189e-05,-2.0050189e-05,-6.8833828e-15,-6.8833828e-15,0,0,-1.9984014e-15,-1.9984014e-15,0,0,0,0
0.15663749,0.15663749,-0.15663749,-0.15663749,-1.4654944e-13,-1.4654944e-13,-1.4821477e-13,-1.4821477e-13,-0.15663749,-0.15663749,-1.6190528e-05,-1.6190528e-05,-2.857152e-06,-2.857152e-06,-1.6190528e-05,-1.6190528e-05,-2.857152e-06,-2.857152e-06,0,0,0.15665653,0.15665653,1.5076829e-13,1.5076829e-13,2.2383218e-06,2.2383218e-06,2.2383218e-06,2.2383218e-06,2.0296265e-15,2.0296265e-15,-1.6190528e-05,-1.6190528e-05,-2.857152e-06,-2.857152e-06,-1.6190528e-05,-1.6190528e-05,-2.857152e-06,-2.857152e-06,-6.6613381e-16,-6.6613381e-16,-2.3314684e-15,-2.3314684e-15,-1.904768e-05,-1.904768e-05,-2.9976022e-15,-2.9976022e-15,1.9984014e-15,1.9984014e-15,3.5527137e-15,3.5527137e-15,0.15665368,0.15665368,2.8571521e-06,2.8571521e-06,0.15665368,0.15665368,2.8571521e-06,2.8571521e-06,0.15665653,0.15665653,1.5121238e-13,1.5121238e-13,0.15663749,0.15663749,0.15663749,0.15663749,-2.857152e-06,-2.857152e-06,1.3418381e-06,1.3418381e-06,1.3322676e-15,1.3322676e-15,1.4922146e-06,1.4922146e-06,-1.5037642e-07,-1.5037642e-07,0.15665653,0.15665653,1.5121238e-13,1.5121238e-13,2.5065045,2.5065045,2.4177327e-12,2.4177327e-12,1.2532523,1.2532523,1.2073675e-12,1.2073675e-12,0.15663749,0.15663749,1.904768e-05,1.904768e-05,0.031327497,0.031327497,2.7561287e-14,2.7561287e-14,-1.4804809e-14,-1.4804809e-14,1.2799869e-14,1.2799869e-14,-3.3306691e-16,-3.3306691e-16,-2.220446e-16,-2.220446e-16,-1.904768e-05,-1.904768e-05,-6.8833828e-15,-6.8833828e-15,0,0,-1.9984014e-15,-1.9984014e-15,0,0,0,0
0.15663971,0.15663971,-0.15663971,-0.15663971,-1.4754864e-13,-1.4754864e-13,-1.4921397e-13,-1.4921397e-13,-0.15663971,-0.15663971,-1.5381001e-05,-1.5381001e-05,-2.7142944e-06,-2.7142944e-06,-1.5381001e-05,-1.5381001e-05,-2.7142944e-06,-2.7142944e-06,0,0,0.15665781,0.15665781,1.5187851e-13,1.5187851e-13,2.1264057e-06,2.1264057e-06,2.1264057e-06,2.1264057e-06,2.0304938e-15,2.0304938e-15,-1.5381001e-05,-1.5381001e-05,-2.7142944e-06,-2.7142944e-06,-1.5381001e-05,-1.5381001e-05,-2.7142944e-06,-2.7142944e-06,-6.6613381e-16,-6.6613381e-16,-2.3314684e-15,-2.3314684e-15,-1.8095296e-05,-1.8095296e-05,-2.9976022e-15,-2.9976022e-15,1.9984014e-15,1.9984014e-15,3.5527137e-15,3.5527137e-15,0.15665509,0.15665509,2.7142945e-06,2.7142945e-06,0.15665509,0.15665509,2.7142945e-06,2.7142945e-06,0.15665781,0.15665781,1.523226e-13,1.523226e-13,0.15663971,0.15663971,0.15663971,0.15663971,-2.7142944e-06,-2.7142944e-06,1.2747462e-06,1.2747462e-06,1.3322676e-15,1.3322676e-15,1.4176038e-06,1.4176038e-06,-1.428576e-07,-1.428576e-07,0.15665781,0.15665781,1.523226e-13,1.523226e-13,2.5065249,2.5065249,2.4351632e-12,2.4351632e-12,1.2532625,1.2532625,1.2160273e-12,1.2160273e-12,0.15663971,0.15663971,1.8095296e-05,1.8095296e-05,0.031327942,0.031327942,2.7755576e-14,2.7755576e-14,-1.5398323e-14,-1.5398323e-14,1.3312982e-14,1.3312982e-14,-3.3306691e-16,-3.3306691e-16,-2.220446e-16,-2.220446e-16,-1.8095296e-05,-1.8095296e-05,-6.8833828e-15,-6.8833828e-15,0,0,-1.9984014e-15,-1.9984014e-15,0,0,0,0
0.15664183,0.15664183,-0.15664183,-0.15664183,-1.4876989e-13,-1.4876989e-13,-1.503242e-13,-1.503242e-13,-0.15664183,-0.15664183,-1.4611951e-05,-1.4611951e-05,-2.5785797e-06,-2.5785797e-06,-1.4611951e-05,-1.4611951e-05,-2.5785797e-06,-2.5785797e-06,0,0,0.15665902,0.15665902,1.5298873e-13,1.5298873e-13,2.0200855e-06,2.0200855e-06,2.0200855e-06,2.0200855e-06,2.0304938e-15,2.0304938e-15,-1.4611951e-05,-1.4611951e-05,-2.5785797e-06,-2.5785797e-06,-1.4611951e-05,-1.4611951e-05,-2.5785797e-06,-2.5785797e-06,-6.6613381e-16,-6.6613381e-16,-2.3314684e-15,-2.3314684e-15,-1.7190531e-05,-1.7190531e-05,-2.9976022e-15,-2.9976022e-15,1.9984014e-15,1.9984014e-15,3.5527137e-15,3.5527137e-15,0.15665644,0.15665644,2.5785798e-06,2.5785798e-06,0.15665644,0.15665644,2.5785798e-06,2.5785798e-06,0.15665902,0.15665902,1.5343282e-13,1.5343282e-13,0.15664183,0.15664183,0.15664183,0.15664183,-2.5785797e-06,-2.5785797e-06,1.2110089e-06,1.2110089e-06,1.3322676e-15,1.3322676e-15,1.3467236e-06,1.3467236e-06,-1.3571472e-07,-1.3571472e-07,0.15665902,0.15665902,1.5343282e-13,1.5343282e-13,2.5065443,2.5065443,2.4524827e-12,2.4524827e-12,1.2532721,1.2532721,1.224798e-12,1.224798e-12,0.15664183,0.15664183,1.7190531e-05,1.7190531e-05,0.031328366,0.031328366,2.797762e-14,2.797762e-14,-1.5993054e-14,-1.5993054e-14,1.3827145e-14,1.3827145e-14,-3.3306691e-16,-3.3306691e-16,-2.220446e-16,-2.220446e-16,-1.7190531e-05,-1.7190531e-05,-6.8833828e-15,-6.8833828e-15,0,0,-1.9984014e-15,-1.9984014e-15,0,0,0,0
0.15664384,0.15664384,-0.15664384,-0.15664384,-1.4988011e-13,-1.4988011e-13,-1.5143442e-13,-1.5143442e-13,-0.15664384,-0.15664384,-1.3881354e-05,-1.3881354e-05,-2.4496507e-06,-2.4496507e-06,-1.3881354e-05,-1.3881354e-05,-2.4496507e-06,-2.4496507e-06,0,0,0.15666017,0.15666017,1.5409896e-13,1.5409896e-13,1.9190812e-06,1.9190812e-06,1.9190812e-06,1.9190812e-06,2.0304938e-15,2.0304938e-15,-1.3881354e-05,-1.3881354e-05,-2.4496507e-06,-2.4496507e-06,-1.3881354e-05,-1.3881354e-05,-2.4496507e-06,-2.4496507e-06,-6.6613381e-16,-6.6613381e-16,-2.3314684e-15,-2.3314684e-15,-1.6331005e-05,-1.6331005e-05,-2.9976022e-15,-2.9976022e-15,1.9984014e-15,1.9984014e-15,3.5527137e-15,3.5527137e-15,0.15665772,0.15665772,2.4496508e-06,2.4496508e-06,0.15665772,0.15665772,2.4496508e-06,2.4496508e-06,0.15666017,0.15666017,1.5454305e-13,1.5454305e-13,0.15664384,0.15664384,0.15664384,0.15664384,-2.4496507e-06,-2.4496507e-06,1.1504585e-06,1.1504585e-06,1.3322676e-15,1.3322676e-15,1.2793875e-06,1.2793875e-06,-1.2892898e-07,-1.2892898e-07,0.15666017,0.15666017,1.5454305e-13,1.5454305e-13,2.5065627,2.5065627,2.4699132e-12,2.4699132e-12,1.2532814,1.2532814,1.2334578e-12,1.2334578e-12,0.15664384,0.15664384,1.6331005e-05,1.6331005e-05,0.031328768,0.031328768,2.8199665e-14,2.8199665e-14,-1.6588974e-14,-1.6588974e-14,1.4342335e-14,1.4342335e-14,-3.3306691e-16,-3.3306691e-16,-2.220446e-16,-2.220446e-16,-1.6331005e-05,-1.6331005e-05,-6.8833828e-15,-6.8833828e-15,0,0,-1.9984014e-15,-1.9984014e-15,0,0,0,0
0.15664575,0.15664575,-0.15664575,-0.15664575,-1.5099033e-13,-1.5099033e-13,-1.5254464e-13,-1.5254464e-13,-0.15664575,-0.15664575,-1.3187286e-05,-1.3187286e-05,-2.3271681e-06,-2.3271681e-06,-1.3187286e-05,-1.3187286e-05,-2.3271681e-06,-2.3271681e-06,0,0,0.15666126,0.15666126,1.5498713e-13,1.5498713e-13,1.8231271e-06,1.8231271e-06,1.8231271e-06,1.8231271e-06,2.0304938e-15,2.0304938e-15,-1.3187286e-05,-1.3187286e-05,-2.3271681e-06,-2.3271681e-06,-1.3187286e-05,-1.3187286e-05,-2.3271681e-06,-2.3271681e-06,-6.6613381e-16,-6.6613381e-16,-2.3314684e-15,-2.3314684e-15,-1.5514454e-05,-1.5514454e-05,-2.9976022e-15,-2.9976022e-15,1.9984014e-15,1.9984014e-15,3.5527137e-15,3.5527137e-15,0.15665893,0.15665893,2.3271683e-06,2.3271683e-06,0.15665893,0.15665893,2.3271683e-06,2.3271683e-06,0.15666126,0.15666126,1.5565327e-13,1.5565327e-13,0.15664575,0.15664575,0.15664575,0.15664575,-2.3271681e-06,-2.3271681e-06,1.0929355e-06,1.0929355e-06,1.3322676e-15,1.3322676e-15,1.2154181e-06,1.2154181e-06,-1.2248253e-07,-1.2248253e-07,0.15666126,0.15666126,1.5565327e-13,1.5565327e-13,2.5065802,2.5065802,2.4872326e-12,2.4872326e-12,1.2532901,1.2532901,1.2421175e-12,1.2421175e-12,0.15664575,0.15664575,1.5514454e-05,1.5514454e-05,0.031329149,0.031329149,2.8421709e-14,2.8421709e-14,-1.7186055e-14,-1.7186055e-14,1.485853e-14,1.485853e-14,-3.3306691e-16,-3.3306691e-16,-2.220446e-16,-2.220446e-16,-1.5514454e-05,-1.5514454e-05,-6.8833828e-15,-6.8833828e-15,0,0,-1.9984014e-15,-1.9984014e-15,0,0,0,0
0.15664756,0.15664756,-0.15664756,-0.15664756,-1.5187851e-13,-1.5187851e-13,-1.5365487e-13,-1.5365487e-13,-0.15664756,-0.15664756,-1.2527922e-05,-1.2527922e-05,-2.2108097e-06,-2.2108097e-06,-1.2527922e-05,-1.2527922e-05,-2.2108097e-06,-2.2108097e-06,0,0,0.1566623,0.1566623,1.5609736e-13,1.5609736e-13,1.7319708e-06,1.7319708e-06,1.7319708e-06,1.7319708e-06,2.0304938e-15,2.0304938e-15,-1.2527922e-05,-1.2527922e-05,-2.2108097e-06,-2.2108097e-06,-1.2527922e-05,-1.2527922e-05,-2.2108097e-06,-2.2108097e-06,-6.6613381e-16,-6.6613381e-16,-2.3314684e-15,-2.3314684e-15,-1.4738732e-05,-1.4738732e-05,-2.9976022e-15,-2.9976022e-15,1.9984014e-15,1.9984014e-15,3.5527137e-15,3.5527137e-15,0.15666009,0.15666009,2.2108099e-06,2.2108099e-06,0.15666009,0.15666009,2.2108099e-06,2.2108099e-06,0.1566623,0.1566623,1.5676349e-13,1.5676349e-13,0.15664756,0.15664756,0.15664756,0.15664756,-2.2108097e-06,-2.2108097e-06,1.0382888e-06,1.0382888e-06,1.3322676e-15,1.3322676e-15,1.1546472e-06,1.1546472e-06,-1.1635841e-07,-1.1635841e-07,0.1566623,0.1566623,1.5676349e-13,1.5676349e-13,2.5065968,2.5065968,2.5046631e-12,2.5046631e-12,1.2532984,1.2532984,1.2507773e-12,1.2507773e-12,0.15664756,0.15664756,1.4738732e-05,1.4738732e-05,0.031329512,0.031329512,2.8643754e-14,2.8643754e-14,-1.7784271e-14,-1.7784271e-14,1.5375705e-14,1.5375705e-14,-3.3306691e-16,-3.3306691e-16,-2.220446e-16,-2.220446e-16,-1.4738732e-05,-1.4738732e-05,-6.8833828e-15,-6.8833828e-15,0,0,-1.9984014e-15,-1.9984014e-15,0,0,0,0
0.15664928,0.15664928,-0.15664928,-0.15664928,-1.5298873e-13,-1.5298873e-13,-1.5465407e-13,-1.5465407e-13,-0.15664928,-0.15664928,-1.1901526e-05,-1.1901526e-05,-2.1002693e-06,-2.1002693e-06,-1.1901526e-05,-1.1901526e-05,-2.1002693e-06,-2.1002693e-06,0,0,0.15666329,0.15666329,1.5720758e-13,1.5720758e-13,1.6453722e-06,1.6453722e-06,1.6453722e-06,1.6453722e-06,2.0304938e-15,2.0304938e-15,-1.1901526e-05,-1.1901526e-05,-2.1002693e-06,-2.1002693e-06,-1.1901526e-05,-1.1901526e-05,-2.1002693e-06,-2.1002693e-06,-6.6613381e-16,-6.6613381e-16,-2.3314684e-15,-2.3314684e-15,-1.4001795e-05,-1.4001795e-05,-2.9976022e-15,-2.9976022e-15,1.9984014e-15,1.9984014e-15,3.5527137e-15,3.5527137e-15,0.15666119,0.15666119,2.1002694e-06,2.1002694e-06,0.15666119,0.15666119,2.1002694e-06,2.1002694e-06,0.15666329,0.15666329,1.5787371e-13,1.5787371e-13,0.15664928,0.15664928,0.15664928,0.15664928,-2.1002692e-06,-2.1002692e-06,9.8637433e-07,9.8637433e-07,1.3322676e-15,1.3322676e-15,1.0969148e-06,1.0969148e-06,-1.1054049e-07,-1.1054049e-07,0.15666329,0.15666329,1.5787371e-13,1.5787371e-13,2.5066126,2.5066126,2.5219826e-12,2.5219826e-12,1.2533063,1.2533063,1.259548e-12,1.259548e-12,0.15664928,0.15664928,1.4001795e-05,1.4001795e-05,0.031329857,0.031329857,2.8838043e-14,2.8838043e-14,-1.8383597e-14,-1.8383597e-14,1.5893839e-14,1.5893839e-14,-3.3306691e-16,-3.3306691e-16,-2.220446e-16,-2.220446e-16,-1.4001795e-05,-1.4001795e-05,-6.8833828e-15,-6.8833828e-15,0,0,-1.9984014e-15,-1.9984014e-15,0,0,0,0
0.15665092,0.15665092,-0.15665092,-0.15665092,-1.5420998e-13,-1.5420998e-13,-1.5576429e-13,-1.5576429e-13,-0.15665092,-0.15665092,-1.1306449e-05,-1.1306449e-05,-1.9952558e-06,-1.9952558e-06,-1.1306449e-05,-1.1306449e-05,-1.9952558e-06,-1.9952558e-06,0,0,0.15666422,0.15666422,1.583178e-13,1.583178e-13,1.5631036e-06,1.5631036e-06,1.5631036e-06,1.5631036e-06,2.0304938e-15,2.0304938e-15,-1.1306449e-05,-1.1306449e-05,-1.9952558e-06,-1.9952558e-06,-1.1306449e-05,-1.1306449e-05,-1.9952558e-06,-1.9952558e-06,-6.6613381e-16,-6.6613381e-16,-2.3314684e-15,-2.3314684e-15,-1.3301705e-05,-1.3301705e-05,-2.9976022e-15,-2.9976022e-15,1.9984014e-15,1.9984014e-15,3.5527137e-15,3.5527137e-15,0.15666223,0.15666223,1.9952559e-06,1.9952559e-06,0.15666223,0.15666223,1.9952559e-06,1.9952559e-06,0.15666422,0.15666422,1.5898394e-13,1.5898394e-13,0.15665092,0.15665092,0.15665092,0.15665092,-1.9952558e-06,-1.9952558e-06,9.3705561e-07,9.3705561e-07,1.3322676e-15,1.3322676e-15,1.0420691e-06,1.0420691e-06,-1.0501346e-07,-1.0501346e-07,0.15666422,0.15666422,1.5898394e-13,1.5898394e-13,2.5066276,2.5066276,2.5394131e-12,2.5394131e-12,1.2533138,1.2533138,1.2682078e-12,1.2682078e-12,0.15665092,0.15665092,1.3301705e-05,1.3301705e-05,0.031330184,0.031330184,2.9060088e-14,2.9060088e-14,-1.8984007e-14,-1.8984007e-14,1.641291e-14,1.641291e-14,-3.3306691e-16,-3.3306691e-16,-2.220446e-16,-2.220446e-16,-1.3301705e-05,-1.3301705e-05,-6.8833828e-15,-6.8833828e-15,0,0,-1.9984014e-15,-1.9984014e-15,0,0,0,0
0.15665248,0.15665248,-0.15665248,-0.15665248,-1.5520918e-13,-1.5520918e-13,-1.5687451e-13,-1.5687451e-13,-0.15665248,-0.15665248,-1.0741127e-05,-1.0741127e-05,-1.895493e-06,-1.895493e-06,-1.0741127e-05,-1.0741127e-05,-1.895493e-06,-1.895493e-06,0,0,0.15666511,0.15666511,1.5942803e-13,1.5942803e-13,1.4849484e-06,1.4849484e-06,1.4849484e-06,1.4849484e-06,2.0304938e-15,2.0304938e-15,-1.0741127e-05,-1.0741127e-05,-1.895493e-06,-1.895493e-06,-1.0741127e-05,-1.0741127e-05,-1.895493e-06,-1.895493e-06,-6.6613381e-16,-6.6613381e-16,-2.3314684e-15,-2.3314684e-15,-1.263662e-05,-1.263662e-05,-2.9976022e-15,-2.9976022e-15,1.9984014e-15,1.9984014e-15,3.5527137e-15,3.5527137e-15,0.15666322,0.15666322,1.8954932e-06,1.8954932e-06,0.15666322,0.15666322,1.8954932e-06,1.8954932e-06,0.15666511,0.15666511,1.6009416e-13,1.6009416e-13,0.15665248,0.15665248,0.15665248,0.15665248,-1.895493e-06,-1.895493e-06,8.9020283e-07,8.9020283e-07,1.3322676e-15,1.3322676e-15,9.8996562e-07,9.8996562e-07,-9.9762788e-08,-9.9762788e-08,0.15666511,0.15666511,1.6009416e-13,1.6009416e-13,2.5066418,2.5066418,2.5567326e-12,2.5567326e-12,1.2533209,1.2533209,1.2768675e-12,1.2768675e-12,0.15665248,0.15665248,1.263662e-05,1.263662e-05,0.031330495,0.031330495,2.9282132e-14,2.9282132e-14,-1.9585476e-14,-1.9585476e-14,1.6932896e-14,1.6932896e-14,-3.3306691e-16,-3.3306691e-16,-2.220446e-16,-2.220446e-16,-1.263662e-05,-1.263662e-05,-6.8833828e-15,-6.8833828e-15,0,0,-1.9984014e-15,-1.9984014e-15,0,0,0,0
0.15665395,0.15665395,-0.15665395,-0.15665395,-1.563194e-13,-1.563194e-13,-1.5798474e-13,-1.5798474e-13,-0.15665395,-0.15665395,-1.0204071e-05,-1.0204071e-05,-1.8007184e-06,-1.8007184e-06,-1.0204071e-05,-1.0204071e-05,-1.8007184e-06,-1.8007184e-06,0,0,0.15666596,0.15666596,1.6053825e-13,1.6053825e-13,1.410701e-06,1.410701e-06,1.410701e-06,1.410701e-06,2.0313612e-15,2.0313612e-15,-1.0204071e-05,-1.0204071e-05,-1.8007184e-06,-1.8007184e-06,-1.0204071e-05,-1.0204071e-05,-1.8007183e-06,-1.8007183e-06,-6.6613381e-16,-6.6613381e-16,-2.3314684e-15,-2.3314684e-15,-1.2004789e-05,-1.2004789e-05,-2.9976022e-15,-2.9976022e-15,1.9984014e-15,1.9984014e-15,3.5527137e-15,3.5527137e-15,0.15666416,0.15666416,1.8007185e-06,1.8007185e-06,0.15666416,0.15666416,1.8007185e-06,1.8007185e-06,0.15666596,0.15666596,1.6098234e-13,1.6098234e-13,0.15665395,0.15665395,0.15665395,0.15665395,-1.8007183e-06,-1.8007183e-06,8.4569269e-07,8.4569269e-07,1.3322676e-15,1.3322676e-15,9.4046734e-07,9.4046734e-07,-9.4774649e-08,-9.4774649e-08,0.15666596,0.15666596,1.6098234e-13,1.6098234e-13,2.5066554,2.5066554,2.5741631e-12,2.5741631e-12,1.2533277,1.2533277,1.2855272e-12,1.2855272e-12,0.15665395,0.15665395,1.2004789e-05,1.2004789e-05,0.031330791,0.031330791,2.9504177e-14,2.9504177e-14,-2.0187981e-14,-2.0187981e-14,1.7453777e-14,1.7453777e-14,-3.3306691e-16,-3.3306691e-16,-2.220446e-16,-2.220446e-16,-1.2004789e-05,-1.2004789e-05,-6.8833828e-15,-6.8833828e-15,0,0,-1.9984014e-15,-1.9984014e-15,0,0,0,0
0.15665536,0.15665536,-0.15665536,-0.15665536,-1.5742962e-13,-1.5742962e-13,-1.5909496e-13,-1.5909496e-13,-0.15665536,-0.15665536,-9.6938671e-06,-9.6938671e-06,-1.7106824e-06,-1.7106824e-06,-9.6938671e-06,-9.6938671e-06,-1.7106824e-06,-1.7106824e-06,0,0,0.15666676,0.15666676,1.6164847e-13,1.6164847e-13,1.340166e-06,1.340166e-06,1.340166e-06,1.340166e-06,2.0313612e-15,2.0313612e-15,-9.6938671e-06,-9.6938671e-06,-1.7106824e-06,-1.7106824e-06,-9.6938671e-06,-9.6938671e-06,-1.7106824e-06,-1.7106824e-06,-6.6613381e-16,-6.6613381e-16,-2.3314684e-15,-2.3314684e-15,-1.140455e-05,-1.140455e-05,-2.9976022e-15,-2.9976022e-15,1.9984014e-15,1.9984014e-15,3.5527137e-15,3.5527137e-15,0.15666505,0.15666505,1.7106826e-06,1.7106826e-06,0.15666505,0.15666505,1.7106826e-06,1.7106826e-06,0.15666676,0.15666676,1.6209256e-13,1.6209256e-13,0.15665536,0.15665536,0.15665536,0.15665536,-1.7106824e-06,-1.7106824e-06,8.0340806e-07,8.0340806e-07,1.3322676e-15,1.3322676e-15,8.9344397e-07,8.9344397e-07,-9.0035916e-08,-9.0035916e-08,0.15666676,0.15666676,1.6209256e-13,1.6209256e-13,2.5066682,2.5066682,2.5914826e-12,2.5914826e-12,1.2533341,1.2533341,1.294298e-12,1.294298e-12,0.15665536,0.15665536,1.140455e-05,1.140455e-05,0.031331072,0.031331072,2.9726221e-14,2.9726221e-14,-2.0791496e-14,-2.0791496e-14,1.7975533e-14,1.7975533e-14,-3.3306691e-16,-3.3306691e-16,-2.220446e-16,-2.220446e-16,-1.140455e-05,-1.140455e-05,-6.8833828e-15,-6.8833828e-15,0,0,-1.9984014e-15,-1.9984014e-15,0,0,0,0
0.15665669,0.15665669,-0.15665669,-0.15665669,-1.5853985e-13,-1.5853985e-13,-1.6009416e-13,-1.6009416e-13,-0.15665669,-0.15665669,-9.2091738e-06,-9.2091738e-06,-1.6251483e-06,-1.6251483e-06,-9.2091738e-06,-9.2091738e-06,-1.6251483e-06,-1.6251483e-06,0,0,0.15666753,0.15666753,1.627587e-13,1.627587e-13,1.2731577e-06,1.2731577e-06,1.2731577e-06,1.2731577e-06,2.0313612e-15,2.0313612e-15,-9.2091738e-06,-9.2091738e-06,-1.6251483e-06,-1.6251483e-06,-9.2091738e-06,-9.2091738e-06,-1.6251483e-06,-1.6251483e-06,-6.6613381e-16,-6.6613381e-16,-2.3314684e-15,-2.3314684e-15,-1.0834322e-05,-1.0834322e-05,-2.9976022e-15,-2.9976022e-15,1.9984014e-15,1.9984014e-15,3.5527137e-15,3.5527137e-15,0.1566659,0.1566659,1.6251485e-06,1.6251485e-06,0.1566659,0.1566659,1.6251485e-06,1.6251485e-06,0.15666753,0.15666753,1.6320278e-13,1.6320278e-13,0.15665669,0.15665669,0.15665669,0.15665669,-1.6251483e-06,-1.6251483e-06,7.6323765e-07,7.6323765e-07,1.3322676e-15,1.3322676e-15,8.4877178e-07,8.4877178e-07,-8.553412e-08,-8.553412e-08,0.15666753,0.15666753,1.6320278e-13,1.6320278e-13,2.5066804,2.5066804,2.6089131e-12,2.6089131e-12,1.2533402,1.2533402,1.3029577e-12,1.3029577e-12,0.15665669,0.15665669,1.0834322e-05,1.0834322e-05,0.031331338,0.031331338,2.9948266e-14,2.9948266e-14,-2.1396001e-14,-2.1396001e-14,1.8498143e-14,1.8498143e-14,-3.3306691e-16,-3.3306691e-16,-2.220446e-16,-2.220446e-16,-1.0834322e-05,-1.0834322e-05,-6.8833828e-15,-6.8833828e-15,0,0,-1.9984014e-15,-1.9984014e-15,0,0,0,0
0.15665796,0.15665796,-0.15665796,-0.15665796,-1.5942803e-13,-1.5942803e-13,-1.6120438e-13,-1.6120438e-13,-0.15665796,-0.15665796,-8.7487151e-06,-8.7487151e-06,-1.5438909e-06,-1.5438909e-06,-8.7487151e-06,-8.7487151e-06,-1.5438909e-06,-1.5438909e-06,0,0,0.15666825,0.15666825,1.6386892e-13,1.6386892e-13,1.2094998e-06,1.2094998e-06,1.2094998e-06,1.2094998e-06,2.0313612e-15,2.0313612e-15,-8.7487151e-06,-8.7487151e-06,-1.5438909e-06,-1.5438909e-06,-8.7487151e-06,-8.7487151e-06,-1.5438909e-06,-1.5438909e-06,-6.9388939e-16,-6.9388939e-16,-2.3314684e-15,-2.3314684e-15,-1.0292606e-05,-1.0292606e-05,-2.9976022e-15,-2.9976022e-15,1.9984014e-15,1.9984014e-15,3.5527137e-15,3.5527137e-15,0.15666671,0.15666671,1.5438911e-06,1.5438911e-06,0.15666671,0.15666671,1.5438911e-06,1.5438911e-06,0.15666825,0.15666825,1.6431301e-13,1.6431301e-13,0.15665796,0.15665796,0.15665796,0.15665796,-1.5438909e-06,-1.5438909e-06,7.2507577e-07,7.2507577e-07,1.3322676e-15,1.3322676e-15,8.0633319e-07,8.0633319e-07,-8.1257414e-08,-8.1257414e-08,0.15666825,0.15666825,1.6431301e-13,1.6431301e-13,2.506692,2.506692,2.6262326e-12,2.6262326e-12,1.253346,1.253346,1.3116175e-12,1.3116175e-12,0.15665796,0.15665796,1.0292606e-05,1.0292606e-05,0.031331592,0.031331592,3.0142555e-14,3.0142555e-14,-2.2001471e-14,-2.2001471e-14,1.9021588e-14,1.9021588e-14,-3.3306691e-16,-3.3306691e-16,-2.220446e-16,-2.220446e-16,-1.0292606e-05,-1.0292606e-05,-6.8833828e-15,-6.8833828e-15,0,0,-1.9984014e-15,-1.9984014e-15,0,0,0,0
0.15665916,0.15665916,-0.15665916,-0.15665916,-1.6053825e-13,-1.6053825e-13,-1.6231461e-13,-1.6231461e-13,-0.15665916,-0.15665916,-8.3112793e-06,-8.3112793e-06,-1.4666964e-06,-1.4666964e-06,-8.3112793e-06,-8.3112793e-06,-1.4666964e-06,-1.4666964e-06,0,0,0.15666894,0.15666894,1.6497914e-13,1.6497914e-13,1.1490248e-06,1.1490248e-06,1.1490248e-06,1.1490248e-06,2.0313612e-15,2.0313612e-15,-8.3112793e-06,-8.3112793e-06,-1.4666964e-06,-1.4666964e-06,-8.3112793e-06,-8.3112793e-06,-1.4666963e-06,-1.4666963e-06,-6.9388939e-16,-6.9388939e-16,-2.3314684e-15,-2.3314684e-15,-9.7779757e-06,-9.7779757e-06,-2.9976022e-15,-2.9976022e-15,1.9984014e-15,1.9984014e-15,3.5527137e-15,3.5527137e-15,0.15666747,0.15666747,1.4666965e-06,1.4666965e-06,0.15666747,0.15666747,1.4666965e-06,1.4666965e-06,0.15666894,0.15666894,1.6542323e-13,1.6542323e-13,0.15665916,0.15665916,0.15665916,0.15665916,-1.4666963e-06,-1.4666963e-06,6.8882198e-07,6.8882198e-07,1.3322676e-15,1.3322676e-15,7.6601653e-07,7.6601653e-07,-7.7194544e-08,-7.7194544e-08,0.15666894,0.15666894,1.6542323e-13,1.6542323e-13,2.506703,2.506703,2.6436631e-12,2.6436631e-12,1.2533515,1.2533515,1.3202772e-12,1.3202772e-12,0.15665916,0.15665916,9.7779758e-06,9.7779758e-06,0.031331832,0.031331832,3.03646e-14,3.03646e-14,-2.2607884e-14,-2.2607884e-14,1.9545848e-14,1.9545848e-14,-3.3306691e-16,-3.3306691e-16,-2.220446e-16,-2.220446e-16,-9.7779757e-06,-9.7779757e-06,-6.8833828e-15,-6.8833828e-15,0,0,-1.9984014e-15,-1.9984014e-15,0,0,0,0
0.15666031,0.15666031,-0.15666031,-0.15666031,-1.6175949e-13,-1.6175949e-13,-1.6342483e-13,-1.6342483e-13,-0.15666031,-0.15666031,-7.8957153e-06,-7.8957153e-06,-1.3933615e-06,-1.3933615e-06,-7.8957153e-06,-7.8957153e-06,-1.3933615e-06,-1.3933615e-06,0,0,0.15666959,0.15666959,1.6586732e-13,1.6586732e-13,1.0915736e-06,1.0915736e-06,1.0915736e-06,1.0915736e-06,2.0313612e-15,2.0313612e-15,-7.8957153e-06,-7.8957153e-06,-1.3933615e-06,-1.3933615e-06,-7.8957153e-06,-7.8957153e-06,-1.3933615e-06,-1.3933615e-06,-6.9388939e-16,-6.9388939e-16,-2.3314684e-15,-2.3314684e-15,-9.2890769e-06,-9.2890769e-06,-2.9976022e-15,-2.9976022e-15,1.9984014e-15,1.9984014e-15,3.5527137e-15,3.5527137e-15,0.1566682,0.1566682,1.3933617e-06,1.3933617e-06,0.1566682,0.1566682,1.3933617e-06,1.3933617e-06,0.15666959,0.15666959,1.6653345e-13,1.6653345e-13,0.15666031,0.15666031,0.15666031,0.15666031,-1.3933615e-06,-1.3933615e-06,6.5438088e-07,6.5438088e-07,1.3322676e-15,1.3322676e-15,7.277157e-07,7.277157e-07,-7.3334816e-08,-7.3334816e-08,0.15666959,0.15666959,1.6653345e-13,1.6653345e-13,2.5067135,2.5067135,2.6610936e-12,2.6610936e-12,1.2533568,1.2533568,1.329048e-12,1.329048e-12,0.15666031,0.15666031,9.289077e-06,9.289077e-06,0.031332061,0.031332061,3.0586644e-14,3.0586644e-14,-2.3215221e-14,-2.3215221e-14,2.0070906e-14,2.0070906e-14,-3.3306691e-16,-3.3306691e-16,-2.220446e-16,-2.220446e-16,-9.2890769e-06,-9.2890769e-06,-6.8833828e-15,-6.8833828e-15,0,0,-1.9984014e-15,-1.9984014e-15,0,0,0,0
0.15666139,0.15666139,-0.15666139,-0.15666139,-1.627587e-13,-1.627587e-13,-1.6453505e-13,-1.6453505e-13,-0.15666139,-0.15666139,-7.5009296e-06,-7.5009296e-06,-1.3236935e-06,-1.3236935e-06,-7.5009296e-06,-7.5009296e-06,-1.3236935e-06,-1.3236935e-06,0,0,0.15667022,0.15667022,1.6697754e-13,1.6697754e-13,1.0369949e-06,1.0369949e-06,1.0369949e-06,1.0369949e-06,2.0313612e-15,2.0313612e-15,-7.5009296e-06,-7.5009296e-06,-1.3236935e-06,-1.3236935e-06,-7.5009296e-06,-7.5009296e-06,-1.3236935e-06,-1.3236935e-06,-6.9388939e-16,-6.9388939e-16,-2.3314684e-15,-2.3314684e-15,-8.824623e-06,-8.824623e-06,-2.9976022e-15,-2.9976022e-15,1.9984014e-15,1.9984014e-15,3.5527137e-15,3.5527137e-15,0.15666889,0.15666889,1.3236936e-06,1.3236936e-06,0.15666889,0.15666889,1.3236936e-06,1.3236936e-06,0.15667022,0.15667022,1.6764368e-13,1.6764368e-13,0.15666139,0.15666139,0.15666139,0.15666139,-1.3236935e-06,-1.3236935e-06,6.2166184e-07,6.2166184e-07,1.3322676e-15,1.3322676e-15,6.9132992e-07,6.9132992e-07,-6.9668076e-08,-6.9668076e-08,0.15667022,0.15667022,1.6764368e-13,1.6764368e-13,2.5067235,2.5067235,2.678413e-12,2.678413e-12,1.2533617,1.2533617,1.3377077e-12,1.3377077e-12,0.15666139,0.15666139,8.8246232e-06,8.8246232e-06,0.031332278,0.031332278,3.0808689e-14,3.0808689e-14,-2.3823458e-14,-2.3823458e-14,2.0596743e-14,2.0596743e-14,-3.3306691e-16,-3.3306691e-16,-2.220446e-16,-2.220446e-16,-8.824623e-06,-8.824623e-06,-6.8833828e-15,-6.8833828e-15,0,0,-1.9984014e-15,-1.9984014e-15,0,0,0,0
0.15666242,0.15666242,-0.15666242,-0.15666242,-1.6364687e-13,-1.6364687e-13,-1.6553425e-13,-1.6553425e-13,-0.15666242,-0.15666242,-7.1258831e-06,-7.1258831e-06,-1.2575088e-06,-1.2575088e-06,-7.1258831e-06,-7.1258831e-06,-1.2575088e-06,-1.2575088e-06,0,0,0.15667081,0.15667081,1.6808777e-13,1.6808777e-13,9.8514513e-07,9.8514513e-07,9.8514513e-07,9.8514513e-07,2.0313612e-15,2.0313612e-15,-7.1258831e-06,-7.1258831e-06,-1.2575088e-06,-1.2575088e-06,-7.1258831e-06,-7.1258831e-06,-1.2575088e-06,-1.2575088e-06,-6.9388939e-16,-6.9388939e-16,-2.3314684e-15,-2.3314684e-15,-8.3833919e-06,-8.3833919e-06,-2.9976022e-15,-2.9976022e-15,1.9984014e-15,1.9984014e-15,3.5527137e-15,3.5527137e-15,0.15666955,0.15666955,1.257509e-06,1.257509e-06,0.15666955,0.15666955,1.257509e-06,1.257509e-06,0.15667081,0.15667081,1.687539e-13,1.687539e-13,0.15666242,0.15666242,0.15666242,0.15666242,-1.2575088e-06,-1.2575088e-06,5.9057875e-07,5.9057875e-07,1.3322676e-15,1.3322676e-15,6.5676342e-07,6.5676342e-07,-6.6184672e-08,-6.6184672e-08,0.15667081,0.15667081,1.687539e-13,1.687539e-13,2.5067329,2.5067329,2.6958435e-12,2.6958435e-12,1.2533665,1.2533665,1.3463675e-12,1.3463675e-12,0.15666242,0.15666242,8.383392e-06,8.383392e-06,0.031332485,0.031332485,3.1030734e-14,3.1030734e-14,-2.4432576e-14,-2.4432576e-14,2.1123342e-14,2.1123342e-14,-3.3306691e-16,-3.3306691e-16,-2.220446e-16,-2.220446e-16,-8.3833919e-06,-8.3833919e-06,-6.8833828e-15,-6.8833828e-15,0,0,-1.9984014e-15,-1.9984014e-15,0,0,0,0
0.1566634,0.1566634,-0.1566634,-0.1566634,-1.6497914e-13,-1.6497914e-13,-1.6664448e-13,-1.6664448e-13,-0.1566634,-0.1566634,-6.7695889e-06,-6.7695889e-06,-1.1946333e-06,-1.1946333e-06,-6.7695889e-06,-6.7695889e-06,-1.1946333e-06,-1.1946333e-06,0,0,0.15667137,0.15667137,1.6919799e-13,1.6919799e-13,9.3588787e-07,9.3588787e-07,9.3588787e-07,9.3588787e-07,2.0313612e-15,2.0313612e-15,-6.7695889e-06,-6.7695889e-06,-1.1946333e-06,-1.1946333e-06,-6.7695889e-06,-6.7695889e-06,-1.1946333e-06,-1.1946333e-06,-6.9388939e-16,-6.9388939e-16,-2.3314684e-15,-2.3314684e-15,-7.9642223e-06,-7.9642223e-06,-2.9976022e-15,-2.9976022e-15,1.9984014e-15,1.9984014e-15,3.5527137e-15,3.5527137e-15,0.15667017,0.15667017,1.1946335e-06,1.1946335e-06,0.15667017,0.15667017,1.1946335e-06,1.1946335e-06,0.15667137,0.15667137,1.6986412e-13,1.6986412e-13,0.1566634,0.1566634,0.1566634,0.1566634,-1.1946333e-06,-1.1946333e-06,5.6104981e-07,5.6104981e-07,1.3322676e-15,1.3322676e-15,6.2392525e-07,6.2392525e-07,-6.2875438e-08,-6.2875438e-08,0.15667137,0.15667137,1.6986412e-13,1.6986412e-13,2.5067419,2.5067419,2.713163e-12,2.713163e-12,1.2533709,1.2533709,1.3551382e-12,1.3551382e-12,0.1566634,0.1566634,7.9642225e-06,7.9642225e-06,0.031332681,0.031332681,3.1225023e-14,3.1225023e-14,-2.5042554e-14,-2.5042554e-14,2.1650684e-14,2.1650684e-14,-3.3306691e-16,-3.3306691e-16,-2.220446e-16,-2.220446e-16,-7.9642223e-06,-7.9642223e-06,-6.8833828e-15,-6.8833828e-15,0,0,-1.9984014e-15,-1.9984014e-15,0,0,0,0
0.15666433,0.15666433,-0.15666433,-0.15666433,-1.6586732e-13,-1.6586732e-13,-1.677547e-13,-1.677547e-13,-0.15666433,-0.15666433,-6.4311095e-06,-6.4311095e-06,-1.1349017e-06,-1.1349017e-06,-6.4311095e-06,-6.4311095e-06,-1.1349017e-06,-1.1349017e-06,0,0,0.1566719,0.1566719,1.7030821e-13,1.7030821e-13,8.8909348e-07,8.8909348e-07,8.8909348e-07,8.8909348e-07,2.0313612e-15,2.0313612e-15,-6.4311095e-06,-6.4311095e-06,-1.1349017e-06,-1.1349017e-06,-6.4311095e-06,-6.4311095e-06,-1.1349017e-06,-1.1349017e-06,-6.9388939e-16,-6.9388939e-16,-2.3314684e-15,-2.3314684e-15,-7.5660112e-06,-7.5660112e-06,-3.1086245e-15,-3.1086245e-15,1.9984014e-15,1.9984014e-15,3.5527137e-15,3.5527137e-15,0.15667077,0.15667077,1.1349018e-06,1.1349018e-06,0.15667077,0.15667077,1.1349018e-06,1.1349018e-06,0.1566719,0.1566719,1.707523e-13,1.707523e-13,0.15666433,0.15666433,0.15666433,0.15666433,-1.1349017e-06,-1.1349017e-06,5.3299732e-07,5.3299732e-07,1.3322676e-15,1.3322676e-15,5.9272899e-07,5.9272899e-07,-5.9731666e-08,-5.9731666e-08,0.1566719,0.1566719,1.707523e-13,1.707523e-13,2.5067504,2.5067504,2.7305935e-12,2.7305935e-12,1.2533752,1.2533752,1.363798e-12,1.363798e-12,0.15666433,0.15666433,7.5660113e-06,7.5660113e-06,0.031332867,0.031332867,3.1447067e-14,3.1447067e-14,-2.5653373e-14,-2.5653373e-14,2.2178754e-14,2.2178754e-14,-3.3306691e-16,-3.3306691e-16,-2.220446e-16,-2.220446e-16,-7.5660112e-06,-7.5660112e-06,-6.8833828e-15,-6.8833828e-15,0,0,-1.9984014e-15,-1.9984014e-15,0,0,0,0
0.15666522,0.15666522,-0.15666522,-0.15666522,-1.6697754e-13,-1.6697754e-13,-1.6886492e-13,-1.6886492e-13,-0.15666522,-0.15666522,-6.109554e-06,-6.109554e-06,-1.0781566e-06,-1.0781566e-06,-6.109554e-06,-6.109554e-06,-1.0781566e-06,-1.0781566e-06,0,0,0.15667241,0.15667241,1.7141844e-13,1.7141844e-13,8.4463881e-07,8.4463881e-07,8.4463881e-07,8.4463881e-07,2.0313612e-15,2.0313612e-15,-6.109554e-06,-6.109554e-06,-1.0781566e-06,-1.0781566e-06,-6.109554e-06,-6.109554e-06,-1.0781566e-06,-1.0781566e-06,-6.9388939e-16,-6.9388939e-16,-2.3314684e-15,-2.3314684e-15,-7.1877106e-06,-7.1877106e-06,-3.1086245e-15,-3.1086245e-15,1.9984014e-15,1.9984014e-15,3.5527137e-15,3.5527137e-15,0.15667133,0.15667133,1.0781568e-06,1.0781568e-06,0.15667133,0.15667133,1.0781568e-06,1.0781568e-06,0.15667241,0.15667241,1.7186252e-13,1.7186252e-13,0.15666522,0.15666522,0.15666522,0.15666522,-1.0781566e-06,-1.0781566e-06,5.0634745e-07,5.0634745e-07,1.3322676e-15,1.3322676e-15,5.6309254e-07,5.6309254e-07,-5.6745083e-08,-5.6745083e-08,0.15667241,0.15667241,1.7186252e-13,1.7186252e-13,2.5067585,2.5067585,2.748024e-12,2.748024e-12,1.2533793,1.2533793,1.3724577e-12,1.3724577e-12,0.15666522,0.15666522,7.1877108e-06,7.1877108e-06,0.031333044,0.031333044,3.1669112e-14,3.1669112e-14,-2.6265014e-14,-2.6265014e-14,2.2707533e-14,2.2707533e-14,-3.3306691e-16,-3.3306691e-16,-2.220446e-16,-2.220446e-16,-7.1877106e-06,-7.1877106e-06,-6.8833828e-15,-6.8833828e-15,0,0,-1.9984014e-15,-1.9984014e-15,0,0,0,0
0.15666606,0.15666606,-0.15666606,-0.15666606,-1.6808777e-13,-1.6808777e-13,-1.6997515e-13,-1.6997515e-13,-0.15666606,-0.15666606,-5.8040763e-06,-5.8040763e-06,-1.0242488e-06,-1.0242488e-06,-5.8040763e-06,-5.8040763e-06,-1.0242488e-06,-1.0242488e-06,0,0,0.15667289,0.15667289,1.7252866e-13,1.7252866e-13,8.0240687e-07,8.0240687e-07,8.0240687e-07,8.0240687e-07,2.0322286e-15,2.0322286e-15,-5.8040763e-06,-5.8040763e-06,-1.0242488e-06,-1.0242488e-06,-5.8040763e-06,-5.8040763e-06,-1.0242488e-06,-1.0242488e-06,-6.9388939e-16,-6.9388939e-16,-2.3314684e-15,-2.3314684e-15,-6.8283251e-06,-6.8283251e-06,-3.1086245e-15,-3.1086245e-15,1.9984014e-15,1.9984014e-15,3.5527137e-15,3.5527137e-15,0.15667186,0.15667186,1.0242489e-06,1.0242489e-06,0.15667186,0.15667186,1.0242489e-06,1.0242489e-06,0.15667289,0.15667289,1.7297275e-13,1.7297275e-13,0.15666606,0.15666606,0.15666606,0.15666606,-1.0242488e-06,-1.0242488e-06,4.8103008e-07,4.8103008e-07,1.3322676e-15,1.3322676e-15,5.3493791e-07,5.3493791e-07,-5.3907829e-08,-5.3907829e-08,0.15667289,0.15667289,1.7297275e-13,1.7297275e-13,2.5067662,2.5067662,2.7653435e-12,2.7653435e-12,1.2533831,1.2533831,1.3812285e-12,1.3812285e-12,0.15666606,0.15666606,6.8283253e-06,6.8283253e-06,0.031333212,0.031333212,3.1891156e-14,3.1891156e-14,-2.6877458e-14,-2.6877458e-14,2.3237007e-14,2.3237007e-14,-3.3306691e-16,-3.3306691e-16,-2.220446e-16,-2.220446e-16,-6.8283251e-06,-6.8283251e-06,-6.8833828e-15,-6.8833828e-15,0,0,-1.9984014e-15,-1.9984014e-15,0,0,0,0
0.15666686,0.15666686,-0.15666686,-0.15666686,-1.6930901e-13,-1.6930901e-13,-1.7097435e-13,-1.7097435e-13,-0.15666686,-0.15666686,-5.5138725e-06,-5.5138725e-06,-9.7303633e-07,-9.7303633e-07,-5.5138725e-06,-5.5138725e-06,-9.7303633e-07,-9.7303633e-07,0,0,0.15667335,0.15667335,1.7363888e-13,1.7363888e-13,7.6228652e-07,7.6228652e-07,7.6228652e-07,7.6228652e-07,2.0322286e-15,2.0322286e-15,-5.5138725e-06,-5.5138725e-06,-9.7303633e-07,-9.7303633e-07,-5.5138725e-06,-5.5138725e-06,-9.7303632e-07,-9.7303632e-07,-6.9388939e-16,-6.9388939e-16,-2.3314684e-15,-2.3314684e-15,-6.4869088e-06,-6.4869088e-06,-3.1086245e-15,-3.1086245e-15,1.9984014e-15,1.9984014e-15,3.5527137e-15,3.5527137e-15,0.15667237,0.15667237,9.730365e-07,9.730365e-07,0.15667237,0.15667237,9.730365e-07,9.730365e-07,0.15667335,0.15667335,1.7408297e-13,1.7408297e-13,0.15666686,0.15666686,0.15666686,0.15666686,-9.7303632e-07,-9.7303632e-07,4.5697858e-07,4.5697858e-07,1.3322676e-15,1.3322676e-15,5.0819102e-07,5.0819102e-07,-5.1212437e-08,-5.1212437e-08,0.15667335,0.15667335,1.7408297e-13,1.7408297e-13,2.5067735,2.5067735,2.782774e-12,2.782774e-12,1.2533868,1.2533868,1.3898882e-12,1.3898882e-12,0.15666686,0.15666686,6.486909e-06,6.486909e-06,0.031333372,0.031333372,3.2113201e-14,3.2113201e-14,-2.7490686e-14,-2.7490686e-14,2.3767159e-14,2.3767159e-14,-3.3306691e-16,-3.3306691e-16,-2.220446e-16,-2.220446e-16,-6.4869088e-06,-6.4869088e-06,-6.8833828e-15,-6.8833828e-15,0,0,-1.9984014e-15,-1.9984014e-15,0,0,0,0
0.15666762,0.15666762,-0.15666762,-0.15666762,-1.7019719e-13,-1.7019719e-13,-1.7208457e-13,-1.7208457e-13,-0.15666762,-0.15666762,-5.2381789e-06,-5.2381789e-06,-9.2438451e-07,-9.2438451e-07,-5.2381789e-06,-5.2381789e-06,-9.2438451e-07,-9.2438451e-07,0,0,0.15667378,0.15667378,1.747491e-13,1.747491e-13,7.241722e-07,7.241722e-07,7.241722e-07,7.241722e-07,2.0322286e-15,2.0322286e-15,-5.2381789e-06,-5.2381789e-06,-9.2438451e-07,-9.2438451e-07,-5.2381789e-06,-5.2381789e-06,-9.2438451e-07,-9.2438451e-07,-6.9388939e-16,-6.9388939e-16,-2.3314684e-15,-2.3314684e-15,-6.1625634e-06,-6.1625634e-06,-3.1086245e-15,-3.1086245e-15,1.9984014e-15,1.9984014e-15,3.5527137e-15,3.5527137e-15,0.15667285,0.15667285,9.2438468e-07,9.2438468e-07,0.15667285,0.15667285,9.2438468e-07,9.2438468e-07,0.15667378,0.15667378,1.7519319e-13,1.7519319e-13,0.15666762,0.15666762,0.15666762,0.15666762,-9.2438451e-07,-9.2438451e-07,4.3412965e-07,4.3412965e-07,1.3322676e-15,1.3322676e-15,4.8278146e-07,4.8278146e-07,-4.8651815e-08,-4.8651815e-08,0.15667378,0.15667378,1.7519319e-13,1.7519319e-13,2.5067805,2.5067805,2.8002045e-12,2.8002045e-12,1.2533902,1.2533902,1.3985479e-12,1.3985479e-12,0.15666762,0.15666762,6.1625636e-06,6.1625636e-06,0.031333523,0.031333523,3.2335246e-14,3.2335246e-14,-2.810468e-14,-2.810468e-14,2.4297974e-14,2.4297974e-14,-3.3306691e-16,-3.3306691e-16,-2.220446e-16,-2.220446e-16,-6.1625634e-06,-6.1625634e-06,-6.8833828e-15,-6.8833828e-15,0,0,-1.9984014e-15,-1.9984014e-15,0,0,0,0
0.15666834,0.15666834,-0.15666834,-0.15666834,-1.7130741e-13,-1.7130741e-13,-1.7319479e-13,-1.7319479e-13,-0.15666834,-0.15666834,-4.9762699e-06,-4.9762699e-06,-8.7816529e-07,-8.7816529e-07,-4.9762699e-06,-4.9762699e-06,-8.7816529e-07,-8.7816529e-07,0,0,0.15667419,0.15667419,1.7563728e-13,1.7563728e-13,6.8796359e-07,6.8796359e-07,6.8796359e-07,6.8796359e-07,2.0322286e-15,2.0322286e-15,-4.9762699e-06,-4.9762699e-06,-8.7816529e-07,-8.7816529e-07,-4.9762699e-06,-4.9762699e-06,-8.7816528e-07,-8.7816528e-07,-6.9388939e-16,-6.9388939e-16,-2.3314684e-15,-2.3314684e-15,-5.8544352e-06,-5.8544352e-06,-3.1086245e-15,-3.1086245e-15,1.9984014e-15,1.9984014e-15,3.5527137e-15,3.5527137e-15,0.15667331,0.15667331,8.7816546e-07,8.7816546e-07,0.15667331,0.15667331,8.7816546e-07,8.7816546e-07,0.15667419,0.15667419,1.7630342e-13,1.7630342e-13,0.15666834,0.15666834,0.15666834,0.15666834,-8.7816528e-07,-8.7816528e-07,4.1242317e-07,4.1242317e-07,1.3322676e-15,1.3322676e-15,4.5864239e-07,4.5864239e-07,-4.6219224e-08,-4.6219224e-08,0.15667419,0.15667419,1.7630342e-13,1.7630342e-13,2.5067871,2.5067871,2.817524e-12,2.817524e-12,1.2533935,1.2533935,1.4072077e-12,1.4072077e-12,0.15666834,0.15666834,5.8544354e-06,5.8544354e-06,0.031333667,0.031333667,3.2529535e-14,3.2529535e-14,-2.8719424e-14,-2.8719424e-14,2.4829437e-14,2.4829437e-14,-3.3306691e-16,-3.3306691e-16,-2.220446e-16,-2.220446e-16,-5.8544352e-06,-5.8544352e-06,-6.8833828e-15,-6.8833828e-15,0,0,-1.9984014e-15,-1.9984014e-15,0,0,0,0
0.15666902,0.15666902,-0.15666902,-0.15666902,-1.7230661e-13,-1.7230661e-13,-1.7430501e-13,-1.7430501e-13,-0.15666902,-0.15666902,-4.7274564e-06,-4.7274564e-06,-8.3425702e-07,-8.3425702e-07,-4.7274564e-06,-4.7274564e-06,-8.3425702e-07,-8.3425702e-07,0,0,0.15667458,0.15667458,1.7674751e-13,1.7674751e-13,6.5356541e-07,6.5356541e-07,6.5356541e-07,6.5356541e-07,2.0322286e-15,2.0322286e-15,-4.7274564e-06,-4.7274564e-06,-8.3425702e-07,-8.3425702e-07,-4.7274564e-06,-4.7274564e-06,-8.3425702e-07,-8.3425702e-07,-6.9388939e-16,-6.9388939e-16,-2.3314684e-15,-2.3314684e-15,-5.5617135e-06,-5.5617135e-06,-3.1086245e-15,-3.1086245e-15,1.9984014e-15,1.9984014e-15,3.5527137e-15,3.5527137e-15,0.15667375,0.15667375,8.342572e-07,8.342572e-07,0.15667375,0.15667375,8.342572e-07,8.342572e-07,0.15667458,0.15667458,1.7741364e-13,1.7741364e-13,0.15666902,0.15666902,0.15666902,0.15666902,-8.3425702e-07,-8.3425702e-07,3.9180201e-07,3.9180201e-07,1.3322676e-15,1.3322676e-15,4.3571027e-07,4.3571027e-07,-4.3908263e-08,-4.3908263e-08,0.15667458,0.15667458,1.7741364e-13,1.7741364e-13,2.5067933,2.5067933,2.8349545e-12,2.8349545e-12,1.2533967,1.2533967,1.4159784e-12,1.4159784e-12,0.15666902,0.15666902,5.5617136e-06,5.5617136e-06,0.031333804,0.031333804,3.2751579e-14,3.2751579e-14,-2.9334899e-14,-2.9334899e-14,2.5361532e-14,2.5361532e-14,-3.3306691e-16,-3.3306691e-16,-2.220446e-16,-2.220446e-16,-5.5617135e-06,-5.5617135e-06,-6.8833828e-15,-6.8833828e-15,0,0,-1.9984014e-15,-1.9984014e-15,0,0,0,0
0.15666967,0.15666967,-0.15666967,-0.15666967,-1.7330581e-13,-1.7330581e-13,-1.7541524e-13,-1.7541524e-13,-0.15666967,-0.15666967,-4.4910836e-06,-4.4910836e-06,-7.9254417e-07,-7.9254417e-07,-4.4910836e-06,-4.4910836e-06,-7.9254417e-07,-7.9254417e-07,0,0,0.15667496,0.15667496,1.7785773e-13,1.7785773e-13,6.2088714e-07,6.2088714e-07,6.2088714e-07,6.2088714e-07,2.0322286e-15,2.0322286e-15,-4.4910836e-06,-4.4910836e-06,-7.9254417e-07,-7.9254417e-07,-4.4910836e-06,-4.4910836e-06,-7.9254417e-07,-7.9254417e-07,-7.2164497e-16,-7.2164497e-16,-2.3314684e-15,-2.3314684e-15,-5.2836278e-06,-5.2836278e-06,-3.1086245e-15,-3.1086245e-15,1.9984014e-15,1.9984014e-15,3.5527137e-15,3.5527137e-15,0.15667416,0.15667416,7.9254435e-07,7.9254435e-07,0.15667416,0.15667416,7.9254435e-07,7.9254435e-07,0.15667496,0.15667496,1.7852386e-13,1.7852386e-13,0.15666967,0.15666967,0.15666967,0.15666967,-7.9254417e-07,-7.9254417e-07,3.7221191e-07,3.7221191e-07,1.3322676e-15,1.3322676e-15,4.1392476e-07,4.1392476e-07,-4.171285e-08,-4.171285e-08,0.15667496,0.15667496,1.7852386e-13,1.7852386e-13,2.5067993,2.5067993,2.852274e-12,2.852274e-12,1.2533996,1.2533996,1.4246382e-12,1.4246382e-12,0.15666967,0.15666967,5.283628e-06,5.283628e-06,0.031333934,0.031333934,3.2973624e-14,3.2973624e-14,-2.9951089e-14,-2.9951089e-14,2.5894246e-14,2.5894246e-14,-3.3306691e-16,-3.3306691e-16,-2.220446e-16,-2.220446e-16,-5.2836278e-06,-5.2836278e-06,-6.8833828e-15,-6.8833828e-15,0,0,-1.9984014e-15,-1.9984014e-15,0,0,0,0
0.15667029,0.15667029,-0.15667029,-0.15667029,-1.7452706e-13,-1.7452706e-13,-1.7641444e-13,-1.7641444e-13,-0.15667029,-0.15667029,-4.2665294e-06,-4.2665294e-06,-7.5291696e-07,-7.5291696e-07,-4.2665294e-06,-4.2665294e-06,-7.5291696e-07,-7.5291696e-07,0,0,0.15667531,0.15667531,1.7896795e-13,1.7896795e-13,5.8984278e-07,5.8984278e-07,5.8984278e-07,5.8984278e-07,2.0322286e-15,2.0322286e-15,-4.2665294e-06,-4.2665294e-06,-7.5291696e-07,-7.5291696e-07,-4.2665294e-06,-4.2665294e-06,-7.5291696e-07,-7.5291696e-07,-7.2164497e-16,-7.2164497e-16,-2.3314684e-15,-2.3314684e-15,-5.0194464e-06,-5.0194464e-06,-3.1086245e-15,-3.1086245e-15,1.9984014e-15,1.9984014e-15,3.5527137e-15,3.5527137e-15,0.15667456,0.15667456,7.5291714e-07,7.5291714e-07,0.15667456,0.15667456,7.5291714e-07,7.5291714e-07,0.15667531,0.15667531,1.7963409e-13,1.7963409e-13,0.15667029,0.15667029,0.15667029,0.15667029,-7.5291696e-07,-7.5291696e-07,3.5360131e-07,3.5360131e-07,1.3322676e-15,1.3322676e-15,3.9322852e-07,3.9322852e-07,-3.9627207e-08,-3.9627207e-08,0.15667531,0.15667531,1.7963409e-13,1.7963409e-13,2.5068049,2.5068049,2.8697045e-12,2.8697045e-12,1.2534025,1.2534025,1.4332979e-12,1.4332979e-12,0.15667029,0.15667029,5.0194466e-06,5.0194466e-06,0.031334058,0.031334058,3.3195668e-14,3.3195668e-14,-3.0567978e-14,-3.0567978e-14,2.6427564e-14,2.6427564e-14,-3.3306691e-16,-3.3306691e-16,-2.220446e-16,-2.220446e-16,-5.0194464e-06,-5.0194464e-06,-6.8833828e-15,-6.8833828e-15,0,0,-1.9984014e-15,-1.9984014e-15,0,0,0,0
0.15667088,0.15667088,-0.15667088,-0.15667088,-1.7563728e-13,-1.7563728e-13,-1.7752466e-13,-1.7752466e-13,-0.15667088,-0.15667088,-4.053203e-06,-4.053203e-06,-7.1527112e-07,-7.1527112e-07,-4.053203e-06,-4.053203e-06,-7.1527112e-07,-7.1527112e-07,0,0,0.15667565,0.15667565,1.8007817e-13,1.8007817e-13,5.6035064e-07,5.6035064e-07,5.6035064e-07,5.6035064e-07,2.0322286e-15,2.0322286e-15,-4.053203e-06,-4.053203e-06,-7.1527111e-07,-7.1527111e-07,-4.053203e-06,-4.053203e-06,-7.1527111e-07,-7.1527111e-07,-7.2164497e-16,-7.2164497e-16,-2.3314684e-15,-2.3314684e-15,-4.7684741e-06,-4.7684741e-06,-3.1086245e-15,-3.1086245e-15,1.9984014e-15,1.9984014e-15,3.5527137e-15,3.5527137e-15,0.15667493,0.15667493,7.1527129e-07,7.1527129e-07,0.15667493,0.15667493,7.1527129e-07,7.1527129e-07,0.15667565,0.15667565,1.8074431e-13,1.8074431e-13,0.15667088,0.15667088,0.15667088,0.15667088,-7.1527111e-07,-7.1527111e-07,3.3592125e-07,3.3592125e-07,1.3322676e-15,1.3322676e-15,3.7356709e-07,3.7356709e-07,-3.7645847e-08,-3.7645847e-08,0.15667565,0.15667565,1.8074431e-13,1.8074431e-13,2.5068103,2.5068103,2.887135e-12,2.887135e-12,1.2534052,1.2534052,1.4420687e-12,1.4420687e-12,0.15667088,0.15667088,4.7684743e-06,4.7684743e-06,0.031334175,0.031334175,3.3417713e-14,3.3417713e-14,-3.118555e-14,-3.118555e-14,2.6961473e-14,2.6961473e-14,-3.3306691e-16,-3.3306691e-16,-2.220446e-16,-2.220446e-16,-4.7684741e-06,-4.7684741e-06,-6.8833828e-15,-6.8833828e-15,0,0,-1.9984014e-15,-1.9984014e-15,0,0,0,0
0.15667143,0.15667143,-0.15667143,-0.15667143,-1.7663648e-13,-1.7663648e-13,-1.7863488e-13,-1.7863488e-13,-0.15667143,-0.15667143,-3.8505428e-06,-3.8505428e-06,-6.7950756e-07,-6.7950756e-07,-3.8505428e-06,-3.8505428e-06,-6.7950756e-07,-6.7950756e-07,0,0,0.15667596,0.15667596,1.811884e-13,1.811884e-13,5.3233311e-07,5.3233311e-07,5.3233311e-07,5.3233311e-07,2.0322286e-15,2.0322286e-15,-3.8505428e-06,-3.8505428e-06,-6.7950756e-07,-6.7950756e-07,-3.8505428e-06,-3.8505428e-06,-6.7950756e-07,-6.7950756e-07,-7.2164497e-16,-7.2164497e-16,-2.3314684e-15,-2.3314684e-15,-4.5300504e-06,-4.5300504e-06,-3.1086245e-15,-3.1086245e-15,1.9984014e-15,1.9984014e-15,3.5527137e-15,3.5527137e-15,0.15667528,0.15667528,6.7950774e-07,6.7950774e-07,0.15667528,0.15667528,6.7950774e-07,6.7950774e-07,0.15667596,0.15667596,1.8163249e-13,1.8163249e-13,0.15667143,0.15667143,0.15667143,0.15667143,-6.7950756e-07,-6.7950756e-07,3.1912518e-07,3.1912518e-07,1.3322676e-15,1.3322676e-15,3.5488874e-07,3.5488874e-07,-3.5763554e-08,-3.5763554e-08,0.15667596,0.15667596,1.8163249e-13,1.8163249e-13,2.5068154,2.5068154,2.9044545e-12,2.9044545e-12,1.2534077,1.2534077,1.4507284e-12,1.4507284e-12,0.15667143,0.15667143,4.5300505e-06,4.5300505e-06,0.031334287,0.031334287,3.3639758e-14,3.3639758e-14,-3.1803789e-14,-3.1803789e-14,2.7495958e-14,2.7495958e-14,-3.3306691e-16,-3.3306691e-16,-2.220446e-16,-2.220446e-16,-4.5300504e-06,-4.5300504e-06,-6.8833828e-15,-6.8833828e-15,0,0,-1.9984014e-15,-1.9984014e-15,0,0,0,0
0.15667196,0.15667196,-0.15667196,-0.15667196,-1.7785773e-13,-1.7785773e-13,-1.7974511e-13,-1.7974511e-13,-0.15667196,-0.15667196,-3.6580157e-06,-3.6580157e-06,-6.4553218e-07,-6.4553218e-07,-3.6580157e-06,-3.6580157e-06,-6.4553218e-07,-6.4553218e-07,0,0,0.15667627,0.15667627,1.8229862e-13,1.8229862e-13,5.0571645e-07,5.0571645e-07,5.0571645e-07,5.0571645e-07,2.0322286e-15,2.0322286e-15,-3.6580157e-06,-3.6580157e-06,-6.4553218e-07,-6.4553218e-07,-3.6580157e-06,-3.6580157e-06,-6.4553218e-07,-6.4553218e-07,-7.2164497e-16,-7.2164497e-16,-2.3314684e-15,-2.3314684e-15,-4.3035479e-06,-4.3035479e-06,-3.1086245e-15,-3.1086245e-15,1.9984014e-15,1.9984014e-15,3.5527137e-15,3.5527137e-15,0.15667562,0.15667562,6.4553236e-07,6.4553236e-07,0.15667562,0.15667562,6.4553236e-07,6.4553236e-07,0.15667627,0.15667627,1.8274271e-13,1.8274271e-13,0.15667196,0.15667196,0.15667196,0.15667196,-6.4553218e-07,-6.4553218e-07,3.0316893e-07,3.0316893e-07,1.3322676e-15,1.3322676e-15,3.371443e-07,3.371443e-07,-3.3975377e-08,-3.3975377e-08,0.15667627,0.15667627,1.8274271e-13,1.8274271e-13,2.5068203,2.5068203,2.921885e-12,2.921885e-12,1.2534101,1.2534101,1.4593882e-12,1.4593882e-12,0.15667196,0.15667196,4.303548e-06,4.303548e-06,0.031334393,0.031334393,3.3834047e-14,3.3834047e-14,-3.242268e-14,-3.242268e-14,2.8031007e-14,2.8031007e-14,-3.3306691e-16,-3.3306691e-16,-2.220446e-16,-2.220446e-16,-4.3035479e-06,-4.3035479e-06,-6.8833828e-15,-6.8833828e-15,0,0,-1.9984014e-15,-1.9984014e-15,0,0,0,0
0.15667247,0.15667247,-0.15667247,-0.15667247,-1.7885693e-13,-1.7885693e-13,-1.8085533e-13,-1.8085533e-13,-0.15667247,-0.15667247,-3.4751149e-06,-3.4751149e-06,-6.1325557e-07,-6.1325557e-07,-3.4751149e-06,-3.4751149e-06,-6.1325557e-07,-6.1325557e-07,0,0,0.15667656,0.15667656,1.8340884e-13,1.8340884e-13,4.8043063e-07,4.8043063e-07,4.8043063e-07,4.8043063e-07,2.0322286e-15,2.0322286e-15,-3.4751149e-06,-3.4751149e-06,-6.1325557e-07,-6.1325557e-07,-3.4751149e-06,-3.4751149e-06,-6.1325557e-07,-6.1325557e-07,-7.2164497e-16,-7.2164497e-16,-2.3314684e-15,-2.3314684e-15,-4.0883705e-06,-4.0883705e-06,-3.1086245e-15,-3.1086245e-15,1.9984014e-15,1.9984014e-15,3.5527137e-15,3.5527137e-15,0.15667594,0.15667594,6.1325575e-07,6.1325575e-07,0.15667594,0.15667594,6.1325575e-07,6.1325575e-07,0.15667656,0.15667656,1.8385293e-13,1.8385293e-13,0.15667247,0.15667247,0.15667247,0.15667247,-6.1325557e-07,-6.1325557e-07,2.8801048e-07,2.8801048e-07,1.3322676e-15,1.3322676e-15,3.2028709e-07,3.2028709e-07,-3.2276608e-08,-3.2276608e-08,0.15667656,0.15667656,1.8385293e-13,1.8385293e-13,2.5068249,2.5068249,2.9393155e-12,2.9393155e-12,1.2534124,1.2534124,1.4681589e-12,1.4681589e-12,0.15667247,0.15667247,4.0883706e-06,4.0883706e-06,0.031334493,0.031334493,3.4056091e-14,3.4056091e-14,-3.3042207e-14,-3.3042207e-14,2.8566607e-14,2.8566607e-14,-3.3306691e-16,-3.3306691e-16,-2.220446e-16,-2.220446e-16,-4.0883705e-06,-4.0883705e-06,-6.8833828e-15,-6.8833828e-15,0,0,-1.9984014e-15,-1.9984014e-15,0,0,0,0
0.15667295,0.15667295,-0.15667295,-0.15667295,-1.7985613e-13,-1.7985613e-13,-1.8185453e-13,-1.8185453e-13,-0.15667295,-0.15667295,-3.3013591e-06,-3.3013591e-06,-5.825928e-07,-5.825928e-07,-3.3013591e-06,-3.3013591e-06,-5.825928e-07,-5.825928e-07,0,0,0.15667683,0.15667683,1.8451907e-13,1.8451907e-13,4.564091e-07,4.564091e-07,4.564091e-07,4.564091e-07,2.0322286e-15,2.0322286e-15,-3.3013591e-06,-3.3013591e-06,-5.8259279e-07,-5.8259279e-07,-3.3013591e-06,-3.3013591e-06,-5.8259279e-07,-5.8259279e-07,-7.2164497e-16,-7.2164497e-16,-2.3314684e-15,-2.3314684e-15,-3.8839519e-06,-3.8839519e-06,-3.1086245e-15,-3.1086245e-15,1.9984014e-15,1.9984014e-15,3.5527137e-15,3.5527137e-15,0.15667625,0.15667625,5.8259297e-07,5.8259297e-07,0.15667625,0.15667625,5.8259297e-07,5.8259297e-07,0.15667683,0.15667683,1.8496316e-13,1.8496316e-13,0.15667295,0.15667295,0.15667295,0.15667295,-5.8259279e-07,-5.8259279e-07,2.7360996e-07,2.7360996e-07,1.3322676e-15,1.3322676e-15,3.0427273e-07,3.0427273e-07,-3.0662777e-08,-3.0662777e-08,0.15667683,0.15667683,1.8496316e-13,1.8496316e-13,2.5068293,2.5068293,2.9566349e-12,2.9566349e-12,1.2534146,1.2534146,1.4768187e-12,1.4768187e-12,0.15667295,0.15667295,3.8839521e-06,3.8839521e-06,0.031334589,0.031334589,3.4278136e-14,3.4278136e-14,-3.3662357e-14,-3.3662357e-14,2.9102745e-14,2.9102745e-14,-3.3306691e-16,-3.3306691e-16,-2.220446e-16,-2.220446e-16,-3.8839519e-06,-3.8839519e-06,-6.8833828e-15,-6.8833828e-15,0,0,-1.9984014e-15,-1.9984014e-15,0,0,0,0
0.1566734,0.1566734,-0.1566734,-0.1566734,-1.8096635e-13,-1.8096635e-13,-1.8296475e-13,-1.8296475e-13,-0.1566734,-0.1566734,-3.1362912e-06,-3.1362912e-06,-5.5346316e-07,-5.5346316e-07,-3.1362912e-06,-3.1362912e-06,-5.5346316e-07,-5.5346316e-07,0,0,0.15667709,0.15667709,1.8562929e-13,1.8562929e-13,4.3358865e-07,4.3358865e-07,4.3358865e-07,4.3358865e-07,2.0322286e-15,2.0322286e-15,-3.1362912e-06,-3.1362912e-06,-5.5346315e-07,-5.5346315e-07,-3.1362912e-06,-3.1362912e-06,-5.5346315e-07,-5.5346315e-07,-7.2164497e-16,-7.2164497e-16,-2.3314684e-15,-2.3314684e-15,-3.6897543e-06,-3.6897543e-06,-3.1086245e-15,-3.1086245e-15,1.9984014e-15,1.9984014e-15,3.5527137e-15,3.5527137e-15,0.15667654,0.15667654,5.5346334e-07,5.5346334e-07,0.15667654,0.15667654,5.5346334e-07,5.5346334e-07,0.15667709,0.15667709,1.8607338e-13,1.8607338e-13,0.1566734,0.1566734,0.1566734,0.1566734,-5.5346315e-07,-5.5346315e-07,2.5992946e-07,2.5992946e-07,1.3322676e-15,1.3322676e-15,2.890591e-07,2.890591e-07,-2.9129638e-08,-2.9129638e-08,0.15667709,0.15667709,1.8607338e-13,1.8607338e-13,2.5068334,2.5068334,2.9740654e-12,2.9740654e-12,1.2534167,1.2534167,1.4854784e-12,1.4854784e-12,0.1566734,0.1566734,3.6897545e-06,3.6897545e-06,0.03133468,0.03133468,3.450018e-14,3.450018e-14,-3.4283115e-14,-3.4283115e-14,2.9639409e-14,2.9639409e-14,-3.3306691e-16,-3.3306691e-16,-2.220446e-16,-2.220446e-16,-3.6897543e-06,-3.6897543e-06,-6.8833828e-15,-6.8833828e-15,0,0,-1.9984014e-15,-1.9984014e-15,0,0,0,0
0.15667383,0.15667383,-0.15667383,-0.15667383,-1.8207658e-13,-1.8207658e-13,-1.8407498e-13,-1.8407498e-13,-0.15667383,-0.15667383,-2.9794766e-06,-2.9794766e-06,-5.2579e-07,-5.2579e-07,-2.9794766e-06,-2.9794766e-06,-5.2579e-07,-5.2579e-07,0,0,0.15667734,0.15667734,1.8651747e-13,1.8651747e-13,4.1190921e-07,4.1190921e-07,4.1190921e-07,4.1190921e-07,2.0322286e-15,2.0322286e-15,-2.9794766e-06,-2.9794766e-06,-5.2579e-07,-5.2579e-07,-2.9794766e-06,-2.9794766e-06,-5.2578999e-07,-5.2578999e-07,-7.2164497e-16,-7.2164497e-16,-2.3314684e-15,-2.3314684e-15,-3.5052666e-06,-3.5052666e-06,-3.1086245e-15,-3.1086245e-15,1.9984014e-15,1.9984014e-15,3.5527137e-15,3.5527137e-15,0.15667681,0.15667681,5.2579018e-07,5.2579018e-07,0.15667681,0.15667681,5.2579018e-07,5.2579018e-07,0.15667734,0.15667734,1.871836e-13,1.871836e-13,0.15667383,0.15667383,0.15667383,0.15667383,-5.2578999e-07,-5.2578999e-07,2.4693298e-07,2.4693298e-07,1.3322676e-15,1.3322676e-15,2.7460614e-07,2.7460614e-07,-2.7673156e-08,-2.7673156e-08,0.15667734,0.15667734,1.871836e-13,1.871836e-13,2.5068374,2.5068374,2.9914959e-12,2.9914959e-12,1.2534187,1.2534187,1.4942492e-12,1.4942492e-12,0.15667383,0.15667383,3.5052668e-06,3.5052668e-06,0.031334766,0.031334766,3.4722225e-14,3.4722225e-14,-3.4904468e-14,-3.4904468e-14,3.0176586e-14,3.0176586e-14,-3.3306691e-16,-3.3306691e-16,-2.220446e-16,-2.220446e-16,-3.5052666e-06,-3.5052666e-06,-6.8833828e-15,-6.8833828e-15,0,0,-1.9984014e-15,-1.9984014e-15,0,0,0,0
0.15667424,0.15667424,-0.15667424,-0.15667424,-1.8296475e-13,-1.8296475e-13,-1.851852e-13,-1.851852e-13,-0.15667424,-0.15667424,-2.8305028e-06,-2.8305028e-06,-4.995005e-07,-4.995005e-07,-2.8305028e-06,-2.8305028e-06,-4.995005e-07,-4.995005e-07,0,0,0.15667757,0.15667757,1.8762769e-13,1.8762769e-13,3.9131375e-07,3.9131375e-07,3.9131375e-07,3.9131375e-07,2.0322286e-15,2.0322286e-15,-2.8305028e-06,-2.8305028e-06,-4.995005e-07,-4.995005e-07,-2.8305028e-06,-2.8305028e-06,-4.9950049e-07,-4.9950049e-07,-7.2164497e-16,-7.2164497e-16,-2.3314684e-15,-2.3314684e-15,-3.3300033e-06,-3.3300033e-06,-3.1086245e-15,-3.1086245e-15,1.9984014e-15,1.9984014e-15,3.5527137e-15,3.5527137e-15,0.15667707,0.15667707,4.9950068e-07,4.9950068e-07,0.15667707,0.15667707,4.9950068e-07,4.9950068e-07,0.15667757,0.15667757,1.8829382e-13,1.8829382e-13,0.15667424,0.15667424,0.15667424,0.15667424,-4.9950049e-07,-4.9950049e-07,2.3458634e-07,2.3458634e-07,1.3322676e-15,1.3322676e-15,2.6087584e-07,2.6087584e-07,-2.6289499e-08,-2.6289499e-08,0.15667757,0.15667757,1.8829382e-13,1.8829382e-13,2.5068411,2.5068411,3.0089264e-12,3.0089264e-12,1.2534206,1.2534206,1.5029089e-12,1.5029089e-12,0.15667424,0.15667424,3.3300035e-06,3.3300035e-06,0.031334848,0.031334848,3.4916514e-14,3.4916514e-14,-3.55264e-14,-3.55264e-14,3.0714266e-14,3.0714266e-14,-3.3306691e-16,-3.3306691e-16,-2.220446e-16,-2.220446e-16,-3.3300033e-06,-3.3300033e-06,-6.8833828e-15,-6.8833828e-15,0,0,-1.9984014e-15,-1.9984014e-15,0,0,0,0
0.15667463,0.15667463,-0.15667463,-0.15667463,-1.84186e-13,-1.84186e-13,-1.8629542e-13,-1.8629542e-13,-0.15667463,-0.15667463,-2.6889777e-06,-2.6889777e-06,-4.7452547e-07,-4.7452547e-07,-2.6889777e-06,-2.6889777e-06,-4.7452547e-07,-4.7452547e-07,0,0,0.15667779,0.15667779,1.8873791e-13,1.8873791e-13,3.7174807e-07,3.7174807e-07,3.7174807e-07,3.7174807e-07,2.0322286e-15,2.0322286e-15,-2.6889777e-06,-2.6889777e-06,-4.7452547e-07,-4.7452547e-07,-2.6889777e-06,-2.6889777e-06,-4.7452547e-07,-4.7452547e-07,-7.2164497e-16,-7.2164497e-16,-2.3314684e-15,-2.3314684e-15,-3.1635031e-06,-3.1635031e-06,-3.1086245e-15,-3.1086245e-15,1.9984014e-15,1.9984014e-15,3.5527137e-15,3.5527137e-15,0.15667732,0.15667732,4.7452566e-07,4.7452566e-07,0.15667732,0.15667732,4.7452566e-07,4.7452566e-07,0.15667779,0.15667779,1.8940405e-13,1.8940405e-13,0.15667463,0.15667463,0.15667463,0.15667463,-4.7452547e-07,-4.7452547e-07,2.2285702e-07,2.2285702e-07,1.3322676e-15,1.3322676e-15,2.4783204e-07,2.4783204e-07,-2.4975024e-08,-2.4975024e-08,0.15667779,0.15667779,1.8940405e-13,1.8940405e-13,2.5068447,2.5068447,3.0262459e-12,3.0262459e-12,1.2534223,1.2534223,1.5115686e-12,1.5115686e-12,0.15667463,0.15667463,3.1635033e-06,3.1635033e-06,0.031334926,0.031334926,3.5138559e-14,3.5138559e-14,-3.61489e-14,-3.61489e-14,3.1252436e-14,3.1252436e-14,-3.3306691e-16,-3.3306691e-16,-2.220446e-16,-2.220446e-16,-3.1635031e-06,-3.1635031e-06,-6.8833828e-15,-6.8833828e-15,0,0,-1.9984014e-15,-1.9984014e-15,0,0,0,0
0.156675,0.156675,-0.156675,-0.156675,-1.8529622e-13,-1.8529622e-13,-1.8729462e-13,-1.8729462e-13,-0.156675,-0.156675,-2.5545288e-06,-2.5545288e-06,-4.507992e-07,-4.507992e-07,-2.5545288e-06,-2.5545288e-06,-4.507992e-07,-4.507992e-07,0,0,0.15667801,0.15667801,1.8984814e-13,1.8984814e-13,3.5316066e-07,3.5316066e-07,3.5316066e-07,3.5316066e-07,2.0322286e-15,2.0322286e-15,-2.5545288e-06,-2.5545288e-06,-4.507992e-07,-4.507992e-07,-2.5545288e-06,-2.5545288e-06,-4.507992e-07,-4.507992e-07,-7.2164497e-16,-7.2164497e-16,-2.3314684e-15,-2.3314684e-15,-3.005328e-06,-3.005328e-06,-3.1086245e-15,-3.1086245e-15,1.9984014e-15,1.9984014e-15,3.5527137e-15,3.5527137e-15,0.15667755,0.15667755,4.5079938e-07,4.5079938e-07,0.15667755,0.15667755,4.5079939e-07,4.5079939e-07,0.15667801,0.15667801,1.9051427e-13,1.9051427e-13,0.156675,0.156675,0.156675,0.156675,-4.507992e-07,-4.507992e-07,2.1171417e-07,2.1171417e-07,1.3322676e-15,1.3322676e-15,2.3544044e-07,2.3544044e-07,-2.3726272e-08,-2.3726272e-08,0.15667801,0.15667801,1.9051427e-13,1.9051427e-13,2.5068481,2.5068481,3.0436764e-12,3.0436764e-12,1.253424,1.253424,1.5203394e-12,1.5203394e-12,0.156675,0.156675,3.0053282e-06,3.0053282e-06,0.031335,0.031335,3.5360603e-14,3.5360603e-14,-3.6771954e-14,-3.6771954e-14,3.1791086e-14,3.1791086e-14,-3.3306691e-16,-3.3306691e-16,-2.220446e-16,-2.220446e-16,-3.005328e-06,-3.005328e-06,-6.9944051e-15,-6.9944051e-15,0,0,-1.9984014e-15,-1.9984014e-15,0,0,0,0
0.15667535,0.15667535,-0.15667535,-0.15667535,-1.8640645e-13,-1.8640645e-13,-1.8840485e-13,-1.8840485e-13,-0.15667535,-0.15667535,-2.4268023e-06,-2.4268023e-06,-4.2825924e-07,-4.2825924e-07,-2.4268023e-06,-2.4268023e-06,-4.2825924e-07,-4.2825924e-07,0,0,0.15667821,0.15667821,1.9095836e-13,1.9095836e-13,3.3550263e-07,3.3550263e-07,3.3550263e-07,3.3550263e-07,2.0330959e-15,2.0330959e-15,-2.4268023e-06,-2.4268023e-06,-4.2825924e-07,-4.2825924e-07,-2.4268023e-06,-2.4268023e-06,-4.2825924e-07,-4.2825924e-07,-7.4940054e-16,-7.4940054e-16,-2.220446e-15,-2.220446e-15,-2.8550616e-06,-2.8550616e-06,-3.1086245e-15,-3.1086245e-15,1.9984014e-15,1.9984014e-15,3.5527137e-15,3.5527137e-15,0.15667778,0.15667778,4.2825943e-07,4.2825943e-07,0.15667778,0.15667778,4.2825943e-07,4.2825943e-07,0.15667821,0.15667821,1.9162449e-13,1.9162449e-13,0.15667535,0.15667535,0.15667535,0.15667535,-4.2825924e-07,-4.2825924e-07,2.0112846e-07,2.0112846e-07,1.3322676e-15,1.3322676e-15,2.2366842e-07,2.2366842e-07,-2.2539959e-08,-2.2539959e-08,0.15667821,0.15667821,1.9140245e-13,1.9140245e-13,2.5068513,2.5068513,3.0611069e-12,3.0611069e-12,1.2534256,1.2534256,1.5289991e-12,1.5289991e-12,0.15667535,0.15667535,2.8550618e-06,2.8550618e-06,0.03133507,0.03133507,3.5582648e-14,3.5582648e-14,-3.739555e-14,-3.739555e-14,3.2330204e-14,3.2330204e-14,-3.3306691e-16,-3.3306691e-16,-2.220446e-16,-2.220446e-16,-2.8550616e-06,-2.8550616e-06,-6.9944051e-15,-6.9944051e-15,0,0,-1.9984014e-15,-1.9984014e-15,0,0,0,0
0.15667568,0.15667568,-0.15667568,-0.15667568,-1.8740565e-13,-1.8740565e-13,-1.8951507e-13,-1.8951507e-13,-0.15667568,-0.15667568,-2.3054622e-06,-2.3054622e-06,-4.0684628e-07,-4.0684628e-07,-2.3054622e-06,-2.3054622e-06,-4.0684628e-07,-4.0684628e-07,0,0,0.1566784,0.1566784,1.9206858e-13,1.9206858e-13,3.187275e-07,3.187275e-07,3.187275e-07,3.187275e-07,2.0330959e-15,2.0330959e-15,-2.3054622e-06,-2.3054622e-06,-4.0684628e-07,-4.0684628e-07,-2.3054622e-06,-2.3054622e-06,-4.0684627e-07,-4.0684627e-07,-7.4940054e-16,-7.4940054e-16,-2.220446e-15,-2.220446e-15,-2.7123085e-06,-2.7123085e-06,-3.1086245e-15,-3.1086245e-15,1.9984014e-15,1.9984014e-15,3.5527137e-15,3.5527137e-15,0.15667799,0.15667799,4.0684647e-07,4.0684647e-07,0.15667799,0.15667799,4.0684647e-07,4.0684647e-07,0.1566784,0.1566784,1.9251267e-13,1.9251267e-13,0.15667568,0.15667568,0.15667568,0.15667568,-4.0684627e-07,-4.0684627e-07,1.9107204e-07,1.9107204e-07,1.3322676e-15,1.3322676e-15,2.12485e-07,2.12485e-07,-2.1412961e-08,-2.1412961e-08,0.1566784,0.1566784,1.9251267e-13,1.9251267e-13,2.5068544,2.5068544,3.0784264e-12,3.0784264e-12,1.2534272,1.2534272,1.5376589e-12,1.5376589e-12,0.15667568,0.15667568,2.7123087e-06,2.7123087e-06,0.031335137,0.031335137,3.5804693e-14,3.5804693e-14,-3.8019675e-14,-3.8019675e-14,3.286978e-14,3.286978e-14,-3.3306691e-16,-3.3306691e-16,-2.220446e-16,-2.220446e-16,-2.7123085e-06,-2.7123085e-06,-6.9944051e-15,-6.9944051e-15,0,0,-1.9984014e-15,-1.9984014e-15,0,0,0,0
0.156676,0.156676,-0.156676,-0.156676,-1.8851587e-13,-1.8851587e-13,-1.9062529e-13,-1.9062529e-13,-0.156676,-0.156676,-2.1901891e-06,-2.1901891e-06,-3.8650397e-07,-3.8650397e-07,-2.1901891e-06,-2.1901891e-06,-3.8650397e-07,-3.8650397e-07,0,0,0.15667858,0.15667858,1.9317881e-13,1.9317881e-13,3.0279112e-07,3.0279112e-07,3.0279112e-07,3.0279112e-07,2.0330959e-15,2.0330959e-15,-2.1901891e-06,-2.1901891e-06,-3.8650396e-07,-3.8650396e-07,-2.1901891e-06,-2.1901891e-06,-3.8650396e-07,-3.8650396e-07,-7.4940054e-16,-7.4940054e-16,-2.220446e-15,-2.220446e-15,-2.5766931e-06,-2.5766931e-06,-3.1086245e-15,-3.1086245e-15,1.9984014e-15,1.9984014e-15,3.5527137e-15,3.5527137e-15,0.15667819,0.15667819,3.8650415e-07,3.8650415e-07,0.15667819,0.15667819,3.8650415e-07,3.8650415e-07,0.15667858,0.15667858,1.936229e-13,1.936229e-13,0.156676,0.156676,0.156676,0.156676,-3.8650396e-07,-3.8650396e-07,1.8151844e-07,1.8151844e-07,1.3322676e-15,1.3322676e-15,2.0186075e-07,2.0186075e-07,-2.0342313e-08,-2.0342313e-08,0.15667858,0.15667858,1.936229e-13,1.936229e-13,2.5068573,2.5068573,3.0958569e-12,3.0958569e-12,1.2534286,1.2534286,1.5464297e-12,1.5464297e-12,0.156676,0.156676,2.5766933e-06,2.5766933e-06,0.0313352,0.0313352,3.6026737e-14,3.6026737e-14,-3.8644317e-14,-3.8644317e-14,3.3409802e-14,3.3409802e-14,-3.3306691e-16,-3.3306691e-16,-2.220446e-16,-2.220446e-16,-2.5766931e-06,-2.5766931e-06,-6.9944051e-15,-6.9944051e-15,0,0,-1.9984014e-15,-1.9984014e-15,0,0,0,0
0.1566763,0.1566763,-0.1566763,-0.1566763,-1.8940405e-13,-1.8940405e-13,-1.9173552e-13,-1.9173552e-13,-0.1566763,-0.1566763,-2.0806797e-06,-2.0806797e-06,-3.6717877e-07,-3.6717877e-07,-2.0806797e-06,-2.0806797e-06,-3.6717877e-07,-3.6717877e-07,0,0,0.15667875,0.15667875,1.9428903e-13,1.9428903e-13,2.8765157e-07,2.8765157e-07,2.8765157e-07,2.8765157e-07,2.0330959e-15,2.0330959e-15,-2.0806797e-06,-2.0806797e-06,-3.6717876e-07,-3.6717876e-07,-2.0806797e-06,-2.0806797e-06,-3.6717876e-07,-3.6717876e-07,-7.4940054e-16,-7.4940054e-16,-2.220446e-15,-2.220446e-15,-2.4478584e-06,-2.4478584e-06,-3.1086245e-15,-3.1086245e-15,1.9984014e-15,1.9984014e-15,3.5527137e-15,3.5527137e-15,0.15667838,0.15667838,3.6717896e-07,3.6717896e-07,0.15667838,0.15667838,3.6717896e-07,3.6717896e-07,0.15667875,0.15667875,1.9473312e-13,1.9473312e-13,0.1566763,0.1566763,0.1566763,0.1566763,-3.6717876e-07,-3.6717876e-07,1.7244251e-07,1.7244251e-07,1.3322676e-15,1.3322676e-15,1.9176771e-07,1.9176771e-07,-1.9325197e-08,-1.9325197e-08,0.15667875,0.15667875,1.9473312e-13,1.9473312e-13,2.50686,2.50686,3.1132874e-12,3.1132874e-12,1.25343,1.25343,1.5550894e-12,1.5550894e-12,0.1566763,0.1566763,2.4478586e-06,2.4478586e-06,0.031335261,0.031335261,3.6221026e-14,3.6221026e-14,-3.9269464e-14,-3.9269464e-14,3.3950262e-14,3.3950262e-14,-3.3306691e-16,-3.3306691e-16,-2.220446e-16,-2.220446e-16,-2.4478584e-06,-2.4478584e-06,-6.9944051e-15,-6.9944051e-15,0,0,-1.9984014e-15,-1.9984014e-15,0,0,0,0
0.15667659,0.15667659,-0.15667659,-0.15667659,-1.9051427e-13,-1.9051427e-13,-1.9273472e-13,-1.9273472e-13,-0.15667659,-0.15667659,-1.9766457e-06,-1.9766457e-06,-3.4881983e-07,-3.4881983e-07,-1.9766457e-06,-1.9766457e-06,-3.4881983e-07,-3.4881983e-07,0,0,0.15667892,0.15667892,1.9539925e-13,1.9539925e-13,2.7326899e-07,2.7326899e-07,2.7326899e-07,2.7326899e-07,2.0330959e-15,2.0330959e-15,-1.9766457e-06,-1.9766457e-06,-3.4881983e-07,-3.4881983e-07,-1.9766457e-06,-1.9766457e-06,-3.4881982e-07,-3.4881982e-07,-7.4940054e-16,-7.4940054e-16,-2.220446e-15,-2.220446e-15,-2.3254655e-06,-2.3254655e-06,-3.1086245e-15,-3.1086245e-15,1.9984014e-15,1.9984014e-15,3.5527137e-15,3.5527137e-15,0.15667857,0.15667857,3.4882002e-07,3.4882002e-07,0.15667857,0.15667857,3.4882002e-07,3.4882002e-07,0.15667892,0.15667892,1.9584334e-13,1.9584334e-13,0.15667659,0.15667659,0.15667659,0.15667659,-3.4881982e-07,-3.4881982e-07,1.6382039e-07,1.6382039e-07,1.3322676e-15,1.3322676e-15,1.8217933e-07,1.8217933e-07,-1.8358937e-08,-1.8358937e-08,0.15667892,0.15667892,1.9584334e-13,1.9584334e-13,2.5068626,2.5068626,3.1307179e-12,3.1307179e-12,1.2534313,1.2534313,1.5637491e-12,1.5637491e-12,0.15667659,0.15667659,2.3254657e-06,2.3254657e-06,0.031335318,0.031335318,3.6443071e-14,3.6443071e-14,-3.9895104e-14,-3.9895104e-14,3.4491149e-14,3.4491149e-14,-3.3306691e-16,-3.3306691e-16,-2.220446e-16,-2.220446e-16,-2.3254655e-06,-2.3254655e-06,-6.9944051e-15,-6.9944051e-15,0,0,-1.9984014e-15,-1.9984014e-15,0,0,0,0
0.15667686,0.15667686,-0.15667686,-0.15667686,-1.9151347e-13,-1.9151347e-13,-1.9384494e-13,-1.9384494e-13,-0.15667686,-0.15667686,-1.8778134e-06,-1.8778134e-06,-3.3137884e-07,-3.3137884e-07,-1.8778134e-06,-1.8778134e-06,-3.3137884e-07,-3.3137884e-07,0,0,0.15667907,0.15667907,1.9628743e-13,1.9628743e-13,2.5960554e-07,2.5960554e-07,2.5960554e-07,2.5960554e-07,2.0330959e-15,2.0330959e-15,-1.8778134e-06,-1.8778134e-06,-3.3137884e-07,-3.3137884e-07,-1.8778134e-06,-1.8778134e-06,-3.3137883e-07,-3.3137883e-07,-7.4940054e-16,-7.4940054e-16,-2.220446e-15,-2.220446e-15,-2.2091922e-06,-2.2091922e-06,-3.1086245e-15,-3.1086245e-15,1.9984014e-15,1.9984014e-15,3.5527137e-15,3.5527137e-15,0.15667874,0.15667874,3.3137903e-07,3.3137903e-07,0.15667874,0.15667874,3.3137903e-07,3.3137903e-07,0.15667907,0.15667907,1.9695356e-13,1.9695356e-13,0.15667686,0.15667686,0.15667686,0.15667686,-3.3137883e-07,-3.3137883e-07,1.5562937e-07,1.5562937e-07,1.3322676e-15,1.3322676e-15,1.7307036e-07,1.7307036e-07,-1.744099e-08,-1.744099e-08,0.15667907,0.15667907,1.9695356e-13,1.9695356e-13,2.5068651,2.5068651,3.1480374e-12,3.1480374e-12,1.2534326,1.2534326,1.5725199e-12,1.5725199e-12,0.15667686,0.15667686,2.2091924e-06,2.2091924e-06,0.031335372,0.031335372,3.6665115e-14,3.6665115e-14,-4.0521227e-14,-4.0521227e-14,3.5032452e-14,3.5032452e-14,-3.3306691e-16,-3.3306691e-16,-2.220446e-16,-2.220446e-16,-2.2091922e-06,-2.2091922e-06,-6.9944051e-15,-6.9944051e-15,0,0,-1.9984014e-15,-1.9984014e-15,0,0,0,0
0.15667712,0.15667712,-0.15667712,-0.15667712,-1.9284574e-13,-1.9284574e-13,-1.9495516e-13,-1.9495516e-13,-0.15667712,-0.15667712,-1.7839227e-06,-1.7839227e-06,-3.148099e-07,-3.148099e-07,-1.7839227e-06,-1.7839227e-06,-3.148099e-07,-3.148099e-07,0,0,0.15667922,0.15667922,1.9739765e-13,1.9739765e-13,2.4662526e-07,2.4662526e-07,2.4662526e-07,2.4662526e-07,2.0330959e-15,2.0330959e-15,-1.7839227e-06,-1.7839227e-06,-3.1480989e-07,-3.1480989e-07,-1.7839227e-06,-1.7839227e-06,-3.1480989e-07,-3.1480989e-07,-7.4940054e-16,-7.4940054e-16,-2.220446e-15,-2.220446e-15,-2.0987326e-06,-2.0987326e-06,-3.1086245e-15,-3.1086245e-15,1.9984014e-15,1.9984014e-15,3.5527137e-15,3.5527137e-15,0.1566789,0.1566789,3.1481009e-07,3.1481009e-07,0.1566789,0.1566789,3.1481009e-07,3.1481009e-07,0.15667922,0.15667922,1.9806379e-13,1.9806379e-13,0.15667712,0.15667712,0.15667712,0.15667712,-3.1480989e-07,-3.1480989e-07,1.478479e-07,1.478479e-07,1.3322676e-15,1.3322676e-15,1.6441684e-07,1.6441684e-07,-1.6568941e-08,-1.6568941e-08,0.15667922,0.15667922,1.9806379e-13,1.9806379e-13,2.5068675,2.5068675,3.1654679e-12,3.1654679e-12,1.2534337,1.2534337,1.5811796e-12,1.5811796e-12,0.15667712,0.15667712,2.0987328e-06,2.0987328e-06,0.031335424,0.031335424,3.688716e-14,3.688716e-14,-4.1147821e-14,-4.1147821e-14,3.5574163e-14,3.5574163e-14,-3.3306691e-16,-3.3306691e-16,-2.220446e-16,-2.220446e-16,-2.0987326e-06,-2.0987326e-06,-6.9944051e-15,-6.9944051e-15,0,0,-1.9984014e-15,-1.9984014e-15,0,0,0,0
0.15667737,0.15667737,-0.15667737,-0.15667737,-1.9384494e-13,-1.9384494e-13,-1.9606539e-13,-1.9606539e-13,-0.15667737,-0.15667737,-1.6947266e-06,-1.6947266e-06,-2.990694e-07,-2.990694e-07,-1.6947266e-06,-1.6947266e-06,-2.990694e-07,-2.990694e-07,0,0,0.15667936,0.15667936,1.9850788e-13,1.9850788e-13,2.34294e-07,2.34294e-07,2.34294e-07,2.34294e-07,2.0330959e-15,2.0330959e-15,-1.6947266e-06,-1.6947266e-06,-2.990694e-07,-2.990694e-07,-1.6947266e-06,-1.6947266e-06,-2.990694e-07,-2.990694e-07,-7.4940054e-16,-7.4940054e-16,-2.220446e-15,-2.220446e-15,-1.993796e-06,-1.993796e-06,-3.1086245e-15,-3.1086245e-15,1.9984014e-15,1.9984014e-15,3.5527137e-15,3.5527137e-15,0.15667906,0.15667906,2.9906959e-07,2.9906959e-07,0.15667906,0.15667906,2.990696e-07,2.990696e-07,0.15667936,0.15667936,1.9917401e-13,1.9917401e-13,0.15667737,0.15667737,0.15667737,0.15667737,-2.990694e-07,-2.990694e-07,1.4045551e-07,1.4045551e-07,1.3322676e-15,1.3322676e-15,1.56196e-07,1.56196e-07,-1.5740493e-08,-1.5740493e-08,0.15667936,0.15667936,1.9917401e-13,1.9917401e-13,2.5068697,2.5068697,3.1828984e-12,3.1828984e-12,1.2534349,1.2534349,1.5899504e-12,1.5899504e-12,0.15667737,0.15667737,1.9937962e-06,1.9937962e-06,0.031335473,0.031335473,3.7109205e-14,3.7109205e-14,-4.1774875e-14,-4.1774875e-14,3.6116273e-14,3.6116273e-14,-3.3306691e-16,-3.3306691e-16,-2.220446e-16,-2.220446e-16,-1.993796e-06,-1.993796e-06,-6.9944051e-15,-6.9944051e-15,0,0,-1.9984014e-15,-1.9984014e-15,0,0,0,0
0.1566776,0.1566776,-0.1566776,-0.1566776,-1.9495516e-13,-1.9495516e-13,-1.9717561e-13,-1.9717561e-13,-0.1566776,-0.1566776,-1.6099903e-06,-1.6099903e-06,-2.8411593e-07,-2.8411593e-07,-1.6099903e-06,-1.6099903e-06,-2.8411593e-07,-2.8411593e-07,0,0,0.15667949,0.15667949,1.996181e-13,1.996181e-13,2.225793e-07,2.225793e-07,2.225793e-07,2.225793e-07,2.0330959e-15,2.0330959e-15,-1.6099903e-06,-1.6099903e-06,-2.8411593e-07,-2.8411593e-07,-1.6099903e-06,-1.6099903e-06,-2.8411593e-07,-2.8411593e-07,-7.4940054e-16,-7.4940054e-16,-2.220446e-15,-2.220446e-15,-1.8941062e-06,-1.8941062e-06,-3.1086245e-15,-3.1086245e-15,1.9984014e-15,1.9984014e-15,3.5527137e-15,3.5527137e-15,0.15667921,0.15667921,2.8411613e-07,2.8411613e-07,0.15667921,0.15667921,2.8411613e-07,2.8411613e-07,0.15667949,0.15667949,2.0028423e-13,2.0028423e-13,0.1566776,0.1566776,0.1566776,0.1566776,-2.8411593e-07,-2.8411593e-07,1.3343273e-07,1.3343273e-07,1.3322676e-15,1.3322676e-15,1.483862e-07,1.483862e-07,-1.4953469e-08,-1.4953469e-08,0.15667949,0.15667949,2.0028423e-13,2.0028423e-13,2.5068719,2.5068719,3.2002179e-12,3.2002179e-12,1.2534359,1.2534359,1.5986101e-12,1.5986101e-12,0.1566776,0.1566776,1.8941064e-06,1.8941064e-06,0.03133552,0.03133552,3.7331249e-14,3.7331249e-14,-4.2402379e-14,-4.2402379e-14,3.6658771e-14,3.6658771e-14,-3.3306691e-16,-3.3306691e-16,-2.220446e-16,-2.220446e-16,-1.8941062e-06,-1.8941062e-06,-6.9944051e-15,-6.9944051e-15,0,0,-1.9984014e-15,-1.9984014e-15,0,0,0,0
0.15667782,0.15667782,-0.15667782,-0.15667782,-1.9584334e-13,-1.9584334e-13,-1.9817481e-13,-1.9817481e-13,-0.15667782,-0.15667782,-1.5294907e-06,-1.5294907e-06,-2.6991014e-07,-2.6991014e-07,-1.5294907e-06,-1.5294907e-06,-2.6991014e-07,-2.6991014e-07,0,0,0.15667962,0.15667962,2.0072832e-13,2.0072832e-13,2.1145033e-07,2.1145033e-07,2.1145033e-07,2.1145033e-07,2.0330959e-15,2.0330959e-15,-1.5294907e-06,-1.5294907e-06,-2.6991013e-07,-2.6991013e-07,-1.5294907e-06,-1.5294907e-06,-2.6991013e-07,-2.6991013e-07,-7.4940054e-16,-7.4940054e-16,-2.220446e-15,-2.220446e-15,-1.7994009e-06,-1.7994009e-06,-3.1086245e-15,-3.1086245e-15,1.9984014e-15,1.9984014e-15,3.5527137e-15,3.5527137e-15,0.15667935,0.15667935,2.6991033e-07,2.6991033e-07,0.15667935,0.15667935,2.6991033e-07,2.6991033e-07,0.15667962,0.15667962,2.0139446e-13,2.0139446e-13,0.15667782,0.15667782,0.15667782,0.15667782,-2.6991013e-07,-2.6991013e-07,1.2676109e-07,1.2676109e-07,1.3322676e-15,1.3322676e-15,1.4096689e-07,1.4096689e-07,-1.4205795e-08,-1.4205795e-08,0.15667962,0.15667962,2.0139446e-13,2.0139446e-13,2.5068739,2.5068739,3.2176484e-12,3.2176484e-12,1.253437,1.253437,1.6072699e-12,1.6072699e-12,0.15667782,0.15667782,1.7994011e-06,1.7994011e-06,0.031335564,0.031335564,3.7525538e-14,3.7525538e-14,-4.3030323e-14,-4.3030323e-14,3.720165e-14,3.720165e-14,-3.3306691e-16,-3.3306691e-16,-2.220446e-16,-2.220446e-16,-1.7994009e-06,-1.7994009e-06,-6.9944051e-15,-6.9944051e-15,0,0,-1.9984014e-15,-1.9984014e-15,0,0,0,0
0.15667803,0.15667803,-0.15667803,-0.15667803,-1.9717561e-13,-1.9717561e-13,-1.9928503e-13,-1.9928503e-13,-0.15667803,-0.15667803,-1.4530162e-06,-1.4530162e-06,-2.5641463e-07,-2.5641463e-07,-1.4530162e-06,-1.4530162e-06,-2.5641463e-07,-2.5641463e-07,0,0,0.15667974,0.15667974,2.0183855e-13,2.0183855e-13,2.0087782e-07,2.0087782e-07,2.0087782e-07,2.0087782e-07,2.0330959e-15,2.0330959e-15,-1.4530162e-06,-1.4530162e-06,-2.5641463e-07,-2.5641463e-07,-1.4530162e-06,-1.4530162e-06,-2.5641462e-07,-2.5641462e-07,-7.4940054e-16,-7.4940054e-16,-2.220446e-15,-2.220446e-15,-1.7094308e-06,-1.7094308e-06,-3.1086245e-15,-3.1086245e-15,1.9984014e-15,1.9984014e-15,3.5527137e-15,3.5527137e-15,0.15667948,0.15667948,2.5641483e-07,2.5641483e-07,0.15667948,0.15667948,2.5641483e-07,2.5641483e-07,0.15667974,0.15667974,2.0228264e-13,2.0228264e-13,0.15667803,0.15667803,0.15667803,0.15667803,-2.5641462e-07,-2.5641462e-07,1.2042304e-07,1.2042304e-07,1.3322676e-15,1.3322676e-15,1.3391855e-07,1.3391855e-07,-1.3495505e-08,-1.3495505e-08,0.15667974,0.15667974,2.0228264e-13,2.0228264e-13,2.5068758,2.5068758,3.2350789e-12,3.2350789e-12,1.2534379,1.2534379,1.6160406e-12,1.6160406e-12,0.15667803,0.15667803,1.709431e-06,1.709431e-06,0.031335606,0.031335606,3.7747583e-14,3.7747583e-14,-4.3658696e-14,-4.3658696e-14,3.77449e-14,3.77449e-14,-3.3306691e-16,-3.3306691e-16,-2.220446e-16,-2.220446e-16,-1.7094308e-06,-1.7094308e-06,-6.9944051e-15,-6.9944051e-15,0,0,-1.9984014e-15,-1.9984014e-15,0,0,0,0
0.15667823,0.15667823,-0.15667823,-0.15667823,-1.9817481e-13,-1.9817481e-13,-2.0039526e-13,-2.0039526e-13,-0.15667823,-0.15667823,-1.3803654e-06,-1.3803654e-06,-2.435939e-07,-2.435939e-07,-1.3803654e-06,-1.3803654e-06,-2.435939e-07,-2.435939e-07,0,0,0.15667985,0.15667985,2.0294877e-13,2.0294877e-13,1.9083393e-07,1.9083393e-07,1.9083393e-07,1.9083393e-07,2.0330959e-15,2.0330959e-15,-1.3803654e-06,-1.3803654e-06,-2.4359389e-07,-2.4359389e-07,-1.3803654e-06,-1.3803654e-06,-2.4359389e-07,-2.4359389e-07,-7.7715612e-16,-7.7715612e-16,-2.220446e-15,-2.220446e-15,-1.6239593e-06,-1.6239593e-06,-3.1086245e-15,-3.1086245e-15,1.9984014e-15,1.9984014e-15,3.5527137e-15,3.5527137e-15,0.15667961,0.15667961,2.435941e-07,2.435941e-07,0.15667961,0.15667961,2.435941e-07,2.435941e-07,0.15667985,0.15667985,2.0339286e-13,2.0339286e-13,0.15667823,0.15667823,0.15667823,0.15667823,-2.4359389e-07,-2.4359389e-07,1.1440189e-07,1.1440189e-07,1.3322676e-15,1.3322676e-15,1.2722262e-07,1.2722262e-07,-1.282073e-08,-1.282073e-08,0.15667985,0.15667985,2.0339286e-13,2.0339286e-13,2.5068777,2.5068777,3.2525094e-12,3.2525094e-12,1.2534388,1.2534388,1.6247004e-12,1.6247004e-12,0.15667823,0.15667823,1.6239595e-06,1.6239595e-06,0.031335646,0.031335646,3.7969627e-14,3.7969627e-14,-4.4287489e-14,-4.4287489e-14,3.8288512e-14,3.8288512e-14,-3.3306691e-16,-3.3306691e-16,-2.220446e-16,-2.220446e-16,-1.6239593e-06,-1.6239593e-06,-6.9944051e-15,-6.9944051e-15,0,0,-1.9984014e-15,-1.9984014e-15,0,0,0,0
0.15667842,0.15667842,-0.15667842,-0.15667842,-1.9906299e-13,-1.9906299e-13,-2.0150548e-13,-2.0150548e-13,-0.15667842,-0.15667842,-1.3113471e-06,-1.3113471e-06,-2.314142e-07,-2.314142e-07,-1.3113471e-06,-1.3113471e-06,-2.314142e-07,-2.314142e-07,0,0,0.15667996,0.15667996,2.0405899e-13,2.0405899e-13,1.8129223e-07,1.8129223e-07,1.8129223e-07,1.8129223e-07,2.0330959e-15,2.0330959e-15,-1.3113471e-06,-1.3113471e-06,-2.314142e-07,-2.314142e-07,-1.3113471e-06,-1.3113471e-06,-2.314142e-07,-2.314142e-07,-7.7715612e-16,-7.7715612e-16,-2.220446e-15,-2.220446e-15,-1.5427613e-06,-1.5427613e-06,-3.1086245e-15,-3.1086245e-15,1.9984014e-15,1.9984014e-15,3.5527137e-15,3.5527137e-15,0.15667973,0.15667973,2.314144e-07,2.314144e-07,0.15667973,0.15667973,2.314144e-07,2.314144e-07,0.15667996,0.15667996,2.0450308e-13,2.0450308e-13,0.15667842,0.15667842,0.15667842,0.15667842,-2.314142e-07,-2.314142e-07,1.0868179e-07,1.0868179e-07,1.3322676e-15,1.3322676e-15,1.2086149e-07,1.2086149e-07,-1.2179694e-08,-1.2179694e-08,0.15667996,0.15667996,2.0450308e-13,2.0450308e-13,2.5068794,2.5068794,3.2698289e-12,3.2698289e-12,1.2534397,1.2534397,1.6333601e-12,1.6333601e-12,0.15667842,0.15667842,1.5427615e-06,1.5427615e-06,0.031335684,0.031335684,3.8191672e-14,3.8191672e-14,-4.4916691e-14,-4.4916691e-14,3.883248e-14,3.883248e-14,-3.3306691e-16,-3.3306691e-16,-2.220446e-16,-2.220446e-16,-1.5427613e-06,-1.5427613e-06,-6.9944051e-15,-6.9944051e-15,0,0,-1.9984014e-15,-1.9984014e-15,0,0,0,0
0.1566786,0.1566786,-0.1566786,-0.1566786,-2.0028423e-13,-2.0028423e-13,-2.026157e-13,-2.026157e-13,-0.1566786,-0.1566786,-1.2457798e-06,-1.2457798e-06,-2.1984349e-07,-2.1984349e-07,-1.2457798e-06,-1.2457798e-06,-2.1984349e-07,-2.1984349e-07,0,0,0.15668007,0.15668007,2.0516921e-13,2.0516921e-13,1.7222762e-07,1.7222762e-07,1.7222762e-07,1.7222762e-07,2.0330959e-15,2.0330959e-15,-1.2457798e-06,-1.2457798e-06,-2.1984349e-07,-2.1984349e-07,-1.2457798e-06,-1.2457798e-06,-2.1984349e-07,-2.1984349e-07,-7.7715612e-16,-7.7715612e-16,-2.220446e-15,-2.220446e-15,-1.4656233e-06,-1.4656233e-06,-3.1086245e-15,-3.1086245e-15,1.9984014e-15,1.9984014e-15,3.5527137e-15,3.5527137e-15,0.15667985,0.15667985,2.1984369e-07,2.1984369e-07,0.15667985,0.15667985,2.1984369e-07,2.1984369e-07,0.15668007,0.15668007,2.056133e-13,2.056133e-13,0.1566786,0.1566786,0.1566786,0.1566786,-2.1984349e-07,-2.1984349e-07,1.032477e-07,1.032477e-07,1.3322676e-15,1.3322676e-15,1.1481841e-07,1.1481841e-07,-1.1570709e-08,-1.1570709e-08,0.15668007,0.15668007,2.056133e-13,2.056133e-13,2.5068811,2.5068811,3.2872594e-12,3.2872594e-12,1.2534405,1.2534405,1.6421309e-12,1.6421309e-12,0.1566786,0.1566786,1.4656235e-06,1.4656235e-06,0.03133572,0.03133572,3.8413717e-14,3.8413717e-14,-4.5546295e-14,-4.5546295e-14,3.9376794e-14,3.9376794e-14,-3.3306691e-16,-3.3306691e-16,-2.220446e-16,-2.220446e-16,-1.4656233e-06,-1.4656233e-06,-6.9944051e-15,-6.9944051e-15,0,0,-1.9984014e-15,-1.9984014e-15,0,0,0,0
0.15667877,0.15667877,-0.15667877,-0.15667877,-2.0117241e-13,-2.0117241e-13,-2.036149e-13,-2.036149e-13,-0.15667877,-0.15667877,-1.1834908e-06,-1.1834908e-06,-2.0885132e-07,-2.0885132e-07,-1.1834908e-06,-1.1834908e-06,-2.0885132e-07,-2.0885132e-07,0,0,0.15668016,0.15668016,2.0627944e-13,2.0627944e-13,1.6361624e-07,1.6361624e-07,1.6361624e-07,1.6361624e-07,2.0330959e-15,2.0330959e-15,-1.1834908e-06,-1.1834908e-06,-2.0885132e-07,-2.0885132e-07,-1.1834908e-06,-1.1834908e-06,-2.0885131e-07,-2.0885131e-07,-7.7715612e-16,-7.7715612e-16,-2.220446e-15,-2.220446e-15,-1.3923421e-06,-1.3923421e-06,-3.1086245e-15,-3.1086245e-15,1.9984014e-15,1.9984014e-15,3.5527137e-15,3.5527137e-15,0.15667996,0.15667996,2.0885152e-07,2.0885152e-07,0.15667996,0.15667996,2.0885152e-07,2.0885152e-07,0.15668016,0.15668016,2.0672353e-13,2.0672353e-13,0.15667877,0.15667877,0.15667877,0.15667877,-2.0885131e-07,-2.0885131e-07,9.8085318e-08,9.8085318e-08,1.3322676e-15,1.3322676e-15,1.0907749e-07,1.0907749e-07,-1.0992173e-08,-1.0992173e-08,0.15668016,0.15668016,2.0672353e-13,2.0672353e-13,2.5068826,2.5068826,3.3046899e-12,3.3046899e-12,1.2534413,1.2534413,1.6507906e-12,1.6507906e-12,0.15667877,0.15667877,1.3923423e-06,1.3923423e-06,0.031335754,0.031335754,3.8635761e-14,3.8635761e-14,-4.6176289e-14,-4.6176289e-14,3.9921446e-14,3.9921446e-14,-3.3306691e-16,-3.3306691e-16,-2.220446e-16,-2.220446e-16,-1.3923421e-06,-1.3923421e-06,-6.9944051e-15,-6.9944051e-15,0,0,-1.9984014e-15,-1.9984014e-15,0,0,0,0
0.15667893,0.15667893,-0.15667893,-0.15667893,-2.0250468e-13,-2.0250468e-13,-2.0472513e-13,-2.0472513e-13,-0.15667893,-0.15667893,-1.1243162e-06,-1.1243162e-06,-1.9840875e-07,-1.9840875e-07,-1.1243162e-06,-1.1243162e-06,-1.9840875e-07,-1.9840875e-07,0,0,0.15668026,0.15668026,2.0716762e-13,2.0716762e-13,1.5543543e-07,1.5543543e-07,1.5543543e-07,1.5543543e-07,2.0330959e-15,2.0330959e-15,-1.1243162e-06,-1.1243162e-06,-1.9840875e-07,-1.9840875e-07,-1.1243162e-06,-1.1243162e-06,-1.9840875e-07,-1.9840875e-07,-7.7715612e-16,-7.7715612e-16,-2.220446e-15,-2.220446e-15,-1.322725e-06,-1.322725e-06,-3.1086245e-15,-3.1086245e-15,1.9984014e-15,1.9984014e-15,3.5527137e-15,3.5527137e-15,0.15668006,0.15668006,1.9840895e-07,1.9840895e-07,0.15668006,0.15668006,1.9840896e-07,1.9840896e-07,0.15668026,0.15668026,2.0783375e-13,2.0783375e-13,0.15667893,0.15667893,0.15667893,0.15667893,-1.9840875e-07,-1.9840875e-07,9.3181052e-08,9.3181052e-08,1.3322676e-15,1.3322676e-15,1.0362362e-07,1.0362362e-07,-1.0442565e-08,-1.0442565e-08,0.15668026,0.15668026,2.0783375e-13,2.0783375e-13,2.5068841,2.5068841,3.3221204e-12,3.3221204e-12,1.2534421,1.2534421,1.6594504e-12,1.6594504e-12,0.15667893,0.15667893,1.3227252e-06,1.3227252e-06,0.031335787,0.031335787,3.883005e-14,3.883005e-14,-4.6806666e-14,-4.6806666e-14,4.0466429e-14,4.0466429e-14,-3.3306691e-16,-3.3306691e-16,-2.220446e-16,-2.220446e-16,-1.322725e-06,-1.322725e-06,-6.9944051e-15,-6.9944051e-15,0,0,-1.9984014e-15,-1.9984014e-15,0,0,0,0
0.15667909,0.15667909,-0.15667909,-0.15667909,-2.0339286e-13,-2.0339286e-13,-2.0583535e-13,-2.0583535e-13,-0.15667909,-0.15667909,-1.0681004e-06,-1.0681004e-06,-1.8848832e-07,-1.8848832e-07,-1.0681004e-06,-1.0681004e-06,-1.8848832e-07,-1.8848832e-07,0,0,0.15668035,0.15668035,2.0827784e-13,2.0827784e-13,1.4766366e-07,1.4766366e-07,1.4766366e-07,1.4766366e-07,2.0330959e-15,2.0330959e-15,-1.0681004e-06,-1.0681004e-06,-1.8848831e-07,-1.8848831e-07,-1.0681004e-06,-1.0681004e-06,-1.8848831e-07,-1.8848831e-07,-7.7715612e-16,-7.7715612e-16,-2.220446e-15,-2.220446e-15,-1.2565887e-06,-1.2565887e-06,-3.1086245e-15,-3.1086245e-15,1.9984014e-15,1.9984014e-15,3.5527137e-15,3.5527137e-15,0.15668016,0.15668016,1.8848852e-07,1.8848852e-07,0.15668016,0.15668016,1.8848852e-07,1.8848852e-07,0.15668035,0.15668035,2.0894397e-13,2.0894397e-13,0.15667909,0.15667909,0.15667909,0.15667909,-1.8848831e-07,-1.8848831e-07,8.8522e-08,8.8522e-08,1.3322676e-15,1.3322676e-15,9.8442437e-08,9.8442437e-08,-9.9204364e-09,-9.9204364e-09,0.15668035,0.15668035,2.0894397e-13,2.0894397e-13,2.5068855,2.5068855,3.3394398e-12,3.3394398e-12,1.2534428,1.2534428,1.6682211e-12,1.6682211e-12,0.15667909,0.15667909,1.2565889e-06,1.2565889e-06,0.031335818,0.031335818,3.9052095e-14,3.9052095e-14,-4.7437417e-14,-4.7437417e-14,4.1011735e-14,4.1011735e-14,-3.3306691e-16,-3.3306691e-16,-2.220446e-16,-2.220446e-16,-1.2565887e-06,-1.2565887e-06,-6.9944051e-15,-6.9944051e-15,0,0,-1.9984014e-15,-1.9984014e-15,0,0,0,0
0.15667924,0.15667924,-0.15667924,-0.15667924,-2.0439206e-13,-2.0439206e-13,-2.0694557e-13,-2.0694557e-13,-0.15667924,-0.15667924,-1.0146954e-06,-1.0146954e-06,-1.790639e-07,-1.790639e-07,-1.0146954e-06,-1.0146954e-06,-1.790639e-07,-1.790639e-07,0,0,0.15668043,0.15668043,2.0938806e-13,2.0938806e-13,1.4028047e-07,1.4028047e-07,1.4028047e-07,1.4028047e-07,2.0330959e-15,2.0330959e-15,-1.0146954e-06,-1.0146954e-06,-1.790639e-07,-1.790639e-07,-1.0146954e-06,-1.0146954e-06,-1.790639e-07,-1.790639e-07,-7.7715612e-16,-7.7715612e-16,-2.220446e-15,-2.220446e-15,-1.1937593e-06,-1.1937593e-06,-3.1086245e-15,-3.1086245e-15,1.9984014e-15,1.9984014e-15,3.5527137e-15,3.5527137e-15,0.15668025,0.15668025,1.790641e-07,1.790641e-07,0.15668025,0.15668025,1.790641e-07,1.790641e-07,0.15668043,0.15668043,2.100542e-13,2.100542e-13,0.15667924,0.15667924,0.15667924,0.15667924,-1.7906389e-07,-1.7906389e-07,8.40959e-08,8.40959e-08,1.3322676e-15,1.3322676e-15,9.3520315e-08,9.3520315e-08,-9.4244145e-09,-9.4244145e-09,0.15668043,0.15668043,2.100542e-13,2.100542e-13,2.5068869,2.5068869,3.3568703e-12,3.3568703e-12,1.2534434,1.2534434,1.6768809e-12,1.6768809e-12,0.15667924,0.15667924,1.1937595e-06,1.1937595e-06,0.031335847,0.031335847,3.9274139e-14,3.9274139e-14,-4.8068532e-14,-4.8068532e-14,4.1557357e-14,4.1557357e-14,-3.3306691e-16,-3.3306691e-16,-2.220446e-16,-2.220446e-16,-1.1937593e-06,-1.1937593e-06,-6.9944051e-15,-6.9944051e-15,0,0,-1.9984014e-15,-1.9984014e-15,0,0,0,0
0.15667938,0.15667938,-0.15667938,-0.15667938,-2.056133e-13,-2.056133e-13,-2.0805579e-13,-2.0805579e-13,-0.15667938,-0.15667938,-9.6396064e-07,-9.6396064e-07,-1.7011071e-07,-1.7011071e-07,-9.6396064e-07,-9.6396064e-07,-1.7011071e-07,-1.7011071e-07,0,0,0.15668051,0.15668051,2.1049829e-13,2.1049829e-13,1.3326645e-07,1.3326645e-07,1.3326645e-07,1.3326645e-07,2.0330959e-15,2.0330959e-15,-9.6396064e-07,-9.6396064e-07,-1.701107e-07,-1.701107e-07,-9.6396064e-07,-9.6396064e-07,-1.701107e-07,-1.701107e-07,-7.7715612e-16,-7.7715612e-16,-2.220446e-15,-2.220446e-15,-1.1340713e-06,-1.1340713e-06,-3.1086245e-15,-3.1086245e-15,1.9984014e-15,1.9984014e-15,3.5527137e-15,3.5527137e-15,0.15668034,0.15668034,1.7011091e-07,1.7011091e-07,0.15668034,0.15668034,1.7011091e-07,1.7011091e-07,0.15668051,0.15668051,2.1116442e-13,2.1116442e-13,0.15667938,0.15667938,0.15667938,0.15667938,-1.701107e-07,-1.701107e-07,7.9891105e-08,7.9891105e-08,1.3322676e-15,1.3322676e-15,8.8844299e-08,8.8844299e-08,-8.9531936e-09,-8.9531936e-09,0.15668051,0.15668051,2.1116442e-13,2.1116442e-13,2.5068882,2.5068882,3.3743008e-12,3.3743008e-12,1.2534441,1.2534441,1.6855406e-12,1.6855406e-12,0.15667938,0.15667938,1.1340715e-06,1.1340715e-06,0.031335875,0.031335875,3.9496184e-14,3.9496184e-14,-4.8700004e-14,-4.8700004e-14,4.2103288e-14,4.2103288e-14,-3.3306691e-16,-3.3306691e-16,-2.220446e-16,-2.220446e-16,-1.1340713e-06,-1.1340713e-06,-6.9944051e-15,-6.9944051e-15,0,0,-1.9984014e-15,-1.9984014e-15,0,0,0,0
0.15667951,0.15667951,-0.15667951,-0.15667951,-2.0672353e-13,-2.0672353e-13,-2.0916602e-13,-2.0916602e-13,-0.15667951,-0.15667951,-9.1576261e-07,-9.1576261e-07,-1.6160517e-07,-1.6160517e-07,-9.1576261e-07,-9.1576261e-07,-1.6160517e-07,-1.6160517e-07,0,0,0.15668059,0.15668059,2.1160851e-13,2.1160851e-13,1.2660313e-07,1.2660313e-07,1.2660313e-07,1.2660313e-07,2.0330959e-15,2.0330959e-15,-9.1576261e-07,-9.1576261e-07,-1.6160517e-07,-1.6160517e-07,-9.157626e-07,-9.157626e-07,-1.6160517e-07,-1.6160517e-07,-7.7715612e-16,-7.7715612e-16,-2.220446e-15,-2.220446e-15,-1.0773678e-06,-1.0773678e-06,-3.1086245e-15,-3.1086245e-15,1.9984014e-15,1.9984014e-15,3.5527137e-15,3.5527137e-15,0.15668042,0.15668042,1.6160538e-07,1.6160538e-07,0.15668042,0.15668042,1.6160538e-07,1.6160538e-07,0.15668059,0.15668059,2.1227464e-13,2.1227464e-13,0.15667951,0.15667951,0.15667951,0.15667951,-1.6160516e-07,-1.6160516e-07,7.589655e-08,7.589655e-08,1.3322676e-15,1.3322676e-15,8.4402085e-08,8.4402085e-08,-8.5055339e-09,-8.5055339e-09,0.15668059,0.15668059,2.1227464e-13,2.1227464e-13,2.5068894,2.5068894,3.3917313e-12,3.3917313e-12,1.2534447,1.2534447,1.6943114e-12,1.6943114e-12,0.15667951,0.15667951,1.077368e-06,1.077368e-06,0.031335902,0.031335902,3.9718229e-14,3.9718229e-14,-4.9331825e-14,-4.9331825e-14,4.2649519e-14,4.2649519e-14,-3.3306691e-16,-3.3306691e-16,-2.220446e-16,-2.220446e-16,-1.0773678e-06,-1.0773678e-06,-6.9944051e-15,-6.9944051e-15,0,0,-1.9984014e-15,-1.9984014e-15,0,0,0,0
0.15667963,0.15667963,-0.15667963,-0.15667963,-2.0761171e-13,-2.0761171e-13,-2.1016522e-13,-2.1016522e-13,-0.15667963,-0.15667963,-8.6997448e-07,-8.6997448e-07,-1.5352491e-07,-1.5352491e-07,-8.6997448e-07,-8.6997448e-07,-1.5352491e-07,-1.5352491e-07,0,0,0.15668066,0.15668066,2.1271873e-13,2.1271873e-13,1.2027297e-07,1.2027297e-07,1.2027297e-07,1.2027297e-07,2.0330959e-15,2.0330959e-15,-8.6997448e-07,-8.6997448e-07,-1.5352491e-07,-1.5352491e-07,-8.6997447e-07,-8.6997447e-07,-1.5352491e-07,-1.5352491e-07,-7.7715612e-16,-7.7715612e-16,-2.220446e-15,-2.220446e-15,-1.0234994e-06,-1.0234994e-06,-3.1086245e-15,-3.1086245e-15,1.9984014e-15,1.9984014e-15,3.5527137e-15,3.5527137e-15,0.1566805,0.1566805,1.5352512e-07,1.5352512e-07,0.1566805,0.1566805,1.5352512e-07,1.5352512e-07,0.15668066,0.15668066,2.1316282e-13,2.1316282e-13,0.15667963,0.15667963,0.15667963,0.15667963,-1.5352491e-07,-1.5352491e-07,7.2101722e-08,7.2101722e-08,1.3322676e-15,1.3322676e-15,8.018198e-08,8.018198e-08,-8.0802572e-09,-8.0802572e-09,0.15668066,0.15668066,2.1316282e-13,2.1316282e-13,2.5068905,2.5068905,3.4090508e-12,3.4090508e-12,1.2534453,1.2534453,1.7029711e-12,1.7029711e-12,0.15667963,0.15667963,1.0234996e-06,1.0234996e-06,0.031335927,0.031335927,3.9912518e-14,3.9912518e-14,-4.9963986e-14,-4.9963986e-14,4.3196046e-14,4.3196046e-14,-3.3306691e-16,-3.3306691e-16,-2.220446e-16,-2.220446e-16,-1.0234994e-06,-1.0234994e-06,-6.9944051e-15,-6.9944051e-15,0,0,-1.9984014e-15,-1.9984014e-15,0,0,0,0
0.15667975,0.15667975,-0.15667975,-0.15667975,-2.0872193e-13,-2.0872193e-13,-2.1127544e-13,-2.1127544e-13,-0.15667975,-0.15667975,-8.2647575e-07,-8.2647575e-07,-1.4584867e-07,-1.4584867e-07,-8.2647575e-07,-8.2647575e-07,-1.4584867e-07,-1.4584867e-07,0,0,0.15668073,0.15668073,2.1382895e-13,2.1382895e-13,1.1425932e-07,1.1425932e-07,1.1425932e-07,1.1425932e-07,2.0330959e-15,2.0330959e-15,-8.2647575e-07,-8.2647575e-07,-1.4584866e-07,-1.4584866e-07,-8.2647575e-07,-8.2647575e-07,-1.4584866e-07,-1.4584866e-07,-7.7715612e-16,-7.7715612e-16,-2.220446e-15,-2.220446e-15,-9.7232441e-07,-9.7232441e-07,-3.1086245e-15,-3.1086245e-15,1.9984014e-15,1.9984014e-15,3.5527137e-15,3.5527137e-15,0.15668058,0.15668058,1.4584887e-07,1.4584887e-07,0.15668058,0.15668058,1.4584888e-07,1.4584888e-07,0.15668073,0.15668073,2.1427304e-13,2.1427304e-13,0.15667975,0.15667975,0.15667975,0.15667975,-1.4584866e-07,-1.4584866e-07,6.8496636e-08,6.8496636e-08,1.3322676e-15,1.3322676e-15,7.6172881e-08,7.6172881e-08,-7.6762443e-09,-7.6762443e-09,0.15668073,0.15668073,2.1427304e-13,2.1427304e-13,2.5068916,2.5068916,3.4264813e-12,3.4264813e-12,1.2534458,1.2534458,1.7117419e-12,1.7117419e-12,0.15667975,0.15667975,9.7232462e-07,9.7232462e-07,0.031335951,0.031335951,4.0134562e-14,4.0134562e-14,-5.059648e-14,-5.059648e-14,4.374286e-14,4.374286e-14,-3.3306691e-16,-3.3306691e-16,-2.220446e-16,-2.220446e-16,-9.7232441e-07,-9.7232441e-07,-6.9944051e-15,-6.9944051e-15,0,0,-1.9984014e-15,-1.9984014e-15,0,0,0,0
0.15667987,0.15667987,-0.15667987,-0.15667987,-2.0983215e-13,-2.0983215e-13,-2.1238566e-13,-2.1238566e-13,-0.15667987,-0.15667987,-7.8515196e-07,-7.8515196e-07,-1.3855623e-07,-1.3855623e-07,-7.8515196e-07,-7.8515196e-07,-1.3855623e-07,-1.3855623e-07,0,0,0.15668079,0.15668079,2.1493918e-13,2.1493918e-13,1.0854636e-07,1.0854636e-07,1.0854636e-07,1.0854636e-07,2.0330959e-15,2.0330959e-15,-7.8515196e-07,-7.8515196e-07,-1.3855623e-07,-1.3855623e-07,-7.8515196e-07,-7.8515196e-07,-1.3855623e-07,-1.3855623e-07,-8.0491169e-16,-8.0491169e-16,-2.220446e-15,-2.220446e-15,-9.2370819e-07,-9.2370819e-07,-3.1086245e-15,-3.1086245e-15,1.9984014e-15,1.9984014e-15,3.5527137e-15,3.5527137e-15,0.15668065,0.15668065,1.3855644e-07,1.3855644e-07,0.15668065,0.15668065,1.3855644e-07,1.3855644e-07,0.15668079,0.15668079,2.1538327e-13,2.1538327e-13,0.15667987,0.15667987,0.15667987,0.15667987,-1.3855623e-07,-1.3855623e-07,6.5071804e-08,6.5071804e-08,1.3322676e-15,1.3322676e-15,7.2364237e-08,7.2364237e-08,-7.292432e-09,-7.292432e-09,0.15668079,0.15668079,2.1538327e-13,2.1538327e-13,2.5068927,2.5068927,3.4439118e-12,3.4439118e-12,1.2534463,1.2534463,1.7204016e-12,1.7204016e-12,0.15667987,0.15667987,9.237084e-07,9.237084e-07,0.031335974,0.031335974,4.0356607e-14,4.0356607e-14,-5.1229299e-14,-5.1229299e-14,4.4289955e-14,4.4289955e-14,-3.3306691e-16,-3.3306691e-16,-2.220446e-16,-2.220446e-16,-9.2370819e-07,-9.2370819e-07,-6.9944051e-15,-6.9944051e-15,0,0,-1.9984014e-15,-1.9984014e-15,0,0,0,0
0.15667998,0.15667998,-0.15667998,-0.15667998,-2.1072033e-13,-2.1072033e-13,-2.1349589e-13,-2.1349589e-13,-0.15667998,-0.15667998,-7.4589437e-07,-7.4589437e-07,-1.3162842e-07,-1.3162842e-07,-7.4589437e-07,-7.4589437e-07,-1.3162842e-07,-1.3162842e-07,0,0,0.15668085,0.15668085,2.160494e-13,2.160494e-13,1.0311904e-07,1.0311904e-07,1.0311904e-07,1.0311904e-07,2.0330959e-15,2.0330959e-15,-7.4589437e-07,-7.4589437e-07,-1.3162842e-07,-1.3162842e-07,-7.4589436e-07,-7.4589436e-07,-1.3162842e-07,-1.3162842e-07,-8.0491169e-16,-8.0491169e-16,-2.220446e-15,-2.220446e-15,-8.7752278e-07,-8.7752278e-07,-3.1086245e-15,-3.1086245e-15,1.9984014e-15,1.9984014e-15,3.5527137e-15,3.5527137e-15,0.15668072,0.15668072,1.3162863e-07,1.3162863e-07,0.15668072,0.15668072,1.3162863e-07,1.3162863e-07,0.15668085,0.15668085,2.1649349e-13,2.1649349e-13,0.15667998,0.15667998,0.15667998,0.15667998,-1.3162842e-07,-1.3162842e-07,6.1818214e-08,6.1818214e-08,1.3322676e-15,1.3322676e-15,6.8746026e-08,6.8746026e-08,-6.9278103e-09,-6.9278103e-09,0.15668085,0.15668085,2.1649349e-13,2.1649349e-13,2.5068936,2.5068936,3.4613423e-12,3.4613423e-12,1.2534468,1.2534468,1.7290613e-12,1.7290613e-12,0.15667998,0.15667998,8.7752299e-07,8.7752299e-07,0.031335995,0.031335995,4.0578652e-14,4.0578652e-14,-5.1862435e-14,-5.1862435e-14,4.4837324e-14,4.4837324e-14,-3.3306691e-16,-3.3306691e-16,-2.220446e-16,-2.220446e-16,-8.7752278e-07,-8.7752278e-07,-6.9944051e-15,-6.9944051e-15,0,0,-1.9984014e-15,-1.9984014e-15,0,0,0,0
0.15668008,0.15668008,-0.15668008,-0.15668008,-2.120526e-13,-2.120526e-13,-2.1460611e-13,-2.1460611e-13,-0.15668008,-0.15668008,-7.0859965e-07,-7.0859965e-07,-1.25047e-07,-1.25047e-07,-7.0859965e-07,-7.0859965e-07,-1.25047e-07,-1.25047e-07,0,0,0.15668091,0.15668091,2.1715962e-13,2.1715962e-13,9.7963087e-08,9.7963087e-08,9.7963086e-08,9.7963086e-08,2.0330959e-15,2.0330959e-15,-7.0859965e-07,-7.0859965e-07,-1.25047e-07,-1.25047e-07,-7.0859965e-07,-7.0859965e-07,-1.25047e-07,-1.25047e-07,-8.0491169e-16,-8.0491169e-16,-2.220446e-15,-2.220446e-15,-8.3364664e-07,-8.3364664e-07,-3.1086245e-15,-3.1086245e-15,1.9984014e-15,1.9984014e-15,3.5527137e-15,3.5527137e-15,0.15668079,0.15668079,1.2504721e-07,1.2504721e-07,0.15668079,0.15668079,1.2504721e-07,1.2504721e-07,0.15668091,0.15668091,2.1760371e-13,2.1760371e-13,0.15668008,0.15668008,0.15668008,0.15668008,-1.25047e-07,-1.25047e-07,5.8727304e-08,5.8727304e-08,1.3322676e-15,1.3322676e-15,6.5308724e-08,6.5308724e-08,-6.5814197e-09,-6.5814197e-09,0.15668091,0.15668091,2.1760371e-13,2.1760371e-13,2.5068946,2.5068946,3.4786618e-12,3.4786618e-12,1.2534473,1.2534473,1.7378321e-12,1.7378321e-12,0.15668008,0.15668008,8.3364686e-07,8.3364686e-07,0.031336016,0.031336016,4.0800696e-14,4.0800696e-14,-5.2495882e-14,-5.2495882e-14,4.5384962e-14,4.5384962e-14,-3.3306691e-16,-3.3306691e-16,-2.220446e-16,-2.220446e-16,-8.3364664e-07,-8.3364664e-07,-6.9944051e-15,-6.9944051e-15,0,0,-1.9984014e-15,-1.9984014e-15,0,0,0,0
0.15668018,0.15668018,-0.15668018,-0.15668018,-2.1294078e-13,-2.1294078e-13,-2.1560531e-13,-2.1560531e-13,-0.15668018,-0.15668018,-6.7316967e-07,-6.7316967e-07,-1.1879465e-07,-1.1879465e-07,-6.7316967e-07,-6.7316967e-07,-1.1879465e-07,-1.1879465e-07,0,0,0.15668097,0.15668097,2.180478e-13,2.180478e-13,9.3064932e-08,9.3064932e-08,9.3064932e-08,9.3064932e-08,2.0330959e-15,2.0330959e-15,-6.7316967e-07,-6.7316967e-07,-1.1879465e-07,-1.1879465e-07,-6.7316966e-07,-6.7316966e-07,-1.1879465e-07,-1.1879465e-07,-8.0491169e-16,-8.0491169e-16,-2.220446e-15,-2.220446e-15,-7.9196431e-07,-7.9196431e-07,-3.1086245e-15,-3.1086245e-15,1.9984014e-15,1.9984014e-15,3.5527137e-15,3.5527137e-15,0.15668085,0.15668085,1.1879486e-07,1.1879486e-07,0.15668085,0.15668085,1.1879486e-07,1.1879486e-07,0.15668097,0.15668097,2.1871394e-13,2.1871394e-13,0.15668018,0.15668018,0.15668018,0.15668018,-1.1879465e-07,-1.1879465e-07,5.5790939e-08,5.5790939e-08,1.3322676e-15,1.3322676e-15,6.2043288e-08,6.2043288e-08,-6.2523487e-09,-6.2523487e-09,0.15668097,0.15668097,2.1871394e-13,2.1871394e-13,2.5068955,2.5068955,3.4960923e-12,3.4960923e-12,1.2534477,1.2534477,1.7464918e-12,1.7464918e-12,0.15668018,0.15668018,7.9196452e-07,7.9196452e-07,0.031336035,0.031336035,4.1022741e-14,4.1022741e-14,-5.3129632e-14,-5.3129632e-14,4.5932863e-14,4.5932863e-14,-3.3306691e-16,-3.3306691e-16,-2.220446e-16,-2.220446e-16,-7.9196431e-07,-7.9196431e-07,-6.9944051e-15,-6.9944051e-15,0,0,-1.9984014e-15,-1.9984014e-15,0,0,0,0
0.15668027,0.15668027,-0.15668027,-0.15668027,-2.1427304e-13,-2.1427304e-13,-2.1671553e-13,-2.1671553e-13,-0.15668027,-0.15668027,-6.3951118e-07,-6.3951118e-07,-1.1285492e-07,-1.1285492e-07,-6.3951118e-07,-6.3951118e-07,-1.1285492e-07,-1.1285492e-07,0,0,0.15668102,0.15668102,2.1915803e-13,2.1915803e-13,8.8411686e-08,8.8411686e-08,8.8411686e-08,8.8411686e-08,2.0330959e-15,2.0330959e-15,-6.3951118e-07,-6.3951118e-07,-1.1285492e-07,-1.1285492e-07,-6.3951118e-07,-6.3951118e-07,-1.1285491e-07,-1.1285491e-07,-8.0491169e-16,-8.0491169e-16,-2.220446e-15,-2.220446e-15,-7.523661e-07,-7.523661e-07,-3.1086245e-15,-3.1086245e-15,1.9984014e-15,1.9984014e-15,3.5527137e-15,3.5527137e-15,0.15668091,0.15668091,1.1285513e-07,1.1285513e-07,0.15668091,0.15668091,1.1285513e-07,1.1285513e-07,0.15668102,0.15668102,2.1982416e-13,2.1982416e-13,0.15668027,0.15668027,0.15668027,0.15668027,-1.1285491e-07,-1.1285491e-07,5.3001392e-08,5.3001392e-08,1.3322676e-15,1.3322676e-15,5.8941124e-08,5.8941124e-08,-5.9397313e-09,-5.9397313e-09,0.15668102,0.15668102,2.1982416e-13,2.1982416e-13,2.5068963,2.5068963,3.5135228e-12,3.5135228e-12,1.2534482,1.2534482,1.7551516e-12,1.7551516e-12,0.15668027,0.15668027,7.5236631e-07,7.5236631e-07,0.031336054,0.031336054,4.121703e-14,4.121703e-14,-5.3763678e-14,-5.3763678e-14,4.6481019e-14,4.6481019e-14,-3.3306691e-16,-3.3306691e-16,-2.220446e-16,-2.220446e-16,-7.523661e-07,-7.523661e-07,-6.9944051e-15,-6.9944051e-15,0,0,-1.9984014e-15,-1.9984014e-15,0,0,0,0
0.15668036,0.15668036,-0.15668036,-0.15668036,-2.1516122e-13,-2.1516122e-13,-2.1782576e-13,-2.1782576e-13,-0.15668036,-0.15668036,-6.0753562e-07,-6.0753562e-07,-1.0721217e-07,-1.0721217e-07,-6.0753562e-07,-6.0753562e-07,-1.0721217e-07,-1.0721217e-07,0,0,0.15668107,0.15668107,2.2026825e-13,2.2026825e-13,8.3991102e-08,8.3991102e-08,8.3991101e-08,8.3991101e-08,2.0330959e-15,2.0330959e-15,-6.0753562e-07,-6.0753562e-07,-1.0721217e-07,-1.0721217e-07,-6.0753562e-07,-6.0753562e-07,-1.0721217e-07,-1.0721217e-07,-8.0491169e-16,-8.0491169e-16,-2.220446e-15,-2.220446e-15,-7.1474779e-07,-7.1474779e-07,-3.1086245e-15,-3.1086245e-15,1.9984014e-15,1.9984014e-15,3.5527137e-15,3.5527137e-15,0.15668096,0.15668096,1.0721239e-07,1.0721239e-07,0.15668096,0.15668096,1.0721239e-07,1.0721239e-07,0.15668107,0.15668107,2.2093438e-13,2.2093438e-13,0.15668036,0.15668036,0.15668036,0.15668036,-1.0721217e-07,-1.0721217e-07,5.0351322e-08,5.0351322e-08,1.3322676e-15,1.3322676e-15,5.5994068e-08,5.5994068e-08,-5.6427446e-09,-5.6427446e-09,0.15668107,0.15668107,2.2093438e-13,2.2093438e-13,2.5068971,2.5068971,3.5309533e-12,3.5309533e-12,1.2534486,1.2534486,1.7639223e-12,1.7639223e-12,0.15668036,0.15668036,7.1474801e-07,7.1474801e-07,0.031336071,0.031336071,4.1439074e-14,4.1439074e-14,-5.4398013e-14,-5.4398013e-14,4.7029426e-14,4.7029426e-14,-3.3306691e-16,-3.3306691e-16,-2.220446e-16,-2.220446e-16,-7.1474779e-07,-7.1474779e-07,-6.9944051e-15,-6.9944051e-15,0,0,-1.9984014e-15,-1.9984014e-15,0,0,0,0
0.15668044,0.15668044,-0.15668044,-0.15668044,-2.1627145e-13,-2.1627145e-13,-2.1893598e-13,-2.1893598e-13,-0.15668044,-0.15668044,-5.7715884e-07,-5.7715884e-07,-1.0185156e-07,-1.0185156e-07,-5.7715884e-07,-5.7715884e-07,-1.0185156e-07,-1.0185156e-07,0,0,0.15668112,0.15668112,2.2137847e-13,2.2137847e-13,7.9791547e-08,7.9791547e-08,7.9791546e-08,7.9791546e-08,2.0330959e-15,2.0330959e-15,-5.7715884e-07,-5.7715884e-07,-1.0185156e-07,-1.0185156e-07,-5.7715884e-07,-5.7715884e-07,-1.0185156e-07,-1.0185156e-07,-8.0491169e-16,-8.0491169e-16,-2.220446e-15,-2.220446e-15,-6.790104e-07,-6.790104e-07,-3.1086245e-15,-3.1086245e-15,1.9984014e-15,1.9984014e-15,3.5527137e-15,3.5527137e-15,0.15668102,0.15668102,1.0185178e-07,1.0185178e-07,0.15668102,0.15668102,1.0185178e-07,1.0185178e-07,0.15668112,0.15668112,2.220446e-13,2.220446e-13,0.15668044,0.15668044,0.15668044,0.15668044,-1.0185156e-07,-1.0185156e-07,4.7833756e-08,4.7833756e-08,1.3322676e-15,1.3322676e-15,5.3194364e-08,5.3194364e-08,-5.3606073e-09,-5.3606073e-09,0.15668112,0.15668112,2.220446e-13,2.220446e-13,2.5068979,2.5068979,3.5482728e-12,3.5482728e-12,1.253449,1.253449,1.7725821e-12,1.7725821e-12,0.15668044,0.15668044,6.7901062e-07,6.7901062e-07,0.031336088,0.031336088,4.1661119e-14,4.1661119e-14,-5.5032631e-14,-5.5032631e-14,4.7578077e-14,4.7578077e-14,-3.3306691e-16,-3.3306691e-16,-2.220446e-16,-2.220446e-16,-6.790104e-07,-6.790104e-07,-6.9944051e-15,-6.9944051e-15,0,0,-1.9984014e-15,-1.9984014e-15,0,0,0,0
0.15668052,0.15668052,-0.15668052,-0.15668052,-2.1738167e-13,-2.1738167e-13,-2.200462e-13,-2.200462e-13,-0.15668052,-0.15668052,-5.483009e-07,-5.483009e-07,-9.6758987e-08,-9.6758987e-08,-5.483009e-07,-5.483009e-07,-9.6758987e-08,-9.6758987e-08,0,0,0.15668116,0.15668116,2.2248869e-13,2.2248869e-13,7.5801969e-08,7.5801969e-08,7.5801969e-08,7.5801969e-08,2.0330959e-15,2.0330959e-15,-5.483009e-07,-5.483009e-07,-9.6758984e-08,-9.6758984e-08,-5.483009e-07,-5.483009e-07,-9.6758982e-08,-9.6758982e-08,-8.0491169e-16,-8.0491169e-16,-2.220446e-15,-2.220446e-15,-6.4505988e-07,-6.4505988e-07,-3.1086245e-15,-3.1086245e-15,1.9984014e-15,1.9984014e-15,3.5527137e-15,3.5527137e-15,0.15668107,0.15668107,9.6759204e-08,9.6759204e-08,0.15668107,0.15668107,9.6759204e-08,9.6759204e-08,0.15668116,0.15668116,2.2315483e-13,2.2315483e-13,0.15668052,0.15668052,0.15668052,0.15668052,-9.6758981e-08,-9.6758981e-08,4.5442068e-08,4.5442068e-08,1.3322676e-15,1.3322676e-15,5.0534646e-08,5.0534646e-08,-5.0925769e-09,-5.0925769e-09,0.15668116,0.15668116,2.2315483e-13,2.2315483e-13,2.5068986,2.5068986,3.5657033e-12,3.5657033e-12,1.2534493,1.2534493,1.7813528e-12,1.7813528e-12,0.15668052,0.15668052,6.450601e-07,6.450601e-07,0.031336104,0.031336104,4.1883164e-14,4.1883164e-14,-5.5667526e-14,-5.5667526e-14,4.8126967e-14,4.8126967e-14,-3.3306691e-16,-3.3306691e-16,-2.220446e-16,-2.220446e-16,-6.4505988e-07,-6.4505988e-07,-6.9944051e-15,-6.9944051e-15,0,0,-1.9984014e-15,-1.9984014e-15,0,0,0,0
0.15668059,0.15668059,-0.15668059,-0.15668059,-2.1849189e-13,-2.1849189e-13,-2.210454e-13,-2.210454e-13,-0.15668059,-0.15668059,-5.2088585e-07,-5.2088585e-07,-9.1921038e-08,-9.1921038e-08,-5.2088585e-07,-5.2088585e-07,-9.1921038e-08,-9.1921038e-08,0,0,0.15668121,0.15668121,2.2359892e-13,2.2359892e-13,7.2011871e-08,7.2011871e-08,7.2011871e-08,7.2011871e-08,2.0330959e-15,2.0330959e-15,-5.2088585e-07,-5.2088585e-07,-9.1921035e-08,-9.1921035e-08,-5.2088585e-07,-5.2088585e-07,-9.1921033e-08,-9.1921033e-08,-8.0491169e-16,-8.0491169e-16,-2.220446e-15,-2.220446e-15,-6.1280689e-07,-6.1280689e-07,-3.1086245e-15,-3.1086245e-15,1.9984014e-15,1.9984014e-15,3.5527137e-15,3.5527137e-15,0.15668112,0.15668112,9.1921256e-08,9.1921256e-08,0.15668112,0.15668112,9.1921256e-08,9.1921256e-08,0.15668121,0.15668121,2.2404301e-13,2.2404301e-13,0.15668059,0.15668059,0.15668059,0.15668059,-9.1921032e-08,-9.1921032e-08,4.3169965e-08,4.3169965e-08,1.3322676e-15,1.3322676e-15,4.8007914e-08,4.8007914e-08,-4.837948e-09,-4.837948e-09,0.15668121,0.15668121,2.2404301e-13,2.2404301e-13,2.5068993,2.5068993,3.5831338e-12,3.5831338e-12,1.2534497,1.2534497,1.7900126e-12,1.7900126e-12,0.15668059,0.15668059,6.1280711e-07,6.1280711e-07,0.031336119,0.031336119,4.2105208e-14,4.2105208e-14,-5.630269e-14,-5.630269e-14,4.8676091e-14,4.8676091e-14,-3.3306691e-16,-3.3306691e-16,-2.220446e-16,-2.220446e-16,-6.1280689e-07,-6.1280689e-07,-6.9944051e-15,-6.9944051e-15,0,0,-1.9984014e-15,-1.9984014e-15,0,0,0,0
0.15668067,0.15668067,-0.15668067,-0.15668067,-2.1960211e-13,-2.1960211e-13,-2.2215563e-13,-2.2215563e-13,-0.15668067,-0.15668067,-4.9484156e-07,-4.9484156e-07,-8.7324986e-08,-8.7324986e-08,-4.9484156e-07,-4.9484156e-07,-8.7324986e-08,-8.7324986e-08,0,0,0.15668125,0.15668125,2.2470914e-13,2.2470914e-13,6.8411277e-08,6.8411277e-08,6.8411277e-08,6.8411277e-08,2.0330959e-15,2.0330959e-15,-4.9484156e-07,-4.9484156e-07,-8.7324983e-08,-8.7324983e-08,-4.9484156e-07,-4.9484156e-07,-8.7324981e-08,-8.7324981e-08,-8.0491169e-16,-8.0491169e-16,-2.220446e-15,-2.220446e-15,-5.8216654e-07,-5.8216654e-07,-3.1086245e-15,-3.1086245e-15,1.9984014e-15,1.9984014e-15,3.5527137e-15,3.5527137e-15,0.15668116,0.15668116,8.7325205e-08,8.7325205e-08,0.15668116,0.15668116,8.7325206e-08,8.7325206e-08,0.15668125,0.15668125,2.2515323e-13,2.2515323e-13,0.15668067,0.15668067,0.15668067,0.15668067,-8.7324981e-08,-8.7324981e-08,4.1011467e-08,4.1011467e-08,1.3322676e-15,1.3322676e-15,4.5607518e-08,4.5607518e-08,-4.5960505e-09,-4.5960505e-09,0.15668125,0.15668125,2.2515323e-13,2.2515323e-13,2.5069,2.5069,3.6005643e-12,3.6005643e-12,1.25345,1.25345,1.7986723e-12,1.7986723e-12,0.15668067,0.15668067,5.8216676e-07,5.8216676e-07,0.031336133,0.031336133,4.2327253e-14,4.2327253e-14,-5.6938118e-14,-5.6938118e-14,4.9225443e-14,4.9225443e-14,-3.3306691e-16,-3.3306691e-16,-2.220446e-16,-2.220446e-16,-5.8216654e-07,-5.8216654e-07,-6.9944051e-15,-6.9944051e-15,0,0,-1.9984014e-15,-1.9984014e-15,0,0,0,0
0.15668073,0.15668073,-0.15668073,-0.15668073,-2.2071234e-13,-2.2071234e-13,-2.2326585e-13,-2.2326585e-13,-0.15668073,-0.15668073,-4.7009948e-07,-4.7009948e-07,-8.2958737e-08,-8.2958737e-08,-4.7009948e-07,-4.7009948e-07,-8.2958737e-08,-8.2958737e-08,0,0,0.15668129,0.15668129,2.2581936e-13,2.2581936e-13,6.4990714e-08,6.4990714e-08,6.4990714e-08,6.4990714e-08,2.0330959e-15,2.0330959e-15,-4.7009948e-07,-4.7009948e-07,-8.2958734e-08,-8.2958734e-08,-4.7009948e-07,-4.7009948e-07,-8.2958732e-08,-8.2958732e-08,-8.3266727e-16,-8.3266727e-16,-2.220446e-15,-2.220446e-15,-5.5305822e-07,-5.5305822e-07,-3.1086245e-15,-3.1086245e-15,1.9984014e-15,1.9984014e-15,3.5527137e-15,3.5527137e-15,0.1566812,0.1566812,8.2958957e-08,8.2958957e-08,0.1566812,0.1566812,8.2958958e-08,8.2958958e-08,0.15668129,0.15668129,2.2626345e-13,2.2626345e-13,0.15668073,0.15668073,0.15668073,0.15668073,-8.2958732e-08,-8.2958732e-08,3.8960893e-08,3.8960893e-08,1.3322676e-15,1.3322676e-15,4.3327143e-08,4.3327143e-08,-4.366248e-09,-4.366248e-09,0.15668129,0.15668129,2.2626345e-13,2.2626345e-13,2.5069006,2.5069006,3.6178838e-12,3.6178838e-12,1.2534503,1.2534503,1.8074431e-12,1.8074431e-12,0.15668073,0.15668073,5.5305844e-07,5.5305844e-07,0.031336147,0.031336147,4.2521542e-14,4.2521542e-14,-5.7573803e-14,-5.7573803e-14,4.9775017e-14,4.9775017e-14,-3.3306691e-16,-3.3306691e-16,-2.220446e-16,-2.220446e-16,-5.5305822e-07,-5.5305822e-07,-6.9944051e-15,-6.9944051e-15,0,0,-1.9984014e-15,-1.9984014e-15,0,0,0,0
0.1566808,0.1566808,-0.1566808,-0.1566808,-2.2160052e-13,-2.2160052e-13,-2.2437607e-13,-2.2437607e-13,-0.1566808,-0.1566808,-4.4659451e-07,-4.4659451e-07,-7.88108e-08,-7.88108e-08,-4.4659451e-07,-4.4659451e-07,-7.88108e-08,-7.88108e-08,0,0,0.15668132,0.15668132,2.2692959e-13,2.2692959e-13,6.1741178e-08,6.1741178e-08,6.1741178e-08,6.1741178e-08,2.0330959e-15,2.0330959e-15,-4.4659451e-07,-4.4659451e-07,-7.8810797e-08,-7.8810797e-08,-4.4659451e-07,-4.4659451e-07,-7.8810795e-08,-7.8810795e-08,-8.3266727e-16,-8.3266727e-16,-2.220446e-15,-2.220446e-15,-5.254053e-07,-5.254053e-07,-3.1086245e-15,-3.1086245e-15,1.9984014e-15,1.9984014e-15,3.5527137e-15,3.5527137e-15,0.15668125,0.15668125,7.8811022e-08,7.8811022e-08,0.15668125,0.15668125,7.8811022e-08,7.8811022e-08,0.15668132,0.15668132,2.2737368e-13,2.2737368e-13,0.1566808,0.1566808,0.1566808,0.1566808,-7.8810795e-08,-7.8810795e-08,3.7012849e-08,3.7012849e-08,1.3322676e-15,1.3322676e-15,4.1160785e-08,4.1160785e-08,-4.1479356e-09,-4.1479356e-09,0.15668132,0.15668132,2.2737368e-13,2.2737368e-13,2.5069012,2.5069012,3.6353143e-12,3.6353143e-12,1.2534506,1.2534506,1.8161028e-12,1.8161028e-12,0.1566808,0.1566808,5.2540553e-07,5.2540553e-07,0.03133616,0.03133616,4.2743586e-14,4.2743586e-14,-5.8209741e-14,-5.8209741e-14,5.0324809e-14,5.0324809e-14,-3.3306691e-16,-3.3306691e-16,-2.220446e-16,-2.220446e-16,-5.254053e-07,-5.254053e-07,-6.9944051e-15,-6.9944051e-15,0,0,-1.9984014e-15,-1.9984014e-15,0,0,0,0
0.15668086,0.15668086,-0.15668086,-0.15668086,-2.2271074e-13,-2.2271074e-13,-2.254863e-13,-2.254863e-13,-0.15668086,-0.15668086,-4.2426478e-07,-4.2426478e-07,-7.487026e-08,-7.487026e-08,-4.2426478e-07,-4.2426478e-07,-7.487026e-08,-7.487026e-08,0,0,0.15668136,0.15668136,2.2803981e-13,2.2803981e-13,5.8654119e-08,5.8654119e-08,5.8654119e-08,5.8654119e-08,2.0330959e-15,2.0330959e-15,-4.2426478e-07,-4.2426478e-07,-7.4870258e-08,-7.4870258e-08,-4.2426478e-07,-4.2426478e-07,-7.4870256e-08,-7.4870256e-08,-8.3266727e-16,-8.3266727e-16,-2.220446e-15,-2.220446e-15,-4.9913504e-07,-4.9913504e-07,-3.1086245e-15,-3.1086245e-15,1.9984014e-15,1.9984014e-15,3.5527137e-15,3.5527137e-15,0.15668128,0.15668128,7.4870483e-08,7.4870483e-08,0.15668128,0.15668128,7.4870484e-08,7.4870484e-08,0.15668136,0.15668136,2.284839e-13,2.284839e-13,0.15668086,0.15668086,0.15668086,0.15668086,-7.4870255e-08,-7.4870255e-08,3.5162206e-08,3.5162206e-08,1.3322676e-15,1.3322676e-15,3.9102746e-08,3.9102746e-08,-3.9405387e-09,-3.9405387e-09,0.15668136,0.15668136,2.284839e-13,2.284839e-13,2.5069018,2.5069018,3.6527448e-12,3.6527448e-12,1.2534509,1.2534509,1.8247626e-12,1.8247626e-12,0.15668086,0.15668086,4.9913526e-07,4.9913526e-07,0.031336172,0.031336172,4.2965631e-14,4.2965631e-14,-5.8845924e-14,-5.8845924e-14,5.0874814e-14,5.0874814e-14,-3.3306691e-16,-3.3306691e-16,-2.220446e-16,-2.220446e-16,-4.9913504e-07,-4.9913504e-07,-6.9944051e-15,-6.9944051e-15,0,0,-1.9984014e-15,-1.9984014e-15,0,0,0,0
0.15668092,0.15668092,-0.15668092,-0.15668092,-2.2370994e-13,-2.2370994e-13,-2.2659652e-13,-2.2659652e-13,-0.15668092,-0.15668092,-4.0305155e-07,-4.0305155e-07,-7.1126748e-08,-7.1126748e-08,-4.0305155e-07,-4.0305155e-07,-7.1126748e-08,-7.1126748e-08,0,0,0.15668139,0.15668139,2.2892799e-13,2.2892799e-13,5.5721413e-08,5.5721413e-08,5.5721413e-08,5.5721413e-08,2.0330959e-15,2.0330959e-15,-4.0305155e-07,-4.0305155e-07,-7.1126745e-08,-7.1126745e-08,-4.0305154e-07,-4.0305154e-07,-7.1126743e-08,-7.1126743e-08,-8.3266727e-16,-8.3266727e-16,-2.220446e-15,-2.220446e-15,-4.7417829e-07,-4.7417829e-07,-3.1086245e-15,-3.1086245e-15,1.9984014e-15,1.9984014e-15,3.5527137e-15,3.5527137e-15,0.15668132,0.15668132,7.1126971e-08,7.1126971e-08,0.15668132,0.15668132,7.1126972e-08,7.1126972e-08,0.15668139,0.15668139,2.2959412e-13,2.2959412e-13,0.15668092,0.15668092,0.15668092,0.15668092,-7.1126742e-08,-7.1126742e-08,3.3404096e-08,3.3404096e-08,1.3322676e-15,1.3322676e-15,3.7147609e-08,3.7147609e-08,-3.7435117e-09,-3.7435117e-09,0.15668139,0.15668139,2.2959412e-13,2.2959412e-13,2.5069023,2.5069023,3.6701753e-12,3.6701753e-12,1.2534511,1.2534511,1.8335333e-12,1.8335333e-12,0.15668092,0.15668092,4.7417851e-07,4.7417851e-07,0.031336184,0.031336184,4.3187676e-14,4.3187676e-14,-5.9482348e-14,-5.9482348e-14,5.1425027e-14,5.1425027e-14,-3.3306691e-16,-3.3306691e-16,-2.220446e-16,-2.220446e-16,-4.7417829e-07,-4.7417829e-07,-6.9944051e-15,-6.9944051e-15,0,0,-1.9984014e-15,-1.9984014e-15,0,0,0,0
0.15668097,0.15668097,-0.15668097,-0.15668097,-2.2482016e-13,-2.2482016e-13,-2.2759572e-13,-2.2759572e-13,-0.15668097,-0.15668097,-3.8289897e-07,-3.8289897e-07,-6.7570411e-08,-6.7570411e-08,-3.8289897e-07,-3.8289897e-07,-6.7570411e-08,-6.7570411e-08,0,0,0.15668142,0.15668142,2.3003821e-13,2.3003821e-13,5.2935343e-08,5.2935343e-08,5.2935343e-08,5.2935343e-08,2.0330959e-15,2.0330959e-15,-3.8289897e-07,-3.8289897e-07,-6.7570408e-08,-6.7570408e-08,-3.8289897e-07,-3.8289897e-07,-6.7570406e-08,-6.7570406e-08,-8.3266727e-16,-8.3266727e-16,-2.220446e-15,-2.220446e-15,-4.5046937e-07,-4.5046937e-07,-3.1086245e-15,-3.1086245e-15,1.9984014e-15,1.9984014e-15,3.5527137e-15,3.5527137e-15,0.15668136,0.15668136,6.7570635e-08,6.7570635e-08,0.15668136,0.15668136,6.7570636e-08,6.7570636e-08,0.15668142,0.15668142,2.3070434e-13,2.3070434e-13,0.15668097,0.15668097,0.15668097,0.15668097,-6.7570405e-08,-6.7570405e-08,3.1733892e-08,3.1733892e-08,1.3322676e-15,1.3322676e-15,3.5290229e-08,3.5290229e-08,-3.5563361e-09,-3.5563361e-09,0.15668142,0.15668142,2.3070434e-13,2.3070434e-13,2.5069028,2.5069028,3.6876058e-12,3.6876058e-12,1.2534514,1.2534514,1.8421931e-12,1.8421931e-12,0.15668097,0.15668097,4.504696e-07,4.504696e-07,0.031336195,0.031336195,4.340972e-14,4.340972e-14,-6.0119006e-14,-6.0119006e-14,5.1975443e-14,5.1975443e-14,-3.3306691e-16,-3.3306691e-16,-2.220446e-16,-2.220446e-16,-4.5046937e-07,-4.5046937e-07,-6.9944051e-15,-6.9944051e-15,0,0,-1.9984014e-15,-1.9984014e-15,0,0,0,0
0.15668103,0.15668103,-0.15668103,-0.15668103,-2.2604141e-13,-2.2604141e-13,-2.2870594e-13,-2.2870594e-13,-0.15668103,-0.15668103,-3.6375402e-07,-3.6375402e-07,-6.419189e-08,-6.419189e-08,-3.6375402e-07,-3.6375402e-07,-6.419189e-08,-6.419189e-08,0,0,0.15668145,0.15668145,2.3114843e-13,2.3114843e-13,5.0288576e-08,5.0288576e-08,5.0288576e-08,5.0288576e-08,2.0330959e-15,2.0330959e-15,-3.6375402e-07,-3.6375402e-07,-6.4191887e-08,-6.4191887e-08,-3.6375402e-07,-3.6375402e-07,-6.4191885e-08,-6.4191885e-08,-8.3266727e-16,-8.3266727e-16,-2.220446e-15,-2.220446e-15,-4.279459e-07,-4.279459e-07,-3.1086245e-15,-3.1086245e-15,2.220446e-15,2.220446e-15,3.5527137e-15,3.5527137e-15,0.15668139,0.15668139,6.4192116e-08,6.4192116e-08,0.15668139,0.15668139,6.4192117e-08,6.4192117e-08,0.15668145,0.15668145,2.3181457e-13,2.3181457e-13,0.15668103,0.15668103,0.15668103,0.15668103,-6.4191885e-08,-6.4191885e-08,3.0147197e-08,3.0147197e-08,1.3322676e-15,1.3322676e-15,3.3525717e-08,3.3525717e-08,-3.3785192e-09,-3.3785192e-09,0.15668145,0.15668145,2.3181457e-13,2.3181457e-13,2.5069033,2.5069033,3.7049253e-12,3.7049253e-12,1.2534516,1.2534516,1.8509638e-12,1.8509638e-12,0.15668103,0.15668103,4.2794613e-07,4.2794613e-07,0.031336205,0.031336205,4.3631765e-14,4.3631765e-14,-6.0755894e-14,-6.0755894e-14,5.2526057e-14,5.2526057e-14,-3.3306691e-16,-3.3306691e-16,-2.220446e-16,-2.220446e-16,-4.279459e-07,-4.279459e-07,-6.9944051e-15,-6.9944051e-15,0,0,-1.9984014e-15,-1.9984014e-15,0,0,0,0
0.15668108,0.15668108,-0.15668108,-0.15668108,-2.2692959e-13,-2.2692959e-13,-2.2981617e-13,-2.2981617e-13,-0.15668108,-0.15668108,-3.4556632e-07,-3.4556632e-07,-6.0982296e-08,-6.0982296e-08,-3.4556632e-07,-3.4556632e-07,-6.0982296e-08,-6.0982296e-08,0,0,0.15668148,0.15668148,2.3225866e-13,2.3225866e-13,4.7774147e-08,4.7774147e-08,4.7774147e-08,4.7774147e-08,2.0330959e-15,2.0330959e-15,-3.4556632e-07,-3.4556632e-07,-6.0982293e-08,-6.0982293e-08,-3.4556632e-07,-3.4556632e-07,-6.0982291e-08,-6.0982291e-08,-8.3266727e-16,-8.3266727e-16,-2.220446e-15,-2.220446e-15,-4.0654861e-07,-4.0654861e-07,-3.1086245e-15,-3.1086245e-15,2.220446e-15,2.220446e-15,3.5527137e-15,3.5527137e-15,0.15668142,0.15668142,6.0982523e-08,6.0982523e-08,0.15668142,0.15668142,6.0982523e-08,6.0982523e-08,0.15668148,0.15668148,2.3292479e-13,2.3292479e-13,0.15668108,0.15668108,0.15668108,0.15668108,-6.0982291e-08,-6.0982291e-08,2.8639837e-08,2.8639837e-08,1.3322676e-15,1.3322676e-15,3.1849431e-08,3.1849431e-08,-3.2095931e-09,-3.2095931e-09,0.15668148,0.15668148,2.3292479e-13,2.3292479e-13,2.5069037,2.5069037,3.7223558e-12,3.7223558e-12,1.2534519,1.2534519,1.8596236e-12,1.8596236e-12,0.15668108,0.15668108,4.0654884e-07,4.0654884e-07,0.031336215,0.031336215,4.3826054e-14,4.3826054e-14,-6.1393006e-14,-6.1393006e-14,5.3076865e-14,5.3076865e-14,-3.3306691e-16,-3.3306691e-16,-2.220446e-16,-2.220446e-16,-4.0654861e-07,-4.0654861e-07,-6.9944051e-15,-6.9944051e-15,0,0,-1.9984014e-15,-1.9984014e-15,0,0,0,0
0.15668112,0.15668112,-0.15668112,-0.15668112,-2.2803981e-13,-2.2803981e-13,-2.3092639e-13,-2.3092639e-13,-0.15668112,-0.15668112,-3.28288e-07,-3.28288e-07,-5.7933181e-08,-5.7933181e-08,-3.28288e-07,-3.28288e-07,-5.7933181e-08,-5.7933181e-08,0,0,0.15668151,0.15668151,2.3336888e-13,2.3336888e-13,4.538544e-08,4.538544e-08,4.538544e-08,4.538544e-08,2.0330959e-15,2.0330959e-15,-3.28288e-07,-3.28288e-07,-5.7933179e-08,-5.7933179e-08,-3.28288e-07,-3.28288e-07,-5.7933177e-08,-5.7933177e-08,-8.3266727e-16,-8.3266727e-16,-2.220446e-15,-2.220446e-15,-3.8622118e-07,-3.8622118e-07,-3.1086245e-15,-3.1086245e-15,2.220446e-15,2.220446e-15,3.5527137e-15,3.5527137e-15,0.15668145,0.15668145,5.7933409e-08,5.7933409e-08,0.15668145,0.15668145,5.793341e-08,5.793341e-08,0.15668151,0.15668151,2.3403501e-13,2.3403501e-13,0.15668112,0.15668112,0.15668112,0.15668112,-5.7933176e-08,-5.7933176e-08,2.7207846e-08,2.7207846e-08,1.3322676e-15,1.3322676e-15,3.025696e-08,3.025696e-08,-3.0491135e-09,-3.0491135e-09,0.15668151,0.15668151,2.3403501e-13,2.3403501e-13,2.5069042,2.5069042,3.7397863e-12,3.7397863e-12,1.2534521,1.2534521,1.8682833e-12,1.8682833e-12,0.15668112,0.15668112,3.8622141e-07,3.8622141e-07,0.031336225,0.031336225,4.4048099e-14,4.4048099e-14,-6.2030337e-14,-6.2030337e-14,5.3627863e-14,5.3627863e-14,-3.3306691e-16,-3.3306691e-16,-2.220446e-16,-2.220446e-16,-3.8622118e-07,-3.8622118e-07,-6.9944051e-15,-6.9944051e-15,0,0,-1.9984014e-15,-1.9984014e-15,0,0,0,0
0.15668117,0.15668117,-0.15668117,-0.15668117,-2.2915003e-13,-2.2915003e-13,-2.3203661e-13,-2.3203661e-13,-0.15668117,-0.15668117,-3.118736e-07,-3.118736e-07,-5.5036523e-08,-5.5036523e-08,-3.118736e-07,-3.118736e-07,-5.5036523e-08,-5.5036523e-08,0,0,0.15668154,0.15668154,2.344791e-13,2.344791e-13,4.3116168e-08,4.3116168e-08,4.3116168e-08,4.3116168e-08,2.0330959e-15,2.0330959e-15,-3.118736e-07,-3.118736e-07,-5.503652e-08,-5.503652e-08,-3.118736e-07,-3.118736e-07,-5.5036518e-08,-5.5036518e-08,-8.3266727e-16,-8.3266727e-16,-2.220446e-15,-2.220446e-15,-3.6691012e-07,-3.6691012e-07,-3.1086245e-15,-3.1086245e-15,2.220446e-15,2.220446e-15,3.5527137e-15,3.5527137e-15,0.15668148,0.15668148,5.5036752e-08,5.5036752e-08,0.15668148,0.15668148,5.5036752e-08,5.5036752e-08,0.15668154,0.15668154,2.3492319e-13,2.3492319e-13,0.15668117,0.15668117,0.15668117,0.15668117,-5.5036517e-08,-5.5036517e-08,2.5847453e-08,2.5847453e-08,1.3322676e-15,1.3322676e-15,2.8744112e-08,2.8744112e-08,-2.8966578e-09,-2.8966578e-09,0.15668154,0.15668154,2.3492319e-13,2.3492319e-13,2.5069046,2.5069046,3.7572168e-12,3.7572168e-12,1.2534523,1.2534523,1.8770541e-12,1.8770541e-12,0.15668117,0.15668117,3.6691035e-07,3.6691035e-07,0.031336234,0.031336234,4.4270143e-14,4.4270143e-14,-6.2667882e-14,-6.2667882e-14,5.4179045e-14,5.4179045e-14,-3.3306691e-16,-3.3306691e-16,-2.220446e-16,-2.220446e-16,-3.6691012e-07,-3.6691012e-07,-6.9944051e-15,-6.9944051e-15,0,0,-1.9984014e-15,-1.9984014e-15,0,0,0,0
0.15668121,0.15668121,-0.15668121,-0.15668121,-2.3026026e-13,-2.3026026e-13,-2.3303581e-13,-2.3303581e-13,-0.15668121,-0.15668121,-2.9627992e-07,-2.9627992e-07,-5.2284697e-08,-5.2284697e-08,-2.9627992e-07,-2.9627992e-07,-5.2284697e-08,-5.2284697e-08,0,0,0.15668156,0.15668156,2.3558933e-13,2.3558933e-13,4.096036e-08,4.096036e-08,4.096036e-08,4.096036e-08,2.0330959e-15,2.0330959e-15,-2.9627992e-07,-2.9627992e-07,-5.2284694e-08,-5.2284694e-08,-2.9627992e-07,-2.9627992e-07,-5.2284692e-08,-5.2284692e-08,-8.3266727e-16,-8.3266727e-16,-2.220446e-15,-2.220446e-15,-3.4856461e-07,-3.4856461e-07,-3.1086245e-15,-3.1086245e-15,2.220446e-15,2.220446e-15,3.5527137e-15,3.5527137e-15,0.15668151,0.15668151,5.2284927e-08,5.2284927e-08,0.15668151,0.15668151,5.2284927e-08,5.2284927e-08,0.15668156,0.15668156,2.3603342e-13,2.3603342e-13,0.15668121,0.15668121,0.15668121,0.15668121,-5.2284691e-08,-5.2284691e-08,2.4555081e-08,2.4555081e-08,1.3322676e-15,1.3322676e-15,2.7306907e-08,2.7306907e-08,-2.7518248e-09,-2.7518248e-09,0.15668156,0.15668156,2.3603342e-13,2.3603342e-13,2.506905,2.506905,3.7745362e-12,3.7745362e-12,1.2534525,1.2534525,1.8857138e-12,1.8857138e-12,0.15668121,0.15668121,3.4856484e-07,3.4856484e-07,0.031336243,0.031336243,4.4492188e-14,4.4492188e-14,-6.3305635e-14,-6.3305635e-14,5.4730409e-14,5.4730409e-14,-3.3306691e-16,-3.3306691e-16,-2.220446e-16,-2.220446e-16,-3.4856461e-07,-3.4856461e-07,-6.9944051e-15,-6.9944051e-15,0,0,-1.9984014e-15,-1.9984014e-15,0,0,0,0
0.15668125,0.15668125,-0.15668125,-0.15668125,-2.3137048e-13,-2.3137048e-13,-2.3414604e-13,-2.3414604e-13,-0.15668125,-0.15668125,-2.8146593e-07,-2.8146593e-07,-4.9670462e-08,-4.9670462e-08,-2.8146593e-07,-2.8146593e-07,-4.9670462e-08,-4.9670462e-08,0,0,0.15668158,0.15668158,2.3669955e-13,2.3669955e-13,3.8912342e-08,3.8912342e-08,3.8912342e-08,3.8912342e-08,2.0330959e-15,2.0330959e-15,-2.8146593e-07,-2.8146593e-07,-4.9670459e-08,-4.9670459e-08,-2.8146593e-07,-2.8146593e-07,-4.9670457e-08,-4.9670457e-08,-8.6042284e-16,-8.6042284e-16,-2.220446e-15,-2.220446e-15,-3.3113638e-07,-3.3113638e-07,-3.1086245e-15,-3.1086245e-15,2.220446e-15,2.220446e-15,3.5527137e-15,3.5527137e-15,0.15668153,0.15668153,4.9670693e-08,4.9670693e-08,0.15668153,0.15668153,4.9670694e-08,4.9670694e-08,0.15668158,0.15668158,2.3714364e-13,2.3714364e-13,0.15668125,0.15668125,0.15668125,0.15668125,-4.9670457e-08,-4.9670457e-08,2.3327327e-08,2.3327327e-08,1.3322676e-15,1.3322676e-15,2.5941561e-08,2.5941561e-08,-2.6142335e-09,-2.6142335e-09,0.15668158,0.15668158,2.3714364e-13,2.3714364e-13,2.5069054,2.5069054,3.7919667e-12,3.7919667e-12,1.2534527,1.2534527,1.8943735e-12,1.8943735e-12,0.15668125,0.15668125,3.3113661e-07,3.3113661e-07,0.031336251,0.031336251,4.4714232e-14,4.4714232e-14,-6.3943594e-14,-6.3943594e-14,5.5281949e-14,5.5281949e-14,-3.3306691e-16,-3.3306691e-16,-2.220446e-16,-2.220446e-16,-3.3113638e-07,-3.3113638e-07,-6.9944051e-15,-6.9944051e-15,0,0,-1.9984014e-15,-1.9984014e-15,0,0,0,0
0.15668129,0.15668129,-0.15668129,-0.15668129,-2.3236968e-13,-2.3236968e-13,-2.3525626e-13,-2.3525626e-13,-0.15668129,-0.15668129,-2.6739263e-07,-2.6739263e-07,-4.7186939e-08,-4.7186939e-08,-2.6739263e-07,-2.6739263e-07,-4.7186939e-08,-4.7186939e-08,0,0,0.15668161,0.15668161,2.3780977e-13,2.3780977e-13,3.6966725e-08,3.6966725e-08,3.6966725e-08,3.6966725e-08,2.0330959e-15,2.0330959e-15,-2.6739263e-07,-2.6739263e-07,-4.7186936e-08,-4.7186936e-08,-2.6739263e-07,-2.6739263e-07,-4.7186934e-08,-4.7186934e-08,-8.6042284e-16,-8.6042284e-16,-2.220446e-15,-2.220446e-15,-3.1457956e-07,-3.1457956e-07,-3.1086245e-15,-3.1086245e-15,2.220446e-15,2.220446e-15,3.5527137e-15,3.5527137e-15,0.15668156,0.15668156,4.7187172e-08,4.7187172e-08,0.15668156,0.15668156,4.7187172e-08,4.7187172e-08,0.15668161,0.15668161,2.3825386e-13,2.3825386e-13,0.15668129,0.15668129,0.15668129,0.15668129,-4.7186934e-08,-4.7186934e-08,2.216096e-08,2.216096e-08,1.3322676e-15,1.3322676e-15,2.4644483e-08,2.4644483e-08,-2.4835218e-09,-2.4835218e-09,0.15668161,0.15668161,2.3825386e-13,2.3825386e-13,2.5069057,2.5069057,3.8093972e-12,3.8093972e-12,1.2534529,1.2534529,1.9031443e-12,1.9031443e-12,0.15668129,0.15668129,3.145798e-07,3.145798e-07,0.031336258,0.031336258,4.4936277e-14,4.4936277e-14,-6.4581751e-14,-6.4581751e-14,5.5833661e-14,5.5833661e-14,-3.3306691e-16,-3.3306691e-16,-2.220446e-16,-2.220446e-16,-3.1457956e-07,-3.1457956e-07,-6.9944051e-15,-6.9944051e-15,0,0,-1.9984014e-15,-1.9984014e-15,0,0,0,0
0.15668133,0.15668133,-0.15668133,-0.15668133,-2.334799e-13,-2.334799e-13,-2.3636648e-13,-2.3636648e-13,-0.15668133,-0.15668133,-2.54023e-07,-2.54023e-07,-4.4827592e-08,-4.4827592e-08,-2.54023e-07,-2.54023e-07,-4.4827592e-08,-4.4827592e-08,0,0,0.15668163,0.15668163,2.3891999e-13,2.3891999e-13,3.5118389e-08,3.5118389e-08,3.5118388e-08,3.5118388e-08,2.0339633e-15,2.0339633e-15,-2.54023e-07,-2.54023e-07,-4.482759e-08,-4.482759e-08,-2.54023e-07,-2.54023e-07,-4.4827588e-08,-4.4827588e-08,-8.6042284e-16,-8.6042284e-16,-2.220446e-15,-2.220446e-15,-2.9885059e-07,-2.9885059e-07,-3.1086245e-15,-3.1086245e-15,2.220446e-15,2.220446e-15,3.5527137e-15,3.5527137e-15,0.15668158,0.15668158,4.4827826e-08,4.4827826e-08,0.15668158,0.15668158,4.4827826e-08,4.4827826e-08,0.15668163,0.15668163,2.3936408e-13,2.3936408e-13,0.15668133,0.15668133,0.15668133,0.15668133,-4.4827587e-08,-4.4827587e-08,2.1052913e-08,2.1052913e-08,1.3322676e-15,1.3322676e-15,2.3412259e-08,2.3412259e-08,-2.3593456e-09,-2.3593456e-09,0.15668163,0.15668163,2.3936408e-13,2.3936408e-13,2.506906,2.506906,3.8268277e-12,3.8268277e-12,1.253453,1.253453,1.911804e-12,1.911804e-12,0.15668133,0.15668133,2.9885082e-07,2.9885082e-07,0.031336266,0.031336266,4.5130566e-14,4.5130566e-14,-6.5220104e-14,-6.5220104e-14,5.6385542e-14,5.6385542e-14,-3.3306691e-16,-3.3306691e-16,-2.220446e-16,-2.220446e-16,-2.9885059e-07,-2.9885059e-07,-6.9944051e-15,-6.9944051e-15,0,0,-1.9984014e-15,-1.9984014e-15,0,0,0,0
0.15668136,0.15668136,-0.15668136,-0.15668136,-2.344791e-13,-2.344791e-13,-2.374767e-13,-2.374767e-13,-0.15668136,-0.15668136,-2.4132185e-07,-2.4132185e-07,-4.2586213e-08,-4.2586213e-08,-2.4132185e-07,-2.4132185e-07,-4.2586213e-08,-4.2586213e-08,0,0,0.15668165,0.15668165,2.3980817e-13,2.3980817e-13,3.3362469e-08,3.3362469e-08,3.3362469e-08,3.3362469e-08,2.0339633e-15,2.0339633e-15,-2.4132185e-07,-2.4132185e-07,-4.258621e-08,-4.258621e-08,-2.4132185e-07,-2.4132185e-07,-4.2586208e-08,-4.2586208e-08,-8.6042284e-16,-8.6042284e-16,-2.220446e-15,-2.220446e-15,-2.8390806e-07,-2.8390806e-07,-3.1086245e-15,-3.1086245e-15,2.220446e-15,2.220446e-15,3.5527137e-15,3.5527137e-15,0.15668161,0.15668161,4.2586447e-08,4.2586447e-08,0.15668161,0.15668161,4.2586448e-08,4.2586448e-08,0.15668165,0.15668165,2.4047431e-13,2.4047431e-13,0.15668136,0.15668136,0.15668136,0.15668136,-4.2586208e-08,-4.2586208e-08,2.0000267e-08,2.0000267e-08,1.3322676e-15,1.3322676e-15,2.2241646e-08,2.2241646e-08,-2.2413783e-09,-2.2413783e-09,0.15668165,0.15668165,2.4047431e-13,2.4047431e-13,2.5069064,2.5069064,3.8442582e-12,3.8442582e-12,1.2534532,1.2534532,1.9205748e-12,1.9205748e-12,0.15668136,0.15668136,2.8390829e-07,2.8390829e-07,0.031336273,0.031336273,4.5352611e-14,4.5352611e-14,-6.5858647e-14,-6.5858647e-14,5.6937588e-14,5.6937588e-14,-3.3306691e-16,-3.3306691e-16,-2.220446e-16,-2.220446e-16,-2.8390806e-07,-2.8390806e-07,-6.9944051e-15,-6.9944051e-15,0,0,-1.9984014e-15,-1.9984014e-15,0,0,0,0
0.1566814,0.1566814,-0.1566814,-0.1566814,-2.3558933e-13,-2.3558933e-13,-2.3847591e-13,-2.3847591e-13,-0.1566814,-0.1566814,-2.2925576e-07,-2.2925576e-07,-4.0456903e-08,-4.0456903e-08,-2.2925576e-07,-2.2925576e-07,-4.0456903e-08,-4.0456903e-08,0,0,0.15668167,0.15668167,2.409184e-13,2.409184e-13,3.1694346e-08,3.1694346e-08,3.1694346e-08,3.1694346e-08,2.0339633e-15,2.0339633e-15,-2.2925576e-07,-2.2925576e-07,-4.04569e-08,-4.04569e-08,-2.2925576e-07,-2.2925576e-07,-4.0456898e-08,-4.0456898e-08,-8.6042284e-16,-8.6042284e-16,-2.220446e-15,-2.220446e-15,-2.6971265e-07,-2.6971265e-07,-3.1086245e-15,-3.1086245e-15,2.220446e-15,2.220446e-15,3.5527137e-15,3.5527137e-15,0.15668163,0.15668163,4.0457138e-08,4.0457138e-08,0.15668163,0.15668163,4.0457139e-08,4.0457139e-08,0.15668167,0.15668167,2.4158453e-13,2.4158453e-13,0.1566814,0.1566814,0.1566814,0.1566814,-4.0456897e-08,-4.0456897e-08,1.9000254e-08,1.9000254e-08,1.3322676e-15,1.3322676e-15,2.1129564e-08,2.1129564e-08,-2.1293093e-09,-2.1293093e-09,0.15668167,0.15668167,2.4158453e-13,2.4158453e-13,2.5069067,2.5069067,3.8615777e-12,3.8615777e-12,1.2534533,1.2534533,1.9292345e-12,1.9292345e-12,0.1566814,0.1566814,2.6971289e-07,2.6971289e-07,0.031336279,0.031336279,4.5574655e-14,4.5574655e-14,-6.6497376e-14,-6.6497376e-14,5.7489795e-14,5.7489795e-14,-3.3306691e-16,-3.3306691e-16,-2.220446e-16,-2.220446e-16,-2.6971265e-07,-2.6971265e-07,-6.9944051e-15,-6.9944051e-15,0,0,-1.9984014e-15,-1.9984014e-15,0,0,0,0
0.15668143,0.15668143,-0.15668143,-0.15668143,-2.364775e-13,-2.364775e-13,-2.3958613e-13,-2.3958613e-13,-0.15668143,-0.15668143,-2.1779297e-07,-2.1779297e-07,-3.8434058e-08,-3.8434058e-08,-2.1779297e-07,-2.1779297e-07,-3.8434058e-08,-3.8434058e-08,0,0,0.15668168,0.15668168,2.4202862e-13,2.4202862e-13,3.0109629e-08,3.0109629e-08,3.0109629e-08,3.0109629e-08,2.0339633e-15,2.0339633e-15,-2.1779297e-07,-2.1779297e-07,-3.8434055e-08,-3.8434055e-08,-2.1779297e-07,-2.1779297e-07,-3.8434053e-08,-3.8434053e-08,-8.6042284e-16,-8.6042284e-16,-2.220446e-15,-2.220446e-15,-2.5622702e-07,-2.5622702e-07,-3.1086245e-15,-3.1086245e-15,2.220446e-15,2.220446e-15,3.5527137e-15,3.5527137e-15,0.15668165,0.15668165,3.8434294e-08,3.8434294e-08,0.15668165,0.15668165,3.8434295e-08,3.8434295e-08,0.15668168,0.15668168,2.4269475e-13,2.4269475e-13,0.15668143,0.15668143,0.15668143,0.15668143,-3.8434052e-08,-3.8434052e-08,1.8050241e-08,1.8050241e-08,1.3322676e-15,1.3322676e-15,2.0073086e-08,2.0073086e-08,-2.0228438e-09,-2.0228438e-09,0.15668168,0.15668168,2.4269475e-13,2.4269475e-13,2.506907,2.506907,3.8790082e-12,3.8790082e-12,1.2534535,1.2534535,1.9378943e-12,1.9378943e-12,0.15668143,0.15668143,2.5622726e-07,2.5622726e-07,0.031336286,0.031336286,4.57967e-14,4.57967e-14,-6.7136287e-14,-6.7136287e-14,5.8042159e-14,5.8042159e-14,-3.3306691e-16,-3.3306691e-16,-2.220446e-16,-2.220446e-16,-2.5622702e-07,-2.5622702e-07,-6.9944051e-15,-6.9944051e-15,0,0,-1.9984014e-15,-1.9984014e-15,0,0,0,0
0.15668146,0.15668146,-0.15668146,-0.15668146,-2.3780977e-13,-2.3780977e-13,-2.4069635e-13,-2.4069635e-13,-0.15668146,-0.15668146,-2.0690332e-07,-2.0690332e-07,-3.6512355e-08,-3.6512355e-08,-2.0690332e-07,-2.0690332e-07,-3.6512355e-08,-3.6512355e-08,0,0,0.1566817,0.1566817,2.4313884e-13,2.4313884e-13,2.8604147e-08,2.8604147e-08,2.8604147e-08,2.8604147e-08,2.0339633e-15,2.0339633e-15,-2.0690332e-07,-2.0690332e-07,-3.6512352e-08,-3.6512352e-08,-2.0690332e-07,-2.0690332e-07,-3.651235e-08,-3.651235e-08,-8.6042284e-16,-8.6042284e-16,-2.220446e-15,-2.220446e-15,-2.4341567e-07,-2.4341567e-07,-3.1086245e-15,-3.1086245e-15,2.220446e-15,2.220446e-15,3.5527137e-15,3.5527137e-15,0.15668167,0.15668167,3.6512593e-08,3.6512593e-08,0.15668167,0.15668167,3.6512593e-08,3.6512593e-08,0.1566817,0.1566817,2.4380498e-13,2.4380498e-13,0.15668146,0.15668146,0.15668146,0.15668146,-3.651235e-08,-3.651235e-08,1.7147729e-08,1.7147729e-08,1.3322676e-15,1.3322676e-15,1.9069432e-08,1.9069432e-08,-1.9217016e-09,-1.9217016e-09,0.1566817,0.1566817,2.4380498e-13,2.4380498e-13,2.5069072,2.5069072,3.8964387e-12,3.8964387e-12,1.2534536,1.2534536,1.9466651e-12,1.9466651e-12,0.15668146,0.15668146,2.4341591e-07,2.4341591e-07,0.031336292,0.031336292,4.6018744e-14,4.6018744e-14,-6.7775375e-14,-6.7775375e-14,5.8594676e-14,5.8594676e-14,-3.3306691e-16,-3.3306691e-16,-2.220446e-16,-2.220446e-16,-2.4341567e-07,-2.4341567e-07,-6.9944051e-15,-6.9944051e-15,0,0,-1.9984014e-15,-1.9984014e-15,0,0,0,0
0.15668149,0.15668149,-0.15668149,-0.15668149,-2.3880897e-13,-2.3880897e-13,-2.4180657e-13,-2.4180657e-13,-0.15668149,-0.15668149,-1.9655815e-07,-1.9655815e-07,-3.4686738e-08,-3.4686738e-08,-1.9655815e-07,-1.9655815e-07,-3.4686738e-08,-3.4686738e-08,0,0,0.15668172,0.15668172,2.4424907e-13,2.4424907e-13,2.717394e-08,2.717394e-08,2.717394e-08,2.717394e-08,2.0339633e-15,2.0339633e-15,-1.9655815e-07,-1.9655815e-07,-3.4686735e-08,-3.4686735e-08,-1.9655815e-07,-1.9655815e-07,-3.4686733e-08,-3.4686733e-08,-8.6042284e-16,-8.6042284e-16,-2.220446e-15,-2.220446e-15,-2.3124489e-07,-2.3124489e-07,-3.1086245e-15,-3.1086245e-15,2.220446e-15,2.220446e-15,3.5527137e-15,3.5527137e-15,0.15668168,0.15668168,3.4686976e-08,3.4686976e-08,0.15668168,0.15668168,3.4686977e-08,3.4686977e-08,0.15668172,0.15668172,2.449152e-13,2.449152e-13,0.15668149,0.15668149,0.15668149,0.15668149,-3.4686732e-08,-3.4686732e-08,1.6290343e-08,1.6290343e-08,1.3322676e-15,1.3322676e-15,1.811596e-08,1.811596e-08,-1.8256164e-09,-1.8256164e-09,0.15668172,0.15668172,2.449152e-13,2.449152e-13,2.5069075,2.5069075,3.9138692e-12,3.9138692e-12,1.2534537,1.2534537,1.9553248e-12,1.9553248e-12,0.15668149,0.15668149,2.3124513e-07,2.3124513e-07,0.031336297,0.031336297,4.6240789e-14,4.6240789e-14,-6.8414638e-14,-6.8414638e-14,5.9147344e-14,5.9147344e-14,-3.3306691e-16,-3.3306691e-16,-2.220446e-16,-2.220446e-16,-2.3124489e-07,-2.3124489e-07,-6.9944051e-15,-6.9944051e-15,0,0,-1.9984014e-15,-1.9984014e-15,0,0,0,0
0.15668151,0.15668151,-0.15668151,-0.15668151,-2.3980817e-13,-2.3980817e-13,-2.429168e-13,-2.429168e-13,-0.15668151,-0.15668151,-1.8673025e-07,-1.8673025e-07,-3.2952401e-08,-3.2952401e-08,-1.8673025e-07,-1.8673025e-07,-3.2952401e-08,-3.2952401e-08,0,0,0.15668173,0.15668173,2.4535929e-13,2.4535929e-13,2.5815243e-08,2.5815243e-08,2.5815243e-08,2.5815243e-08,2.0339633e-15,2.0339633e-15,-1.8673025e-07,-1.8673025e-07,-3.2952398e-08,-3.2952398e-08,-1.8673025e-07,-1.8673025e-07,-3.2952396e-08,-3.2952396e-08,-8.6042284e-16,-8.6042284e-16,-2.220446e-15,-2.220446e-15,-2.1968264e-07,-2.1968264e-07,-3.1086245e-15,-3.1086245e-15,2.220446e-15,2.220446e-15,3.5527137e-15,3.5527137e-15,0.1566817,0.1566817,3.2952641e-08,3.2952641e-08,0.1566817,0.1566817,3.2952641e-08,3.2952641e-08,0.15668173,0.15668173,2.4580338e-13,2.4580338e-13,0.15668151,0.15668151,0.15668151,0.15668151,-3.2952395e-08,-3.2952395e-08,1.5475826e-08,1.5475826e-08,1.3322676e-15,1.3322676e-15,1.7210162e-08,1.7210162e-08,-1.7343356e-09,-1.7343356e-09,0.15668173,0.15668173,2.4580338e-13,2.4580338e-13,2.5069077,2.5069077,3.9312997e-12,3.9312997e-12,1.2534539,1.2534539,1.9639845e-12,1.9639845e-12,0.15668151,0.15668151,2.1968288e-07,2.1968288e-07,0.031336303,0.031336303,4.6435078e-14,4.6435078e-14,-6.9054069e-14,-6.9054069e-14,5.9700158e-14,5.9700158e-14,-3.3306691e-16,-3.3306691e-16,-2.220446e-16,-2.220446e-16,-2.1968264e-07,-2.1968264e-07,-6.9944051e-15,-6.9944051e-15,0,0,-1.9984014e-15,-1.9984014e-15,0,0,0,0
0.15668154,0.15668154,-0.15668154,-0.15668154,-2.4080737e-13,-2.4080737e-13,-2.4402702e-13,-2.4402702e-13,-0.15668154,-0.15668154,-1.7739373e-07,-1.7739373e-07,-3.1304781e-08,-3.1304781e-08,-1.7739373e-07,-1.7739373e-07,-3.1304781e-08,-3.1304781e-08,0,0,0.15668175,0.15668175,2.4646951e-13,2.4646951e-13,2.4524481e-08,2.4524481e-08,2.4524481e-08,2.4524481e-08,2.0339633e-15,2.0339633e-15,-1.7739373e-07,-1.7739373e-07,-3.1304778e-08,-3.1304778e-08,-1.7739373e-07,-1.7739373e-07,-3.1304776e-08,-3.1304776e-08,-8.6042284e-16,-8.6042284e-16,-2.220446e-15,-2.220446e-15,-2.0869851e-07,-2.0869851e-07,-3.1086245e-15,-3.1086245e-15,2.220446e-15,2.220446e-15,3.5527137e-15,3.5527137e-15,0.15668172,0.15668172,3.1305022e-08,3.1305022e-08,0.15668172,0.15668172,3.1305023e-08,3.1305023e-08,0.15668175,0.15668175,2.469136e-13,2.469136e-13,0.15668154,0.15668154,0.15668154,0.15668154,-3.1304776e-08,-3.1304776e-08,1.4702034e-08,1.4702034e-08,1.3322676e-15,1.3322676e-15,1.6349654e-08,1.6349654e-08,-1.6476187e-09,-1.6476187e-09,0.15668175,0.15668175,2.469136e-13,2.469136e-13,2.506908,2.506908,3.9486192e-12,3.9486192e-12,1.253454,1.253454,1.9727553e-12,1.9727553e-12,0.15668154,0.15668154,2.0869875e-07,2.0869875e-07,0.031336308,0.031336308,4.6657123e-14,4.6657123e-14,-6.9693667e-14,-6.9693667e-14,6.0253116e-14,6.0253116e-14,-3.3306691e-16,-3.3306691e-16,-2.220446e-16,-2.220446e-16,-2.0869851e-07,-2.0869851e-07,-6.9944051e-15,-6.9944051e-15,0,0,-1.9984014e-15,-1.9984014e-15,0,0,0,0
0.15668156,0.15668156,-0.15668156,-0.15668156,-2.4202862e-13,-2.4202862e-13,-2.4502622e-13,-2.4502622e-13,-0.15668156,-0.15668156,-1.6852405e-07,-1.6852405e-07,-2.9739542e-08,-2.9739542e-08,-1.6852405e-07,-1.6852405e-07,-2.9739542e-08,-2.9739542e-08,0,0,0.15668176,0.15668176,2.4757973e-13,2.4757973e-13,2.3298257e-08,2.3298257e-08,2.3298257e-08,2.3298257e-08,2.0339633e-15,2.0339633e-15,-1.6852405e-07,-1.6852405e-07,-2.9739539e-08,-2.9739539e-08,-1.6852405e-07,-1.6852405e-07,-2.9739537e-08,-2.9739537e-08,-8.8817842e-16,-8.8817842e-16,-2.220446e-15,-2.220446e-15,-1.9826358e-07,-1.9826358e-07,-3.1086245e-15,-3.1086245e-15,2.220446e-15,2.220446e-15,3.5527137e-15,3.5527137e-15,0.15668173,0.15668173,2.9739784e-08,2.9739784e-08,0.15668173,0.15668173,2.9739785e-08,2.9739785e-08,0.15668176,0.15668176,2.4802382e-13,2.4802382e-13,0.15668156,0.15668156,0.15668156,0.15668156,-2.9739537e-08,-2.9739537e-08,1.3966933e-08,1.3966933e-08,1.3322676e-15,1.3322676e-15,1.5532171e-08,1.5532171e-08,-1.5652377e-09,-1.5652377e-09,0.15668176,0.15668176,2.4802382e-13,2.4802382e-13,2.5069082,2.5069082,3.9660497e-12,3.9660497e-12,1.2534541,1.2534541,1.981415e-12,1.981415e-12,0.15668156,0.15668156,1.9826383e-07,1.9826383e-07,0.031336313,0.031336313,4.6879167e-14,4.6879167e-14,-7.0333426e-14,-7.0333426e-14,6.0806213e-14,6.0806213e-14,-3.3306691e-16,-3.3306691e-16,-2.220446e-16,-2.220446e-16,-1.9826358e-07,-1.9826358e-07,-6.9944051e-15,-6.9944051e-15,0,0,-1.9984014e-15,-1.9984014e-15,0,0,0,0
0.15668159,0.15668159,-0.15668159,-0.15668159,-2.4313884e-13,-2.4313884e-13,-2.4613644e-13,-2.4613644e-13,-0.15668159,-0.15668159,-1.6009785e-07,-1.6009785e-07,-2.8252565e-08,-2.8252565e-08,-1.6009785e-07,-1.6009785e-07,-2.8252565e-08,-2.8252565e-08,0,0,0.15668178,0.15668178,2.4868996e-13,2.4868996e-13,2.2133344e-08,2.2133344e-08,2.2133344e-08,2.2133344e-08,2.0339633e-15,2.0339633e-15,-1.6009785e-07,-1.6009785e-07,-2.8252563e-08,-2.8252563e-08,-1.6009784e-07,-1.6009784e-07,-2.825256e-08,-2.825256e-08,-8.8817842e-16,-8.8817842e-16,-2.220446e-15,-2.220446e-15,-1.883504e-07,-1.883504e-07,-3.1086245e-15,-3.1086245e-15,2.220446e-15,2.220446e-15,3.5527137e-15,3.5527137e-15,0.15668175,0.15668175,2.8252809e-08,2.8252809e-08,0.15668175,0.15668175,2.8252809e-08,2.8252809e-08,0.15668178,0.15668178,2.4913405e-13,2.4913405e-13,0.15668159,0.15668159,0.15668159,0.15668159,-2.825256e-08,-2.825256e-08,1.3268586e-08,1.3268586e-08,1.3322676e-15,1.3322676e-15,1.4755563e-08,1.4755563e-08,-1.4869758e-09,-1.4869758e-09,0.15668178,0.15668178,2.4913405e-13,2.4913405e-13,2.5069084,2.5069084,3.9834802e-12,3.9834802e-12,1.2534542,1.2534542,1.9901858e-12,1.9901858e-12,0.15668159,0.15668159,1.8835065e-07,1.8835065e-07,0.031336317,0.031336317,4.7101212e-14,4.7101212e-14,-7.0973343e-14,-7.0973343e-14,6.1359448e-14,6.1359448e-14,-3.3306691e-16,-3.3306691e-16,-2.220446e-16,-2.220446e-16,-1.8835041e-07,-1.8835041e-07,-6.9944051e-15,-6.9944051e-15,0,0,-1.9984014e-15,-1.9984014e-15,0,0,0,0
0.15668161,0.15668161,-0.15668161,-0.15668161,-2.4402702e-13,-2.4402702e-13,-2.4724667e-13,-2.4724667e-13,-0.15668161,-0.15668161,-1.5209295e-07,-1.5209295e-07,-2.6839937e-08,-2.6839937e-08,-1.5209295e-07,-1.5209295e-07,-2.6839937e-08,-2.6839937e-08,0,0,0.15668179,0.15668179,2.4980018e-13,2.4980018e-13,2.1026677e-08,2.1026677e-08,2.1026677e-08,2.1026677e-08,2.0339633e-15,2.0339633e-15,-1.5209295e-07,-1.5209295e-07,-2.6839934e-08,-2.6839934e-08,-1.5209295e-07,-1.5209295e-07,-2.6839932e-08,-2.6839932e-08,-8.8817842e-16,-8.8817842e-16,-2.220446e-15,-2.220446e-15,-1.7893288e-07,-1.7893288e-07,-3.1086245e-15,-3.1086245e-15,2.220446e-15,2.220446e-15,3.5527137e-15,3.5527137e-15,0.15668176,0.15668176,2.6840182e-08,2.6840182e-08,0.15668176,0.15668176,2.6840182e-08,2.6840182e-08,0.15668179,0.15668179,2.5024427e-13,2.5024427e-13,0.15668161,0.15668161,0.15668161,0.15668161,-2.6839932e-08,-2.6839932e-08,1.2605157e-08,1.2605157e-08,1.3322676e-15,1.3322676e-15,1.4017785e-08,1.4017785e-08,-1.4126269e-09,-1.4126269e-09,0.15668179,0.15668179,2.5024427e-13,2.5024427e-13,2.5069086,2.5069086,4.0009107e-12,4.0009107e-12,1.2534543,1.2534543,1.9988455e-12,1.9988455e-12,0.15668161,0.15668161,1.7893313e-07,1.7893313e-07,0.031336322,0.031336322,4.7323256e-14,4.7323256e-14,-7.1613415e-14,-7.1613415e-14,6.1912816e-14,6.1912816e-14,-3.3306691e-16,-3.3306691e-16,-2.220446e-16,-2.220446e-16,-1.7893289e-07,-1.7893289e-07,-6.9944051e-15,-6.9944051e-15,0,0,-1.9984014e-15,-1.9984014e-15,0,0,0,0
0.15668163,0.15668163,-0.15668163,-0.15668163,-2.4513724e-13,-2.4513724e-13,-2.4835689e-13,-2.4835689e-13,-0.15668163,-0.15668163,-1.4448831e-07,-1.4448831e-07,-2.5497941e-08,-2.5497941e-08,-1.4448831e-07,-1.4448831e-07,-2.5497941e-08,-2.5497941e-08,0,0,0.1566818,0.1566818,2.5068836e-13,2.5068836e-13,1.9975343e-08,1.9975343e-08,1.9975343e-08,1.9975343e-08,2.0339633e-15,2.0339633e-15,-1.4448831e-07,-1.4448831e-07,-2.5497938e-08,-2.5497938e-08,-1.444883e-07,-1.444883e-07,-2.5497936e-08,-2.5497936e-08,-8.8817842e-16,-8.8817842e-16,-2.220446e-15,-2.220446e-15,-1.6998624e-07,-1.6998624e-07,-3.1086245e-15,-3.1086245e-15,2.220446e-15,2.220446e-15,3.5527137e-15,3.5527137e-15,0.15668177,0.15668177,2.5498186e-08,2.5498186e-08,0.15668177,0.15668177,2.5498187e-08,2.5498187e-08,0.1566818,0.1566818,2.5135449e-13,2.5135449e-13,0.15668163,0.15668163,0.15668163,0.15668163,-2.5497935e-08,-2.5497935e-08,1.1974899e-08,1.1974899e-08,1.3322676e-15,1.3322676e-15,1.3316896e-08,1.3316896e-08,-1.3419955e-09,-1.3419955e-09,0.1566818,0.1566818,2.5135449e-13,2.5135449e-13,2.5069088,2.5069088,4.0182302e-12,4.0182302e-12,1.2534544,1.2534544,2.0075053e-12,2.0075053e-12,0.15668163,0.15668163,1.6998649e-07,1.6998649e-07,0.031336326,0.031336326,4.7545301e-14,4.7545301e-14,-7.2253638e-14,-7.2253638e-14,6.2466314e-14,6.2466314e-14,-3.3306691e-16,-3.3306691e-16,-2.220446e-16,-2.220446e-16,-1.6998624e-07,-1.6998624e-07,-6.9944051e-15,-6.9944051e-15,0,0,-1.9984014e-15,-1.9984014e-15,0,0,0,0
0.15668165,0.15668165,-0.15668165,-0.15668165,-2.4624747e-13,-2.4624747e-13,-2.4946711e-13,-2.4946711e-13,-0.15668165,-0.15668165,-1.3726389e-07,-1.3726389e-07,-2.4223044e-08,-2.4223044e-08,-1.3726389e-07,-1.3726389e-07,-2.4223044e-08,-2.4223044e-08,0,0,0.15668181,0.15668181,2.5179858e-13,2.5179858e-13,1.8976576e-08,1.8976576e-08,1.8976576e-08,1.8976576e-08,2.0339633e-15,2.0339633e-15,-1.3726389e-07,-1.3726389e-07,-2.4223041e-08,-2.4223041e-08,-1.3726389e-07,-1.3726389e-07,-2.4223039e-08,-2.4223039e-08,-8.8817842e-16,-8.8817842e-16,-2.220446e-15,-2.220446e-15,-1.6148693e-07,-1.6148693e-07,-3.1086245e-15,-3.1086245e-15,2.220446e-15,2.220446e-15,3.5527137e-15,3.5527137e-15,0.15668179,0.15668179,2.422329e-08,2.422329e-08,0.15668179,0.15668179,2.4223291e-08,2.4223291e-08,0.15668181,0.15668181,2.5246472e-13,2.5246472e-13,0.15668165,0.15668165,0.15668165,0.15668165,-2.4223038e-08,-2.4223038e-08,1.1376154e-08,1.1376154e-08,1.3322676e-15,1.3322676e-15,1.2651051e-08,1.2651051e-08,-1.2748957e-09,-1.2748957e-09,0.15668181,0.15668181,2.5246472e-13,2.5246472e-13,2.506909,2.506909,4.0356607e-12,4.0356607e-12,1.2534545,1.2534545,2.016276e-12,2.016276e-12,0.15668165,0.15668165,1.6148717e-07,1.6148717e-07,0.03133633,0.03133633,4.773959e-14,4.773959e-14,-7.2894008e-14,-7.2894008e-14,6.301994e-14,6.301994e-14,-3.3306691e-16,-3.3306691e-16,-2.220446e-16,-2.220446e-16,-1.6148693e-07,-1.6148693e-07,-6.9944051e-15,-6.9944051e-15,0,0,-1.9984014e-15,-1.9984014e-15,0,0,0,0
0.15668167,0.15668167,-0.15668167,-0.15668167,-2.4735769e-13,-2.4735769e-13,-2.5046631e-13,-2.5046631e-13,-0.15668167,-0.15668167,-1.304007e-07,-1.304007e-07,-2.3011892e-08,-2.3011892e-08,-1.304007e-07,-1.304007e-07,-2.3011892e-08,-2.3011892e-08,0,0,0.15668182,0.15668182,2.5290881e-13,2.5290881e-13,1.8027748e-08,1.8027748e-08,1.8027747e-08,1.8027747e-08,2.0339633e-15,2.0339633e-15,-1.304007e-07,-1.304007e-07,-2.3011889e-08,-2.3011889e-08,-1.3040069e-07,-1.3040069e-07,-2.3011887e-08,-2.3011887e-08,-8.8817842e-16,-8.8817842e-16,-2.220446e-15,-2.220446e-15,-1.5341258e-07,-1.5341258e-07,-3.1086245e-15,-3.1086245e-15,2.220446e-15,2.220446e-15,3.5527137e-15,3.5527137e-15,0.1566818,0.1566818,2.301214e-08,2.301214e-08,0.1566818,0.1566818,2.301214e-08,2.301214e-08,0.15668182,0.15668182,2.5357494e-13,2.5357494e-13,0.15668167,0.15668167,0.15668167,0.15668167,-2.3011886e-08,-2.3011886e-08,1.0807347e-08,1.0807347e-08,1.3322676e-15,1.3322676e-15,1.2018498e-08,1.2018498e-08,-1.2111508e-09,-1.2111508e-09,0.15668182,0.15668182,2.5357494e-13,2.5357494e-13,2.5069092,2.5069092,4.0530912e-12,4.0530912e-12,1.2534546,1.2534546,2.0249358e-12,2.0249358e-12,0.15668167,0.15668167,1.5341283e-07,1.5341283e-07,0.031336334,0.031336334,4.7961635e-14,4.7961635e-14,-7.3534523e-14,-7.3534523e-14,6.3573691e-14,6.3573691e-14,-3.3306691e-16,-3.3306691e-16,-2.220446e-16,-2.220446e-16,-1.5341258e-07,-1.5341258e-07,-6.9944051e-15,-6.9944051e-15,0,0,-1.9984014e-15,-1.9984014e-15,0,0,0,0
0.15668169,0.15668169,-0.15668169,-0.15668169,-2.4835689e-13,-2.4835689e-13,-2.5157654e-13,-2.5157654e-13,-0.15668169,-0.15668169,-1.2388066e-07,-1.2388066e-07,-2.1861297e-08,-2.1861297e-08,-1.2388066e-07,-1.2388066e-07,-2.1861297e-08,-2.1861297e-08,0,0,0.15668183,0.15668183,2.5401903e-13,2.5401903e-13,1.712636e-08,1.712636e-08,1.712636e-08,1.712636e-08,2.0339633e-15,2.0339633e-15,-1.2388066e-07,-1.2388066e-07,-2.1861295e-08,-2.1861295e-08,-1.2388066e-07,-1.2388066e-07,-2.1861293e-08,-2.1861293e-08,-8.8817842e-16,-8.8817842e-16,-2.220446e-15,-2.220446e-15,-1.4574195e-07,-1.4574195e-07,-3.2196468e-15,-3.2196468e-15,2.220446e-15,2.220446e-15,3.5527137e-15,3.5527137e-15,0.15668181,0.15668181,2.1861546e-08,2.1861546e-08,0.15668181,0.15668181,2.1861547e-08,2.1861547e-08,0.15668183,0.15668183,2.5468516e-13,2.5468516e-13,0.15668169,0.15668169,0.15668169,0.15668169,-2.1861292e-08,-2.1861292e-08,1.0266979e-08,1.0266979e-08,1.3322676e-15,1.3322676e-15,1.1417574e-08,1.1417574e-08,-1.1505933e-09,-1.1505933e-09,0.15668183,0.15668183,2.5468516e-13,2.5468516e-13,2.5069093,2.5069093,4.0705217e-12,4.0705217e-12,1.2534547,1.2534547,2.0337065e-12,2.0337065e-12,0.15668169,0.15668169,1.457422e-07,1.457422e-07,0.031336337,0.031336337,4.8183679e-14,4.8183679e-14,-7.4175178e-14,-7.4175178e-14,6.4127563e-14,6.4127563e-14,-3.3306691e-16,-3.3306691e-16,-2.220446e-16,-2.220446e-16,-1.4574195e-07,-1.4574195e-07,-6.9944051e-15,-6.9944051e-15,0,0,-1.9984014e-15,-1.9984014e-15,0,0,0,0
0.1566817,0.1566817,-0.1566817,-0.1566817,-2.4957814e-13,-2.4957814e-13,-2.5268676e-13,-2.5268676e-13,-0.1566817,-0.1566817,-1.1768663e-07,-1.1768663e-07,-2.0768233e-08,-2.0768233e-08,-1.1768663e-07,-1.1768663e-07,-2.0768233e-08,-2.0768233e-08,0,0,0.15668184,0.15668184,2.5512925e-13,2.5512925e-13,1.6270042e-08,1.6270042e-08,1.6270042e-08,1.6270042e-08,2.0339633e-15,2.0339633e-15,-1.1768663e-07,-1.1768663e-07,-2.076823e-08,-2.076823e-08,-1.1768663e-07,-1.1768663e-07,-2.0768228e-08,-2.0768228e-08,-8.8817842e-16,-8.8817842e-16,-2.220446e-15,-2.220446e-15,-1.3845486e-07,-1.3845486e-07,-3.2196468e-15,-3.2196468e-15,2.220446e-15,2.220446e-15,3.5527137e-15,3.5527137e-15,0.15668182,0.15668182,2.0768482e-08,2.0768482e-08,0.15668182,0.15668182,2.0768483e-08,2.0768483e-08,0.15668184,0.15668184,2.5579538e-13,2.5579538e-13,0.1566817,0.1566817,0.1566817,0.1566817,-2.0768227e-08,-2.0768227e-08,9.7536303e-09,9.7536303e-09,1.3322676e-15,1.3322676e-15,1.0846695e-08,1.0846695e-08,-1.0930635e-09,-1.0930635e-09,0.15668184,0.15668184,2.5579538e-13,2.5579538e-13,2.5069095,2.5069095,4.0879522e-12,4.0879522e-12,1.2534547,1.2534547,2.0423663e-12,2.0423663e-12,0.1566817,0.1566817,1.384551e-07,1.384551e-07,0.031336341,0.031336341,4.8405724e-14,4.8405724e-14,-7.4815971e-14,-7.4815971e-14,6.4681555e-14,6.4681555e-14,-3.3306691e-16,-3.3306691e-16,-2.220446e-16,-2.220446e-16,-1.3845486e-07,-1.3845486e-07,-6.9944051e-15,-6.9944051e-15,0,0,-1.9984014e-15,-1.9984014e-15,0,0,0,0
0.15668172,0.15668172,-0.15668172,-0.15668172,-2.5046631e-13,-2.5046631e-13,-2.5379698e-13,-2.5379698e-13,-0.15668172,-0.15668172,-1.118023e-07,-1.118023e-07,-1.9729821e-08,-1.9729821e-08,-1.118023e-07,-1.118023e-07,-1.9729821e-08,-1.9729821e-08,0,0,0.15668185,0.15668185,2.5623947e-13,2.5623947e-13,1.545654e-08,1.545654e-08,1.545654e-08,1.545654e-08,2.0339633e-15,2.0339633e-15,-1.118023e-07,-1.118023e-07,-1.9729819e-08,-1.9729819e-08,-1.118023e-07,-1.118023e-07,-1.9729817e-08,-1.9729817e-08,-8.8817842e-16,-8.8817842e-16,-2.220446e-15,-2.220446e-15,-1.3153211e-07,-1.3153211e-07,-3.2196468e-15,-3.2196468e-15,2.220446e-15,2.220446e-15,3.5527137e-15,3.5527137e-15,0.15668183,0.15668183,1.9730072e-08,1.9730072e-08,0.15668183,0.15668183,1.9730073e-08,1.9730073e-08,0.15668185,0.15668185,2.5668356e-13,2.5668356e-13,0.15668172,0.15668172,0.15668172,0.15668172,-1.9729816e-08,-1.9729816e-08,9.2659489e-09,9.2659489e-09,1.3322676e-15,1.3322676e-15,1.030436e-08,1.030436e-08,-1.0384104e-09,-1.0384104e-09,0.15668185,0.15668185,2.5668356e-13,2.5668356e-13,2.5069096,2.5069096,4.1052717e-12,4.1052717e-12,1.2534548,1.2534548,2.051026e-12,2.051026e-12,0.15668172,0.15668172,1.3153236e-07,1.3153236e-07,0.031336344,0.031336344,4.8627768e-14,4.8627768e-14,-7.5456898e-14,-7.5456898e-14,6.5235662e-14,6.5235662e-14,-3.3306691e-16,-3.3306691e-16,-2.220446e-16,-2.220446e-16,-1.3153211e-07,-1.3153211e-07,-6.9944051e-15,-6.9944051e-15,0,0,-1.9984014e-15,-1.9984014e-15,0,0,0,0
0.15668174,0.15668174,-0.15668174,-0.15668174,-2.5157654e-13,-2.5157654e-13,-2.5490721e-13,-2.5490721e-13,-0.15668174,-0.15668174,-1.0621218e-07,-1.0621218e-07,-1.874333e-08,-1.874333e-08,-1.0621218e-07,-1.0621218e-07,-1.874333e-08,-1.874333e-08,0,0,0.15668186,0.15668186,2.573497e-13,2.573497e-13,1.4683713e-08,1.4683713e-08,1.4683713e-08,1.4683713e-08,2.0339633e-15,2.0339633e-15,-1.0621218e-07,-1.0621218e-07,-1.8743328e-08,-1.8743328e-08,-1.0621218e-07,-1.0621218e-07,-1.8743326e-08,-1.8743326e-08,-8.8817842e-16,-8.8817842e-16,-2.220446e-15,-2.220446e-15,-1.2495551e-07,-1.2495551e-07,-3.2196468e-15,-3.2196468e-15,2.220446e-15,2.220446e-15,3.5527137e-15,3.5527137e-15,0.15668184,0.15668184,1.8743582e-08,1.8743582e-08,0.15668184,0.15668184,1.8743583e-08,1.8743583e-08,0.15668186,0.15668186,2.5779379e-13,2.5779379e-13,0.15668174,0.15668174,0.15668174,0.15668174,-1.8743325e-08,-1.8743325e-08,8.8026515e-09,8.8026515e-09,1.3322676e-15,1.3322676e-15,9.7891424e-09,9.7891424e-09,-9.8648978e-10,-9.8648978e-10,0.15668186,0.15668186,2.5779379e-13,2.5779379e-13,2.5069098,2.5069098,4.1227022e-12,4.1227022e-12,1.2534549,1.2534549,2.0597968e-12,2.0597968e-12,0.15668174,0.15668174,1.2495576e-07,1.2495576e-07,0.031336347,0.031336347,4.8822058e-14,4.8822058e-14,-7.6097957e-14,-7.6097957e-14,6.5789884e-14,6.5789884e-14,-3.3306691e-16,-3.3306691e-16,-2.220446e-16,-2.220446e-16,-1.2495551e-07,-1.2495551e-07,-6.9944051e-15,-6.9944051e-15,0,0,-1.9984014e-15,-1.9984014e-15,0,0,0,0
0.15668175,0.15668175,-0.15668175,-0.15668175,-2.5268676e-13,-2.5268676e-13,-2.5590641e-13,-2.5590641e-13,-0.15668175,-0.15668175,-1.0090157e-07,-1.0090157e-07,-1.7806164e-08,-1.7806164e-08,-1.0090157e-07,-1.0090157e-07,-1.7806164e-08,-1.7806164e-08,0,0,0.15668187,0.15668187,2.5845992e-13,2.5845992e-13,1.3949528e-08,1.3949528e-08,1.3949528e-08,1.3949528e-08,2.0339633e-15,2.0339633e-15,-1.0090157e-07,-1.0090157e-07,-1.7806161e-08,-1.7806161e-08,-1.0090157e-07,-1.0090157e-07,-1.7806159e-08,-1.7806159e-08,-9.15934e-16,-9.15934e-16,-2.220446e-15,-2.220446e-15,-1.1870773e-07,-1.1870773e-07,-3.2196468e-15,-3.2196468e-15,2.220446e-15,2.220446e-15,3.5527137e-15,3.5527137e-15,0.15668185,0.15668185,1.7806417e-08,1.7806417e-08,0.15668185,0.15668185,1.7806418e-08,1.7806418e-08,0.15668187,0.15668187,2.5890401e-13,2.5890401e-13,0.15668175,0.15668175,0.15668175,0.15668175,-1.7806159e-08,-1.7806159e-08,8.3625191e-09,8.3625191e-09,1.3322676e-15,1.3322676e-15,9.2996852e-09,9.2996852e-09,-9.3716523e-10,-9.3716523e-10,0.15668187,0.15668187,2.5890401e-13,2.5890401e-13,2.5069099,2.5069099,4.1401327e-12,4.1401327e-12,1.253455,1.253455,2.0684565e-12,2.0684565e-12,0.15668175,0.15668175,1.1870798e-07,1.1870798e-07,0.03133635,0.03133635,4.9044102e-14,4.9044102e-14,-7.6739143e-14,-7.6739143e-14,6.6344216e-14,6.6344216e-14,-3.3306691e-16,-3.3306691e-16,-2.220446e-16,-2.220446e-16,-1.1870773e-07,-1.1870773e-07,-6.9944051e-15,-6.9944051e-15,0,0,-1.9984014e-15,-1.9984014e-15,0,0,0,0
0.15668176,0.15668176,-0.15668176,-0.15668176,-2.5379698e-13,-2.5379698e-13,-2.5701663e-13,-2.5701663e-13,-0.15668176,-0.15668176,-9.5856494e-08,-9.5856494e-08,-1.6915856e-08,-1.6915856e-08,-9.5856494e-08,-9.5856494e-08,-1.6915856e-08,-1.6915856e-08,0,0,0.15668188,0.15668188,2.5957014e-13,2.5957014e-13,1.3252051e-08,1.3252051e-08,1.3252051e-08,1.3252051e-08,2.0339633e-15,2.0339633e-15,-9.5856494e-08,-9.5856494e-08,-1.6915853e-08,-1.6915853e-08,-9.5856493e-08,-9.5856493e-08,-1.6915851e-08,-1.6915851e-08,-9.15934e-16,-9.15934e-16,-2.220446e-15,-2.220446e-15,-1.1277234e-07,-1.1277234e-07,-3.2196468e-15,-3.2196468e-15,2.220446e-15,2.220446e-15,3.5527137e-15,3.5527137e-15,0.15668186,0.15668186,1.691611e-08,1.691611e-08,0.15668186,0.15668186,1.6916111e-08,1.6916111e-08,0.15668188,0.15668188,2.6001423e-13,2.6001423e-13,0.15668176,0.15668176,0.15668176,0.15668176,-1.6915851e-08,-1.6915851e-08,7.9443931e-09,7.9443931e-09,1.3322676e-15,1.3322676e-15,8.834701e-09,8.834701e-09,-8.9030694e-10,-8.9030694e-10,0.15668188,0.15668188,2.6001423e-13,2.6001423e-13,2.50691,2.50691,4.1575632e-12,4.1575632e-12,1.253455,1.253455,2.0771163e-12,2.0771163e-12,0.15668176,0.15668176,1.127726e-07,1.127726e-07,0.031336353,0.031336353,4.9266147e-14,4.9266147e-14,-7.7380456e-14,-7.7380456e-14,6.6898656e-14,6.6898656e-14,-3.3306691e-16,-3.3306691e-16,-2.220446e-16,-2.220446e-16,-1.1277235e-07,-1.1277235e-07,-6.9944051e-15,-6.9944051e-15,0,0,-1.9984014e-15,-1.9984014e-15,0,0,0,0
0.15668178,0.15668178,-0.15668178,-0.15668178,-2.5479618e-13,-2.5479618e-13,-2.5812685e-13,-2.5812685e-13,-0.15668178,-0.15668178,-9.106367e-08,-9.106367e-08,-1.6070064e-08,-1.6070064e-08,-9.106367e-08,-9.106367e-08,-1.6070064e-08,-1.6070064e-08,0,0,0.15668188,0.15668188,2.6068037e-13,2.6068037e-13,1.2589449e-08,1.2589449e-08,1.2589449e-08,1.2589449e-08,2.0339633e-15,2.0339633e-15,-9.1063669e-08,-9.1063669e-08,-1.6070061e-08,-1.6070061e-08,-9.1063669e-08,-9.1063669e-08,-1.6070059e-08,-1.6070059e-08,-9.15934e-16,-9.15934e-16,-2.220446e-15,-2.220446e-15,-1.0713373e-07,-1.0713373e-07,-3.2196468e-15,-3.2196468e-15,2.220446e-15,2.220446e-15,3.5527137e-15,3.5527137e-15,0.15668187,0.15668187,1.6070319e-08,1.6070319e-08,0.15668187,0.15668187,1.6070319e-08,1.6070319e-08,0.15668188,0.15668188,2.6112446e-13,2.6112446e-13,0.15668178,0.15668178,0.15668178,0.15668178,-1.6070058e-08,-1.6070058e-08,7.5471736e-09,7.5471736e-09,1.3322676e-15,1.3322676e-15,8.3929661e-09,8.3929661e-09,-8.4579155e-10,-8.4579155e-10,0.15668188,0.15668188,2.6112446e-13,2.6112446e-13,2.5069101,2.5069101,4.1749937e-12,4.1749937e-12,1.2534551,1.2534551,2.085887e-12,2.085887e-12,0.15668178,0.15668178,1.0713398e-07,1.0713398e-07,0.031336355,0.031336355,4.9488191e-14,4.9488191e-14,-7.802189e-14,-7.802189e-14,6.7453202e-14,6.7453202e-14,-3.3306691e-16,-3.3306691e-16,-2.220446e-16,-2.220446e-16,-1.0713373e-07,-1.0713373e-07,-6.9944051e-15,-6.9944051e-15,0,0,-1.9984014e-15,-1.9984014e-15,0,0,0,0
0.15668179,0.15668179,-0.15668179,-0.15668179,-2.5579538e-13,-2.5579538e-13,-2.5923708e-13,-2.5923708e-13,-0.15668179,-0.15668179,-8.6510486e-08,-8.6510486e-08,-1.5266561e-08,-1.5266561e-08,-8.6510486e-08,-8.6510486e-08,-1.5266561e-08,-1.5266561e-08,0,0,0.15668189,0.15668189,2.6156854e-13,2.6156854e-13,1.1959977e-08,1.1959977e-08,1.1959977e-08,1.1959977e-08,2.0339633e-15,2.0339633e-15,-8.6510486e-08,-8.6510486e-08,-1.5266558e-08,-1.5266558e-08,-8.6510485e-08,-8.6510485e-08,-1.5266556e-08,-1.5266556e-08,-9.15934e-16,-9.15934e-16,-2.220446e-15,-2.220446e-15,-1.0177704e-07,-1.0177704e-07,-3.2196468e-15,-3.2196468e-15,2.220446e-15,2.220446e-15,3.5527137e-15,3.5527137e-15,0.15668188,0.15668188,1.5266817e-08,1.5266817e-08,0.15668188,0.15668188,1.5266818e-08,1.5266818e-08,0.15668189,0.15668189,2.6223468e-13,2.6223468e-13,0.15668179,0.15668179,0.15668179,0.15668179,-1.5266555e-08,-1.5266555e-08,7.169815e-09,7.169815e-09,1.3322676e-15,1.3322676e-15,7.9733178e-09,7.9733178e-09,-8.0350182e-10,-8.0350182e-10,0.15668189,0.15668189,2.6223468e-13,2.6223468e-13,2.5069103,2.5069103,4.1923132e-12,4.1923132e-12,1.2534551,1.2534551,2.0945468e-12,2.0945468e-12,0.15668179,0.15668179,1.017773e-07,1.017773e-07,0.031336358,0.031336358,4.9710236e-14,4.9710236e-14,-7.8663444e-14,-7.8663444e-14,6.8007852e-14,6.8007852e-14,-3.3306691e-16,-3.3306691e-16,-2.220446e-16,-2.220446e-16,-1.0177704e-07,-1.0177704e-07,-6.9944051e-15,-6.9944051e-15,0,0,-1.9984014e-15,-1.9984014e-15,0,0,0,0
0.1566818,0.1566818,-0.1566818,-0.1566818,-2.5690561e-13,-2.5690561e-13,-2.603473e-13,-2.603473e-13,-0.1566818,-0.1566818,-8.2184962e-08,-8.2184962e-08,-1.4503233e-08,-1.4503233e-08,-8.2184962e-08,-8.2184962e-08,-1.4503233e-08,-1.4503233e-08,0,0,0.1566819,0.1566819,2.6267877e-13,2.6267877e-13,1.1361978e-08,1.1361978e-08,1.1361978e-08,1.1361978e-08,2.0339633e-15,2.0339633e-15,-8.2184962e-08,-8.2184962e-08,-1.450323e-08,-1.450323e-08,-8.2184961e-08,-8.2184961e-08,-1.4503228e-08,-1.4503228e-08,-9.15934e-16,-9.15934e-16,-2.220446e-15,-2.220446e-15,-9.6688189e-08,-9.6688189e-08,-3.2196468e-15,-3.2196468e-15,2.220446e-15,2.220446e-15,3.5527137e-15,3.5527137e-15,0.15668188,0.15668188,1.450349e-08,1.450349e-08,0.15668188,0.15668188,1.4503491e-08,1.4503491e-08,0.1566819,0.1566819,2.633449e-13,2.633449e-13,0.1566818,0.1566818,0.1566818,0.1566818,-1.4503228e-08,-1.4503228e-08,6.8113242e-09,6.8113242e-09,1.3322676e-15,1.3322676e-15,7.574652e-09,7.574652e-09,-7.6332674e-10,-7.6332674e-10,0.1566819,0.1566819,2.633449e-13,2.633449e-13,2.5069104,2.5069104,4.2097437e-12,4.2097437e-12,1.2534552,1.2534552,2.1033175e-12,2.1033175e-12,0.1566818,0.1566818,9.6688446e-08,9.6688446e-08,0.03133636,0.03133636,4.9932281e-14,4.9932281e-14,-7.9305115e-14,-7.9305115e-14,6.8562603e-14,6.8562603e-14,-3.3306691e-16,-3.3306691e-16,-2.220446e-16,-2.220446e-16,-9.668819e-08,-9.668819e-08,-6.9944051e-15,-6.9944051e-15,0,0,-1.9984014e-15,-1.9984014e-15,0,0,0,0
0.15668181,0.15668181,-0.15668181,-0.15668181,-2.5790481e-13,-2.5790481e-13,-2.6145752e-13,-2.6145752e-13,-0.15668181,-0.15668181,-7.8075714e-08,-7.8075714e-08,-1.3778071e-08,-1.3778071e-08,-7.8075714e-08,-7.8075714e-08,-1.3778071e-08,-1.3778071e-08,0,0,0.1566819,0.1566819,2.6378899e-13,2.6378899e-13,1.0793879e-08,1.0793879e-08,1.0793879e-08,1.0793879e-08,2.0339633e-15,2.0339633e-15,-7.8075714e-08,-7.8075714e-08,-1.3778069e-08,-1.3778069e-08,-7.8075713e-08,-7.8075713e-08,-1.3778067e-08,-1.3778067e-08,-9.15934e-16,-9.15934e-16,-2.220446e-15,-2.220446e-15,-9.185378e-08,-9.185378e-08,-3.2196468e-15,-3.2196468e-15,2.220446e-15,2.220446e-15,3.5527137e-15,3.5527137e-15,0.15668189,0.15668189,1.377833e-08,1.377833e-08,0.15668189,0.15668189,1.377833e-08,1.377833e-08,0.1566819,0.1566819,2.6445512e-13,2.6445512e-13,0.15668181,0.15668181,0.15668181,0.15668181,-1.3778066e-08,-1.3778066e-08,6.4707582e-09,6.4707582e-09,1.3322676e-15,1.3322676e-15,7.1959194e-09,7.1959194e-09,-7.2516038e-10,-7.2516038e-10,0.1566819,0.1566819,2.6445512e-13,2.6445512e-13,2.5069105,2.5069105,4.2271742e-12,4.2271742e-12,1.2534552,1.2534552,2.1119773e-12,2.1119773e-12,0.15668181,0.15668181,9.1854038e-08,9.1854038e-08,0.031336363,0.031336363,5.012657e-14,5.012657e-14,-7.9946901e-14,-7.9946901e-14,6.9117453e-14,6.9117453e-14,-3.3306691e-16,-3.3306691e-16,-2.220446e-16,-2.220446e-16,-9.185378e-08,-9.185378e-08,-6.9944051e-15,-6.9944051e-15,0,0,-1.9984014e-15,-1.9984014e-15,0,0,0,0
0.15668182,0.15668182,-0.15668182,-0.15668182,-2.5912605e-13,-2.5912605e-13,-2.6245672e-13,-2.6245672e-13,-0.15668182,-0.15668182,-7.4171928e-08,-7.4171928e-08,-1.3089168e-08,-1.3089168e-08,-7.4171928e-08,-7.4171928e-08,-1.3089168e-08,-1.3089168e-08,0,0,0.15668191,0.15668191,2.6489921e-13,2.6489921e-13,1.0254185e-08,1.0254185e-08,1.0254185e-08,1.0254185e-08,2.0339633e-15,2.0339633e-15,-7.4171928e-08,-7.4171928e-08,-1.3089165e-08,-1.3089165e-08,-7.4171927e-08,-7.4171927e-08,-1.3089163e-08,-1.3089163e-08,-9.15934e-16,-9.15934e-16,-2.220446e-15,-2.220446e-15,-8.7261091e-08,-8.7261091e-08,-3.2196468e-15,-3.2196468e-15,2.220446e-15,2.220446e-15,3.5527137e-15,3.5527137e-15,0.1566819,0.1566819,1.3089428e-08,1.3089428e-08,0.1566819,0.1566819,1.3089428e-08,1.3089428e-08,0.15668191,0.15668191,2.6556535e-13,2.6556535e-13,0.15668182,0.15668182,0.15668182,0.15668182,-1.3089163e-08,-1.3089163e-08,6.1472203e-09,6.1472203e-09,1.3322676e-15,1.3322676e-15,6.8361234e-09,6.8361234e-09,-6.8890227e-10,-6.8890227e-10,0.15668191,0.15668191,2.6556535e-13,2.6556535e-13,2.5069106,2.5069106,4.2446047e-12,4.2446047e-12,1.2534553,1.2534553,2.120637e-12,2.120637e-12,0.15668182,0.15668182,8.726135e-08,8.726135e-08,0.031336365,0.031336365,5.0348614e-14,5.0348614e-14,-8.0588798e-14,-8.0588798e-14,6.9672399e-14,6.9672399e-14,-3.3306691e-16,-3.3306691e-16,-2.220446e-16,-2.220446e-16,-8.7261091e-08,-8.7261091e-08,-6.9944051e-15,-6.9944051e-15,0,0,-1.9984014e-15,-1.9984014e-15,0,0,0,0
0.15668183,0.15668183,-0.15668183,-0.15668183,-2.6023628e-13,-2.6023628e-13,-2.6356695e-13,-2.6356695e-13,-0.15668183,-0.15668183,-7.0463332e-08,-7.0463332e-08,-1.243471e-08,-1.243471e-08,-7.0463332e-08,-7.0463332e-08,-1.243471e-08,-1.243471e-08,0,0,0.15668192,0.15668192,2.6600944e-13,2.6600944e-13,9.741476e-09,9.741476e-09,9.741476e-09,9.741476e-09,2.0339633e-15,2.0339633e-15,-7.0463332e-08,-7.0463332e-08,-1.2434707e-08,-1.2434707e-08,-7.0463331e-08,-7.0463331e-08,-1.2434705e-08,-1.2434705e-08,-9.15934e-16,-9.15934e-16,-2.220446e-15,-2.220446e-15,-8.2898036e-08,-8.2898036e-08,-3.2196468e-15,-3.2196468e-15,2.220446e-15,2.220446e-15,3.5527137e-15,3.5527137e-15,0.1566819,0.1566819,1.2434971e-08,1.2434971e-08,0.1566819,0.1566819,1.2434971e-08,1.2434971e-08,0.15668192,0.15668192,2.6667557e-13,2.6667557e-13,0.15668183,0.15668183,0.15668183,0.15668183,-1.2434705e-08,-1.2434705e-08,5.8398593e-09,5.8398593e-09,1.3322676e-15,1.3322676e-15,6.4943173e-09,6.4943173e-09,-6.5445704e-10,-6.5445704e-10,0.15668192,0.15668192,2.6667557e-13,2.6667557e-13,2.5069107,2.5069107,4.2620352e-12,4.2620352e-12,1.2534553,1.2534553,2.1294078e-12,2.1294078e-12,0.15668183,0.15668183,8.2898296e-08,8.2898296e-08,0.031336367,0.031336367,5.0570659e-14,5.0570659e-14,-8.1230803e-14,-8.1230803e-14,7.0227439e-14,7.0227439e-14,-3.3306691e-16,-3.3306691e-16,-2.220446e-16,-2.220446e-16,-8.2898037e-08,-8.2898037e-08,-6.9944051e-15,-6.9944051e-15,0,0,-1.9984014e-15,-1.9984014e-15,0,0,0,0
0.15668184,0.15668184,-0.15668184,-0.15668184,-2.6112446e-13,-2.6112446e-13,-2.6467717e-13,-2.6467717e-13,-0.15668184,-0.15668184,-6.6940165e-08,-6.6940165e-08,-1.1812975e-08,-1.1812975e-08,-6.6940165e-08,-6.6940165e-08,-1.1812975e-08,-1.1812975e-08,0,0,0.15668192,0.15668192,2.6711966e-13,2.6711966e-13,9.2544023e-09,9.2544023e-09,9.2544023e-09,9.2544023e-09,2.0339633e-15,2.0339633e-15,-6.6940165e-08,-6.6940165e-08,-1.1812972e-08,-1.1812972e-08,-6.6940164e-08,-6.6940164e-08,-1.181297e-08,-1.181297e-08,-9.15934e-16,-9.15934e-16,-2.220446e-15,-2.220446e-15,-7.8753134e-08,-7.8753134e-08,-3.2196468e-15,-3.2196468e-15,2.220446e-15,2.220446e-15,3.5527137e-15,3.5527137e-15,0.15668191,0.15668191,1.1813236e-08,1.1813236e-08,0.15668191,0.15668191,1.1813237e-08,1.1813237e-08,0.15668192,0.15668192,2.6756375e-13,2.6756375e-13,0.15668184,0.15668184,0.15668184,0.15668184,-1.1812969e-08,-1.1812969e-08,5.5478664e-09,5.5478664e-09,1.3322676e-15,1.3322676e-15,6.1696015e-09,6.1696015e-09,-6.2173422e-10,-6.2173422e-10,0.15668192,0.15668192,2.6756375e-13,2.6756375e-13,2.5069108,2.5069108,4.2793546e-12,4.2793546e-12,1.2534554,1.2534554,2.1380675e-12,2.1380675e-12,0.15668184,0.15668184,7.8753396e-08,7.8753396e-08,0.031336369,0.031336369,5.0792703e-14,5.0792703e-14,-8.1872916e-14,-8.1872916e-14,7.0782572e-14,7.0782572e-14,-3.3306691e-16,-3.3306691e-16,-2.220446e-16,-2.220446e-16,-7.8753135e-08,-7.8753135e-08,-6.9944051e-15,-6.9944051e-15,0,0,-1.9984014e-15,-1.9984014e-15,0,0,0,0
0.15668185,0.15668185,-0.15668185,-0.15668185,-2.623457e-13,-2.623457e-13,-2.6578739e-13,-2.6578739e-13,-0.15668185,-0.15668185,-6.3593157e-08,-6.3593157e-08,-1.1222326e-08,-1.1222326e-08,-6.3593157e-08,-6.3593157e-08,-1.1222326e-08,-1.1222326e-08,0,0,0.15668193,0.15668193,2.6822988e-13,2.6822988e-13,8.7916823e-09,8.7916823e-09,8.7916822e-09,8.7916822e-09,2.0339633e-15,2.0339633e-15,-6.3593157e-08,-6.3593157e-08,-1.1222323e-08,-1.1222323e-08,-6.3593156e-08,-6.3593156e-08,-1.1222321e-08,-1.1222321e-08,-9.15934e-16,-9.15934e-16,-2.220446e-15,-2.220446e-15,-7.4815477e-08,-7.4815477e-08,-3.2196468e-15,-3.2196468e-15,2.220446e-15,2.220446e-15,3.5527137e-15,3.5527137e-15,0.15668192,0.15668192,1.1222589e-08,1.1222589e-08,0.15668192,0.15668192,1.122259e-08,1.122259e-08,0.15668193,0.15668193,2.6867397e-13,2.6867397e-13,0.15668185,0.15668185,0.15668185,0.15668185,-1.1222321e-08,-1.1222321e-08,5.2704732e-09,5.2704732e-09,1.3322676e-15,1.3322676e-15,5.8611216e-09,5.8611216e-09,-5.9064742e-10,-5.9064742e-10,0.15668193,0.15668193,2.6867397e-13,2.6867397e-13,2.5069108,2.5069108,4.2967851e-12,4.2967851e-12,1.2534554,1.2534554,2.1468383e-12,2.1468383e-12,0.15668185,0.15668185,7.481574e-08,7.481574e-08,0.031336371,0.031336371,5.1014748e-14,5.1014748e-14,-8.2515132e-14,-8.2515132e-14,7.1337795e-14,7.1337795e-14,-3.3306691e-16,-3.3306691e-16,-2.220446e-16,-2.220446e-16,-7.4815478e-08,-7.4815478e-08,-6.9944051e-15,-6.9944051e-15,0,0,-1.9984014e-15,-1.9984014e-15,0,0,0,0
0.15668186,0.15668186,-0.15668186,-0.15668186,-2.633449e-13,-2.633449e-13,-2.6689762e-13,-2.6689762e-13,-0.15668186,-0.15668186,-6.0413499e-08,-6.0413499e-08,-1.066121e-08,-1.066121e-08,-6.0413499e-08,-6.0413499e-08,-1.066121e-08,-1.066121e-08,0,0,0.15668193,0.15668193,2.6934011e-13,2.6934011e-13,8.3520983e-09,8.3520983e-09,8.3520982e-09,8.3520982e-09,2.0339633e-15,2.0339633e-15,-6.0413499e-08,-6.0413499e-08,-1.0661207e-08,-1.0661207e-08,-6.0413498e-08,-6.0413498e-08,-1.0661205e-08,-1.0661205e-08,-9.4368957e-16,-9.4368957e-16,-2.220446e-15,-2.220446e-15,-7.1074704e-08,-7.1074704e-08,-3.2196468e-15,-3.2196468e-15,2.220446e-15,2.220446e-15,3.5527137e-15,3.5527137e-15,0.15668192,0.15668192,1.0661474e-08,1.0661474e-08,0.15668192,0.15668192,1.0661475e-08,1.0661475e-08,0.15668193,0.15668193,2.6978419e-13,2.6978419e-13,0.15668186,0.15668186,0.15668186,0.15668186,-1.0661205e-08,-1.0661205e-08,5.0069495e-09,5.0069495e-09,1.3322676e-15,1.3322676e-15,5.5680656e-09,5.5680656e-09,-5.6111504e-10,-5.6111504e-10,0.15668193,0.15668193,2.6978419e-13,2.6978419e-13,2.5069109,2.5069109,4.3142157e-12,4.3142157e-12,1.2534555,1.2534555,2.155498e-12,2.155498e-12,0.15668186,0.15668186,7.1074967e-08,7.1074967e-08,0.031336372,0.031336372,5.1236793e-14,5.1236793e-14,-8.315745e-14,-8.315745e-14,7.1893105e-14,7.1893105e-14,-3.3306691e-16,-3.3306691e-16,-2.220446e-16,-2.220446e-16,-7.1074704e-08,-7.1074704e-08,-6.9944051e-15,-6.9944051e-15,0,0,-1.9984014e-15,-1.9984014e-15,0,0,0,0
0.15668187,0.15668187,-0.15668187,-0.15668187,-2.6445512e-13,-2.6445512e-13,-2.6789682e-13,-2.6789682e-13,-0.15668187,-0.15668187,-5.7392824e-08,-5.7392824e-08,-1.012815e-08,-1.012815e-08,-5.7392824e-08,-5.7392824e-08,-1.012815e-08,-1.012815e-08,0,0,0.15668194,0.15668194,2.7045033e-13,2.7045033e-13,7.9344934e-09,7.9344934e-09,7.9344934e-09,7.9344934e-09,2.0339633e-15,2.0339633e-15,-5.7392824e-08,-5.7392824e-08,-1.0128147e-08,-1.0128147e-08,-5.7392823e-08,-5.7392823e-08,-1.0128145e-08,-1.0128145e-08,-9.4368957e-16,-9.4368957e-16,-2.220446e-15,-2.220446e-15,-6.7520968e-08,-6.7520968e-08,-3.2196468e-15,-3.2196468e-15,2.220446e-15,2.220446e-15,3.5527137e-15,3.5527137e-15,0.15668193,0.15668193,1.0128415e-08,1.0128415e-08,0.15668193,0.15668193,1.0128415e-08,1.0128415e-08,0.15668194,0.15668194,2.7089442e-13,2.7089442e-13,0.15668187,0.15668187,0.15668187,0.15668187,-1.0128144e-08,-1.0128144e-08,4.7566022e-09,4.7566022e-09,1.3322676e-15,1.3322676e-15,5.2896623e-09,5.2896623e-09,-5.3305915e-10,-5.3305915e-10,0.15668194,0.15668194,2.7089442e-13,2.7089442e-13,2.506911,2.506911,4.3316462e-12,4.3316462e-12,1.2534555,1.2534555,2.1641577e-12,2.1641577e-12,0.15668187,0.15668187,6.7521233e-08,6.7521233e-08,0.031336374,0.031336374,5.1431082e-14,5.1431082e-14,-8.3799868e-14,-8.3799868e-14,7.2448501e-14,7.2448501e-14,-3.3306691e-16,-3.3306691e-16,-2.220446e-16,-2.220446e-16,-6.7520969e-08,-6.7520969e-08,-6.9944051e-15,-6.9944051e-15,0,0,-1.9984014e-15,-1.9984014e-15,0,0,0,0
0.15668188,0.15668188,-0.15668188,-0.15668188,-2.6545433e-13,-2.6545433e-13,-2.6900704e-13,-2.6900704e-13,-0.15668188,-0.15668188,-5.4523183e-08,-5.4523183e-08,-9.6217424e-09,-9.6217424e-09,-5.4523183e-08,-5.4523183e-08,-9.6217424e-09,-9.6217424e-09,0,0,0.15668194,0.15668194,2.7156055e-13,2.7156055e-13,7.5377688e-09,7.5377688e-09,7.5377688e-09,7.5377688e-09,2.0339633e-15,2.0339633e-15,-5.4523183e-08,-5.4523183e-08,-9.6217396e-09,-9.6217396e-09,-5.4523182e-08,-5.4523182e-08,-9.6217377e-09,-9.6217377e-09,-9.4368957e-16,-9.4368957e-16,-2.220446e-15,-2.220446e-15,-6.414492e-08,-6.414492e-08,-3.2196468e-15,-3.2196468e-15,2.220446e-15,2.220446e-15,3.5527137e-15,3.5527137e-15,0.15668193,0.15668193,9.6220085e-09,9.6220085e-09,0.15668193,0.15668193,9.6220092e-09,9.6220092e-09,0.15668194,0.15668194,2.7200464e-13,2.7200464e-13,0.15668188,0.15668188,0.15668188,0.15668188,-9.621737e-09,-9.621737e-09,4.518772e-09,4.518772e-09,1.3322676e-15,1.3322676e-15,5.0251792e-09,5.0251792e-09,-5.0640614e-10,-5.0640614e-10,0.15668194,0.15668194,2.7200464e-13,2.7200464e-13,2.5069111,2.5069111,4.3490767e-12,4.3490767e-12,1.2534555,1.2534555,2.1729285e-12,2.1729285e-12,0.15668188,0.15668188,6.4145186e-08,6.4145186e-08,0.031336376,0.031336376,5.1653126e-14,5.1653126e-14,-8.4442382e-14,-8.4442382e-14,7.3003982e-14,7.3003982e-14,-3.3306691e-16,-3.3306691e-16,-2.220446e-16,-2.220446e-16,-6.414492e-08,-6.414492e-08,-6.9944051e-15,-6.9944051e-15,0,0,-1.9984014e-15,-1.9984014e-15,0,0,0,0
0.15668189,0.15668189,-0.15668189,-0.15668189,-2.6645353e-13,-2.6645353e-13,-2.7011726e-13,-2.7011726e-13,-0.15668189,-0.15668189,-5.1797024e-08,-5.1797024e-08,-9.1406554e-09,-9.1406554e-09,-5.1797024e-08,-5.1797024e-08,-9.1406554e-09,-9.1406554e-09,0,0,0.15668195,0.15668195,2.7244873e-13,2.7244873e-13,7.1608805e-09,7.1608805e-09,7.1608804e-09,7.1608804e-09,2.0339633e-15,2.0339633e-15,-5.1797024e-08,-5.1797024e-08,-9.1406527e-09,-9.1406527e-09,-5.1797023e-08,-5.1797023e-08,-9.1406508e-09,-9.1406508e-09,-9.4368957e-16,-9.4368957e-16,-2.220446e-15,-2.220446e-15,-6.0937674e-08,-6.0937674e-08,-3.2196468e-15,-3.2196468e-15,2.220446e-15,2.220446e-15,3.5527137e-15,3.5527137e-15,0.15668194,0.15668194,9.1409227e-09,9.1409227e-09,0.15668194,0.15668194,9.1409234e-09,9.1409234e-09,0.15668195,0.15668195,2.7311486e-13,2.7311486e-13,0.15668189,0.15668189,0.15668189,0.15668189,-9.1406502e-09,-9.1406502e-09,4.2928336e-09,4.2928336e-09,1.3322676e-15,1.3322676e-15,4.7739204e-09,4.7739204e-09,-4.8108584e-10,-4.8108584e-10,0.15668195,0.15668195,2.7311486e-13,2.7311486e-13,2.5069111,2.5069111,4.3663961e-12,4.3663961e-12,1.2534556,1.2534556,2.1815882e-12,2.1815882e-12,0.15668189,0.15668189,6.0937941e-08,6.0937941e-08,0.031336377,0.031336377,5.1875171e-14,5.1875171e-14,-8.5084992e-14,-8.5084992e-14,7.3559544e-14,7.3559544e-14,-3.3306691e-16,-3.3306691e-16,-2.220446e-16,-2.220446e-16,-6.0937674e-08,-6.0937674e-08,-6.9944051e-15,-6.9944051e-15,0,0,-1.9984014e-15,-1.9984014e-15,0,0,0,0
0.15668189,0.15668189,-0.15668189,-0.15668189,-2.6767477e-13,-2.6767477e-13,-2.7122748e-13,-2.7122748e-13,-0.15668189,-0.15668189,-4.9207173e-08,-4.9207173e-08,-8.6836229e-09,-8.6836229e-09,-4.9207173e-08,-4.9207173e-08,-8.6836229e-09,-8.6836229e-09,0,0,0.15668195,0.15668195,2.7355895e-13,2.7355895e-13,6.8028365e-09,6.8028365e-09,6.8028365e-09,6.8028365e-09,2.0339633e-15,2.0339633e-15,-4.9207173e-08,-4.9207173e-08,-8.6836202e-09,-8.6836202e-09,-4.9207172e-08,-4.9207172e-08,-8.6836182e-09,-8.6836182e-09,-9.4368957e-16,-9.4368957e-16,-2.220446e-15,-2.220446e-15,-5.789079e-08,-5.789079e-08,-3.2196468e-15,-3.2196468e-15,2.220446e-15,2.220446e-15,3.5527137e-15,3.5527137e-15,0.15668194,0.15668194,8.6838914e-09,8.6838914e-09,0.15668194,0.15668194,8.6838918e-09,8.6838918e-09,0.15668195,0.15668195,2.7422509e-13,2.7422509e-13,0.15668189,0.15668189,0.15668189,0.15668189,-8.6836178e-09,-8.6836178e-09,4.078192e-09,4.078192e-09,1.3322676e-15,1.3322676e-15,4.5352244e-09,4.5352244e-09,-4.5703152e-10,-4.5703152e-10,0.15668195,0.15668195,2.7422509e-13,2.7422509e-13,2.5069112,2.5069112,4.3838266e-12,4.3838266e-12,1.2534556,1.2534556,2.190359e-12,2.190359e-12,0.15668189,0.15668189,5.7891058e-08,5.7891058e-08,0.031336378,0.031336378,5.2097215e-14,5.2097215e-14,-8.5727694e-14,-8.5727694e-14,7.4115186e-14,7.4115186e-14,-3.3306691e-16,-3.3306691e-16,-2.220446e-16,-2.220446e-16,-5.7890791e-08,-5.7890791e-08,-6.9944051e-15,-6.9944051e-15,0,0,-1.9984014e-15,-1.9984014e-15,0,0,0,0
0.1566819,0.1566819,-0.1566819,-0.1566819,-2.6878499e-13,-2.6878499e-13,-2.7233771e-13,-2.7233771e-13,-0.1566819,-0.1566819,-4.6746814e-08,-4.6746814e-08,-8.249442e-09,-8.249442e-09,-4.6746814e-08,-4.6746814e-08,-8.249442e-09,-8.249442e-09,0,0,0.15668195,0.15668195,2.7466918e-13,2.7466918e-13,6.4626948e-09,6.4626948e-09,6.4626947e-09,6.4626947e-09,2.0339633e-15,2.0339633e-15,-4.6746814e-08,-4.6746814e-08,-8.2494392e-09,-8.2494392e-09,-4.6746813e-08,-4.6746813e-08,-8.2494373e-09,-8.2494373e-09,-9.4368957e-16,-9.4368957e-16,-2.220446e-15,-2.220446e-15,-5.4996251e-08,-5.4996251e-08,-3.2196468e-15,-3.2196468e-15,2.220446e-15,2.220446e-15,3.5527137e-15,3.5527137e-15,0.15668195,0.15668195,8.2497114e-09,8.2497114e-09,0.15668195,0.15668195,8.249712e-09,8.249712e-09,0.15668195,0.15668195,2.7533531e-13,2.7533531e-13,0.1566819,0.1566819,0.1566819,0.1566819,-8.2494369e-09,-8.2494369e-09,3.8742825e-09,3.8742825e-09,1.3322676e-15,1.3322676e-15,4.3084631e-09,4.3084631e-09,-4.341798e-10,-4.341798e-10,0.15668195,0.15668195,2.7533531e-13,2.7533531e-13,2.5069113,2.5069113,4.4012571e-12,4.4012571e-12,1.2534556,1.2534556,2.1990187e-12,2.1990187e-12,0.1566819,0.1566819,5.499652e-08,5.499652e-08,0.03133638,0.03133638,5.231926e-14,5.231926e-14,-8.6370486e-14,-8.6370486e-14,7.4670907e-14,7.4670907e-14,-3.3306691e-16,-3.3306691e-16,-2.220446e-16,-2.220446e-16,-5.4996251e-08,-5.4996251e-08,-6.9944051e-15,-6.9944051e-15,0,0,-1.9984014e-15,-1.9984014e-15,0,0,0,0
0.15668191,0.15668191,-0.15668191,-0.15668191,-2.6967317e-13,-2.6967317e-13,-2.7344793e-13,-2.7344793e-13,-0.15668191,-0.15668191,-4.4409474e-08,-4.4409474e-08,-7.83697e-09,-7.83697e-09,-4.4409474e-08,-4.4409474e-08,-7.83697e-09,-7.83697e-09,0,0,0.15668196,0.15668196,2.757794e-13,2.757794e-13,6.1395601e-09,6.1395601e-09,6.1395601e-09,6.1395601e-09,2.0339633e-15,2.0339633e-15,-4.4409473e-08,-4.4409473e-08,-7.8369673e-09,-7.8369673e-09,-4.4409473e-08,-4.4409473e-08,-7.8369654e-09,-7.8369654e-09,-9.4368957e-16,-9.4368957e-16,-2.220446e-15,-2.220446e-15,-5.2246438e-08,-5.2246438e-08,-3.2196468e-15,-3.2196468e-15,2.220446e-15,2.220446e-15,3.5527137e-15,3.5527137e-15,0.15668195,0.15668195,7.8372406e-09,7.8372406e-09,0.15668195,0.15668195,7.8372411e-09,7.8372411e-09,0.15668196,0.15668196,2.7644553e-13,2.7644553e-13,0.15668191,0.15668191,0.15668191,0.15668191,-7.8369649e-09,-7.8369649e-09,3.6805683e-09,3.6805683e-09,1.3322676e-15,1.3322676e-15,4.0930401e-09,4.0930401e-09,-4.1247084e-10,-4.1247084e-10,0.15668196,0.15668196,2.7644553e-13,2.7644553e-13,2.5069113,2.5069113,4.4186876e-12,4.4186876e-12,1.2534557,1.2534557,2.2076785e-12,2.2076785e-12,0.15668191,0.15668191,5.2246708e-08,5.2246708e-08,0.031336381,0.031336381,5.2541305e-14,5.2541305e-14,-8.7013367e-14,-8.7013367e-14,7.5226704e-14,7.5226704e-14,-3.3306691e-16,-3.3306691e-16,-2.220446e-16,-2.220446e-16,-5.2246439e-08,-5.2246439e-08,-6.9944051e-15,-6.9944051e-15,0,0,-1.9984014e-15,-1.9984014e-15,0,0,0,0
0.15668191,0.15668191,-0.15668191,-0.15668191,-2.7089442e-13,-2.7089442e-13,-2.7444713e-13,-2.7444713e-13,-0.15668191,-0.15668191,-4.2189e-08,-4.2189e-08,-7.4451218e-09,-7.4451218e-09,-4.2189e-08,-4.2189e-08,-7.4451218e-09,-7.4451218e-09,0,0,0.15668196,0.15668196,2.7688962e-13,2.7688962e-13,5.8325822e-09,5.8325822e-09,5.8325822e-09,5.8325822e-09,2.0339633e-15,2.0339633e-15,-4.2189e-08,-4.2189e-08,-7.4451191e-09,-7.4451191e-09,-4.2188999e-08,-4.2188999e-08,-7.4451171e-09,-7.4451171e-09,-9.4368957e-16,-9.4368957e-16,-2.220446e-15,-2.220446e-15,-4.9634116e-08,-4.9634116e-08,-3.2196468e-15,-3.2196468e-15,2.220446e-15,2.220446e-15,3.5527137e-15,3.5527137e-15,0.15668195,0.15668195,7.4453934e-09,7.4453934e-09,0.15668195,0.15668195,7.4453941e-09,7.4453941e-09,0.15668196,0.15668196,2.7755576e-13,2.7755576e-13,0.15668191,0.15668191,0.15668191,0.15668191,-7.4451165e-09,-7.4451165e-09,3.4965399e-09,3.4965399e-09,1.3322676e-15,1.3322676e-15,3.8883883e-09,3.8883883e-09,-3.9184722e-10,-3.9184722e-10,0.15668196,0.15668196,2.7755576e-13,2.7755576e-13,2.5069114,2.5069114,4.4361181e-12,4.4361181e-12,1.2534557,1.2534557,2.2164492e-12,2.2164492e-12,0.15668191,0.15668191,4.9634387e-08,4.9634387e-08,0.031336382,0.031336382,5.2735594e-14,5.2735594e-14,-8.7656334e-14,-8.7656334e-14,7.5782576e-14,7.5782576e-14,-3.3306691e-16,-3.3306691e-16,-2.220446e-16,-2.220446e-16,-4.9634117e-08,-4.9634117e-08,-6.9944051e-15,-6.9944051e-15,0,0,-1.9984014e-15,-1.9984014e-15,0,0,0,0
0.15668192,0.15668192,-0.15668192,-0.15668192,-2.7200464e-13,-2.7200464e-13,-2.7555735e-13,-2.7555735e-13,-0.15668192,-0.15668192,-4.007955e-08,-4.007955e-08,-7.0728659e-09,-7.0728659e-09,-4.007955e-08,-4.007955e-08,-7.0728659e-09,-7.0728659e-09,0,0,0.15668196,0.15668196,2.7799985e-13,2.7799985e-13,5.5409532e-09,5.5409532e-09,5.5409531e-09,5.5409531e-09,2.0339633e-15,2.0339633e-15,-4.007955e-08,-4.007955e-08,-7.0728632e-09,-7.0728632e-09,-4.0079549e-08,-4.0079549e-08,-7.0728612e-09,-7.0728612e-09,-9.4368957e-16,-9.4368957e-16,-2.220446e-15,-2.220446e-15,-4.715241e-08,-4.715241e-08,-3.2196468e-15,-3.2196468e-15,2.220446e-15,2.220446e-15,3.5527137e-15,3.5527137e-15,0.15668196,0.15668196,7.0731387e-09,7.0731387e-09,0.15668196,0.15668196,7.0731392e-09,7.0731392e-09,0.15668196,0.15668196,2.7844393e-13,2.7844393e-13,0.15668192,0.15668192,0.15668192,0.15668192,-7.0728607e-09,-7.0728607e-09,3.3217131e-09,3.3217131e-09,1.3322676e-15,1.3322676e-15,3.6939689e-09,3.6939689e-09,-3.7225478e-10,-3.7225478e-10,0.15668196,0.15668196,2.7844393e-13,2.7844393e-13,2.5069114,2.5069114,4.4534376e-12,4.4534376e-12,1.2534557,1.2534557,2.225109e-12,2.225109e-12,0.15668192,0.15668192,4.7152682e-08,4.7152682e-08,0.031336383,0.031336383,5.2957638e-14,5.2957638e-14,-8.8299386e-14,-8.8299386e-14,7.633852e-14,7.633852e-14,-3.3306691e-16,-3.3306691e-16,-2.220446e-16,-2.220446e-16,-4.7152411e-08,-4.7152411e-08,-6.9944051e-15,-6.9944051e-15,0,0,-1.9984014e-15,-1.9984014e-15,0,0,0,0
0.15668192,0.15668192,-0.15668192,-0.15668192,-2.7300384e-13,-2.7300384e-13,-2.7666758e-13,-2.7666758e-13,-0.15668192,-0.15668192,-3.8075573e-08,-3.8075573e-08,-6.7192228e-09,-6.7192228e-09,-3.8075573e-08,-3.8075573e-08,-6.7192228e-09,-6.7192228e-09,0,0,0.15668197,0.15668197,2.7911007e-13,2.7911007e-13,5.2639056e-09,5.2639056e-09,5.2639056e-09,5.2639056e-09,2.0339633e-15,2.0339633e-15,-3.8075572e-08,-3.8075572e-08,-6.7192201e-09,-6.7192201e-09,-3.8075572e-08,-3.8075572e-08,-6.7192182e-09,-6.7192182e-09,-9.7144515e-16,-9.7144515e-16,-2.220446e-15,-2.220446e-15,-4.479479e-08,-4.479479e-08,-3.2196468e-15,-3.2196468e-15,2.220446e-15,2.220446e-15,3.5527137e-15,3.5527137e-15,0.15668196,0.15668196,6.7194967e-09,6.7194967e-09,0.15668196,0.15668196,6.7194972e-09,6.7194972e-09,0.15668197,0.15668197,2.7955416e-13,2.7955416e-13,0.15668192,0.15668192,0.15668192,0.15668192,-6.7192174e-09,-6.7192174e-09,3.1556275e-09,3.1556275e-09,1.3322676e-15,1.3322676e-15,3.5092704e-09,3.5092704e-09,-3.53642e-10,-3.53642e-10,0.15668197,0.15668197,2.7955416e-13,2.7955416e-13,2.5069115,2.5069115,4.4708681e-12,4.4708681e-12,1.2534557,1.2534557,2.2337687e-12,2.2337687e-12,0.15668192,0.15668192,4.4795063e-08,4.4795063e-08,0.031336385,0.031336385,5.3179683e-14,5.3179683e-14,-8.894252e-14,-8.894252e-14,7.6894536e-14,7.6894536e-14,-3.3306691e-16,-3.3306691e-16,-2.220446e-16,-2.220446e-16,-4.479479e-08,-4.479479e-08,-6.9944051e-15,-6.9944051e-15,0,0,-1.9984014e-15,-1.9984014e-15,0,0,0,0
0.15668193,0.15668193,-0.15668193,-0.15668193,-2.7389202e-13,-2.7389202e-13,-2.777778e-13,-2.777778e-13,-0.15668193,-0.15668193,-3.6171794e-08,-3.6171794e-08,-6.3832619e-09,-6.3832619e-09,-3.6171794e-08,-3.6171794e-08,-6.3832619e-09,-6.3832619e-09,0,0,0.15668197,0.15668197,2.8022029e-13,2.8022029e-13,5.0007104e-09,5.0007104e-09,5.0007104e-09,5.0007104e-09,2.0339633e-15,2.0339633e-15,-3.6171794e-08,-3.6171794e-08,-6.3832591e-09,-6.3832591e-09,-3.6171793e-08,-3.6171793e-08,-6.3832572e-09,-6.3832572e-09,-9.7144515e-16,-9.7144515e-16,-2.220446e-15,-2.220446e-15,-4.255505e-08,-4.255505e-08,-3.2196468e-15,-3.2196468e-15,2.220446e-15,2.220446e-15,3.5527137e-15,3.5527137e-15,0.15668196,0.15668196,6.3835368e-09,6.3835368e-09,0.15668196,0.15668196,6.3835373e-09,6.3835373e-09,0.15668197,0.15668197,2.8066438e-13,2.8066438e-13,0.15668193,0.15668193,0.15668193,0.15668193,-6.3832566e-09,-6.3832566e-09,2.9978462e-09,2.9978462e-09,1.3322676e-15,1.3322676e-15,3.333807e-09,3.333807e-09,-3.3595982e-10,-3.3595982e-10,0.15668197,0.15668197,2.8066438e-13,2.8066438e-13,2.5069115,2.5069115,4.4882986e-12,4.4882986e-12,1.2534558,1.2534558,2.2425395e-12,2.2425395e-12,0.15668193,0.15668193,4.2555325e-08,4.2555325e-08,0.031336386,0.031336386,5.3401727e-14,5.3401727e-14,-8.9585735e-14,-8.9585735e-14,7.7450622e-14,7.7450622e-14,-3.3306691e-16,-3.3306691e-16,-2.220446e-16,-2.220446e-16,-4.2555051e-08,-4.2555051e-08,-6.9944051e-15,-6.9944051e-15,0,0,-1.9984014e-15,-1.9984014e-15,0,0,0,0
0.15668193,0.15668193,-0.15668193,-0.15668193,-2.7522429e-13,-2.7522429e-13,-2.7888802e-13,-2.7888802e-13,-0.15668193,-0.15668193,-3.4363205e-08,-3.4363205e-08,-6.064099e-09,-6.064099e-09,-3.4363205e-08,-3.4363205e-08,-6.064099e-09,-6.064099e-09,0,0,0.15668197,0.15668197,2.8133051e-13,2.8133051e-13,4.750675e-09,4.750675e-09,4.7506749e-09,4.7506749e-09,2.0339633e-15,2.0339633e-15,-3.4363204e-08,-3.4363204e-08,-6.0640962e-09,-6.0640962e-09,-3.4363203e-08,-3.4363203e-08,-6.0640943e-09,-6.0640943e-09,-9.7144515e-16,-9.7144515e-16,-2.220446e-15,-2.220446e-15,-4.0427298e-08,-4.0427298e-08,-3.2196468e-15,-3.2196468e-15,2.220446e-15,2.220446e-15,3.3306691e-15,3.3306691e-15,0.15668197,0.15668197,6.064375e-09,6.064375e-09,0.15668197,0.15668197,6.0643757e-09,6.0643757e-09,0.15668197,0.15668197,2.817746e-13,2.817746e-13,0.15668193,0.15668193,0.15668193,0.15668193,-6.0640939e-09,-6.0640939e-09,2.8479539e-09,2.8479539e-09,1.3322676e-15,1.3322676e-15,3.1671168e-09,3.1671168e-09,-3.1916181e-10,-3.1916181e-10,0.15668197,0.15668197,2.817746e-13,2.817746e-13,2.5069116,2.5069116,4.5057291e-12,4.5057291e-12,1.2534558,1.2534558,2.2511992e-12,2.2511992e-12,0.15668193,0.15668193,4.0427573e-08,4.0427573e-08,0.031336387,0.031336387,5.3623772e-14,5.3623772e-14,-9.0229028e-14,-9.0229028e-14,7.8006776e-14,7.8006776e-14,-3.3306691e-16,-3.3306691e-16,-2.220446e-16,-2.220446e-16,-4.0427298e-08,-4.0427298e-08,-6.9944051e-15,-6.9944051e-15,0,0,-1.9984014e-15,-1.9984014e-15,0,0,0,0
0.15668194,0.15668194,-0.15668194,-0.15668194,-2.7622349e-13,-2.7622349e-13,-2.7988722e-13,-2.7988722e-13,-0.15668194,-0.15668194,-3.2645044e-08,-3.2645044e-08,-5.7608943e-09,-5.7608943e-09,-3.2645044e-08,-3.2645044e-08,-5.7608943e-09,-5.7608943e-09,0,0,0.15668198,0.15668198,2.8244074e-13,2.8244074e-13,4.5131413e-09,4.5131413e-09,4.5131413e-09,4.5131413e-09,2.0339633e-15,2.0339633e-15,-3.2645044e-08,-3.2645044e-08,-5.7608915e-09,-5.7608915e-09,-3.2645043e-08,-3.2645043e-08,-5.7608896e-09,-5.7608896e-09,-9.7144515e-16,-9.7144515e-16,-2.220446e-15,-2.220446e-15,-3.8405933e-08,-3.8405933e-08,-3.2196468e-15,-3.2196468e-15,2.220446e-15,2.220446e-15,3.3306691e-15,3.3306691e-15,0.15668197,0.15668197,5.7611713e-09,5.7611713e-09,0.15668197,0.15668197,5.761172e-09,5.761172e-09,0.15668198,0.15668198,2.8288483e-13,2.8288483e-13,0.15668194,0.15668194,0.15668194,0.15668194,-5.7608891e-09,-5.7608891e-09,2.7055562e-09,2.7055562e-09,1.3322676e-15,1.3322676e-15,3.008761e-09,3.008761e-09,-3.0320368e-10,-3.0320368e-10,0.15668198,0.15668198,2.8288483e-13,2.8288483e-13,2.5069116,2.5069116,4.5231596e-12,4.5231596e-12,1.2534558,1.2534558,2.25997e-12,2.25997e-12,0.15668194,0.15668194,3.8406209e-08,3.8406209e-08,0.031336388,0.031336388,5.3845817e-14,5.3845817e-14,-9.0872399e-14,-9.0872399e-14,7.8562996e-14,7.8562996e-14,-3.3306691e-16,-3.3306691e-16,-2.220446e-16,-2.220446e-16,-3.8405933e-08,-3.8405933e-08,-6.9944051e-15,-6.9944051e-15,0,0,-1.9984014e-15,-1.9984014e-15,0,0,0,0
0.15668194,0.15668194,-0.15668194,-0.15668194,-2.7733371e-13,-2.7733371e-13,-2.8099745e-13,-2.8099745e-13,-0.15668194,-0.15668194,-3.1012792e-08,-3.1012792e-08,-5.4728498e-09,-5.4728498e-09,-3.1012792e-08,-3.1012792e-08,-5.4728498e-09,-5.4728498e-09,0,0,0.15668198,0.15668198,2.8332892e-13,2.8332892e-13,4.2874843e-09,4.2874843e-09,4.2874843e-09,4.2874843e-09,2.0339633e-15,2.0339633e-15,-3.1012792e-08,-3.1012792e-08,-5.4728471e-09,-5.4728471e-09,-3.1012791e-08,-3.1012791e-08,-5.4728451e-09,-5.4728451e-09,-9.7144515e-16,-9.7144515e-16,-2.220446e-15,-2.220446e-15,-3.6485636e-08,-3.6485636e-08,-3.2196468e-15,-3.2196468e-15,2.220446e-15,2.220446e-15,3.3306691e-15,3.3306691e-15,0.15668197,0.15668197,5.473128e-09,5.473128e-09,0.15668197,0.15668197,5.4731284e-09,5.4731284e-09,0.15668198,0.15668198,2.8399505e-13,2.8399505e-13,0.15668194,0.15668194,0.15668194,0.15668194,-5.4728444e-09,-5.4728444e-09,2.5702784e-09,2.5702784e-09,1.3322676e-15,1.3322676e-15,2.8583229e-09,2.8583229e-09,-2.8804337e-10,-2.8804337e-10,0.15668198,0.15668198,2.8399505e-13,2.8399505e-13,2.5069117,2.5069117,4.5404791e-12,4.5404791e-12,1.2534558,1.2534558,2.2686297e-12,2.2686297e-12,0.15668194,0.15668194,3.6485914e-08,3.6485914e-08,0.031336388,0.031336388,5.4040106e-14,5.4040106e-14,-9.1515844e-14,-9.1515844e-14,7.9119281e-14,7.9119281e-14,-3.3306691e-16,-3.3306691e-16,-2.220446e-16,-2.220446e-16,-3.6485637e-08,-3.6485637e-08,-6.9944051e-15,-6.9944051e-15,0,0,-1.9984014e-15,-1.9984014e-15,0,0,0,0
0.15668195,0.15668195,-0.15668195,-0.15668195,-2.7822189e-13,-2.7822189e-13,-2.8210767e-13,-2.8210767e-13,-0.15668195,-0.15668195,-2.9462153e-08,-2.9462153e-08,-5.1992075e-09,-5.1992075e-09,-2.9462153e-08,-2.9462153e-08,-5.1992075e-09,-5.1992075e-09,0,0,0.15668198,0.15668198,2.8443914e-13,2.8443914e-13,4.0731102e-09,4.0731102e-09,4.0731102e-09,4.0731102e-09,2.0339633e-15,2.0339633e-15,-2.9462152e-08,-2.9462152e-08,-5.1992047e-09,-5.1992047e-09,-2.9462151e-08,-2.9462151e-08,-5.1992028e-09,-5.1992028e-09,-9.7144515e-16,-9.7144515e-16,-2.220446e-15,-2.220446e-15,-3.4661354e-08,-3.4661354e-08,-3.2196468e-15,-3.2196468e-15,2.220446e-15,2.220446e-15,3.3306691e-15,3.3306691e-15,0.15668198,0.15668198,5.1994868e-09,5.1994868e-09,0.15668198,0.15668198,5.1994873e-09,5.1994873e-09,0.15668198,0.15668198,2.8510527e-13,2.8510527e-13,0.15668195,0.15668195,0.15668195,0.15668195,-5.1992024e-09,-5.1992024e-09,2.4417648e-09,2.4417648e-09,1.3322676e-15,1.3322676e-15,2.7154068e-09,2.7154068e-09,-2.7364122e-10,-2.7364122e-10,0.15668198,0.15668198,2.8510527e-13,2.8510527e-13,2.5069117,2.5069117,4.5579096e-12,4.5579096e-12,1.2534559,1.2534559,2.2772895e-12,2.2772895e-12,0.15668195,0.15668195,3.4661633e-08,3.4661633e-08,0.031336389,0.031336389,5.426215e-14,5.426215e-14,-9.2159363e-14,-9.2159363e-14,7.967563e-14,7.967563e-14,-3.3306691e-16,-3.3306691e-16,-2.220446e-16,-2.220446e-16,-3.4661355e-08,-3.4661355e-08,-6.9944051e-15,-6.9944051e-15,0,0,-1.9984014e-15,-1.9984014e-15,0,0,0,0
0.15668195,0.15668195,-0.15668195,-0.15668195,-2.7922109e-13,-2.7922109e-13,-2.8321789e-13,-2.8321789e-13,-0.15668195,-0.15668195,-2.7989045e-08,-2.7989045e-08,-4.9392473e-09,-4.9392473e-09,-2.7989045e-08,-2.7989045e-08,-4.9392473e-09,-4.9392473e-09,0,0,0.15668198,0.15668198,2.8554936e-13,2.8554936e-13,3.8694548e-09,3.8694548e-09,3.8694547e-09,3.8694547e-09,2.0339633e-15,2.0339633e-15,-2.7989045e-08,-2.7989045e-08,-4.9392446e-09,-4.9392446e-09,-2.7989044e-08,-2.7989044e-08,-4.9392427e-09,-4.9392427e-09,-9.7144515e-16,-9.7144515e-16,-2.220446e-15,-2.220446e-15,-3.2928287e-08,-3.2928287e-08,-3.2196468e-15,-3.2196468e-15,2.220446e-15,2.220446e-15,3.3306691e-15,3.3306691e-15,0.15668198,0.15668198,4.9395277e-09,4.9395277e-09,0.15668198,0.15668198,4.9395283e-09,4.9395283e-09,0.15668198,0.15668198,2.862155e-13,2.862155e-13,0.15668195,0.15668195,0.15668195,0.15668195,-4.9392421e-09,-4.9392421e-09,2.3196765e-09,2.3196765e-09,1.3322676e-15,1.3322676e-15,2.5796365e-09,2.5796365e-09,-2.5995905e-10,-2.5995905e-10,0.15668198,0.15668198,2.862155e-13,2.862155e-13,2.5069117,2.5069117,4.5753401e-12,4.5753401e-12,1.2534559,1.2534559,2.2860602e-12,2.2860602e-12,0.15668195,0.15668195,3.2928566e-08,3.2928566e-08,0.03133639,0.03133639,5.4484195e-14,5.4484195e-14,-9.2802954e-14,-9.2802954e-14,8.0232041e-14,8.0232041e-14,-3.3306691e-16,-3.3306691e-16,-2.220446e-16,-2.220446e-16,-3.2928287e-08,-3.2928287e-08,-6.9944051e-15,-6.9944051e-15,0,0,-1.9984014e-15,-1.9984014e-15,0,0,0,0
0.15668195,0.15668195,-0.15668195,-0.15668195,-2.8033131e-13,-2.8033131e-13,-2.8432812e-13,-2.8432812e-13,-0.15668195,-0.15668195,-2.6589593e-08,-2.6589593e-08,-4.6922852e-09,-4.6922852e-09,-2.6589593e-08,-2.6589593e-08,-4.6922852e-09,-4.6922852e-09,0,0,0.15668199,0.15668199,2.8665958e-13,2.8665958e-13,3.6759821e-09,3.6759821e-09,3.6759821e-09,3.6759821e-09,2.0339633e-15,2.0339633e-15,-2.6589593e-08,-2.6589593e-08,-4.6922825e-09,-4.6922825e-09,-2.6589592e-08,-2.6589592e-08,-4.6922805e-09,-4.6922805e-09,-9.7144515e-16,-9.7144515e-16,-2.220446e-15,-2.220446e-15,-3.1281872e-08,-3.1281872e-08,-3.2196468e-15,-3.2196468e-15,2.220446e-15,2.220446e-15,3.3306691e-15,3.3306691e-15,0.15668198,0.15668198,4.6925666e-09,4.6925666e-09,0.15668198,0.15668198,4.6925672e-09,4.6925672e-09,0.15668199,0.15668199,2.8732572e-13,2.8732572e-13,0.15668195,0.15668195,0.15668195,0.15668195,-4.6922799e-09,-4.6922799e-09,2.2036928e-09,2.2036928e-09,1.3322676e-15,1.3322676e-15,2.4506548e-09,2.4506548e-09,-2.4696112e-10,-2.4696112e-10,0.15668199,0.15668199,2.8732572e-13,2.8732572e-13,2.5069118,2.5069118,4.5927706e-12,4.5927706e-12,1.2534559,1.2534559,2.29472e-12,2.29472e-12,0.15668195,0.15668195,3.1282153e-08,3.1282153e-08,0.031336391,0.031336391,5.470624e-14,5.470624e-14,-9.3446614e-14,-9.3446614e-14,8.0788512e-14,8.0788512e-14,-3.3306691e-16,-3.3306691e-16,-2.220446e-16,-2.220446e-16,-3.1281873e-08,-3.1281873e-08,-6.9944051e-15,-6.9944051e-15,0,0,-1.9984014e-15,-1.9984014e-15,0,0,0,0
0.15668196,0.15668196,-0.15668196,-0.15668196,-2.8144154e-13,-2.8144154e-13,-2.8532732e-13,-2.8532732e-13,-0.15668196,-0.15668196,-2.5260113e-08,-2.5260113e-08,-4.4576711e-09,-4.4576711e-09,-2.5260113e-08,-2.5260113e-08,-4.4576711e-09,-4.4576711e-09,0,0,0.15668199,0.15668199,2.8776981e-13,2.8776981e-13,3.4921831e-09,3.4921831e-09,3.4921831e-09,3.4921831e-09,2.0339633e-15,2.0339633e-15,-2.5260113e-08,-2.5260113e-08,-4.4576683e-09,-4.4576683e-09,-2.5260112e-08,-2.5260112e-08,-4.4576665e-09,-4.4576665e-09,-9.7144515e-16,-9.7144515e-16,-2.1094237e-15,-2.1094237e-15,-2.9717779e-08,-2.9717779e-08,-3.2196468e-15,-3.2196468e-15,2.220446e-15,2.220446e-15,3.3306691e-15,3.3306691e-15,0.15668198,0.15668198,4.4579538e-09,4.4579538e-09,0.15668198,0.15668198,4.4579542e-09,4.4579542e-09,0.15668199,0.15668199,2.8843594e-13,2.8843594e-13,0.15668196,0.15668196,0.15668196,0.15668196,-4.457666e-09,-4.457666e-09,2.0935083e-09,2.0935083e-09,1.3322676e-15,1.3322676e-15,2.3281221e-09,2.3281221e-09,-2.34613e-10,-2.34613e-10,0.15668199,0.15668199,2.8843594e-13,2.8843594e-13,2.5069118,2.5069118,4.6102011e-12,4.6102011e-12,1.2534559,1.2534559,2.3034907e-12,2.3034907e-12,0.15668196,0.15668196,2.971806e-08,2.971806e-08,0.031336392,0.031336392,5.4928284e-14,5.4928284e-14,-9.4090343e-14,-9.4090343e-14,8.1345043e-14,8.1345043e-14,-3.3306691e-16,-3.3306691e-16,-2.220446e-16,-2.220446e-16,-2.9717779e-08,-2.9717779e-08,-6.9944051e-15,-6.9944051e-15,0,0,-1.9984014e-15,-1.9984014e-15,0,0,0,0
0.15668196,0.15668196,-0.15668196,-0.15668196,-2.8255176e-13,-2.8255176e-13,-2.8643754e-13,-2.8643754e-13,-0.15668196,-0.15668196,-2.3997108e-08,-2.3997108e-08,-4.2347878e-09,-4.2347878e-09,-2.3997108e-08,-2.3997108e-08,-4.2347878e-09,-4.2347878e-09,0,0,0.15668199,0.15668199,2.8888003e-13,2.8888003e-13,3.317574e-09,3.317574e-09,3.317574e-09,3.317574e-09,2.0339633e-15,2.0339633e-15,-2.3997107e-08,-2.3997107e-08,-4.2347851e-09,-4.2347851e-09,-2.3997106e-08,-2.3997106e-08,-4.2347831e-09,-4.2347831e-09,-9.7144515e-16,-9.7144515e-16,-2.1094237e-15,-2.1094237e-15,-2.823189e-08,-2.823189e-08,-3.2196468e-15,-3.2196468e-15,2.220446e-15,2.220446e-15,3.3306691e-15,3.3306691e-15,0.15668199,0.15668199,4.2350714e-09,4.2350714e-09,0.15668199,0.15668199,4.2350718e-09,4.2350718e-09,0.15668199,0.15668199,2.8932412e-13,2.8932412e-13,0.15668196,0.15668196,0.15668196,0.15668196,-4.2347825e-09,-4.2347825e-09,1.9888329e-09,1.9888329e-09,1.3322676e-15,1.3322676e-15,2.2117161e-09,2.2117161e-09,-2.2288227e-10,-2.2288227e-10,0.15668199,0.15668199,2.8932412e-13,2.8932412e-13,2.5069118,2.5069118,4.6275206e-12,4.6275206e-12,1.2534559,1.2534559,2.3121505e-12,2.3121505e-12,0.15668196,0.15668196,2.8232173e-08,2.8232173e-08,0.031336392,0.031336392,5.5150329e-14,5.5150329e-14,-9.4734139e-14,-9.4734139e-14,8.1901631e-14,8.1901631e-14,-3.3306691e-16,-3.3306691e-16,-2.220446e-16,-2.220446e-16,-2.823189e-08,-2.823189e-08,-6.9944051e-15,-6.9944051e-15,0,0,-1.9984014e-15,-1.9984014e-15,0,0,0,0
0.15668196,0.15668196,-0.15668196,-0.15668196,-2.8366198e-13,-2.8366198e-13,-2.8754776e-13,-2.8754776e-13,-0.15668196,-0.15668196,-2.2797252e-08,-2.2797252e-08,-4.0230486e-09,-4.0230486e-09,-2.2797252e-08,-2.2797252e-08,-4.0230486e-09,-4.0230486e-09,0,0,0.15668199,0.15668199,2.8999025e-13,2.8999025e-13,3.1516954e-09,3.1516954e-09,3.1516954e-09,3.1516954e-09,2.0339633e-15,2.0339633e-15,-2.2797252e-08,-2.2797252e-08,-4.0230459e-09,-4.0230459e-09,-2.2797251e-08,-2.2797251e-08,-4.0230439e-09,-4.0230439e-09,-9.9920072e-16,-9.9920072e-16,-2.1094237e-15,-2.1094237e-15,-2.6820295e-08,-2.6820295e-08,-3.2196468e-15,-3.2196468e-15,2.220446e-15,2.220446e-15,3.3306691e-15,3.3306691e-15,0.15668199,0.15668199,4.0233334e-09,4.0233334e-09,0.15668199,0.15668199,4.0233339e-09,4.0233339e-09,0.15668199,0.15668199,2.9043434e-13,2.9043434e-13,0.15668196,0.15668196,0.15668196,0.15668196,-4.0230435e-09,-4.0230435e-09,1.8893913e-09,1.8893913e-09,1.3322676e-15,1.3322676e-15,2.1011304e-09,2.1011304e-09,-2.1173807e-10,-2.1173807e-10,0.15668199,0.15668199,2.9043434e-13,2.9043434e-13,2.5069119,2.5069119,4.6449511e-12,4.6449511e-12,1.2534559,1.2534559,2.3208102e-12,2.3208102e-12,0.15668196,0.15668196,2.6820579e-08,2.6820579e-08,0.031336393,0.031336393,5.5344618e-14,5.5344618e-14,-9.5378001e-14,-9.5378001e-14,8.2458276e-14,8.2458276e-14,-3.3306691e-16,-3.3306691e-16,-2.220446e-16,-2.220446e-16,-2.6820296e-08,-2.6820296e-08,-6.9944051e-15,-6.9944051e-15,0,0,-1.9984014e-15,-1.9984014e-15,0,0,0,0
0.15668197,0.15668197,-0.15668197,-0.15668197,-2.8466118e-13,-2.8466118e-13,-2.8865799e-13,-2.8865799e-13,-0.15668197,-0.15668197,-2.165739e-08,-2.165739e-08,-3.8218963e-09,-3.8218963e-09,-2.165739e-08,-2.165739e-08,-3.8218963e-09,-3.8218963e-09,0,0,0.15668199,0.15668199,2.9110048e-13,2.9110048e-13,2.9941107e-09,2.9941107e-09,2.9941107e-09,2.9941107e-09,2.0339633e-15,2.0339633e-15,-2.1657389e-08,-2.1657389e-08,-3.8218936e-09,-3.8218936e-09,-2.1657389e-08,-2.1657389e-08,-3.8218917e-09,-3.8218917e-09,-9.9920072e-16,-9.9920072e-16,-2.1094237e-15,-2.1094237e-15,-2.547928e-08,-2.547928e-08,-3.2196468e-15,-3.2196468e-15,2.220446e-15,2.220446e-15,3.3306691e-15,3.3306691e-15,0.15668199,0.15668199,3.8221821e-09,3.8221821e-09,0.15668199,0.15668199,3.8221828e-09,3.8221828e-09,0.15668199,0.15668199,2.9154457e-13,2.9154457e-13,0.15668197,0.15668197,0.15668197,0.15668197,-3.8218912e-09,-3.8218912e-09,1.7949218e-09,1.7949218e-09,1.3322676e-15,1.3322676e-15,1.996074e-09,1.996074e-09,-2.011511e-10,-2.011511e-10,0.15668199,0.15668199,2.9154457e-13,2.9154457e-13,2.5069119,2.5069119,4.6623816e-12,4.6623816e-12,1.2534559,1.2534559,2.329581e-12,2.329581e-12,0.15668197,0.15668197,2.5479565e-08,2.5479565e-08,0.031336394,0.031336394,5.5566662e-14,5.5566662e-14,-9.6021926e-14,-9.6021926e-14,8.3014976e-14,8.3014976e-14,-3.3306691e-16,-3.3306691e-16,-2.220446e-16,-2.220446e-16,-2.5479281e-08,-2.5479281e-08,-6.9944051e-15,-6.9944051e-15,0,0,-1.9984014e-15,-1.9984014e-15,0,0,0,0
0.15668197,0.15668197,-0.15668197,-0.15668197,-2.8577141e-13,-2.8577141e-13,-2.8976821e-13,-2.8976821e-13,-0.15668197,-0.15668197,-2.057452e-08,-2.057452e-08,-3.6308017e-09,-3.6308017e-09,-2.057452e-08,-2.057452e-08,-3.6308017e-09,-3.6308017e-09,0,0,0.156682,0.156682,2.922107e-13,2.922107e-13,2.8444053e-09,2.8444053e-09,2.8444052e-09,2.8444052e-09,2.0339633e-15,2.0339633e-15,-2.057452e-08,-2.057452e-08,-3.630799e-09,-3.630799e-09,-2.0574519e-08,-2.0574519e-08,-3.6307971e-09,-3.6307971e-09,-9.9920072e-16,-9.9920072e-16,-2.1094237e-15,-2.1094237e-15,-2.4205316e-08,-2.4205316e-08,-3.2196468e-15,-3.2196468e-15,2.220446e-15,2.220446e-15,3.3306691e-15,3.3306691e-15,0.15668199,0.15668199,3.6310888e-09,3.6310888e-09,0.15668199,0.15668199,3.6310892e-09,3.6310892e-09,0.156682,0.156682,2.9265479e-13,2.9265479e-13,0.15668197,0.15668197,0.15668197,0.15668197,-3.6307966e-09,-3.6307966e-09,1.7051758e-09,1.7051758e-09,1.3322676e-15,1.3322676e-15,1.8962703e-09,1.8962703e-09,-1.9109347e-10,-1.9109347e-10,0.156682,0.156682,2.9265479e-13,2.9265479e-13,2.5069119,2.5069119,4.6798121e-12,4.6798121e-12,1.253456,1.253456,2.3382407e-12,2.3382407e-12,0.15668197,0.15668197,2.4205602e-08,2.4205602e-08,0.031336394,0.031336394,5.5788707e-14,5.5788707e-14,-9.6665914e-14,-9.6665914e-14,8.357173e-14,8.357173e-14,-3.3306691e-16,-3.3306691e-16,-2.220446e-16,-2.220446e-16,-2.4205317e-08,-2.4205317e-08,-6.9944051e-15,-6.9944051e-15,0,0,-1.9984014e-15,-1.9984014e-15,0,0,0,0
0.15668197,0.15668197,-0.15668197,-0.15668197,-2.8699265e-13,-2.8699265e-13,-2.9087843e-13,-2.9087843e-13,-0.15668197,-0.15668197,-1.9545794e-08,-1.9545794e-08,-3.4492618e-09,-3.4492618e-09,-1.9545794e-08,-1.9545794e-08,-3.4492618e-09,-3.4492618e-09,0,0,0.156682,0.156682,2.9332092e-13,2.9332092e-13,2.7021851e-09,2.7021851e-09,2.702185e-09,2.702185e-09,2.0339633e-15,2.0339633e-15,-1.9545794e-08,-1.9545794e-08,-3.4492591e-09,-3.4492591e-09,-1.9545793e-08,-1.9545793e-08,-3.4492572e-09,-3.4492572e-09,-9.9920072e-16,-9.9920072e-16,-2.1094237e-15,-2.1094237e-15,-2.2995051e-08,-2.2995051e-08,-3.2196468e-15,-3.2196468e-15,2.220446e-15,2.220446e-15,3.3306691e-15,3.3306691e-15,0.15668199,0.15668199,3.44955e-09,3.44955e-09,0.15668199,0.15668199,3.4495504e-09,3.4495504e-09,0.156682,0.156682,2.9376501e-13,2.9376501e-13,0.15668197,0.15668197,0.15668197,0.15668197,-3.4492567e-09,-3.4492567e-09,1.6199171e-09,1.6199171e-09,1.3322676e-15,1.3322676e-15,1.8014568e-09,1.8014568e-09,-1.8153878e-10,-1.8153878e-10,0.156682,0.156682,2.9376501e-13,2.9376501e-13,2.5069119,2.5069119,4.6972426e-12,4.6972426e-12,1.253456,1.253456,2.3470115e-12,2.3470115e-12,0.15668197,0.15668197,2.2995338e-08,2.2995338e-08,0.031336395,0.031336395,5.6010752e-14,5.6010752e-14,-9.7309962e-14,-9.7309962e-14,8.4128537e-14,8.4128537e-14,-3.3306691e-16,-3.3306691e-16,-2.220446e-16,-2.220446e-16,-2.2995051e-08,-2.2995051e-08,-6.9944051e-15,-6.9944051e-15,0,0,-1.9984014e-15,-1.9984014e-15,0,0,0,0
0.15668198,0.15668198,-0.15668198,-0.15668198,-2.8788083e-13,-2.8788083e-13,-2.9187763e-13,-2.9187763e-13,-0.15668198,-0.15668198,-1.8568505e-08,-1.8568505e-08,-3.276799e-09,-3.276799e-09,-1.8568505e-08,-1.8568505e-08,-3.276799e-09,-3.276799e-09,0,0,0.156682,0.156682,2.942091e-13,2.942091e-13,2.5670759e-09,2.5670759e-09,2.5670759e-09,2.5670759e-09,2.0339633e-15,2.0339633e-15,-1.8568504e-08,-1.8568504e-08,-3.2767963e-09,-3.2767963e-09,-1.8568504e-08,-1.8568504e-08,-3.2767943e-09,-3.2767943e-09,-9.9920072e-16,-9.9920072e-16,-2.1094237e-15,-2.1094237e-15,-2.1845298e-08,-2.1845298e-08,-3.2196468e-15,-3.2196468e-15,2.220446e-15,2.220446e-15,3.3306691e-15,3.3306691e-15,0.156682,0.156682,3.2770882e-09,3.2770882e-09,0.156682,0.156682,3.2770886e-09,3.2770886e-09,0.156682,0.156682,2.9487524e-13,2.9487524e-13,0.15668198,0.15668198,0.15668198,0.15668198,-3.2767937e-09,-3.2767937e-09,1.5389212e-09,1.5389212e-09,1.3322676e-15,1.3322676e-15,1.7113839e-09,1.7113839e-09,-1.7246182e-10,-1.7246182e-10,0.156682,0.156682,2.9487524e-13,2.9487524e-13,2.506912,2.506912,4.7146731e-12,4.7146731e-12,1.253456,1.253456,2.3556712e-12,2.3556712e-12,0.15668198,0.15668198,2.1845586e-08,2.1845586e-08,0.031336395,0.031336395,5.6232796e-14,5.6232796e-14,-9.795407e-14,-9.795407e-14,8.4685395e-14,8.4685395e-14,-3.3306691e-16,-3.3306691e-16,-2.220446e-16,-2.220446e-16,-2.1845298e-08,-2.1845298e-08,-6.9944051e-15,-6.9944051e-15,0,0,-1.9984014e-15,-1.9984014e-15,0,0,0,0
0.15668198,0.15668198,-0.15668198,-0.15668198,-2.8899105e-13,-2.8899105e-13,-2.9298786e-13,-2.9298786e-13,-0.15668198,-0.15668198,-1.7640079e-08,-1.7640079e-08,-3.1129593e-09,-3.1129593e-09,-1.7640079e-08,-1.7640079e-08,-3.1129593e-09,-3.1129593e-09,0,0,0.156682,0.156682,2.9531932e-13,2.9531932e-13,2.4387222e-09,2.4387222e-09,2.4387222e-09,2.4387222e-09,2.0339633e-15,2.0339633e-15,-1.7640079e-08,-1.7640079e-08,-3.1129566e-09,-3.1129566e-09,-1.7640078e-08,-1.7640078e-08,-3.1129546e-09,-3.1129546e-09,-9.9920072e-16,-9.9920072e-16,-2.1094237e-15,-2.1094237e-15,-2.0753033e-08,-2.0753033e-08,-3.2196468e-15,-3.2196468e-15,2.220446e-15,2.220446e-15,3.3306691e-15,3.3306691e-15,0.156682,0.156682,3.1132494e-09,3.1132494e-09,0.156682,0.156682,3.1132499e-09,3.1132499e-09,0.156682,0.156682,2.9598546e-13,2.9598546e-13,0.15668198,0.15668198,0.15668198,0.15668198,-3.1129539e-09,-3.1129539e-09,1.4619752e-09,1.4619752e-09,1.3322676e-15,1.3322676e-15,1.6258148e-09,1.6258148e-09,-1.6383861e-10,-1.6383861e-10,0.156682,0.156682,2.9598546e-13,2.9598546e-13,2.506912,2.506912,4.7319926e-12,4.7319926e-12,1.253456,1.253456,2.364331e-12,2.364331e-12,0.15668198,0.15668198,2.0753322e-08,2.0753322e-08,0.031336396,0.031336396,5.6454841e-14,5.6454841e-14,-9.8598237e-14,-9.8598237e-14,8.5242304e-14,8.5242304e-14,-3.3306691e-16,-3.3306691e-16,-2.220446e-16,-2.220446e-16,-2.0753034e-08,-2.0753034e-08,-6.9944051e-15,-6.9944051e-15,0,0,-1.9984014e-15,-1.9984014e-15,0,0,0,0
0.15668198,0.15668198,-0.15668198,-0.15668198,-2.902123e-13,-2.902123e-13,-2.9409808e-13,-2.9409808e-13,-0.15668198,-0.15668198,-1.6758076e-08,-1.6758076e-08,-2.9573115e-09,-2.9573115e-09,-1.6758076e-08,-1.6758076e-08,-2.9573115e-09,-2.9573115e-09,0,0,0.156682,0.156682,2.9642955e-13,2.9642955e-13,2.3167862e-09,2.3167862e-09,2.3167861e-09,2.3167861e-09,2.0339633e-15,2.0339633e-15,-1.6758075e-08,-1.6758075e-08,-2.9573087e-09,-2.9573087e-09,-1.6758074e-08,-1.6758074e-08,-2.9573068e-09,-2.9573068e-09,-9.9920072e-16,-9.9920072e-16,-2.1094237e-15,-2.1094237e-15,-1.9715381e-08,-1.9715381e-08,-3.2196468e-15,-3.2196468e-15,2.220446e-15,2.220446e-15,3.3306691e-15,3.3306691e-15,0.156682,0.156682,2.9576028e-09,2.9576028e-09,0.156682,0.156682,2.9576033e-09,2.9576033e-09,0.156682,0.156682,2.9709568e-13,2.9709568e-13,0.15668198,0.15668198,0.15668198,0.15668198,-2.9573062e-09,-2.9573062e-09,1.3888766e-09,1.3888766e-09,1.3322676e-15,1.3322676e-15,1.5445243e-09,1.5445243e-09,-1.5564672e-10,-1.5564672e-10,0.156682,0.156682,2.9709568e-13,2.9709568e-13,2.506912,2.506912,4.7494231e-12,4.7494231e-12,1.253456,1.253456,2.3731017e-12,2.3731017e-12,0.15668198,0.15668198,1.9715672e-08,1.9715672e-08,0.031336396,0.031336396,5.664913e-14,5.664913e-14,-9.924246e-14,-9.924246e-14,8.5799261e-14,8.5799261e-14,-3.3306691e-16,-3.3306691e-16,-2.220446e-16,-2.220446e-16,-1.9715382e-08,-1.9715382e-08,-6.9944051e-15,-6.9944051e-15,0,0,-1.9984014e-15,-1.9984014e-15,0,0,0,0
0.15668198,0.15668198,-0.15668198,-0.15668198,-2.9110048e-13,-2.9110048e-13,-2.952083e-13,-2.952083e-13,-0.15668198,-0.15668198,-1.5920172e-08,-1.5920172e-08,-2.8094461e-09,-2.8094461e-09,-1.5920172e-08,-1.5920172e-08,-2.8094461e-09,-2.8094461e-09,0,0,0.156682,0.156682,2.9753977e-13,2.9753977e-13,2.200947e-09,2.200947e-09,2.2009469e-09,2.2009469e-09,2.0339633e-15,2.0339633e-15,-1.5920172e-08,-1.5920172e-08,-2.8094433e-09,-2.8094433e-09,-1.5920171e-08,-1.5920171e-08,-2.8094415e-09,-2.8094415e-09,-9.9920072e-16,-9.9920072e-16,-2.1094237e-15,-2.1094237e-15,-1.8729612e-08,-1.8729612e-08,-3.2196468e-15,-3.2196468e-15,2.220446e-15,2.220446e-15,3.3306691e-15,3.3306691e-15,0.156682,0.156682,2.8097384e-09,2.8097384e-09,0.156682,0.156682,2.8097391e-09,2.8097391e-09,0.156682,0.156682,2.982059e-13,2.982059e-13,0.15668198,0.15668198,0.15668198,0.15668198,-2.8094409e-09,-2.8094409e-09,1.3194328e-09,1.3194328e-09,1.3322676e-15,1.3322676e-15,1.4672981e-09,1.4672981e-09,-1.4786428e-10,-1.4786428e-10,0.156682,0.156682,2.982059e-13,2.982059e-13,2.506912,2.506912,4.7668536e-12,4.7668536e-12,1.253456,1.253456,2.3817615e-12,2.3817615e-12,0.15668198,0.15668198,1.8729904e-08,1.8729904e-08,0.031336397,0.031336397,5.6871174e-14,5.6871174e-14,-9.9886738e-14,-9.9886738e-14,8.6356267e-14,8.6356267e-14,-3.3306691e-16,-3.3306691e-16,-2.220446e-16,-2.220446e-16,-1.8729613e-08,-1.8729613e-08,-6.9944051e-15,-6.9944051e-15,0,0,-1.9984014e-15,-1.9984014e-15,0,0,0,0
0.15668199,0.15668199,-0.15668199,-0.15668199,-2.922107e-13,-2.922107e-13,-2.9631853e-13,-2.9631853e-13,-0.15668199,-0.15668199,-1.5124163e-08,-1.5124163e-08,-2.668974e-09,-2.668974e-09,-1.5124163e-08,-1.5124163e-08,-2.668974e-09,-2.668974e-09,0,0,0.156682,0.156682,2.9864999e-13,2.9864999e-13,2.0908997e-09,2.0908997e-09,2.0908996e-09,2.0908996e-09,2.0339633e-15,2.0339633e-15,-1.5124163e-08,-1.5124163e-08,-2.6689713e-09,-2.6689713e-09,-1.5124162e-08,-1.5124162e-08,-2.6689694e-09,-2.6689694e-09,-9.9920072e-16,-9.9920072e-16,-2.1094237e-15,-2.1094237e-15,-1.7793132e-08,-1.7793132e-08,-3.2196468e-15,-3.2196468e-15,2.220446e-15,2.220446e-15,3.3306691e-15,3.3306691e-15,0.156682,0.156682,2.6692675e-09,2.6692675e-09,0.156682,0.156682,2.6692679e-09,2.6692679e-09,0.156682,0.156682,2.9931613e-13,2.9931613e-13,0.15668199,0.15668199,0.15668199,0.15668199,-2.6689688e-09,-2.6689688e-09,1.2534611e-09,1.2534611e-09,1.3322676e-15,1.3322676e-15,1.3939332e-09,1.3939332e-09,-1.4047097e-10,-1.4047097e-10,0.156682,0.156682,2.9931613e-13,2.9931613e-13,2.5069121,2.5069121,4.7842841e-12,4.7842841e-12,1.253456,1.253456,2.3904212e-12,2.3904212e-12,0.15668199,0.15668199,1.7793424e-08,1.7793424e-08,0.031336397,0.031336397,5.7093219e-14,5.7093219e-14,-1.0053107e-13,-1.0053107e-13,8.691332e-14,8.691332e-14,-3.3306691e-16,-3.3306691e-16,-2.220446e-16,-2.220446e-16,-1.7793132e-08,-1.7793132e-08,-6.9944051e-15,-6.9944051e-15,0,0,-1.9984014e-15,-1.9984014e-15,0,0,0,0
0.15668199,0.15668199,-0.15668199,-0.15668199,-2.932099e-13,-2.932099e-13,-2.9731773e-13,-2.9731773e-13,-0.15668199,-0.15668199,-1.4367955e-08,-1.4367955e-08,-2.5355255e-09,-2.5355255e-09,-1.4367955e-08,-1.4367955e-08,-2.5355255e-09,-2.5355255e-09,0,0,0.15668201,0.15668201,2.9976022e-13,2.9976022e-13,1.9863548e-09,1.9863548e-09,1.9863547e-09,1.9863547e-09,2.0339633e-15,2.0339633e-15,-1.4367955e-08,-1.4367955e-08,-2.5355228e-09,-2.5355228e-09,-1.4367954e-08,-1.4367954e-08,-2.5355209e-09,-2.5355209e-09,-1.0269563e-15,-1.0269563e-15,-2.1094237e-15,-2.1094237e-15,-1.6903475e-08,-1.6903475e-08,-3.2196468e-15,-3.2196468e-15,2.220446e-15,2.220446e-15,3.3306691e-15,3.3306691e-15,0.156682,0.156682,2.53582e-09,2.53582e-09,0.156682,0.156682,2.5358207e-09,2.5358207e-09,0.15668201,0.15668201,3.0042635e-13,3.0042635e-13,0.15668199,0.15668199,0.15668199,0.15668199,-2.5355205e-09,-2.5355205e-09,1.1907881e-09,1.1907881e-09,1.3322676e-15,1.3322676e-15,1.3242365e-09,1.3242365e-09,-1.3344736e-10,-1.3344736e-10,0.15668201,0.15668201,3.0020431e-13,3.0020431e-13,2.5069121,2.5069121,4.8017146e-12,4.8017146e-12,1.253456,1.253456,2.399192e-12,2.399192e-12,0.15668199,0.15668199,1.6903769e-08,1.6903769e-08,0.031336398,0.031336398,5.7315264e-14,5.7315264e-14,-1.0117546e-13,-1.0117546e-13,8.7470418e-14,8.7470418e-14,-3.3306691e-16,-3.3306691e-16,-2.220446e-16,-2.220446e-16,-1.6903476e-08,-1.6903476e-08,-6.9944051e-15,-6.9944051e-15,0,0,-1.9984014e-15,-1.9984014e-15,0,0,0,0
0.15668199,0.15668199,-0.15668199,-0.15668199,-2.9432012e-13,-2.9432012e-13,-2.9842795e-13,-2.9842795e-13,-0.15668199,-0.15668199,-1.3649557e-08,-1.3649557e-08,-2.4087495e-09,-2.4087495e-09,-1.3649557e-08,-1.3649557e-08,-2.4087495e-09,-2.4087495e-09,0,0,0.15668201,0.15668201,3.0087044e-13,3.0087044e-13,1.8870372e-09,1.8870372e-09,1.8870371e-09,1.8870371e-09,2.0339633e-15,2.0339633e-15,-1.3649557e-08,-1.3649557e-08,-2.4087468e-09,-2.4087468e-09,-1.3649556e-08,-1.3649556e-08,-2.4087448e-09,-2.4087448e-09,-1.0269563e-15,-1.0269563e-15,-2.1094237e-15,-2.1094237e-15,-1.6058301e-08,-1.6058301e-08,-3.2196468e-15,-3.2196468e-15,2.220446e-15,2.220446e-15,3.3306691e-15,3.3306691e-15,0.156682,0.156682,2.4090452e-09,2.4090452e-09,0.156682,0.156682,2.4090456e-09,2.4090456e-09,0.15668201,0.15668201,3.0131453e-13,3.0131453e-13,0.15668199,0.15668199,0.15668199,0.15668199,-2.4087441e-09,-2.4087441e-09,1.1312489e-09,1.1312489e-09,1.3322676e-15,1.3322676e-15,1.2580248e-09,1.2580248e-09,-1.2677503e-10,-1.2677503e-10,0.15668201,0.15668201,3.0131453e-13,3.0131453e-13,2.5069121,2.5069121,4.8190341e-12,4.8190341e-12,1.253456,1.253456,2.4078517e-12,2.4078517e-12,0.15668199,0.15668199,1.6058596e-08,1.6058596e-08,0.031336398,0.031336398,5.7537308e-14,5.7537308e-14,-1.0181989e-13,-1.0181989e-13,8.8027561e-14,8.8027561e-14,-3.3306691e-16,-3.3306691e-16,-2.220446e-16,-2.220446e-16,-1.6058302e-08,-1.6058302e-08,-6.9944051e-15,-6.9944051e-15,0,0,-1.9984014e-15,-1.9984014e-15,0,0,0,0
0.15668199,0.15668199,-0.15668199,-0.15668199,-2.9543035e-13,-2.9543035e-13,-2.9953817e-13,-2.9953817e-13,-0.15668199,-0.15668199,-1.296708e-08,-1.296708e-08,-2.2883122e-09,-2.2883122e-09,-1.296708e-08,-1.296708e-08,-2.2883122e-09,-2.2883122e-09,0,0,0.15668201,0.15668201,3.0198066e-13,3.0198066e-13,1.7926854e-09,1.7926854e-09,1.7926853e-09,1.7926853e-09,2.0339633e-15,2.0339633e-15,-1.2967079e-08,-1.2967079e-08,-2.2883094e-09,-2.2883094e-09,-1.2967079e-08,-1.2967079e-08,-2.2883075e-09,-2.2883075e-09,-1.0269563e-15,-1.0269563e-15,-2.1094237e-15,-2.1094237e-15,-1.5255386e-08,-1.5255386e-08,-3.2196468e-15,-3.2196468e-15,2.220446e-15,2.220446e-15,3.3306691e-15,3.3306691e-15,0.156682,0.156682,2.2886089e-09,2.2886089e-09,0.156682,0.156682,2.2886095e-09,2.2886095e-09,0.15668201,0.15668201,3.0242475e-13,3.0242475e-13,0.15668199,0.15668199,0.15668199,0.15668199,-2.2883071e-09,-2.2883071e-09,1.0746866e-09,1.0746866e-09,1.3322676e-15,1.3322676e-15,1.1951236e-09,1.1951236e-09,-1.2043622e-10,-1.2043622e-10,0.15668201,0.15668201,3.0242475e-13,3.0242475e-13,2.5069121,2.5069121,4.8364646e-12,4.8364646e-12,1.2534561,1.2534561,2.4166225e-12,2.4166225e-12,0.15668199,0.15668199,1.5255682e-08,1.5255682e-08,0.031336398,0.031336398,5.7759353e-14,5.7759353e-14,-1.0246438e-13,-1.0246438e-13,8.8584748e-14,8.8584748e-14,-3.3306691e-16,-3.3306691e-16,-2.220446e-16,-2.220446e-16,-1.5255387e-08,-1.5255387e-08,-6.9944051e-15,-6.9944051e-15,0,0,-1.9984014e-15,-1.9984014e-15,0,0,0,0
0.15668199,0.15668199,-0.15668199,-0.15668199,-2.9642955e-13,-2.9642955e-13,-3.006484e-13,-3.006484e-13,-0.15668199,-0.15668199,-1.2318726e-08,-1.2318726e-08,-2.1738968e-09,-2.1738968e-09,-1.2318726e-08,-1.2318726e-08,-2.1738968e-09,-2.1738968e-09,0,0,0.15668201,0.15668201,3.0309089e-13,3.0309089e-13,1.7030512e-09,1.7030512e-09,1.7030511e-09,1.7030511e-09,2.0339633e-15,2.0339633e-15,-1.2318725e-08,-1.2318725e-08,-2.1738941e-09,-2.1738941e-09,-1.2318725e-08,-1.2318725e-08,-2.1738921e-09,-2.1738921e-09,-1.0269563e-15,-1.0269563e-15,-2.1094237e-15,-2.1094237e-15,-1.4492617e-08,-1.4492617e-08,-3.2196468e-15,-3.2196468e-15,2.220446e-15,2.220446e-15,3.3306691e-15,3.3306691e-15,0.15668201,0.15668201,2.1741946e-09,2.1741946e-09,0.15668201,0.15668201,2.174195e-09,2.174195e-09,0.15668201,0.15668201,3.0353497e-13,3.0353497e-13,0.15668199,0.15668199,0.15668199,0.15668199,-2.1738915e-09,-2.1738915e-09,1.0209522e-09,1.0209522e-09,1.3322676e-15,1.3322676e-15,1.1353676e-09,1.1353676e-09,-1.1441437e-10,-1.1441437e-10,0.15668201,0.15668201,3.0353497e-13,3.0353497e-13,2.5069121,2.5069121,4.8538951e-12,4.8538951e-12,1.2534561,1.2534561,2.4252822e-12,2.4252822e-12,0.15668199,0.15668199,1.4492914e-08,1.4492914e-08,0.031336399,0.031336399,5.7953642e-14,5.7953642e-14,-1.0310892e-13,-1.0310892e-13,8.9141978e-14,8.9141978e-14,-3.3306691e-16,-3.3306691e-16,-2.220446e-16,-2.220446e-16,-1.4492617e-08,-1.4492617e-08,-6.9944051e-15,-6.9944051e-15,0,0,-1.9984014e-15,-1.9984014e-15,0,0,0,0
0.156682,0.156682,-0.156682,-0.156682,-2.9742875e-13,-2.9742875e-13,-3.0175862e-13,-3.0175862e-13,-0.156682,-0.156682,-1.170279e-08,-1.170279e-08,-2.0652022e-09,-2.0652022e-09,-1.170279e-08,-1.170279e-08,-2.0652022e-09,-2.0652022e-09,0,0,0.15668201,0.15668201,3.0420111e-13,3.0420111e-13,1.6178987e-09,1.6178987e-09,1.6178987e-09,1.6178987e-09,2.0339633e-15,2.0339633e-15,-1.1702789e-08,-1.1702789e-08,-2.0651995e-09,-2.0651995e-09,-1.1702788e-08,-1.1702788e-08,-2.0651975e-09,-2.0651975e-09,-1.0269563e-15,-1.0269563e-15,-2.1094237e-15,-2.1094237e-15,-1.3767986e-08,-1.3767986e-08,-3.2196468e-15,-3.2196468e-15,2.220446e-15,2.220446e-15,3.3306691e-15,3.3306691e-15,0.15668201,0.15668201,2.0655011e-09,2.0655011e-09,0.15668201,0.15668201,2.0655015e-09,2.0655015e-09,0.15668201,0.15668201,3.046452e-13,3.046452e-13,0.156682,0.156682,0.156682,0.156682,-2.0651969e-09,-2.0651969e-09,9.699046e-10,9.699046e-10,1.3322676e-15,1.3322676e-15,1.0785992e-09,1.0785992e-09,-1.086935e-10,-1.086935e-10,0.15668201,0.15668201,3.046452e-13,3.046452e-13,2.5069121,2.5069121,4.8713256e-12,4.8713256e-12,1.2534561,1.2534561,2.4339419e-12,2.4339419e-12,0.156682,0.156682,1.3768284e-08,1.3768284e-08,0.031336399,0.031336399,5.8175686e-14,5.8175686e-14,-1.0375351e-13,-1.0375351e-13,8.9699249e-14,8.9699249e-14,-3.3306691e-16,-3.3306691e-16,-2.220446e-16,-2.220446e-16,-1.3767986e-08,-1.3767986e-08,-6.9944051e-15,-6.9944051e-15,0,0,-1.9984014e-15,-1.9984014e-15,0,0,0,0
0.156682,0.156682,-0.156682,-0.156682,-2.9864999e-13,-2.9864999e-13,-3.0286884e-13,-3.0286884e-13,-0.156682,-0.156682,-1.111765e-08,-1.111765e-08,-1.9619422e-09,-1.9619422e-09,-1.111765e-08,-1.111765e-08,-1.9619422e-09,-1.9619422e-09,0,0,0.15668201,0.15668201,3.0531133e-13,3.0531133e-13,1.5370039e-09,1.5370039e-09,1.5370038e-09,1.5370038e-09,2.0339633e-15,2.0339633e-15,-1.111765e-08,-1.111765e-08,-1.9619395e-09,-1.9619395e-09,-1.1117649e-08,-1.1117649e-08,-1.9619376e-09,-1.9619376e-09,-1.0269563e-15,-1.0269563e-15,-2.1094237e-15,-2.1094237e-15,-1.3079587e-08,-1.3079587e-08,-3.2196468e-15,-3.2196468e-15,2.220446e-15,2.220446e-15,3.3306691e-15,3.3306691e-15,0.15668201,0.15668201,1.9622424e-09,1.9622424e-09,0.15668201,0.15668201,1.9622428e-09,1.9622428e-09,0.15668201,0.15668201,3.0575542e-13,3.0575542e-13,0.156682,0.156682,0.156682,0.156682,-1.9619371e-09,-1.9619371e-09,9.2140962e-10,9.2140962e-10,1.3322676e-15,1.3322676e-15,1.0246692e-09,1.0246692e-09,-1.0325885e-10,-1.0325885e-10,0.15668201,0.15668201,3.0575542e-13,3.0575542e-13,2.5069122,2.5069122,4.8887561e-12,4.8887561e-12,1.2534561,1.2534561,2.4427127e-12,2.4427127e-12,0.156682,0.156682,1.3079886e-08,1.3079886e-08,0.031336399,0.031336399,5.8397731e-14,5.8397731e-14,-1.0439814e-13,-1.0439814e-13,9.0256562e-14,9.0256562e-14,-3.3306691e-16,-3.3306691e-16,-2.220446e-16,-2.220446e-16,-1.3079587e-08,-1.3079587e-08,-6.9944051e-15,-6.9944051e-15,0,0,-1.9984014e-15,-1.9984014e-15,0,0,0,0
0.156682,0.156682,-0.156682,-0.156682,-2.9976022e-13,-2.9976022e-13,-3.0386804e-13,-3.0386804e-13,-0.156682,-0.156682,-1.0561768e-08,-1.0561768e-08,-1.8638454e-09,-1.8638454e-09,-1.0561768e-08,-1.0561768e-08,-1.8638454e-09,-1.8638454e-09,0,0,0.15668201,0.15668201,3.0619951e-13,3.0619951e-13,1.4601538e-09,1.4601538e-09,1.4601537e-09,1.4601537e-09,2.0339633e-15,2.0339633e-15,-1.0561767e-08,-1.0561767e-08,-1.8638426e-09,-1.8638426e-09,-1.0561766e-08,-1.0561766e-08,-1.8638407e-09,-1.8638407e-09,-1.0269563e-15,-1.0269563e-15,-2.1094237e-15,-2.1094237e-15,-1.2425607e-08,-1.2425607e-08,-3.2196468e-15,-3.2196468e-15,2.220446e-15,2.220446e-15,3.3306691e-15,3.3306691e-15,0.15668201,0.15668201,1.8641464e-09,1.8641464e-09,0.15668201,0.15668201,1.8641471e-09,1.8641471e-09,0.15668201,0.15668201,3.0686564e-13,3.0686564e-13,0.156682,0.156682,0.156682,0.156682,-1.8638402e-09,-1.8638402e-09,8.7533913e-10,8.7533913e-10,1.3322676e-15,1.3322676e-15,9.7343578e-10,9.7343578e-10,-9.8095865e-11,-9.8095865e-11,0.15668201,0.15668201,3.0686564e-13,3.0686564e-13,2.5069122,2.5069122,4.9060755e-12,4.9060755e-12,1.2534561,1.2534561,2.4513724e-12,2.4513724e-12,0.156682,0.156682,1.2425907e-08,1.2425907e-08,0.0313364,0.0313364,5.8619776e-14,5.8619776e-14,-1.0504282e-13,-1.0504282e-13,9.0813914e-14,9.0813914e-14,-3.3306691e-16,-3.3306691e-16,-2.220446e-16,-2.220446e-16,-1.2425608e-08,-1.2425608e-08,-6.9944051e-15,-6.9944051e-15,0,0,-1.9984014e-15,-1.9984014e-15,0,0,0,0
0.156682,0.156682,-0.156682,-0.156682,-3.006484e-13,-3.006484e-13,-3.0497826e-13,-3.0497826e-13,-0.156682,-0.156682,-1.0033679e-08,-1.0033679e-08,-1.7706533e-09,-1.7706533e-09,-1.0033679e-08,-1.0033679e-08,-1.7706533e-09,-1.7706533e-09,0,0,0.15668201,0.15668201,3.0730973e-13,3.0730973e-13,1.3871462e-09,1.3871462e-09,1.3871461e-09,1.3871461e-09,2.0339633e-15,2.0339633e-15,-1.0033679e-08,-1.0033679e-08,-1.7706505e-09,-1.7706505e-09,-1.0033678e-08,-1.0033678e-08,-1.7706486e-09,-1.7706486e-09,-1.0269563e-15,-1.0269563e-15,-2.1094237e-15,-2.1094237e-15,-1.1804327e-08,-1.1804327e-08,-3.2196468e-15,-3.2196468e-15,2.220446e-15,2.220446e-15,3.3306691e-15,3.3306691e-15,0.15668201,0.15668201,1.7709554e-09,1.7709554e-09,0.15668201,0.15668201,1.770956e-09,1.770956e-09,0.15668201,0.15668201,3.0797587e-13,3.0797587e-13,0.156682,0.156682,0.156682,0.156682,-1.7706481e-09,-1.7706481e-09,8.3157214e-10,8.3157214e-10,1.3322676e-15,1.3322676e-15,9.2476404e-10,9.2476404e-10,-9.319101e-11,-9.319101e-11,0.15668201,0.15668201,3.0797587e-13,3.0797587e-13,2.5069122,2.5069122,4.923506e-12,4.923506e-12,1.2534561,1.2534561,2.4601432e-12,2.4601432e-12,0.156682,0.156682,1.1804628e-08,1.1804628e-08,0.0313364,0.0313364,5.884182e-14,5.884182e-14,-1.0568754e-13,-1.0568754e-13,9.1371305e-14,9.1371305e-14,-3.3306691e-16,-3.3306691e-16,-2.220446e-16,-2.220446e-16,-1.1804327e-08,-1.1804327e-08,-6.9944051e-15,-6.9944051e-15,0,0,-1.9984014e-15,-1.9984014e-15,0,0,0,0
0.156682,0.156682,-0.156682,-0.156682,-3.0186964e-13,-3.0186964e-13,-3.0608849e-13,-3.0608849e-13,-0.156682,-0.156682,-9.5319955e-09,-9.5319955e-09,-1.6821209e-09,-1.6821209e-09,-9.5319955e-09,-9.5319955e-09,-1.6821209e-09,-1.6821209e-09,0,0,0.15668201,0.15668201,3.0841996e-13,3.0841996e-13,1.3177889e-09,1.3177889e-09,1.3177889e-09,1.3177889e-09,2.0339633e-15,2.0339633e-15,-9.5319951e-09,-9.5319951e-09,-1.6821181e-09,-1.6821181e-09,-9.5319942e-09,-9.5319942e-09,-1.6821162e-09,-1.6821162e-09,-1.0269563e-15,-1.0269563e-15,-2.1094237e-15,-2.1094237e-15,-1.1214111e-08,-1.1214111e-08,-3.2196468e-15,-3.2196468e-15,2.220446e-15,2.220446e-15,3.3306691e-15,3.3306691e-15,0.15668201,0.15668201,1.6824242e-09,1.6824242e-09,0.15668201,0.15668201,1.6824246e-09,1.6824246e-09,0.15668201,0.15668201,3.0908609e-13,3.0908609e-13,0.156682,0.156682,0.156682,0.156682,-1.6821156e-09,-1.6821156e-09,7.8999363e-10,7.8999363e-10,1.3322676e-15,1.3322676e-15,8.7852592e-10,8.7852592e-10,-8.8531404e-11,-8.8531404e-11,0.15668201,0.15668201,3.0908609e-13,3.0908609e-13,2.5069122,2.5069122,4.9409365e-12,4.9409365e-12,1.2534561,1.2534561,2.4688029e-12,2.4688029e-12,0.156682,0.156682,1.1214413e-08,1.1214413e-08,0.0313364,0.0313364,5.9036109e-14,5.9036109e-14,-1.0633231e-13,-1.0633231e-13,9.1928734e-14,9.1928734e-14,-3.3306691e-16,-3.3306691e-16,-2.220446e-16,-2.220446e-16,-1.1214111e-08,-1.1214111e-08,-6.9944051e-15,-6.9944051e-15,0,0,-1.9984014e-15,-1.9984014e-15,0,0,0,0
0.156682,0.156682,-0.156682,-0.156682,-3.0275782e-13,-3.0275782e-13,-3.0719871e-13,-3.0719871e-13,-0.156682,-0.156682,-9.0553958e-09,-9.0553958e-09,-1.598015e-09,-1.598015e-09,-9.0553958e-09,-9.0553958e-09,-1.598015e-09,-1.598015e-09,0,0,0.15668201,0.15668201,3.0953018e-13,3.0953018e-13,1.2518996e-09,1.2518996e-09,1.2518995e-09,1.2518995e-09,2.0339633e-15,2.0339633e-15,-9.0553954e-09,-9.0553954e-09,-1.5980123e-09,-1.5980123e-09,-9.0553945e-09,-9.0553945e-09,-1.5980103e-09,-1.5980103e-09,-1.0269563e-15,-1.0269563e-15,-2.1094237e-15,-2.1094237e-15,-1.0653405e-08,-1.0653405e-08,-3.2196468e-15,-3.2196468e-15,2.220446e-15,2.220446e-15,3.3306691e-15,3.3306691e-15,0.15668201,0.15668201,1.5983193e-09,1.5983193e-09,0.15668201,0.15668201,1.5983199e-09,1.5983199e-09,0.15668201,0.15668201,3.1019631e-13,3.1019631e-13,0.156682,0.156682,0.156682,0.156682,-1.5980099e-09,-1.5980099e-09,7.5049411e-10,7.5049411e-10,1.3322676e-15,1.3322676e-15,8.3459972e-10,8.3459972e-10,-8.4104723e-11,-8.4104723e-11,0.15668201,0.15668201,3.1019631e-13,3.1019631e-13,2.5069122,2.5069122,4.9583671e-12,4.9583671e-12,1.2534561,1.2534561,2.4774627e-12,2.4774627e-12,0.156682,0.156682,1.0653708e-08,1.0653708e-08,0.031336401,0.031336401,5.9258154e-14,5.9258154e-14,-1.0697712e-13,-1.0697712e-13,9.24862e-14,9.24862e-14,-3.3306691e-16,-3.3306691e-16,-2.220446e-16,-2.220446e-16,-1.0653405e-08,-1.0653405e-08,-6.9944051e-15,-6.9944051e-15,0,0,-1.9984014e-15,-1.9984014e-15,0,0,0,0
0.156682,0.156682,-0.156682,-0.156682,-3.0397906e-13,-3.0397906e-13,-3.0830893e-13,-3.0830893e-13,-0.156682,-0.156682,-8.6026261e-09,-8.6026261e-09,-1.5181145e-09,-1.5181145e-09,-8.6026261e-09,-8.6026261e-09,-1.5181145e-09,-1.5181145e-09,0,0,0.15668201,0.15668201,3.106404e-13,3.106404e-13,1.1893047e-09,1.1893047e-09,1.1893046e-09,1.1893046e-09,2.0339633e-15,2.0339633e-15,-8.6026257e-09,-8.6026257e-09,-1.5181117e-09,-1.5181117e-09,-8.6026248e-09,-8.6026248e-09,-1.5181098e-09,-1.5181098e-09,-1.0547119e-15,-1.0547119e-15,-2.1094237e-15,-2.1094237e-15,-1.0120735e-08,-1.0120735e-08,-3.2196468e-15,-3.2196468e-15,2.220446e-15,2.220446e-15,3.3306691e-15,3.3306691e-15,0.15668201,0.15668201,1.5184198e-09,1.5184198e-09,0.15668201,0.15668201,1.5184205e-09,1.5184205e-09,0.15668201,0.15668201,3.1130654e-13,3.1130654e-13,0.156682,0.156682,0.156682,0.156682,-1.5181092e-09,-1.5181092e-09,7.1296946e-10,7.1296946e-10,1.3322676e-15,1.3322676e-15,7.9286977e-10,7.9286977e-10,-7.989942e-11,-7.989942e-11,0.15668201,0.15668201,3.1108449e-13,3.1108449e-13,2.5069122,2.5069122,4.9757976e-12,4.9757976e-12,1.2534561,1.2534561,2.4862334e-12,2.4862334e-12,0.156682,0.156682,1.0121039e-08,1.0121039e-08,0.031336401,0.031336401,5.9480199e-14,5.9480199e-14,-1.0762198e-13,-1.0762198e-13,9.3043703e-14,9.3043703e-14,-3.3306691e-16,-3.3306691e-16,-2.220446e-16,-2.220446e-16,-1.0120735e-08,-1.0120735e-08,-6.9944051e-15,-6.9944051e-15,0,0,-1.9984014e-15,-1.9984014e-15,0,0,0,0
0.15668201,0.15668201,-0.15668201,-0.15668201,-3.0497826e-13,-3.0497826e-13,-3.0930813e-13,-3.0930813e-13,-0.15668201,-0.15668201,-8.1724949e-09,-8.1724949e-09,-1.4422089e-09,-1.4422089e-09,-8.1724949e-09,-8.1724949e-09,-1.4422089e-09,-1.4422089e-09,0,0,0.15668201,0.15668201,3.1175063e-13,3.1175063e-13,1.1298395e-09,1.1298395e-09,1.1298395e-09,1.1298395e-09,2.0339633e-15,2.0339633e-15,-8.1724945e-09,-8.1724945e-09,-1.4422061e-09,-1.4422061e-09,-8.1724936e-09,-8.1724936e-09,-1.4422043e-09,-1.4422043e-09,-1.0547119e-15,-1.0547119e-15,-2.1094237e-15,-2.1094237e-15,-9.6146979e-09,-9.6146979e-09,-3.2196468e-15,-3.2196468e-15,2.220446e-15,2.220446e-15,3.3306691e-15,3.3306691e-15,0.15668201,0.15668201,1.4425154e-09,1.4425154e-09,0.15668201,0.15668201,1.4425159e-09,1.4425159e-09,0.15668201,0.15668201,3.1219471e-13,3.1219471e-13,0.15668201,0.15668201,0.15668201,0.15668201,-1.4422037e-09,-1.4422037e-09,6.7732087e-10,6.7732087e-10,1.3322676e-15,1.3322676e-15,7.5322637e-10,7.5322637e-10,-7.5904394e-11,-7.5904394e-11,0.15668201,0.15668201,3.1219471e-13,3.1219471e-13,2.5069122,2.5069122,4.993117e-12,4.993117e-12,1.2534561,1.2534561,2.4948932e-12,2.4948932e-12,0.15668201,0.15668201,9.6150032e-09,9.6150032e-09,0.031336401,0.031336401,5.9702243e-14,5.9702243e-14,-1.0826687e-13,-1.0826687e-13,9.3601241e-14,9.3601241e-14,-3.3306691e-16,-3.3306691e-16,-2.220446e-16,-2.220446e-16,-9.6146985e-09,-9.6146985e-09,-6.9944051e-15,-6.9944051e-15,0,0,-1.9984014e-15,-1.9984014e-15,0,0,0,0
0.15668201,0.15668201,-0.15668201,-0.15668201,-3.0608849e-13,-3.0608849e-13,-3.1041836e-13,-3.1041836e-13,-0.15668201,-0.15668201,-7.7638702e-09,-7.7638702e-09,-1.3700987e-09,-1.3700987e-09,-7.7638702e-09,-7.7638702e-09,-1.3700987e-09,-1.3700987e-09,0,0,0.15668202,0.15668202,3.1286085e-13,3.1286085e-13,1.0733476e-09,1.0733476e-09,1.0733476e-09,1.0733476e-09,2.0339633e-15,2.0339633e-15,-7.7638698e-09,-7.7638698e-09,-1.3700959e-09,-1.3700959e-09,-7.7638689e-09,-7.7638689e-09,-1.370094e-09,-1.370094e-09,-1.0547119e-15,-1.0547119e-15,-2.1094237e-15,-2.1094237e-15,-9.133963e-09,-9.133963e-09,-3.2196468e-15,-3.2196468e-15,2.220446e-15,2.220446e-15,3.3306691e-15,3.3306691e-15,0.15668201,0.15668201,1.3704062e-09,1.3704062e-09,0.15668201,0.15668201,1.3704069e-09,1.3704069e-09,0.15668202,0.15668202,3.1330494e-13,3.1330494e-13,0.15668201,0.15668201,0.15668201,0.15668201,-1.3700934e-09,-1.3700934e-09,6.4345507e-10,6.4345507e-10,1.3322676e-15,1.3322676e-15,7.1556516e-10,7.1556516e-10,-7.2109207e-11,-7.2109207e-11,0.15668202,0.15668202,3.1330494e-13,3.1330494e-13,2.5069122,2.5069122,5.0105475e-12,5.0105475e-12,1.2534561,1.2534561,2.5036639e-12,2.5036639e-12,0.15668201,0.15668201,9.1342696e-09,9.1342696e-09,0.031336401,0.031336401,5.9924288e-14,5.9924288e-14,-1.0891181e-13,-1.0891181e-13,9.4158814e-14,9.4158814e-14,-3.3306691e-16,-3.3306691e-16,-2.220446e-16,-2.220446e-16,-9.1339636e-09,-9.1339636e-09,-6.9944051e-15,-6.9944051e-15,0,0,-1.9984014e-15,-1.9984014e-15,0,0,0,0
0.15668201,0.15668201,-0.15668201,-0.15668201,-3.0708769e-13,-3.0708769e-13,-3.1152858e-13,-3.1152858e-13,-0.15668201,-0.15668201,-7.3756767e-09,-7.3756767e-09,-1.3015939e-09,-1.3015939e-09,-7.3756767e-09,-7.3756767e-09,-1.3015939e-09,-1.3015939e-09,0,0,0.15668202,0.15668202,3.1397107e-13,3.1397107e-13,1.0196803e-09,1.0196803e-09,1.0196803e-09,1.0196803e-09,2.0339633e-15,2.0339633e-15,-7.3756763e-09,-7.3756763e-09,-1.3015912e-09,-1.3015912e-09,-7.3756754e-09,-7.3756754e-09,-1.3015893e-09,-1.3015893e-09,-1.0547119e-15,-1.0547119e-15,-2.1094237e-15,-2.1094237e-15,-8.6772648e-09,-8.6772648e-09,-3.2196468e-15,-3.2196468e-15,2.220446e-15,2.220446e-15,3.3306691e-15,3.3306691e-15,0.15668201,0.15668201,1.3019026e-09,1.3019026e-09,0.15668201,0.15668201,1.3019033e-09,1.3019033e-09,0.15668202,0.15668202,3.1441516e-13,3.1441516e-13,0.15668201,0.15668201,0.15668201,0.15668201,-1.3015886e-09,-1.3015886e-09,6.1128236e-10,6.1128236e-10,1.3322676e-15,1.3322676e-15,6.7978689e-10,6.7978689e-10,-6.8503647e-11,-6.8503647e-11,0.15668202,0.15668202,3.1441516e-13,3.1441516e-13,2.5069123,2.5069123,5.027978e-12,5.027978e-12,1.2534561,1.2534561,2.5123237e-12,2.5123237e-12,0.15668201,0.15668201,8.6775724e-09,8.6775724e-09,0.031336401,0.031336401,6.0146332e-14,6.0146332e-14,-1.0955678e-13,-1.0955678e-13,9.471642e-14,9.471642e-14,-3.3306691e-16,-3.3306691e-16,-2.220446e-16,-2.220446e-16,-8.6772654e-09,-8.6772654e-09,-6.9944051e-15,-6.9944051e-15,0,0,-1.9984014e-15,-1.9984014e-15,0,0,0,0
0.15668201,0.15668201,-0.15668201,-0.15668201,-3.0819791e-13,-3.0819791e-13,-3.126388e-13,-3.126388e-13,-0.15668201,-0.15668201,-7.0068929e-09,-7.0068929e-09,-1.2365144e-09,-1.2365144e-09,-7.0068929e-09,-7.0068929e-09,-1.2365144e-09,-1.2365144e-09,0,0,0.15668202,0.15668202,3.1508129e-13,3.1508129e-13,9.6869641e-10,9.6869641e-10,9.6869635e-10,9.6869635e-10,2.0339633e-15,2.0339633e-15,-7.0068925e-09,-7.0068925e-09,-1.2365117e-09,-1.2365117e-09,-7.0068916e-09,-7.0068916e-09,-1.2365098e-09,-1.2365098e-09,-1.0547119e-15,-1.0547119e-15,-2.1094237e-15,-2.1094237e-15,-8.2434015e-09,-8.2434015e-09,-3.2196468e-15,-3.2196468e-15,2.220446e-15,2.220446e-15,3.3306691e-15,3.3306691e-15,0.15668202,0.15668202,1.2368242e-09,1.2368242e-09,0.15668202,0.15668202,1.2368249e-09,1.2368249e-09,0.15668202,0.15668202,3.1552538e-13,3.1552538e-13,0.15668201,0.15668201,0.15668201,0.15668201,-1.2365093e-09,-1.2365093e-09,5.8071836e-10,5.8071836e-10,1.3322676e-15,1.3322676e-15,6.4579764e-10,6.4579764e-10,-6.5078387e-11,-6.5078387e-11,0.15668202,0.15668202,3.1552538e-13,3.1552538e-13,2.5069123,2.5069123,5.0454085e-12,5.0454085e-12,1.2534561,1.2534561,2.5209834e-12,2.5209834e-12,0.15668201,0.15668201,8.2437102e-09,8.2437102e-09,0.031336402,0.031336402,6.0340621e-14,6.0340621e-14,-1.1020179e-13,-1.1020179e-13,9.527406e-14,9.527406e-14,-3.3306691e-16,-3.3306691e-16,-2.220446e-16,-2.220446e-16,-8.2434021e-09,-8.2434021e-09,-6.9944051e-15,-6.9944051e-15,0,0,-1.9984014e-15,-1.9984014e-15,0,0,0,0
0.15668201,0.15668201,-0.15668201,-0.15668201,-3.0930813e-13,-3.0930813e-13,-3.1374903e-13,-3.1374903e-13,-0.15668201,-0.15668201,-6.6565484e-09,-6.6565484e-09,-1.174689e-09,-1.174689e-09,-6.6565484e-09,-6.6565484e-09,-1.174689e-09,-1.174689e-09,0,0,0.15668202,0.15668202,3.1619152e-13,3.1619152e-13,9.2026167e-10,9.2026167e-10,9.2026162e-10,9.2026162e-10,2.0339633e-15,2.0339633e-15,-6.656548e-09,-6.656548e-09,-1.1746862e-09,-1.1746862e-09,-6.6565471e-09,-6.6565471e-09,-1.1746843e-09,-1.1746843e-09,-1.0547119e-15,-1.0547119e-15,-2.1094237e-15,-2.1094237e-15,-7.8312314e-09,-7.8312314e-09,-3.2196468e-15,-3.2196468e-15,2.220446e-15,2.220446e-15,3.3306691e-15,3.3306691e-15,0.15668202,0.15668202,1.1749999e-09,1.1749999e-09,0.15668202,0.15668202,1.1750003e-09,1.1750003e-09,0.15668202,0.15668202,3.1663561e-13,3.1663561e-13,0.15668201,0.15668201,0.15668201,0.15668201,-1.1746837e-09,-1.1746837e-09,5.5168248e-10,5.5168248e-10,1.3322676e-15,1.3322676e-15,6.1350791e-10,6.1350791e-10,-6.1824434e-11,-6.1824434e-11,0.15668202,0.15668202,3.1663561e-13,3.1663561e-13,2.5069123,2.5069123,5.062839e-12,5.062839e-12,1.2534561,1.2534561,2.5297542e-12,2.5297542e-12,0.15668201,0.15668201,7.8315412e-09,7.8315412e-09,0.031336402,0.031336402,6.0562666e-14,6.0562666e-14,-1.1084684e-13,-1.1084684e-13,9.5831732e-14,9.5831732e-14,-3.3306691e-16,-3.3306691e-16,-2.220446e-16,-2.220446e-16,-7.831232e-09,-7.831232e-09,-6.9944051e-15,-6.9944051e-15,0,0,-1.9984014e-15,-1.9984014e-15,0,0,0,0
0.15668201,0.15668201,-0.15668201,-0.15668201,-3.1041836e-13,-3.1041836e-13,-3.1485925e-13,-3.1485925e-13,-0.15668201,-0.15668201,-6.323721e-09,-6.323721e-09,-1.1159547e-09,-1.1159547e-09,-6.323721e-09,-6.323721e-09,-1.1159547e-09,-1.1159547e-09,0,0,0.15668202,0.15668202,3.170797e-13,3.170797e-13,8.7424868e-10,8.7424868e-10,8.7424862e-10,8.7424862e-10,2.0339633e-15,2.0339633e-15,-6.3237205e-09,-6.3237205e-09,-1.115952e-09,-1.115952e-09,-6.3237197e-09,-6.3237197e-09,-1.1159501e-09,-1.1159501e-09,-1.0547119e-15,-1.0547119e-15,-2.1094237e-15,-2.1094237e-15,-7.4396699e-09,-7.4396699e-09,-3.2196468e-15,-3.2196468e-15,2.220446e-15,2.220446e-15,3.3306691e-15,3.3306691e-15,0.15668202,0.15668202,1.1162666e-09,1.1162666e-09,0.15668202,0.15668202,1.1162673e-09,1.1162673e-09,0.15668202,0.15668202,3.1774583e-13,3.1774583e-13,0.15668201,0.15668201,0.15668201,0.15668201,-1.1159496e-09,-1.1159496e-09,5.2409832e-10,5.2409832e-10,1.3322676e-15,1.3322676e-15,5.8283245e-10,5.8283245e-10,-5.8733129e-11,-5.8733129e-11,0.15668202,0.15668202,3.1774583e-13,3.1774583e-13,2.5069123,2.5069123,5.0802695e-12,5.0802695e-12,1.2534561,1.2534561,2.5384139e-12,2.5384139e-12,0.15668201,0.15668201,7.4399806e-09,7.4399806e-09,0.031336402,0.031336402,6.0784711e-14,6.0784711e-14,-1.1149193e-13,-1.1149193e-13,9.6389436e-14,9.6389436e-14,-3.3306691e-16,-3.3306691e-16,-2.220446e-16,-2.220446e-16,-7.4396704e-09,-7.4396704e-09,-6.9944051e-15,-6.9944051e-15,0,0,-1.9984014e-15,-1.9984014e-15,0,0,0,0
0.15668201,0.15668201,-0.15668201,-0.15668201,-3.1141756e-13,-3.1141756e-13,-3.1585845e-13,-3.1585845e-13,-0.15668201,-0.15668201,-6.007535e-09,-6.007535e-09,-1.0601572e-09,-1.0601572e-09,-6.007535e-09,-6.007535e-09,-1.0601572e-09,-1.0601572e-09,0,0,0.15668202,0.15668202,3.1818992e-13,3.1818992e-13,8.3053633e-10,8.3053633e-10,8.3053627e-10,8.3053627e-10,2.0339633e-15,2.0339633e-15,-6.0075346e-09,-6.0075346e-09,-1.0601544e-09,-1.0601544e-09,-6.0075337e-09,-6.0075337e-09,-1.0601525e-09,-1.0601525e-09,-1.0547119e-15,-1.0547119e-15,-2.1094237e-15,-2.1094237e-15,-7.0676863e-09,-7.0676863e-09,-3.2196468e-15,-3.2196468e-15,2.220446e-15,2.220446e-15,3.3306691e-15,3.3306691e-15,0.15668202,0.15668202,1.0604702e-09,1.0604702e-09,0.15668202,0.15668202,1.0604708e-09,1.0604708e-09,0.15668202,0.15668202,3.1885605e-13,3.1885605e-13,0.15668201,0.15668201,0.15668201,0.15668201,-1.060152e-09,-1.060152e-09,4.978935e-10,4.978935e-10,1.3322676e-15,1.3322676e-15,5.5369087e-10,5.5369087e-10,-5.5796479e-11,-5.5796479e-11,0.15668202,0.15668202,3.1885605e-13,3.1885605e-13,2.5069123,2.5069123,5.097589e-12,5.097589e-12,1.2534561,1.2534561,2.5471847e-12,2.5471847e-12,0.15668201,0.15668201,7.0679982e-09,7.0679982e-09,0.031336402,0.031336402,6.1006755e-14,6.1006755e-14,-1.1213705e-13,-1.1213705e-13,9.694717e-14,9.694717e-14,-3.3306691e-16,-3.3306691e-16,-2.220446e-16,-2.220446e-16,-7.0676869e-09,-7.0676869e-09,-6.9944051e-15,-6.9944051e-15,0,0,-1.9984014e-15,-1.9984014e-15,0,0,0,0
0.15668201,0.15668201,-0.15668201,-0.15668201,-3.1241676e-13,-3.1241676e-13,-3.1696867e-13,-3.1696867e-13,-0.15668201,-0.15668201,-5.7071584e-09,-5.7071584e-09,-1.0071496e-09,-1.0071496e-09,-5.7071584e-09,-5.7071584e-09,-1.0071496e-09,-1.0071496e-09,0,0,0.15668202,0.15668202,3.1930014e-13,3.1930014e-13,7.8900959e-10,7.8900959e-10,7.8900954e-10,7.8900954e-10,2.0339633e-15,2.0339633e-15,-5.707158e-09,-5.707158e-09,-1.0071468e-09,-1.0071468e-09,-5.7071571e-09,-5.7071571e-09,-1.0071449e-09,-1.0071449e-09,-1.0547119e-15,-1.0547119e-15,-2.1094237e-15,-2.1094237e-15,-6.714302e-09,-6.714302e-09,-3.2196468e-15,-3.2196468e-15,2.220446e-15,2.220446e-15,3.3306691e-15,3.3306691e-15,0.15668202,0.15668202,1.0074637e-09,1.0074637e-09,0.15668202,0.15668202,1.0074641e-09,1.0074641e-09,0.15668202,0.15668202,3.1996628e-13,3.1996628e-13,0.15668201,0.15668201,0.15668201,0.15668201,-1.0071441e-09,-1.0071441e-09,4.7299897e-10,4.7299897e-10,1.3322676e-15,1.3322676e-15,5.2600635e-10,5.2600635e-10,-5.3006599e-11,-5.3006599e-11,0.15668202,0.15668202,3.1996628e-13,3.1996628e-13,2.5069123,2.5069123,5.1150195e-12,5.1150195e-12,1.2534561,1.2534561,2.5558444e-12,2.5558444e-12,0.15668201,0.15668201,6.7146149e-09,6.7146149e-09,0.031336402,0.031336402,6.12288e-14,6.12288e-14,-1.127822e-13,-1.127822e-13,9.7504935e-14,9.7504935e-14,-3.3306691e-16,-3.3306691e-16,-2.220446e-16,-2.220446e-16,-6.7143026e-09,-6.7143026e-09,-6.9944051e-15,-6.9944051e-15,0,0,-1.9984014e-15,-1.9984014e-15,0,0,0,0
0.15668201,0.15668201,-0.15668201,-0.15668201,-3.1352698e-13,-3.1352698e-13,-3.180789e-13,-3.180789e-13,-0.15668201,-0.15668201,-5.4218005e-09,-5.4218005e-09,-9.5679228e-10,-9.5679228e-10,-5.4218005e-09,-5.4218005e-09,-9.5679228e-10,-9.5679228e-10,0,0,0.15668202,0.15668202,3.2041036e-13,3.2041036e-13,7.495592e-10,7.495592e-10,7.4955914e-10,7.4955914e-10,2.0339633e-15,2.0339633e-15,-5.4218001e-09,-5.4218001e-09,-9.5678954e-10,-9.5678954e-10,-5.4217991e-09,-5.4217991e-09,-9.5678759e-10,-9.5678759e-10,-1.0824674e-15,-1.0824674e-15,-2.1094237e-15,-2.1094237e-15,-6.3785869e-09,-6.3785869e-09,-3.2196468e-15,-3.2196468e-15,2.220446e-15,2.220446e-15,3.3306691e-15,3.3306691e-15,0.15668202,0.15668202,9.571075e-10,9.571075e-10,0.15668202,0.15668202,9.5710795e-10,9.5710795e-10,0.15668202,0.15668202,3.210765e-13,3.210765e-13,0.15668201,0.15668201,0.15668201,0.15668201,-9.5678709e-10,-9.5678709e-10,4.49349e-10,4.49349e-10,1.3322676e-15,1.3322676e-15,4.9970628e-10,4.9970628e-10,-5.0356164e-11,-5.0356164e-11,0.15668202,0.15668202,3.210765e-13,3.210765e-13,2.5069123,2.5069123,5.13245e-12,5.13245e-12,1.2534562,1.2534562,2.5645042e-12,2.5645042e-12,0.15668201,0.15668201,6.3789007e-09,6.3789007e-09,0.031336403,0.031336403,6.1450844e-14,6.1450844e-14,-1.1342739e-13,-1.1342739e-13,9.8062729e-14,9.8062729e-14,-3.3306691e-16,-3.3306691e-16,-2.220446e-16,-2.220446e-16,-6.3785874e-09,-6.3785874e-09,-6.9944051e-15,-6.9944051e-15,0,0,-1.9984014e-15,-1.9984014e-15,0,0,0,0
0.15668201,0.15668201,-0.15668201,-0.15668201,-3.1474823e-13,-3.1474823e-13,-3.1918912e-13,-3.1918912e-13,-0.15668201,-0.15668201,-5.1507104e-09,-5.1507104e-09,-9.0895288e-10,-9.0895288e-10,-5.1507104e-09,-5.1507104e-09,-9.0895288e-10,-9.0895288e-10,0,0,0.15668202,0.15668202,3.2152059e-13,3.2152059e-13,7.1208132e-10,7.1208132e-10,7.1208127e-10,7.1208127e-10,2.0339633e-15,2.0339633e-15,-5.1507101e-09,-5.1507101e-09,-9.0895014e-10,-9.0895014e-10,-5.1507092e-09,-5.1507092e-09,-9.0894819e-10,-9.0894819e-10,-1.0824674e-15,-1.0824674e-15,-2.1094237e-15,-2.1094237e-15,-6.0596576e-09,-6.0596576e-09,-3.2196468e-15,-3.2196468e-15,2.220446e-15,2.220446e-15,3.3306691e-15,3.3306691e-15,0.15668202,0.15668202,9.092691e-10,9.092691e-10,0.15668202,0.15668202,9.0926977e-10,9.0926977e-10,0.15668202,0.15668202,3.2218672e-13,3.2218672e-13,0.15668201,0.15668201,0.15668201,0.15668201,-9.0894758e-10,-9.0894758e-10,4.2688164e-10,4.2688164e-10,1.3322676e-15,1.3322676e-15,4.7472093e-10,4.7472093e-10,-4.7838289e-11,-4.7838289e-11,0.15668202,0.15668202,3.2196468e-13,3.2196468e-13,2.5069123,2.5069123,5.1498805e-12,5.1498805e-12,1.2534562,1.2534562,2.5732749e-12,2.5732749e-12,0.15668201,0.15668201,6.0599725e-09,6.0599725e-09,0.031336403,0.031336403,6.1645133e-14,6.1645133e-14,-1.1407262e-13,-1.1407262e-13,9.8620552e-14,9.8620552e-14,-3.3306691e-16,-3.3306691e-16,-2.220446e-16,-2.220446e-16,-6.059658e-09,-6.059658e-09,-6.9944051e-15,-6.9944051e-15,0,0,-1.9984014e-15,-1.9984014e-15,0,0,0,0
0.15668201,0.15668201,-0.15668201,-0.15668201,-3.1574743e-13,-3.1574743e-13,-3.2029934e-13,-3.2029934e-13,-0.15668201,-0.15668201,-4.893175e-09,-4.893175e-09,-8.6350535e-10,-8.6350535e-10,-4.893175e-09,-4.893175e-09,-8.6350535e-10,-8.6350535e-10,0,0,0.15668202,0.15668202,3.2263081e-13,3.2263081e-13,6.7647734e-10,6.7647734e-10,6.7647728e-10,6.7647728e-10,2.0339633e-15,2.0339633e-15,-4.8931746e-09,-4.8931746e-09,-8.635026e-10,-8.635026e-10,-4.8931738e-09,-4.8931738e-09,-8.6350074e-10,-8.6350074e-10,-1.0824674e-15,-1.0824674e-15,-2.1094237e-15,-2.1094237e-15,-5.7566746e-09,-5.7566746e-09,-3.2196468e-15,-3.2196468e-15,2.220446e-15,2.220446e-15,3.3306691e-15,3.3306691e-15,0.15668202,0.15668202,8.6382279e-10,8.6382279e-10,0.15668202,0.15668202,8.6382346e-10,8.6382346e-10,0.15668202,0.15668202,3.230749e-13,3.230749e-13,0.15668201,0.15668201,0.15668201,0.15668201,-8.6350016e-10,-8.6350016e-10,4.055376e-10,4.055376e-10,1.3322676e-15,1.3322676e-15,4.5098503e-10,4.5098503e-10,-4.5446313e-11,-4.5446313e-11,0.15668202,0.15668202,3.230749e-13,3.230749e-13,2.5069123,2.5069123,5.167311e-12,5.167311e-12,1.2534562,1.2534562,2.5819347e-12,2.5819347e-12,0.15668201,0.15668201,5.7569907e-09,5.7569907e-09,0.031336403,0.031336403,6.1867178e-14,6.1867178e-14,-1.1471787e-13,-1.1471787e-13,9.9178403e-14,9.9178403e-14,-3.3306691e-16,-3.3306691e-16,-2.220446e-16,-2.220446e-16,-5.7566751e-09,-5.7566751e-09,-6.9944051e-15,-6.9944051e-15,0,0,-1.9984014e-15,-1.9984014e-15,0,0,0,0
0.15668201,0.15668201,-0.15668201,-0.15668201,-3.1674663e-13,-3.1674663e-13,-3.2129854e-13,-3.2129854e-13,-0.15668201,-0.15668201,-4.6485164e-09,-4.6485164e-09,-8.2033033e-10,-8.2033033e-10,-4.6485164e-09,-4.6485164e-09,-8.2033033e-10,-8.2033033e-10,0,0,0.15668202,0.15668202,3.2374103e-13,3.2374103e-13,6.4265356e-10,6.4265356e-10,6.426535e-10,6.426535e-10,2.0339633e-15,2.0339633e-15,-4.648516e-09,-4.648516e-09,-8.2032758e-10,-8.2032758e-10,-4.648515e-09,-4.648515e-09,-8.203257e-10,-8.203257e-10,-1.0824674e-15,-1.0824674e-15,-2.1094237e-15,-2.1094237e-15,-5.4688408e-09,-5.4688408e-09,-3.2196468e-15,-3.2196468e-15,2.220446e-15,2.220446e-15,3.3306691e-15,3.3306691e-15,0.15668202,0.15668202,8.2064888e-10,8.2064888e-10,0.15668202,0.15668202,8.2064933e-10,8.2064933e-10,0.15668202,0.15668202,3.2418512e-13,3.2418512e-13,0.15668201,0.15668201,0.15668201,0.15668201,-8.2032514e-10,-8.2032514e-10,3.8526071e-10,3.8526071e-10,1.3322676e-15,1.3322676e-15,4.2843573e-10,4.2843573e-10,-4.317402e-11,-4.317402e-11,0.15668202,0.15668202,3.2418512e-13,3.2418512e-13,2.5069123,2.5069123,5.1846305e-12,5.1846305e-12,1.2534562,1.2534562,2.5907054e-12,2.5907054e-12,0.15668201,0.15668201,5.469158e-09,5.469158e-09,0.031336403,0.031336403,6.2089223e-14,6.2089223e-14,-1.1536316e-13,-1.1536316e-13,9.9736281e-14,9.9736281e-14,-3.3306691e-16,-3.3306691e-16,-2.220446e-16,-2.220446e-16,-5.4688414e-09,-5.4688414e-09,-6.9944051e-15,-6.9944051e-15,0,0,-1.9984014e-15,-1.9984014e-15,0,0,0,0
0.15668202,0.15668202,-0.15668202,-0.15668202,-3.1785685e-13,-3.1785685e-13,-3.2240877e-13,-3.2240877e-13,-0.15668202,-0.15668202,-4.4160907e-09,-4.4160907e-09,-7.7931403e-10,-7.7931403e-10,-4.4160907e-09,-4.4160907e-09,-7.7931403e-10,-7.7931403e-10,0,0,0.15668202,0.15668202,3.2485126e-13,3.2485126e-13,6.1052097e-10,6.1052097e-10,6.1052091e-10,6.1052091e-10,2.0339633e-15,2.0339633e-15,-4.4160903e-09,-4.4160903e-09,-7.7931128e-10,-7.7931128e-10,-4.4160893e-09,-4.4160893e-09,-7.7930937e-10,-7.7930937e-10,-1.0824674e-15,-1.0824674e-15,-2.1094237e-15,-2.1094237e-15,-5.1953988e-09,-5.1953988e-09,-3.2196468e-15,-3.2196468e-15,2.220446e-15,2.220446e-15,3.3306691e-15,3.3306691e-15,0.15668202,0.15668202,7.7963369e-10,7.7963369e-10,0.15668202,0.15668202,7.7963414e-10,7.7963414e-10,0.15668202,0.15668202,3.2529535e-13,3.2529535e-13,0.15668202,0.15668202,0.15668202,0.15668202,-7.7930884e-10,-7.7930884e-10,3.6599768e-10,3.6599768e-10,1.3322676e-15,1.3322676e-15,4.0701398e-10,4.0701398e-10,-4.1015191e-11,-4.1015191e-11,0.15668202,0.15668202,3.2529535e-13,3.2529535e-13,2.5069123,2.5069123,5.202061e-12,5.202061e-12,1.2534562,1.2534562,2.5993652e-12,2.5993652e-12,0.15668202,0.15668202,5.195717e-09,5.195717e-09,0.031336403,0.031336403,6.2311267e-14,6.2311267e-14,-1.1600848e-13,-1.1600848e-13,1.0029419e-13,1.0029419e-13,-3.3306691e-16,-3.3306691e-16,-2.220446e-16,-2.220446e-16,-5.1953993e-09,-5.1953993e-09,-6.9944051e-15,-6.9944051e-15,0,0,-1.9984014e-15,-1.9984014e-15,0,0,0,0
0.15668202,0.15668202,-0.15668202,-0.15668202,-3.1885605e-13,-3.1885605e-13,-3.2351899e-13,-3.2351899e-13,-0.15668202,-0.15668202,-4.1952862e-09,-4.1952862e-09,-7.4034853e-10,-7.4034853e-10,-4.1952862e-09,-4.1952862e-09,-7.4034853e-10,-7.4034853e-10,0,0,0.15668202,0.15668202,3.2596148e-13,3.2596148e-13,5.79995e-10,5.79995e-10,5.7999495e-10,5.7999495e-10,2.0339633e-15,2.0339633e-15,-4.1952858e-09,-4.1952858e-09,-7.4034578e-10,-7.4034578e-10,-4.1952848e-09,-4.1952848e-09,-7.4034387e-10,-7.4034387e-10,-1.0824674e-15,-1.0824674e-15,-2.1094237e-15,-2.1094237e-15,-4.9356288e-09,-4.9356288e-09,-3.2196468e-15,-3.2196468e-15,2.220446e-15,2.220446e-15,3.3306691e-15,3.3306691e-15,0.15668202,0.15668202,7.406693e-10,7.406693e-10,0.15668202,0.15668202,7.4066975e-10,7.4066975e-10,0.15668202,0.15668202,3.2640557e-13,3.2640557e-13,0.15668202,0.15668202,0.15668202,0.15668202,-7.4034334e-10,-7.4034334e-10,3.4769809e-10,3.4769809e-10,1.3322676e-15,1.3322676e-15,3.8666337e-10,3.8666337e-10,-3.8964387e-11,-3.8964387e-11,0.15668202,0.15668202,3.2640557e-13,3.2640557e-13,2.5069123,2.5069123,5.2194915e-12,5.2194915e-12,1.2534562,1.2534562,2.6080249e-12,2.6080249e-12,0.15668202,0.15668202,4.9359481e-09,4.9359481e-09,0.031336403,0.031336403,6.2533312e-14,6.2533312e-14,-1.1665383e-13,-1.1665383e-13,1.0085212e-13,1.0085212e-13,-3.3306691e-16,-3.3306691e-16,-2.220446e-16,-2.220446e-16,-4.9356293e-09,-4.9356293e-09,-6.9944051e-15,-6.9944051e-15,0,0,-1.9984014e-15,-1.9984014e-15,0,0,0,0
0.15668202,0.15668202,-0.15668202,-0.15668202,-3.1996628e-13,-3.1996628e-13,-3.2462921e-13,-3.2462921e-13,-0.15668202,-0.15668202,-3.9855219e-09,-3.9855219e-09,-7.0333125e-10,-7.0333125e-10,-3.9855219e-09,-3.9855219e-09,-7.0333125e-10,-7.0333125e-10,0,0,0.15668202,0.15668202,3.270717e-13,3.270717e-13,5.5099534e-10,5.5099534e-10,5.5099528e-10,5.5099528e-10,2.0339633e-15,2.0339633e-15,-3.9855215e-09,-3.9855215e-09,-7.0332851e-10,-7.0332851e-10,-3.9855206e-09,-3.9855206e-09,-7.0332665e-10,-7.0332665e-10,-1.0824674e-15,-1.0824674e-15,-2.1094237e-15,-2.1094237e-15,-4.6888473e-09,-4.6888473e-09,-3.2196468e-15,-3.2196468e-15,2.220446e-15,2.220446e-15,3.3306691e-15,3.3306691e-15,0.15668202,0.15668202,7.0365314e-10,7.0365314e-10,0.15668202,0.15668202,7.0365358e-10,7.0365358e-10,0.15668202,0.15668202,3.2751579e-13,3.2751579e-13,0.15668202,0.15668202,0.15668202,0.15668202,-7.0332606e-10,-7.0332606e-10,3.3031311e-10,3.3031311e-10,1.3322676e-15,1.3322676e-15,3.6733017e-10,3.6733017e-10,-3.7016168e-11,-3.7016168e-11,0.15668202,0.15668202,3.2751579e-13,3.2751579e-13,2.5069123,2.5069123,5.236922e-12,5.236922e-12,1.2534562,1.2534562,2.6167957e-12,2.6167957e-12,0.15668202,0.15668202,4.6891677e-09,4.6891677e-09,0.031336403,0.031336403,6.2755356e-14,6.2755356e-14,-1.1729921e-13,-1.1729921e-13,1.0141007e-13,1.0141007e-13,-3.3306691e-16,-3.3306691e-16,-2.220446e-16,-2.220446e-16,-4.6888479e-09,-4.6888479e-09,-6.9944051e-15,-6.9944051e-15,0,0,-1.9984014e-15,-1.9984014e-15,0,0,0,0
0.15668202,0.15668202,-0.15668202,-0.15668202,-3.210765e-13,-3.210765e-13,-3.2573944e-13,-3.2573944e-13,-0.15668202,-0.15668202,-3.7862459e-09,-3.7862459e-09,-6.6816494e-10,-6.6816494e-10,-3.7862459e-09,-3.7862459e-09,-6.6816494e-10,-6.6816494e-10,0,0,0.15668202,0.15668202,3.2795988e-13,3.2795988e-13,5.2344566e-10,5.2344566e-10,5.234456e-10,5.234456e-10,2.0339633e-15,2.0339633e-15,-3.7862455e-09,-3.7862455e-09,-6.6816219e-10,-6.6816219e-10,-3.7862445e-09,-3.7862445e-09,-6.681603e-10,-6.681603e-10,-1.0824674e-15,-1.0824674e-15,-2.1094237e-15,-2.1094237e-15,-4.454405e-09,-4.454405e-09,-3.2196468e-15,-3.2196468e-15,2.220446e-15,2.220446e-15,3.3306691e-15,3.3306691e-15,0.15668202,0.15668202,6.6848771e-10,6.6848771e-10,0.15668202,0.15668202,6.6848838e-10,6.6848838e-10,0.15668202,0.15668202,3.2862602e-13,3.2862602e-13,0.15668202,0.15668202,0.15668202,0.15668202,-6.6815975e-10,-6.6815975e-10,3.1379765e-10,3.1379765e-10,1.3322676e-15,1.3322676e-15,3.4896375e-10,3.4896375e-10,-3.5165315e-11,-3.5165315e-11,0.15668202,0.15668202,3.2862602e-13,3.2862602e-13,2.5069123,2.5069123,5.2543525e-12,5.2543525e-12,1.2534562,1.2534562,2.6254554e-12,2.6254554e-12,0.15668202,0.15668202,4.4547264e-09,4.4547264e-09,0.031336403,0.031336403,6.2949645e-14,6.2949645e-14,-1.1794462e-13,-1.1794462e-13,1.0196806e-13,1.0196806e-13,-3.3306691e-16,-3.3306691e-16,-2.220446e-16,-2.220446e-16,-4.4544055e-09,-4.4544055e-09,-6.9944051e-15,-6.9944051e-15,0,0,-1.9984014e-15,-1.9984014e-15,0,0,0,0
0.15668202,0.15668202,-0.15668202,-0.15668202,-3.2218672e-13,-3.2218672e-13,-3.2684966e-13,-3.2684966e-13,-0.15668202,-0.15668202,-3.5969337e-09,-3.5969337e-09,-6.3475688e-10,-6.3475688e-10,-3.5969337e-09,-3.5969337e-09,-6.3475688e-10,-6.3475688e-10,0,0,0.15668202,0.15668202,3.290701e-13,3.290701e-13,4.9727346e-10,4.9727346e-10,4.972734e-10,4.972734e-10,2.0339633e-15,2.0339633e-15,-3.5969333e-09,-3.5969333e-09,-6.3475414e-10,-6.3475414e-10,-3.5969323e-09,-3.5969323e-09,-6.3475225e-10,-6.3475225e-10,-1.0824674e-15,-1.0824674e-15,-2.1094237e-15,-2.1094237e-15,-4.2316847e-09,-4.2316847e-09,-3.2196468e-15,-3.2196468e-15,2.220446e-15,2.220446e-15,3.3306691e-15,3.3306691e-15,0.15668202,0.15668202,6.3508088e-10,6.3508088e-10,0.15668202,0.15668202,6.3508132e-10,6.3508132e-10,0.15668202,0.15668202,3.2973624e-13,3.2973624e-13,0.15668202,0.15668202,0.15668202,0.15668202,-6.3475158e-10,-6.3475158e-10,2.9810776e-10,2.9810776e-10,1.3322676e-15,1.3322676e-15,3.315157e-10,3.315157e-10,-3.3406944e-11,-3.3406944e-11,0.15668202,0.15668202,3.2973624e-13,3.2973624e-13,2.5069124,2.5069124,5.271672e-12,5.271672e-12,1.2534562,1.2534562,2.6341151e-12,2.6341151e-12,0.15668202,0.15668202,4.2320072e-09,4.2320072e-09,0.031336404,0.031336404,6.317169e-14,6.317169e-14,-1.1859005e-13,-1.1859005e-13,1.0252606e-13,1.0252606e-13,-3.3306691e-16,-3.3306691e-16,-2.220446e-16,-2.220446e-16,-4.2316852e-09,-4.2316852e-09,-6.9944051e-15,-6.9944051e-15,0,0,-1.9984014e-15,-1.9984014e-15,0,0,0,0
0.15668202,0.15668202,-0.15668202,-0.15668202,-3.230749e-13,-3.230749e-13,-3.2784886e-13,-3.2784886e-13,-0.15668202,-0.15668202,-3.4170869e-09,-3.4170869e-09,-6.0301919e-10,-6.0301919e-10,-3.4170869e-09,-3.4170869e-09,-6.0301919e-10,-6.0301919e-10,0,0,0.15668202,0.15668202,3.3018033e-13,3.3018033e-13,4.7240987e-10,4.7240987e-10,4.7240981e-10,4.7240981e-10,2.0339633e-15,2.0339633e-15,-3.4170866e-09,-3.4170866e-09,-6.0301653e-10,-6.0301653e-10,-3.4170857e-09,-3.4170857e-09,-6.0301461e-10,-6.0301461e-10,-1.110223e-15,-1.110223e-15,-2.1094237e-15,-2.1094237e-15,-4.0201005e-09,-4.0201005e-09,-3.3306691e-15,-3.3306691e-15,2.220446e-15,2.220446e-15,3.3306691e-15,3.3306691e-15,0.15668202,0.15668202,6.0334426e-10,6.0334426e-10,0.15668202,0.15668202,6.0334493e-10,6.0334493e-10,0.15668202,0.15668202,3.3084646e-13,3.3084646e-13,0.15668202,0.15668202,0.15668202,0.15668202,-6.0301408e-10,-6.0301408e-10,2.8320235e-10,2.8320235e-10,1.3322676e-15,1.3322676e-15,3.1493985e-10,3.1493985e-10,-3.1736502e-11,-3.1736502e-11,0.15668202,0.15668202,3.3084646e-13,3.3084646e-13,2.5069124,2.5069124,5.2891025e-12,5.2891025e-12,1.2534562,1.2534562,2.6428859e-12,2.6428859e-12,0.15668202,0.15668202,4.020424e-09,4.020424e-09,0.031336404,0.031336404,6.3393735e-14,6.3393735e-14,-1.1923552e-13,-1.1923552e-13,1.0308409e-13,1.0308409e-13,-3.3306691e-16,-3.3306691e-16,-2.220446e-16,-2.220446e-16,-4.0201009e-09,-4.0201009e-09,-6.9944051e-15,-6.9944051e-15,0,0,-1.9984014e-15,-1.9984014e-15,0,0,0,0
0.15668202,0.15668202,-0.15668202,-0.15668202,-3.2429615e-13,-3.2429615e-13,-3.2895908e-13,-3.2895908e-13,-0.15668202,-0.15668202,-3.2462328e-09,-3.2462328e-09,-5.7286842e-10,-5.7286842e-10,-3.2462328e-09,-3.2462328e-09,-5.7286842e-10,-5.7286842e-10,0,0,0.15668202,0.15668202,3.3129055e-13,3.3129055e-13,4.4878946e-10,4.4878946e-10,4.487894e-10,4.487894e-10,2.0339633e-15,2.0339633e-15,-3.2462324e-09,-3.2462324e-09,-5.7286575e-10,-5.7286575e-10,-3.2462314e-09,-3.2462314e-09,-5.7286384e-10,-5.7286384e-10,-1.110223e-15,-1.110223e-15,-2.1094237e-15,-2.1094237e-15,-3.8190954e-09,-3.8190954e-09,-3.3306691e-15,-3.3306691e-15,2.220446e-15,2.220446e-15,3.3306691e-15,3.3306691e-15,0.15668202,0.15668202,5.731946e-10,5.731946e-10,0.15668202,0.15668202,5.7319505e-10,5.7319505e-10,0.15668202,0.15668202,3.3195668e-13,3.3195668e-13,0.15668202,0.15668202,0.15668202,0.15668202,-5.7286331e-10,-5.7286331e-10,2.6904234e-10,2.6904234e-10,1.3322676e-15,1.3322676e-15,2.9919311e-10,2.9919311e-10,-3.0149661e-11,-3.0149661e-11,0.15668202,0.15668202,3.3195668e-13,3.3195668e-13,2.5069124,2.5069124,5.306533e-12,5.306533e-12,1.2534562,1.2534562,2.6515456e-12,2.6515456e-12,0.15668202,0.15668202,3.8194201e-09,3.8194201e-09,0.031336404,0.031336404,6.3615779e-14,6.3615779e-14,-1.1988101e-13,-1.1988101e-13,1.0364215e-13,1.0364215e-13,-3.3306691e-16,-3.3306691e-16,-2.220446e-16,-2.220446e-16,-3.8190959e-09,-3.8190959e-09,-6.9944051e-15,-6.9944051e-15,0,0,-1.9984014e-15,-1.9984014e-15,0,0,0,0
0.15668202,0.15668202,-0.15668202,-0.15668202,-3.2529535e-13,-3.2529535e-13,-3.3006931e-13,-3.3006931e-13,-0.15668202,-0.15668202,-3.0839212e-09,-3.0839212e-09,-5.4422522e-10,-5.4422522e-10,-3.0839212e-09,-3.0839212e-09,-5.4422522e-10,-5.4422522e-10,0,0,0.15668202,0.15668202,3.3240077e-13,3.3240077e-13,4.2635007e-10,4.2635007e-10,4.2635002e-10,4.2635002e-10,2.0339633e-15,2.0339633e-15,-3.0839208e-09,-3.0839208e-09,-5.4422256e-10,-5.4422256e-10,-3.0839199e-09,-3.0839199e-09,-5.4422061e-10,-5.4422061e-10,-1.110223e-15,-1.110223e-15,-2.1094237e-15,-2.1094237e-15,-3.6281406e-09,-3.6281406e-09,-3.3306691e-15,-3.3306691e-15,2.220446e-15,2.220446e-15,3.3306691e-15,3.3306691e-15,0.15668202,0.15668202,5.445524e-10,5.445524e-10,0.15668202,0.15668202,5.4455307e-10,5.4455307e-10,0.15668202,0.15668202,3.3306691e-13,3.3306691e-13,0.15668202,0.15668202,0.15668202,0.15668202,-5.4422e-10,-5.4422e-10,2.5559022e-10,2.5559022e-10,1.3322676e-15,1.3322676e-15,2.8423353e-10,2.8423353e-10,-2.8642089e-11,-2.8642089e-11,0.15668202,0.15668202,3.3306691e-13,3.3306691e-13,2.5069124,2.5069124,5.3239635e-12,5.3239635e-12,1.2534562,1.2534562,2.6603164e-12,2.6603164e-12,0.15668202,0.15668202,3.6284664e-09,3.6284664e-09,0.031336404,0.031336404,6.3837824e-14,6.3837824e-14,-1.2052653e-13,-1.2052653e-13,1.0420022e-13,1.0420022e-13,-3.3306691e-16,-3.3306691e-16,-2.220446e-16,-2.220446e-16,-3.6281411e-09,-3.6281411e-09,-6.9944051e-15,-6.9944051e-15,0,0,-1.9984014e-15,-1.9984014e-15,0,0,0,0
0.15668202,0.15668202,-0.15668202,-0.15668202,-3.2629455e-13,-3.2629455e-13,-3.3117953e-13,-3.3117953e-13,-0.15668202,-0.15668202,-2.9297252e-09,-2.9297252e-09,-5.170141e-10,-5.170141e-10,-2.9297252e-09,-2.9297252e-09,-5.170141e-10,-5.170141e-10,0,0,0.15668202,0.15668202,3.33511e-13,3.33511e-13,4.0503266e-10,4.0503266e-10,4.050326e-10,4.050326e-10,2.0339633e-15,2.0339633e-15,-2.9297248e-09,-2.9297248e-09,-5.1701143e-10,-5.1701143e-10,-2.9297238e-09,-2.9297238e-09,-5.1700957e-10,-5.1700957e-10,-1.110223e-15,-1.110223e-15,-2.1094237e-15,-2.1094237e-15,-3.4467336e-09,-3.4467336e-09,-3.3306691e-15,-3.3306691e-15,2.220446e-15,2.220446e-15,3.3306691e-15,3.3306691e-15,0.15668202,0.15668202,5.1734261e-10,5.1734261e-10,0.15668202,0.15668202,5.1734306e-10,5.1734306e-10,0.15668202,0.15668202,3.3395509e-13,3.3395509e-13,0.15668202,0.15668202,0.15668202,0.15668202,-5.170091e-10,-5.170091e-10,2.4281088e-10,2.4281088e-10,1.3322676e-15,1.3322676e-15,2.7002178e-10,2.7002178e-10,-2.7210012e-11,-2.7210012e-11,0.15668202,0.15668202,3.3395509e-13,3.3395509e-13,2.5069124,2.5069124,5.341394e-12,5.341394e-12,1.2534562,1.2534562,2.6689762e-12,2.6689762e-12,0.15668202,0.15668202,3.4470604e-09,3.4470604e-09,0.031336404,0.031336404,6.4059869e-14,6.4059869e-14,-1.2117207e-13,-1.2117207e-13,1.0475832e-13,1.0475832e-13,-3.3306691e-16,-3.3306691e-16,-2.220446e-16,-2.220446e-16,-3.4467341e-09,-3.4467341e-09,-6.9944051e-15,-6.9944051e-15,0,0,-1.9984014e-15,-1.9984014e-15,0,0,0,0
0.15668202,0.15668202,-0.15668202,-0.15668202,-3.2751579e-13,-3.2751579e-13,-3.3228975e-13,-3.3228975e-13,-0.15668202,-0.15668202,-2.783239e-09,-2.783239e-09,-4.9116355e-10,-4.9116355e-10,-2.783239e-09,-2.783239e-09,-4.9116355e-10,-4.9116355e-10,0,0,0.15668202,0.15668202,3.3462122e-13,3.3462122e-13,3.8478111e-10,3.8478111e-10,3.8478105e-10,3.8478105e-10,2.0339633e-15,2.0339633e-15,-2.7832386e-09,-2.7832386e-09,-4.9116089e-10,-4.9116089e-10,-2.7832376e-09,-2.7832376e-09,-4.9115906e-10,-4.9115906e-10,-1.110223e-15,-1.110223e-15,-2.1094237e-15,-2.1094237e-15,-3.2743969e-09,-3.2743969e-09,-3.3306691e-15,-3.3306691e-15,2.220446e-15,2.220446e-15,3.3306691e-15,3.3306691e-15,0.15668202,0.15668202,4.9149307e-10,4.9149307e-10,0.15668202,0.15668202,4.9149351e-10,4.9149351e-10,0.15668202,0.15668202,3.3506531e-13,3.3506531e-13,0.15668202,0.15668202,0.15668202,0.15668202,-4.9115845e-10,-4.9115845e-10,2.3067037e-10,2.3067037e-10,1.3322676e-15,1.3322676e-15,2.565208e-10,2.565208e-10,-2.5849434e-11,-2.5849434e-11,0.15668202,0.15668202,3.3506531e-13,3.3506531e-13,2.5069124,2.5069124,5.3588245e-12,5.3588245e-12,1.2534562,1.2534562,2.6776359e-12,2.6776359e-12,0.15668202,0.15668202,3.2747247e-09,3.2747247e-09,0.031336404,0.031336404,6.4254158e-14,6.4254158e-14,-1.2181764e-13,-1.2181764e-13,1.0531644e-13,1.0531644e-13,-3.3306691e-16,-3.3306691e-16,-2.220446e-16,-2.220446e-16,-3.2743974e-09,-3.2743974e-09,-6.9944051e-15,-6.9944051e-15,0,0,-1.9984014e-15,-1.9984014e-15,0,0,0,0
0.15668202,0.15668202,-0.15668202,-0.15668202,-3.2851499e-13,-3.2851499e-13,-3.3328895e-13,-3.3328895e-13,-0.15668202,-0.15668202,-2.6440771e-09,-2.6440771e-09,-4.6660564e-10,-4.6660564e-10,-2.6440771e-09,-2.6440771e-09,-4.6660564e-10,-4.6660564e-10,0,0,0.15668202,0.15668202,3.3573144e-13,3.3573144e-13,3.6554214e-10,3.6554214e-10,3.6554208e-10,3.6554208e-10,2.0339633e-15,2.0339633e-15,-2.6440767e-09,-2.6440767e-09,-4.6660298e-10,-4.6660298e-10,-2.6440757e-09,-2.6440757e-09,-4.6660106e-10,-4.6660106e-10,-1.110223e-15,-1.110223e-15,-2.1094237e-15,-2.1094237e-15,-3.1106769e-09,-3.1106769e-09,-3.3306691e-15,-3.3306691e-15,2.220446e-15,2.220446e-15,3.3306691e-15,3.3306691e-15,0.15668202,0.15668202,4.6693627e-10,4.6693627e-10,0.15668202,0.15668202,4.6693671e-10,4.6693671e-10,0.15668202,0.15668202,3.3617553e-13,3.3617553e-13,0.15668202,0.15668202,0.15668202,0.15668202,-4.6660054e-10,-4.6660054e-10,2.1913693e-10,2.1913693e-10,1.3322676e-15,1.3322676e-15,2.4369484e-10,2.4369484e-10,-2.4556912e-11,-2.4556912e-11,0.15668202,0.15668202,3.3617553e-13,3.3617553e-13,2.5069124,2.5069124,5.376144e-12,5.376144e-12,1.2534562,1.2534562,2.6864067e-12,2.6864067e-12,0.15668202,0.15668202,3.1110059e-09,3.1110059e-09,0.031336404,0.031336404,6.4476202e-14,6.4476202e-14,-1.2246323e-13,-1.2246323e-13,1.0587459e-13,1.0587459e-13,-3.3306691e-16,-3.3306691e-16,-2.220446e-16,-2.220446e-16,-3.1106775e-09,-3.1106775e-09,-6.9944051e-15,-6.9944051e-15,0,0,-1.9984014e-15,-1.9984014e-15,0,0,0,0
0.15668202,0.15668202,-0.15668202,-0.15668202,-3.2951419e-13,-3.2951419e-13,-3.3439918e-13,-3.3439918e-13,-0.15668202,-0.15668202,-2.5118733e-09,-2.5118733e-09,-4.4327553e-10,-4.4327553e-10,-2.5118733e-09,-2.5118733e-09,-4.4327553e-10,-4.4327553e-10,0,0,0.15668202,0.15668202,3.3684167e-13,3.3684167e-13,3.4726512e-10,3.4726512e-10,3.4726506e-10,3.4726506e-10,2.0339633e-15,2.0339633e-15,-2.5118729e-09,-2.5118729e-09,-4.4327286e-10,-4.4327286e-10,-2.5118719e-09,-2.5118719e-09,-4.43271e-10,-4.43271e-10,-1.110223e-15,-1.110223e-15,-2.1094237e-15,-2.1094237e-15,-2.9551431e-09,-2.9551431e-09,-3.3306691e-15,-3.3306691e-15,2.220446e-15,2.220446e-15,3.3306691e-15,3.3306691e-15,0.15668202,0.15668202,4.4360715e-10,4.4360715e-10,0.15668202,0.15668202,4.4360782e-10,4.4360782e-10,0.15668202,0.15668202,3.3728575e-13,3.3728575e-13,0.15668202,0.15668202,0.15668202,0.15668202,-4.4327053e-10,-4.4327053e-10,2.0818014e-10,2.0818014e-10,1.3322676e-15,1.3322676e-15,2.3151014e-10,2.3151014e-10,-2.3329005e-11,-2.3329005e-11,0.15668202,0.15668202,3.3728575e-13,3.3728575e-13,2.5069124,2.5069124,5.3935745e-12,5.3935745e-12,1.2534562,1.2534562,2.6950664e-12,2.6950664e-12,0.15668202,0.15668202,2.9554732e-09,2.9554732e-09,0.031336404,0.031336404,6.4698247e-14,6.4698247e-14,-1.2310885e-13,-1.2310885e-13,1.0643275e-13,1.0643275e-13,-3.3306691e-16,-3.3306691e-16,-2.220446e-16,-2.220446e-16,-2.9551437e-09,-2.9551437e-09,-6.9944051e-15,-6.9944051e-15,0,0,-1.9984014e-15,-1.9984014e-15,0,0,0,0
0.15668202,0.15668202,-0.15668202,-0.15668202,-3.3073544e-13,-3.3073544e-13,-3.355094e-13,-3.355094e-13,-0.15668202,-0.15668202,-2.3862797e-09,-2.3862797e-09,-4.2111192e-10,-4.2111192e-10,-2.3862797e-09,-2.3862797e-09,-4.2111192e-10,-4.2111192e-10,0,0,0.15668202,0.15668202,3.3795189e-13,3.3795189e-13,3.2990194e-10,3.2990194e-10,3.2990189e-10,3.2990189e-10,2.0339633e-15,2.0339633e-15,-2.3862793e-09,-2.3862793e-09,-4.2110926e-10,-4.2110926e-10,-2.3862784e-09,-2.3862784e-09,-4.211074e-10,-4.211074e-10,-1.110223e-15,-1.110223e-15,-2.1094237e-15,-2.1094237e-15,-2.8073859e-09,-2.8073859e-09,-3.3306691e-15,-3.3306691e-15,2.220446e-15,2.220446e-15,3.3306691e-15,3.3306691e-15,0.15668202,0.15668202,4.2144466e-10,4.2144466e-10,0.15668202,0.15668202,4.2144532e-10,4.2144532e-10,0.15668202,0.15668202,3.3839598e-13,3.3839598e-13,0.15668202,0.15668202,0.15668202,0.15668202,-4.2110693e-10,-4.2110693e-10,1.9777113e-10,1.9777113e-10,1.3322676e-15,1.3322676e-15,2.1993474e-10,2.1993474e-10,-2.2162494e-11,-2.2162494e-11,0.15668202,0.15668202,3.3839598e-13,3.3839598e-13,2.5069124,2.5069124,5.411005e-12,5.411005e-12,1.2534562,1.2534562,2.7038372e-12,2.7038372e-12,0.15668202,0.15668202,2.8077169e-09,2.8077169e-09,0.031336404,0.031336404,6.4920291e-14,6.4920291e-14,-1.2375449e-13,-1.2375449e-13,1.0699093e-13,1.0699093e-13,-3.3306691e-16,-3.3306691e-16,-2.220446e-16,-2.220446e-16,-2.8073864e-09,-2.8073864e-09,-6.9944051e-15,-6.9944051e-15,0,0,-1.9984014e-15,-1.9984014e-15,0,0,0,0
0.15668202,0.15668202,-0.15668202,-0.15668202,-3.3173464e-13,-3.3173464e-13,-3.3661962e-13,-3.3661962e-13,-0.15668202,-0.15668202,-2.2669658e-09,-2.2669658e-09,-4.0005654e-10,-4.0005654e-10,-2.2669658e-09,-2.2669658e-09,-4.0005654e-10,-4.0005654e-10,0,0,0.15668202,0.15668202,3.3884007e-13,3.3884007e-13,3.1340693e-10,3.1340693e-10,3.1340687e-10,3.1340687e-10,2.0339633e-15,2.0339633e-15,-2.2669654e-09,-2.2669654e-09,-4.0005388e-10,-4.0005388e-10,-2.2669645e-09,-2.2669645e-09,-4.0005202e-10,-4.0005202e-10,-1.110223e-15,-1.110223e-15,-2.1094237e-15,-2.1094237e-15,-2.6670166e-09,-2.6670166e-09,-3.3306691e-15,-3.3306691e-15,2.220446e-15,2.220446e-15,3.3306691e-15,3.3306691e-15,0.15668202,0.15668202,4.0039039e-10,4.0039039e-10,0.15668202,0.15668202,4.0039083e-10,4.0039083e-10,0.15668202,0.15668202,3.395062e-13,3.395062e-13,0.15668202,0.15668202,0.15668202,0.15668202,-4.0005155e-10,-4.0005155e-10,1.878826e-10,1.878826e-10,1.3322676e-15,1.3322676e-15,2.0893798e-10,2.0893798e-10,-2.1054269e-11,-2.1054269e-11,0.15668202,0.15668202,3.395062e-13,3.395062e-13,2.5069124,2.5069124,5.4284355e-12,5.4284355e-12,1.2534562,1.2534562,2.7124969e-12,2.7124969e-12,0.15668202,0.15668202,2.6673488e-09,2.6673488e-09,0.031336404,0.031336404,6.5142336e-14,6.5142336e-14,-1.2440015e-13,-1.2440015e-13,1.0754913e-13,1.0754913e-13,-3.3306691e-16,-3.3306691e-16,-2.220446e-16,-2.220446e-16,-2.6670172e-09,-2.6670172e-09,-6.9944051e-15,-6.9944051e-15,0,0,-1.9984014e-15,-1.9984014e-15,0,0,0,0
0.15668202,0.15668202,-0.15668202,-0.15668202,-3.3284486e-13,-3.3284486e-13,-3.3772984e-13,-3.3772984e-13,-0.15668202,-0.15668202,-2.1536176e-09,-2.1536176e-09,-3.8005388e-10,-3.8005388e-10,-2.1536176e-09,-2.1536176e-09,-3.8005388e-10,-3.8005388e-10,0,0,0.15668202,0.15668202,3.3995029e-13,3.3995029e-13,2.9773667e-10,2.9773667e-10,2.9773661e-10,2.9773661e-10,2.0339633e-15,2.0339633e-15,-2.1536172e-09,-2.1536172e-09,-3.8005121e-10,-3.8005121e-10,-2.1536163e-09,-2.1536163e-09,-3.8004938e-10,-3.8004938e-10,-1.110223e-15,-1.110223e-15,-2.1094237e-15,-2.1094237e-15,-2.5336657e-09,-2.5336657e-09,-3.3306691e-15,-3.3306691e-15,2.220446e-15,2.220446e-15,3.3306691e-15,3.3306691e-15,0.15668202,0.15668202,3.8038883e-10,3.8038883e-10,0.15668202,0.15668202,3.8038928e-10,3.8038928e-10,0.15668202,0.15668202,3.4061642e-13,3.4061642e-13,0.15668202,0.15668202,0.15668202,0.15668202,-3.8004888e-10,-3.8004888e-10,1.7848856e-10,1.7848856e-10,1.3322676e-15,1.3322676e-15,1.9849122e-10,1.9849122e-10,-2.0001556e-11,-2.0001556e-11,0.15668202,0.15668202,3.4061642e-13,3.4061642e-13,2.5069124,2.5069124,5.445866e-12,5.445866e-12,1.2534562,1.2534562,2.7211566e-12,2.7211566e-12,0.15668202,0.15668202,2.533999e-09,2.533999e-09,0.031336404,0.031336404,6.5364381e-14,6.5364381e-14,-1.2504584e-13,-1.2504584e-13,1.0810736e-13,1.0810736e-13,-3.3306691e-16,-3.3306691e-16,-2.220446e-16,-2.220446e-16,-2.5336663e-09,-2.5336663e-09,-6.9944051e-15,-6.9944051e-15,0,0,-1.9984014e-15,-1.9984014e-15,0,0,0,0
0.15668202,0.15668202,-0.15668202,-0.15668202,-3.3384406e-13,-3.3384406e-13,-3.3884007e-13,-3.3884007e-13,-0.15668202,-0.15668202,-2.0459368e-09,-2.0459368e-09,-3.6105141e-10,-3.6105141e-10,-2.0459368e-09,-2.0459368e-09,-3.6105141e-10,-3.6105141e-10,0,0,0.15668202,0.15668202,3.4106051e-13,3.4106051e-13,2.8284992e-10,2.8284992e-10,2.8284986e-10,2.8284986e-10,2.0339633e-15,2.0339633e-15,-2.0459364e-09,-2.0459364e-09,-3.6104875e-10,-3.6104875e-10,-2.0459354e-09,-2.0459354e-09,-3.6104689e-10,-3.6104689e-10,-1.1379786e-15,-1.1379786e-15,-2.1094237e-15,-2.1094237e-15,-2.4069824e-09,-2.4069824e-09,-3.3306691e-15,-3.3306691e-15,2.220446e-15,2.220446e-15,3.3306691e-15,3.3306691e-15,0.15668202,0.15668202,3.6138736e-10,3.6138736e-10,0.15668202,0.15668202,3.6138803e-10,3.6138803e-10,0.15668202,0.15668202,3.4172665e-13,3.4172665e-13,0.15668202,0.15668202,0.15668202,0.15668202,-3.610463e-10,-3.610463e-10,1.6956436e-10,1.6956436e-10,1.3322676e-15,1.3322676e-15,1.8856672e-10,1.8856672e-10,-1.9001356e-11,-1.9001356e-11,0.15668202,0.15668202,3.4172665e-13,3.4172665e-13,2.5069124,2.5069124,5.4631855e-12,5.4631855e-12,1.2534562,1.2534562,2.7299274e-12,2.7299274e-12,0.15668202,0.15668202,2.4073168e-09,2.4073168e-09,0.031336404,0.031336404,6.555867e-14,6.555867e-14,-1.2569154e-13,-1.2569154e-13,1.086656e-13,1.086656e-13,-3.3306691e-16,-3.3306691e-16,-2.220446e-16,-2.220446e-16,-2.4069829e-09,-2.4069829e-09,-6.9944051e-15,-6.9944051e-15,0,0,-1.9984014e-15,-1.9984014e-15,0,0,0,0
0.15668202,0.15668202,-0.15668202,-0.15668202,-3.3484326e-13,-3.3484326e-13,-3.3983927e-13,-3.3983927e-13,-0.15668202,-0.15668202,-1.94364e-09,-1.94364e-09,-3.4299907e-10,-3.4299907e-10,-1.94364e-09,-1.94364e-09,-3.4299907e-10,-3.4299907e-10,0,0,0.15668202,0.15668202,3.4217074e-13,3.4217074e-13,2.6870751e-10,2.6870751e-10,2.6870745e-10,2.6870745e-10,2.0339633e-15,2.0339633e-15,-1.9436396e-09,-1.9436396e-09,-3.4299641e-10,-3.4299641e-10,-1.9436387e-09,-1.9436387e-09,-3.4299449e-10,-3.4299449e-10,-1.1379786e-15,-1.1379786e-15,-2.1094237e-15,-2.1094237e-15,-2.2866332e-09,-2.2866332e-09,-3.3306691e-15,-3.3306691e-15,2.220446e-15,2.220446e-15,3.3306691e-15,3.3306691e-15,0.15668202,0.15668202,3.4333625e-10,3.4333625e-10,0.15668202,0.15668202,3.4333669e-10,3.4333669e-10,0.15668202,0.15668202,3.4283687e-13,3.4283687e-13,0.15668202,0.15668202,0.15668202,0.15668202,-3.4299408e-10,-3.4299408e-10,1.6108603e-10,1.6108603e-10,1.3322676e-15,1.3322676e-15,1.7913848e-10,1.7913848e-10,-1.8051338e-11,-1.8051338e-11,0.15668202,0.15668202,3.4283687e-13,3.4283687e-13,2.5069124,2.5069124,5.480616e-12,5.480616e-12,1.2534562,1.2534562,2.7385871e-12,2.7385871e-12,0.15668202,0.15668202,2.2869686e-09,2.2869686e-09,0.031336404,0.031336404,6.5780714e-14,6.5780714e-14,-1.2633727e-13,-1.2633727e-13,1.0922386e-13,1.0922386e-13,-3.3306691e-16,-3.3306691e-16,-2.220446e-16,-2.220446e-16,-2.2866338e-09,-2.2866338e-09,-6.9944051e-15,-6.9944051e-15,0,0,-1.9984014e-15,-1.9984014e-15,0,0,0,0
0.15668202,0.15668202,-0.15668202,-0.15668202,-3.3595349e-13,-3.3595349e-13,-3.4094949e-13,-3.4094949e-13,-0.15668202,-0.15668202,-1.8464581e-09,-1.8464581e-09,-3.2584924e-10,-3.2584924e-10,-1.8464581e-09,-1.8464581e-09,-3.2584924e-10,-3.2584924e-10,0,0,0.15668202,0.15668202,3.4328096e-13,3.4328096e-13,2.5527222e-10,2.5527222e-10,2.5527216e-10,2.5527216e-10,2.0339633e-15,2.0339633e-15,-1.8464577e-09,-1.8464577e-09,-3.2584657e-10,-3.2584657e-10,-1.8464568e-09,-1.8464568e-09,-3.2584474e-10,-3.2584474e-10,-1.1379786e-15,-1.1379786e-15,-2.1094237e-15,-2.1094237e-15,-2.1723016e-09,-2.1723016e-09,-3.3306691e-15,-3.3306691e-15,2.220446e-15,2.220446e-15,3.3306691e-15,3.3306691e-15,0.15668202,0.15668202,3.2618752e-10,3.2618752e-10,0.15668202,0.15668202,3.2618797e-10,3.2618797e-10,0.15668202,0.15668202,3.4394709e-13,3.4394709e-13,0.15668202,0.15668202,0.15668202,0.15668202,-3.2584424e-10,-3.2584424e-10,1.5303181e-10,1.5303181e-10,1.3322676e-15,1.3322676e-15,1.7018142e-10,1.7018142e-10,-1.7148616e-11,-1.7148616e-11,0.15668202,0.15668202,3.4394709e-13,3.4394709e-13,2.5069124,2.5069124,5.4980465e-12,5.4980465e-12,1.2534562,1.2534562,2.7473579e-12,2.7473579e-12,0.15668202,0.15668202,2.1726381e-09,2.1726381e-09,0.031336405,0.031336405,6.6002759e-14,6.6002759e-14,-1.2698302e-13,-1.2698302e-13,1.0978214e-13,1.0978214e-13,-3.3306691e-16,-3.3306691e-16,-2.220446e-16,-2.220446e-16,-2.1723021e-09,-2.1723021e-09,-6.9944051e-15,-6.9944051e-15,0,0,-1.9984014e-15,-1.9984014e-15,0,0,0,0
0.15668202,0.15668202,-0.15668202,-0.15668202,-3.3695269e-13,-3.3695269e-13,-3.4205971e-13,-3.4205971e-13,-0.15668202,-0.15668202,-1.7541352e-09,-1.7541352e-09,-3.0955705e-10,-3.0955705e-10,-1.7541352e-09,-1.7541352e-09,-3.0955705e-10,-3.0955705e-10,0,0,0.15668202,0.15668202,3.4439118e-13,3.4439118e-13,2.4250869e-10,2.4250869e-10,2.4250864e-10,2.4250864e-10,2.0339633e-15,2.0339633e-15,-1.7541348e-09,-1.7541348e-09,-3.0955438e-10,-3.0955438e-10,-1.7541338e-09,-1.7541338e-09,-3.0955247e-10,-3.0955247e-10,-1.1379786e-15,-1.1379786e-15,-2.1094237e-15,-2.1094237e-15,-2.0636864e-09,-2.0636864e-09,-3.3306691e-15,-3.3306691e-15,2.220446e-15,2.220446e-15,3.3306691e-15,3.3306691e-15,0.15668202,0.15668202,3.0989633e-10,3.0989633e-10,0.15668202,0.15668202,3.0989677e-10,3.0989677e-10,0.15668202,0.15668202,3.4483527e-13,3.4483527e-13,0.15668202,0.15668202,0.15668202,0.15668202,-3.0955194e-10,-3.0955194e-10,1.4538037e-10,1.4538037e-10,1.3322676e-15,1.3322676e-15,1.6167245e-10,1.6167245e-10,-1.6291191e-11,-1.6291191e-11,0.15668202,0.15668202,3.4483527e-13,3.4483527e-13,2.5069124,2.5069124,5.515477e-12,5.515477e-12,1.2534562,1.2534562,2.7560176e-12,2.7560176e-12,0.15668202,0.15668202,2.0640241e-09,2.0640241e-09,0.031336405,0.031336405,6.6224803e-14,6.6224803e-14,-1.2762879e-13,-1.2762879e-13,1.1034043e-13,1.1034043e-13,-3.3306691e-16,-3.3306691e-16,-2.220446e-16,-2.220446e-16,-2.063687e-09,-2.063687e-09,-6.9944051e-15,-6.9944051e-15,0,0,-1.9984014e-15,-1.9984014e-15,0,0,0,0
0.15668202,0.15668202,-0.15668202,-0.15668202,-3.3817393e-13,-3.3817393e-13,-3.4316994e-13,-3.4316994e-13,-0.15668202,-0.15668202,-1.6664285e-09,-1.6664285e-09,-2.9407932e-10,-2.9407932e-10,-1.6664285e-09,-1.6664285e-09,-2.9407932e-10,-2.9407932e-10,0,0,0.15668203,0.15668203,3.4550141e-13,3.4550141e-13,2.3038334e-10,2.3038334e-10,2.3038329e-10,2.3038329e-10,2.0339633e-15,2.0339633e-15,-1.6664281e-09,-1.6664281e-09,-2.9407665e-10,-2.9407665e-10,-1.6664272e-09,-1.6664272e-09,-2.9407482e-10,-2.9407482e-10,-1.1379786e-15,-1.1379786e-15,-2.1094237e-15,-2.1094237e-15,-1.9605021e-09,-1.9605021e-09,-3.3306691e-15,-3.3306691e-15,2.220446e-15,2.220446e-15,3.3306691e-15,3.3306691e-15,0.15668202,0.15668202,2.9441982e-10,2.9441982e-10,0.15668202,0.15668202,2.9442027e-10,2.9442027e-10,0.15668203,0.15668203,3.4594549e-13,3.4594549e-13,0.15668202,0.15668202,0.15668202,0.15668202,-2.9407432e-10,-2.9407432e-10,1.381113e-10,1.381113e-10,1.3322676e-15,1.3322676e-15,1.5358892e-10,1.5358892e-10,-1.547662e-11,-1.547662e-11,0.15668203,0.15668203,3.4594549e-13,3.4594549e-13,2.5069124,2.5069124,5.5329075e-12,5.5329075e-12,1.2534562,1.2534562,2.7646774e-12,2.7646774e-12,0.15668202,0.15668202,1.9608408e-09,1.9608408e-09,0.031336405,0.031336405,6.6446848e-14,6.6446848e-14,-1.2827458e-13,-1.2827458e-13,1.1089874e-13,1.1089874e-13,-3.3306691e-16,-3.3306691e-16,-2.220446e-16,-2.220446e-16,-1.9605026e-09,-1.9605026e-09,-6.9944051e-15,-6.9944051e-15,0,0,-1.9984014e-15,-1.9984014e-15,0,0,0,0
0.15668202,0.15668202,-0.15668202,-0.15668202,-3.3917313e-13,-3.3917313e-13,-3.4428016e-13,-3.4428016e-13,-0.15668202,-0.15668202,-1.5831072e-09,-1.5831072e-09,-2.7937552e-10,-2.7937552e-10,-1.5831072e-09,-1.5831072e-09,-2.7937552e-10,-2.7937552e-10,0,0,0.15668203,0.15668203,3.4661163e-13,3.4661163e-13,2.1886426e-10,2.1886426e-10,2.188642e-10,2.188642e-10,2.0339633e-15,2.0339633e-15,-1.5831068e-09,-1.5831068e-09,-2.7937286e-10,-2.7937286e-10,-1.5831059e-09,-1.5831059e-09,-2.7937105e-10,-2.7937105e-10,-1.1379786e-15,-1.1379786e-15,-2.1094237e-15,-2.1094237e-15,-1.862477e-09,-1.862477e-09,-3.3306691e-15,-3.3306691e-15,2.220446e-15,2.220446e-15,3.3306691e-15,3.3306691e-15,0.15668202,0.15668202,2.7971714e-10,2.7971714e-10,0.15668202,0.15668202,2.7971758e-10,2.7971758e-10,0.15668203,0.15668203,3.4705572e-13,3.4705572e-13,0.15668202,0.15668202,0.15668202,0.15668202,-2.7937053e-10,-2.7937053e-10,1.3120594e-10,1.3120594e-10,1.3322676e-15,1.3322676e-15,1.4590951e-10,1.4590951e-10,-1.4702684e-11,-1.4702684e-11,0.15668203,0.15668203,3.4705572e-13,3.4705572e-13,2.5069124,2.5069124,5.5502269e-12,5.5502269e-12,1.2534562,1.2534562,2.7734481e-12,2.7734481e-12,0.15668202,0.15668202,1.8628166e-09,1.8628166e-09,0.031336405,0.031336405,6.6668893e-14,6.6668893e-14,-1.2892039e-13,-1.2892039e-13,1.1145707e-13,1.1145707e-13,-3.3306691e-16,-3.3306691e-16,-2.220446e-16,-2.220446e-16,-1.8624775e-09,-1.8624775e-09,-6.9944051e-15,-6.9944051e-15,0,0,-1.9984014e-15,-1.9984014e-15,0,0,0,0
0.15668202,0.15668202,-0.15668202,-0.15668202,-3.4017233e-13,-3.4017233e-13,-3.4527936e-13,-3.4527936e-13,-0.15668202,-0.15668202,-1.5039519e-09,-1.5039519e-09,-2.6540703e-10,-2.6540703e-10,-1.5039519e-09,-1.5039519e-09,-2.6540703e-10,-2.6540703e-10,0,0,0.15668203,0.15668203,3.4772185e-13,3.4772185e-13,2.0792113e-10,2.0792113e-10,2.0792108e-10,2.0792108e-10,2.0339633e-15,2.0339633e-15,-1.5039515e-09,-1.5039515e-09,-2.6540437e-10,-2.6540437e-10,-1.5039505e-09,-1.5039505e-09,-2.6540248e-10,-2.6540248e-10,-1.1379786e-15,-1.1379786e-15,-2.1094237e-15,-2.1094237e-15,-1.7693531e-09,-1.7693531e-09,-3.3306691e-15,-3.3306691e-15,2.220446e-15,2.220446e-15,3.3306691e-15,3.3306691e-15,0.15668203,0.15668203,2.6574964e-10,2.6574964e-10,0.15668203,0.15668203,2.6575009e-10,2.6575009e-10,0.15668203,0.15668203,3.4816594e-13,3.4816594e-13,0.15668202,0.15668202,0.15668202,0.15668202,-2.6540192e-10,-2.6540192e-10,1.2464563e-10,1.2464563e-10,1.3322676e-15,1.3322676e-15,1.3861423e-10,1.3861423e-10,-1.3967494e-11,-1.3967494e-11,0.15668203,0.15668203,3.4816594e-13,3.4816594e-13,2.5069124,2.5069124,5.5676574e-12,5.5676574e-12,1.2534562,1.2534562,2.7821079e-12,2.7821079e-12,0.15668202,0.15668202,1.7696939e-09,1.7696939e-09,0.031336405,0.031336405,6.6863182e-14,6.6863182e-14,-1.2956622e-13,-1.2956622e-13,1.1201542e-13,1.1201542e-13,-3.3306691e-16,-3.3306691e-16,-2.220446e-16,-2.220446e-16,-1.7693537e-09,-1.7693537e-09,-6.9944051e-15,-6.9944051e-15,0,0,-1.9984014e-15,-1.9984014e-15,0,0,0,0
0.15668202,0.15668202,-0.15668202,-0.15668202,-3.4128256e-13,-3.4128256e-13,-3.4638958e-13,-3.4638958e-13,-0.15668202,-0.15668202,-1.4287544e-09,-1.4287544e-09,-2.5213687e-10,-2.5213687e-10,-1.4287544e-09,-1.4287544e-09,-2.5213687e-10,-2.5213687e-10,0,0,0.15668203,0.15668203,3.4883207e-13,3.4883207e-13,1.9752516e-10,1.9752516e-10,1.975251e-10,1.975251e-10,2.0339633e-15,2.0339633e-15,-1.428754e-09,-1.428754e-09,-2.521342e-10,-2.521342e-10,-1.428753e-09,-1.428753e-09,-2.5213232e-10,-2.5213232e-10,-1.1379786e-15,-1.1379786e-15,-2.1094237e-15,-2.1094237e-15,-1.6808854e-09,-1.6808854e-09,-3.3306691e-15,-3.3306691e-15,2.220446e-15,2.220446e-15,3.3306691e-15,3.3306691e-15,0.15668203,0.15668203,2.5248048e-10,2.5248048e-10,0.15668203,0.15668203,2.5248093e-10,2.5248093e-10,0.15668203,0.15668203,3.4927616e-13,3.4927616e-13,0.15668202,0.15668202,0.15668202,0.15668202,-2.5213187e-10,-2.5213187e-10,1.184135e-10,1.184135e-10,1.3322676e-15,1.3322676e-15,1.3168355e-10,1.3168355e-10,-1.3269053e-11,-1.3269053e-11,0.15668203,0.15668203,3.4927616e-13,3.4927616e-13,2.5069124,2.5069124,5.5850879e-12,5.5850879e-12,1.2534562,1.2534562,2.7908786e-12,2.7908786e-12,0.15668202,0.15668202,1.6812272e-09,1.6812272e-09,0.031336405,0.031336405,6.7085226e-14,6.7085226e-14,-1.3021207e-13,-1.3021207e-13,1.1257378e-13,1.1257378e-13,-3.3306691e-16,-3.3306691e-16,-2.220446e-16,-2.220446e-16,-1.680886e-09,-1.680886e-09,-6.9944051e-15,-6.9944051e-15,0,0,-1.9984014e-15,-1.9984014e-15,0,0,0,0
0.15668202,0.15668202,-0.15668202,-0.15668202,-3.425038e-13,-3.425038e-13,-3.4749981e-13,-3.4749981e-13,-0.15668202,-0.15668202,-1.3573168e-09,-1.3573168e-09,-2.3953017e-10,-2.3953017e-10,-1.3573168e-09,-1.3573168e-09,-2.3953017e-10,-2.3953017e-10,0,0,0.15668203,0.15668203,3.4972025e-13,3.4972025e-13,1.8764899e-10,1.8764899e-10,1.8764893e-10,1.8764893e-10,2.0339633e-15,2.0339633e-15,-1.3573164e-09,-1.3573164e-09,-2.3952751e-10,-2.3952751e-10,-1.3573154e-09,-1.3573154e-09,-2.3952568e-10,-2.3952568e-10,-1.1379786e-15,-1.1379786e-15,-2.1094237e-15,-2.1094237e-15,-1.5968411e-09,-1.5968411e-09,-3.3306691e-15,-3.3306691e-15,2.220446e-15,2.220446e-15,3.3306691e-15,3.3306691e-15,0.15668203,0.15668203,2.3987501e-10,2.3987501e-10,0.15668203,0.15668203,2.3987545e-10,2.3987545e-10,0.15668203,0.15668203,3.5038639e-13,3.5038639e-13,0.15668202,0.15668202,0.15668202,0.15668202,-2.3952507e-10,-2.3952507e-10,1.124929e-10,1.124929e-10,1.3322676e-15,1.3322676e-15,1.2509926e-10,1.2509926e-10,-1.2605583e-11,-1.2605583e-11,0.15668203,0.15668203,3.5038639e-13,3.5038639e-13,2.5069124,2.5069124,5.6025184e-12,5.6025184e-12,1.2534562,1.2534562,2.7995384e-12,2.7995384e-12,0.15668202,0.15668202,1.5971839e-09,1.5971839e-09,0.031336405,0.031336405,6.7307271e-14,6.7307271e-14,-1.3085793e-13,-1.3085793e-13,1.1313216e-13,1.1313216e-13,-3.3306691e-16,-3.3306691e-16,-2.220446e-16,-2.220446e-16,-1.5968417e-09,-1.5968417e-09,-6.9944051e-15,-6.9944051e-15,0,0,-1.9984014e-15,-1.9984014e-15,0,0,0,0
0.15668202,0.15668202,-0.15668202,-0.15668202,-3.43503e-13,-3.43503e-13,-3.4861003e-13,-3.4861003e-13,-0.15668202,-0.15668202,-1.289451e-09,-1.289451e-09,-2.2755386e-10,-2.2755386e-10,-1.289451e-09,-1.289451e-09,-2.2755386e-10,-2.2755386e-10,0,0,0.15668203,0.15668203,3.5083048e-13,3.5083048e-13,1.7826662e-10,1.7826662e-10,1.7826657e-10,1.7826657e-10,2.0339633e-15,2.0339633e-15,-1.2894505e-09,-1.2894505e-09,-2.275512e-10,-2.275512e-10,-1.2894495e-09,-1.2894495e-09,-2.2754934e-10,-2.2754934e-10,-1.1657342e-15,-1.1657342e-15,-2.1094237e-15,-2.1094237e-15,-1.5169991e-09,-1.5169991e-09,-3.3306691e-15,-3.3306691e-15,2.220446e-15,2.220446e-15,3.3306691e-15,3.3306691e-15,0.15668203,0.15668203,2.278997e-10,2.278997e-10,0.15668203,0.15668203,2.2790014e-10,2.2790014e-10,0.15668203,0.15668203,3.5149661e-13,3.5149661e-13,0.15668202,0.15668202,0.15668202,0.15668202,-2.2754865e-10,-2.2754865e-10,1.0686829e-10,1.0686829e-10,1.3322676e-15,1.3322676e-15,1.1884449e-10,1.1884449e-10,-1.1975199e-11,-1.1975199e-11,0.15668203,0.15668203,3.5149661e-13,3.5149661e-13,2.5069124,2.5069124,5.619949e-12,5.619949e-12,1.2534562,1.2534562,2.8081981e-12,2.8081981e-12,0.15668202,0.15668202,1.5173429e-09,1.5173429e-09,0.031336405,0.031336405,6.7529315e-14,6.7529315e-14,-1.3150382e-13,-1.3150382e-13,1.1369055e-13,1.1369055e-13,-3.3306691e-16,-3.3306691e-16,-2.220446e-16,-2.220446e-16,-1.5169996e-09,-1.5169996e-09,-6.9944051e-15,-6.9944051e-15,0,0,-1.9984014e-15,-1.9984014e-15,0,0,0,0
0.15668202,0.15668202,-0.15668202,-0.15668202,-3.445022e-13,-3.445022e-13,-3.4972025e-13,-3.4972025e-13,-0.15668202,-0.15668202,-1.2249785e-09,-1.2249785e-09,-2.1617641e-10,-2.1617641e-10,-1.2249785e-09,-1.2249785e-09,-2.1617641e-10,-2.1617641e-10,0,0,0.15668203,0.15668203,3.519407e-13,3.519407e-13,1.6935338e-10,1.6935338e-10,1.6935332e-10,1.6935332e-10,2.0339633e-15,2.0339633e-15,-1.2249781e-09,-1.2249781e-09,-2.1617375e-10,-2.1617375e-10,-1.2249771e-09,-1.2249771e-09,-2.1617186e-10,-2.1617186e-10,-1.1657342e-15,-1.1657342e-15,-2.1094237e-15,-2.1094237e-15,-1.4411491e-09,-1.4411491e-09,-3.3306691e-15,-3.3306691e-15,2.220446e-15,2.220446e-15,3.3306691e-15,3.3306691e-15,0.15668203,0.15668203,2.1652324e-10,2.1652324e-10,0.15668203,0.15668203,2.1652391e-10,2.1652391e-10,0.15668203,0.15668203,3.5260683e-13,3.5260683e-13,0.15668202,0.15668202,0.15668202,0.15668202,-2.161713e-10,-2.161713e-10,1.0152501e-10,1.0152501e-10,1.3322676e-15,1.3322676e-15,1.1290235e-10,1.1290235e-10,-1.1376455e-11,-1.1376455e-11,0.15668203,0.15668203,3.5260683e-13,3.5260683e-13,2.5069124,2.5069124,5.6373795e-12,5.6373795e-12,1.2534562,1.2534562,2.8169689e-12,2.8169689e-12,0.15668202,0.15668202,1.441494e-09,1.441494e-09,0.031336405,0.031336405,6.775136e-14,6.775136e-14,-1.3214972e-13,-1.3214972e-13,1.1424896e-13,1.1424896e-13,-3.3306691e-16,-3.3306691e-16,-2.220446e-16,-2.220446e-16,-1.4411496e-09,-1.4411496e-09,-6.9944051e-15,-6.9944051e-15,0,0,-1.9984014e-15,-1.9984014e-15,0,0,0,0
0.15668202,0.15668202,-0.15668202,-0.15668202,-3.4572345e-13,-3.4572345e-13,-3.5071945e-13,-3.5071945e-13,-0.15668202,-0.15668202,-1.1637296e-09,-1.1637296e-09,-2.0536772e-10,-2.0536772e-10,-1.1637296e-09,-1.1637296e-09,-2.0536772e-10,-2.0536772e-10,0,0,0.15668203,0.15668203,3.5305092e-13,3.5305092e-13,1.6088579e-10,1.6088579e-10,1.6088574e-10,1.6088574e-10,2.0339633e-15,2.0339633e-15,-1.1637292e-09,-1.1637292e-09,-2.0536506e-10,-2.0536506e-10,-1.1637282e-09,-1.1637282e-09,-2.0536323e-10,-2.0536323e-10,-1.1657342e-15,-1.1657342e-15,-2.1094237e-15,-2.1094237e-15,-1.3690916e-09,-1.3690916e-09,-3.3306691e-15,-3.3306691e-15,2.220446e-15,2.220446e-15,3.3306691e-15,3.3306691e-15,0.15668203,0.15668203,2.0571567e-10,2.0571567e-10,0.15668203,0.15668203,2.0571633e-10,2.0571633e-10,0.15668203,0.15668203,3.5371706e-13,3.5371706e-13,0.15668202,0.15668202,0.15668202,0.15668202,-2.0536262e-10,-2.0536262e-10,9.6448627e-11,9.6448627e-11,1.3322676e-15,1.3322676e-15,1.0725731e-10,1.0725731e-10,-1.0807577e-11,-1.0807577e-11,0.15668203,0.15668203,3.5371706e-13,3.5371706e-13,2.5069124,2.5069124,5.6546989e-12,5.6546989e-12,1.2534562,1.2534562,2.8256286e-12,2.8256286e-12,0.15668202,0.15668202,1.3694377e-09,1.3694377e-09,0.031336405,0.031336405,6.7973405e-14,6.7973405e-14,-1.3279564e-13,-1.3279564e-13,1.1480738e-13,1.1480738e-13,-3.3306691e-16,-3.3306691e-16,-2.220446e-16,-2.220446e-16,-1.3690922e-09,-1.3690922e-09,-6.9944051e-15,-6.9944051e-15,0,0,-1.9984014e-15,-1.9984014e-15,0,0,0,0
0.15668202,0.15668202,-0.15668202,-0.15668202,-3.4672265e-13,-3.4672265e-13,-3.5182968e-13,-3.5182968e-13,-0.15668202,-0.15668202,-1.1055434e-09,-1.1055434e-09,-1.9509949e-10,-1.9509949e-10,-1.1055434e-09,-1.1055434e-09,-1.9509949e-10,-1.9509949e-10,0,0,0.15668203,0.15668203,3.5416114e-13,3.5416114e-13,1.5284159e-10,1.5284159e-10,1.5284153e-10,1.5284153e-10,2.0339633e-15,2.0339633e-15,-1.1055429e-09,-1.1055429e-09,-1.9509683e-10,-1.9509683e-10,-1.1055419e-09,-1.1055419e-09,-1.9509502e-10,-1.9509502e-10,-1.1657342e-15,-1.1657342e-15,-2.1094237e-15,-2.1094237e-15,-1.3006369e-09,-1.3006369e-09,-3.3306691e-15,-3.3306691e-15,2.220446e-15,2.220446e-15,3.3306691e-15,3.3306691e-15,0.15668203,0.15668203,1.9544877e-10,1.9544877e-10,0.15668203,0.15668203,1.9544921e-10,1.9544921e-10,0.15668203,0.15668203,3.5482728e-13,3.5482728e-13,0.15668202,0.15668202,0.15668202,0.15668202,-1.9509461e-10,-1.9509461e-10,9.1626262e-11,9.1626262e-11,1.3322676e-15,1.3322676e-15,1.0189449e-10,1.0189449e-10,-1.026712e-11,-1.026712e-11,0.15668203,0.15668203,3.5482728e-13,3.5482728e-13,2.5069124,2.5069124,5.6721294e-12,5.6721294e-12,1.2534562,1.2534562,2.8343994e-12,2.8343994e-12,0.15668202,0.15668202,1.3009842e-09,1.3009842e-09,0.031336405,0.031336405,6.8167694e-14,6.8167694e-14,-1.3344157e-13,-1.3344157e-13,1.1536582e-13,1.1536582e-13,-3.3306691e-16,-3.3306691e-16,-2.220446e-16,-2.220446e-16,-1.3006376e-09,-1.3006376e-09,-6.9944051e-15,-6.9944051e-15,0,0,-1.9984014e-15,-1.9984014e-15,0,0,0,0
0.15668202,0.15668202,-0.15668202,-0.15668202,-3.4772185e-13,-3.4772185e-13,-3.529399e-13,-3.529399e-13,-0.15668202,-0.15668202,-1.0502662e-09,-1.0502662e-09,-1.8534474e-10,-1.8534474e-10,-1.0502662e-09,-1.0502662e-09,-1.8534474e-10,-1.8534474e-10,0,0,0.15668203,0.15668203,3.5527137e-13,3.5527137e-13,1.451996e-10,1.451996e-10,1.4519954e-10,1.4519954e-10,2.0339633e-15,2.0339633e-15,-1.0502658e-09,-1.0502658e-09,-1.8534208e-10,-1.8534208e-10,-1.0502648e-09,-1.0502648e-09,-1.8534024e-10,-1.8534024e-10,-1.1657342e-15,-1.1657342e-15,-2.1094237e-15,-2.1094237e-15,-1.2356051e-09,-1.2356051e-09,-3.3306691e-15,-3.3306691e-15,2.220446e-15,2.220446e-15,3.3306691e-15,3.3306691e-15,0.15668203,0.15668203,1.8569501e-10,1.8569501e-10,0.15668203,0.15668203,1.8569546e-10,1.8569546e-10,0.15668203,0.15668203,3.5571546e-13,3.5571546e-13,0.15668202,0.15668202,0.15668202,0.15668202,-1.8533974e-10,-1.8533974e-10,8.7045038e-11,8.7045038e-11,1.3322676e-15,1.3322676e-15,9.6799679e-11,9.6799679e-11,-9.7536423e-12,-9.7536423e-12,0.15668203,0.15668203,3.5571546e-13,3.5571546e-13,2.5069124,2.5069124,5.6895599e-12,5.6895599e-12,1.2534562,1.2534562,2.8430591e-12,2.8430591e-12,0.15668202,0.15668202,1.2359533e-09,1.2359533e-09,0.031336405,0.031336405,6.8389738e-14,6.8389738e-14,-1.3408752e-13,-1.3408752e-13,1.1592427e-13,1.1592427e-13,-3.3306691e-16,-3.3306691e-16,-2.220446e-16,-2.220446e-16,-1.2356056e-09,-1.2356056e-09,-6.9944051e-15,-6.9944051e-15,0,0,-1.9984014e-15,-1.9984014e-15,0,0,0,0
0.15668202,0.15668202,-0.15668202,-0.15668202,-3.4872105e-13,-3.4872105e-13,-3.5405012e-13,-3.5405012e-13,-0.15668202,-0.15668202,-9.9775295e-10,-9.9775295e-10,-1.7607771e-10,-1.7607771e-10,-9.9775295e-10,-9.9775295e-10,-1.7607771e-10,-1.7607771e-10,0,0,0.15668203,0.15668203,3.5638159e-13,3.5638159e-13,1.379397e-10,1.379397e-10,1.3793964e-10,1.3793964e-10,2.0339633e-15,2.0339633e-15,-9.9775255e-10,-9.9775255e-10,-1.7607504e-10,-1.7607504e-10,-9.9775155e-10,-9.9775155e-10,-1.7607321e-10,-1.7607321e-10,-1.1657342e-15,-1.1657342e-15,-2.1094237e-15,-2.1094237e-15,-1.1738248e-09,-1.1738248e-09,-3.3306691e-15,-3.3306691e-15,2.220446e-15,2.220446e-15,3.3306691e-15,3.3306691e-15,0.15668203,0.15668203,1.7642909e-10,1.7642909e-10,0.15668203,0.15668203,1.7642954e-10,1.7642954e-10,0.15668203,0.15668203,3.5682568e-13,3.5682568e-13,0.15668202,0.15668202,0.15668202,0.15668202,-1.7607271e-10,-1.7607271e-10,8.2692964e-11,8.2692964e-11,1.3322676e-15,1.3322676e-15,9.1959773e-11,9.1959773e-11,-9.2659214e-12,-9.2659214e-12,0.15668203,0.15668203,3.5682568e-13,3.5682568e-13,2.5069124,2.5069124,5.7069904e-12,5.7069904e-12,1.2534562,1.2534562,2.8517189e-12,2.8517189e-12,0.15668202,0.15668202,1.1741741e-09,1.1741741e-09,0.031336405,0.031336405,6.8611783e-14,6.8611783e-14,-1.3473349e-13,-1.3473349e-13,1.1648274e-13,1.1648274e-13,-3.3306691e-16,-3.3306691e-16,-2.220446e-16,-2.220446e-16,-1.1738254e-09,-1.1738254e-09,-6.9944051e-15,-6.9944051e-15,0,0,-1.9984014e-15,-1.9984014e-15,0,0,0,0
0.15668203,0.15668203,-0.15668203,-0.15668203,-3.499423e-13,-3.499423e-13,-3.5516035e-13,-3.5516035e-13,-0.15668203,-0.15668203,-9.478653e-10,-9.478653e-10,-1.6727397e-10,-1.6727397e-10,-9.478653e-10,-9.478653e-10,-1.6727397e-10,-1.6727397e-10,0,0,0.15668203,0.15668203,3.5749181e-13,3.5749181e-13,1.310428e-10,1.310428e-10,1.3104274e-10,1.3104274e-10,2.0339633e-15,2.0339633e-15,-9.478649e-10,-9.478649e-10,-1.6727131e-10,-1.6727131e-10,-9.478639e-10,-9.478639e-10,-1.672695e-10,-1.672695e-10,-1.1657342e-15,-1.1657342e-15,-2.1094237e-15,-2.1094237e-15,-1.1151335e-09,-1.1151335e-09,-3.3306691e-15,-3.3306691e-15,2.220446e-15,2.220446e-15,3.3306691e-15,3.3306691e-15,0.15668203,0.15668203,1.6762636e-10,1.6762636e-10,0.15668203,0.15668203,1.6762702e-10,1.6762702e-10,0.15668203,0.15668203,3.579359e-13,3.579359e-13,0.15668203,0.15668203,0.15668203,0.15668203,-1.6726909e-10,-1.6726909e-10,7.8558271e-11,7.8558271e-11,1.3322676e-15,1.3322676e-15,8.7361895e-11,8.7361895e-11,-8.8026253e-12,-8.8026253e-12,0.15668203,0.15668203,3.579359e-13,3.579359e-13,2.5069124,2.5069124,5.7244209e-12,5.7244209e-12,1.2534562,1.2534562,2.8604896e-12,2.8604896e-12,0.15668203,0.15668203,1.1154839e-09,1.1154839e-09,0.031336405,0.031336405,6.8833828e-14,6.8833828e-14,-1.3537947e-13,-1.3537947e-13,1.1704121e-13,1.1704121e-13,-3.3306691e-16,-3.3306691e-16,-2.220446e-16,-2.220446e-16,-1.1151341e-09,-1.1151341e-09,-6.9944051e-15,-6.9944051e-15,0,0,-1.9984014e-15,-1.9984014e-15,0,0,0,0
0.15668203,0.15668203,-0.15668203,-0.15668203,-3.509415e-13,-3.509415e-13,-3.5627057e-13,-3.5627057e-13,-0.15668203,-0.15668203,-9.004721e-10,-9.004721e-10,-1.5891055e-10,-1.5891055e-10,-9.004721e-10,-9.004721e-10,-1.5891055e-10,-1.5891055e-10,0,0,0.15668203,0.15668203,3.5860204e-13,3.5860204e-13,1.2449074e-10,1.2449074e-10,1.2449069e-10,1.2449069e-10,2.0339633e-15,2.0339633e-15,-9.004717e-10,-9.004717e-10,-1.5890789e-10,-1.5890789e-10,-9.004707e-10,-9.004707e-10,-1.58906e-10,-1.58906e-10,-1.1657342e-15,-1.1657342e-15,-2.1094237e-15,-2.1094237e-15,-1.0593768e-09,-1.0593768e-09,-3.3306691e-15,-3.3306691e-15,2.220446e-15,2.220446e-15,3.3306691e-15,3.3306691e-15,0.15668203,0.15668203,1.5926394e-10,1.5926394e-10,0.15668203,0.15668203,1.592646e-10,1.592646e-10,0.15668203,0.15668203,3.5904613e-13,3.5904613e-13,0.15668203,0.15668203,0.15668203,0.15668203,-1.5890533e-10,-1.5890533e-10,7.4630524e-11,7.4630524e-11,1.3322676e-15,1.3322676e-15,8.2993834e-11,8.2993834e-11,-8.3624219e-12,-8.3624219e-12,0.15668203,0.15668203,3.5904613e-13,3.5904613e-13,2.5069124,2.5069124,5.7417404e-12,5.7417404e-12,1.2534562,1.2534562,2.8691494e-12,2.8691494e-12,0.15668203,0.15668203,1.0597283e-09,1.0597283e-09,0.031336405,0.031336405,6.9055872e-14,6.9055872e-14,-1.3602547e-13,-1.3602547e-13,1.1759971e-13,1.1759971e-13,-3.3306691e-16,-3.3306691e-16,-2.220446e-16,-2.220446e-16,-1.0593774e-09,-1.0593774e-09,-6.9944051e-15,-6.9944051e-15,0,0,-1.9984014e-15,-1.9984014e-15,0,0,0,0
0.15668203,0.15668203,-0.15668203,-0.15668203,-3.519407e-13,-3.519407e-13,-3.5726977e-13,-3.5726977e-13,-0.15668203,-0.15668203,-8.5544856e-10,-8.5544856e-10,-1.5096513e-10,-1.5096513e-10,-8.5544856e-10,-8.5544856e-10,-1.5096513e-10,-1.5096513e-10,0,0,0.15668203,0.15668203,3.5971226e-13,3.5971226e-13,1.1826629e-10,1.1826629e-10,1.1826623e-10,1.1826623e-10,2.0339633e-15,2.0339633e-15,-8.5544816e-10,-8.5544816e-10,-1.5096246e-10,-1.5096246e-10,-8.5544716e-10,-8.5544716e-10,-1.5096066e-10,-1.5096066e-10,-1.1657342e-15,-1.1657342e-15,-2.1094237e-15,-2.1094237e-15,-1.006408e-09,-1.006408e-09,-3.3306691e-15,-3.3306691e-15,2.220446e-15,2.220446e-15,3.3306691e-15,3.3306691e-15,0.15668203,0.15668203,1.5131985e-10,1.5131985e-10,0.15668203,0.15668203,1.5132029e-10,1.5132029e-10,0.15668203,0.15668203,3.6015635e-13,3.6015635e-13,0.15668203,0.15668203,0.15668203,0.15668203,-1.5096013e-10,-1.5096013e-10,7.0899064e-11,7.0899064e-11,1.3322676e-15,1.3322676e-15,7.8844264e-11,7.8844264e-11,-7.9442009e-12,-7.9442009e-12,0.15668203,0.15668203,3.6015635e-13,3.6015635e-13,2.5069124,2.5069124,5.7591709e-12,5.7591709e-12,1.2534562,1.2534562,2.8779201e-12,2.8779201e-12,0.15668203,0.15668203,1.0067605e-09,1.0067605e-09,0.031336405,0.031336405,6.9250161e-14,6.9250161e-14,-1.3667148e-13,-1.3667148e-13,1.1815821e-13,1.1815821e-13,-3.3306691e-16,-3.3306691e-16,-2.220446e-16,-2.220446e-16,-1.0064085e-09,-1.0064085e-09,-6.9944051e-15,-6.9944051e-15,0,0,-1.9984014e-15,-1.9984014e-15,0,0,0,0
0.15668203,0.15668203,-0.15668203,-0.15668203,-3.5305092e-13,-3.5305092e-13,-3.5837999e-13,-3.5837999e-13,-0.15668203,-0.15668203,-8.1267622e-10,-8.1267622e-10,-1.4341706e-10,-1.4341706e-10,-8.1267622e-10,-8.1267622e-10,-1.4341706e-10,-1.4341706e-10,0,0,0.15668203,0.15668203,3.6060044e-13,3.6060044e-13,1.1235306e-10,1.1235306e-10,1.12353e-10,1.12353e-10,2.0339633e-15,2.0339633e-15,-8.1267582e-10,-8.1267582e-10,-1.4341439e-10,-1.4341439e-10,-8.1267482e-10,-8.1267482e-10,-1.4341259e-10,-1.4341259e-10,-1.1934898e-15,-1.1934898e-15,-2.1094237e-15,-2.1094237e-15,-9.5608754e-10,-9.5608754e-10,-3.3306691e-15,-3.3306691e-15,2.220446e-15,2.220446e-15,3.3306691e-15,3.3306691e-15,0.15668203,0.15668203,1.4377277e-10,1.4377277e-10,0.15668203,0.15668203,1.4377322e-10,1.4377322e-10,0.15668203,0.15668203,3.6126657e-13,3.6126657e-13,0.15668203,0.15668203,0.15668203,0.15668203,-1.4341195e-10,-1.4341195e-10,6.7354122e-11,6.7354122e-11,1.3322676e-15,1.3322676e-15,7.4902085e-11,7.4902085e-11,-7.5469631e-12,-7.5469631e-12,0.15668203,0.15668203,3.6126657e-13,3.6126657e-13,2.5069124,2.5069124,5.7766014e-12,5.7766014e-12,1.2534562,1.2534562,2.8865799e-12,2.8865799e-12,0.15668203,0.15668203,9.5644115e-10,9.5644115e-10,0.031336405,0.031336405,6.9472206e-14,6.9472206e-14,-1.373175e-13,-1.373175e-13,1.1871673e-13,1.1871673e-13,-3.3306691e-16,-3.3306691e-16,-2.220446e-16,-2.220446e-16,-9.560881e-10,-9.560881e-10,-6.9944051e-15,-6.9944051e-15,0,0,-1.9984014e-15,-1.9984014e-15,0,0,0,0
0.15668203,0.15668203,-0.15668203,-0.15668203,-3.5416114e-13,-3.5416114e-13,-3.5949022e-13,-3.5949022e-13,-0.15668203,-0.15668203,-7.720425e-10,-7.720425e-10,-1.3624646e-10,-1.3624646e-10,-7.720425e-10,-7.720425e-10,-1.3624646e-10,-1.3624646e-10,0,0,0.15668203,0.15668203,3.6171066e-13,3.6171066e-13,1.0673549e-10,1.0673549e-10,1.0673544e-10,1.0673544e-10,2.0339633e-15,2.0339633e-15,-7.720421e-10,-7.720421e-10,-1.3624379e-10,-1.3624379e-10,-7.720411e-10,-7.720411e-10,-1.3624193e-10,-1.3624193e-10,-1.1934898e-15,-1.1934898e-15,-2.1094237e-15,-2.1094237e-15,-9.0828312e-10,-9.0828312e-10,-3.3306691e-15,-3.3306691e-15,2.220446e-15,2.220446e-15,3.3306691e-15,3.3306691e-15,0.15668203,0.15668203,1.3660317e-10,1.3660317e-10,0.15668203,0.15668203,1.3660362e-10,1.3660362e-10,0.15668203,0.15668203,3.623768e-13,3.623768e-13,0.15668203,0.15668203,0.15668203,0.15668203,-1.3624146e-10,-1.3624146e-10,6.3986594e-11,6.3986594e-11,1.3322676e-15,1.3322676e-15,7.115708e-11,7.115708e-11,-7.1695982e-12,-7.1695982e-12,0.15668203,0.15668203,3.623768e-13,3.623768e-13,2.5069124,2.5069124,5.7940319e-12,5.7940319e-12,1.2534562,1.2534562,2.8952396e-12,2.8952396e-12,0.15668203,0.15668203,9.0863783e-10,9.0863783e-10,0.031336405,0.031336405,6.969425e-14,6.969425e-14,-1.3796354e-13,-1.3796354e-13,1.1927525e-13,1.1927525e-13,-3.3306691e-16,-3.3306691e-16,-2.220446e-16,-2.220446e-16,-9.0828367e-10,-9.0828367e-10,-6.9944051e-15,-6.9944051e-15,0,0,-1.9984014e-15,-1.9984014e-15,0,0,0,0
0.15668203,0.15668203,-0.15668203,-0.15668203,-3.5527137e-13,-3.5527137e-13,-3.6060044e-13,-3.6060044e-13,-0.15668203,-0.15668203,-7.3344057e-10,-7.3344057e-10,-1.2943435e-10,-1.2943435e-10,-7.3344057e-10,-7.3344057e-10,-1.2943435e-10,-1.2943435e-10,0,0,0.15668203,0.15668203,3.6282088e-13,3.6282088e-13,1.0139881e-10,1.0139881e-10,1.0139875e-10,1.0139875e-10,2.0339633e-15,2.0339633e-15,-7.3344009e-10,-7.3344009e-10,-1.2943169e-10,-1.2943169e-10,-7.3343909e-10,-7.3343909e-10,-1.294298e-10,-1.294298e-10,-1.1934898e-15,-1.1934898e-15,-2.1094237e-15,-2.1094237e-15,-8.6286889e-10,-8.6286889e-10,-3.3306691e-15,-3.3306691e-15,2.220446e-15,2.220446e-15,3.3306691e-15,3.3306691e-15,0.15668203,0.15668203,1.2979218e-10,1.2979218e-10,0.15668203,0.15668203,1.2979262e-10,1.2979262e-10,0.15668203,0.15668203,3.6348702e-13,3.6348702e-13,0.15668203,0.15668203,0.15668203,0.15668203,-1.2942936e-10,-1.2942936e-10,6.0787153e-11,6.0787153e-11,1.3322676e-15,1.3322676e-15,6.759926e-11,6.759926e-11,-6.8109962e-12,-6.8109962e-12,0.15668203,0.15668203,3.6348702e-13,3.6348702e-13,2.5069124,2.5069124,5.8114624e-12,5.8114624e-12,1.2534562,1.2534562,2.9040104e-12,2.9040104e-12,0.15668203,0.15668203,8.632246e-10,8.632246e-10,0.031336405,0.031336405,6.9916295e-14,6.9916295e-14,-1.386096e-13,-1.386096e-13,1.1983379e-13,1.1983379e-13,-3.3306691e-16,-3.3306691e-16,-2.220446e-16,-2.220446e-16,-8.6286955e-10,-8.6286955e-10,-6.9944051e-15,-6.9944051e-15,0,0,-1.9984014e-15,-1.9984014e-15,0,0,0,0
0.15668203,0.15668203,-0.15668203,-0.15668203,-3.5615955e-13,-3.5615955e-13,-3.6171066e-13,-3.6171066e-13,-0.15668203,-0.15668203,-6.9676849e-10,-6.9676849e-10,-1.2296275e-10,-1.2296275e-10,-6.9676849e-10,-6.9676849e-10,-1.2296275e-10,-1.2296275e-10,0,0,0.15668203,0.15668203,3.6393111e-13,3.6393111e-13,9.632895e-11,9.632895e-11,9.6328891e-11,9.6328891e-11,2.0339633e-15,2.0339633e-15,-6.9676809e-10,-6.9676809e-10,-1.2296009e-10,-1.2296009e-10,-6.9676709e-10,-6.9676709e-10,-1.2295828e-10,-1.2295828e-10,-1.1934898e-15,-1.1934898e-15,-2.1094237e-15,-2.1094237e-15,-8.1972551e-10,-8.1972551e-10,-3.3306691e-15,-3.3306691e-15,2.220446e-15,2.220446e-15,3.3306691e-15,3.3306691e-15,0.15668203,0.15668203,1.233218e-10,1.233218e-10,0.15668203,0.15668203,1.2332224e-10,1.2332224e-10,0.15668203,0.15668203,3.6459724e-13,3.6459724e-13,0.15668203,0.15668203,0.15668203,0.15668203,-1.2295787e-10,-1.2295787e-10,5.7748029e-11,5.7748029e-11,1.3322676e-15,1.3322676e-15,6.4219297e-11,6.4219297e-11,-6.4704908e-12,-6.4704908e-12,0.15668203,0.15668203,3.6459724e-13,3.6459724e-13,2.5069124,2.5069124,5.8287819e-12,5.8287819e-12,1.2534562,1.2534562,2.9126701e-12,2.9126701e-12,0.15668203,0.15668203,8.2008222e-10,8.2008222e-10,0.031336405,0.031336405,7.013834e-14,7.013834e-14,-1.3925566e-13,-1.3925566e-13,1.2039235e-13,1.2039235e-13,-3.3306691e-16,-3.3306691e-16,-2.220446e-16,-2.220446e-16,-8.1972606e-10,-8.1972606e-10,-6.9944051e-15,-6.9944051e-15,0,0,-1.9984014e-15,-1.9984014e-15,0,0,0,0
0.15668203,0.15668203,-0.15668203,-0.15668203,-3.5726977e-13,-3.5726977e-13,-3.6270986e-13,-3.6270986e-13,-0.15668203,-0.15668203,-6.6193014e-10,-6.6193014e-10,-1.1681478e-10,-1.1681478e-10,-6.6193014e-10,-6.6193014e-10,-1.1681478e-10,-1.1681478e-10,0,0,0.15668203,0.15668203,3.6504133e-13,3.6504133e-13,9.1512587e-11,9.1512587e-11,9.1512529e-11,9.1512529e-11,2.0339633e-15,2.0339633e-15,-6.6192973e-10,-6.6192973e-10,-1.1681212e-10,-1.1681212e-10,-6.6192873e-10,-6.6192873e-10,-1.1681034e-10,-1.1681034e-10,-1.1934898e-15,-1.1934898e-15,-2.1094237e-15,-2.1094237e-15,-7.7873918e-10,-7.7873918e-10,-3.3306691e-15,-3.3306691e-15,2.220446e-15,2.220446e-15,3.3306691e-15,3.3306691e-15,0.15668203,0.15668203,1.1717494e-10,1.1717494e-10,0.15668203,0.15668203,1.1717538e-10,1.1717538e-10,0.15668203,0.15668203,3.6570746e-13,3.6570746e-13,0.15668203,0.15668203,0.15668203,0.15668203,-1.168099e-10,-1.168099e-10,5.4860561e-11,5.4860561e-11,1.3322676e-15,1.3322676e-15,6.1008532e-11,6.1008532e-11,-6.1468608e-12,-6.1468608e-12,0.15668203,0.15668203,3.6570746e-13,3.6570746e-13,2.5069124,2.5069124,5.8462124e-12,5.8462124e-12,1.2534562,1.2534562,2.9213298e-12,2.9213298e-12,0.15668203,0.15668203,7.7909701e-10,7.7909701e-10,0.031336405,0.031336405,7.0360384e-14,7.0360384e-14,-1.3990174e-13,-1.3990174e-13,1.2095091e-13,1.2095091e-13,-3.3306691e-16,-3.3306691e-16,-2.220446e-16,-2.220446e-16,-7.7873974e-10,-7.7873974e-10,-6.9944051e-15,-6.9944051e-15,0,0,-1.9984014e-15,-1.9984014e-15,0,0,0,0
0.15668203,0.15668203,-0.15668203,-0.15668203,-3.5849101e-13,-3.5849101e-13,-3.6382009e-13,-3.6382009e-13,-0.15668203,-0.15668203,-6.2883372e-10,-6.2883372e-10,-1.1097423e-10,-1.1097423e-10,-6.2883372e-10,-6.2883372e-10,-1.1097423e-10,-1.1097423e-10,0,0,0.15668203,0.15668203,3.6615155e-13,3.6615155e-13,8.6937043e-11,8.6937043e-11,8.6936985e-11,8.6936985e-11,2.0339633e-15,2.0339633e-15,-6.2883332e-10,-6.2883332e-10,-1.1097157e-10,-1.1097157e-10,-6.2883232e-10,-6.2883232e-10,-1.1096979e-10,-1.1096979e-10,-1.1934898e-15,-1.1934898e-15,-2.1094237e-15,-2.1094237e-15,-7.3980222e-10,-7.3980222e-10,-3.3306691e-15,-3.3306691e-15,2.220446e-15,2.220446e-15,3.3306691e-15,3.3306691e-15,0.15668203,0.15668203,1.1133539e-10,1.1133539e-10,0.15668203,0.15668203,1.1133583e-10,1.1133583e-10,0.15668203,0.15668203,3.6659564e-13,3.6659564e-13,0.15668203,0.15668203,0.15668203,0.15668203,-1.1096901e-10,-1.1096901e-10,5.2117644e-11,5.2117644e-11,1.3322676e-15,1.3322676e-15,5.7958083e-11,5.7958083e-11,-5.83944e-12,-5.83944e-12,0.15668203,0.15668203,3.6659564e-13,3.6659564e-13,2.5069124,2.5069124,5.8636429e-12,5.8636429e-12,1.2534562,1.2534562,2.9301006e-12,2.9301006e-12,0.15668203,0.15668203,7.4016127e-10,7.4016127e-10,0.031336405,0.031336405,7.0554673e-14,7.0554673e-14,-1.4054784e-13,-1.4054784e-13,1.2150948e-13,1.2150948e-13,-3.3306691e-16,-3.3306691e-16,-2.220446e-16,-2.220446e-16,-7.3980277e-10,-7.3980277e-10,-6.9944051e-15,-6.9944051e-15,0,0,-1.9984014e-15,-1.9984014e-15,0,0,0,0
0.15668203,0.15668203,-0.15668203,-0.15668203,-3.5949022e-13,-3.5949022e-13,-3.6493031e-13,-3.6493031e-13,-0.15668203,-0.15668203,-5.973921e-10,-5.973921e-10,-1.0542578e-10,-1.0542578e-10,-5.973921e-10,-5.973921e-10,-1.0542578e-10,-1.0542578e-10,0,0,0.15668203,0.15668203,3.6726178e-13,3.6726178e-13,8.2590276e-11,8.2590276e-11,8.2590218e-11,8.2590218e-11,2.0339633e-15,2.0339633e-15,-5.9739169e-10,-5.9739169e-10,-1.0542311e-10,-1.0542311e-10,-5.9739069e-10,-5.9739069e-10,-1.0542126e-10,-1.0542126e-10,-1.1934898e-15,-1.1934898e-15,-2.1094237e-15,-2.1094237e-15,-7.0281203e-10,-7.0281203e-10,-3.3306691e-15,-3.3306691e-15,2.220446e-15,2.220446e-15,3.3306691e-15,3.3306691e-15,0.15668203,0.15668203,1.0578804e-10,1.0578804e-10,0.15668203,0.15668203,1.0578849e-10,1.0578849e-10,0.15668203,0.15668203,3.6770587e-13,3.6770587e-13,0.15668203,0.15668203,0.15668203,0.15668203,-1.0542078e-10,-1.0542078e-10,4.9511728e-11,4.9511728e-11,1.3322676e-15,1.3322676e-15,5.5060179e-11,5.5060179e-11,-5.5474514e-12,-5.5474514e-12,0.15668203,0.15668203,3.6770587e-13,3.6770587e-13,2.5069124,2.5069124,5.8810734e-12,5.8810734e-12,1.2534562,1.2534562,2.9387603e-12,2.9387603e-12,0.15668203,0.15668203,7.0317219e-10,7.0317219e-10,0.031336405,0.031336405,7.0776718e-14,7.0776718e-14,-1.4119394e-13,-1.4119394e-13,1.2206807e-13,1.2206807e-13,-3.3306691e-16,-3.3306691e-16,-2.220446e-16,-2.220446e-16,-7.0281259e-10,-7.0281259e-10,-6.9944051e-15,-6.9944051e-15,0,0,-1.9984014e-15,-1.9984014e-15,0,0,0,0
0.15668203,0.15668203,-0.15668203,-0.15668203,-3.6048942e-13,-3.6048942e-13,-3.6604053e-13,-3.6604053e-13,-0.15668203,-0.15668203,-5.6752262e-10,-5.6752262e-10,-1.0015466e-10,-1.0015466e-10,-5.6752262e-10,-5.6752262e-10,-1.0015466e-10,-1.0015466e-10,0,0,0.15668203,0.15668203,3.68372e-13,3.68372e-13,7.8460847e-11,7.8460847e-11,7.8460788e-11,7.8460788e-11,2.0339633e-15,2.0339633e-15,-5.6752214e-10,-5.6752214e-10,-1.00152e-10,-1.00152e-10,-5.6752114e-10,-5.6752114e-10,-1.0015017e-10,-1.0015017e-10,-1.1934898e-15,-1.1934898e-15,-2.1094237e-15,-2.1094237e-15,-6.6767136e-10,-6.6767136e-10,-3.3306691e-15,-3.3306691e-15,2.220446e-15,2.220446e-15,3.3306691e-15,3.3306691e-15,0.15668203,0.15668203,1.0051804e-10,1.0051804e-10,0.15668203,0.15668203,1.0051848e-10,1.0051848e-10,0.15668203,0.15668203,3.6881609e-13,3.6881609e-13,0.15668203,0.15668203,0.15668203,0.15668203,-1.0014944e-10,-1.0014944e-10,4.7036153e-11,4.7036153e-11,1.3322676e-15,1.3322676e-15,5.230727e-11,5.230727e-11,-5.2700067e-12,-5.2700067e-12,0.15668203,0.15668203,3.6881609e-13,3.6881609e-13,2.5069124,2.5069124,5.8985039e-12,5.8985039e-12,1.2534562,1.2534562,2.9475311e-12,2.9475311e-12,0.15668203,0.15668203,6.6803252e-10,6.6803252e-10,0.031336405,0.031336405,7.0998762e-14,7.0998762e-14,-1.4184006e-13,-1.4184006e-13,1.2262667e-13,1.2262667e-13,-3.3306691e-16,-3.3306691e-16,-2.220446e-16,-2.220446e-16,-6.6767203e-10,-6.6767203e-10,-6.9944051e-15,-6.9944051e-15,0,0,-1.9984014e-15,-1.9984014e-15,0,0,0,0
0.15668203,0.15668203,-0.15668203,-0.15668203,-3.6171066e-13,-3.6171066e-13,-3.6715075e-13,-3.6715075e-13,-0.15668203,-0.15668203,-5.3914658e-10,-5.3914658e-10,-9.5147112e-11,-9.5147112e-11,-5.3914658e-10,-5.3914658e-10,-9.5147112e-11,-9.5147112e-11,0,0,0.15668203,0.15668203,3.6948222e-13,3.6948222e-13,7.453789e-11,7.453789e-11,7.4537831e-11,7.4537831e-11,2.0339633e-15,2.0339633e-15,-5.3914617e-10,-5.3914617e-10,-9.5144448e-11,-9.5144448e-11,-5.3914506e-10,-5.3914506e-10,-9.5142616e-11,-9.5142616e-11,-1.1934898e-15,-1.1934898e-15,-2.1094237e-15,-2.1094237e-15,-6.3428784e-10,-6.3428784e-10,-3.3306691e-15,-3.3306691e-15,2.220446e-15,2.220446e-15,3.3306691e-15,3.3306691e-15,0.15668203,0.15668203,9.5511599e-11,9.5511599e-11,0.15668203,0.15668203,9.5512043e-11,9.5512043e-11,0.15668203,0.15668203,3.6992631e-13,3.6992631e-13,0.15668203,0.15668203,0.15668203,0.15668203,-9.5142116e-11,-9.5142116e-11,4.4684478e-11,4.4684478e-11,1.3322676e-15,1.3322676e-15,4.9692028e-11,4.9692028e-11,-5.0064397e-12,-5.0064397e-12,0.15668203,0.15668203,3.6992631e-13,3.6992631e-13,2.5069124,2.5069124,5.9159344e-12,5.9159344e-12,1.2534562,1.2534562,2.9561908e-12,2.9561908e-12,0.15668203,0.15668203,6.3465011e-10,6.3465011e-10,0.031336405,0.031336405,7.1220807e-14,7.1220807e-14,-1.4248619e-13,-1.4248619e-13,1.2318527e-13,1.2318527e-13,-3.3306691e-16,-3.3306691e-16,-2.220446e-16,-2.220446e-16,-6.342884e-10,-6.342884e-10,-6.9944051e-15,-6.9944051e-15,0,0,-1.9984014e-15,-1.9984014e-15,0,0,0,0
0.15668203,0.15668203,-0.15668203,-0.15668203,-3.6270986e-13,-3.6270986e-13,-3.6826098e-13,-3.6826098e-13,-0.15668203,-0.15668203,-5.1218925e-10,-5.1218925e-10,-9.0389918e-11,-9.0389918e-11,-5.1218925e-10,-5.1218925e-10,-9.0389918e-11,-9.0389918e-11,0,0,0.15668203,0.15668203,3.7059245e-13,3.7059245e-13,7.081108e-11,7.081108e-11,7.0811021e-11,7.0811021e-11,2.0339633e-15,2.0339633e-15,-5.1218885e-10,-5.1218885e-10,-9.0387253e-11,-9.0387253e-11,-5.1218785e-10,-5.1218785e-10,-9.0385449e-11,-9.0385449e-11,-1.2212453e-15,-1.2212453e-15,-2.1094237e-15,-2.1094237e-15,-6.0257344e-10,-6.0257344e-10,-3.3306691e-15,-3.3306691e-15,2.220446e-15,2.220446e-15,3.3306691e-15,3.3306691e-15,0.15668203,0.15668203,9.0755403e-11,9.0755403e-11,0.15668203,0.15668203,9.0755847e-11,9.0755847e-11,0.15668203,0.15668203,3.7103653e-13,3.7103653e-13,0.15668203,0.15668203,0.15668203,0.15668203,-9.0384811e-11,-9.0384811e-11,4.2450488e-11,4.2450488e-11,1.3322676e-15,1.3322676e-15,4.7207349e-11,4.7207349e-11,-4.7560844e-12,-4.7560844e-12,0.15668203,0.15668203,3.7103653e-13,3.7103653e-13,2.5069124,2.5069124,5.9332539e-12,5.9332539e-12,1.2534562,1.2534562,2.9648506e-12,2.9648506e-12,0.15668203,0.15668203,6.0293659e-10,6.0293659e-10,0.031336405,0.031336405,7.1442852e-14,7.1442852e-14,-1.4313233e-13,-1.4313233e-13,1.2374389e-13,1.2374389e-13,-3.3306691e-16,-3.3306691e-16,-2.220446e-16,-2.220446e-16,-6.0257399e-10,-6.0257399e-10,-6.9944051e-15,-6.9944051e-15,0,0,-1.9984014e-15,-1.9984014e-15,0,0,0,0
0.15668203,0.15668203,-0.15668203,-0.15668203,-3.6370906e-13,-3.6370906e-13,-3.6926018e-13,-3.6926018e-13,-0.15668203,-0.15668203,-4.8657993e-10,-4.8657993e-10,-8.5870644e-11,-8.5870644e-11,-4.8657993e-10,-4.8657993e-10,-8.5870644e-11,-8.5870644e-11,0,0,0.15668203,0.15668203,3.7148062e-13,3.7148062e-13,6.7270611e-11,6.7270611e-11,6.7270553e-11,6.7270553e-11,2.0339633e-15,2.0339633e-15,-4.8657944e-10,-4.8657944e-10,-8.5867979e-11,-8.5867979e-11,-4.8657844e-10,-4.8657844e-10,-8.5866148e-11,-8.5866148e-11,-1.2212453e-15,-1.2212453e-15,-2.1094237e-15,-2.1094237e-15,-5.7244465e-10,-5.7244465e-10,-3.3306691e-15,-3.3306691e-15,2.220446e-15,2.220446e-15,3.3306691e-15,3.3306691e-15,0.15668203,0.15668203,8.623724e-11,8.623724e-11,0.15668203,0.15668203,8.6237684e-11,8.6237684e-11,0.15668203,0.15668203,3.7214676e-13,3.7214676e-13,0.15668203,0.15668203,0.15668203,0.15668203,-8.5865537e-11,-8.5865537e-11,4.0327963e-11,4.0327963e-11,1.3322676e-15,1.3322676e-15,4.4847015e-11,4.4847015e-11,-4.5181636e-12,-4.5181636e-12,0.15668203,0.15668203,3.7214676e-13,3.7214676e-13,2.5069124,2.5069124,5.9506844e-12,5.9506844e-12,1.2534562,1.2534562,2.9736213e-12,2.9736213e-12,0.15668203,0.15668203,5.7280913e-10,5.7280913e-10,0.031336405,0.031336405,7.1664896e-14,7.1664896e-14,-1.4377848e-13,-1.4377848e-13,1.2430251e-13,1.2430251e-13,-3.3306691e-16,-3.3306691e-16,-2.220446e-16,-2.220446e-16,-5.7244531e-10,-5.7244531e-10,-6.9944051e-15,-6.9944051e-15,0,0,-1.9984014e-15,-1.9984014e-15,0,0,0,0
0.15668203,0.15668203,-0.15668203,-0.15668203,-3.6481929e-13,-3.6481929e-13,-3.703704e-13,-3.703704e-13,-0.15668203,-0.15668203,-4.6225097e-10,-4.6225097e-10,-8.15773e-11,-8.15773e-11,-4.6225097e-10,-4.6225097e-10,-8.15773e-11,-8.15773e-11,0,0,0.15668203,0.15668203,3.7259085e-13,3.7259085e-13,6.3907165e-11,6.3907165e-11,6.3907107e-11,6.3907107e-11,2.0339633e-15,2.0339633e-15,-4.6225057e-10,-4.6225057e-10,-8.1574636e-11,-8.1574636e-11,-4.6224957e-10,-4.6224957e-10,-8.1572804e-11,-8.1572804e-11,-1.2212453e-15,-1.2212453e-15,-2.1094237e-15,-2.1094237e-15,-5.4382243e-10,-5.4382243e-10,-3.3306691e-15,-3.3306691e-15,2.220446e-15,2.220446e-15,3.3306691e-15,3.3306691e-15,0.15668203,0.15668203,8.1944895e-11,8.1944895e-11,0.15668203,0.15668203,8.1945561e-11,8.1945561e-11,0.15668203,0.15668203,3.7325698e-13,3.7325698e-13,0.15668203,0.15668203,0.15668203,0.15668203,-8.1572304e-11,-8.1572304e-11,3.8311576e-11,3.8311576e-11,1.3322676e-15,1.3322676e-15,4.2604809e-11,4.2604809e-11,-4.2922332e-12,-4.2922332e-12,0.15668203,0.15668203,3.7325698e-13,3.7325698e-13,2.5069124,2.5069124,5.9681149e-12,5.9681149e-12,1.2534562,1.2534562,2.9822811e-12,2.9822811e-12,0.15668203,0.15668203,5.4418781e-10,5.4418781e-10,0.031336405,0.031336405,7.1859185e-14,7.1859185e-14,-1.4442465e-13,-1.4442465e-13,1.2486115e-13,1.2486115e-13,-3.3306691e-16,-3.3306691e-16,-2.220446e-16,-2.220446e-16,-5.4382299e-10,-5.4382299e-10,-6.9944051e-15,-6.9944051e-15,0,0,-1.9984014e-15,-1.9984014e-15,0,0,0,0
0.15668203,0.15668203,-0.15668203,-0.15668203,-3.6581849e-13,-3.6581849e-13,-3.7148062e-13,-3.7148062e-13,-0.15668203,-0.15668203,-4.3913846e-10,-4.3913846e-10,-7.7498563e-11,-7.7498563e-11,-4.3913846e-10,-4.3913846e-10,-7.7498563e-11,-7.7498563e-11,0,0,0.15668203,0.15668203,3.7370107e-13,3.7370107e-13,6.0711892e-11,6.0711892e-11,6.0711834e-11,6.0711834e-11,2.0339633e-15,2.0339633e-15,-4.3913806e-10,-4.3913806e-10,-7.7495899e-11,-7.7495899e-11,-4.3913706e-10,-4.3913706e-10,-7.7494122e-11,-7.7494122e-11,-1.2212453e-15,-1.2212453e-15,-2.1094237e-15,-2.1094237e-15,-5.1663129e-10,-5.1663129e-10,-3.3306691e-15,-3.3306691e-15,2.220446e-15,2.220446e-15,3.3306691e-15,3.3306691e-15,0.15668203,0.15668203,7.7867268e-11,7.7867268e-11,0.15668203,0.15668203,7.7867934e-11,7.7867934e-11,0.15668203,0.15668203,3.743672e-13,3.743672e-13,0.15668203,0.15668203,0.15668203,0.15668203,-7.7493567e-11,-7.7493567e-11,3.6395997e-11,3.6395997e-11,1.3322676e-15,1.3322676e-15,4.0474735e-11,4.0474735e-11,-4.0776271e-12,-4.0776271e-12,0.15668203,0.15668203,3.743672e-13,3.743672e-13,2.5069124,2.5069124,5.9855454e-12,5.9855454e-12,1.2534562,1.2534562,2.9910519e-12,2.9910519e-12,0.15668203,0.15668203,5.1699778e-10,5.1699778e-10,0.031336405,0.031336405,7.208123e-14,7.208123e-14,-1.4507082e-13,-1.4507082e-13,1.254198e-13,1.254198e-13,-3.3306691e-16,-3.3306691e-16,-2.220446e-16,-2.220446e-16,-5.1663185e-10,-5.1663185e-10,-6.9944051e-15,-6.9944051e-15,0,0,-1.9984014e-15,-1.9984014e-15,0,0,0,0
0.15668203,0.15668203,-0.15668203,-0.15668203,-3.6692871e-13,-3.6692871e-13,-3.7259085e-13,-3.7259085e-13,-0.15668203,-0.15668203,-4.1718169e-10,-4.1718169e-10,-7.3623885e-11,-7.3623885e-11,-4.1718169e-10,-4.1718169e-10,-7.3623885e-11,-7.3623885e-11,0,0,0.15668203,0.15668203,3.7481129e-13,3.7481129e-13,5.7676382e-11,5.7676382e-11,5.7676324e-11,5.7676324e-11,2.0339633e-15,2.0339633e-15,-4.1718129e-10,-4.1718129e-10,-7.362122e-11,-7.362122e-11,-4.1718018e-10,-4.1718018e-10,-7.3619388e-11,-7.3619388e-11,-1.2212453e-15,-1.2212453e-15,-2.1094237e-15,-2.1094237e-15,-4.9079973e-10,-4.9079973e-10,-3.3306691e-15,-3.3306691e-15,2.220446e-15,2.220446e-15,3.3306691e-15,3.3306691e-15,0.15668203,0.15668203,7.39937e-11,7.39937e-11,0.15668203,0.15668203,7.3994144e-11,7.3994144e-11,0.15668203,0.15668203,3.7547743e-13,3.7547743e-13,0.15668203,0.15668203,0.15668203,0.15668203,-7.3618889e-11,-7.3618889e-11,3.4576342e-11,3.4576342e-11,1.3322676e-15,1.3322676e-15,3.845102e-11,3.845102e-11,-3.8736792e-12,-3.8736792e-12,0.15668203,0.15668203,3.7547743e-13,3.7547743e-13,2.5069124,2.5069124,6.0029759e-12,6.0029759e-12,1.2534562,1.2534562,2.9997116e-12,2.9997116e-12,0.15668203,0.15668203,4.9116733e-10,4.9116733e-10,0.031336405,0.031336405,7.2303274e-14,7.2303274e-14,-1.4571701e-13,-1.4571701e-13,1.2597845e-13,1.2597845e-13,-3.3306691e-16,-3.3306691e-16,-2.220446e-16,-2.220446e-16,-4.9080029e-10,-4.9080029e-10,-6.9944051e-15,-6.9944051e-15,0,0,-1.9984014e-15,-1.9984014e-15,0,0,0,0
0.15668203,0.15668203,-0.15668203,-0.15668203,-3.6792791e-13,-3.6792791e-13,-3.7370107e-13,-3.7370107e-13,-0.15668203,-0.15668203,-3.963226e-10,-3.963226e-10,-6.9942829e-11,-6.9942829e-11,-3.963226e-10,-3.963226e-10,-6.9942829e-11,-6.9942829e-11,0,0,0.15668203,0.15668203,3.7592152e-13,3.7592152e-13,5.4792648e-11,5.4792648e-11,5.479259e-11,5.479259e-11,2.0339633e-15,2.0339633e-15,-3.963222e-10,-3.963222e-10,-6.9940165e-11,-6.9940165e-11,-3.963212e-10,-3.963212e-10,-6.9938388e-11,-6.9938388e-11,-1.2212453e-15,-1.2212453e-15,-1.9984014e-15,-1.9984014e-15,-4.662597e-10,-4.662597e-10,-3.3306691e-15,-3.3306691e-15,2.220446e-15,2.220446e-15,3.3306691e-15,3.3306691e-15,0.15668203,0.15668203,7.0313755e-11,7.0313755e-11,0.15668203,0.15668203,7.0314199e-11,7.0314199e-11,0.15668203,0.15668203,3.7658765e-13,3.7658765e-13,0.15668203,0.15668203,0.15668203,0.15668203,-6.9937833e-11,-6.9937833e-11,3.2847502e-11,3.2847502e-11,1.3322676e-15,1.3322676e-15,3.6528558e-11,3.6528558e-11,-3.6799452e-12,-3.6799452e-12,0.15668203,0.15668203,3.7658765e-13,3.7658765e-13,2.5069124,2.5069124,6.0202954e-12,6.0202954e-12,1.2534562,1.2534562,3.0083713e-12,3.0083713e-12,0.15668203,0.15668203,4.6662829e-10,4.6662829e-10,0.031336405,0.031336405,7.2525319e-14,7.2525319e-14,-1.463632e-13,-1.463632e-13,1.2653711e-13,1.2653711e-13,-3.3306691e-16,-3.3306691e-16,-2.220446e-16,-2.220446e-16,-4.6626025e-10,-4.6626025e-10,-6.9944051e-15,-6.9944051e-15,0,0,-1.9984014e-15,-1.9984014e-15,0,0,0,0
0.15668203,0.15668203,-0.15668203,-0.15668203,-3.6903813e-13,-3.6903813e-13,-3.7470027e-13,-3.7470027e-13,-0.15668203,-0.15668203,-3.7650656e-10,-3.7650656e-10,-6.644596e-11,-6.644596e-11,-3.7650656e-10,-3.7650656e-10,-6.644596e-11,-6.644596e-11,0,0,0.15668203,0.15668203,3.7703174e-13,3.7703174e-13,5.2053101e-11,5.2053101e-11,5.2053042e-11,5.2053042e-11,2.0339633e-15,2.0339633e-15,-3.7650616e-10,-3.7650616e-10,-6.6443295e-11,-6.6443295e-11,-3.7650516e-10,-3.7650516e-10,-6.6441436e-11,-6.6441436e-11,-1.2212453e-15,-1.2212453e-15,-1.9984014e-15,-1.9984014e-15,-4.4294668e-10,-4.4294668e-10,-3.3306691e-15,-3.3306691e-15,2.220446e-15,2.220446e-15,3.3306691e-15,3.3306691e-15,0.15668203,0.15668203,6.6817885e-11,6.6817885e-11,0.15668203,0.15668203,6.6818551e-11,6.6818551e-11,0.15668203,0.15668203,3.7747583e-13,3.7747583e-13,0.15668203,0.15668203,0.15668203,0.15668203,-6.6441075e-11,-6.6441075e-11,3.1205261e-11,3.1205261e-11,1.3322676e-15,1.3322676e-15,3.4702019e-11,3.4702019e-11,-3.4958703e-12,-3.4958703e-12,0.15668203,0.15668203,3.7747583e-13,3.7747583e-13,2.5069124,2.5069124,6.0377259e-12,6.0377259e-12,1.2534562,1.2534562,3.0171421e-12,3.0171421e-12,0.15668203,0.15668203,4.4331627e-10,4.4331627e-10,0.031336405,0.031336405,7.2747364e-14,7.2747364e-14,-1.4700941e-13,-1.4700941e-13,1.2709579e-13,1.2709579e-13,-3.3306691e-16,-3.3306691e-16,-2.220446e-16,-2.220446e-16,-4.4294723e-10,-4.4294723e-10,-6.9944051e-15,-6.9944051e-15,0,0,-1.9984014e-15,-1.9984014e-15,0,0,0,0
0.15668203,0.15668203,-0.15668203,-0.15668203,-3.7014836e-13,-3.7014836e-13,-3.7581049e-13,-3.7581049e-13,-0.15668203,-0.15668203,-3.5768137e-10,-3.5768137e-10,-6.3123839e-11,-6.3123839e-11,-3.5768137e-10,-3.5768137e-10,-6.3123839e-11,-6.3123839e-11,0,0,0.15668203,0.15668203,3.7814196e-13,3.7814196e-13,4.945053e-11,4.945053e-11,4.9450472e-11,4.9450472e-11,2.0339633e-15,2.0339633e-15,-3.5768088e-10,-3.5768088e-10,-6.3121175e-11,-6.3121175e-11,-3.5767989e-10,-3.5767989e-10,-6.3119315e-11,-6.3119315e-11,-1.2212453e-15,-1.2212453e-15,-1.9984014e-15,-1.9984014e-15,-4.2079928e-10,-4.2079928e-10,-3.3306691e-15,-3.3306691e-15,2.220446e-15,2.220446e-15,3.3306691e-15,3.3306691e-15,0.15668203,0.15668203,6.3496985e-11,6.3496985e-11,0.15668203,0.15668203,6.349743e-11,6.349743e-11,0.15668203,0.15668203,3.7858605e-13,3.7858605e-13,0.15668203,0.15668203,0.15668203,0.15668203,-6.3118843e-11,-6.3118843e-11,2.9644953e-11,2.9644953e-11,1.3322676e-15,1.3322676e-15,3.2966962e-11,3.2966962e-11,-3.3210101e-12,-3.3210101e-12,0.15668203,0.15668203,3.7858605e-13,3.7858605e-13,2.5069124,2.5069124,6.0551564e-12,6.0551564e-12,1.2534562,1.2534562,3.0258018e-12,3.0258018e-12,0.15668203,0.15668203,4.2116999e-10,4.2116999e-10,0.031336405,0.031336405,7.2969408e-14,7.2969408e-14,-1.4765563e-13,-1.4765563e-13,1.2765447e-13,1.2765447e-13,-3.3306691e-16,-3.3306691e-16,-2.220446e-16,-2.220446e-16,-4.2079995e-10,-4.2079995e-10,-6.9944051e-15,-6.9944051e-15,0,0,-1.9984014e-15,-1.9984014e-15,0,0,0,0
0.15668203,0.15668203,-0.15668203,-0.15668203,-3.7125858e-13,-3.7125858e-13,-3.7692072e-13,-3.7692072e-13,-0.15668203,-0.15668203,-3.3979737e-10,-3.3979737e-10,-5.9967808e-11,-5.9967808e-11,-3.3979737e-10,-3.3979737e-10,-5.9967808e-11,-5.9967808e-11,0,0,0.15668203,0.15668203,3.7925219e-13,3.7925219e-13,4.6978089e-11,4.6978089e-11,4.6978031e-11,4.6978031e-11,2.0339633e-15,2.0339633e-15,-3.3979697e-10,-3.3979697e-10,-5.9965144e-11,-5.9965144e-11,-3.3979586e-10,-3.3979586e-10,-5.9963312e-11,-5.9963312e-11,-1.2212453e-15,-1.2212453e-15,-1.9984014e-15,-1.9984014e-15,-3.9975934e-10,-3.9975934e-10,-3.3306691e-15,-3.3306691e-15,2.220446e-15,2.220446e-15,3.3306691e-15,3.3306691e-15,0.15668203,0.15668203,6.0341954e-11,6.0341954e-11,0.15668203,0.15668203,6.034262e-11,6.034262e-11,0.15668203,0.15668203,3.7969627e-13,3.7969627e-13,0.15668203,0.15668203,0.15668203,0.15668203,-5.9962701e-11,-5.9962701e-11,2.8162805e-11,2.8162805e-11,1.3322676e-15,1.3322676e-15,3.1318725e-11,3.1318725e-11,-3.1549208e-12,-3.1549208e-12,0.15668203,0.15668203,3.7969627e-13,3.7969627e-13,2.5069124,2.5069124,6.0725869e-12,6.0725869e-12,1.2534562,1.2534562,3.0345726e-12,3.0345726e-12,0.15668203,0.15668203,4.0013104e-10,4.0013104e-10,0.031336405,0.031336405,7.3163697e-14,7.3163697e-14,-1.4830185e-13,-1.4830185e-13,1.2821316e-13,1.2821316e-13,-3.3306691e-16,-3.3306691e-16,-2.220446e-16,-2.220446e-16,-3.9975989e-10,-3.9975989e-10,-6.9944051e-15,-6.9944051e-15,0,0,-1.9984014e-15,-1.9984014e-15,0,0,0,0
0.15668203,0.15668203,-0.15668203,-0.15668203,-3.723688e-13,-3.723688e-13,-3.7803094e-13,-3.7803094e-13,-0.15668203,-0.15668203,-3.2280752e-10,-3.2280752e-10,-5.696954e-11,-5.696954e-11,-3.2280752e-10,-3.2280752e-10,-5.696954e-11,-5.696954e-11,0,0,0.15668203,0.15668203,3.8036241e-13,3.8036241e-13,4.462927e-11,4.462927e-11,4.4629211e-11,4.4629211e-11,2.0339633e-15,2.0339633e-15,-3.2280711e-10,-3.2280711e-10,-5.6966876e-11,-5.6966876e-11,-3.2280612e-10,-3.2280612e-10,-5.6965127e-11,-5.6965127e-11,-1.2212453e-15,-1.2212453e-15,-1.9984014e-15,-1.9984014e-15,-3.7977133e-10,-3.7977133e-10,-3.3306691e-15,-3.3306691e-15,2.220446e-15,2.220446e-15,3.3306691e-15,3.3306691e-15,0.15668203,0.15668203,5.7344796e-11,5.7344796e-11,0.15668203,0.15668203,5.7345462e-11,5.7345462e-11,0.15668203,0.15668203,3.808065e-13,3.808065e-13,0.15668203,0.15668203,0.15668203,0.15668203,-5.6964655e-11,-5.6964655e-11,2.6754821e-11,2.6754821e-11,1.3322676e-15,1.3322676e-15,2.9752867e-11,2.9752867e-11,-2.9971581e-12,-2.9971581e-12,0.15668203,0.15668203,3.808065e-13,3.808065e-13,2.5069124,2.5069124,6.0900174e-12,6.0900174e-12,1.2534562,1.2534562,3.0432323e-12,3.0432323e-12,0.15668203,0.15668203,3.8014414e-10,3.8014414e-10,0.031336405,0.031336405,7.3385742e-14,7.3385742e-14,-1.4894809e-13,-1.4894809e-13,1.2877185e-13,1.2877185e-13,-3.3306691e-16,-3.3306691e-16,-2.220446e-16,-2.220446e-16,-3.7977188e-10,-3.7977188e-10,-6.9944051e-15,-6.9944051e-15,0,0,-1.9984014e-15,-1.9984014e-15,0,0,0,0
0.15668203,0.15668203,-0.15668203,-0.15668203,-3.73368e-13,-3.73368e-13,-3.7914116e-13,-3.7914116e-13,-0.15668203,-0.15668203,-3.0666721e-10,-3.0666721e-10,-5.4121263e-11,-5.4121263e-11,-3.0666721e-10,-3.0666721e-10,-5.4121263e-11,-5.4121263e-11,0,0,0.15668203,0.15668203,3.8147263e-13,3.8147263e-13,4.2397891e-11,4.2397891e-11,4.2397833e-11,4.2397833e-11,2.0339633e-15,2.0339633e-15,-3.066668e-10,-3.066668e-10,-5.4118598e-11,-5.4118598e-11,-3.066658e-10,-3.066658e-10,-5.4116822e-11,-5.4116822e-11,-1.2490009e-15,-1.2490009e-15,-1.9984014e-15,-1.9984014e-15,-3.6078274e-10,-3.6078274e-10,-3.3306691e-15,-3.3306691e-15,2.220446e-15,2.220446e-15,3.3306691e-15,3.3306691e-15,0.15668203,0.15668203,5.449774e-11,5.449774e-11,0.15668203,0.15668203,5.4498184e-11,5.4498184e-11,0.15668203,0.15668203,3.8191672e-13,3.8191672e-13,0.15668203,0.15668203,0.15668203,0.15668203,-5.4116267e-11,-5.4116267e-11,2.5417224e-11,2.5417224e-11,1.3322676e-15,1.3322676e-15,2.826539e-11,2.826539e-11,-2.8471669e-12,-2.8471669e-12,0.15668203,0.15668203,3.8191672e-13,3.8191672e-13,2.5069124,2.5069124,6.1074479e-12,6.1074479e-12,1.2534562,1.2534562,3.0518921e-12,3.0518921e-12,0.15668203,0.15668203,3.6115666e-10,3.6115666e-10,0.031336405,0.031336405,7.3607787e-14,7.3607787e-14,-1.4959433e-13,-1.4959433e-13,1.2933056e-13,1.2933056e-13,-3.3306691e-16,-3.3306691e-16,-2.220446e-16,-2.220446e-16,-3.6078329e-10,-3.6078329e-10,-6.9944051e-15,-6.9944051e-15,0,0,-1.9984014e-15,-1.9984014e-15,0,0,0,0
0.15668203,0.15668203,-0.15668203,-0.15668203,-3.743672e-13,-3.743672e-13,-3.8025139e-13,-3.8025139e-13,-0.15668203,-0.15668203,-2.91334e-10,-2.91334e-10,-5.1415427e-11,-5.1415427e-11,-2.91334e-10,-2.91334e-10,-5.1415427e-11,-5.1415427e-11,0,0,0.15668203,0.15668203,3.8236081e-13,3.8236081e-13,4.0278081e-11,4.0278081e-11,4.0278023e-11,4.0278023e-11,2.0339633e-15,2.0339633e-15,-2.9133351e-10,-2.9133351e-10,-5.1412763e-11,-5.1412763e-11,-2.9133251e-10,-2.9133251e-10,-5.1410931e-11,-5.1410931e-11,-1.2490009e-15,-1.2490009e-15,-1.9984014e-15,-1.9984014e-15,-3.427435e-10,-3.427435e-10,-3.3306691e-15,-3.3306691e-15,2.220446e-15,2.220446e-15,3.3306691e-15,3.3306691e-15,0.15668203,0.15668203,5.1792792e-11,5.1792792e-11,0.15668203,0.15668203,5.1793458e-11,5.1793458e-11,0.15668203,0.15668203,3.8302694e-13,3.8302694e-13,0.15668203,0.15668203,0.15668203,0.15668203,-5.1410431e-11,-5.1410431e-11,2.4146241e-11,2.4146241e-11,1.3322676e-15,1.3322676e-15,2.6852076e-11,2.6852076e-11,-2.7048364e-12,-2.7048364e-12,0.15668203,0.15668203,3.8302694e-13,3.8302694e-13,2.5069124,2.5069124,6.1247674e-12,6.1247674e-12,1.2534562,1.2534562,3.0606628e-12,3.0606628e-12,0.15668203,0.15668203,3.4311864e-10,3.4311864e-10,0.031336405,0.031336405,7.3829831e-14,7.3829831e-14,-1.5024059e-13,-1.5024059e-13,1.2988927e-13,1.2988927e-13,-3.3306691e-16,-3.3306691e-16,-2.220446e-16,-2.220446e-16,-3.4274417e-10,-3.4274417e-10,-6.9944051e-15,-6.9944051e-15,0,0,-1.9984014e-15,-1.9984014e-15,0,0,0,0
0.15668203,0.15668203,-0.15668203,-0.15668203,-3.7558845e-13,-3.7558845e-13,-3.8125059e-13,-3.8125059e-13,-0.15668203,-0.15668203,-2.7676743e-10,-2.7676743e-10,-4.8844817e-11,-4.8844817e-11,-2.7676743e-10,-2.7676743e-10,-4.8844817e-11,-4.8844817e-11,0,0,0.15668203,0.15668203,3.8347103e-13,3.8347103e-13,3.8264262e-11,3.8264262e-11,3.8264204e-11,3.8264204e-11,2.0339633e-15,2.0339633e-15,-2.7676694e-10,-2.7676694e-10,-4.8842153e-11,-4.8842153e-11,-2.7676583e-10,-2.7676583e-10,-4.8840348e-11,-4.8840348e-11,-1.2490009e-15,-1.2490009e-15,-1.9984014e-15,-1.9984014e-15,-3.2560632e-10,-3.2560632e-10,-3.3306691e-15,-3.3306691e-15,2.4424907e-15,2.4424907e-15,3.3306691e-15,3.3306691e-15,0.15668203,0.15668203,4.9223292e-11,4.9223292e-11,0.15668203,0.15668203,4.9223958e-11,4.9223958e-11,0.15668203,0.15668203,3.8413717e-13,3.8413717e-13,0.15668203,0.15668203,0.15668203,0.15668203,-4.8839599e-11,-4.8839599e-11,2.2939206e-11,2.2939206e-11,1.3322676e-15,1.3322676e-15,2.5509594e-11,2.5509594e-11,-2.5695002e-12,-2.5695002e-12,0.15668203,0.15668203,3.8413717e-13,3.8413717e-13,2.5069124,2.5069124,6.1421979e-12,6.1421979e-12,1.2534562,1.2534562,3.0693226e-12,3.0693226e-12,0.15668203,0.15668203,3.2598235e-10,3.2598235e-10,0.031336405,0.031336405,7.4051876e-14,7.4051876e-14,-1.5088685e-13,-1.5088685e-13,1.3044799e-13,1.3044799e-13,-3.3306691e-16,-3.3306691e-16,-2.220446e-16,-2.220446e-16,-3.2560699e-10,-3.2560699e-10,-6.9944051e-15,-6.9944051e-15,0,0,-1.9984014e-15,-1.9984014e-15,0,0,0,0
0.15668203,0.15668203,-0.15668203,-0.15668203,-3.7658765e-13,-3.7658765e-13,-3.8236081e-13,-3.8236081e-13,-0.15668203,-0.15668203,-2.6292908e-10,-2.6292908e-10,-4.6402771e-11,-4.6402771e-11,-2.6292908e-10,-2.6292908e-10,-4.6402771e-11,-4.6402771e-11,0,0,0.15668203,0.15668203,3.8458126e-13,3.8458126e-13,3.6351134e-11,3.6351134e-11,3.6351076e-11,3.6351076e-11,2.0339633e-15,2.0339633e-15,-2.6292868e-10,-2.6292868e-10,-4.6400106e-11,-4.6400106e-11,-2.6292757e-10,-2.6292757e-10,-4.6398302e-11,-4.6398302e-11,-1.2490009e-15,-1.2490009e-15,-1.9984014e-15,-1.9984014e-15,-3.0932601e-10,-3.0932601e-10,-3.3306691e-15,-3.3306691e-15,2.4424907e-15,2.4424907e-15,3.3306691e-15,3.3306691e-15,0.15668203,0.15668203,4.6782356e-11,4.6782356e-11,0.15668203,0.15668203,4.6783022e-11,4.6783022e-11,0.15668203,0.15668203,3.8524739e-13,3.8524739e-13,0.15668203,0.15668203,0.15668203,0.15668203,-4.6397775e-11,-4.6397775e-11,2.1792124e-11,2.1792124e-11,1.3322676e-15,1.3322676e-15,2.423417e-11,2.423417e-11,-2.4409363e-12,-2.4409363e-12,0.15668203,0.15668203,3.8524739e-13,3.8524739e-13,2.5069124,2.5069124,6.1596284e-12,6.1596284e-12,1.2534562,1.2534562,3.0780933e-12,3.0780933e-12,0.15668203,0.15668203,3.0970315e-10,3.0970315e-10,0.031336405,0.031336405,7.427392e-14,7.427392e-14,-1.5153312e-13,-1.5153312e-13,1.3100672e-13,1.3100672e-13,-3.3306691e-16,-3.3306691e-16,-2.220446e-16,-2.220446e-16,-3.0932656e-10,-3.0932656e-10,-6.9944051e-15,-6.9944051e-15,0,0,-1.9984014e-15,-1.9984014e-15,0,0,0,0
0.15668203,0.15668203,-0.15668203,-0.15668203,-3.7758685e-13,-3.7758685e-13,-3.8347103e-13,-3.8347103e-13,-0.15668203,-0.15668203,-2.4978279e-10,-2.4978279e-10,-4.4082848e-11,-4.4082848e-11,-2.4978279e-10,-2.4978279e-10,-4.4082848e-11,-4.4082848e-11,0,0,0.15668203,0.15668203,3.8569148e-13,3.8569148e-13,3.4533662e-11,3.4533662e-11,3.4533604e-11,3.4533604e-11,2.0339633e-15,2.0339633e-15,-2.4978231e-10,-2.4978231e-10,-4.4080184e-11,-4.4080184e-11,-2.497812e-10,-2.497812e-10,-4.4078352e-11,-4.4078352e-11,-1.2490009e-15,-1.2490009e-15,-1.9984014e-15,-1.9984014e-15,-2.938596e-10,-2.938596e-10,-3.3306691e-15,-3.3306691e-15,2.4424907e-15,2.4424907e-15,3.3306691e-15,3.3306691e-15,0.15668203,0.15668203,4.4463544e-11,4.4463544e-11,0.15668203,0.15668203,4.4463988e-11,4.4463988e-11,0.15668203,0.15668203,3.8635761e-13,3.8635761e-13,0.15668203,0.15668203,0.15668203,0.15668203,-4.4077852e-11,-4.4077852e-11,2.0702551e-11,2.0702551e-11,1.3322676e-15,1.3322676e-15,2.3022473e-11,2.3022473e-11,-2.3188118e-12,-2.3188118e-12,0.15668203,0.15668203,3.8635761e-13,3.8635761e-13,2.5069124,2.5069124,6.1770589e-12,6.1770589e-12,1.2534562,1.2534562,3.0867531e-12,3.0867531e-12,0.15668203,0.15668203,2.9423797e-10,2.9423797e-10,0.031336405,0.031336405,7.4468209e-14,7.4468209e-14,-1.521794e-13,-1.521794e-13,1.3156546e-13,1.3156546e-13,-3.3306691e-16,-3.3306691e-16,-2.220446e-16,-2.220446e-16,-2.9386027e-10,-2.9386027e-10,-6.9944051e-15,-6.9944051e-15,0,0,-1.9984014e-15,-1.9984014e-15,0,0,0,0
0.15668203,0.15668203,-0.15668203,-0.15668203,-3.788081e-13,-3.788081e-13,-3.8458126e-13,-3.8458126e-13,-0.15668203,-0.15668203,-2.3729359e-10,-2.3729359e-10,-4.1878834e-11,-4.1878834e-11,-2.3729359e-10,-2.3729359e-10,-4.1878834e-11,-4.1878834e-11,0,0,0.15668203,0.15668203,3.868017e-13,3.868017e-13,3.2807064e-11,3.2807064e-11,3.2807005e-11,3.2807005e-11,2.0339633e-15,2.0339633e-15,-2.3729319e-10,-2.3729319e-10,-4.1876169e-11,-4.1876169e-11,-2.3729219e-10,-2.3729219e-10,-4.1874393e-11,-4.1874393e-11,-1.2490009e-15,-1.2490009e-15,-1.9984014e-15,-1.9984014e-15,-2.7916669e-10,-2.7916669e-10,-3.3306691e-15,-3.3306691e-15,2.4424907e-15,2.4424907e-15,3.3306691e-15,3.3306691e-15,0.15668203,0.15668203,4.2260639e-11,4.2260639e-11,0.15668203,0.15668203,4.2261306e-11,4.2261306e-11,0.15668203,0.15668203,3.8746784e-13,3.8746784e-13,0.15668203,0.15668203,0.15668203,0.15668203,-4.1873838e-11,-4.1873838e-11,1.9667601e-11,1.9667601e-11,1.3322676e-15,1.3322676e-15,2.1871394e-11,2.1871394e-11,-2.2029045e-12,-2.2029045e-12,0.15668203,0.15668203,3.8746784e-13,3.8746784e-13,2.5069124,2.5069124,6.1944894e-12,6.1944894e-12,1.2534562,1.2534562,3.0954128e-12,3.0954128e-12,0.15668203,0.15668203,2.7954594e-10,2.7954594e-10,0.031336405,0.031336405,7.4690254e-14,7.4690254e-14,-1.5282569e-13,-1.5282569e-13,1.321242e-13,1.321242e-13,-3.3306691e-16,-3.3306691e-16,-2.220446e-16,-2.220446e-16,-2.7916724e-10,-2.7916724e-10,-6.9944051e-15,-6.9944051e-15,0,0,-1.9984014e-15,-1.9984014e-15,0,0,0,0
0.15668203,0.15668203,-0.15668203,-0.15668203,-3.7969627e-13,-3.7969627e-13,-3.8569148e-13,-3.8569148e-13,-0.15668203,-0.15668203,-2.2542908e-10,-2.2542908e-10,-3.9785064e-11,-3.9785064e-11,-2.2542908e-10,-2.2542908e-10,-3.9785064e-11,-3.9785064e-11,0,0,0.15668203,0.15668203,3.8791192e-13,3.8791192e-13,3.1166796e-11,3.1166796e-11,3.1166738e-11,3.1166738e-11,2.0339633e-15,2.0339633e-15,-2.2542868e-10,-2.2542868e-10,-3.97824e-11,-3.97824e-11,-2.2542757e-10,-2.2542757e-10,-3.9780651e-11,-3.9780651e-11,-1.2490009e-15,-1.2490009e-15,-1.9984014e-15,-1.9984014e-15,-2.652083e-10,-2.652083e-10,-3.3306691e-15,-3.3306691e-15,2.4424907e-15,2.4424907e-15,3.3306691e-15,3.3306691e-15,0.15668203,0.15668203,4.0168091e-11,4.0168091e-11,0.15668203,0.15668203,4.0168535e-11,4.0168535e-11,0.15668203,0.15668203,3.8835601e-13,3.8835601e-13,0.15668203,0.15668203,0.15668203,0.15668203,-3.9779957e-11,-3.9779957e-11,1.8684165e-11,1.8684165e-11,1.3322676e-15,1.3322676e-15,2.0777824e-11,2.0777824e-11,-2.0926594e-12,-2.0926594e-12,0.15668203,0.15668203,3.8835601e-13,3.8835601e-13,2.5069124,2.5069124,6.2118088e-12,6.2118088e-12,1.2534562,1.2534562,3.1041836e-12,3.1041836e-12,0.15668203,0.15668203,2.6558866e-10,2.6558866e-10,0.031336405,0.031336405,7.4912299e-14,7.4912299e-14,-1.5347198e-13,-1.5347198e-13,1.3268295e-13,1.3268295e-13,-3.3306691e-16,-3.3306691e-16,-2.220446e-16,-2.220446e-16,-2.6520885e-10,-2.6520885e-10,-6.9944051e-15,-6.9944051e-15,0,0,-1.9984014e-15,-1.9984014e-15,0,0,0,0
0.15668203,0.15668203,-0.15668203,-0.15668203,-3.808065e-13,-3.808065e-13,-3.8669068e-13,-3.8669068e-13,-0.15668203,-0.15668203,-2.1415773e-10,-2.1415773e-10,-3.7795989e-11,-3.7795989e-11,-2.1415773e-10,-2.1415773e-10,-3.7795989e-11,-3.7795989e-11,0,0,0.15668203,0.15668203,3.8902215e-13,3.8902215e-13,2.9608541e-11,2.9608541e-11,2.9608482e-11,2.9608482e-11,2.0339633e-15,2.0339633e-15,-2.1415725e-10,-2.1415725e-10,-3.7793324e-11,-3.7793324e-11,-2.1415614e-10,-2.1415614e-10,-3.7791575e-11,-3.7791575e-11,-1.2490009e-15,-1.2490009e-15,-1.9984014e-15,-1.9984014e-15,-2.519478e-10,-2.519478e-10,-3.3306691e-15,-3.3306691e-15,2.4424907e-15,2.4424907e-15,3.3306691e-15,3.3306691e-15,0.15668203,0.15668203,3.8180126e-11,3.8180126e-11,0.15668203,0.15668203,3.818057e-11,3.818057e-11,0.15668203,0.15668203,3.8946624e-13,3.8946624e-13,0.15668203,0.15668203,0.15668203,0.15668203,-3.7791104e-11,-3.7791104e-11,1.7750024e-11,1.7750024e-11,1.3322676e-15,1.3322676e-15,1.9739099e-11,1.9739099e-11,-1.9879653e-12,-1.9879653e-12,0.15668203,0.15668203,3.8946624e-13,3.8946624e-13,2.5069124,2.5069124,6.2292393e-12,6.2292393e-12,1.2534562,1.2534562,3.1128433e-12,3.1128433e-12,0.15668203,0.15668203,2.5232927e-10,2.5232927e-10,0.031336405,0.031336405,7.5134343e-14,7.5134343e-14,-1.5411828e-13,-1.5411828e-13,1.332417e-13,1.332417e-13,-3.3306691e-16,-3.3306691e-16,-2.220446e-16,-2.220446e-16,-2.5194846e-10,-2.5194846e-10,-6.9944051e-15,-6.9944051e-15,0,0,-1.9984014e-15,-1.9984014e-15,0,0,0,0
0.15668203,0.15668203,-0.15668203,-0.15668203,-3.8202774e-13,-3.8202774e-13,-3.878009e-13,-3.878009e-13,-0.15668203,-0.15668203,-2.0344996e-10,-2.0344996e-10,-3.5906389e-11,-3.5906389e-11,-2.0344996e-10,-2.0344996e-10,-3.5906389e-11,-3.5906389e-11,0,0,0.15668203,0.15668203,3.9013237e-13,3.9013237e-13,2.8128199e-11,2.8128199e-11,2.812814e-11,2.812814e-11,2.0339633e-15,2.0339633e-15,-2.0344948e-10,-2.0344948e-10,-3.5903724e-11,-3.5903724e-11,-2.0344837e-10,-2.0344837e-10,-3.5901948e-11,-3.5901948e-11,-1.2490009e-15,-1.2490009e-15,-1.9984014e-15,-1.9984014e-15,-2.3935043e-10,-2.3935043e-10,-3.3306691e-15,-3.3306691e-15,2.4424907e-15,2.4424907e-15,3.3306691e-15,3.3306691e-15,0.15668203,0.15668203,3.6291414e-11,3.6291414e-11,0.15668203,0.15668203,3.629208e-11,3.629208e-11,0.15668203,0.15668203,3.9057646e-13,3.9057646e-13,0.15668203,0.15668203,0.15668203,0.15668203,-3.5901504e-11,-3.5901504e-11,1.6862733e-11,1.6862733e-11,1.3322676e-15,1.3322676e-15,1.8752111e-11,1.8752111e-11,-1.8884894e-12,-1.8884894e-12,0.15668203,0.15668203,3.9057646e-13,3.9057646e-13,2.5069124,2.5069124,6.2466698e-12,6.2466698e-12,1.2534562,1.2534562,3.1216141e-12,3.1216141e-12,0.15668203,0.15668203,2.397329e-10,2.397329e-10,0.031336405,0.031336405,7.5356388e-14,7.5356388e-14,-1.547646e-13,-1.547646e-13,1.3380047e-13,1.3380047e-13,-3.3306691e-16,-3.3306691e-16,-2.220446e-16,-2.220446e-16,-2.3935109e-10,-2.3935109e-10,-6.9944051e-15,-6.9944051e-15,0,0,-1.9984014e-15,-1.9984014e-15,0,0,0,0
0.15668203,0.15668203,-0.15668203,-0.15668203,-3.8291592e-13,-3.8291592e-13,-3.8891113e-13,-3.8891113e-13,-0.15668203,-0.15668203,-1.9327746e-10,-1.9327746e-10,-3.4111269e-11,-3.4111269e-11,-1.9327746e-10,-1.9327746e-10,-3.4111269e-11,-3.4111269e-11,0,0,0.15668203,0.15668203,3.9124259e-13,3.9124259e-13,2.6721874e-11,2.6721874e-11,2.6721816e-11,2.6721816e-11,2.0339633e-15,2.0339633e-15,-1.9327706e-10,-1.9327706e-10,-3.4108605e-11,-3.4108605e-11,-1.9327595e-10,-1.9327595e-10,-3.4106828e-11,-3.4106828e-11,-1.2767565e-15,-1.2767565e-15,-1.9984014e-15,-1.9984014e-15,-2.2738289e-10,-2.2738289e-10,-3.3306691e-15,-3.3306691e-15,2.4424907e-15,2.4424907e-15,3.3306691e-15,3.3306691e-15,0.15668203,0.15668203,3.4497516e-11,3.4497516e-11,0.15668203,0.15668203,3.449796e-11,3.449796e-11,0.15668203,0.15668203,3.9168668e-13,3.9168668e-13,0.15668203,0.15668203,0.15668203,0.15668203,-3.4106273e-11,-3.4106273e-11,1.601963e-11,1.601963e-11,1.3322676e-15,1.3322676e-15,1.7814639e-11,1.7814639e-11,-1.7940094e-12,-1.7940094e-12,0.15668203,0.15668203,3.9168668e-13,3.9168668e-13,2.5069124,2.5069124,6.2641003e-12,6.2641003e-12,1.2534562,1.2534562,3.1302738e-12,3.1302738e-12,0.15668203,0.15668203,2.2776647e-10,2.2776647e-10,0.031336405,0.031336405,7.5578432e-14,7.5578432e-14,-1.5541091e-13,-1.5541091e-13,1.3435924e-13,1.3435924e-13,-3.3306691e-16,-3.3306691e-16,-2.220446e-16,-2.220446e-16,-2.2738345e-10,-2.2738345e-10,-6.9944051e-15,-6.9944051e-15,0,0,-1.9984014e-15,-1.9984014e-15,0,0,0,0
0.15668203,0.15668203,-0.15668203,-0.15668203,-3.8402614e-13,-3.8402614e-13,-3.9002135e-13,-3.9002135e-13,-0.15668203,-0.15668203,-1.8361372e-10,-1.8361372e-10,-3.2405856e-11,-3.2405856e-11,-1.8361372e-10,-1.8361372e-10,-3.2405856e-11,-3.2405856e-11,0,0,0.15668203,0.15668203,3.9235282e-13,3.9235282e-13,2.5385865e-11,2.5385865e-11,2.5385807e-11,2.5385807e-11,2.0339633e-15,2.0339633e-15,-1.8361324e-10,-1.8361324e-10,-3.2403191e-11,-3.2403191e-11,-1.8361213e-10,-1.8361213e-10,-3.2401443e-11,-3.2401443e-11,-1.2767565e-15,-1.2767565e-15,-1.9984014e-15,-1.9984014e-15,-2.1601365e-10,-2.1601365e-10,-3.3306691e-15,-3.3306691e-15,2.4424907e-15,2.4424907e-15,3.3306691e-15,3.3306691e-15,0.15668203,0.15668203,3.2793102e-11,3.2793102e-11,0.15668203,0.15668203,3.2793768e-11,3.2793768e-11,0.15668203,0.15668203,3.9279691e-13,3.9279691e-13,0.15668203,0.15668203,0.15668203,0.15668203,-3.2400971e-11,-3.2400971e-11,1.5218715e-11,1.5218715e-11,1.3322676e-15,1.3322676e-15,1.6924018e-11,1.6924018e-11,-1.7043034e-12,-1.7043034e-12,0.15668203,0.15668203,3.9279691e-13,3.9279691e-13,2.5069124,2.5069124,6.2815309e-12,6.2815309e-12,1.2534562,1.2534562,3.1389336e-12,3.1389336e-12,0.15668203,0.15668203,2.1639845e-10,2.1639845e-10,0.031336405,0.031336405,7.5772721e-14,7.5772721e-14,-1.5605724e-13,-1.5605724e-13,1.3491801e-13,1.3491801e-13,-3.3306691e-16,-3.3306691e-16,-2.220446e-16,-2.220446e-16,-2.1601432e-10,-2.1601432e-10,-6.9944051e-15,-6.9944051e-15,0,0,-1.9984014e-15,-1.9984014e-15,0,0,0,0
0.15668203,0.15668203,-0.15668203,-0.15668203,-3.8524739e-13,-3.8524739e-13,-3.9113157e-13,-3.9113157e-13,-0.15668203,-0.15668203,-1.7443317e-10,-1.7443317e-10,-3.0785818e-11,-3.0785818e-11,-1.7443317e-10,-1.7443317e-10,-3.0785818e-11,-3.0785818e-11,0,0,0.15668203,0.15668203,3.93241e-13,3.93241e-13,2.4116657e-11,2.4116657e-11,2.4116598e-11,2.4116598e-11,2.0339633e-15,2.0339633e-15,-1.7443269e-10,-1.7443269e-10,-3.0783154e-11,-3.0783154e-11,-1.7443158e-10,-1.7443158e-10,-3.0781322e-11,-3.0781322e-11,-1.2767565e-15,-1.2767565e-15,-1.9984014e-15,-1.9984014e-15,-2.0521296e-10,-2.0521296e-10,-3.3306691e-15,-3.3306691e-15,2.4424907e-15,2.4424907e-15,3.3306691e-15,3.3306691e-15,0.15668203,0.15668203,3.1174174e-11,3.1174174e-11,0.15668203,0.15668203,3.1174618e-11,3.1174618e-11,0.15668203,0.15668203,3.9390713e-13,3.9390713e-13,0.15668203,0.15668203,0.15668203,0.15668203,-3.0780711e-11,-3.0780711e-11,1.4457768e-11,1.4457768e-11,1.3322676e-15,1.3322676e-15,1.6077806e-11,1.6077806e-11,-1.6190382e-12,-1.6190382e-12,0.15668203,0.15668203,3.9390713e-13,3.9390713e-13,2.5069124,2.5069124,6.2989614e-12,6.2989614e-12,1.2534562,1.2534562,3.1477043e-12,3.1477043e-12,0.15668203,0.15668203,2.0559865e-10,2.0559865e-10,0.031336405,0.031336405,7.5994766e-14,7.5994766e-14,-1.5670357e-13,-1.5670357e-13,1.354768e-13,1.354768e-13,-3.3306691e-16,-3.3306691e-16,-2.220446e-16,-2.220446e-16,-2.0521362e-10,-2.0521362e-10,-6.9944051e-15,-6.9944051e-15,0,0,-1.9984014e-15,-1.9984014e-15,0,0,0,0
0.15668203,0.15668203,-0.15668203,-0.15668203,-3.8624659e-13,-3.8624659e-13,-3.9224179e-13,-3.9224179e-13,-0.15668203,-0.15668203,-1.657116e-10,-1.657116e-10,-2.9246716e-11,-2.9246716e-11,-1.657116e-10,-1.657116e-10,-2.9246716e-11,-2.9246716e-11,0,0,0.15668203,0.15668203,3.9435122e-13,3.9435122e-13,2.2910909e-11,2.2910909e-11,2.291085e-11,2.291085e-11,2.0339633e-15,2.0339633e-15,-1.6571111e-10,-1.6571111e-10,-2.9244052e-11,-2.9244052e-11,-1.6571e-10,-1.6571e-10,-2.924222e-11,-2.924222e-11,-1.2767565e-15,-1.2767565e-15,-1.9984014e-15,-1.9984014e-15,-1.9495228e-10,-1.9495228e-10,-3.3306691e-15,-3.3306691e-15,2.4424907e-15,2.4424907e-15,3.3306691e-15,3.3306691e-15,0.15668203,0.15668203,2.9636071e-11,2.9636071e-11,0.15668203,0.15668203,2.9636738e-11,2.9636738e-11,0.15668203,0.15668203,3.9501735e-13,3.9501735e-13,0.15668203,0.15668203,0.15668203,0.15668203,-2.924172e-11,-2.924172e-11,1.3735013e-11,1.3735013e-11,1.3322676e-15,1.3322676e-15,1.5274004e-11,1.5274004e-11,-1.537992e-12,-1.537992e-12,0.15668203,0.15668203,3.9501735e-13,3.9501735e-13,2.5069124,2.5069124,6.3162808e-12,6.3162808e-12,1.2534562,1.2534562,3.1563641e-12,3.1563641e-12,0.15668203,0.15668203,1.9533908e-10,1.9533908e-10,0.031336405,0.031336405,7.6216811e-14,7.6216811e-14,-1.5734991e-13,-1.5734991e-13,1.3603558e-13,1.3603558e-13,-3.3306691e-16,-3.3306691e-16,-2.220446e-16,-2.220446e-16,-1.9495294e-10,-1.9495294e-10,-6.9944051e-15,-6.9944051e-15,0,0,-1.9984014e-15,-1.9984014e-15,0,0,0,0
0.15668203,0.15668203,-0.15668203,-0.15668203,-3.8724579e-13,-3.8724579e-13,-3.93241e-13,-3.93241e-13,-0.15668203,-0.15668203,-1.5742611e-10,-1.5742611e-10,-2.7784552e-11,-2.7784552e-11,-1.5742611e-10,-1.5742611e-10,-2.7784552e-11,-2.7784552e-11,0,0,0.15668203,0.15668203,3.9546144e-13,3.9546144e-13,2.1765449e-11,2.1765449e-11,2.176539e-11,2.176539e-11,2.0339633e-15,2.0339633e-15,-1.5742563e-10,-1.5742563e-10,-2.7781888e-11,-2.7781888e-11,-1.5742441e-10,-1.5742441e-10,-2.7780084e-11,-2.7780084e-11,-1.2767565e-15,-1.2767565e-15,-1.9984014e-15,-1.9984014e-15,-1.8520463e-10,-1.8520463e-10,-3.3306691e-15,-3.3306691e-15,2.4424907e-15,2.4424907e-15,3.3306691e-15,3.3306691e-15,0.15668203,0.15668203,2.8175018e-11,2.8175018e-11,0.15668203,0.15668203,2.8175684e-11,2.8175684e-11,0.15668203,0.15668203,3.9612758e-13,3.9612758e-13,0.15668203,0.15668203,0.15668203,0.15668203,-2.7779334e-11,-2.7779334e-11,1.3048229e-11,1.3048229e-11,1.3322676e-15,1.3322676e-15,1.4510393e-11,1.4510393e-11,-1.4610535e-12,-1.4610535e-12,0.15668203,0.15668203,3.9612758e-13,3.9612758e-13,2.5069124,2.5069124,6.3337113e-12,6.3337113e-12,1.2534562,1.2534562,3.1651348e-12,3.1651348e-12,0.15668203,0.15668203,1.8559265e-10,1.8559265e-10,0.031336405,0.031336405,7.6438855e-14,7.6438855e-14,-1.5799626e-13,-1.5799626e-13,1.3659438e-13,1.3659438e-13,-3.3306691e-16,-3.3306691e-16,-2.220446e-16,-2.220446e-16,-1.852053e-10,-1.852053e-10,-6.9944051e-15,-6.9944051e-15,0,0,-1.9984014e-15,-1.9984014e-15,0,0,0,0
0.15668203,0.15668203,-0.15668203,-0.15668203,-3.8835601e-13,-3.8835601e-13,-3.9435122e-13,-3.9435122e-13,-0.15668203,-0.15668203,-1.4955485e-10,-1.4955485e-10,-2.6395441e-11,-2.6395441e-11,-1.4955485e-10,-1.4955485e-10,-2.6395441e-11,-2.6395441e-11,0,0,0.15668203,0.15668203,3.9657166e-13,3.9657166e-13,2.0677261e-11,2.0677261e-11,2.0677203e-11,2.0677203e-11,2.0339633e-15,2.0339633e-15,-1.4955437e-10,-1.4955437e-10,-2.6392777e-11,-2.6392777e-11,-1.4955326e-10,-1.4955326e-10,-2.6391028e-11,-2.6391028e-11,-1.2767565e-15,-1.2767565e-15,-1.9984014e-15,-1.9984014e-15,-1.7594437e-10,-1.7594437e-10,-3.3306691e-15,-3.3306691e-15,2.4424907e-15,2.4424907e-15,3.3306691e-15,3.3306691e-15,0.15668203,0.15668203,2.6787017e-11,2.6787017e-11,0.15668203,0.15668203,2.6787683e-11,2.6787683e-11,0.15668203,0.15668203,3.972378e-13,3.972378e-13,0.15668203,0.15668203,0.15668203,0.15668203,-2.6390445e-11,-2.6390445e-11,1.2396084e-11,1.2396084e-11,1.3322676e-15,1.3322676e-15,1.3784973e-11,1.3784973e-11,-1.3880008e-12,-1.3880008e-12,0.15668203,0.15668203,3.972378e-13,3.972378e-13,2.5069124,2.5069124,6.3511418e-12,6.3511418e-12,1.2534562,1.2534562,3.1737946e-12,3.1737946e-12,0.15668203,0.15668203,1.7633339e-10,1.7633339e-10,0.031336405,0.031336405,7.66609e-14,7.66609e-14,-1.5864262e-13,-1.5864262e-13,1.3715318e-13,1.3715318e-13,-3.3306691e-16,-3.3306691e-16,-2.220446e-16,-2.220446e-16,-1.7594504e-10,-1.7594504e-10,-6.9944051e-15,-6.9944051e-15,0,0,-1.9984014e-15,-1.9984014e-15,0,0,0,0
0.15668203,0.15668203,-0.15668203,-0.15668203,-3.8946624e-13,-3.8946624e-13,-3.9546144e-13,-3.9546144e-13,-0.15668203,-0.15668203,-1.4207717e-10,-1.4207717e-10,-2.5075941e-11,-2.5075941e-11,-1.4207717e-10,-1.4207717e-10,-2.5075941e-11,-2.5075941e-11,0,0,0.15668203,0.15668203,3.9768189e-13,3.9768189e-13,1.9643483e-11,1.9643483e-11,1.9643425e-11,1.9643425e-11,2.0339633e-15,2.0339633e-15,-1.4207668e-10,-1.4207668e-10,-2.5073277e-11,-2.5073277e-11,-1.4207557e-10,-1.4207557e-10,-2.5071445e-11,-2.5071445e-11,-1.2767565e-15,-1.2767565e-15,-1.9984014e-15,-1.9984014e-15,-1.6714707e-10,-1.6714707e-10,-3.3306691e-15,-3.3306691e-15,2.4424907e-15,2.4424907e-15,3.3306691e-15,3.3306691e-15,0.15668203,0.15668203,2.5468516e-11,2.5468516e-11,0.15668203,0.15668203,2.5469182e-11,2.5469182e-11,0.15668203,0.15668203,3.9834802e-13,3.9834802e-13,0.15668203,0.15668203,0.15668203,0.15668203,-2.5070834e-11,-2.5070834e-11,1.1776136e-11,1.1776136e-11,1.3322676e-15,1.3322676e-15,1.3095747e-11,1.3095747e-11,-1.3185009e-12,-1.3185009e-12,0.15668203,0.15668203,3.9834802e-13,3.9834802e-13,2.5069124,2.5069124,6.3685723e-12,6.3685723e-12,1.2534562,1.2534562,3.1824543e-12,3.1824543e-12,0.15668203,0.15668203,1.675371e-10,1.675371e-10,0.031336405,0.031336405,7.6882944e-14,7.6882944e-14,-1.5928898e-13,-1.5928898e-13,1.3771198e-13,1.3771198e-13,-3.3306691e-16,-3.3306691e-16,-2.220446e-16,-2.220446e-16,-1.6714774e-10,-1.6714774e-10,-6.9944051e-15,-6.9944051e-15,0,0,-1.9984014e-15,-1.9984014e-15,0,0,0,0
0.15668203,0.15668203,-0.15668203,-0.15668203,-3.9057646e-13,-3.9057646e-13,-3.9657166e-13,-3.9657166e-13,-0.15668203,-0.15668203,-1.3497341e-10,-1.3497341e-10,-2.3822277e-11,-2.3822277e-11,-1.3497341e-10,-1.3497341e-10,-2.3822277e-11,-2.3822277e-11,0,0,0.15668203,0.15668203,3.9879211e-13,3.9879211e-13,1.8661394e-11,1.8661394e-11,1.8661335e-11,1.8661335e-11,2.0339633e-15,2.0339633e-15,-1.3497292e-10,-1.3497292e-10,-2.3819613e-11,-2.3819613e-11,-1.3497181e-10,-1.3497181e-10,-2.3817837e-11,-2.3817837e-11,-1.2767565e-15,-1.2767565e-15,-1.9984014e-15,-1.9984014e-15,-1.5878976e-10,-1.5878976e-10,-3.3306691e-15,-3.3306691e-15,2.4424907e-15,2.4424907e-15,3.3306691e-15,3.3306691e-15,0.15668203,0.15668203,2.4216185e-11,2.4216185e-11,0.15668203,0.15668203,2.4216629e-11,2.4216629e-11,0.15668203,0.15668203,3.9945824e-13,3.9945824e-13,0.15668203,0.15668203,0.15668203,0.15668203,-2.381717e-11,-2.381717e-11,1.1187495e-11,1.1187495e-11,1.3322676e-15,1.3322676e-15,1.2440937e-11,1.2440937e-11,-1.2525536e-12,-1.2525536e-12,0.15668203,0.15668203,3.992362e-13,3.992362e-13,2.5069124,2.5069124,6.3860028e-12,6.3860028e-12,1.2534562,1.2534562,3.1912251e-12,3.1912251e-12,0.15668203,0.15668203,1.5918089e-10,1.5918089e-10,0.031336405,0.031336405,7.7077233e-14,7.7077233e-14,-1.5993534e-13,-1.5993534e-13,1.3827079e-13,1.3827079e-13,-3.3306691e-16,-3.3306691e-16,-2.220446e-16,-2.220446e-16,-1.5879043e-10,-1.5879043e-10,-6.9944051e-15,-6.9944051e-15,0,0,-1.9984014e-15,-1.9984014e-15,0,0,0,0
0.15668203,0.15668203,-0.15668203,-0.15668203,-3.9157566e-13,-3.9157566e-13,-3.9768189e-13,-3.9768189e-13,-0.15668203,-0.15668203,-1.282248e-10,-1.282248e-10,-2.2631341e-11,-2.2631341e-11,-1.282248e-10,-1.282248e-10,-2.2631341e-11,-2.2631341e-11,0,0,0.15668203,0.15668203,3.9990233e-13,3.9990233e-13,1.7728409e-11,1.7728409e-11,1.7728351e-11,1.7728351e-11,2.0339633e-15,2.0339633e-15,-1.2822432e-10,-1.2822432e-10,-2.2628677e-11,-2.2628677e-11,-1.2822321e-10,-1.2822321e-10,-2.26269e-11,-2.26269e-11,-1.2767565e-15,-1.2767565e-15,-1.9984014e-15,-1.9984014e-15,-1.5085022e-10,-1.5085022e-10,-3.3306691e-15,-3.3306691e-15,2.4424907e-15,2.4424907e-15,3.3306691e-15,3.3306691e-15,0.15668203,0.15668203,2.3026248e-11,2.3026248e-11,0.15668203,0.15668203,2.3026692e-11,2.3026692e-11,0.15668203,0.15668203,4.0034642e-13,4.0034642e-13,0.15668203,0.15668203,0.15668203,0.15668203,-2.2626345e-11,-2.2626345e-11,1.0628165e-11,1.0628165e-11,1.3322676e-15,1.3322676e-15,1.181899e-11,1.181899e-11,-1.189826e-12,-1.189826e-12,0.15668203,0.15668203,4.0034642e-13,4.0034642e-13,2.5069124,2.5069124,6.4033223e-12,6.4033223e-12,1.2534562,1.2534562,3.1998848e-12,3.1998848e-12,0.15668203,0.15668203,1.5124235e-10,1.5124235e-10,0.031336405,0.031336405,7.7299278e-14,7.7299278e-14,-1.6058172e-13,-1.6058172e-13,1.3882961e-13,1.3882961e-13,-3.3306691e-16,-3.3306691e-16,-2.220446e-16,-2.220446e-16,-1.5085089e-10,-1.5085089e-10,-6.9944051e-15,-6.9944051e-15,0,0,-1.9984014e-15,-1.9984014e-15,0,0,0,0
0.15668203,0.15668203,-0.15668203,-0.15668203,-3.9257486e-13,-3.9257486e-13,-3.9868109e-13,-3.9868109e-13,-0.15668203,-0.15668203,-1.2181371e-10,-1.2181371e-10,-2.1500024e-11,-2.1500024e-11,-1.2181371e-10,-1.2181371e-10,-2.1500024e-11,-2.1500024e-11,0,0,0.15668203,0.15668203,4.0101256e-13,4.0101256e-13,1.6842074e-11,1.6842074e-11,1.6842015e-11,1.6842015e-11,2.0339633e-15,2.0339633e-15,-1.2181323e-10,-1.2181323e-10,-2.1497359e-11,-2.1497359e-11,-1.21812e-10,-1.21812e-10,-2.1495528e-11,-2.1495528e-11,-1.3045121e-15,-1.3045121e-15,-1.9984014e-15,-1.9984014e-15,-1.433077e-10,-1.433077e-10,-3.3306691e-15,-3.3306691e-15,2.4424907e-15,2.4424907e-15,3.3306691e-15,3.3306691e-15,0.15668203,0.15668203,2.1896041e-11,2.1896041e-11,0.15668203,0.15668203,2.1896485e-11,2.1896485e-11,0.15668203,0.15668203,4.0145665e-13,4.0145665e-13,0.15668203,0.15668203,0.15668203,0.15668203,-2.1495028e-11,-2.1495028e-11,1.0096812e-11,1.0096812e-11,1.3322676e-15,1.3322676e-15,1.122813e-11,1.122813e-11,-1.1303181e-12,-1.1303181e-12,0.15668203,0.15668203,4.0145665e-13,4.0145665e-13,2.5069124,2.5069124,6.4207528e-12,6.4207528e-12,1.2534562,1.2534562,3.2086556e-12,3.2086556e-12,0.15668203,0.15668203,1.4370105e-10,1.4370105e-10,0.031336405,0.031336405,7.7521323e-14,7.7521323e-14,-1.6122809e-13,-1.6122809e-13,1.3938843e-13,1.3938843e-13,-3.3306691e-16,-3.3306691e-16,-2.220446e-16,-2.220446e-16,-1.4330837e-10,-1.4330837e-10,-6.9944051e-15,-6.9944051e-15,0,0,-1.9984014e-15,-1.9984014e-15,0,0,0,0
0.15668203,0.15668203,-0.15668203,-0.15668203,-3.9368508e-13,-3.9368508e-13,-3.9979131e-13,-3.9979131e-13,-0.15668203,-0.15668203,-1.1572303e-10,-1.1572303e-10,-2.0425106e-11,-2.0425106e-11,-1.1572303e-10,-1.1572303e-10,-2.0425106e-11,-2.0425106e-11,0,0,0.15668203,0.15668203,4.0212278e-13,4.0212278e-13,1.6000055e-11,1.6000055e-11,1.5999996e-11,1.5999996e-11,2.0339633e-15,2.0339633e-15,-1.1572254e-10,-1.1572254e-10,-2.0422442e-11,-2.0422442e-11,-1.1572143e-10,-1.1572143e-10,-2.0420693e-11,-2.0420693e-11,-1.3045121e-15,-1.3045121e-15,-1.9984014e-15,-1.9984014e-15,-1.3614221e-10,-1.3614221e-10,-3.3306691e-15,-3.3306691e-15,2.4424907e-15,2.4424907e-15,3.3306691e-15,3.3306691e-15,0.15668203,0.15668203,2.0822233e-11,2.0822233e-11,0.15668203,0.15668203,2.0822677e-11,2.0822677e-11,0.15668203,0.15668203,4.0256687e-13,4.0256687e-13,0.15668203,0.15668203,0.15668203,0.15668203,-2.0420332e-11,-2.0420332e-11,9.5921049e-12,9.5921049e-12,1.3322676e-15,1.3322676e-15,1.0666801e-11,1.0666801e-11,-1.0736967e-12,-1.0736967e-12,0.15668203,0.15668203,4.0256687e-13,4.0256687e-13,2.5069124,2.5069124,6.4381833e-12,6.4381833e-12,1.2534562,1.2534562,3.2173153e-12,3.2173153e-12,0.15668203,0.15668203,1.3653656e-10,1.3653656e-10,0.031336405,0.031336405,7.7743367e-14,7.7743367e-14,-1.6187448e-13,-1.6187448e-13,1.3994726e-13,1.3994726e-13,-3.3306691e-16,-3.3306691e-16,-2.220446e-16,-2.220446e-16,-1.3614287e-10,-1.3614287e-10,-6.9944051e-15,-6.9944051e-15,0,0,-1.9984014e-15,-1.9984014e-15,0,0,0,0
0.15668203,0.15668203,-0.15668203,-0.15668203,-3.9468429e-13,-3.9468429e-13,-4.0090153e-13,-4.0090153e-13,-0.15668203,-0.15668203,-1.0993699e-10,-1.0993699e-10,-1.9404034e-11,-1.9404034e-11,-1.0993699e-10,-1.0993699e-10,-1.9404034e-11,-1.9404034e-11,0,0,0.15668203,0.15668203,4.03233e-13,4.03233e-13,1.5200137e-11,1.5200137e-11,1.5200079e-11,1.5200079e-11,2.0339633e-15,2.0339633e-15,-1.099365e-10,-1.099365e-10,-1.9401369e-11,-1.9401369e-11,-1.0993539e-10,-1.0993539e-10,-1.9399621e-11,-1.9399621e-11,-1.3045121e-15,-1.3045121e-15,-1.9984014e-15,-1.9984014e-15,-1.293351e-10,-1.293351e-10,-3.3306691e-15,-3.3306691e-15,2.4424907e-15,2.4424907e-15,3.3306691e-15,3.3306691e-15,0.15668203,0.15668203,1.980216e-11,1.980216e-11,0.15668203,0.15668203,1.9802826e-11,1.9802826e-11,0.15668203,0.15668203,4.0367709e-13,4.0367709e-13,0.15668203,0.15668203,0.15668203,0.15668203,-1.9399149e-11,-1.9399149e-11,9.1124885e-12,9.1124885e-12,1.3322676e-15,1.3322676e-15,1.013345e-11,1.013345e-11,-1.0199619e-12,-1.0199619e-12,0.15668203,0.15668203,4.0367709e-13,4.0367709e-13,2.5069124,2.5069124,6.4556138e-12,6.4556138e-12,1.2534562,1.2534562,3.225975e-12,3.225975e-12,0.15668203,0.15668203,1.2973045e-10,1.2973045e-10,0.031336405,0.031336405,7.7965412e-14,7.7965412e-14,-1.6252087e-13,-1.6252087e-13,1.4050609e-13,1.4050609e-13,-3.3306691e-16,-3.3306691e-16,-2.220446e-16,-2.220446e-16,-1.2933576e-10,-1.2933576e-10,-6.9944051e-15,-6.9944051e-15,0,0,-1.9984014e-15,-1.9984014e-15,0,0,0,0
