e_slash_star_pie,e_slash_star_lin,lambda_H_pie,lambda_H_lin,lambda_H_slash_star_pie,lambda_H_slash_star_lin,lambda_F_slash_star_pie,lambda_F_slash_star_lin,lambda_F_pie,lambda_F_lin,utility_H_with_delta_pie,utility_H_with_delta_lin,utility_F_with_delta_pie,utility_F_with_delta_lin,utility_H_without_delta_pie,utility_H_without_delta_lin,utility_F_without_delta_pie,utility_F_without_delta_lin,gamma_H_pie,gamma_H_lin,p_H_pie,p_H_lin,p_F_star_pie,p_F_star_lin,i_H_notional_pie,i_H_notional_lin,i_H_pie,i_H_lin,i_F_pie,i_F_lin,c_H_W_pie,c_H_W_lin,c_F_W_pie,c_F_W_lin,c_H_H_pie,c_H_H_lin,c_F_H_pie,c_F_H_lin,c_H_F_pie,c_H_F_lin,c_F_F_pie,c_F_F_lin,y_H_pie,y_H_lin,y_F_pie,y_F_lin,l_H_pie,l_H_lin,l_F_pie,l_F_lin,p_H_W_pie,p_H_W_lin,p_F_W_star_pie,p_F_W_star_lin,p_H_W_bar_pie,p_H_W_bar_lin,p_F_W_star_bar_pie,p_F_W_star_bar_lin,p_H_bar_pie,p_H_bar_lin,p_F_star_bar_pie,p_F_star_bar_lin,p_H_bar_y_H_pie,p_H_bar_y_H_lin,p_H_W_c_H_W_pie,p_H_W_c_H_W_lin,p_H_W_slash_p_H_pie,p_H_W_slash_p_H_lin,pi_H_pie,pi_H_lin,pi_F_star_pie,pi_F_star_lin,pi_H_W_pie,pi_H_W_lin,pi_F_W_star_pie,pi_F_W_star_lin,p_H_tilde_pie,p_H_tilde_lin,p_F_star_tilde_pie,p_F_star_tilde_lin,v_H_pie,v_H_lin,v_F_pie,v_F_lin,w_H_pie,w_H_lin,w_F_pie,w_F_lin,p_F_bar_pie,p_F_bar_lin,p_H_star_bar_pie,p_H_star_bar_lin,t_H_pie,t_H_lin,t_F_pie,t_F_lin,b_H_pie,b_H_lin,b_F_star_pie,b_F_star_lin,beta_H_pie,beta_H_lin,beta_F_pie,beta_F_lin,a_H_pie,a_H_lin,a_F_pie,a_F_lin,tau_H_pie,tau_H_lin,tau_F_pie,tau_F_lin,y_H_potential_pie,y_H_potential_lin,Delta_H_pie,Delta_H_lin,Delta_F_pie,Delta_F_lin
-0.095150298,-0.095150298,0.095150298,0.095150298,-3.0531133e-16,-3.0531133e-16,-1.6574515e-18,-1.6574515e-18,0.095150298,0.095150298,-0.084404903,-0.084404903,-0.014272659,-0.014272659,-0.084404903,-0.084404903,-0.014272659,-0.014272659,0,0,7.6009779e-07,7.6009779e-07,1.1436326e-17,1.1436326e-17,0.0028511778,0.0028511778,0.0028511778,0.0028511778,1.7596563e-17,1.7596563e-17,-0.080878399,-0.080878399,-0.014272659,-0.014272659,-0.080878399,-0.080878399,-0.014272659,-0.014272659,4.9001022e-17,4.9001022e-17,-5.3845733e-18,-5.3845733e-18,-0.095151058,-0.095151058,3.7331359e-17,3.7331359e-17,0.0048489419,0.0048489419,4.1642734e-17,4.1642734e-17,-0.014271899,-0.014271899,0.014272659,0.014272659,-0.014271899,-0.014271899,0.014272659,0.014272659,7.6009779e-07,7.6009779e-07,1.1097028e-17,1.1097028e-17,-0.095150298,-0.095150298,-0.095150298,-0.095150298,-0.014272659,-0.014272659,7.6009779e-07,7.6009779e-07,1.1863316e-17,1.1863316e-17,-0.014271899,-0.014271899,0.014272659,0.014272659,7.6009779e-05,7.6009779e-05,4.6062249e-17,4.6062249e-17,0.049129418,0.049129418,2.578735e-15,2.578735e-15,0.0052334047,0.0052334047,1.0911157e-15,1.0911157e-15,-0.095150298,-0.095150298,0.095151058,0.095151058,-0.01903006,-0.01903006,9.7432567e-18,9.7432567e-18,-5.9293743e-17,-5.9293743e-17,6.5528831e-17,6.5528831e-17,1.1421579e-19,1.1421579e-19,2.2023447e-19,2.2023447e-19,-0.1,-0.1,-2.5210277e-18,-2.5210277e-18,0,0,0,0,-0.1,-0.1,3.1458414e-10,3.1458414e-10,2.3221816e-33,2.3221816e-33
-0.092313376,-0.092313376,0.092313376,0.092313376,-3.1918912e-16,-3.1918912e-16,-2.7630312e-17,-2.7630312e-17,0.092313376,0.092313376,-0.08042045,-0.08042045,-0.013847217,-0.013847217,-0.08042045,-0.08042045,-0.013847217,-0.013847217,0,0,1.401362e-06,1.401362e-06,-1.3784256e-17,-1.3784256e-17,0.0038598531,0.0038598531,0.0038598531,0.0038598531,3.4895759e-17,3.4895759e-17,-0.078467561,-0.078467561,-0.013847217,-0.013847217,-0.078467561,-0.078467561,-0.013847217,-0.013847217,4.1935348e-17,4.1935348e-17,2.7251686e-17,2.7251686e-17,-0.092314777,-0.092314777,6.2821243e-17,6.2821243e-17,0.0026852225,0.0026852225,6.3570746e-17,6.3570746e-17,-0.013845815,-0.013845815,0.013847217,0.013847217,-0.013845815,-0.013845815,0.013847217,0.013847217,1.401362e-06,1.401362e-06,3.1841443e-17,3.1841443e-17,-0.092313376,-0.092313376,-0.092313376,-0.092313376,-0.013847217,-0.013847217,6.4126425e-07,6.4126425e-07,1.0422837e-17,1.0422837e-17,0.00042608336,0.00042608336,-0.0004254421,-0.0004254421,6.4886522e-05,6.4886522e-05,5.8933636e-17,5.8933636e-17,0.042702655,0.042702655,3.1362771e-15,3.1362771e-15,0.0053066584,0.0053066584,1.2814343e-15,1.2814343e-15,-0.092313376,-0.092313376,0.092314777,0.092314777,-0.018462675,-0.018462675,1.8988728e-17,1.8988728e-17,-1.4867295e-16,-1.4867295e-16,1.6379326e-16,1.6379326e-16,2.540168e-19,2.540168e-19,-6.9915738e-19,-6.9915738e-19,-0.095,-0.095,7.1732576e-18,7.1732576e-18,-1.9092949e-18,-1.9092949e-18,9.2708638e-18,9.2708638e-18,-0.095,-0.095,5.353475e-10,5.353475e-10,3.5341224e-33,3.5341224e-33
-0.088472822,-0.088472822,0.088472822,0.088472822,-3.469447e-16,-3.469447e-16,-5.5890617e-17,-5.5890617e-17,0.088472822,0.088472822,-0.076494635,-0.076494635,-0.01327122,-0.01327122,-0.076494635,-0.076494635,-0.01327122,-0.01327122,0,0,1.9779265e-06,1.9779265e-06,8.7606452e-18,8.7606452e-18,0.0041317,0.0041317,0.0041317,0.0041317,3.3690996e-17,3.3690996e-17,-0.07520358,-0.07520358,-0.01327122,-0.01327122,-0.07520358,-0.07520358,-0.01327122,-0.01327122,4.1627061e-17,4.1627061e-17,3.2578522e-17,3.2578522e-17,-0.0884748,-0.0884748,6.8179922e-17,6.8179922e-17,0.0017751998,0.0017751998,6.693779e-17,6.693779e-17,-0.013269242,-0.013269242,0.01327122,0.01327122,-0.013269242,-0.013269242,0.01327122,0.01327122,1.9779265e-06,1.9779265e-06,5.1852129e-17,5.1852129e-17,-0.088472822,-0.088472822,-0.088472822,-0.088472822,-0.01327122,-0.01327122,5.7656445e-07,5.7656445e-07,1.0586864e-17,1.0586864e-17,0.00057657316,0.00057657316,-0.00057599659,-0.00057599659,5.9057807e-05,5.9057807e-05,7.8833569e-17,7.8833569e-17,0.039362931,0.039362931,4.3782557e-15,4.3782557e-15,0.005375816,0.005375816,1.8910446e-15,1.8910446e-15,-0.088472822,-0.088472822,0.0884748,0.0884748,-0.017694564,-0.017694564,3.2442607e-17,3.2442607e-17,-2.3504257e-16,-2.3504257e-16,2.5785581e-16,2.5785581e-16,3.832095e-19,3.832095e-19,-1.4855455e-18,-1.4855455e-18,-0.09025,-0.09025,1.5904605e-17,1.5904605e-17,-3.5276278e-18,-3.5276278e-18,1.7139504e-17,1.7139504e-17,-0.09025,-0.09025,7.1100029e-10,7.1100029e-10,4.4999397e-33,4.4999397e-33
-0.084361781,-0.084361781,0.084361781,0.084361781,-3.6082248e-16,-3.6082248e-16,-8.2525771e-17,-8.2525771e-17,0.084361781,0.084361781,-0.072708346,-0.072708346,-0.012654644,-0.012654644,-0.072708345,-0.072708345,-0.012654644,-0.012654644,0,0,2.5124849e-06,2.5124849e-06,3.0359264e-17,3.0359264e-17,0.0041128055,0.0041128055,0.0041128055,0.0041128055,3.2490835e-17,3.2490835e-17,-0.071709649,-0.071709649,-0.012654644,-0.012654644,-0.071709649,-0.071709649,-0.012654644,-0.012654644,4.1407847e-17,4.1407847e-17,3.7264831e-17,3.7264831e-17,-0.084364293,-0.084364293,7.2962562e-17,7.2962562e-17,0.0013732067,0.0013732067,6.9583503e-17,6.9583503e-17,-0.012652132,-0.012652132,0.012654644,0.012654644,-0.012652132,-0.012652132,0.012654644,0.012654644,2.5124849e-06,2.5124849e-06,7.1147424e-17,7.1147424e-17,-0.084361781,-0.084361781,-0.084361781,-0.084361781,-0.012654644,-0.012654644,5.3455839e-07,5.3455839e-07,1.0515987e-17,1.0515987e-17,0.00061711059,0.00061711059,-0.00061657604,-0.00061657604,5.5433765e-05,5.5433765e-05,9.7782344e-17,9.7782344e-17,0.037306913,0.037306913,5.567804e-15,5.567804e-15,0.0054413406,0.0054413406,2.4795127e-15,2.4795127e-15,-0.084361781,-0.084361781,0.084364293,0.084364293,-0.016872356,-0.016872356,4.4352986e-17,4.4352986e-17,-3.18584e-16,-3.18584e-16,3.4793655e-16,3.4793655e-16,5.0249615e-19,5.0249615e-19,-2.1540087e-18,-2.1540087e-18,-0.0857375,-0.0857375,2.3744646e-17,2.3744646e-17,-4.8892276e-18,-4.8892276e-18,2.3769339e-17,2.3769339e-17,-0.0857375,-0.0857375,8.5948261e-10,8.5948261e-10,5.1996235e-33,5.1996235e-33
-0.080269539,-0.080269539,0.080269539,0.080269539,-3.7470027e-16,-3.7470027e-16,-1.0757718e-16,-1.0757718e-16,0.080269539,0.080269539,-0.069088451,-0.069088451,-0.012040883,-0.012040883,-0.06908845,-0.06908845,-0.012040883,-0.012040883,0,0,3.0149945e-06,3.0149945e-06,5.1083819e-17,5.1083819e-17,0.00398295,0.00398295,0.00398295,0.00398295,3.1283514e-17,3.1283514e-17,-0.068231671,-0.068231671,-0.012040883,-0.012040883,-0.068231671,-0.068231671,-0.012040883,-0.012040883,4.1246522e-17,4.1246522e-17,4.1311479e-17,4.1311479e-17,-0.080272554,-0.080272554,7.714459e-17,7.714459e-17,0.0011780707,0.0011780707,7.1123986e-17,7.1123986e-17,-0.012037868,-0.012037868,0.012040883,0.012040883,-0.012037868,-0.012037868,0.012040883,0.012040883,3.0149945e-06,3.0149945e-06,8.9725887e-17,8.9725887e-17,-0.080269539,-0.080269539,-0.080269539,-0.080269539,-0.012040883,-0.012040883,5.0250959e-07,5.0250959e-07,1.0327315e-17,1.0327315e-17,0.00061426336,0.00061426336,-0.00061376085,-0.00061376085,5.2763444e-05,5.2763444e-05,1.1584478e-16,1.1584478e-16,0.035804601,0.035804601,6.7070792e-15,6.7070792e-15,0.0055035183,0.0055035183,3.0465167e-15,3.0465167e-15,-0.080269539,-0.080269539,0.080272554,0.080272554,-0.016053908,-0.016053908,5.4875658e-17,5.4875658e-17,-3.9951769e-16,-3.9951769e-16,4.3438563e-16,4.3438563e-16,6.1248712e-19,6.1248712e-19,-2.718193e-18,-2.718193e-18,-0.081450625,-0.081450625,3.0760509e-17,3.0760509e-17,-6.0245655e-18,-6.0245655e-18,2.9306619e-17,2.9306619e-17,-0.081450625,-0.081450625,9.8838269e-10,9.8838269e-10,5.6594994e-33,5.6594994e-33
-0.076306504,-0.076306504,0.076306504,0.076306504,-3.8857806e-16,-3.8857806e-16,-1.3110279e-16,-1.3110279e-16,0.076306504,0.076306504,-0.065640296,-0.065640296,-0.011446499,-0.011446499,-0.065640295,-0.065640295,-0.011446499,-0.011446499,0,0,3.4902301e-06,3.4902301e-06,7.0962112e-17,7.0962112e-17,0.0038144025,0.0038144025,0.0038144025,0.0038144025,3.0070502e-17,3.0070502e-17,-0.064863495,-0.064863495,-0.011446499,-0.011446499,-0.064863495,-0.064863495,-0.011446499,-0.011446499,4.1126328e-17,4.1126328e-17,4.4755538e-17,4.4755538e-17,-0.076309994,-0.076309994,8.074909e-17,8.074909e-17,0.0010680995,0.0010680995,7.1637393e-17,7.1637393e-17,-0.011443009,-0.011443009,0.011446499,0.011446499,-0.011443009,-0.011443009,0.011446499,0.011446499,3.4902301e-06,3.4902301e-06,1.0758238e-16,1.0758238e-16,-0.076306504,-0.076306504,-0.076306504,-0.076306504,-0.011446499,-0.011446499,4.7523567e-07,4.7523567e-07,1.0073126e-17,1.0073126e-17,0.00059485924,0.00059485924,-0.000594384,-0.000594384,5.0538562e-05,5.0538562e-05,1.3305773e-16,1.3305773e-16,0.034559468,0.034559468,7.7972277e-15,7.7972277e-15,0.0055625586,0.0055625586,3.5918209e-15,3.5918209e-15,-0.076306504,-0.076306504,0.076309994,0.076309994,-0.015261301,-0.015261301,6.4151456e-17,6.4151456e-17,-4.7806669e-16,-4.7806669e-16,5.1755988e-16,5.1755988e-16,7.1373826e-19,7.1373826e-19,-3.1903531e-18,-3.1903531e-18,-0.077378094,-0.077378094,3.7014942e-17,3.7014942e-17,-6.9607942e-18,-6.9607942e-18,3.3881987e-17,3.3881987e-17,-0.077378094,-0.077378094,1.1014736e-09,1.1014736e-09,5.9188442e-33,5.9188442e-33
-0.072511174,-0.072511174,0.072511174,0.072511174,-4.1633363e-16,-4.1633363e-16,-1.5316692e-16,-1.5316692e-16,0.072511174,0.072511174,-0.062360812,-0.062360812,-0.010877267,-0.010877267,-0.062360811,-0.062360811,-0.010877267,-0.010877267,0,0,3.9408365e-06,3.9408365e-06,9.0007496e-17,9.0007496e-17,0.0036360379,0.0036360379,0.0036360379,0.0036360379,2.8857657e-17,2.8857657e-17,-0.061637847,-0.061637847,-0.010877267,-0.010877267,-0.061637847,-0.061637847,-0.010877267,-0.010877267,4.1036893e-17,4.1036893e-17,4.7645499e-17,4.7645499e-17,-0.072515114,-0.072515114,8.3815719e-17,8.3815719e-17,0.00099407462,0.00099407462,7.1328819e-17,7.1328819e-17,-0.010873326,-0.010873326,0.010877267,0.010877267,-0.010873326,-0.010873326,0.010877267,0.010877267,3.9408365e-06,3.9408365e-06,1.2471391e-16,1.2471391e-16,-0.072511174,-0.072511174,-0.072511174,-0.072511174,-0.010877267,-0.010877267,4.506064e-07,4.506064e-07,9.7788412e-18,9.7788412e-18,0.00056968258,0.00056968258,-0.00056923198,-0.00056923198,4.855087e-05,4.855087e-05,1.4944837e-16,1.4944837e-16,0.033450104,0.033450104,8.8391359e-15,8.8391359e-15,0.0056186354,0.0056186354,4.1153271e-15,4.1153271e-15,-0.072511174,-0.072511174,0.072515114,0.072515114,-0.014502235,-0.014502235,7.2307555e-17,7.2307555e-17,-5.5444308e-16,-5.5444308e-16,5.977895e-16,5.977895e-16,8.0676693e-19,8.0676693e-19,-3.5814537e-18,-3.5814537e-18,-0.073509189,-0.073509189,4.2566521e-17,4.2566521e-17,-7.7221121e-18,-7.7221121e-18,3.7612006e-17,3.7612006e-17,-0.073509189,-0.073509189,1.2010175e-09,1.2010175e-09,6.0169578e-33,6.0169578e-33
-0.068893316,-0.068893316,0.068893316,0.068893316,-4.3021142e-16,-4.3021142e-16,-1.7383605e-16,-1.7383605e-16,0.068893316,0.068893316,-0.059243793,-0.059243793,-0.010334653,-0.010334653,-0.059243792,-0.059243792,-0.010334653,-0.010334653,0,0,4.3685624e-06,4.3685624e-06,1.0823041e-16,1.0823041e-16,0.0034592248,0.0034592248,0.0034592248,0.0034592248,2.7651773e-17,2.7651773e-17,-0.058563032,-0.058563032,-0.010334653,-0.010334653,-0.058563032,-0.058563032,-0.010334653,-0.010334653,4.0970923e-17,4.0970923e-17,5.003153e-17,5.003153e-17,-0.068897685,-0.068897685,8.6388378e-17,8.6388378e-17,0.0009360451,0.0009360451,7.0409912e-17,7.0409912e-17,-0.010330284,-0.010330284,0.010334653,0.010334653,-0.010330284,-0.010330284,0.010334653,0.010334653,4.3685624e-06,4.3685624e-06,1.4112144e-16,1.4112144e-16,-0.068893316,-0.068893316,-0.068893316,-0.068893316,-0.010334653,-0.010334653,4.2772581e-07,4.2772581e-07,9.4584433e-18,9.4584433e-18,0.00054304222,0.00054304222,-0.00054261449,-0.00054261449,4.6713418e-05,4.6713418e-05,1.6504123e-16,1.6504123e-16,0.032425891,0.032425891,9.8337081e-15,9.8337081e-15,0.0056719037,0.0056719037,4.61708e-15,4.61708e-15,-0.068893316,-0.068893316,0.068897685,0.068897685,-0.013778663,-0.013778663,7.9458744e-17,7.9458744e-17,-6.2884365e-16,-6.2884365e-16,6.7537228e-16,6.7537228e-16,8.9205928e-19,8.9205928e-19,-3.9012856e-18,-3.9012856e-18,-0.06983373,-0.06983373,4.7469884e-17,4.7469884e-17,-8.3300779e-18,-8.3300779e-18,4.0600587e-17,4.0600587e-17,-0.06983373,-0.06983373,1.2886233e-09,1.2886233e-09,5.9888438e-33,5.9888438e-33
-0.065451387,-0.065451387,0.065451387,0.065451387,-4.4408921e-16,-4.4408921e-16,-1.9317679e-16,-1.9317679e-16,0.065451387,0.065451387,-0.056282016,-0.056282016,-0.0098184243,-0.0098184243,-0.056282015,-0.056282015,-0.0098184243,-0.0098184243,0,0,4.7747604e-06,4.7747604e-06,1.2564258e-16,1.2564258e-16,0.0032882779,0.0032882779,0.0032882779,0.0032882779,2.6459286e-17,2.6459286e-17,-0.055637738,-0.055637738,-0.0098184243,-0.0098184243,-0.055637738,-0.055637738,-0.0098184243,-0.0098184243,4.0922802e-17,4.0922802e-17,5.1961806e-17,5.1961806e-17,-0.065456162,-0.065456162,8.851042e-17,8.851042e-17,0.00088588111,0.00088588111,6.9061463e-17,6.9061463e-17,-0.0098136495,-0.0098136495,0.0098184243,0.0098184243,-0.0098136495,-0.0098136495,0.0098184243,0.0098184243,4.7747604e-06,4.7747604e-06,1.568101e-16,1.568101e-16,-0.065451387,-0.065451387,-0.065451387,-0.065451387,-0.0098184243,-0.0098184243,4.0619809e-07,4.0619809e-07,9.1207662e-18,9.1207662e-18,0.00051663457,0.00051663457,-0.00051622837,-0.00051622837,4.4988372e-05,4.4988372e-05,1.7986077e-16,1.7986077e-16,0.031464873,0.031464873,1.0781956e-14,1.0781956e-14,0.0057225066,0.0057225066,5.0972548e-15,5.0972548e-15,-0.065451387,-0.065451387,0.065456162,0.065456162,-0.013090277,-0.013090277,8.5708606e-17,8.5708606e-17,-7.0144912e-16,-7.0144912e-16,7.5057532e-16,7.5057532e-16,9.7007404e-19,9.7007404e-19,-4.1585805e-18,-4.1585805e-18,-0.066342043,-0.066342043,5.1775969e-17,5.1775969e-17,-8.8038895e-18,-8.8038895e-18,4.2940289e-17,4.2940289e-17,-0.066342043,-0.066342043,1.3655778e-09,1.3655778e-09,5.8642411e-33,5.8642411e-33
-0.062179551,-0.062179551,0.062179551,0.062179551,-4.510281e-16,-4.510281e-16,-2.11255e-16,-2.11255e-16,0.062179551,0.062179551,-0.053468082,-0.053468082,-0.0093277067,-0.0093277067,-0.053468081,-0.053468081,-0.0093277067,-0.0093277067,0,0,5.1605915e-06,5.1605915e-06,1.4225823e-16,1.4225823e-16,0.0031246774,0.0031246774,0.0031246774,0.0031246774,2.5285848e-17,2.5285848e-17,-0.052857005,-0.052857005,-0.0093277067,-0.0093277067,-0.052857005,-0.052857005,-0.0093277067,-0.0093277067,4.088798e-17,4.088798e-17,5.3481249e-17,5.3481249e-17,-0.062184711,-0.062184711,9.0222899e-17,9.0222899e-17,0.00084022966,0.00084022966,6.7426703e-17,6.7426703e-17,-0.0093225461,-0.0093225461,0.0093277067,0.0093277067,-0.0093225461,-0.0093225461,0.0093277067,0.0093277067,5.1605915e-06,5.1605915e-06,1.7178887e-16,1.7178887e-16,-0.062179551,-0.062179551,-0.062179551,-0.062179551,-0.0093277067,-0.0093277067,3.8583108e-07,3.8583108e-07,8.7721005e-18,8.7721005e-18,0.00049110344,0.00049110344,-0.00049071761,-0.00049071761,4.3357869e-05,4.3357869e-05,1.9393215e-16,1.9393215e-16,0.030556746,0.030556746,1.1685015e-14,1.1685015e-14,0.0057705787,0.0057705787,5.5561398e-15,5.5561398e-15,-0.062179551,-0.062179551,0.062184711,0.062184711,-0.01243591,-0.01243591,9.1150594e-17,9.1150594e-17,-7.7242479e-16,-7.7242479e-16,8.2363824e-16,8.2363824e-16,1.0412448e-18,1.0412448e-18,-4.3611188e-18,-4.3611188e-18,-0.063024941,-0.063024941,5.5532242e-17,5.5532242e-17,-9.1606307e-18,-9.1606307e-18,4.4713499e-17,4.4713499e-17,-0.063024941,-0.063024941,1.4329794e-09,1.4329794e-09,5.6678516e-33,5.6678516e-33
-0.059070497,-0.059070497,0.059070497,0.059070497,-4.6490589e-16,-4.6490589e-16,-2.2813526e-16,-2.2813526e-16,0.059070497,0.059070497,-0.050794745,-0.050794745,-0.0088614036,-0.0088614036,-0.050794744,-0.050794744,-0.0088614036,-0.0088614036,0,0,5.527108e-06,5.527108e-06,1.5809424e-16,1.5809424e-16,0.0029687719,0.0029687719,0.0029687719,0.0029687719,2.4136227e-17,2.4136227e-17,-0.05021462,-0.05021462,-0.0088614036,-0.0088614036,-0.05021462,-0.05021462,-0.0088614036,-0.0088614036,4.0862668e-17,4.0862668e-17,5.4631233e-17,5.4631233e-17,-0.059076024,-0.059076024,9.1564024e-17,9.1564024e-17,0.0007976701,0.0007976701,6.56149e-17,6.56149e-17,-0.0088558765,-0.0088558765,0.0088614036,0.0088614036,-0.0088558765,-0.0088558765,0.0088614036,0.0088614036,5.527108e-06,5.527108e-06,1.8607003e-16,1.8607003e-16,-0.059070497,-0.059070497,-0.059070497,-0.059070497,-0.0088614036,-0.0088614036,3.6651647e-07,3.6651647e-07,8.4172999e-18,8.4172999e-18,0.00046666964,0.00046666964,-0.00046630312,-0.00046630312,4.1812239e-05,4.1812239e-05,2.0728137e-16,2.0728137e-16,0.029695979,0.029695979,1.2544134e-14,1.2544134e-14,0.0058162469,0.0058162469,5.9941188e-15,5.9941188e-15,-0.059070497,-0.059070497,0.059076024,0.059076024,-0.011814099,-0.011814099,9.586901e-17,9.586901e-17,-8.4192154e-16,-8.4192154e-16,8.9477643e-16,8.9477643e-16,1.1059815e-18,1.1059815e-18,-4.515827e-18,-4.515827e-18,-0.059873694,-0.059873694,5.8782921e-17,5.8782921e-17,-9.4154931e-18,-9.4154931e-18,4.5993491e-17,4.5993491e-17,-0.059873694,-0.059873694,1.4917946e-09,1.4917946e-09,5.4199292e-33,5.4199292e-33
-0.056116569,-0.056116569,0.056116569,0.056116569,-4.7878368e-16,-4.7878368e-16,-2.4388057e-16,-2.4388057e-16,0.056116569,0.056116569,-0.048255035,-0.048255035,-0.0084183666,-0.0084183666,-0.048255034,-0.048255034,-0.0084183666,-0.0084183666,0,0,5.8752893e-06,5.8752893e-06,1.7316991e-16,1.7316991e-16,0.0028204659,0.0028204659,0.0028204659,0.0028204659,2.3014346e-17,2.3014346e-17,-0.047704077,-0.047704077,-0.0084183666,-0.0084183666,-0.047704077,-0.047704077,-0.0084183666,-0.0084183666,4.0843688e-17,4.0843688e-17,5.544966e-17,5.544966e-17,-0.056122444,-0.056122444,9.2569096e-17,9.2569096e-17,0.0007575653,0.0007575653,6.370755e-17,6.370755e-17,-0.0084124913,-0.0084124913,0.0084183666,0.0084183666,-0.0084124913,-0.0084124913,0.0084183666,0.0084183666,5.8752893e-06,5.8752893e-06,1.9966867e-16,1.9966867e-16,-0.056116569,-0.056116569,-0.056116569,-0.056116569,-0.0084183666,-0.0084183666,3.4818134e-07,3.4818134e-07,8.060278e-18,8.060278e-18,0.00044338516,0.00044338516,-0.00044303698,-0.00044303698,4.0345242e-05,4.0345242e-05,2.1993508e-16,2.1993508e-16,0.02887904,0.02887904,1.3360655e-14,1.3360655e-14,0.0058596315,0.0058596315,6.4116545e-15,6.4116545e-15,-0.056116569,-0.056116569,0.056122444,0.056122444,-0.011223314,-0.011223314,9.9939893e-17,9.9939893e-17,-9.1007708e-16,-9.1007708e-16,9.6418377e-16,9.6418377e-16,1.1646722e-18,1.1646722e-18,-4.6288666e-18,-4.6288666e-18,-0.056880009,-0.056880009,6.1569172e-17,6.1569172e-17,-9.5819751e-18,-9.5819751e-18,4.6845381e-17,4.6845381e-17,-0.056880009,-0.056880009,1.5428865e-09,1.5428865e-09,5.1369203e-33,5.1369203e-33
-0.053310205,-0.053310205,0.053310205,0.053310205,-4.9266147e-16,-4.9266147e-16,-2.5855214e-16,-2.5855214e-16,0.053310205,0.053310205,-0.045842294,-0.045842294,-0.0079974617,-0.0079974617,-0.045842293,-0.045842293,-0.0079974617,-0.0079974617,0,0,6.2060578e-06,6.2060578e-06,1.875065e-16,1.875065e-16,0.0026794962,0.0026794962,0.0026794962,0.0026794962,2.1923359e-17,2.1923359e-17,-0.045318949,-0.045318949,-0.0079974617,-0.0079974617,-0.045318949,-0.045318949,-0.0079974617,-0.0079974617,4.0828363e-17,4.0828363e-17,5.5971158e-17,5.5971158e-17,-0.053316411,-0.053316411,9.327061e-17,9.327061e-17,0.00071959768,0.00071959768,6.1764421e-17,6.1764421e-17,-0.0079912556,-0.0079912556,0.0079974617,0.0079974617,-0.0079912556,-0.0079912556,0.0079974617,0.0079974617,6.2060578e-06,6.2060578e-06,2.126021e-16,2.126021e-16,-0.053310205,-0.053310205,-0.053310205,-0.053310205,-0.0079974617,-0.0079974617,3.3076851e-07,3.3076851e-07,7.7042531e-18,7.7042531e-18,0.00042123569,0.00042123569,-0.00042090493,-0.00042090493,3.895214e-05,3.895214e-05,2.3192039e-16,2.3192039e-16,0.028103266,0.028103266,1.4135995e-14,1.4135995e-14,0.0059008468,0.0059008468,6.8092734e-15,6.8092734e-15,-0.053310205,-0.053310205,0.053316411,0.053316411,-0.010662041,-0.010662041,1.0343182e-16,1.0343182e-16,-9.7701705e-16,-9.7701705e-16,1.032035e-15,1.032035e-15,1.2176837e-18,1.2176837e-18,-4.7057144e-18,-4.7057144e-18,-0.054036009,-0.054036009,6.3929312e-17,6.3929312e-17,-9.6720593e-18,-9.6720593e-18,4.7326985e-17,4.7326985e-17,-0.054036009,-0.054036009,1.5870302e-09,1.5870302e-09,4.8320562e-33,4.8320562e-33
-0.050644106,-0.050644106,0.050644106,0.050644106,-5.0653925e-16,-5.0653925e-16,-2.7220926e-16,-2.7220926e-16,0.050644106,0.050644106,-0.043550184,-0.043550184,-0.007597594,-0.007597594,-0.043550183,-0.043550183,-0.007597594,-0.007597594,0,0,6.5202864e-06,6.5202864e-06,2.0112685e-16,2.0112685e-16,0.002545543,0.002545543,0.002545543,0.002545543,2.0865739e-17,2.0865739e-17,-0.043053033,-0.043053033,-0.007597594,-0.007597594,-0.043053033,-0.043053033,-0.007597594,-0.007597594,4.0814447e-17,4.0814447e-17,5.6227329e-17,5.6227329e-17,-0.050650627,-0.050650627,9.3698438e-17,9.3698438e-17,0.00068358171,0.00068358171,5.9828668e-17,5.9828668e-17,-0.0075910737,-0.0075910737,0.007597594,0.007597594,-0.0075910737,-0.0075910737,0.007597594,0.007597594,6.5202864e-06,6.5202864e-06,2.2488946e-16,2.2488946e-16,-0.050644106,-0.050644106,-0.050644106,-0.050644106,-0.007597594,-0.007597594,3.1422857e-07,3.1422857e-07,7.3518853e-18,7.3518853e-18,0.0004001819,0.0004001819,-0.00039986767,-0.00039986767,3.7628915e-05,3.7628915e-05,2.4326467e-16,2.4326467e-16,0.027366409,0.027366409,1.4871623e-14,1.4871623e-14,0.0059400014,0.0059400014,7.1875527e-15,7.1875527e-15,-0.050644106,-0.050644106,0.050650627,0.050650627,-0.010128821,-0.010128821,1.0640662e-16,1.0640662e-16,-1.0428561e-15,-1.0428561e-15,1.098488e-15,1.098488e-15,1.2653631e-18,1.2653631e-18,-4.7512339e-18,-4.7512339e-18,-0.051334208,-0.051334208,6.5898986e-17,6.5898986e-17,-9.6963732e-18,-9.6963732e-18,4.7489586e-17,4.7489586e-17,-0.051334208,-0.051334208,1.6249236e-09,1.6249236e-09,4.5158707e-33,4.5158707e-33
-0.048111291,-0.048111291,0.048111291,0.048111291,-5.2041704e-16,-5.2041704e-16,-2.8490919e-16,-2.8490919e-16,0.048111291,0.048111291,-0.041372677,-0.041372677,-0.0072177165,-0.0072177165,-0.041372676,-0.041372676,-0.0072177165,-0.0072177165,0,0,6.8188029e-06,6.8188029e-06,2.1405502e-16,2.1405502e-16,0.0024182746,0.0024182746,0.0024182746,0.0024182746,1.984336e-17,1.984336e-17,-0.040900393,-0.040900393,-0.0072177165,-0.0072177165,-0.040900393,-0.040900393,-0.0072177165,-0.0072177165,4.0800064e-17,4.0800064e-17,5.6246988e-17,5.6246988e-17,-0.04811811,-0.04811811,9.3880009e-17,9.3880009e-17,0.00064938806,0.00064938806,5.7930891e-17,5.7930891e-17,-0.0072108977,-0.0072108977,0.0072177165,0.0072177165,-0.0072108977,-0.0072108977,0.0072177165,0.0072177165,6.8188029e-06,6.8188029e-06,2.3655131e-16,2.3655131e-16,-0.048111291,-0.048111291,-0.048111291,-0.048111291,-0.0072177165,-0.0072177165,2.9851653e-07,2.9851653e-07,7.0053681e-18,7.0053681e-18,0.00038017603,0.00038017603,-0.00037987751,-0.00037987751,3.6371939e-05,3.6371939e-05,2.5399529e-16,2.5399529e-16,0.026666447,0.026666447,1.5569046e-14,1.5569046e-14,0.0059771982,0.0059771982,7.5471087e-15,7.5471087e-15,-0.048111291,-0.048111291,0.04811811,0.04811811,-0.0096222582,-0.0096222582,1.0892005e-16,1.0892005e-16,-1.1076988e-15,-1.1076988e-15,1.1636852e-15,1.1636852e-15,1.3080388e-18,1.3080388e-18,-4.7697401e-18,-4.7697401e-18,-0.048767498,-0.048767498,6.7511341e-17,6.7511341e-17,-9.6643317e-18,-9.6643317e-18,4.7378626e-17,4.7378626e-17,-0.048767498,-0.048767498,1.657196e-09,1.657196e-09,4.1966436e-33,4.1966436e-33
-0.045705108,-0.045705108,0.045705108,0.045705108,-5.2041704e-16,-5.2041704e-16,-2.967071e-16,-2.967071e-16,0.045705108,0.045705108,-0.039304044,-0.039304044,-0.0068568315,-0.0068568315,-0.039304043,-0.039304043,-0.0068568315,-0.0068568315,0,0,7.1023934e-06,7.1023934e-06,2.2631596e-16,2.2631596e-16,0.0022973644,0.0022973644,0.0022973644,0.0022973644,1.8857583e-17,1.8857583e-17,-0.038855379,-0.038855379,-0.0068568315,-0.0068568315,-0.038855379,-0.038855379,-0.0068568315,-0.0068568315,4.0783662e-17,4.0783662e-17,5.6056399e-17,5.6056399e-17,-0.04571221,-0.04571221,9.3840497e-17,9.3840497e-17,0.00061691277,0.00061691277,5.6092281e-17,5.6092281e-17,-0.0068497291,-0.0068497291,0.0068568315,0.0068568315,-0.0068497291,-0.0068497291,0.0068568315,0.0068568315,7.1023934e-06,7.1023934e-06,2.4760924e-16,2.4760924e-16,-0.045705108,-0.045705108,-0.045705108,-0.045705108,-0.0068568315,-0.0068568315,2.8359045e-07,2.8359045e-07,6.6664948e-18,6.6664948e-18,0.00036116853,0.00036116853,-0.00036088494,-0.00036088494,3.5177848e-05,3.5177848e-05,2.6413952e-16,2.6413952e-16,0.026001505,0.026001505,1.6229792e-14,1.6229792e-14,0.0060125352,0.0060125352,7.8885867e-15,7.8885867e-15,-0.045705108,-0.045705108,0.04571221,0.04571221,-0.0091410216,-0.0091410216,1.1102236e-16,1.1102236e-16,-1.1716408e-15,-1.1716408e-15,1.2277555e-15,1.2277555e-15,1.3460212e-18,1.3460212e-18,-4.7650573e-18,-4.7650573e-18,-0.046329123,-0.046329123,6.8797184e-17,6.8797184e-17,-9.5842666e-18,-9.5842666e-18,4.7034327e-17,4.7034327e-17,-0.046329123,-0.046329123,1.6844146e-09,1.6844146e-09,3.8807782e-33,3.8807782e-33
-0.04341923,-0.04341923,0.04341923,0.04341923,-5.4123372e-16,-5.4123372e-16,-3.0765602e-16,-3.0765602e-16,0.04341923,0.04341923,-0.037338842,-0.037338842,-0.0065139903,-0.0065139903,-0.037338841,-0.037338841,-0.0065139903,-0.0065139903,0,0,7.3718042e-06,7.3718042e-06,2.3793518e-16,2.3793518e-16,0.0021824976,0.0021824976,0.0021824976,0.0021824976,1.790932e-17,1.790932e-17,-0.036912612,-0.036912612,-0.0065139903,-0.0065139903,-0.036912612,-0.036912612,-0.0065139903,-0.0065139903,4.0763964e-17,4.0763964e-17,5.5679485e-17,5.5679485e-17,-0.043426602,-0.043426602,9.3602991e-17,9.3602991e-17,0.00058606476,0.00058606476,5.4327015e-17,5.4327015e-17,-0.0065066185,-0.0065066185,0.0065139903,0.0065139903,-0.0065066185,-0.0065066185,0.0065139903,0.0065139903,7.3718042e-06,7.3718042e-06,2.5808559e-16,2.5808559e-16,-0.04341923,-0.04341923,-0.04341923,-0.04341923,-0.0065139903,-0.0065139903,2.6941083e-07,2.6941083e-07,6.3367139e-18,6.3367139e-18,0.00034311063,0.00034311063,-0.00034284122,-0.00034284122,3.4043476e-05,3.4043476e-05,2.7372432e-16,2.7372432e-16,0.025369817,0.025369817,1.6855397e-14,1.6855397e-14,0.0060461053,0.0060461053,8.2126526e-15,8.2126526e-15,-0.04341923,-0.04341923,0.043426602,0.043426602,-0.0086838461,-0.0086838461,1.1275882e-16,1.1275882e-16,-1.2347693e-15,-1.2347693e-15,1.2908155e-15,1.2908155e-15,1.3796038e-18,1.3796038e-18,-4.7405715e-18,-4.7405715e-18,-0.044012667,-0.044012667,6.9785136e-17,6.9785136e-17,-9.4635418e-18,-9.4635418e-18,4.6492244e-17,4.6492244e-17,-0.044012667,-0.044012667,1.7070915e-09,1.7070915e-09,3.5731237e-33,3.5731237e-33
-0.041247645,-0.041247645,0.041247645,0.041247645,-5.4817262e-16,-5.4817262e-16,-3.1780683e-16,-3.1780683e-16,0.041247645,0.041247645,-0.0354719,-0.0354719,-0.0061882909,-0.0061882909,-0.035471899,-0.035471899,-0.0061882909,-0.0061882909,0,0,7.6277445e-06,7.6277445e-06,2.489385e-16,2.489385e-16,0.0020733733,0.0020733733,0.0020733733,0.0020733733,1.6999101e-17,1.6999101e-17,-0.035066982,-0.035066982,-0.0061882909,-0.0061882909,-0.035066982,-0.035066982,-0.0061882909,-0.0061882909,4.0739939e-17,4.0739939e-17,5.5138031e-17,5.5138031e-17,-0.041255273,-0.041255273,9.3188661e-17,9.3188661e-17,0.00055676056,0.00055676056,5.2644066e-17,5.2644066e-17,-0.0061806632,-0.0061806632,0.0061882909,0.0061882909,-0.0061806632,-0.0061806632,0.0061882909,0.0061882909,7.6277445e-06,7.6277445e-06,2.680032e-16,2.680032e-16,-0.041247645,-0.041247645,-0.041247645,-0.041247645,-0.0061882909,-0.0061882909,2.5594025e-07,2.5594025e-07,6.0171753e-18,6.0171753e-18,0.00032595531,0.00032595531,-0.00032569937,-0.00032569937,3.2965829e-05,3.2965829e-05,2.8277621e-16,2.8277621e-16,0.024769718,0.024769718,1.7447394e-14,1.7447394e-14,0.006077997,0.006077997,8.5199852e-15,8.5199852e-15,-0.041247645,-0.041247645,0.041255273,0.041255273,-0.008249529,-0.008249529,1.1417023e-16,1.1417023e-16,-1.2971639e-15,-1.2971639e-15,1.3529708e-15,1.3529708e-15,1.4090641e-18,1.4090641e-18,-4.6992764e-18,-4.6992764e-18,-0.041812034,-0.041812034,7.0501771e-17,7.0501771e-17,-9.3086564e-18,-9.3086564e-18,4.5783766e-17,4.5783766e-17,-0.041812034,-0.041812034,1.7256883e-09,1.7256883e-09,3.2772483e-33,3.2772483e-33
-0.039184639,-0.039184639,0.039184639,0.039184639,-5.6205041e-16,-5.6205041e-16,-3.2720822e-16,-3.2720822e-16,0.039184639,0.039184639,-0.033698305,-0.033698305,-0.0058788765,-0.0058788765,-0.033698304,-0.033698304,-0.0058788765,-0.0058788765,0,0,7.8708877e-06,7.8708877e-06,2.593519e-16,2.593519e-16,0.0019697048,0.0019697048,0.0019697048,0.0019697048,1.6127128e-17,1.6127128e-17,-0.033313633,-0.033313633,-0.0058788765,-0.0058788765,-0.033313633,-0.033313633,-0.0058788765,-0.0058788765,4.0710762e-17,4.0710762e-17,5.445186e-17,5.445186e-17,-0.03919251,-0.03919251,9.2616906e-17,9.2616906e-17,0.00052892215,0.00052892215,5.1048569e-17,5.1048569e-17,-0.0058710056,-0.0058710056,0.0058788765,0.0058788765,-0.0058710056,-0.0058710056,0.0058788765,0.0058788765,7.8708877e-06,7.8708877e-06,2.7738517e-16,2.7738517e-16,-0.039184639,-0.039184639,-0.039184639,-0.039184639,-0.0058788765,-0.0058788765,2.4314322e-07,2.4314322e-07,5.70877e-18,5.70877e-18,0.00030965763,0.00030965763,-0.00030941449,-0.00030941449,3.1942066e-05,3.1942066e-05,2.913212e-16,2.913212e-16,0.024199625,0.024199625,1.8007304e-14,1.8007304e-14,0.006108294,0.006108294,8.8112699e-15,8.8112699e-15,-0.039184639,-0.039184639,0.03919251,0.03919251,-0.0078369278,-0.0078369278,1.1529334e-16,1.1529334e-16,-1.3588976e-15,-1.3588976e-15,1.4143172e-15,1.4143172e-15,1.4346644e-18,1.4346644e-18,-4.643816e-18,-4.643816e-18,-0.039721432,-0.039721432,7.097175e-17,7.097175e-17,-9.1253382e-18,-9.1253382e-18,4.4936563e-17,4.4936563e-17,-0.039721432,-0.039721432,1.7406215e-09,1.7406215e-09,2.9956722e-33,2.9956722e-33
-0.037224782,-0.037224782,0.037224782,0.037224782,-5.689893e-16,-5.689893e-16,-3.3590675e-16,-3.3590675e-16,0.037224782,0.037224782,-0.03201339,-0.03201339,-0.0055849327,-0.0055849327,-0.032013389,-0.032013389,-0.0055849327,-0.0055849327,0,0,8.1018737e-06,8.1018737e-06,2.6920124e-16,2.6920124e-16,0.0018712197,0.0018712197,0.0018712197,0.0018712197,1.5293325e-17,1.5293325e-17,-0.031647952,-0.031647952,-0.0055849327,-0.0055849327,-0.031647952,-0.031647952,-0.0055849327,-0.0055849327,4.0675791e-17,4.0675791e-17,5.3639005e-17,5.3639005e-17,-0.037232884,-0.037232884,9.1905493e-17,9.1905493e-17,0.00050247588,0.00050247588,4.9542849e-17,4.9542849e-17,-0.0055768308,-0.0055768308,0.0055849327,0.0055849327,-0.0055768308,-0.0055768308,0.0055849327,0.0055849327,8.1018737e-06,8.1018737e-06,2.8625465e-16,2.8625465e-16,-0.037224782,-0.037224782,-0.037224782,-0.037224782,-0.0055849327,-0.0055849327,2.3098605e-07,2.3098605e-07,5.4121659e-18,5.4121659e-18,0.00029417479,0.00029417479,-0.0002939438,-0.0002939438,3.0969493e-05,3.0969493e-05,2.9938471e-16,2.9938471e-16,0.023658037,0.023658037,1.8536629e-14,1.8536629e-14,0.0061370762,0.0061370762,9.0871932e-15,9.0871932e-15,-0.037224782,-0.037224782,0.037232884,0.037232884,-0.0074449565,-0.0074449565,1.1616124e-16,1.1616124e-16,-1.4200369e-15,-1.4200369e-15,1.4749413e-15,1.4749413e-15,1.4566527e-18,1.4566527e-18,-4.5765213e-18,-4.5765213e-18,-0.03773536,-0.03773536,7.1217949e-17,7.1217949e-17,-8.9186265e-18,-8.9186265e-18,4.3974986e-17,4.3974986e-17,-0.03773536,-0.03773536,1.7522668e-09,1.7522668e-09,2.7300645e-33,2.7300645e-33
-0.035362919,-0.035362919,0.035362919,0.035362919,-5.7592819e-16,-5.7592819e-16,-3.4394684e-16,-3.4394684e-16,0.035362919,0.035362919,-0.030412721,-0.030412721,-0.005305686,-0.005305686,-0.030412719,-0.030412719,-0.005305686,-0.005305686,0,0,8.3213105e-06,8.3213105e-06,2.7851217e-16,2.7851217e-16,0.0017776587,0.0017776587,0.0017776587,0.0017776587,1.4497383e-17,1.4497383e-17,-0.030065554,-0.030065554,-0.005305686,-0.005305686,-0.030065554,-0.030065554,-0.005305686,-0.005305686,4.0634535e-17,4.0634535e-17,5.2715859e-17,5.2715859e-17,-0.03537124,-0.03537124,9.1070683e-17,9.1070683e-17,0.00047735203,0.00047735203,4.8127191e-17,4.8127191e-17,-0.0052973647,-0.0052973647,0.005305686,0.005305686,-0.0052973647,-0.0052973647,0.005305686,0.005305686,8.3213105e-06,8.3213105e-06,2.9463472e-16,2.9463472e-16,-0.035362919,-0.035362919,-0.035362919,-0.035362919,-0.005305686,-0.005305686,2.1943675e-07,2.1943675e-07,5.1278389e-18,5.1278389e-18,0.00027946606,0.00027946606,-0.00027924662,-0.00027924662,3.0045548e-05,3.0045548e-05,3.0699144e-16,3.0699144e-16,0.023143529,0.023143529,1.9036842e-14,1.9036842e-14,0.0061644193,0.0061644193,9.3484382e-15,9.3484382e-15,-0.035362919,-0.035362919,0.03537124,0.03537124,-0.0070725838,-0.0070725838,1.168037e-16,1.168037e-16,-1.4806427e-15,-1.4806427e-15,1.534922e-15,1.534922e-15,1.4752631e-18,1.4752631e-18,-4.499445e-18,-4.499445e-18,-0.035848592,-0.035848592,7.1261569e-17,7.1261569e-17,-8.692947e-18,-8.692947e-18,4.2920427e-17,4.2920427e-17,-0.035848592,-0.035848592,1.7609632e-09,1.7609632e-09,2.4814115e-33,2.4814115e-33
-0.033594148,-0.033594148,0.033594148,0.033594148,-5.7592819e-16,-5.7592819e-16,-3.5137083e-16,-3.5137083e-16,0.033594148,0.033594148,-0.028892085,-0.028892085,-0.0050404017,-0.0050404017,-0.028892083,-0.028892083,-0.0050404017,-0.0050404017,0,0,8.5297754e-06,8.5297754e-06,2.8730999e-16,2.8730999e-16,0.0016887758,0.0016887758,0.0016887758,0.0016887758,1.3738794e-17,1.3738794e-17,-0.028562276,-0.028562276,-0.0050404017,-0.0050404017,-0.028562276,-0.028562276,-0.0050404017,-0.0050404017,4.0586638e-17,4.0586638e-17,5.1697311e-17,5.1697311e-17,-0.033602678,-0.033602678,9.0127351e-17,9.0127351e-17,0.0004534844,0.0004534844,4.6800414e-17,4.6800414e-17,-0.005031872,-0.005031872,0.0050404017,0.0050404017,-0.005031872,-0.005031872,0.0050404017,0.0050404017,8.5297754e-06,8.5297754e-06,3.0254821e-16,3.0254821e-16,-0.033594148,-0.033594148,-0.033594148,-0.033594148,-0.0050404017,-0.0050404017,2.0846491e-07,2.0846491e-07,4.8560996e-18,4.8560996e-18,0.00026549276,0.00026549276,-0.0002652843,-0.0002652843,2.9167801e-05,2.9167801e-05,3.1416538e-16,3.1416538e-16,0.022654746,0.022654746,1.9509385e-14,1.9509385e-14,0.0061903952,0.0061903952,9.5956808e-15,9.5956808e-15,-0.033594148,-0.033594148,0.033602678,0.033602678,-0.0067188297,-0.0067188297,1.1724751e-16,1.1724751e-16,-1.5407704e-15,-1.5407704e-15,1.5943306e-15,1.5943306e-15,1.490717e-18,1.490717e-18,-4.4143907e-18,-4.4143907e-18,-0.034056163,-0.034056163,7.1122254e-17,7.1122254e-17,-8.4521784e-18,-8.4521784e-18,4.1791641e-17,4.1791641e-17,-0.034056163,-0.034056163,1.7670162e-09,1.7670162e-09,2.2501567e-33,2.2501567e-33
-0.031913817,-0.031913817,0.031913817,0.031913817,-5.8980598e-16,-5.8980598e-16,-3.5821897e-16,-3.5821897e-16,0.031913817,0.031913817,-0.02744748,-0.02744748,-0.0047883816,-0.0047883816,-0.027447479,-0.027447479,-0.0047883816,-0.0047883816,0,0,8.7278171e-06,8.7278171e-06,2.9561952e-16,2.9561952e-16,0.001604337,0.001604337,0.001604337,0.001604337,1.3016892e-17,1.3016892e-17,-0.027134163,-0.027134163,-0.0047883816,-0.0047883816,-0.027134163,-0.027134163,-0.0047883816,-0.0047883816,4.0531856e-17,4.0531856e-17,5.0596878e-17,5.0596878e-17,-0.031922544,-0.031922544,8.9089094e-17,8.9089094e-17,0.00043081017,0.00043081017,4.5560305e-17,4.5560305e-17,-0.0047796538,-0.0047796538,0.0047883816,0.0047883816,-0.0047796538,-0.0047796538,0.0047883816,0.0047883816,8.7278171e-06,8.7278171e-06,3.1001764e-16,3.1001764e-16,-0.031913817,-0.031913817,-0.031913817,-0.031913817,-0.0047883816,-0.0047883816,1.9804166e-07,1.9804166e-07,4.5971179e-18,4.5971179e-18,0.00025221813,0.00025221813,-0.00025202009,-0.00025202009,2.8333942e-05,2.8333942e-05,3.2092974e-16,3.2092974e-16,0.022190403,0.022190403,1.9955665e-14,1.9955665e-14,0.0062150723,0.0062150723,9.8295863e-15,9.8295863e-15,-0.031913817,-0.031913817,0.031922544,0.031922544,-0.0063827633,-0.0063827633,1.1751678e-16,1.1751678e-16,-1.6004712e-15,-1.6004712e-15,1.6532321e-15,1.6532321e-15,1.5032233e-18,1.5032233e-18,-4.3229405e-18,-4.3229405e-18,-0.032353354,-0.032353354,7.0818187e-17,7.0818187e-17,-8.1997124e-18,-8.1997124e-18,4.0605036e-17,4.0605036e-17,-0.032353354,-0.032353354,1.7707016e-09,1.7707016e-09,2.0363202e-33,2.0363202e-33
-0.030317501,-0.030317501,0.030317501,0.030317501,-5.9327543e-16,-5.9327543e-16,-3.6452952e-16,-3.6452952e-16,0.030317501,0.030317501,-0.026075106,-0.026075106,-0.0045489626,-0.0045489626,-0.026075105,-0.026075105,-0.0045489626,-0.0045489626,0,0,8.9159566e-06,8.9159566e-06,3.0346504e-16,3.0346504e-16,0.0015241202,0.0015241202,0.0015241202,0.0015241202,1.2330872e-17,1.2330872e-17,-0.025777455,-0.025777455,-0.0045489626,-0.0045489626,-0.025777455,-0.025777455,-0.0045489626,-0.0045489626,4.0470042e-17,4.0470042e-17,4.9426819e-17,4.9426819e-17,-0.030326417,-0.030326417,8.796833e-17,8.796833e-17,0.00040926966,0.00040926966,4.4403942e-17,4.4403942e-17,-0.0045400466,-0.0045400466,0.0045489626,0.0045489626,-0.0045400466,-0.0045400466,0.0045489626,0.0045489626,8.9159566e-06,8.9159566e-06,3.1706505e-16,3.1706505e-16,-0.030317501,-0.030317501,-0.030317501,-0.030317501,-0.0045489626,-0.0045489626,1.8813958e-07,1.8813958e-07,4.3509441e-18,4.3509441e-18,0.00023960722,0.00023960722,-0.00023941908,-0.00023941908,2.7541775e-05,2.7541775e-05,3.2730692e-16,3.2730692e-16,0.021749276,0.021749276,2.0377048e-14,2.0377048e-14,0.0062385156,0.0062385156,1.0050807e-14,1.0050807e-14,-0.030317501,-0.030317501,0.030326417,0.030326417,-0.0060635002,-0.0060635002,1.1763316e-16,1.1763316e-16,-1.6597914e-15,-1.6597914e-15,1.7116854e-15,1.7116854e-15,1.5129796e-18,1.5129796e-18,-4.2264791e-18,-4.2264791e-18,-0.030735687,-0.030735687,7.0366193e-17,7.0366193e-17,-7.9385075e-18,-7.9385075e-18,3.9374927e-17,3.9374927e-17,-0.030735687,-0.030735687,1.772268e-09,1.772268e-09,1.8395969e-33,1.8395969e-33
-0.028801002,-0.028801002,0.028801002,0.028801002,-6.0021432e-16,-6.0021432e-16,-3.7033878e-16,-3.7033878e-16,0.028801002,0.028801002,-0.024771351,-0.024771351,-0.0043215144,-0.0043215144,-0.02477135,-0.02477135,-0.0043215144,-0.0043215144,0,0,9.0946892e-06,9.0946892e-06,3.1087019e-16,3.1087019e-16,0.0014479142,0.0014479142,0.0014479142,0.0014479142,1.1679826e-17,1.1679826e-17,-0.024488582,-0.024488582,-0.0043215144,-0.0043215144,-0.024488582,-0.024488582,-0.0043215144,-0.0043215144,4.0401128e-17,4.0401128e-17,4.8198243e-17,4.8198243e-17,-0.028810096,-0.028810096,8.6776393e-17,8.6776393e-17,0.00038880617,0.00038880617,4.3327931e-17,4.3327931e-17,-0.0043124198,-0.0043124198,0.0043215144,0.0043215144,-0.0043124198,-0.0043124198,0.0043215144,0.0043215144,9.0946892e-06,9.0946892e-06,3.2371201e-16,3.2371201e-16,-0.028801002,-0.028801002,-0.028801002,-0.028801002,-0.0043215144,-0.0043215144,1.787326e-07,1.787326e-07,4.1175276e-18,4.1175276e-18,0.00022762686,0.00022762686,-0.00022744813,-0.00022744813,2.6789217e-05,2.6789217e-05,3.3331849e-16,3.3331849e-16,0.021330206,0.021330206,2.0774856e-14,2.0774856e-14,0.0062607867,0.0062607867,1.0259979e-14,1.0259979e-14,-0.028801002,-0.028801002,0.028810096,0.028810096,-0.0057602003,-0.0057602003,1.1761611e-16,1.1761611e-16,-1.7187737e-15,-1.7187737e-15,1.7697441e-15,1.7697441e-15,1.5201721e-18,1.5201721e-18,-4.1262153e-18,-4.1262153e-18,-0.029198902,-0.029198902,6.9781824e-17,6.9781824e-17,-7.6711368e-18,-7.6711368e-18,3.8113774e-17,3.8113774e-17,-0.029198902,-0.029198902,1.7719395e-09,1.7719395e-09,1.6594392e-33,1.6594392e-33
-0.027360327,-0.027360327,0.027360327,0.027360327,-6.0368377e-16,-6.0368377e-16,-3.7568115e-16,-3.7568115e-16,0.027360327,0.027360327,-0.023532784,-0.023532784,-0.0041054387,-0.0041054387,-0.023532782,-0.023532782,-0.0041054387,-0.0041054387,0,0,9.2644852e-06,9.2644852e-06,3.1785795e-16,3.1785795e-16,0.0013755185,0.0013755185,0.0013755185,0.0013755185,1.106276e-17,1.106276e-17,-0.023264153,-0.023264153,-0.0041054387,-0.0041054387,-0.023264153,-0.023264153,-0.0041054387,-0.0041054387,4.0325113e-17,4.0325113e-17,4.6921203e-17,4.6921203e-17,-0.027369591,-0.027369591,8.5523614e-17,8.5523614e-17,0.00036936586,0.00036936586,4.2328587e-17,4.2328587e-17,-0.0040961742,-0.0040961742,0.0041054387,0.0041054387,-0.0040961742,-0.0040961742,0.0041054387,0.0041054387,9.2644852e-06,9.2644852e-06,3.2997948e-16,3.2997948e-16,-0.027360327,-0.027360327,-0.027360327,-0.027360327,-0.0041054387,-0.0041054387,1.6979597e-07,1.6979597e-07,3.896733e-18,3.896733e-18,0.00021624552,0.00021624552,-0.00021607572,-0.00021607572,2.6074286e-05,2.6074286e-05,3.389852e-16,3.389852e-16,0.02093209,0.02093209,2.1150368e-14,2.1150368e-14,0.0062819442,0.0062819442,1.0457723e-14,1.0457723e-14,-0.027360327,-0.027360327,0.027369591,0.027369591,-0.0054720654,-0.0054720654,1.174831e-16,1.174831e-16,-1.777457e-15,-1.777457e-15,1.8274568e-15,1.8274568e-15,1.5249768e-18,1.5249768e-18,-4.0232019e-18,-4.0232019e-18,-0.027738957,-0.027738957,6.9079447e-17,6.9079447e-17,-7.3998313e-18,-7.3998313e-18,3.6832384e-17,3.6832384e-17,-0.027738957,-0.027738957,1.7699184e-09,1.7699184e-09,1.4951241e-33,1.4951241e-33
-0.025991686,-0.025991686,0.025991686,0.025991686,-6.0715322e-16,-6.0715322e-16,-3.805892e-16,-3.805892e-16,0.025991686,0.025991686,-0.022356145,-0.022356145,-0.0039001668,-0.0039001668,-0.022356143,-0.022356143,-0.0039001668,-0.0039001668,0,0,9.4257914e-06,9.4257914e-06,3.2445055e-16,3.2445055e-16,0.0013067425,0.0013067425,0.0013067425,0.0013067425,1.0478611e-17,1.0478611e-17,-0.022100945,-0.022100945,-0.0039001668,-0.0039001668,-0.022100945,-0.022100945,-0.0039001668,-0.0039001668,4.0242053e-17,4.0242053e-17,4.5604791e-17,4.5604791e-17,-0.026001112,-0.026001112,8.4219405e-17,8.4219405e-17,0.00035089757,0.00035089757,4.1402064e-17,4.1402064e-17,-0.003890741,-0.003890741,0.0039001668,0.0039001668,-0.003890741,-0.003890741,0.0039001668,0.0039001668,9.4257914e-06,9.4257914e-06,3.3588781e-16,3.3588781e-16,-0.025991686,-0.025991686,-0.025991686,-0.025991686,-0.0039001668,-0.0039001668,1.6130617e-07,1.6130617e-07,3.6883546e-18,3.6883546e-18,0.00020543324,0.00020543324,-0.00020527194,-0.00020527194,2.5395102e-05,2.5395102e-05,3.4432695e-16,3.4432695e-16,0.020553879,0.020553879,2.1504819e-14,2.1504819e-14,0.0063020439,0.0063020439,1.064464e-14,1.064464e-14,-0.025991686,-0.025991686,0.026001112,0.026001112,-0.0051983372,-0.0051983372,1.1724981e-16,1.1724981e-16,-1.835877e-15,-1.835877e-15,1.8848679e-15,1.8848679e-15,1.5275597e-18,1.5275597e-18,-3.9183526e-18,-3.9183526e-18,-0.026352009,-0.026352009,6.8272325e-17,6.8272325e-17,-7.126518e-18,-7.126518e-18,3.5540098e-17,3.5540098e-17,-0.026352009,-0.026352009,1.766387e-09,1.766387e-09,1.3458084e-33,1.3458084e-33
-0.024691477,-0.024691477,0.024691477,0.024691477,-6.1409211e-16,-6.1409211e-16,-3.8509373e-16,-3.8509373e-16,0.024691477,0.024691477,-0.021238337,-0.021238337,-0.0037051584,-0.0037051584,-0.021238336,-0.021238336,-0.0037051584,-0.0037051584,0,0,9.5790322e-06,9.5790322e-06,3.306695e-16,3.306695e-16,0.0012414054,0.0012414054,0.0012414054,0.0012414054,9.926271e-18,9.926271e-18,-0.020995898,-0.020995898,-0.0037051584,-0.0037051584,-0.020995898,-0.020995898,-0.0037051584,-0.0037051584,4.0152051e-17,4.0152051e-17,4.4257218e-17,4.4257218e-17,-0.024701056,-0.024701056,8.2872328e-17,8.2872328e-17,0.00033335269,0.00033335269,4.0544454e-17,4.0544454e-17,-0.0036955794,-0.0036955794,0.0037051584,0.0037051584,-0.0036955794,-0.0036955794,0.0037051584,0.0037051584,9.5790322e-06,9.5790322e-06,3.414567e-16,3.414567e-16,-0.024691477,-0.024691477,-0.024691477,-0.024691477,-0.0037051584,-0.0037051584,1.5324086e-07,1.5324086e-07,3.4921293e-18,3.4921293e-18,0.00019516158,0.00019516158,-0.00019500834,-0.00019500834,2.4749878e-05,2.4749878e-05,3.4936278e-16,3.4936278e-16,0.020194579,0.020194579,2.1839394e-14,2.1839394e-14,0.0063211386,0.0063211386,1.0821311e-14,1.0821311e-14,-0.024691477,-0.024691477,0.024701056,0.024701056,-0.0049382955,-0.0049382955,1.169303e-16,1.169303e-16,-1.8940662e-15,-1.8940662e-15,1.9420175e-15,1.9420175e-15,1.5280775e-18,1.5280775e-18,-3.8124579e-18,-3.8124579e-18,-0.025034409,-0.025034409,6.7372688e-17,6.7372688e-17,-6.8528547e-18,-6.8528547e-18,3.4244957e-17,3.4244957e-17,-0.025034409,-0.025034409,1.7615095e-09,1.7615095e-09,1.2105733e-33,1.2105733e-33
-0.023456279,-0.023456279,0.023456279,0.023456279,-6.21031e-16,-6.21031e-16,-3.8922381e-16,-3.8922381e-16,0.023456279,0.023456279,-0.020176421,-0.020176421,-0.0035199005,-0.0035199005,-0.020176419,-0.020176419,-0.0035199005,-0.0035199005,0,0,9.7246111e-06,9.7246111e-06,3.365355e-16,3.365355e-16,0.0011793351,0.0011793351,0.0011793351,0.0011793351,9.4045954e-18,9.4045954e-18,-0.019946103,-0.019946103,-0.0035199005,-0.0035199005,-0.019946103,-0.019946103,-0.0035199005,-0.0035199005,4.0055243e-17,4.0055243e-17,4.2885884e-17,4.2885884e-17,-0.023466003,-0.023466003,8.1490161e-17,8.1490161e-17,0.00031668506,0.00031668506,3.9751854e-17,3.9751854e-17,-0.0035101759,-0.0035101759,0.0035199005,0.0035199005,-0.0035101759,-0.0035101759,0.0035199005,0.0035199005,9.7246111e-06,9.7246111e-06,3.4670515e-16,3.4670515e-16,-0.023456279,-0.023456279,-0.023456279,-0.023456279,-0.0035199005,-0.0035199005,1.4557882e-07,1.4557882e-07,3.3077468e-18,3.3077468e-18,0.0001854035,0.0001854035,-0.00018525792,-0.00018525792,2.4136914e-05,2.4136914e-05,3.5411092e-16,3.5411092e-16,0.019853244,0.019853244,2.2155233e-14,2.2155233e-14,0.0063392786,0.0063392786,1.0988298e-14,1.0988298e-14,-0.023456279,-0.023456279,0.023466003,0.023466003,-0.0046912558,-0.0046912558,1.1653715e-16,1.1653715e-16,-1.9520545e-15,-1.9520545e-15,1.9989422e-15,1.9989422e-15,1.526678e-18,1.526678e-18,-3.7061988e-18,-3.7061988e-18,-0.023782689,-0.023782689,6.6391804e-17,6.6391804e-17,-6.5802603e-18,-6.5802603e-18,3.2953852e-17,3.2953852e-17,-0.023782689,-0.023782689,1.7554341e-09,1.7554341e-09,1.0884596e-33,1.0884596e-33
-0.02228284,-0.02228284,0.02228284,0.02228284,-6.21031e-16,-6.21031e-16,-3.9300689e-16,-3.9300689e-16,0.02228284,0.02228284,-0.0191676,-0.0191676,-0.0033439055,-0.0033439055,-0.019167598,-0.019167598,-0.0033439055,-0.0033439055,0,0,9.8629109e-06,9.8629109e-06,3.4206849e-16,3.4206849e-16,0.0011203684,0.0011203684,0.0011203684,0.0011203684,8.912418e-18,8.912418e-18,-0.018948798,-0.018948798,-0.0033439055,-0.0033439055,-0.018948798,-0.018948798,-0.0033439055,-0.0033439055,3.99518e-17,3.99518e-17,4.1497455e-17,4.1497455e-17,-0.022292703,-0.022292703,8.0079965e-17,8.0079965e-17,0.0003008508,0.0003008508,3.9020422e-17,3.9020422e-17,-0.0033340426,-0.0033340426,0.0033439055,0.0033439055,-0.0033340426,-0.0033340426,0.0033439055,0.0033439055,9.8629109e-06,9.8629109e-06,3.5165145e-16,3.5165145e-16,-0.02228284,-0.02228284,-0.02228284,-0.02228284,-0.0033439055,-0.0033439055,1.3829988e-07,1.3829988e-07,3.1348598e-18,3.1348598e-18,0.00017613333,0.00017613333,-0.00017599503,-0.00017599503,2.3554599e-05,2.3554599e-05,3.5858876e-16,3.5858876e-16,0.019528975,0.019528975,2.2453427e-14,2.2453427e-14,0.0063565115,0.0063565115,1.1146143e-14,1.1146143e-14,-0.02228284,-0.02228284,0.022292703,0.022292703,-0.0044565681,-0.0044565681,1.1608164e-16,1.1608164e-16,-2.0098692e-15,-2.0098692e-15,2.0556755e-15,2.0556755e-15,1.5235005e-18,1.5235005e-18,-3.6001595e-18,-3.6001595e-18,-0.022593554,-0.022593554,6.5340049e-17,6.5340049e-17,-6.3099429e-18,-6.3099429e-18,3.1672651e-17,3.1672651e-17,-0.022593554,-0.022593554,1.7482943e-09,1.7482943e-09,9.7849589e-34,9.7849589e-34
-0.021168074,-0.021168074,0.021168074,0.021168074,-6.2450045e-16,-6.2450045e-16,-3.9646883e-16,-3.9646883e-16,0.021168074,0.021168074,-0.01820922,-0.01820922,-0.0031767102,-0.0031767102,-0.018209218,-0.018209218,-0.0031767102,-0.0031767102,0,0,9.9942958e-06,9.9942958e-06,3.4728758e-16,3.4728758e-16,0.00106435,0.00106435,0.00106435,0.00106435,8.4485617e-18,8.4485617e-18,-0.018001358,-0.018001358,-0.0031767102,-0.0031767102,-0.018001358,-0.018001358,-0.0031767102,-0.0031767102,3.9841913e-17,3.9841913e-17,4.0097922e-17,4.0097922e-17,-0.021178068,-0.021178068,7.8648136e-17,7.8648136e-17,0.00028580826,0.00028580826,3.8346409e-17,3.8346409e-17,-0.0031667159,-0.0031667159,0.0031767102,0.0031767102,-0.0031667159,-0.0031667159,0.0031767102,0.0031767102,9.9942958e-06,9.9942958e-06,3.563132e-16,3.563132e-16,-0.021168074,-0.021168074,-0.021168074,-0.021168074,-0.0031767102,-0.0031767102,1.3138488e-07,1.3138488e-07,2.9730919e-18,2.9730919e-18,0.00016732666,0.00016732666,-0.00016719527,-0.00016719527,2.3001399e-05,2.3001399e-05,3.6281289e-16,3.6281289e-16,0.01922092,0.01922092,2.2735021e-14,2.2735021e-14,0.0063728828,0.0063728828,1.1295364e-14,1.1295364e-14,-0.021168074,-0.021168074,0.021178068,0.021178068,-0.0042336148,-0.0042336148,1.1557384e-16,1.1557384e-16,-2.0675352e-15,-2.0675352e-15,2.1122474e-15,2.1122474e-15,1.5186765e-18,1.5186765e-18,-3.4948382e-18,-3.4948382e-18,-0.021463876,-0.021463876,6.4226961e-17,6.4226961e-17,-6.0429239e-18,-6.0429239e-18,3.0406326e-17,3.0406326e-17,-0.021463876,-0.021463876,1.7402105e-09,1.7402105e-09,8.7971997e-34,8.7971997e-34
-0.020109046,-0.020109046,0.020109046,0.020109046,-6.3143935e-16,-6.3143935e-16,-3.99634e-16,-3.99634e-16,0.020109046,0.020109046,-0.017298759,-0.017298759,-0.0030178747,-0.0030178747,-0.017298758,-0.017298758,-0.0030178747,-0.0030178747,0,0,1.0119111e-05,1.0119111e-05,3.522111e-16,3.522111e-16,0.0010111325,0.0010111325,0.0010111325,0.0010111325,8.0118472e-18,8.0118472e-18,-0.01710129,-0.01710129,-0.0030178747,-0.0030178747,-0.01710129,-0.01710129,-0.0030178747,-0.0030178747,3.972579e-17,3.972579e-17,3.8692657e-17,3.8692657e-17,-0.020119165,-0.020119165,7.7200461e-17,7.7200461e-17,0.00027151785,0.00027151785,3.7726185e-17,3.7726185e-17,-0.0030077556,-0.0030077556,0.0030178747,0.0030178747,-0.0030077556,-0.0030077556,0.0030178747,0.0030178747,1.0119111e-05,1.0119111e-05,3.6070724e-16,3.6070724e-16,-0.020109046,-0.020109046,-0.020109046,-0.020109046,-0.0030178747,-0.0030178747,1.2481564e-07,1.2481564e-07,2.822045e-18,2.822045e-18,0.00015896033,0.00015896033,-0.00015883551,-0.00015883551,2.247586e-05,2.247586e-05,3.6679909e-16,3.6679909e-16,0.018928268,0.018928268,2.3001014e-14,2.3001014e-14,0.0063884356,0.0063884356,1.1436461e-14,1.1436461e-14,-0.020109046,-0.020109046,0.020119165,0.020119165,-0.0040218091,-0.0040218091,1.1502275e-16,1.1502275e-16,-2.1250755e-15,-2.1250755e-15,2.1686857e-15,2.1686857e-15,1.5123298e-18,1.5123298e-18,-3.3906575e-18,-3.3906575e-18,-0.020390683,-0.020390683,6.3061302e-17,6.3061302e-17,-5.7800601e-18,-5.7800601e-18,2.9159051e-17,2.9159051e-17,-0.020390683,-0.020390683,1.7312911e-09,1.7312911e-09,7.9119496e-34,7.9119496e-34
-0.019102969,-0.019102969,0.019102969,0.019102969,-6.3143935e-16,-6.3143935e-16,-4.025253e-16,-4.025253e-16,0.019102969,0.019102969,-0.016433821,-0.016433821,-0.002866981,-0.002866981,-0.01643382,-0.01643382,-0.002866981,-0.002866981,0,0,1.0237686e-05,1.0237686e-05,3.5685659e-16,3.5685659e-16,0.00096057585,0.00096057585,0.00096057585,0.00096057585,7.6011006e-18,7.6011006e-18,-0.016246226,-0.016246226,-0.002866981,-0.002866981,-0.016246226,-0.016246226,-0.002866981,-0.002866981,3.9603655e-17,3.9603655e-17,3.7286469e-17,3.7286469e-17,-0.019113206,-0.019113206,7.5742163e-17,7.5742163e-17,0.00025794196,0.00025794196,3.7156257e-17,3.7156257e-17,-0.0028567433,-0.0028567433,0.002866981,0.002866981,-0.0028567433,-0.0028567433,0.002866981,0.002866981,1.0237686e-05,1.0237686e-05,3.6484973e-16,3.6484973e-16,-0.019102969,-0.019102969,-0.019102969,-0.019102969,-0.002866981,-0.002866981,1.1857486e-07,1.1857486e-07,2.6813054e-18,2.6813054e-18,0.00015101231,0.00015101231,-0.00015089374,-0.00015089374,2.1976597e-05,2.1976597e-05,3.7056239e-16,3.7056239e-16,0.018650248,0.018650248,2.3252357e-14,2.3252357e-14,0.0064032107,0.0064032107,1.1569911e-14,1.1569911e-14,-0.019102969,-0.019102969,0.019113206,0.019113206,-0.0038205938,-0.0038205938,1.1443641e-16,1.1443641e-16,-2.1825108e-15,-2.1825108e-15,2.2250152e-15,2.2250152e-15,1.5045771e-18,1.5045771e-18,-3.2879729e-18,-3.2879729e-18,-0.019371148,-0.019371148,6.1851114e-17,6.1851114e-17,-5.5220633e-18,-5.5220633e-18,2.79343e-17,2.79343e-17,-0.019371148,-0.019371148,1.7216339e-09,1.7216339e-09,7.1202129e-34,7.1202129e-34
-0.018147196,-0.018147196,0.018147196,0.018147196,-6.3490879e-16,-6.3490879e-16,-4.0516427e-16,-4.0516427e-16,0.018147196,0.018147196,-0.01561213,-0.01561213,-0.0027236319,-0.0027236319,-0.015612129,-0.015612129,-0.0027236319,-0.0027236319,0,0,1.0350332e-05,1.0350332e-05,3.6124079e-16,3.6124079e-16,0.00091254706,0.00091254706,0.00091254706,0.00091254706,7.2151605e-18,7.2151605e-18,-0.015433914,-0.015433914,-0.0027236319,-0.0027236319,-0.015433914,-0.015433914,-0.0027236319,-0.0027236319,3.9475737e-17,3.9475737e-17,3.5883652e-17,3.5883652e-17,-0.018157546,-0.018157546,7.4277953e-17,7.4277953e-17,0.00024504486,0.00024504486,3.6633277e-17,3.6633277e-17,-0.0027132816,-0.0027132816,0.0027236319,0.0027236319,-0.0027132816,-0.0027132816,0.0027236319,0.0027236319,1.0350332e-05,1.0350332e-05,3.6875608e-16,3.6875608e-16,-0.018147196,-0.018147196,-0.018147196,-0.018147196,-0.0027236319,-0.0027236319,1.1264612e-07,1.1264612e-07,2.5504487e-18,2.5504487e-18,0.00014346169,0.00014346169,-0.00014334905,-0.00014334905,2.1502298e-05,2.1502298e-05,3.7411706e-16,3.7411706e-16,0.01838613,0.01838613,2.3489959e-14,2.3489959e-14,0.006417247,0.006417247,1.1696171e-14,1.1696171e-14,-0.018147196,-0.018147196,0.018157546,0.018157546,-0.0036294392,-0.0036294392,1.1382196e-16,1.1382196e-16,-2.2398604e-15,-2.2398604e-15,2.2812588e-15,2.2812588e-15,1.4955283e-18,1.4955283e-18,-3.1870809e-18,-3.1870809e-18,-0.018402591,-0.018402591,6.0603762e-17,6.0603762e-17,-5.2695179e-18,-5.2695179e-18,2.6734931e-17,2.6734931e-17,-0.018402591,-0.018402591,1.7113268e-09,1.7113268e-09,6.4134498e-34,6.4134498e-34
-0.017239212,-0.017239212,0.017239212,0.017239212,-6.3837824e-16,-6.3837824e-16,-4.0757113e-16,-4.0757113e-16,0.017239212,0.017239212,-0.014831523,-0.014831523,-0.0025874503,-0.0025874503,-0.014831522,-0.014831522,-0.0025874503,-0.0025874503,0,0,1.0457346e-05,1.0457346e-05,3.6537968e-16,3.6537968e-16,0.0008669197,0.0008669197,0.0008669197,0.0008669197,6.8528829e-18,6.8528829e-18,-0.014662219,-0.014662219,-0.0025874503,-0.0025874503,-0.014662219,-0.014662219,-0.0025874503,-0.0025874503,3.9342272e-17,3.9342272e-17,3.4488028e-17,3.4488028e-17,-0.017249669,-0.017249669,7.2812064e-17,7.2812064e-17,0.00023279262,0.00023279262,3.6154052e-17,3.6154052e-17,-0.002576993,-0.002576993,0.0025874503,0.0025874503,-0.002576993,-0.002576993,0.0025874503,0.0025874503,1.0457346e-05,1.0457346e-05,3.7244101e-16,3.7244101e-16,-0.017239212,-0.017239212,-0.017239212,-0.017239212,-0.0025874503,-0.0025874503,1.0701381e-07,1.0701381e-07,2.4290453e-18,2.4290453e-18,0.00013628861,0.00013628861,-0.0001361816,-0.0001361816,2.1051713e-05,2.1051713e-05,3.7747662e-16,3.7747662e-16,0.018135217,0.018135217,2.3714682e-14,2.3714682e-14,0.0064305816,0.0064305816,1.1815676e-14,1.1815676e-14,-0.017239212,-0.017239212,0.017249669,0.017249669,-0.0034478423,-0.0034478423,1.1318576e-16,1.1318576e-16,-2.2971415e-15,-2.2971415e-15,2.3374371e-15,2.3374371e-15,1.485287e-18,1.485287e-18,-3.088226e-18,-3.088226e-18,-0.017482461,-0.017482461,5.9325989e-17,5.9325989e-17,-5.022896e-18,-5.022896e-18,2.556326e-17,2.556326e-17,-0.017482461,-0.017482461,1.7004491e-09,1.7004491e-09,5.7836305e-34,5.7836305e-34
-0.016376626,-0.016376626,0.016376626,0.016376626,-6.4184769e-16,-6.4184769e-16,-4.0976487e-16,-4.0976487e-16,0.016376626,0.016376626,-0.014089947,-0.014089947,-0.0024580778,-0.0024580778,-0.014089946,-0.014089946,-0.0024580778,-0.0024580778,0,0,1.0559009e-05,1.0559009e-05,3.6928848e-16,3.6928848e-16,0.00082357372,0.00082357372,0.00082357372,0.00082357372,6.5131461e-18,6.5131461e-18,-0.013929108,-0.013929108,-0.0024580778,-0.0024580778,-0.013929108,-0.013929108,-0.0024580778,-0.0024580778,3.9203499e-17,3.9203499e-17,3.3102992e-17,3.3102992e-17,-0.016387185,-0.016387185,7.1348294e-17,7.1348294e-17,0.00022115299,0.00022115299,3.571554e-17,3.571554e-17,-0.0024475188,-0.0024475188,0.0024580778,0.0024580778,-0.0024475188,-0.0024475188,0.0024580778,0.0024580778,1.0559009e-05,1.0559009e-05,3.7591854e-16,3.7591854e-16,-0.016376626,-0.016376626,-0.016376626,-0.016376626,-0.0024580778,-0.0024580778,1.0166312e-07,1.0166312e-07,2.3166633e-18,2.3166633e-18,0.00012947418,0.00012947418,-0.00012937252,-0.00012937252,2.0623658e-05,2.0623658e-05,3.8065391e-16,3.8065391e-16,0.01789685,0.01789685,2.3927346e-14,2.3927346e-14,0.0064432494,0.0064432494,1.1928843e-14,1.1928843e-14,-0.016376626,-0.016376626,0.016387185,0.016387185,-0.0032753253,-0.0032753253,1.1253347e-16,1.1253347e-16,-2.3543703e-15,-2.3543703e-15,2.3935689e-15,2.3935689e-15,1.4739507e-18,1.4739507e-18,-2.9916071e-18,-2.9916071e-18,-0.016608338,-0.016608338,5.8023954e-17,5.8023954e-17,-4.7825719e-18,-4.7825719e-18,2.4421129e-17,2.4421129e-17,-0.016608338,-0.016608338,1.6890723e-09,1.6890723e-09,5.2232661e-34,5.2232661e-34
-0.015557171,-0.015557171,0.015557171,0.015557171,-6.4531713e-16,-6.4531713e-16,-4.1176325e-16,-4.1176325e-16,0.015557171,0.015557171,-0.01338545,-0.01338545,-0.0023351739,-0.0023351739,-0.013385449,-0.013385449,-0.0023351739,-0.0023351739,0,0,1.0655589e-05,1.0655589e-05,3.7298165e-16,3.7298165e-16,0.00078239503,0.00078239503,0.00078239503,0.00078239503,6.1948539e-18,6.1948539e-18,-0.013232652,-0.013232652,-0.0023351739,-0.0023351739,-0.013232652,-0.013232652,-0.0023351739,-0.0023351739,3.9059656e-17,3.9059656e-17,3.1731543e-17,3.1731543e-17,-0.015567826,-0.015567826,6.9890039e-17,6.9890039e-17,0.00021009534,0.00021009534,3.5314858e-17,3.5314858e-17,-0.0023245183,-0.0023245183,0.0023351739,0.0023351739,-0.0023245183,-0.0023245183,0.0023351739,0.0023351739,1.0655589e-05,1.0655589e-05,3.7920202e-16,3.7920202e-16,-0.015557171,-0.015557171,-0.015557171,-0.015557171,-0.0023351739,-0.0023351739,9.6579963e-08,9.6579963e-08,2.2128723e-18,2.2128723e-18,0.00012300047,0.00012300047,-0.00012290389,-0.00012290389,2.0217006e-05,2.0217006e-05,3.8366107e-16,3.8366107e-16,0.017670401,0.017670401,2.4128731e-14,2.4128731e-14,0.0064552838,0.0064552838,1.2036067e-14,1.2036067e-14,-0.015557171,-0.015557171,0.015567826,0.015567826,-0.0031114341,-0.0031114341,1.1187008e-16,1.1187008e-16,-2.4115613e-15,-2.4115613e-15,2.4496712e-15,2.4496712e-15,1.4616109e-18,1.4616109e-18,-2.8973831e-18,-2.8973831e-18,-0.015777921,-0.015777921,5.670328e-17,5.670328e-17,-4.548834e-18,-4.548834e-18,2.3309966e-17,2.3309966e-17,-0.015777921,-0.015777921,1.6772605e-09,1.6772605e-09,4.7254222e-34,4.7254222e-34
-0.014778687,-0.014778687,0.014778687,0.014778687,-6.4531713e-16,-6.4531713e-16,-4.1358293e-16,-4.1358293e-16,0.014778687,0.014778687,-0.012716178,-0.012716178,-0.0022184152,-0.0022184152,-0.012716176,-0.012716176,-0.0022184152,-0.0022184152,0,0,1.074734e-05,1.074734e-05,3.7647297e-16,3.7647297e-16,0.00074327528,0.00074327528,0.00074327528,0.00074327528,5.896939e-18,5.896939e-18,-0.01257102,-0.01257102,-0.0022184152,-0.0022184152,-0.01257102,-0.01257102,-0.0022184152,-0.0022184152,3.8910978e-17,3.8910978e-17,3.0376325e-17,3.0376325e-17,-0.014789435,-0.014789435,6.8440328e-17,6.8440328e-17,0.00019959057,0.00019959057,3.4949272e-17,3.4949272e-17,-0.0022076679,-0.0022076679,0.0022184152,0.0022184152,-0.0022076679,-0.0022076679,0.0022184152,0.0022184152,1.074734e-05,1.074734e-05,3.8230412e-16,3.8230412e-16,-0.014778687,-0.014778687,-0.014778687,-0.014778687,-0.0022184152,-0.0022184152,9.1750965e-08,9.1750965e-08,2.1172459e-18,2.1172459e-18,0.00011685045,0.00011685045,-0.0001167587,-0.0001167587,1.9830686e-05,1.9830686e-05,3.8650959e-16,3.8650959e-16,0.017455275,0.017455275,2.4319575e-14,2.4319575e-14,0.0064667165,0.0064667165,1.2137724e-14,1.2137724e-14,-0.014778687,-0.014778687,0.014789435,0.014789435,-0.0029557375,-0.0029557375,1.1120002e-16,1.1120002e-16,-2.4687276e-15,-2.4687276e-15,2.5057595e-15,2.5057595e-15,1.4483541e-18,1.4483541e-18,-2.8056779e-18,-2.8056779e-18,-0.014989025,-0.014989025,5.5369084e-17,5.5369084e-17,-4.321896e-18,-4.321896e-18,2.2230836e-17,2.2230836e-17,-0.014989025,-0.014989025,1.6650716e-09,1.6650716e-09,4.2837171e-34,4.2837171e-34
-0.014039129,-0.014039129,0.014039129,0.014039129,-6.4705186e-16,-6.4705186e-16,-4.1523949e-16,-4.1523949e-16,0.014039129,0.014039129,-0.012080369,-0.012080369,-0.0021074945,-0.0021074945,-0.012080368,-0.012080368,-0.0021074945,-0.0021074945,0,0,1.0834504e-05,1.0834504e-05,3.7977548e-16,3.7977548e-16,0.00070611152,0.00070611152,0.00070611152,0.00070611152,5.618365e-18,5.618365e-18,-0.011942469,-0.011942469,-0.0021074945,-0.0021074945,-0.011942469,-0.011942469,-0.0021074945,-0.0021074945,3.8757698e-17,3.8757698e-17,2.9039655e-17,2.9039655e-17,-0.014049963,-0.014049963,6.7001854e-17,6.7001854e-17,0.00018961104,0.00018961104,3.46162e-17,3.46162e-17,-0.00209666,-0.00209666,0.0021074945,0.0021074945,-0.00209666,-0.00209666,0.0021074945,0.0021074945,1.0834504e-05,1.0834504e-05,3.8523688e-16,3.8523688e-16,-0.014039129,-0.014039129,-0.014039129,-0.014039129,-0.0021074945,-0.0021074945,8.7163417e-08,8.7163417e-08,2.0293643e-18,2.0293643e-18,0.00011100792,0.00011100792,-0.00011092076,-0.00011092076,1.9463682e-05,1.9463682e-05,3.8921034e-16,3.8921034e-16,0.017250905,0.017250905,2.4500578e-14,2.4500578e-14,0.0064775776,0.0064775776,1.2234171e-14,1.2234171e-14,-0.014039129,-0.014039129,0.014049963,0.014049963,-0.0028078257,-0.0028078257,1.1052719e-16,1.1052719e-16,-2.5258816e-15,-2.5258816e-15,2.5618477e-15,2.5618477e-15,1.4342614e-18,1.4342614e-18,-2.7165847e-18,-2.7165847e-18,-0.014239574,-0.014239574,5.4026021e-17,5.4026021e-17,-4.1019067e-18,-4.1019067e-18,2.1184491e-17,2.1184491e-17,-0.014239574,-0.014239574,1.6525577e-09,1.6525577e-09,3.8923106e-34,3.8923106e-34
-0.013336548,-0.013336548,0.013336548,0.013336548,-6.4878658e-16,-6.4878658e-16,-4.1674749e-16,-4.1674749e-16,0.013336548,0.013336548,-0.01147635,-0.01147635,-0.0020021197,-0.0020021197,-0.011476349,-0.011476349,-0.0020021197,-0.0020021197,0,0,1.0917309e-05,1.0917309e-05,3.8290157e-16,3.8290157e-16,0.00067080594,0.00067080594,0.00067080594,0.00067080594,5.3581284e-18,5.3581284e-18,-0.011345345,-0.011345345,-0.0020021197,-0.0020021197,-0.011345345,-0.011345345,-0.0020021197,-0.0020021197,3.8600042e-17,3.8600042e-17,2.7723552e-17,2.7723552e-17,-0.013347465,-0.013347465,6.5576997e-17,6.5576997e-17,0.00018013049,0.00018013049,3.4313204e-17,3.4313204e-17,-0.0019912024,-0.0019912024,0.0020021197,0.0020021197,-0.0019912024,-0.0019912024,0.0020021197,0.0020021197,1.0917309e-05,1.0917309e-05,3.880117e-16,3.880117e-16,-0.013336548,-0.013336548,-0.013336548,-0.013336548,-0.0020021197,-0.0020021197,8.2805246e-08,8.2805246e-08,1.9488159e-18,1.9488159e-18,0.00010545753,0.00010545753,-0.00010537472,-0.00010537472,1.9115028e-05,1.9115028e-05,3.9177357e-16,3.9177357e-16,0.017056753,0.017056753,2.4672402e-14,2.4672402e-14,0.0064878956,0.0064878956,1.2325748e-14,1.2325748e-14,-0.013336548,-0.013336548,0.013347465,0.013347465,-0.0026673095,-0.0026673095,1.0985503e-16,1.0985503e-16,-2.5830342e-15,-2.5830342e-15,2.6179486e-15,2.6179486e-15,1.419409e-18,1.419409e-18,-2.6301702e-18,-2.6301702e-18,-0.013527595,-0.013527595,5.2678313e-17,5.2678313e-17,-3.8889583e-18,-3.8889583e-18,2.0171407e-17,2.0171407e-17,-0.013527595,-0.013527595,1.6397656e-09,1.6397656e-09,3.5458837e-34,3.5458837e-34
-0.012669096,-0.012669096,0.012669096,0.012669096,-6.505213e-16,-6.505213e-16,-4.1812053e-16,-4.1812053e-16,0.012669096,0.012669096,-0.010902533,-0.010902533,-0.0019020138,-0.0019020138,-0.010902532,-0.010902532,-0.0019020138,-0.0019020138,0,0,1.0995974e-05,1.0995974e-05,3.8586295e-16,3.8586295e-16,0.00063726564,0.00063726564,0.00063726564,0.00063726564,5.1152596e-18,5.1152596e-18,-0.010778078,-0.010778078,-0.0019020138,-0.0019020138,-0.010778078,-0.010778078,-0.0019020138,-0.0019020138,3.8438231e-17,3.8438231e-17,2.6429765e-17,2.6429765e-17,-0.012680092,-0.012680092,6.4167856e-17,6.4167856e-17,0.00017112396,0.00017112396,3.4037987e-17,3.4037987e-17,-0.0018910178,-0.0018910178,0.0019020138,0.0019020138,-0.0018910178,-0.0018910178,0.0019020138,0.0019020138,1.0995974e-05,1.0995974e-05,3.9063938e-16,3.9063938e-16,-0.012669096,-0.012669096,-0.012669096,-0.012669096,-0.0019020138,-0.0019020138,7.8664984e-08,7.8664984e-08,1.8751989e-18,1.8751989e-18,0.00010018465,0.00010018465,-0.00010010599,-0.00010010599,1.8783807e-05,1.8783807e-05,3.9420895e-16,3.9420895e-16,0.01687231,0.01687231,2.4835673e-14,2.4835673e-14,0.0064976977,0.0064976977,1.2412776e-14,1.2412776e-14,-0.012669096,-0.012669096,0.012680092,0.012680092,-0.0025338191,-0.0025338191,1.0918654e-16,1.0918654e-16,-2.6401954e-15,-2.6401954e-15,2.6740735e-15,2.6740735e-15,1.4038686e-18,1.4038686e-18,-2.5464782e-18,-2.5464782e-18,-0.012851216,-0.012851216,5.1329781e-17,5.1329781e-17,-3.6830948e-18,-3.6830948e-18,1.9191828e-17,1.9191828e-17,-0.012851216,-0.012851216,1.6267374e-09,1.6267374e-09,3.2396139e-34,3.2396139e-34
-0.012035016,-0.012035016,0.012035016,0.012035016,-6.505213e-16,-6.505213e-16,-4.193713e-16,-4.193713e-16,0.012035016,0.012035016,-0.010357406,-0.010357406,-0.0018069131,-0.0018069131,-0.010357405,-0.010357405,-0.0018069131,-0.0018069131,0,0,1.1070706e-05,1.1070706e-05,3.8867073e-16,3.8867073e-16,0.00060540236,0.00060540236,0.00060540236,0.00060540236,4.888824e-18,4.888824e-18,-0.010239174,-0.010239174,-0.0018069131,-0.0018069131,-0.010239174,-0.010239174,-0.0018069131,-0.0018069131,3.8272478e-17,3.8272478e-17,2.5159796e-17,2.5159796e-17,-0.012046087,-0.012046087,6.2776269e-17,6.2776269e-17,0.00016256777,0.00016256777,3.3788386e-17,3.3788386e-17,-0.0017958424,-0.0017958424,0.0018069131,0.0018069131,-0.0017958424,-0.0017958424,0.0018069131,0.0018069131,1.1070706e-05,1.1070706e-05,3.9313014e-16,3.9313014e-16,-0.012035016,-0.012035016,-0.012035016,-0.012035016,-0.0018069131,-0.0018069131,7.4731735e-08,7.4731735e-08,1.8081226e-18,1.8081226e-18,9.5175419e-05,9.5175419e-05,-9.5100688e-05,-9.5100688e-05,1.8469147e-05,1.8469147e-05,3.965256e-16,3.965256e-16,0.016697088,0.016697088,2.4990981e-14,2.4990981e-14,0.0065070097,0.0065070097,1.2495559e-14,1.2495559e-14,-0.012035016,-0.012035016,0.012046087,0.012046087,-0.0024070033,-0.0024070033,1.0852436e-16,1.0852436e-16,-2.6973745e-15,-2.6973745e-15,2.7302329e-15,2.7302329e-15,1.3877075e-18,1.3877075e-18,-2.4655323e-18,-2.4655323e-18,-0.012208655,-0.012208655,4.9983878e-17,4.9983878e-17,-3.484318e-18,-3.484318e-18,1.8245793e-17,1.8245793e-17,-0.012208655,-0.012208655,1.613511e-09,1.613511e-09,2.9691461e-34,2.9691461e-34
-0.011432641,-0.011432641,0.011432641,0.011432641,-6.5225603e-16,-6.5225603e-16,-4.2051162e-16,-4.2051162e-16,0.011432641,0.011432641,-0.0098395361,-0.0098395361,-0.0017165674,-0.0017165674,-0.0098395349,-0.0098395349,-0.0017165674,-0.0017165674,0,0,1.1141701e-05,1.1141701e-05,3.9133539e-16,3.9133539e-16,0.00057513224,0.00057513224,0.00057513224,0.00057513224,4.6779225e-18,4.6779225e-18,-0.0097272153,-0.0097272153,-0.0017165674,-0.0017165674,-0.0097272153,-0.0097272153,-0.0017165674,-0.0017165674,3.8102989e-17,3.8102989e-17,2.3914926e-17,2.3914926e-17,-0.011443783,-0.011443783,6.1403837e-17,6.1403837e-17,0.00015443938,0.00015443938,3.356237e-17,3.356237e-17,-0.0017054257,-0.0017054257,0.0017165674,0.0017165674,-0.0017054257,-0.0017054257,0.0017165674,0.0017165674,1.1141701e-05,1.1141701e-05,3.9549364e-16,3.9549364e-16,-0.011432641,-0.011432641,-0.011432641,-0.011432641,-0.0017165674,-0.0017165674,7.0995148e-08,7.0995148e-08,1.7472083e-18,1.7472083e-18,9.0416648e-05,9.0416648e-05,-9.0345653e-05,-9.0345653e-05,1.817022e-05,1.817022e-05,3.9873212e-16,3.9873212e-16,0.016530627,0.016530627,2.5138886e-14,2.5138886e-14,0.0065158561,0.0065158561,1.2574386e-14,1.2574386e-14,-0.011432641,-0.011432641,0.011443783,0.011443783,-0.0022865282,-0.0022865282,1.0787076e-16,1.0787076e-16,-2.7545797e-15,-2.7545797e-15,2.7864361e-15,2.7864361e-15,1.3709889e-18,1.3709889e-18,-2.3873391e-18,-2.3873391e-18,-0.011598222,-0.011598222,4.8643713e-17,4.8643713e-17,-3.2925944e-18,-3.2925944e-18,1.7333169e-17,1.7333169e-17,-0.011598222,-0.011598222,1.6001203e-09,1.6001203e-09,2.7305612e-34,2.7305612e-34
-0.010860384,-0.010860384,0.010860384,0.010860384,-6.5399075e-16,-6.5399075e-16,-4.2155251e-16,-4.2155251e-16,0.010860384,0.010860384,-0.0093475593,-0.0093475593,-0.001630739,-0.001630739,-0.0093475581,-0.0093475581,-0.001630739,-0.001630739,0,0,1.1209146e-05,1.1209146e-05,3.9386684e-16,3.9386684e-16,0.00054637563,0.00054637563,0.00054637563,0.00054637563,4.4816918e-18,4.4816918e-18,-0.0092408546,-0.0092408546,-0.001630739,-0.001630739,-0.0092408546,-0.0092408546,-0.001630739,-0.001630739,3.792996e-17,3.792996e-17,2.2696229e-17,2.2696229e-17,-0.010871594,-0.010871594,6.0051942e-17,6.0051942e-17,0.00014671741,0.00014671741,3.3358028e-17,3.3358028e-17,-0.0016195299,-0.0016195299,0.001630739,0.001630739,-0.0016195299,-0.0016195299,0.001630739,0.001630739,1.1209146e-05,1.1209146e-05,3.9773898e-16,3.9773898e-16,-0.010860384,-0.010860384,-0.010860384,-0.010860384,-0.001630739,-0.001630739,6.7445391e-08,6.7445391e-08,1.6920902e-18,1.6920902e-18,8.5895816e-05,8.5895816e-05,-8.5828371e-05,-8.5828371e-05,1.788624e-05,1.788624e-05,4.0083659e-16,4.0083659e-16,0.01637249,0.01637249,2.5279913e-14,2.5279913e-14,0.0065242602,0.0065242602,1.2649527e-14,1.2649527e-14,-0.010860384,-0.010860384,0.010871594,0.010871594,-0.0021720769,-0.0021720769,1.0722773e-16,1.0722773e-16,-2.8118186e-15,-2.8118186e-15,2.8426914e-15,2.8426914e-15,1.353772e-18,1.353772e-18,-2.3118904e-18,-2.3118904e-18,-0.011018311,-0.011018311,4.7312075e-17,4.7312075e-17,-3.1078598e-18,-3.1078598e-18,1.6453673e-17,1.6453673e-17,-0.011018311,-0.011018311,1.586596e-09,1.586596e-09,2.5203438e-34,2.5203438e-34
-0.010316741,-0.010316741,0.010316741,0.010316741,-6.5399075e-16,-6.5399075e-16,-4.2250423e-16,-4.2250423e-16,0.010316741,0.010316741,-0.0088801814,-0.0088801814,-0.0015492021,-0.0015492021,-0.0088801802,-0.0088801802,-0.0015492021,-0.0015492021,0,0,1.1273219e-05,1.1273219e-05,3.9627443e-16,3.9627443e-16,0.00051905685,0.00051905685,0.00051905685,0.00051905685,4.299304e-18,4.299304e-18,-0.0087788118,-0.0087788118,-0.0015492021,-0.0015492021,-0.0087788118,-0.0087788118,-0.0015492021,-0.0015492021,3.775358e-17,3.775358e-17,2.1504598e-17,2.1504598e-17,-0.010328014,-0.010328014,5.872177e-17,5.872177e-17,0.00013938154,0.00013938154,3.3173571e-17,3.3173571e-17,-0.0015379289,-0.0015379289,0.0015492021,0.0015492021,-0.0015379289,-0.0015379289,0.0015492021,0.0015492021,1.1273219e-05,1.1273219e-05,3.9987476e-16,3.9987476e-16,-0.010316741,-0.010316741,-0.010316741,-0.010316741,-0.0015492021,-0.0015492021,6.4073121e-08,6.4073121e-08,1.6424156e-18,1.6424156e-18,8.1601025e-05,8.1601025e-05,-8.1536952e-05,-8.1536952e-05,1.7616458e-05,1.7616458e-05,4.0284661e-16,4.0284661e-16,0.016222259,0.016222259,2.5414557e-14,2.5414557e-14,0.006532244,0.006532244,1.2721239e-14,1.2721239e-14,-0.010316741,-0.010316741,0.010328014,0.010328014,-0.0020633481,-0.0020633481,1.0659696e-16,1.0659696e-16,-2.8690981e-15,-2.8690981e-15,2.8990064e-15,2.8990064e-15,1.3361125e-18,1.3361125e-18,-2.2391655e-18,-2.2391655e-18,-0.010467395,-0.010467395,4.5991463e-17,4.5991463e-17,-2.9300246e-18,-2.9300246e-18,1.5606901e-17,1.5606901e-17,-0.010467395,-0.010467395,1.5729654e-09,1.5729654e-09,2.3353502e-34,2.3353502e-34
-0.0098002791,-0.0098002791,0.0098002791,0.0098002791,-6.5572547e-16,-6.5572547e-16,-4.2337628e-16,-4.2337628e-16,0.0098002791,0.0098002791,-0.0084361724,-0.0084361724,-0.001471742,-0.001471742,-0.0084361712,-0.0084361712,-0.001471742,-0.001471742,0,0,1.1334089e-05,1.1334089e-05,3.9856696e-16,3.9856696e-16,0.00049310401,0.00049310401,0.00049310401,0.00049310401,4.1299671e-18,4.1299671e-18,-0.0083398713,-0.0083398713,-0.001471742,-0.001471742,-0.0083398713,-0.0083398713,-0.001471742,-0.001471742,3.7574028e-17,3.7574028e-17,2.0340756e-17,2.0340756e-17,-0.0098116132,-0.0098116132,5.7414324e-17,5.7414324e-17,0.00013241246,0.00013241246,3.300732e-17,3.300732e-17,-0.0014604079,-0.0014604079,0.001471742,0.001471742,-0.0014604079,-0.0014604079,0.001471742,0.001471742,1.1334089e-05,1.1334089e-05,4.0190909e-16,4.0190909e-16,-0.0098002791,-0.0098002791,-0.0098002791,-0.0098002791,-0.001471742,-0.001471742,6.0869465e-08,6.0869465e-08,1.5978457e-18,1.5978457e-18,7.7520974e-05,7.7520974e-05,-7.7460105e-05,-7.7460105e-05,1.7360166e-05,1.7360166e-05,4.0476931e-16,4.0476931e-16,0.01607954,0.01607954,2.5543287e-14,2.5543287e-14,0.0065398287,0.0065398287,1.2789766e-14,1.2789766e-14,-0.0098002791,-0.0098002791,0.0098116132,0.0098116132,-0.0019600558,-0.0019600558,1.0597992e-16,1.0597992e-16,-2.9264242e-15,-2.9264242e-15,2.9553878e-15,2.9553878e-15,1.3180625e-18,1.3180625e-18,-2.1691331e-18,-2.1691331e-18,-0.0099440257,-0.0099440257,4.4684103e-17,4.4684103e-17,-2.7589774e-18,-2.7589774e-18,1.479234e-17,1.479234e-17,-0.0099440257,-0.0099440257,1.5592531e-09,1.5592531e-09,2.1727759e-34,2.1727759e-34
-0.0093096407,-0.0093096407,0.0093096407,0.0093096407,-6.5572547e-16,-6.5572547e-16,-4.2417752e-16,-4.2417752e-16,0.0093096407,0.0093096407,-0.0080143638,-0.0080143638,-0.0013981549,-0.0013981549,-0.0080143627,-0.0080143627,-0.0013981549,-0.0013981549,0,0,1.1391915e-05,1.1391915e-05,4.0075276e-16,4.0075276e-16,0.00046844881,0.00046844881,0.00046844881,0.00046844881,3.9729236e-18,3.9729236e-18,-0.0079228777,-0.0079228777,-0.0013981549,-0.0013981549,-0.0079228777,-0.0079228777,-0.0013981549,-0.0013981549,3.7391476e-17,3.7391476e-17,1.9205276e-17,1.9205276e-17,-0.0093210326,-0.0093210326,5.6130443e-17,5.6130443e-17,0.00012579184,0.00012579184,3.2857704e-17,3.2857704e-17,-0.001386763,-0.001386763,0.0013981549,0.0013981549,-0.001386763,-0.001386763,0.0013981549,0.0013981549,1.1391915e-05,1.1391915e-05,4.0384958e-16,4.0384958e-16,-0.0093096407,-0.0093096407,-0.0093096407,-0.0093096407,-0.0013981549,-0.0013981549,5.7825992e-08,5.7825992e-08,1.5580554e-18,1.5580554e-18,7.3644925e-05,7.3644925e-05,-7.3587099e-05,-7.3587099e-05,1.7116688e-05,1.7116688e-05,4.0661142e-16,4.0661142e-16,0.015943957,0.015943957,2.566654e-14,2.566654e-14,0.0065470342,0.0065470342,1.2855335e-14,1.2855335e-14,-0.0093096407,-0.0093096407,0.0093210326,0.0093210326,-0.0018619281,-0.0018619281,1.0537782e-16,1.0537782e-16,-2.9838026e-15,-2.9838026e-15,3.0118417e-15,3.0118417e-15,1.2996708e-18,1.2996708e-18,-2.1017528e-18,-2.1017528e-18,-0.0094468244,-0.0094468244,4.3391972e-17,4.3391972e-17,-2.5945892e-18,-2.5945892e-18,1.4009394e-17,1.4009394e-17,-0.0094468244,-0.0094468244,1.5454813e-09,1.5454813e-09,2.0301255e-34,2.0301255e-34
-0.0088435341,-0.0088435341,0.0088435341,0.0088435341,-6.574602e-16,-6.574602e-16,-4.2491615e-16,-4.2491615e-16,0.0088435341,0.0088435341,-0.0076136456,-0.0076136456,-0.0013282471,-0.0013282471,-0.0076136445,-0.0076136445,-0.0013282471,-0.0013282471,0,0,1.1446849e-05,1.1446849e-05,4.0283962e-16,4.0283962e-16,0.00044502637,0.00044502637,0.00044502637,0.00044502637,3.8274508e-18,3.8274508e-18,-0.0075267338,-0.0075267338,-0.0013282471,-0.0013282471,-0.0075267338,-0.0075267338,-0.0013282471,-0.0013282471,3.7206085e-17,3.7206085e-17,1.8098596e-17,1.8098596e-17,-0.0088549809,-0.0088549809,5.4870814e-17,5.4870814e-17,0.00011950225,0.00011950225,3.2723253e-17,3.2723253e-17,-0.0013168003,-0.0013168003,0.0013282471,0.0013282471,-0.0013168003,-0.0013168003,0.0013282471,0.0013282471,1.1446849e-05,1.1446849e-05,4.057034e-16,4.057034e-16,-0.0088435341,-0.0088435341,-0.0088435341,-0.0088435341,-0.0013282471,-0.0013282471,5.4934692e-08,5.4934692e-08,1.5227336e-18,1.5227336e-18,6.9962679e-05,6.9962679e-05,-6.9907744e-05,-6.9907744e-05,1.6885384e-05,1.6885384e-05,4.0837922e-16,4.0837922e-16,0.015815153,0.015815153,2.5784729e-14,2.5784729e-14,0.0065538794,0.0065538794,1.291816e-14,1.291816e-14,-0.0088435341,-0.0088435341,0.0088549809,0.0088549809,-0.0017687068,-0.0017687068,1.0479172e-16,1.0479172e-16,-3.0412382e-15,-3.0412382e-15,3.0683735e-15,3.0683735e-15,1.2809831e-18,1.2809831e-18,-2.0369771e-18,-2.0369771e-18,-0.0089744832,-0.0089744832,4.2116814e-17,4.2116814e-17,-2.4367165e-18,-2.4367165e-18,1.3257392e-17,1.3257392e-17,-0.0089744832,-0.0089744832,1.5316697e-09,1.5316697e-09,1.9051825e-34,1.9051825e-34
-0.0084007329,-0.0084007329,0.0084007329,0.0084007329,-6.574602e-16,-6.574602e-16,-4.2559977e-16,-4.2559977e-16,0.0084007329,0.0084007329,-0.0072329634,-0.0072329634,-0.0012618348,-0.0012618348,-0.0072329623,-0.0072329623,-0.0012618348,-0.0012618348,0,0,1.1499037e-05,1.1499037e-05,4.0483491e-16,4.0483491e-16,0.00042277505,0.00042277505,0.00042277505,0.00042277505,3.6928596e-18,3.6928596e-18,-0.0071503971,-0.0071503971,-0.0012618348,-0.0012618348,-0.0071503971,-0.0071503971,-0.0012618348,-0.0012618348,3.7018007e-17,3.7018007e-17,1.702103e-17,1.702103e-17,-0.0084122319,-0.0084122319,5.3635991e-17,5.3635991e-17,0.00011352713,0.00011352713,3.2602594e-17,3.2602594e-17,-0.0012503357,-0.0012503357,0.0012618348,0.0012618348,-0.0012503357,-0.0012503357,0.0012618348,0.0012618348,1.1499037e-05,1.1499037e-05,4.0747731e-16,4.0747731e-16,-0.0084007329,-0.0084007329,-0.0084007329,-0.0084007329,-0.0012618348,-0.0012618348,5.2187958e-08,5.2187958e-08,1.4915832e-18,1.4915832e-18,6.6464545e-05,6.6464545e-05,-6.6412357e-05,-6.6412357e-05,1.6665645e-05,1.6665645e-05,4.1007862e-16,4.1007862e-16,0.015692789,0.015692789,2.5898243e-14,2.5898243e-14,0.0065603823,0.0065603823,1.2978446e-14,1.2978446e-14,-0.0084007329,-0.0084007329,0.0084122319,0.0084122319,-0.0016801466,-0.0016801466,1.0422245e-16,1.0422245e-16,-3.0987357e-15,-3.0987357e-15,3.1249879e-15,3.1249879e-15,1.2620421e-18,1.2620421e-18,-1.9747522e-18,-1.9747522e-18,-0.008525759,-0.008525759,4.0860164e-17,4.0860164e-17,-2.2852038e-18,-2.2852038e-18,1.2535608e-17,1.2535608e-17,-0.008525759,-0.008525759,1.517836e-09,1.517836e-09,1.7959823e-34,1.7959823e-34
-0.0079800717,-0.0079800717,0.0079800717,0.0079800717,-6.574602e-16,-6.574602e-16,-4.262354e-16,-4.262354e-16,0.0079800717,0.0079800717,-0.0068713153,-0.0068713153,-0.001198743,-0.001198743,-0.0068713142,-0.0068713142,-0.001198743,-0.001198743,0,0,1.1548616e-05,1.1548616e-05,4.0674553e-16,4.0674553e-16,0.0004016363,0.0004016363,0.0004016363,0.0004016363,3.568494e-18,3.568494e-18,-0.0067928773,-0.0067928773,-0.001198743,-0.001198743,-0.0067928773,-0.0067928773,-0.001198743,-0.001198743,3.6827388e-17,3.6827388e-17,1.5972778e-17,1.5972778e-17,-0.0079916203,-0.0079916203,5.24264e-17,5.24264e-17,0.00010785078,0.00010785078,3.2494443e-17,3.2494443e-17,-0.0011871944,-0.0011871944,0.001198743,0.001198743,-0.0011871944,-0.0011871944,0.001198743,0.001198743,1.1548616e-05,1.1548616e-05,4.0917761e-16,4.0917761e-16,-0.0079800717,-0.0079800717,-0.0079800717,-0.0079800717,-0.001198743,-0.001198743,4.957856e-08,4.957856e-08,1.464321e-18,1.464321e-18,6.3141318e-05,6.3141318e-05,-6.3091739e-05,-6.3091739e-05,1.6456893e-05,1.6456893e-05,4.1171513e-16,4.1171513e-16,0.015576543,0.015576543,2.6007443e-14,2.6007443e-14,0.00656656,0.00656656,1.303638e-14,1.303638e-14,-0.0079800717,-0.0079800717,0.0079916203,0.0079916203,-0.0015960143,-0.0015960143,1.0367073e-16,1.0367073e-16,-3.1562991e-15,-3.1562991e-15,3.1816892e-15,3.1816892e-15,1.2428878e-18,1.2428878e-18,-1.9150193e-18,-1.9150193e-18,-0.0080994711,-0.0080994711,3.9623358e-17,3.9623358e-17,-2.1398865e-18,-2.1398865e-18,1.1843269e-17,1.1843269e-17,-0.0080994711,-0.0080994711,1.5039961e-09,1.5039961e-09,1.7007856e-34,1.7007856e-34
-0.0075804436,-0.0075804436,0.0075804436,0.0075804436,-6.5919492e-16,-6.5919492e-16,-4.2682955e-16,-4.2682955e-16,0.0075804436,0.0075804436,-0.0065277496,-0.0065277496,-0.0011388059,-0.0011388059,-0.0065277485,-0.0065277485,-0.0011388059,-0.0011388059,0,0,1.1595716e-05,1.1595716e-05,4.0857797e-16,4.0857797e-16,0.00038155448,0.00038155448,0.00038155448,0.00038155448,3.4537299e-18,3.4537299e-18,-0.0064532334,-0.0064532334,-0.0011388059,-0.0011388059,-0.0064532334,-0.0064532334,-0.0011388059,-0.0011388059,3.6634362e-17,3.6634362e-17,1.4953945e-17,1.4953945e-17,-0.0075920393,-0.0075920393,5.1242356e-17,5.1242356e-17,0.00010245824,0.00010245824,3.2397605e-17,3.2397605e-17,-0.0011272102,-0.0011272102,0.0011388059,0.0011388059,-0.0011272102,-0.0011272102,0.0011388059,0.0011388059,1.1595716e-05,1.1595716e-05,4.1081025e-16,4.1081025e-16,-0.0075804436,-0.0075804436,-0.0075804436,-0.0075804436,-0.0011388059,-0.0011388059,4.7099632e-08,4.7099632e-08,1.4406774e-18,1.4406774e-18,5.9984252e-05,5.9984252e-05,-5.9937152e-05,-5.9937152e-05,1.6258579e-05,1.6258579e-05,4.1329393e-16,4.1329393e-16,0.01546611,0.01546611,2.6112673e-14,2.6112673e-14,0.0065724289,0.0065724289,1.3092143e-14,1.3092143e-14,-0.0075804436,-0.0075804436,0.0075920393,0.0075920393,-0.0015160887,-0.0015160887,1.0313709e-16,1.0313709e-16,-3.2139319e-15,-3.2139319e-15,3.238481e-15,3.238481e-15,1.2235577e-18,1.2235577e-18,-1.8577158e-18,-1.8577158e-18,-0.0076944975,-0.0076944975,3.8407554e-17,3.8407554e-17,-2.0005928e-18,-2.0005928e-18,1.1179567e-17,1.1179567e-17,-0.0076944975,-0.0076944975,1.490164e-09,1.490164e-09,1.6180552e-34,1.6180552e-34
-0.0072007969,-0.0072007969,0.0072007969,0.0072007969,-6.5832756e-16,-6.5832756e-16,-4.2738822e-16,-4.2738822e-16,0.0072007969,0.0072007969,-0.0062013621,-0.0062013621,-0.0010818656,-0.0010818656,-0.0062013611,-0.0062013611,-0.0010818656,-0.0010818656,0,0,1.164046e-05,1.164046e-05,4.1033832e-16,4.1033832e-16,0.00036247676,0.00036247676,0.00036247676,0.00036247676,3.3479743e-18,3.3479743e-18,-0.0061305717,-0.0061305717,-0.0010818656,-0.0010818656,-0.0061305717,-0.0061305717,-0.0010818656,-0.0010818656,3.6439058e-17,3.6439058e-17,1.3964544e-17,1.3964544e-17,-0.0072124373,-0.0072124373,5.0084075e-17,5.0084075e-17,9.7335327e-05,9.7335327e-05,3.2310962e-17,3.2310962e-17,-0.0010702251,-0.0010702251,0.0010818656,0.0010818656,-0.0010702251,-0.0010702251,0.0010818656,0.0010818656,1.164046e-05,1.164046e-05,4.1238079e-16,4.1238079e-16,-0.0072007969,-0.0072007969,-0.0072007969,-0.0072007969,-0.0010818656,-0.0010818656,4.474465e-08,4.474465e-08,1.4203962e-18,1.4203962e-18,5.6985039e-05,5.6985039e-05,-5.6940295e-05,-5.6940295e-05,1.6070181e-05,1.6070181e-05,4.1481987e-16,4.1481987e-16,0.015361198,0.015361198,2.621425e-14,2.621425e-14,0.0065780044,0.0065780044,1.3145902e-14,1.3145902e-14,-0.0072007969,-0.0072007969,0.0072124373,0.0072124373,-0.0014401594,-0.0014401594,1.0262197e-16,1.0262197e-16,-3.2716373e-15,-3.2716373e-15,3.2953666e-15,3.2953666e-15,1.2040865e-18,1.2040865e-18,-1.8027759e-18,-1.8027759e-18,-0.0073097727,-0.0073097727,3.7213742e-17,3.7213742e-17,-1.8671459e-18,-1.8671459e-18,1.0543668e-17,1.0543668e-17,-0.0073097727,-0.0073097727,1.4763525e-09,1.4763525e-09,1.5464331e-34,1.5464331e-34
-0.0068401325,-0.0068401325,0.0068401325,0.0068401325,-6.5919492e-16,-6.5919492e-16,-4.2791694e-16,-4.2791694e-16,0.0068401325,0.0068401325,-0.0058912941,-0.0058912941,-0.0010277723,-0.0010277723,-0.005891293,-0.005891293,-0.0010277723,-0.0010277723,0,0,1.1682968e-05,1.1682968e-05,4.1203229e-16,4.1203229e-16,0.00034435292,0.00034435292,0.00034435292,0.00034435292,3.2506646e-18,3.2506646e-18,-0.0058240431,-0.0058240431,-0.0010277723,-0.0010277723,-0.0058240431,-0.0058240431,-0.0010277723,-0.0010277723,3.6241593e-17,3.6241593e-17,1.3004507e-17,1.3004507e-17,-0.0068518155,-0.0068518155,4.8951677e-17,4.8951677e-17,9.2468561e-05,9.2468561e-05,3.2233478e-17,3.2233478e-17,-0.0010160894,-0.0010160894,0.0010277723,0.0010277723,-0.0010160894,-0.0010160894,0.0010277723,0.0010277723,1.1682968e-05,1.1682968e-05,4.1389444e-16,4.1389444e-16,-0.0068401325,-0.0068401325,-0.0068401325,-0.0068401325,-0.0010277723,-0.0010277723,4.2507418e-08,4.2507418e-08,1.4032344e-18,1.4032344e-18,5.4135787e-05,5.4135787e-05,-5.409328e-05,-5.409328e-05,1.5891202e-05,1.5891202e-05,4.1629746e-16,4.1629746e-16,0.015261532,0.015261532,2.6312475e-14,2.6312475e-14,0.006583301,0.006583301,1.3197815e-14,1.3197815e-14,-0.0068401325,-0.0068401325,0.0068518155,0.0068518155,-0.0013680265,-0.0013680265,1.0212568e-16,1.0212568e-16,-3.3294182e-15,-3.3294182e-15,3.3523487e-15,3.3523487e-15,1.1845068e-18,1.1845068e-18,-1.7501316e-18,-1.7501316e-18,-0.006944284,-0.006944284,3.6042764e-17,3.6042764e-17,-1.7393651e-18,-1.7393651e-18,9.9347211e-18,9.9347211e-18,-0.006944284,-0.006944284,1.4625728e-09,1.4625728e-09,1.4847208e-34,1.4847208e-34
-0.0064975013,-0.0064975013,0.0064975013,0.0064975013,-6.5832756e-16,-6.5832756e-16,-4.2842081e-16,-4.2842081e-16,0.0064975013,0.0064975013,-0.0055967294,-0.0055967294,-0.0009763837,-0.0009763837,-0.0055967284,-0.0055967284,-0.0009763837,-0.0009763837,0,0,1.172335e-05,1.172335e-05,4.1366523e-16,4.1366523e-16,0.00032713527,0.00032713527,0.00032713527,0.00032713527,3.1612669e-18,3.1612669e-18,-0.005532841,-0.005532841,-0.0009763837,-0.0009763837,-0.005532841,-0.005532841,-0.0009763837,-0.0009763837,3.6042081e-17,3.6042081e-17,1.2073697e-17,1.2073697e-17,-0.0065092247,-0.0065092247,4.7845203e-17,4.7845203e-17,8.7845133e-05,8.7845133e-05,3.2164183e-17,3.2164183e-17,-0.00096466035,-0.00096466035,0.0009763837,0.0009763837,-0.00096466035,-0.00096466035,0.0009763837,0.0009763837,1.172335e-05,1.172335e-05,4.1535608e-16,4.1535608e-16,-0.0064975013,-0.0064975013,-0.0064975013,-0.0064975013,-0.0009763837,-0.0009763837,4.0382047e-08,4.0382047e-08,1.3889617e-18,1.3889617e-18,5.1428998e-05,5.1428998e-05,-5.1388616e-05,-5.1388616e-05,1.5721172e-05,1.5721172e-05,4.1773094e-16,4.1773094e-16,0.015166849,0.015166849,2.6407628e-14,2.6407628e-14,0.0065883329,0.0065883329,1.3248028e-14,1.3248028e-14,-0.0064975013,-0.0064975013,0.0065092247,0.0065092247,-0.0012995003,-0.0012995003,1.0164845e-16,1.0164845e-16,-3.3872772e-15,-3.3872772e-15,3.4094299e-15,3.4094299e-15,1.1648488e-18,1.1648488e-18,-1.6997132e-18,-1.6997132e-18,-0.0065970698,-0.0065970698,3.4895321e-17,3.4895321e-17,-1.6170678e-18,-1.6170678e-18,9.351862e-18,9.351862e-18,-0.0065970698,-0.0065970698,1.448835e-09,1.448835e-09,1.431861e-34,1.431861e-34
-0.0061720017,-0.0061720017,0.0061720017,0.0061720017,-6.5919492e-16,-6.5919492e-16,-4.289045e-16,-4.289045e-16,0.0061720017,0.0061720017,-0.005316893,-0.005316893,-0.00092756452,-0.00092756452,-0.0053168919,-0.0053168919,-0.00092756452,-0.00092756452,0,0,1.1761713e-05,1.1761713e-05,4.1524215e-16,4.1524215e-16,0.00031077851,0.00031077851,0.00031077851,0.00031077851,3.0792757e-18,3.0792757e-18,-0.0052561989,-0.0052561989,-0.00092756452,-0.00092756452,-0.0052561989,-0.0052561989,-0.00092756452,-0.00092756452,3.5840624e-17,3.5840624e-17,1.1171912e-17,1.1171912e-17,-0.0061837635,-0.0061837635,4.6764618e-17,4.6764618e-17,8.3452876e-05,8.3452876e-05,3.2102181e-17,3.2102181e-17,-0.0009158028,-0.0009158028,0.00092756452,0.00092756452,-0.0009158028,-0.0009158028,0.00092756452,0.00092756452,1.1761713e-05,1.1761713e-05,4.1677026e-16,4.1677026e-16,-0.0061720017,-0.0061720017,-0.0061720017,-0.0061720017,-0.00092756452,-0.00092756452,3.8362944e-08,3.8362944e-08,1.3773605e-18,1.3773605e-18,4.8857548e-05,4.8857548e-05,-4.8819185e-05,-4.8819185e-05,1.5559644e-05,1.5559644e-05,4.1912424e-16,4.1912424e-16,0.0150769,0.0150769,2.6499969e-14,2.6499969e-14,0.0065931131,0.0065931131,1.3296681e-14,1.3296681e-14,-0.0061720017,-0.0061720017,0.0061837635,0.0061837635,-0.0012344003,-0.0012344003,1.0119039e-16,1.0119039e-16,-3.4452163e-15,-3.4452163e-15,3.4666122e-15,3.4666122e-15,1.1451409e-18,1.1451409e-18,-1.6514501e-18,-1.6514501e-18,-0.0062672163,-0.0062672163,3.3771986e-17,3.3771986e-17,-1.5000704e-18,-1.5000704e-18,8.7942227e-18,8.7942227e-18,-0.0062672163,-0.0062672163,1.435148e-09,1.435148e-09,1.3869209e-34,1.3869209e-34
-0.0058627771,-0.0058627771,0.0058627771,0.0058627771,-6.5832756e-16,-6.5832756e-16,-4.2937232e-16,-4.2937232e-16,0.0058627771,0.0058627771,-0.0050510484,-0.0050510484,-0.00088118629,-0.00088118629,-0.0050510473,-0.0050510473,-0.00088118629,-0.00088118629,0,0,1.1798157e-05,1.1798157e-05,4.1676774e-16,4.1676774e-16,0.00029523958,0.00029523958,0.00029523958,0.00029523958,3.0042123e-18,3.0042123e-18,-0.004993389,-0.004993389,-0.00088118629,-0.00088118629,-0.004993389,-0.004993389,-0.00088118629,-0.00088118629,3.563732e-17,3.563732e-17,1.0298895e-17,1.0298895e-17,-0.0058745753,-0.0058745753,4.5709819e-17,4.5709819e-17,7.9280232e-05,7.9280232e-05,3.2046637e-17,3.2046637e-17,-0.00086938813,-0.00086938813,0.00088118629,0.00088118629,-0.00086938813,-0.00086938813,0.00088118629,0.00088118629,1.1798157e-05,1.1798157e-05,4.1814125e-16,4.1814125e-16,-0.0058627771,-0.0058627771,-0.0058627771,-0.0058627771,-0.00088118629,-0.00088118629,3.6444797e-08,3.6444797e-08,1.3682248e-18,1.3682248e-18,4.6414671e-05,4.6414671e-05,-4.6378226e-05,-4.6378226e-05,1.5406192e-05,1.5406192e-05,4.2048105e-16,4.2048105e-16,0.014991449,0.014991449,2.6589744e-14,2.6589744e-14,0.0065976543,0.0065976543,1.3343901e-14,1.3343901e-14,-0.0058627771,-0.0058627771,0.0058745753,0.0058745753,-0.0011725554,-0.0011725554,1.0075156e-16,1.0075156e-16,-3.5032374e-15,-3.5032374e-15,3.5238972e-15,3.5238972e-15,1.1254093e-18,1.1254093e-18,-1.6052711e-18,-1.6052711e-18,-0.0059538555,-0.0059538555,3.2673218e-17,3.2673218e-17,-1.3881893e-18,-1.3881893e-18,8.2609343e-18,8.2609343e-18,-0.0059538555,-0.0059538555,1.4215198e-09,1.4215198e-09,1.3490771e-34,1.3490771e-34
-0.0055690137,-0.0055690137,0.0055690137,0.0055690137,-6.5919492e-16,-6.5919492e-16,-4.298282e-16,-4.298282e-16,0.0055690137,0.0055690137,-0.004798496,-0.004798496,-0.00083712698,-0.00083712698,-0.004798495,-0.004798495,-0.00083712698,-0.00083712698,0,0,1.183278e-05,1.183278e-05,4.1824637e-16,4.1824637e-16,0.00028047761,0.00028047761,0.00028047761,0.00028047761,2.9356241e-18,2.9356241e-18,-0.0047437195,-0.0047437195,-0.00083712698,-0.00083712698,-0.0047437195,-0.0047437195,-0.00083712698,-0.00083712698,3.5432259e-17,3.5432259e-17,9.4543363e-18,9.4543363e-18,-0.0055808465,-0.0055808465,4.4680647e-17,4.4680647e-17,7.5316221e-05,7.5316221e-05,3.1996776e-17,3.1996776e-17,-0.0008252942,-0.0008252942,0.00083712698,0.00083712698,-0.0008252942,-0.0008252942,0.00083712698,0.00083712698,1.183278e-05,1.183278e-05,4.1947301e-16,4.1947301e-16,-0.0055690137,-0.0055690137,-0.0055690137,-0.0055690137,-0.00083712698,-0.00083712698,3.4622557e-08,3.4622557e-08,1.3613605e-18,1.3613605e-18,4.4093937e-05,4.4093937e-05,-4.4059315e-05,-4.4059315e-05,1.5260413e-05,1.5260413e-05,4.2180478e-16,4.2180478e-16,0.01491027,0.01491027,2.6677182e-14,2.6677182e-14,0.0066019685,0.0066019685,1.3389812e-14,1.3389812e-14,-0.0055690137,-0.0055690137,0.0055808465,0.0055808465,-0.0011138027,-0.0011138027,1.0033193e-16,1.0033193e-16,-3.5613423e-15,-3.5613423e-15,3.5812865e-15,3.5812865e-15,1.1056783e-18,1.1056783e-18,-1.5611048e-18,-1.5611048e-18,-0.0056561627,-0.0056561627,3.1599368e-17,3.1599368e-17,-1.2812421e-18,-1.2812421e-18,7.7511324e-18,7.7511324e-18,-0.0056561627,-0.0056561627,1.4079573e-09,1.4079573e-09,1.3176027e-34,1.3176027e-34
-0.0052899385,-0.0052899385,0.0052899385,0.0052899385,-6.5832756e-16,-6.5832756e-16,-4.3027575e-16,-4.3027575e-16,0.0052899385,0.0052899385,-0.0045585712,-0.0045585712,-0.00079527063,-0.00079527063,-0.0045585702,-0.0045585702,-0.00079527063,-0.00079527063,0,0,1.1865671e-05,1.1865671e-05,4.1968214e-16,4.1968214e-16,0.00026645372,0.00026645372,0.00026645372,0.00026645372,2.8730832e-18,2.8730832e-18,-0.0045065336,-0.0045065336,-0.00079527063,-0.00079527063,-0.0045065336,-0.0045065336,-0.00079527063,-0.00079527063,3.5225525e-17,3.5225525e-17,8.637886e-18,8.637886e-18,-0.0053018042,-0.0053018042,4.3676887e-17,4.3676887e-17,7.1550409e-05,7.1550409e-05,3.195188e-17,3.195188e-17,-0.00078340496,-0.00078340496,0.00079527063,0.00079527063,-0.00078340496,-0.00078340496,0.00079527063,0.00079527063,1.1865671e-05,1.1865671e-05,4.2076926e-16,4.2076926e-16,-0.0052899385,-0.0052899385,-0.0052899385,-0.0052899385,-0.00079527063,-0.00079527063,3.2891429e-08,3.2891429e-08,1.3565847e-18,1.3565847e-18,4.188924e-05,4.188924e-05,-4.1856349e-05,-4.1856349e-05,1.5121923e-05,1.5121923e-05,4.2309864e-16,4.2309864e-16,0.014833151,0.014833151,2.6762494e-14,2.6762494e-14,0.006606067,0.006606067,1.3434524e-14,1.3434524e-14,-0.0052899385,-0.0052899385,0.0053018042,0.0053018042,-0.0010579877,-0.0010579877,9.9931429e-17,9.9931429e-17,-3.6195322e-15,-3.6195322e-15,3.6387811e-15,3.6387811e-15,1.0859706e-18,1.0859706e-18,-1.5188803e-18,-1.5188803e-18,-0.0053733546,-0.0053733546,3.0550691e-17,3.0550691e-17,-1.1790481e-18,-1.1790481e-18,7.2639606e-18,7.2639606e-18,-0.0053733546,-0.0053733546,1.3944667e-09,1.3944667e-09,1.2918552e-34,1.2918552e-34
-0.0050248171,-0.0050248171,0.0050248171,0.0050248171,-6.574602e-16,-6.574602e-16,-4.3071825e-16,-4.3071825e-16,0.0050248171,0.0050248171,-0.0043306427,-0.0043306427,-0.0007555071,-0.0007555071,-0.0043306417,-0.0043306417,-0.0007555071,-0.0007555071,0,0,1.1896918e-05,1.1896918e-05,4.2107888e-16,4.2107888e-16,0.00025313104,0.00025313104,0.00025313104,0.00025313104,2.8161856e-18,2.8161856e-18,-0.0042812069,-0.0042812069,-0.0007555071,-0.0007555071,-0.0042812069,-0.0042812069,-0.0007555071,-0.0007555071,3.5017195e-17,3.5017195e-17,7.8491542e-18,7.8491542e-18,-0.005036714,-0.005036714,4.2698278e-17,4.2698278e-17,6.7972889e-05,6.7972889e-05,3.1911286e-17,3.1911286e-17,-0.00074361018,-0.00074361018,0.0007555071,0.0007555071,-0.00074361018,-0.00074361018,0.0007555071,0.0007555071,1.1896918e-05,1.1896918e-05,4.2203344e-16,4.2203344e-16,-0.0050248171,-0.0050248171,-0.0050248171,-0.0050248171,-0.0007555071,-0.0007555071,3.1246858e-08,3.1246858e-08,1.3537252e-18,1.3537252e-18,3.9794778e-05,3.9794778e-05,-3.9763531e-05,-3.9763531e-05,1.4990357e-05,1.4990357e-05,4.2436558e-16,4.2436558e-16,0.014759887,0.014759887,2.684588e-14,2.684588e-14,0.0066099605,0.0066099605,1.3478145e-14,1.3478145e-14,-0.0050248171,-0.0050248171,0.005036714,0.005036714,-0.0010049634,-0.0010049634,9.9549923e-17,9.9549923e-17,-3.6778083e-15,-3.6778083e-15,3.6963819e-15,3.6963819e-15,1.0663072e-18,1.0663072e-18,-1.4785272e-18,-1.4785272e-18,-0.0051046869,-0.0051046869,2.9527354e-17,2.9527354e-17,-1.0814291e-18,-1.0814291e-18,6.7985733e-18,6.7985733e-18,-0.0051046869,-0.0051046869,1.3810537e-09,1.3810537e-09,1.2712658e-34,1.2712658e-34
-0.0047729517,-0.0047729517,0.0047729517,0.0047729517,-6.5832756e-16,-6.5832756e-16,-4.3115871e-16,-4.3115871e-16,0.0047729517,0.0047729517,-0.0041141106,-0.0041141106,-0.00071773174,-0.00071773174,-0.0041141096,-0.0041141096,-0.00071773174,-0.00071773174,0,0,1.1926603e-05,1.1926603e-05,4.2244014e-16,4.2244014e-16,0.00024047449,0.00024047449,0.00024047449,0.00024047449,2.76455e-18,2.76455e-18,-0.0040671465,-0.0040671465,-0.00071773174,-0.00071773174,-0.0040671465,-0.0040671465,-0.00071773174,-0.00071773174,3.4807341e-17,3.4807341e-17,7.0877185e-18,7.0877185e-18,-0.0047848783,-0.0047848783,4.1744519e-17,4.1744519e-17,6.4574245e-05,6.4574245e-05,3.1874379e-17,3.1874379e-17,-0.00070580514,-0.00070580514,0.00071773174,0.00071773174,-0.00070580514,-0.00070580514,0.00071773174,0.00071773174,1.1926603e-05,1.1926603e-05,4.2326877e-16,4.2326877e-16,-0.0047729517,-0.0047729517,-0.0047729517,-0.0047729517,-0.00071773174,-0.00071773174,2.9684515e-08,2.9684515e-08,1.3526201e-18,1.3526201e-18,3.7805039e-05,3.7805039e-05,-3.7775355e-05,-3.7775355e-05,1.486537e-05,1.486537e-05,4.2560838e-16,4.2560838e-16,0.014690286,0.014690286,2.6927524e-14,2.6927524e-14,0.0066136594,0.0066136594,1.3520772e-14,1.3520772e-14,-0.0047729517,-0.0047729517,0.0047848783,0.0047848783,-0.00095459034,-0.00095459034,9.9187231e-17,9.9187231e-17,-3.7361716e-15,-3.7361716e-15,3.7540897e-15,3.7540897e-15,1.0467076e-18,1.0467076e-18,-1.4399758e-18,-1.4399758e-18,-0.0048494525,-0.0048494525,2.8529446e-17,2.8529446e-17,-9.8820978e-19,-9.8820978e-19,6.3541387e-18,6.3541387e-18,-0.0048494525,-0.0048494525,1.367723e-09,1.367723e-09,1.2553302e-34,1.2553302e-34
-0.0045336796,-0.0045336796,0.0045336796,0.0045336796,-6.5832756e-16,-6.5832756e-16,-4.3159984e-16,-4.3159984e-16,0.0045336796,0.0045336796,-0.0039084051,-0.0039084051,-0.00068184515,-0.00068184515,-0.0039084041,-0.0039084041,-0.00068184515,-0.00068184515,0,0,1.1954803e-05,1.1954803e-05,4.2376924e-16,4.2376924e-16,0.00022845076,0.00022845076,0.00022845076,0.00022845076,2.7178168e-18,2.7178168e-18,-0.0038637892,-0.0038637892,-0.00068184515,-0.00068184515,-0.0038637892,-0.0038637892,-0.00068184515,-0.00068184515,3.4596029e-17,3.4596029e-17,6.3531277e-18,6.3531277e-18,-0.0045456344,-0.0045456344,4.0815271e-17,4.0815271e-17,6.1345532e-05,6.1345532e-05,3.1840592e-17,3.1840592e-17,-0.00066989035,-0.00066989035,0.00068184515,0.00068184515,-0.00066989035,-0.00066989035,0.00068184515,0.00068184515,1.1954803e-05,1.1954803e-05,4.2447825e-16,4.2447825e-16,-0.0045336796,-0.0045336796,-0.0045336796,-0.0045336796,-0.00068184515,-0.00068184515,2.8200289e-08,2.8200289e-08,1.3531174e-18,1.3531174e-18,3.5914787e-05,3.5914787e-05,-3.5886587e-05,-3.5886587e-05,1.4746632e-05,1.4746632e-05,4.2682958e-16,4.2682958e-16,0.014624166,0.014624166,2.7007599e-14,2.7007599e-14,0.0066171733,0.0066171733,1.3562498e-14,1.3562498e-14,-0.0045336796,-0.0045336796,0.0045456344,0.0045456344,-0.00090673591,-0.00090673591,9.8843134e-17,9.8843134e-17,-3.7946228e-15,-3.7946228e-15,3.8119048e-15,3.8119048e-15,1.0271897e-18,1.0271897e-18,-1.4031576e-18,-1.4031576e-18,-0.0046069799,-0.0046069799,2.7556981e-17,2.7556981e-17,-8.992183e-19,-8.992183e-19,5.9298408e-18,5.9298408e-18,-0.0046069799,-0.0046069799,1.3544788e-09,1.3544788e-09,1.2436006e-34,1.2436006e-34
-0.0043063711,-0.0043063711,0.0043063711,0.0043063711,-6.574602e-16,-6.574602e-16,-4.3204412e-16,-4.3204412e-16,0.0043063711,0.0043063711,-0.0037129849,-0.0037129849,-0.0006477529,-0.0006477529,-0.0037129839,-0.0037129839,-0.0006477529,-0.0006477529,0,0,1.1981593e-05,1.1981593e-05,4.2506928e-16,4.2506928e-16,0.00021702822,0.00021702822,0.00021702822,0.00021702822,2.6756474e-18,2.6756474e-18,-0.0036705998,-0.0036705998,-0.0006477529,-0.0006477529,-0.0036705998,-0.0036705998,-0.0006477529,-0.0006477529,3.4383321e-17,3.4383321e-17,5.6449062e-18,5.6449062e-18,-0.0043183526,-0.0043183526,3.9910163e-17,3.9910163e-17,5.8278256e-05,5.8278256e-05,3.1809401e-17,3.1809401e-17,-0.0006357713,-0.0006357713,0.0006477529,0.0006477529,-0.0006357713,-0.0006357713,0.0006477529,0.0006477529,1.1981593e-05,1.1981593e-05,4.2566465e-16,4.2566465e-16,-0.0043063711,-0.0043063711,-0.0043063711,-0.0043063711,-0.0006477529,-0.0006477529,2.6790275e-08,2.6790275e-08,1.3550745e-18,1.3550745e-18,3.4119048e-05,3.4119048e-05,-3.4092258e-05,-3.4092258e-05,1.4633831e-05,1.4633831e-05,4.2803157e-16,4.2803157e-16,0.014561351,0.014561351,2.7086263e-14,2.7086263e-14,0.0066205115,0.0066205115,1.3603407e-14,1.3603407e-14,-0.0043063711,-0.0043063711,0.0043183526,0.0043183526,-0.00086127421,-0.00086127421,9.851738e-17,9.851738e-17,-3.8531625e-15,-3.8531625e-15,3.8698274e-15,3.8698274e-15,1.00777e-18,1.00777e-18,-1.3680055e-18,-1.3680055e-18,-0.0043766309,-0.0043766309,2.660991e-17,2.660991e-17,-8.1428658e-19,-8.1428658e-19,5.5248813e-18,5.5248813e-18,-0.0043766309,-0.0043766309,1.3413248e-09,1.3413248e-09,1.2356779e-34,1.2356779e-34
-0.004090428,-0.004090428,0.004090428,0.004090428,-6.574602e-16,-6.574602e-16,-4.3249378e-16,-4.3249378e-16,0.004090428,0.004090428,-0.0035273357,-0.0035273357,-0.00061536525,-0.00061536525,-0.0035273347,-0.0035273347,-0.00061536525,-0.00061536525,0,0,1.2007044e-05,1.2007044e-05,4.2634314e-16,4.2634314e-16,0.00020617681,0.00020617681,0.00020617681,0.00020617681,2.6377226e-18,2.6377226e-18,-0.0034870698,-0.0034870698,-0.00061536525,-0.00061536525,-0.0034870698,-0.0034870698,-0.00061536525,-0.00061536525,3.4169272e-17,3.4169272e-17,4.962558e-18,4.962558e-18,-0.004102435,-0.004102435,3.9028796e-17,3.9028796e-17,5.5364343e-05,5.5364343e-05,3.1780323e-17,3.1780323e-17,-0.00060335821,-0.00060335821,0.00061536525,0.00061536525,-0.00060335821,-0.00060335821,0.00061536525,0.00061536525,1.2007044e-05,1.2007044e-05,4.2683054e-16,4.2683054e-16,-0.004090428,-0.004090428,-0.004090428,-0.004090428,-0.00061536525,-0.00061536525,2.5450761e-08,2.5450761e-08,1.3583579e-18,1.3583579e-18,3.2413096e-05,3.2413096e-05,-3.2387645e-05,-3.2387645e-05,1.452667e-05,1.452667e-05,4.2921655e-16,4.2921655e-16,0.014501677,0.014501677,2.7163666e-14,2.7163666e-14,0.0066236828,0.0066236828,1.364358e-14,1.364358e-14,-0.004090428,-0.004090428,0.004102435,0.004102435,-0.00081808559,-0.00081808559,9.8209686e-17,9.8209686e-17,-3.9117911e-15,-3.9117911e-15,3.9278578e-15,3.9278578e-15,9.8846386e-19,9.8846386e-19,-1.3344536e-18,-1.3344536e-18,-0.0041577994,-0.0041577994,2.5688125e-17,2.5688125e-17,-7.332506e-19,-7.332506e-19,5.1384809e-18,5.1384809e-18,-0.0041577994,-0.0041577994,1.3282642e-09,1.3282642e-09,1.2312059e-34,1.2312059e-34
-0.003885282,-0.003885282,0.003885282,0.003885282,-6.574602e-16,-6.574602e-16,-4.3295084e-16,-4.3295084e-16,0.003885282,0.003885282,-0.003350969,-0.003350969,-0.00058459699,-0.00058459699,-0.003350968,-0.003350968,-0.00058459699,-0.00058459699,0,0,1.2031222e-05,1.2031222e-05,4.2759349e-16,4.2759349e-16,0.00019586797,0.00019586797,0.00019586797,0.00019586797,2.6037423e-18,2.6037423e-18,-0.0033127163,-0.0033127163,-0.00058459699,-0.00058459699,-0.0033127163,-0.0033127163,-0.00058459699,-0.00058459699,3.3953935e-17,3.3953935e-17,4.30557e-18,4.30557e-18,-0.0038973133,-0.0038973133,3.817075e-17,3.817075e-17,5.2596126e-05,5.2596126e-05,3.1752916e-17,3.1752916e-17,-0.00057256577,-0.00057256577,0.00058459699,0.00058459699,-0.00057256577,-0.00057256577,0.00058459699,0.00058459699,1.2031222e-05,1.2031222e-05,4.2797832e-16,4.2797832e-16,-0.003885282,-0.003885282,-0.003885282,-0.003885282,-0.00058459699,-0.00058459699,2.4178223e-08,2.4178223e-08,1.3628426e-18,1.3628426e-18,3.0792441e-05,3.0792441e-05,-3.0768263e-05,-3.0768263e-05,1.4424866e-05,1.4424866e-05,4.3038656e-16,4.3038656e-16,0.014444987,0.014444987,2.7239946e-14,2.7239946e-14,0.0066266956,0.0066266956,1.368309e-14,1.368309e-14,-0.003885282,-0.003885282,0.0038973133,0.0038973133,-0.00077705641,-0.00077705641,9.7919743e-17,9.7919743e-17,-3.9705089e-15,-3.9705089e-15,3.9859957e-15,3.9859957e-15,9.6928531e-19,9.6928531e-19,-1.3024376e-18,-1.3024376e-18,-0.0039499094,-0.0039499094,2.4791465e-17,2.4791465e-17,-6.5595067e-19,-6.5595067e-19,4.7698806e-18,4.7698806e-18,-0.0039499094,-0.0039499094,1.3152999e-09,1.3152999e-09,1.2298655e-34,1.2298655e-34
-0.0036903934,-0.0036903934,0.0036903934,0.0036903934,-6.5702652e-16,-6.5702652e-16,-4.3341711e-16,-4.3341711e-16,0.0036903934,0.0036903934,-0.0031834206,-0.0031834206,-0.00055536714,-0.00055536714,-0.0031834196,-0.0031834196,-0.00055536714,-0.00055536714,0,0,1.2054192e-05,1.2054192e-05,4.288228e-16,4.288228e-16,0.00018607457,0.00018607457,0.00018607457,0.00018607457,2.5734241e-18,2.5734241e-18,-0.0031470805,-0.0031470805,-0.00055536714,-0.00055536714,-0.0031470805,-0.0031470805,-0.00055536714,-0.00055536714,3.3737356e-17,3.3737356e-17,3.6734149e-18,3.6734149e-18,-0.0037024476,-0.0037024476,3.7335581e-17,3.7335581e-17,4.9966319e-05,4.9966319e-05,3.172677e-17,3.172677e-17,-0.00054331295,-0.00054331295,0.00055536714,0.00055536714,-0.00054331295,-0.00054331295,0.00055536714,0.00055536714,1.2054192e-05,1.2054192e-05,4.291102e-16,4.291102e-16,-0.0036903934,-0.0036903934,-0.0036903934,-0.0036903934,-0.00055536714,-0.00055536714,2.2969312e-08,2.2969312e-08,1.3684118e-18,1.3684118e-18,2.9252819e-05,2.9252819e-05,-2.9229849e-05,-2.9229849e-05,1.4328154e-05,1.4328154e-05,4.3154349e-16,4.3154349e-16,0.014391132,0.014391132,2.731523e-14,2.731523e-14,0.0066295577,0.0066295577,1.3722007e-14,1.3722007e-14,-0.0036903934,-0.0036903934,0.0037024476,0.0037024476,-0.00073807868,-0.00073807868,9.7647223e-17,9.7647223e-17,-4.029316e-15,-4.029316e-15,4.0442409e-15,4.0442409e-15,9.5024723e-19,9.5024723e-19,-1.271895e-18,-1.271895e-18,-0.0037524139,-0.0037524139,2.3919722e-17,2.3919722e-17,-5.8223157e-19,-5.8223157e-19,4.4183423e-18,4.4183423e-18,-0.0037524139,-0.0037524139,1.3024342e-09,1.3024342e-09,1.23137e-34,1.23137e-34
-0.0035052492,-0.0035052492,0.0035052492,0.0035052492,-6.5702652e-16,-6.5702652e-16,-4.338942e-16,-4.338942e-16,0.0035052492,0.0035052492,-0.0030242496,-0.0030242496,-0.00052759878,-0.00052759878,-0.0030242486,-0.0030242486,-0.00052759878,-0.00052759878,0,0,1.2076013e-05,1.2076013e-05,4.300334e-16,4.300334e-16,0.00017677085,0.00017677085,0.00017677085,0.00017677085,2.5465027e-18,2.5465027e-18,-0.0029897264,-0.0029897264,-0.00052759878,-0.00052759878,-0.0029897264,-0.0029897264,-0.00052759878,-0.00052759878,3.3519581e-17,3.3519581e-17,3.0655545e-18,3.0655545e-18,-0.0035173252,-0.0035173252,3.6522832e-17,3.6522832e-17,4.7468004e-05,4.7468004e-05,3.1701513e-17,3.1701513e-17,-0.00051552277,-0.00051552277,0.00052759878,0.00052759878,-0.00051552277,-0.00051552277,0.00052759878,0.00052759878,1.2076013e-05,1.2076013e-05,4.3022823e-16,4.3022823e-16,-0.0035052492,-0.0035052492,-0.0035052492,-0.0035052492,-0.00052759878,-0.00052759878,2.1820846e-08,2.1820846e-08,1.3749564e-18,1.3749564e-18,2.7790178e-05,2.7790178e-05,-2.7768357e-05,-2.7768357e-05,1.4236276e-05,1.4236276e-05,4.3268907e-16,4.3268907e-16,0.014339969,0.014339969,2.7389637e-14,2.7389637e-14,0.0066322767,0.0066322767,1.3760394e-14,1.3760394e-14,-0.0035052492,-0.0035052492,0.0035173252,0.0035173252,-0.00070104984,-0.00070104984,9.7391778e-17,9.7391778e-17,-4.0882124e-15,-4.0882124e-15,4.102593e-15,4.102593e-15,9.3136142e-19,9.3136142e-19,-1.2427647e-18,-1.2427647e-18,-0.0035647932,-0.0035647932,2.3072646e-17,2.3072646e-17,-5.1194265e-19,-5.1194265e-19,4.0831498e-18,4.0831498e-18,-0.0035647932,-0.0035647932,1.2896691e-09,1.2896691e-09,1.2354609e-34,1.2354609e-34
-0.0033293622,-0.0033293622,0.0033293622,0.0033293622,-6.5615915e-16,-6.5615915e-16,-4.3438357e-16,-4.3438357e-16,0.0033293622,0.0033293622,-0.0028730371,-0.0028730371,-0.00050121884,-0.00050121884,-0.0028730362,-0.0028730362,-0.00050121884,-0.00050121884,0,0,1.2096742e-05,1.2096742e-05,4.3122742e-16,4.3122742e-16,0.0001679323,0.0001679323,0.0001679323,0.0001679323,2.5227289e-18,2.5227289e-18,-0.0028402401,-0.0028402401,-0.00050121884,-0.00050121884,-0.0028402401,-0.0028402401,-0.00050121884,-0.00050121884,3.3300647e-17,3.3300647e-17,2.4814421e-18,2.4814421e-18,-0.003341459,-0.003341459,3.5732028e-17,3.5732028e-17,4.5094603e-05,4.5094603e-05,3.1676801e-17,3.1676801e-17,-0.0004891221,-0.0004891221,0.00050121884,0.00050121884,-0.0004891221,-0.0004891221,0.00050121884,0.00050121884,1.2096742e-05,1.2096742e-05,4.3133431e-16,4.3133431e-16,-0.0033293622,-0.0033293622,-0.0033293622,-0.0033293622,-0.00050121884,-0.00050121884,2.0729804e-08,2.0729804e-08,1.3823749e-18,1.3823749e-18,2.6400669e-05,2.6400669e-05,-2.6379939e-05,-2.6379939e-05,1.4148993e-05,1.4148993e-05,4.3382493e-16,4.3382493e-16,0.014291364,0.014291364,2.7463276e-14,2.7463276e-14,0.0066348597,0.0066348597,1.379831e-14,1.379831e-14,-0.0033293622,-0.0033293622,0.003341459,0.003341459,-0.00066587244,-0.00066587244,9.7153049e-17,9.7153049e-17,-4.147198e-15,-4.147198e-15,4.1610516e-15,4.1610516e-15,9.1263866e-19,9.1263866e-19,-1.2149877e-18,-1.2149877e-18,-0.0033865536,-0.0033865536,2.2249949e-17,2.2249949e-17,-4.44938e-19,-4.44938e-19,3.7636088e-18,3.7636088e-18,-0.0033865536,-0.0033865536,1.2770064e-09,1.2770064e-09,1.2419041e-34,1.2419041e-34
-0.0031622696,-0.0031622696,0.0031622696,0.0031622696,-6.5572547e-16,-6.5572547e-16,-4.3488649e-16,-4.3488649e-16,0.0031622696,0.0031622696,-0.0027293853,-0.0027293853,-0.0004761579,-0.0004761579,-0.0027293844,-0.0027293844,-0.0004761579,-0.0004761579,0,0,1.2116436e-05,1.2116436e-05,4.3240683e-16,4.3240683e-16,0.00015953569,0.00015953569,0.00015953569,0.00015953569,2.5018687e-18,2.5018687e-18,-0.0026982281,-0.0026982281,-0.0004761579,-0.0004761579,-0.0026982281,-0.0026982281,-0.0004761579,-0.0004761579,3.3080593e-17,3.3080593e-17,1.9205245e-18,1.9205245e-18,-0.003174386,-0.003174386,3.4962686e-17,3.4962686e-17,4.2839873e-05,4.2839873e-05,3.1652322e-17,3.1652322e-17,-0.00046404147,-0.00046404147,0.0004761579,0.0004761579,-0.00046404147,-0.00046404147,0.0004761579,0.0004761579,1.2116436e-05,1.2116436e-05,4.3243018e-16,4.3243018e-16,-0.0031622696,-0.0031622696,-0.0031622696,-0.0031622696,-0.0004761579,-0.0004761579,1.9693314e-08,1.9693314e-08,1.3905724e-18,1.3905724e-18,2.5080636e-05,2.5080636e-05,-2.5060942e-05,-2.5060942e-05,1.4066074e-05,1.4066074e-05,4.3495254e-16,4.3495254e-16,0.01424519,0.01424519,2.7536248e-14,2.7536248e-14,0.0066373136,0.0066373136,1.383581e-14,1.383581e-14,-0.0031622696,-0.0031622696,0.003174386,0.003174386,-0.00063245392,-0.00063245392,9.6930662e-17,9.6930662e-17,-4.2062725e-15,-4.2062725e-15,4.2196161e-15,4.2196161e-15,8.9408878e-19,8.9408878e-19,-1.1885066e-18,-1.1885066e-18,-0.0032172259,-0.0032172259,2.1451312e-17,2.1451312e-17,-3.8107642e-19,-3.8107642e-19,3.4590476e-18,3.4590476e-18,-0.0032172259,-0.0032172259,1.2644475e-09,1.2644475e-09,1.2504872e-34,1.2504872e-34
-0.0030035316,-0.0030035316,0.0030035316,0.0030035316,-6.5529179e-16,-6.5529179e-16,-4.354041e-16,-4.354041e-16,0.0030035316,0.0030035316,-0.0025929161,-0.0025929161,-0.00045235001,-0.00045235001,-0.0025929152,-0.0025929152,-0.00045235001,-0.00045235001,0,0,1.2135144e-05,1.2135144e-05,4.3357346e-16,4.3357346e-16,0.0001515589,0.0001515589,0.0001515589,0.0001515589,2.4837028e-18,2.4837028e-18,-0.0025633167,-0.0025633167,-0.00045235001,-0.00045235001,-0.0025633167,-0.0025633167,-0.00045235001,-0.00045235001,3.285945e-17,3.285945e-17,1.3822446e-18,1.3822446e-18,-0.0030156667,-0.0030156667,3.4214313e-17,3.4214313e-17,4.069788e-05,4.069788e-05,3.1627789e-17,3.1627789e-17,-0.00044021486,-0.00044021486,0.00045235001,0.00045235001,-0.00044021486,-0.00044021486,0.00045235001,0.00045235001,1.2135144e-05,1.2135144e-05,4.3351745e-16,4.3351745e-16,-0.0030035316,-0.0030035316,-0.0030035316,-0.0030035316,-0.00045235001,-0.00045235001,1.8708648e-08,1.8708648e-08,1.3994608e-18,1.3994608e-18,2.3826604e-05,2.3826604e-05,-2.3807895e-05,-2.3807895e-05,1.39873e-05,1.39873e-05,4.3607327e-16,4.3607327e-16,0.014201324,0.014201324,2.7608646e-14,2.7608646e-14,0.0066396448,0.0066396448,1.3872946e-14,1.3872946e-14,-0.0030035316,-0.0030035316,0.0030156667,0.0030156667,-0.00060070631,-0.00060070631,9.6724237e-17,9.6724237e-17,-4.2654357e-15,-4.2654357e-15,4.2782857e-15,4.2782857e-15,8.7572066e-19,8.7572066e-19,-1.1632659e-18,-1.1632659e-18,-0.0030563646,-0.0030563646,2.0676384e-17,2.0676384e-17,-3.2022147e-19,-3.2022147e-19,3.168817e-18,3.168817e-18,-0.0030563646,-0.0030563646,1.2519936e-09,1.2519936e-09,1.2610163e-34,1.2610163e-34
-0.0028527305,-0.0028527305,0.0028527305,0.0028527305,-6.5529179e-16,-6.5529179e-16,-4.3593739e-16,-4.3593739e-16,0.0028527305,0.0028527305,-0.0024632703,-0.0024632703,-0.00042973251,-0.00042973251,-0.0024632694,-0.0024632694,-0.00042973251,-0.00042973251,0,0,1.2152918e-05,1.2152918e-05,4.3472902e-16,4.3472902e-16,0.00014398096,0.00014398096,0.00014398096,0.00014398096,2.4680255e-18,2.4680255e-18,-0.0024351509,-0.0024351509,-0.00042973251,-0.00042973251,-0.0024351509,-0.0024351509,-0.00042973251,-0.00042973251,3.2637251e-17,3.2637251e-17,8.6604305e-19,8.6604305e-19,-0.0028648834,-0.0028648834,3.3486408e-17,3.3486408e-17,3.8662986e-05,3.8662986e-05,3.1602945e-17,3.1602945e-17,-0.00041757959,-0.00041757959,0.00042973251,0.00042973251,-0.00041757959,-0.00041757959,0.00042973251,0.00042973251,1.2152918e-05,1.2152918e-05,4.3459761e-16,4.3459761e-16,-0.0028527305,-0.0028527305,-0.0028527305,-0.0028527305,-0.00042973251,-0.00042973251,1.7773216e-08,1.7773216e-08,1.4089584e-18,1.4089584e-18,2.2635274e-05,2.2635274e-05,-2.26175e-05,-2.26175e-05,1.3912466e-05,1.3912466e-05,4.3718837e-16,4.3718837e-16,0.014159652,0.014159652,2.7680558e-14,2.7680558e-14,0.0066418595,0.0066418595,1.3909764e-14,1.3909764e-14,-0.0028527305,-0.0028527305,0.0028648834,0.0028648834,-0.00057054609,-0.00057054609,9.6533385e-17,9.6533385e-17,-4.3246872e-15,-4.3246872e-15,4.3370596e-15,4.3370596e-15,8.5754239e-19,8.5754239e-19,-1.1392119e-18,-1.1392119e-18,-0.0029035464,-0.0029035464,1.9924793e-17,1.9924793e-17,-2.6224146e-19,-2.6224146e-19,2.8922901e-18,2.8922901e-18,-0.0029035464,-0.0029035464,1.2396457e-09,1.2396457e-09,1.2733143e-34,1.2733143e-34
-0.0027094694,-0.0027094694,0.0027094694,0.0027094694,-6.5442443e-16,-6.5442443e-16,-4.3648723e-16,-4.3648723e-16,0.0027094694,0.0027094694,-0.0023401068,-0.0023401068,-0.00040824588,-0.00040824588,-0.0023401059,-0.0023401059,-0.00040824588,-0.00040824588,0,0,1.2169802e-05,1.2169802e-05,4.3587505e-16,4.3587505e-16,0.00013678191,0.00013678191,0.00013678191,0.00013678191,2.4546441e-18,2.4546441e-18,-0.0023133933,-0.0023133933,-0.00040824588,-0.00040824588,-0.0023133933,-0.0023133933,-0.00040824588,-0.00040824588,3.2414022e-17,3.2414022e-17,3.7135995e-19,3.7135995e-19,-0.0027216392,-0.0027216392,3.2778467e-17,3.2778467e-17,3.6729836e-05,3.6729836e-05,3.1577551e-17,3.1577551e-17,-0.00039607608,-0.00039607608,0.00040824588,0.00040824588,-0.00039607608,-0.00039607608,0.00040824588,0.00040824588,1.2169802e-05,1.2169802e-05,4.3567202e-16,4.3567202e-16,-0.0027094694,-0.0027094694,-0.0027094694,-0.0027094694,-0.00040824588,-0.00040824588,1.6884555e-08,1.6884555e-08,1.4189891e-18,1.4189891e-18,2.150351e-05,2.150351e-05,-2.1486625e-05,-2.1486625e-05,1.3841373e-05,1.3841373e-05,4.38299e-16,4.38299e-16,0.014120063,0.014120063,2.7752062e-14,2.7752062e-14,0.0066439634,0.0066439634,1.3946308e-14,1.3946308e-14,-0.0027094694,-0.0027094694,0.0027216392,0.0027216392,-0.00054189388,-0.00054189388,9.6357715e-17,9.6357715e-17,-4.3840264e-15,-4.3840264e-15,4.395937e-15,4.395937e-15,8.3956123e-19,8.3956123e-19,-1.1162929e-18,-1.1162929e-18,-0.002758369,-0.002758369,1.919614e-17,1.919614e-17,-2.0700943e-19,-2.0700943e-19,2.6288626e-18,2.6288626e-18,-0.002758369,-0.002758369,1.2274044e-09,1.2274044e-09,1.2872181e-34,1.2872181e-34
-0.0025733714,-0.0025733714,0.0025733714,0.0025733714,-6.5399075e-16,-6.5399075e-16,-4.3705436e-16,-4.3705436e-16,0.0025733714,0.0025733714,-0.0022231015,-0.0022231015,-0.00038783359,-0.00038783359,-0.0022231006,-0.0022231006,-0.00038783359,-0.00038783359,0,0,1.2185842e-05,1.2185842e-05,4.3701301e-16,4.3701301e-16,0.00012994281,0.00012994281,0.00012994281,0.00012994281,2.443378e-18,2.443378e-18,-0.0021977237,-0.0021977237,-0.00038783359,-0.00038783359,-0.0021977237,-0.0021977237,-0.00038783359,-0.00038783359,3.2189788e-17,3.2189788e-17,-1.0236358e-19,-1.0236358e-19,-0.0025855572,-0.0025855572,3.2089983e-17,3.2089983e-17,3.4893344e-05,3.4893344e-05,3.1551394e-17,3.1551394e-17,-0.00037564774,-0.00037564774,0.00038783359,0.00038783359,-0.00037564774,-0.00037564774,0.00038783359,0.00038783359,1.2185842e-05,1.2185842e-05,4.3674193e-16,4.3674193e-16,-0.0025733714,-0.0025733714,-0.0025733714,-0.0025733714,-0.00038783359,-0.00038783359,1.6040327e-08,1.6040327e-08,1.4294824e-18,1.4294824e-18,2.0428334e-05,2.0428334e-05,-2.0412294e-05,-2.0412294e-05,1.3773835e-05,1.3773835e-05,4.3940621e-16,4.3940621e-16,0.014082454,0.014082454,2.7823231e-14,2.7823231e-14,0.0066459621,0.0066459621,1.3982617e-14,1.3982617e-14,-0.0025733714,-0.0025733714,0.0025855572,0.0025855572,-0.00051467428,-0.00051467428,9.619683e-17,9.619683e-17,-4.4434527e-15,-4.4434527e-15,4.4549169e-15,4.4549169e-15,8.2178369e-19,8.2178369e-19,-1.0944588e-18,-1.0944588e-18,-0.0026204506,-0.0026204506,1.8490012e-17,1.8490012e-17,-1.5440308e-19,-1.5440308e-19,2.3779522e-18,2.3779522e-18,-0.0026204506,-0.0026204506,1.2152705e-09,1.2152705e-09,1.3025779e-34,1.3025779e-34
-0.0024440783,-0.0024440783,0.0024440783,0.0024440783,-6.5355707e-16,-6.5355707e-16,-4.3763941e-16,-4.3763941e-16,0.0024440783,0.0024440783,-0.0021119465,-0.0021119465,-0.00036844191,-0.00036844191,-0.0021119456,-0.0021119456,-0.00036844191,-0.00036844191,0,0,1.2201081e-05,1.2201081e-05,4.3814421e-16,4.3814421e-16,0.00012344567,0.00012344567,0.00012344567,0.00012344567,2.4340587e-18,2.4340587e-18,-0.0020878375,-0.0020878375,-0.00036844191,-0.00036844191,-0.0020878375,-0.0020878375,-0.00036844191,-0.00036844191,3.1964572e-17,3.1964572e-17,-5.5568404e-19,-5.5568404e-19,-0.0024562794,-0.0024562794,3.1420446e-17,3.1420446e-17,3.3148677e-05,3.3148677e-05,3.1524282e-17,3.1524282e-17,-0.00035624083,-0.00035624083,0.00036844191,0.00036844191,-0.00035624083,-0.00035624083,0.00036844191,0.00036844191,1.2201081e-05,1.2201081e-05,4.3780849e-16,4.3780849e-16,-0.0024440783,-0.0024440783,-0.0024440783,-0.0024440783,-0.00036844191,-0.00036844191,1.5238311e-08,1.5238311e-08,1.4403734e-18,1.4403734e-18,1.9406918e-05,1.9406918e-05,-1.9391679e-05,-1.9391679e-05,1.3709674e-05,1.3709674e-05,4.4051098e-16,4.4051098e-16,0.014046725,0.014046725,2.7894132e-14,2.7894132e-14,0.0066478609,0.0066478609,1.4018728e-14,1.4018728e-14,-0.0024440783,-0.0024440783,0.0024562794,0.0024562794,-0.00048881566,-0.00048881566,9.6050334e-17,9.6050334e-17,-4.5029657e-15,-4.5029657e-15,4.5139983e-15,4.5139983e-15,8.0421559e-19,8.0421559e-19,-1.0736616e-18,-1.0736616e-18,-0.0024894281,-0.0024894281,1.7805978e-17,1.7805978e-17,-1.0430472e-19,-1.0430472e-19,2.1389984e-18,2.1389984e-18,-0.0024894281,-0.0024894281,1.2032442e-09,1.2032442e-09,1.3192549e-34,1.3192549e-34
-0.0023212499,-0.0023212499,0.0023212499,0.0023212499,-6.5268971e-16,-6.5268971e-16,-4.3824292e-16,-4.3824292e-16,0.0023212499,0.0023212499,-0.0020063492,-0.0020063492,-0.00035001981,-0.00035001981,-0.0020063483,-0.0020063483,-0.00035001981,-0.00035001981,0,0,1.2215557e-05,1.2215557e-05,4.3926988e-16,4.3926988e-16,0.00011727339,0.00011727339,0.00011727339,0.00011727339,2.426528e-18,2.426528e-18,-0.0019834456,-0.0019834456,-0.00035001981,-0.00035001981,-0.0019834456,-0.0019834456,-0.00035001981,-0.00035001981,3.1738396e-17,3.1738396e-17,-9.8915433e-19,-9.8915433e-19,-0.0023334654,-0.0023334654,3.0769349e-17,3.0769349e-17,3.1491243e-05,3.1491243e-05,3.149604e-17,3.149604e-17,-0.00033780426,-0.00033780426,0.00035001981,0.00035001981,-0.00033780426,-0.00033780426,0.00035001981,0.00035001981,1.2215557e-05,1.2215557e-05,4.3887275e-16,4.3887275e-16,-0.0023212499,-0.0023212499,-0.0023212499,-0.0023212499,-0.00035001981,-0.00035001981,1.4476395e-08,1.4476395e-08,1.4516016e-18,1.4516016e-18,1.8436572e-05,1.8436572e-05,-1.8422095e-05,-1.8422095e-05,1.364872e-05,1.364872e-05,4.4161418e-16,4.4161418e-16,0.014012782,0.014012782,2.7964827e-14,2.7964827e-14,0.0066496647,0.0066496647,1.4054676e-14,1.4054676e-14,-0.0023212499,-0.0023212499,0.0023334654,0.0023334654,-0.00046424997,-0.00046424997,9.591783e-17,9.591783e-17,-4.5625646e-15,-4.5625646e-15,4.5731801e-15,4.5731801e-15,7.8686207e-19,7.8686207e-19,-1.0538549e-18,-1.0538549e-18,-0.0023649567,-0.0023649567,1.7143593e-17,1.7143593e-17,-5.6601177e-20,-5.6601177e-20,1.9114623e-18,1.9114623e-18,-0.0023649567,-0.0023649567,1.1913259e-09,1.1913259e-09,1.3371204e-34,1.3371204e-34
-0.0022045628,-0.0022045628,0.0022045628,0.0022045628,-6.5225603e-16,-6.5225603e-16,-4.3886534e-16,-4.3886534e-16,0.0022045628,0.0022045628,-0.0019060318,-0.0019060318,-0.00033251882,-0.00033251882,-0.0019060309,-0.0019060309,-0.00033251882,-0.00033251882,0,0,1.222931e-05,1.222931e-05,4.4039114e-16,4.4039114e-16,0.00011140972,0.00011140972,0.00011140972,0.00011140972,2.4206386e-18,2.4206386e-18,-0.0018842733,-0.0018842733,-0.00033251882,-0.00033251882,-0.0018842733,-0.0018842733,-0.00033251882,-0.00033251882,3.1511278e-17,3.1511278e-17,-1.4033227e-18,-1.4033227e-18,-0.0022167921,-0.0022167921,3.0136185e-17,3.0136185e-17,2.9916681e-05,2.9916681e-05,3.1466512e-17,3.1466512e-17,-0.00032028951,-0.00032028951,0.00033251882,0.00033251882,-0.00032028951,-0.00032028951,0.00033251882,0.00033251882,1.222931e-05,1.222931e-05,4.3993567e-16,4.3993567e-16,-0.0022045628,-0.0022045628,-0.0022045628,-0.0022045628,-0.00033251882,-0.00033251882,1.3752575e-08,1.3752575e-08,1.4631116e-18,1.4631116e-18,1.7514743e-05,1.7514743e-05,-1.7500991e-05,-1.7500991e-05,1.3590815e-05,1.3590815e-05,4.4271661e-16,4.4271661e-16,0.013980537,0.013980537,2.8035372e-14,2.8035372e-14,0.0066513784,0.0066513784,1.4090491e-14,1.4090491e-14,-0.0022045628,-0.0022045628,0.0022167921,0.0022167921,-0.00044091257,-0.00044091257,9.5798925e-17,9.5798925e-17,-4.6222485e-15,-4.6222485e-15,4.6324611e-15,4.6324611e-15,7.6972769e-19,7.6972769e-19,-1.034994e-18,-1.034994e-18,-0.0022467088,-0.0022467088,1.6502404e-17,1.6502404e-17,-1.1183728e-20,-1.1183728e-20,1.694826e-18,1.694826e-18,-0.0022467088,-0.0022467088,1.1795156e-09,1.1795156e-09,1.3560551e-34,1.3560551e-34
-0.0020937102,-0.0020937102,0.0020937102,0.0020937102,-6.5225603e-16,-6.5225603e-16,-4.3950702e-16,-4.3950702e-16,0.0020937102,0.0020937102,-0.0018107302,-0.0018107302,-0.00031589288,-0.00031589288,-0.0018107294,-0.0018107294,-0.00031589288,-0.00031589288,0,0,1.2242375e-05,1.2242375e-05,4.41509e-16,4.41509e-16,0.00010583923,0.00010583923,0.00010583923,0.00010583923,2.4162527e-18,2.4162527e-18,-0.0017900597,-0.0017900597,-0.00031589288,-0.00031589288,-0.0017900597,-0.0017900597,-0.00031589288,-0.00031589288,3.1283236e-17,3.1283236e-17,-1.7987317e-18,-1.7987317e-18,-0.0021059525,-0.0021059525,2.9520449e-17,2.9520449e-17,2.8420847e-05,2.8420847e-05,3.143556e-17,3.143556e-17,-0.00030365051,-0.00030365051,0.00031589288,0.00031589288,-0.00030365051,-0.00030365051,0.00031589288,0.00031589288,1.2242375e-05,1.2242375e-05,4.4099812e-16,4.4099812e-16,-0.0020937102,-0.0020937102,-0.0020937102,-0.0020937102,-0.00031589288,-0.00031589288,1.3064947e-08,1.3064947e-08,1.4748521e-18,1.4748521e-18,1.6639006e-05,1.6639006e-05,-1.6625941e-05,-1.6625941e-05,1.3535804e-05,1.3535804e-05,4.4381902e-16,4.4381902e-16,0.013949904,0.013949904,2.8105818e-14,2.8105818e-14,0.0066530064,0.0066530064,1.4126203e-14,1.4126203e-14,-0.0020937102,-0.0020937102,0.0021059525,0.0021059525,-0.00041874203,-0.00041874203,9.5693224e-17,9.5693224e-17,-4.6820169e-15,-4.6820169e-15,4.6918402e-15,4.6918402e-15,7.528164e-19,7.528164e-19,-1.0170362e-18,-1.0170362e-18,-0.0021343734,-0.0021343734,1.5881945e-17,1.5881945e-17,3.2052027e-20,3.2052027e-20,1.4885923e-18,1.4885923e-18,-0.0021343734,-0.0021343734,1.1678134e-09,1.1678134e-09,1.3759474e-34,1.3759474e-34
-0.0019884001,-0.0019884001,0.0019884001,0.0019884001,-6.5182235e-16,-6.5182235e-16,-4.4016824e-16,-4.4016824e-16,0.0019884001,0.0019884001,-0.0017201937,-0.0017201937,-0.00030009824,-0.00030009824,-0.0017201929,-0.0017201929,-0.00030009824,-0.00030009824,0,0,1.2254786e-05,1.2254786e-05,4.4262443e-16,4.4262443e-16,0.00010054727,0.00010054727,0.00010054727,0.00010054727,2.4132417e-18,2.4132417e-18,-0.0017005567,-0.0017005567,-0.00030009824,-0.00030009824,-0.0017005567,-0.0017005567,-0.00030009824,-0.00030009824,3.1054284e-17,3.1054284e-17,-2.1759175e-18,-2.1759175e-18,-0.0020006549,-0.0020006549,2.8921642e-17,2.8921642e-17,2.6999805e-05,2.6999805e-05,3.1403059e-17,3.1403059e-17,-0.00028784345,-0.00028784345,0.00030009824,0.00030009824,-0.00028784345,-0.00028784345,0.00030009824,0.00030009824,1.2254786e-05,1.2254786e-05,4.4206089e-16,4.4206089e-16,-0.0019884001,-0.0019884001,-0.0019884001,-0.0019884001,-0.00030009824,-0.00030009824,1.2411699e-08,1.2411699e-08,1.4867759e-18,1.4867759e-18,1.5807056e-05,1.5807056e-05,-1.5794644e-05,-1.5794644e-05,1.3483545e-05,1.3483545e-05,4.4492207e-16,4.4492207e-16,0.013920802,0.013920802,2.8176211e-14,2.8176211e-14,0.0066545529,0.0066545529,1.4161837e-14,1.4161837e-14,-0.0019884001,-0.0019884001,0.0020006549,0.0020006549,-0.00039768002,-0.00039768002,9.560034e-17,9.560034e-17,-4.7418688e-15,-4.7418688e-15,4.7513163e-15,4.7513163e-15,7.3613161e-19,7.3613161e-19,-9.9994025e-19,-9.9994025e-19,-0.0020276547,-0.0020276547,1.5281747e-17,1.5281747e-17,7.3206254e-20,7.3206254e-20,1.2922839e-18,1.2922839e-18,-0.0020276547,-0.0020276547,1.1562191e-09,1.1562191e-09,1.3966935e-34,1.3966935e-34
-0.0018883556,-0.0018883556,0.0018883556,0.0018883556,-6.5117182e-16,-6.5117182e-16,-4.4084922e-16,-4.4084922e-16,0.0018883556,0.0018883556,-0.0016341841,-0.0016341841,-0.00028509332,-0.00028509332,-0.0016341833,-0.0016341833,-0.00028509332,-0.00028509332,0,0,1.2266577e-05,1.2266577e-05,4.4373826e-16,4.4373826e-16,9.5519909e-05,9.5519909e-05,9.5519909e-05,9.5519909e-05,2.4114856e-18,2.4114856e-18,-0.0016155288,-0.0016155288,-0.00028509332,-0.00028509332,-0.0016155288,-0.0016155288,-0.00028509332,-0.00028509332,3.0824438e-17,3.0824438e-17,-2.535409e-18,-2.535409e-18,-0.0019006222,-0.0019006222,2.8339267e-17,2.8339267e-17,2.5649815e-05,2.5649815e-05,3.1368899e-17,3.1368899e-17,-0.00027282675,-0.00027282675,0.00028509332,0.00028509332,-0.00027282675,-0.00027282675,0.00028509332,0.00028509332,1.2266577e-05,1.2266577e-05,4.431247e-16,4.431247e-16,-0.0018883556,-0.0018883556,-0.0018883556,-0.0018883556,-0.00028509332,-0.00028509332,1.1791114e-08,1.1791114e-08,1.4988399e-18,1.4988399e-18,1.5016703e-05,1.5016703e-05,-1.5004912e-05,-1.5004912e-05,1.3433898e-05,1.3433898e-05,4.4602636e-16,4.4602636e-16,0.013893156,0.013893156,2.8246596e-14,2.8246596e-14,0.0066560222,0.0066560222,1.4197417e-14,1.4197417e-14,-0.0018883556,-0.0018883556,0.0019006222,0.0019006222,-0.00037767112,-0.00037767112,9.5519887e-17,9.5519887e-17,-4.8018033e-15,-4.8018033e-15,4.8108879e-15,4.8108879e-15,7.1967625e-19,7.1967625e-19,-9.8366669e-19,-9.8366669e-19,-0.001926272,-0.001926272,1.4701336e-17,1.4701336e-17,1.12375e-19,1.12375e-19,1.1054432e-18,1.1054432e-18,-0.001926272,-0.001926272,1.1447326e-09,1.1447326e-09,1.4181961e-34,1.4181961e-34
-0.0017933133,-0.0017933133,0.0017933133,0.0017933133,-6.5095498e-16,-6.5095498e-16,-4.4155008e-16,-4.4155008e-16,0.0017933133,0.0017933133,-0.0015524749,-0.0015524749,-0.00027083866,-0.00027083866,-0.0015524741,-0.0015524741,-0.00027083866,-0.00027083866,0,0,1.2277779e-05,1.2277779e-05,4.4485129e-16,4.4485129e-16,9.0743914e-05,9.0743914e-05,9.0743914e-05,9.0743914e-05,2.4108728e-18,2.4108728e-18,-0.0015347524,-0.0015347524,-0.00027083866,-0.00027083866,-0.0015347524,-0.0015347524,-0.00027083866,-0.00027083866,3.059371e-17,3.059371e-17,-2.8777272e-18,-2.8777272e-18,-0.0018055911,-0.0018055911,2.7772836e-17,2.7772836e-17,2.4367324e-05,2.4367324e-05,3.1332984e-17,3.1332984e-17,-0.00025856088,-0.00025856088,0.00027083866,0.00027083866,-0.00025856088,-0.00025856088,0.00027083866,0.00027083866,1.2277779e-05,1.2277779e-05,4.4419021e-16,4.4419021e-16,-0.0017933133,-0.0017933133,-0.0017933133,-0.0017933133,-0.00027083866,-0.00027083866,1.1201559e-08,1.1201559e-08,1.5110042e-18,1.5110042e-18,1.4265868e-05,1.4265868e-05,-1.4254666e-05,-1.4254666e-05,1.3386733e-05,1.3386733e-05,4.4713242e-16,4.4713242e-16,0.013866892,0.013866892,2.831701e-14,2.831701e-14,0.0066574179,0.0066574179,1.4232966e-14,1.4232966e-14,-0.0017933133,-0.0017933133,0.0018055911,0.0018055911,-0.00035866266,-0.00035866266,9.5451486e-17,9.5451486e-17,-4.8618195e-15,-4.8618195e-15,4.8705539e-15,4.8705539e-15,7.0345275e-19,7.0345275e-19,-9.6817765e-19,-9.6817765e-19,-0.0018299584,-0.0018299584,1.4140232e-17,1.4140232e-17,1.4965033e-19,1.4965033e-19,9.2763162e-19,9.2763162e-19,-0.0018299584,-0.0018299584,1.1333536e-09,1.1333536e-09,1.4403641e-34,1.4403641e-34
-0.0017030231,-0.0017030231,0.0017030231,0.0017030231,-6.5030446e-16,-6.5030446e-16,-4.4227093e-16,-4.4227093e-16,0.0017030231,0.0017030231,-0.0014748512,-0.0014748512,-0.00025729673,-0.00025729673,-0.0014748504,-0.0014748504,-0.00025729673,-0.00025729673,0,0,1.2288421e-05,1.2288421e-05,4.4596422e-16,4.4596422e-16,8.6206718e-05,8.6206718e-05,8.6206718e-05,8.6206718e-05,2.4112991e-18,2.4112991e-18,-0.0014580148,-0.0014580148,-0.00025729673,-0.00025729673,-0.0014580148,-0.0014580148,-0.00025729673,-0.00025729673,3.0362111e-17,3.0362111e-17,-3.2033847e-18,-3.2033847e-18,-0.0017153115,-0.0017153115,2.7221864e-17,2.7221864e-17,2.3148958e-05,2.3148958e-05,3.1295229e-17,3.1295229e-17,-0.00024500831,-0.00024500831,0.00025729673,0.00025729673,-0.00024500831,-0.00024500831,0.00025729673,0.00025729673,1.2288421e-05,1.2288421e-05,4.45258e-16,4.45258e-16,-0.0017030231,-0.0017030231,-0.0017030231,-0.0017030231,-0.00025729673,-0.00025729673,1.0641481e-08,1.0641481e-08,1.5232327e-18,1.5232327e-18,1.3552574e-05,1.3552574e-05,-1.3541933e-05,-1.3541933e-05,1.3341927e-05,1.3341927e-05,4.4824076e-16,4.4824076e-16,0.013841941,0.013841941,2.8387489e-14,2.8387489e-14,0.0066587439,0.0066587439,1.4268503e-14,1.4268503e-14,-0.0017030231,-0.0017030231,0.0017153115,0.0017153115,-0.00034060462,-0.00034060462,9.5394763e-17,9.5394763e-17,-4.9219165e-15,-4.9219165e-15,4.9303129e-15,4.9303129e-15,6.874631e-19,6.874631e-19,-9.5343681e-19,-9.5343681e-19,-0.0017384605,-0.0017384605,1.3597957e-17,1.3597957e-17,1.8512039e-19,1.8512039e-19,7.5842894e-19,7.5842894e-19,-0.0017384605,-0.0017384605,1.1220818e-09,1.1220818e-09,1.4631123e-34,1.4631123e-34
-0.0016172474,-0.0016172474,0.0016172474,0.0016172474,-6.4965394e-16,-6.4965394e-16,-4.4301179e-16,-4.4301179e-16,0.0016172474,0.0016172474,-0.0014011087,-0.0014011087,-0.00024443189,-0.00024443189,-0.0014011079,-0.0014011079,-0.00024443189,-0.00024443189,0,0,1.229853e-05,1.229853e-05,4.4707771e-16,4.4707771e-16,8.1896382e-05,8.1896382e-05,8.1896382e-05,8.1896382e-05,2.4126677e-18,2.4126677e-18,-0.001385114,-0.001385114,-0.00024443189,-0.00024443189,-0.001385114,-0.001385114,-0.00024443189,-0.00024443189,3.0129652e-17,3.0129652e-17,-3.5128853e-18,-3.5128853e-18,-0.0016295459,-0.0016295459,2.6685875e-17,2.6685875e-17,2.199151e-05,2.199151e-05,3.1255563e-17,3.1255563e-17,-0.00023213336,-0.00023213336,0.00024443189,0.00024443189,-0.00023213336,-0.00023213336,0.00024443189,0.00024443189,1.229853e-05,1.229853e-05,4.463286e-16,4.463286e-16,-0.0016172474,-0.0016172474,-0.0016172474,-0.0016172474,-0.00024443189,-0.00024443189,1.0109407e-08,1.0109407e-08,1.5354921e-18,1.5354921e-18,1.2874946e-05,1.2874946e-05,-1.2864836e-05,-1.2864836e-05,1.3299361e-05,1.3299361e-05,4.4935181e-16,4.4935181e-16,0.013818238,0.013818238,2.8458065e-14,2.8458065e-14,0.0066600036,0.0066600036,1.4304046e-14,1.4304046e-14,-0.0016172474,-0.0016172474,0.0016295459,0.0016295459,-0.00032344948,-0.00032344948,9.534935e-17,9.534935e-17,-4.9820933e-15,-4.9820933e-15,4.9901637e-15,4.9901637e-15,6.7170891e-19,6.7170891e-19,-9.3940939e-19,-9.3940939e-19,-0.0016515374,-0.0016515374,1.307403e-17,1.307403e-17,2.1886961e-19,2.1886961e-19,5.9743291e-19,5.9743291e-19,-0.0016515374,-0.0016515374,1.1109166e-09,1.1109166e-09,1.4863607e-34,1.4863607e-34
-0.0015357605,-0.0015357605,0.0015357605,0.0015357605,-6.494371e-16,-6.494371e-16,-4.4377264e-16,-4.4377264e-16,0.0015357605,0.0015357605,-0.0013310533,-0.0013310533,-0.00023221029,-0.00023221029,-0.0013310525,-0.0013310525,-0.00023221029,-0.00023221029,0,0,1.2308134e-05,1.2308134e-05,4.4819234e-16,4.4819234e-16,7.7801563e-05,7.7801563e-05,7.7801563e-05,7.7801563e-05,2.4148884e-18,2.4148884e-18,-0.0013158583,-0.0013158583,-0.00023221029,-0.00023221029,-0.0013158583,-0.0013158583,-0.00023221029,-0.00023221029,2.9896344e-17,2.9896344e-17,-3.8067232e-18,-3.8067232e-18,-0.0015480686,-0.0015480686,2.6164401e-17,2.6164401e-17,2.0891934e-05,2.0891934e-05,3.1213922e-17,3.1213922e-17,-0.00021990216,-0.00021990216,0.00023221029,0.00023221029,-0.00021990216,-0.00021990216,0.00023221029,0.00023221029,1.2308134e-05,1.2308134e-05,4.4740249e-16,4.4740249e-16,-0.0015357605,-0.0015357605,-0.0015357605,-0.0015357605,-0.00023221029,-0.00023221029,9.6039364e-09,9.6039364e-09,1.5477523e-18,1.5477523e-18,1.2231198e-05,1.2231198e-05,-1.2221594e-05,-1.2221594e-05,1.3258924e-05,1.3258924e-05,4.5046597e-16,4.5046597e-16,0.01379572,0.01379572,2.8528765e-14,2.8528765e-14,0.0066612003,0.0066612003,1.4339612e-14,1.4339612e-14,-0.0015357605,-0.0015357605,0.0015480686,0.0015480686,-0.0003071521,-0.0003071521,9.5314884e-17,9.5314884e-17,-5.042349e-15,-5.042349e-15,5.0501047e-15,5.0501047e-15,6.5619135e-19,6.5619135e-19,-9.2606208e-19,-9.2606208e-19,-0.0015689606,-0.0015689606,1.2567971e-17,1.2567971e-17,2.5097877e-19,2.5097877e-19,4.4425854e-19,4.4425854e-19,-0.0015689606,-0.0015689606,1.0998576e-09,1.0998576e-09,1.5100341e-34,1.5100341e-34
-0.0014583479,-0.0014583479,0.0014583479,0.0014583479,-6.4878658e-16,-6.4878658e-16,-4.4455341e-16,-4.4455341e-16,0.0014583479,0.0014583479,-0.0012645006,-0.0012645006,-0.00022059978,-0.00022059978,-0.0012644998,-0.0012644998,-0.00022059978,-0.00022059978,0,0,1.2317258e-05,1.2317258e-05,4.4930863e-16,4.4930863e-16,7.3911485e-05,7.3911485e-05,7.3911485e-05,7.3911485e-05,2.4178775e-18,2.4178775e-18,-0.0012500654,-0.0012500654,-0.00022059978,-0.00022059978,-0.0012500654,-0.0012500654,-0.00022059978,-0.00022059978,2.9662194e-17,2.9662194e-17,-4.0853833e-18,-4.0853833e-18,-0.0014706652,-0.0014706652,2.5656979e-17,2.5656979e-17,1.9847338e-05,1.9847338e-05,3.1170253e-17,3.1170253e-17,-0.00020828252,-0.00020828252,0.00022059978,0.00022059978,-0.00020828252,-0.00020828252,0.00022059978,0.00022059978,1.2317258e-05,1.2317258e-05,4.4848009e-16,4.4848009e-16,-0.0014583479,-0.0014583479,-0.0014583479,-0.0014583479,-0.00022059978,-0.00022059978,9.1237396e-09,9.1237396e-09,1.5599857e-18,1.5599857e-18,1.1619638e-05,1.1619638e-05,-1.1610515e-05,-1.1610515e-05,1.3220508e-05,1.3220508e-05,4.5158357e-16,4.5158357e-16,0.013774328,0.013774328,2.8599615e-14,2.8599615e-14,0.0066623372,0.0066623372,1.4375216e-14,1.4375216e-14,-0.0014583479,-0.0014583479,0.0014706652,0.0014706652,-0.00029166959,-0.00029166959,9.5291013e-17,9.5291013e-17,-5.1026824e-15,-5.1026824e-15,5.1101348e-15,5.1101348e-15,6.4091129e-19,6.4091129e-19,-9.13363e-19,-9.13363e-19,-0.0014905125,-0.0014905125,1.2079305e-17,1.2079305e-17,2.8152512e-19,2.8152512e-19,2.9853756e-19,2.9853756e-19,-0.0014905125,-0.0014905125,1.0889044e-09,1.0889044e-09,1.5340622e-34,1.5340622e-34
-0.001384806,-0.001384806,0.001384806,0.001384806,-6.483529e-16,-6.483529e-16,-4.4535402e-16,-4.4535402e-16,0.001384806,0.001384806,-0.0012012756,-0.0012012756,-0.00020956979,-0.00020956979,-0.0012012749,-0.0012012749,-0.00020956979,-0.00020956979,0,0,1.2325925e-05,1.2325925e-05,4.5042708e-16,4.5042708e-16,7.0215911e-05,7.0215911e-05,7.0215911e-05,7.0215911e-05,2.4215573e-18,2.4215573e-18,-0.0011875621,-0.0011875621,-0.00020956979,-0.00020956979,-0.0011875621,-0.0011875621,-0.00020956979,-0.00020956979,2.9427212e-17,2.9427212e-17,-4.3493404e-18,-4.3493404e-18,-0.0013971319,-0.0013971319,2.5163158e-17,2.5163158e-17,1.8854971e-05,1.8854971e-05,3.1124513e-17,3.1124513e-17,-0.00019724387,-0.00019724387,0.00020956979,0.00020956979,-0.00019724387,-0.00019724387,0.00020956979,0.00020956979,1.2325925e-05,1.2325925e-05,4.4956176e-16,4.4956176e-16,-0.001384806,-0.001384806,-0.001384806,-0.001384806,-0.00020956979,-0.00020956979,8.6675526e-09,8.6675526e-09,1.5721676e-18,1.5721676e-18,1.1038657e-05,1.1038657e-05,-1.1029989e-05,-1.1029989e-05,1.3184013e-05,1.3184013e-05,4.5270494e-16,4.5270494e-16,0.013754005,0.013754005,2.8670639e-14,2.8670639e-14,0.0066634172,0.0066634172,1.441087e-14,1.441087e-14,-0.001384806,-0.001384806,0.0013971319,0.0013971319,-0.0002769612,-0.0002769612,9.5277389e-17,9.5277389e-17,-5.1630926e-15,-5.1630926e-15,5.1702524e-15,5.1702524e-15,6.2586922e-19,6.2586922e-19,-9.0128165e-19,-9.0128165e-19,-0.0014159869,-0.0014159869,1.1607557e-17,1.1607557e-17,3.1058253e-19,3.1058253e-19,1.5991784e-19,1.5991784e-19,-0.0014159869,-0.0014159869,1.0780563e-09,1.0780563e-09,1.558379e-34,1.558379e-34
-0.0013149412,-0.0013149412,0.0013149412,0.0013149412,-6.4791922e-16,-6.4791922e-16,-4.4617432e-16,-4.4617432e-16,0.0013149412,0.0013149412,-0.0011412119,-0.0011412119,-0.0001990913,-0.0001990913,-0.0011412111,-0.0011412111,-0.0001990913,-0.0001990913,0,0,1.2334159e-05,1.2334159e-05,4.5154809e-16,4.5154809e-16,6.6705115e-05,6.6705115e-05,6.6705115e-05,6.6705115e-05,2.4258557e-18,2.4258557e-18,-0.001128184,-0.001128184,-0.0001990913,-0.0001990913,-0.001128184,-0.001128184,-0.0001990913,-0.0001990913,2.9191404e-17,2.9191404e-17,-4.5990591e-18,-4.5990591e-18,-0.0013272753,-0.0013272753,2.4682494e-17,2.4682494e-17,1.7912222e-05,1.7912222e-05,3.1076665e-17,3.1076665e-17,-0.00018675714,-0.00018675714,0.0001990913,0.0001990913,-0.00018675714,-0.00018675714,0.0001990913,0.0001990913,1.2334159e-05,1.2334159e-05,4.5064785e-16,4.5064785e-16,-0.0013149412,-0.0013149412,-0.0013149412,-0.0013149412,-0.0001990913,-0.0001990913,8.234175e-09,8.234175e-09,1.5842754e-18,1.5842754e-18,1.0486724e-05,1.0486724e-05,-1.047849e-05,-1.047849e-05,1.3149343e-05,1.3149343e-05,4.5383034e-16,4.5383034e-16,0.013734698,0.013734698,2.8741857e-14,2.8741857e-14,0.0066644433,0.0066644433,1.4446588e-14,1.4446588e-14,-0.0013149412,-0.0013149412,0.0013272753,0.0013272753,-0.00026298824,-0.00026298824,9.5273672e-17,9.5273672e-17,-5.2235786e-15,-5.2235786e-15,5.2304563e-15,5.2304563e-15,6.1106534e-19,6.1106534e-19,-8.8978886e-19,-8.8978886e-19,-0.0013451876,-0.0013451876,1.1152256e-17,1.1152256e-17,3.3822163e-19,3.3822163e-19,2.8062794e-20,2.8062794e-20,-0.0013451876,-0.0013451876,1.0673126e-09,1.0673126e-09,1.5829225e-34,1.5829225e-34
-0.0012485696,-0.0012485696,0.0012485696,0.0012485696,-6.472687e-16,-6.472687e-16,-4.4701413e-16,-4.4701413e-16,0.0012485696,0.0012485696,-0.0010841513,-0.0010841513,-0.00018913674,-0.00018913674,-0.0010841506,-0.0010841506,-0.00018913674,-0.00018913674,0,0,1.2341982e-05,1.2341982e-05,4.5267207e-16,4.5267207e-16,6.3369859e-05,6.3369859e-05,6.3369859e-05,6.3369859e-05,2.4307058e-18,2.4307058e-18,-0.0010717748,-0.0010717748,-0.00018913674,-0.00018913674,-0.0010717748,-0.0010717748,-0.00018913674,-0.00018913674,2.8954777e-17,2.8954777e-17,-4.8349938e-18,-4.8349938e-18,-0.0012609116,-0.0012609116,2.4214553e-17,2.4214553e-17,1.7016611e-05,1.7016611e-05,3.1026681e-17,3.1026681e-17,-0.00017679475,-0.00017679475,0.00018913674,0.00018913674,-0.00017679475,-0.00017679475,0.00018913674,0.00018913674,1.2341982e-05,1.2341982e-05,4.5173864e-16,4.5173864e-16,-0.0012485696,-0.0012485696,-0.0012485696,-0.0012485696,-0.00018913674,-0.00018913674,7.8224662e-09,7.8224662e-09,1.5962889e-18,1.5962889e-18,9.9623875e-06,9.9623875e-06,-9.9545651e-06,-9.9545651e-06,1.3116406e-05,1.3116406e-05,4.5496001e-16,4.5496001e-16,0.013716357,0.013716357,2.8813287e-14,2.8813287e-14,0.006665418,0.006665418,1.448238e-14,1.448238e-14,-0.0012485696,-0.0012485696,0.0012609116,0.0012609116,-0.00024971392,-0.00024971392,9.527953e-17,9.527953e-17,-5.2841391e-15,-5.2841391e-15,5.290745e-15,5.290745e-15,5.9649957e-19,5.9649957e-19,-8.7885677e-19,-8.7885677e-19,-0.0012779282,-0.0012779282,1.0712938e-17,1.0712938e-17,3.6450987e-19,3.6450987e-19,-9.7349183e-20,-9.7349183e-20,-0.0012779282,-0.0012779282,1.0566728e-09,1.0566728e-09,1.6076347e-34,1.6076347e-34
-0.0011855166,-0.0011855166,0.0011855166,0.0011855166,-6.4683502e-16,-6.4683502e-16,-4.4787327e-16,-4.4787327e-16,0.0011855166,0.0011855166,-0.0010299438,-0.0010299438,-0.0001796799,-0.0001796799,-0.001029943,-0.001029943,-0.0001796799,-0.0001796799,0,0,1.2349413e-05,1.2349413e-05,4.5379934e-16,4.5379934e-16,6.0201366e-05,6.0201366e-05,6.0201366e-05,6.0201366e-05,2.4360456e-18,2.4360456e-18,-0.0010181861,-0.0010181861,-0.0001796799,-0.0001796799,-0.0010181861,-0.0010181861,-0.0001796799,-0.0001796799,2.8717338e-17,2.8717338e-17,-5.0575884e-18,-5.0575884e-18,-0.001197866,-0.001197866,2.3758908e-17,2.3758908e-17,1.616578e-05,1.616578e-05,3.097454e-17,3.097454e-17,-0.00016733049,-0.00016733049,0.0001796799,0.0001796799,-0.00016733049,-0.00016733049,0.0001796799,0.0001796799,1.2349413e-05,1.2349413e-05,4.5283438e-16,4.5283438e-16,-0.0011855166,-0.0011855166,-0.0011855166,-0.0011855166,-0.0001796799,-0.0001796799,7.4313429e-09,7.4313429e-09,1.6081899e-18,1.6081899e-18,9.4642682e-06,9.4642682e-06,-9.4568368e-06,-9.4568368e-06,1.3085116e-05,1.3085116e-05,4.5609416e-16,4.5609416e-16,0.013698933,0.013698933,2.8884944e-14,2.8884944e-14,0.006666344,0.006666344,1.4518254e-14,1.4518254e-14,-0.0011855166,-0.0011855166,0.001197866,0.001197866,-0.00023710332,-0.00023710332,9.529464e-17,9.529464e-17,-5.3447733e-15,-5.3447733e-15,5.3511171e-15,5.3511171e-15,5.8217155e-19,5.8217155e-19,-8.6845873e-19,-8.6845873e-19,-0.0012140318,-0.0012140318,1.0289142e-17,1.0289142e-17,3.8951168e-19,3.8951168e-19,-2.1662528e-19,-2.1662528e-19,-0.0012140318,-0.0012140318,1.0461361e-09,1.0461361e-09,1.6324614e-34,1.6324614e-34
-0.0011256162,-0.0011256162,0.0011256162,0.0011256162,-6.4640134e-16,-6.4640134e-16,-4.487515e-16,-4.487515e-16,0.0011256162,0.0011256162,-0.00097844663,-0.00097844663,-0.0001706959,-0.0001706959,-0.00097844588,-0.00097844588,-0.0001706959,-0.0001706959,0,0,1.2356473e-05,1.2356473e-05,4.5493021e-16,4.5493021e-16,5.7191298e-05,5.7191298e-05,5.7191298e-05,5.7191298e-05,2.4418179e-18,2.4418179e-18,-0.00096727679,-0.00096727679,-0.0001706959,-0.0001706959,-0.00096727679,-0.00096727679,-0.0001706959,-0.0001706959,2.8479093e-17,2.8479093e-17,-5.2672761e-18,-5.2672761e-18,-0.0011379727,-0.0011379727,2.3315145e-17,2.3315145e-17,1.5357491e-05,1.5357491e-05,3.0920227e-17,3.0920227e-17,-0.00015833943,-0.00015833943,0.0001706959,0.0001706959,-0.00015833943,-0.00015833943,0.0001706959,0.0001706959,1.2356473e-05,1.2356473e-05,4.539353e-16,4.539353e-16,-0.0011256162,-0.0011256162,-0.0011256162,-0.0011256162,-0.0001706959,-0.0001706959,7.0597758e-09,7.0597758e-09,1.6199622e-18,1.6199622e-18,8.9910548e-06,8.9910548e-06,-8.983995e-06,-8.983995e-06,1.3055391e-05,1.3055391e-05,4.5723296e-16,4.5723296e-16,0.01368238,0.01368238,2.8956844e-14,2.8956844e-14,0.0066672237,0.0066672237,1.4554221e-14,1.4554221e-14,-0.0011256162,-0.0011256162,0.0011379727,0.0011379727,-0.00022512324,-0.00022512324,9.5318685e-17,9.5318685e-17,-5.4054799e-15,-5.4054799e-15,5.4115713e-15,5.4115713e-15,5.6808067e-19,5.6808067e-19,-8.5856929e-19,-8.5856929e-19,-0.0011533302,-0.0011533302,9.8804148e-18,9.8804148e-18,4.1328859e-19,4.1328859e-19,-3.300588e-19,-3.300588e-19,-0.0011533302,-0.0011533302,1.0357019e-09,1.0357019e-09,1.6573518e-34,1.6573518e-34
-0.0010687109,-0.0010687109,0.0010687109,0.0010687109,-6.4596765e-16,-6.4596765e-16,-4.4964858e-16,-4.4964858e-16,0.0010687109,0.0010687109,-0.00092952433,-0.00092952433,-0.00016216111,-0.00016216111,-0.00092952358,-0.00092952358,-0.00016216111,-0.00016216111,0,0,1.236318e-05,1.236318e-05,4.5606494e-16,4.5606494e-16,5.4331733e-05,5.4331733e-05,5.4331733e-05,5.4331733e-05,2.4479697e-18,2.4479697e-18,-0.00091891295,-0.00091891295,-0.00016216111,-0.00016216111,-0.00091891295,-0.00091891295,-0.00016216111,-0.00016216111,2.8240048e-17,2.8240048e-17,-5.4644797e-18,-5.4644797e-18,-0.0010810741,-0.0010810741,2.2882857e-17,2.2882857e-17,1.4589617e-05,1.4589617e-05,3.0863731e-17,3.0863731e-17,-0.00014979793,-0.00014979793,0.00016216111,0.00016216111,-0.00014979793,-0.00014979793,0.00016216111,0.00016216111,1.236318e-05,1.236318e-05,4.5504158e-16,4.5504158e-16,-0.0010687109,-0.0010687109,-0.0010687109,-0.0010687109,-0.00016216111,-0.00016216111,6.706787e-09,6.706787e-09,1.6315913e-18,1.6315913e-18,8.541502e-06,8.541502e-06,-8.5347952e-06,-8.5347952e-06,1.3027152e-05,1.3027152e-05,4.5837656e-16,4.5837656e-16,0.013666655,0.013666655,2.9028997e-14,2.9028997e-14,0.0066680594,0.0066680594,1.4590288e-14,1.4590288e-14,-0.0010687109,-0.0010687109,0.0010810741,0.0010810741,-0.00021374218,-0.00021374218,9.5351357e-17,9.5351357e-17,-5.466258e-15,-5.466258e-15,5.4721061e-15,5.4721061e-15,5.5422609e-19,5.5422609e-19,-8.4916415e-19,-8.4916415e-19,-0.0010956637,-0.0010956637,9.4863085e-18,9.4863085e-18,4.3589932e-19,4.3589932e-19,-4.3792978e-19,-4.3792978e-19,-0.0010956637,-0.0010956637,1.0253694e-09,1.0253694e-09,1.6822587e-34,1.6822587e-34
-0.0010146508,-0.0010146508,0.0010146508,0.0010146508,-6.4531713e-16,-6.4531713e-16,-4.5056424e-16,-4.5056424e-16,0.0010146508,0.0010146508,-0.00088304814,-0.00088304814,-0.00015405305,-0.00015405305,-0.0008830474,-0.0008830474,-0.00015405305,-0.00015405305,0,0,1.2369551e-05,1.2369551e-05,4.5720376e-16,4.5720376e-16,5.1615147e-05,5.1615147e-05,5.1615147e-05,5.1615147e-05,2.454452e-18,2.454452e-18,-0.00087296731,-0.00087296731,-0.00015405305,-0.00015405305,-0.00087296731,-0.00087296731,-0.00015405305,-0.00015405305,2.8000208e-17,2.8000208e-17,-5.6496114e-18,-5.6496114e-18,-0.0010270204,-0.0010270204,2.2461647e-17,2.2461647e-17,1.3860136e-05,1.3860136e-05,3.080505e-17,3.080505e-17,-0.0001416835,-0.0001416835,0.00015405305,0.00015405305,-0.0001416835,-0.0001416835,0.00015405305,0.00015405305,1.2369551e-05,1.2369551e-05,4.5615338e-16,4.5615338e-16,-0.0010146508,-0.0010146508,-0.0010146508,-0.0010146508,-0.00015405305,-0.00015405305,6.3714476e-09,6.3714476e-09,1.6430643e-18,1.6430643e-18,8.1144269e-06,8.1144269e-06,-8.1080555e-06,-8.1080555e-06,1.3000324e-05,1.3000324e-05,4.5952509e-16,4.5952509e-16,0.013651716,0.013651716,2.9101415e-14,2.9101415e-14,0.0066688533,0.0066688533,1.4626461e-14,1.4626461e-14,-0.0010146508,-0.0010146508,0.0010270204,0.0010270204,-0.00020293016,-0.00020293016,9.5392357e-17,9.5392357e-17,-5.5271063e-15,-5.5271063e-15,5.5327201e-15,5.5327201e-15,5.4060678e-19,5.4060678e-19,-8.4022011e-19,-8.4022011e-19,-0.0010408805,-0.0010408805,9.106383e-18,9.106383e-18,4.5739991e-19,4.5739991e-19,-5.405054e-19,-5.405054e-19,-0.0010408805,-0.0010408805,1.0151378e-09,1.0151378e-09,1.707138e-34,1.707138e-34
-0.00096329374,-0.00096329374,0.00096329374,0.00096329374,-6.4488345e-16,-6.4488345e-16,-4.514982e-16,-4.514982e-16,0.00096329374,0.00096329374,-0.00083889577,-0.00083889577,-0.0001463504,-0.0001463504,-0.00083889503,-0.00083889503,-0.0001463504,-0.0001463504,0,0,1.2375604e-05,1.2375604e-05,4.5834689e-16,4.5834689e-16,4.9034389e-05,4.9034389e-05,4.9034389e-05,4.9034389e-05,2.4612198e-18,2.4612198e-18,-0.00082931894,-0.00082931894,-0.0001463504,-0.0001463504,-0.00082931894,-0.00082931894,-0.0001463504,-0.0001463504,2.7759577e-17,2.7759577e-17,-5.8230725e-18,-5.8230725e-18,-0.00097566934,-0.00097566934,2.205113e-17,2.205113e-17,1.3167129e-05,1.3167129e-05,3.0744182e-17,3.0744182e-17,-0.0001339748,-0.0001339748,0.0001463504,0.0001463504,-0.0001339748,-0.0001339748,0.0001463504,0.0001463504,1.2375604e-05,1.2375604e-05,4.5727083e-16,4.5727083e-16,-0.00096329374,-0.00096329374,-0.00096329374,-0.00096329374,-0.0001463504,-0.0001463504,6.0528752e-09,6.0528752e-09,1.6543701e-18,1.6543701e-18,7.7087056e-06,7.7087056e-06,-7.7026527e-06,-7.7026527e-06,1.2974839e-05,1.2974839e-05,4.6067865e-16,4.6067865e-16,0.013637524,0.013637524,2.9174106e-14,2.9174106e-14,0.0066696075,0.0066696075,1.4662745e-14,1.4662745e-14,-0.00096329374,-0.00096329374,0.00097566934,0.00097566934,-0.00019265875,-0.00019265875,9.5441393e-17,9.5441393e-17,-5.5880239e-15,-5.5880239e-15,5.593412e-15,5.593412e-15,5.2722149e-19,5.2722149e-19,-8.3171504e-19,-8.3171504e-19,-0.00098883647,-0.00098883647,8.7402055e-18,8.7402055e-18,4.7784383e-19,4.7784383e-19,-6.3804064e-19,-6.3804064e-19,-0.00098883647,-0.00098883647,1.0050064e-09,1.0050064e-09,1.7319486e-34,1.7319486e-34
-0.00091450452,-0.00091450452,0.00091450452,0.00091450452,-6.4434135e-16,-6.4434135e-16,-4.5245015e-16,-4.5245015e-16,0.00091450452,0.00091450452,-0.00079695101,-0.00079695101,-0.00013903288,-0.00013903288,-0.00079695028,-0.00079695028,-0.00013903288,-0.00013903288,0,0,1.2381354e-05,1.2381354e-05,4.5949448e-16,4.5949448e-16,4.658267e-05,4.658267e-05,4.658267e-05,4.658267e-05,2.4682315e-18,2.4682315e-18,-0.00078785299,-0.00078785299,-0.00013903288,-0.00013903288,-0.00078785299,-0.00078785299,-0.00013903288,-0.00013903288,2.7518161e-17,2.7518161e-17,-5.9852539e-18,-5.9852539e-18,-0.00092688587,-0.00092688587,2.1650929e-17,2.1650929e-17,1.2508773e-05,1.2508773e-05,3.0681133e-17,3.0681133e-17,-0.00012665153,-0.00012665153,0.00013903288,0.00013903288,-0.00012665153,-0.00012665153,0.00013903288,0.00013903288,1.2381354e-05,1.2381354e-05,4.5839403e-16,4.5839403e-16,-0.00091450452,-0.00091450452,-0.00091450452,-0.00091450452,-0.00013903288,-0.00013903288,5.7502315e-09,5.7502315e-09,1.6654987e-18,1.6654987e-18,7.3232703e-06,7.3232703e-06,-7.3175201e-06,-7.3175201e-06,1.2950627e-05,1.2950627e-05,4.6183733e-16,4.6183733e-16,0.013624042,0.013624042,2.9247078e-14,2.9247078e-14,0.006670324,0.006670324,1.4699147e-14,1.4699147e-14,-0.00091450452,-0.00091450452,0.00092688587,0.00092688587,-0.0001829009,-0.0001829009,9.5498181e-17,9.5498181e-17,-5.6490095e-15,-5.6490095e-15,5.6541803e-15,5.6541803e-15,5.140688e-19,5.140688e-19,-8.2362781e-19,-8.2362781e-19,-0.00093939465,-0.00093939465,8.387351e-18,8.387351e-18,4.9728209e-19,4.9728209e-19,-7.3077866e-19,-7.3077866e-19,-0.00093939465,-0.00093939465,9.9497432e-10,9.9497432e-10,1.7566527e-34,1.7566527e-34
-0.00086815476,-0.00086815476,0.00086815476,0.00086815476,-6.4379925e-16,-6.4379925e-16,-4.5341978e-16,-4.5341978e-16,0.00086815476,0.00086815476,-0.00075710348,-0.00075710348,-0.00013208124,-0.00013208124,-0.00075710277,-0.00075710277,-0.00013208124,-0.00013208124,0,0,1.2386817e-05,1.2386817e-05,4.606467e-16,4.606467e-16,4.4253536e-05,4.4253536e-05,4.4253536e-05,4.4253536e-05,2.4754488e-18,2.4754488e-18,-0.00074846034,-0.00074846034,-0.00013208124,-0.00013208124,-0.00074846034,-0.00074846034,-0.00013208124,-0.00013208124,2.7275965e-17,2.7275965e-17,-6.1365361e-18,-6.1365361e-18,-0.00088054158,-0.00088054158,2.1260677e-17,2.1260677e-17,1.1883334e-05,1.1883334e-05,3.0615913e-17,3.0615913e-17,-0.00011969442,-0.00011969442,0.00013208124,0.00013208124,-0.00011969442,-0.00011969442,0.00013208124,0.00013208124,1.2386817e-05,1.2386817e-05,4.5952307e-16,4.5952307e-16,-0.00086815476,-0.00086815476,-0.00086815476,-0.00086815476,-0.00013208124,-0.00013208124,5.4627199e-09,5.4627199e-09,1.6764417e-18,1.6764417e-18,6.9571068e-06,6.9571068e-06,-6.9516441e-06,-6.9516441e-06,1.2927626e-05,1.2927626e-05,4.6300118e-16,4.6300118e-16,0.013611233,0.013611233,2.9320336e-14,2.9320336e-14,0.0066710047,0.0066710047,1.473567e-14,1.473567e-14,-0.00086815476,-0.00086815476,0.00088054158,0.00088054158,-0.00017363095,-0.00017363095,9.5562445e-17,9.5562445e-17,-5.7100621e-15,-5.7100621e-15,5.7150237e-15,5.7150237e-15,5.0114713e-19,5.0114713e-19,-8.1593827e-19,-8.1593827e-19,-0.00089242492,-0.00089242492,8.0474026e-18,8.0474026e-18,5.157633e-19,5.157633e-19,-8.1895137e-19,-8.1895137e-19,-0.00089242492,-0.00089242492,9.8504083e-10,9.8504083e-10,1.7812149e-34,1.7812149e-34
-0.0008241225,-0.0008241225,0.0008241225,0.0008241225,-6.4325715e-16,-6.4325715e-16,-4.5440678e-16,-4.5440678e-16,0.0008241225,0.0008241225,-0.00071924834,-0.00071924834,-0.00012547718,-0.00012547718,-0.00071924763,-0.00071924763,-0.00012547718,-0.00012547718,0,0,1.2392007e-05,1.2392007e-05,4.6180365e-16,4.6180365e-16,4.2040859e-05,4.2040859e-05,4.2040859e-05,4.2040859e-05,2.4828365e-18,2.4828365e-18,-0.00071103733,-0.00071103733,-0.00012547718,-0.00012547718,-0.00071103733,-0.00071103733,-0.00012547718,-0.00012547718,2.7032993e-17,2.7032993e-17,-6.277289e-18,-6.277289e-18,-0.0008365145,-0.0008365145,2.0880017e-17,2.0880017e-17,1.1289167e-05,1.1289167e-05,3.0548533e-17,3.0548533e-17,-0.00011308517,-0.00011308517,0.00012547718,0.00012547718,-0.00011308517,-0.00011308517,0.00012547718,0.00012547718,1.2392007e-05,1.2392007e-05,4.6065801e-16,4.6065801e-16,-0.0008241225,-0.0008241225,-0.0008241225,-0.0008241225,-0.00012547718,-0.00012547718,5.1895839e-09,5.1895839e-09,1.6871918e-18,1.6871918e-18,6.6092514e-06,6.6092514e-06,-6.6040619e-06,-6.6040619e-06,1.2905775e-05,1.2905775e-05,4.6417025e-16,4.6417025e-16,0.013599065,0.013599065,2.9393886e-14,2.9393886e-14,0.0066716513,0.0066716513,1.4772317e-14,1.4772317e-14,-0.0008241225,-0.0008241225,0.0008365145,0.0008365145,-0.0001648245,-0.0001648245,9.5633918e-17,9.5633918e-17,-5.7711807e-15,-5.7711807e-15,5.7759408e-15,5.7759408e-15,4.8845472e-19,4.8845472e-19,-8.0862721e-19,-8.0862721e-19,-0.00084780367,-0.00084780367,7.7199518e-18,7.7199518e-18,5.3333384e-19,5.3333384e-19,-9.0277987e-19,-9.0277987e-19,-0.00084780367,-0.00084780367,9.7520508e-10,9.7520508e-10,1.8056029e-34,1.8056029e-34
-0.00078229184,-0.00078229184,0.00078229184,0.00078229184,-6.4282347e-16,-6.4282347e-16,-4.5541079e-16,-4.5541079e-16,0.00078229184,0.00078229184,-0.00068328595,-0.00068328595,-0.00011920332,-0.00011920332,-0.00068328525,-0.00068328525,-0.00011920332,-0.00011920332,0,0,1.2396937e-05,1.2396937e-05,4.6296545e-16,4.6296545e-16,3.9938817e-05,3.9938817e-05,3.9938817e-05,3.9938817e-05,2.4903624e-18,2.4903624e-18,-0.00067548546,-0.00067548546,-0.00011920332,-0.00011920332,-0.00067548546,-0.00067548546,-0.00011920332,-0.00011920332,2.6789249e-17,2.6789249e-17,-6.4078721e-18,-6.4078721e-18,-0.00079468878,-0.00079468878,2.0508601e-17,2.0508601e-17,1.0724709e-05,1.0724709e-05,3.0479008e-17,3.0479008e-17,-0.00010680638,-0.00010680638,0.00011920332,0.00011920332,-0.00010680638,-0.00010680638,0.00011920332,0.00011920332,1.2396937e-05,1.2396937e-05,4.617989e-16,4.617989e-16,-0.00078229184,-0.00078229184,-0.00078229184,-0.00078229184,-0.00011920332,-0.00011920332,4.9301047e-09,4.9301047e-09,1.6977428e-18,1.6977428e-18,6.2787889e-06,6.2787889e-06,-6.2738588e-06,-6.2738588e-06,1.2885017e-05,1.2885017e-05,4.6534458e-16,4.6534458e-16,0.013587506,0.013587506,2.9467732e-14,2.9467732e-14,0.0066722657,0.0066722657,1.4809092e-14,1.4809092e-14,-0.00078229184,-0.00078229184,0.00079468878,0.00079468878,-0.00015645837,-0.00015645837,9.5712339e-17,9.5712339e-17,-5.832364e-15,-5.832364e-15,5.8369302e-15,5.8369302e-15,4.7598972e-19,4.7598972e-19,-8.0167629e-19,-8.0167629e-19,-0.00080541349,-0.00080541349,7.4045989e-18,7.4045989e-18,5.5003789e-19,5.5003789e-19,-9.8247495e-19,-9.8247495e-19,-0.00080541349,-0.00080541349,9.6546627e-10,9.6546627e-10,1.8297867e-34,1.8297867e-34
-0.00074255272,-0.00074255272,0.00074255272,0.00074255272,-6.4238979e-16,-6.4238979e-16,-4.564315e-16,-4.564315e-16,0.00074255272,0.00074255272,-0.00064912168,-0.00064912168,-0.00011324315,-0.00011324315,-0.00064912099,-0.00064912099,-0.00011324315,-0.00011324315,0,0,1.240162e-05,1.240162e-05,4.6413217e-16,4.6413217e-16,3.7941876e-05,3.7941876e-05,3.7941876e-05,3.7941876e-05,2.4979969e-18,2.4979969e-18,-0.00064171119,-0.00064171119,-0.00011324315,-0.00011324315,-0.00064171119,-0.00064171119,-0.00011324315,-0.00011324315,2.6544739e-17,2.6544739e-17,-6.5286349e-18,-6.5286349e-18,-0.00075495434,-0.00075495434,2.0146094e-17,2.0146094e-17,1.0188474e-05,1.0188474e-05,3.0407358e-17,3.0407358e-17,-0.00010084153,-0.00010084153,0.00011324315,0.00011324315,-0.00010084153,-0.00010084153,0.00011324315,0.00011324315,1.240162e-05,1.240162e-05,4.6294575e-16,4.6294575e-16,-0.00074255272,-0.00074255272,-0.00074255272,-0.00074255272,-0.00011324315,-0.00011324315,4.6835995e-09,4.6835995e-09,1.7080894e-18,1.7080894e-18,5.9648494e-06,5.9648494e-06,-5.9601658e-06,-5.9601658e-06,1.2865297e-05,1.2865297e-05,4.6652417e-16,4.6652417e-16,0.013576524,0.013576524,2.9541876e-14,2.9541876e-14,0.0066728493,0.0066728493,1.4845998e-14,1.4845998e-14,-0.00074255272,-0.00074255272,0.00075495434,0.00075495434,-0.00014851054,-0.00014851054,9.5797458e-17,9.5797458e-17,-5.8936111e-15,-5.8936111e-15,5.8979907e-15,5.8979907e-15,4.6375011e-19,4.6375011e-19,-7.9506805e-19,-7.9506805e-19,-0.00076514281,-0.00076514281,7.1009525e-18,7.1009525e-18,5.6591759e-19,5.6591759e-19,-1.0582375e-18,-1.0582375e-18,-0.00076514281,-0.00076514281,9.5582355e-10,9.5582355e-10,1.8537389e-34,1.8537389e-34
-0.00070480055,-0.00070480055,0.00070480055,0.00070480055,-6.4184769e-16,-6.4184769e-16,-4.5746854e-16,-4.5746854e-16,0.00070480055,0.00070480055,-0.00061666563,-0.00061666563,-0.00010758099,-0.00010758099,-0.00061666494,-0.00061666494,-0.00010758099,-0.00010758099,0,0,1.240607e-05,1.240607e-05,4.6530388e-16,4.6530388e-16,3.6044782e-05,3.6044782e-05,3.6044782e-05,3.6044782e-05,2.5057129e-18,2.5057129e-18,-0.00060962563,-0.00060962563,-0.00010758099,-0.00010758099,-0.00060962563,-0.00060962563,-0.00010758099,-0.00010758099,2.6299466e-17,2.6299466e-17,-6.6399166e-18,-6.6399166e-18,-0.00071720662,-0.00071720662,1.9792167e-17,1.9792167e-17,9.6790499e-06,9.6790499e-06,3.0333603e-17,3.0333603e-17,-9.5174923e-05,-9.5174923e-05,0.00010758099,0.00010758099,-9.5174923e-05,-9.5174923e-05,0.00010758099,0.00010758099,1.240607e-05,1.240607e-05,4.6409858e-16,4.6409858e-16,-0.00070480055,-0.00070480055,-0.00070480055,-0.00070480055,-0.00010758099,-0.00010758099,4.4494195e-09,4.4494195e-09,1.7182275e-18,1.7182275e-18,5.666607e-06,5.666607e-06,-5.6621575e-06,-5.6621575e-06,1.2846562e-05,1.2846562e-05,4.6770903e-16,4.6770903e-16,0.013566092,0.013566092,2.961632e-14,2.961632e-14,0.0066734037,0.0066734037,1.4883036e-14,1.4883036e-14,-0.00070480055,-0.00070480055,0.00071720662,0.00071720662,-0.00014096011,-0.00014096011,9.5889028e-17,9.5889028e-17,-5.9549208e-15,-5.9549208e-15,5.9591208e-15,5.9591208e-15,4.5173377e-19,4.5173377e-19,-7.8878585e-19,-7.8878585e-19,-0.00072688567,-0.00072688567,6.8086305e-18,6.8086305e-18,5.8101306e-19,5.8101306e-19,-1.1302588e-18,-1.1302588e-18,-0.00072688567,-0.00072688567,9.4627609e-10,9.4627609e-10,1.8774347e-34,1.8774347e-34
-0.00066893599,-0.00066893599,0.00066893599,0.00066893599,-6.4141401e-16,-6.4141401e-16,-4.5852156e-16,-4.5852156e-16,0.00066893599,0.00066893599,-0.00058583237,-0.00058583237,-0.00010220194,-0.00010220194,-0.00058583169,-0.00058583169,-0.00010220194,-0.00010220194,0,0,1.2410297e-05,1.2410297e-05,4.6648061e-16,4.6648061e-16,3.4242543e-05,3.4242543e-05,3.4242543e-05,3.4242543e-05,2.5134856e-18,2.5134856e-18,-0.00057914435,-0.00057914435,-0.00010220194,-0.00010220194,-0.00057914435,-0.00057914435,-0.00010220194,-0.00010220194,2.6053435e-17,2.6053435e-17,-6.7420465e-18,-6.7420465e-18,-0.00068134629,-0.00068134629,1.9446502e-17,1.9446502e-17,9.1950974e-06,9.1950974e-06,3.0257767e-17,3.0257767e-17,-8.9791647e-05,-8.9791647e-05,0.00010220194,0.00010220194,-8.9791647e-05,-8.9791647e-05,0.00010220194,0.00010220194,1.2410297e-05,1.2410297e-05,4.6525739e-16,4.6525739e-16,-0.00066893599,-0.00066893599,-0.00066893599,-0.00066893599,-0.00010220194,-0.00010220194,4.2269485e-09,4.2269485e-09,1.7281538e-18,1.7281538e-18,5.3832766e-06,5.3832766e-06,-5.3790497e-06,-5.3790497e-06,1.2828765e-05,1.2828765e-05,4.6889915e-16,4.6889915e-16,0.013556181,0.013556181,2.9691065e-14,2.9691065e-14,0.0066739304,0.0066739304,1.4920207e-14,1.4920207e-14,-0.00066893599,-0.00066893599,0.00068134629,0.00068134629,-0.0001337872,-0.0001337872,9.5986815e-17,9.5986815e-17,-6.016292e-15,-6.016292e-15,6.0203192e-15,6.0203192e-15,4.3993848e-19,4.3993848e-19,-7.8281381e-19,-7.8281381e-19,-0.00069054139,-0.00069054139,6.5272595e-18,6.5272595e-18,5.9536254e-19,5.9536254e-19,-1.1987214e-18,-1.1987214e-18,-0.00069054139,-0.00069054139,9.3682306e-10,9.3682306e-10,1.9008511e-34,1.9008511e-34
-0.00063486466,-0.00063486466,0.00063486466,0.00063486466,-6.408719e-16,-6.408719e-16,-4.5959022e-16,-4.5959022e-16,0.00063486466,0.00063486466,-0.00055654078,-0.00055654078,-9.7091846e-05,-9.7091846e-05,-0.00055654011,-0.00055654011,-9.7091846e-05,-9.7091846e-05,0,0,1.2414312e-05,1.2414312e-05,4.6766241e-16,4.6766241e-16,3.2530416e-05,3.2530416e-05,3.2530416e-05,3.2530416e-05,2.5212926e-18,2.5212926e-18,-0.00055018713,-0.00055018713,-9.7091846e-05,-9.7091846e-05,-0.00055018713,-0.00055018713,-9.7091846e-05,-9.7091846e-05,2.580665e-17,2.580665e-17,-6.8353443e-18,-6.8353443e-18,-0.00064727898,-0.00064727898,1.9108791e-17,1.9108791e-17,8.7353426e-06,8.7353426e-06,3.0179875e-17,3.0179875e-17,-8.4677534e-05,-8.4677534e-05,9.7091846e-05,9.7091846e-05,-8.4677534e-05,-8.4677534e-05,9.7091846e-05,9.7091846e-05,1.2414312e-05,1.2414312e-05,4.6642215e-16,4.6642215e-16,-0.00063486466,-0.00063486466,-0.00063486466,-0.00063486466,-9.7091846e-05,-9.7091846e-05,4.0156011e-09,4.0156011e-09,1.7378657e-18,1.7378657e-18,5.1141128e-06,5.1141128e-06,-5.1100972e-06,-5.1100972e-06,1.2811857e-05,1.2811857e-05,4.7009451e-16,4.7009451e-16,0.013546766,0.013546766,2.9766111e-14,2.9766111e-14,0.0066744308,0.0066744308,1.4957512e-14,1.4957512e-14,-0.00063486466,-0.00063486466,0.00064727898,0.00064727898,-0.00012697293,-0.00012697293,9.6090588e-17,9.6090588e-17,-6.0777237e-15,-6.0777237e-15,6.0815847e-15,6.0815847e-15,4.2836193e-19,4.2836193e-19,-7.7713684e-19,-7.7713684e-19,-0.00065601432,-0.00065601432,6.2564752e-18,6.2564752e-18,6.0900244e-19,6.0900244e-19,-1.2637989e-18,-1.2637989e-18,-0.00065601432,-0.00065601432,9.2746361e-10,9.2746361e-10,1.9239675e-34,1.9239675e-34
-0.0006024969,-0.0006024969,0.0006024969,0.0006024969,-6.4043822e-16,-6.4043822e-16,-4.6067415e-16,-4.6067415e-16,0.0006024969,0.0006024969,-0.00052871377,-0.00052871377,-9.2237254e-05,-9.2237254e-05,-0.0005287131,-0.0005287131,-9.2237254e-05,-9.2237254e-05,0,0,1.2418127e-05,1.2418127e-05,4.6884929e-16,4.6884929e-16,3.0903895e-05,3.0903895e-05,3.0903895e-05,3.0903895e-05,2.5291134e-18,2.5291134e-18,-0.00052267777,-0.00052267777,-9.2237254e-05,-9.2237254e-05,-0.00052267777,-0.00052267777,-9.2237254e-05,-9.2237254e-05,2.5559116e-17,2.5559116e-17,-6.9201197e-18,-6.9201197e-18,-0.00061491503,-0.00061491503,1.8778734e-17,1.8778734e-17,8.2985754e-06,8.2985754e-06,3.0099955e-17,3.0099955e-17,-7.9819127e-05,-7.9819127e-05,9.2237254e-05,9.2237254e-05,-7.9819127e-05,-7.9819127e-05,9.2237254e-05,9.2237254e-05,1.2418127e-05,1.2418127e-05,4.6759285e-16,4.6759285e-16,-0.0006024969,-0.0006024969,-0.0006024969,-0.0006024969,-9.2237254e-05,-9.2237254e-05,3.814821e-09,3.814821e-09,1.7473613e-18,1.7473613e-18,4.8584071e-06,4.8584071e-06,-4.8545923e-06,-4.8545923e-06,1.2795794e-05,1.2795794e-05,4.7129508e-16,4.7129508e-16,0.013537821,0.013537821,2.9841459e-14,2.9841459e-14,0.0066749061,0.0066749061,1.4994953e-14,1.4994953e-14,-0.0006024969,-0.0006024969,0.00061491503,0.00061491503,-0.00012049938,-0.00012049938,9.6200126e-17,9.6200126e-17,-6.1392148e-15,-6.1392148e-15,6.1429159e-15,6.1429159e-15,4.1700171e-19,4.1700171e-19,-7.7174052e-19,-7.7174052e-19,-0.0006232136,-0.0006232136,5.9959225e-18,5.9959225e-18,6.2196747e-19,6.2196747e-19,-1.3256567e-18,-1.3256567e-18,-0.0006232136,-0.0006232136,9.181969e-10,9.181969e-10,1.9467654e-34,1.9467654e-34
-0.00057174752,-0.00057174752,0.00057174752,0.00057174752,-6.3989612e-16,-6.3989612e-16,-4.61773e-16,-4.61773e-16,0.00057174752,0.00057174752,-0.00050227811,-0.00050227811,-8.7625391e-05,-8.7625391e-05,-0.00050227745,-0.00050227745,-8.7625391e-05,-8.7625391e-05,0,0,1.2421751e-05,1.2421751e-05,4.7004126e-16,4.7004126e-16,2.93587e-05,2.93587e-05,2.93587e-05,2.93587e-05,2.5369292e-18,2.5369292e-18,-0.00049654388,-0.00049654388,-8.7625391e-05,-8.7625391e-05,-0.00049654388,-0.00049654388,-8.7625391e-05,-8.7625391e-05,2.5310837e-17,2.5310837e-17,-6.9966733e-18,-6.9966733e-18,-0.00058416928,-0.00058416928,1.8456042e-17,1.8456042e-17,7.8836467e-06,7.8836467e-06,3.0018034e-17,3.0018034e-17,-7.520364e-05,-7.520364e-05,8.7625391e-05,8.7625391e-05,-7.520364e-05,-7.520364e-05,8.7625391e-05,8.7625391e-05,1.2421751e-05,1.2421751e-05,4.6876944e-16,4.6876944e-16,-0.00057174752,-0.00057174752,-0.00057174752,-0.00057174752,-8.7625391e-05,-8.7625391e-05,3.62408e-09,3.62408e-09,1.7566396e-18,1.7566396e-18,4.6154868e-06,4.6154868e-06,-4.6118627e-06,-4.6118627e-06,1.2780535e-05,1.2780535e-05,4.7250082e-16,4.7250082e-16,0.013529324,0.013529324,2.9917106e-14,2.9917106e-14,0.0066753577,0.0066753577,1.5032529e-14,1.5032529e-14,-0.00057174752,-0.00057174752,0.00058416928,0.00058416928,-0.0001143495,-0.0001143495,9.6315214e-17,9.6315214e-17,-6.2007643e-15,-6.2007643e-15,6.2043116e-15,6.2043116e-15,4.0585534e-19,4.0585534e-19,-7.6661114e-19,-7.6661114e-19,-0.00059205292,-0.00059205292,5.745255e-18,5.745255e-18,6.3429065e-19,6.3429065e-19,-1.3844525e-18,-1.3844525e-18,-0.00059205292,-0.00059205292,9.0902208e-10,9.0902208e-10,1.9692282e-34,1.9692282e-34
-0.00054253562,-0.00054253562,0.00054253562,0.00054253562,-6.3946244e-16,-6.3946244e-16,-4.628864e-16,-4.628864e-16,0.00054253562,0.00054253562,-0.00047716423,-0.00047716423,-8.3244122e-05,-8.3244122e-05,-0.00047716357,-0.00047716357,-8.3244122e-05,-8.3244122e-05,0,0,1.2425194e-05,1.2425194e-05,4.7123829e-16,4.7123829e-16,2.7890765e-05,2.7890765e-05,2.7890765e-05,2.7890765e-05,2.5447232e-18,2.5447232e-18,-0.00047171669,-0.00047171669,-8.3244122e-05,-8.3244122e-05,-0.00047171669,-0.00047171669,-8.3244122e-05,-8.3244122e-05,2.5061818e-17,2.5061818e-17,-7.0652962e-18,-7.0652962e-18,-0.00055496081,-0.00055496081,1.8140433e-17,1.8140433e-17,7.4894643e-06,7.4894643e-06,2.9934144e-17,2.9934144e-17,-7.0818928e-05,-7.0818928e-05,8.3244122e-05,8.3244122e-05,-7.0818928e-05,-7.0818928e-05,8.3244122e-05,8.3244122e-05,1.2425194e-05,1.2425194e-05,4.6995187e-16,4.6995187e-16,-0.00054253562,-0.00054253562,-0.00054253562,-0.00054253562,-8.3244122e-05,-8.3244122e-05,3.442876e-09,3.442876e-09,1.7657e-18,1.7657e-18,4.3847124e-06,4.3847124e-06,-4.3812696e-06,-4.3812696e-06,1.2766039e-05,1.2766039e-05,4.7371168e-16,4.7371168e-16,0.013521252,0.013521252,2.9993052e-14,2.9993052e-14,0.0066757867,0.0066757867,1.5070241e-14,1.5070241e-14,-0.00054253562,-0.00054253562,0.00055496081,0.00055496081,-0.00010850712,-0.00010850712,9.6435644e-17,9.6435644e-17,-6.262371e-15,-6.262371e-15,6.2657704e-15,6.2657704e-15,3.9492027e-19,3.9492027e-19,-7.6173565e-19,-7.6173565e-19,-0.00056245028,-0.00056245028,5.5041356e-18,5.5041356e-18,6.4600342e-19,6.4600342e-19,-1.4403362e-18,-1.4403362e-18,-0.00056245028,-0.00056245028,8.9993831e-10,8.9993831e-10,1.9913411e-34,1.9913411e-34
-0.00051478431,-0.00051478431,0.00051478431,0.00051478431,-6.3902876e-16,-6.3902876e-16,-4.64014e-16,-4.64014e-16,0.00051478431,0.00051478431,-0.00045330604,-0.00045330604,-7.9081916e-05,-7.9081916e-05,-0.00045330539,-0.00045330539,-7.9081916e-05,-7.9081916e-05,0,0,1.2428465e-05,1.2428465e-05,4.7244038e-16,4.7244038e-16,2.6496227e-05,2.6496227e-05,2.6496227e-05,2.6496227e-05,2.5524802e-18,2.5524802e-18,-0.00044813086,-0.00044813086,-7.9081916e-05,-7.9081916e-05,-0.00044813086,-0.00044813086,-7.9081916e-05,-7.9081916e-05,2.4812063e-17,2.4812063e-17,-7.1262706e-18,-7.1262706e-18,-0.00052721277,-0.00052721277,1.7831636e-17,1.7831636e-17,7.1149911e-06,7.1149911e-06,2.9848315e-17,2.9848315e-17,-6.6653451e-05,-6.6653451e-05,7.9081916e-05,7.9081916e-05,-6.6653451e-05,-6.6653451e-05,7.9081916e-05,7.9081916e-05,1.2428465e-05,1.2428465e-05,4.7114009e-16,4.7114009e-16,-0.00051478431,-0.00051478431,-0.00051478431,-0.00051478431,-7.9081916e-05,-7.9081916e-05,3.2707322e-09,3.2707322e-09,1.7745425e-18,1.7745425e-18,4.1654768e-06,4.1654768e-06,-4.1622061e-06,-4.1622061e-06,1.2752267e-05,1.2752267e-05,4.7492761e-16,4.7492761e-16,0.013513583,0.013513583,3.0069294e-14,3.0069294e-14,0.0066761942,0.0066761942,1.5108087e-14,1.5108087e-14,-0.00051478431,-0.00051478431,0.00052721277,0.00052721277,-0.00010295686,-0.00010295686,9.6561215e-17,9.6561215e-17,-6.3240339e-15,-6.3240339e-15,6.3272911e-15,6.3272911e-15,3.841939e-19,3.841939e-19,-7.571016e-19,-7.571016e-19,-0.00053432776,-0.00053432776,5.2722362e-18,5.2722362e-18,6.5713575e-19,6.5713575e-19,-1.4934507e-18,-1.4934507e-18,-0.00053432776,-0.00053432776,8.9094475e-10,8.9094475e-10,2.013091e-34,2.013091e-34
-0.00048842056,-0.00048842056,0.00048842056,0.00048842056,-6.3848666e-16,-6.3848666e-16,-4.6515545e-16,-4.6515545e-16,0.00048842056,0.00048842056,-0.00043064077,-0.00043064077,-7.512782e-05,-7.512782e-05,-0.00043064012,-0.00043064012,-7.512782e-05,-7.512782e-05,0,0,1.2431572e-05,1.2431572e-05,4.736475e-16,4.736475e-16,2.5171416e-05,2.5171416e-05,2.5171416e-05,2.5171416e-05,2.5601864e-18,2.5601864e-18,-0.00042572431,-0.00042572431,-7.512782e-05,-7.512782e-05,-0.00042572431,-0.00042572431,-7.512782e-05,-7.512782e-05,2.4561578e-17,2.4561578e-17,-7.1798695e-18,-7.1798695e-18,-0.00050085213,-0.00050085213,1.7529387e-17,1.7529387e-17,6.7592415e-06,6.7592415e-06,2.9760579e-17,2.9760579e-17,-6.2696248e-05,-6.2696248e-05,7.512782e-05,7.512782e-05,-6.2696248e-05,-6.2696248e-05,7.512782e-05,7.512782e-05,1.2431572e-05,1.2431572e-05,4.7233402e-16,4.7233402e-16,-0.00048842056,-0.00048842056,-0.00048842056,-0.00048842056,-7.512782e-05,-7.512782e-05,3.1071956e-09,3.1071956e-09,1.7831675e-18,1.7831675e-18,3.957203e-06,3.957203e-06,-3.9540958e-06,-3.9540958e-06,1.2739184e-05,1.2739184e-05,4.7614855e-16,4.7614855e-16,0.013506297,0.013506297,3.0145829e-14,3.0145829e-14,0.0066765814,0.0066765814,1.5146068e-14,1.5146068e-14,-0.00048842056,-0.00048842056,0.00050085213,0.00050085213,-9.7684112e-05,-9.7684112e-05,9.6691733e-17,9.6691733e-17,-6.3857521e-15,-6.3857521e-15,6.3888725e-15,6.3888725e-15,3.7367357e-19,3.7367357e-19,-7.5269717e-19,-7.5269717e-19,-0.00050761137,-0.00050761137,5.0492377e-18,5.0492377e-18,6.6771613e-19,6.6771613e-19,-1.5439319e-18,-1.5439319e-18,-0.00050761137,-0.00050761137,8.8204056e-10,8.8204056e-10,2.0344665e-34,2.0344665e-34
-0.000463375,-0.000463375,0.000463375,0.000463375,-6.3805298e-16,-6.3805298e-16,-4.6631038e-16,-4.6631038e-16,0.000463375,0.000463375,-0.00040910875,-0.00040910875,-7.1371429e-05,-7.1371429e-05,-0.00040910812,-0.00040910812,-7.1371429e-05,-7.1371429e-05,0,0,1.2434524e-05,1.2434524e-05,4.7485961e-16,4.7485961e-16,2.3912845e-05,2.3912845e-05,2.3912845e-05,2.3912845e-05,2.5678295e-18,2.5678295e-18,-0.0004044381,-0.0004044381,-7.1371429e-05,-7.1371429e-05,-0.0004044381,-0.0004044381,-7.1371429e-05,-7.1371429e-05,2.4310367e-17,2.4310367e-17,-7.2263575e-18,-7.2263575e-18,-0.00047580953,-0.00047580953,1.7233431e-17,1.7233431e-17,6.4212795e-06,6.4212795e-06,2.9670971e-17,2.9670971e-17,-5.8936905e-05,-5.8936905e-05,7.1371429e-05,7.1371429e-05,-5.8936905e-05,-5.8936905e-05,7.1371429e-05,7.1371429e-05,1.2434524e-05,1.2434524e-05,4.7353361e-16,4.7353361e-16,-0.000463375,-0.000463375,-0.000463375,-0.000463375,-7.1371429e-05,-7.1371429e-05,2.9518358e-09,2.9518358e-09,1.7915762e-18,1.7915762e-18,3.7593428e-06,3.7593428e-06,-3.756391e-06,-3.756391e-06,1.2726756e-05,1.2726756e-05,4.7737443e-16,4.7737443e-16,0.013499376,0.013499376,3.0222656e-14,3.0222656e-14,0.0066769492,0.0066769492,1.5184182e-14,1.5184182e-14,-0.000463375,-0.000463375,0.00047580953,0.00047580953,-9.2675e-05,-9.2675e-05,9.682701e-17,9.682701e-17,-6.4475244e-15,-6.4475244e-15,6.4505134e-15,6.4505134e-15,3.6335657e-19,3.6335657e-19,-7.4851107e-19,-7.4851107e-19,-0.00048223081,-0.00048223081,4.8348296e-18,4.8348296e-18,6.7777169e-19,6.7777169e-19,-1.5919093e-18,-1.5919093e-18,-0.00048223081,-0.00048223081,8.732249e-10,8.732249e-10,2.0554578e-34,2.0554578e-34
-0.00043958172,-0.00043958172,0.00043958172,0.00043958172,-6.376193e-16,-6.376193e-16,-4.6747845e-16,-4.6747845e-16,0.00043958172,0.00043958172,-0.00038865334,-0.00038865334,-6.7802857e-05,-6.7802857e-05,-0.00038865271,-0.00038865271,-6.7802857e-05,-6.7802857e-05,0,0,1.2437328e-05,1.2437328e-05,4.7607667e-16,4.7607667e-16,2.2717203e-05,2.2717203e-05,2.2717203e-05,2.2717203e-05,2.5753985e-18,2.5753985e-18,-0.00038421619,-0.00038421619,-6.7802857e-05,-6.7802857e-05,-0.00038421619,-0.00038421619,-6.7802857e-05,-6.7802857e-05,2.4058434e-17,2.4058434e-17,-7.2659906e-18,-7.2659906e-18,-0.00045201905,-0.00045201905,1.6943522e-17,1.6943522e-17,6.1002155e-06,6.1002155e-06,2.9579524e-17,2.9579524e-17,-5.5365529e-05,-5.5365529e-05,6.7802857e-05,6.7802857e-05,-5.5365529e-05,-5.5365529e-05,6.7802857e-05,6.7802857e-05,1.2437328e-05,1.2437328e-05,4.7473877e-16,4.7473877e-16,-0.00043958172,-0.00043958172,-0.00043958172,-0.00043958172,-6.7802857e-05,-6.7802857e-05,2.804244e-09,2.804244e-09,1.7997697e-18,1.7997697e-18,3.5713757e-06,3.5713757e-06,-3.5685714e-06,-3.5685714e-06,1.2714948e-05,1.2714948e-05,4.7860519e-16,4.7860519e-16,0.013492801,0.013492801,3.0299769e-14,3.0299769e-14,0.0066772987,0.0066772987,1.5222428e-14,1.5222428e-14,-0.00043958172,-0.00043958172,0.00045201905,0.00045201905,-8.7916344e-05,-8.7916344e-05,9.6966866e-17,9.6966866e-17,-6.50935e-15,-6.50935e-15,6.5122126e-15,6.5122126e-15,3.5324016e-19,3.5324016e-19,-7.4453258e-19,-7.4453258e-19,-0.00045811927,-0.00045811927,4.6287104e-18,4.6287104e-18,6.8732825e-19,6.8732825e-19,-1.6375061e-18,-1.6375061e-18,-0.00045811927,-0.00045811927,8.6449694e-10,8.6449694e-10,2.0760566e-34,2.0760566e-34
-0.00041697811,-0.00041697811,0.00041697811,0.00041697811,-6.3713141e-16,-6.3713141e-16,-4.686593e-16,-4.686593e-16,0.00041697811,0.00041697811,-0.0003692207,-0.0003692207,-6.4412715e-05,-6.4412715e-05,-0.00036922008,-0.00036922008,-6.4412715e-05,-6.4412715e-05,0,0,1.2439992e-05,1.2439992e-05,4.7729862e-16,4.7729862e-16,2.1581342e-05,2.1581342e-05,2.1581342e-05,2.1581342e-05,2.5828835e-18,2.5828835e-18,-0.00036500538,-0.00036500538,-6.4412715e-05,-6.4412715e-05,-0.00036500538,-0.00036500538,-6.4412715e-05,-6.4412715e-05,2.3805786e-17,2.3805786e-17,-7.2990164e-18,-7.2990164e-18,-0.0004294181,-0.0004294181,1.6659421e-17,1.6659421e-17,5.7952047e-06,5.7952047e-06,2.9486272e-17,2.9486272e-17,-5.1972723e-05,-5.1972723e-05,6.4412715e-05,6.4412715e-05,-5.1972723e-05,-5.1972723e-05,6.4412715e-05,6.4412715e-05,1.2439992e-05,1.2439992e-05,4.7594942e-16,4.7594942e-16,-0.00041697811,-0.00041697811,-0.00041697811,-0.00041697811,-6.4412715e-05,-6.4412715e-05,2.6640318e-09,2.6640318e-09,1.8077499e-18,1.8077499e-18,3.3928069e-06,3.3928069e-06,-3.3901429e-06,-3.3901429e-06,1.2703731e-05,1.2703731e-05,4.7984075e-16,4.7984075e-16,0.013486555,0.013486555,3.0377166e-14,3.0377166e-14,0.0066776306,0.0066776306,1.5260806e-14,1.5260806e-14,-0.00041697811,-0.00041697811,0.0004294181,0.0004294181,-8.3395621e-05,-8.3395621e-05,9.7111124e-17,9.7111124e-17,-6.5712277e-15,-6.5712277e-15,6.5739689e-15,6.5739689e-15,3.4332156e-19,3.4332156e-19,-7.4075149e-19,-7.4075149e-19,-0.0004352133,-0.0004352133,4.4305873e-18,4.4305873e-18,6.9641038e-19,6.9641038e-19,-1.6808393e-18,-1.6808393e-18,-0.0004352133,-0.0004352133,8.5585583e-10,8.5585583e-10,2.0962558e-34,2.0962558e-34
-0.00039550467,-0.00039550467,0.00039550467,0.00039550467,-6.3664352e-16,-6.3664352e-16,-4.698526e-16,-4.698526e-16,0.00039550467,0.00039550467,-0.00035075969,-0.00035075969,-6.1192079e-05,-6.1192079e-05,-0.00035075907,-0.00035075907,-6.1192079e-05,-6.1192079e-05,0,0,1.2442523e-05,1.2442523e-05,4.7852541e-16,4.7852541e-16,2.0502275e-05,2.0502275e-05,2.0502275e-05,2.0502275e-05,2.5902759e-18,2.5902759e-18,-0.00034675511,-0.00034675511,-6.1192079e-05,-6.1192079e-05,-0.00034675511,-0.00034675511,-6.1192079e-05,-6.1192079e-05,2.3552427e-17,2.3552427e-17,-7.3256744e-18,-7.3256744e-18,-0.00040794719,-0.00040794719,1.6380899e-17,1.6380899e-17,5.5054445e-06,5.5054445e-06,2.939125e-17,2.939125e-17,-4.8749556e-05,-4.8749556e-05,6.1192079e-05,6.1192079e-05,-4.8749556e-05,-4.8749556e-05,6.1192079e-05,6.1192079e-05,1.2442523e-05,1.2442523e-05,4.7716548e-16,4.7716548e-16,-0.00039550467,-0.00039550467,-0.00039550467,-0.00039550467,-6.1192079e-05,-6.1192079e-05,2.5308302e-09,2.5308302e-09,1.8155188e-18,1.8155188e-18,3.2231666e-06,3.2231666e-06,-3.2206357e-06,-3.2206357e-06,1.2693075e-05,1.2693075e-05,4.8108103e-16,4.8108103e-16,0.013480621,0.013480621,3.0454842e-14,3.0454842e-14,0.006677946,0.006677946,1.5299313e-14,1.5299313e-14,-0.00039550467,-0.00039550467,0.00040794719,0.00040794719,-7.9100934e-05,-7.9100934e-05,9.7259617e-17,9.7259617e-17,-6.6331566e-15,-6.6331566e-15,6.635781e-15,6.635781e-15,3.3359796e-19,3.3359796e-19,-7.3715808e-19,-7.3715808e-19,-0.00041345264,-0.00041345264,4.2401759e-18,4.2401759e-18,7.0504147e-19,7.0504147e-19,-1.7220207e-18,-1.7220207e-18,-0.00041345264,-0.00041345264,8.4730076e-10,8.4730076e-10,2.1160498e-34,2.1160498e-34
-0.00037510491,-0.00037510491,0.00037510491,0.00037510491,-6.3615562e-16,-6.3615562e-16,-4.71058e-16,-4.71058e-16,0.00037510491,0.00037510491,-0.00033322173,-0.00033322173,-5.8132475e-05,-5.8132475e-05,-0.00033322112,-0.00033322112,-5.8132475e-05,-5.8132475e-05,0,0,1.2444927e-05,1.2444927e-05,4.7975697e-16,4.7975697e-16,1.9477162e-05,1.9477162e-05,1.9477162e-05,1.9477162e-05,2.5975679e-18,2.5975679e-18,-0.00032941736,-0.00032941736,-5.8132475e-05,-5.8132475e-05,-0.00032941736,-0.00032941736,-5.8132475e-05,-5.8132475e-05,2.3298363e-17,2.3298363e-17,-7.3461964e-18,-7.3461964e-18,-0.00038754983,-0.00038754983,1.6107732e-17,1.6107732e-17,5.2301723e-06,5.2301723e-06,2.9294494e-17,2.9294494e-17,-4.5687548e-05,-4.5687548e-05,5.8132475e-05,5.8132475e-05,-4.5687548e-05,-4.5687548e-05,5.8132475e-05,5.8132475e-05,1.2444927e-05,1.2444927e-05,4.7838684e-16,4.7838684e-16,-0.00037510491,-0.00037510491,-0.00037510491,-0.00037510491,-5.8132475e-05,-5.8132475e-05,2.4042887e-09,2.4042887e-09,1.8230788e-18,1.8230788e-18,3.0620082e-06,3.0620082e-06,-3.0596039e-06,-3.0596039e-06,1.2682952e-05,1.2682952e-05,4.8232595e-16,4.8232595e-16,0.013474984,0.013474984,3.0532794e-14,3.0532794e-14,0.0066782456,0.0066782456,1.5337949e-14,1.5337949e-14,-0.00037510491,-0.00037510491,0.00038754983,0.00038754983,-7.5020981e-05,-7.5020981e-05,9.7412181e-17,9.7412181e-17,-6.6951357e-15,-6.6951357e-15,6.697648e-15,6.697648e-15,3.2406653e-19,3.2406653e-19,-7.3374311e-19,-7.3374311e-19,-0.00039278,-0.00039278,4.0572003e-18,4.0572003e-18,7.1324376e-19,7.1324376e-19,-1.7611562e-18,-1.7611562e-18,-0.00039278,-0.00039278,8.388309e-10,8.388309e-10,2.135434e-34,2.135434e-34
-0.00035572513,-0.00035572513,0.00035572513,0.00035572513,-6.3566773e-16,-6.3566773e-16,-4.7227516e-16,-4.7227516e-16,0.00035572513,0.00035572513,-0.00031656067,-0.00031656067,-5.5225851e-05,-5.5225851e-05,-0.00031656006,-0.00031656006,-5.5225851e-05,-5.5225851e-05,0,0,1.2447211e-05,1.2447211e-05,4.8099325e-16,4.8099325e-16,1.8503303e-05,1.8503303e-05,1.8503303e-05,1.8503303e-05,2.6047529e-18,2.6047529e-18,-0.00031294649,-0.00031294649,-5.5225851e-05,-5.5225851e-05,-0.00031294649,-0.00031294649,-5.5225851e-05,-5.5225851e-05,2.3043598e-17,2.3043598e-17,-7.3608063e-18,-7.3608063e-18,-0.00036817234,-0.00036817234,1.5839706e-17,1.5839706e-17,4.9686636e-06,4.9686636e-06,2.9196038e-17,2.9196038e-17,-4.277864e-05,-4.277864e-05,5.5225851e-05,5.5225851e-05,-4.277864e-05,-4.277864e-05,5.5225851e-05,5.5225851e-05,1.2447211e-05,1.2447211e-05,4.7961343e-16,4.7961343e-16,-0.00035572513,-0.00035572513,-0.00035572513,-0.00035572513,-5.5225851e-05,-5.5225851e-05,2.2840743e-09,2.2840743e-09,1.8304325e-18,1.8304325e-18,2.9089078e-06,2.9089078e-06,-2.9066237e-06,-2.9066237e-06,1.2673335e-05,1.2673335e-05,4.8357542e-16,4.8357542e-16,0.013469628,0.013469628,3.0611016e-14,3.0611016e-14,0.0066785302,0.0066785302,1.537671e-14,1.537671e-14,-0.00035572513,-0.00035572513,0.00036817234,0.00036817234,-7.1145026e-05,-7.1145026e-05,9.7568659e-17,9.7568659e-17,-6.757164e-15,-6.757164e-15,6.7595686e-15,6.7595686e-15,3.1472443e-19,3.1472443e-19,-7.3049777e-19,-7.3049777e-19,-0.000373141,-0.000373141,3.8813931e-18,3.8813931e-18,7.2103842e-19,7.2103842e-19,-1.7983469e-18,-1.7983469e-18,-0.000373141,-0.000373141,8.3044543e-10,8.3044543e-10,2.1544052e-34,2.1544052e-34
-0.00033731434,-0.00033731434,0.00033731434,0.00033731434,-6.3523405e-16,-6.3523405e-16,-4.7350376e-16,-4.7350376e-16,0.00033731434,0.00033731434,-0.00030073266,-0.00030073266,-5.2464559e-05,-5.2464559e-05,-0.00030073206,-0.00030073206,-5.2464559e-05,-5.2464559e-05,0,0,1.2449381e-05,1.2449381e-05,4.8223416e-16,4.8223416e-16,1.7578138e-05,1.7578138e-05,1.7578138e-05,1.7578138e-05,2.6118249e-18,2.6118249e-18,-0.00029729917,-0.00029729917,-5.2464559e-05,-5.2464559e-05,-0.00029729917,-0.00029729917,-5.2464559e-05,-5.2464559e-05,2.2788139e-17,2.2788139e-17,-7.3697204e-18,-7.3697204e-18,-0.00034976372,-0.00034976372,1.5576614e-17,1.5576614e-17,4.7202305e-06,4.7202305e-06,2.909592e-17,2.909592e-17,-4.0015177e-05,-4.0015177e-05,5.2464559e-05,5.2464559e-05,-4.0015177e-05,-4.0015177e-05,5.2464559e-05,5.2464559e-05,1.2449381e-05,1.2449381e-05,4.8084514e-16,4.8084514e-16,-0.00033731434,-0.00033731434,-0.00033731434,-0.00033731434,-5.2464559e-05,-5.2464559e-05,2.1698706e-09,2.1698706e-09,1.8375827e-18,1.8375827e-18,2.7634624e-06,2.7634624e-06,-2.7612926e-06,-2.7612926e-06,1.2664198e-05,1.2664198e-05,4.8482937e-16,4.8482937e-16,0.013464541,0.013464541,3.0689505e-14,3.0689505e-14,0.0066788005,0.0066788005,1.5415596e-14,1.5415596e-14,-0.00033731434,-0.00033731434,0.00034976372,0.00034976372,-6.7462869e-05,-6.7462869e-05,9.7728899e-17,9.7728899e-17,-6.8192407e-15,-6.8192407e-15,6.8215417e-15,6.8215417e-15,3.055688e-19,3.055688e-19,-7.2741369e-19,-7.2741369e-19,-0.00035448395,-0.00035448395,3.7124948e-18,3.7124948e-18,7.2844558e-19,7.2844558e-19,-1.8336889e-18,-1.8336889e-18,-0.00035448395,-0.00035448395,8.2214354e-10,8.2214354e-10,2.1729611e-34,2.1729611e-34
-0.0003198241,-0.0003198241,0.0003198241,0.0003198241,-6.3474616e-16,-6.3474616e-16,-4.7474347e-16,-4.7474347e-16,0.0003198241,0.0003198241,-0.00028569605,-0.00028569605,-4.9841331e-05,-4.9841331e-05,-0.00028569546,-0.00028569546,-4.9841331e-05,-4.9841331e-05,0,0,1.2451442e-05,1.2451442e-05,4.8347964e-16,4.8347964e-16,1.6699231e-05,1.6699231e-05,1.6699231e-05,1.6699231e-05,2.6187789e-18,2.6187789e-18,-0.00028243421,-0.00028243421,-4.9841331e-05,-4.9841331e-05,-0.00028243421,-0.00028243421,-4.9841331e-05,-4.9841331e-05,2.253199e-17,2.253199e-17,-7.3731479e-18,-7.3731479e-18,-0.00033227554,-0.00033227554,1.5318256e-17,1.5318256e-17,4.4842189e-06,4.4842189e-06,2.8994173e-17,2.8994173e-17,-3.7389888e-05,-3.7389888e-05,4.9841331e-05,4.9841331e-05,-3.7389888e-05,-3.7389888e-05,4.9841331e-05,4.9841331e-05,1.2451442e-05,1.2451442e-05,4.8208187e-16,4.8208187e-16,-0.0003198241,-0.0003198241,-0.0003198241,-0.0003198241,-4.9841331e-05,-4.9841331e-05,2.061377e-09,2.061377e-09,1.8445324e-18,1.8445324e-18,2.6252893e-06,2.6252893e-06,-2.6232279e-06,-2.6232279e-06,1.2655519e-05,1.2655519e-05,4.860877e-16,4.860877e-16,0.013459707,0.013459707,3.0768256e-14,3.0768256e-14,0.0066790574,0.0066790574,1.5454604e-14,1.5454604e-14,-0.0003198241,-0.0003198241,0.00033227554,0.00033227554,-6.3964819e-05,-6.3964819e-05,9.7892755e-17,9.7892755e-17,-6.8813647e-15,-6.8813647e-15,6.8835662e-15,6.8835662e-15,2.9659677e-19,2.9659677e-19,-7.2448292e-19,-7.2448292e-19,-0.00033675976,-0.00033675976,3.5502541e-18,3.5502541e-18,7.3548439e-19,7.3548439e-19,-1.8672733e-18,-1.8672733e-18,-0.00033675976,-0.00033675976,8.1392442e-10,8.1392442e-10,2.1911003e-34,2.1911003e-34
-0.00030320836,-0.00030320836,0.00030320836,0.00030320836,-6.3425827e-16,-6.3425827e-16,-4.7599396e-16,-4.7599396e-16,0.00030320836,0.00030320836,-0.00027141127,-0.00027141127,-4.7349264e-05,-4.7349264e-05,-0.00027141068,-0.00027141068,-4.7349264e-05,-4.7349264e-05,0,0,1.2453401e-05,1.2453401e-05,4.847296e-16,4.847296e-16,1.586427e-05,1.586427e-05,1.586427e-05,1.586427e-05,2.6256106e-18,2.6256106e-18,-0.0002683125,-0.0002683125,-4.7349264e-05,-4.7349264e-05,-0.0002683125,-0.0002683125,-4.7349264e-05,-4.7349264e-05,2.2275159e-17,2.2275159e-17,-7.3712909e-18,-7.3712909e-18,-0.00031566176,-0.00031566176,1.5064438e-17,1.5064438e-17,4.260008e-06,4.260008e-06,2.8890834e-17,2.8890834e-17,-3.4895863e-05,-3.4895863e-05,4.7349264e-05,4.7349264e-05,-3.4895863e-05,-3.4895863e-05,4.7349264e-05,4.7349264e-05,1.2453401e-05,1.2453401e-05,4.8332352e-16,4.8332352e-16,-0.00030320836,-0.00030320836,-0.00030320836,-0.00030320836,-4.7349264e-05,-4.7349264e-05,1.9583082e-09,1.9583082e-09,1.8512849e-18,1.8512849e-18,2.4940248e-06,2.4940248e-06,-2.4920665e-06,-2.4920665e-06,1.2647273e-05,1.2647273e-05,4.8735032e-16,4.8735032e-16,0.013455116,0.013455116,3.0847263e-14,3.0847263e-14,0.0066793014,0.0066793014,1.5493733e-14,1.5493733e-14,-0.00030320836,-0.00030320836,0.00031566176,0.00031566176,-6.0641672e-05,-6.0641672e-05,9.8060086e-17,9.8060086e-17,-6.9435351e-15,-6.9435351e-15,6.9456411e-15,6.9456411e-15,2.8780547e-19,2.8780547e-19,-7.2169787e-19,-7.2169787e-19,-0.00031992177,-0.00031992177,3.3944274e-18,3.3944274e-18,7.4217306e-19,7.4217306e-19,-1.8991873e-18,-1.8991873e-18,-0.00031992177,-0.00031992177,8.0578726e-10,8.0578726e-10,2.2088224e-34,2.2088224e-34
-0.00028742341,-0.00028742341,0.00028742341,0.00028742341,-6.3377038e-16,-6.3377038e-16,-4.7725493e-16,-4.7725493e-16,0.00028742341,0.00028742341,-0.00025784073,-0.00025784073,-4.4981801e-05,-4.4981801e-05,-0.00025784015,-0.00025784015,-4.4981801e-05,-4.4981801e-05,0,0,1.2455261e-05,1.2455261e-05,4.8598396e-16,4.8598396e-16,1.5071056e-05,1.5071056e-05,1.5071056e-05,1.5071056e-05,2.6323163e-18,2.6323163e-18,-0.00025489687,-0.00025489687,-4.4981801e-05,-4.4981801e-05,-0.00025489687,-0.00025489687,-4.4981801e-05,-4.4981801e-05,2.201765e-17,2.201765e-17,-7.3643445e-18,-7.3643445e-18,-0.00029987867,-0.00029987867,1.4814974e-17,1.4814974e-17,4.0470076e-06,4.0470076e-06,2.8785939e-17,2.8785939e-17,-3.252654e-05,-3.252654e-05,4.4981801e-05,4.4981801e-05,-3.252654e-05,-3.252654e-05,4.4981801e-05,4.4981801e-05,1.2455261e-05,1.2455261e-05,4.8456999e-16,4.8456999e-16,-0.00028742341,-0.00028742341,-0.00028742341,-0.00028742341,-4.4981801e-05,-4.4981801e-05,1.8603928e-09,1.8603928e-09,1.8578436e-18,1.8578436e-18,2.3693236e-06,2.3693236e-06,-2.3674632e-06,-2.3674632e-06,1.263944e-05,1.263944e-05,4.8861715e-16,4.8861715e-16,0.013450754,0.013450754,3.0926522e-14,3.0926522e-14,0.0066795332,0.0066795332,1.5532981e-14,1.5532981e-14,-0.00028742341,-0.00028742341,0.00029987867,0.00029987867,-5.7484682e-05,-5.7484682e-05,9.8230755e-17,9.8230755e-17,-7.0057511e-15,-7.0057511e-15,7.0077653e-15,7.0077653e-15,2.7919201e-19,2.7919201e-19,-7.1905135e-19,-7.1905135e-19,-0.00030392568,-0.00030392568,3.2447789e-18,3.2447789e-18,7.4852893e-19,7.4852893e-19,-1.9295134e-18,-1.9295134e-18,-0.00030392568,-0.00030392568,7.9773127e-10,7.9773127e-10,2.226128e-34,2.226128e-34
-0.00027242771,-0.00027242771,0.00027242771,0.00027242771,-6.3328249e-16,-6.3328249e-16,-4.7852607e-16,-4.7852607e-16,0.00027242771,0.00027242771,-0.00024494872,-0.00024494872,-4.2732711e-05,-4.2732711e-05,-0.00024494814,-0.00024494814,-4.2732711e-05,-4.2732711e-05,0,0,1.2457029e-05,1.2457029e-05,4.8724265e-16,4.8724265e-16,1.4317503e-05,1.4317503e-05,1.4317503e-05,1.4317503e-05,2.6388932e-18,2.6388932e-18,-0.00024215203,-0.00024215203,-4.2732711e-05,-4.2732711e-05,-0.00024215203,-0.00024215203,-4.2732711e-05,-4.2732711e-05,2.175947e-17,2.175947e-17,-7.352497e-18,-7.352497e-18,-0.00028488474,-0.00028488474,1.4569685e-17,1.4569685e-17,3.8446572e-06,3.8446572e-06,2.8679522e-17,2.8679522e-17,-3.0275682e-05,-3.0275682e-05,4.2732711e-05,4.2732711e-05,-3.0275682e-05,-3.0275682e-05,4.2732711e-05,4.2732711e-05,1.2457029e-05,1.2457029e-05,4.8582118e-16,4.8582118e-16,-0.00027242771,-0.00027242771,-0.00027242771,-0.00027242771,-4.2732711e-05,-4.2732711e-05,1.7673731e-09,1.7673731e-09,1.8642119e-18,1.8642119e-18,2.2508574e-06,2.2508574e-06,-2.24909e-06,-2.24909e-06,1.2631998e-05,1.2631998e-05,4.8988808e-16,4.8988808e-16,0.01344661,0.01344661,3.1006027e-14,3.1006027e-14,0.0066797535,0.0066797535,1.5572344e-14,1.5572344e-14,-0.00027242771,-0.00027242771,0.00028488474,0.00028488474,-5.4485542e-05,-5.4485542e-05,9.8404632e-17,9.8404632e-17,-7.0680116e-15,-7.0680116e-15,7.0699377e-15,7.0699377e-15,2.7075354e-19,2.7075354e-19,-7.165365e-19,-7.165365e-19,-0.0002887294,-0.0002887294,3.1010804e-18,3.1010804e-18,7.5456847e-19,7.5456847e-19,-1.9583303e-18,-1.9583303e-18,-0.0002887294,-0.0002887294,7.8975566e-10,7.8975566e-10,2.2430182e-34,2.2430182e-34
-0.00025818179,-0.00025818179,0.00025818179,0.00025818179,-6.327946e-16,-6.327946e-16,-4.7980707e-16,-4.7980707e-16,0.00025818179,0.00025818179,-0.0002327013,-0.0002327013,-4.0596075e-05,-4.0596075e-05,-0.00023270074,-0.00023270074,-4.0596075e-05,-4.0596075e-05,0,0,1.2458708e-05,1.2458708e-05,4.8850558e-16,4.8850558e-16,1.3601628e-05,1.3601628e-05,1.3601628e-05,1.3601628e-05,2.6453387e-18,2.6453387e-18,-0.00023004443,-0.00023004443,-4.0596075e-05,-4.0596075e-05,-0.00023004443,-0.00023004443,-4.0596075e-05,-4.0596075e-05,2.1500624e-17,2.1500624e-17,-7.3359303e-18,-7.3359303e-18,-0.0002706405,-0.0002706405,1.4328398e-17,1.4328398e-17,3.6524244e-06,3.6524244e-06,2.857162e-17,2.857162e-17,-2.8137368e-05,-2.8137368e-05,4.0596075e-05,4.0596075e-05,-2.8137368e-05,-2.8137368e-05,4.0596075e-05,4.0596075e-05,1.2458708e-05,1.2458708e-05,4.8707699e-16,4.8707699e-16,-0.00025818179,-0.00025818179,-0.00025818179,-0.00025818179,-4.0596075e-05,-4.0596075e-05,1.6790045e-09,1.6790045e-09,1.8703934e-18,1.8703934e-18,2.1383145e-06,2.1383145e-06,-2.1366355e-06,-2.1366355e-06,1.2624929e-05,1.2624929e-05,4.9116304e-16,4.9116304e-16,0.013442673,0.013442673,3.1085773e-14,3.1085773e-14,0.0066799627,0.0066799627,1.5611821e-14,1.5611821e-14,-0.00025818179,-0.00025818179,0.0002706405,0.0002706405,-5.1636359e-05,-5.1636359e-05,9.8581591e-17,9.8581591e-17,-7.130316e-15,-7.130316e-15,7.1321574e-15,7.1321574e-15,2.6248717e-19,2.6248717e-19,-7.141468e-19,-7.141468e-19,-0.00027429293,-0.00027429293,2.963111e-18,2.963111e-18,7.6030735e-19,7.6030735e-19,-1.9857126e-18,-1.9857126e-18,-0.00027429293,-0.00027429293,7.8185964e-10,7.8185964e-10,2.259495e-34,2.259495e-34
-0.00024464817,-0.00024464817,0.00024464817,0.00024464817,-6.3236092e-16,-6.3236092e-16,-4.8109764e-16,-4.8109764e-16,0.00024464817,0.00024464817,-0.00022106626,-0.00022106626,-3.8566272e-05,-3.8566272e-05,-0.0002210657,-0.0002210657,-3.8566272e-05,-3.8566272e-05,0,0,1.2460303e-05,1.2460303e-05,4.8977265e-16,4.8977265e-16,1.2921547e-05,1.2921547e-05,1.2921547e-05,1.2921547e-05,2.6516509e-18,2.6516509e-18,-0.00021854221,-0.00021854221,-3.8566272e-05,-3.8566272e-05,-0.00021854221,-0.00021854221,-3.8566272e-05,-3.8566272e-05,2.1241119e-17,2.1241119e-17,-7.31482e-18,-7.31482e-18,-0.00025710848,-0.00025710848,1.4090945e-17,1.4090945e-17,3.4698031e-06,3.4698031e-06,2.8462265e-17,2.8462265e-17,-2.6105969e-05,-2.6105969e-05,3.8566272e-05,3.8566272e-05,-2.6105969e-05,-2.6105969e-05,3.8566272e-05,3.8566272e-05,1.2460303e-05,1.2460303e-05,4.883373e-16,4.883373e-16,-0.00024464817,-0.00024464817,-0.00024464817,-0.00024464817,-3.8566272e-05,-3.8566272e-05,1.5950543e-09,1.5950543e-09,1.876392e-18,1.876392e-18,2.0313988e-06,2.0313988e-06,-2.0298038e-06,-2.0298038e-06,1.2618213e-05,1.2618213e-05,4.9244192e-16,4.9244192e-16,0.013438933,0.013438933,3.1165756e-14,3.1165756e-14,0.0066801614,0.0066801614,1.565141e-14,1.565141e-14,-0.00024464817,-0.00024464817,0.00025710848,0.00025710848,-4.8929635e-05,-4.8929635e-05,9.876151e-17,9.876151e-17,-7.1926631e-15,-7.1926631e-15,7.1944232e-15,7.1944232e-15,2.5439005e-19,2.5439005e-19,-7.1187605e-19,-7.1187605e-19,-0.00026057828,-0.00026057828,2.830657e-18,2.830657e-18,7.6576048e-19,7.6576048e-19,-2.0117316e-18,-2.0117316e-18,-0.00026057828,-0.00026057828,7.7404243e-10,7.7404243e-10,2.2755609e-34,2.2755609e-34
-0.00023179124,-0.00023179124,0.00023179124,0.00023179124,-6.3187303e-16,-6.3187303e-16,-4.8239749e-16,-4.8239749e-16,0.00023179124,0.00023179124,-0.00021001297,-0.00021001297,-3.6637958e-05,-3.6637958e-05,-0.00021001241,-0.00021001241,-3.6637958e-05,-3.6637958e-05,0,0,1.2461818e-05,1.2461818e-05,4.9104379e-16,4.9104379e-16,1.227547e-05,1.227547e-05,1.227547e-05,1.227547e-05,2.6578285e-18,2.6578285e-18,-0.0002076151,-0.0002076151,-3.6637958e-05,-3.6637958e-05,-0.0002076151,-0.0002076151,-3.6637958e-05,-3.6637958e-05,2.0980961e-17,2.0980961e-17,-7.2893355e-18,-7.2893355e-18,-0.00024425305,-0.00024425305,1.3857167e-17,1.3857167e-17,3.296313e-06,3.296313e-06,2.8351494e-17,2.8351494e-17,-2.417614e-05,-2.417614e-05,3.6637958e-05,3.6637958e-05,-2.417614e-05,-2.417614e-05,3.6637958e-05,3.6637958e-05,1.2461818e-05,1.2461818e-05,4.8960201e-16,4.8960201e-16,-0.00023179124,-0.00023179124,-0.00023179124,-0.00023179124,-3.6637958e-05,-3.6637958e-05,1.5153015e-09,1.5153015e-09,1.8822112e-18,1.8822112e-18,1.9298289e-06,1.9298289e-06,-1.9283136e-06,-1.9283136e-06,1.2611833e-05,1.2611833e-05,4.9372464e-16,4.9372464e-16,0.01343538,0.01343538,3.124597e-14,3.124597e-14,0.0066803502,0.0066803502,1.5691108e-14,1.5691108e-14,-0.00023179124,-0.00023179124,0.00024425305,0.00024425305,-4.6358247e-05,-4.6358247e-05,9.8944272e-17,9.8944272e-17,-7.2550523e-15,-7.2550523e-15,7.2567344e-15,7.2567344e-15,2.4645933e-19,2.4645933e-19,-7.0971836e-19,-7.0971836e-19,-0.00024754937,-0.00024754937,2.7035119e-18,2.7035119e-18,7.7094201e-19,7.7094201e-19,-2.0364547e-18,-2.0364547e-18,-0.00024754937,-0.00024754937,7.6630326e-10,7.6630326e-10,2.2912193e-34,2.2912193e-34
-0.00021957714,-0.00021957714,0.00021957714,0.00021957714,-6.3141224e-16,-6.3141224e-16,-4.8370633e-16,-4.8370633e-16,0.00021957714,0.00021957714,-0.00019951234,-0.00019951234,-3.480606e-05,-3.480606e-05,-0.00019951179,-0.00019951179,-3.480606e-05,-3.480606e-05,0,0,1.2463257e-05,1.2463257e-05,4.9231891e-16,4.9231891e-16,1.1661696e-05,1.1661696e-05,1.1661696e-05,1.1661696e-05,2.6638705e-18,2.6638705e-18,-0.00019723434,-0.00019723434,-3.480606e-05,-3.480606e-05,-0.00019723434,-0.00019723434,-3.480606e-05,-3.480606e-05,2.0720157e-17,2.0720157e-17,-7.2596401e-18,-7.2596401e-18,-0.0002320404,-0.0002320404,1.3626908e-17,1.3626908e-17,3.1314973e-06,3.1314973e-06,2.8239341e-17,2.8239341e-17,-2.2342803e-05,-2.2342803e-05,3.480606e-05,3.480606e-05,-2.2342803e-05,-2.2342803e-05,3.480606e-05,3.480606e-05,1.2463257e-05,1.2463257e-05,4.9087102e-16,4.9087102e-16,-0.00021957714,-0.00021957714,-0.00021957714,-0.00021957714,-3.480606e-05,-3.480606e-05,1.4395365e-09,1.4395365e-09,1.8878549e-18,1.8878549e-18,1.8333374e-06,1.8333374e-06,-1.8318979e-06,-1.8318979e-06,1.2605772e-05,1.2605772e-05,4.9501111e-16,4.9501111e-16,0.013432005,0.013432005,3.1326409e-14,3.1326409e-14,0.0066805296,0.0066805296,1.5730913e-14,1.5730913e-14,-0.00021957714,-0.00021957714,0.0002320404,0.0002320404,-4.3915429e-05,-4.3915429e-05,9.9129764e-17,9.9129764e-17,-7.3174826e-15,-7.3174826e-15,7.3190897e-15,7.3190897e-15,2.3869218e-19,2.3869218e-19,-7.0766812e-19,-7.0766812e-19,-0.0002351719,-0.0002351719,2.5814758e-18,2.5814758e-18,7.7586543e-19,7.7586543e-19,-2.0599463e-18,-2.0599463e-18,-0.0002351719,-0.0002351719,7.5864135e-10,7.5864135e-10,2.3064739e-34,2.3064739e-34
-0.00020797376,-0.00020797376,0.00020797376,0.00020797376,-6.3095145e-16,-6.3095145e-16,-4.8502389e-16,-4.8502389e-16,0.00020797376,0.00020797376,-0.00018953675,-0.00018953675,-3.3065757e-05,-3.3065757e-05,-0.0001895362,-0.0001895362,-3.3065757e-05,-3.3065757e-05,0,0,1.2464625e-05,1.2464625e-05,4.9359792e-16,4.9359792e-16,1.1078611e-05,1.1078611e-05,1.1078611e-05,1.1078611e-05,2.6697763e-18,2.6697763e-18,-0.00018737262,-0.00018737262,-3.3065757e-05,-3.3065757e-05,-0.00018737262,-0.00018737262,-3.3065757e-05,-3.3065757e-05,2.0458712e-17,2.0458712e-17,-7.2258916e-18,-7.2258916e-18,-0.00022043838,-0.00022043838,1.340002e-17,1.340002e-17,2.9749225e-06,2.9749225e-06,2.8125838e-17,2.8125838e-17,-2.0601132e-05,-2.0601132e-05,3.3065757e-05,3.3065757e-05,-2.0601132e-05,-2.0601132e-05,3.3065757e-05,3.3065757e-05,1.2464625e-05,1.2464625e-05,4.9214423e-16,4.9214423e-16,-0.00020797376,-0.00020797376,-0.00020797376,-0.00020797376,-3.3065757e-05,-3.3065757e-05,1.3675596e-09,1.3675596e-09,1.8933271e-18,1.8933271e-18,1.7416706e-06,1.7416706e-06,-1.740303e-06,-1.740303e-06,1.2600013e-05,1.2600013e-05,4.9630123e-16,4.9630123e-16,0.013428799,0.013428799,3.1407069e-14,3.1407069e-14,0.0066807,0.0066807,1.5770823e-14,1.5770823e-14,-0.00020797376,-0.00020797376,0.00022043838,0.00022043838,-4.1594751e-05,-4.1594751e-05,9.9317877e-17,9.9317877e-17,-7.3799533e-15,-7.3799533e-15,7.3814885e-15,7.3814885e-15,2.3108577e-19,2.3108577e-19,-7.0572001e-19,-7.0572001e-19,-0.0002234133,-0.0002234133,2.4643558e-18,2.4643558e-18,7.8054354e-19,7.8054354e-19,-2.0822675e-18,-2.0822675e-18,-0.0002234133,-0.0002234133,7.5105596e-10,7.5105596e-10,2.3213288e-34,2.3213288e-34
-0.00019695054,-0.00019695054,0.00019695054,0.00019695054,-6.3049067e-16,-6.3049067e-16,-4.863499e-16,-4.863499e-16,0.00019695054,0.00019695054,-0.00018005993,-0.00018005993,-3.1412469e-05,-3.1412469e-05,-0.00018005939,-0.00018005939,-3.1412469e-05,-3.1412469e-05,0,0,1.2465924e-05,1.2465924e-05,4.9488073e-16,4.9488073e-16,1.0524681e-05,1.0524681e-05,1.0524681e-05,1.0524681e-05,2.6755457e-18,2.6755457e-18,-0.00017800399,-0.00017800399,-3.1412469e-05,-3.1412469e-05,-0.00017800399,-0.00017800399,-3.1412469e-05,-3.1412469e-05,2.0196635e-17,2.0196635e-17,-7.188242e-18,-7.188242e-18,-0.00020941646,-0.00020941646,1.3176359e-17,1.3176359e-17,2.8261763e-06,2.8261763e-06,2.801102e-17,2.801102e-17,-1.8946545e-05,-1.8946545e-05,3.1412469e-05,3.1412469e-05,-1.8946545e-05,-1.8946545e-05,3.1412469e-05,3.1412469e-05,1.2465924e-05,1.2465924e-05,4.9342152e-16,4.9342152e-16,-0.00019695054,-0.00019695054,-0.00019695054,-0.00019695054,-3.1412469e-05,-3.1412469e-05,1.2991817e-09,1.2991817e-09,1.8986316e-18,1.8986316e-18,1.654587e-06,1.654587e-06,-1.6532879e-06,-1.6532879e-06,1.2594543e-05,1.2594543e-05,4.9759491e-16,4.9759491e-16,0.013425753,0.013425753,3.1487944e-14,3.1487944e-14,0.0066808619,0.0066808619,1.5810835e-14,1.5810835e-14,-0.00019695054,-0.00019695054,0.00020941646,0.00020941646,-3.9390107e-05,-3.9390107e-05,9.9508508e-17,9.9508508e-17,-7.4424634e-15,-7.4424634e-15,7.4439295e-15,7.4439295e-15,2.236373e-19,2.236373e-19,-7.0386895e-19,-7.0386895e-19,-0.00021224264,-0.00021224264,2.3519653e-18,2.3519653e-18,7.8498853e-19,7.8498853e-19,-2.1034764e-18,-2.1034764e-18,-0.00021224264,-0.00021224264,7.4354632e-10,7.4354632e-10,2.3357889e-34,2.3357889e-34
-0.00018647848,-0.00018647848,0.00018647848,0.00018647848,-6.3000278e-16,-6.3000278e-16,-4.8768409e-16,-4.8768409e-16,0.00018647848,0.00018647848,-0.00017105696,-0.00017105696,-2.9841846e-05,-2.9841846e-05,-0.00017105642,-0.00017105642,-2.9841846e-05,-2.9841846e-05,0,0,1.2467158e-05,1.2467158e-05,4.9616724e-16,4.9616724e-16,9.9984467e-06,9.9984467e-06,9.9984467e-06,9.9984467e-06,2.6811787e-18,2.6811787e-18,-0.00016910379,-0.00016910379,-2.9841846e-05,-2.9841846e-05,-0.00016910379,-0.00016910379,-2.9841846e-05,-2.9841846e-05,1.993393e-17,1.993393e-17,-7.1468379e-18,-7.1468379e-18,-0.00019894564,-0.00019894564,1.2955787e-17,1.2955787e-17,2.6848675e-06,2.6848675e-06,2.789492e-17,2.789492e-17,-1.7374687e-05,-1.7374687e-05,2.9841846e-05,2.9841846e-05,-1.7374687e-05,-1.7374687e-05,2.9841846e-05,2.9841846e-05,1.2467158e-05,1.2467158e-05,4.9470281e-16,4.9470281e-16,-0.00018647848,-0.00018647848,-0.00018647848,-0.00018647848,-2.9841846e-05,-2.9841846e-05,1.2342226e-09,1.2342226e-09,1.9037723e-18,1.9037723e-18,1.5718577e-06,1.5718577e-06,-1.5706235e-06,-1.5706235e-06,1.2589346e-05,1.2589346e-05,4.9889206e-16,4.9889206e-16,0.013422859,0.013422859,3.1569029e-14,3.1569029e-14,0.0066810157,0.0066810157,1.5850947e-14,1.5850947e-14,-0.00018647848,-0.00018647848,0.00019894564,0.00019894564,-3.7295696e-05,-3.7295696e-05,9.9701556e-17,9.9701556e-17,-7.5050123e-15,-7.5050123e-15,7.5064121e-15,7.5064121e-15,2.16344e-19,2.16344e-19,-7.0211013e-19,-7.0211013e-19,-0.00020163051,-0.00020163051,2.2441241e-18,2.2441241e-18,7.8921197e-19,7.8921197e-19,-2.1236282e-18,-2.1236282e-18,-0.00020163051,-0.00020163051,7.3611168e-10,7.3611168e-10,2.3498593e-34,2.3498593e-34
-0.00017653003,-0.00017653003,0.00017653003,0.00017653003,-6.2954199e-16,-6.2954199e-16,-4.890262e-16,-4.890262e-16,0.00017653003,0.00017653003,-0.00016250413,-0.00016250413,-2.8349753e-05,-2.8349753e-05,-0.0001625036,-0.0001625036,-2.8349753e-05,-2.8349753e-05,0,0,1.2468331e-05,1.2468331e-05,4.9745739e-16,4.9745739e-16,9.4985243e-06,9.4985243e-06,9.4985243e-06,9.4985243e-06,2.6866759e-18,2.6866759e-18,-0.0001606486,-0.0001606486,-2.8349753e-05,-2.8349753e-05,-0.0001606486,-0.0001606486,-2.8349753e-05,-2.8349753e-05,1.9670605e-17,1.9670605e-17,-7.1018207e-18,-7.1018207e-18,-0.00018899836,-0.00018899836,1.2738172e-17,1.2738172e-17,2.5506241e-06,2.5506241e-06,2.7777569e-17,2.7777569e-17,-1.5881423e-05,-1.5881423e-05,2.8349753e-05,2.8349753e-05,-1.5881423e-05,-1.5881423e-05,2.8349753e-05,2.8349753e-05,1.2468331e-05,1.2468331e-05,4.9598797e-16,4.9598797e-16,-0.00017653003,-0.00017653003,-0.00017653003,-0.00017653003,-2.8349753e-05,-2.8349753e-05,1.1725114e-09,1.1725114e-09,1.9087531e-18,1.9087531e-18,1.4932648e-06,1.4932648e-06,-1.4920923e-06,-1.4920923e-06,1.258441e-05,1.258441e-05,5.001926e-16,5.001926e-16,0.01342011,0.01342011,3.1650318e-14,3.1650318e-14,0.0066811618,0.0066811618,1.5891157e-14,1.5891157e-14,-0.00017653003,-0.00017653003,0.00018899836,0.00018899836,-3.5306005e-05,-3.5306005e-05,9.9896924e-17,9.9896924e-17,-7.5675991e-15,-7.5675991e-15,7.5689352e-15,7.5689352e-15,2.0920309e-19,2.0920309e-19,-7.0043897e-19,-7.0043897e-19,-0.00019154898,-0.00019154898,2.1406583e-18,2.1406583e-18,7.9322486e-19,7.9322486e-19,-2.1427754e-18,-2.1427754e-18,-0.00019154898,-0.00019154898,7.2875131e-10,7.2875131e-10,2.3635453e-34,2.3635453e-34
-0.00016707899,-0.00016707899,0.00016707899,0.00016707899,-6.290541e-16,-6.290541e-16,-4.9037599e-16,-4.9037599e-16,0.00016707899,0.00016707899,-0.00015437895,-0.00015437895,-2.6932266e-05,-2.6932266e-05,-0.00015437842,-0.00015437842,-2.6932266e-05,-2.6932266e-05,0,0,1.2469445e-05,1.2469445e-05,4.9875106e-16,4.9875106e-16,9.0235981e-06,9.0235981e-06,9.0235981e-06,9.0235981e-06,2.6920379e-18,2.6920379e-18,-0.00015261617,-0.00015261617,-2.6932266e-05,-2.6932266e-05,-0.00015261617,-0.00015261617,-2.6932266e-05,-2.6932266e-05,1.9406667e-17,1.9406667e-17,-7.0533266e-18,-7.0533266e-18,-0.00017954844,-0.00017954844,1.2523386e-17,1.2523386e-17,2.4230929e-06,2.4230929e-06,2.7658999e-17,2.7658999e-17,-1.4462821e-05,-1.4462821e-05,2.6932266e-05,2.6932266e-05,-1.4462821e-05,-1.4462821e-05,2.6932266e-05,2.6932266e-05,1.2469445e-05,1.2469445e-05,4.9727693e-16,4.9727693e-16,-0.00016707899,-0.00016707899,-0.00016707899,-0.00016707899,-2.6932266e-05,-2.6932266e-05,1.1138859e-09,1.1138859e-09,1.913578e-18,1.913578e-18,1.4186016e-06,1.4186016e-06,-1.4174877e-06,-1.4174877e-06,1.257972e-05,1.257972e-05,5.0149643e-16,5.0149643e-16,0.013417498,0.013417498,3.1731807e-14,3.1731807e-14,0.0066813006,0.0066813006,1.5931461e-14,1.5931461e-14,-0.00016707899,-0.00016707899,0.00017954844,0.00017954844,-3.3415799e-05,-3.3415799e-05,1.0009452e-16,1.0009452e-16,-7.6302229e-15,-7.6302229e-15,7.631498e-15,7.631498e-15,2.0221185e-19,2.0221185e-19,-6.9885111e-19,-6.9885111e-19,-0.00018197153,-0.00018197153,2.0414e-18,2.0414e-18,7.9703768e-19,7.9703768e-19,-2.1609681e-18,-2.1609681e-18,-0.00018197153,-0.00018197153,7.2146448e-10,7.2146448e-10,2.3768528e-34,2.3768528e-34
-0.00015810051,-0.00015810051,0.00015810051,0.00015810051,-6.2856621e-16,-6.2856621e-16,-4.9173321e-16,-4.9173321e-16,0.00015810051,0.00015810051,-0.00014666002,-0.00014666002,-2.5585653e-05,-2.5585653e-05,-0.0001466595,-0.0001466595,-2.5585653e-05,-2.5585653e-05,0,0,1.2470503e-05,1.2470503e-05,5.0004819e-16,5.0004819e-16,8.5724182e-06,8.5724182e-06,8.5724182e-06,8.5724182e-06,2.6972656e-18,2.6972656e-18,-0.00014498536,-0.00014498536,-2.5585653e-05,-2.5585653e-05,-0.00014498536,-0.00014498536,-2.5585653e-05,-2.5585653e-05,1.9142122e-17,1.9142122e-17,-7.001487e-18,-7.001487e-18,-0.00017057102,-0.00017057102,1.2311306e-17,1.2311306e-17,2.3019383e-06,2.3019383e-06,2.7539242e-17,2.7539242e-17,-1.311515e-05,-1.311515e-05,2.5585653e-05,2.5585653e-05,-1.311515e-05,-1.311515e-05,2.5585653e-05,2.5585653e-05,1.2470503e-05,1.2470503e-05,4.9856956e-16,4.9856956e-16,-0.00015810051,-0.00015810051,-0.00015810051,-0.00015810051,-2.5585653e-05,-2.5585653e-05,1.0581916e-09,1.0581916e-09,1.9182509e-18,1.9182509e-18,1.3476715e-06,1.3476715e-06,-1.3466133e-06,-1.3466133e-06,1.2575264e-05,1.2575264e-05,5.0280347e-16,5.0280347e-16,0.013415017,0.013415017,3.1813491e-14,3.1813491e-14,0.0066814325,0.0066814325,1.5971859e-14,1.5971859e-14,-0.00015810051,-0.00015810051,0.00017057102,0.00017057102,-3.1620103e-05,-3.1620103e-05,1.0029425e-16,1.0029425e-16,-7.6928832e-15,-7.6928832e-15,7.6940996e-15,7.6940996e-15,1.9536755e-19,1.9536755e-19,-6.9734242e-19,-6.9734242e-19,-0.00017287296,-0.00017287296,1.9461871e-18,1.9461871e-18,8.0066037e-19,8.0066037e-19,-2.1782535e-18,-2.1782535e-18,-0.00017287296,-0.00017287296,7.1425044e-10,7.1425044e-10,2.3897879e-34,2.3897879e-34
-0.00014957096,-0.00014957096,0.00014957096,0.00014957096,-6.2813253e-16,-6.2813253e-16,-4.9309763e-16,-4.9309763e-16,0.00014957096,0.00014957096,-0.00013932704,-0.00013932704,-2.430637e-05,-2.430637e-05,-0.00013932653,-0.00013932653,-2.430637e-05,-2.430637e-05,0,0,1.2471508e-05,1.2471508e-05,5.0134867e-16,5.0134867e-16,8.1437973e-06,8.1437973e-06,8.1437973e-06,8.1437973e-06,2.7023603e-18,2.7023603e-18,-0.0001377361,-0.0001377361,-2.430637e-05,-2.430637e-05,-0.0001377361,-0.0001377361,-2.430637e-05,-2.430637e-05,1.8876978e-17,1.8876978e-17,-6.9464284e-18,-6.9464284e-18,-0.00016204247,-0.00016204247,1.2101814e-17,1.2101814e-17,2.1868414e-06,2.1868414e-06,2.7418329e-17,2.7418329e-17,-1.1834862e-05,-1.1834862e-05,2.430637e-05,2.430637e-05,-1.1834862e-05,-1.1834862e-05,2.430637e-05,2.430637e-05,1.2471508e-05,1.2471508e-05,4.9986578e-16,4.9986578e-16,-0.00014957096,-0.00014957096,-0.00014957096,-0.00014957096,-2.430637e-05,-2.430637e-05,1.005282e-09,1.005282e-09,1.9227757e-18,1.9227757e-18,1.2802879e-06,1.2802879e-06,-1.2792826e-06,-1.2792826e-06,1.2571031e-05,1.2571031e-05,5.0411363e-16,5.0411363e-16,0.01341266,0.01341266,3.1895364e-14,3.1895364e-14,0.0066815577,0.0066815577,1.6012347e-14,1.6012347e-14,-0.00014957096,-0.00014957096,0.00016204247,0.00016204247,-2.9914192e-05,-2.9914192e-05,1.0049603e-16,1.0049603e-16,-7.755579e-15,-7.755579e-15,7.7567392e-15,7.7567392e-15,1.8866752e-19,1.8866752e-19,-6.9590896e-19,-6.9590896e-19,-0.00016422931,-0.00016422931,1.8548632e-18,1.8548632e-18,8.0410238e-19,8.0410238e-19,-2.1946769e-18,-2.1946769e-18,-0.00016422931,-0.00016422931,7.0710849e-10,7.0710849e-10,2.4023569e-34,2.4023569e-34
-0.00014146788,-0.00014146788,0.00014146788,0.00014146788,-6.2764464e-16,-6.2764464e-16,-4.94469e-16,-4.94469e-16,0.00014146788,0.00014146788,-0.00013236071,-0.00013236071,-2.3091051e-05,-2.3091051e-05,-0.0001323602,-0.0001323602,-2.3091051e-05,-2.3091051e-05,0,0,1.2472463e-05,1.2472463e-05,5.0265243e-16,5.0265243e-16,7.7366074e-06,7.7366074e-06,7.7366074e-06,7.7366074e-06,2.7073231e-18,2.7073231e-18,-0.00013084929,-0.00013084929,-2.3091051e-05,-2.3091051e-05,-0.00013084929,-0.00013084929,-2.3091051e-05,-2.3091051e-05,1.8611242e-17,1.8611242e-17,-6.8882729e-18,-6.8882729e-18,-0.00015394034,-0.00015394034,1.1894797e-17,1.1894797e-17,2.0774993e-06,2.0774993e-06,2.729629e-17,2.729629e-17,-1.0618588e-05,-1.0618588e-05,2.3091051e-05,2.3091051e-05,-1.0618588e-05,-1.0618588e-05,2.3091051e-05,2.3091051e-05,1.2472463e-05,1.2472463e-05,5.0116549e-16,5.0116549e-16,-0.00014146788,-0.00014146788,-0.00014146788,-0.00014146788,-2.3091051e-05,-2.3091051e-05,9.550179e-10,9.550179e-10,1.9271562e-18,1.9271562e-18,1.2162735e-06,1.2162735e-06,-1.2153185e-06,-1.2153185e-06,1.256701e-05,1.256701e-05,5.0542682e-16,5.0542682e-16,0.01341042,0.01341042,3.1977421e-14,3.1977421e-14,0.0066816767,0.0066816767,1.6052923e-14,1.6052923e-14,-0.00014146788,-0.00014146788,0.00015394034,0.00015394034,-2.8293576e-05,-2.8293576e-05,1.0069979e-16,1.0069979e-16,-7.8183097e-15,-7.8183097e-15,7.8194159e-15,7.8194159e-15,1.8210909e-19,1.8210909e-19,-6.9454698e-19,-6.9454698e-19,-0.00015601784,-0.00015601784,1.7672774e-18,1.7672774e-18,8.0737271e-19,8.0737271e-19,-2.2102811e-18,-2.2102811e-18,-0.00015601784,-0.00015601784,7.000379e-10,7.000379e-10,2.4145663e-34,2.4145663e-34
-0.00013376995,-0.00013376995,0.00013376995,0.00013376995,-6.2718385e-16,-6.2718385e-16,-4.9584711e-16,-4.9584711e-16,0.00013376995,0.00013376995,-0.00012574269,-0.00012574269,-2.1936499e-05,-2.1936499e-05,-0.00012574219,-0.00012574219,-2.1936499e-05,-2.1936499e-05,0,0,1.2473371e-05,1.2473371e-05,5.0395938e-16,5.0395938e-16,7.3497771e-06,7.3497771e-06,7.3497771e-06,7.3497771e-06,2.7121556e-18,2.7121556e-18,-0.00012430683,-0.00012430683,-2.1936499e-05,-2.1936499e-05,-0.00012430683,-0.00012430683,-2.1936499e-05,-2.1936499e-05,1.8344919e-17,1.8344919e-17,-6.8271379e-18,-6.8271379e-18,-0.00014624333,-0.00014624333,1.1690145e-17,1.1690145e-17,1.9736243e-06,1.9736243e-06,2.7173155e-17,2.7173155e-17,-9.4631283e-06,-9.4631283e-06,2.1936499e-05,2.1936499e-05,-9.4631283e-06,-9.4631283e-06,2.1936499e-05,2.1936499e-05,1.2473371e-05,1.2473371e-05,5.0246859e-16,5.0246859e-16,-0.00013376995,-0.00013376995,-0.00013376995,-0.00013376995,-2.1936499e-05,-2.1936499e-05,9.0726701e-10,9.0726701e-10,1.9313962e-18,1.9313962e-18,1.1554598e-06,1.1554598e-06,-1.1545526e-06,-1.1545526e-06,1.256319e-05,1.256319e-05,5.0674297e-16,5.0674297e-16,0.013408293,0.013408293,3.2059658e-14,3.2059658e-14,0.0066817898,0.0066817898,1.6093585e-14,1.6093585e-14,-0.00013376995,-0.00013376995,0.00014624333,0.00014624333,-2.6753991e-05,-2.6753991e-05,1.0090543e-16,1.0090543e-16,-7.8810746e-15,-7.8810746e-15,7.882129e-15,7.882129e-15,1.7568962e-19,1.7568962e-19,-6.9325293e-19,-6.9325293e-19,-0.00014821695,-0.00014821695,1.6832842e-18,1.6832842e-18,8.1047989e-19,8.1047989e-19,-2.2251069e-18,-2.2251069e-18,-0.00014821695,-0.00014821695,6.9303797e-10,6.9303797e-10,2.4264228e-34,2.4264228e-34
-0.00012645693,-0.00012645693,0.00012645693,0.00012645693,-6.2669596e-16,-6.2669596e-16,-4.9723174e-16,-4.9723174e-16,0.00012645693,0.00012645693,-0.00011945558,-0.00011945558,-2.0839674e-05,-2.0839674e-05,-0.00011945508,-0.00011945508,-2.0839674e-05,-2.0839674e-05,0,0,1.2474232e-05,1.2474232e-05,5.0526944e-16,5.0526944e-16,6.9822882e-06,6.9822882e-06,6.9822882e-06,6.9822882e-06,2.7168596e-18,2.7168596e-18,-0.00011809149,-0.00011809149,-2.0839674e-05,-2.0839674e-05,-0.00011809149,-0.00011809149,-2.0839674e-05,-2.0839674e-05,1.8078019e-17,1.8078019e-17,-6.7631366e-18,-6.7631366e-18,-0.00013893116,-0.00013893116,1.1487755e-17,1.1487755e-17,1.8749431e-06,1.8749431e-06,2.7048952e-17,2.7048952e-17,-8.3654414e-06,-8.3654414e-06,2.0839674e-05,2.0839674e-05,-8.3654414e-06,-8.3654414e-06,2.0839674e-05,2.0839674e-05,1.2474232e-05,1.2474232e-05,5.0377499e-16,5.0377499e-16,-0.00012645693,-0.00012645693,-0.00012645693,-0.00012645693,-2.0839674e-05,-2.0839674e-05,8.6190366e-10,8.6190366e-10,1.9354996e-18,1.9354996e-18,1.0976868e-06,1.0976868e-06,-1.0968249e-06,-1.0968249e-06,1.2559561e-05,1.2559561e-05,5.08062e-16,5.08062e-16,0.013406272,0.013406272,3.2142069e-14,3.2142069e-14,0.0066818972,0.0066818972,1.6134331e-14,1.6134331e-14,-0.00012645693,-0.00012645693,0.00013893116,0.00013893116,-2.5291385e-05,-2.5291385e-05,1.0111288e-16,1.0111288e-16,-7.9438729e-15,-7.9438729e-15,7.9448776e-15,7.9448776e-15,1.6940653e-19,1.6940653e-19,-6.9202344e-19,-6.9202344e-19,-0.0001408061,-0.0001408061,1.6027434e-18,1.6027434e-18,8.1343205e-19,8.1343205e-19,-2.239193e-18,-2.239193e-18,-0.0001408061,-0.0001408061,6.8610799e-10,6.8610799e-10,2.4379333e-34,2.4379333e-34
-0.00011950955,-0.00011950955,0.00011950955,0.00011950955,-6.2622162e-16,-6.2622162e-16,-4.9862266e-16,-4.9862266e-16,0.00011950955,0.00011950955,-0.00011348282,-0.00011348282,-1.979769e-05,-1.979769e-05,-0.00011348233,-0.00011348233,-1.979769e-05,-1.979769e-05,0,0,1.2475051e-05,1.2475051e-05,5.0658252e-16,5.0658252e-16,6.6331738e-06,6.6331738e-06,6.6331738e-06,6.6331738e-06,2.7214367e-18,2.7214367e-18,-0.00011218691,-0.00011218691,-1.979769e-05,-1.979769e-05,-0.00011218691,-0.00011218691,-1.979769e-05,-1.979769e-05,1.7810547e-17,1.7810547e-17,-6.696378e-18,-6.696378e-18,-0.0001319846,-0.0001319846,1.1287525e-17,1.1287525e-17,1.781196e-06,1.781196e-06,2.692371e-17,2.692371e-17,-7.3226389e-06,-7.3226389e-06,1.979769e-05,1.979769e-05,-7.3226389e-06,-7.3226389e-06,1.979769e-05,1.979769e-05,1.2475051e-05,1.2475051e-05,5.050846e-16,5.050846e-16,-0.00011950955,-0.00011950955,-0.00011950955,-0.00011950955,-1.979769e-05,-1.979769e-05,8.1880847e-10,8.1880847e-10,1.9394701e-18,1.9394701e-18,1.0428025e-06,1.0428025e-06,-1.0419837e-06,-1.0419837e-06,1.2556113e-05,1.2556113e-05,5.0938381e-16,5.0938381e-16,0.013404352,0.013404352,3.2224651e-14,3.2224651e-14,0.0066819992,0.0066819992,1.6175158e-14,1.6175158e-14,-0.00011950955,-0.00011950955,0.0001319846,0.0001319846,-2.390191e-05,-2.390191e-05,1.0132207e-16,1.0132207e-16,-8.0067039e-15,-8.0067039e-15,8.0076609e-15,8.0076609e-15,1.6325722e-19,1.6325722e-19,-6.9085529e-19,-6.9085529e-19,-0.0001337658,-0.0001337658,1.5255196e-18,1.5255196e-18,8.162369e-19,8.162369e-19,-2.2525763e-18,-2.2525763e-18,-0.0001337658,-0.0001337658,6.7924728e-10,6.7924728e-10,2.4491048e-34,2.4491048e-34
-0.00011290954,-0.00011290954,0.00011290954,0.00011290954,-6.2574728e-16,-6.2574728e-16,-5.0001969e-16,-5.0001969e-16,0.00011290954,0.00011290954,-0.0001078087,-0.0001078087,-1.8807806e-05,-1.8807806e-05,-0.00010780821,-0.00010780821,-1.8807806e-05,-1.8807806e-05,0,0,1.2475829e-05,1.2475829e-05,5.0789853e-16,5.0789853e-16,6.3015151e-06,6.3015151e-06,6.3015151e-06,6.3015151e-06,2.725889e-18,2.725889e-18,-0.00010657757,-0.00010657757,-1.8807806e-05,-1.8807806e-05,-0.00010657757,-0.00010657757,-1.8807806e-05,-1.8807806e-05,1.7542511e-17,1.7542511e-17,-6.6269672e-18,-6.6269672e-18,-0.00012538537,-0.00012538537,1.1089359e-17,1.1089359e-17,1.6921362e-06,1.6921362e-06,2.6797457e-17,2.6797457e-17,-6.3319765e-06,-6.3319765e-06,1.8807806e-05,1.8807806e-05,-6.3319765e-06,-6.3319765e-06,1.8807806e-05,1.8807806e-05,1.2475829e-05,1.2475829e-05,5.0639731e-16,5.0639731e-16,-0.00011290954,-0.00011290954,-0.00011290954,-0.00011290954,-1.8807806e-05,-1.8807806e-05,7.7786805e-10,7.7786805e-10,1.9433113e-18,1.9433113e-18,9.9066238e-07,9.9066238e-07,-9.8988451e-07,-9.8988451e-07,1.2552838e-05,1.2552838e-05,5.1070833e-16,5.1070833e-16,0.013402529,0.013402529,3.2307397e-14,3.2307397e-14,0.0066820961,0.0066820961,1.6216065e-14,1.6216065e-14,-0.00011290954,-0.00011290954,0.00012538537,0.00012538537,-2.2581908e-05,-2.2581908e-05,1.0153294e-16,1.0153294e-16,-8.0695669e-15,-8.0695669e-15,8.0704782e-15,8.0704782e-15,1.5723917e-19,1.5723917e-19,-6.8974542e-19,-6.8974542e-19,-0.00012707751,-0.00012707751,1.4514825e-18,1.4514825e-18,8.1890178e-19,8.1890178e-19,-2.2652917e-18,-2.2652917e-18,-0.00012707751,-0.00012707751,6.7245514e-10,6.7245514e-10,2.4599443e-34,2.4599443e-34
-0.00010663953,-0.00010663953,0.00010663953,0.00010663953,-6.2527295e-16,-6.2527295e-16,-5.014226e-16,-5.014226e-16,0.00010663953,0.00010663953,-0.00010241828,-0.00010241828,-1.7867415e-05,-1.7867415e-05,-0.0001024178,-0.0001024178,-1.7867415e-05,-1.7867415e-05,0,0,1.2476568e-05,1.2476568e-05,5.0921741e-16,5.0921741e-16,5.9864394e-06,5.9864394e-06,5.9864394e-06,5.9864394e-06,2.7302183e-18,2.7302183e-18,-0.00010124869,-0.00010124869,-1.7867415e-05,-1.7867415e-05,-0.00010124869,-0.00010124869,-1.7867415e-05,-1.7867415e-05,1.7273918e-17,1.7273918e-17,-6.5550052e-18,-6.5550052e-18,-0.0001191161,-0.0001191161,1.0893165e-17,1.0893165e-17,1.6075294e-06,1.6075294e-06,2.6670221e-17,2.6670221e-17,-5.3908473e-06,-5.3908473e-06,1.7867415e-05,1.7867415e-05,-5.3908473e-06,-5.3908473e-06,1.7867415e-05,1.7867415e-05,1.2476568e-05,1.2476568e-05,5.0771306e-16,5.0771306e-16,-0.00010663953,-0.00010663953,-0.00010663953,-0.00010663953,-1.7867415e-05,-1.7867415e-05,7.3897465e-10,7.3897465e-10,1.947027e-18,1.947027e-18,9.4112926e-07,9.4112926e-07,-9.4039028e-07,-9.4039028e-07,1.2549727e-05,1.2549727e-05,5.1203549e-16,5.1203549e-16,0.013400796,0.013400796,3.2390303e-14,3.2390303e-14,0.0066821882,0.0066821882,1.6257048e-14,1.6257048e-14,-0.00010663953,-0.00010663953,0.0001191161,0.0001191161,-2.1327907e-05,-2.1327907e-05,1.017454e-16,1.017454e-16,-8.1324613e-15,-8.1324613e-15,8.1333287e-15,8.1333287e-15,1.5134987e-19,1.5134987e-19,-6.8869093e-19,-6.8869093e-19,-0.00012072363,-0.00012072363,1.3805066e-18,1.3805066e-18,8.2143366e-19,8.2143366e-19,-2.2773725e-18,-2.2773725e-18,-0.00012072363,-0.00012072363,6.6573088e-10,6.6573088e-10,2.4704591e-34,2.4704591e-34
-0.00010068303,-0.00010068303,0.00010068303,0.00010068303,-6.2479861e-16,-6.2479861e-16,-5.0283122e-16,-5.0283122e-16,0.00010068303,0.00010068303,-9.7297389e-05,-9.7297389e-05,-1.6974045e-05,-1.6974045e-05,-9.729691e-05,-9.729691e-05,-1.6974045e-05,-1.6974045e-05,0,0,1.247727e-05,1.247727e-05,5.1053907e-16,5.1053907e-16,5.6871174e-06,5.6871174e-06,5.6871174e-06,5.6871174e-06,2.7344269e-18,2.7344269e-18,-9.6186253e-05,-9.6186253e-05,-1.6974045e-05,-1.6974045e-05,-9.6186253e-05,-9.6186253e-05,-1.6974045e-05,-1.6974045e-05,1.7004775e-17,1.7004775e-17,-6.4805893e-18,-6.4805893e-18,-0.0001131603,-0.0001131603,1.0698852e-17,1.0698852e-17,1.5271529e-06,1.5271529e-06,2.6542027e-17,2.6542027e-17,-4.4967745e-06,-4.4967745e-06,1.6974045e-05,1.6974045e-05,-4.4967745e-06,-4.4967745e-06,1.6974045e-05,1.6974045e-05,1.247727e-05,1.247727e-05,5.0903174e-16,5.0903174e-16,-0.00010068303,-0.00010068303,-0.00010068303,-0.00010068303,-1.6974045e-05,-1.6974045e-05,7.0202591e-10,7.0202591e-10,1.9506207e-18,1.9506207e-18,8.940728e-07,8.940728e-07,-8.9337077e-07,-8.9337077e-07,1.2546771e-05,1.2546771e-05,5.1336521e-16,5.1336521e-16,0.01339915,0.01339915,3.2473366e-14,3.2473366e-14,0.0066822757,0.0066822757,1.6298107e-14,1.6298107e-14,-0.00010068303,-0.00010068303,0.0001131603,0.0001131603,-2.0136605e-05,-2.0136605e-05,1.019594e-16,1.019594e-16,-8.1953864e-15,-8.1953864e-15,8.1962116e-15,8.1962116e-15,1.4558683e-19,1.4558683e-19,-6.8768908e-19,-6.8768908e-19,-0.00011468745,-0.00011468745,1.3124707e-18,1.3124707e-18,8.2383917e-19,8.2383917e-19,-2.2888503e-18,-2.2888503e-18,-0.00011468745,-0.00011468745,6.5907384e-10,6.5907384e-10,2.4806563e-34,2.4806563e-34
-9.5024346e-05,-9.5024346e-05,9.5024346e-05,9.5024346e-05,-6.2433782e-16,-6.2433782e-16,-5.0424535e-16,-5.0424535e-16,9.5024346e-05,9.5024346e-05,-9.2432539e-05,-9.2432539e-05,-1.6125342e-05,-1.6125342e-05,-9.2432064e-05,-9.2432064e-05,-1.6125342e-05,-1.6125342e-05,0,0,1.2477937e-05,1.2477937e-05,5.1186343e-16,5.1186343e-16,5.4027615e-06,5.4027615e-06,5.4027615e-06,5.4027615e-06,2.7385169e-18,2.7385169e-18,-9.137694e-05,-9.137694e-05,-1.6125342e-05,-1.6125342e-05,-9.137694e-05,-9.137694e-05,-1.6125342e-05,-1.6125342e-05,1.673509e-17,1.673509e-17,-6.4038133e-18,-6.4038133e-18,-0.00010750228,-0.00010750228,1.0506337e-17,1.0506337e-17,1.4507953e-06,1.4507953e-06,2.6412903e-17,2.6412903e-17,-3.6474053e-06,-3.6474053e-06,1.6125342e-05,1.6125342e-05,-3.6474053e-06,-3.6474053e-06,1.6125342e-05,1.6125342e-05,1.2477937e-05,1.2477937e-05,5.1035327e-16,5.1035327e-16,-9.5024346e-05,-9.5024346e-05,-9.5024346e-05,-9.5024346e-05,-1.6125342e-05,-1.6125342e-05,6.6692462e-10,6.6692462e-10,1.954096e-18,1.954096e-18,8.4936916e-07,8.4936916e-07,-8.4870223e-07,-8.4870223e-07,1.2543963e-05,1.2543963e-05,5.1469741e-16,5.1469741e-16,0.013397586,0.013397586,3.255658e-14,3.255658e-14,0.0066823588,0.0066823588,1.6339238e-14,1.6339238e-14,-9.5024346e-05,-9.5024346e-05,0.00010750228,0.00010750228,-1.9004869e-05,-1.9004869e-05,1.0217486e-16,1.0217486e-16,-8.2583416e-15,-8.2583416e-15,8.2591264e-15,8.2591264e-15,1.399476e-19,1.399476e-19,-6.8673722e-19,-6.8673722e-19,-0.00010895308,-0.00010895308,1.2472584e-18,1.2472584e-18,8.261246e-19,8.261246e-19,-2.2997552e-18,-2.2997552e-18,-0.00010895308,-0.00010895308,6.5248334e-10,6.5248334e-10,2.4905433e-34,2.4905433e-34
-8.9648598e-05,-8.9648598e-05,8.9648598e-05,8.9648598e-05,-6.2383638e-16,-6.2383638e-16,-5.056648e-16,-5.056648e-16,8.9648598e-05,8.9648598e-05,-8.7810931e-05,-8.7810931e-05,-1.5319075e-05,-1.5319075e-05,-8.7810461e-05,-8.7810461e-05,-1.5319075e-05,-1.5319075e-05,0,0,1.2478571e-05,1.2478571e-05,5.1319042e-16,5.1319042e-16,5.1326234e-06,5.1326234e-06,5.1326234e-06,5.1326234e-06,2.7424906e-18,2.7424906e-18,-8.6808093e-05,-8.6808093e-05,-1.5319075e-05,-1.5319075e-05,-8.6808093e-05,-8.6808093e-05,-1.5319075e-05,-1.5319075e-05,1.6464869e-17,1.6464869e-17,-6.3247674e-18,-6.3247674e-18,-0.00010212717,-0.00010212717,1.0315536e-17,1.0315536e-17,1.3782555e-06,1.3782555e-06,2.6282873e-17,2.6282873e-17,-2.8405046e-06,-2.8405046e-06,1.5319075e-05,1.5319075e-05,-2.8405046e-06,-2.8405046e-06,1.5319075e-05,1.5319075e-05,1.2478571e-05,1.2478571e-05,5.1167757e-16,5.1167757e-16,-8.9648598e-05,-8.9648598e-05,-8.9648598e-05,-8.9648598e-05,-1.5319075e-05,-1.5319075e-05,6.3357839e-10,6.3357839e-10,1.9574562e-18,1.9574562e-18,8.069007e-07,8.069007e-07,-8.0626712e-07,-8.0626712e-07,1.2541295e-05,1.2541295e-05,5.1603202e-16,5.1603202e-16,0.013396101,0.013396101,3.2639941e-14,3.2639941e-14,0.0066824377,0.0066824377,1.638044e-14,1.638044e-14,-8.9648598e-05,-8.9648598e-05,0.00010212717,0.00010212717,-1.792972e-05,-1.792972e-05,1.0239175e-16,1.0239175e-16,-8.3213261e-15,-8.3213261e-15,8.3220722e-15,8.3220722e-15,1.3442979e-19,1.3442979e-19,-6.8583288e-19,-6.8583288e-19,-0.00010350542,-0.00010350542,1.1847573e-18,1.1847573e-18,8.2829593e-19,8.2829593e-19,-2.3101157e-18,-2.3101157e-18,-0.00010350542,-0.00010350542,6.4595873e-10,6.4595873e-10,2.5001272e-34,2.5001272e-34
-8.4541638e-05,-8.4541638e-05,8.4541638e-05,8.4541638e-05,-6.2337559e-16,-6.2337559e-16,-5.0708939e-16,-5.0708939e-16,8.4541638e-05,8.4541638e-05,-8.3420403e-05,-8.3420403e-05,-1.4553122e-05,-1.4553122e-05,-8.3419938e-05,-8.3419938e-05,-1.4553122e-05,-1.4553122e-05,0,0,1.2479173e-05,1.2479173e-05,5.1451996e-16,5.1451996e-16,4.8759923e-06,4.8759923e-06,4.8759923e-06,4.8759923e-06,2.7463501e-18,2.7463501e-18,-8.2467689e-05,-8.2467689e-05,-1.4553122e-05,-1.4553122e-05,-8.2467689e-05,-8.2467689e-05,-1.4553122e-05,-1.4553122e-05,1.619412e-17,1.619412e-17,-6.2435384e-18,-6.2435384e-18,-9.702081e-05,-9.702081e-05,1.0126372e-17,1.0126372e-17,1.3093427e-06,1.3093427e-06,2.6151964e-17,2.6151964e-17,-2.073949e-06,-2.073949e-06,1.4553122e-05,1.4553122e-05,-2.073949e-06,-2.073949e-06,1.4553122e-05,1.4553122e-05,1.2479173e-05,1.2479173e-05,5.1300456e-16,5.1300456e-16,-8.4541638e-05,-8.4541638e-05,-8.4541638e-05,-8.4541638e-05,-1.4553122e-05,-1.4553122e-05,6.0189947e-10,6.0189947e-10,1.9607048e-18,1.9607048e-18,7.6655566e-07,7.6655566e-07,-7.6595376e-07,-7.6595376e-07,1.2538761e-05,1.2538761e-05,5.1736897e-16,5.1736897e-16,0.013394689,0.013394689,3.2723446e-14,3.2723446e-14,0.0066825127,0.0066825127,1.6421711e-14,1.6421711e-14,-8.4541638e-05,-8.4541638e-05,9.702081e-05,9.702081e-05,-1.6908328e-05,-1.6908328e-05,1.0260998e-16,1.0260998e-16,-8.3843395e-15,-8.3843395e-15,8.3850483e-15,8.3850483e-15,1.2903101e-19,1.2903101e-19,-6.8497368e-19,-6.8497368e-19,-9.8330153e-05,-9.8330153e-05,1.1248594e-18,1.1248594e-18,8.3035886e-19,8.3035886e-19,-2.3199589e-18,-2.3199589e-18,-9.8330153e-05,-9.8330153e-05,6.3949934e-10,6.3949934e-10,2.5094154e-34,2.5094154e-34
-7.9690025e-05,-7.9690025e-05,7.9690025e-05,7.9690025e-05,-6.228877e-16,-6.228877e-16,-5.0851896e-16,-5.0851896e-16,7.9690025e-05,7.9690025e-05,-7.9249401e-05,-7.9249401e-05,-1.3825465e-05,-1.3825465e-05,-7.9248941e-05,-7.9248941e-05,-1.3825465e-05,-1.3825465e-05,0,0,1.2479744e-05,1.2479744e-05,5.1585198e-16,5.1585198e-16,4.6321927e-06,4.6321927e-06,4.6321927e-06,4.6321927e-06,2.750098e-18,2.750098e-18,-7.8344304e-05,-7.8344304e-05,-1.3825465e-05,-1.3825465e-05,-7.8344304e-05,-7.8344304e-05,-1.3825465e-05,-1.3825465e-05,1.5922851e-17,1.5922851e-17,-6.1602098e-18,-6.1602098e-18,-9.216977e-05,-9.216977e-05,9.938769e-18,9.938769e-18,1.2438756e-06,1.2438756e-06,2.6020198e-17,2.6020198e-17,-1.3457211e-06,-1.3457211e-06,1.3825465e-05,1.3825465e-05,-1.3457211e-06,-1.3457211e-06,1.3825465e-05,1.3825465e-05,1.2479744e-05,1.2479744e-05,5.1433415e-16,5.1433415e-16,-7.9690025e-05,-7.9690025e-05,-7.9690025e-05,-7.9690025e-05,-1.3825465e-05,-1.3825465e-05,5.7180449e-10,5.7180449e-10,1.9638452e-18,1.9638452e-18,7.2822788e-07,7.2822788e-07,-7.2765608e-07,-7.2765608e-07,1.2536353e-05,1.2536353e-05,5.1870819e-16,5.1870819e-16,0.013393349,0.013393349,3.2807088e-14,3.2807088e-14,0.006682584,0.006682584,1.6463049e-14,1.6463049e-14,-7.9690025e-05,-7.9690025e-05,9.216977e-05,9.216977e-05,-1.5938005e-05,-1.5938005e-05,1.0282952e-16,1.0282952e-16,-8.447381e-15,-8.447381e-15,8.4480542e-15,8.4480542e-15,1.2374892e-19,1.2374892e-19,-6.8415738e-19,-6.8415738e-19,-9.3413645e-05,-9.3413645e-05,1.0674605e-18,1.0674605e-18,8.3231879e-19,8.3231879e-19,-2.3293107e-18,-2.3293107e-18,-9.3413645e-05,-9.3413645e-05,6.3310452e-10,6.3310452e-10,2.518415e-34,2.518415e-34
-7.5080994e-05,-7.5080994e-05,7.5080994e-05,7.5080994e-05,-6.2241336e-16,-6.2241336e-16,-5.0995334e-16,-5.0995334e-16,7.5080994e-05,7.5080994e-05,-7.528695e-05,-7.528695e-05,-1.3134192e-05,-1.3134192e-05,-7.5286494e-05,-7.5286494e-05,-1.3134192e-05,-1.3134192e-05,0,0,1.2480288e-05,1.2480288e-05,5.1718641e-16,5.1718641e-16,4.400583e-06,4.400583e-06,4.400583e-06,4.400583e-06,2.7537364e-18,2.7537364e-18,-7.4427089e-05,-7.4427089e-05,-1.3134192e-05,-1.3134192e-05,-7.4427089e-05,-7.4427089e-05,-1.3134192e-05,-1.3134192e-05,1.5651068e-17,1.5651068e-17,-6.0748622e-18,-6.0748622e-18,-8.7561281e-05,-8.7561281e-05,9.7526545e-18,9.7526545e-18,1.1816818e-06,1.1816818e-06,2.58876e-17,2.58876e-17,-6.5390459e-07,-6.5390459e-07,1.3134192e-05,1.3134192e-05,-6.5390459e-07,-6.5390459e-07,1.3134192e-05,1.3134192e-05,1.2480288e-05,1.2480288e-05,5.1566627e-16,5.1566627e-16,-7.5080994e-05,-7.5080994e-05,-7.5080994e-05,-7.5080994e-05,-1.3134192e-05,-1.3134192e-05,5.4321427e-10,5.4321427e-10,1.9668806e-18,1.9668806e-18,6.9181649e-07,6.9181649e-07,-6.9127327e-07,-6.9127327e-07,1.2534066e-05,1.2534066e-05,5.2004962e-16,5.2004962e-16,0.013392075,0.013392075,3.2890866e-14,3.2890866e-14,0.0066826517,0.0066826517,1.6504452e-14,1.6504452e-14,-7.5080994e-05,-7.5080994e-05,8.7561281e-05,8.7561281e-05,-1.5016199e-05,-1.5016199e-05,1.030503e-16,1.030503e-16,-8.51045e-15,-8.51045e-15,8.5110891e-15,8.5110891e-15,1.1858121e-19,1.1858121e-19,-6.8338184e-19,-6.8338184e-19,-8.8742963e-05,-8.8742963e-05,1.0124607e-18,1.0124607e-18,8.3418085e-19,8.3418085e-19,-2.3381955e-18,-2.3381955e-18,-8.8742963e-05,-8.8742963e-05,6.2677364e-10,6.2677364e-10,2.5271334e-34,2.5271334e-34
-7.0702413e-05,-7.0702413e-05,7.0702413e-05,7.0702413e-05,-6.2193902e-16,-6.2193902e-16,-5.1139236e-16,-5.1139236e-16,7.0702413e-05,7.0702413e-05,-7.152262e-05,-7.152262e-05,-1.2477483e-05,-1.2477483e-05,-7.1522169e-05,-7.1522169e-05,-1.2477483e-05,-1.2477483e-05,0,0,1.2480804e-05,1.2480804e-05,5.1852317e-16,5.1852317e-16,4.1805539e-06,4.1805539e-06,4.1805539e-06,4.1805539e-06,2.7572679e-18,2.7572679e-18,-7.0705734e-05,-7.0705734e-05,-1.2477483e-05,-1.2477483e-05,-7.0705734e-05,-7.0705734e-05,-1.2477483e-05,-1.2477483e-05,1.5378779e-17,1.5378779e-17,-5.9875729e-18,-5.9875729e-18,-8.3183217e-05,-8.3183217e-05,9.5679594e-18,9.5679594e-18,1.1225977e-06,1.1225977e-06,2.5754193e-17,2.5754193e-17,3.3210704e-09,3.3210704e-09,1.2477483e-05,1.2477483e-05,3.3210704e-09,3.3210704e-09,1.2477483e-05,1.2477483e-05,1.2480804e-05,1.2480804e-05,5.1700085e-16,5.1700085e-16,-7.0702413e-05,-7.0702413e-05,-7.0702413e-05,-7.0702413e-05,-1.2477483e-05,-1.2477483e-05,5.1605356e-10,5.1605356e-10,1.9698141e-18,1.9698141e-18,6.5722566e-07,6.5722566e-07,-6.5670961e-07,-6.5670961e-07,1.2531893e-05,1.2531893e-05,5.2139318e-16,5.2139318e-16,0.013390865,0.013390865,3.2974773e-14,3.2974773e-14,0.006682716,0.006682716,1.6545917e-14,1.6545917e-14,-7.0702413e-05,-7.0702413e-05,8.3183217e-05,8.3183217e-05,-1.4140483e-05,-1.4140483e-05,1.0327228e-16,1.0327228e-16,-8.5735461e-15,-8.5735461e-15,8.5741523e-15,8.5741523e-15,1.135256e-19,1.135256e-19,-6.8264502e-19,-6.8264502e-19,-8.4305815e-05,-8.4305815e-05,9.597633e-19,9.597633e-19,8.3594993e-19,8.3594993e-19,-2.3466367e-18,-2.3466367e-18,-8.4305815e-05,-8.4305815e-05,6.2050605e-10,6.2050605e-10,2.5355777e-34,2.5355777e-34
-6.6542762e-05,-6.6542762e-05,6.6542762e-05,6.6542762e-05,-6.2143758e-16,-6.2143758e-16,-5.1283587e-16,-5.1283587e-16,6.6542762e-05,6.6542762e-05,-6.7946507e-05,-6.7946507e-05,-1.1853608e-05,-1.1853608e-05,-6.7946061e-05,-6.7946061e-05,-1.1853608e-05,-1.1853608e-05,0,0,1.2481294e-05,1.2481294e-05,5.198622e-16,5.198622e-16,3.9715262e-06,3.9715262e-06,3.9715262e-06,3.9715262e-06,2.7606948e-18,2.7606948e-18,-6.7170448e-05,-6.7170448e-05,-1.1853608e-05,-1.1853608e-05,-6.7170448e-05,-6.7170448e-05,-1.1853608e-05,-1.1853608e-05,1.5105991e-17,1.5105991e-17,-5.8984163e-18,-5.8984163e-18,-7.9024056e-05,-7.9024056e-05,9.3846173e-18,9.3846173e-18,1.0664678e-06,1.0664678e-06,2.562e-17,2.562e-17,6.2768545e-07,6.2768545e-07,1.1853608e-05,1.1853608e-05,6.2768545e-07,6.2768545e-07,1.1853608e-05,1.1853608e-05,1.2481294e-05,1.2481294e-05,5.1833779e-16,5.1833779e-16,-6.6542762e-05,-6.6542762e-05,-6.6542762e-05,-6.6542762e-05,-1.1853608e-05,-1.1853608e-05,4.9025088e-10,4.9025088e-10,1.972649e-18,1.972649e-18,6.2436438e-07,6.2436438e-07,-6.2387413e-07,-6.2387413e-07,1.2529829e-05,1.2529829e-05,5.2273881e-16,5.2273881e-16,0.013389716,0.013389716,3.3058808e-14,3.3058808e-14,0.0066827771,0.0066827771,1.6587444e-14,1.6587444e-14,-6.6542762e-05,-6.6542762e-05,7.9024056e-05,7.9024056e-05,-1.3308552e-05,-1.3308552e-05,1.034954e-16,1.034954e-16,-8.6366685e-15,-8.6366685e-15,8.6372433e-15,8.6372433e-15,1.0857985e-19,1.0857985e-19,-6.8194499e-19,-6.8194499e-19,-8.0090524e-05,-8.0090524e-05,9.0927573e-19,9.0927573e-19,8.3763065e-19,8.3763065e-19,-2.3546563e-18,-2.3546563e-18,-8.0090524e-05,-8.0090524e-05,6.1430112e-10,6.1430112e-10,2.5437551e-34,2.5437551e-34
-6.2591094e-05,-6.2591094e-05,6.2591094e-05,6.2591094e-05,-6.2096324e-16,-6.2096324e-16,-5.142837e-16,-5.142837e-16,6.2591094e-05,6.2591094e-05,-6.45492e-05,-6.45492e-05,-1.1260928e-05,-1.1260928e-05,-6.4548758e-05,-6.4548758e-05,-1.1260928e-05,-1.1260928e-05,0,0,1.248176e-05,1.248176e-05,5.2120342e-16,5.2120342e-16,3.7729499e-06,3.7729499e-06,3.7729499e-06,3.7729499e-06,2.7640196e-18,2.7640196e-18,-6.3811925e-05,-6.3811925e-05,-1.1260928e-05,-1.1260928e-05,-6.3811925e-05,-6.3811925e-05,-1.1260928e-05,-1.1260928e-05,1.4832711e-17,1.4832711e-17,-5.8074641e-18,-5.8074641e-18,-7.5072853e-05,-7.5072853e-05,9.2025646e-18,9.2025646e-18,1.0131444e-06,1.0131444e-06,2.5485042e-17,2.5485042e-17,1.2208316e-06,1.2208316e-06,1.1260928e-05,1.1260928e-05,1.2208316e-06,1.2208316e-06,1.1260928e-05,1.1260928e-05,1.248176e-05,1.248176e-05,5.1967705e-16,5.1967705e-16,-6.2591094e-05,-6.2591094e-05,-6.2591094e-05,-6.2591094e-05,-1.1260928e-05,-1.1260928e-05,4.6573833e-10,4.6573833e-10,1.9753883e-18,1.9753883e-18,5.9314616e-07,5.9314616e-07,-5.9268042e-07,-5.9268042e-07,1.2527868e-05,1.2527868e-05,5.2408645e-16,5.2408645e-16,0.013388624,0.013388624,3.3142965e-14,3.3142965e-14,0.0066828351,0.0066828351,1.662903e-14,1.662903e-14,-6.2591094e-05,-6.2591094e-05,7.5072853e-05,7.5072853e-05,-1.2518219e-05,-1.2518219e-05,1.0371962e-16,1.0371962e-16,-8.6998168e-15,-8.6998168e-15,8.7003613e-15,8.7003613e-15,1.0374176e-19,1.0374176e-19,-6.8127993e-19,-6.8127993e-19,-7.6085998e-05,-7.6085998e-05,8.6090871e-19,8.6090871e-19,8.3922744e-19,8.3922744e-19,-2.3622753e-18,-2.3622753e-18,-7.6085998e-05,-7.6085998e-05,6.0815823e-10,6.0815823e-10,2.5516725e-34,2.5516725e-34
-5.8837009e-05,-5.8837009e-05,5.8837009e-05,5.8837009e-05,-6.2046857e-16,-6.2046857e-16,-5.1573573e-16,-5.1573573e-16,5.8837009e-05,5.8837009e-05,-6.1321758e-05,-6.1321758e-05,-1.0697882e-05,-1.0697882e-05,-6.132132e-05,-6.132132e-05,-1.0697882e-05,-1.0697882e-05,0,0,1.2482202e-05,1.2482202e-05,5.2254679e-16,5.2254679e-16,3.5843024e-06,3.5843024e-06,3.5843024e-06,3.5843024e-06,2.7672446e-18,2.7672446e-18,-6.0621329e-05,-6.0621329e-05,-1.0697882e-05,-1.0697882e-05,-6.0621329e-05,-6.0621329e-05,-1.0697882e-05,-1.0697882e-05,1.4558946e-17,1.4558946e-17,-5.7147851e-18,-5.7147851e-18,-7.1319211e-05,-7.1319211e-05,9.0217403e-18,9.0217403e-18,9.6248721e-07,9.6248721e-07,2.5349342e-17,2.5349342e-17,1.7843205e-06,1.7843205e-06,1.0697882e-05,1.0697882e-05,1.7843205e-06,1.7843205e-06,1.0697882e-05,1.0697882e-05,1.2482202e-05,1.2482202e-05,5.2101853e-16,5.2101853e-16,-5.8837009e-05,-5.8837009e-05,-5.8837009e-05,-5.8837009e-05,-1.0697882e-05,-1.0697882e-05,4.4245142e-10,4.4245142e-10,1.9780349e-18,1.9780349e-18,5.6348885e-07,5.6348885e-07,-5.630464e-07,-5.630464e-07,1.2526005e-05,1.2526005e-05,5.2543604e-16,5.2543604e-16,0.013387586,0.013387586,3.3227242e-14,3.3227242e-14,0.0066828902,0.0066828902,1.6670673e-14,1.6670673e-14,-5.8837009e-05,-5.8837009e-05,7.1319211e-05,7.1319211e-05,-1.1767402e-05,-1.1767402e-05,1.0394489e-16,1.0394489e-16,-8.7629903e-15,-8.7629903e-15,8.7635059e-15,8.7635059e-15,9.9009153e-20,9.9009153e-20,-6.8064807e-19,-6.8064807e-19,-7.2281698e-05,-7.2281698e-05,8.145764e-19,8.145764e-19,8.4074447e-19,8.4074447e-19,-2.3695138e-18,-2.3695138e-18,-7.2281698e-05,-7.2281698e-05,6.0207675e-10,6.0207675e-10,2.559337e-34,2.559337e-34
-5.5270628e-05,-5.5270628e-05,5.5270628e-05,5.5270628e-05,-6.1998746e-16,-6.1998746e-16,-5.1719179e-16,-5.1719179e-16,5.5270628e-05,5.5270628e-05,-5.8255687e-05,-5.8255687e-05,-1.0162988e-05,-1.0162988e-05,-5.8255254e-05,-5.8255254e-05,-1.0162988e-05,-1.0162988e-05,0,0,1.2482622e-05,1.2482622e-05,5.2389222e-16,5.2389222e-16,3.4050873e-06,3.4050873e-06,3.4050873e-06,3.4050873e-06,2.7703722e-18,2.7703722e-18,-5.7590263e-05,-5.7590263e-05,-1.0162988e-05,-1.0162988e-05,-5.7590263e-05,-5.7590263e-05,-1.0162988e-05,-1.0162988e-05,1.4284704e-17,1.4284704e-17,-5.6204458e-18,-5.6204458e-18,-6.775325e-05,-6.775325e-05,8.842086e-18,8.842086e-18,9.1436285e-07,9.1436285e-07,2.521292e-17,2.521292e-17,2.3196349e-06,2.3196349e-06,1.0162988e-05,1.0162988e-05,2.3196349e-06,2.3196349e-06,1.0162988e-05,1.0162988e-05,1.2482622e-05,1.2482622e-05,5.2236218e-16,5.2236218e-16,-5.5270628e-05,-5.5270628e-05,-5.5270628e-05,-5.5270628e-05,-1.0162988e-05,-1.0162988e-05,4.2032885e-10,4.2032885e-10,1.9805917e-18,1.9805917e-18,5.3531441e-07,5.3531441e-07,-5.3489408e-07,-5.3489408e-07,1.2524235e-05,1.2524235e-05,5.2678751e-16,5.2678751e-16,0.013386601,0.013386601,3.3311634e-14,3.3311634e-14,0.0066829426,0.0066829426,1.6712372e-14,1.6712372e-14,-5.5270628e-05,-5.5270628e-05,6.775325e-05,6.775325e-05,-1.1054126e-05,-1.1054126e-05,1.0417117e-16,1.0417117e-16,-8.8261886e-15,-8.8261886e-15,8.8266764e-15,8.8266764e-15,9.4379895e-20,9.4379895e-20,-6.8004778e-19,-6.8004778e-19,-6.8667613e-05,-6.8667613e-05,7.7019625e-19,7.7019625e-19,8.4218572e-19,8.4218572e-19,-2.3763908e-18,-2.3763908e-18,-6.8667613e-05,-6.8667613e-05,5.9605608e-10,5.9605608e-10,2.5667554e-34,2.5667554e-34
-5.1882566e-05,-5.1882566e-05,5.1882566e-05,5.1882566e-05,-6.1951312e-16,-6.1951312e-16,-5.1865176e-16,-5.1865176e-16,5.1882566e-05,5.1882566e-05,-5.534292e-05,-5.534292e-05,-9.6548381e-06,-9.6548381e-06,-5.5342491e-05,-5.5342491e-05,-9.6548381e-06,-9.6548381e-06,0,0,1.2483022e-05,1.2483022e-05,5.2523966e-16,5.2523966e-16,3.2348329e-06,3.2348329e-06,3.2348329e-06,3.2348329e-06,2.7734049e-18,2.7734049e-18,-5.471075e-05,-5.471075e-05,-9.6548381e-06,-9.6548381e-06,-5.471075e-05,-5.471075e-05,-9.6548381e-06,-9.6548381e-06,1.4009992e-17,1.4009992e-17,-5.5245098e-18,-5.5245098e-18,-6.4365588e-05,-6.4365588e-05,8.6635457e-18,8.6635457e-18,8.6864471e-07,8.6864471e-07,2.5075797e-17,2.5075797e-17,2.8281836e-06,2.8281836e-06,9.6548382e-06,9.6548382e-06,2.8281836e-06,2.8281836e-06,9.6548382e-06,9.6548382e-06,1.2483022e-05,1.2483022e-05,5.2370793e-16,5.2370793e-16,-5.1882566e-05,-5.1882566e-05,-5.1882566e-05,-5.1882566e-05,-9.6548381e-06,-9.6548381e-06,3.993124e-10,3.993124e-10,1.9830617e-18,1.9830617e-18,5.0854869e-07,5.0854869e-07,-5.0814938e-07,-5.0814938e-07,1.2522554e-05,1.2522554e-05,5.2814081e-16,5.2814081e-16,0.013385664,0.013385664,3.3396138e-14,3.3396138e-14,0.0066829924,0.0066829924,1.6754126e-14,1.6754126e-14,-5.1882566e-05,-5.1882566e-05,6.4365588e-05,6.4365588e-05,-1.0376513e-05,-1.0376513e-05,1.0439842e-16,1.0439842e-16,-8.889411e-15,-8.889411e-15,8.8898722e-15,8.8898722e-15,8.9851884e-20,8.9851884e-20,-6.7947747e-19,-6.7947747e-19,-6.5234232e-05,-6.5234232e-05,7.2768887e-19,7.2768887e-19,8.4355498e-19,8.4355498e-19,-2.3829242e-18,-2.3829242e-18,-6.5234232e-05,-6.5234232e-05,5.900956e-10,5.900956e-10,2.5739347e-34,2.5739347e-34
-4.8663907e-05,-4.8663907e-05,4.8663907e-05,4.8663907e-05,-6.1901845e-16,-6.1901845e-16,-5.201155e-16,-5.201155e-16,4.8663907e-05,4.8663907e-05,-5.2575791e-05,-5.2575791e-05,-9.1720962e-06,-9.1720962e-06,-5.2575367e-05,-5.2575367e-05,-9.1720962e-06,-9.1720962e-06,0,0,1.2483401e-05,1.2483401e-05,5.2658905e-16,5.2658905e-16,3.0730912e-06,3.0730912e-06,3.0730912e-06,3.0730912e-06,2.776345e-18,2.776345e-18,-5.1975212e-05,-5.1975212e-05,-9.1720962e-06,-9.1720962e-06,-5.1975212e-05,-5.1975212e-05,-9.1720962e-06,-9.1720962e-06,1.3734817e-17,1.3734817e-17,-5.4270384e-18,-5.4270384e-18,-6.1147308e-05,-6.1147308e-05,8.4860659e-18,8.4860659e-18,8.2521247e-07,8.2521247e-07,2.4937992e-17,2.4937992e-17,3.3113048e-06,3.3113048e-06,9.1720962e-06,9.1720962e-06,3.3113048e-06,3.3113048e-06,9.1720962e-06,9.1720962e-06,1.2483401e-05,1.2483401e-05,5.2505571e-16,5.2505571e-16,-4.8663907e-05,-4.8663907e-05,-4.8663907e-05,-4.8663907e-05,-9.1720962e-06,-9.1720962e-06,3.7934678e-10,3.7934678e-10,1.9854476e-18,1.9854476e-18,4.8312125e-07,4.8312125e-07,-4.8274191e-07,-4.8274191e-07,1.2520956e-05,1.2520956e-05,5.2949588e-16,5.2949588e-16,0.013384775,0.013384775,3.348075e-14,3.348075e-14,0.0066830396,0.0066830396,1.6795932e-14,1.6795932e-14,-4.8663907e-05,-4.8663907e-05,6.1147308e-05,6.1147308e-05,-9.7327814e-06,-9.7327814e-06,1.046266e-16,1.046266e-16,-8.9526571e-15,-8.9526571e-15,8.9530928e-15,8.9530928e-15,8.5423051e-20,8.5423051e-20,-6.7893565e-19,-6.7893565e-19,-6.1972521e-05,-6.1972521e-05,6.8697794e-19,6.8697794e-19,8.4485584e-19,8.4485584e-19,-2.3891313e-18,-2.3891313e-18,-6.1972521e-05,-6.1972521e-05,5.8419473e-10,5.8419473e-10,2.5808814e-34,2.5808814e-34
-4.5606181e-05,-4.5606181e-05,4.5606181e-05,4.5606181e-05,-6.1853056e-16,-6.1853056e-16,-5.2158288e-16,-5.2158288e-16,4.5606181e-05,4.5606181e-05,-4.9947019e-05,-4.9947019e-05,-8.7134914e-06,-8.7134914e-06,-4.9946598e-05,-4.9946598e-05,-8.7134914e-06,-8.7134914e-06,0,0,1.2483761e-05,1.2483761e-05,5.2794032e-16,5.2794032e-16,2.9194367e-06,2.9194367e-06,2.9194367e-06,2.9194367e-06,2.779195e-18,2.779195e-18,-4.9376451e-05,-4.9376451e-05,-8.7134914e-06,-8.7134914e-06,-4.9376451e-05,-4.9376451e-05,-8.7134914e-06,-8.7134914e-06,1.3459186e-17,1.3459186e-17,-5.3280907e-18,-5.3280907e-18,-5.8089943e-05,-5.8089943e-05,8.3095954e-18,8.3095954e-18,7.8395185e-07,7.8395185e-07,2.4799526e-17,2.4799526e-17,3.77027e-06,3.77027e-06,8.7134914e-06,8.7134914e-06,3.77027e-06,3.77027e-06,8.7134914e-06,8.7134914e-06,1.2483761e-05,1.2483761e-05,5.2640545e-16,5.2640545e-16,-4.5606181e-05,-4.5606181e-05,-4.5606181e-05,-4.5606181e-05,-8.7134914e-06,-8.7134914e-06,3.6037944e-10,3.6037944e-10,1.9877521e-18,1.9877521e-18,4.5896519e-07,4.5896519e-07,-4.5860481e-07,-4.5860481e-07,1.2519439e-05,1.2519439e-05,5.3085267e-16,5.3085267e-16,0.01338393,0.01338393,3.3565468e-14,3.3565468e-14,0.0066830845,0.0066830845,1.6837788e-14,1.6837788e-14,-4.5606181e-05,-4.5606181e-05,5.8089943e-05,5.8089943e-05,-9.1212363e-06,-9.1212363e-06,1.0485567e-16,1.0485567e-16,-9.0159263e-15,-9.0159263e-15,9.0163375e-15,9.0163375e-15,8.1091365e-20,8.1091365e-20,-6.7842089e-19,-6.7842089e-19,-5.8873895e-05,-5.8873895e-05,6.4799008e-19,6.4799008e-19,8.4609172e-19,8.4609172e-19,-2.3950283e-18,-2.3950283e-18,-5.8873895e-05,-5.8873895e-05,5.7835285e-10,5.7835285e-10,2.5876022e-34,2.5876022e-34
-4.2701342e-05,-4.2701342e-05,4.2701342e-05,4.2701342e-05,-6.1804945e-16,-6.1804945e-16,-5.2305378e-16,-5.2305378e-16,4.2701342e-05,4.2701342e-05,-4.7449685e-05,-4.7449685e-05,-8.2778169e-06,-8.2778169e-06,-4.7449268e-05,-4.7449268e-05,-8.2778169e-06,-8.2778169e-06,0,0,1.2484104e-05,1.2484104e-05,5.2929343e-16,5.2929343e-16,2.7734649e-06,2.7734649e-06,2.7734649e-06,2.7734649e-06,2.7819571e-18,2.7819571e-18,-4.6907629e-05,-4.6907629e-05,-8.2778169e-06,-8.2778169e-06,-4.6907629e-05,-4.6907629e-05,-8.2778169e-06,-8.2778169e-06,1.3183106e-17,1.3183106e-17,-5.2277233e-18,-5.2277233e-18,-5.5185446e-05,-5.5185446e-05,8.134085e-18,8.134085e-18,7.4475426e-07,7.4475426e-07,2.4660416e-17,2.4660416e-17,4.2062869e-06,4.2062869e-06,8.2778169e-06,8.2778169e-06,4.2062869e-06,4.2062869e-06,8.2778169e-06,8.2778169e-06,1.2484104e-05,1.2484104e-05,5.277571e-16,5.277571e-16,-4.2701342e-05,-4.2701342e-05,-4.2701342e-05,-4.2701342e-05,-8.2778169e-06,-8.2778169e-06,3.4236047e-10,3.4236047e-10,1.9899778e-18,1.9899778e-18,4.3601693e-07,4.3601693e-07,-4.3567457e-07,-4.3567457e-07,1.2517997e-05,1.2517997e-05,5.3221113e-16,5.3221113e-16,0.013383127,0.013383127,3.3650287e-14,3.3650287e-14,0.0066831272,0.0066831272,1.6879694e-14,1.6879694e-14,-4.2701342e-05,-4.2701342e-05,5.5185446e-05,5.5185446e-05,-8.5402684e-06,-8.5402684e-06,1.0508559e-16,1.0508559e-16,-9.0792182e-15,-9.0792182e-15,9.0796059e-15,9.0796059e-15,7.6854827e-20,7.6854827e-20,-6.7793185e-19,-6.7793185e-19,-5.59302e-05,-5.59302e-05,6.1065476e-19,6.1065476e-19,8.4726585e-19,8.4726585e-19,-2.4006307e-18,-2.4006307e-18,-5.59302e-05,-5.59302e-05,5.7256939e-10,5.7256939e-10,2.5941035e-34,2.5941035e-34
-3.9941744e-05,-3.9941744e-05,3.9941744e-05,3.9941744e-05,-6.17548e-16,-6.17548e-16,-5.2452807e-16,-5.2452807e-16,3.9941744e-05,3.9941744e-05,-4.5077217e-05,-4.5077217e-05,-7.863926e-06,-7.863926e-06,-4.5076805e-05,-4.5076805e-05,-7.863926e-06,-7.863926e-06,0,0,1.2484429e-05,1.2484429e-05,5.306483e-16,5.306483e-16,2.6347916e-06,2.6347916e-06,2.6347916e-06,2.6347916e-06,2.7846337e-18,2.7846337e-18,-4.4562247e-05,-4.4562247e-05,-7.863926e-06,-7.863926e-06,-4.4562247e-05,-4.4562247e-05,-7.863926e-06,-7.863926e-06,1.2906584e-17,1.2906584e-17,-5.1259908e-18,-5.1259908e-18,-5.2426173e-05,-5.2426173e-05,7.9594877e-18,7.9594877e-18,7.0751654e-07,7.0751654e-07,2.4520681e-17,2.4520681e-17,4.620503e-06,4.620503e-06,7.863926e-06,7.863926e-06,4.620503e-06,4.620503e-06,7.863926e-06,7.863926e-06,1.2484429e-05,1.2484429e-05,5.291106e-16,5.291106e-16,-3.9941744e-05,-3.9941744e-05,-3.9941744e-05,-3.9941744e-05,-7.863926e-06,-7.863926e-06,3.2524245e-10,3.2524245e-10,1.9921272e-18,1.9921272e-18,4.1421609e-07,4.1421609e-07,-4.1389084e-07,-4.1389084e-07,1.2516628e-05,1.2516628e-05,5.3357119e-16,5.3357119e-16,0.013382365,0.013382365,3.3735206e-14,3.3735206e-14,0.0066831677,0.0066831677,1.6921648e-14,1.6921648e-14,-3.9941744e-05,-3.9941744e-05,5.2426173e-05,5.2426173e-05,-7.9883489e-06,-7.9883489e-06,1.0531632e-16,1.0531632e-16,-9.1425323e-15,-9.1425323e-15,9.1428975e-15,9.1428975e-15,7.2711472e-20,7.2711472e-20,-6.7746724e-19,-6.7746724e-19,-5.313369e-05,-5.313369e-05,5.749042e-19,5.749042e-19,8.4838131e-19,8.4838131e-19,-2.4059532e-18,-2.4059532e-18,-5.313369e-05,-5.313369e-05,5.6684375e-10,5.6684375e-10,2.6003918e-34,2.6003918e-34
-3.7320127e-05,-3.7320127e-05,3.7320127e-05,3.7320127e-05,-6.1705334e-16,-6.1705334e-16,-5.2600563e-16,-5.2600563e-16,3.7320127e-05,3.7320127e-05,-4.2823373e-05,-4.2823373e-05,-7.4707297e-06,-7.4707297e-06,-4.2822965e-05,-4.2822965e-05,-7.4707297e-06,-7.4707297e-06,0,0,1.2484738e-05,1.2484738e-05,5.320049e-16,5.320049e-16,2.503052e-06,2.503052e-06,2.503052e-06,2.503052e-06,2.7872271e-18,2.7872271e-18,-4.2334135e-05,-4.2334135e-05,-7.4707297e-06,-7.4707297e-06,-4.2334135e-05,-4.2334135e-05,-7.4707297e-06,-7.4707297e-06,1.2629627e-17,1.2629627e-17,-5.0229456e-18,-5.0229456e-18,-4.9804865e-05,-4.9804865e-05,7.7857587e-18,7.7857587e-18,6.7214072e-07,6.7214072e-07,2.4380339e-17,2.4380339e-17,5.0140083e-06,5.0140083e-06,7.4707297e-06,7.4707297e-06,5.0140083e-06,5.0140083e-06,7.4707297e-06,7.4707297e-06,1.2484738e-05,1.2484738e-05,5.3046588e-16,5.3046588e-16,-3.7320127e-05,-3.7320127e-05,-3.7320127e-05,-3.7320127e-05,-7.4707297e-06,-7.4707297e-06,3.0898033e-10,3.0898033e-10,1.9942029e-18,1.9942029e-18,3.9350528e-07,3.9350528e-07,-3.931963e-07,-3.931963e-07,1.2515327e-05,1.2515327e-05,5.3493281e-16,5.3493281e-16,0.01338164,0.01338164,3.3820219e-14,3.3820219e-14,0.0066832062,0.0066832062,1.6963648e-14,1.6963648e-14,-3.7320127e-05,-3.7320127e-05,4.9804865e-05,4.9804865e-05,-7.4640253e-06,-7.4640253e-06,1.0554784e-16,1.0554784e-16,-9.205868e-15,-9.205868e-15,9.2062115e-15,9.2062115e-15,6.865937e-20,6.865937e-20,-6.7702585e-19,-6.7702585e-19,-5.0477005e-05,-5.0477005e-05,5.4067326e-19,5.4067326e-19,8.4944105e-19,8.4944105e-19,-2.4110097e-18,-2.4110097e-18,-5.0477005e-05,-5.0477005e-05,5.6117536e-10,5.6117536e-10,2.6064734e-34,2.6064734e-34
-3.482959e-05,-3.482959e-05,3.482959e-05,3.482959e-05,-6.1657222e-16,-6.1657222e-16,-5.2748636e-16,-5.2748636e-16,3.482959e-05,3.482959e-05,-4.068222e-05,-4.068222e-05,-7.0971932e-06,-7.0971932e-06,-4.0681816e-05,-4.0681816e-05,-7.0971932e-06,-7.0971932e-06,0,0,1.2485032e-05,1.2485032e-05,5.3336316e-16,5.3336316e-16,2.3778994e-06,2.3778994e-06,2.3778994e-06,2.3778994e-06,2.7897395e-18,2.7897395e-18,-4.0217428e-05,-4.0217428e-05,-7.0971932e-06,-7.0971932e-06,-4.0217428e-05,-4.0217428e-05,-7.0971932e-06,-7.0971932e-06,1.2352243e-17,1.2352243e-17,-4.9186382e-18,-4.9186382e-18,-4.7314622e-05,-4.7314622e-05,7.6128549e-18,7.6128549e-18,6.3853368e-07,6.3853368e-07,2.4239408e-17,2.4239408e-17,5.3878383e-06,5.3878383e-06,7.0971932e-06,7.0971932e-06,5.3878383e-06,5.3878383e-06,7.0971932e-06,7.0971932e-06,1.2485032e-05,1.2485032e-05,5.318229e-16,5.318229e-16,-3.482959e-05,-3.482959e-05,-3.482959e-05,-3.482959e-05,-7.0971932e-06,-7.0971932e-06,2.9353131e-10,2.9353131e-10,1.9962074e-18,1.9962074e-18,3.7383002e-07,3.7383002e-07,-3.7353649e-07,-3.7353649e-07,1.2514091e-05,1.2514091e-05,5.3629595e-16,5.3629595e-16,0.013380952,0.013380952,3.3905326e-14,3.3905326e-14,0.0066832428,0.0066832428,1.7005693e-14,1.7005693e-14,-3.482959e-05,-3.482959e-05,4.7314622e-05,4.7314622e-05,-6.965918e-06,-6.965918e-06,1.0578011e-16,1.0578011e-16,-9.2692249e-15,-9.2692249e-15,9.2695477e-15,9.2695477e-15,6.4696625e-20,6.4696625e-20,-6.766065e-19,-6.766065e-19,-4.7953155e-05,-4.7953155e-05,5.0789935e-19,5.0789935e-19,8.5044784e-19,8.5044784e-19,-2.4158136e-18,-2.4158136e-18,-4.7953155e-05,-4.7953155e-05,5.5556366e-10,5.5556366e-10,2.6123543e-34,2.6123543e-34
-3.246358e-05,-3.246358e-05,3.246358e-05,3.246358e-05,-6.1607078e-16,-6.1607078e-16,-5.2897014e-16,-5.2897014e-16,3.246358e-05,3.246358e-05,-3.8648126e-05,-3.8648126e-05,-6.7423336e-06,-6.7423336e-06,-3.8647726e-05,-3.8647726e-05,-6.7423336e-06,-6.7423336e-06,0,0,1.248531e-05,1.248531e-05,5.3472303e-16,5.3472303e-16,2.2590045e-06,2.2590045e-06,2.2590045e-06,2.2590045e-06,2.7921731e-18,2.7921731e-18,-3.8206557e-05,-3.8206557e-05,-6.7423336e-06,-6.7423336e-06,-3.8206557e-05,-3.8206557e-05,-6.7423336e-06,-6.7423336e-06,1.2074437e-17,1.2074437e-17,-4.813117e-18,-4.813117e-18,-4.494889e-05,-4.494889e-05,7.4407353e-18,7.4407353e-18,6.06607e-07,6.06607e-07,2.4097904e-17,2.4097904e-17,5.7429768e-06,5.7429768e-06,6.7423336e-06,6.7423336e-06,5.7429768e-06,5.7429768e-06,6.7423336e-06,6.7423336e-06,1.248531e-05,1.248531e-05,5.3318159e-16,5.3318159e-16,-3.246358e-05,-3.246358e-05,-3.246358e-05,-3.246358e-05,-6.7423336e-06,-6.7423336e-06,2.7885474e-10,2.7885474e-10,1.9981428e-18,1.9981428e-18,3.5513852e-07,3.5513852e-07,-3.5485966e-07,-3.5485966e-07,1.2512917e-05,1.2512917e-05,5.3766054e-16,5.3766054e-16,0.013380298,0.013380298,3.3990522e-14,3.3990522e-14,0.0066832775,0.0066832775,1.7047781e-14,1.7047781e-14,-3.246358e-05,-3.246358e-05,4.494889e-05,4.494889e-05,-6.492716e-06,-6.492716e-06,1.060131e-16,1.060131e-16,-9.3326025e-15,-9.3326025e-15,9.3329055e-15,9.3329055e-15,6.0821373e-20,6.0821373e-20,-6.7620811e-19,-6.7620811e-19,-4.5555497e-05,-4.5555497e-05,4.7652234e-19,4.7652234e-19,8.5140432e-19,8.5140432e-19,-2.4203775e-18,-2.4203775e-18,-4.5555497e-05,-4.5555497e-05,5.5000806e-10,5.5000806e-10,2.6180405e-34,2.6180405e-34
-3.0215871e-05,-3.0215871e-05,3.0215871e-05,3.0215871e-05,-6.155795e-16,-6.155795e-16,-5.3045686e-16,-5.3045686e-16,3.0215871e-05,3.0215871e-05,-3.6715735e-05,-3.6715735e-05,-6.4052169e-06,-6.4052169e-06,-3.6715339e-05,-3.6715339e-05,-6.4052169e-06,-6.4052169e-06,0,0,1.2485575e-05,1.2485575e-05,5.3608446e-16,5.3608446e-16,2.1460542e-06,2.1460542e-06,2.1460542e-06,2.1460542e-06,2.7945303e-18,2.7945303e-18,-3.6296229e-05,-3.6296229e-05,-6.4052169e-06,-6.4052169e-06,-3.6296229e-05,-3.6296229e-05,-6.4052169e-06,-6.4052169e-06,1.1796218e-17,1.1796218e-17,-4.7064286e-18,-4.7064286e-18,-4.2701446e-05,-4.2701446e-05,7.2693604e-18,7.2693604e-18,5.7627665e-07,5.7627665e-07,2.3955843e-17,2.3955843e-17,6.0803584e-06,6.0803584e-06,6.4052169e-06,6.4052169e-06,6.0803584e-06,6.0803584e-06,6.4052169e-06,6.4052169e-06,1.2485575e-05,1.2485575e-05,5.345419e-16,5.345419e-16,-3.0215871e-05,-3.0215871e-05,-3.0215871e-05,-3.0215871e-05,-6.4052169e-06,-6.4052169e-06,2.6491201e-10,2.6491201e-10,2.0000116e-18,2.0000116e-18,3.3738159e-07,3.3738159e-07,-3.3711668e-07,-3.3711668e-07,1.2511802e-05,1.2511802e-05,5.3902655e-16,5.3902655e-16,0.013379677,0.013379677,3.4075806e-14,3.4075806e-14,0.0066833106,0.0066833106,1.7089911e-14,1.7089911e-14,-3.0215871e-05,-3.0215871e-05,4.2701446e-05,4.2701446e-05,-6.0431741e-06,-6.0431741e-06,1.0624678e-16,1.0624678e-16,-9.3960004e-15,-9.3960004e-15,9.3962843e-15,9.3962843e-15,5.7031784e-20,5.7031784e-20,-6.7582963e-19,-6.7582963e-19,-4.3277723e-05,-4.3277723e-05,4.4648449e-19,4.4648449e-19,8.52313e-19,8.52313e-19,-2.4247133e-18,-2.4247133e-18,-4.3277723e-05,-4.3277723e-05,5.4450802e-10,5.4450802e-10,2.623538e-34,2.623538e-34
-2.8080547e-05,-2.8080547e-05,2.8080547e-05,2.8080547e-05,-6.1508144e-16,-6.1508144e-16,-5.3194643e-16,-5.3194643e-16,2.8080547e-05,2.8080547e-05,-3.4879964e-05,-3.4879964e-05,-6.084956e-06,-6.084956e-06,-3.4879572e-05,-3.4879572e-05,-6.084956e-06,-6.084956e-06,0,0,1.2485827e-05,1.2485827e-05,5.3744741e-16,5.3744741e-16,2.0387515e-06,2.0387515e-06,2.0387515e-06,2.0387515e-06,2.796813e-18,2.796813e-18,-3.4481418e-05,-3.4481418e-05,-6.084956e-06,-6.084956e-06,-3.4481418e-05,-3.4481418e-05,-6.084956e-06,-6.084956e-06,1.1517591e-17,1.1517591e-17,-4.5986178e-18,-4.5986178e-18,-4.0566374e-05,-4.0566374e-05,7.0986928e-18,7.0986928e-18,5.4746281e-07,5.4746281e-07,2.3813243e-17,2.3813243e-17,6.4008709e-06,6.4008709e-06,6.084956e-06,6.084956e-06,6.4008709e-06,6.4008709e-06,6.084956e-06,6.084956e-06,1.2485827e-05,1.2485827e-05,5.3590378e-16,5.3590378e-16,-2.8080547e-05,-2.8080547e-05,-2.8080547e-05,-2.8080547e-05,-6.084956e-06,-6.084956e-06,2.5166641e-10,2.5166641e-10,2.0018159e-18,2.0018159e-18,3.2051251e-07,3.2051251e-07,-3.2026084e-07,-3.2026084e-07,1.2510742e-05,1.2510742e-05,5.4039394e-16,5.4039394e-16,0.013379087,0.013379087,3.4161173e-14,3.4161173e-14,0.0066833419,0.0066833419,1.7132083e-14,1.7132083e-14,-2.8080547e-05,-2.8080547e-05,4.0566374e-05,4.0566374e-05,-5.6161093e-06,-5.6161093e-06,1.0648112e-16,1.0648112e-16,-9.4594181e-15,-9.4594181e-15,9.4596837e-15,9.4596837e-15,5.3326063e-20,5.3326063e-20,-6.7547005e-19,-6.7547005e-19,-4.1113836e-05,-4.1113836e-05,4.1773032e-19,4.1773032e-19,8.5317628e-19,8.5317628e-19,-2.4288324e-18,-2.4288324e-18,-4.1113836e-05,-4.1113836e-05,5.3906297e-10,5.3906297e-10,2.6288525e-34,2.6288525e-34
-2.6051989e-05,-2.6051989e-05,2.6051989e-05,2.6051989e-05,-6.1458678e-16,-6.1458678e-16,-5.3343875e-16,-5.3343875e-16,2.6051989e-05,2.6051989e-05,-3.3135982e-05,-3.3135982e-05,-5.7807082e-06,-5.7807082e-06,-3.3135594e-05,-3.3135594e-05,-5.7807082e-06,-5.7807082e-06,0,0,1.2486066e-05,1.2486066e-05,5.3881182e-16,5.3881182e-16,1.9368139e-06,1.9368139e-06,1.9368139e-06,1.9368139e-06,2.7990235e-18,2.7990235e-18,-3.2757347e-05,-3.2757347e-05,-5.7807082e-06,-5.7807082e-06,-3.2757347e-05,-3.2757347e-05,-5.7807082e-06,-5.7807082e-06,1.1238563e-17,1.1238563e-17,-4.4897277e-18,-4.4897277e-18,-3.8538055e-05,-3.8538055e-05,6.9286964e-18,6.9286964e-18,5.2008967e-07,5.2008967e-07,2.3670117e-17,2.3670117e-17,6.7053578e-06,6.7053578e-06,5.7807082e-06,5.7807082e-06,6.7053578e-06,6.7053578e-06,5.7807082e-06,5.7807082e-06,1.2486066e-05,1.2486066e-05,5.3726717e-16,5.3726717e-16,-2.6051989e-05,-2.6051989e-05,-2.6051989e-05,-2.6051989e-05,-5.7807082e-06,-5.7807082e-06,2.3908309e-10,2.3908309e-10,2.0035579e-18,2.0035579e-18,3.0448689e-07,3.0448689e-07,-3.042478e-07,-3.042478e-07,1.2509735e-05,1.2509735e-05,5.4176265e-16,5.4176265e-16,0.013378526,0.013378526,3.4246622e-14,3.4246622e-14,0.0066833717,0.0066833717,1.7174293e-14,1.7174293e-14,-2.6051989e-05,-2.6051989e-05,3.8538055e-05,3.8538055e-05,-5.2103978e-06,-5.2103978e-06,1.0671609e-16,1.0671609e-16,-9.5228552e-15,-9.5228552e-15,9.5231033e-15,9.5231033e-15,4.9702443e-20,4.9702443e-20,-6.7512845e-19,-6.7512845e-19,-3.9058145e-05,-3.9058145e-05,3.9020656e-19,3.9020656e-19,8.5399642e-19,8.5399642e-19,-2.4327458e-18,-2.4327458e-18,-3.9058145e-05,-3.9058145e-05,5.3367238e-10,5.3367238e-10,2.6339897e-34,2.6339897e-34
-2.4124859e-05,-2.4124859e-05,2.4124859e-05,2.4124859e-05,-6.1408533e-16,-6.1408533e-16,-5.3493372e-16,-5.3493372e-16,2.4124859e-05,2.4124859e-05,-3.1479198e-05,-3.1479198e-05,-5.4916728e-06,-5.4916728e-06,-3.1478814e-05,-3.1478814e-05,-5.4916728e-06,-5.4916728e-06,0,0,1.2486293e-05,1.2486293e-05,5.4017765e-16,5.4017765e-16,1.8399732e-06,1.8399732e-06,1.8399732e-06,1.8399732e-06,2.8011639e-18,2.8011639e-18,-3.1119479e-05,-3.1119479e-05,-5.4916728e-06,-5.4916728e-06,-3.1119479e-05,-3.1119479e-05,-5.4916728e-06,-5.4916728e-06,1.0959141e-17,1.0959141e-17,-4.3797997e-18,-4.3797997e-18,-3.6611152e-05,-3.6611152e-05,6.759337e-18,6.759337e-18,4.9408519e-07,4.9408519e-07,2.3526482e-17,2.3526482e-17,6.9946204e-06,6.9946204e-06,5.4916728e-06,5.4916728e-06,6.9946204e-06,6.9946204e-06,5.4916728e-06,5.4916728e-06,1.2486293e-05,1.2486293e-05,5.3863204e-16,5.3863204e-16,-2.4124859e-05,-2.4124859e-05,-2.4124859e-05,-2.4124859e-05,-5.4916728e-06,-5.4916728e-06,2.2712893e-10,2.2712893e-10,2.0052397e-18,2.0052397e-18,2.8926254e-07,2.8926254e-07,-2.8903541e-07,-2.8903541e-07,1.2508779e-05,1.2508779e-05,5.4313264e-16,5.4313264e-16,0.013377994,0.013377994,3.4332149e-14,3.4332149e-14,0.0066834,0.0066834,1.7216542e-14,1.7216542e-14,-2.4124859e-05,-2.4124859e-05,3.6611152e-05,3.6611152e-05,-4.8249718e-06,-4.8249718e-06,1.0695167e-16,1.0695167e-16,-9.5863113e-15,-9.5863113e-15,9.5865425e-15,9.5865425e-15,4.6159194e-20,4.6159194e-20,-6.7480391e-19,-6.7480391e-19,-3.7105237e-05,-3.7105237e-05,3.6386204e-19,3.6386204e-19,8.5477557e-19,8.5477557e-19,-2.4364635e-18,-2.4364635e-18,-3.7105237e-05,-3.7105237e-05,5.2833568e-10,5.2833568e-10,2.638955e-34,2.638955e-34
-2.2294086e-05,-2.2294086e-05,2.2294086e-05,2.2294086e-05,-6.1358728e-16,-6.1358728e-16,-5.3643124e-16,-5.3643124e-16,2.2294086e-05,2.2294086e-05,-2.9905254e-05,-2.9905254e-05,-5.2170892e-06,-5.2170892e-06,-2.9904873e-05,-2.9904873e-05,-5.2170892e-06,-5.2170892e-06,0,0,1.2486509e-05,1.2486509e-05,5.4154485e-16,5.4154485e-16,1.7479746e-06,1.7479746e-06,1.7479746e-06,1.7479746e-06,2.8032361e-18,2.8032361e-18,-2.9563505e-05,-2.9563505e-05,-5.2170892e-06,-5.2170892e-06,-2.9563505e-05,-2.9563505e-05,-5.2170892e-06,-5.2170892e-06,1.0679333e-17,1.0679333e-17,-4.2688737e-18,-4.2688737e-18,-3.4780595e-05,-3.4780595e-05,6.5905817e-18,6.5905817e-18,4.6938093e-07,4.6938093e-07,2.3382352e-17,2.3382352e-17,7.2694198e-06,7.2694198e-06,5.2170892e-06,5.2170892e-06,7.2694198e-06,7.2694198e-06,5.2170892e-06,5.2170892e-06,1.2486509e-05,1.2486509e-05,5.3999833e-16,5.3999833e-16,-2.2294086e-05,-2.2294086e-05,-2.2294086e-05,-2.2294086e-05,-5.2170892e-06,-5.2170892e-06,2.1577249e-10,2.1577249e-10,2.0068634e-18,2.0068634e-18,2.7479941e-07,2.7479941e-07,-2.7458364e-07,-2.7458364e-07,1.250787e-05,1.250787e-05,5.4450388e-16,5.4450388e-16,0.013377488,0.013377488,3.4417753e-14,3.4417753e-14,0.0066834269,0.0066834269,1.7258828e-14,1.7258828e-14,-2.2294086e-05,-2.2294086e-05,3.4780595e-05,3.4780595e-05,-4.4588171e-06,-4.4588171e-06,1.0718783e-16,1.0718783e-16,-9.6497859e-15,-9.6497859e-15,9.650001e-15,9.650001e-15,4.2694615e-20,4.2694615e-20,-6.744956e-19,-6.744956e-19,-3.5249976e-05,-3.5249976e-05,3.3864766e-19,3.3864766e-19,8.5551578e-19,8.5551578e-19,-2.4399955e-18,-2.4399955e-18,-3.5249976e-05,-3.5249976e-05,5.2305235e-10,5.2305235e-10,2.6437539e-34,2.6437539e-34
-2.0554851e-05,-2.0554851e-05,2.0554851e-05,2.0554851e-05,-6.1308922e-16,-6.1308922e-16,-5.3793123e-16,-5.3793123e-16,2.0554851e-05,2.0554851e-05,-2.8410006e-05,-2.8410006e-05,-4.9562347e-06,-4.9562347e-06,-2.840963e-05,-2.840963e-05,-4.9562347e-06,-4.9562347e-06,0,0,1.2486714e-05,1.2486714e-05,5.4291339e-16,5.4291339e-16,1.6605759e-06,1.6605759e-06,1.6605759e-06,1.6605759e-06,2.8052421e-18,2.8052421e-18,-2.808533e-05,-2.808533e-05,-4.9562347e-06,-4.9562347e-06,-2.808533e-05,-2.808533e-05,-4.9562347e-06,-4.9562347e-06,1.0399143e-17,1.0399143e-17,-4.1569877e-18,-4.1569877e-18,-3.3041565e-05,-3.3041565e-05,6.4223992e-18,6.4223992e-18,4.4591188e-07,4.4591188e-07,2.3237741e-17,2.3237741e-17,7.5304792e-06,7.5304792e-06,4.9562347e-06,4.9562347e-06,7.5304792e-06,7.5304792e-06,4.9562347e-06,4.9562347e-06,1.2486714e-05,1.2486714e-05,5.4136599e-16,5.4136599e-16,-2.0554851e-05,-2.0554851e-05,-2.0554851e-05,-2.0554851e-05,-4.9562347e-06,-4.9562347e-06,2.0498386e-10,2.0498386e-10,2.0084308e-18,2.0084308e-18,2.6105944e-07,2.6105944e-07,-2.6085446e-07,-2.6085446e-07,1.2507007e-05,1.2507007e-05,5.4587632e-16,5.4587632e-16,0.013377007,0.013377007,3.4503431e-14,3.4503431e-14,0.0066834524,0.0066834524,1.7301149e-14,1.7301149e-14,-2.0554851e-05,-2.0554851e-05,3.3041565e-05,3.3041565e-05,-4.1109702e-06,-4.1109702e-06,1.0742454e-16,1.0742454e-16,-9.7132786e-15,-9.7132786e-15,9.7134783e-15,9.7134783e-15,3.9307039e-20,3.9307039e-20,-6.7420269e-19,-6.7420269e-19,-3.3487477e-05,-3.3487477e-05,3.1451626e-19,3.1451626e-19,8.56219e-19,8.56219e-19,-2.4433509e-18,-2.4433509e-18,-3.3487477e-05,-3.3487477e-05,5.1782185e-10,5.1782185e-10,2.6483915e-34,2.6483915e-34
-1.8902578e-05,-1.8902578e-05,1.8902578e-05,1.8902578e-05,-6.1259117e-16,-6.1259117e-16,-5.3943361e-16,-5.3943361e-16,1.8902578e-05,1.8902578e-05,-2.6989521e-05,-2.6989521e-05,-4.708423e-06,-4.708423e-06,-2.6989148e-05,-2.6989148e-05,-4.708423e-06,-4.708423e-06,0,0,1.2486909e-05,1.2486909e-05,5.4428321e-16,5.4428321e-16,1.5775471e-06,1.5775471e-06,1.5775471e-06,1.5775471e-06,2.807184e-18,2.807184e-18,-2.6681064e-05,-2.6681064e-05,-4.708423e-06,-4.708423e-06,-2.6681064e-05,-2.6681064e-05,-4.708423e-06,-4.708423e-06,1.0118579e-17,1.0118579e-17,-4.0441786e-18,-4.0441786e-18,-3.1389487e-05,-3.1389487e-05,6.2547596e-18,6.2547596e-18,4.2361629e-07,4.2361629e-07,2.3092663e-17,2.3092663e-17,7.7784857e-06,7.7784857e-06,4.708423e-06,4.708423e-06,7.7784857e-06,7.7784857e-06,4.708423e-06,4.708423e-06,1.2486909e-05,1.2486909e-05,5.4273499e-16,5.4273499e-16,-1.8902578e-05,-1.8902578e-05,-1.8902578e-05,-1.8902578e-05,-4.708423e-06,-4.708423e-06,1.9473467e-10,1.9473467e-10,2.009944e-18,2.009944e-18,2.4800647e-07,2.4800647e-07,-2.4781174e-07,-2.4781174e-07,1.2506187e-05,1.2506187e-05,5.4724993e-16,5.4724993e-16,0.013376551,0.013376551,3.458918e-14,3.458918e-14,0.0066834767,0.0066834767,1.7343506e-14,1.7343506e-14,-1.8902578e-05,-1.8902578e-05,3.1389487e-05,3.1389487e-05,-3.7805156e-06,-3.7805156e-06,1.0766179e-16,1.0766179e-16,-9.7767891e-15,-9.7767891e-15,9.7769739e-15,9.7769739e-15,3.5994829e-20,3.5994829e-20,-6.7392442e-19,-6.7392442e-19,-3.1813103e-05,-3.1813103e-05,2.9142258e-19,2.9142258e-19,8.5688708e-19,8.5688708e-19,-2.4465386e-18,-2.4465386e-18,-3.1813103e-05,-3.1813103e-05,5.1264365e-10,5.1264365e-10,2.6528729e-34,2.6528729e-34
-1.7332919e-05,-1.7332919e-05,1.7332919e-05,1.7332919e-05,-6.1208295e-16,-6.1208295e-16,-5.4093828e-16,-5.4093828e-16,1.7332919e-05,1.7332919e-05,-2.564006e-05,-2.564006e-05,-4.4730018e-06,-4.4730018e-06,-2.5639691e-05,-2.5639691e-05,-4.4730018e-06,-4.4730018e-06,0,0,1.2487094e-05,1.2487094e-05,5.4565428e-16,5.4565428e-16,1.4986697e-06,1.4986697e-06,1.4986697e-06,1.4986697e-06,2.8090636e-18,2.8090636e-18,-2.534701e-05,-2.534701e-05,-4.4730018e-06,-4.4730018e-06,-2.534701e-05,-2.534701e-05,-4.4730018e-06,-4.4730018e-06,9.837648e-18,9.837648e-18,-3.9304818e-18,-3.9304818e-18,-2.9820012e-05,-2.9820012e-05,6.0876342e-18,6.0876342e-18,4.0243547e-07,4.0243547e-07,2.2947132e-17,2.2947132e-17,8.0140918e-06,8.0140918e-06,4.4730018e-06,4.4730018e-06,8.0140918e-06,8.0140918e-06,4.4730018e-06,4.4730018e-06,1.2487094e-05,1.2487094e-05,5.4410527e-16,5.4410527e-16,-1.7332919e-05,-1.7332919e-05,-1.7332919e-05,-1.7332919e-05,-4.4730018e-06,-4.4730018e-06,1.8499793e-10,1.8499793e-10,2.0114047e-18,2.0114047e-18,2.3560615e-07,2.3560615e-07,-2.3542115e-07,-2.3542115e-07,1.2505408e-05,1.2505408e-05,5.4862466e-16,5.4862466e-16,0.013376117,0.013376117,3.4674999e-14,3.4674999e-14,0.0066834998,0.0066834998,1.7385895e-14,1.7385895e-14,-1.7332919e-05,-1.7332919e-05,2.9820012e-05,2.9820012e-05,-3.4665837e-06,-3.4665837e-06,1.0789956e-16,1.0789956e-16,-9.8403169e-15,-9.8403169e-15,9.8404875e-15,9.8404875e-15,3.2756377e-20,3.2756377e-20,-6.7366006e-19,-6.7366006e-19,-3.0222448e-05,-3.0222448e-05,2.6932318e-19,2.6932318e-19,8.5752177e-19,8.5752177e-19,-2.4495671e-18,-2.4495671e-18,-3.0222448e-05,-3.0222448e-05,5.0751723e-10,5.0751723e-10,2.6572033e-34,2.6572033e-34
-1.5841742e-05,-1.5841742e-05,1.5841742e-05,1.5841742e-05,-6.115815e-16,-6.115815e-16,-5.4244517e-16,-5.4244517e-16,1.5841742e-05,1.5841742e-05,-2.4358072e-05,-2.4358072e-05,-4.2493518e-06,-4.2493518e-06,-2.4357706e-05,-2.4357706e-05,-4.2493518e-06,-4.2493518e-06,0,0,1.2487269e-05,1.2487269e-05,5.4702655e-16,5.4702655e-16,1.4237362e-06,1.4237362e-06,1.4237362e-06,1.4237362e-06,2.8108828e-18,2.8108828e-18,-2.407966e-05,-2.407966e-05,-4.2493518e-06,-4.2493518e-06,-2.407966e-05,-2.407966e-05,-4.2493518e-06,-4.2493518e-06,9.5563552e-18,9.5563552e-18,-3.8159312e-18,-3.8159312e-18,-2.8329012e-05,-2.8329012e-05,5.9209958e-18,5.9209958e-18,3.823137e-07,3.823137e-07,2.2801161e-17,2.2801161e-17,8.2379177e-06,8.2379177e-06,4.2493518e-06,4.2493518e-06,8.2379177e-06,8.2379177e-06,4.2493518e-06,4.2493518e-06,1.2487269e-05,1.2487269e-05,5.454768e-16,5.454768e-16,-1.5841742e-05,-1.5841742e-05,-1.5841742e-05,-1.5841742e-05,-4.2493518e-06,-4.2493518e-06,1.7574804e-10,1.7574804e-10,2.0128148e-18,2.0128148e-18,2.2382584e-07,2.2382584e-07,-2.2365009e-07,-2.2365009e-07,1.2504668e-05,1.2504668e-05,5.5000049e-16,5.5000049e-16,0.013375705,0.013375705,3.4760885e-14,3.4760885e-14,0.0066835217,0.0066835217,1.7428318e-14,1.7428318e-14,-1.5841742e-05,-1.5841742e-05,2.8329012e-05,2.8329012e-05,-3.1683484e-06,-3.1683484e-06,1.0813781e-16,1.0813781e-16,-9.9038617e-15,-9.9038617e-15,9.9040186e-15,9.9040186e-15,2.959011e-20,2.959011e-20,-6.7340891e-19,-6.7340891e-19,-2.8711325e-05,-2.8711325e-05,2.4817636e-19,2.4817636e-19,8.5812473e-19,8.5812473e-19,-2.4524441e-18,-2.4524441e-18,-2.8711325e-05,-2.8711325e-05,5.0244208e-10,5.0244208e-10,2.6613873e-34,2.6613873e-34
-1.4425125e-05,-1.4425125e-05,1.4425125e-05,1.4425125e-05,-6.1107667e-16,-6.1107667e-16,-5.4395421e-16,-5.4395421e-16,1.4425125e-05,1.4425125e-05,-2.3140183e-05,-2.3140183e-05,-4.0368842e-06,-4.0368842e-06,-2.3139821e-05,-2.3139821e-05,-4.0368842e-06,-4.0368842e-06,0,0,1.2487436e-05,1.2487436e-05,5.484e-16,5.484e-16,1.3525494e-06,1.3525494e-06,1.3525494e-06,1.3525494e-06,2.8126435e-18,2.8126435e-18,-2.2875677e-05,-2.2875677e-05,-4.0368842e-06,-4.0368842e-06,-2.2875677e-05,-2.2875677e-05,-4.0368842e-06,-4.0368842e-06,9.2747073e-18,9.2747073e-18,-3.7005594e-18,-3.7005594e-18,-2.6912561e-05,-2.6912561e-05,5.7548184e-18,5.7548184e-18,3.6319802e-07,3.6319802e-07,2.2654762e-17,2.2654762e-17,8.4505522e-06,8.4505522e-06,4.0368842e-06,4.0368842e-06,8.4505522e-06,8.4505522e-06,4.0368842e-06,4.0368842e-06,1.2487436e-05,1.2487436e-05,5.4684954e-16,5.4684954e-16,-1.4425125e-05,-1.4425125e-05,-1.4425125e-05,-1.4425125e-05,-4.0368842e-06,-4.0368842e-06,1.6696064e-10,1.6696064e-10,2.014176e-18,2.014176e-18,2.1263455e-07,2.1263455e-07,-2.1246759e-07,-2.1246759e-07,1.2503965e-05,1.2503965e-05,5.5137736e-16,5.5137736e-16,0.013375313,0.013375313,3.4846835e-14,3.4846835e-14,0.0066835425,0.0066835425,1.7470771e-14,1.7470771e-14,-1.4425125e-05,-1.4425125e-05,2.6912561e-05,2.6912561e-05,-2.8850249e-06,-2.8850249e-06,1.0837653e-16,1.0837653e-16,-9.9674231e-15,-9.9674231e-15,9.9675668e-15,9.9675668e-15,2.6494482e-20,2.6494482e-20,-6.7317031e-19,-6.7317031e-19,-2.7275759e-05,-2.7275759e-05,2.2794212e-19,2.2794212e-19,8.5869756e-19,8.5869756e-19,-2.4551774e-18,-2.4551774e-18,-2.7275759e-05,-2.7275759e-05,4.9741767e-10,4.9741767e-10,2.6654298e-34,2.6654298e-34
-1.3079338e-05,-1.3079338e-05,1.3079338e-05,1.3079338e-05,-6.1056507e-16,-6.1056507e-16,-5.4546531e-16,-5.4546531e-16,1.3079338e-05,1.3079338e-05,-2.1983188e-05,-2.1983188e-05,-3.83504e-06,-3.83504e-06,-2.198283e-05,-2.198283e-05,-3.83504e-06,-3.83504e-06,0,0,1.2487595e-05,1.2487595e-05,5.4977457e-16,5.4977457e-16,1.2849219e-06,1.2849219e-06,1.2849219e-06,1.2849219e-06,2.8143474e-18,2.8143474e-18,-2.1731893e-05,-2.1731893e-05,-3.83504e-06,-3.83504e-06,-2.1731893e-05,-2.1731893e-05,-3.83504e-06,-3.83504e-06,8.9927106e-18,8.9927106e-18,-3.5843978e-18,-3.5843978e-18,-2.5566933e-05,-2.5566933e-05,5.589077e-18,5.589077e-18,3.4503811e-07,3.4503811e-07,2.2507947e-17,2.2507947e-17,8.652555e-06,8.652555e-06,3.83504e-06,3.83504e-06,8.652555e-06,8.652555e-06,3.83504e-06,3.83504e-06,1.2487595e-05,1.2487595e-05,5.4822344e-16,5.4822344e-16,-1.3079338e-05,-1.3079338e-05,-1.3079338e-05,-1.3079338e-05,-3.83504e-06,-3.83504e-06,1.586126e-10,1.586126e-10,2.0154899e-18,2.0154899e-18,2.0200282e-07,2.0200282e-07,-2.0184421e-07,-2.0184421e-07,1.2503298e-05,1.2503298e-05,5.5275526e-16,5.5275526e-16,0.013374941,0.013374941,3.4932848e-14,3.4932848e-14,0.0066835622,0.0066835622,1.7513256e-14,1.7513256e-14,-1.3079338e-05,-1.3079338e-05,2.5566933e-05,2.5566933e-05,-2.6158676e-06,-2.6158676e-06,1.086157e-16,1.086157e-16,-1.0031001e-14,-1.0031001e-14,1.0031132e-14,1.0031132e-14,2.3467977e-20,2.3467977e-20,-6.7294363e-19,-6.7294363e-19,-2.5911971e-05,-2.5911971e-05,2.0858206e-19,2.0858206e-19,8.5924176e-19,8.5924176e-19,-2.4577741e-18,-2.4577741e-18,-2.5911971e-05,-2.5911971e-05,4.9244351e-10,4.9244351e-10,2.6693353e-34,2.6693353e-34
-1.1800841e-05,-1.1800841e-05,1.1800841e-05,1.1800841e-05,-6.1005685e-16,-6.1005685e-16,-5.469784e-16,-5.469784e-16,1.1800841e-05,1.1800841e-05,-2.0884043e-05,-2.0884043e-05,-3.643288e-06,-3.643288e-06,-2.0883688e-05,-2.0883688e-05,-3.643288e-06,-3.643288e-06,0,0,1.2487746e-05,1.2487746e-05,5.5115024e-16,5.5115024e-16,1.2206758e-06,1.2206758e-06,1.2206758e-06,1.2206758e-06,2.8159963e-18,2.8159963e-18,-2.0645298e-05,-2.0645298e-05,-3.643288e-06,-3.643288e-06,-2.0645298e-05,-2.0645298e-05,-3.643288e-06,-3.643288e-06,8.7103714e-18,8.7103714e-18,-3.4674765e-18,-3.4674765e-18,-2.4288586e-05,-2.4288586e-05,5.423748e-18,5.423748e-18,3.2778621e-07,3.2778621e-07,2.2360729e-17,2.2360729e-17,8.8444577e-06,8.8444577e-06,3.643288e-06,3.643288e-06,8.8444577e-06,8.8444577e-06,3.643288e-06,3.643288e-06,1.2487746e-05,1.2487746e-05,5.4959847e-16,5.4959847e-16,-1.1800841e-05,-1.1800841e-05,-1.1800841e-05,-1.1800841e-05,-3.643288e-06,-3.643288e-06,1.5068197e-10,1.5068197e-10,2.0167583e-18,2.0167583e-18,1.9190268e-07,1.9190268e-07,-1.91752e-07,-1.91752e-07,1.2502663e-05,1.2502663e-05,5.5413415e-16,5.5413415e-16,0.013374588,0.013374588,3.5018922e-14,3.5018922e-14,0.006683581,0.006683581,1.7555769e-14,1.7555769e-14,-1.1800841e-05,-1.1800841e-05,2.4288586e-05,2.4288586e-05,-2.3601681e-06,-2.3601681e-06,1.088553e-16,1.088553e-16,-1.0094594e-14,-1.0094594e-14,1.0094713e-14,1.0094713e-14,2.050911e-20,2.050911e-20,-6.7272829e-19,-6.7272829e-19,-2.4616373e-05,-2.4616373e-05,1.9005935e-19,1.9005935e-19,8.5975875e-19,8.5975875e-19,-2.4602409e-18,-2.4602409e-18,-2.4616373e-05,-2.4616373e-05,4.8751909e-10,4.8751909e-10,2.6731083e-34,2.6731083e-34
-1.0586268e-05,-1.0586268e-05,1.0586268e-05,1.0586268e-05,-6.0955371e-16,-6.0955371e-16,-5.4849342e-16,-5.4849342e-16,1.0586268e-05,1.0586268e-05,-1.9839855e-05,-1.9839855e-05,-3.4611236e-06,-3.4611236e-06,-1.9839504e-05,-1.9839504e-05,-3.4611236e-06,-3.4611236e-06,0,0,1.2487889e-05,1.2487889e-05,5.5252696e-16,5.5252696e-16,1.1596421e-06,1.1596421e-06,1.1596421e-06,1.1596421e-06,2.8175918e-18,2.8175918e-18,-1.9613034e-05,-1.9613034e-05,-3.4611236e-06,-3.4611236e-06,-1.9613034e-05,-1.9613034e-05,-3.4611236e-06,-3.4611236e-06,8.4276955e-18,8.4276955e-18,-3.3498245e-18,-3.3498245e-18,-2.3074157e-05,-2.3074157e-05,5.2588087e-18,5.2588087e-18,3.113969e-07,3.113969e-07,2.221312e-17,2.221312e-17,9.0267653e-06,9.0267653e-06,3.4611236e-06,3.4611236e-06,9.0267653e-06,9.0267653e-06,3.4611236e-06,3.4611236e-06,1.2487889e-05,1.2487889e-05,5.5097459e-16,5.5097459e-16,-1.0586268e-05,-1.0586268e-05,-1.0586268e-05,-1.0586268e-05,-3.4611236e-06,-3.4611236e-06,1.4314787e-10,1.4314787e-10,2.0179826e-18,2.0179826e-18,1.8230755e-07,1.8230755e-07,-1.821644e-07,-1.821644e-07,1.250206e-05,1.250206e-05,5.55514e-16,5.55514e-16,0.013374253,0.013374253,3.5105054e-14,3.5105054e-14,0.0066835988,0.0066835988,1.7598311e-14,1.7598311e-14,-1.0586268e-05,-1.0586268e-05,2.3074157e-05,2.3074157e-05,-2.1172536e-06,-2.1172536e-06,1.0909532e-16,1.0909532e-16,-1.0158203e-14,-1.0158203e-14,1.0158311e-14,1.0158311e-14,1.7616423e-20,1.7616423e-20,-6.7252371e-19,-6.7252371e-19,-2.3385554e-05,-2.3385554e-05,1.7233865e-19,1.7233865e-19,8.6024991e-19,8.6024991e-19,-2.4625845e-18,-2.4625845e-18,-2.3385554e-05,-2.3385554e-05,4.8264391e-10,4.8264391e-10,2.6767531e-34,2.6767531e-34
-9.4324244e-06,-9.4324244e-06,9.4324244e-06,9.4324244e-06,-6.090421e-16,-6.090421e-16,-5.500103e-16,-5.500103e-16,9.4324244e-06,9.4324244e-06,-1.8847876e-05,-1.8847876e-05,-3.2880674e-06,-3.2880674e-06,-1.8847529e-05,-1.8847529e-05,-3.2880674e-06,-3.2880674e-06,0,0,1.2488025e-05,1.2488025e-05,5.5390471e-16,5.5390471e-16,1.10166e-06,1.10166e-06,1.10166e-06,1.10166e-06,2.8191356e-18,2.8191356e-18,-1.8632382e-05,-1.8632382e-05,-3.2880674e-06,-3.2880674e-06,-1.8632382e-05,-1.8632382e-05,-3.2880674e-06,-3.2880674e-06,8.1446892e-18,8.1446892e-18,-3.2314697e-18,-3.2314697e-18,-2.1920449e-05,-2.1920449e-05,5.0942375e-18,5.0942375e-18,2.9582705e-07,2.9582705e-07,2.206513e-17,2.206513e-17,9.1999574e-06,9.1999574e-06,3.2880674e-06,3.2880674e-06,9.1999574e-06,9.1999574e-06,3.2880674e-06,3.2880674e-06,1.2488025e-05,1.2488025e-05,5.5235176e-16,5.5235176e-16,-9.4324244e-06,-9.4324244e-06,-9.4324244e-06,-9.4324244e-06,-3.2880674e-06,-3.2880674e-06,1.3599048e-10,1.3599048e-10,2.0191645e-18,2.0191645e-18,1.7319217e-07,1.7319217e-07,-1.7305618e-07,-1.7305618e-07,1.2501488e-05,1.2501488e-05,5.5689476e-16,5.5689476e-16,0.013373934,0.013373934,3.5191244e-14,3.5191244e-14,0.0066836158,0.0066836158,1.7640881e-14,1.7640881e-14,-9.4324244e-06,-9.4324244e-06,2.1920449e-05,2.1920449e-05,-1.8864849e-06,-1.8864849e-06,1.0933573e-16,1.0933573e-16,-1.0221827e-14,-1.0221827e-14,1.0221923e-14,1.0221923e-14,1.4788488e-20,1.4788488e-20,-6.7232936e-19,-6.7232936e-19,-2.2216276e-05,-2.2216276e-05,1.5538608e-19,1.5538608e-19,8.6071651e-19,8.6071651e-19,-2.4648109e-18,-2.4648109e-18,-2.2216276e-05,-2.2216276e-05,4.7781748e-10,4.7781748e-10,2.680274e-34,2.680274e-34
-8.3362727e-06,-8.3362727e-06,8.3362727e-06,8.3362727e-06,-6.0853049e-16,-6.0853049e-16,-5.5152897e-16,-5.5152897e-16,8.3362727e-06,8.3362727e-06,-1.7905496e-05,-1.7905496e-05,-3.123664e-06,-3.123664e-06,-1.7905152e-05,-1.7905152e-05,-3.123664e-06,-3.123664e-06,0,0,1.2488154e-05,1.2488154e-05,5.5528346e-16,5.5528346e-16,1.046577e-06,1.046577e-06,1.046577e-06,1.046577e-06,2.8206294e-18,2.8206294e-18,-1.7700763e-05,-1.7700763e-05,-3.123664e-06,-3.123664e-06,-1.7700763e-05,-1.7700763e-05,-3.123664e-06,-3.123664e-06,7.8613584e-18,7.8613584e-18,-3.1124388e-18,-3.1124388e-18,-2.0824427e-05,-2.0824427e-05,4.9300139e-18,4.9300139e-18,2.810357e-07,2.810357e-07,2.1916771e-17,2.1916771e-17,9.36449e-06,9.36449e-06,3.123664e-06,3.123664e-06,9.36449e-06,9.36449e-06,3.123664e-06,3.123664e-06,1.2488154e-05,1.2488154e-05,5.5372995e-16,5.5372995e-16,-8.3362727e-06,-8.3362727e-06,-8.3362727e-06,-8.3362727e-06,-3.123664e-06,-3.123664e-06,1.2919096e-10,1.2919096e-10,2.0203054e-18,2.0203054e-18,1.6453256e-07,1.6453256e-07,-1.6440337e-07,-1.6440337e-07,1.2500944e-05,1.2500944e-05,5.5827643e-16,5.5827643e-16,0.013373631,0.013373631,3.5277488e-14,3.5277488e-14,0.0066836319,0.0066836319,1.7683477e-14,1.7683477e-14,-8.3362727e-06,-8.3362727e-06,2.0824427e-05,2.0824427e-05,-1.6672545e-06,-1.6672545e-06,1.0957652e-16,1.0957652e-16,-1.0285466e-14,-1.0285466e-14,1.0285552e-14,1.0285552e-14,1.2023904e-20,1.2023904e-20,-6.7214472e-19,-6.7214472e-19,-2.1105462e-05,-2.1105462e-05,1.3916912e-19,1.3916912e-19,8.6115979e-19,8.6115979e-19,-2.4669261e-18,-2.4669261e-18,-2.1105462e-05,-2.1105462e-05,4.7303931e-10,4.7303931e-10,2.6836751e-34,2.6836751e-34
-7.2949287e-06,-7.2949287e-06,7.2949287e-06,7.2949287e-06,-6.0802227e-16,-6.0802227e-16,-5.5304937e-16,-5.5304937e-16,7.2949287e-06,7.2949287e-06,-1.7010235e-05,-1.7010235e-05,-2.9674808e-06,-2.9674808e-06,-1.7009895e-05,-1.7009895e-05,-2.9674808e-06,-2.9674808e-06,0,0,1.2488277e-05,1.2488277e-05,5.5666316e-16,5.5666316e-16,9.9424811e-07,9.9424811e-07,9.9424811e-07,9.9424811e-07,2.8220747e-18,2.8220747e-18,-1.6815725e-05,-1.6815725e-05,-2.9674808e-06,-2.9674808e-06,-1.6815725e-05,-1.6815725e-05,-2.9674808e-06,-2.9674808e-06,7.5777089e-18,7.5777089e-18,-2.9927574e-18,-2.9927574e-18,-1.9783205e-05,-1.9783205e-05,4.7661183e-18,4.7661183e-18,2.6698392e-07,2.6698392e-07,2.1768052e-17,2.1768052e-17,9.5207959e-06,9.5207959e-06,2.9674808e-06,2.9674808e-06,9.5207959e-06,9.5207959e-06,2.9674808e-06,2.9674808e-06,1.2488277e-05,1.2488277e-05,5.5510913e-16,5.5510913e-16,-7.2949287e-06,-7.2949287e-06,-7.2949287e-06,-7.2949287e-06,-2.9674808e-06,-2.9674808e-06,1.2273141e-10,1.2273141e-10,2.0214067e-18,2.0214067e-18,1.5630593e-07,1.5630593e-07,-1.561832e-07,-1.561832e-07,1.2500427e-05,1.2500427e-05,5.5965896e-16,5.5965896e-16,0.013373343,0.013373343,3.5363786e-14,3.5363786e-14,0.0066836472,0.0066836472,1.7726099e-14,1.7726099e-14,-7.2949287e-06,-7.2949287e-06,1.9783205e-05,1.9783205e-05,-1.4589857e-06,-1.4589857e-06,1.0981767e-16,1.0981767e-16,-1.0349119e-14,-1.0349119e-14,1.0349195e-14,1.0349195e-14,9.3212997e-21,9.3212997e-21,-6.7196931e-19,-6.7196931e-19,-2.0050189e-05,-2.0050189e-05,1.2365658e-19,1.2365658e-19,8.6158092e-19,8.6158092e-19,-2.4689355e-18,-2.4689355e-18,-2.0050189e-05,-2.0050189e-05,4.6830893e-10,4.6830893e-10,2.6869603e-34,2.6869603e-34
-6.3056518e-06,-6.3056518e-06,6.3056518e-06,6.3056518e-06,-6.0750728e-16,-6.0750728e-16,-5.5457144e-16,-5.5457144e-16,6.3056518e-06,6.3056518e-06,-1.6159737e-05,-1.6159737e-05,-2.8191068e-06,-2.8191068e-06,-1.61594e-05,-1.61594e-05,-2.8191068e-06,-2.8191068e-06,0,0,1.2488393e-05,1.2488393e-05,5.5804379e-16,5.5804379e-16,9.445357e-07,9.445357e-07,9.445357e-07,9.445357e-07,2.823473e-18,2.823473e-18,-1.5974938e-05,-1.5974938e-05,-2.8191068e-06,-2.8191068e-06,-1.5974938e-05,-1.5974938e-05,-2.8191068e-06,-2.8191068e-06,7.2937466e-18,7.2937466e-18,-2.8724503e-18,-2.8724503e-18,-1.8794045e-05,-1.8794045e-05,4.6025319e-18,4.6025319e-18,2.5363472e-07,2.5363472e-07,2.1618986e-17,2.1618986e-17,9.6692866e-06,9.6692866e-06,2.8191068e-06,2.8191068e-06,9.6692866e-06,9.6692866e-06,2.8191068e-06,2.8191068e-06,1.2488393e-05,1.2488393e-05,5.5648927e-16,5.5648927e-16,-6.3056518e-06,-6.3056518e-06,-6.3056518e-06,-6.3056518e-06,-2.8191068e-06,-2.8191068e-06,1.1659484e-10,1.1659484e-10,2.0224697e-18,2.0224697e-18,1.4849064e-07,1.4849064e-07,-1.4837404e-07,-1.4837404e-07,1.2499936e-05,1.2499936e-05,5.6104232e-16,5.6104232e-16,0.01337307,0.01337307,3.5450135e-14,3.5450135e-14,0.0066836617,0.0066836617,1.7768746e-14,1.7768746e-14,-6.3056518e-06,-6.3056518e-06,1.8794045e-05,1.8794045e-05,-1.2611304e-06,-1.2611304e-06,1.1005917e-16,1.1005917e-16,-1.0412787e-14,-1.0412787e-14,1.0412853e-14,1.0412853e-14,6.679329e-21,6.679329e-21,-6.7180266e-19,-6.7180266e-19,-1.904768e-05,-1.904768e-05,1.0881858e-19,1.0881858e-19,8.6198099e-19,8.6198099e-19,-2.4708444e-18,-2.4708444e-18,-1.904768e-05,-1.904768e-05,4.6362584e-10,4.6362584e-10,2.6901336e-34,2.6901336e-34
-5.3658388e-06,-5.3658388e-06,5.3658388e-06,5.3658388e-06,-6.0699567e-16,-6.0699567e-16,-5.5609512e-16,-5.5609512e-16,5.3658388e-06,5.3658388e-06,-1.5351764e-05,-1.5351764e-05,-2.6781514e-06,-2.6781514e-06,-1.535143e-05,-1.535143e-05,-2.6781514e-06,-2.6781514e-06,0,0,1.2488504e-05,1.2488504e-05,5.5942531e-16,5.5942531e-16,8.9730892e-07,8.9730892e-07,8.9730892e-07,8.9730892e-07,2.8248259e-18,2.8248259e-18,-1.5176191e-05,-1.5176191e-05,-2.6781514e-06,-2.6781514e-06,-1.5176191e-05,-1.5176191e-05,-2.6781514e-06,-2.6781514e-06,7.0094773e-18,7.0094773e-18,-2.7515413e-18,-2.7515413e-18,-1.7854343e-05,-1.7854343e-05,4.439237e-18,4.439237e-18,2.4095298e-07,2.4095298e-07,2.146958e-17,2.146958e-17,9.8103527e-06,9.8103527e-06,2.6781514e-06,2.6781514e-06,9.8103527e-06,9.8103527e-06,2.6781514e-06,2.6781514e-06,1.2488504e-05,1.2488504e-05,5.5787032e-16,5.5787032e-16,-5.3658388e-06,-5.3658388e-06,-5.3658388e-06,-5.3658388e-06,-2.6781514e-06,-2.6781514e-06,1.107651e-10,1.107651e-10,2.023496e-18,2.023496e-18,1.410661e-07,1.410661e-07,-1.4095534e-07,-1.4095534e-07,1.249947e-05,1.249947e-05,5.624265e-16,5.624265e-16,0.01337281,0.01337281,3.5536533e-14,3.5536533e-14,0.0066836755,0.0066836755,1.7811417e-14,1.7811417e-14,-5.3658388e-06,-5.3658388e-06,1.7854343e-05,1.7854343e-05,-1.0731678e-06,-1.0731678e-06,1.10301e-16,1.10301e-16,-1.0476468e-14,-1.0476468e-14,1.0476524e-14,1.0476524e-14,4.096674e-21,4.096674e-21,-6.7164435e-19,-6.7164435e-19,-1.8095296e-05,-1.8095296e-05,9.4626436e-20,9.4626436e-20,8.6236106e-19,8.6236106e-19,-2.472658e-18,-2.472658e-18,-1.8095296e-05,-1.8095296e-05,4.5898959e-10,4.5898959e-10,2.6931986e-34,2.6931986e-34
-4.4730164e-06,-4.4730164e-06,4.4730164e-06,4.4730164e-06,-6.0647728e-16,-6.0647728e-16,-5.5762035e-16,-5.5762035e-16,4.4730164e-06,4.4730164e-06,-1.4584189e-05,-1.4584189e-05,-2.5442439e-06,-2.5442439e-06,-1.4583858e-05,-1.4583858e-05,-2.5442439e-06,-2.5442439e-06,0,0,1.2488609e-05,1.2488609e-05,5.6080771e-16,5.6080771e-16,8.5244347e-07,8.5244347e-07,8.5244347e-07,8.5244347e-07,2.8261347e-18,2.8261347e-18,-1.4417382e-05,-1.4417382e-05,-2.5442439e-06,-2.5442439e-06,-1.4417382e-05,-1.4417382e-05,-2.5442439e-06,-2.5442439e-06,6.7249065e-18,6.7249065e-18,-2.6300531e-18,-2.6300531e-18,-1.6961626e-05,-1.6961626e-05,4.2762166e-18,4.2762166e-18,2.2890533e-07,2.2890533e-07,2.1319846e-17,2.1319846e-17,9.9443655e-06,9.9443655e-06,2.5442439e-06,2.5442439e-06,9.9443655e-06,9.9443655e-06,2.5442439e-06,2.5442439e-06,1.2488609e-05,1.2488609e-05,5.5925227e-16,5.5925227e-16,-4.4730164e-06,-4.4730164e-06,-4.4730164e-06,-4.4730164e-06,-2.5442439e-06,-2.5442439e-06,1.0522684e-10,1.0522684e-10,2.0244866e-18,2.0244866e-18,1.340128e-07,1.340128e-07,-1.3390757e-07,-1.3390757e-07,1.2499027e-05,1.2499027e-05,5.6381146e-16,5.6381146e-16,0.013372563,0.013372563,3.562298e-14,3.562298e-14,0.0066836886,0.0066836886,1.7854112e-14,1.7854112e-14,-4.4730164e-06,-4.4730164e-06,1.6961626e-05,1.6961626e-05,-8.9460328e-07,-8.9460328e-07,1.1054316e-16,1.1054316e-16,-1.0540163e-14,-1.0540163e-14,1.054021e-14,1.054021e-14,1.5720427e-21,1.5720427e-21,-6.7149395e-19,-6.7149395e-19,-1.7190531e-05,-1.7190531e-05,8.105266e-20,8.105266e-20,8.6272214e-19,8.6272214e-19,-2.4743808e-18,-2.4743808e-18,-1.7190531e-05,-1.7190531e-05,4.543997e-10,4.543997e-10,2.6961591e-34,2.6961591e-34
-3.6248352e-06,-3.6248352e-06,3.6248352e-06,3.6248352e-06,-6.0596059e-16,-6.0596059e-16,-5.5914709e-16,-5.5914709e-16,3.6248352e-06,3.6248352e-06,-1.3854993e-05,-1.3854993e-05,-2.4170317e-06,-2.4170317e-06,-1.3854666e-05,-1.3854666e-05,-2.4170317e-06,-2.4170317e-06,0,0,1.2488709e-05,1.2488709e-05,5.6219094e-16,5.6219094e-16,8.098213e-07,8.098213e-07,8.098213e-07,8.098213e-07,2.8274009e-18,2.8274009e-18,-1.3696513e-05,-1.3696513e-05,-2.4170317e-06,-2.4170317e-06,-1.3696513e-05,-1.3696513e-05,-2.4170317e-06,-2.4170317e-06,6.4400399e-18,6.4400399e-18,-2.5080076e-18,-2.5080076e-18,-1.6113544e-05,-1.6113544e-05,4.1134545e-18,4.1134545e-18,2.1746007e-07,2.1746007e-07,2.1169793e-17,2.1169793e-17,1.0071678e-05,1.0071678e-05,2.4170317e-06,2.4170317e-06,1.0071678e-05,1.0071678e-05,2.4170317e-06,2.4170317e-06,1.2488709e-05,1.2488709e-05,5.6063509e-16,5.6063509e-16,-3.6248352e-06,-3.6248352e-06,-3.6248352e-06,-3.6248352e-06,-2.4170317e-06,-2.4170317e-06,9.9965499e-11,9.9965499e-11,2.025443e-18,2.025443e-18,1.2731216e-07,1.2731216e-07,-1.2721219e-07,-1.2721219e-07,1.2498606e-05,1.2498606e-05,5.6519717e-16,5.6519717e-16,0.013372329,0.013372329,3.5709474e-14,3.5709474e-14,0.0066837011,0.0066837011,1.7896829e-14,1.7896829e-14,-3.6248352e-06,-3.6248352e-06,1.6113544e-05,1.6113544e-05,-7.2496703e-07,-7.2496703e-07,1.1078562e-16,1.1078562e-16,-1.0603871e-14,-1.0603871e-14,1.060391e-14,1.060391e-14,-8.9583048e-22,-8.9583048e-22,-6.7135107e-19,-6.7135107e-19,-1.6331005e-05,-1.6331005e-05,6.8070895e-20,6.8070895e-20,8.6306516e-19,8.6306516e-19,-2.4760176e-18,-2.4760176e-18,-1.6331005e-05,-1.6331005e-05,4.4985571e-10,4.4985571e-10,2.6990185e-34,2.6990185e-34
-2.819063e-06,-2.819063e-06,2.819063e-06,2.819063e-06,-6.054439e-16,-6.054439e-16,-5.6067527e-16,-5.6067527e-16,2.819063e-06,2.819063e-06,-1.3162256e-05,-1.3162256e-05,-2.2961801e-06,-2.2961801e-06,-1.3161932e-05,-1.3161932e-05,-2.2961801e-06,-2.2961801e-06,0,0,1.2488804e-05,1.2488804e-05,5.6357499e-16,5.6357499e-16,7.6933023e-07,7.6933023e-07,7.6933023e-07,7.6933023e-07,2.8286259e-18,2.8286259e-18,-1.3011687e-05,-1.3011687e-05,-2.2961801e-06,-2.2961801e-06,-1.3011687e-05,-1.3011687e-05,-2.2961801e-06,-2.2961801e-06,6.154883e-18,6.154883e-18,-2.385426e-18,-2.385426e-18,-1.5307867e-05,-1.5307867e-05,3.9509353e-18,3.9509353e-18,2.0658706e-07,2.0658706e-07,2.101943e-17,2.101943e-17,1.0192624e-05,1.0192624e-05,2.2961801e-06,2.2961801e-06,1.0192624e-05,1.0192624e-05,2.2961801e-06,2.2961801e-06,1.2488804e-05,1.2488804e-05,5.6201873e-16,5.6201873e-16,-2.819063e-06,-2.819063e-06,-2.819063e-06,-2.819063e-06,-2.2961801e-06,-2.2961801e-06,9.4967224e-11,9.4967224e-11,2.0263662e-18,2.0263662e-18,1.2094655e-07,1.2094655e-07,-1.2085158e-07,-1.2085158e-07,1.2498206e-05,1.2498206e-05,5.6658363e-16,5.6658363e-16,0.013372106,0.013372106,3.5796012e-14,3.5796012e-14,0.0066837129,0.0066837129,1.7939568e-14,1.7939568e-14,-2.819063e-06,-2.819063e-06,1.5307867e-05,1.5307867e-05,-5.6381259e-07,-5.6381259e-07,1.1102837e-16,1.1102837e-16,-1.0667592e-14,-1.0667592e-14,1.0667622e-14,1.0667622e-14,-3.3081855e-21,-3.3081855e-21,-6.7121533e-19,-6.7121533e-19,-1.5514454e-05,-1.5514454e-05,5.5655874e-20,5.5655874e-20,8.6339104e-19,8.6339104e-19,-2.4775725e-18,-2.4775725e-18,-1.5514454e-05,-1.5514454e-05,4.4535716e-10,4.4535716e-10,2.7017802e-34,2.7017802e-34
-2.0535794e-06,-2.0535794e-06,2.0535794e-06,2.0535794e-06,-6.0492552e-16,-6.0492552e-16,-5.6220485e-16,-5.6220485e-16,2.0535794e-06,2.0535794e-06,-1.2504156e-05,-1.2504156e-05,-2.1813711e-06,-2.1813711e-06,-1.2503836e-05,-1.2503836e-05,-2.1813711e-06,-2.1813711e-06,0,0,1.2488894e-05,1.2488894e-05,5.6495983e-16,5.6495983e-16,7.3086372e-07,7.3086372e-07,7.3086372e-07,7.3086372e-07,2.8298109e-18,2.8298109e-18,-1.2361103e-05,-1.2361103e-05,-2.1813711e-06,-2.1813711e-06,-1.2361103e-05,-1.2361103e-05,-2.1813711e-06,-2.1813711e-06,5.8694413e-18,5.8694413e-18,-2.2623284e-18,-2.2623284e-18,-1.4542474e-05,-1.4542474e-05,3.7886445e-18,3.7886445e-18,1.9625771e-07,1.9625771e-07,2.0868765e-17,2.0868765e-17,1.0307523e-05,1.0307523e-05,2.1813711e-06,2.1813711e-06,1.0307523e-05,1.0307523e-05,2.1813711e-06,2.1813711e-06,1.2488894e-05,1.2488894e-05,5.6340319e-16,5.6340319e-16,-2.0535794e-06,-2.0535794e-06,-2.0535794e-06,-2.0535794e-06,-2.1813711e-06,-2.1813711e-06,9.0218863e-11,9.0218863e-11,2.0272575e-18,2.0272575e-18,1.1489922e-07,1.1489922e-07,-1.14809e-07,-1.14809e-07,1.2497826e-05,1.2497826e-05,5.6797079e-16,5.6797079e-16,0.013371895,0.013371895,3.5882595e-14,3.5882595e-14,0.0066837241,0.0066837241,1.7982328e-14,1.7982328e-14,-2.0535794e-06,-2.0535794e-06,1.4542474e-05,1.4542474e-05,-4.1071588e-07,-4.1071588e-07,1.112714e-16,1.112714e-16,-1.0731326e-14,-1.0731326e-14,1.0731348e-14,1.0731348e-14,-5.6662373e-21,-5.6662373e-21,-6.7108638e-19,-6.7108638e-19,-1.4738732e-05,-1.4738732e-05,4.3783378e-20,4.3783378e-20,8.6370063e-19,8.6370063e-19,-2.4790497e-18,-2.4790497e-18,-1.4738732e-05,-1.4738732e-05,4.4090359e-10,4.4090359e-10,2.7044477e-34,2.7044477e-34
-1.32637e-06,-1.32637e-06,1.32637e-06,1.32637e-06,-6.0440544e-16,-6.0440544e-16,-5.6373578e-16,-5.6373578e-16,1.32637e-06,1.32637e-06,-1.1878961e-05,-1.1878961e-05,-2.0723025e-06,-2.0723025e-06,-1.1878644e-05,-1.1878644e-05,-2.0723025e-06,-2.0723025e-06,0,0,1.248898e-05,1.248898e-05,5.6634543e-16,5.6634543e-16,6.9432053e-07,6.9432053e-07,6.9432053e-07,6.9432053e-07,2.8309573e-18,2.8309573e-18,-1.1743048e-05,-1.1743048e-05,-2.0723025e-06,-2.0723025e-06,-1.1743048e-05,-1.1743048e-05,-2.0723025e-06,-2.0723025e-06,5.58372e-18,5.58372e-18,-2.1387343e-18,-2.1387343e-18,-1.381535e-05,-1.381535e-05,3.626568e-18,3.626568e-18,1.8644482e-07,1.8644482e-07,2.0717808e-17,2.0717808e-17,1.0416678e-05,1.0416678e-05,2.0723025e-06,2.0723025e-06,1.0416678e-05,1.0416678e-05,2.0723025e-06,2.0723025e-06,1.248898e-05,1.248898e-05,5.6478842e-16,5.6478842e-16,-1.32637e-06,-1.32637e-06,-1.32637e-06,-1.32637e-06,-2.0723025e-06,-2.0723025e-06,8.570792e-11,8.570792e-11,2.028118e-18,2.028118e-18,1.0915426e-07,1.0915426e-07,-1.0906855e-07,-1.0906855e-07,1.2497465e-05,1.2497465e-05,5.6935863e-16,5.6935863e-16,0.013371694,0.013371694,3.5969219e-14,3.5969219e-14,0.0066837348,0.0066837348,1.8025109e-14,1.8025109e-14,-1.32637e-06,-1.32637e-06,1.381535e-05,1.381535e-05,-2.65274e-07,-2.65274e-07,1.115147e-16,1.115147e-16,-1.0795072e-14,-1.0795072e-14,1.0795087e-14,1.0795087e-14,-7.9711756e-21,-7.9711756e-21,-6.7096387e-19,-6.7096387e-19,-1.4001795e-05,-1.4001795e-05,3.2430191e-20,3.2430191e-20,8.6399474e-19,8.6399474e-19,-2.4804531e-18,-2.4804531e-18,-1.4001795e-05,-1.4001795e-05,4.3649456e-10,4.3649456e-10,2.7070241e-34,2.7070241e-34
-6.3552105e-07,-6.3552105e-07,6.3552105e-07,6.3552105e-07,-6.0388536e-16,-6.0388536e-16,-5.6526801e-16,-5.6526801e-16,6.3552105e-07,6.3552105e-07,-1.1285026e-05,-1.1285026e-05,-1.9686874e-06,-1.9686874e-06,-1.1284712e-05,-1.1284712e-05,-1.9686874e-06,-1.9686874e-06,0,0,1.2489062e-05,1.2489062e-05,5.6773176e-16,5.6773176e-16,6.5960451e-07,6.5960451e-07,6.5960451e-07,6.5960451e-07,2.8320663e-18,2.8320663e-18,-1.1155895e-05,-1.1155895e-05,-1.9686874e-06,-1.9686874e-06,-1.1155895e-05,-1.1155895e-05,-1.9686874e-06,-1.9686874e-06,5.2977246e-18,5.2977246e-18,-2.0146623e-18,-2.0146623e-18,-1.3124583e-05,-1.3124583e-05,3.4646926e-18,3.4646926e-18,1.7712258e-07,1.7712258e-07,2.0566566e-17,2.0566566e-17,1.0520374e-05,1.0520374e-05,1.9686874e-06,1.9686874e-06,1.0520374e-05,1.0520374e-05,1.9686874e-06,1.9686874e-06,1.2489062e-05,1.2489062e-05,5.6617441e-16,5.6617441e-16,-6.3552105e-07,-6.3552105e-07,-6.3552105e-07,-6.3552105e-07,-1.9686874e-06,-1.9686874e-06,8.1422524e-11,8.1422524e-11,2.0289487e-18,2.0289487e-18,1.0369655e-07,1.0369655e-07,-1.0361513e-07,-1.0361513e-07,1.2497122e-05,1.2497122e-05,5.7074714e-16,5.7074714e-16,0.013371503,0.013371503,3.6055884e-14,3.6055884e-14,0.006683745,0.006683745,1.8067909e-14,1.8067909e-14,-6.3552105e-07,-6.3552105e-07,1.3124583e-05,1.3124583e-05,-1.2710421e-07,-1.2710421e-07,1.1175826e-16,1.1175826e-16,-1.085883e-14,-1.085883e-14,1.0858837e-14,1.0858837e-14,-1.0224166e-20,-1.0224166e-20,-6.7084749e-19,-6.7084749e-19,-1.3301705e-05,-1.3301705e-05,2.1574065e-20,2.1574065e-20,8.6427415e-19,8.6427415e-19,-2.4817863e-18,-2.4817863e-18,-1.3301705e-05,-1.3301705e-05,4.3212962e-10,4.3212962e-10,2.7095125e-34,2.7095125e-34
2.0785432e-08,2.0785432e-08,-2.0785433e-08,-2.0785433e-08,-6.033602e-16,-6.033602e-16,-5.668015e-16,-5.668015e-16,-2.0785433e-08,-2.0785433e-08,-1.0720787e-05,-1.0720787e-05,-1.870253e-06,-1.870253e-06,-1.0720476e-05,-1.0720476e-05,-1.870253e-06,-1.870253e-06,0,0,1.2489139e-05,1.2489139e-05,5.6911881e-16,5.6911881e-16,6.2662428e-07,6.2662428e-07,6.2662428e-07,6.2662428e-07,2.8331392e-18,2.8331392e-18,-1.0598101e-05,-1.0598101e-05,-1.870253e-06,-1.870253e-06,-1.0598101e-05,-1.0598101e-05,-1.870253e-06,-1.870253e-06,5.0114602e-18,5.0114602e-18,-1.8901305e-18,-1.8901305e-18,-1.2468354e-05,-1.2468354e-05,3.3030056e-18,3.3030056e-18,1.6826645e-07,1.6826645e-07,2.0415048e-17,2.0415048e-17,1.0618886e-05,1.0618886e-05,1.870253e-06,1.870253e-06,1.0618886e-05,1.0618886e-05,1.870253e-06,1.870253e-06,1.2489139e-05,1.2489139e-05,5.6756113e-16,5.6756113e-16,2.0785433e-08,2.0785433e-08,2.0785433e-08,2.0785433e-08,-1.870253e-06,-1.870253e-06,7.7351397e-11,7.7351397e-11,2.0297508e-18,2.0297508e-18,9.8511721e-08,9.8511721e-08,-9.843437e-08,-9.843437e-08,1.2496797e-05,1.2496797e-05,5.721363e-16,5.721363e-16,0.013371321,0.013371321,3.6142589e-14,3.6142589e-14,0.0066837546,0.0066837546,1.8110728e-14,1.8110728e-14,2.0785433e-08,2.0785433e-08,1.2468354e-05,1.2468354e-05,4.1570865e-09,4.1570865e-09,1.1200207e-16,1.1200207e-16,-1.09226e-14,-1.09226e-14,1.09226e-14,1.09226e-14,-1.242635e-20,-1.242635e-20,-6.7073693e-19,-6.7073693e-19,-1.263662e-05,-1.263662e-05,1.1193675e-20,1.1193675e-20,8.6453959e-19,8.6453959e-19,-2.4830529e-18,-2.4830529e-18,-1.263662e-05,-1.263662e-05,4.2780833e-10,4.2780833e-10,2.7119159e-34,2.7119159e-34
6.4427659e-07,6.4427659e-07,-6.4427659e-07,-6.4427659e-07,-6.0283843e-16,-6.0283843e-16,-5.683362e-16,-5.683362e-16,-6.4427659e-07,-6.4427659e-07,-1.018476e-05,-1.018476e-05,-1.7767404e-06,-1.7767404e-06,-1.0184452e-05,-1.0184452e-05,-1.7767404e-06,-1.7767404e-06,0,0,1.2489212e-05,1.2489212e-05,5.7050654e-16,5.7050654e-16,5.9529307e-07,5.9529307e-07,5.9529307e-07,5.9529307e-07,2.8341771e-18,2.8341771e-18,-1.0068195e-05,-1.0068195e-05,-1.7767404e-06,-1.7767404e-06,-1.0068195e-05,-1.0068195e-05,-1.7767404e-06,-1.7767404e-06,4.7249319e-18,4.7249319e-18,-1.7651561e-18,-1.7651561e-18,-1.1844936e-05,-1.1844936e-05,3.1414952e-18,3.1414952e-18,1.5985313e-07,1.5985313e-07,2.0263262e-17,2.0263262e-17,1.0712472e-05,1.0712472e-05,1.7767404e-06,1.7767404e-06,1.0712472e-05,1.0712472e-05,1.7767404e-06,1.7767404e-06,1.2489212e-05,1.2489212e-05,5.6894855e-16,5.6894855e-16,6.4427659e-07,6.4427659e-07,6.4427659e-07,6.4427659e-07,-1.7767404e-06,-1.7767404e-06,7.3483828e-11,7.3483828e-11,2.0305252e-18,2.0305252e-18,9.3586135e-08,9.3586135e-08,-9.3512652e-08,-9.3512652e-08,1.2496487e-05,1.2496487e-05,5.7352607e-16,5.7352607e-16,0.013371149,0.013371149,3.6229331e-14,3.6229331e-14,0.0066837638,0.0066837638,1.8153566e-14,1.8153566e-14,6.4427659e-07,6.4427659e-07,1.1844936e-05,1.1844936e-05,1.2885532e-07,1.2885532e-07,1.1224611e-16,1.1224611e-16,-1.0986382e-14,-1.0986382e-14,1.0986375e-14,1.0986375e-14,-1.4578846e-20,-1.4578846e-20,-6.7063189e-19,-6.7063189e-19,-1.2004789e-05,-1.2004789e-05,1.2685889e-21,1.2685889e-21,8.6479176e-19,8.6479176e-19,-2.4842561e-18,-2.4842561e-18,-1.2004789e-05,-1.2004789e-05,4.2353024e-10,4.2353024e-10,2.7142373e-34,2.7142373e-34
1.2365932e-06,1.2365932e-06,-1.2365932e-06,-1.2365932e-06,-6.0231666e-16,-6.0231666e-16,-5.6987208e-16,-5.6987208e-16,-1.2365932e-06,-1.2365932e-06,-9.6755346e-06,-9.6755346e-06,-1.6879034e-06,-1.6879034e-06,-9.6752297e-06,-9.6752297e-06,-1.6879034e-06,-1.6879034e-06,0,0,1.2489282e-05,1.2489282e-05,5.7189495e-16,5.7189495e-16,5.6552841e-07,5.6552841e-07,5.6552841e-07,5.6552841e-07,2.8351811e-18,2.8351811e-18,-9.5647857e-06,-9.5647857e-06,-1.6879034e-06,-1.6879034e-06,-9.5647857e-06,-9.5647857e-06,-1.6879034e-06,-1.6879034e-06,4.4381448e-18,4.4381448e-18,-1.6397556e-18,-1.6397556e-18,-1.1252689e-05,-1.1252689e-05,2.9801498e-18,2.9801498e-18,1.5186047e-07,1.5186047e-07,2.0111216e-17,2.0111216e-17,1.0801379e-05,1.0801379e-05,1.6879034e-06,1.6879034e-06,1.0801379e-05,1.0801379e-05,1.6879034e-06,1.6879034e-06,1.2489282e-05,1.2489282e-05,5.7033666e-16,5.7033666e-16,1.2365932e-06,1.2365932e-06,1.2365932e-06,1.2365932e-06,-1.6879034e-06,-1.6879034e-06,6.9809636e-11,6.9809636e-11,2.0312729e-18,2.0312729e-18,8.8906829e-08,8.8906829e-08,-8.8837019e-08,-8.8837019e-08,1.2496193e-05,1.2496193e-05,5.7491644e-16,5.7491644e-16,0.013370985,0.013370985,3.6316111e-14,3.6316111e-14,0.0066837725,0.0066837725,1.8196422e-14,1.8196422e-14,1.2365932e-06,1.2365932e-06,1.1252689e-05,1.1252689e-05,2.4731864e-07,2.4731864e-07,1.1249038e-16,1.1249038e-16,-1.1050175e-14,-1.1050175e-14,1.1050161e-14,1.1050161e-14,-1.6682748e-20,-1.6682748e-20,-6.705321e-19,-6.705321e-19,-1.140455e-05,-1.140455e-05,-8.2207732e-21,-8.2207732e-21,8.6503132e-19,8.6503132e-19,-2.4853992e-18,-2.4853992e-18,-1.140455e-05,-1.140455e-05,4.1929495e-10,4.1929495e-10,2.7164794e-34,2.7164794e-34
1.799294e-06,1.799294e-06,-1.799294e-06,-1.799294e-06,-6.017915e-16,-6.017915e-16,-5.7140908e-16,-5.7140908e-16,-1.799294e-06,-1.799294e-06,-9.1917701e-06,-9.1917701e-06,-1.6035082e-06,-1.6035082e-06,-9.1914682e-06,-9.1914682e-06,-1.6035082e-06,-1.6035082e-06,0,0,1.2489349e-05,1.2489349e-05,5.7328399e-16,5.7328399e-16,5.3725199e-07,5.3725199e-07,5.3725199e-07,5.3725199e-07,2.8361525e-18,2.8361525e-18,-9.0865464e-06,-9.0865464e-06,-1.6035082e-06,-1.6035082e-06,-9.0865464e-06,-9.0865464e-06,-1.6035082e-06,-1.6035082e-06,4.151104e-18,4.151104e-18,-1.513945e-18,-1.513945e-18,-1.0690055e-05,-1.0690055e-05,2.8189587e-18,2.8189587e-18,1.4426745e-07,1.4426745e-07,1.9958916e-17,1.9958916e-17,1.088584e-05,1.088584e-05,1.6035082e-06,1.6035082e-06,1.088584e-05,1.088584e-05,1.6035082e-06,1.6035082e-06,1.2489349e-05,1.2489349e-05,5.7172542e-16,5.7172542e-16,1.799294e-06,1.799294e-06,1.799294e-06,1.799294e-06,-1.6035082e-06,-1.6035082e-06,6.6319154e-11,6.6319154e-11,2.0319949e-18,2.0319949e-18,8.4461487e-08,8.4461487e-08,-8.4395168e-08,-8.4395168e-08,1.2495914e-05,1.2495914e-05,5.763074e-16,5.763074e-16,0.01337083,0.01337083,3.6402927e-14,3.6402927e-14,0.0066837807,0.0066837807,1.8239296e-14,1.8239296e-14,1.799294e-06,1.799294e-06,1.0690055e-05,1.0690055e-05,3.5985879e-07,3.5985879e-07,1.1273486e-16,1.1273486e-16,-1.1113979e-14,-1.1113979e-14,1.1113959e-14,1.1113959e-14,-1.8739128e-20,-1.8739128e-20,-6.7043731e-19,-6.7043731e-19,-1.0834322e-05,-1.0834322e-05,-1.7293171e-20,-1.7293171e-20,8.6525891e-19,8.6525891e-19,-2.4864851e-18,-2.4864851e-18,-1.0834322e-05,-1.0834322e-05,4.15102e-10,4.15102e-10,2.7186451e-34,2.7186451e-34
2.3338597e-06,2.3338597e-06,-2.3338597e-06,-2.3338597e-06,-6.0126803e-16,-6.0126803e-16,-5.7294718e-16,-5.7294718e-16,-2.3338597e-06,-2.3338597e-06,-8.7321937e-06,-8.7321937e-06,-1.5233328e-06,-1.5233328e-06,-8.7318948e-06,-8.7318948e-06,-1.5233328e-06,-1.5233328e-06,0,0,1.2489412e-05,1.2489412e-05,5.7467367e-16,5.7467367e-16,5.1038939e-07,5.1038939e-07,5.1038939e-07,5.1038939e-07,2.8370921e-18,2.8370921e-18,-8.6322191e-06,-8.6322191e-06,-1.5233328e-06,-1.5233328e-06,-8.6322191e-06,-8.6322191e-06,-1.5233328e-06,-1.5233328e-06,3.8638142e-18,3.8638142e-18,-1.3877396e-18,-1.3877396e-18,-1.0155552e-05,-1.0155552e-05,2.6579116e-18,2.6579116e-18,1.3705408e-07,1.3705408e-07,1.980637e-17,1.980637e-17,1.0966079e-05,1.0966079e-05,1.5233328e-06,1.5233328e-06,1.0966079e-05,1.0966079e-05,1.5233328e-06,1.5233328e-06,1.2489412e-05,1.2489412e-05,5.7311483e-16,5.7311483e-16,2.3338597e-06,2.3338597e-06,2.3338597e-06,2.3338597e-06,-1.5233328e-06,-1.5233328e-06,6.3003196e-11,6.3003196e-11,2.032692e-18,2.032692e-18,8.0238413e-08,8.0238413e-08,-8.017541e-08,-8.017541e-08,1.2495649e-05,1.2495649e-05,5.7769892e-16,5.7769892e-16,0.013370682,0.013370682,3.6489776e-14,3.6489776e-14,0.0066837886,0.0066837886,1.8282186e-14,1.8282186e-14,2.3338597e-06,2.3338597e-06,1.0155552e-05,1.0155552e-05,4.6677194e-07,4.6677194e-07,1.1297956e-16,1.1297956e-16,-1.1177793e-14,-1.1177793e-14,1.1177767e-14,1.1177767e-14,-2.0749036e-20,-2.0749036e-20,-6.7034725e-19,-6.7034725e-19,-1.0292606e-05,-1.0292606e-05,-2.5966577e-20,-2.5966577e-20,8.6547512e-19,8.6547512e-19,-2.4875168e-18,-2.4875168e-18,-1.0292606e-05,-1.0292606e-05,4.1095098e-10,4.1095098e-10,2.7207369e-34,2.7207369e-34
2.8416971e-06,2.8416971e-06,-2.8416971e-06,-2.8416971e-06,-6.0073948e-16,-6.0073948e-16,-5.7448633e-16,-5.7448633e-16,-2.8416971e-06,-2.8416971e-06,-8.2955959e-06,-8.2955959e-06,-1.4471661e-06,-1.4471661e-06,-8.2953001e-06,-8.2953001e-06,-1.4471661e-06,-1.4471661e-06,0,0,1.2489471e-05,1.2489471e-05,5.7606394e-16,5.7606394e-16,4.8486992e-07,4.8486992e-07,4.8486992e-07,4.8486992e-07,2.8380012e-18,2.8380012e-18,-8.2006081e-06,-8.2006081e-06,-1.4471661e-06,-1.4471661e-06,-8.2006081e-06,-8.2006081e-06,-1.4471661e-06,-1.4471661e-06,3.5762805e-18,3.5762805e-18,-1.2611542e-18,-1.2611542e-18,-9.6477743e-06,-9.6477743e-06,2.4969986e-18,2.4969986e-18,1.3020137e-07,1.3020137e-07,1.9653585e-17,1.9653585e-17,1.1042305e-05,1.1042305e-05,1.4471661e-06,1.4471661e-06,1.1042305e-05,1.1042305e-05,1.4471661e-06,1.4471661e-06,1.2489471e-05,1.2489471e-05,5.7450485e-16,5.7450485e-16,2.8416971e-06,2.8416971e-06,2.8416971e-06,2.8416971e-06,-1.4471661e-06,-1.4471661e-06,5.9853037e-11,5.9853037e-11,2.0333653e-18,2.0333653e-18,7.6226492e-08,7.6226492e-08,-7.6166639e-08,-7.6166639e-08,1.2495397e-05,1.2495397e-05,5.7909098e-16,5.7909098e-16,0.013370542,0.013370542,3.657666e-14,3.657666e-14,0.006683796,0.006683796,1.8325092e-14,1.8325092e-14,2.8416971e-06,2.8416971e-06,9.6477743e-06,9.6477743e-06,5.6833943e-07,5.6833943e-07,1.1322445e-16,1.1322445e-16,-1.1241618e-14,-1.1241618e-14,1.1241587e-14,1.1241587e-14,-2.27135e-20,-2.27135e-20,-6.7026169e-19,-6.7026169e-19,-9.7779757e-06,-9.7779757e-06,-3.425821e-20,-3.425821e-20,8.6568052e-19,8.6568052e-19,-2.4884969e-18,-2.4884969e-18,-9.7779757e-06,-9.7779757e-06,4.0684147e-10,4.0684147e-10,2.7227575e-34,2.7227575e-34
3.3241427e-06,3.3241427e-06,-3.3241427e-06,-3.3241427e-06,-6.0021263e-16,-6.0021263e-16,-5.760265e-16,-5.760265e-16,-3.3241427e-06,-3.3241427e-06,-7.880828e-06,-7.880828e-06,-1.3748078e-06,-1.3748078e-06,-7.8805351e-06,-7.8805351e-06,-1.3748078e-06,-1.3748078e-06,0,0,1.2489528e-05,1.2489528e-05,5.774548e-16,5.774548e-16,4.6062643e-07,4.6062643e-07,4.6062643e-07,4.6062643e-07,2.8388807e-18,2.8388807e-18,-7.7905777e-06,-7.7905777e-06,-1.3748078e-06,-1.3748078e-06,-7.7905777e-06,-7.7905777e-06,-1.3748078e-06,-1.3748078e-06,3.2885074e-18,3.2885074e-18,-1.1342027e-18,-1.1342027e-18,-9.1653856e-06,-9.1653856e-06,2.3362105e-18,2.3362105e-18,1.2369131e-07,1.2369131e-07,1.9500568e-17,1.9500568e-17,1.111472e-05,1.111472e-05,1.3748078e-06,1.3748078e-06,1.111472e-05,1.111472e-05,1.3748078e-06,1.3748078e-06,1.2489528e-05,1.2489528e-05,5.7589547e-16,5.7589547e-16,3.3241427e-06,3.3241427e-06,3.3241427e-06,3.3241427e-06,-1.3748078e-06,-1.3748078e-06,5.6860385e-11,5.6860385e-11,2.0340154e-18,2.0340154e-18,7.2415168e-08,7.2415168e-08,-7.2358307e-08,-7.2358307e-08,1.2495157e-05,1.2495157e-05,5.8048357e-16,5.8048357e-16,0.013370409,0.013370409,3.6663576e-14,3.6663576e-14,0.0066838031,0.0066838031,1.8368014e-14,1.8368014e-14,3.3241427e-06,3.3241427e-06,9.1653856e-06,9.1653856e-06,6.6482854e-07,6.6482854e-07,1.1346954e-16,1.1346954e-16,-1.1305454e-14,-1.1305454e-14,1.1305416e-14,1.1305416e-14,-2.4633525e-20,-2.4633525e-20,-6.7018041e-19,-6.7018041e-19,-9.2890769e-06,-9.2890769e-06,-4.2184564e-20,-4.2184564e-20,8.6587565e-19,8.6587565e-19,-2.4894279e-18,-2.4894279e-18,-9.2890769e-06,-9.2890769e-06,4.0277306e-10,4.0277306e-10,2.7247092e-34,2.7247092e-34
3.782466e-06,3.782466e-06,-3.782466e-06,-3.782466e-06,-5.9968408e-16,-5.9968408e-16,-5.7756765e-16,-5.7756765e-16,-3.782466e-06,-3.782466e-06,-7.4867983e-06,-7.4867983e-06,-1.3060674e-06,-1.3060674e-06,-7.4865083e-06,-7.4865083e-06,-1.3060674e-06,-1.3060674e-06,0,0,1.2489582e-05,1.2489582e-05,5.7884623e-16,5.7884623e-16,4.3759511e-07,4.3759511e-07,4.3759511e-07,4.3759511e-07,2.8397315e-18,2.8397315e-18,-7.4010488e-06,-7.4010488e-06,-1.3060674e-06,-1.3060674e-06,-7.4010488e-06,-7.4010488e-06,-1.3060674e-06,-1.3060674e-06,3.0004997e-18,3.0004997e-18,-1.006899e-18,-1.006899e-18,-8.7071163e-06,-8.7071163e-06,2.1755386e-18,2.1755386e-18,1.1750674e-07,1.1750674e-07,1.9347326e-17,1.9347326e-17,1.1183515e-05,1.1183515e-05,1.3060674e-06,1.3060674e-06,1.1183515e-05,1.1183515e-05,1.3060674e-06,1.3060674e-06,1.2489582e-05,1.2489582e-05,5.7728667e-16,5.7728667e-16,3.782466e-06,3.782466e-06,3.782466e-06,3.782466e-06,-1.3060674e-06,-1.3060674e-06,5.4017365e-11,5.4017365e-11,2.0346433e-18,2.0346433e-18,6.8794409e-08,6.8794409e-08,-6.8740392e-08,-6.8740392e-08,1.249493e-05,1.249493e-05,5.8187667e-16,5.8187667e-16,0.013370282,0.013370282,3.6750523e-14,3.6750523e-14,0.0066838098,0.0066838098,1.8410951e-14,1.8410951e-14,3.782466e-06,3.782466e-06,8.7071163e-06,8.7071163e-06,7.564932e-07,7.564932e-07,1.137148e-16,1.137148e-16,-1.13693e-14,-1.13693e-14,1.1369257e-14,1.1369257e-14,-2.6510096e-20,-2.6510096e-20,-6.701032e-19,-6.701032e-19,-8.824623e-06,-8.824623e-06,-4.9761437e-20,-4.9761437e-20,8.6606102e-19,8.6606102e-19,-2.4903125e-18,-2.4903125e-18,-8.824623e-06,-8.824623e-06,3.9874533e-10,3.9874533e-10,2.7265945e-34,2.7265945e-34
4.2178732e-06,4.2178732e-06,-4.2178732e-06,-4.2178732e-06,-5.9915045e-16,-5.9915045e-16,-5.7910974e-16,-5.7910974e-16,-4.2178732e-06,-4.2178732e-06,-7.11247e-06,-7.11247e-06,-1.2407641e-06,-1.2407641e-06,-7.1121829e-06,-7.1121829e-06,-1.2407641e-06,-1.2407641e-06,0,0,1.2489634e-05,1.2489634e-05,5.802382e-16,5.802382e-16,4.1571535e-07,4.1571535e-07,4.1571535e-07,4.1571535e-07,2.8405547e-18,2.8405547e-18,-7.0309964e-06,-7.0309964e-06,-1.2407641e-06,-1.2407641e-06,-7.0309964e-06,-7.0309964e-06,-1.2407641e-06,-1.2407641e-06,2.7122621e-18,2.7122621e-18,-8.792559e-19,-8.792559e-19,-8.2717605e-06,-8.2717605e-06,2.0149743e-18,2.0149743e-18,1.116314e-07,1.116314e-07,1.9193864e-17,1.9193864e-17,1.124887e-05,1.124887e-05,1.2407641e-06,1.2407641e-06,1.124887e-05,1.124887e-05,1.2407641e-06,1.2407641e-06,1.2489634e-05,1.2489634e-05,5.7867842e-16,5.7867842e-16,4.2178732e-06,4.2178732e-06,4.2178732e-06,4.2178732e-06,-1.2407641e-06,-1.2407641e-06,5.1316497e-11,5.1316497e-11,2.0352497e-18,2.0352497e-18,6.5354689e-08,6.5354689e-08,-6.5303372e-08,-6.5303372e-08,1.2494714e-05,1.2494714e-05,5.8327027e-16,5.8327027e-16,0.013370162,0.013370162,3.68375e-14,3.68375e-14,0.0066838162,0.0066838162,1.8453902e-14,1.8453902e-14,4.2178732e-06,4.2178732e-06,8.2717605e-06,8.2717605e-06,8.4357463e-07,8.4357463e-07,1.1396024e-16,1.1396024e-16,-1.1433155e-14,-1.1433155e-14,1.1433107e-14,1.1433107e-14,-2.8344179e-20,-2.8344179e-20,-6.7002984e-19,-6.7002984e-19,-8.3833919e-06,-8.3833919e-06,-5.7003961e-20,-5.7003961e-20,8.6623713e-19,8.6623713e-19,-2.4911528e-18,-2.4911528e-18,-8.3833919e-06,-8.3833919e-06,3.9475788e-10,3.9475788e-10,2.7284157e-34,2.7284157e-34
4.6315099e-06,4.6315099e-06,-4.6315099e-06,-4.6315099e-06,-5.9862021e-16,-5.9862021e-16,-5.8065276e-16,-5.8065276e-16,-4.6315099e-06,-4.6315099e-06,-6.756858e-06,-6.756858e-06,-1.1787259e-06,-1.1787259e-06,-6.7565737e-06,-6.7565737e-06,-1.1787259e-06,-1.1787259e-06,0,0,1.2489682e-05,1.2489682e-05,5.816307e-16,5.816307e-16,3.9492958e-07,3.9492958e-07,3.9492958e-07,3.9492958e-07,2.8413512e-18,2.8413512e-18,-6.6794466e-06,-6.6794466e-06,-1.1787259e-06,-1.1787259e-06,-6.6794466e-06,-6.6794466e-06,-1.1787259e-06,-1.1787259e-06,2.423799e-18,2.423799e-18,-7.5128608e-19,-7.5128608e-19,-7.8581725e-06,-7.8581725e-06,1.8545098e-18,1.8545098e-18,1.0604983e-07,1.0604983e-07,1.9040189e-17,1.9040189e-17,1.1310957e-05,1.1310957e-05,1.1787259e-06,1.1787259e-06,1.1310957e-05,1.1310957e-05,1.1787259e-06,1.1787259e-06,1.2489682e-05,1.2489682e-05,5.8007072e-16,5.8007072e-16,4.6315099e-06,4.6315099e-06,4.6315099e-06,4.6315099e-06,-1.1787259e-06,-1.1787259e-06,4.8750672e-11,4.8750672e-11,2.0358354e-18,2.0358354e-18,6.2086954e-08,6.2086954e-08,-6.2038204e-08,-6.2038204e-08,1.2494509e-05,1.2494509e-05,5.8466434e-16,5.8466434e-16,0.013370047,0.013370047,3.6924507e-14,3.6924507e-14,0.0066838223,0.0066838223,1.8496868e-14,1.8496868e-14,4.6315099e-06,4.6315099e-06,7.8581725e-06,7.8581725e-06,9.2630199e-07,9.2630199e-07,1.1420585e-16,1.1420585e-16,-1.149702e-14,-1.149702e-14,1.1496967e-14,1.1496967e-14,-3.0136715e-20,-3.0136715e-20,-6.6996015e-19,-6.6996015e-19,-7.9642223e-06,-7.9642223e-06,-6.392663e-20,-6.392663e-20,8.6640443e-19,8.6640443e-19,-2.4919511e-18,-2.4919511e-18,-7.9642223e-06,-7.9642223e-06,3.908103e-10,3.908103e-10,2.730175e-34,2.730175e-34
5.0244649e-06,5.0244649e-06,-5.0244649e-06,-5.0244649e-06,-5.980942e-16,-5.980942e-16,-5.8219665e-16,-5.8219665e-16,-5.0244649e-06,-5.0244649e-06,-6.4190264e-06,-6.4190264e-06,-1.1197896e-06,-1.1197896e-06,-6.4187451e-06,-6.4187451e-06,-1.1197896e-06,-1.1197896e-06,0,0,1.2489729e-05,1.2489729e-05,5.8302372e-16,5.8302372e-16,3.751831e-07,3.751831e-07,3.751831e-07,3.751831e-07,2.8421217e-18,2.8421217e-18,-6.3454743e-06,-6.3454743e-06,-1.1197896e-06,-1.1197896e-06,-6.3454743e-06,-6.3454743e-06,-1.1197896e-06,-1.1197896e-06,2.1351149e-18,2.1351149e-18,-6.2300157e-19,-6.2300157e-19,-7.4652638e-06,-7.4652638e-06,1.6941376e-18,1.6941376e-18,1.0074734e-07,1.0074734e-07,1.8886307e-17,1.8886307e-17,1.1369939e-05,1.1369939e-05,1.1197896e-06,1.1197896e-06,1.1369939e-05,1.1369939e-05,1.1197896e-06,1.1197896e-06,1.2489729e-05,1.2489729e-05,5.8146354e-16,5.8146354e-16,5.0244649e-06,5.0244649e-06,5.0244649e-06,5.0244649e-06,-1.1197896e-06,-1.1197896e-06,4.6313138e-11,4.6313138e-11,2.0364011e-18,2.0364011e-18,5.8982607e-08,5.8982607e-08,-5.8936293e-08,-5.8936293e-08,1.2494314e-05,1.2494314e-05,5.8605887e-16,5.8605887e-16,0.013369939,0.013369939,3.7011542e-14,3.7011542e-14,0.0066838281,0.0066838281,1.8539848e-14,1.8539848e-14,5.0244649e-06,5.0244649e-06,7.4652638e-06,7.4652638e-06,1.004893e-06,1.004893e-06,1.1445162e-16,1.1445162e-16,-1.1560894e-14,-1.1560894e-14,1.1560836e-14,1.1560836e-14,-3.1888629e-20,-3.1888629e-20,-6.6989395e-19,-6.6989395e-19,-7.5660112e-06,-7.5660112e-06,-7.0543323e-20,-7.0543323e-20,8.6656337e-19,8.6656337e-19,-2.4927094e-18,-2.4927094e-18,-7.5660112e-06,-7.5660112e-06,3.869022e-10,3.869022e-10,2.7318746e-34,2.7318746e-34
5.3977721e-06,5.3977721e-06,-5.3977721e-06,-5.3977721e-06,-5.9755379e-16,-5.9755379e-16,-5.8374141e-16,-5.8374141e-16,-5.3977721e-06,-5.3977721e-06,-6.0980864e-06,-6.0980864e-06,-1.0638001e-06,-1.0638001e-06,-6.0978078e-06,-6.0978078e-06,-1.0638001e-06,-1.0638001e-06,0,0,1.2489773e-05,1.2489773e-05,5.8441723e-16,5.8441723e-16,3.5642395e-07,3.5642395e-07,3.5642395e-07,3.5642395e-07,2.8428673e-18,2.8428673e-18,-6.0282005e-06,-6.0282005e-06,-1.0638001e-06,-1.0638001e-06,-6.0282005e-06,-6.0282005e-06,-1.0638001e-06,-1.0638001e-06,1.8462143e-18,1.8462143e-18,-4.9441397e-19,-4.9441397e-19,-7.0920006e-06,-7.0920006e-06,1.5338505e-18,1.5338505e-18,9.5709974e-08,9.5709974e-08,1.8732224e-17,1.8732224e-17,1.1425973e-05,1.1425973e-05,1.0638001e-06,1.0638001e-06,1.1425973e-05,1.1425973e-05,1.0638001e-06,1.0638001e-06,1.2489773e-05,1.2489773e-05,5.8285686e-16,5.8285686e-16,5.3977721e-06,5.3977721e-06,5.3977721e-06,5.3977721e-06,-1.0638001e-06,-1.0638001e-06,4.3997481e-11,4.3997481e-11,2.0369475e-18,2.0369475e-18,5.6033476e-08,5.6033476e-08,-5.5989479e-08,-5.5989479e-08,1.2494128e-05,1.2494128e-05,5.8745385e-16,5.8745385e-16,0.013369836,0.013369836,3.7098604e-14,3.7098604e-14,0.0066838336,0.0066838336,1.8582841e-14,1.8582841e-14,5.3977721e-06,5.3977721e-06,7.0920006e-06,7.0920006e-06,1.0795544e-06,1.0795544e-06,1.1469755e-16,1.1469755e-16,-1.1624778e-14,-1.1624778e-14,1.1624715e-14,1.1624715e-14,-3.3600825e-20,-3.3600825e-20,-6.6983106e-19,-6.6983106e-19,-7.1877106e-06,-7.1877106e-06,-7.686733e-20,-7.686733e-20,8.6671437e-19,8.6671437e-19,-2.4934299e-18,-2.4934299e-18,-7.1877106e-06,-7.1877106e-06,3.8303318e-10,3.8303318e-10,2.7335165e-34,2.7335165e-34
5.7524139e-06,5.7524139e-06,-5.7524139e-06,-5.7524139e-06,-5.9702524e-16,-5.9702524e-16,-5.8528698e-16,-5.8528698e-16,-5.7524139e-06,-5.7524139e-06,-5.7931932e-06,-5.7931932e-06,-1.0106101e-06,-1.0106101e-06,-5.7929174e-06,-5.7929174e-06,-1.0106101e-06,-1.0106101e-06,0,0,1.2489814e-05,1.2489814e-05,5.8581122e-16,5.8581122e-16,3.3860275e-07,3.3860275e-07,3.3860275e-07,3.3860275e-07,2.8435888e-18,2.8435888e-18,-5.7267905e-06,-5.7267905e-06,-1.0106101e-06,-1.0106101e-06,-5.7267905e-06,-5.7267905e-06,-1.0106101e-06,-1.0106101e-06,1.5571013e-18,1.5571013e-18,-3.6553441e-19,-3.6553441e-19,-6.7374006e-06,-6.7374006e-06,1.3736418e-18,1.3736418e-18,9.0924475e-08,9.0924475e-08,1.8577945e-17,1.8577945e-17,1.1479204e-05,1.1479204e-05,1.0106101e-06,1.0106101e-06,1.1479204e-05,1.1479204e-05,1.0106101e-06,1.0106101e-06,1.2489814e-05,1.2489814e-05,5.8425067e-16,5.8425067e-16,5.7524139e-06,5.7524139e-06,5.7524139e-06,5.7524139e-06,-1.0106101e-06,-1.0106101e-06,4.1797607e-11,4.1797607e-11,2.0374754e-18,2.0374754e-18,5.3231802e-08,5.3231802e-08,-5.3190005e-08,-5.3190005e-08,1.2493952e-05,1.2493952e-05,5.8884926e-16,5.8884926e-16,0.013369738,0.013369738,3.7185693e-14,3.7185693e-14,0.0066838388,0.0066838388,1.8625846e-14,1.8625846e-14,5.7524139e-06,5.7524139e-06,6.7374006e-06,6.7374006e-06,1.1504828e-06,1.1504828e-06,1.1494362e-16,1.1494362e-16,-1.1688671e-14,-1.1688671e-14,1.1688603e-14,1.1688603e-14,-3.5274187e-20,-3.5274187e-20,-6.6977131e-19,-6.6977131e-19,-6.8283251e-06,-6.8283251e-06,-8.2911378e-20,-8.2911378e-20,8.6685781e-19,8.6685781e-19,-2.4941144e-18,-2.4941144e-18,-6.8283251e-06,-6.8283251e-06,3.7920285e-10,3.7920285e-10,2.7351029e-34,2.7351029e-34
6.0893236e-06,6.0893236e-06,-6.0893236e-06,-6.0893236e-06,-5.9649246e-16,-5.9649246e-16,-5.8683336e-16,-5.8683336e-16,-6.0893236e-06,-6.0893236e-06,-5.5035446e-06,-5.5035446e-06,-9.6007959e-07,-9.6007959e-07,-5.5032715e-06,-5.5032715e-06,-9.6007959e-07,-9.6007959e-07,0,0,1.2489854e-05,1.2489854e-05,5.8720567e-16,5.8720567e-16,3.2167261e-07,3.2167261e-07,3.2167261e-07,3.2167261e-07,2.8442868e-18,2.8442868e-18,-5.440451e-06,-5.440451e-06,-9.6007959e-07,-9.6007959e-07,-5.440451e-06,-5.440451e-06,-9.6007959e-07,-9.6007959e-07,1.2677804e-18,1.2677804e-18,-2.363736e-19,-2.363736e-19,-6.4005306e-06,-6.4005306e-06,1.2135051e-18,1.2135051e-18,8.6378251e-08,8.6378251e-08,1.8423476e-17,1.8423476e-17,1.1529775e-05,1.1529775e-05,9.6007959e-07,9.6007959e-07,1.1529775e-05,1.1529775e-05,9.6007959e-07,9.6007959e-07,1.2489854e-05,1.2489854e-05,5.8564495e-16,5.8564495e-16,6.0893236e-06,6.0893236e-06,6.0893236e-06,6.0893236e-06,-9.6007959e-07,-9.6007959e-07,3.9707727e-11,3.9707727e-11,2.0379853e-18,2.0379853e-18,5.0570212e-08,5.0570212e-08,-5.0530505e-08,-5.0530505e-08,1.2493785e-05,1.2493785e-05,5.9024509e-16,5.9024509e-16,0.013369644,0.013369644,3.7272808e-14,3.7272808e-14,0.0066838437,0.0066838437,1.8668865e-14,1.8668865e-14,6.0893236e-06,6.0893236e-06,6.4005306e-06,6.4005306e-06,1.2178647e-06,1.2178647e-06,1.1518983e-16,1.1518983e-16,-1.1752572e-14,-1.1752572e-14,1.17525e-14,1.17525e-14,-3.6909582e-20,-3.6909582e-20,-6.6971455e-19,-6.6971455e-19,-6.4869088e-06,-6.4869088e-06,-8.8687653e-20,-8.8687653e-20,8.6699408e-19,8.6699408e-19,-2.4947646e-18,-2.4947646e-18,-6.4869088e-06,-6.4869088e-06,3.7541082e-10,3.7541082e-10,2.7366355e-34,2.7366355e-34
6.4093879e-06,6.4093879e-06,-6.4093879e-06,-6.4093879e-06,-5.959529e-16,-5.959529e-16,-5.883805e-16,-5.883805e-16,-6.4093879e-06,-6.4093879e-06,-5.2283783e-06,-5.2283783e-06,-9.1207561e-07,-9.1207561e-07,-5.228108e-06,-5.228108e-06,-9.1207561e-07,-9.1207561e-07,0,0,1.2489892e-05,1.2489892e-05,5.8860057e-16,5.8860057e-16,3.0558898e-07,3.0558898e-07,3.0558898e-07,3.0558898e-07,2.8449623e-18,2.8449623e-18,-5.1684284e-06,-5.1684284e-06,-9.1207561e-07,-9.1207561e-07,-5.1684284e-06,-5.1684284e-06,-9.1207561e-07,-9.1207561e-07,9.7825558e-19,9.7825558e-19,-1.0694185e-19,-1.0694185e-19,-6.080504e-06,-6.080504e-06,1.0534344e-18,1.0534344e-18,8.2059339e-08,8.2059339e-08,1.8268822e-17,1.8268822e-17,1.1577816e-05,1.1577816e-05,9.1207561e-07,9.1207561e-07,1.1577816e-05,1.1577816e-05,9.1207561e-07,9.1207561e-07,1.2489892e-05,1.2489892e-05,5.870397e-16,5.870397e-16,6.4093879e-06,6.4093879e-06,6.4093879e-06,6.4093879e-06,-9.1207561e-07,-9.1207561e-07,3.772234e-11,3.772234e-11,2.038478e-18,2.038478e-18,4.8041702e-08,4.8041702e-08,-4.8003979e-08,-4.8003979e-08,1.2493626e-05,1.2493626e-05,5.9164132e-16,5.9164132e-16,0.013369556,0.013369556,3.7359947e-14,3.7359947e-14,0.0066838484,0.0066838484,1.8711895e-14,1.8711895e-14,6.4093879e-06,6.4093879e-06,6.0805041e-06,6.0805041e-06,1.2818776e-06,1.2818776e-06,1.1543618e-16,1.1543618e-16,-1.1816482e-14,-1.1816482e-14,1.1816406e-14,1.1816406e-14,-3.8507857e-20,-3.8507857e-20,-6.6966062e-19,-6.6966062e-19,-6.1625634e-06,-6.1625634e-06,-9.4207823e-20,-9.4207823e-20,8.6712354e-19,8.6712354e-19,-2.4953823e-18,-2.4953823e-18,-6.1625634e-06,-6.1625634e-06,3.7165671e-10,3.7165671e-10,2.7381164e-34,2.7381164e-34
6.7134489e-06,6.7134489e-06,-6.7134489e-06,-6.7134489e-06,-5.9542012e-16,-5.9542012e-16,-5.8992839e-16,-5.8992839e-16,-6.7134489e-06,-6.7134489e-06,-4.9669702e-06,-4.9669702e-06,-8.6647183e-07,-8.6647183e-07,-4.9667026e-06,-4.9667026e-06,-8.6647183e-07,-8.6647183e-07,0,0,1.2489928e-05,1.2489928e-05,5.8999591e-16,5.8999591e-16,2.9030953e-07,2.9030953e-07,2.9030953e-07,2.9030953e-07,2.845616e-18,2.845616e-18,-4.910007e-06,-4.910007e-06,-8.6647183e-07,-8.6647183e-07,-4.910007e-06,-4.910007e-06,-8.6647183e-07,-8.6647183e-07,6.8853105e-19,6.8853105e-19,2.2750968e-20,2.2750968e-20,-5.7764788e-06,-5.7764788e-06,8.9342381e-19,8.9342381e-19,7.7956372e-08,7.7956372e-08,1.8113989e-17,1.8113989e-17,1.1623456e-05,1.1623456e-05,8.6647183e-07,8.6647183e-07,1.1623456e-05,1.1623456e-05,8.6647183e-07,8.6647183e-07,1.2489928e-05,1.2489928e-05,5.8843488e-16,5.8843488e-16,6.7134489e-06,6.7134489e-06,6.7134489e-06,6.7134489e-06,-8.6647183e-07,-8.6647183e-07,3.5836223e-11,3.5836223e-11,2.038954e-18,2.038954e-18,4.5639617e-08,4.5639617e-08,-4.560378e-08,-4.560378e-08,1.2493476e-05,1.2493476e-05,5.9303794e-16,5.9303794e-16,0.013369472,0.013369472,3.7447111e-14,3.7447111e-14,0.0066838529,0.0066838529,1.8754937e-14,1.8754937e-14,6.7134489e-06,6.7134489e-06,5.7764788e-06,5.7764788e-06,1.3426898e-06,1.3426898e-06,1.1568266e-16,1.1568266e-16,-1.18804e-14,-1.18804e-14,1.1880321e-14,1.1880321e-14,-4.006984e-20,-4.006984e-20,-6.6960939e-19,-6.6960939e-19,-5.8544352e-06,-5.8544352e-06,-9.9483057e-20,-9.9483057e-20,8.6724653e-19,8.6724653e-19,-2.4959692e-18,-2.4959692e-18,-5.8544352e-06,-5.8544352e-06,3.6794015e-10,3.6794015e-10,2.7395473e-34,2.7395473e-34
7.0023069e-06,7.0023069e-06,-7.0023069e-06,-7.0023069e-06,-5.948814e-16,-5.948814e-16,-5.9147699e-16,-5.9147699e-16,-7.0023069e-06,-7.0023069e-06,-4.7186324e-06,-4.7186324e-06,-8.2314824e-07,-8.2314824e-07,-4.7183674e-06,-4.7183674e-06,-8.2314824e-07,-8.2314824e-07,0,0,1.2489962e-05,1.2489962e-05,5.9139166e-16,5.9139166e-16,2.7579406e-07,2.7579406e-07,2.7579406e-07,2.7579406e-07,2.8462486e-18,2.8462486e-18,-4.6645067e-06,-4.6645067e-06,-8.2314824e-07,-8.2314824e-07,-4.6645067e-06,-4.6645067e-06,-8.2314824e-07,-8.2314824e-07,3.9861081e-19,3.9861081e-19,1.5269532e-19,1.5269532e-19,-5.4876549e-06,-5.4876549e-06,7.3346804e-19,7.3346804e-19,7.4058553e-08,7.4058553e-08,1.7958982e-17,1.7958982e-17,1.1666814e-05,1.1666814e-05,8.2314824e-07,8.2314824e-07,1.1666814e-05,1.1666814e-05,8.2314824e-07,8.2314824e-07,1.2489962e-05,1.2489962e-05,5.8983049e-16,5.8983049e-16,7.0023069e-06,7.0023069e-06,7.0023069e-06,7.0023069e-06,-8.2314824e-07,-8.2314824e-07,3.4044412e-11,3.4044412e-11,2.0394139e-18,2.0394139e-18,4.3357636e-08,4.3357636e-08,-4.3323591e-08,-4.3323591e-08,1.2493332e-05,1.2493332e-05,5.9443495e-16,5.9443495e-16,0.013369392,0.013369392,3.7534298e-14,3.7534298e-14,0.0066838571,0.0066838571,1.879799e-14,1.879799e-14,7.0023069e-06,7.0023069e-06,5.4876549e-06,5.4876549e-06,1.4004614e-06,1.4004614e-06,1.1592926e-16,1.1592926e-16,-1.1944327e-14,-1.1944327e-14,1.1944243e-14,1.1944243e-14,-4.1596343e-20,-4.1596343e-20,-6.6956073e-19,-6.6956073e-19,-5.5617135e-06,-5.5617135e-06,-1.0452405e-19,-1.0452405e-19,8.6736337e-19,8.6736337e-19,-2.4965267e-18,-2.4965267e-18,-5.5617135e-06,-5.5617135e-06,3.6426075e-10,3.6426075e-10,2.74093e-34,2.74093e-34
7.276722e-06,7.276722e-06,-7.276722e-06,-7.276722e-06,-5.9434184e-16,-5.9434184e-16,-5.9302629e-16,-5.9302629e-16,-7.276722e-06,-7.276722e-06,-4.4827113e-06,-4.4827113e-06,-7.8199082e-07,-7.8199082e-07,-4.4824491e-06,-4.4824491e-06,-7.8199082e-07,-7.8199082e-07,0,0,1.2489994e-05,1.2489994e-05,5.9278783e-16,5.9278783e-16,2.6200435e-07,2.6200435e-07,2.6200435e-07,2.6200435e-07,2.8468608e-18,2.8468608e-18,-4.4312813e-06,-4.4312813e-06,-7.8199082e-07,-7.8199082e-07,-4.4312813e-06,-4.4312813e-06,-7.8199082e-07,-7.8199082e-07,1.0849883e-19,1.0849883e-19,2.8288208e-19,2.8288208e-19,-5.2132722e-06,-5.2132722e-06,5.7356192e-19,5.7356192e-19,7.0355625e-08,7.0355625e-08,1.7803804e-17,1.7803804e-17,1.1708003e-05,1.1708003e-05,7.8199082e-07,7.8199082e-07,1.1708003e-05,1.1708003e-05,7.8199082e-07,7.8199082e-07,1.2489994e-05,1.2489994e-05,5.9122652e-16,5.9122652e-16,7.276722e-06,7.276722e-06,7.276722e-06,7.276722e-06,-7.8199082e-07,-7.8199082e-07,3.2342191e-11,3.2342191e-11,2.0398584e-18,2.0398584e-18,4.1189754e-08,4.1189754e-08,-4.1157412e-08,-4.1157412e-08,1.2493196e-05,1.2493196e-05,5.9583232e-16,5.9583232e-16,0.013369316,0.013369316,3.7621507e-14,3.7621507e-14,0.0066838612,0.0066838612,1.8841054e-14,1.8841054e-14,7.276722e-06,7.276722e-06,5.2132722e-06,5.2132722e-06,1.4553444e-06,1.4553444e-06,1.1617599e-16,1.1617599e-16,-1.2008261e-14,-1.2008261e-14,1.2008174e-14,1.2008174e-14,-4.308816e-20,-4.308816e-20,-6.6951449e-19,-6.6951449e-19,-5.2836278e-06,-5.2836278e-06,-1.0934103e-19,-1.0934103e-19,8.6747436e-19,8.6747436e-19,-2.4970563e-18,-2.4970563e-18,-5.2836278e-06,-5.2836278e-06,3.6061814e-10,3.6061814e-10,2.7422662e-34,2.7422662e-34
7.5374163e-06,7.5374163e-06,-7.5374163e-06,-7.5374163e-06,-5.9379805e-16,-5.9379805e-16,-5.9457626e-16,-5.9457626e-16,-7.5374163e-06,-7.5374163e-06,-4.2585863e-06,-4.2585863e-06,-7.4289128e-07,-7.4289128e-07,-4.2583266e-06,-4.2583266e-06,-7.4289128e-07,-7.4289128e-07,0,0,1.2490025e-05,1.2490025e-05,5.9418439e-16,5.9418439e-16,2.4890414e-07,2.4890414e-07,2.4890414e-07,2.4890414e-07,2.8474533e-18,2.8474533e-18,-4.2097173e-06,-4.2097173e-06,-7.4289128e-07,-7.4289128e-07,-4.2097173e-06,-4.2097173e-06,-7.4289128e-07,-7.4289128e-07,-1.8180099e-19,-1.8180099e-19,4.1330245e-19,4.1330245e-19,-4.9526086e-06,-4.9526086e-06,4.1370061e-19,4.1370061e-19,6.6837844e-08,6.6837844e-08,1.7648462e-17,1.7648462e-17,1.1747134e-05,1.1747134e-05,7.4289128e-07,7.4289128e-07,1.1747134e-05,1.1747134e-05,7.4289128e-07,7.4289128e-07,1.2490025e-05,1.2490025e-05,5.9262295e-16,5.9262295e-16,7.5374163e-06,7.5374163e-06,7.5374163e-06,7.5374163e-06,-7.4289128e-07,-7.4289128e-07,3.0725082e-11,3.0725082e-11,2.0402879e-18,2.0402879e-18,3.9130266e-08,3.9130266e-08,-3.9099541e-08,-3.9099541e-08,1.2493067e-05,1.2493067e-05,5.9723005e-16,5.9723005e-16,0.013369244,0.013369244,3.7708738e-14,3.7708738e-14,0.006683865,0.006683865,1.8884128e-14,1.8884128e-14,7.5374163e-06,7.5374163e-06,4.9526086e-06,4.9526086e-06,1.5074833e-06,1.5074833e-06,1.1642282e-16,1.1642282e-16,-1.2072204e-14,-1.2072204e-14,1.2072113e-14,1.2072113e-14,-4.4546068e-20,-4.4546068e-20,-6.6947057e-19,-6.6947057e-19,-5.0194464e-06,-5.0194464e-06,-1.1394381e-19,-1.1394381e-19,8.6757981e-19,8.6757981e-19,-2.4975594e-18,-2.4975594e-18,-5.0194464e-06,-5.0194464e-06,3.5701196e-10,3.5701196e-10,2.7435574e-34,2.7435574e-34
7.7850759e-06,7.7850759e-06,-7.7850759e-06,-7.7850759e-06,-5.9326188e-16,-5.9326188e-16,-5.9612687e-16,-5.9612687e-16,-7.7850759e-06,-7.7850759e-06,-4.0456673e-06,-4.0456673e-06,-7.0574672e-07,-7.0574672e-07,-4.0454103e-06,-4.0454103e-06,-7.0574672e-07,-7.0574672e-07,0,0,1.2490054e-05,1.2490054e-05,5.9558133e-16,5.9558133e-16,2.3645893e-07,2.3645893e-07,2.3645893e-07,2.3645893e-07,2.8480268e-18,2.8480268e-18,-3.9992314e-06,-3.9992314e-06,-7.0574672e-07,-7.0574672e-07,-3.9992314e-06,-3.9992314e-06,-7.0574672e-07,-7.0574672e-07,-4.7228481e-19,-4.7228481e-19,5.4394797e-19,5.4394797e-19,-4.7049781e-06,-4.7049781e-06,2.5387955e-19,2.5387955e-19,6.3495952e-08,6.3495952e-08,1.7492959e-17,1.7492959e-17,1.1784307e-05,1.1784307e-05,7.0574672e-07,7.0574672e-07,1.1784307e-05,1.1784307e-05,7.0574672e-07,7.0574672e-07,1.2490054e-05,1.2490054e-05,5.9401976e-16,5.9401976e-16,7.7850759e-06,7.7850759e-06,7.7850759e-06,7.7850759e-06,-7.0574672e-07,-7.0574672e-07,2.9188828e-11,2.9188828e-11,2.0407029e-18,2.0407029e-18,3.7173753e-08,3.7173753e-08,-3.7144564e-08,-3.7144564e-08,1.2492944e-05,1.2492944e-05,5.9862812e-16,5.9862812e-16,0.013369176,0.013369176,3.779599e-14,3.779599e-14,0.0066838686,0.0066838686,1.8927213e-14,1.8927213e-14,7.7850759e-06,7.7850759e-06,4.7049781e-06,4.7049781e-06,1.5570152e-06,1.5570152e-06,1.1666977e-16,1.1666977e-16,-1.2136154e-14,-1.2136154e-14,1.2136059e-14,1.2136059e-14,-4.5970825e-20,-4.5970825e-20,-6.6942884e-19,-6.6942884e-19,-4.7684741e-06,-4.7684741e-06,-1.1834176e-19,-1.1834176e-19,8.6767998e-19,8.6767998e-19,-2.4980374e-18,-2.4980374e-18,-4.7684741e-06,-4.7684741e-06,3.5344184e-10,3.5344184e-10,2.7448054e-34,2.7448054e-34
8.0203526e-06,8.0203526e-06,-8.0203526e-06,-8.0203526e-06,-5.9271978e-16,-5.9271978e-16,-5.9767811e-16,-5.9767811e-16,-8.0203526e-06,-8.0203526e-06,-3.8433942e-06,-3.8433942e-06,-6.7045938e-07,-6.7045938e-07,-3.8431398e-06,-3.8431398e-06,-6.7045938e-07,-6.7045938e-07,0,0,1.2490082e-05,1.2490082e-05,5.9697863e-16,5.9697863e-16,2.2463598e-07,2.2463598e-07,2.2463598e-07,2.2463598e-07,2.8485818e-18,2.8485818e-18,-3.7992698e-06,-3.7992698e-06,-6.7045938e-07,-6.7045938e-07,-3.7992698e-06,-3.7992698e-06,-6.7045938e-07,-6.7045938e-07,-7.6294889e-19,-7.6294889e-19,6.7481052e-19,6.7481052e-19,-4.4697292e-06,-4.4697292e-06,9.4094399e-20,9.4094399e-20,6.0321154e-08,6.0321154e-08,1.73373e-17,1.73373e-17,1.1819622e-05,1.1819622e-05,6.7045938e-07,6.7045938e-07,1.1819622e-05,1.1819622e-05,6.7045938e-07,6.7045938e-07,1.2490082e-05,1.2490082e-05,5.9541695e-16,5.9541695e-16,8.0203526e-06,8.0203526e-06,8.0203526e-06,8.0203526e-06,-6.7045938e-07,-6.7045938e-07,2.7729386e-11,2.7729386e-11,2.0411041e-18,2.0411041e-18,3.5315065e-08,3.5315065e-08,-3.5287336e-08,-3.5287336e-08,1.2492827e-05,1.2492827e-05,6.0002652e-16,6.0002652e-16,0.013369111,0.013369111,3.7883263e-14,3.7883263e-14,0.0066838721,0.0066838721,1.8970307e-14,1.8970307e-14,8.0203526e-06,8.0203526e-06,4.4697292e-06,4.4697292e-06,1.6040705e-06,1.6040705e-06,1.1691682e-16,1.1691682e-16,-1.2200111e-14,-1.2200111e-14,1.2200014e-14,1.2200014e-14,-4.7363176e-20,-4.7363176e-20,-6.693892e-19,-6.693892e-19,-4.5300504e-06,-4.5300504e-06,-1.2254385e-19,-1.2254385e-19,8.6777515e-19,8.6777515e-19,-2.4984915e-18,-2.4984915e-18,-4.5300504e-06,-4.5300504e-06,3.4990742e-10,3.4990742e-10,2.7460115e-34,2.7460115e-34
8.2438654e-06,8.2438654e-06,-8.2438654e-06,-8.2438654e-06,-5.9217767e-16,-5.9217767e-16,-5.9922996e-16,-5.9922996e-16,-8.2438654e-06,-8.2438654e-06,-3.6512347e-06,-3.6512347e-06,-6.3693641e-07,-6.3693641e-07,-3.6509828e-06,-3.6509828e-06,-6.3693641e-07,-6.3693641e-07,0,0,1.2490108e-05,1.2490108e-05,5.983763e-16,5.983763e-16,2.1340418e-07,2.1340418e-07,2.1340418e-07,2.1340418e-07,2.8491191e-18,2.8491191e-18,-3.6093063e-06,-3.6093063e-06,-6.3693641e-07,-6.3693641e-07,-3.6093063e-06,-3.6093063e-06,-6.3693641e-07,-6.3693641e-07,-1.0537895e-18,-1.0537895e-18,8.058823e-19,8.058823e-19,-4.2462428e-06,-4.2462428e-06,-6.5658903e-20,-6.5658903e-20,5.7305096e-08,5.7305096e-08,1.718149e-17,1.718149e-17,1.1853172e-05,1.1853172e-05,6.3693641e-07,6.3693641e-07,1.1853172e-05,1.1853172e-05,6.3693641e-07,6.3693641e-07,1.2490108e-05,1.2490108e-05,5.9681451e-16,5.9681451e-16,8.2438654e-06,8.2438654e-06,8.2438654e-06,8.2438654e-06,-6.3693641e-07,-6.3693641e-07,2.6342917e-11,2.6342917e-11,2.0414919e-18,2.0414919e-18,3.3549312e-08,3.3549312e-08,-3.3522969e-08,-3.3522969e-08,1.2492716e-05,1.2492716e-05,6.0142525e-16,6.0142525e-16,0.013369049,0.013369049,3.7970555e-14,3.7970555e-14,0.0066838754,0.0066838754,1.9013412e-14,1.9013412e-14,8.2438654e-06,8.2438654e-06,4.2462428e-06,4.2462428e-06,1.6487731e-06,1.6487731e-06,1.1716397e-16,1.1716397e-16,-1.2264076e-14,-1.2264076e-14,1.2263975e-14,1.2263975e-14,-4.8723848e-20,-4.8723848e-20,-6.6935154e-19,-6.6935154e-19,-4.3035479e-06,-4.3035479e-06,-1.2655868e-19,-1.2655868e-19,8.6786556e-19,8.6786556e-19,-2.4989229e-18,-2.4989229e-18,-4.3035479e-06,-4.3035479e-06,3.4640835e-10,3.4640835e-10,2.7471773e-34,2.7471773e-34
8.4562025e-06,8.4562025e-06,-8.4562025e-06,-8.4562025e-06,-5.9163727e-16,-5.9163727e-16,-6.0078239e-16,-6.0078239e-16,-8.4562025e-06,-8.4562025e-06,-3.4686831e-06,-3.4686831e-06,-6.0508959e-07,-6.0508959e-07,-3.4684336e-06,-3.4684336e-06,-6.0508959e-07,-6.0508959e-07,0,0,1.2490133e-05,1.2490133e-05,5.9977431e-16,5.9977431e-16,2.0273398e-07,2.0273398e-07,2.0273398e-07,2.0273398e-07,2.8496392e-18,2.8496392e-18,-3.428841e-06,-3.428841e-06,-6.0508959e-07,-6.0508959e-07,-3.428841e-06,-3.428841e-06,-6.0508959e-07,-6.0508959e-07,-1.3448031e-18,-1.3448031e-18,9.3715578e-19,9.3715578e-19,-4.0339306e-06,-4.0339306e-06,-2.253842e-19,-2.253842e-19,5.4439841e-08,5.4439841e-08,1.7025532e-17,1.7025532e-17,1.1885044e-05,1.1885044e-05,6.0508959e-07,6.0508959e-07,1.1885044e-05,1.1885044e-05,6.0508959e-07,6.0508959e-07,1.2490133e-05,1.2490133e-05,5.9821241e-16,5.9821241e-16,8.4562025e-06,8.4562025e-06,8.4562025e-06,8.4562025e-06,-6.0508959e-07,-6.0508959e-07,2.5025771e-11,2.5025771e-11,2.0418667e-18,2.0418667e-18,3.1871846e-08,3.1871846e-08,-3.1846821e-08,-3.1846821e-08,1.2492611e-05,1.2492611e-05,6.0282429e-16,6.0282429e-16,0.01336899,0.01336899,3.8057867e-14,3.8057867e-14,0.0066838785,0.0066838785,1.9056525e-14,1.9056525e-14,8.4562025e-06,8.4562025e-06,4.0339306e-06,4.0339306e-06,1.6912405e-06,1.6912405e-06,1.1741122e-16,1.1741122e-16,-1.2328048e-14,-1.2328048e-14,1.2327944e-14,1.2327944e-14,-5.0053552e-20,-5.0053552e-20,-6.6931577e-19,-6.6931577e-19,-4.0883705e-06,-4.0883705e-06,-1.3039447e-19,-1.3039447e-19,8.6795145e-19,8.6795145e-19,-2.4993327e-18,-2.4993327e-18,-4.0883705e-06,-4.0883705e-06,3.4294426e-10,3.4294426e-10,2.7483042e-34,2.7483042e-34
8.6579228e-06,8.6579228e-06,-8.6579228e-06,-8.6579228e-06,-5.9109178e-16,-5.9109178e-16,-6.0233538e-16,-6.0233538e-16,-8.6579228e-06,-8.6579228e-06,-3.2952589e-06,-3.2952589e-06,-5.7483511e-07,-5.7483511e-07,-3.295012e-06,-3.295012e-06,-5.7483511e-07,-5.7483511e-07,0,0,1.2490157e-05,1.2490157e-05,6.0117266e-16,6.0117266e-16,1.9259728e-07,1.9259728e-07,1.9259728e-07,1.9259728e-07,2.8501427e-18,2.8501427e-18,-3.257399e-06,-3.257399e-06,-5.7483511e-07,-5.7483511e-07,-3.257399e-06,-3.257399e-06,-5.7483511e-07,-5.7483511e-07,-1.635986e-18,-1.635986e-18,1.0686237e-18,1.0686237e-18,-3.8322341e-06,-3.8322341e-06,-3.8508512e-19,-3.8508512e-19,5.1717849e-08,5.1717849e-08,1.6869431e-17,1.6869431e-17,1.1915322e-05,1.1915322e-05,5.7483511e-07,5.7483511e-07,1.1915322e-05,1.1915322e-05,5.7483511e-07,5.7483511e-07,1.2490157e-05,1.2490157e-05,5.9961066e-16,5.9961066e-16,8.6579228e-06,8.6579228e-06,8.6579228e-06,8.6579228e-06,-5.7483511e-07,-5.7483511e-07,2.3774482e-11,2.3774482e-11,2.042229e-18,2.042229e-18,3.0278254e-08,3.0278254e-08,-3.025448e-08,-3.025448e-08,1.2492511e-05,1.2492511e-05,6.0422363e-16,6.0422363e-16,0.013368935,0.013368935,3.8145197e-14,3.8145197e-14,0.0066838814,0.0066838814,1.9099647e-14,1.9099647e-14,8.6579228e-06,8.6579228e-06,3.8322341e-06,3.8322341e-06,1.7315846e-06,1.7315846e-06,1.1765856e-16,1.1765856e-16,-1.2392027e-14,-1.2392027e-14,1.239192e-14,1.239192e-14,-5.1352984e-20,-5.1352984e-20,-6.6928178e-19,-6.6928178e-19,-3.8839519e-06,-3.8839519e-06,-1.3405908e-19,-1.3405908e-19,8.6803304e-19,8.6803304e-19,-2.499722e-18,-2.499722e-18,-3.8839519e-06,-3.8839519e-06,3.3951482e-10,3.3951482e-10,2.7493935e-34,2.7493935e-34
8.8495571e-06,8.8495571e-06,-8.8495571e-06,-8.8495571e-06,-5.9055306e-16,-5.9055306e-16,-6.0388892e-16,-6.0388892e-16,-8.8495571e-06,-8.8495571e-06,-3.1305058e-06,-3.1305058e-06,-5.4609336e-07,-5.4609336e-07,-3.1302614e-06,-3.1302614e-06,-5.4609336e-07,-5.4609336e-07,0,0,1.249018e-05,1.249018e-05,6.0257133e-16,6.0257133e-16,1.8296741e-07,1.8296741e-07,1.8296741e-07,1.8296741e-07,2.8506301e-18,2.8506301e-18,-3.094529e-06,-3.094529e-06,-5.4609336e-07,-5.4609336e-07,-3.094529e-06,-3.094529e-06,-5.4609336e-07,-5.4609336e-07,-1.9273348e-18,-1.9273348e-18,1.2002792e-18,1.2002792e-18,-3.6406224e-06,-3.6406224e-06,-5.4476507e-19,-5.4476507e-19,4.9131957e-08,4.9131957e-08,1.671319e-17,1.671319e-17,1.1944086e-05,1.1944086e-05,5.4609336e-07,5.4609336e-07,1.1944086e-05,1.1944086e-05,5.4609336e-07,5.4609336e-07,1.249018e-05,1.249018e-05,6.0100923e-16,6.0100923e-16,8.8495571e-06,8.8495571e-06,8.8495571e-06,8.8495571e-06,-5.4609336e-07,-5.4609336e-07,2.2585758e-11,2.2585758e-11,2.0425793e-18,2.0425793e-18,2.8764341e-08,2.8764341e-08,-2.8741756e-08,-2.8741756e-08,1.2492416e-05,1.2492416e-05,6.0562326e-16,6.0562326e-16,0.013368882,0.013368882,3.8232545e-14,3.8232545e-14,0.0066838843,0.0066838843,1.9142778e-14,1.9142778e-14,8.8495571e-06,8.8495571e-06,3.6406224e-06,3.6406224e-06,1.7699114e-06,1.7699114e-06,1.1790599e-16,1.1790599e-16,-1.2456013e-14,-1.2456013e-14,1.2455903e-14,1.2455903e-14,-5.2622824e-20,-5.2622824e-20,-6.6924949e-19,-6.6924949e-19,-3.6897543e-06,-3.6897543e-06,-1.3756004e-19,-1.3756004e-19,8.6811056e-19,8.6811056e-19,-2.5000919e-18,-2.5000919e-18,-3.6897543e-06,-3.6897543e-06,3.3611967e-10,3.3611967e-10,2.7504467e-34,2.7504467e-34
9.0316097e-06,9.0316097e-06,-9.0316097e-06,-9.0316097e-06,-5.9001266e-16,-5.9001266e-16,-6.0544299e-16,-6.0544299e-16,-9.0316097e-06,-9.0316097e-06,-2.9739903e-06,-2.9739903e-06,-5.1878869e-07,-5.1878869e-07,-2.9737483e-06,-2.9737483e-06,-5.1878869e-07,-5.1878869e-07,0,0,1.2490201e-05,1.2490201e-05,6.0397031e-16,6.0397031e-16,1.7381904e-07,1.7381904e-07,1.7381904e-07,1.7381904e-07,2.8511021e-18,2.8511021e-18,-2.9398026e-06,-2.9398026e-06,-5.1878869e-07,-5.1878869e-07,-2.9398026e-06,-2.9398026e-06,-5.1878869e-07,-5.1878869e-07,-2.218846e-18,-2.218846e-18,1.3321156e-18,1.3321156e-18,-3.4585913e-06,-3.4585913e-06,-7.0442726e-19,-7.0442726e-19,4.6675359e-08,4.6675359e-08,1.6556814e-17,1.6556814e-17,1.1971412e-05,1.1971412e-05,5.1878869e-07,5.1878869e-07,1.1971412e-05,1.1971412e-05,5.1878869e-07,5.1878869e-07,1.2490201e-05,1.2490201e-05,6.0240813e-16,6.0240813e-16,9.0316097e-06,9.0316097e-06,9.0316097e-06,9.0316097e-06,-5.1878869e-07,-5.1878869e-07,2.145647e-11,2.145647e-11,2.042918e-18,2.042918e-18,2.7326124e-08,2.7326124e-08,-2.7304668e-08,-2.7304668e-08,1.2492325e-05,1.2492325e-05,6.0702318e-16,6.0702318e-16,0.013368831,0.013368831,3.831991e-14,3.831991e-14,0.0066838869,0.0066838869,1.9185918e-14,1.9185918e-14,9.0316097e-06,9.0316097e-06,3.4585913e-06,3.4585913e-06,1.8063219e-06,1.8063219e-06,1.181535e-16,1.181535e-16,-1.2520005e-14,-1.2520005e-14,1.2519892e-14,1.2519892e-14,-5.3863739e-20,-5.3863739e-20,-6.6921882e-19,-6.6921882e-19,-3.5052666e-06,-3.5052666e-06,-1.4090456e-19,-1.4090456e-19,8.6818419e-19,8.6818419e-19,-2.5004433e-18,-2.5004433e-18,-3.5052666e-06,-3.5052666e-06,3.3275848e-10,3.3275848e-10,2.7514648e-34,2.7514648e-34
9.2045597e-06,9.2045597e-06,-9.2045597e-06,-9.2045597e-06,-5.8946378e-16,-5.8946378e-16,-6.0699757e-16,-6.0699757e-16,-9.2045597e-06,-9.2045597e-06,-2.8253005e-06,-2.8253005e-06,-4.9284926e-07,-4.9284926e-07,-2.8250609e-06,-2.8250609e-06,-4.9284926e-07,-4.9284926e-07,0,0,1.2490221e-05,1.2490221e-05,6.053696e-16,6.053696e-16,1.6512809e-07,1.6512809e-07,1.6512809e-07,1.6512809e-07,2.851559e-18,2.851559e-18,-2.7928124e-06,-2.7928124e-06,-4.9284926e-07,-4.9284926e-07,-2.7928124e-06,-2.7928124e-06,-4.9284926e-07,-4.9284926e-07,-2.5105163e-18,-2.5105163e-18,1.4641264e-18,1.4641264e-18,-3.2856617e-06,-3.2856617e-06,-8.6407471e-19,-8.6407471e-19,4.4341591e-08,4.4341591e-08,1.6400306e-17,1.6400306e-17,1.1997372e-05,1.1997372e-05,4.9284926e-07,4.9284926e-07,1.1997372e-05,1.1997372e-05,4.9284926e-07,4.9284926e-07,1.2490221e-05,1.2490221e-05,6.0380733e-16,6.0380733e-16,9.2045597e-06,9.2045597e-06,9.2045597e-06,9.2045597e-06,-4.9284926e-07,-4.9284926e-07,2.0383647e-11,2.0383647e-11,2.0432455e-18,2.0432455e-18,2.5959818e-08,2.5959818e-08,-2.5939434e-08,-2.5939434e-08,1.2492239e-05,1.2492239e-05,6.0842337e-16,6.0842337e-16,0.013368784,0.013368784,3.8407292e-14,3.8407292e-14,0.0066838895,0.0066838895,1.9229065e-14,1.9229065e-14,9.2045597e-06,9.2045597e-06,3.2856617e-06,3.2856617e-06,1.8409119e-06,1.8409119e-06,1.1840109e-16,1.1840109e-16,-1.2584004e-14,-1.2584004e-14,1.2583889e-14,1.2583889e-14,-5.507638e-20,-5.507638e-20,-6.6918968e-19,-6.6918968e-19,-3.3300033e-06,-3.3300033e-06,-1.4409953e-19,-1.4409953e-19,8.6825415e-19,8.6825415e-19,-2.5007771e-18,-2.5007771e-18,-3.3300033e-06,-3.3300033e-06,3.2943089e-10,3.2943089e-10,2.7524493e-34,2.7524493e-34
9.3688621e-06,9.3688621e-06,-9.3688621e-06,-9.3688621e-06,-5.8891321e-16,-5.8891321e-16,-6.0855264e-16,-6.0855264e-16,-9.3688621e-06,-9.3688621e-06,-2.684045e-06,-2.684045e-06,-4.6820679e-07,-4.6820679e-07,-2.6838078e-06,-2.6838078e-06,-4.6820679e-07,-4.6820679e-07,0,0,1.2490241e-05,1.2490241e-05,6.0676918e-16,6.0676918e-16,1.5687169e-07,1.5687169e-07,1.5687169e-07,1.5687169e-07,2.8520015e-18,2.8520015e-18,-2.6531718e-06,-2.6531718e-06,-4.6820679e-07,-4.6820679e-07,-2.6531718e-06,-2.6531718e-06,-4.6820679e-07,-4.6820679e-07,-2.8023423e-18,-2.8023423e-18,1.5963054e-18,1.5963054e-18,-3.1213786e-06,-3.1213786e-06,-1.0237103e-18,-1.0237103e-18,4.2124511e-08,4.2124511e-08,1.6243669e-17,1.6243669e-17,1.2022034e-05,1.2022034e-05,4.6820679e-07,4.6820679e-07,1.2022034e-05,1.2022034e-05,4.6820679e-07,4.6820679e-07,1.2490241e-05,1.2490241e-05,6.0520683e-16,6.0520683e-16,9.3688621e-06,9.3688621e-06,9.3688621e-06,9.3688621e-06,-4.6820679e-07,-4.6820679e-07,1.9364464e-11,1.9364464e-11,2.0435622e-18,2.0435622e-18,2.4661827e-08,2.4661827e-08,-2.4642463e-08,-2.4642463e-08,1.2492158e-05,1.2492158e-05,6.0982383e-16,6.0982383e-16,0.013368738,0.013368738,3.8494691e-14,3.8494691e-14,0.0066838919,0.0066838919,1.9272221e-14,1.9272221e-14,9.3688621e-06,9.3688621e-06,3.1213786e-06,3.1213786e-06,1.8737724e-06,1.8737724e-06,1.1864877e-16,1.1864877e-16,-1.264801e-14,-1.264801e-14,1.2647891e-14,1.2647891e-14,-5.6261383e-20,-5.6261383e-20,-6.69162e-19,-6.69162e-19,-3.1635031e-06,-3.1635031e-06,-1.4715154e-19,-1.4715154e-19,8.6832061e-19,8.6832061e-19,-2.5010942e-18,-2.5010942e-18,-3.1635031e-06,-3.1635031e-06,3.2613658e-10,3.2613658e-10,2.7534011e-34,2.7534011e-34
9.5249494e-06,9.5249494e-06,-9.5249494e-06,-9.5249494e-06,-5.8836772e-16,-5.8836772e-16,-6.1010818e-16,-6.1010818e-16,-9.5249494e-06,-9.5249494e-06,-2.5498523e-06,-2.5498523e-06,-4.4479645e-07,-4.4479645e-07,-2.5496174e-06,-2.5496174e-06,-4.4479645e-07,-4.4479645e-07,0,0,1.2490259e-05,1.2490259e-05,6.0816905e-16,6.0816905e-16,1.490281e-07,1.490281e-07,1.490281e-07,1.490281e-07,2.8524299e-18,2.8524299e-18,-2.5205132e-06,-2.5205132e-06,-4.4479645e-07,-4.4479645e-07,-2.5205132e-06,-2.5205132e-06,-4.4479645e-07,-4.4479645e-07,-3.0943208e-18,-3.0943208e-18,1.7286467e-18,1.7286467e-18,-2.9653097e-06,-2.9653097e-06,-1.1833366e-18,-1.1833366e-18,4.0018286e-08,4.0018286e-08,1.6086908e-17,1.6086908e-17,1.2045463e-05,1.2045463e-05,4.4479645e-07,4.4479645e-07,1.2045463e-05,1.2045463e-05,4.4479645e-07,4.4479645e-07,1.2490259e-05,1.2490259e-05,6.0660662e-16,6.0660662e-16,9.5249494e-06,9.5249494e-06,9.5249494e-06,9.5249494e-06,-4.4479645e-07,-4.4479645e-07,1.8396241e-11,1.8396241e-11,2.0438685e-18,2.0438685e-18,2.3428736e-08,2.3428736e-08,-2.341034e-08,-2.341034e-08,1.249208e-05,1.249208e-05,6.1122454e-16,6.1122454e-16,0.013368695,0.013368695,3.8582105e-14,3.8582105e-14,0.0066838942,0.0066838942,1.9315384e-14,1.9315384e-14,9.5249494e-06,9.5249494e-06,2.9653097e-06,2.9653097e-06,1.9049899e-06,1.9049899e-06,1.1889651e-16,1.1889651e-16,-1.2712021e-14,-1.2712021e-14,1.27119e-14,1.27119e-14,-5.7419373e-20,-5.7419373e-20,-6.691357e-19,-6.691357e-19,-3.005328e-06,-3.005328e-06,-1.5006691e-19,-1.5006691e-19,8.6838375e-19,8.6838375e-19,-2.5013955e-18,-2.5013955e-18,-3.005328e-06,-3.005328e-06,3.2287522e-10,3.2287522e-10,2.7543216e-34,2.7543216e-34
9.6732324e-06,9.6732324e-06,-9.6732324e-06,-9.6732324e-06,-5.8782223e-16,-5.8782223e-16,-6.1166419e-16,-6.1166419e-16,-9.6732324e-06,-9.6732324e-06,-2.422369e-06,-2.422369e-06,-4.2255663e-07,-4.2255663e-07,-2.4221366e-06,-2.4221366e-06,-4.2255663e-07,-4.2255663e-07,0,0,1.2490277e-05,1.2490277e-05,6.0956919e-16,6.0956919e-16,1.415767e-07,1.415767e-07,1.415767e-07,1.415767e-07,2.8528448e-18,2.8528448e-18,-2.3944876e-06,-2.3944876e-06,-4.2255663e-07,-4.2255663e-07,-2.3944876e-06,-2.3944876e-06,-4.2255663e-07,-4.2255663e-07,-3.3864486e-18,-3.3864486e-18,1.8611447e-18,1.8611447e-18,-2.8170442e-06,-2.8170442e-06,-1.3429562e-18,-1.3429562e-18,3.8017371e-08,3.8017371e-08,1.5930025e-17,1.5930025e-17,1.206772e-05,1.206772e-05,4.2255663e-07,4.2255663e-07,1.206772e-05,1.206772e-05,4.2255663e-07,4.2255663e-07,1.2490277e-05,1.2490277e-05,6.0800669e-16,6.0800669e-16,9.6732324e-06,9.6732324e-06,9.6732324e-06,9.6732324e-06,-4.2255663e-07,-4.2255663e-07,1.7476429e-11,1.7476429e-11,2.0441648e-18,2.0441648e-18,2.2257299e-08,2.2257299e-08,-2.2239823e-08,-2.2239823e-08,1.2492007e-05,1.2492007e-05,6.1262551e-16,6.1262551e-16,0.013368654,0.013368654,3.8669535e-14,3.8669535e-14,0.0066838964,0.0066838964,1.9358554e-14,1.9358554e-14,9.6732324e-06,9.6732324e-06,2.8170442e-06,2.8170442e-06,1.9346465e-06,1.9346465e-06,1.1914433e-16,1.1914433e-16,-1.2776039e-14,-1.2776039e-14,1.2775915e-14,1.2775915e-14,-5.8550957e-20,-5.8550957e-20,-6.6911071e-19,-6.6911071e-19,-2.8550616e-06,-2.8550616e-06,-1.5285165e-19,-1.5285165e-19,8.6844373e-19,8.6844373e-19,-2.5016816e-18,-2.5016816e-18,-2.8550616e-06,-2.8550616e-06,3.1964647e-10,3.1964647e-10,2.7552118e-34,2.7552118e-34
9.8141012e-06,9.8141012e-06,-9.8141012e-06,-9.8141012e-06,-5.8726997e-16,-5.8726997e-16,-6.1322065e-16,-6.1322065e-16,-9.8141012e-06,-9.8141012e-06,-2.3012599e-06,-2.3012599e-06,-4.014288e-07,-4.014288e-07,-2.3010297e-06,-2.3010297e-06,-4.014288e-07,-4.014288e-07,0,0,1.2490293e-05,1.2490293e-05,6.109696e-16,6.109696e-16,1.3449786e-07,1.3449786e-07,1.3449786e-07,1.3449786e-07,2.8532467e-18,2.8532467e-18,-2.2747632e-06,-2.2747632e-06,-4.014288e-07,-4.014288e-07,-2.2747632e-06,-2.2747632e-06,-4.014288e-07,-4.014288e-07,-3.6787226e-18,-3.6787226e-18,1.9937937e-18,1.9937937e-18,-2.676192e-06,-2.676192e-06,-1.5025713e-18,-1.5025713e-18,3.6116503e-08,3.6116503e-08,1.5773025e-17,1.5773025e-17,1.2088864e-05,1.2088864e-05,4.014288e-07,4.014288e-07,1.2088864e-05,1.2088864e-05,4.014288e-07,4.014288e-07,1.2490293e-05,1.2490293e-05,6.0940703e-16,6.0940703e-16,9.8141012e-06,9.8141012e-06,9.8141012e-06,9.8141012e-06,-4.014288e-07,-4.014288e-07,1.6602607e-11,1.6602607e-11,2.0444513e-18,2.0444513e-18,2.1144434e-08,2.1144434e-08,-2.1127832e-08,-2.1127832e-08,1.2491937e-05,1.2491937e-05,6.1402671e-16,6.1402671e-16,0.013368615,0.013368615,3.8756979e-14,3.8756979e-14,0.0066838984,0.0066838984,1.9401732e-14,1.9401732e-14,9.8141012e-06,9.8141012e-06,2.676192e-06,2.676192e-06,1.9628202e-06,1.9628202e-06,1.1939222e-16,1.1939222e-16,-1.2840062e-14,-1.2840062e-14,1.2839936e-14,1.2839936e-14,-5.9656732e-20,-5.9656732e-20,-6.6908698e-19,-6.6908698e-19,-2.7123085e-06,-2.7123085e-06,-1.5551156e-19,-1.5551156e-19,8.6850071e-19,8.6850071e-19,-2.5019535e-18,-2.5019535e-18,-2.7123085e-06,-2.7123085e-06,3.1645e-10,3.1645e-10,2.7560727e-34,2.7560727e-34
9.9479266e-06,9.9479266e-06,-9.9479266e-06,-9.9479266e-06,-5.8672448e-16,-5.8672448e-16,-6.1477753e-16,-6.1477753e-16,-9.9479266e-06,-9.9479266e-06,-2.1862061e-06,-2.1862061e-06,-3.8135736e-07,-3.8135736e-07,-2.1859783e-06,-2.1859783e-06,-3.8135736e-07,-3.8135736e-07,0,0,1.2490309e-05,1.2490309e-05,6.1237027e-16,6.1237027e-16,1.2777297e-07,1.2777297e-07,1.2777297e-07,1.2777297e-07,2.8536359e-18,2.8536359e-18,-2.161025e-06,-2.161025e-06,-3.8135736e-07,-3.8135736e-07,-2.161025e-06,-2.161025e-06,-3.8135736e-07,-3.8135736e-07,-3.9711398e-18,-3.9711398e-18,2.1265885e-18,2.1265885e-18,-2.5423824e-06,-2.5423824e-06,-1.6621843e-18,-1.6621843e-18,3.4310677e-08,3.4310677e-08,1.5615909e-17,1.5615909e-17,1.2108952e-05,1.2108952e-05,3.8135736e-07,3.8135736e-07,1.2108952e-05,1.2108952e-05,3.8135736e-07,3.8135736e-07,1.2490309e-05,1.2490309e-05,6.1080763e-16,6.1080763e-16,9.9479266e-06,9.9479266e-06,9.9479266e-06,9.9479266e-06,-3.8135736e-07,-3.8135736e-07,1.5772477e-11,1.5772477e-11,2.0447285e-18,2.0447285e-18,2.0087212e-08,2.0087212e-08,-2.007144e-08,-2.007144e-08,1.249187e-05,1.249187e-05,6.1542815e-16,6.1542815e-16,0.013368578,0.013368578,3.8844438e-14,3.8844438e-14,0.0066839004,0.0066839004,1.9444916e-14,1.9444916e-14,9.9479266e-06,9.9479266e-06,2.5423824e-06,2.5423824e-06,1.9895853e-06,1.9895853e-06,1.1964017e-16,1.1964017e-16,-1.2904092e-14,-1.2904092e-14,1.2903963e-14,1.2903963e-14,-6.0737281e-20,-6.0737281e-20,-6.6906443e-19,-6.6906443e-19,-2.5766931e-06,-2.5766931e-06,-1.5805214e-19,-1.5805214e-19,8.6855484e-19,8.6855484e-19,-2.5022118e-18,-2.5022118e-18,-2.5766931e-06,-2.5766931e-06,3.132855e-10,3.132855e-10,2.7569054e-34,2.7569054e-34
1.0075061e-05,1.0075061e-05,-1.0075061e-05,-1.0075061e-05,-5.861739e-16,-5.861739e-16,-6.1633484e-16,-6.1633484e-16,-1.0075061e-05,-1.0075061e-05,-2.0769049e-06,-2.0769049e-06,-3.6228949e-07,-3.6228949e-07,-2.0766793e-06,-2.0766793e-06,-3.6228949e-07,-3.6228949e-07,0,0,1.2490324e-05,1.2490324e-05,6.1377119e-16,6.1377119e-16,1.2138432e-07,1.2138432e-07,1.2138432e-07,1.2138432e-07,2.8540128e-18,2.8540128e-18,-2.0529738e-06,-2.0529738e-06,-3.6228949e-07,-3.6228949e-07,-2.0529738e-06,-2.0529738e-06,-3.6228949e-07,-3.6228949e-07,-4.263697e-18,-4.263697e-18,2.259524e-18,2.259524e-18,-2.4152633e-06,-2.4152633e-06,-1.8217972e-18,-1.8217972e-18,3.2595143e-08,3.2595143e-08,1.5458682e-17,1.5458682e-17,1.2128034e-05,1.2128034e-05,3.6228949e-07,3.6228949e-07,1.2128034e-05,1.2128034e-05,3.6228949e-07,3.6228949e-07,1.2490324e-05,1.2490324e-05,6.1220849e-16,6.1220849e-16,1.0075061e-05,1.0075061e-05,1.0075061e-05,1.0075061e-05,-3.6228949e-07,-3.6228949e-07,1.4983853e-11,1.4983853e-11,2.0449966e-18,2.0449966e-18,1.9082852e-08,1.9082852e-08,-1.9067868e-08,-1.9067868e-08,1.2491807e-05,1.2491807e-05,6.1682982e-16,6.1682982e-16,0.013368543,0.013368543,3.893191e-14,3.893191e-14,0.0066839023,0.0066839023,1.9488107e-14,1.9488107e-14,1.0075061e-05,1.0075061e-05,2.4152633e-06,2.4152633e-06,2.0150121e-06,2.0150121e-06,1.1988819e-16,1.1988819e-16,-1.2968127e-14,-1.2968127e-14,1.2967996e-14,1.2967996e-14,-6.1793173e-20,-6.1793173e-20,-6.6904301e-19,-6.6904301e-19,-2.4478584e-06,-2.4478584e-06,-1.6047869e-19,-1.6047869e-19,8.6860627e-19,8.6860627e-19,-2.5024572e-18,-2.5024572e-18,-2.4478584e-06,-2.4478584e-06,3.1015265e-10,3.1015265e-10,2.7577109e-34,2.7577109e-34
1.0195838e-05,1.0195838e-05,-1.0195838e-05,-1.0195838e-05,-5.8562503e-16,-5.8562503e-16,-6.1789254e-16,-6.1789254e-16,-1.0195838e-05,-1.0195838e-05,-1.9730687e-06,-1.9730687e-06,-3.4417502e-07,-3.4417502e-07,-1.9728454e-06,-1.9728454e-06,-3.4417502e-07,-3.4417502e-07,0,0,1.2490338e-05,1.2490338e-05,6.1517236e-16,6.1517236e-16,1.153151e-07,1.153151e-07,1.153151e-07,1.153151e-07,2.854378e-18,2.854378e-18,-1.9503251e-06,-1.9503251e-06,-3.4417502e-07,-3.4417502e-07,-1.9503251e-06,-1.9503251e-06,-3.4417502e-07,-3.4417502e-07,-4.5563913e-18,-4.5563913e-18,2.3925953e-18,2.3925953e-18,-2.2945001e-06,-2.2945001e-06,-1.9814119e-18,-1.9814119e-18,3.0965386e-08,3.0965386e-08,1.5301346e-17,1.5301346e-17,1.2146163e-05,1.2146163e-05,3.4417502e-07,3.4417502e-07,1.2146163e-05,1.2146163e-05,3.4417502e-07,3.4417502e-07,1.2490338e-05,1.2490338e-05,6.1360959e-16,6.1360959e-16,1.0195838e-05,1.0195838e-05,1.0195838e-05,1.0195838e-05,-3.4417502e-07,-3.4417502e-07,1.423466e-11,1.423466e-11,2.045256e-18,2.045256e-18,1.8128709e-08,1.8128709e-08,-1.8114475e-08,-1.8114475e-08,1.2491747e-05,1.2491747e-05,6.1823171e-16,6.1823171e-16,0.01336851,0.01336851,3.9019396e-14,3.9019396e-14,0.006683904,0.006683904,1.9531305e-14,1.9531305e-14,1.0195838e-05,1.0195838e-05,2.2945001e-06,2.2945001e-06,2.0391676e-06,2.0391676e-06,1.2013627e-16,1.2013627e-16,-1.3032167e-14,-1.3032167e-14,1.3032035e-14,1.3032035e-14,-6.2824966e-20,-6.2824966e-20,-6.6902266e-19,-6.6902266e-19,-2.3254655e-06,-2.3254655e-06,-1.6279626e-19,-1.6279626e-19,8.6865512e-19,8.6865512e-19,-2.5026903e-18,-2.5026903e-18,-2.3254655e-06,-2.3254655e-06,3.0705112e-10,3.0705112e-10,2.7584901e-34,2.7584901e-34
1.0310577e-05,1.0310577e-05,-1.0310577e-05,-1.0310577e-05,-5.8507446e-16,-5.8507446e-16,-6.1945064e-16,-6.1945064e-16,-1.0310577e-05,-1.0310577e-05,-1.8744242e-06,-1.8744242e-06,-3.2696627e-07,-3.2696627e-07,-1.8742031e-06,-1.8742031e-06,-3.2696627e-07,-3.2696627e-07,0,0,1.2490352e-05,1.2490352e-05,6.1657375e-16,6.1657375e-16,1.0954935e-07,1.0954935e-07,1.0954935e-07,1.0954935e-07,2.8547318e-18,2.8547318e-18,-1.8528088e-06,-1.8528088e-06,-3.2696627e-07,-3.2696627e-07,-1.8528088e-06,-1.8528088e-06,-3.2696627e-07,-3.2696627e-07,-4.8492199e-18,-4.8492199e-18,2.5257977e-18,2.5257977e-18,-2.1797751e-06,-2.1797751e-06,-2.1410301e-18,-2.1410301e-18,2.9417117e-08,2.9417117e-08,1.5143904e-17,1.5143904e-17,1.2163385e-05,1.2163385e-05,3.2696627e-07,3.2696627e-07,1.2163385e-05,1.2163385e-05,3.2696627e-07,3.2696627e-07,1.2490352e-05,1.2490352e-05,6.1501093e-16,6.1501093e-16,1.0310577e-05,1.0310577e-05,1.0310577e-05,1.0310577e-05,-3.2696627e-07,-3.2696627e-07,1.3522927e-11,1.3522927e-11,2.045507e-18,2.045507e-18,1.7222274e-08,1.7222274e-08,-1.7208751e-08,-1.7208751e-08,1.249169e-05,1.249169e-05,6.1963381e-16,6.1963381e-16,0.013368478,0.013368478,3.9106895e-14,3.9106895e-14,0.0066839057,0.0066839057,1.9574509e-14,1.9574509e-14,1.0310577e-05,1.0310577e-05,2.1797751e-06,2.1797751e-06,2.0621153e-06,2.0621153e-06,1.203844e-16,1.203844e-16,-1.3096213e-14,-1.3096213e-14,1.3096078e-14,1.3096078e-14,-6.3833204e-20,-6.3833204e-20,-6.6900333e-19,-6.6900333e-19,-2.2091922e-06,-2.2091922e-06,-1.6500967e-19,-1.6500967e-19,8.6870153e-19,8.6870153e-19,-2.5029118e-18,-2.5029118e-18,-2.2091922e-06,-2.2091922e-06,3.0398061e-10,3.0398061e-10,2.7592439e-34,2.7592439e-34
1.0419578e-05,1.0419578e-05,-1.0419578e-05,-1.0419578e-05,-5.8452219e-16,-5.8452219e-16,-6.2100911e-16,-6.2100911e-16,-1.0419578e-05,-1.0419578e-05,-1.7807118e-06,-1.7807118e-06,-3.1061795e-07,-3.1061795e-07,-1.780493e-06,-1.780493e-06,-3.1061795e-07,-3.1061795e-07,0,0,1.2490365e-05,1.2490365e-05,6.1797538e-16,6.1797538e-16,1.0407188e-07,1.0407188e-07,1.0407188e-07,1.0407188e-07,2.8550745e-18,2.8550745e-18,-1.7601684e-06,-1.7601684e-06,-3.1061795e-07,-3.1061795e-07,-1.7601684e-06,-1.7601684e-06,-3.1061795e-07,-3.1061795e-07,-5.14218e-18,-5.14218e-18,2.6591266e-18,2.6591266e-18,-2.0707863e-06,-2.0707863e-06,-2.3006536e-18,-2.3006536e-18,2.7946261e-08,2.7946261e-08,1.498636e-17,1.498636e-17,1.2179747e-05,1.2179747e-05,3.1061795e-07,3.1061795e-07,1.2179747e-05,1.2179747e-05,3.1061795e-07,3.1061795e-07,1.2490365e-05,1.2490365e-05,6.164125e-16,6.164125e-16,1.0419578e-05,1.0419578e-05,1.0419578e-05,1.0419578e-05,-3.1061795e-07,-3.1061795e-07,1.2846781e-11,1.2846781e-11,2.0457499e-18,2.0457499e-18,1.636116e-08,1.636116e-08,-1.6348313e-08,-1.6348313e-08,1.2491636e-05,1.2491636e-05,6.2103611e-16,6.2103611e-16,0.013368448,0.013368448,3.9194407e-14,3.9194407e-14,0.0066839073,0.0066839073,1.9617719e-14,1.9617719e-14,1.0419578e-05,1.0419578e-05,2.0707863e-06,2.0707863e-06,2.0839156e-06,2.0839156e-06,1.2063259e-16,1.2063259e-16,-1.3160265e-14,-1.3160265e-14,1.3160128e-14,1.3160128e-14,-6.4818422e-20,-6.4818422e-20,-6.6898496e-19,-6.6898496e-19,-2.0987326e-06,-2.0987326e-06,-1.6712355e-19,-1.6712355e-19,8.6874562e-19,8.6874562e-19,-2.5031222e-18,-2.5031222e-18,-2.0987326e-06,-2.0987326e-06,3.009408e-10,3.009408e-10,2.7599732e-34,2.7599732e-34
1.052313e-05,1.052313e-05,-1.052313e-05,-1.052313e-05,-5.8396992e-16,-5.8396992e-16,-6.2256795e-16,-6.2256795e-16,-1.052313e-05,-1.052313e-05,-1.691685e-06,-1.691685e-06,-2.9508705e-07,-2.9508705e-07,-1.6914683e-06,-1.6914683e-06,-2.9508705e-07,-2.9508705e-07,0,0,1.2490377e-05,1.2490377e-05,6.1937723e-16,6.1937723e-16,9.8868287e-08,9.8868287e-08,9.8868287e-08,9.8868287e-08,2.8554066e-18,2.8554066e-18,-1.67216e-06,-1.67216e-06,-2.9508705e-07,-2.9508705e-07,-1.67216e-06,-1.67216e-06,-2.9508705e-07,-2.9508705e-07,-5.4352686e-18,-5.4352686e-18,2.7925778e-18,2.7925778e-18,-1.967247e-06,-1.967247e-06,-2.4602839e-18,-2.4602839e-18,2.6548948e-08,2.6548948e-08,1.4828715e-17,1.4828715e-17,1.219529e-05,1.219529e-05,2.9508706e-07,2.9508706e-07,1.219529e-05,1.219529e-05,2.9508706e-07,2.9508706e-07,1.2490377e-05,1.2490377e-05,6.178143e-16,6.178143e-16,1.052313e-05,1.052313e-05,1.052313e-05,1.052313e-05,-2.9508705e-07,-2.9508705e-07,1.2204442e-11,1.2204442e-11,2.045985e-18,2.045985e-18,1.5543102e-08,1.5543102e-08,-1.5530898e-08,-1.5530898e-08,1.2491585e-05,1.2491585e-05,6.2243862e-16,6.2243862e-16,0.013368419,0.013368419,3.928193e-14,3.928193e-14,0.0066839088,0.0066839088,1.9660934e-14,1.9660934e-14,1.052313e-05,1.052313e-05,1.967247e-06,1.967247e-06,2.1046259e-06,2.1046259e-06,1.2088083e-16,1.2088083e-16,-1.3224321e-14,-1.3224321e-14,1.3224182e-14,1.3224182e-14,-6.5781139e-20,-6.5781139e-20,-6.6896752e-19,-6.6896752e-19,-1.993796e-06,-1.993796e-06,-1.6914231e-19,-1.6914231e-19,8.6878751e-19,8.6878751e-19,-2.503322e-18,-2.503322e-18,-1.993796e-06,-1.993796e-06,2.979314e-10,2.979314e-10,2.7606789e-34,2.7606789e-34
1.0621504e-05,1.0621504e-05,-1.0621504e-05,-1.0621504e-05,-5.8341597e-16,-5.8341597e-16,-6.2412714e-16,-6.2412714e-16,-1.0621504e-05,-1.0621504e-05,-1.6071094e-06,-1.6071094e-06,-2.803327e-07,-2.803327e-07,-1.6068949e-06,-1.6068949e-06,-2.803327e-07,-2.803327e-07,0,0,1.2490388e-05,1.2490388e-05,6.2077929e-16,6.2077929e-16,9.3924873e-08,9.3924873e-08,9.3924873e-08,9.3924873e-08,2.8557283e-18,2.8557283e-18,-1.588552e-06,-1.588552e-06,-2.803327e-07,-2.803327e-07,-1.588552e-06,-1.588552e-06,-2.803327e-07,-2.803327e-07,-5.7284831e-18,-5.7284831e-18,2.9261469e-18,2.9261469e-18,-1.8688847e-06,-1.8688847e-06,-2.6199224e-18,-2.6199224e-18,2.52215e-08,2.52215e-08,1.4670972e-17,1.4670972e-17,1.2210056e-05,1.2210056e-05,2.803327e-07,2.803327e-07,1.2210056e-05,1.2210056e-05,2.803327e-07,2.803327e-07,1.2490388e-05,1.2490388e-05,6.1921631e-16,6.1921631e-16,1.0621504e-05,1.0621504e-05,1.0621504e-05,1.0621504e-05,-2.803327e-07,-2.803327e-07,1.1594219e-11,1.1594219e-11,2.0462125e-18,2.0462125e-18,1.4765947e-08,1.4765947e-08,-1.4754353e-08,-1.4754353e-08,1.2491536e-05,1.2491536e-05,6.2384132e-16,6.2384132e-16,0.013368392,0.013368392,3.9369466e-14,3.9369466e-14,0.0066839103,0.0066839103,1.9704156e-14,1.9704156e-14,1.0621504e-05,1.0621504e-05,1.8688847e-06,1.8688847e-06,2.1243007e-06,2.1243007e-06,1.2112913e-16,1.2112913e-16,-1.3288383e-14,-1.3288383e-14,1.3288242e-14,1.3288242e-14,-6.6721865e-20,-6.6721865e-20,-6.6895094e-19,-6.6895094e-19,-1.8941062e-06,-1.8941062e-06,-1.710702e-19,-1.710702e-19,8.688273e-19,8.688273e-19,-2.5035119e-18,-2.5035119e-18,-1.8941062e-06,-1.8941062e-06,2.9495208e-10,2.9495208e-10,2.7613618e-34,2.7613618e-34
1.0714959e-05,1.0714959e-05,-1.0714959e-05,-1.0714959e-05,-5.8286709e-16,-5.8286709e-16,-6.2568668e-16,-6.2568668e-16,-1.0714959e-05,-1.0714959e-05,-1.5267625e-06,-1.5267625e-06,-2.6631607e-07,-2.6631607e-07,-1.5265501e-06,-1.5265501e-06,-2.6631607e-07,-2.6631607e-07,0,0,1.2490399e-05,1.2490399e-05,6.2218156e-16,6.2218156e-16,8.9228629e-08,8.9228629e-08,8.9228629e-08,8.9228629e-08,2.8560401e-18,2.8560401e-18,-1.5091244e-06,-1.5091244e-06,-2.6631607e-07,-2.6631607e-07,-1.5091244e-06,-1.5091244e-06,-2.6631607e-07,-2.6631607e-07,-6.0218208e-18,-6.0218208e-18,3.0598299e-18,3.0598299e-18,-1.7754404e-06,-1.7754404e-06,-2.7795706e-18,-2.7795706e-18,2.3960425e-08,2.3960425e-08,1.4513135e-17,1.4513135e-17,1.2224083e-05,1.2224083e-05,2.6631607e-07,2.6631607e-07,1.2224083e-05,1.2224083e-05,2.6631607e-07,2.6631607e-07,1.2490399e-05,1.2490399e-05,6.2061853e-16,6.2061853e-16,1.0714959e-05,1.0714959e-05,1.0714959e-05,1.0714959e-05,-2.6631607e-07,-2.6631607e-07,1.1014508e-11,1.1014508e-11,2.0464327e-18,2.0464327e-18,1.402765e-08,1.402765e-08,-1.4016635e-08,-1.4016635e-08,1.249149e-05,1.249149e-05,6.252442e-16,6.252442e-16,0.013368366,0.013368366,3.9457013e-14,3.9457013e-14,0.0066839117,0.0066839117,1.9747383e-14,1.9747383e-14,1.0714959e-05,1.0714959e-05,1.7754404e-06,1.7754404e-06,2.1429918e-06,2.1429918e-06,1.2137747e-16,1.2137747e-16,-1.3352449e-14,-1.3352449e-14,1.3352306e-14,1.3352306e-14,-6.7641099e-20,-6.7641099e-20,-6.689352e-19,-6.689352e-19,-1.7994009e-06,-1.7994009e-06,-1.7291123e-19,-1.7291123e-19,8.688651e-19,8.688651e-19,-2.5036923e-18,-2.5036923e-18,-1.7994009e-06,-1.7994009e-06,2.9200256e-10,2.9200256e-10,2.7620227e-34,2.7620227e-34
1.0803741e-05,1.0803741e-05,-1.0803741e-05,-1.0803741e-05,-5.8230974e-16,-5.8230974e-16,-6.2724654e-16,-6.2724654e-16,-1.0803741e-05,-1.0803741e-05,-1.4504329e-06,-1.4504329e-06,-2.5300026e-07,-2.5300026e-07,-1.4502226e-06,-1.4502226e-06,-2.5300026e-07,-2.5300026e-07,0,0,1.249041e-05,1.249041e-05,6.2358403e-16,6.2358403e-16,8.4767198e-08,8.4767198e-08,8.4767198e-08,8.4767198e-08,2.8563422e-18,2.8563422e-18,-1.4336682e-06,-1.4336682e-06,-2.5300026e-07,-2.5300026e-07,-1.4336682e-06,-1.4336682e-06,-2.5300026e-07,-2.5300026e-07,-6.3152791e-18,-6.3152791e-18,3.193623e-18,3.193623e-18,-1.6866684e-06,-1.6866684e-06,-2.9392296e-18,-2.9392296e-18,2.2762404e-08,2.2762404e-08,1.4355206e-17,1.4355206e-17,1.223741e-05,1.223741e-05,2.5300026e-07,2.5300026e-07,1.223741e-05,1.223741e-05,2.5300026e-07,2.5300026e-07,1.249041e-05,1.249041e-05,6.2202096e-16,6.2202096e-16,1.0803741e-05,1.0803741e-05,1.0803741e-05,1.0803741e-05,-2.5300026e-07,-2.5300026e-07,1.0463783e-11,1.0463783e-11,2.0466459e-18,2.0466459e-18,1.3326267e-08,1.3326267e-08,-1.3315803e-08,-1.3315803e-08,1.2491446e-05,1.2491446e-05,6.2664727e-16,6.2664727e-16,0.013368342,0.013368342,3.9544572e-14,3.9544572e-14,0.006683913,0.006683913,1.9790616e-14,1.9790616e-14,1.0803741e-05,1.0803741e-05,1.6866684e-06,1.6866684e-06,2.1607483e-06,2.1607483e-06,1.2162586e-16,1.2162586e-16,-1.3416521e-14,-1.3416521e-14,1.3416376e-14,1.3416376e-14,-6.8539327e-20,-6.8539327e-20,-6.6892024e-19,-6.6892024e-19,-1.7094308e-06,-1.7094308e-06,-1.7466929e-19,-1.7466929e-19,8.6890102e-19,8.6890102e-19,-2.5038636e-18,-2.5038636e-18,-1.7094308e-06,-1.7094308e-06,2.8908253e-10,2.8908253e-10,2.7626623e-34,2.7626623e-34
1.0888085e-05,1.0888085e-05,-1.0888085e-05,-1.0888085e-05,-5.8175578e-16,-5.8175578e-16,-6.2880673e-16,-6.2880673e-16,-1.0888085e-05,-1.0888085e-05,-1.3779196e-06,-1.3779196e-06,-2.4035025e-07,-2.4035025e-07,-1.3777115e-06,-1.3777115e-06,-2.4035025e-07,-2.4035025e-07,0,0,1.249042e-05,1.249042e-05,6.249867e-16,6.249867e-16,8.0528838e-08,8.0528838e-08,8.0528838e-08,8.0528838e-08,2.8566351e-18,2.8566351e-18,-1.3619848e-06,-1.3619848e-06,-2.4035025e-07,-2.4035025e-07,-1.3619848e-06,-1.3619848e-06,-2.4035025e-07,-2.4035025e-07,-6.6088555e-18,-6.6088555e-18,3.3275224e-18,3.3275224e-18,-1.602335e-06,-1.602335e-06,-3.0989007e-18,-3.0989007e-18,2.1624284e-08,2.1624284e-08,1.4197186e-17,1.4197186e-17,1.225007e-05,1.225007e-05,2.4035025e-07,2.4035025e-07,1.225007e-05,1.225007e-05,2.4035025e-07,2.4035025e-07,1.249042e-05,1.249042e-05,6.2342358e-16,6.2342358e-16,1.0888085e-05,1.0888085e-05,1.0888085e-05,1.0888085e-05,-2.4035025e-07,-2.4035025e-07,9.9405937e-12,9.9405937e-12,2.0468523e-18,2.0468523e-18,1.2659954e-08,1.2659954e-08,-1.2650013e-08,-1.2650013e-08,1.2491404e-05,1.2491404e-05,6.2805052e-16,6.2805052e-16,0.013368318,0.013368318,3.9632141e-14,3.9632141e-14,0.0066839142,0.0066839142,1.9833853e-14,1.9833853e-14,1.0888085e-05,1.0888085e-05,1.602335e-06,1.602335e-06,2.177617e-06,2.177617e-06,1.218743e-16,1.218743e-16,-1.3480597e-14,-1.3480597e-14,1.348045e-14,1.348045e-14,-6.9417027e-20,-6.9417027e-20,-6.6890603e-19,-6.6890603e-19,-1.6239593e-06,-1.6239593e-06,-1.7634807e-19,-1.7634807e-19,8.6893513e-19,8.6893513e-19,-2.5040264e-18,-2.5040264e-18,-1.6239593e-06,-1.6239593e-06,2.8619171e-10,2.8619171e-10,2.7632815e-34,2.7632815e-34
1.0968211e-05,1.0968211e-05,-1.0968211e-05,-1.0968211e-05,-5.8120182e-16,-5.8120182e-16,-6.3036722e-16,-6.3036722e-16,-1.0968211e-05,-1.0968211e-05,-1.309032e-06,-1.309032e-06,-2.2833274e-07,-2.2833274e-07,-1.3088259e-06,-1.3088259e-06,-2.2833274e-07,-2.2833274e-07,0,0,1.2490429e-05,1.2490429e-05,6.2638955e-16,6.2638955e-16,7.6502396e-08,7.6502396e-08,7.6502396e-08,7.6502396e-08,2.8569189e-18,2.8569189e-18,-1.2938855e-06,-1.2938855e-06,-2.2833274e-07,-2.2833274e-07,-1.2938855e-06,-1.2938855e-06,-2.2833274e-07,-2.2833274e-07,-6.9025472e-18,-6.9025472e-18,3.4615245e-18,3.4615245e-18,-1.5222183e-06,-1.5222183e-06,-3.2585848e-18,-3.2585848e-18,2.0543069e-08,2.0543069e-08,1.4039079e-17,1.4039079e-17,1.2262096e-05,1.2262096e-05,2.2833274e-07,2.2833274e-07,1.2262096e-05,1.2262096e-05,2.2833274e-07,2.2833274e-07,1.2490429e-05,1.2490429e-05,6.2482639e-16,6.2482639e-16,1.0968211e-05,1.0968211e-05,1.0968211e-05,1.0968211e-05,-2.2833274e-07,-2.2833274e-07,9.4435639e-12,9.4435639e-12,2.0470521e-18,2.0470521e-18,1.2026956e-08,1.2026956e-08,-1.2017513e-08,-1.2017513e-08,1.2491364e-05,1.2491364e-05,6.2945393e-16,6.2945393e-16,0.013368296,0.013368296,3.971972e-14,3.971972e-14,0.0066839154,0.0066839154,1.9877096e-14,1.9877096e-14,1.0968211e-05,1.0968211e-05,1.5222183e-06,1.5222183e-06,2.1936422e-06,2.1936422e-06,1.2212278e-16,1.2212278e-16,-1.3544677e-14,-1.3544677e-14,1.3544529e-14,1.3544529e-14,-7.0274662e-20,-7.0274662e-20,-6.6889253e-19,-6.6889253e-19,-1.5427613e-06,-1.5427613e-06,-1.779511e-19,-1.779511e-19,8.6896755e-19,8.6896755e-19,-2.5041811e-18,-2.5041811e-18,-1.5427613e-06,-1.5427613e-06,2.8332979e-10,2.8332979e-10,2.7638808e-34,2.7638808e-34
1.1044331e-05,1.1044331e-05,-1.1044331e-05,-1.1044331e-05,-5.8064447e-16,-5.8064447e-16,-6.3192802e-16,-6.3192802e-16,-1.1044331e-05,-1.1044331e-05,-1.2435886e-06,-1.2435886e-06,-2.169161e-07,-2.169161e-07,-1.2433846e-06,-1.2433846e-06,-2.169161e-07,-2.169161e-07,0,0,1.2490438e-05,1.2490438e-05,6.2779259e-16,6.2779259e-16,7.2677276e-08,7.2677276e-08,7.2677276e-08,7.2677276e-08,2.857194e-18,2.857194e-18,-1.2291912e-06,-1.2291912e-06,-2.169161e-07,-2.169161e-07,-1.2291912e-06,-1.2291912e-06,-2.169161e-07,-2.169161e-07,-7.196352e-18,-7.196352e-18,3.5956258e-18,3.5956258e-18,-1.4461073e-06,-1.4461073e-06,-3.418283e-18,-3.418283e-18,1.9515916e-08,1.9515916e-08,1.3880887e-17,1.3880887e-17,1.2273522e-05,1.2273522e-05,2.169161e-07,2.169161e-07,1.2273522e-05,1.2273522e-05,2.169161e-07,2.169161e-07,1.2490438e-05,1.2490438e-05,6.2622939e-16,6.2622939e-16,1.1044331e-05,1.1044331e-05,1.1044331e-05,1.1044331e-05,-2.169161e-07,-2.169161e-07,8.9713857e-12,8.9713857e-12,2.0472456e-18,2.0472456e-18,1.1425608e-08,1.1425608e-08,-1.1416637e-08,-1.1416637e-08,1.2491326e-05,1.2491326e-05,6.3085752e-16,6.3085752e-16,0.013368275,0.013368275,3.980731e-14,3.980731e-14,0.0066839165,0.0066839165,1.9920343e-14,1.9920343e-14,1.1044331e-05,1.1044331e-05,1.4461073e-06,1.4461073e-06,2.2088662e-06,2.2088662e-06,1.223713e-16,1.223713e-16,-1.3608762e-14,-1.3608762e-14,1.3608612e-14,1.3608612e-14,-7.111269e-20,-7.111269e-20,-6.688797e-19,-6.688797e-19,-1.4656233e-06,-1.4656233e-06,-1.7948175e-19,-1.7948175e-19,8.6899834e-19,8.6899834e-19,-2.504328e-18,-2.504328e-18,-1.4656233e-06,-1.4656233e-06,2.8049649e-10,2.8049649e-10,2.764461e-34,2.764461e-34
1.1116645e-05,1.1116645e-05,-1.1116645e-05,-1.1116645e-05,-5.8008882e-16,-5.8008882e-16,-6.334891e-16,-6.334891e-16,-1.1116645e-05,-1.1116645e-05,-1.1814174e-06,-1.1814174e-06,-2.060703e-07,-2.060703e-07,-1.1812154e-06,-1.1812154e-06,-2.060703e-07,-2.060703e-07,0,0,1.2490447e-05,1.2490447e-05,6.291958e-16,6.291958e-16,6.9043412e-08,6.9043412e-08,6.9043412e-08,6.9043412e-08,2.8574607e-18,2.8574607e-18,-1.1677317e-06,-1.1677317e-06,-2.060703e-07,-2.060703e-07,-1.1677317e-06,-1.1677317e-06,-2.060703e-07,-2.060703e-07,-7.4902674e-18,-7.4902674e-18,3.7298229e-18,3.7298229e-18,-1.373802e-06,-1.373802e-06,-3.5779962e-18,-3.5779962e-18,1.854012e-08,1.854012e-08,1.3722612e-17,1.3722612e-17,1.2284376e-05,1.2284376e-05,2.060703e-07,2.060703e-07,1.2284376e-05,1.2284376e-05,2.060703e-07,2.060703e-07,1.2490447e-05,1.2490447e-05,6.2763257e-16,6.2763257e-16,1.1116645e-05,1.1116645e-05,1.1116645e-05,1.1116645e-05,-2.060703e-07,-2.060703e-07,8.5228163e-12,8.5228163e-12,2.0474329e-18,2.0474329e-18,1.0854328e-08,1.0854328e-08,-1.0845805e-08,-1.0845805e-08,1.249129e-05,1.249129e-05,6.3226126e-16,6.3226126e-16,0.013368255,0.013368255,3.9894909e-14,3.9894909e-14,0.0066839176,0.0066839176,1.9963596e-14,1.9963596e-14,1.1116645e-05,1.1116645e-05,1.373802e-06,1.373802e-06,2.2233289e-06,2.2233289e-06,1.2261986e-16,1.2261986e-16,-1.3672852e-14,-1.3672852e-14,1.36727e-14,1.36727e-14,-7.1931554e-20,-7.1931554e-20,-6.6886752e-19,-6.6886752e-19,-1.3923421e-06,-1.3923421e-06,-1.8094326e-19,-1.8094326e-19,8.6902759e-19,8.6902759e-19,-2.5044676e-18,-2.5044676e-18,-1.3923421e-06,-1.3923421e-06,2.7769153e-10,2.7769153e-10,2.7650227e-34,2.7650227e-34
1.1185343e-05,1.1185343e-05,-1.1185343e-05,-1.1185343e-05,-5.7953317e-16,-5.7953317e-16,-6.3505047e-16,-6.3505047e-16,-1.1185343e-05,-1.1185343e-05,-1.1223546e-06,-1.1223546e-06,-1.9576678e-07,-1.9576678e-07,-1.1221546e-06,-1.1221546e-06,-1.9576678e-07,-1.9576678e-07,0,0,1.2490455e-05,1.2490455e-05,6.3059919e-16,6.3059919e-16,6.5591242e-08,6.5591242e-08,6.5591242e-08,6.5591242e-08,2.8577192e-18,2.8577192e-18,-1.1093451e-06,-1.1093451e-06,-1.9576678e-07,-1.9576678e-07,-1.1093451e-06,-1.1093451e-06,-1.9576678e-07,-1.9576678e-07,-7.7842909e-18,-7.7842909e-18,3.8641127e-18,3.8641127e-18,-1.3051119e-06,-1.3051119e-06,-3.7377252e-18,-3.7377252e-18,1.7613114e-08,1.7613114e-08,1.3564257e-17,1.3564257e-17,1.2294688e-05,1.2294688e-05,1.9576678e-07,1.9576678e-07,1.2294688e-05,1.2294688e-05,1.9576678e-07,1.9576678e-07,1.2490455e-05,1.2490455e-05,6.2903592e-16,6.2903592e-16,1.1185343e-05,1.1185343e-05,1.1185343e-05,1.1185343e-05,-1.9576678e-07,-1.9576678e-07,8.0966754e-12,8.0966754e-12,2.0476144e-18,2.0476144e-18,1.0311611e-08,1.0311611e-08,-1.0303515e-08,-1.0303515e-08,1.2491256e-05,1.2491256e-05,6.3366516e-16,6.3366516e-16,0.013368236,0.013368236,3.9982518e-14,3.9982518e-14,0.0066839186,0.0066839186,2.0006852e-14,2.0006852e-14,1.1185343e-05,1.1185343e-05,1.3051119e-06,1.3051119e-06,2.2370686e-06,2.2370686e-06,1.2286846e-16,1.2286846e-16,-1.3736946e-14,-1.3736946e-14,1.3736792e-14,1.3736792e-14,-7.2731691e-20,-7.2731691e-20,-6.6885594e-19,-6.6885594e-19,-1.322725e-06,-1.322725e-06,-1.8233871e-19,-1.8233871e-19,8.6905538e-19,8.6905538e-19,-2.5046002e-18,-2.5046002e-18,-1.322725e-06,-1.322725e-06,2.7491461e-10,2.7491461e-10,2.7655666e-34,2.7655666e-34
1.1250606e-05,1.1250606e-05,-1.1250606e-05,-1.1250606e-05,-5.7897412e-16,-5.7897412e-16,-6.3661211e-16,-6.3661211e-16,-1.1250606e-05,-1.1250606e-05,-1.0662448e-06,-1.0662448e-06,-1.8597844e-07,-1.8597844e-07,-1.0660469e-06,-1.0660469e-06,-1.8597844e-07,-1.8597844e-07,0,0,1.2490462e-05,1.2490462e-05,6.3200274e-16,6.3200274e-16,6.231168e-08,6.231168e-08,6.231168e-08,6.231168e-08,2.8579699e-18,2.8579699e-18,-1.0538778e-06,-1.0538778e-06,-1.8597844e-07,-1.8597844e-07,-1.0538778e-06,-1.0538778e-06,-1.8597844e-07,-1.8597844e-07,-8.0784204e-18,-8.0784204e-18,3.998492e-18,3.998492e-18,-1.2398563e-06,-1.2398563e-06,-3.8974707e-18,-3.8974707e-18,1.6732458e-08,1.6732458e-08,1.3405823e-17,1.3405823e-17,1.2304484e-05,1.2304484e-05,1.8597844e-07,1.8597844e-07,1.2304484e-05,1.2304484e-05,1.8597844e-07,1.8597844e-07,1.2490462e-05,1.2490462e-05,6.3043945e-16,6.3043945e-16,1.1250606e-05,1.1250606e-05,1.1250606e-05,1.1250606e-05,-1.8597844e-07,-1.8597844e-07,7.6918416e-12,7.6918416e-12,2.0477901e-18,2.0477901e-18,9.7960309e-09,9.7960309e-09,-9.788339e-09,-9.788339e-09,1.2491224e-05,1.2491224e-05,6.3506921e-16,6.3506921e-16,0.013368218,0.013368218,4.0070137e-14,4.0070137e-14,0.0066839195,0.0066839195,2.0050114e-14,2.0050114e-14,1.1250606e-05,1.1250606e-05,1.2398563e-06,1.2398563e-06,2.2501212e-06,2.2501212e-06,1.231171e-16,1.231171e-16,-1.3801044e-14,-1.3801044e-14,1.3800888e-14,1.3800888e-14,-7.3513525e-20,-7.3513525e-20,-6.6884494e-19,-6.6884494e-19,-1.2565887e-06,-1.2565887e-06,-1.8367107e-19,-1.8367107e-19,8.6908178e-19,8.6908178e-19,-2.5047261e-18,-2.5047261e-18,-1.2565887e-06,-1.2565887e-06,2.7216547e-10,2.7216547e-10,2.7660933e-34,2.7660933e-34
1.1312606e-05,1.1312606e-05,-1.1312606e-05,-1.1312606e-05,-5.7841847e-16,-5.7841847e-16,-6.3817402e-16,-6.3817402e-16,-1.1312606e-05,-1.1312606e-05,-1.0129405e-06,-1.0129405e-06,-1.7667952e-07,-1.7667952e-07,-1.0127446e-06,-1.0127446e-06,-1.7667952e-07,-1.7667952e-07,0,0,1.249047e-05,1.249047e-05,6.3340646e-16,6.3340646e-16,5.9196096e-08,5.9196096e-08,5.9196096e-08,5.9196096e-08,2.858213e-18,2.858213e-18,-1.0011839e-06,-1.0011839e-06,-1.7667952e-07,-1.7667952e-07,-1.0011839e-06,-1.0011839e-06,-1.7667952e-07,-1.7667952e-07,-8.3726534e-18,-8.3726534e-18,4.1329579e-18,4.1329579e-18,-1.1778635e-06,-1.1778635e-06,-4.0572336e-18,-4.0572336e-18,1.5895835e-08,1.5895835e-08,1.3247312e-17,1.3247312e-17,1.231379e-05,1.231379e-05,1.7667952e-07,1.7667952e-07,1.231379e-05,1.231379e-05,1.7667952e-07,1.7667952e-07,1.249047e-05,1.249047e-05,6.3184313e-16,6.3184313e-16,1.1312606e-05,1.1312606e-05,1.1312606e-05,1.1312606e-05,-1.7667952e-07,-1.7667952e-07,7.3072494e-12,7.3072494e-12,2.0479604e-18,2.0479604e-18,9.3062293e-09,9.3062293e-09,-9.2989221e-09,-9.2989221e-09,1.2491193e-05,1.2491193e-05,6.3647341e-16,6.3647341e-16,0.013368201,0.013368201,4.0157764e-14,4.0157764e-14,0.0066839204,0.0066839204,2.0093379e-14,2.0093379e-14,1.1312606e-05,1.1312606e-05,1.1778635e-06,1.1778635e-06,2.2625213e-06,2.2625213e-06,1.2336577e-16,1.2336577e-16,-1.3865146e-14,-1.3865146e-14,1.3864989e-14,1.3864989e-14,-7.4277473e-20,-7.4277473e-20,-6.688345e-19,-6.688345e-19,-1.1937593e-06,-1.1937593e-06,-1.8494314e-19,-1.8494314e-19,8.6910685e-19,8.6910685e-19,-2.5048458e-18,-2.5048458e-18,-1.1937593e-06,-1.1937593e-06,2.6944381e-10,2.6944381e-10,2.7666034e-34,2.7666034e-34
1.1371506e-05,1.1371506e-05,-1.1371506e-05,-1.1371506e-05,-5.7785774e-16,-5.7785774e-16,-6.3973618e-16,-6.3973618e-16,-1.1371506e-05,-1.1371506e-05,-9.6230133e-07,-9.6230133e-07,-1.6784554e-07,-1.6784554e-07,-9.6210733e-07,-9.6210733e-07,-1.6784554e-07,-1.6784554e-07,0,0,1.2490477e-05,1.2490477e-05,6.3481033e-16,6.3481033e-16,5.6236291e-08,5.6236291e-08,5.6236291e-08,5.6236291e-08,2.8584487e-18,2.8584487e-18,-9.5112475e-07,-9.5112475e-07,-1.6784554e-07,-1.6784554e-07,-9.5112475e-07,-9.5112475e-07,-1.6784554e-07,-1.6784554e-07,-8.6669877e-18,-8.6669877e-18,4.2675074e-18,4.2675074e-18,-1.1189703e-06,-1.1189703e-06,-4.2170143e-18,-4.2170143e-18,1.5101043e-08,1.5101043e-08,1.3088727e-17,1.3088727e-17,1.2322631e-05,1.2322631e-05,1.6784554e-07,1.6784554e-07,1.2322631e-05,1.2322631e-05,1.6784554e-07,1.6784554e-07,1.2490477e-05,1.2490477e-05,6.3324697e-16,6.3324697e-16,1.1371506e-05,1.1371506e-05,1.1371506e-05,1.1371506e-05,-1.6784554e-07,-1.6784554e-07,6.9418869e-12,6.9418869e-12,2.0481253e-18,2.0481253e-18,8.8409179e-09,8.8409179e-09,-8.833976e-09,-8.833976e-09,1.2491164e-05,1.2491164e-05,6.3787775e-16,6.3787775e-16,0.013368185,0.013368185,4.02454e-14,4.02454e-14,0.0066839213,0.0066839213,2.0136649e-14,2.0136649e-14,1.1371506e-05,1.1371506e-05,1.1189703e-06,1.1189703e-06,2.2743013e-06,2.2743013e-06,1.2361447e-16,1.2361447e-16,-1.3929252e-14,-1.3929252e-14,1.3929094e-14,1.3929094e-14,-7.502394e-20,-7.502394e-20,-6.6882457e-19,-6.6882457e-19,-1.1340713e-06,-1.1340713e-06,-1.8615762e-19,-1.8615762e-19,8.6913068e-19,8.6913068e-19,-2.5049595e-18,-2.5049595e-18,-1.1340713e-06,-1.1340713e-06,2.6674938e-10,2.6674938e-10,2.7670974e-34,2.7670974e-34
1.1427462e-05,1.1427462e-05,-1.1427462e-05,-1.1427462e-05,-5.77297e-16,-5.77297e-16,-6.4129858e-16,-6.4129858e-16,-1.1427462e-05,-1.1427462e-05,-9.1419402e-07,-9.1419402e-07,-1.5945327e-07,-1.5945327e-07,-9.1400196e-07,-9.1400196e-07,-1.5945327e-07,-1.5945327e-07,0,0,1.2490483e-05,1.2490483e-05,6.3621435e-16,6.3621435e-16,5.3424476e-08,5.3424476e-08,5.3424476e-08,5.3424476e-08,2.8586772e-18,2.8586772e-18,-9.0356851e-07,-9.0356851e-07,-1.5945327e-07,-1.5945327e-07,-9.0356851e-07,-9.0356851e-07,-1.5945327e-07,-1.5945327e-07,-8.9614212e-18,-8.9614212e-18,4.4021378e-18,4.4021378e-18,-1.0630218e-06,-1.0630218e-06,-4.3768135e-18,-4.3768135e-18,1.4345991e-08,1.4345991e-08,1.2930069e-17,1.2930069e-17,1.233103e-05,1.233103e-05,1.5945327e-07,1.5945327e-07,1.233103e-05,1.233103e-05,1.5945327e-07,1.5945327e-07,1.2490483e-05,1.2490483e-05,6.3465097e-16,6.3465097e-16,1.1427462e-05,1.1427462e-05,1.1427462e-05,1.1427462e-05,-1.5945327e-07,-1.5945327e-07,6.5947925e-12,6.5947925e-12,2.0482851e-18,2.0482851e-18,8.398872e-09,8.398872e-09,-8.3922772e-09,-8.3922772e-09,1.2491136e-05,1.2491136e-05,6.3928223e-16,6.3928223e-16,0.013368169,0.013368169,4.0333044e-14,4.0333044e-14,0.0066839221,0.0066839221,2.0179923e-14,2.0179923e-14,1.1427462e-05,1.1427462e-05,1.0630218e-06,1.0630218e-06,2.2854923e-06,2.2854923e-06,1.2386321e-16,1.2386321e-16,-1.3993362e-14,-1.3993362e-14,1.3993202e-14,1.3993202e-14,-7.5753325e-20,-7.5753325e-20,-6.6881515e-19,-6.6881515e-19,-1.0773678e-06,-1.0773678e-06,-1.873171e-19,-1.873171e-19,8.6915331e-19,8.6915331e-19,-2.5050675e-18,-2.5050675e-18,-1.0773678e-06,-1.0773678e-06,2.6408188e-10,2.6408188e-10,2.7675759e-34,2.7675759e-34
1.1480619e-05,1.1480619e-05,-1.1480619e-05,-1.1480619e-05,-5.7674135e-16,-5.7674135e-16,-6.4286123e-16,-6.4286123e-16,-1.1480619e-05,-1.1480619e-05,-8.68492e-07,-8.68492e-07,-1.514806e-07,-1.514806e-07,-8.6830186e-07,-8.6830186e-07,-1.514806e-07,-1.514806e-07,0,0,1.249049e-05,1.249049e-05,6.3761852e-16,6.3761852e-16,5.0753253e-08,5.0753253e-08,5.0753253e-08,5.0753253e-08,2.8588989e-18,2.8588989e-18,-8.5839009e-07,-8.5839009e-07,-1.514806e-07,-1.514806e-07,-8.5839009e-07,-8.5839009e-07,-1.514806e-07,-1.514806e-07,-9.2559518e-18,-9.2559518e-18,4.5368465e-18,4.5368465e-18,-1.0098707e-06,-1.0098707e-06,-4.5366317e-18,-4.5366317e-18,1.3628691e-08,1.3628691e-08,1.2771341e-17,1.2771341e-17,1.2339009e-05,1.2339009e-05,1.514806e-07,1.514806e-07,1.2339009e-05,1.2339009e-05,1.514806e-07,1.514806e-07,1.249049e-05,1.249049e-05,6.3605511e-16,6.3605511e-16,1.1480619e-05,1.1480619e-05,1.1480619e-05,1.1480619e-05,-1.514806e-07,-1.514806e-07,6.2650528e-12,6.2650528e-12,2.0484399e-18,2.0484399e-18,7.9789284e-09,7.9789284e-09,-7.9726633e-09,-7.9726633e-09,1.249111e-05,1.249111e-05,6.4068684e-16,6.4068684e-16,0.013368155,0.013368155,4.0420697e-14,4.0420697e-14,0.0066839229,0.0066839229,2.0223201e-14,2.0223201e-14,1.1480619e-05,1.1480619e-05,1.0098707e-06,1.0098707e-06,2.2961238e-06,2.2961238e-06,1.2411198e-16,1.2411198e-16,-1.4057476e-14,-1.4057476e-14,1.4057315e-14,1.4057315e-14,-7.6466017e-20,-7.6466017e-20,-6.6880619e-19,-6.6880619e-19,-1.0234994e-06,-1.0234994e-06,-1.8842404e-19,-1.8842404e-19,8.6917482e-19,8.6917482e-19,-2.5051701e-18,-2.5051701e-18,-1.0234994e-06,-1.0234994e-06,2.6144106e-10,2.6144106e-10,2.7680394e-34,2.7680394e-34
1.1531118e-05,1.1531118e-05,-1.1531118e-05,-1.1531118e-05,-5.7617892e-16,-5.7617892e-16,-6.4442411e-16,-6.4442411e-16,-1.1531118e-05,-1.1531118e-05,-8.2507501e-07,-8.2507501e-07,-1.4390657e-07,-1.4390657e-07,-8.2488677e-07,-8.2488677e-07,-1.4390657e-07,-1.4390657e-07,0,0,1.2490496e-05,1.2490496e-05,6.3902284e-16,6.3902284e-16,4.821559e-08,4.821559e-08,4.821559e-08,4.821559e-08,2.8591139e-18,2.8591139e-18,-8.1547058e-07,-8.1547058e-07,-1.4390657e-07,-1.4390657e-07,-8.1547058e-07,-8.1547058e-07,-1.4390657e-07,-1.4390657e-07,-9.5505772e-18,-9.5505772e-18,4.6716308e-18,4.6716308e-18,-9.5937715e-07,-9.5937715e-07,-4.6964693e-18,-4.6964693e-18,1.2947257e-08,1.2947257e-08,1.2612543e-17,1.2612543e-17,1.2346589e-05,1.2346589e-05,1.4390657e-07,1.4390657e-07,1.2346589e-05,1.2346589e-05,1.4390657e-07,1.4390657e-07,1.2490496e-05,1.2490496e-05,6.374594e-16,6.374594e-16,1.1531118e-05,1.1531118e-05,1.1531118e-05,1.1531118e-05,-1.4390657e-07,-1.4390657e-07,5.9518001e-12,5.9518001e-12,2.0485899e-18,2.0485899e-18,7.579982e-09,7.579982e-09,-7.5740302e-09,-7.5740302e-09,1.2491085e-05,1.2491085e-05,6.4209158e-16,6.4209158e-16,0.013368141,0.013368141,4.0508357e-14,4.0508357e-14,0.0066839236,0.0066839236,2.0266482e-14,2.0266482e-14,1.1531118e-05,1.1531118e-05,9.5937716e-07,9.5937716e-07,2.3062237e-06,2.3062237e-06,1.2436078e-16,1.2436078e-16,-1.4121594e-14,-1.4121594e-14,1.4121431e-14,1.4121431e-14,-7.7162394e-20,-7.7162394e-20,-6.6879768e-19,-6.6879768e-19,-9.7232441e-07,-9.7232441e-07,-1.8948079e-19,-1.8948079e-19,8.6919524e-19,8.6919524e-19,-2.5052675e-18,-2.5052675e-18,-9.7232441e-07,-9.7232441e-07,2.5882665e-10,2.5882665e-10,2.7684885e-34,2.7684885e-34
1.1579093e-05,1.1579093e-05,-1.1579093e-05,-1.1579093e-05,-5.7562326e-16,-5.7562326e-16,-6.4598721e-16,-6.4598721e-16,-1.1579093e-05,-1.1579093e-05,-7.8382879e-07,-7.8382879e-07,-1.3671124e-07,-1.3671124e-07,-7.8364243e-07,-7.8364243e-07,-1.3671124e-07,-1.3671124e-07,0,0,1.2490501e-05,1.2490501e-05,6.4042729e-16,6.4042729e-16,4.580481e-08,4.580481e-08,4.580481e-08,4.580481e-08,2.8593225e-18,2.8593225e-18,-7.7469705e-07,-7.7469705e-07,-1.3671124e-07,-1.3671124e-07,-7.7469705e-07,-7.7469705e-07,-1.3671124e-07,-1.3671124e-07,-9.8452954e-18,-9.8452954e-18,4.8064882e-18,4.8064882e-18,-9.114083e-07,-9.114083e-07,-4.8563268e-18,-4.8563268e-18,1.2299894e-08,1.2299894e-08,1.2453679e-17,1.2453679e-17,1.235379e-05,1.235379e-05,1.3671125e-07,1.3671125e-07,1.235379e-05,1.235379e-05,1.3671125e-07,1.3671125e-07,1.2490501e-05,1.2490501e-05,6.3886383e-16,6.3886383e-16,1.1579093e-05,1.1579093e-05,1.1579093e-05,1.1579093e-05,-1.3671124e-07,-1.3671124e-07,5.65421e-12,5.65421e-12,2.0487353e-18,2.0487353e-18,7.2009829e-09,7.2009829e-09,-7.1953287e-09,-7.1953287e-09,1.2491061e-05,1.2491061e-05,6.4349645e-16,6.4349645e-16,0.013368127,0.013368127,4.0596025e-14,4.0596025e-14,0.0066839243,0.0066839243,2.0309767e-14,2.0309767e-14,1.1579093e-05,1.1579093e-05,9.114083e-07,9.114083e-07,2.3158186e-06,2.3158186e-06,1.246096e-16,1.246096e-16,-1.4185715e-14,-1.4185715e-14,1.4185551e-14,1.4185551e-14,-7.7842829e-20,-7.7842829e-20,-6.687896e-19,-6.687896e-19,-9.2370819e-07,-9.2370819e-07,-1.9048961e-19,-1.9048961e-19,8.6921465e-19,8.6921465e-19,-2.5053601e-18,-2.5053601e-18,-9.2370819e-07,-9.2370819e-07,2.5623839e-10,2.5623839e-10,2.7689236e-34,2.7689236e-34
1.1624669e-05,1.1624669e-05,-1.1624669e-05,-1.1624669e-05,-5.7506083e-16,-5.7506083e-16,-6.4755054e-16,-6.4755054e-16,-1.1624669e-05,-1.1624669e-05,-7.446448e-07,-7.446448e-07,-1.2987568e-07,-1.2987568e-07,-7.4446031e-07,-7.4446031e-07,-1.2987568e-07,-1.2987568e-07,0,0,1.2490507e-05,1.2490507e-05,6.4183188e-16,6.4183188e-16,4.351457e-08,4.351457e-08,4.351457e-08,4.351457e-08,2.8595249e-18,2.8595249e-18,-7.359622e-07,-7.359622e-07,-1.2987568e-07,-1.2987568e-07,-7.359622e-07,-7.359622e-07,-1.2987568e-07,-1.2987568e-07,-1.0140104e-17,-1.0140104e-17,4.9414164e-18,4.9414164e-18,-8.6583788e-07,-8.6583788e-07,-5.0162045e-18,-5.0162045e-18,1.1684899e-08,1.1684899e-08,1.229475e-17,1.229475e-17,1.2360631e-05,1.2360631e-05,1.2987568e-07,1.2987568e-07,1.2360631e-05,1.2360631e-05,1.2987568e-07,1.2987568e-07,1.2490507e-05,1.2490507e-05,6.402684e-16,6.402684e-16,1.1624669e-05,1.1624669e-05,1.1624669e-05,1.1624669e-05,-1.2987568e-07,-1.2987568e-07,5.3714994e-12,5.3714994e-12,2.0488763e-18,2.0488763e-18,6.8409337e-09,6.8409337e-09,-6.8355622e-09,-6.8355622e-09,1.2491038e-05,1.2491038e-05,6.4490144e-16,6.4490144e-16,0.013368115,0.013368115,4.0683701e-14,4.0683701e-14,0.006683925,0.006683925,2.0353056e-14,2.0353056e-14,1.1624669e-05,1.1624669e-05,8.6583788e-07,8.6583788e-07,2.3249337e-06,2.3249337e-06,1.2485846e-16,1.2485846e-16,-1.424984e-14,-1.424984e-14,1.4249674e-14,1.4249674e-14,-7.8507684e-20,-7.8507684e-20,-6.6878192e-19,-6.6878192e-19,-8.7752278e-07,-8.7752278e-07,-1.9145264e-19,-1.9145264e-19,8.6923309e-19,8.6923309e-19,-2.5054481e-18,-2.5054481e-18,-8.7752278e-07,-8.7752278e-07,2.53676e-10,2.53676e-10,2.7693452e-34,2.7693452e-34
1.1667966e-05,1.1667966e-05,-1.1667966e-05,-1.1667966e-05,-5.744984e-16,-5.744984e-16,-6.4911407e-16,-6.4911407e-16,-1.1667966e-05,-1.1667966e-05,-7.0741994e-07,-7.0741994e-07,-1.233819e-07,-1.233819e-07,-7.0723729e-07,-7.0723729e-07,-1.233819e-07,-1.233819e-07,0,0,1.2490512e-05,1.2490512e-05,6.432366e-16,6.432366e-16,4.1338841e-08,4.1338841e-08,4.1338841e-08,4.1338841e-08,2.8597211e-18,2.8597211e-18,-6.9916409e-07,-6.9916409e-07,-1.233819e-07,-1.233819e-07,-6.9916409e-07,-6.9916409e-07,-1.233819e-07,-1.233819e-07,-1.0435002e-17,-1.0435002e-17,5.076413e-18,5.076413e-18,-8.2254599e-07,-8.2254599e-07,-5.1761027e-18,-5.1761027e-18,1.1100654e-08,1.1100654e-08,1.2135757e-17,1.2135757e-17,1.236713e-05,1.236713e-05,1.233819e-07,1.233819e-07,1.236713e-05,1.236713e-05,1.233819e-07,1.233819e-07,1.2490512e-05,1.2490512e-05,6.416731e-16,6.416731e-16,1.1667966e-05,1.1667966e-05,1.1667966e-05,1.1667966e-05,-1.233819e-07,-1.233819e-07,5.1029244e-12,5.1029244e-12,2.0490128e-18,2.0490128e-18,6.498887e-09,6.498887e-09,-6.4937841e-09,-6.4937841e-09,1.2491017e-05,1.2491017e-05,6.4630655e-16,6.4630655e-16,0.013368103,0.013368103,4.0771384e-14,4.0771384e-14,0.0066839257,0.0066839257,2.0396348e-14,2.0396348e-14,1.1667966e-05,1.1667966e-05,8.2254599e-07,8.2254599e-07,2.3335931e-06,2.3335931e-06,1.2510734e-16,1.2510734e-16,-1.4313968e-14,-1.4313968e-14,1.4313801e-14,1.4313801e-14,-7.9157314e-20,-7.9157314e-20,-6.6877462e-19,-6.6877462e-19,-8.3364664e-07,-8.3364664e-07,-1.9237195e-19,-1.9237195e-19,8.692506e-19,8.692506e-19,-2.5055317e-18,-2.5055317e-18,-8.3364664e-07,-8.3364664e-07,2.5113924e-10,2.5113924e-10,2.7697537e-34,2.7697537e-34
1.1709098e-05,1.1709098e-05,-1.1709098e-05,-1.1709098e-05,-5.7393597e-16,-5.7393597e-16,-6.5067781e-16,-6.5067781e-16,-1.1709098e-05,-1.1709098e-05,-6.7205625e-07,-6.7205625e-07,-1.172128e-07,-1.172128e-07,-6.7187543e-07,-6.7187543e-07,-1.172128e-07,-1.172128e-07,0,0,1.2490517e-05,1.2490517e-05,6.4464145e-16,6.4464145e-16,3.9271899e-08,3.9271899e-08,3.9271899e-08,3.9271899e-08,2.8599116e-18,2.8599116e-18,-6.6420589e-07,-6.6420589e-07,-1.172128e-07,-1.172128e-07,-6.6420589e-07,-6.6420589e-07,-1.172128e-07,-1.172128e-07,-1.0729987e-17,-1.0729987e-17,5.2114759e-18,5.2114759e-18,-7.8141869e-07,-7.8141869e-07,-5.3360218e-18,-5.3360218e-18,1.0545621e-08,1.0545621e-08,1.1976702e-17,1.1976702e-17,1.2373304e-05,1.2373304e-05,1.172128e-07,1.172128e-07,1.2373304e-05,1.2373304e-05,1.172128e-07,1.172128e-07,1.2490517e-05,1.2490517e-05,6.4307792e-16,6.4307792e-16,1.1709098e-05,1.1709098e-05,1.1709098e-05,1.1709098e-05,-1.172128e-07,-1.172128e-07,4.8477781e-12,4.8477781e-12,2.0491453e-18,2.0491453e-18,6.1739427e-09,6.1739427e-09,-6.1690949e-09,-6.1690949e-09,1.2490996e-05,1.2490996e-05,6.4771177e-16,6.4771177e-16,0.013368091,0.013368091,4.0859073e-14,4.0859073e-14,0.0066839263,0.0066839263,2.0439644e-14,2.0439644e-14,1.1709098e-05,1.1709098e-05,7.8141869e-07,7.8141869e-07,2.3418196e-06,2.3418196e-06,1.2535624e-16,1.2535624e-16,-1.43781e-14,-1.43781e-14,1.4377932e-14,1.4377932e-14,-7.9792066e-20,-7.9792066e-20,-6.6876769e-19,-6.6876769e-19,-7.9196431e-07,-7.9196431e-07,-1.9324949e-19,-1.9324949e-19,8.6926724e-19,8.6926724e-19,-2.5056111e-18,-2.5056111e-18,-7.9196431e-07,-7.9196431e-07,2.4862785e-10,2.4862785e-10,2.7701497e-34,2.7701497e-34
1.1748173e-05,1.1748173e-05,-1.1748173e-05,-1.1748173e-05,-5.7337185e-16,-5.7337185e-16,-6.5224175e-16,-6.5224175e-16,-1.1748173e-05,-1.1748173e-05,-6.3846067e-07,-6.3846067e-07,-1.1135216e-07,-1.1135216e-07,-6.3828166e-07,-6.3828166e-07,-1.1135216e-07,-1.1135216e-07,0,0,1.2490521e-05,1.2490521e-05,6.4604642e-16,6.4604642e-16,3.7308304e-08,3.7308304e-08,3.7308304e-08,3.7308304e-08,2.8600964e-18,2.8600964e-18,-6.3099559e-07,-6.3099559e-07,-1.1135216e-07,-1.1135216e-07,-6.3099559e-07,-6.3099559e-07,-1.1135216e-07,-1.1135216e-07,-1.1025057e-17,-1.1025057e-17,5.3466029e-18,5.3466029e-18,-7.4234775e-07,-7.4234775e-07,-5.4959619e-18,-5.4959619e-18,1.001834e-08,1.001834e-08,1.1817587e-17,1.1817587e-17,1.2379169e-05,1.2379169e-05,1.1135216e-07,1.1135216e-07,1.2379169e-05,1.2379169e-05,1.1135216e-07,1.1135216e-07,1.2490521e-05,1.2490521e-05,6.4448287e-16,6.4448287e-16,1.1748173e-05,1.1748173e-05,1.1748173e-05,1.1748173e-05,-1.1135216e-07,-1.1135216e-07,4.6053891e-12,4.6053891e-12,2.0492736e-18,2.0492736e-18,5.8652456e-09,5.8652456e-09,-5.8606402e-09,-5.8606402e-09,1.2490977e-05,1.2490977e-05,6.4911711e-16,6.4911711e-16,0.013368081,0.013368081,4.094677e-14,4.094677e-14,0.0066839268,0.0066839268,2.0482943e-14,2.0482943e-14,1.1748173e-05,1.1748173e-05,7.4234775e-07,7.4234775e-07,2.3496347e-06,2.3496347e-06,1.2560517e-16,1.2560517e-16,-1.4442235e-14,-1.4442235e-14,1.4442065e-14,1.4442065e-14,-8.0412279e-20,-8.0412279e-20,-6.6876111e-19,-6.6876111e-19,-7.523661e-07,-7.523661e-07,-1.9408715e-19,-1.9408715e-19,8.6928304e-19,8.6928304e-19,-2.5056865e-18,-2.5056865e-18,-7.523661e-07,-7.523661e-07,2.4614157e-10,2.4614157e-10,2.7705335e-34,2.7705335e-34
1.1785295e-05,1.1785295e-05,-1.1785295e-05,-1.1785295e-05,-5.7281281e-16,-5.7281281e-16,-6.5380588e-16,-6.5380588e-16,-1.1785295e-05,-1.1785295e-05,-6.065448e-07,-6.065448e-07,-1.0578455e-07,-1.0578455e-07,-6.0636757e-07,-6.0636757e-07,-1.0578455e-07,-1.0578455e-07,0,0,1.2490526e-05,1.2490526e-05,6.474515e-16,6.474515e-16,3.5442889e-08,3.5442889e-08,3.5442889e-08,3.5442889e-08,2.8602758e-18,2.8602758e-18,-5.9944581e-07,-5.9944581e-07,-1.0578455e-07,-1.0578455e-07,-5.9944581e-07,-5.9944581e-07,-1.0578455e-07,-1.0578455e-07,-1.132021e-17,-1.132021e-17,5.4817919e-18,5.4817919e-18,-7.0523037e-07,-7.0523037e-07,-5.6559233e-18,-5.6559233e-18,9.5174231e-09,9.5174231e-09,1.1658414e-17,1.1658414e-17,1.2384741e-05,1.2384741e-05,1.0578456e-07,1.0578456e-07,1.2384741e-05,1.2384741e-05,1.0578456e-07,1.0578456e-07,1.2490526e-05,1.2490526e-05,6.4588794e-16,6.4588794e-16,1.1785295e-05,1.1785295e-05,1.1785295e-05,1.1785295e-05,-1.0578455e-07,-1.0578455e-07,4.3751196e-12,4.3751196e-12,2.0493981e-18,2.0493981e-18,5.5719833e-09,5.5719833e-09,-5.5676082e-09,-5.5676082e-09,1.2490959e-05,1.2490959e-05,6.5052255e-16,6.5052255e-16,0.01336807,0.01336807,4.1034473e-14,4.1034473e-14,0.0066839274,0.0066839274,2.0526245e-14,2.0526245e-14,1.1785295e-05,1.1785295e-05,7.0523037e-07,7.0523037e-07,2.357059e-06,2.357059e-06,1.2585413e-16,1.2585413e-16,-1.4506373e-14,-1.4506373e-14,1.4506202e-14,1.4506202e-14,-8.1018284e-20,-8.1018284e-20,-6.6875485e-19,-6.6875485e-19,-7.1474779e-07,-7.1474779e-07,-1.9488672e-19,-1.9488672e-19,8.6929806e-19,8.6929806e-19,-2.5057581e-18,-2.5057581e-18,-7.1474779e-07,-7.1474779e-07,2.4368016e-10,2.4368016e-10,2.7709055e-34,2.7709055e-34
1.1820561e-05,1.1820561e-05,-1.1820561e-05,-1.1820561e-05,-5.7225038e-16,-5.7225038e-16,-6.553702e-16,-6.553702e-16,-1.1820561e-05,-1.1820561e-05,-5.7622465e-07,-5.7622465e-07,-1.0049533e-07,-1.0049533e-07,-5.760492e-07,-5.760492e-07,-1.0049533e-07,-1.0049533e-07,0,0,1.249053e-05,1.249053e-05,6.4885671e-16,6.4885671e-16,3.3670745e-08,3.3670745e-08,3.3670745e-08,3.3670745e-08,2.8604498e-18,2.8604498e-18,-5.6947352e-07,-5.6947352e-07,-1.0049533e-07,-1.0049533e-07,-5.6947352e-07,-5.6947352e-07,-1.0049533e-07,-1.0049533e-07,-1.1615444e-17,-1.1615444e-17,5.6170409e-18,5.6170409e-18,-6.6996885e-07,-6.6996885e-07,-5.8159061e-18,-5.8159061e-18,9.0415519e-09,9.0415519e-09,1.1499183e-17,1.1499183e-17,1.2390034e-05,1.2390034e-05,1.0049533e-07,1.0049533e-07,1.2390034e-05,1.2390034e-05,1.0049533e-07,1.0049533e-07,1.249053e-05,1.249053e-05,6.4729313e-16,6.4729313e-16,1.1820561e-05,1.1820561e-05,1.1820561e-05,1.1820561e-05,-1.0049533e-07,-1.0049533e-07,4.1563636e-12,4.1563636e-12,2.0495188e-18,2.0495188e-18,5.2933841e-09,5.2933841e-09,-5.2892277e-09,-5.2892277e-09,1.2490941e-05,1.2490941e-05,6.519281e-16,6.519281e-16,0.013368061,0.013368061,4.1122183e-14,4.1122183e-14,0.0066839279,0.0066839279,2.056955e-14,2.056955e-14,1.1820561e-05,1.1820561e-05,6.6996885e-07,6.6996885e-07,2.3641122e-06,2.3641122e-06,1.261031e-16,1.261031e-16,-1.4570515e-14,-1.4570515e-14,1.4570343e-14,1.4570343e-14,-8.1610406e-20,-8.1610406e-20,-6.6874891e-19,-6.6874891e-19,-6.790104e-07,-6.790104e-07,-1.9564992e-19,-1.9564992e-19,8.6931232e-19,8.6931232e-19,-2.5058262e-18,-2.5058262e-18,-6.790104e-07,-6.790104e-07,2.4124335e-10,2.4124335e-10,2.7712661e-34,2.7712661e-34
1.1854063e-05,1.1854063e-05,-1.1854063e-05,-1.1854063e-05,-5.7168286e-16,-5.7168286e-16,-6.569347e-16,-6.569347e-16,-1.1854063e-05,-1.1854063e-05,-5.4742043e-07,-5.4742043e-07,-9.5470561e-08,-9.5470561e-08,-5.4724674e-07,-5.4724674e-07,-9.5470561e-08,-9.5470561e-08,0,0,1.2490534e-05,1.2490534e-05,6.5026203e-16,6.5026203e-16,3.1987207e-08,3.1987207e-08,3.1987207e-08,3.1987207e-08,2.8606187e-18,2.8606187e-18,-5.4099984e-07,-5.4099984e-07,-9.5470561e-08,-9.5470561e-08,-5.4099984e-07,-5.4099984e-07,-9.5470561e-08,-9.5470561e-08,-1.1910758e-17,-1.1910758e-17,5.752348e-18,5.752348e-18,-6.3647041e-07,-6.3647041e-07,-5.9759105e-18,-5.9759105e-18,8.5894742e-09,8.5894742e-09,1.1339896e-17,1.1339896e-17,1.2395063e-05,1.2395063e-05,9.5470561e-08,9.5470561e-08,1.2395063e-05,1.2395063e-05,9.5470561e-08,9.5470561e-08,1.2490534e-05,1.2490534e-05,6.4869843e-16,6.4869843e-16,1.1854063e-05,1.1854063e-05,1.1854063e-05,1.1854063e-05,-9.5470561e-08,-9.5470561e-08,3.9485453e-12,3.9485453e-12,2.0496359e-18,2.0496359e-18,5.0287149e-09,5.0287149e-09,-5.0247664e-09,-5.0247664e-09,1.2490925e-05,1.2490925e-05,6.5333376e-16,6.5333376e-16,0.013368051,0.013368051,4.1209899e-14,4.1209899e-14,0.0066839284,0.0066839284,2.0612858e-14,2.0612858e-14,1.1854063e-05,1.1854063e-05,6.3647041e-07,6.3647041e-07,2.3708126e-06,2.3708126e-06,1.263521e-16,1.263521e-16,-1.463466e-14,-1.463466e-14,1.4634486e-14,1.4634486e-14,-8.218896e-20,-8.218896e-20,-6.6874327e-19,-6.6874327e-19,-6.4505988e-07,-6.4505988e-07,-1.9637838e-19,-1.9637838e-19,8.6932588e-19,8.6932588e-19,-2.5058909e-18,-2.5058909e-18,-6.4505988e-07,-6.4505988e-07,2.3883092e-10,2.3883092e-10,2.7716158e-34,2.7716158e-34
1.188589e-05,1.188589e-05,-1.188589e-05,-1.188589e-05,-5.7112044e-16,-5.7112044e-16,-6.5849937e-16,-6.5849937e-16,-1.188589e-05,-1.188589e-05,-5.2005636e-07,-5.2005636e-07,-9.0697033e-08,-9.0697033e-08,-5.198844e-07,-5.198844e-07,-9.0697033e-08,-9.0697033e-08,0,0,1.2490537e-05,1.2490537e-05,6.5166745e-16,6.5166745e-16,3.0387847e-08,3.0387847e-08,3.0387847e-08,3.0387847e-08,2.8607827e-18,2.8607827e-18,-5.1394985e-07,-5.1394985e-07,-9.0697033e-08,-9.0697033e-08,-5.1394985e-07,-5.1394985e-07,-9.0697033e-08,-9.0697033e-08,-1.220615e-17,-1.220615e-17,5.8877114e-18,5.8877114e-18,-6.0464689e-07,-6.0464689e-07,-6.1359366e-18,-6.1359366e-18,8.1600004e-09,8.1600004e-09,1.1180555e-17,1.1180555e-17,1.239984e-05,1.239984e-05,9.0697033e-08,9.0697033e-08,1.239984e-05,1.239984e-05,9.0697033e-08,9.0697033e-08,1.2490537e-05,1.2490537e-05,6.5010384e-16,6.5010384e-16,1.188589e-05,1.188589e-05,1.188589e-05,1.188589e-05,-9.0697033e-08,-9.0697033e-08,3.751118e-12,3.751118e-12,2.0497494e-18,2.0497494e-18,4.7772792e-09,4.7772792e-09,-4.773528e-09,-4.773528e-09,1.2490909e-05,1.2490909e-05,6.5473951e-16,6.5473951e-16,0.013368043,0.013368043,4.1297621e-14,4.1297621e-14,0.0066839289,0.0066839289,2.0656169e-14,2.0656169e-14,1.188589e-05,1.188589e-05,6.0464689e-07,6.0464689e-07,2.3771781e-06,2.3771781e-06,1.2660112e-16,1.2660112e-16,-1.4698807e-14,-1.4698807e-14,1.4698633e-14,1.4698633e-14,-8.2754257e-20,-8.2754257e-20,-6.687379e-19,-6.687379e-19,-6.1280689e-07,-6.1280689e-07,-1.9707367e-19,-1.9707367e-19,8.6933875e-19,8.6933875e-19,-2.5059523e-18,-2.5059523e-18,-6.1280689e-07,-6.1280689e-07,2.3644261e-10,2.3644261e-10,2.7719548e-34,2.7719548e-34
1.1916126e-05,1.1916126e-05,-1.1916126e-05,-1.1916126e-05,-5.705597e-16,-5.705597e-16,-6.6006421e-16,-6.6006421e-16,-1.1916126e-05,-1.1916126e-05,-4.9406042e-07,-4.9406042e-07,-8.6162181e-08,-8.6162181e-08,-4.9389018e-07,-4.9389018e-07,-8.6162181e-08,-8.6162181e-08,0,0,1.2490541e-05,1.2490541e-05,6.5307298e-16,6.5307298e-16,2.8868455e-08,2.8868455e-08,2.8868455e-08,2.8868455e-08,2.8609419e-18,2.8609419e-18,-4.8825236e-07,-4.8825236e-07,-8.6162181e-08,-8.6162181e-08,-4.8825236e-07,-4.8825236e-07,-8.6162181e-08,-8.6162181e-08,-1.2501618e-17,-1.2501618e-17,6.0231293e-18,6.0231293e-18,-5.7441454e-07,-5.7441454e-07,-6.2959843e-18,-6.2959843e-18,7.7520003e-09,7.7520003e-09,1.1021161e-17,1.1021161e-17,1.2404379e-05,1.2404379e-05,8.6162182e-08,8.6162182e-08,1.2404379e-05,1.2404379e-05,8.6162182e-08,8.6162182e-08,1.2490541e-05,1.2490541e-05,6.5150936e-16,6.5150936e-16,1.1916126e-05,1.1916126e-05,1.1916126e-05,1.1916126e-05,-8.6162181e-08,-8.6162181e-08,3.563562e-12,3.563562e-12,2.0498595e-18,2.0498595e-18,4.5384152e-09,4.5384152e-09,-4.5348516e-09,-4.5348516e-09,1.2490894e-05,1.2490894e-05,6.5614536e-16,6.5614536e-16,0.013368034,0.013368034,4.1385349e-14,4.1385349e-14,0.0066839293,0.0066839293,2.0699483e-14,2.0699483e-14,1.1916126e-05,1.1916126e-05,5.7441454e-07,5.7441454e-07,2.3832253e-06,2.3832253e-06,1.2685016e-16,1.2685016e-16,-1.4762958e-14,-1.4762958e-14,1.4762782e-14,1.4762782e-14,-8.3306599e-20,-8.3306599e-20,-6.6873281e-19,-6.6873281e-19,-5.8216654e-07,-5.8216654e-07,-1.9773728e-19,-1.9773728e-19,8.6935098e-19,8.6935098e-19,-2.5060107e-18,-2.5060107e-18,-5.8216654e-07,-5.8216654e-07,2.3407819e-10,2.3407819e-10,2.7722836e-34,2.7722836e-34
1.1944851e-05,1.1944851e-05,-1.1944851e-05,-1.1944851e-05,-5.6999388e-16,-5.6999388e-16,-6.6162922e-16,-6.6162922e-16,-1.1944851e-05,-1.1944851e-05,-4.6936421e-07,-4.6936421e-07,-8.1854072e-08,-8.1854072e-08,-4.6919567e-07,-4.6919567e-07,-8.1854072e-08,-8.1854072e-08,0,0,1.2490544e-05,1.2490544e-05,6.5447862e-16,6.5447862e-16,2.7425032e-08,2.7425032e-08,2.7425032e-08,2.7425032e-08,2.8610964e-18,2.8610964e-18,-4.6383974e-07,-4.6383974e-07,-8.1854072e-08,-8.1854072e-08,-4.6383974e-07,-4.6383974e-07,-8.1854072e-08,-8.1854072e-08,-1.279716e-17,-1.279716e-17,6.1585998e-18,6.1585998e-18,-5.4569381e-07,-5.4569381e-07,-6.4560539e-18,-6.4560539e-18,7.3644002e-09,7.3644002e-09,1.0861716e-17,1.0861716e-17,1.240869e-05,1.240869e-05,8.1854073e-08,8.1854073e-08,1.240869e-05,1.240869e-05,8.1854073e-08,8.1854073e-08,1.2490544e-05,1.2490544e-05,6.5291498e-16,6.5291498e-16,1.1944851e-05,1.1944851e-05,1.1944851e-05,1.1944851e-05,-8.1854072e-08,-8.1854072e-08,3.3853838e-12,3.3853838e-12,2.0499663e-18,2.0499663e-18,4.3114944e-09,4.3114944e-09,-4.3081091e-09,-4.3081091e-09,1.2490879e-05,1.2490879e-05,6.575513e-16,6.575513e-16,0.013368026,0.013368026,4.1473082e-14,4.1473082e-14,0.0066839297,0.0066839297,2.07428e-14,2.07428e-14,1.1944851e-05,1.1944851e-05,5.4569381e-07,5.4569381e-07,2.3889701e-06,2.3889701e-06,1.2709922e-16,1.2709922e-16,-1.4827112e-14,-1.4827112e-14,1.4826934e-14,1.4826934e-14,-8.3846281e-20,-8.3846281e-20,-6.6872797e-19,-6.6872797e-19,-5.5305822e-07,-5.5305822e-07,-1.9837065e-19,-1.9837065e-19,8.693626e-19,8.693626e-19,-2.5060661e-18,-2.5060661e-18,-5.5305822e-07,-5.5305822e-07,2.317374e-10,2.317374e-10,2.7726024e-34,2.7726024e-34
1.1972138e-05,1.1972138e-05,-1.1972138e-05,-1.1972138e-05,-5.6942468e-16,-5.6942468e-16,-6.6319439e-16,-6.6319439e-16,-1.1972138e-05,-1.1972138e-05,-4.4590274e-07,-4.4590274e-07,-7.7761368e-08,-7.7761368e-08,-4.4573589e-07,-4.4573589e-07,-7.7761368e-08,-7.7761368e-08,0,0,1.2490548e-05,1.2490548e-05,6.5588435e-16,6.5588435e-16,2.605378e-08,2.605378e-08,2.605378e-08,2.605378e-08,2.8612464e-18,2.8612464e-18,-4.4064775e-07,-4.4064775e-07,-7.7761368e-08,-7.7761368e-08,-4.4064775e-07,-4.4064775e-07,-7.7761368e-08,-7.7761368e-08,-1.3092775e-17,-1.3092775e-17,6.2941215e-18,6.2941215e-18,-5.1840912e-07,-5.1840912e-07,-6.6161453e-18,-6.6161453e-18,6.9961802e-09,6.9961802e-09,1.070222e-17,1.070222e-17,1.2412786e-05,1.2412786e-05,7.7761369e-08,7.7761369e-08,1.2412786e-05,1.2412786e-05,7.7761369e-08,7.7761369e-08,1.2490548e-05,1.2490548e-05,6.543207e-16,6.543207e-16,1.1972138e-05,1.1972138e-05,1.1972138e-05,1.1972138e-05,-7.7761368e-08,-7.7761368e-08,3.2161146e-12,3.2161146e-12,2.0500699e-18,2.0500699e-18,4.0959197e-09,4.0959197e-09,-4.0927036e-09,-4.0927036e-09,1.2490866e-05,1.2490866e-05,6.5895733e-16,6.5895733e-16,0.013368019,0.013368019,4.1560821e-14,4.1560821e-14,0.0066839301,0.0066839301,2.0786119e-14,2.0786119e-14,1.1972138e-05,1.1972138e-05,5.1840912e-07,5.1840912e-07,2.3944277e-06,2.3944277e-06,1.2734829e-16,1.2734829e-16,-1.4891268e-14,-1.4891268e-14,1.489109e-14,1.489109e-14,-8.4373593e-20,-8.4373593e-20,-6.6872337e-19,-6.6872337e-19,-5.254053e-07,-5.254053e-07,-1.9897514e-19,-1.9897514e-19,8.6937364e-19,8.6937364e-19,-2.5061188e-18,-2.5061188e-18,-5.254053e-07,-5.254053e-07,2.2942003e-10,2.2942003e-10,2.7729116e-34,2.7729116e-34
1.1998062e-05,1.1998062e-05,-1.1998062e-05,-1.1998062e-05,-5.6886225e-16,-5.6886225e-16,-6.6475972e-16,-6.6475972e-16,-1.1998062e-05,-1.1998062e-05,-4.2361427e-07,-4.2361427e-07,-7.38733e-08,-7.38733e-08,-4.2344909e-07,-4.2344909e-07,-7.38733e-08,-7.38733e-08,0,0,1.2490551e-05,1.2490551e-05,6.5729018e-16,6.5729018e-16,2.4751091e-08,2.4751091e-08,2.4751091e-08,2.4751091e-08,2.8613921e-18,2.8613921e-18,-4.1861537e-07,-4.1861537e-07,-7.38733e-08,-7.38733e-08,-4.1861537e-07,-4.1861537e-07,-7.38733e-08,-7.38733e-08,-1.3388461e-17,-1.3388461e-17,6.4296926e-18,6.4296926e-18,-4.9248867e-07,-4.9248867e-07,-6.7762585e-18,-6.7762585e-18,6.6463711e-09,6.6463711e-09,1.0542675e-17,1.0542675e-17,1.2416677e-05,1.2416677e-05,7.3873301e-08,7.3873301e-08,1.2416677e-05,1.2416677e-05,7.3873301e-08,7.3873301e-08,1.2490551e-05,1.2490551e-05,6.5572652e-16,6.5572652e-16,1.1998062e-05,1.1998062e-05,1.1998062e-05,1.1998062e-05,-7.38733e-08,-7.38733e-08,3.0553088e-12,3.0553088e-12,2.0501705e-18,2.0501705e-18,3.8911237e-09,3.8911237e-09,-3.8880684e-09,-3.8880684e-09,1.2490853e-05,1.2490853e-05,6.6036346e-16,6.6036346e-16,0.013368012,0.013368012,4.1648566e-14,4.1648566e-14,0.0066839305,0.0066839305,2.0829441e-14,2.0829441e-14,1.1998062e-05,1.1998062e-05,4.9248867e-07,4.9248867e-07,2.3996124e-06,2.3996124e-06,1.2759739e-16,1.2759739e-16,-1.4955427e-14,-1.4955427e-14,1.4955248e-14,1.4955248e-14,-8.4888816e-20,-8.4888816e-20,-6.68719e-19,-6.68719e-19,-4.9913504e-07,-4.9913504e-07,-1.9955206e-19,-1.9955206e-19,8.6938413e-19,8.6938413e-19,-2.5061688e-18,-2.5061688e-18,-4.9913504e-07,-4.9913504e-07,2.2712583e-10,2.2712583e-10,2.7732115e-34,2.7732115e-34
1.2022689e-05,1.2022689e-05,-1.2022689e-05,-1.2022689e-05,-5.6829643e-16,-5.6829643e-16,-6.6632519e-16,-6.6632519e-16,-1.2022689e-05,-1.2022689e-05,-4.0244017e-07,-4.0244017e-07,-7.0179635e-08,-7.0179635e-08,-4.0227664e-07,-4.0227664e-07,-7.0179635e-08,-7.0179635e-08,0,0,1.2490553e-05,1.2490553e-05,6.5869611e-16,6.5869611e-16,2.3513537e-08,2.3513537e-08,2.3513537e-08,2.3513537e-08,2.8615336e-18,2.8615336e-18,-3.976846e-07,-3.976846e-07,-7.0179635e-08,-7.0179635e-08,-3.976846e-07,-3.976846e-07,-7.0179635e-08,-7.0179635e-08,-1.3684216e-17,-1.3684216e-17,6.5653117e-18,6.5653117e-18,-4.6786423e-07,-4.6786423e-07,-6.9363934e-18,-6.9363934e-18,6.3140525e-09,6.3140525e-09,1.0383083e-17,1.0383083e-17,1.2420374e-05,1.2420374e-05,7.0179636e-08,7.0179636e-08,1.2420374e-05,1.2420374e-05,7.0179636e-08,7.0179636e-08,1.2490553e-05,1.2490553e-05,6.5713243e-16,6.5713243e-16,1.2022689e-05,1.2022689e-05,1.2022689e-05,1.2022689e-05,-7.0179635e-08,-7.0179635e-08,2.9025433e-12,2.9025433e-12,2.0502681e-18,2.0502681e-18,3.6965675e-09,3.6965675e-09,-3.693665e-09,-3.693665e-09,1.2490841e-05,1.2490841e-05,6.6176966e-16,6.6176966e-16,0.013368005,0.013368005,4.1736316e-14,4.1736316e-14,0.0066839309,0.0066839309,2.0872765e-14,2.0872765e-14,1.2022689e-05,1.2022689e-05,4.6786423e-07,4.6786423e-07,2.4045379e-06,2.4045379e-06,1.278465e-16,1.278465e-16,-1.5019589e-14,-1.5019589e-14,1.5019409e-14,1.5019409e-14,-8.5392227e-20,-8.5392227e-20,-6.6871485e-19,-6.6871485e-19,-4.7417829e-07,-4.7417829e-07,-2.0010264e-19,-2.0010264e-19,8.6939409e-19,8.6939409e-19,-2.5062163e-18,-2.5062163e-18,-4.7417829e-07,-4.7417829e-07,2.2485457e-10,2.2485457e-10,2.7735025e-34,2.7735025e-34
1.2046085e-05,1.2046085e-05,-1.2046085e-05,-1.2046085e-05,-5.6773061e-16,-5.6773061e-16,-6.6789081e-16,-6.6789081e-16,-1.2046085e-05,-1.2046085e-05,-3.823247e-07,-3.823247e-07,-6.6670653e-08,-6.6670653e-08,-3.8216281e-07,-3.8216281e-07,-6.6670653e-08,-6.6670653e-08,0,0,1.2490556e-05,1.2490556e-05,6.6010213e-16,6.6010213e-16,2.233786e-08,2.233786e-08,2.233786e-08,2.233786e-08,2.861671e-18,2.861671e-18,-3.7780037e-07,-3.7780037e-07,-6.6670653e-08,-6.6670653e-08,-3.7780037e-07,-3.7780037e-07,-6.6670653e-08,-6.6670653e-08,-1.398004e-17,-1.398004e-17,6.7009772e-18,6.7009772e-18,-4.4447102e-07,-4.4447102e-07,-7.0965501e-18,-7.0965501e-18,5.9983498e-09,5.9983498e-09,1.0223444e-17,1.0223444e-17,1.2423886e-05,1.2423886e-05,6.6670654e-08,6.6670654e-08,1.2423886e-05,1.2423886e-05,6.6670654e-08,6.6670654e-08,1.2490556e-05,1.2490556e-05,6.5853844e-16,6.5853844e-16,1.2046085e-05,1.2046085e-05,1.2046085e-05,1.2046085e-05,-6.6670653e-08,-6.6670653e-08,2.757416e-12,2.757416e-12,2.0503627e-18,2.0503627e-18,3.5117392e-09,3.5117392e-09,-3.5089818e-09,-3.5089818e-09,1.2490829e-05,1.2490829e-05,6.6317595e-16,6.6317595e-16,0.013367998,0.013367998,4.182407e-14,4.182407e-14,0.0066839312,0.0066839312,2.0916092e-14,2.0916092e-14,1.2046085e-05,1.2046085e-05,4.4447102e-07,4.4447102e-07,2.409217e-06,2.409217e-06,1.2809562e-16,1.2809562e-16,-1.5083754e-14,-1.5083754e-14,1.5083572e-14,1.5083572e-14,-8.5884096e-20,-8.5884096e-20,-6.6871091e-19,-6.6871091e-19,-4.5046937e-07,-4.5046937e-07,-2.0062809e-19,-2.0062809e-19,8.6940355e-19,8.6940355e-19,-2.5062615e-18,-2.5062615e-18,-4.5046937e-07,-4.5046937e-07,2.2260602e-10,2.2260602e-10,2.7737848e-34,2.7737848e-34
1.2068311e-05,1.2068311e-05,-1.2068311e-05,-1.2068311e-05,-5.671614e-16,-5.671614e-16,-6.6945658e-16,-6.6945658e-16,-1.2068311e-05,-1.2068311e-05,-3.6321494e-07,-3.6321494e-07,-6.3337121e-08,-6.3337121e-08,-3.6305467e-07,-3.6305467e-07,-6.3337121e-08,-6.3337121e-08,0,0,1.2490559e-05,1.2490559e-05,6.6150823e-16,6.6150823e-16,2.1220967e-08,2.1220967e-08,2.1220967e-08,2.1220967e-08,2.8618044e-18,2.8618044e-18,-3.5891035e-07,-3.5891035e-07,-6.3337121e-08,-6.3337121e-08,-3.5891035e-07,-3.5891035e-07,-6.3337121e-08,-6.3337121e-08,-1.4275931e-17,-1.4275931e-17,6.8366876e-18,6.8366876e-18,-4.2224747e-07,-4.2224747e-07,-7.2567285e-18,-7.2567285e-18,5.6984322e-09,5.6984322e-09,1.006376e-17,1.006376e-17,1.2427222e-05,1.2427222e-05,6.3337121e-08,6.3337121e-08,1.2427222e-05,1.2427222e-05,6.3337121e-08,6.3337121e-08,1.2490559e-05,1.2490559e-05,6.5994453e-16,6.5994453e-16,1.2068311e-05,1.2068311e-05,1.2068311e-05,1.2068311e-05,-6.3337121e-08,-6.3337121e-08,2.6195452e-12,2.6195452e-12,2.0504546e-18,2.0504546e-18,3.3361522e-09,3.3361522e-09,-3.3335327e-09,-3.3335327e-09,1.2490818e-05,1.2490818e-05,6.6458233e-16,6.6458233e-16,0.013367992,0.013367992,4.191183e-14,4.191183e-14,0.0066839315,0.0066839315,2.0959421e-14,2.0959421e-14,1.2068311e-05,1.2068311e-05,4.2224747e-07,4.2224747e-07,2.4136623e-06,2.4136623e-06,1.2834477e-16,1.2834477e-16,-1.5147921e-14,-1.5147921e-14,1.5147738e-14,1.5147738e-14,-8.6364686e-20,-8.6364686e-20,-6.6870717e-19,-6.6870717e-19,-4.279459e-07,-4.279459e-07,-2.0112954e-19,-2.0112954e-19,8.6941254e-19,8.6941254e-19,-2.5063044e-18,-2.5063044e-18,-4.279459e-07,-4.279459e-07,2.2037996e-10,2.2037996e-10,2.7740587e-34,2.7740587e-34
1.2089426e-05,1.2089426e-05,-1.2089426e-05,-1.2089426e-05,-5.6659559e-16,-5.6659559e-16,-6.7102248e-16,-6.7102248e-16,-1.2089426e-05,-1.2089426e-05,-3.4506061e-07,-3.4506061e-07,-6.0170265e-08,-6.0170265e-08,-3.4490193e-07,-3.4490193e-07,-6.0170265e-08,-6.0170265e-08,0,0,1.2490561e-05,1.2490561e-05,6.6291443e-16,6.6291443e-16,2.0159919e-08,2.0159919e-08,2.0159919e-08,2.0159919e-08,2.861934e-18,2.861934e-18,-3.4096483e-07,-3.4096483e-07,-6.0170265e-08,-6.0170265e-08,-3.4096483e-07,-3.4096483e-07,-6.0170265e-08,-6.0170265e-08,-1.4571886e-17,-1.4571886e-17,6.9724417e-18,6.9724417e-18,-4.011351e-07,-4.011351e-07,-7.4169285e-18,-7.4169285e-18,5.4135105e-09,5.4135105e-09,9.9040319e-18,9.9040319e-18,1.2430391e-05,1.2430391e-05,6.0170265e-08,6.0170265e-08,1.2430391e-05,1.2430391e-05,6.0170265e-08,6.0170265e-08,1.2490561e-05,1.2490561e-05,6.6135071e-16,6.6135071e-16,1.2089426e-05,1.2089426e-05,1.2089426e-05,1.2089426e-05,-6.0170265e-08,-6.0170265e-08,2.4885678e-12,2.4885678e-12,2.0505438e-18,2.0505438e-18,3.1693446e-09,3.1693446e-09,-3.166856e-09,-3.166856e-09,1.2490808e-05,1.2490808e-05,6.6598878e-16,6.6598878e-16,0.013367986,0.013367986,4.1999594e-14,4.1999594e-14,0.0066839318,0.0066839318,2.1002752e-14,2.1002752e-14,1.2089426e-05,1.2089426e-05,4.011351e-07,4.011351e-07,2.4178853e-06,2.4178853e-06,1.2859392e-16,1.2859392e-16,-1.521209e-14,-1.521209e-14,1.5211906e-14,1.5211906e-14,-8.6834255e-20,-8.6834255e-20,-6.6870361e-19,-6.6870361e-19,-4.0654861e-07,-4.0654861e-07,-2.0160807e-19,-2.0160807e-19,8.6942108e-19,8.6942108e-19,-2.5063451e-18,-2.5063451e-18,-4.0654861e-07,-4.0654861e-07,2.1817617e-10,2.1817617e-10,2.7743245e-34,2.7743245e-34
1.2109485e-05,1.2109485e-05,-1.2109485e-05,-1.2109485e-05,-5.6602977e-16,-5.6602977e-16,-6.7258851e-16,-6.7258851e-16,-1.2109485e-05,-1.2109485e-05,-3.2781392e-07,-3.2781392e-07,-5.7161751e-08,-5.7161751e-08,-3.2765684e-07,-3.2765684e-07,-5.7161751e-08,-5.7161751e-08,0,0,1.2490564e-05,1.2490564e-05,6.643207e-16,6.643207e-16,1.9151923e-08,1.9151923e-08,1.9151923e-08,1.9151923e-08,2.8620599e-18,2.8620599e-18,-3.2391659e-07,-3.2391659e-07,-5.7161751e-08,-5.7161751e-08,-3.2391659e-07,-3.2391659e-07,-5.7161751e-08,-5.7161751e-08,-1.4867905e-17,-1.4867905e-17,7.1082379e-18,7.1082379e-18,-3.8107834e-07,-3.8107834e-07,-7.5771499e-18,-7.5771499e-18,5.1428349e-09,5.1428349e-09,9.7442607e-18,9.7442607e-18,1.2433402e-05,1.2433402e-05,5.7161752e-08,5.7161752e-08,1.2433402e-05,1.2433402e-05,5.7161752e-08,5.7161752e-08,1.2490564e-05,1.2490564e-05,6.6275698e-16,6.6275698e-16,1.2109485e-05,1.2109485e-05,1.2109485e-05,1.2109485e-05,-5.7161751e-08,-5.7161751e-08,2.3641394e-12,2.3641394e-12,2.0506304e-18,2.0506304e-18,3.0108774e-09,3.0108774e-09,-3.0085132e-09,-3.0085132e-09,1.2490798e-05,1.2490798e-05,6.673953e-16,6.673953e-16,0.013367981,0.013367981,4.2087364e-14,4.2087364e-14,0.0066839321,0.0066839321,2.1046086e-14,2.1046086e-14,1.2109485e-05,1.2109485e-05,3.8107834e-07,3.8107834e-07,2.4218971e-06,2.4218971e-06,1.288431e-16,1.288431e-16,-1.5276263e-14,-1.5276263e-14,1.5276078e-14,1.5276078e-14,-8.7293056e-20,-8.7293056e-20,-6.6870023e-19,-6.6870023e-19,-3.8622118e-07,-3.8622118e-07,-2.0206472e-19,-2.0206472e-19,8.694292e-19,8.694292e-19,-2.5063839e-18,-2.5063839e-18,-3.8622118e-07,-3.8622118e-07,2.159944e-10,2.159944e-10,2.7745824e-34,2.7745824e-34
1.2128542e-05,1.2128542e-05,-1.2128542e-05,-1.2128542e-05,-5.6546225e-16,-5.6546225e-16,-6.7415468e-16,-6.7415468e-16,-1.2128542e-05,-1.2128542e-05,-3.1142951e-07,-3.1142951e-07,-5.4303664e-08,-5.4303664e-08,-3.1127399e-07,-3.1127399e-07,-5.4303664e-08,-5.4303664e-08,0,0,1.2490566e-05,1.2490566e-05,6.6572706e-16,6.6572706e-16,1.8194327e-08,1.8194327e-08,1.8194327e-08,1.8194327e-08,2.8621821e-18,2.8621821e-18,-3.0772076e-07,-3.0772076e-07,-5.4303664e-08,-5.4303664e-08,-3.0772076e-07,-3.0772076e-07,-5.4303664e-08,-5.4303664e-08,-1.5163987e-17,-1.5163987e-17,7.2440751e-18,7.2440751e-18,-3.6202443e-07,-3.6202443e-07,-7.7373927e-18,-7.7373927e-18,4.8856931e-09,4.8856931e-09,9.5844475e-18,9.5844475e-18,1.2436262e-05,1.2436262e-05,5.4303664e-08,5.4303664e-08,1.2436262e-05,1.2436262e-05,5.4303664e-08,5.4303664e-08,1.2490566e-05,1.2490566e-05,6.6416333e-16,6.6416333e-16,1.2128542e-05,1.2128542e-05,1.2128542e-05,1.2128542e-05,-5.4303664e-08,-5.4303664e-08,2.2459323e-12,2.2459323e-12,2.0507144e-18,2.0507144e-18,2.8603335e-09,2.8603335e-09,-2.8580876e-09,-2.8580876e-09,1.2490788e-05,1.2490788e-05,6.688019e-16,6.688019e-16,0.013367976,0.013367976,4.2175137e-14,4.2175137e-14,0.0066839324,0.0066839324,2.1089421e-14,2.1089421e-14,1.2128542e-05,1.2128542e-05,3.6202443e-07,3.6202443e-07,2.4257083e-06,2.4257083e-06,1.2909228e-16,1.2909228e-16,-1.5340437e-14,-1.5340437e-14,1.5340251e-14,1.5340251e-14,-8.7741333e-20,-8.7741333e-20,-6.6869702e-19,-6.6869702e-19,-3.6691012e-07,-3.6691012e-07,-2.0250049e-19,-2.0250049e-19,8.6943691e-19,8.6943691e-19,-2.5064206e-18,-2.5064206e-18,-3.6691012e-07,-3.6691012e-07,2.1383446e-10,2.1383446e-10,2.7748327e-34,2.7748327e-34
1.2146645e-05,1.2146645e-05,-1.2146645e-05,-1.2146645e-05,-5.6489305e-16,-5.6489305e-16,-6.7572097e-16,-6.7572097e-16,-1.2146645e-05,-1.2146645e-05,-2.9586426e-07,-2.9586426e-07,-5.1588481e-08,-5.1588481e-08,-2.9571029e-07,-2.9571029e-07,-5.1588481e-08,-5.1588481e-08,0,0,1.2490568e-05,1.2490568e-05,6.671335e-16,6.671335e-16,1.728461e-08,1.728461e-08,1.728461e-08,1.728461e-08,2.862301e-18,2.862301e-18,-2.9233472e-07,-2.9233472e-07,-5.1588481e-08,-5.1588481e-08,-2.9233472e-07,-2.9233472e-07,-5.1588481e-08,-5.1588481e-08,-1.5460129e-17,-1.5460129e-17,7.379952e-18,7.379952e-18,-3.439232e-07,-3.439232e-07,-7.8976568e-18,-7.8976568e-18,4.6414084e-09,4.6414084e-09,9.4245934e-18,9.4245934e-18,1.243898e-05,1.243898e-05,5.1588481e-08,5.1588481e-08,1.243898e-05,1.243898e-05,5.1588481e-08,5.1588481e-08,1.2490568e-05,1.2490568e-05,6.6556976e-16,6.6556976e-16,1.2146645e-05,1.2146645e-05,1.2146645e-05,1.2146645e-05,-5.1588481e-08,-5.1588481e-08,2.1336356e-12,2.1336356e-12,2.050796e-18,2.050796e-18,2.7173168e-09,2.7173168e-09,-2.7151832e-09,-2.7151832e-09,1.2490779e-05,1.2490779e-05,6.7020858e-16,6.7020858e-16,0.013367971,0.013367971,4.2262915e-14,4.2262915e-14,0.0066839327,0.0066839327,2.1132759e-14,2.1132759e-14,1.2146645e-05,1.2146645e-05,3.439232e-07,3.439232e-07,2.429329e-06,2.429329e-06,1.2934148e-16,1.2934148e-16,-1.5404614e-14,-1.5404614e-14,1.5404427e-14,1.5404427e-14,-8.8179327e-20,-8.8179327e-20,-6.6869397e-19,-6.6869397e-19,-3.4856461e-07,-3.4856461e-07,-2.0291632e-19,-2.0291632e-19,8.6944423e-19,8.6944423e-19,-2.5064556e-18,-2.5064556e-18,-3.4856461e-07,-3.4856461e-07,2.1169611e-10,2.1169611e-10,2.7750756e-34,2.7750756e-34
1.2163843e-05,1.2163843e-05,-1.2163843e-05,-1.2163843e-05,-5.6432384e-16,-5.6432384e-16,-6.7728738e-16,-6.7728738e-16,-1.2163843e-05,-1.2163843e-05,-2.810772e-07,-2.810772e-07,-4.9009057e-08,-4.9009057e-08,-2.8092478e-07,-2.8092478e-07,-4.9009057e-08,-4.9009057e-08,0,0,1.249057e-05,1.249057e-05,6.6854001e-16,6.6854001e-16,1.642038e-08,1.642038e-08,1.642038e-08,1.642038e-08,2.8624164e-18,2.8624164e-18,-2.7771799e-07,-2.7771799e-07,-4.9009057e-08,-4.9009057e-08,-2.7771799e-07,-2.7771799e-07,-4.9009057e-08,-4.9009057e-08,-1.5756331e-17,-1.5756331e-17,7.5158674e-18,7.5158674e-18,-3.2672704e-07,-3.2672704e-07,-8.057942e-18,-8.057942e-18,4.4093379e-09,4.4093379e-09,9.2646995e-18,9.2646995e-18,1.2441561e-05,1.2441561e-05,4.9009057e-08,4.9009057e-08,1.2441561e-05,1.2441561e-05,4.9009057e-08,4.9009057e-08,1.249057e-05,1.249057e-05,6.6697626e-16,6.6697626e-16,1.2163843e-05,1.2163843e-05,1.2163843e-05,1.2163843e-05,-4.9009057e-08,-4.9009057e-08,2.0269538e-12,2.0269538e-12,2.0508753e-18,2.0508753e-18,2.581451e-09,2.581451e-09,-2.579424e-09,-2.579424e-09,1.2490771e-05,1.2490771e-05,6.7161532e-16,6.7161532e-16,0.013367966,0.013367966,4.2350698e-14,4.2350698e-14,0.0066839329,0.0066839329,2.1176099e-14,2.1176099e-14,1.2163843e-05,1.2163843e-05,3.2672704e-07,3.2672704e-07,2.4327686e-06,2.4327686e-06,1.2959069e-16,1.2959069e-16,-1.5468793e-14,-1.5468793e-14,1.5468605e-14,1.5468605e-14,-8.8607274e-20,-8.8607274e-20,-6.6869107e-19,-6.6869107e-19,-3.3113638e-07,-3.3113638e-07,-2.0331312e-19,-2.0331312e-19,8.6945119e-19,8.6945119e-19,-2.5064888e-18,-2.5064888e-18,-3.3113638e-07,-3.3113638e-07,2.0957915e-10,2.0957915e-10,2.7753115e-34,2.7753115e-34
1.2180181e-05,1.2180181e-05,-1.2180181e-05,-1.2180181e-05,-5.6375633e-16,-5.6375633e-16,-6.7885391e-16,-6.7885391e-16,-1.2180181e-05,-1.2180181e-05,-2.6702944e-07,-2.6702944e-07,-4.6558604e-08,-4.6558604e-08,-2.6687854e-07,-2.6687854e-07,-4.6558604e-08,-4.6558604e-08,0,0,1.2490572e-05,1.2490572e-05,6.699466e-16,6.699466e-16,1.5599361e-08,1.5599361e-08,1.5599361e-08,1.5599361e-08,2.8625286e-18,2.8625286e-18,-2.6383209e-07,-2.6383209e-07,-4.6558604e-08,-4.6558604e-08,-2.6383209e-07,-2.6383209e-07,-4.6558604e-08,-4.6558604e-08,-1.6052591e-17,-1.6052591e-17,7.6518201e-18,7.6518201e-18,-3.1039069e-07,-3.1039069e-07,-8.2182481e-18,-8.2182481e-18,4.1888709e-09,4.1888709e-09,9.1047667e-18,9.1047667e-18,1.2444013e-05,1.2444013e-05,4.6558604e-08,4.6558604e-08,1.2444013e-05,1.2444013e-05,4.6558604e-08,4.6558604e-08,1.2490572e-05,1.2490572e-05,6.6838284e-16,6.6838284e-16,1.2180181e-05,1.2180181e-05,1.2180181e-05,1.2180181e-05,-4.6558604e-08,-4.6558604e-08,1.925606e-12,1.925606e-12,2.0509522e-18,2.0509522e-18,2.4523784e-09,2.4523784e-09,-2.4504528e-09,-2.4504528e-09,1.2490763e-05,1.2490763e-05,6.7302213e-16,6.7302213e-16,0.013367961,0.013367961,4.2438484e-14,4.2438484e-14,0.0066839332,0.0066839332,2.1219441e-14,2.1219441e-14,1.2180181e-05,1.2180181e-05,3.1039069e-07,3.1039069e-07,2.4360363e-06,2.4360363e-06,1.2983992e-16,1.2983992e-16,-1.5532975e-14,-1.5532975e-14,1.5532785e-14,1.5532785e-14,-8.9025404e-20,-8.9025404e-20,-6.6868832e-19,-6.6868832e-19,-3.1457956e-07,-3.1457956e-07,-2.0369175e-19,-2.0369175e-19,8.6945779e-19,8.6945779e-19,-2.5065203e-18,-2.5065203e-18,-3.1457956e-07,-3.1457956e-07,2.0748336e-10,2.0748336e-10,2.7755404e-34,2.7755404e-34
1.2195703e-05,1.2195703e-05,-1.2195703e-05,-1.2195703e-05,-5.6318882e-16,-5.6318882e-16,-6.8042056e-16,-6.8042056e-16,-1.2195703e-05,-1.2195703e-05,-2.53684e-07,-2.53684e-07,-4.4230674e-08,-4.4230674e-08,-2.5353461e-07,-2.5353461e-07,-4.4230674e-08,-4.4230674e-08,0,0,1.2490574e-05,1.2490574e-05,6.7135326e-16,6.7135326e-16,1.4819393e-08,1.4819393e-08,1.4819393e-08,1.4819393e-08,2.8626376e-18,2.8626376e-18,-2.5064048e-07,-2.5064048e-07,-4.4230674e-08,-4.4230674e-08,-2.5064048e-07,-2.5064048e-07,-4.4230674e-08,-4.4230674e-08,-1.6348907e-17,-1.6348907e-17,7.7878089e-18,7.7878089e-18,-2.9487116e-07,-2.9487116e-07,-8.378575e-18,-8.378575e-18,3.9794273e-09,3.9794273e-09,8.9447961e-18,8.9447961e-18,1.2446343e-05,1.2446343e-05,4.4230674e-08,4.4230674e-08,1.2446343e-05,1.2446343e-05,4.4230674e-08,4.4230674e-08,1.2490574e-05,1.2490574e-05,6.6978949e-16,6.6978949e-16,1.2195703e-05,1.2195703e-05,1.2195703e-05,1.2195703e-05,-4.4230674e-08,-4.4230674e-08,1.8293257e-12,1.8293257e-12,2.0510269e-18,2.0510269e-18,2.3297595e-09,2.3297595e-09,-2.3279302e-09,-2.3279302e-09,1.2490755e-05,1.2490755e-05,6.7442901e-16,6.7442901e-16,0.013367957,0.013367957,4.2526274e-14,4.2526274e-14,0.0066839334,0.0066839334,2.1262784e-14,2.1262784e-14,1.2195703e-05,1.2195703e-05,2.9487116e-07,2.9487116e-07,2.4391405e-06,2.4391405e-06,1.3008916e-16,1.3008916e-16,-1.5597158e-14,-1.5597158e-14,1.5596968e-14,1.5596968e-14,-8.9433941e-20,-8.9433941e-20,-6.686857e-19,-6.686857e-19,-2.9885059e-07,-2.9885059e-07,-2.0405303e-19,-2.0405303e-19,8.6946407e-19,8.6946407e-19,-2.5065503e-18,-2.5065503e-18,-2.9885059e-07,-2.9885059e-07,2.0540853e-10,2.0540853e-10,2.7757627e-34,2.7757627e-34
1.2210448e-05,1.2210448e-05,-1.2210448e-05,-1.2210448e-05,-5.6261622e-16,-5.6261622e-16,-6.8198732e-16,-6.8198732e-16,-1.2210448e-05,-1.2210448e-05,-2.4100578e-07,-2.4100578e-07,-4.201914e-08,-4.201914e-08,-2.4085788e-07,-2.4085788e-07,-4.201914e-08,-4.201914e-08,0,0,1.2490576e-05,1.2490576e-05,6.7275999e-16,6.7275999e-16,1.4078423e-08,1.4078423e-08,1.4078423e-08,1.4078423e-08,2.8627435e-18,2.8627435e-18,-2.3810846e-07,-2.3810846e-07,-4.201914e-08,-4.201914e-08,-2.3810846e-07,-2.3810846e-07,-4.201914e-08,-4.201914e-08,-1.664528e-17,-1.664528e-17,7.9238329e-18,7.9238329e-18,-2.801276e-07,-2.801276e-07,-8.5389226e-18,-8.5389226e-18,3.7804559e-09,3.7804559e-09,8.7847885e-18,8.7847885e-18,1.2448556e-05,1.2448556e-05,4.2019141e-08,4.2019141e-08,1.2448556e-05,1.2448556e-05,4.2019141e-08,4.2019141e-08,1.2490576e-05,1.2490576e-05,6.7119622e-16,6.7119622e-16,1.2210448e-05,1.2210448e-05,1.2210448e-05,1.2210448e-05,-4.201914e-08,-4.201914e-08,1.7378593e-12,1.7378593e-12,2.0510995e-18,2.0510995e-18,2.2132715e-09,2.2132715e-09,-2.2115337e-09,-2.2115337e-09,1.2490748e-05,1.2490748e-05,6.7583595e-16,6.7583595e-16,0.013367953,0.013367953,4.2614069e-14,4.2614069e-14,0.0066839336,0.0066839336,2.130613e-14,2.130613e-14,1.2210448e-05,1.2210448e-05,2.801276e-07,2.801276e-07,2.4420896e-06,2.4420896e-06,1.3033841e-16,1.3033841e-16,-1.5661344e-14,-1.5661344e-14,1.5661153e-14,1.5661153e-14,-8.9833104e-20,-8.9833104e-20,-6.6868322e-19,-6.6868322e-19,-2.8390806e-07,-2.8390806e-07,-2.0439775e-19,-2.0439775e-19,8.6947004e-19,8.6947004e-19,-2.5065787e-18,-2.5065787e-18,-2.8390806e-07,-2.8390806e-07,2.0335444e-10,2.0335444e-10,2.7759786e-34,2.7759786e-34
1.2224456e-05,1.2224456e-05,-1.2224456e-05,-1.2224456e-05,-5.6204871e-16,-5.6204871e-16,-6.8355418e-16,-6.8355418e-16,-1.2224456e-05,-1.2224456e-05,-2.289614e-07,-2.289614e-07,-3.9918183e-08,-3.9918183e-08,-2.2881499e-07,-2.2881499e-07,-3.9918183e-08,-3.9918183e-08,0,0,1.2490577e-05,1.2490577e-05,6.7416679e-16,6.7416679e-16,1.3374502e-08,1.3374502e-08,1.3374502e-08,1.3374502e-08,2.8628465e-18,2.8628465e-18,-2.2620304e-07,-2.2620304e-07,-3.9918183e-08,-3.9918183e-08,-2.2620304e-07,-2.2620304e-07,-3.9918183e-08,-3.9918183e-08,-1.6941707e-17,-1.6941707e-17,8.0598908e-18,8.0598908e-18,-2.6612122e-07,-2.6612122e-07,-8.6992905e-18,-8.6992905e-18,3.591433e-09,3.591433e-09,8.624745e-18,8.624745e-18,1.2450659e-05,1.2450659e-05,3.9918184e-08,3.9918184e-08,1.2450659e-05,1.2450659e-05,3.9918184e-08,3.9918184e-08,1.2490577e-05,1.2490577e-05,6.7260301e-16,6.7260301e-16,1.2224456e-05,1.2224456e-05,1.2224456e-05,1.2224456e-05,-3.9918183e-08,-3.9918183e-08,1.6509663e-12,1.6509663e-12,2.05117e-18,2.05117e-18,2.102608e-09,2.102608e-09,-2.100957e-09,-2.100957e-09,1.2490741e-05,1.2490741e-05,6.7724296e-16,6.7724296e-16,0.013367949,0.013367949,4.2701867e-14,4.2701867e-14,0.0066839338,0.0066839338,2.1349478e-14,2.1349478e-14,1.2224456e-05,1.2224456e-05,2.6612122e-07,2.6612122e-07,2.4448912e-06,2.4448912e-06,1.3058766e-16,1.3058766e-16,-1.5725532e-14,-1.5725532e-14,1.572534e-14,1.572534e-14,-9.0223107e-20,-9.0223107e-20,-6.6868086e-19,-6.6868086e-19,-2.6971265e-07,-2.6971265e-07,-2.0472667e-19,-2.0472667e-19,8.694757e-19,8.694757e-19,-2.5066058e-18,-2.5066058e-18,-2.6971265e-07,-2.6971265e-07,2.013209e-10,2.013209e-10,2.7761882e-34,2.7761882e-34
1.2237764e-05,1.2237764e-05,-1.2237764e-05,-1.2237764e-05,-5.6147951e-16,-5.6147951e-16,-6.8512116e-16,-6.8512116e-16,-1.2237764e-05,-1.2237764e-05,-2.1751919e-07,-2.1751919e-07,-3.7922274e-08,-3.7922274e-08,-2.1737424e-07,-2.1737424e-07,-3.7922274e-08,-3.7922274e-08,0,0,1.2490579e-05,1.2490579e-05,6.7557366e-16,6.7557366e-16,1.2705777e-08,1.2705777e-08,1.2705777e-08,1.2705777e-08,2.8629465e-18,2.8629465e-18,-2.1489288e-07,-2.1489288e-07,-3.7922274e-08,-3.7922274e-08,-2.1489288e-07,-2.1489288e-07,-3.7922274e-08,-3.7922274e-08,-1.7238187e-17,-1.7238187e-17,8.1959818e-18,8.1959818e-18,-2.5281516e-07,-2.5281516e-07,-8.8596787e-18,-8.8596787e-18,3.4118613e-09,3.4118613e-09,8.4646664e-18,8.4646664e-18,1.2452657e-05,1.2452657e-05,3.7922274e-08,3.7922274e-08,1.2452657e-05,1.2452657e-05,3.7922274e-08,3.7922274e-08,1.2490579e-05,1.2490579e-05,6.7400987e-16,6.7400987e-16,1.2237764e-05,1.2237764e-05,1.2237764e-05,1.2237764e-05,-3.7922274e-08,-3.7922274e-08,1.5684179e-12,1.5684179e-12,2.0512385e-18,2.0512385e-18,1.9974776e-09,1.9974776e-09,-1.9959091e-09,-1.9959091e-09,1.2490734e-05,1.2490734e-05,6.7865003e-16,6.7865003e-16,0.013367945,0.013367945,4.2789669e-14,4.2789669e-14,0.006683934,0.006683934,2.1392827e-14,2.1392827e-14,1.2237764e-05,1.2237764e-05,2.5281516e-07,2.5281516e-07,2.4475527e-06,2.4475527e-06,1.3083693e-16,1.3083693e-16,-1.5789722e-14,-1.5789722e-14,1.5789528e-14,1.5789528e-14,-9.0604162e-20,-9.0604162e-20,-6.6867862e-19,-6.6867862e-19,-2.5622702e-07,-2.5622702e-07,-2.0504051e-19,-2.0504051e-19,8.6948109e-19,8.6948109e-19,-2.5066315e-18,-2.5066315e-18,-2.5622702e-07,-2.5622702e-07,1.9930769e-10,1.9930769e-10,2.7763917e-34,2.7763917e-34
1.2250406e-05,1.2250406e-05,-1.2250406e-05,-1.2250406e-05,-5.609103e-16,-5.609103e-16,-6.8668823e-16,-6.8668823e-16,-1.2250406e-05,-1.2250406e-05,-2.0664903e-07,-2.0664903e-07,-3.602616e-08,-3.602616e-08,-2.0650553e-07,-2.0650553e-07,-3.602616e-08,-3.602616e-08,0,0,1.249058e-05,1.249058e-05,6.7698059e-16,6.7698059e-16,1.2070488e-08,1.2070488e-08,1.2070488e-08,1.2070488e-08,2.8630438e-18,2.8630438e-18,-2.0414824e-07,-2.0414824e-07,-3.602616e-08,-3.602616e-08,-2.0414824e-07,-2.0414824e-07,-3.602616e-08,-3.602616e-08,-1.7534719e-17,-1.7534719e-17,8.3321047e-18,8.3321047e-18,-2.401744e-07,-2.401744e-07,-9.0200869e-18,-9.0200869e-18,3.2412681e-09,3.2412681e-09,8.3045535e-18,8.3045535e-18,1.2454554e-05,1.2454554e-05,3.6026161e-08,3.6026161e-08,1.2454554e-05,1.2454554e-05,3.6026161e-08,3.6026161e-08,1.249058e-05,1.249058e-05,6.754168e-16,6.754168e-16,1.2250406e-05,1.2250406e-05,1.2250406e-05,1.2250406e-05,-3.602616e-08,-3.602616e-08,1.4899969e-12,1.4899969e-12,2.051305e-18,2.051305e-18,1.8976037e-09,1.8976037e-09,-1.8961137e-09,-1.8961137e-09,1.2490728e-05,1.2490728e-05,6.8005715e-16,6.8005715e-16,0.013367942,0.013367942,4.2877474e-14,4.2877474e-14,0.0066839342,0.0066839342,2.1436178e-14,2.1436178e-14,1.2250406e-05,1.2250406e-05,2.401744e-07,2.401744e-07,2.4500812e-06,2.4500812e-06,1.3108621e-16,1.3108621e-16,-1.5853914e-14,-1.5853914e-14,1.5853719e-14,1.5853719e-14,-9.0976471e-20,-9.0976471e-20,-6.6867649e-19,-6.6867649e-19,-2.4341567e-07,-2.4341567e-07,-2.0533994e-19,-2.0533994e-19,8.694862e-19,8.694862e-19,-2.5066559e-18,-2.5066559e-18,-2.4341567e-07,-2.4341567e-07,1.9731461e-10,1.9731461e-10,2.7765894e-34,2.7765894e-34
1.2262416e-05,1.2262416e-05,-1.2262416e-05,-1.2262416e-05,-5.6034109e-16,-5.6034109e-16,-6.8825541e-16,-6.8825541e-16,-1.2262416e-05,-1.2262416e-05,-1.9632232e-07,-1.9632232e-07,-3.4224852e-08,-3.4224852e-08,-1.9618025e-07,-1.9618025e-07,-3.4224852e-08,-3.4224852e-08,0,0,1.2490582e-05,1.2490582e-05,6.7838759e-16,6.7838759e-16,1.1466964e-08,1.1466964e-08,1.1466964e-08,1.1466964e-08,2.8631384e-18,2.8631384e-18,-1.9394083e-07,-1.9394083e-07,-3.4224852e-08,-3.4224852e-08,-1.9394083e-07,-1.9394083e-07,-3.4224852e-08,-3.4224852e-08,-1.7831302e-17,-1.7831302e-17,8.4682587e-18,8.4682587e-18,-2.2816568e-07,-2.2816568e-07,-9.1805149e-18,-9.1805149e-18,3.0792047e-09,3.0792047e-09,8.1444073e-18,8.1444073e-18,1.2456357e-05,1.2456357e-05,3.4224853e-08,3.4224853e-08,1.2456357e-05,1.2456357e-05,3.4224853e-08,3.4224853e-08,1.2490582e-05,1.2490582e-05,6.7682379e-16,6.7682379e-16,1.2262416e-05,1.2262416e-05,1.2262416e-05,1.2262416e-05,-3.4224852e-08,-3.4224852e-08,1.415497e-12,1.415497e-12,2.0513696e-18,2.0513696e-18,1.8027235e-09,1.8027235e-09,-1.801308e-09,-1.801308e-09,1.2490722e-05,1.2490722e-05,6.8146434e-16,6.8146434e-16,0.013367939,0.013367939,4.2965283e-14,4.2965283e-14,0.0066839344,0.0066839344,2.147953e-14,2.147953e-14,1.2262416e-05,1.2262416e-05,2.2816568e-07,2.2816568e-07,2.4524832e-06,2.4524832e-06,1.3133551e-16,1.3133551e-16,-1.5918107e-14,-1.5918107e-14,1.5917912e-14,1.5917912e-14,-9.1340236e-20,-9.1340236e-20,-6.6867446e-19,-6.6867446e-19,-2.3124489e-07,-2.3124489e-07,-2.0562563e-19,-2.0562563e-19,8.6949106e-19,8.6949106e-19,-2.506679e-18,-2.506679e-18,-2.3124489e-07,-2.3124489e-07,1.9534147e-10,1.9534147e-10,2.7767814e-34,2.7767814e-34
1.2273826e-05,1.2273826e-05,-1.2273826e-05,-1.2273826e-05,-5.597685e-16,-5.597685e-16,-6.8982268e-16,-6.8982268e-16,-1.2273826e-05,-1.2273826e-05,-1.8651188e-07,-1.8651188e-07,-3.2513609e-08,-3.2513609e-08,-1.8637124e-07,-1.8637124e-07,-3.2513609e-08,-3.2513609e-08,0,0,1.2490583e-05,1.2490583e-05,6.7979464e-16,6.7979464e-16,1.0893615e-08,1.0893615e-08,1.0893615e-08,1.0893615e-08,2.8632303e-18,2.8632303e-18,-1.8424379e-07,-1.8424379e-07,-3.2513609e-08,-3.2513609e-08,-1.8424379e-07,-1.8424379e-07,-3.2513609e-08,-3.2513609e-08,-1.8127934e-17,-1.8127934e-17,8.6044429e-18,8.6044429e-18,-2.167574e-07,-2.167574e-07,-9.3409626e-18,-9.3409626e-18,2.9252444e-09,2.9252444e-09,7.9842286e-18,7.9842286e-18,1.2458069e-05,1.2458069e-05,3.251361e-08,3.251361e-08,1.2458069e-05,1.2458069e-05,3.251361e-08,3.251361e-08,1.2490583e-05,1.2490583e-05,6.7823084e-16,6.7823084e-16,1.2273826e-05,1.2273826e-05,1.2273826e-05,1.2273826e-05,-3.2513609e-08,-3.2513609e-08,1.3447221e-12,1.3447221e-12,2.0514324e-18,2.0514324e-18,1.7125873e-09,1.7125873e-09,-1.7112426e-09,-1.7112426e-09,1.2490716e-05,1.2490716e-05,6.8287157e-16,6.8287157e-16,0.013367935,0.013367935,4.3053096e-14,4.3053096e-14,0.0066839346,0.0066839346,2.1522884e-14,2.1522884e-14,1.2273826e-05,1.2273826e-05,2.167574e-07,2.167574e-07,2.4547651e-06,2.4547651e-06,1.315848e-16,1.315848e-16,-1.5982303e-14,-1.5982303e-14,1.5982107e-14,1.5982107e-14,-9.1695652e-20,-9.1695652e-20,-6.6867254e-19,-6.6867254e-19,-2.1968264e-07,-2.1968264e-07,-2.058982e-19,-2.058982e-19,8.6949567e-19,8.6949567e-19,-2.5067011e-18,-2.5067011e-18,-2.1968264e-07,-2.1968264e-07,1.9338805e-10,1.9338805e-10,2.776968e-34,2.776968e-34
1.2284665e-05,1.2284665e-05,-1.2284665e-05,-1.2284665e-05,-5.591976e-16,-5.591976e-16,-6.9139005e-16,-6.9139005e-16,-1.2284665e-05,-1.2284665e-05,-1.7719192e-07,-1.7719192e-07,-3.0887929e-08,-3.0887929e-08,-1.7705268e-07,-1.7705268e-07,-3.0887929e-08,-3.0887929e-08,0,0,1.2490584e-05,1.2490584e-05,6.8120176e-16,6.8120176e-16,1.0348935e-08,1.0348935e-08,1.0348935e-08,1.0348935e-08,2.8633197e-18,2.8633197e-18,-1.750316e-07,-1.750316e-07,-3.0887929e-08,-3.0887929e-08,-1.750316e-07,-1.750316e-07,-3.0887929e-08,-3.0887929e-08,-1.8424616e-17,-1.8424616e-17,8.7406563e-18,8.7406563e-18,-2.0591953e-07,-2.0591953e-07,-9.5014296e-18,-9.5014296e-18,2.7789821e-09,2.7789821e-09,7.8240181e-18,7.8240181e-18,1.2459696e-05,1.2459696e-05,3.088793e-08,3.088793e-08,1.2459696e-05,1.2459696e-05,3.088793e-08,3.088793e-08,1.2490584e-05,1.2490584e-05,6.7963795e-16,6.7963795e-16,1.2284665e-05,1.2284665e-05,1.2284665e-05,1.2284665e-05,-3.0887929e-08,-3.0887929e-08,1.2774859e-12,1.2774859e-12,2.0514935e-18,2.0514935e-18,1.626958e-09,1.626958e-09,-1.6256805e-09,-1.6256805e-09,1.2490711e-05,1.2490711e-05,6.8427887e-16,6.8427887e-16,0.013367932,0.013367932,4.3140911e-14,4.3140911e-14,0.0066839347,0.0066839347,2.156624e-14,2.156624e-14,1.2284665e-05,1.2284665e-05,2.0591953e-07,2.0591953e-07,2.456933e-06,2.456933e-06,1.3183411e-16,1.3183411e-16,-1.6046501e-14,-1.6046501e-14,1.6046304e-14,1.6046304e-14,-9.204291e-20,-9.204291e-20,-6.6867071e-19,-6.6867071e-19,-2.0869851e-07,-2.0869851e-07,-2.0615825e-19,-2.0615825e-19,8.6950006e-19,8.6950006e-19,-2.506722e-18,-2.506722e-18,-2.0869851e-07,-2.0869851e-07,1.9145417e-10,1.9145417e-10,2.7771492e-34,2.7771492e-34
1.2294962e-05,1.2294962e-05,-1.2294962e-05,-1.2294962e-05,-5.5862839e-16,-5.5862839e-16,-6.929575e-16,-6.929575e-16,-1.2294962e-05,-1.2294962e-05,-1.6833789e-07,-1.6833789e-07,-2.9343533e-08,-2.9343533e-08,-1.6820004e-07,-1.6820004e-07,-2.9343533e-08,-2.9343533e-08,0,0,1.2490586e-05,1.2490586e-05,6.8260893e-16,6.8260893e-16,9.8314879e-09,9.8314879e-09,9.8314879e-09,9.8314879e-09,2.8634067e-18,2.8634067e-18,-1.6628002e-07,-1.6628002e-07,-2.9343533e-08,-2.9343533e-08,-1.6628002e-07,-1.6628002e-07,-2.9343533e-08,-2.9343533e-08,-1.8721344e-17,-1.8721344e-17,8.8768981e-18,8.8768981e-18,-1.9562355e-07,-1.9562355e-07,-9.6619158e-18,-9.6619158e-18,2.6400329e-09,2.6400329e-09,7.6637767e-18,7.6637767e-18,1.2461242e-05,1.2461242e-05,2.9343533e-08,2.9343533e-08,1.2461242e-05,1.2461242e-05,2.9343533e-08,2.9343533e-08,1.2490586e-05,1.2490586e-05,6.8104512e-16,6.8104512e-16,1.2294962e-05,1.2294962e-05,1.2294962e-05,1.2294962e-05,-2.9343533e-08,-2.9343533e-08,1.2136115e-12,1.2136115e-12,2.0515528e-18,2.0515528e-18,1.5456101e-09,1.5456101e-09,-1.5443964e-09,-1.5443964e-09,1.2490706e-05,1.2490706e-05,6.8568622e-16,6.8568622e-16,0.01336793,0.01336793,4.322873e-14,4.322873e-14,0.0066839349,0.0066839349,2.1609597e-14,2.1609597e-14,1.2294962e-05,1.2294962e-05,1.9562355e-07,1.9562355e-07,2.4589924e-06,2.4589924e-06,1.3208343e-16,1.3208343e-16,-1.61107e-14,-1.61107e-14,1.6110502e-14,1.6110502e-14,-9.2382197e-20,-9.2382197e-20,-6.6866898e-19,-6.6866898e-19,-1.9826358e-07,-1.9826358e-07,-2.0640635e-19,-2.0640635e-19,8.6950422e-19,8.6950422e-19,-2.5067419e-18,-2.5067419e-18,-1.9826358e-07,-1.9826358e-07,1.8953963e-10,1.8953963e-10,2.7773252e-34,2.7773252e-34
1.2304744e-05,1.2304744e-05,-1.2304744e-05,-1.2304744e-05,-5.580558e-16,-5.580558e-16,-6.9452505e-16,-6.9452505e-16,-1.2304744e-05,-1.2304744e-05,-1.5992651e-07,-1.5992651e-07,-2.7876356e-08,-2.7876356e-08,-1.5979004e-07,-1.5979004e-07,-2.7876356e-08,-2.7876356e-08,0,0,1.2490587e-05,1.2490587e-05,6.8401616e-16,6.8401616e-16,9.3399135e-09,9.3399135e-09,9.3399135e-09,9.3399135e-09,2.8634912e-18,2.8634912e-18,-1.5796602e-07,-1.5796602e-07,-2.7876356e-08,-2.7876356e-08,-1.5796602e-07,-1.5796602e-07,-2.7876356e-08,-2.7876356e-08,-1.9018119e-17,-1.9018119e-17,9.0131675e-18,9.0131675e-18,-1.8584237e-07,-1.8584237e-07,-9.8224209e-18,-9.8224209e-18,2.5080312e-09,2.5080312e-09,7.5035052e-18,7.5035052e-18,1.246271e-05,1.246271e-05,2.7876357e-08,2.7876357e-08,1.246271e-05,1.246271e-05,2.7876357e-08,2.7876357e-08,1.2490587e-05,1.2490587e-05,6.8245234e-16,6.8245234e-16,1.2304744e-05,1.2304744e-05,1.2304744e-05,1.2304744e-05,-2.7876356e-08,-2.7876356e-08,1.1529309e-12,1.1529309e-12,2.0516104e-18,2.0516104e-18,1.4683296e-09,1.4683296e-09,-1.4671766e-09,-1.4671766e-09,1.2490701e-05,1.2490701e-05,6.8709361e-16,6.8709361e-16,0.013367927,0.013367927,4.3316552e-14,4.3316552e-14,0.006683935,0.006683935,2.1652956e-14,2.1652956e-14,1.2304744e-05,1.2304744e-05,1.8584237e-07,1.8584237e-07,2.4609489e-06,2.4609489e-06,1.3233276e-16,1.3233276e-16,-1.6174902e-14,-1.6174902e-14,1.6174703e-14,1.6174703e-14,-9.2713696e-20,-9.2713696e-20,-6.6866733e-19,-6.6866733e-19,-1.8835041e-07,-1.8835041e-07,-2.0664305e-19,-2.0664305e-19,8.6950818e-19,8.6950818e-19,-2.5067607e-18,-2.5067607e-18,-1.8835041e-07,-1.8835041e-07,1.8764423e-10,1.8764423e-10,2.7774963e-34,2.7774963e-34
1.2314038e-05,1.2314038e-05,-1.2314038e-05,-1.2314038e-05,-5.574849e-16,-5.574849e-16,-6.9609268e-16,-6.9609268e-16,-1.2314038e-05,-1.2314038e-05,-1.5193564e-07,-1.5193564e-07,-2.6482538e-08,-2.6482538e-08,-1.5180054e-07,-1.5180054e-07,-2.6482538e-08,-2.6482538e-08,0,0,1.2490588e-05,1.2490588e-05,6.8542345e-16,6.8542345e-16,8.8729178e-09,8.8729178e-09,8.8729178e-09,8.8729178e-09,2.8635734e-18,2.8635734e-18,-1.5006772e-07,-1.5006772e-07,-2.6482538e-08,-2.6482538e-08,-1.5006772e-07,-1.5006772e-07,-2.6482538e-08,-2.6482538e-08,-1.931494e-17,-1.931494e-17,9.1494636e-18,9.1494636e-18,-1.7655025e-07,-1.7655025e-07,-9.9829447e-18,-9.9829447e-18,2.3826295e-09,2.3826295e-09,7.3432042e-18,7.3432042e-18,1.2464105e-05,1.2464105e-05,2.6482539e-08,2.6482539e-08,1.2464105e-05,1.2464105e-05,2.6482539e-08,2.6482539e-08,1.2490588e-05,1.2490588e-05,6.8385962e-16,6.8385962e-16,1.2314038e-05,1.2314038e-05,1.2314038e-05,1.2314038e-05,-2.6482538e-08,-2.6482538e-08,1.0952843e-12,1.0952843e-12,2.0516665e-18,2.0516665e-18,1.3949131e-09,1.3949131e-09,-1.3938178e-09,-1.3938178e-09,1.2490696e-05,1.2490696e-05,6.8850106e-16,6.8850106e-16,0.013367924,0.013367924,4.3404377e-14,4.3404377e-14,0.0066839351,0.0066839351,2.1696316e-14,2.1696316e-14,1.2314038e-05,1.2314038e-05,1.7655025e-07,1.7655025e-07,2.4628075e-06,2.4628075e-06,1.3258209e-16,1.3258209e-16,-1.6239105e-14,-1.6239105e-14,1.6238905e-14,1.6238905e-14,-9.3037584e-20,-9.3037584e-20,-6.6866576e-19,-6.6866576e-19,-1.7893289e-07,-1.7893289e-07,-2.0686886e-19,-2.0686886e-19,8.6951194e-19,8.6951194e-19,-2.5067787e-18,-2.5067787e-18,-1.7893289e-07,-1.7893289e-07,1.8576779e-10,1.8576779e-10,2.7776626e-34,2.7776626e-34
1.2322866e-05,1.2322866e-05,-1.2322866e-05,-1.2322866e-05,-5.569123e-16,-5.569123e-16,-6.976604e-16,-6.976604e-16,-1.2322866e-05,-1.2322866e-05,-1.4434426e-07,-1.4434426e-07,-2.5158411e-08,-2.5158411e-08,-1.4421051e-07,-1.4421051e-07,-2.5158411e-08,-2.5158411e-08,0,0,1.2490589e-05,1.2490589e-05,6.8683079e-16,6.8683079e-16,8.4292719e-09,8.4292719e-09,8.4292719e-09,8.4292719e-09,2.8636534e-18,2.8636534e-18,-1.4256433e-07,-1.4256433e-07,-2.5158411e-08,-2.5158411e-08,-1.4256433e-07,-1.4256433e-07,-2.5158411e-08,-2.5158411e-08,-1.9611805e-17,-1.9611805e-17,9.2857856e-18,9.2857856e-18,-1.6772274e-07,-1.6772274e-07,-1.0143487e-17,-1.0143487e-17,2.263498e-09,2.263498e-09,7.1828745e-18,7.1828745e-18,1.246543e-05,1.246543e-05,2.5158412e-08,2.5158412e-08,1.246543e-05,1.246543e-05,2.5158412e-08,2.5158412e-08,1.2490589e-05,1.2490589e-05,6.8526696e-16,6.8526696e-16,1.2322866e-05,1.2322866e-05,1.2322866e-05,1.2322866e-05,-2.5158411e-08,-2.5158411e-08,1.04052e-12,1.04052e-12,2.051721e-18,2.051721e-18,1.3251674e-09,1.3251674e-09,-1.3241269e-09,-1.3241269e-09,1.2490692e-05,1.2490692e-05,6.8990856e-16,6.8990856e-16,0.013367922,0.013367922,4.3492205e-14,4.3492205e-14,0.0066839353,0.0066839353,2.1739678e-14,2.1739678e-14,1.2322866e-05,1.2322866e-05,1.6772274e-07,1.6772274e-07,2.4645732e-06,2.4645732e-06,1.3283143e-16,1.3283143e-16,-1.6303309e-14,-1.6303309e-14,1.6303108e-14,1.6303108e-14,-9.3354037e-20,-9.3354037e-20,-6.6866428e-19,-6.6866428e-19,-1.6998624e-07,-1.6998624e-07,-2.0708428e-19,-2.0708428e-19,8.6951551e-19,8.6951551e-19,-2.5067957e-18,-2.5067957e-18,-1.6998624e-07,-1.6998624e-07,1.8391011e-10,1.8391011e-10,2.7778241e-34,2.7778241e-34
1.2331253e-05,1.2331253e-05,-1.2331253e-05,-1.2331253e-05,-5.5633971e-16,-5.5633971e-16,-6.9922819e-16,-6.9922819e-16,-1.2331253e-05,-1.2331253e-05,-1.371324e-07,-1.371324e-07,-2.3900491e-08,-2.3900491e-08,-1.3699999e-07,-1.3699999e-07,-2.3900491e-08,-2.3900491e-08,0,0,1.249059e-05,1.249059e-05,6.8823818e-16,6.8823818e-16,8.0078083e-09,8.0078083e-09,8.0078083e-09,8.0078083e-09,2.8637311e-18,2.8637311e-18,-1.3543611e-07,-1.3543611e-07,-2.3900491e-08,-2.3900491e-08,-1.3543611e-07,-1.3543611e-07,-2.3900491e-08,-2.3900491e-08,-1.9908713e-17,-1.9908713e-17,9.4221329e-18,9.4221329e-18,-1.593366e-07,-1.593366e-07,-1.0304047e-17,-1.0304047e-17,2.150323e-09,2.150323e-09,7.0225169e-18,7.0225169e-18,1.2466689e-05,1.2466689e-05,2.3900491e-08,2.3900491e-08,1.2466689e-05,1.2466689e-05,2.3900491e-08,2.3900491e-08,1.249059e-05,1.249059e-05,6.8667434e-16,6.8667434e-16,1.2331253e-05,1.2331253e-05,1.2331253e-05,1.2331253e-05,-2.3900491e-08,-2.3900491e-08,9.8849392e-13,9.8849392e-13,2.0517739e-18,2.0517739e-18,1.2589091e-09,1.2589091e-09,-1.2579206e-09,-1.2579206e-09,1.2490688e-05,1.2490688e-05,6.913161e-16,6.913161e-16,0.01336792,0.01336792,4.3580036e-14,4.3580036e-14,0.0066839354,0.0066839354,2.1783041e-14,2.1783041e-14,1.2331253e-05,1.2331253e-05,1.593366e-07,1.593366e-07,2.4662507e-06,2.4662507e-06,1.3308078e-16,1.3308078e-16,-1.6367516e-14,-1.6367516e-14,1.6367314e-14,1.6367314e-14,-9.3663224e-20,-9.3663224e-20,-6.6866286e-19,-6.6866286e-19,-1.6148693e-07,-1.6148693e-07,-2.0728979e-19,-2.0728979e-19,8.695189e-19,8.695189e-19,-2.5068119e-18,-2.5068119e-18,-1.6148693e-07,-1.6148693e-07,1.8207101e-10,1.8207101e-10,2.7779812e-34,2.7779812e-34
1.2339221e-05,1.2339221e-05,-1.2339221e-05,-1.2339221e-05,-5.5576712e-16,-5.5576712e-16,-7.0079607e-16,-7.0079607e-16,-1.2339221e-05,-1.2339221e-05,-1.3028108e-07,-1.3028108e-07,-2.2705466e-08,-2.2705466e-08,-1.3014999e-07,-1.3014999e-07,-2.2705466e-08,-2.2705466e-08,0,0,1.2490591e-05,1.2490591e-05,6.8964562e-16,6.8964562e-16,7.6074179e-09,7.6074179e-09,7.6074179e-09,7.6074179e-09,2.8638068e-18,2.8638068e-18,-1.2866431e-07,-1.2866431e-07,-2.2705466e-08,-2.2705466e-08,-1.2866431e-07,-1.2866431e-07,-2.2705466e-08,-2.2705466e-08,-2.0205664e-17,-2.0205664e-17,9.5585047e-18,9.5585047e-18,-1.5136977e-07,-1.5136977e-07,-1.0464626e-17,-1.0464626e-17,2.0428068e-09,2.0428068e-09,6.862132e-18,6.862132e-18,1.2467885e-05,1.2467885e-05,2.2705467e-08,2.2705467e-08,1.2467885e-05,1.2467885e-05,2.2705467e-08,2.2705467e-08,1.2490591e-05,1.2490591e-05,6.8808178e-16,6.8808178e-16,1.2339221e-05,1.2339221e-05,1.2339221e-05,1.2339221e-05,-2.2705466e-08,-2.2705466e-08,9.3906915e-13,9.3906915e-13,2.0518254e-18,2.0518254e-18,1.1959636e-09,1.1959636e-09,-1.1950245e-09,-1.1950245e-09,1.2490684e-05,1.2490684e-05,6.927237e-16,6.927237e-16,0.013367917,0.013367917,4.366787e-14,4.366787e-14,0.0066839355,0.0066839355,2.1826405e-14,2.1826405e-14,1.2339221e-05,1.2339221e-05,1.5136977e-07,1.5136977e-07,2.4678442e-06,2.4678442e-06,1.3333014e-16,1.3333014e-16,-1.6431724e-14,-1.6431724e-14,1.6431521e-14,1.6431521e-14,-9.3965312e-20,-9.3965312e-20,-6.6866152e-19,-6.6866152e-19,-1.5341258e-07,-1.5341258e-07,-2.0748583e-19,-2.0748583e-19,8.6952213e-19,8.6952213e-19,-2.5068273e-18,-2.5068273e-18,-1.5341258e-07,-1.5341258e-07,1.802503e-10,1.802503e-10,2.7781338e-34,2.7781338e-34
1.234679e-05,1.234679e-05,-1.234679e-05,-1.234679e-05,-5.5519622e-16,-5.5519622e-16,-7.0236402e-16,-7.0236402e-16,-1.234679e-05,-1.234679e-05,-1.2377227e-07,-1.2377227e-07,-2.1570193e-08,-2.1570193e-08,-1.2364249e-07,-1.2364249e-07,-2.1570193e-08,-2.1570193e-08,0,0,1.2490592e-05,1.2490592e-05,6.9105311e-16,6.9105311e-16,7.227047e-09,7.227047e-09,7.227047e-09,7.227047e-09,2.8638804e-18,2.8638804e-18,-1.2223109e-07,-1.2223109e-07,-2.1570193e-08,-2.1570193e-08,-1.2223109e-07,-1.2223109e-07,-2.1570193e-08,-2.1570193e-08,-2.0502656e-17,-2.0502656e-17,9.6949002e-18,9.6949002e-18,-1.4380129e-07,-1.4380129e-07,-1.0625222e-17,-1.0625222e-17,1.9406664e-09,1.9406664e-09,6.7017204e-18,6.7017204e-18,1.2469022e-05,1.2469022e-05,2.1570193e-08,2.1570193e-08,1.2469022e-05,1.2469022e-05,2.1570193e-08,2.1570193e-08,1.2490592e-05,1.2490592e-05,6.8948926e-16,6.8948926e-16,1.234679e-05,1.234679e-05,1.234679e-05,1.234679e-05,-2.1570193e-08,-2.1570193e-08,8.9211562e-13,8.9211562e-13,2.0518755e-18,2.0518755e-18,1.1361654e-09,1.1361654e-09,-1.1352733e-09,-1.1352733e-09,1.249068e-05,1.249068e-05,6.9413133e-16,6.9413133e-16,0.013367915,0.013367915,4.3755706e-14,4.3755706e-14,0.0066839356,0.0066839356,2.1869771e-14,2.1869771e-14,1.234679e-05,1.234679e-05,1.4380129e-07,1.4380129e-07,2.4693581e-06,2.4693581e-06,1.335795e-16,1.335795e-16,-1.6495933e-14,-1.6495933e-14,1.649573e-14,1.649573e-14,-9.4260464e-20,-9.4260464e-20,-6.6866025e-19,-6.6866025e-19,-1.4574195e-07,-1.4574195e-07,-2.0767285e-19,-2.0767285e-19,8.6952519e-19,8.6952519e-19,-2.5068419e-18,-2.5068419e-18,-1.4574195e-07,-1.4574195e-07,1.784478e-10,1.784478e-10,2.7782822e-34,2.7782822e-34
1.2353981e-05,1.2353981e-05,-1.2353981e-05,-1.2353981e-05,-5.5462193e-16,-5.5462193e-16,-7.0393205e-16,-7.0393205e-16,-1.2353981e-05,-1.2353981e-05,-1.1758885e-07,-1.1758885e-07,-2.0491683e-08,-2.0491683e-08,-1.1746036e-07,-1.1746036e-07,-2.0491683e-08,-2.0491683e-08,0,0,1.2490593e-05,1.2490593e-05,6.9246064e-16,6.9246064e-16,6.8656947e-09,6.8656947e-09,6.8656947e-09,6.8656947e-09,2.863952e-18,2.863952e-18,-1.1611954e-07,-1.1611954e-07,-2.0491683e-08,-2.0491683e-08,-1.1611954e-07,-1.1611954e-07,-2.0491683e-08,-2.0491683e-08,-2.0799689e-17,-2.0799689e-17,9.8313189e-18,9.8313189e-18,-1.3661122e-07,-1.3661122e-07,-1.0785836e-17,-1.0785836e-17,1.843633e-09,1.843633e-09,6.5412829e-18,6.5412829e-18,1.2470101e-05,1.2470101e-05,2.0491684e-08,2.0491684e-08,1.2470101e-05,1.2470101e-05,2.0491684e-08,2.0491684e-08,1.2490593e-05,1.2490593e-05,6.908968e-16,6.908968e-16,1.2353981e-05,1.2353981e-05,1.2353981e-05,1.2353981e-05,-2.0491683e-08,-2.0491683e-08,8.4750977e-13,8.4750977e-13,2.0519241e-18,2.0519241e-18,1.0793572e-09,1.0793572e-09,-1.0785096e-09,-1.0785096e-09,1.2490676e-05,1.2490676e-05,6.9553901e-16,6.9553901e-16,0.013367913,0.013367913,4.3843545e-14,4.3843545e-14,0.0066839357,0.0066839357,2.1913138e-14,2.1913138e-14,1.2353981e-05,1.2353981e-05,1.3661122e-07,1.3661122e-07,2.4707963e-06,2.4707963e-06,1.3382888e-16,1.3382888e-16,-1.6560144e-14,-1.6560144e-14,1.655994e-14,1.655994e-14,-9.4548838e-20,-9.4548838e-20,-6.6865903e-19,-6.6865903e-19,-1.3845486e-07,-1.3845486e-07,-2.0785125e-19,-2.0785125e-19,8.695281e-19,8.695281e-19,-2.5068558e-18,-2.5068558e-18,-1.3845486e-07,-1.3845486e-07,1.7666332e-10,1.7666332e-10,2.7784264e-34,2.7784264e-34
1.2360813e-05,1.2360813e-05,-1.2360813e-05,-1.2360813e-05,-5.5404594e-16,-5.5404594e-16,-7.0550015e-16,-7.0550015e-16,-1.2360813e-05,-1.2360813e-05,-1.1171454e-07,-1.1171454e-07,-1.9467099e-08,-1.9467099e-08,-1.1158734e-07,-1.1158734e-07,-1.9467099e-08,-1.9467099e-08,0,0,1.2490593e-05,1.2490593e-05,6.9386823e-16,6.9386823e-16,6.5224099e-09,6.5224099e-09,6.5224099e-09,6.5224099e-09,2.8640216e-18,2.8640216e-18,-1.1031356e-07,-1.1031356e-07,-1.9467099e-08,-1.9467099e-08,-1.1031356e-07,-1.1031356e-07,-1.9467099e-08,-1.9467099e-08,-2.1096761e-17,-2.1096761e-17,9.9677599e-18,9.9677599e-18,-1.2978066e-07,-1.2978066e-07,-1.0946466e-17,-1.0946466e-17,1.7514513e-09,1.7514513e-09,6.3808201e-18,6.3808201e-18,1.2471126e-05,1.2471126e-05,1.94671e-08,1.94671e-08,1.2471126e-05,1.2471126e-05,1.94671e-08,1.94671e-08,1.2490593e-05,1.2490593e-05,6.9230438e-16,6.9230438e-16,1.2360813e-05,1.2360813e-05,1.2360813e-05,1.2360813e-05,-1.9467099e-08,-1.9467099e-08,8.0513421e-13,8.0513421e-13,2.0519715e-18,2.0519715e-18,1.0253893e-09,1.0253893e-09,-1.0245842e-09,-1.0245842e-09,1.2490673e-05,1.2490673e-05,6.9694673e-16,6.9694673e-16,0.013367911,0.013367911,4.3931387e-14,4.3931387e-14,0.0066839358,0.0066839358,2.1956506e-14,2.1956506e-14,1.2360813e-05,1.2360813e-05,1.2978066e-07,1.2978066e-07,2.4721625e-06,2.4721625e-06,1.3407825e-16,1.3407825e-16,-1.6624357e-14,-1.6624357e-14,1.6624152e-14,1.6624152e-14,-9.4830591e-20,-9.4830591e-20,-6.6865788e-19,-6.6865788e-19,-1.3153211e-07,-1.3153211e-07,-2.0802143e-19,-2.0802143e-19,8.6953086e-19,8.6953086e-19,-2.506869e-18,-2.506869e-18,-1.3153211e-07,-1.3153211e-07,1.7489669e-10,1.7489669e-10,2.7785667e-34,2.7785667e-34
1.2367302e-05,1.2367302e-05,-1.2367302e-05,-1.2367302e-05,-5.5347674e-16,-5.5347674e-16,-7.0706833e-16,-7.0706833e-16,-1.2367302e-05,-1.2367302e-05,-1.061339e-07,-1.061339e-07,-1.8493744e-08,-1.8493744e-08,-1.0600798e-07,-1.0600798e-07,-1.8493744e-08,-1.8493744e-08,0,0,1.2490594e-05,1.2490594e-05,6.9527585e-16,6.9527585e-16,6.1962894e-09,6.1962894e-09,6.1962894e-09,6.1962894e-09,2.8640894e-18,2.8640894e-18,-1.0479788e-07,-1.0479788e-07,-1.8493744e-08,-1.8493744e-08,-1.0479788e-07,-1.0479788e-07,-1.8493744e-08,-1.8493744e-08,-2.1393872e-17,-2.1393872e-17,1.0104223e-17,1.0104223e-17,-1.2329163e-07,-1.2329163e-07,-1.1107114e-17,-1.1107114e-17,1.6638786e-09,1.6638786e-09,6.2203325e-18,6.2203325e-18,1.24721e-05,1.24721e-05,1.8493745e-08,1.8493745e-08,1.24721e-05,1.24721e-05,1.8493745e-08,1.8493745e-08,1.2490594e-05,1.2490594e-05,6.93712e-16,6.93712e-16,1.2367302e-05,1.2367302e-05,1.2367302e-05,1.2367302e-05,-1.8493744e-08,-1.8493744e-08,7.6487743e-13,7.6487743e-13,2.0520175e-18,2.0520175e-18,9.7411983e-10,9.7411983e-10,-9.7335495e-10,-9.7335495e-10,1.249067e-05,1.249067e-05,6.983545e-16,6.983545e-16,0.01336791,0.01336791,4.4019231e-14,4.4019231e-14,0.0066839359,0.0066839359,2.1999875e-14,2.1999875e-14,1.2367302e-05,1.2367302e-05,1.2329163e-07,1.2329163e-07,2.4734605e-06,2.4734605e-06,1.3432764e-16,1.3432764e-16,-1.6688571e-14,-1.6688571e-14,1.6688365e-14,1.6688365e-14,-9.5105873e-20,-9.5105873e-20,-6.6865679e-19,-6.6865679e-19,-1.2495551e-07,-1.2495551e-07,-2.0818376e-19,-2.0818376e-19,8.6953349e-19,8.6953349e-19,-2.5068815e-18,-2.5068815e-18,-1.2495551e-07,-1.2495551e-07,1.7314772e-10,1.7314772e-10,2.778703e-34,2.778703e-34
1.2373468e-05,1.2373468e-05,-1.2373468e-05,-1.2373468e-05,-5.5290245e-16,-5.5290245e-16,-7.0863657e-16,-7.0863657e-16,-1.2373468e-05,-1.2373468e-05,-1.0083225e-07,-1.0083225e-07,-1.7569057e-08,-1.7569057e-08,-1.0070758e-07,-1.0070758e-07,-1.7569057e-08,-1.7569057e-08,0,0,1.2490595e-05,1.2490595e-05,6.9668353e-16,6.9668353e-16,5.886475e-09,5.886475e-09,5.886475e-09,5.886475e-09,2.8641553e-18,2.8641553e-18,-9.9557989e-08,-9.9557989e-08,-1.7569057e-08,-1.7569057e-08,-9.9557989e-08,-9.9557989e-08,-1.7569057e-08,-1.7569057e-08,-2.1691021e-17,-2.1691021e-17,1.0240707e-17,1.0240707e-17,-1.1712705e-07,-1.1712705e-07,-1.1267779e-17,-1.1267779e-17,1.5806846e-09,1.5806846e-09,6.0598209e-18,6.0598209e-18,1.2473026e-05,1.2473026e-05,1.7569058e-08,1.7569058e-08,1.2473026e-05,1.2473026e-05,1.7569058e-08,1.7569058e-08,1.2490595e-05,1.2490595e-05,6.9511967e-16,6.9511967e-16,1.2373468e-05,1.2373468e-05,1.2373468e-05,1.2373468e-05,-1.7569057e-08,-1.7569057e-08,7.2663349e-13,7.2663349e-13,2.0520623e-18,2.0520623e-18,9.2541384e-10,9.2541384e-10,-9.246872e-10,-9.246872e-10,1.2490667e-05,1.2490667e-05,6.997623e-16,6.997623e-16,0.013367908,0.013367908,4.4107077e-14,4.4107077e-14,0.006683936,0.006683936,2.2043246e-14,2.2043246e-14,1.2373468e-05,1.2373468e-05,1.1712705e-07,1.1712705e-07,2.4746936e-06,2.4746936e-06,1.3457703e-16,1.3457703e-16,-1.6752787e-14,-1.6752787e-14,1.6752579e-14,1.6752579e-14,-9.5374833e-20,-9.5374833e-20,-6.6865575e-19,-6.6865575e-19,-1.1870773e-07,-1.1870773e-07,-2.0833861e-19,-2.0833861e-19,8.6953598e-19,8.6953598e-19,-2.5068934e-18,-2.5068934e-18,-1.1870773e-07,-1.1870773e-07,1.7141624e-10,1.7141624e-10,2.7788356e-34,2.7788356e-34
1.2379325e-05,1.2379325e-05,-1.2379325e-05,-1.2379325e-05,-5.5232986e-16,-5.5232986e-16,-7.1020488e-16,-7.1020488e-16,-1.2379325e-05,-1.2379325e-05,-9.579562e-08,-9.579562e-08,-1.6690604e-08,-1.6690604e-08,-9.56722e-08,-9.56722e-08,-1.6690604e-08,-1.6690604e-08,0,0,1.2490596e-05,1.2490596e-05,6.9809124e-16,6.9809124e-16,5.5921512e-09,5.5921512e-09,5.5921512e-09,5.5921512e-09,2.8642195e-18,2.8642195e-18,-9.4580089e-08,-9.4580089e-08,-1.6690604e-08,-1.6690604e-08,-9.4580089e-08,-9.4580089e-08,-1.6690604e-08,-1.6690604e-08,-2.1988207e-17,-2.1988207e-17,1.0377211e-17,1.0377211e-17,-1.1127069e-07,-1.1127069e-07,-1.142846e-17,-1.142846e-17,1.5016503e-09,1.5016503e-09,5.8992857e-18,5.8992857e-18,1.2473905e-05,1.2473905e-05,1.6690605e-08,1.6690605e-08,1.2473905e-05,1.2473905e-05,1.6690605e-08,1.6690605e-08,1.2490596e-05,1.2490596e-05,6.9652738e-16,6.9652738e-16,1.2379325e-05,1.2379325e-05,1.2379325e-05,1.2379325e-05,-1.6690604e-08,-1.6690604e-08,6.9030174e-13,6.9030174e-13,2.0521059e-18,2.0521059e-18,8.7914315e-10,8.7914315e-10,-8.7845284e-10,-8.7845284e-10,1.2490664e-05,1.2490664e-05,7.0117014e-16,7.0117014e-16,0.013367906,0.013367906,4.4194926e-14,4.4194926e-14,0.0066839361,0.0066839361,2.2086617e-14,2.2086617e-14,1.2379325e-05,1.2379325e-05,1.1127069e-07,1.1127069e-07,2.475865e-06,2.475865e-06,1.3482642e-16,1.3482642e-16,-1.6817004e-14,-1.6817004e-14,1.6816796e-14,1.6816796e-14,-9.5637616e-20,-9.5637616e-20,-6.6865476e-19,-6.6865476e-19,-1.1277235e-07,-1.1277235e-07,-2.0848631e-19,-2.0848631e-19,8.6953835e-19,8.6953835e-19,-2.5069047e-18,-2.5069047e-18,-1.1277235e-07,-1.1277235e-07,1.6970208e-10,1.6970208e-10,2.7789646e-34,2.7789646e-34
1.2384889e-05,1.2384889e-05,-1.2384889e-05,-1.2384889e-05,-5.5175726e-16,-5.5175726e-16,-7.1177325e-16,-7.1177325e-16,-1.2384889e-05,-1.2384889e-05,-9.1010775e-08,-9.1010775e-08,-1.5856074e-08,-1.5856074e-08,-9.088859e-08,-9.088859e-08,-1.5856074e-08,-1.5856074e-08,0,0,1.2490596e-05,1.2490596e-05,6.99499e-16,6.99499e-16,5.3125437e-09,5.3125437e-09,5.3125437e-09,5.3125437e-09,2.864282e-18,2.864282e-18,-8.9851085e-08,-8.9851085e-08,-1.5856074e-08,-1.5856074e-08,-8.9851085e-08,-8.9851085e-08,-1.5856074e-08,-1.5856074e-08,-2.2285429e-17,-2.2285429e-17,1.0513736e-17,1.0513736e-17,-1.0570716e-07,-1.0570716e-07,-1.1589157e-17,-1.1589157e-17,1.4265678e-09,1.4265678e-09,5.7387277e-18,5.7387277e-18,1.247474e-05,1.247474e-05,1.5856074e-08,1.5856074e-08,1.247474e-05,1.247474e-05,1.5856074e-08,1.5856074e-08,1.2490596e-05,1.2490596e-05,6.9793514e-16,6.9793514e-16,1.2384889e-05,1.2384889e-05,1.2384889e-05,1.2384889e-05,-1.5856074e-08,-1.5856074e-08,6.5578658e-13,6.5578658e-13,2.0521482e-18,2.0521482e-18,8.3518599e-10,8.3518599e-10,-8.345302e-10,-8.345302e-10,1.2490661e-05,1.2490661e-05,7.0257803e-16,7.0257803e-16,0.013367905,0.013367905,4.4282777e-14,4.4282777e-14,0.0066839362,0.0066839362,2.212999e-14,2.212999e-14,1.2384889e-05,1.2384889e-05,1.0570716e-07,1.0570716e-07,2.4769778e-06,2.4769778e-06,1.3507582e-16,1.3507582e-16,-1.6881222e-14,-1.6881222e-14,1.6881013e-14,1.6881013e-14,-9.5894363e-20,-9.5894363e-20,-6.6865383e-19,-6.6865383e-19,-1.0713373e-07,-1.0713373e-07,-2.086272e-19,-2.086272e-19,8.695406e-19,8.695406e-19,-2.5069154e-18,-2.5069154e-18,-1.0713373e-07,-1.0713373e-07,1.6800506e-10,1.6800506e-10,2.77909e-34,2.77909e-34
1.2390175e-05,1.2390175e-05,-1.2390175e-05,-1.2390175e-05,-5.5118128e-16,-5.5118128e-16,-7.1334169e-16,-7.1334169e-16,-1.2390175e-05,-1.2390175e-05,-8.6465124e-08,-8.6465124e-08,-1.506327e-08,-1.506327e-08,-8.634416e-08,-8.634416e-08,-1.506327e-08,-1.506327e-08,0,0,1.2490597e-05,1.2490597e-05,7.009068e-16,7.009068e-16,5.0469165e-09,5.0469165e-09,5.0469165e-09,5.0469165e-09,2.8643428e-18,2.8643428e-18,-8.5358531e-08,-8.5358531e-08,-1.506327e-08,-1.506327e-08,-8.5358531e-08,-8.5358531e-08,-1.506327e-08,-1.506327e-08,-2.2582687e-17,-2.2582687e-17,1.065028e-17,1.065028e-17,-1.004218e-07,-1.004218e-07,-1.174987e-17,-1.174987e-17,1.3552393e-09,1.3552393e-09,5.5781472e-18,5.5781472e-18,1.2475534e-05,1.2475534e-05,1.5063271e-08,1.5063271e-08,1.2475534e-05,1.2475534e-05,1.5063271e-08,1.5063271e-08,1.2490597e-05,1.2490597e-05,6.9934293e-16,6.9934293e-16,1.2390175e-05,1.2390175e-05,1.2390175e-05,1.2390175e-05,-1.506327e-08,-1.506327e-08,6.2299718e-13,6.2299718e-13,2.0521895e-18,2.0521895e-18,7.9342669e-10,7.9342669e-10,-7.9280369e-10,-7.9280369e-10,1.2490658e-05,1.2490658e-05,7.0398594e-16,7.0398594e-16,0.013367903,0.013367903,4.4370631e-14,4.4370631e-14,0.0066839363,0.0066839363,2.2173364e-14,2.2173364e-14,1.2390175e-05,1.2390175e-05,1.004218e-07,1.004218e-07,2.478035e-06,2.478035e-06,1.3532523e-16,1.3532523e-16,-1.6945442e-14,-1.6945442e-14,1.6945232e-14,1.6945232e-14,-9.6145214e-20,-9.6145214e-20,-6.6865294e-19,-6.6865294e-19,-1.0177704e-07,-1.0177704e-07,-2.0876158e-19,-2.0876158e-19,8.6954274e-19,8.6954274e-19,-2.5069256e-18,-2.5069256e-18,-1.0177704e-07,-1.0177704e-07,1.6632501e-10,1.6632501e-10,2.779212e-34,2.779212e-34
1.2395197e-05,1.2395197e-05,-1.2395197e-05,-1.2395197e-05,-5.5060869e-16,-5.5060869e-16,-7.1491018e-16,-7.1491018e-16,-1.2395197e-05,-1.2395197e-05,-8.2146706e-08,-8.2146706e-08,-1.4310107e-08,-1.4310107e-08,-8.2026952e-08,-8.2026952e-08,-1.4310107e-08,-1.4310107e-08,0,0,1.2490597e-05,1.2490597e-05,7.0231463e-16,7.0231463e-16,4.7945707e-09,4.7945707e-09,4.7945707e-09,4.7945707e-09,2.864402e-18,2.864402e-18,-8.1090604e-08,-8.1090604e-08,-1.4310107e-08,-1.4310107e-08,-8.1090604e-08,-8.1090604e-08,-1.4310107e-08,-1.4310107e-08,-2.2879979e-17,-2.2879979e-17,1.0786843e-17,1.0786843e-17,-9.5400711e-08,-9.5400711e-08,-1.1910599e-17,-1.1910599e-17,1.2874773e-09,1.2874773e-09,5.4175449e-18,5.4175449e-18,1.2476287e-05,1.2476287e-05,1.4310107e-08,1.4310107e-08,1.2476287e-05,1.2476287e-05,1.4310107e-08,1.4310107e-08,1.2490597e-05,1.2490597e-05,7.0075077e-16,7.0075077e-16,1.2395197e-05,1.2395197e-05,1.2395197e-05,1.2395197e-05,-1.4310107e-08,-1.4310107e-08,5.9184725e-13,5.9184725e-13,2.0522296e-18,2.0522296e-18,7.5375536e-10,7.5375536e-10,-7.5316351e-10,-7.5316351e-10,1.2490656e-05,1.2490656e-05,7.053939e-16,7.053939e-16,0.013367902,0.013367902,4.4458487e-14,4.4458487e-14,0.0066839363,0.0066839363,2.2216738e-14,2.2216738e-14,1.2395197e-05,1.2395197e-05,9.5400711e-08,9.5400711e-08,2.4790393e-06,2.4790393e-06,1.3557464e-16,1.3557464e-16,-1.7009663e-14,-1.7009663e-14,1.7009452e-14,1.7009452e-14,-9.6390303e-20,-9.6390303e-20,-6.6865209e-19,-6.6865209e-19,-9.6688189e-08,-9.6688189e-08,-2.0888976e-19,-2.0888976e-19,8.6954477e-19,8.6954477e-19,-2.5069353e-18,-2.5069353e-18,-9.6688189e-08,-9.6688189e-08,1.6466176e-10,1.6466176e-10,2.7793306e-34,2.7793306e-34
1.2399967e-05,1.2399967e-05,-1.2399967e-05,-1.2399967e-05,-5.500327e-16,-5.500327e-16,-7.1647874e-16,-7.1647874e-16,-1.2399967e-05,-1.2399967e-05,-7.8044161e-08,-7.8044161e-08,-1.3594601e-08,-1.3594601e-08,-7.7925605e-08,-7.7925605e-08,-1.3594601e-08,-1.3594601e-08,0,0,1.2490598e-05,1.2490598e-05,7.0372251e-16,7.0372251e-16,4.5548421e-09,4.5548421e-09,4.5548421e-09,4.5548421e-09,2.8644596e-18,2.8644596e-18,-7.7036074e-08,-7.7036074e-08,-1.3594601e-08,-1.3594601e-08,-7.7036074e-08,-7.7036074e-08,-1.3594601e-08,-1.3594601e-08,-2.3177305e-17,-2.3177305e-17,1.0923424e-17,1.0923424e-17,-9.0630675e-08,-9.0630675e-08,-1.2071343e-17,-1.2071343e-17,1.2231033e-09,1.2231033e-09,5.2569214e-18,5.2569214e-18,1.2477003e-05,1.2477003e-05,1.3594602e-08,1.3594602e-08,1.2477003e-05,1.2477003e-05,1.3594602e-08,1.3594602e-08,1.2490598e-05,1.2490598e-05,7.0215864e-16,7.0215864e-16,1.2399967e-05,1.2399967e-05,1.2399967e-05,1.2399967e-05,-1.3594601e-08,-1.3594601e-08,5.6225482e-13,5.6225482e-13,2.0522686e-18,2.0522686e-18,7.1606759e-10,7.1606759e-10,-7.1550533e-10,-7.1550533e-10,1.2490654e-05,1.2490654e-05,7.0680189e-16,7.0680189e-16,0.013367901,0.013367901,4.4546344e-14,4.4546344e-14,0.0066839364,0.0066839364,2.2260114e-14,2.2260114e-14,1.2399967e-05,1.2399967e-05,9.0630676e-08,9.0630676e-08,2.4799935e-06,2.4799935e-06,1.3582406e-16,1.3582406e-16,-1.7073885e-14,-1.7073885e-14,1.7073673e-14,1.7073673e-14,-9.6629762e-20,-9.6629762e-20,-6.6865129e-19,-6.6865129e-19,-9.185378e-08,-9.185378e-08,-2.0901202e-19,-2.0901202e-19,8.695467e-19,8.695467e-19,-2.5069445e-18,-2.5069445e-18,-9.185378e-08,-9.185378e-08,1.6301514e-10,1.6301514e-10,2.779446e-34,2.779446e-34
1.2404499e-05,1.2404499e-05,-1.2404499e-05,-1.2404499e-05,-5.4946011e-16,-5.4946011e-16,-7.1804736e-16,-7.1804736e-16,-1.2404499e-05,-1.2404499e-05,-7.4146695e-08,-7.4146695e-08,-1.2914871e-08,-1.2914871e-08,-7.4029324e-08,-7.4029324e-08,-1.2914871e-08,-1.2914871e-08,0,0,1.2490598e-05,1.2490598e-05,7.0513042e-16,7.0513042e-16,4.3271e-09,4.3271e-09,4.3271e-09,4.3271e-09,2.8645156e-18,2.8645156e-18,-7.318427e-08,-7.318427e-08,-1.2914871e-08,-1.2914871e-08,-7.318427e-08,-7.318427e-08,-1.2914871e-08,-1.2914871e-08,-2.3474664e-17,-2.3474664e-17,1.1060023e-17,1.1060023e-17,-8.6099141e-08,-8.6099141e-08,-1.2232103e-17,-1.2232103e-17,1.1619481e-09,1.1619481e-09,5.096277e-18,5.096277e-18,1.2477684e-05,1.2477684e-05,1.2914872e-08,1.2914872e-08,1.2477684e-05,1.2477684e-05,1.2914872e-08,1.2914872e-08,1.2490598e-05,1.2490598e-05,7.0356655e-16,7.0356655e-16,1.2404499e-05,1.2404499e-05,1.2404499e-05,1.2404499e-05,-1.2914871e-08,-1.2914871e-08,5.34142e-13,5.34142e-13,2.0523066e-18,2.0523066e-18,6.8026421e-10,6.8026421e-10,-6.7973006e-10,-6.7973006e-10,1.2490651e-05,1.2490651e-05,7.0820991e-16,7.0820991e-16,0.013367899,0.013367899,4.4634204e-14,4.4634204e-14,0.0066839365,0.0066839365,2.2303491e-14,2.2303491e-14,1.2404499e-05,1.2404499e-05,8.6099142e-08,8.6099142e-08,2.4808999e-06,2.4808999e-06,1.3607348e-16,1.3607348e-16,-1.7138109e-14,-1.7138109e-14,1.7137896e-14,1.7137896e-14,-9.686372e-20,-9.686372e-20,-6.6865052e-19,-6.6865052e-19,-8.7261091e-08,-8.7261091e-08,-2.0912862e-19,-2.0912862e-19,8.6954853e-19,8.6954853e-19,-2.5069533e-18,-2.5069533e-18,-8.7261091e-08,-8.7261091e-08,1.6138499e-10,1.6138499e-10,2.7795583e-34,2.7795583e-34
1.2408805e-05,1.2408805e-05,-1.2408805e-05,-1.2408805e-05,-5.4888582e-16,-5.4888582e-16,-7.1961603e-16,-7.1961603e-16,-1.2408805e-05,-1.2408805e-05,-7.0444055e-08,-7.0444055e-08,-1.2269128e-08,-1.2269128e-08,-7.0327858e-08,-7.0327858e-08,-1.2269128e-08,-1.2269128e-08,0,0,1.2490599e-05,1.2490599e-05,7.0653837e-16,7.0653837e-16,4.110745e-09,4.110745e-09,4.110745e-09,4.110745e-09,2.8645702e-18,2.8645702e-18,-6.9525057e-08,-6.9525057e-08,-1.2269128e-08,-1.2269128e-08,-6.9525057e-08,-6.9525057e-08,-1.2269128e-08,-1.2269128e-08,-2.3772055e-17,-2.3772055e-17,1.119664e-17,1.119664e-17,-8.1794184e-08,-8.1794184e-08,-1.2392877e-17,-1.2392877e-17,1.1038506e-09,1.1038506e-09,4.9356124e-18,4.9356124e-18,1.247833e-05,1.247833e-05,1.2269128e-08,1.2269128e-08,1.247833e-05,1.247833e-05,1.2269128e-08,1.2269128e-08,1.2490599e-05,1.2490599e-05,7.0497449e-16,7.0497449e-16,1.2408805e-05,1.2408805e-05,1.2408805e-05,1.2408805e-05,-1.2269128e-08,-1.2269128e-08,5.0743483e-13,5.0743483e-13,2.0523436e-18,2.0523436e-18,6.46251e-10,6.46251e-10,-6.4574356e-10,-6.4574356e-10,1.2490649e-05,1.2490649e-05,7.0961797e-16,7.0961797e-16,0.013367898,0.013367898,4.4722066e-14,4.4722066e-14,0.0066839365,0.0066839365,2.2346869e-14,2.2346869e-14,1.2408805e-05,1.2408805e-05,8.1794185e-08,8.1794185e-08,2.481761e-06,2.481761e-06,1.3632291e-16,1.3632291e-16,-1.7202334e-14,-1.7202334e-14,1.720212e-14,1.720212e-14,-9.7092304e-20,-9.7092304e-20,-6.686498e-19,-6.686498e-19,-8.2898036e-08,-8.2898036e-08,-2.0923984e-19,-2.0923984e-19,8.6955027e-19,8.6955027e-19,-2.5069616e-18,-2.5069616e-18,-8.2898036e-08,-8.2898036e-08,1.5977114e-10,1.5977114e-10,2.7796676e-34,2.7796676e-34
1.2412895e-05,1.2412895e-05,-1.2412895e-05,-1.2412895e-05,-5.4831323e-16,-5.4831323e-16,-7.2118476e-16,-7.2118476e-16,-1.2412895e-05,-1.2412895e-05,-6.6926501e-08,-6.6926501e-08,-1.1655671e-08,-1.1655671e-08,-6.6811465e-08,-6.6811465e-08,-1.1655671e-08,-1.1655671e-08,0,0,1.2490599e-05,1.2490599e-05,7.0794635e-16,7.0794635e-16,3.9052078e-09,3.9052078e-09,3.9052078e-09,3.9052078e-09,2.8646234e-18,2.8646234e-18,-6.6048804e-08,-6.6048804e-08,-1.1655671e-08,-1.1655671e-08,-6.6048804e-08,-6.6048804e-08,-1.1655671e-08,-1.1655671e-08,-2.4069477e-17,-2.4069477e-17,1.1333273e-17,1.1333273e-17,-7.7704475e-08,-7.7704475e-08,-1.2553666e-17,-1.2553666e-17,1.048658e-09,1.048658e-09,4.774928e-18,4.774928e-18,1.2478944e-05,1.2478944e-05,1.1655672e-08,1.1655672e-08,1.2478944e-05,1.2478944e-05,1.1655672e-08,1.1655672e-08,1.2490599e-05,1.2490599e-05,7.0638248e-16,7.0638248e-16,1.2412895e-05,1.2412895e-05,1.2412895e-05,1.2412895e-05,-1.1655671e-08,-1.1655671e-08,4.8206302e-13,4.8206302e-13,2.0523795e-18,2.0523795e-18,6.1393845e-10,6.1393845e-10,-6.1345638e-10,-6.1345638e-10,1.2490647e-05,1.2490647e-05,7.1102606e-16,7.1102606e-16,0.013367897,0.013367897,4.480993e-14,4.480993e-14,0.0066839366,0.0066839366,2.2390247e-14,2.2390247e-14,1.2412895e-05,1.2412895e-05,7.7704476e-08,7.7704476e-08,2.482579e-06,2.482579e-06,1.3657234e-16,1.3657234e-16,-1.726656e-14,-1.726656e-14,1.7266345e-14,1.7266345e-14,-9.7315637e-20,-9.7315637e-20,-6.6864911e-19,-6.6864911e-19,-7.8753135e-08,-7.8753135e-08,-2.0934591e-19,-2.0934591e-19,8.6955193e-19,8.6955193e-19,-2.5069695e-18,-2.5069695e-18,-7.8753135e-08,-7.8753135e-08,1.5817343e-10,1.5817343e-10,2.7797739e-34,2.7797739e-34
1.2416781e-05,1.2416781e-05,-1.2416781e-05,-1.2416781e-05,-5.4773555e-16,-5.4773555e-16,-7.2275354e-16,-7.2275354e-16,-1.2416781e-05,-1.2416781e-05,-6.3584777e-08,-6.3584777e-08,-1.1072888e-08,-1.1072888e-08,-6.3470892e-08,-6.3470892e-08,-1.1072888e-08,-1.1072888e-08,0,0,1.24906e-05,1.24906e-05,7.0935437e-16,7.0935437e-16,3.7099474e-09,3.7099474e-09,3.7099474e-09,3.7099474e-09,2.8646751e-18,2.8646751e-18,-6.2746364e-08,-6.2746364e-08,-1.1072888e-08,-1.1072888e-08,-6.2746364e-08,-6.2746364e-08,-1.1072888e-08,-1.1072888e-08,-2.4366931e-17,-2.4366931e-17,1.1469923e-17,1.1469923e-17,-7.3819251e-08,-7.3819251e-08,-1.271447e-17,-1.271447e-17,9.9622504e-10,9.9622504e-10,4.6142243e-18,4.6142243e-18,1.2479527e-05,1.2479527e-05,1.1072888e-08,1.1072888e-08,1.2479527e-05,1.2479527e-05,1.1072888e-08,1.1072888e-08,1.24906e-05,1.24906e-05,7.0779049e-16,7.0779049e-16,1.2416781e-05,1.2416781e-05,1.2416781e-05,1.2416781e-05,-1.1072888e-08,-1.1072888e-08,4.579598e-13,4.579598e-13,2.0524145e-18,2.0524145e-18,5.8324153e-10,5.8324153e-10,-5.8278356e-10,-5.8278356e-10,1.2490645e-05,1.2490645e-05,7.1243418e-16,7.1243418e-16,0.013367896,0.013367896,4.4897796e-14,4.4897796e-14,0.0066839367,0.0066839367,2.2433627e-14,2.2433627e-14,1.2416781e-05,1.2416781e-05,7.3819252e-08,7.3819252e-08,2.4833561e-06,2.4833561e-06,1.3682177e-16,1.3682177e-16,-1.7330787e-14,-1.7330787e-14,1.7330572e-14,1.7330572e-14,-9.7533839e-20,-9.7533839e-20,-6.6864845e-19,-6.6864845e-19,-7.4815478e-08,-7.4815478e-08,-2.0944708e-19,-2.0944708e-19,8.695535e-19,8.695535e-19,-2.506977e-18,-2.506977e-18,-7.4815478e-08,-7.4815478e-08,1.565917e-10,1.565917e-10,2.7798773e-34,2.7798773e-34
1.2420472e-05,1.2420472e-05,-1.2420472e-05,-1.2420472e-05,-5.4715957e-16,-5.4715957e-16,-7.2432238e-16,-7.2432238e-16,-1.2420472e-05,-1.2420472e-05,-6.0410094e-08,-6.0410094e-08,-1.0519243e-08,-1.0519243e-08,-6.0297347e-08,-6.0297347e-08,-1.0519243e-08,-1.0519243e-08,0,0,1.24906e-05,1.24906e-05,7.1076242e-16,7.1076242e-16,3.52445e-09,3.52445e-09,3.52445e-09,3.52445e-09,2.8647255e-18,2.8647255e-18,-5.9609046e-08,-5.9609046e-08,-1.0519243e-08,-1.0519243e-08,-5.9609046e-08,-5.9609046e-08,-1.0519243e-08,-1.0519243e-08,-2.4664415e-17,-2.4664415e-17,1.1606588e-17,1.1606588e-17,-7.0128289e-08,-7.0128289e-08,-1.2875288e-17,-1.2875288e-17,9.4641372e-10,9.4641372e-10,4.4535018e-18,4.4535018e-18,1.2480081e-05,1.2480081e-05,1.0519244e-08,1.0519244e-08,1.2480081e-05,1.2480081e-05,1.0519244e-08,1.0519244e-08,1.24906e-05,1.24906e-05,7.0919854e-16,7.0919854e-16,1.2420472e-05,1.2420472e-05,1.2420472e-05,1.2420472e-05,-1.0519243e-08,-1.0519243e-08,4.3506173e-13,4.3506173e-13,2.0524486e-18,2.0524486e-18,5.5407945e-10,5.5407945e-10,-5.5364438e-10,-5.5364438e-10,1.2490643e-05,1.2490643e-05,7.1384234e-16,7.1384234e-16,0.013367895,0.013367895,4.4985664e-14,4.4985664e-14,0.0066839367,0.0066839367,2.2477007e-14,2.2477007e-14,1.2420472e-05,1.2420472e-05,7.0128289e-08,7.0128289e-08,2.4840944e-06,2.4840944e-06,1.3707121e-16,1.3707121e-16,-1.7395015e-14,-1.7395015e-14,1.7394799e-14,1.7394799e-14,-9.7747029e-20,-9.7747029e-20,-6.6864783e-19,-6.6864783e-19,-7.1074704e-08,-7.1074704e-08,-2.0954356e-19,-2.0954356e-19,8.6955499e-19,8.6955499e-19,-2.5069841e-18,-2.5069841e-18,-7.1074704e-08,-7.1074704e-08,1.5502578e-10,1.5502578e-10,2.7799779e-34,2.7799779e-34
1.2423979e-05,1.2423979e-05,-1.2423979e-05,-1.2423979e-05,-5.4658358e-16,-5.4658358e-16,-7.2589127e-16,-7.2589127e-16,-1.2423979e-05,-1.2423979e-05,-5.7394099e-08,-5.7394099e-08,-9.9932811e-09,-9.9932811e-09,-5.728248e-08,-5.728248e-08,-9.9932811e-09,-9.9932811e-09,0,0,1.2490601e-05,1.2490601e-05,7.1217051e-16,7.1217051e-16,3.3482275e-09,3.3482275e-09,3.3482275e-09,3.3482275e-09,2.8647745e-18,2.8647745e-18,-5.6628593e-08,-5.6628593e-08,-9.9932811e-09,-9.9932811e-09,-5.6628593e-08,-5.6628593e-08,-9.9932811e-09,-9.9932811e-09,-2.4961928e-17,-2.4961928e-17,1.1743269e-17,1.1743269e-17,-6.6621874e-08,-6.6621874e-08,-1.3036119e-17,-1.3036119e-17,8.9909296e-10,8.9909296e-10,4.2927609e-18,4.2927609e-18,1.2480608e-05,1.2480608e-05,9.9932819e-09,9.9932819e-09,1.2480608e-05,1.2480608e-05,9.9932818e-09,9.9932818e-09,1.2490601e-05,1.2490601e-05,7.1060663e-16,7.1060663e-16,1.2423979e-05,1.2423979e-05,1.2423979e-05,1.2423979e-05,-9.9932811e-09,-9.9932811e-09,4.1330858e-13,4.1330858e-13,2.0524818e-18,2.0524818e-18,5.2637548e-10,5.2637548e-10,-5.2596217e-10,-5.2596217e-10,1.2490642e-05,1.2490642e-05,7.1525052e-16,7.1525052e-16,0.013367894,0.013367894,4.5073533e-14,4.5073533e-14,0.0066839368,0.0066839368,2.2520389e-14,2.2520389e-14,1.2423979e-05,1.2423979e-05,6.6621875e-08,6.6621875e-08,2.4847958e-06,2.4847958e-06,1.3732066e-16,1.3732066e-16,-1.7459245e-14,-1.7459245e-14,1.7459028e-14,1.7459028e-14,-9.795532e-20,-9.795532e-20,-6.6864724e-19,-6.6864724e-19,-6.7520969e-08,-6.7520969e-08,-2.0963558e-19,-2.0963558e-19,8.6955641e-19,8.6955641e-19,-2.5069909e-18,-2.5069909e-18,-6.7520969e-08,-6.7520969e-08,1.5347552e-10,1.5347552e-10,2.7800759e-34,2.7800759e-34
1.242731e-05,1.242731e-05,-1.242731e-05,-1.242731e-05,-5.460093e-16,-5.460093e-16,-7.274602e-16,-7.274602e-16,-1.242731e-05,-1.242731e-05,-5.4528858e-08,-5.4528858e-08,-9.4936171e-09,-9.4936171e-09,-5.4418356e-08,-5.4418356e-08,-9.4936171e-09,-9.4936171e-09,0,0,1.2490601e-05,1.2490601e-05,7.1357863e-16,7.1357863e-16,3.1808161e-09,3.1808161e-09,3.1808161e-09,3.1808161e-09,2.8648223e-18,2.8648223e-18,-5.3797164e-08,-5.3797164e-08,-9.4936171e-09,-9.4936171e-09,-5.3797164e-08,-5.3797164e-08,-9.4936171e-09,-9.4936171e-09,-2.525947e-17,-2.525947e-17,1.1879965e-17,1.1879965e-17,-6.3290781e-08,-6.3290781e-08,-1.3196965e-17,-1.3196965e-17,8.5413824e-10,8.5413824e-10,4.132002e-18,4.132002e-18,1.2481108e-05,1.2481108e-05,9.4936178e-09,9.4936178e-09,1.2481108e-05,1.2481108e-05,9.4936178e-09,9.4936178e-09,1.2490601e-05,1.2490601e-05,7.1201474e-16,7.1201474e-16,1.242731e-05,1.242731e-05,1.242731e-05,1.242731e-05,-9.4936171e-09,-9.4936171e-09,3.9264307e-13,3.9264307e-13,2.0525141e-18,2.0525141e-18,5.000567e-10,5.000567e-10,-4.9966406e-10,-4.9966406e-10,1.249064e-05,1.249064e-05,7.1665873e-16,7.1665873e-16,0.013367893,0.013367893,4.5161404e-14,4.5161404e-14,0.0066839368,0.0066839368,2.2563771e-14,2.2563771e-14,1.242731e-05,1.242731e-05,6.3290781e-08,6.3290781e-08,2.4854621e-06,2.4854621e-06,1.375701e-16,1.375701e-16,-1.7523475e-14,-1.7523475e-14,1.7523257e-14,1.7523257e-14,-9.8158826e-20,-9.8158826e-20,-6.6864668e-19,-6.6864668e-19,-6.414492e-08,-6.414492e-08,-2.0972334e-19,-2.0972334e-19,8.6955776e-19,8.6955776e-19,-2.5069973e-18,-2.5069973e-18,-6.414492e-08,-6.414492e-08,1.5194077e-10,1.5194077e-10,2.7801712e-34,2.7801712e-34
1.2430475e-05,1.2430475e-05,-1.2430475e-05,-1.2430475e-05,-5.4543331e-16,-5.4543331e-16,-7.2902919e-16,-7.2902919e-16,-1.2430475e-05,-1.2430475e-05,-5.1806836e-08,-5.1806836e-08,-9.0189362e-09,-9.0189362e-09,-5.1697438e-08,-5.1697438e-08,-9.0189362e-09,-9.0189362e-09,0,0,1.2490602e-05,1.2490602e-05,7.1498677e-16,7.1498677e-16,3.0217753e-09,3.0217753e-09,3.0217753e-09,3.0217753e-09,2.8648689e-18,2.8648689e-18,-5.1107305e-08,-5.1107305e-08,-9.0189362e-09,-9.0189362e-09,-5.1107305e-08,-5.1107305e-08,-9.0189362e-09,-9.0189362e-09,-2.555704e-17,-2.555704e-17,1.2016676e-17,1.2016676e-17,-6.0126242e-08,-6.0126242e-08,-1.3357824e-17,-1.3357824e-17,8.1143126e-10,8.1143126e-10,3.9712257e-18,3.9712257e-18,1.2481583e-05,1.2481583e-05,9.0189369e-09,9.0189369e-09,1.2481583e-05,1.2481583e-05,9.0189369e-09,9.0189369e-09,1.2490602e-05,1.2490602e-05,7.1342289e-16,7.1342289e-16,1.2430475e-05,1.2430475e-05,1.2430475e-05,1.2430475e-05,-9.0189362e-09,-9.0189362e-09,3.7301085e-13,3.7301085e-13,2.0525455e-18,2.0525455e-18,4.7505387e-10,4.7505387e-10,-4.7468085e-10,-4.7468085e-10,1.2490638e-05,1.2490638e-05,7.1806697e-16,7.1806697e-16,0.013367892,0.013367892,4.5249277e-14,4.5249277e-14,0.0066839369,0.0066839369,2.2607154e-14,2.2607154e-14,1.2430475e-05,1.2430475e-05,6.0126242e-08,6.0126242e-08,2.4860951e-06,2.4860951e-06,1.3781956e-16,1.3781956e-16,-1.7587707e-14,-1.7587707e-14,1.7587488e-14,1.7587488e-14,-9.8357656e-20,-9.8357656e-20,-6.6864615e-19,-6.6864615e-19,-6.0937674e-08,-6.0937674e-08,-2.0980703e-19,-2.0980703e-19,8.6955904e-19,8.6955904e-19,-2.5070034e-18,-2.5070034e-18,-6.0937674e-08,-6.0937674e-08,1.5042136e-10,1.5042136e-10,2.7802641e-34,2.7802641e-34
1.2433482e-05,1.2433482e-05,-1.2433482e-05,-1.2433482e-05,-5.4485903e-16,-5.4485903e-16,-7.3059822e-16,-7.3059822e-16,-1.2433482e-05,-1.2433482e-05,-4.922087e-08,-4.922087e-08,-8.5679894e-09,-8.5679894e-09,-4.9112566e-08,-4.9112566e-08,-8.5679894e-09,-8.5679894e-09,0,0,1.2490602e-05,1.2490602e-05,7.1639495e-16,7.1639495e-16,2.8706866e-09,2.8706866e-09,2.8706866e-09,2.8706866e-09,2.8649142e-18,2.8649142e-18,-4.855194e-08,-4.855194e-08,-8.5679894e-09,-8.5679894e-09,-4.855194e-08,-4.855194e-08,-8.5679894e-09,-8.5679894e-09,-2.5854637e-17,-2.5854637e-17,1.2153401e-17,1.2153401e-17,-5.711993e-08,-5.711993e-08,-1.3518696e-17,-1.3518696e-17,7.7085963e-10,7.7085963e-10,3.8104323e-18,3.8104323e-18,1.2482034e-05,1.2482034e-05,8.5679901e-09,8.5679901e-09,1.2482034e-05,1.2482034e-05,8.5679901e-09,8.5679901e-09,1.2490602e-05,1.2490602e-05,7.1483107e-16,7.1483107e-16,1.2433482e-05,1.2433482e-05,1.2433482e-05,1.2433482e-05,-8.5679894e-09,-8.5679894e-09,3.5436023e-13,3.5436023e-13,2.0525761e-18,2.0525761e-18,4.5130117e-10,4.5130117e-10,-4.5094681e-10,-4.5094681e-10,1.2490637e-05,1.2490637e-05,7.1947524e-16,7.1947524e-16,0.013367891,0.013367891,4.5337152e-14,4.5337152e-14,0.0066839369,0.0066839369,2.2650538e-14,2.2650538e-14,1.2433482e-05,1.2433482e-05,5.711993e-08,5.711993e-08,2.4866964e-06,2.4866964e-06,1.3806901e-16,1.3806901e-16,-1.7651939e-14,-1.7651939e-14,1.765172e-14,1.765172e-14,-9.8551918e-20,-9.8551918e-20,-6.6864564e-19,-6.6864564e-19,-5.7890791e-08,-5.7890791e-08,-2.0988685e-19,-2.0988685e-19,8.6956026e-19,8.6956026e-19,-2.5070092e-18,-2.5070092e-18,-5.7890791e-08,-5.7890791e-08,1.4891714e-10,1.4891714e-10,2.7803544e-34,2.7803544e-34
1.2436338e-05,1.2436338e-05,-1.2436338e-05,-1.2436338e-05,-5.4428135e-16,-5.4428135e-16,-7.3216729e-16,-7.3216729e-16,-1.2436338e-05,-1.2436338e-05,-4.6764158e-08,-4.6764158e-08,-8.1395899e-09,-8.1395899e-09,-4.6656938e-08,-4.6656938e-08,-8.1395899e-09,-8.1395899e-09,0,0,1.2490602e-05,1.2490602e-05,7.1780316e-16,7.1780316e-16,2.7271522e-09,2.7271522e-09,2.7271522e-09,2.7271522e-09,2.8649583e-18,2.8649583e-18,-4.6124343e-08,-4.6124343e-08,-8.1395899e-09,-8.1395899e-09,-4.6124343e-08,-4.6124343e-08,-8.1395899e-09,-8.1395899e-09,-2.6152262e-17,-2.6152262e-17,1.229014e-17,1.229014e-17,-5.4263933e-08,-5.4263933e-08,-1.3679581e-17,-1.3679581e-17,7.3231657e-10,7.3231657e-10,3.6496223e-18,3.6496223e-18,1.2482463e-05,1.2482463e-05,8.1395907e-09,8.1395907e-09,1.2482463e-05,1.2482463e-05,8.1395907e-09,8.1395907e-09,1.2490602e-05,1.2490602e-05,7.1623927e-16,7.1623927e-16,1.2436338e-05,1.2436338e-05,1.2436338e-05,1.2436338e-05,-8.1395899e-09,-8.1395899e-09,3.3664215e-13,3.3664215e-13,2.0526059e-18,2.0526059e-18,4.2873612e-10,4.2873612e-10,-4.2839947e-10,-4.2839947e-10,1.2490636e-05,1.2490636e-05,7.2088354e-16,7.2088354e-16,0.01336789,0.01336789,4.5425028e-14,4.5425028e-14,0.0066839369,0.0066839369,2.2693922e-14,2.2693922e-14,1.2436338e-05,1.2436338e-05,5.4263934e-08,5.4263934e-08,2.4872677e-06,2.4872677e-06,1.3831847e-16,1.3831847e-16,-1.7716173e-14,-1.7716173e-14,1.7715953e-14,1.7715953e-14,-9.8741716e-20,-9.8741716e-20,-6.6864516e-19,-6.6864516e-19,-5.4996251e-08,-5.4996251e-08,-2.0996297e-19,-2.0996297e-19,8.6956141e-19,8.6956141e-19,-2.5070147e-18,-2.5070147e-18,-5.4996251e-08,-5.4996251e-08,1.4742797e-10,1.4742797e-10,2.7804423e-34,2.7804423e-34
1.2439052e-05,1.2439052e-05,-1.2439052e-05,-1.2439052e-05,-5.4370706e-16,-5.4370706e-16,-7.3373641e-16,-7.3373641e-16,-1.2439052e-05,-1.2439052e-05,-4.4430239e-08,-4.4430239e-08,-7.7326104e-09,-7.7326104e-09,-4.4324091e-08,-4.4324091e-08,-7.7326104e-09,-7.7326104e-09,0,0,1.2490603e-05,1.2490603e-05,7.192114e-16,7.192114e-16,2.5907946e-09,2.5907946e-09,2.5907946e-09,2.5907946e-09,2.8650013e-18,2.8650013e-18,-4.3818126e-08,-4.3818126e-08,-7.7326104e-09,-7.7326104e-09,-4.3818126e-08,-4.3818126e-08,-7.7326104e-09,-7.7326104e-09,-2.6449913e-17,-2.6449913e-17,1.2426893e-17,1.2426893e-17,-5.1550736e-08,-5.1550736e-08,-1.3840479e-17,-1.3840479e-17,6.9570068e-10,6.9570068e-10,3.4887959e-18,3.4887959e-18,1.248287e-05,1.248287e-05,7.7326112e-09,7.7326112e-09,1.248287e-05,1.248287e-05,7.7326112e-09,7.7326112e-09,1.2490603e-05,1.2490603e-05,7.1764751e-16,7.1764751e-16,1.2439052e-05,1.2439052e-05,1.2439052e-05,1.2439052e-05,-7.7326104e-09,-7.7326104e-09,3.1980997e-13,3.1980997e-13,2.052635e-18,2.052635e-18,4.0729931e-10,4.0729931e-10,-4.069795e-10,-4.069795e-10,1.2490634e-05,1.2490634e-05,7.2229186e-16,7.2229186e-16,0.01336789,0.01336789,4.5512906e-14,4.5512906e-14,0.006683937,0.006683937,2.2737307e-14,2.2737307e-14,1.2439052e-05,1.2439052e-05,5.1550737e-08,5.1550737e-08,2.4878104e-06,2.4878104e-06,1.3856793e-16,1.3856793e-16,-1.7780408e-14,-1.7780408e-14,1.7780187e-14,1.7780187e-14,-9.8927152e-20,-9.8927152e-20,-6.686447e-19,-6.686447e-19,-5.2246439e-08,-5.2246439e-08,-2.1003556e-19,-2.1003556e-19,8.6956251e-19,8.6956251e-19,-2.50702e-18,-2.50702e-18,-5.2246439e-08,-5.2246439e-08,1.4595369e-10,1.4595369e-10,2.7805279e-34,2.7805279e-34
1.244163e-05,1.244163e-05,-1.244163e-05,-1.244163e-05,-5.4312769e-16,-5.4312769e-16,-7.3530558e-16,-7.3530558e-16,-1.244163e-05,-1.244163e-05,-4.2212973e-08,-4.2212973e-08,-7.3459799e-09,-7.3459799e-09,-4.2107887e-08,-4.2107887e-08,-7.3459799e-09,-7.3459799e-09,0,0,1.2490603e-05,1.2490603e-05,7.2061966e-16,7.2061966e-16,2.4612549e-09,2.4612549e-09,2.4612549e-09,2.4612549e-09,2.8650432e-18,2.8650432e-18,-4.162722e-08,-4.162722e-08,-7.3459799e-09,-7.3459799e-09,-4.162722e-08,-4.162722e-08,-7.3459799e-09,-7.3459799e-09,-2.6747589e-17,-2.6747589e-17,1.2563659e-17,1.2563659e-17,-4.89732e-08,-4.89732e-08,-1.400139e-17,-1.400139e-17,6.6091557e-10,6.6091557e-10,3.3279538e-18,3.3279538e-18,1.2483257e-05,1.2483257e-05,7.3459806e-09,7.3459806e-09,1.2483257e-05,1.2483257e-05,7.3459806e-09,7.3459806e-09,1.2490603e-05,1.2490603e-05,7.1905577e-16,7.1905577e-16,1.244163e-05,1.244163e-05,1.244163e-05,1.244163e-05,-7.3459799e-09,-7.3459799e-09,3.038194e-13,3.038194e-13,2.0526632e-18,2.0526632e-18,3.8693434e-10,3.8693434e-10,-3.8663052e-10,-3.8663052e-10,1.2490633e-05,1.2490633e-05,7.237002e-16,7.237002e-16,0.013367889,0.013367889,4.5600785e-14,4.5600785e-14,0.006683937,0.006683937,2.2780693e-14,2.2780693e-14,1.244163e-05,1.244163e-05,4.89732e-08,4.89732e-08,2.4883259e-06,2.4883259e-06,1.388174e-16,1.388174e-16,-1.7844643e-14,-1.7844643e-14,1.7844421e-14,1.7844421e-14,-9.9108328e-20,-9.9108328e-20,-6.6864427e-19,-6.6864427e-19,-4.9634117e-08,-4.9634117e-08,-2.1010478e-19,-2.1010478e-19,8.6956355e-19,8.6956355e-19,-2.5070249e-18,-2.5070249e-18,-4.9634117e-08,-4.9634117e-08,1.4449416e-10,1.4449416e-10,2.7806113e-34,2.7806113e-34
1.2444079e-05,1.2444079e-05,-1.2444079e-05,-1.2444079e-05,-5.425534e-16,-5.425534e-16,-7.3687478e-16,-7.3687478e-16,-1.2444079e-05,-1.2444079e-05,-4.0106528e-08,-4.0106528e-08,-6.9786809e-09,-6.9786809e-09,-4.0002492e-08,-4.0002492e-08,-6.9786809e-09,-6.9786809e-09,0,0,1.2490603e-05,1.2490603e-05,7.2202795e-16,7.2202795e-16,2.3381922e-09,2.3381922e-09,2.3381921e-09,2.3381921e-09,2.865084e-18,2.865084e-18,-3.9545859e-08,-3.9545859e-08,-6.9786809e-09,-6.9786809e-09,-3.9545859e-08,-3.9545859e-08,-6.9786809e-09,-6.9786809e-09,-2.7045291e-17,-2.7045291e-17,1.2700437e-17,1.2700437e-17,-4.652454e-08,-4.652454e-08,-1.4162313e-17,-1.4162313e-17,6.2786972e-10,6.2786972e-10,3.1670961e-18,3.1670961e-18,1.2483624e-05,1.2483624e-05,6.9786816e-09,6.9786816e-09,1.2483624e-05,1.2483624e-05,6.9786816e-09,6.9786816e-09,1.2490603e-05,1.2490603e-05,7.2046406e-16,7.2046406e-16,1.2444079e-05,1.2444079e-05,1.2444079e-05,1.2444079e-05,-6.9786809e-09,-6.9786809e-09,2.8862836e-13,2.8862836e-13,2.0526907e-18,2.0526907e-18,3.6758763e-10,3.6758763e-10,-3.67299e-10,-3.67299e-10,1.2490632e-05,1.2490632e-05,7.2510858e-16,7.2510858e-16,0.013367888,0.013367888,4.5688666e-14,4.5688666e-14,0.0066839371,0.0066839371,2.282408e-14,2.282408e-14,1.2444079e-05,1.2444079e-05,4.652454e-08,4.652454e-08,2.4888157e-06,2.4888157e-06,1.3906687e-16,1.3906687e-16,-1.790888e-14,-1.790888e-14,1.7908657e-14,1.7908657e-14,-9.9285341e-20,-9.9285341e-20,-6.6864385e-19,-6.6864385e-19,-4.7152411e-08,-4.7152411e-08,-2.1017079e-19,-2.1017079e-19,8.6956454e-19,8.6956454e-19,-2.5070297e-18,-2.5070297e-18,-4.7152411e-08,-4.7152411e-08,1.4304921e-10,1.4304921e-10,2.7806925e-34,2.7806925e-34
1.2446405e-05,1.2446405e-05,-1.2446405e-05,-1.2446405e-05,-5.4197742e-16,-5.4197742e-16,-7.3844403e-16,-7.3844403e-16,-1.2446405e-05,-1.2446405e-05,-3.8105363e-08,-3.8105363e-08,-6.6297468e-09,-6.6297468e-09,-3.8002368e-08,-3.8002368e-08,-6.6297468e-09,-6.6297468e-09,0,0,1.2490603e-05,1.2490603e-05,7.2343627e-16,7.2343627e-16,2.2212825e-09,2.2212825e-09,2.2212825e-09,2.2212825e-09,2.8651237e-18,2.8651237e-18,-3.7568566e-08,-3.7568566e-08,-6.6297469e-09,-6.6297469e-09,-3.7568566e-08,-3.7568566e-08,-6.6297469e-09,-6.6297469e-09,-2.7343017e-17,-2.7343017e-17,1.2837228e-17,1.2837228e-17,-4.4198313e-08,-4.4198313e-08,-1.4323248e-17,-1.4323248e-17,5.9647617e-10,5.9647617e-10,3.0062233e-18,3.0062233e-18,1.2483974e-05,1.2483974e-05,6.6297476e-09,6.6297476e-09,1.2483974e-05,1.2483974e-05,6.6297476e-09,6.6297476e-09,1.2490603e-05,1.2490603e-05,7.2187237e-16,7.2187237e-16,1.2446405e-05,1.2446405e-05,1.2446405e-05,1.2446405e-05,-6.6297469e-09,-6.6297469e-09,2.7419687e-13,2.7419687e-13,2.0527176e-18,2.0527176e-18,3.4920825e-10,3.4920825e-10,-3.4893405e-10,-3.4893405e-10,1.2490631e-05,1.2490631e-05,7.2651697e-16,7.2651697e-16,0.013367888,0.013367888,4.5776549e-14,4.5776549e-14,0.0066839371,0.0066839371,2.2867468e-14,2.2867468e-14,1.2446405e-05,1.2446405e-05,4.4198313e-08,4.4198313e-08,2.489281e-06,2.489281e-06,1.3931634e-16,1.3931634e-16,-1.7973118e-14,-1.7973118e-14,1.7972894e-14,1.7972894e-14,-9.9458285e-20,-9.9458285e-20,-6.6864346e-19,-6.6864346e-19,-4.479479e-08,-4.479479e-08,-2.1023374e-19,-2.1023374e-19,8.6956548e-19,8.6956548e-19,-2.5070342e-18,-2.5070342e-18,-4.479479e-08,-4.479479e-08,1.4161872e-10,1.4161872e-10,2.7807715e-34,2.7807715e-34
1.2448615e-05,1.2448615e-05,-1.2448615e-05,-1.2448615e-05,-5.4139974e-16,-5.4139974e-16,-7.4001332e-16,-7.4001332e-16,-1.2448615e-05,-1.2448615e-05,-3.6204215e-08,-3.6204215e-08,-6.2982595e-09,-6.2982595e-09,-3.6102249e-08,-3.6102249e-08,-6.2982595e-09,-6.2982595e-09,0,0,1.2490604e-05,1.2490604e-05,7.2484461e-16,7.2484461e-16,2.1102184e-09,2.1102184e-09,2.1102184e-09,2.1102184e-09,2.8651625e-18,2.8651625e-18,-3.5690138e-08,-3.5690138e-08,-6.2982595e-09,-6.2982595e-09,-3.5690137e-08,-3.5690137e-08,-6.2982595e-09,-6.2982595e-09,-2.7640767e-17,-2.7640767e-17,1.2974031e-17,1.2974031e-17,-4.1988397e-08,-4.1988397e-08,-1.4484195e-17,-1.4484195e-17,5.6665229e-10,5.6665229e-10,2.8453357e-18,2.8453357e-18,1.2484305e-05,1.2484305e-05,6.2982603e-09,6.2982603e-09,1.2484305e-05,1.2484305e-05,6.2982603e-09,6.2982603e-09,1.2490604e-05,1.2490604e-05,7.2328072e-16,7.2328072e-16,1.2448615e-05,1.2448615e-05,1.2448615e-05,1.2448615e-05,-6.2982595e-09,-6.2982595e-09,2.6048695e-13,2.6048695e-13,2.0527437e-18,2.0527437e-18,3.3174783e-10,3.3174783e-10,-3.3148734e-10,-3.3148734e-10,1.2490629e-05,1.2490629e-05,7.279254e-16,7.279254e-16,0.013367887,0.013367887,4.5864432e-14,4.5864432e-14,0.0066839371,0.0066839371,2.2910856e-14,2.2910856e-14,1.2448615e-05,1.2448615e-05,4.1988398e-08,4.1988398e-08,2.4897231e-06,2.4897231e-06,1.3956581e-16,1.3956581e-16,-1.8037356e-14,-1.8037356e-14,1.8037131e-14,1.8037131e-14,-9.9627256e-20,-9.9627256e-20,-6.6864309e-19,-6.6864309e-19,-4.2555051e-08,-4.2555051e-08,-2.1029377e-19,-2.1029377e-19,8.6956638e-19,8.6956638e-19,-2.5070384e-18,-2.5070384e-18,-4.2555051e-08,-4.2555051e-08,1.4020254e-10,1.4020254e-10,2.7808484e-34,2.7808484e-34
1.2450715e-05,1.2450715e-05,-1.2450715e-05,-1.2450715e-05,-5.4082376e-16,-5.4082376e-16,-7.4158265e-16,-7.4158265e-16,-1.2450715e-05,-1.2450715e-05,-3.4398083e-08,-3.4398083e-08,-5.9833465e-09,-5.9833465e-09,-3.4297137e-08,-3.4297137e-08,-5.9833465e-09,-5.9833465e-09,0,0,1.2490604e-05,1.2490604e-05,7.2625298e-16,7.2625298e-16,2.0047075e-09,2.0047075e-09,2.0047075e-09,2.0047075e-09,2.8652002e-18,2.8652002e-18,-3.3905631e-08,-3.3905631e-08,-5.9833465e-09,-5.9833465e-09,-3.3905631e-08,-3.3905631e-08,-5.9833465e-09,-5.9833465e-09,-2.793854e-17,-2.793854e-17,1.3110846e-17,1.3110846e-17,-3.9888977e-08,-3.9888977e-08,-1.4645153e-17,-1.4645153e-17,5.383196e-10,5.383196e-10,2.6844338e-18,2.6844338e-18,1.2484621e-05,1.2484621e-05,5.9833473e-09,5.9833473e-09,1.2484621e-05,1.2484621e-05,5.9833473e-09,5.9833473e-09,1.2490604e-05,1.2490604e-05,7.2468908e-16,7.2468908e-16,1.2450715e-05,1.2450715e-05,1.2450715e-05,1.2450715e-05,-5.9833466e-09,-5.9833466e-09,2.4746253e-13,2.4746253e-13,2.0527691e-18,2.0527691e-18,3.1516044e-10,3.1516044e-10,-3.1491298e-10,-3.1491298e-10,1.2490628e-05,1.2490628e-05,7.2933384e-16,7.2933384e-16,0.013367886,0.013367886,4.5952318e-14,4.5952318e-14,0.0066839371,0.0066839371,2.2954244e-14,2.2954244e-14,1.2450715e-05,1.2450715e-05,3.9888978e-08,3.9888978e-08,2.490143e-06,2.490143e-06,1.3981529e-16,1.3981529e-16,-1.8101595e-14,-1.8101595e-14,1.810137e-14,1.810137e-14,-9.9792343e-20,-9.9792343e-20,-6.6864273e-19,-6.6864273e-19,-4.0427298e-08,-4.0427298e-08,-2.1035101e-19,-2.1035101e-19,8.6956723e-19,8.6956723e-19,-2.5070425e-18,-2.5070425e-18,-4.0427298e-08,-4.0427298e-08,1.3880051e-10,1.3880051e-10,2.7809234e-34,2.7809234e-34
1.245271e-05,1.245271e-05,-1.245271e-05,-1.245271e-05,-5.4024778e-16,-5.4024778e-16,-7.4315201e-16,-7.4315201e-16,-1.245271e-05,-1.245271e-05,-3.2682216e-08,-3.2682216e-08,-5.6841792e-09,-5.6841792e-09,-3.258228e-08,-3.258228e-08,-5.6841792e-09,-5.6841792e-09,0,0,1.2490604e-05,1.2490604e-05,7.2766137e-16,7.2766137e-16,1.9044721e-09,1.9044721e-09,1.9044721e-09,1.9044721e-09,2.865237e-18,2.865237e-18,-3.2210349e-08,-3.2210349e-08,-5.6841792e-09,-5.6841792e-09,-3.2210349e-08,-3.2210349e-08,-5.6841792e-09,-5.6841792e-09,-2.8236336e-17,-2.8236336e-17,1.3247672e-17,1.3247672e-17,-3.7894528e-08,-3.7894528e-08,-1.4806123e-17,-1.4806123e-17,5.1140355e-10,5.1140355e-10,2.5235178e-18,2.5235178e-18,1.248492e-05,1.248492e-05,5.6841799e-09,5.6841799e-09,1.248492e-05,1.248492e-05,5.6841799e-09,5.6841799e-09,1.2490604e-05,1.2490604e-05,7.2609748e-16,7.2609748e-16,1.245271e-05,1.245271e-05,1.245271e-05,1.245271e-05,-5.6841792e-09,-5.6841792e-09,2.3508933e-13,2.3508933e-13,2.0527939e-18,2.0527939e-18,2.9940242e-10,2.9940242e-10,-2.9916733e-10,-2.9916733e-10,1.2490627e-05,1.2490627e-05,7.3074231e-16,7.3074231e-16,0.013367886,0.013367886,4.6040204e-14,4.6040204e-14,0.0066839372,0.0066839372,2.2997634e-14,2.2997634e-14,1.245271e-05,1.245271e-05,3.7894529e-08,3.7894529e-08,2.4905419e-06,2.4905419e-06,1.4006477e-16,1.4006477e-16,-1.8165835e-14,-1.8165835e-14,1.8165609e-14,1.8165609e-14,-9.9953637e-20,-9.9953637e-20,-6.686424e-19,-6.686424e-19,-3.8405933e-08,-3.8405933e-08,-2.1040559e-19,-2.1040559e-19,8.6956803e-19,8.6956803e-19,-2.5070463e-18,-2.5070463e-18,-3.8405933e-08,-3.8405933e-08,1.374125e-10,1.374125e-10,2.7809964e-34,2.7809964e-34
1.2454605e-05,1.2454605e-05,-1.2454605e-05,-1.2454605e-05,-5.396701e-16,-5.396701e-16,-7.4472141e-16,-7.4472141e-16,-1.2454605e-05,-1.2454605e-05,-3.1052103e-08,-3.1052103e-08,-5.3999702e-09,-5.3999702e-09,-3.0953166e-08,-3.0953166e-08,-5.3999702e-09,-5.3999702e-09,0,0,1.2490604e-05,1.2490604e-05,7.2906979e-16,7.2906979e-16,1.8092485e-09,1.8092485e-09,1.8092485e-09,1.8092485e-09,2.8652728e-18,2.8652728e-18,-3.0599832e-08,-3.0599832e-08,-5.3999702e-09,-5.3999702e-09,-3.0599832e-08,-3.0599832e-08,-5.3999703e-09,-5.3999703e-09,-2.8534155e-17,-2.8534155e-17,1.3384509e-17,1.3384509e-17,-3.5999802e-08,-3.5999802e-08,-1.4967104e-17,-1.4967104e-17,4.858333e-10,4.858333e-10,2.3625881e-18,2.3625881e-18,1.2485204e-05,1.2485204e-05,5.399971e-09,5.399971e-09,1.2485204e-05,1.2485204e-05,5.399971e-09,5.399971e-09,1.2490604e-05,1.2490604e-05,7.2750589e-16,7.2750589e-16,1.2454605e-05,1.2454605e-05,1.2454605e-05,1.2454605e-05,-5.3999703e-09,-5.3999703e-09,2.2333479e-13,2.2333479e-13,2.052818e-18,2.052818e-18,2.844323e-10,2.844323e-10,-2.8420896e-10,-2.8420896e-10,1.2490627e-05,1.2490627e-05,7.3215079e-16,7.3215079e-16,0.013367885,0.013367885,4.6128092e-14,4.6128092e-14,0.0066839372,0.0066839372,2.3041024e-14,2.3041024e-14,1.2454605e-05,1.2454605e-05,3.5999802e-08,3.5999802e-08,2.4909209e-06,2.4909209e-06,1.4031426e-16,1.4031426e-16,-1.8230077e-14,-1.8230077e-14,1.8229849e-14,1.8229849e-14,-1.0011122e-19,-1.0011122e-19,-6.6864208e-19,-6.6864208e-19,-3.6485637e-08,-3.6485637e-08,-2.1045764e-19,-2.1045764e-19,8.695688e-19,8.695688e-19,-2.50705e-18,-2.50705e-18,-3.6485637e-08,-3.6485637e-08,1.3603838e-10,1.3603838e-10,2.7810675e-34,2.7810675e-34
1.2456405e-05,1.2456405e-05,-1.2456405e-05,-1.2456405e-05,-5.3909243e-16,-5.3909243e-16,-7.4629085e-16,-7.4629085e-16,-1.2456405e-05,-1.2456405e-05,-2.9503455e-08,-2.9503455e-08,-5.1299717e-09,-5.1299717e-09,-2.9405508e-08,-2.9405508e-08,-5.1299717e-09,-5.1299717e-09,0,0,1.2490605e-05,1.2490605e-05,7.3047823e-16,7.3047823e-16,1.7187861e-09,1.7187861e-09,1.7187861e-09,1.7187861e-09,2.8653077e-18,2.8653077e-18,-2.906984e-08,-2.906984e-08,-5.1299717e-09,-5.1299717e-09,-2.906984e-08,-2.906984e-08,-5.1299717e-09,-5.1299717e-09,-2.8831996e-17,-2.8831996e-17,1.3521358e-17,1.3521358e-17,-3.4199812e-08,-3.4199812e-08,-1.5128097e-17,-1.5128097e-17,4.6154157e-10,4.6154157e-10,2.201645e-18,2.201645e-18,1.2485475e-05,1.2485475e-05,5.1299725e-09,5.1299725e-09,1.2485475e-05,1.2485475e-05,5.1299725e-09,5.1299725e-09,1.2490605e-05,1.2490605e-05,7.2891433e-16,7.2891433e-16,1.2456405e-05,1.2456405e-05,1.2456405e-05,1.2456405e-05,-5.1299717e-09,-5.1299717e-09,2.1216798e-13,2.1216798e-13,2.0528415e-18,2.0528415e-18,2.7021068e-10,2.7021068e-10,-2.6999851e-10,-2.6999851e-10,1.2490626e-05,1.2490626e-05,7.335593e-16,7.335593e-16,0.013367885,0.013367885,4.6215981e-14,4.6215981e-14,0.0066839372,0.0066839372,2.3084415e-14,2.3084415e-14,1.2456405e-05,1.2456405e-05,3.4199812e-08,3.4199812e-08,2.491281e-06,2.491281e-06,1.4056374e-16,1.4056374e-16,-1.8294318e-14,-1.8294318e-14,1.8294091e-14,1.8294091e-14,-1.0026519e-19,-1.0026519e-19,-6.6864178e-19,-6.6864178e-19,-3.4661355e-08,-3.4661355e-08,-2.1050727e-19,-2.1050727e-19,8.6956953e-19,8.6956953e-19,-2.5070535e-18,-2.5070535e-18,-3.4661355e-08,-3.4661355e-08,1.34678e-10,1.34678e-10,2.7811367e-34,2.7811367e-34
1.2458115e-05,1.2458115e-05,-1.2458115e-05,-1.2458115e-05,-5.3851644e-16,-5.3851644e-16,-7.4786033e-16,-7.4786033e-16,-1.2458115e-05,-1.2458115e-05,-2.80322e-08,-2.80322e-08,-4.8734731e-09,-4.8734731e-09,-2.7935232e-08,-2.7935232e-08,-4.8734731e-09,-4.8734731e-09,0,0,1.2490605e-05,1.2490605e-05,7.3188669e-16,7.3188669e-16,1.6328468e-09,1.6328468e-09,1.6328468e-09,1.6328468e-09,2.8653417e-18,2.8653417e-18,-2.7616348e-08,-2.7616348e-08,-4.8734731e-09,-4.8734731e-09,-2.7616348e-08,-2.7616348e-08,-4.8734732e-09,-4.8734732e-09,-2.9129858e-17,-2.9129858e-17,1.3658217e-17,1.3658217e-17,-3.2489821e-08,-3.2489821e-08,-1.5289099e-17,-1.5289099e-17,4.3846442e-10,4.3846442e-10,2.0406888e-18,2.0406888e-18,1.2485731e-05,1.2485731e-05,4.8734739e-09,4.8734739e-09,1.2485731e-05,1.2485731e-05,4.8734739e-09,4.8734739e-09,1.2490605e-05,1.2490605e-05,7.3032279e-16,7.3032279e-16,1.2458115e-05,1.2458115e-05,1.2458115e-05,1.2458115e-05,-4.8734732e-09,-4.8734732e-09,2.0155951e-13,2.0155951e-13,2.0528644e-18,2.0528644e-18,2.5670015e-10,2.5670015e-10,-2.5649859e-10,-2.5649859e-10,1.2490625e-05,1.2490625e-05,7.3496784e-16,7.3496784e-16,0.013367884,0.013367884,4.6303872e-14,4.6303872e-14,0.0066839373,0.0066839373,2.3127806e-14,2.3127806e-14,1.2458115e-05,1.2458115e-05,3.2489822e-08,3.2489822e-08,2.491623e-06,2.491623e-06,1.4081323e-16,1.4081323e-16,-1.8358561e-14,-1.8358561e-14,1.8358332e-14,1.8358332e-14,-1.0041561e-19,-1.0041561e-19,-6.6864149e-19,-6.6864149e-19,-3.2928287e-08,-3.2928287e-08,-2.1055459e-19,-2.1055459e-19,8.6957022e-19,8.6957022e-19,-2.5070568e-18,-2.5070568e-18,-3.2928287e-08,-3.2928287e-08,1.3333122e-10,1.3333122e-10,2.7812042e-34,2.7812042e-34
1.245974e-05,1.245974e-05,-1.245974e-05,-1.245974e-05,-5.3793877e-16,-5.3793877e-16,-7.4942983e-16,-7.4942983e-16,-1.245974e-05,-1.245974e-05,-2.6634469e-08,-2.6634469e-08,-4.6297995e-09,-4.6297995e-09,-2.6538471e-08,-2.6538471e-08,-4.6297995e-09,-4.6297995e-09,0,0,1.2490605e-05,1.2490605e-05,7.3329518e-16,7.3329518e-16,1.5512044e-09,1.5512044e-09,1.5512044e-09,1.5512044e-09,2.8653749e-18,2.8653749e-18,-2.6235531e-08,-2.6235531e-08,-4.6297995e-09,-4.6297995e-09,-2.6235531e-08,-2.6235531e-08,-4.6297995e-09,-4.6297995e-09,-2.942774e-17,-2.942774e-17,1.3795086e-17,1.3795086e-17,-3.086533e-08,-3.086533e-08,-1.5450113e-17,-1.5450113e-17,4.1654113e-10,4.1654113e-10,1.8797199e-18,1.8797199e-18,1.2485975e-05,1.2485975e-05,4.6298002e-09,4.6298002e-09,1.2485975e-05,1.2485975e-05,4.6298002e-09,4.6298002e-09,1.2490605e-05,1.2490605e-05,7.3173128e-16,7.3173128e-16,1.245974e-05,1.245974e-05,1.245974e-05,1.245974e-05,-4.6297995e-09,-4.6297995e-09,1.9148146e-13,1.9148146e-13,2.0528867e-18,2.0528867e-18,2.4386514e-10,2.4386514e-10,-2.4367366e-10,-2.4367366e-10,1.2490624e-05,1.2490624e-05,7.3637639e-16,7.3637639e-16,0.013367884,0.013367884,4.6391764e-14,4.6391764e-14,0.0066839373,0.0066839373,2.3171198e-14,2.3171198e-14,1.245974e-05,1.245974e-05,3.0865331e-08,3.0865331e-08,2.4919479e-06,2.4919479e-06,1.4106272e-16,1.4106272e-16,-1.8422805e-14,-1.8422805e-14,1.8422575e-14,1.8422575e-14,-1.0056258e-19,-1.0056258e-19,-6.6864121e-19,-6.6864121e-19,-3.1281873e-08,-3.1281873e-08,-2.1059971e-19,-2.1059971e-19,8.6957088e-19,8.6957088e-19,-2.5070599e-18,-2.5070599e-18,-3.1281873e-08,-3.1281873e-08,1.319979e-10,1.319979e-10,2.7812699e-34,2.7812699e-34
1.2461283e-05,1.2461283e-05,-1.2461283e-05,-1.2461283e-05,-5.373594e-16,-5.373594e-16,-7.5099937e-16,-7.5099937e-16,-1.2461283e-05,-1.2461283e-05,-2.5306586e-08,-2.5306586e-08,-4.3983095e-09,-4.3983095e-09,-2.5211547e-08,-2.5211547e-08,-4.3983095e-09,-4.3983095e-09,0,0,1.2490605e-05,1.2490605e-05,7.3470369e-16,7.3470369e-16,1.4736442e-09,1.4736442e-09,1.4736442e-09,1.4736442e-09,2.8654072e-18,2.8654072e-18,-2.4923754e-08,-2.4923754e-08,-4.3983095e-09,-4.3983095e-09,-2.4923754e-08,-2.4923754e-08,-4.3983095e-09,-4.3983095e-09,-2.9725644e-17,-2.9725644e-17,1.3931965e-17,1.3931965e-17,-2.9322064e-08,-2.9322064e-08,-1.5611137e-17,-1.5611137e-17,3.95714e-10,3.95714e-10,1.7187385e-18,1.7187385e-18,1.2486207e-05,1.2486207e-05,4.3983103e-09,4.3983103e-09,1.2486207e-05,1.2486207e-05,4.3983103e-09,4.3983103e-09,1.2490605e-05,1.2490605e-05,7.3313978e-16,7.3313978e-16,1.2461283e-05,1.2461283e-05,1.2461283e-05,1.2461283e-05,-4.3983095e-09,-4.3983095e-09,1.8190732e-13,1.8190732e-13,2.0529085e-18,2.0529085e-18,2.3167189e-10,2.3167189e-10,-2.3148997e-10,-2.3148997e-10,1.2490623e-05,1.2490623e-05,7.3778496e-16,7.3778496e-16,0.013367884,0.013367884,4.6479657e-14,4.6479657e-14,0.0066839373,0.0066839373,2.321459e-14,2.321459e-14,1.2461283e-05,1.2461283e-05,2.9322064e-08,2.9322064e-08,2.4922566e-06,2.4922566e-06,1.4131222e-16,1.4131222e-16,-1.8487049e-14,-1.8487049e-14,1.8486818e-14,1.8486818e-14,-1.0070617e-19,-1.0070617e-19,-6.6864095e-19,-6.6864095e-19,-2.9717779e-08,-2.9717779e-08,-2.1064274e-19,-2.1064274e-19,8.695715e-19,8.695715e-19,-2.5070629e-18,-2.5070629e-18,-2.9717779e-08,-2.9717779e-08,1.3067792e-10,1.3067792e-10,2.7813339e-34,2.7813339e-34
1.2462749e-05,1.2462749e-05,-1.2462749e-05,-1.2462749e-05,-5.3678341e-16,-5.3678341e-16,-7.5256895e-16,-7.5256895e-16,-1.2462749e-05,-1.2462749e-05,-2.4045058e-08,-2.4045058e-08,-4.178394e-09,-4.178394e-09,-2.395097e-08,-2.395097e-08,-4.178394e-09,-4.178394e-09,0,0,1.2490605e-05,1.2490605e-05,7.3611221e-16,7.3611221e-16,1.399962e-09,1.399962e-09,1.399962e-09,1.399962e-09,2.8654387e-18,2.8654387e-18,-2.3677566e-08,-2.3677566e-08,-4.178394e-09,-4.178394e-09,-2.3677566e-08,-2.3677566e-08,-4.178394e-09,-4.178394e-09,-3.0023567e-17,-3.0023567e-17,1.4068854e-17,1.4068854e-17,-2.785596e-08,-2.785596e-08,-1.5772171e-17,-1.5772171e-17,3.7592823e-10,3.7592823e-10,1.5577449e-18,1.5577449e-18,1.2486427e-05,1.2486427e-05,4.1783948e-09,4.1783948e-09,1.2486427e-05,1.2486427e-05,4.1783948e-09,4.1783948e-09,1.2490605e-05,1.2490605e-05,7.3454831e-16,7.3454831e-16,1.2462749e-05,1.2462749e-05,1.2462749e-05,1.2462749e-05,-4.178394e-09,-4.178394e-09,1.7281188e-13,1.7281188e-13,2.0529297e-18,2.0529297e-18,2.2008829e-10,2.2008829e-10,-2.1991548e-10,-2.1991548e-10,1.2490622e-05,1.2490622e-05,7.3919355e-16,7.3919355e-16,0.013367883,0.013367883,4.6567551e-14,4.6567551e-14,0.0066839373,0.0066839373,2.3257983e-14,2.3257983e-14,1.2462749e-05,1.2462749e-05,2.7855961e-08,2.7855961e-08,2.4925499e-06,2.4925499e-06,1.4156171e-16,1.4156171e-16,-1.8551294e-14,-1.8551294e-14,1.8551063e-14,1.8551063e-14,-1.0084647e-19,-1.0084647e-19,-6.6864071e-19,-6.6864071e-19,-2.823189e-08,-2.823189e-08,-2.1068376e-19,-2.1068376e-19,8.695721e-19,8.695721e-19,-2.5070657e-18,-2.5070657e-18,-2.823189e-08,-2.823189e-08,1.2937115e-10,1.2937115e-10,2.7813963e-34,2.7813963e-34
1.2464142e-05,1.2464142e-05,-1.2464142e-05,-1.2464142e-05,-5.3620404e-16,-5.3620404e-16,-7.5413855e-16,-7.5413855e-16,-1.2464142e-05,-1.2464142e-05,-2.2846569e-08,-2.2846569e-08,-3.9694743e-09,-3.9694743e-09,-2.2753421e-08,-2.2753421e-08,-3.9694743e-09,-3.9694743e-09,0,0,1.2490606e-05,1.2490606e-05,7.3752076e-16,7.3752076e-16,1.3299639e-09,1.3299639e-09,1.3299639e-09,1.3299639e-09,2.8654694e-18,2.8654694e-18,-2.2493688e-08,-2.2493688e-08,-3.9694743e-09,-3.9694743e-09,-2.2493688e-08,-2.2493688e-08,-3.9694743e-09,-3.9694743e-09,-3.032151e-17,-3.032151e-17,1.4205752e-17,1.4205752e-17,-2.6463162e-08,-2.6463162e-08,-1.5933215e-17,-1.5933215e-17,3.5713175e-10,3.5713175e-10,1.3967395e-18,1.3967395e-18,1.2486636e-05,1.2486636e-05,3.9694751e-09,3.9694751e-09,1.2486636e-05,1.2486636e-05,3.9694751e-09,3.9694751e-09,1.2490606e-05,1.2490606e-05,7.3595686e-16,7.3595686e-16,1.2464142e-05,1.2464142e-05,1.2464142e-05,1.2464142e-05,-3.9694743e-09,-3.9694743e-09,1.6417121e-13,1.6417121e-13,2.0529503e-18,2.0529503e-18,2.0908388e-10,2.0908388e-10,-2.089197e-10,-2.089197e-10,1.2490622e-05,1.2490622e-05,7.4060216e-16,7.4060216e-16,0.013367883,0.013367883,4.6655446e-14,4.6655446e-14,0.0066839373,0.0066839373,2.3301376e-14,2.3301376e-14,1.2464142e-05,1.2464142e-05,2.6463163e-08,2.6463163e-08,2.4928285e-06,2.4928285e-06,1.4181121e-16,1.4181121e-16,-1.861554e-14,-1.861554e-14,1.8615308e-14,1.8615308e-14,-1.0098353e-19,-1.0098353e-19,-6.6864047e-19,-6.6864047e-19,-2.6820296e-08,-2.6820296e-08,-2.1072287e-19,-2.1072287e-19,8.6957266e-19,8.6957266e-19,-2.5070684e-18,-2.5070684e-18,-2.6820296e-08,-2.6820296e-08,1.2807743e-10,1.2807743e-10,2.781457e-34,2.781457e-34
1.2465466e-05,1.2465466e-05,-1.2465466e-05,-1.2465466e-05,-5.3562467e-16,-5.3562467e-16,-7.5570819e-16,-7.5570819e-16,-1.2465466e-05,-1.2465466e-05,-2.1707966e-08,-2.1707966e-08,-3.7710006e-09,-3.7710006e-09,-2.161575e-08,-2.161575e-08,-3.7710006e-09,-3.7710006e-09,0,0,1.2490606e-05,1.2490606e-05,7.3892933e-16,7.3892933e-16,1.2634657e-09,1.2634657e-09,1.2634657e-09,1.2634657e-09,2.8654993e-18,2.8654993e-18,-2.1369004e-08,-2.1369004e-08,-3.7710006e-09,-3.7710006e-09,-2.1369004e-08,-2.1369004e-08,-3.7710006e-09,-3.7710006e-09,-3.0619471e-17,-3.0619471e-17,1.434266e-17,1.434266e-17,-2.5140004e-08,-2.5140004e-08,-1.6094269e-17,-1.6094269e-17,3.3927509e-10,3.3927509e-10,1.2357225e-18,1.2357225e-18,1.2486835e-05,1.2486835e-05,3.7710014e-09,3.7710014e-09,1.2486835e-05,1.2486835e-05,3.7710014e-09,3.7710014e-09,1.2490606e-05,1.2490606e-05,7.3736543e-16,7.3736543e-16,1.2465466e-05,1.2465466e-05,1.2465466e-05,1.2465466e-05,-3.7710006e-09,-3.7710006e-09,1.5596258e-13,1.5596258e-13,2.0529704e-18,2.0529704e-18,1.9862968e-10,1.9862968e-10,-1.9847372e-10,-1.9847372e-10,1.2490621e-05,1.2490621e-05,7.4201079e-16,7.4201079e-16,0.013367882,0.013367882,4.6743342e-14,4.6743342e-14,0.0066839374,0.0066839374,2.334477e-14,2.334477e-14,1.2465466e-05,1.2465466e-05,2.5140005e-08,2.5140005e-08,2.4930931e-06,2.4930931e-06,1.4206071e-16,1.4206071e-16,-1.8679786e-14,-1.8679786e-14,1.8679553e-14,1.8679553e-14,-1.0111745e-19,-1.0111745e-19,-6.6864025e-19,-6.6864025e-19,-2.5479281e-08,-2.5479281e-08,-2.1076017e-19,-2.1076017e-19,8.6957319e-19,8.6957319e-19,-2.507071e-18,-2.507071e-18,-2.5479281e-08,-2.5479281e-08,1.2679666e-10,1.2679666e-10,2.7815162e-34,2.7815162e-34
1.2466723e-05,1.2466723e-05,-1.2466723e-05,-1.2466723e-05,-5.3505038e-16,-5.3505038e-16,-7.5727785e-16,-7.5727785e-16,-1.2466723e-05,-1.2466723e-05,-2.0626256e-08,-2.0626256e-08,-3.5824506e-09,-3.5824506e-09,-2.0534963e-08,-2.0534963e-08,-3.5824506e-09,-3.5824506e-09,0,0,1.2490606e-05,1.2490606e-05,7.4033792e-16,7.4033792e-16,1.2002924e-09,1.2002924e-09,1.2002924e-09,1.2002924e-09,2.8655285e-18,2.8655285e-18,-2.0300554e-08,-2.0300554e-08,-3.5824506e-09,-3.5824506e-09,-2.0300554e-08,-2.0300554e-08,-3.5824506e-09,-3.5824506e-09,-3.0917452e-17,-3.0917452e-17,1.4479577e-17,1.4479577e-17,-2.3883004e-08,-2.3883004e-08,-1.6255332e-17,-1.6255332e-17,3.2231127e-10,3.2231127e-10,1.0746942e-18,1.0746942e-18,1.2487023e-05,1.2487023e-05,3.5824513e-09,3.5824513e-09,1.2487023e-05,1.2487023e-05,3.5824513e-09,3.5824513e-09,1.2490606e-05,1.2490606e-05,7.3877401e-16,7.3877401e-16,1.2466723e-05,1.2466723e-05,1.2466723e-05,1.2466723e-05,-3.5824506e-09,-3.5824506e-09,1.4816438e-13,1.4816438e-13,2.0529901e-18,2.0529901e-18,1.886982e-10,1.886982e-10,-1.8855003e-10,-1.8855003e-10,1.249062e-05,1.249062e-05,7.4341943e-16,7.4341943e-16,0.013367882,0.013367882,4.6831239e-14,4.6831239e-14,0.0066839374,0.0066839374,2.3388165e-14,2.3388165e-14,1.2466723e-05,1.2466723e-05,2.3883005e-08,2.3883005e-08,2.4933446e-06,2.4933446e-06,1.4231021e-16,1.4231021e-16,-1.8744033e-14,-1.8744033e-14,1.8743799e-14,1.8743799e-14,-1.0124829e-19,-1.0124829e-19,-6.6864004e-19,-6.6864004e-19,-2.4205317e-08,-2.4205317e-08,-2.1079572e-19,-2.1079572e-19,8.695737e-19,8.695737e-19,-2.5070734e-18,-2.5070734e-18,-2.4205317e-08,-2.4205317e-08,1.2552869e-10,1.2552869e-10,2.7815739e-34,2.7815739e-34
1.2467917e-05,1.2467917e-05,-1.2467917e-05,-1.2467917e-05,-5.3447101e-16,-5.3447101e-16,-7.5884755e-16,-7.5884755e-16,-1.2467917e-05,-1.2467917e-05,-1.9598595e-08,-1.9598595e-08,-3.403328e-09,-3.403328e-09,-1.9508215e-08,-1.9508215e-08,-3.403328e-09,-3.403328e-09,0,0,1.2490606e-05,1.2490606e-05,7.4174652e-16,7.4174652e-16,1.1402778e-09,1.1402778e-09,1.1402778e-09,1.1402778e-09,2.8655569e-18,2.8655569e-18,-1.9285526e-08,-1.9285526e-08,-3.403328e-09,-3.403328e-09,-1.9285526e-08,-1.9285526e-08,-3.4033281e-09,-3.4033281e-09,-3.121545e-17,-3.121545e-17,1.4616503e-17,1.4616503e-17,-2.2688854e-08,-2.2688854e-08,-1.6416405e-17,-1.6416405e-17,3.0619564e-10,3.0619564e-10,9.136549e-19,9.136549e-19,1.2487203e-05,1.2487203e-05,3.4033288e-09,3.4033288e-09,1.2487203e-05,1.2487203e-05,3.4033288e-09,3.4033288e-09,1.2490606e-05,1.2490606e-05,7.4018262e-16,7.4018262e-16,1.2467917e-05,1.2467917e-05,1.2467917e-05,1.2467917e-05,-3.4033281e-09,-3.4033281e-09,1.4075608e-13,1.4075608e-13,2.0530092e-18,2.0530092e-18,1.7926329e-10,1.7926329e-10,-1.7912253e-10,-1.7912253e-10,1.249062e-05,1.249062e-05,7.4482809e-16,7.4482809e-16,0.013367882,0.013367882,4.6919138e-14,4.6919138e-14,0.0066839374,0.0066839374,2.343156e-14,2.343156e-14,1.2467917e-05,1.2467917e-05,2.2688854e-08,2.2688854e-08,2.4935834e-06,2.4935834e-06,1.4255972e-16,1.4255972e-16,-1.8808281e-14,-1.8808281e-14,1.8808047e-14,1.8808047e-14,-1.0137612e-19,-1.0137612e-19,-6.6863984e-19,-6.6863984e-19,-2.2995051e-08,-2.2995051e-08,-2.1082962e-19,-2.1082962e-19,8.6957419e-19,8.6957419e-19,-2.5070757e-18,-2.5070757e-18,-2.2995051e-08,-2.2995051e-08,1.2427341e-10,1.2427341e-10,2.7816301e-34,2.7816301e-34
1.2469052e-05,1.2469052e-05,-1.2469052e-05,-1.2469052e-05,-5.3389334e-16,-5.3389334e-16,-7.6041727e-16,-7.6041727e-16,-1.2469052e-05,-1.2469052e-05,-1.8622281e-08,-1.8622281e-08,-3.2331616e-09,-3.2331616e-09,-1.8532804e-08,-1.8532804e-08,-3.2331616e-09,-3.2331616e-09,0,0,1.2490606e-05,1.2490606e-05,7.4315515e-16,7.4315515e-16,1.0832639e-09,1.0832639e-09,1.0832639e-09,1.0832639e-09,2.8655846e-18,2.8655846e-18,-1.832125e-08,-1.832125e-08,-3.2331616e-09,-3.2331616e-09,-1.832125e-08,-1.832125e-08,-3.2331617e-09,-3.2331617e-09,-3.1513466e-17,-3.1513466e-17,1.4753437e-17,1.4753437e-17,-2.1554411e-08,-2.1554411e-08,-1.6577487e-17,-1.6577487e-17,2.9088578e-10,2.9088578e-10,7.5260479e-19,7.5260479e-19,1.2487373e-05,1.2487373e-05,3.2331624e-09,3.2331624e-09,1.2487373e-05,1.2487373e-05,3.2331624e-09,3.2331624e-09,1.2490606e-05,1.2490606e-05,7.4159124e-16,7.4159124e-16,1.2469052e-05,1.2469052e-05,1.2469052e-05,1.2469052e-05,-3.2331617e-09,-3.2331617e-09,1.3371821e-13,1.3371821e-13,2.0530278e-18,2.0530278e-18,1.7030012e-10,1.7030012e-10,-1.701664e-10,-1.701664e-10,1.2490619e-05,1.2490619e-05,7.4623677e-16,7.4623677e-16,0.013367881,0.013367881,4.7007037e-14,4.7007037e-14,0.0066839374,0.0066839374,2.3474956e-14,2.3474956e-14,1.2469052e-05,1.2469052e-05,2.1554412e-08,2.1554412e-08,2.4938103e-06,2.4938103e-06,1.4280922e-16,1.4280922e-16,-1.887253e-14,-1.887253e-14,1.8872294e-14,1.8872294e-14,-1.0150101e-19,-1.0150101e-19,-6.6863965e-19,-6.6863965e-19,-2.1845298e-08,-2.1845298e-08,-2.1086195e-19,-2.1086195e-19,8.6957464e-19,8.6957464e-19,-2.5070779e-18,-2.5070779e-18,-2.1845298e-08,-2.1845298e-08,1.2303067e-10,1.2303067e-10,2.7816849e-34,2.7816849e-34
1.247013e-05,1.247013e-05,-1.247013e-05,-1.247013e-05,-5.3331397e-16,-5.3331397e-16,-7.6198702e-16,-7.6198702e-16,-1.247013e-05,-1.247013e-05,-1.7694746e-08,-1.7694746e-08,-3.0715035e-09,-3.0715035e-09,-1.7606164e-08,-1.7606164e-08,-3.0715035e-09,-3.0715035e-09,0,0,1.2490606e-05,1.2490606e-05,7.4456379e-16,7.4456379e-16,1.0291007e-09,1.0291007e-09,1.0291007e-09,1.0291007e-09,2.8656117e-18,2.8656117e-18,-1.7405187e-08,-1.7405187e-08,-3.0715036e-09,-3.0715036e-09,-1.7405187e-08,-1.7405187e-08,-3.0715036e-09,-3.0715036e-09,-3.18115e-17,-3.18115e-17,1.4890379e-17,1.4890379e-17,-2.0476691e-08,-2.0476691e-08,-1.6738578e-17,-1.6738578e-17,2.7634142e-10,2.7634142e-10,5.9154416e-19,5.9154416e-19,1.2487535e-05,1.2487535e-05,3.0715043e-09,3.0715043e-09,1.2487535e-05,1.2487535e-05,3.0715043e-09,3.0715043e-09,1.2490606e-05,1.2490606e-05,7.4299989e-16,7.4299989e-16,1.247013e-05,1.247013e-05,1.247013e-05,1.247013e-05,-3.0715036e-09,-3.0715036e-09,1.2703222e-13,1.2703222e-13,2.053046e-18,2.053046e-18,1.6178512e-10,1.6178512e-10,-1.6165808e-10,-1.6165808e-10,1.2490619e-05,1.2490619e-05,7.4764547e-16,7.4764547e-16,0.013367881,0.013367881,4.7094938e-14,4.7094938e-14,0.0066839374,0.0066839374,2.3518352e-14,2.3518352e-14,1.247013e-05,1.247013e-05,2.0476691e-08,2.0476691e-08,2.4940259e-06,2.4940259e-06,1.4305873e-16,1.4305873e-16,-1.8936779e-14,-1.8936779e-14,1.8936543e-14,1.8936543e-14,-1.0162303e-19,-1.0162303e-19,-6.6863946e-19,-6.6863946e-19,-2.0753033e-08,-2.0753033e-08,-2.1089276e-19,-2.1089276e-19,8.6957508e-19,8.6957508e-19,-2.50708e-18,-2.50708e-18,-2.0753033e-08,-2.0753033e-08,1.2180037e-10,1.2180037e-10,2.7817383e-34,2.7817383e-34
1.2471153e-05,1.2471153e-05,-1.2471153e-05,-1.2471153e-05,-5.3273968e-16,-5.3273968e-16,-7.635568e-16,-7.635568e-16,-1.2471153e-05,-1.2471153e-05,-1.6813552e-08,-1.6813552e-08,-2.9179284e-09,-2.9179284e-09,-1.6725856e-08,-1.6725856e-08,-2.9179284e-09,-2.9179284e-09,0,0,1.2490606e-05,1.2490606e-05,7.4597245e-16,7.4597245e-16,9.7764569e-10,9.7764569e-10,9.7764569e-10,9.7764569e-10,2.865638e-18,2.865638e-18,-1.6534928e-08,-1.6534928e-08,-2.9179284e-09,-2.9179284e-09,-1.6534928e-08,-1.6534928e-08,-2.9179284e-09,-2.9179284e-09,-3.2109551e-17,-3.2109551e-17,1.502733e-17,1.502733e-17,-1.9452856e-08,-1.9452856e-08,-1.6899678e-17,-1.6899678e-17,2.6252428e-10,2.6252428e-10,4.3047326e-19,4.3047326e-19,1.2487688e-05,1.2487688e-05,2.9179291e-09,2.9179291e-09,1.2487688e-05,1.2487688e-05,2.9179291e-09,2.9179291e-09,1.2490606e-05,1.2490606e-05,7.4440855e-16,7.4440855e-16,1.2471153e-05,1.2471153e-05,1.2471153e-05,1.2471153e-05,-2.9179284e-09,-2.9179284e-09,1.2068054e-13,1.2068054e-13,2.0530637e-18,2.0530637e-18,1.5369586e-10,1.5369586e-10,-1.5357518e-10,-1.5357518e-10,1.2490618e-05,1.2490618e-05,7.4905418e-16,7.4905418e-16,0.013367881,0.013367881,4.7182839e-14,4.7182839e-14,0.0066839375,0.0066839375,2.3561748e-14,2.3561748e-14,1.2471153e-05,1.2471153e-05,1.9452857e-08,1.9452857e-08,2.4942307e-06,2.4942307e-06,1.4330824e-16,1.4330824e-16,-1.9001029e-14,-1.9001029e-14,1.9000792e-14,1.9000792e-14,-1.0174224e-19,-1.0174224e-19,-6.6863929e-19,-6.6863929e-19,-1.9715382e-08,-1.9715382e-08,-2.1092214e-19,-2.1092214e-19,8.6957549e-19,8.6957549e-19,-2.5070819e-18,-2.5070819e-18,-1.9715382e-08,-1.9715382e-08,1.2058236e-10,1.2058236e-10,2.7817904e-34,2.7817904e-34
1.2472126e-05,1.2472126e-05,-1.2472126e-05,-1.2472126e-05,-5.3215692e-16,-5.3215692e-16,-7.6512661e-16,-7.6512661e-16,-1.2472126e-05,-1.2472126e-05,-1.5976382e-08,-1.5976382e-08,-2.7720319e-09,-2.7720319e-09,-1.5889563e-08,-1.5889563e-08,-2.7720319e-09,-2.7720319e-09,0,0,1.2490606e-05,1.2490606e-05,7.4738113e-16,7.4738113e-16,9.2876341e-10,9.2876341e-10,9.287634e-10,9.287634e-10,2.8656637e-18,2.8656637e-18,-1.5708181e-08,-1.5708181e-08,-2.7720319e-09,-2.7720319e-09,-1.5708181e-08,-1.5708181e-08,-2.772032e-09,-2.772032e-09,-3.2407618e-17,-3.2407618e-17,1.5164288e-17,1.5164288e-17,-1.8480213e-08,-1.8480213e-08,-1.7060787e-17,-1.7060787e-17,2.49398e-10,2.49398e-10,2.6939233e-19,2.6939233e-19,1.2487834e-05,1.2487834e-05,2.7720327e-09,2.7720327e-09,1.2487834e-05,1.2487834e-05,2.7720327e-09,2.7720327e-09,1.2490606e-05,1.2490606e-05,7.4581722e-16,7.4581722e-16,1.2472126e-05,1.2472126e-05,1.2472126e-05,1.2472126e-05,-2.772032e-09,-2.772032e-09,1.1464644e-13,1.1464644e-13,2.0530809e-18,2.0530809e-18,1.4601107e-10,1.4601107e-10,-1.4589642e-10,-1.4589642e-10,1.2490618e-05,1.2490618e-05,7.5046291e-16,7.5046291e-16,0.013367881,0.013367881,4.7270742e-14,4.7270742e-14,0.0066839375,0.0066839375,2.3605145e-14,2.3605145e-14,1.2472126e-05,1.2472126e-05,1.8480214e-08,1.8480214e-08,2.4944253e-06,2.4944253e-06,1.4355775e-16,1.4355775e-16,-1.9065279e-14,-1.9065279e-14,1.9065041e-14,1.9065041e-14,-1.0185872e-19,-1.0185872e-19,-6.6863913e-19,-6.6863913e-19,-1.8729613e-08,-1.8729613e-08,-2.1095015e-19,-2.1095015e-19,8.6957589e-19,8.6957589e-19,-2.5070838e-18,-2.5070838e-18,-1.8729613e-08,-1.8729613e-08,1.1937654e-10,1.1937654e-10,2.7818411e-34,2.7818411e-34
1.247305e-05,1.247305e-05,-1.247305e-05,-1.247305e-05,-5.3158263e-16,-5.3158263e-16,-7.6669644e-16,-7.6669644e-16,-1.247305e-05,-1.247305e-05,-1.5181036e-08,-1.5181036e-08,-2.6334303e-09,-2.6334303e-09,-1.5095085e-08,-1.5095085e-08,-2.6334303e-09,-2.6334303e-09,0,0,1.2490607e-05,1.2490607e-05,7.4878982e-16,7.4878982e-16,8.8232524e-10,8.8232524e-10,8.8232523e-10,8.8232523e-10,2.8656888e-18,2.8656888e-18,-1.4922772e-08,-1.4922772e-08,-2.6334303e-09,-2.6334303e-09,-1.4922772e-08,-1.4922772e-08,-2.6334304e-09,-2.6334304e-09,-3.2705702e-17,-3.2705702e-17,1.5301255e-17,1.5301255e-17,-1.7556203e-08,-1.7556203e-08,-1.7221904e-17,-1.7221904e-17,2.3692803e-10,2.3692803e-10,1.0830161e-19,1.0830161e-19,1.2487973e-05,1.2487973e-05,2.6334311e-09,2.6334311e-09,1.2487973e-05,1.2487973e-05,2.6334311e-09,2.6334311e-09,1.2490607e-05,1.2490607e-05,7.4722592e-16,7.4722592e-16,1.247305e-05,1.247305e-05,1.247305e-05,1.247305e-05,-2.6334304e-09,-2.6334304e-09,1.0891405e-13,1.0891405e-13,2.0530978e-18,2.0530978e-18,1.3871052e-10,1.3871052e-10,-1.386016e-10,-1.386016e-10,1.2490617e-05,1.2490617e-05,7.5187166e-16,7.5187166e-16,0.01336788,0.01336788,4.7358645e-14,4.7358645e-14,0.0066839375,0.0066839375,2.3648542e-14,2.3648542e-14,1.247305e-05,1.247305e-05,1.7556203e-08,1.7556203e-08,2.4946101e-06,2.4946101e-06,1.4380727e-16,1.4380727e-16,-1.912953e-14,-1.912953e-14,1.9129291e-14,1.9129291e-14,-1.0197252e-19,-1.0197252e-19,-6.6863897e-19,-6.6863897e-19,-1.7793132e-08,-1.7793132e-08,-2.1097686e-19,-2.1097686e-19,8.6957626e-19,8.6957626e-19,-2.5070856e-18,-2.5070856e-18,-1.7793132e-08,-1.7793132e-08,1.1818277e-10,1.1818277e-10,2.7818905e-34,2.7818905e-34
1.2473928e-05,1.2473928e-05,-1.2473928e-05,-1.2473928e-05,-5.3100157e-16,-5.3100157e-16,-7.682663e-16,-7.682663e-16,-1.2473928e-05,-1.2473928e-05,-1.4425422e-08,-1.4425422e-08,-2.5017588e-09,-2.5017588e-09,-1.434033e-08,-1.434033e-08,-2.5017588e-09,-2.5017588e-09,0,0,1.2490607e-05,1.2490607e-05,7.5019853e-16,7.5019853e-16,8.3820898e-10,8.3820898e-10,8.3820897e-10,8.3820897e-10,2.8657132e-18,2.8657132e-18,-1.4176634e-08,-1.4176634e-08,-2.5017588e-09,-2.5017588e-09,-1.4176634e-08,-1.4176634e-08,-2.5017588e-09,-2.5017588e-09,-3.3003801e-17,-3.3003801e-17,1.5438229e-17,1.5438229e-17,-1.6678392e-08,-1.6678392e-08,-1.738303e-17,-1.738303e-17,2.2508156e-10,2.2508156e-10,-5.2798665e-20,-5.2798665e-20,1.2488105e-05,1.2488105e-05,2.5017596e-09,2.5017596e-09,1.2488105e-05,1.2488105e-05,2.5017596e-09,2.5017596e-09,1.2490607e-05,1.2490607e-05,7.4863463e-16,7.4863463e-16,1.2473928e-05,1.2473928e-05,1.2473928e-05,1.2473928e-05,-2.5017588e-09,-2.5017588e-09,1.0346827e-13,1.0346827e-13,2.0531142e-18,2.0531142e-18,1.3177499e-10,1.3177499e-10,-1.3167152e-10,-1.3167152e-10,1.2490617e-05,1.2490617e-05,7.5328042e-16,7.5328042e-16,0.01336788,0.01336788,4.7446549e-14,4.7446549e-14,0.0066839375,0.0066839375,2.369194e-14,2.369194e-14,1.2473928e-05,1.2473928e-05,1.6678393e-08,1.6678393e-08,2.4947857e-06,2.4947857e-06,1.4405678e-16,1.4405678e-16,-1.9193782e-14,-1.9193782e-14,1.9193542e-14,1.9193542e-14,-1.020837e-19,-1.020837e-19,-6.6863882e-19,-6.6863882e-19,-1.6903475e-08,-1.6903475e-08,-2.1100231e-19,-2.1100231e-19,8.6957662e-19,8.6957662e-19,-2.5070873e-18,-2.5070873e-18,-1.6903475e-08,-1.6903475e-08,1.1700094e-10,1.1700094e-10,2.7819387e-34,2.7819387e-34
1.2474762e-05,1.2474762e-05,-1.2474762e-05,-1.2474762e-05,-5.304222e-16,-5.304222e-16,-7.6983618e-16,-7.6983618e-16,-1.2474762e-05,-1.2474762e-05,-1.3707555e-08,-1.3707555e-08,-2.3766709e-09,-2.3766709e-09,-1.3623314e-08,-1.3623314e-08,-2.3766709e-09,-2.3766709e-09,0,0,1.2490607e-05,1.2490607e-05,7.5160726e-16,7.5160726e-16,7.9629853e-10,7.9629853e-10,7.9629852e-10,7.9629852e-10,2.865737e-18,2.865737e-18,-1.3467802e-08,-1.3467802e-08,-2.3766709e-09,-2.3766709e-09,-1.3467802e-08,-1.3467802e-08,-2.3766709e-09,-2.3766709e-09,-3.3301916e-17,-3.3301916e-17,1.557521e-17,1.557521e-17,-1.5844473e-08,-1.5844473e-08,-1.7544163e-17,-1.7544163e-17,2.1382741e-10,2.1382741e-10,-2.1390827e-19,-2.1390827e-19,1.248823e-05,1.248823e-05,2.3766717e-09,2.3766717e-09,1.248823e-05,1.248823e-05,2.3766717e-09,2.3766717e-09,1.2490607e-05,1.2490607e-05,7.5004335e-16,7.5004335e-16,1.2474762e-05,1.2474762e-05,1.2474762e-05,1.2474762e-05,-2.3766709e-09,-2.3766709e-09,9.8294784e-14,9.8294784e-14,2.0531301e-18,2.0531301e-18,1.2518624e-10,1.2518624e-10,-1.2508794e-10,-1.2508794e-10,1.2490617e-05,1.2490617e-05,7.5468919e-16,7.5468919e-16,0.01336788,0.01336788,4.7534454e-14,4.7534454e-14,0.0066839375,0.0066839375,2.3735338e-14,2.3735338e-14,1.2474762e-05,1.2474762e-05,1.5844473e-08,1.5844473e-08,2.4949525e-06,2.4949525e-06,1.443063e-16,1.443063e-16,-1.9258034e-14,-1.9258034e-14,1.9257794e-14,1.9257794e-14,-1.0219233e-19,-1.0219233e-19,-6.6863868e-19,-6.6863868e-19,-1.6058302e-08,-1.6058302e-08,-2.1102659e-19,-2.1102659e-19,8.6957695e-19,8.6957695e-19,-2.5070889e-18,-2.5070889e-18,-1.6058302e-08,-1.6058302e-08,1.1583094e-10,1.1583094e-10,2.7819857e-34,2.7819857e-34
1.2475555e-05,1.2475555e-05,-1.2475555e-05,-1.2475555e-05,-5.2984283e-16,-5.2984283e-16,-7.7140608e-16,-7.7140608e-16,-1.2475555e-05,-1.2475555e-05,-1.3025546e-08,-1.3025546e-08,-2.2578373e-09,-2.2578373e-09,-1.2942148e-08,-1.2942148e-08,-2.2578373e-09,-2.2578373e-09,0,0,1.2490607e-05,1.2490607e-05,7.53016e-16,7.53016e-16,7.564836e-10,7.564836e-10,7.564836e-10,7.564836e-10,2.8657602e-18,2.8657602e-18,-1.2794412e-08,-1.2794412e-08,-2.2578373e-09,-2.2578373e-09,-1.2794412e-08,-1.2794412e-08,-2.2578374e-09,-2.2578374e-09,-3.3600046e-17,-3.3600046e-17,1.5712198e-17,1.5712198e-17,-1.5052249e-08,-1.5052249e-08,-1.7705305e-17,-1.7705305e-17,2.0313597e-10,2.0313597e-10,-3.7502699e-19,-3.7502699e-19,1.2488349e-05,1.2488349e-05,2.2578381e-09,2.2578381e-09,1.2488349e-05,1.2488349e-05,2.2578381e-09,2.2578381e-09,1.2490607e-05,1.2490607e-05,7.5145209e-16,7.5145209e-16,1.2475555e-05,1.2475555e-05,1.2475555e-05,1.2475555e-05,-2.2578374e-09,-2.2578374e-09,9.3379971e-14,9.3379971e-14,2.0531457e-18,2.0531457e-18,1.1892693e-10,1.1892693e-10,-1.1883355e-10,-1.1883355e-10,1.2490616e-05,1.2490616e-05,7.5609798e-16,7.5609798e-16,0.01336788,0.01336788,4.762236e-14,4.762236e-14,0.0066839375,0.0066839375,2.3778737e-14,2.3778737e-14,1.2475555e-05,1.2475555e-05,1.505225e-08,1.505225e-08,2.4951109e-06,2.4951109e-06,1.4455582e-16,1.4455582e-16,-1.9322287e-14,-1.9322287e-14,1.9322046e-14,1.9322046e-14,-1.0229846e-19,-1.0229846e-19,-6.6863855e-19,-6.6863855e-19,-1.5255387e-08,-1.5255387e-08,-2.1104972e-19,-2.1104972e-19,8.6957728e-19,8.6957728e-19,-2.5070904e-18,-2.5070904e-18,-1.5255387e-08,-1.5255387e-08,1.1467263e-10,1.1467263e-10,2.7820315e-34,2.7820315e-34
1.2476307e-05,1.2476307e-05,-1.2476307e-05,-1.2476307e-05,-5.2926515e-16,-5.2926515e-16,-7.7297601e-16,-7.7297601e-16,-1.2476307e-05,-1.2476307e-05,-1.2377605e-08,-1.2377605e-08,-2.1449455e-09,-2.1449455e-09,-1.2295041e-08,-1.2295041e-08,-2.1449455e-09,-2.1449455e-09,0,0,1.2490607e-05,1.2490607e-05,7.5442476e-16,7.5442476e-16,7.1865942e-10,7.1865942e-10,7.1865942e-10,7.1865942e-10,2.8657829e-18,2.8657829e-18,-1.2154691e-08,-1.2154691e-08,-2.1449455e-09,-2.1449455e-09,-1.2154691e-08,-1.2154691e-08,-2.1449455e-09,-2.1449455e-09,-3.389819e-17,-3.389819e-17,1.5849193e-17,1.5849193e-17,-1.4299637e-08,-1.4299637e-08,-1.7866454e-17,-1.7866454e-17,1.929791e-10,1.929791e-10,-5.3615461e-19,-5.3615461e-19,1.2488462e-05,1.2488462e-05,2.1449462e-09,2.1449462e-09,1.2488462e-05,1.2488462e-05,2.1449462e-09,2.1449462e-09,1.2490607e-05,1.2490607e-05,7.5286085e-16,7.5286085e-16,1.2476307e-05,1.2476307e-05,1.2476307e-05,1.2476307e-05,-2.1449455e-09,-2.1449455e-09,8.87109e-14,8.87109e-14,2.0531609e-18,2.0531609e-18,1.1298058e-10,1.1298058e-10,-1.1289187e-10,-1.1289187e-10,1.2490616e-05,1.2490616e-05,7.5750678e-16,7.5750678e-16,0.013367879,0.013367879,4.7710267e-14,4.7710267e-14,0.0066839375,0.0066839375,2.3822136e-14,2.3822136e-14,1.2476307e-05,1.2476307e-05,1.4299637e-08,1.4299637e-08,2.4952615e-06,2.4952615e-06,1.4480534e-16,1.4480534e-16,-1.938654e-14,-1.938654e-14,1.9386298e-14,1.9386298e-14,-1.0240215e-19,-1.0240215e-19,-6.6863842e-19,-6.6863842e-19,-1.4492617e-08,-1.4492617e-08,-2.1107178e-19,-2.1107178e-19,8.6957758e-19,8.6957758e-19,-2.5070919e-18,-2.5070919e-18,-1.4492617e-08,-1.4492617e-08,1.135259e-10,1.135259e-10,2.7820761e-34,2.7820761e-34
1.2477022e-05,1.2477022e-05,-1.2477022e-05,-1.2477022e-05,-5.2868917e-16,-5.2868917e-16,-7.7454596e-16,-7.7454596e-16,-1.2477022e-05,-1.2477022e-05,-1.1762027e-08,-1.1762027e-08,-2.0376982e-09,-2.0376982e-09,-1.1680289e-08,-1.1680289e-08,-2.0376982e-09,-2.0376982e-09,0,0,1.2490607e-05,1.2490607e-05,7.5583353e-16,7.5583353e-16,6.8272645e-10,6.8272645e-10,6.8272645e-10,6.8272645e-10,2.865805e-18,2.865805e-18,-1.1546957e-08,-1.1546957e-08,-2.0376982e-09,-2.0376982e-09,-1.1546957e-08,-1.1546957e-08,-2.0376982e-09,-2.0376982e-09,-3.4196349e-17,-3.4196349e-17,1.5986195e-17,1.5986195e-17,-1.3584655e-08,-1.3584655e-08,-1.8027611e-17,-1.8027611e-17,1.8333008e-10,1.8333008e-10,-6.9729091e-19,-6.9729091e-19,1.2488569e-05,1.2488569e-05,2.037699e-09,2.037699e-09,1.2488569e-05,1.2488569e-05,2.037699e-09,2.037699e-09,1.2490607e-05,1.2490607e-05,7.5426962e-16,7.5426962e-16,1.2477022e-05,1.2477022e-05,1.2477022e-05,1.2477022e-05,-2.0376982e-09,-2.0376982e-09,8.4275281e-14,8.4275281e-14,2.0531758e-18,2.0531758e-18,1.0733155e-10,1.0733155e-10,-1.0724727e-10,-1.0724727e-10,1.2490615e-05,1.2490615e-05,7.589156e-16,7.589156e-16,0.013367879,0.013367879,4.7798175e-14,4.7798175e-14,0.0066839375,0.0066839375,2.3865535e-14,2.3865535e-14,1.2477022e-05,1.2477022e-05,1.3584655e-08,1.3584655e-08,2.4954045e-06,2.4954045e-06,1.4505486e-16,1.4505486e-16,-1.9450794e-14,-1.9450794e-14,1.9450551e-14,1.9450551e-14,-1.0250345e-19,-1.0250345e-19,-6.686383e-19,-6.686383e-19,-1.3767986e-08,-1.3767986e-08,-2.1109281e-19,-2.1109281e-19,8.6957787e-19,8.6957787e-19,-2.5070933e-18,-2.5070933e-18,-1.3767986e-08,-1.3767986e-08,1.1239064e-10,1.1239064e-10,2.7821197e-34,2.7821197e-34
1.2477702e-05,1.2477702e-05,-1.2477702e-05,-1.2477702e-05,-5.2810641e-16,-5.2810641e-16,-7.7611593e-16,-7.7611593e-16,-1.2477702e-05,-1.2477702e-05,-1.1177196e-08,-1.1177196e-08,-1.9358133e-09,-1.9358133e-09,-1.1096274e-08,-1.1096274e-08,-1.9358133e-09,-1.9358133e-09,0,0,1.2490607e-05,1.2490607e-05,7.5724232e-16,7.5724232e-16,6.4859013e-10,6.4859013e-10,6.4859012e-10,6.4859012e-10,2.8658265e-18,2.8658265e-18,-1.0969609e-08,-1.0969609e-08,-1.9358133e-09,-1.9358133e-09,-1.0969609e-08,-1.0969609e-08,-1.9358133e-09,-1.9358133e-09,-3.4494523e-17,-3.4494523e-17,1.6123204e-17,1.6123204e-17,-1.2905422e-08,-1.2905422e-08,-1.8188776e-17,-1.8188776e-17,1.741635e-10,1.741635e-10,-8.5843569e-19,-8.5843569e-19,1.2488671e-05,1.2488671e-05,1.9358141e-09,1.9358141e-09,1.2488671e-05,1.2488671e-05,1.9358141e-09,1.9358141e-09,1.2490607e-05,1.2490607e-05,7.5567841e-16,7.5567841e-16,1.2477702e-05,1.2477702e-05,1.2477702e-05,1.2477702e-05,-1.9358133e-09,-1.9358133e-09,8.0061444e-14,8.0061444e-14,2.0531902e-18,2.0531902e-18,1.0196498e-10,1.0196498e-10,-1.0188491e-10,-1.0188491e-10,1.2490615e-05,1.2490615e-05,7.6032443e-16,7.6032443e-16,0.013367879,0.013367879,4.7886083e-14,4.7886083e-14,0.0066839375,0.0066839375,2.3908935e-14,2.3908935e-14,1.2477702e-05,1.2477702e-05,1.2905423e-08,1.2905423e-08,2.4955403e-06,2.4955403e-06,1.4530438e-16,1.4530438e-16,-1.9515048e-14,-1.9515048e-14,1.9514805e-14,1.9514805e-14,-1.0260243e-19,-1.0260243e-19,-6.6863819e-19,-6.6863819e-19,-1.3079587e-08,-1.3079587e-08,-2.1111286e-19,-2.1111286e-19,8.6957814e-19,8.6957814e-19,-2.5070946e-18,-2.5070946e-18,-1.3079587e-08,-1.3079587e-08,1.1126673e-10,1.1126673e-10,2.7821621e-34,2.7821621e-34
1.2478347e-05,1.2478347e-05,-1.2478347e-05,-1.2478347e-05,-5.2752873e-16,-5.2752873e-16,-7.7768593e-16,-7.7768593e-16,-1.2478347e-05,-1.2478347e-05,-1.0621573e-08,-1.0621573e-08,-1.8390226e-09,-1.8390226e-09,-1.0541461e-08,-1.0541461e-08,-1.8390226e-09,-1.8390226e-09,0,0,1.2490607e-05,1.2490607e-05,7.5865112e-16,7.5865112e-16,6.1616062e-10,6.1616062e-10,6.1616062e-10,6.1616062e-10,2.8658475e-18,2.8658475e-18,-1.0421128e-08,-1.0421128e-08,-1.8390226e-09,-1.8390226e-09,-1.0421128e-08,-1.0421128e-08,-1.8390226e-09,-1.8390226e-09,-3.479271e-17,-3.479271e-17,1.6260219e-17,1.6260219e-17,-1.2260151e-08,-1.2260151e-08,-1.8349948e-17,-1.8349948e-17,1.6545526e-10,1.6545526e-10,-1.0195887e-18,-1.0195887e-18,1.2488768e-05,1.2488768e-05,1.8390234e-09,1.8390234e-09,1.2488768e-05,1.2488768e-05,1.8390234e-09,1.8390234e-09,1.2490607e-05,1.2490607e-05,7.5708721e-16,7.5708721e-16,1.2478347e-05,1.2478347e-05,1.2478347e-05,1.2478347e-05,-1.8390226e-09,-1.8390226e-09,7.6058299e-14,7.6058299e-14,2.0532043e-18,2.0532043e-18,9.6866726e-11,9.6866726e-11,-9.6790665e-11,-9.6790665e-11,1.2490615e-05,1.2490615e-05,7.6173327e-16,7.6173327e-16,0.013367879,0.013367879,4.7973993e-14,4.7973993e-14,0.0066839376,0.0066839376,2.3952335e-14,2.3952335e-14,1.2478347e-05,1.2478347e-05,1.2260152e-08,1.2260152e-08,2.4956694e-06,2.4956694e-06,1.4555391e-16,1.4555391e-16,-1.9579303e-14,-1.9579303e-14,1.9579059e-14,1.9579059e-14,-1.0269913e-19,-1.0269913e-19,-6.6863808e-19,-6.6863808e-19,-1.2425608e-08,-1.2425608e-08,-2.1113197e-19,-2.1113197e-19,8.695784e-19,8.695784e-19,-2.5070958e-18,-2.5070958e-18,-1.2425608e-08,-1.2425608e-08,1.1015407e-10,1.1015407e-10,2.7822035e-34,2.7822035e-34
1.247896e-05,1.247896e-05,-1.247896e-05,-1.247896e-05,-5.2694597e-16,-5.2694597e-16,-7.7925594e-16,-7.7925594e-16,-1.247896e-05,-1.247896e-05,-1.0093698e-08,-1.0093698e-08,-1.7470715e-09,-1.7470715e-09,-1.0014388e-08,-1.0014388e-08,-1.7470715e-09,-1.7470715e-09,0,0,1.2490607e-05,1.2490607e-05,7.6005993e-16,7.6005993e-16,5.8535259e-10,5.8535259e-10,5.8535259e-10,5.8535259e-10,2.865868e-18,2.865868e-18,-9.9000721e-09,-9.9000721e-09,-1.7470715e-09,-1.7470715e-09,-9.900072e-09,-9.900072e-09,-1.7470715e-09,-1.7470715e-09,-3.509091e-17,-3.509091e-17,1.639724e-17,1.639724e-17,-1.1647144e-08,-1.1647144e-08,-1.8511127e-17,-1.8511127e-17,1.5718243e-10,1.5718243e-10,-1.1807499e-18,-1.1807499e-18,1.248886e-05,1.248886e-05,1.7470723e-09,1.7470723e-09,1.248886e-05,1.248886e-05,1.7470723e-09,1.7470723e-09,1.2490607e-05,1.2490607e-05,7.5849602e-16,7.5849602e-16,1.247896e-05,1.247896e-05,1.247896e-05,1.247896e-05,-1.7470715e-09,-1.7470715e-09,7.225531e-14,7.225531e-14,2.0532181e-18,2.0532181e-18,9.202339e-11,9.202339e-11,-9.1951132e-11,-9.1951132e-11,1.2490614e-05,1.2490614e-05,7.6314212e-16,7.6314212e-16,0.013367879,0.013367879,4.8061902e-14,4.8061902e-14,0.0066839376,0.0066839376,2.3995735e-14,2.3995735e-14,1.247896e-05,1.247896e-05,1.1647144e-08,1.1647144e-08,2.495792e-06,2.495792e-06,1.4580343e-16,1.4580343e-16,-1.9643559e-14,-1.9643559e-14,1.9643314e-14,1.9643314e-14,-1.0279361e-19,-1.0279361e-19,-6.6863798e-19,-6.6863798e-19,-1.1804327e-08,-1.1804327e-08,-2.1115019e-19,-2.1115019e-19,8.6957865e-19,8.6957865e-19,-2.507097e-18,-2.507097e-18,-1.1804327e-08,-1.1804327e-08,1.0905253e-10,1.0905253e-10,2.7822438e-34,2.7822438e-34
1.2479543e-05,1.2479543e-05,-1.2479543e-05,-1.2479543e-05,-5.2636999e-16,-5.2636999e-16,-7.8082598e-16,-7.8082598e-16,-1.2479543e-05,-1.2479543e-05,-9.592186e-09,-9.592186e-09,-1.6597179e-09,-1.6597179e-09,-9.5136682e-09,-9.5136682e-09,-1.6597179e-09,-1.6597179e-09,0,0,1.2490607e-05,1.2490607e-05,7.6146876e-16,7.6146876e-16,5.5608496e-10,5.5608496e-10,5.5608496e-10,5.5608496e-10,2.865888e-18,2.865888e-18,-9.4050685e-09,-9.4050685e-09,-1.6597179e-09,-1.6597179e-09,-9.4050684e-09,-9.4050684e-09,-1.6597179e-09,-1.6597179e-09,-3.5389124e-17,-3.5389124e-17,1.6534268e-17,1.6534268e-17,-1.1064786e-08,-1.1064786e-08,-1.8672313e-17,-1.8672313e-17,1.4932324e-10,1.4932324e-10,-1.3419189e-18,-1.3419189e-18,1.2488948e-05,1.2488948e-05,1.6597187e-09,1.6597187e-09,1.2488948e-05,1.2488948e-05,1.6597187e-09,1.6597187e-09,1.2490607e-05,1.2490607e-05,7.5990485e-16,7.5990485e-16,1.2479543e-05,1.2479543e-05,1.2479543e-05,1.2479543e-05,-1.6597179e-09,-1.6597179e-09,6.8642471e-14,6.8642471e-14,2.0532315e-18,2.0532315e-18,8.742222e-11,8.742222e-11,-8.7353575e-11,-8.7353575e-11,1.2490614e-05,1.2490614e-05,7.6455099e-16,7.6455099e-16,0.013367879,0.013367879,4.8149813e-14,4.8149813e-14,0.0066839376,0.0066839376,2.4039136e-14,2.4039136e-14,1.2479543e-05,1.2479543e-05,1.1064787e-08,1.1064787e-08,2.4959085e-06,2.4959085e-06,1.4605296e-16,1.4605296e-16,-1.9707815e-14,-1.9707815e-14,1.9707569e-14,1.9707569e-14,-1.0288591e-19,-1.0288591e-19,-6.6863788e-19,-6.6863788e-19,-1.1214111e-08,-1.1214111e-08,-2.1116755e-19,-2.1116755e-19,8.6957889e-19,8.6957889e-19,-2.5070981e-18,-2.5070981e-18,-1.1214111e-08,-1.1214111e-08,1.07962e-10,1.07962e-10,2.7822832e-34,2.7822832e-34
1.2480096e-05,1.2480096e-05,-1.2480096e-05,-1.2480096e-05,-5.2579062e-16,-5.2579062e-16,-7.8239603e-16,-7.8239603e-16,-1.2480096e-05,-1.2480096e-05,-9.1157174e-09,-9.1157174e-09,-1.576732e-09,-1.576732e-09,-9.0379848e-09,-9.0379848e-09,-1.576732e-09,-1.576732e-09,0,0,1.2490607e-05,1.2490607e-05,7.628776e-16,7.628776e-16,5.2828072e-10,5.2828072e-10,5.2828071e-10,5.2828071e-10,2.8659075e-18,2.8659075e-18,-8.934815e-09,-8.934815e-09,-1.576732e-09,-1.576732e-09,-8.934815e-09,-8.934815e-09,-1.576732e-09,-1.576732e-09,-3.5687351e-17,-3.5687351e-17,1.6671301e-17,1.6671301e-17,-1.0511547e-08,-1.0511547e-08,-1.8833506e-17,-1.8833506e-17,1.41857e-10,1.41857e-10,-1.5030957e-18,-1.5030957e-18,1.2489031e-05,1.2489031e-05,1.5767328e-09,1.5767328e-09,1.2489031e-05,1.2489031e-05,1.5767328e-09,1.5767328e-09,1.2490607e-05,1.2490607e-05,7.6131369e-16,7.6131369e-16,1.2480096e-05,1.2480096e-05,1.2480096e-05,1.2480096e-05,-1.576732e-09,-1.576732e-09,6.5210274e-14,6.5210274e-14,2.0532445e-18,2.0532445e-18,8.3051109e-11,8.3051109e-11,-8.2985896e-11,-8.2985896e-11,1.2490614e-05,1.2490614e-05,7.6595987e-16,7.6595987e-16,0.013367878,0.013367878,4.8237725e-14,4.8237725e-14,0.0066839376,0.0066839376,2.4082537e-14,2.4082537e-14,1.2480096e-05,1.2480096e-05,1.0511548e-08,1.0511548e-08,2.4960192e-06,2.4960192e-06,1.4630249e-16,1.4630249e-16,-1.9772071e-14,-1.9772071e-14,1.9771825e-14,1.9771825e-14,-1.029761e-19,-1.029761e-19,-6.6863778e-19,-6.6863778e-19,-1.0653405e-08,-1.0653405e-08,-2.1118411e-19,-2.1118411e-19,8.6957911e-19,8.6957911e-19,-2.5070992e-18,-2.5070992e-18,-1.0653405e-08,-1.0653405e-08,1.0688238e-10,1.0688238e-10,2.7823216e-34,2.7823216e-34
1.2480621e-05,1.2480621e-05,-1.2480621e-05,-1.2480621e-05,-5.2520956e-16,-5.2520956e-16,-7.8396611e-16,-7.8396611e-16,-1.2480621e-05,-1.2480621e-05,-8.6630409e-09,-8.6630409e-09,-1.4978954e-09,-1.4978954e-09,-8.5860856e-09,-8.5860856e-09,-1.4978954e-09,-1.4978954e-09,0,0,1.2490607e-05,1.2490607e-05,7.6428645e-16,7.6428645e-16,5.0186668e-10,5.0186668e-10,5.0186668e-10,5.0186668e-10,2.8659265e-18,2.8659265e-18,-8.4880743e-09,-8.4880743e-09,-1.4978954e-09,-1.4978954e-09,-8.4880743e-09,-8.4880743e-09,-1.4978954e-09,-1.4978954e-09,-3.598559e-17,-3.598559e-17,1.680834e-17,1.680834e-17,-9.9859697e-09,-9.9859697e-09,-1.8994706e-17,-1.8994706e-17,1.3476408e-10,1.3476408e-10,-1.6642799e-18,-1.6642799e-18,1.248911e-05,1.248911e-05,1.4978962e-09,1.4978962e-09,1.248911e-05,1.248911e-05,1.4978962e-09,1.4978962e-09,1.2490607e-05,1.2490607e-05,7.6272254e-16,7.6272254e-16,1.2480621e-05,1.2480621e-05,1.2480621e-05,1.2480621e-05,-1.4978954e-09,-1.4978954e-09,6.1949687e-14,6.1949687e-14,2.0532573e-18,2.0532573e-18,7.8898554e-11,7.8898554e-11,-7.8836602e-11,-7.8836602e-11,1.2490614e-05,1.2490614e-05,7.6736876e-16,7.6736876e-16,0.013367878,0.013367878,4.8325637e-14,4.8325637e-14,0.0066839376,0.0066839376,2.4125939e-14,2.4125939e-14,1.2480621e-05,1.2480621e-05,9.9859702e-09,9.9859702e-09,2.4961243e-06,2.4961243e-06,1.4655202e-16,1.4655202e-16,-1.9836328e-14,-1.9836328e-14,1.9836081e-14,1.9836081e-14,-1.0306421e-19,-1.0306421e-19,-6.686377e-19,-6.686377e-19,-1.0120735e-08,-1.0120735e-08,-2.1119989e-19,-2.1119989e-19,8.6957932e-19,8.6957932e-19,-2.5071002e-18,-2.5071002e-18,-1.0120735e-08,-1.0120735e-08,1.0581356e-10,1.0581356e-10,2.782359e-34,2.782359e-34
1.2481121e-05,1.2481121e-05,-1.2481121e-05,-1.2481121e-05,-5.2463188e-16,-5.2463188e-16,-7.855362e-16,-7.855362e-16,-1.2481121e-05,-1.2481121e-05,-8.232967e-09,-8.232967e-09,-1.4230006e-09,-1.4230006e-09,-8.1567813e-09,-8.1567813e-09,-1.4230006e-09,-1.4230006e-09,0,0,1.2490608e-05,1.2490608e-05,7.6569531e-16,7.6569531e-16,4.7677335e-10,4.7677335e-10,4.7677334e-10,4.7677334e-10,2.8659451e-18,2.8659451e-18,-8.0636706e-09,-8.0636706e-09,-1.4230006e-09,-1.4230006e-09,-8.0636705e-09,-8.0636705e-09,-1.4230006e-09,-1.4230006e-09,-3.6283841e-17,-3.6283841e-17,1.6945385e-17,1.6945385e-17,-9.4866712e-09,-9.4866712e-09,-1.9155913e-17,-1.9155913e-17,1.2802581e-10,1.2802581e-10,-1.8254716e-18,-1.8254716e-18,1.2489185e-05,1.2489185e-05,1.4230014e-09,1.4230014e-09,1.2489185e-05,1.2489185e-05,1.4230014e-09,1.4230014e-09,1.2490608e-05,1.2490608e-05,7.641314e-16,7.641314e-16,1.2481121e-05,1.2481121e-05,1.2481121e-05,1.2481121e-05,-1.4230006e-09,-1.4230006e-09,5.8852129e-14,5.8852129e-14,2.0532697e-18,2.0532697e-18,7.4953626e-11,7.4953626e-11,-7.4894771e-11,-7.4894771e-11,1.2490613e-05,1.2490613e-05,7.6877766e-16,7.6877766e-16,0.013367878,0.013367878,4.841355e-14,4.841355e-14,0.0066839376,0.0066839376,2.4169341e-14,2.4169341e-14,1.2481121e-05,1.2481121e-05,9.4866717e-09,9.4866717e-09,2.4962242e-06,2.4962242e-06,1.4680155e-16,1.4680155e-16,-1.9900586e-14,-1.9900586e-14,1.9900337e-14,1.9900337e-14,-1.0315029e-19,-1.0315029e-19,-6.6863761e-19,-6.6863761e-19,-9.6146984e-09,-9.6146984e-09,-2.1121493e-19,-2.1121493e-19,8.6957953e-19,8.6957953e-19,-2.5071012e-18,-2.5071012e-18,-9.6146984e-09,-9.6146984e-09,1.0475542e-10,1.0475542e-10,2.7823955e-34,2.7823955e-34
1.2481595e-05,1.2481595e-05,-1.2481595e-05,-1.2481595e-05,-5.2405081e-16,-5.2405081e-16,-7.8710631e-16,-7.8710631e-16,-1.2481595e-05,-1.2481595e-05,-7.8243661e-09,-7.8243661e-09,-1.3518506e-09,-1.3518506e-09,-7.7489422e-09,-7.7489422e-09,-1.3518506e-09,-1.3518506e-09,0,0,1.2490608e-05,1.2490608e-05,7.6710419e-16,7.6710419e-16,4.5293468e-10,4.5293468e-10,4.5293468e-10,4.5293468e-10,2.8659632e-18,2.8659632e-18,-7.6604871e-09,-7.6604871e-09,-1.3518506e-09,-1.3518506e-09,-7.660487e-09,-7.660487e-09,-1.3518506e-09,-1.3518506e-09,-3.6582105e-17,-3.6582105e-17,1.7082436e-17,1.7082436e-17,-9.0123376e-09,-9.0123376e-09,-1.9317126e-17,-1.9317126e-17,1.2162445e-10,1.2162445e-10,-1.9866704e-18,-1.9866704e-18,1.2489256e-05,1.2489256e-05,1.3518514e-09,1.3518514e-09,1.2489256e-05,1.2489256e-05,1.3518514e-09,1.3518514e-09,1.2490608e-05,1.2490608e-05,7.6554028e-16,7.6554028e-16,1.2481595e-05,1.2481595e-05,1.2481595e-05,1.2481595e-05,-1.3518506e-09,-1.3518506e-09,5.5909449e-14,5.5909449e-14,2.0532819e-18,2.0532819e-18,7.1205945e-11,7.1205945e-11,-7.1150033e-11,-7.1150033e-11,1.2490613e-05,1.2490613e-05,7.7018658e-16,7.7018658e-16,0.013367878,0.013367878,4.8501463e-14,4.8501463e-14,0.0066839376,0.0066839376,2.4212743e-14,2.4212743e-14,1.2481595e-05,1.2481595e-05,9.0123382e-09,9.0123382e-09,2.496319e-06,2.496319e-06,1.4705108e-16,1.4705108e-16,-1.9964844e-14,-1.9964844e-14,1.9964594e-14,1.9964594e-14,-1.032344e-19,-1.032344e-19,-6.6863753e-19,-6.6863753e-19,-9.1339635e-09,-9.1339635e-09,-2.1122927e-19,-2.1122927e-19,8.6957972e-19,8.6957972e-19,-2.5071021e-18,-2.5071021e-18,-9.1339635e-09,-9.1339635e-09,1.0370787e-10,1.0370787e-10,2.782431e-34,2.782431e-34
1.2482046e-05,1.2482046e-05,-1.2482046e-05,-1.2482046e-05,-5.2347144e-16,-5.2347144e-16,-7.8867645e-16,-7.8867645e-16,-1.2482046e-05,-1.2482046e-05,-7.4361648e-09,-7.4361648e-09,-1.284258e-09,-1.284258e-09,-7.3614951e-09,-7.3614951e-09,-1.284258e-09,-1.284258e-09,0,0,1.2490608e-05,1.2490608e-05,7.6851308e-16,7.6851308e-16,4.3028795e-10,4.3028795e-10,4.3028794e-10,4.3028794e-10,2.8659809e-18,2.8659809e-18,-7.2774627e-09,-7.2774627e-09,-1.2842581e-09,-1.2842581e-09,-7.2774627e-09,-7.2774627e-09,-1.2842581e-09,-1.2842581e-09,-3.688038e-17,-3.688038e-17,1.7219491e-17,1.7219491e-17,-8.5617207e-09,-8.5617207e-09,-1.9478345e-17,-1.9478345e-17,1.1554316e-10,1.1554316e-10,-2.1478762e-18,-2.1478762e-18,1.2489323e-05,1.2489323e-05,1.2842588e-09,1.2842588e-09,1.2489323e-05,1.2489323e-05,1.2842588e-09,1.2842588e-09,1.2490608e-05,1.2490608e-05,7.6694917e-16,7.6694917e-16,1.2482046e-05,1.2482046e-05,1.2482046e-05,1.2482046e-05,-1.2842581e-09,-1.2842581e-09,5.3113903e-14,5.3113903e-14,2.0532937e-18,2.0532937e-18,6.7645648e-11,6.7645648e-11,-6.7592531e-11,-6.7592531e-11,1.2490613e-05,1.2490613e-05,7.715955e-16,7.715955e-16,0.013367878,0.013367878,4.8589377e-14,4.8589377e-14,0.0066839376,0.0066839376,2.4256145e-14,2.4256145e-14,1.2482046e-05,1.2482046e-05,8.5617213e-09,8.5617213e-09,2.4964092e-06,2.4964092e-06,1.4730061e-16,1.4730061e-16,-2.0029102e-14,-2.0029102e-14,2.0028852e-14,2.0028852e-14,-1.0331657e-19,-1.0331657e-19,-6.6863746e-19,-6.6863746e-19,-8.6772653e-09,-8.6772653e-09,-2.1124294e-19,-2.1124294e-19,8.695799e-19,8.695799e-19,-2.507103e-18,-2.507103e-18,-8.6772653e-09,-8.6772653e-09,1.0267079e-10,1.0267079e-10,2.7824657e-34,2.7824657e-34
1.2482474e-05,1.2482474e-05,-1.2482474e-05,-1.2482474e-05,-5.2289377e-16,-5.2289377e-16,-7.9024659e-16,-7.9024659e-16,-1.2482474e-05,-1.2482474e-05,-7.0673433e-09,-7.0673433e-09,-1.2200451e-09,-1.2200451e-09,-6.9934204e-09,-6.9934204e-09,-1.2200451e-09,-1.2200451e-09,0,0,1.2490608e-05,1.2490608e-05,7.6992198e-16,7.6992198e-16,4.0877355e-10,4.0877355e-10,4.0877354e-10,4.0877354e-10,2.8659981e-18,2.8659981e-18,-6.9135896e-09,-6.9135896e-09,-1.2200452e-09,-1.2200452e-09,-6.9135895e-09,-6.9135895e-09,-1.2200452e-09,-1.2200452e-09,-3.7178666e-17,-3.7178666e-17,1.7356552e-17,1.7356552e-17,-8.1336347e-09,-8.1336347e-09,-1.9639571e-17,-1.9639571e-17,1.0976593e-10,1.0976593e-10,-2.3090888e-18,-2.3090888e-18,1.2489388e-05,1.2489388e-05,1.2200459e-09,1.2200459e-09,1.2489388e-05,1.2489388e-05,1.2200459e-09,1.2200459e-09,1.2490608e-05,1.2490608e-05,7.6835807e-16,7.6835807e-16,1.2482474e-05,1.2482474e-05,1.2482474e-05,1.2482474e-05,-1.2200452e-09,-1.2200452e-09,5.0458135e-14,5.0458135e-14,2.0533052e-18,2.0533052e-18,6.4263365e-11,6.4263365e-11,-6.4212905e-11,-6.4212905e-11,1.2490613e-05,1.2490613e-05,7.7300443e-16,7.7300443e-16,0.013367878,0.013367878,4.8677292e-14,4.8677292e-14,0.0066839376,0.0066839376,2.4299548e-14,2.4299548e-14,1.2482474e-05,1.2482474e-05,8.1336353e-09,8.1336353e-09,2.4964948e-06,2.4964948e-06,1.4755015e-16,1.4755015e-16,-2.0093361e-14,-2.0093361e-14,2.009311e-14,2.009311e-14,-1.0339685e-19,-1.0339685e-19,-6.6863738e-19,-6.6863738e-19,-8.243402e-09,-8.243402e-09,-2.1125596e-19,-2.1125596e-19,8.6958007e-19,8.6958007e-19,-2.5071038e-18,-2.5071038e-18,-8.243402e-09,-8.243402e-09,1.0164408e-10,1.0164408e-10,2.7824996e-34,2.7824996e-34
1.2482881e-05,1.2482881e-05,-1.2482881e-05,-1.2482881e-05,-5.223127e-16,-5.223127e-16,-7.9181676e-16,-7.9181676e-16,-1.2482881e-05,-1.2482881e-05,-6.7169331e-09,-6.7169331e-09,-1.1590429e-09,-1.1590429e-09,-6.6437493e-09,-6.6437493e-09,-1.1590429e-09,-1.1590429e-09,0,0,1.2490608e-05,1.2490608e-05,7.7133089e-16,7.7133089e-16,3.8833487e-10,3.8833487e-10,3.8833487e-10,3.8833487e-10,2.8660149e-18,2.8660149e-18,-6.5679101e-09,-6.5679101e-09,-1.1590429e-09,-1.1590429e-09,-6.5679101e-09,-6.5679101e-09,-1.1590429e-09,-1.1590429e-09,-3.7476964e-17,-3.7476964e-17,1.7493619e-17,1.7493619e-17,-7.726953e-09,-7.726953e-09,-1.9800802e-17,-1.9800802e-17,1.0427757e-10,1.0427757e-10,-2.4703082e-18,-2.4703082e-18,1.2489449e-05,1.2489449e-05,1.1590437e-09,1.1590437e-09,1.2489449e-05,1.2489449e-05,1.1590437e-09,1.1590437e-09,1.2490608e-05,1.2490608e-05,7.6976698e-16,7.6976698e-16,1.2482881e-05,1.2482881e-05,1.2482881e-05,1.2482881e-05,-1.1590429e-09,-1.1590429e-09,4.7935154e-14,4.7935154e-14,2.0533165e-18,2.0533165e-18,6.1050197e-11,6.1050197e-11,-6.1002259e-11,-6.1002259e-11,1.2490612e-05,1.2490612e-05,7.7441338e-16,7.7441338e-16,0.013367878,0.013367878,4.8765208e-14,4.8765208e-14,0.0066839376,0.0066839376,2.4342951e-14,2.4342951e-14,1.2482881e-05,1.2482881e-05,7.7269535e-09,7.7269535e-09,2.4965762e-06,2.4965762e-06,1.4779968e-16,1.4779968e-16,-2.015762e-14,-2.015762e-14,2.0157368e-14,2.0157368e-14,-1.0347529e-19,-1.0347529e-19,-6.6863732e-19,-6.6863732e-19,-7.8312319e-09,-7.8312319e-09,-2.1126838e-19,-2.1126838e-19,8.6958024e-19,8.6958024e-19,-2.5071046e-18,-2.5071046e-18,-7.8312319e-09,-7.8312319e-09,1.0062764e-10,1.0062764e-10,2.7825326e-34,2.7825326e-34
1.2483267e-05,1.2483267e-05,-1.2483267e-05,-1.2483267e-05,-5.2173333e-16,-5.2173333e-16,-7.9338694e-16,-7.9338694e-16,-1.2483267e-05,-1.2483267e-05,-6.3840138e-09,-6.3840138e-09,-1.1010907e-09,-1.1010907e-09,-6.3115619e-09,-6.3115619e-09,-1.1010907e-09,-1.1010907e-09,0,0,1.2490608e-05,1.2490608e-05,7.7273982e-16,7.7273982e-16,3.6891813e-10,3.6891813e-10,3.6891812e-10,3.6891812e-10,2.8660313e-18,2.8660313e-18,-6.2395146e-09,-6.2395146e-09,-1.1010907e-09,-1.1010907e-09,-6.2395146e-09,-6.2395146e-09,-1.1010908e-09,-1.1010908e-09,-3.7775273e-17,-3.7775273e-17,1.763069e-17,1.763069e-17,-7.3406053e-09,-7.3406053e-09,-1.996204e-17,-1.996204e-17,9.9063618e-11,9.9063618e-11,-2.631534e-18,-2.631534e-18,1.2489507e-05,1.2489507e-05,1.1010915e-09,1.1010915e-09,1.2489507e-05,1.2489507e-05,1.1010915e-09,1.1010915e-09,1.2490608e-05,1.2490608e-05,7.711759e-16,7.711759e-16,1.2483267e-05,1.2483267e-05,1.2483267e-05,1.2483267e-05,-1.1010908e-09,-1.1010908e-09,4.5538323e-14,4.5538323e-14,2.0533275e-18,2.0533275e-18,5.7997687e-11,5.7997687e-11,-5.7952146e-11,-5.7952146e-11,1.2490612e-05,1.2490612e-05,7.7582233e-16,7.7582233e-16,0.013367878,0.013367878,4.8853124e-14,4.8853124e-14,0.0066839376,0.0066839376,2.4386354e-14,2.4386354e-14,1.2483267e-05,1.2483267e-05,7.3406059e-09,7.3406059e-09,2.4966534e-06,2.4966534e-06,1.4804922e-16,1.4804922e-16,-2.0221879e-14,-2.0221879e-14,2.0221627e-14,2.0221627e-14,-1.0355192e-19,-1.0355192e-19,-6.6863725e-19,-6.6863725e-19,-7.4396703e-09,-7.4396703e-09,-2.1128022e-19,-2.1128022e-19,8.6958039e-19,8.6958039e-19,-2.5071053e-18,-2.5071053e-18,-7.4396703e-09,-7.4396703e-09,9.9621364e-11,9.9621364e-11,2.7825648e-34,2.7825648e-34
1.2483634e-05,1.2483634e-05,-1.2483634e-05,-1.2483634e-05,-5.2115396e-16,-5.2115396e-16,-7.9495714e-16,-7.9495714e-16,-1.2483634e-05,-1.2483634e-05,-6.0677112e-09,-6.0677112e-09,-1.0460362e-09,-1.0460362e-09,-5.9959838e-09,-5.9959838e-09,-1.0460362e-09,-1.0460362e-09,0,0,1.2490608e-05,1.2490608e-05,7.7414875e-16,7.7414875e-16,3.5047222e-10,3.5047222e-10,3.5047222e-10,3.5047222e-10,2.8660473e-18,2.8660473e-18,-5.9275389e-09,-5.9275389e-09,-1.0460362e-09,-1.0460362e-09,-5.9275388e-09,-5.9275388e-09,-1.0460362e-09,-1.0460362e-09,-3.8073593e-17,-3.8073593e-17,1.7767766e-17,1.7767766e-17,-6.9735751e-09,-6.9735751e-09,-2.0123283e-17,-2.0123283e-17,9.4110368e-11,9.4110368e-11,-2.7927663e-18,-2.7927663e-18,1.2489562e-05,1.2489562e-05,1.046037e-09,1.046037e-09,1.2489562e-05,1.2489562e-05,1.046037e-09,1.046037e-09,1.2490608e-05,1.2490608e-05,7.7258484e-16,7.7258484e-16,1.2483634e-05,1.2483634e-05,1.2483634e-05,1.2483634e-05,-1.0460362e-09,-1.0460362e-09,4.3261333e-14,4.3261333e-14,2.0533382e-18,2.0533382e-18,5.5097803e-11,5.5097803e-11,-5.5054539e-11,-5.5054539e-11,1.2490612e-05,1.2490612e-05,7.772313e-16,7.772313e-16,0.013367877,0.013367877,4.894104e-14,4.894104e-14,0.0066839376,0.0066839376,2.4429758e-14,2.4429758e-14,1.2483634e-05,1.2483634e-05,6.9735756e-09,6.9735756e-09,2.4967268e-06,2.4967268e-06,1.4829876e-16,1.4829876e-16,-2.0286139e-14,-2.0286139e-14,2.0285886e-14,2.0285886e-14,-1.0362679e-19,-1.0362679e-19,-6.6863719e-19,-6.6863719e-19,-7.0676868e-09,-7.0676868e-09,-2.112915e-19,-2.112915e-19,8.6958054e-19,8.6958054e-19,-2.507106e-18,-2.507106e-18,-7.0676868e-09,-7.0676868e-09,9.862515e-11,9.862515e-11,2.7825962e-34,2.7825962e-34
1.2483983e-05,1.2483983e-05,-1.2483983e-05,-1.2483983e-05,-5.205712e-16,-5.205712e-16,-7.9652736e-16,-7.9652736e-16,-1.2483983e-05,-1.2483983e-05,-5.7671947e-09,-5.7671947e-09,-9.9373438e-10,-9.9373438e-10,-5.6961846e-09,-5.6961846e-09,-9.9373438e-10,-9.9373438e-10,0,0,1.2490608e-05,1.2490608e-05,7.7555769e-16,7.7555769e-16,3.3294861e-10,3.3294861e-10,3.3294861e-10,3.3294861e-10,2.8660629e-18,2.8660629e-18,-5.6311619e-09,-5.6311619e-09,-9.9373439e-10,-9.9373439e-10,-5.6311619e-09,-5.6311619e-09,-9.9373441e-10,-9.9373441e-10,-3.8371923e-17,-3.8371923e-17,1.7904847e-17,1.7904847e-17,-6.6248963e-09,-6.6248963e-09,-2.0284532e-17,-2.0284532e-17,8.940478e-11,8.940478e-11,-2.9540047e-18,-2.9540047e-18,1.2489614e-05,1.2489614e-05,9.9373519e-10,9.9373519e-10,1.2489614e-05,1.2489614e-05,9.9373519e-10,9.9373519e-10,1.2490608e-05,1.2490608e-05,7.7399378e-16,7.7399378e-16,1.2483983e-05,1.2483983e-05,1.2483983e-05,1.2483983e-05,-9.9373441e-10,-9.9373441e-10,4.1098193e-14,4.1098193e-14,2.0533486e-18,2.0533486e-18,5.2342913e-11,5.2342913e-11,-5.2301812e-11,-5.2301812e-11,1.2490612e-05,1.2490612e-05,7.7864027e-16,7.7864027e-16,0.013367877,0.013367877,4.9028957e-14,4.9028957e-14,0.0066839376,0.0066839376,2.4473162e-14,2.4473162e-14,1.2483983e-05,1.2483983e-05,6.6248969e-09,6.6248969e-09,2.4967966e-06,2.4967966e-06,1.4854829e-16,1.4854829e-16,-2.03504e-14,-2.03504e-14,2.0350145e-14,2.0350145e-14,-1.0369994e-19,-1.0369994e-19,-6.6863713e-19,-6.6863713e-19,-6.7143025e-09,-6.7143025e-09,-2.1130225e-19,-2.1130225e-19,8.6958068e-19,8.6958068e-19,-2.5071067e-18,-2.5071067e-18,-6.7143025e-09,-6.7143025e-09,9.7638899e-11,9.7638899e-11,2.7826269e-34,2.7826269e-34
1.2484314e-05,1.2484314e-05,-1.2484314e-05,-1.2484314e-05,-5.1999183e-16,-5.1999183e-16,-7.9809759e-16,-7.9809759e-16,-1.2484314e-05,-1.2484314e-05,-5.4816754e-09,-5.4816754e-09,-9.4404765e-10,-9.4404765e-10,-5.4113754e-09,-5.4113754e-09,-9.4404765e-10,-9.4404765e-10,0,0,1.2490608e-05,1.2490608e-05,7.7696665e-16,7.7696665e-16,3.1630118e-10,3.1630118e-10,3.1630118e-10,3.1630118e-10,2.8660781e-18,2.8660781e-18,-5.3496038e-09,-5.3496038e-09,-9.4404767e-10,-9.4404767e-10,-5.3496038e-09,-5.3496038e-09,-9.4404769e-10,-9.4404769e-10,-3.8670263e-17,-3.8670263e-17,1.8041932e-17,1.8041932e-17,-6.2936515e-09,-6.2936515e-09,-2.0445787e-17,-2.0445787e-17,8.4934471e-11,8.4934471e-11,-3.1152492e-18,-3.1152492e-18,1.2489664e-05,1.2489664e-05,9.4404847e-10,9.4404847e-10,1.2489664e-05,1.2489664e-05,9.4404847e-10,9.4404847e-10,1.2490608e-05,1.2490608e-05,7.7540273e-16,7.7540273e-16,1.2484314e-05,1.2484314e-05,1.2484314e-05,1.2484314e-05,-9.4404769e-10,-9.4404769e-10,3.9043209e-14,3.9043209e-14,2.0533588e-18,2.0533588e-18,4.9725767e-11,4.9725767e-11,-4.9686721e-11,-4.9686721e-11,1.2490612e-05,1.2490612e-05,7.8004926e-16,7.8004926e-16,0.013367877,0.013367877,4.9116875e-14,4.9116875e-14,0.0066839376,0.0066839376,2.4516566e-14,2.4516566e-14,1.2484314e-05,1.2484314e-05,6.293652e-09,6.293652e-09,2.4968629e-06,2.4968629e-06,1.4879783e-16,1.4879783e-16,-2.041466e-14,-2.041466e-14,2.0414405e-14,2.0414405e-14,-1.0377141e-19,-1.0377141e-19,-6.6863707e-19,-6.6863707e-19,-6.3785874e-09,-6.3785874e-09,-2.1131251e-19,-2.1131251e-19,8.6958082e-19,8.6958082e-19,-2.5071073e-18,-2.5071073e-18,-6.3785874e-09,-6.3785874e-09,9.666251e-11,9.666251e-11,2.7826568e-34,2.7826568e-34
1.2484629e-05,1.2484629e-05,-1.2484629e-05,-1.2484629e-05,-5.1941246e-16,-5.1941246e-16,-7.9966783e-16,-7.9966783e-16,-1.2484629e-05,-1.2484629e-05,-5.2104036e-09,-5.2104036e-09,-8.9684527e-10,-8.9684527e-10,-5.1408066e-09,-5.1408066e-09,-8.9684527e-10,-8.9684527e-10,0,0,1.2490608e-05,1.2490608e-05,7.7837561e-16,7.7837561e-16,3.0048612e-10,3.0048612e-10,3.0048612e-10,3.0048612e-10,2.866093e-18,2.866093e-18,-5.0821236e-09,-5.0821236e-09,-8.9684528e-10,-8.9684528e-10,-5.0821236e-09,-5.0821236e-09,-8.968453e-10,-8.968453e-10,-3.8968613e-17,-3.8968613e-17,1.8179022e-17,1.8179022e-17,-5.9789689e-09,-5.9789689e-09,-2.0607047e-17,-2.0607047e-17,8.0687679e-11,8.0687679e-11,-3.2764997e-18,-3.2764997e-18,1.2489711e-05,1.2489711e-05,8.9684608e-10,8.9684608e-10,1.2489711e-05,1.2489711e-05,8.9684608e-10,8.9684608e-10,1.2490608e-05,1.2490608e-05,7.768117e-16,7.768117e-16,1.2484629e-05,1.2484629e-05,1.2484629e-05,1.2484629e-05,-8.968453e-10,-8.968453e-10,3.7090975e-14,3.7090975e-14,2.0533688e-18,2.0533688e-18,4.7239479e-11,4.7239479e-11,-4.7202385e-11,-4.7202385e-11,1.2490612e-05,1.2490612e-05,7.8145825e-16,7.8145825e-16,0.013367877,0.013367877,4.9204794e-14,4.9204794e-14,0.0066839376,0.0066839376,2.455997e-14,2.455997e-14,1.2484629e-05,1.2484629e-05,5.9789695e-09,5.9789695e-09,2.4969258e-06,2.4969258e-06,1.4904737e-16,1.4904737e-16,-2.0478921e-14,-2.0478921e-14,2.0478666e-14,2.0478666e-14,-1.0384123e-19,-1.0384123e-19,-6.6863702e-19,-6.6863702e-19,-6.059658e-09,-6.059658e-09,-2.1132228e-19,-2.1132228e-19,8.6958095e-19,8.6958095e-19,-2.5071079e-18,-2.5071079e-18,-6.059658e-09,-6.059658e-09,9.5695885e-11,9.5695885e-11,2.7826859e-34,2.7826859e-34
1.2484928e-05,1.2484928e-05,-1.2484928e-05,-1.2484928e-05,-5.1883309e-16,-5.1883309e-16,-8.012381e-16,-8.012381e-16,-1.2484928e-05,-1.2484928e-05,-4.9526673e-09,-4.9526673e-09,-8.52003e-10,-8.52003e-10,-4.8837663e-09,-4.8837663e-09,-8.52003e-10,-8.52003e-10,0,0,1.2490608e-05,1.2490608e-05,7.7978458e-16,7.7978458e-16,2.8546182e-10,2.8546182e-10,2.8546181e-10,2.8546181e-10,2.8661075e-18,2.8661075e-18,-4.8280175e-09,-4.8280175e-09,-8.5200301e-10,-8.5200301e-10,-4.8280174e-09,-4.8280174e-09,-8.5200303e-10,-8.5200303e-10,-3.9266973e-17,-3.9266973e-17,1.8316117e-17,1.8316117e-17,-5.6800205e-09,-5.6800205e-09,-2.0768313e-17,-2.0768313e-17,7.6653225e-11,7.6653225e-11,-3.437756e-18,-3.437756e-18,1.2489756e-05,1.2489756e-05,8.5200382e-10,8.5200382e-10,1.2489756e-05,1.2489756e-05,8.5200381e-10,8.5200381e-10,1.2490608e-05,1.2490608e-05,7.7822067e-16,7.7822067e-16,1.2484928e-05,1.2484928e-05,1.2484928e-05,1.2484928e-05,-8.5200304e-10,-8.5200304e-10,3.5236352e-14,3.5236352e-14,2.0533785e-18,2.0533785e-18,4.4877505e-11,4.4877505e-11,-4.4842266e-11,-4.4842266e-11,1.2490611e-05,1.2490611e-05,7.8286725e-16,7.8286725e-16,0.013367877,0.013367877,4.9292712e-14,4.9292712e-14,0.0066839377,0.0066839377,2.4603375e-14,2.4603375e-14,1.2484928e-05,1.2484928e-05,5.680021e-09,5.680021e-09,2.4969856e-06,2.4969856e-06,1.4929692e-16,1.4929692e-16,-2.0543183e-14,-2.0543183e-14,2.0542926e-14,2.0542926e-14,-1.0390945e-19,-1.0390945e-19,-6.6863697e-19,-6.6863697e-19,-5.7566751e-09,-5.7566751e-09,-2.1133159e-19,-2.1133159e-19,8.6958107e-19,8.6958107e-19,-2.5071085e-18,-2.5071085e-18,-5.7566751e-09,-5.7566751e-09,9.4738926e-11,9.4738926e-11,2.7827144e-34,2.7827144e-34
1.2485212e-05,1.2485212e-05,-1.2485212e-05,-1.2485212e-05,-5.1825203e-16,-5.1825203e-16,-8.0280837e-16,-8.0280837e-16,-1.2485212e-05,-1.2485212e-05,-4.70779e-09,-4.70779e-09,-8.0940285e-10,-8.0940285e-10,-4.639578e-09,-4.639578e-09,-8.0940285e-10,-8.0940285e-10,0,0,1.2490608e-05,1.2490608e-05,7.8119357e-16,7.8119357e-16,2.7118873e-10,2.7118873e-10,2.7118872e-10,2.7118872e-10,2.8661217e-18,2.8661217e-18,-4.5866166e-09,-4.5866166e-09,-8.0940286e-10,-8.0940286e-10,-4.5866166e-09,-4.5866166e-09,-8.0940288e-10,-8.0940288e-10,-3.9565342e-17,-3.9565342e-17,1.8453215e-17,1.8453215e-17,-5.3960194e-09,-5.3960194e-09,-2.0929583e-17,-2.0929583e-17,7.2820495e-11,7.2820495e-11,-3.5990179e-18,-3.5990179e-18,1.2489799e-05,1.2489799e-05,8.0940366e-10,8.0940366e-10,1.2489799e-05,1.2489799e-05,8.0940366e-10,8.0940366e-10,1.2490608e-05,1.2490608e-05,7.7962965e-16,7.7962965e-16,1.2485212e-05,1.2485212e-05,1.2485212e-05,1.2485212e-05,-8.0940288e-10,-8.0940288e-10,3.3474461e-14,3.3474461e-14,2.053388e-18,2.053388e-18,4.263363e-11,4.263363e-11,-4.2600152e-11,-4.2600152e-11,1.2490611e-05,1.2490611e-05,7.8427627e-16,7.8427627e-16,0.013367877,0.013367877,4.9380632e-14,4.9380632e-14,0.0066839377,0.0066839377,2.464678e-14,2.464678e-14,1.2485212e-05,1.2485212e-05,5.39602e-09,5.39602e-09,2.4970424e-06,2.4970424e-06,1.4954646e-16,1.4954646e-16,-2.0607445e-14,-2.0607445e-14,2.0607187e-14,2.0607187e-14,-1.039761e-19,-1.039761e-19,-6.6863692e-19,-6.6863692e-19,-5.4688413e-09,-5.4688413e-09,-2.1134046e-19,-2.1134046e-19,8.6958118e-19,8.6958118e-19,-2.5071091e-18,-2.5071091e-18,-5.4688413e-09,-5.4688413e-09,9.3791536e-11,9.3791536e-11,2.7827421e-34,2.7827421e-34
1.2485482e-05,1.2485482e-05,-1.2485482e-05,-1.2485482e-05,-5.1767266e-16,-5.1767266e-16,-8.0437866e-16,-8.0437866e-16,-1.2485482e-05,-1.2485482e-05,-4.475129e-09,-4.475129e-09,-7.689327e-10,-7.689327e-10,-4.4075991e-09,-4.4075991e-09,-7.689327e-10,-7.689327e-10,0,0,1.2490608e-05,1.2490608e-05,7.8260256e-16,7.8260256e-16,2.5762929e-10,2.5762929e-10,2.5762929e-10,2.5762929e-10,2.8661355e-18,2.8661355e-18,-4.3572858e-09,-4.3572858e-09,-7.6893271e-10,-7.6893271e-10,-4.3572857e-09,-4.3572857e-09,-7.6893273e-10,-7.6893273e-10,-3.9863721e-17,-3.9863721e-17,1.8590318e-17,1.8590318e-17,-5.1262185e-09,-5.1262185e-09,-2.1090859e-17,-2.1090859e-17,6.9179401e-11,6.9179401e-11,-3.7602853e-18,-3.7602853e-18,1.2489839e-05,1.2489839e-05,7.6893352e-10,7.6893352e-10,1.2489839e-05,1.2489839e-05,7.6893352e-10,7.6893352e-10,1.2490608e-05,1.2490608e-05,7.8103865e-16,7.8103865e-16,1.2485482e-05,1.2485482e-05,1.2485482e-05,1.2485482e-05,-7.6893274e-10,-7.6893274e-10,3.1800664e-14,3.1800664e-14,2.0533972e-18,2.0533972e-18,4.0501948e-11,4.0501948e-11,-4.0470145e-11,-4.0470145e-11,1.2490611e-05,1.2490611e-05,7.8568529e-16,7.8568529e-16,0.013367877,0.013367877,4.9468552e-14,4.9468552e-14,0.0066839377,0.0066839377,2.4690185e-14,2.4690185e-14,1.2485482e-05,1.2485482e-05,5.126219e-09,5.126219e-09,2.4970964e-06,2.4970964e-06,1.49796e-16,1.49796e-16,-2.0671707e-14,-2.0671707e-14,2.0671449e-14,2.0671449e-14,-1.0404122e-19,-1.0404122e-19,-6.6863688e-19,-6.6863688e-19,-5.1953993e-09,-5.1953993e-09,-2.1134892e-19,-2.1134892e-19,8.6958129e-19,8.6958129e-19,-2.5071096e-18,-2.5071096e-18,-5.1953993e-09,-5.1953993e-09,9.2853621e-11,9.2853621e-11,2.7827692e-34,2.7827692e-34
1.2485738e-05,1.2485738e-05,-1.2485738e-05,-1.2485738e-05,-5.1709329e-16,-5.1709329e-16,-8.0594896e-16,-8.0594896e-16,-1.2485738e-05,-1.2485738e-05,-4.2540737e-09,-4.2540737e-09,-7.3048606e-10,-7.3048606e-10,-4.1872191e-09,-4.1872191e-09,-7.3048606e-10,-7.3048606e-10,0,0,1.2490608e-05,1.2490608e-05,7.8401156e-16,7.8401156e-16,2.4474783e-10,2.4474783e-10,2.4474782e-10,2.4474782e-10,2.8661489e-18,2.8661489e-18,-4.1394215e-09,-4.1394215e-09,-7.3048608e-10,-7.3048608e-10,-4.1394215e-09,-4.1394215e-09,-7.304861e-10,-7.304861e-10,-4.0162109e-17,-4.0162109e-17,1.8727425e-17,1.8727425e-17,-4.8699075e-09,-4.8699075e-09,-2.125214e-17,-2.125214e-17,6.5720362e-11,6.5720362e-11,-3.9215582e-18,-3.9215582e-18,1.2489878e-05,1.2489878e-05,7.3048688e-10,7.3048688e-10,1.2489878e-05,1.2489878e-05,7.3048688e-10,7.3048688e-10,1.2490608e-05,1.2490608e-05,7.8244765e-16,7.8244765e-16,1.2485738e-05,1.2485738e-05,1.2485738e-05,1.2485738e-05,-7.304861e-10,-7.304861e-10,3.0210556e-14,3.0210556e-14,2.0534062e-18,2.0534062e-18,3.8476851e-11,3.8476851e-11,-3.8446637e-11,-3.8446637e-11,1.2490611e-05,1.2490611e-05,7.8709431e-16,7.8709431e-16,0.013367877,0.013367877,4.9556472e-14,4.9556472e-14,0.0066839377,0.0066839377,2.473359e-14,2.473359e-14,1.2485738e-05,1.2485738e-05,4.8699081e-09,4.8699081e-09,2.4971476e-06,2.4971476e-06,1.5004554e-16,1.5004554e-16,-2.0735969e-14,-2.0735969e-14,2.073571e-14,2.073571e-14,-1.0410484e-19,-1.0410484e-19,-6.6863683e-19,-6.6863683e-19,-4.9356293e-09,-4.9356293e-09,-2.1135698e-19,-2.1135698e-19,8.6958139e-19,8.6958139e-19,-2.5071101e-18,-2.5071101e-18,-4.9356293e-09,-4.9356293e-09,9.1925085e-11,9.1925085e-11,2.7827956e-34,2.7827956e-34
1.2485982e-05,1.2485982e-05,-1.2485982e-05,-1.2485982e-05,-5.1651391e-16,-5.1651391e-16,-8.0751928e-16,-8.0751928e-16,-1.2485982e-05,-1.2485982e-05,-4.0440442e-09,-4.0440442e-09,-6.9396175e-10,-6.9396175e-10,-3.9778582e-09,-3.9778582e-09,-6.9396175e-10,-6.9396175e-10,0,0,1.2490608e-05,1.2490608e-05,7.8542057e-16,7.8542057e-16,2.3251044e-10,2.3251044e-10,2.3251043e-10,2.3251043e-10,2.8661621e-18,2.8661621e-18,-3.9324504e-09,-3.9324504e-09,-6.9396177e-10,-6.9396177e-10,-3.9324504e-09,-3.9324504e-09,-6.9396179e-10,-6.9396179e-10,-4.0460506e-17,-4.0460506e-17,1.8864536e-17,1.8864536e-17,-4.6264122e-09,-4.6264122e-09,-2.1413426e-17,-2.1413426e-17,6.2434274e-11,6.2434274e-11,-4.0828363e-18,-4.0828363e-18,1.2489914e-05,1.2489914e-05,6.9396258e-10,6.9396258e-10,1.2489914e-05,1.2489914e-05,6.9396257e-10,6.9396257e-10,1.2490608e-05,1.2490608e-05,7.8385666e-16,7.8385666e-16,1.2485982e-05,1.2485982e-05,1.2485982e-05,1.2485982e-05,-6.9396179e-10,-6.9396179e-10,2.8699955e-14,2.8699955e-14,2.053415e-18,2.053415e-18,3.6553008e-11,3.6553008e-11,-3.6524306e-11,-3.6524306e-11,1.2490611e-05,1.2490611e-05,7.8850335e-16,7.8850335e-16,0.013367877,0.013367877,4.9644393e-14,4.9644393e-14,0.0066839377,0.0066839377,2.4776996e-14,2.4776996e-14,1.2485982e-05,1.2485982e-05,4.6264127e-09,4.6264127e-09,2.4971963e-06,2.4971963e-06,1.5029509e-16,1.5029509e-16,-2.0800232e-14,-2.0800232e-14,2.0799973e-14,2.0799973e-14,-1.04167e-19,-1.04167e-19,-6.6863679e-19,-6.6863679e-19,-4.6888478e-09,-4.6888478e-09,-2.1136467e-19,-2.1136467e-19,8.6958149e-19,8.6958149e-19,-2.5071106e-18,-2.5071106e-18,-4.6888478e-09,-4.6888478e-09,9.1005834e-11,9.1005834e-11,2.7828214e-34,2.7828214e-34
1.2486213e-05,1.2486213e-05,-1.2486213e-05,-1.2486213e-05,-5.1593116e-16,-5.1593116e-16,-8.0908961e-16,-8.0908961e-16,-1.2486213e-05,-1.2486213e-05,-3.8444895e-09,-3.8444895e-09,-6.5926366e-10,-6.5926366e-10,-3.7789653e-09,-3.7789653e-09,-6.5926366e-10,-6.5926366e-10,0,0,1.2490608e-05,1.2490608e-05,7.8682959e-16,7.8682959e-16,2.2088492e-10,2.2088492e-10,2.2088491e-10,2.2088491e-10,2.8661749e-18,2.8661749e-18,-3.7358279e-09,-3.7358279e-09,-6.5926368e-10,-6.5926368e-10,-3.7358279e-09,-3.7358279e-09,-6.592637e-10,-6.592637e-10,-4.0758911e-17,-4.0758911e-17,1.9001651e-17,1.9001651e-17,-4.3950916e-09,-4.3950916e-09,-2.1574716e-17,-2.1574716e-17,5.9312491e-11,5.9312491e-11,-4.2441196e-18,-4.2441196e-18,1.2489949e-05,1.2489949e-05,6.5926449e-10,6.5926449e-10,1.2489949e-05,1.2489949e-05,6.5926448e-10,6.5926448e-10,1.2490608e-05,1.2490608e-05,7.8526567e-16,7.8526567e-16,1.2486213e-05,1.2486213e-05,1.2486213e-05,1.2486213e-05,-6.592637e-10,-6.592637e-10,2.7264883e-14,2.7264883e-14,2.0534236e-18,2.0534236e-18,3.4725358e-11,3.4725358e-11,-3.469809e-11,-3.469809e-11,1.2490611e-05,1.2490611e-05,7.8991239e-16,7.8991239e-16,0.013367877,0.013367877,4.9732314e-14,4.9732314e-14,0.0066839377,0.0066839377,2.4820402e-14,2.4820402e-14,1.2486213e-05,1.2486213e-05,4.3950921e-09,4.3950921e-09,2.4972426e-06,2.4972426e-06,1.5054463e-16,1.5054463e-16,-2.0864495e-14,-2.0864495e-14,2.0864235e-14,2.0864235e-14,-1.0422772e-19,-1.0422772e-19,-6.6863675e-19,-6.6863675e-19,-4.4544054e-09,-4.4544054e-09,-2.1137199e-19,-2.1137199e-19,8.6958159e-19,8.6958159e-19,-2.507111e-18,-2.507111e-18,-4.4544055e-09,-4.4544055e-09,9.0095776e-11,9.0095776e-11,2.7828466e-34,2.7828466e-34
1.2486433e-05,1.2486433e-05,-1.2486433e-05,-1.2486433e-05,-5.1535009e-16,-5.1535009e-16,-8.1065995e-16,-8.1065995e-16,-1.2486433e-05,-1.2486433e-05,-3.654886e-09,-3.654886e-09,-6.2630047e-10,-6.2630047e-10,-3.590017e-09,-3.590017e-09,-6.2630047e-10,-6.2630047e-10,0,0,1.2490608e-05,1.2490608e-05,7.8823861e-16,7.8823861e-16,2.0984067e-10,2.0984067e-10,2.0984067e-10,2.0984067e-10,2.8661875e-18,2.8661875e-18,-3.5490365e-09,-3.5490365e-09,-6.2630049e-10,-6.2630049e-10,-3.5490365e-09,-3.5490365e-09,-6.2630051e-10,-6.2630051e-10,-4.1057325e-17,-4.1057325e-17,1.913877e-17,1.913877e-17,-4.175337e-09,-4.175337e-09,-2.1736011e-17,-2.1736011e-17,5.6346798e-11,5.6346798e-11,-4.4054079e-18,-4.4054079e-18,1.2489982e-05,1.2489982e-05,6.263013e-10,6.263013e-10,1.2489982e-05,1.2489982e-05,6.263013e-10,6.263013e-10,1.2490608e-05,1.2490608e-05,7.866747e-16,7.866747e-16,1.2486433e-05,1.2486433e-05,1.2486433e-05,1.2486433e-05,-6.2630051e-10,-6.2630051e-10,2.5901565e-14,2.5901565e-14,2.053432e-18,2.053432e-18,3.298909e-11,3.298909e-11,-3.2963186e-11,-3.2963186e-11,1.2490611e-05,1.2490611e-05,7.9132145e-16,7.9132145e-16,0.013367877,0.013367877,4.9820236e-14,4.9820236e-14,0.0066839377,0.0066839377,2.4863808e-14,2.4863808e-14,1.2486433e-05,1.2486433e-05,4.1753375e-09,4.1753375e-09,2.4972866e-06,2.4972866e-06,1.5079418e-16,1.5079418e-16,-2.0928759e-14,-2.0928759e-14,2.0928498e-14,2.0928498e-14,-1.0428705e-19,-1.0428705e-19,-6.6863672e-19,-6.6863672e-19,-4.2316852e-09,-4.2316852e-09,-2.1137897e-19,-2.1137897e-19,8.6958168e-19,8.6958168e-19,-2.5071114e-18,-2.5071114e-18,-4.2316852e-09,-4.2316852e-09,8.9194818e-11,8.9194818e-11,2.7828711e-34,2.7828711e-34
1.2486642e-05,1.2486642e-05,-1.2486642e-05,-1.2486642e-05,-5.1477072e-16,-5.1477072e-16,-8.1223031e-16,-8.1223031e-16,-1.2486642e-05,-1.2486642e-05,-3.4747364e-09,-3.4747364e-09,-5.9498545e-10,-5.9498545e-10,-3.4105162e-09,-3.4105162e-09,-5.9498545e-10,-5.9498545e-10,0,0,1.2490608e-05,1.2490608e-05,7.8964765e-16,7.8964765e-16,1.9934864e-10,1.9934864e-10,1.9934863e-10,1.9934863e-10,2.8661997e-18,2.8661997e-18,-3.3715847e-09,-3.3715847e-09,-5.9498546e-10,-5.9498546e-10,-3.3715846e-09,-3.3715846e-09,-5.9498548e-10,-5.9498548e-10,-4.1355747e-17,-4.1355747e-17,1.9275892e-17,1.9275892e-17,-3.9665701e-09,-3.9665701e-09,-2.1897311e-17,-2.1897311e-17,5.3529389e-11,5.3529389e-11,-4.5667011e-18,-4.5667011e-18,1.2490013e-05,1.2490013e-05,5.9498627e-10,5.9498627e-10,1.2490013e-05,1.2490013e-05,5.9498627e-10,5.9498627e-10,1.2490608e-05,1.2490608e-05,7.8808374e-16,7.8808374e-16,1.2486642e-05,1.2486642e-05,1.2486642e-05,1.2486642e-05,-5.9498548e-10,-5.9498548e-10,2.4606412e-14,2.4606412e-14,2.0534402e-18,2.0534402e-18,3.1339635e-11,3.1339635e-11,-3.1315026e-11,-3.1315026e-11,1.2490611e-05,1.2490611e-05,7.927305e-16,7.927305e-16,0.013367877,0.013367877,4.9908158e-14,4.9908158e-14,0.0066839377,0.0066839377,2.4907214e-14,2.4907214e-14,1.2486642e-05,1.2486642e-05,3.9665707e-09,3.9665707e-09,2.4973283e-06,2.4973283e-06,1.5104373e-16,1.5104373e-16,-2.0993023e-14,-2.0993023e-14,2.0992761e-14,2.0992761e-14,-1.0434502e-19,-1.0434502e-19,-6.6863668e-19,-6.6863668e-19,-4.0201009e-09,-4.0201009e-09,-2.1138562e-19,-2.1138562e-19,8.6958176e-19,8.6958176e-19,-2.5071118e-18,-2.5071118e-18,-4.0201009e-09,-4.0201009e-09,8.830287e-11,8.830287e-11,2.7828951e-34,2.7828951e-34
1.248684e-05,1.248684e-05,-1.248684e-05,-1.248684e-05,-5.1418966e-16,-5.1418966e-16,-8.1380068e-16,-8.1380068e-16,-1.248684e-05,-1.248684e-05,-3.3035684e-09,-3.3035684e-09,-5.6523617e-10,-5.6523617e-10,-3.2399904e-09,-3.2399904e-09,-5.6523617e-10,-5.6523617e-10,0,0,1.2490608e-05,1.2490608e-05,7.9105669e-16,7.9105669e-16,1.8938121e-10,1.8938121e-10,1.893812e-10,1.893812e-10,2.8662116e-18,2.8662116e-18,-3.2030055e-09,-3.2030055e-09,-5.6523619e-10,-5.6523619e-10,-3.2030054e-09,-3.2030054e-09,-5.6523621e-10,-5.6523621e-10,-4.1654177e-17,-4.1654177e-17,1.9413018e-17,1.9413018e-17,-3.7682416e-09,-3.7682416e-09,-2.2058615e-17,-2.2058615e-17,5.085285e-11,5.085285e-11,-4.7279991e-18,-4.7279991e-18,1.2490043e-05,1.2490043e-05,5.65237e-10,5.65237e-10,1.2490043e-05,1.2490043e-05,5.65237e-10,5.65237e-10,1.2490608e-05,1.2490608e-05,7.8949278e-16,7.8949278e-16,1.248684e-05,1.248684e-05,1.248684e-05,1.248684e-05,-5.6523621e-10,-5.6523621e-10,2.3376017e-14,2.3376017e-14,2.0534481e-18,2.0534481e-18,2.9772654e-11,2.9772654e-11,-2.9749275e-11,-2.9749275e-11,1.2490611e-05,1.2490611e-05,7.9413957e-16,7.9413957e-16,0.013367877,0.013367877,4.9996081e-14,4.9996081e-14,0.0066839377,0.0066839377,2.4950621e-14,2.4950621e-14,1.248684e-05,1.248684e-05,3.7682422e-09,3.7682422e-09,2.497368e-06,2.497368e-06,1.5129327e-16,1.5129327e-16,-2.1057287e-14,-2.1057287e-14,2.1057024e-14,2.1057024e-14,-1.0440166e-19,-1.0440166e-19,-6.6863665e-19,-6.6863665e-19,-3.8190959e-09,-3.8190959e-09,-2.1139196e-19,-2.1139196e-19,8.6958184e-19,8.6958184e-19,-2.5071122e-18,-2.5071122e-18,-3.8190959e-09,-3.8190959e-09,8.7419841e-11,8.7419841e-11,2.7829184e-34,2.7829184e-34
1.2487028e-05,1.2487028e-05,-1.2487028e-05,-1.2487028e-05,-5.1360859e-16,-5.1360859e-16,-8.1537106e-16,-8.1537106e-16,-1.2487028e-05,-1.2487028e-05,-3.1409331e-09,-3.1409331e-09,-5.3697436e-10,-5.3697436e-10,-3.0779908e-09,-3.0779908e-09,-5.3697436e-10,-5.3697436e-10,0,0,1.2490608e-05,1.2490608e-05,7.9246574e-16,7.9246574e-16,1.7991215e-10,1.7991215e-10,1.7991214e-10,1.7991214e-10,2.8662232e-18,2.8662232e-18,-3.0428552e-09,-3.0428552e-09,-5.3697437e-10,-5.3697437e-10,-3.0428551e-09,-3.0428551e-09,-5.3697439e-10,-5.3697439e-10,-4.1952616e-17,-4.1952616e-17,1.9550148e-17,1.9550148e-17,-3.5798295e-09,-3.5798295e-09,-2.2219924e-17,-2.2219924e-17,4.8310138e-11,4.8310138e-11,-4.8893018e-18,-4.8893018e-18,1.2490071e-05,1.2490071e-05,5.3697519e-10,5.3697519e-10,1.2490071e-05,1.2490071e-05,5.3697519e-10,5.3697519e-10,1.2490608e-05,1.2490608e-05,7.9090183e-16,7.9090183e-16,1.2487028e-05,1.2487028e-05,1.2487028e-05,1.2487028e-05,-5.369744e-10,-5.369744e-10,2.2207142e-14,2.2207142e-14,2.0534559e-18,2.0534559e-18,2.8284021e-11,2.8284021e-11,-2.8261811e-11,-2.8261811e-11,1.249061e-05,1.249061e-05,7.9554864e-16,7.9554864e-16,0.013367876,0.013367876,5.0084004e-14,5.0084004e-14,0.0066839377,0.0066839377,2.4994027e-14,2.4994027e-14,1.2487028e-05,1.2487028e-05,3.5798301e-09,3.5798301e-09,2.4974057e-06,2.4974057e-06,1.5154282e-16,1.5154282e-16,-2.1121551e-14,-2.1121551e-14,2.1121288e-14,2.1121288e-14,-1.0445699e-19,-1.0445699e-19,-6.6863662e-19,-6.6863662e-19,-3.6281411e-09,-3.6281411e-09,-2.1139801e-19,-2.1139801e-19,8.6958192e-19,8.6958192e-19,-2.5071126e-18,-2.5071126e-18,-3.6281411e-09,-3.6281411e-09,8.6545643e-11,8.6545643e-11,2.7829412e-34,2.7829412e-34
1.2487207e-05,1.2487207e-05,-1.2487207e-05,-1.2487207e-05,-5.1302753e-16,-5.1302753e-16,-8.1694145e-16,-8.1694145e-16,-1.2487207e-05,-1.2487207e-05,-2.9864042e-09,-2.9864042e-09,-5.1012563e-10,-5.1012563e-10,-2.9240913e-09,-2.9240913e-09,-5.1012563e-10,-5.1012563e-10,0,0,1.2490608e-05,1.2490608e-05,7.938748e-16,7.938748e-16,1.7091654e-10,1.7091654e-10,1.7091653e-10,1.7091653e-10,2.8662346e-18,2.8662346e-18,-2.8907124e-09,-2.8907124e-09,-5.1012565e-10,-5.1012565e-10,-2.8907124e-09,-2.8907124e-09,-5.1012567e-10,-5.1012567e-10,-4.2251062e-17,-4.2251062e-17,1.9687281e-17,1.9687281e-17,-3.4008381e-09,-3.4008381e-09,-2.2381237e-17,-2.2381237e-17,4.5894562e-11,4.5894562e-11,-5.050609e-18,-5.050609e-18,1.2490098e-05,1.2490098e-05,5.1012647e-10,5.1012647e-10,1.2490098e-05,1.2490098e-05,5.1012647e-10,5.1012647e-10,1.2490608e-05,1.2490608e-05,7.9231089e-16,7.9231089e-16,1.2487207e-05,1.2487207e-05,1.2487207e-05,1.2487207e-05,-5.1012567e-10,-5.1012567e-10,2.1096711e-14,2.1096711e-14,2.0534635e-18,2.0534635e-18,2.686982e-11,2.686982e-11,-2.684872e-11,-2.684872e-11,1.249061e-05,1.249061e-05,7.9695773e-16,7.9695773e-16,0.013367876,0.013367876,5.0171928e-14,5.0171928e-14,0.0066839377,0.0066839377,2.5037434e-14,2.5037434e-14,1.2487207e-05,1.2487207e-05,3.4008386e-09,3.4008386e-09,2.4974415e-06,2.4974415e-06,1.5179237e-16,1.5179237e-16,-2.1185816e-14,-2.1185816e-14,2.1185551e-14,2.1185551e-14,-1.0451105e-19,-1.0451105e-19,-6.6863659e-19,-6.6863659e-19,-3.446734e-09,-3.446734e-09,-2.1140376e-19,-2.1140376e-19,8.6958199e-19,8.6958199e-19,-2.5071129e-18,-2.5071129e-18,-3.446734e-09,-3.446734e-09,8.5680186e-11,8.5680186e-11,2.7829635e-34,2.7829635e-34
1.2487377e-05,1.2487377e-05,-1.2487377e-05,-1.2487377e-05,-5.1244646e-16,-5.1244646e-16,-8.1851185e-16,-8.1851185e-16,-1.2487377e-05,-1.2487377e-05,-2.8395765e-09,-2.8395765e-09,-4.8461935e-10,-4.8461935e-10,-2.7778867e-09,-2.7778867e-09,-4.8461935e-10,-4.8461935e-10,0,0,1.2490608e-05,1.2490608e-05,7.9528387e-16,7.9528387e-16,1.6237071e-10,1.6237071e-10,1.6237071e-10,1.6237071e-10,2.8662457e-18,2.8662457e-18,-2.7461768e-09,-2.7461768e-09,-4.8461936e-10,-4.8461936e-10,-2.7461768e-09,-2.7461768e-09,-4.8461939e-10,-4.8461939e-10,-4.2549515e-17,-4.2549515e-17,1.9824417e-17,1.9824417e-17,-3.2307962e-09,-3.2307962e-09,-2.2542554e-17,-2.2542554e-17,4.3599765e-11,4.3599765e-11,-5.2119208e-18,-5.2119208e-18,1.2490124e-05,1.2490124e-05,4.8462018e-10,4.8462018e-10,1.2490124e-05,1.2490124e-05,4.8462018e-10,4.8462018e-10,1.2490608e-05,1.2490608e-05,7.9371995e-16,7.9371995e-16,1.2487377e-05,1.2487377e-05,1.2487377e-05,1.2487377e-05,-4.8461939e-10,-4.8461939e-10,2.0041801e-14,2.0041801e-14,2.053471e-18,2.053471e-18,2.5526329e-11,2.5526329e-11,-2.5506284e-11,-2.5506284e-11,1.249061e-05,1.249061e-05,7.9836681e-16,7.9836681e-16,0.013367876,0.013367876,5.0259852e-14,5.0259852e-14,0.0066839377,0.0066839377,2.5080841e-14,2.5080841e-14,1.2487377e-05,1.2487377e-05,3.2307967e-09,3.2307967e-09,2.4974755e-06,2.4974755e-06,1.5204192e-16,1.5204192e-16,-2.1250081e-14,-2.1250081e-14,2.1249816e-14,2.1249816e-14,-1.0456387e-19,-1.0456387e-19,-6.6863656e-19,-6.6863656e-19,-3.2743973e-09,-3.2743973e-09,-2.1140925e-19,-2.1140925e-19,8.6958206e-19,8.6958206e-19,-2.5071132e-18,-2.5071132e-18,-3.2743973e-09,-3.2743973e-09,8.4823384e-11,8.4823384e-11,2.7829852e-34,2.7829852e-34
1.2487539e-05,1.2487539e-05,-1.2487539e-05,-1.2487539e-05,-5.1186709e-16,-5.1186709e-16,-8.2008226e-16,-8.2008226e-16,-1.2487539e-05,-1.2487539e-05,-2.7000653e-09,-2.7000653e-09,-4.6038838e-10,-4.6038838e-10,-2.6389924e-09,-2.6389924e-09,-4.6038838e-10,-4.6038838e-10,0,0,1.2490608e-05,1.2490608e-05,7.9669294e-16,7.9669294e-16,1.5425218e-10,1.5425218e-10,1.5425217e-10,1.5425217e-10,2.8662565e-18,2.8662565e-18,-2.608868e-09,-2.608868e-09,-4.6038839e-10,-4.6038839e-10,-2.6088679e-09,-2.6088679e-09,-4.6038841e-10,-4.6038841e-10,-4.2847976e-17,-4.2847976e-17,1.9961557e-17,1.9961557e-17,-3.0692564e-09,-3.0692564e-09,-2.2703876e-17,-2.2703876e-17,4.1419708e-11,4.1419708e-11,-5.3732369e-18,-5.3732369e-18,1.2490148e-05,1.2490148e-05,4.6038921e-10,4.6038921e-10,1.2490148e-05,1.2490148e-05,4.6038921e-10,4.6038921e-10,1.2490608e-05,1.2490608e-05,7.9512902e-16,7.9512902e-16,1.2487539e-05,1.2487539e-05,1.2487539e-05,1.2487539e-05,-4.6038842e-10,-4.6038842e-10,1.9039636e-14,1.9039636e-14,2.0534782e-18,2.0534782e-18,2.4250012e-11,2.4250012e-11,-2.423097e-11,-2.423097e-11,1.249061e-05,1.249061e-05,7.9977591e-16,7.9977591e-16,0.013367876,0.013367876,5.0347776e-14,5.0347776e-14,0.0066839377,0.0066839377,2.5124248e-14,2.5124248e-14,1.2487539e-05,1.2487539e-05,3.0692569e-09,3.0692569e-09,2.4975078e-06,2.4975078e-06,1.5229147e-16,1.5229147e-16,-2.1314346e-14,-2.1314346e-14,2.131408e-14,2.131408e-14,-1.0461547e-19,-1.0461547e-19,-6.6863653e-19,-6.6863653e-19,-3.1106775e-09,-3.1106775e-09,-2.1141448e-19,-2.1141448e-19,8.6958212e-19,8.6958212e-19,-2.5071136e-18,-2.5071136e-18,-3.1106775e-09,-3.1106775e-09,8.397515e-11,8.397515e-11,2.7830064e-34,2.7830064e-34
1.2487693e-05,1.2487693e-05,-1.2487693e-05,-1.2487693e-05,-5.1128433e-16,-5.1128433e-16,-8.2165269e-16,-8.2165269e-16,-1.2487693e-05,-1.2487693e-05,-2.5675049e-09,-2.5675049e-09,-4.3736895e-10,-4.3736895e-10,-2.5070428e-09,-2.5070428e-09,-4.3736895e-10,-4.3736895e-10,0,0,1.2490608e-05,1.2490608e-05,7.9810202e-16,7.9810202e-16,1.4653957e-10,1.4653957e-10,1.4653956e-10,1.4653956e-10,2.8662671e-18,2.8662671e-18,-2.4784246e-09,-2.4784246e-09,-4.3736897e-10,-4.3736897e-10,-2.4784245e-09,-2.4784245e-09,-4.3736899e-10,-4.3736899e-10,-4.3146444e-17,-4.3146444e-17,2.00987e-17,2.00987e-17,-2.9157935e-09,-2.9157935e-09,-2.2865201e-17,-2.2865201e-17,3.9348653e-11,3.9348653e-11,-5.5345572e-18,-5.5345572e-18,1.2490171e-05,1.2490171e-05,4.3736979e-10,4.3736979e-10,1.2490171e-05,1.2490171e-05,4.3736979e-10,4.3736979e-10,1.2490608e-05,1.2490608e-05,7.965381e-16,7.965381e-16,1.2487693e-05,1.2487693e-05,1.2487693e-05,1.2487693e-05,-4.3736899e-10,-4.3736899e-10,1.808758e-14,1.808758e-14,2.0534853e-18,2.0534853e-18,2.3037512e-11,2.3037512e-11,-2.3019422e-11,-2.3019422e-11,1.249061e-05,1.249061e-05,8.0118501e-16,8.0118501e-16,0.013367876,0.013367876,5.0435701e-14,5.0435701e-14,0.0066839377,0.0066839377,2.5167656e-14,2.5167656e-14,1.2487693e-05,1.2487693e-05,2.9157941e-09,2.9157941e-09,2.4975385e-06,2.4975385e-06,1.5254102e-16,1.5254102e-16,-2.1378612e-14,-2.1378612e-14,2.1378345e-14,2.1378345e-14,-1.0466588e-19,-1.0466588e-19,-6.686365e-19,-6.686365e-19,-2.9551436e-09,-2.9551436e-09,-2.1141947e-19,-2.1141947e-19,8.6958218e-19,8.6958218e-19,-2.5071139e-18,-2.5071139e-18,-2.9551436e-09,-2.9551436e-09,8.3135399e-11,8.3135399e-11,2.7830271e-34,2.7830271e-34
1.2487838e-05,1.2487838e-05,-1.2487838e-05,-1.2487838e-05,-5.1070666e-16,-5.1070666e-16,-8.2322312e-16,-8.2322312e-16,-1.2487838e-05,-1.2487838e-05,-2.4415482e-09,-2.4415482e-09,-4.155005e-10,-4.155005e-10,-2.3816907e-09,-2.3816907e-09,-4.155005e-10,-4.155005e-10,0,0,1.2490608e-05,1.2490608e-05,7.995111e-16,7.995111e-16,1.3921259e-10,1.3921259e-10,1.3921259e-10,1.3921259e-10,2.8662774e-18,2.8662774e-18,-2.3545034e-09,-2.3545034e-09,-4.1550052e-10,-4.1550052e-10,-2.3545033e-09,-2.3545033e-09,-4.1550054e-10,-4.1550054e-10,-4.3444919e-17,-4.3444919e-17,2.0235846e-17,2.0235846e-17,-2.7700039e-09,-2.7700039e-09,-2.302653e-17,-2.302653e-17,3.7381152e-11,3.7381152e-11,-5.6958818e-18,-5.6958818e-18,1.2490193e-05,1.2490193e-05,4.1550134e-10,4.1550134e-10,1.2490193e-05,1.2490193e-05,4.1550134e-10,4.1550134e-10,1.2490608e-05,1.2490608e-05,7.9794719e-16,7.9794719e-16,1.2487838e-05,1.2487838e-05,1.2487838e-05,1.2487838e-05,-4.1550054e-10,-4.1550054e-10,1.7183127e-14,1.7183127e-14,2.0534922e-18,2.0534922e-18,2.1885636e-11,2.1885636e-11,-2.186845e-11,-2.186845e-11,1.249061e-05,1.249061e-05,8.0259412e-16,8.0259412e-16,0.013367876,0.013367876,5.0523626e-14,5.0523626e-14,0.0066839377,0.0066839377,2.5211063e-14,2.5211063e-14,1.2487838e-05,1.2487838e-05,2.7700044e-09,2.7700044e-09,2.4975677e-06,2.4975677e-06,1.5279057e-16,1.5279057e-16,-2.1442878e-14,-2.1442878e-14,2.144261e-14,2.144261e-14,-1.0471514e-19,-1.0471514e-19,-6.6863648e-19,-6.6863648e-19,-2.8073864e-09,-2.8073864e-09,-2.1142422e-19,-2.1142422e-19,8.6958224e-19,8.6958224e-19,-2.5071141e-18,-2.5071141e-18,-2.8073864e-09,-2.8073864e-09,8.2304045e-11,8.2304045e-11,2.7830473e-34,2.7830473e-34
1.2487977e-05,1.2487977e-05,-1.2487977e-05,-1.2487977e-05,-5.1012559e-16,-5.1012559e-16,-8.2479357e-16,-8.2479357e-16,-1.2487977e-05,-1.2487977e-05,-2.321865e-09,-2.321865e-09,-3.9472547e-10,-3.9472547e-10,-2.2626061e-09,-2.2626061e-09,-3.9472547e-10,-3.9472547e-10,0,0,1.2490608e-05,1.2490608e-05,8.009202e-16,8.009202e-16,1.3225196e-10,1.3225196e-10,1.3225196e-10,1.3225196e-10,2.8662875e-18,2.8662875e-18,-2.2367782e-09,-2.2367782e-09,-3.9472549e-10,-3.9472549e-10,-2.2367782e-09,-2.2367782e-09,-3.9472551e-10,-3.9472551e-10,-4.3743401e-17,-4.3743401e-17,2.0372995e-17,2.0372995e-17,-2.6315037e-09,-2.6315037e-09,-2.3187863e-17,-2.3187863e-17,3.5512025e-11,3.5512025e-11,-5.8572103e-18,-5.8572103e-18,1.2490214e-05,1.2490214e-05,3.9472631e-10,3.9472631e-10,1.2490214e-05,1.2490214e-05,3.9472631e-10,3.9472631e-10,1.2490608e-05,1.2490608e-05,7.9935628e-16,7.9935628e-16,1.2487977e-05,1.2487977e-05,1.2487977e-05,1.2487977e-05,-3.9472551e-10,-3.9472551e-10,1.6323896e-14,1.6323896e-14,2.0534989e-18,2.0534989e-18,2.0791354e-11,2.0791354e-11,-2.0775028e-11,-2.0775028e-11,1.249061e-05,1.249061e-05,8.0400323e-16,8.0400323e-16,0.013367876,0.013367876,5.0611552e-14,5.0611552e-14,0.0066839377,0.0066839377,2.5254471e-14,2.5254471e-14,1.2487977e-05,1.2487977e-05,2.6315042e-09,2.6315042e-09,2.4975954e-06,2.4975954e-06,1.5304012e-16,1.5304012e-16,-2.1507144e-14,-2.1507144e-14,2.1506875e-14,2.1506875e-14,-1.0476326e-19,-1.0476326e-19,-6.6863646e-19,-6.6863646e-19,-2.6670171e-09,-2.6670171e-09,-2.1142874e-19,-2.1142874e-19,8.695823e-19,8.695823e-19,-2.5071144e-18,-2.5071144e-18,-2.6670171e-09,-2.6670171e-09,8.1481005e-11,8.1481005e-11,2.783067e-34,2.783067e-34
1.2488108e-05,1.2488108e-05,-1.2488108e-05,-1.2488108e-05,-5.0954453e-16,-5.0954453e-16,-8.2636402e-16,-8.2636402e-16,-1.2488108e-05,-1.2488108e-05,-2.2081422e-09,-2.2081422e-09,-3.7498919e-10,-3.7498919e-10,-2.1494758e-09,-2.1494758e-09,-3.7498919e-10,-3.7498919e-10,0,0,1.2490608e-05,1.2490608e-05,8.023293e-16,8.023293e-16,1.2563936e-10,1.2563936e-10,1.2563936e-10,1.2563936e-10,2.8662973e-18,2.8662973e-18,-2.1249393e-09,-2.1249393e-09,-3.7498921e-10,-3.7498921e-10,-2.1249392e-09,-2.1249392e-09,-3.7498923e-10,-3.7498923e-10,-4.404189e-17,-4.404189e-17,2.0510147e-17,2.0510147e-17,-2.4999285e-09,-2.4999285e-09,-2.33492e-17,-2.33492e-17,3.3736355e-11,3.3736355e-11,-6.0185429e-18,-6.0185429e-18,1.2490233e-05,1.2490233e-05,3.7499004e-10,3.7499004e-10,1.2490233e-05,1.2490233e-05,3.7499003e-10,3.7499003e-10,1.2490608e-05,1.2490608e-05,8.0076538e-16,8.0076538e-16,1.2488108e-05,1.2488108e-05,1.2488108e-05,1.2488108e-05,-3.7498923e-10,-3.7498923e-10,1.5507627e-14,1.5507627e-14,2.0535055e-18,2.0535055e-18,1.9751787e-11,1.9751787e-11,-1.9736276e-11,-1.9736276e-11,1.249061e-05,1.249061e-05,8.0541235e-16,8.0541235e-16,0.013367876,0.013367876,5.0699478e-14,5.0699478e-14,0.0066839377,0.0066839377,2.5297879e-14,2.5297879e-14,1.2488108e-05,1.2488108e-05,2.499929e-09,2.499929e-09,2.4976217e-06,2.4976217e-06,1.5328967e-16,1.5328967e-16,-2.157141e-14,-2.157141e-14,2.1571141e-14,2.1571141e-14,-1.0481028e-19,-1.0481028e-19,-6.6863643e-19,-6.6863643e-19,-2.5336662e-09,-2.5336662e-09,-2.1143306e-19,-2.1143306e-19,8.6958235e-19,8.6958235e-19,-2.5071147e-18,-2.5071147e-18,-2.5336662e-09,-2.5336662e-09,8.0666194e-11,8.0666194e-11,2.7830862e-34,2.7830862e-34
1.2488233e-05,1.2488233e-05,-1.2488233e-05,-1.2488233e-05,-5.0896346e-16,-5.0896346e-16,-8.2793449e-16,-8.2793449e-16,-1.2488233e-05,-1.2488233e-05,-2.1000817e-09,-2.1000817e-09,-3.5623973e-10,-3.5623973e-10,-2.042002e-09,-2.042002e-09,-3.5623973e-10,-3.5623973e-10,0,0,1.2490608e-05,1.2490608e-05,8.037384e-16,8.037384e-16,1.193574e-10,1.193574e-10,1.1935739e-10,1.1935739e-10,2.8663069e-18,2.8663069e-18,-2.0186923e-09,-2.0186923e-09,-3.5623975e-10,-3.5623975e-10,-2.0186923e-09,-2.0186923e-09,-3.5623977e-10,-3.5623977e-10,-4.4340386e-17,-4.4340386e-17,2.0647301e-17,2.0647301e-17,-2.3749321e-09,-2.3749321e-09,-2.351054e-17,-2.351054e-17,3.2049468e-11,3.2049468e-11,-6.1798793e-18,-6.1798793e-18,1.2490252e-05,1.2490252e-05,3.5624057e-10,3.5624057e-10,1.2490252e-05,1.2490252e-05,3.5624057e-10,3.5624057e-10,1.2490608e-05,1.2490608e-05,8.0217449e-16,8.0217449e-16,1.2488233e-05,1.2488233e-05,1.2488233e-05,1.2488233e-05,-3.5623977e-10,-3.5623977e-10,1.4732171e-14,1.4732171e-14,2.0535119e-18,2.0535119e-18,1.8764197e-11,1.8764197e-11,-1.8749463e-11,-1.8749463e-11,1.249061e-05,1.249061e-05,8.0682147e-16,8.0682147e-16,0.013367876,0.013367876,5.0787404e-14,5.0787404e-14,0.0066839377,0.0066839377,2.5341287e-14,2.5341287e-14,1.2488233e-05,1.2488233e-05,2.3749326e-09,2.3749326e-09,2.4976467e-06,2.4976467e-06,1.5353923e-16,1.5353923e-16,-2.1635677e-14,-2.1635677e-14,2.1635406e-14,2.1635406e-14,-1.0485622e-19,-1.0485622e-19,-6.6863641e-19,-6.6863641e-19,-2.4069829e-09,-2.4069829e-09,-2.1143717e-19,-2.1143717e-19,8.695824e-19,8.695824e-19,-2.5071149e-18,-2.5071149e-18,-2.4069829e-09,-2.4069829e-09,7.9859533e-11,7.9859533e-11,2.783105e-34,2.783105e-34
1.2488352e-05,1.2488352e-05,-1.2488352e-05,-1.2488352e-05,-5.0838409e-16,-5.0838409e-16,-8.2950496e-16,-8.2950496e-16,-1.2488352e-05,-1.2488352e-05,-1.9974008e-09,-1.9974008e-09,-3.3842774e-10,-3.3842774e-10,-1.9399019e-09,-1.9399019e-09,-3.3842774e-10,-3.3842774e-10,0,0,1.2490608e-05,1.2490608e-05,8.0514752e-16,8.0514752e-16,1.1338953e-10,1.1338953e-10,1.1338952e-10,1.1338952e-10,2.8663163e-18,2.8663163e-18,-1.9177577e-09,-1.9177577e-09,-3.3842776e-10,-3.3842776e-10,-1.9177577e-09,-1.9177577e-09,-3.3842778e-10,-3.3842778e-10,-4.4638887e-17,-4.4638887e-17,2.0784459e-17,2.0784459e-17,-2.2561855e-09,-2.2561855e-09,-2.3671885e-17,-2.3671885e-17,3.0446926e-11,3.0446926e-11,-6.3412196e-18,-6.3412196e-18,1.249027e-05,1.249027e-05,3.3842858e-10,3.3842858e-10,1.249027e-05,1.249027e-05,3.3842858e-10,3.3842858e-10,1.2490608e-05,1.2490608e-05,8.035836e-16,8.035836e-16,1.2488352e-05,1.2488352e-05,1.2488352e-05,1.2488352e-05,-3.3842778e-10,-3.3842778e-10,1.3995488e-14,1.3995488e-14,2.0535181e-18,2.0535181e-18,1.7825988e-11,1.7825988e-11,-1.7811989e-11,-1.7811989e-11,1.249061e-05,1.249061e-05,8.0823061e-16,8.0823061e-16,0.013367876,0.013367876,5.0875331e-14,5.0875331e-14,0.0066839377,0.0066839377,2.5384696e-14,2.5384696e-14,1.2488352e-05,1.2488352e-05,2.256186e-09,2.256186e-09,2.4976704e-06,2.4976704e-06,1.5378878e-16,1.5378878e-16,-2.1699943e-14,-2.1699943e-14,2.1699672e-14,2.1699672e-14,-1.049011e-19,-1.049011e-19,-6.6863639e-19,-6.6863639e-19,-2.2866338e-09,-2.2866338e-09,-2.1144108e-19,-2.1144108e-19,8.6958245e-19,8.6958245e-19,-2.5071151e-18,-2.5071151e-18,-2.2866338e-09,-2.2866338e-09,7.9060937e-11,7.9060937e-11,2.7831233e-34,2.7831233e-34
1.2488465e-05,1.2488465e-05,-1.2488465e-05,-1.2488465e-05,-5.0780303e-16,-5.0780303e-16,-8.3107544e-16,-8.3107544e-16,-1.2488465e-05,-1.2488465e-05,-1.8998307e-09,-1.8998307e-09,-3.2150635e-10,-3.2150635e-10,-1.8429069e-09,-1.8429069e-09,-3.2150635e-10,-3.2150635e-10,0,0,1.2490608e-05,1.2490608e-05,8.0655663e-16,8.0655663e-16,1.0772005e-10,1.0772005e-10,1.0772005e-10,1.0772005e-10,2.8663254e-18,2.8663254e-18,-1.8218698e-09,-1.8218698e-09,-3.2150636e-10,-3.2150636e-10,-1.8218698e-09,-1.8218698e-09,-3.2150639e-10,-3.2150639e-10,-4.4937396e-17,-4.4937396e-17,2.092162e-17,2.092162e-17,-2.1433762e-09,-2.1433762e-09,-2.3833232e-17,-2.3833232e-17,2.8924511e-11,2.8924511e-11,-6.5025635e-18,-6.5025635e-18,1.2490287e-05,1.2490287e-05,3.215072e-10,3.215072e-10,1.2490287e-05,1.2490287e-05,3.2150719e-10,3.2150719e-10,1.2490608e-05,1.2490608e-05,8.0499272e-16,8.0499272e-16,1.2488465e-05,1.2488465e-05,1.2488465e-05,1.2488465e-05,-3.2150639e-10,-3.2150639e-10,1.3295638e-14,1.3295638e-14,2.0535242e-18,2.0535242e-18,1.6934688e-11,1.6934688e-11,-1.692139e-11,-1.692139e-11,1.249061e-05,1.249061e-05,8.0963974e-16,8.0963974e-16,0.013367876,0.013367876,5.0963257e-14,5.0963257e-14,0.0066839377,0.0066839377,2.5428104e-14,2.5428104e-14,1.2488465e-05,1.2488465e-05,2.1433767e-09,2.1433767e-09,2.497693e-06,2.497693e-06,1.5403833e-16,1.5403833e-16,-2.176421e-14,-2.176421e-14,2.1763939e-14,2.1763939e-14,-1.0494494e-19,-1.0494494e-19,-6.6863637e-19,-6.6863637e-19,-2.1723021e-09,-2.1723021e-09,-2.1144482e-19,-2.1144482e-19,8.695825e-19,8.695825e-19,-2.5071153e-18,-2.5071153e-18,-2.1723021e-09,-2.1723021e-09,7.8270328e-11,7.8270328e-11,2.7831411e-34,2.7831411e-34
1.2488572e-05,1.2488572e-05,-1.2488572e-05,-1.2488572e-05,-5.0722196e-16,-5.0722196e-16,-8.3264594e-16,-8.3264594e-16,-1.2488572e-05,-1.2488572e-05,-1.8071162e-09,-1.8071162e-09,-3.0543102e-10,-3.0543102e-10,-1.7507615e-09,-1.7507615e-09,-3.0543102e-10,-3.0543102e-10,0,0,1.2490608e-05,1.2490608e-05,8.0796576e-16,8.0796576e-16,1.0233405e-10,1.0233405e-10,1.0233404e-10,1.0233404e-10,2.8663343e-18,2.8663343e-18,-1.7307763e-09,-1.7307763e-09,-3.0543104e-10,-3.0543104e-10,-1.7307763e-09,-1.7307763e-09,-3.0543106e-10,-3.0543106e-10,-4.523591e-17,-4.523591e-17,2.1058783e-17,2.1058783e-17,-2.0362074e-09,-2.0362074e-09,-2.3994583e-17,-2.3994583e-17,2.7478216e-11,2.7478216e-11,-6.663911e-18,-6.663911e-18,1.2490303e-05,1.2490303e-05,3.0543187e-10,3.0543187e-10,1.2490303e-05,1.2490303e-05,3.0543187e-10,3.0543187e-10,1.2490608e-05,1.2490608e-05,8.0640185e-16,8.0640185e-16,1.2488572e-05,1.2488572e-05,1.2488572e-05,1.2488572e-05,-3.0543107e-10,-3.0543107e-10,1.2630782e-14,1.2630782e-14,2.0535302e-18,2.0535302e-18,1.6087954e-11,1.6087954e-11,-1.607532e-11,-1.607532e-11,1.249061e-05,1.249061e-05,8.1104888e-16,8.1104888e-16,0.013367876,0.013367876,5.1051185e-14,5.1051185e-14,0.0066839377,0.0066839377,2.5471513e-14,2.5471513e-14,1.2488572e-05,1.2488572e-05,2.0362079e-09,2.0362079e-09,2.4977144e-06,2.4977144e-06,1.5428789e-16,1.5428789e-16,-2.1828478e-14,-2.1828478e-14,2.1828205e-14,2.1828205e-14,-1.0498778e-19,-1.0498778e-19,-6.6863636e-19,-6.6863636e-19,-2.063687e-09,-2.063687e-09,-2.1144837e-19,-2.1144837e-19,8.6958254e-19,8.6958254e-19,-2.5071156e-18,-2.5071156e-18,-2.063687e-09,-2.063687e-09,7.7487625e-11,7.7487625e-11,2.7831586e-34,2.7831586e-34
1.2488674e-05,1.2488674e-05,-1.2488674e-05,-1.2488674e-05,-5.066392e-16,-5.066392e-16,-8.3421644e-16,-8.3421644e-16,-1.2488674e-05,-1.2488674e-05,-1.7190145e-09,-1.7190145e-09,-2.9015947e-10,-2.9015947e-10,-1.6632234e-09,-1.6632234e-09,-2.9015947e-10,-2.9015947e-10,0,0,1.2490608e-05,1.2490608e-05,8.0937489e-16,8.0937489e-16,9.7217347e-11,9.7217347e-11,9.7217342e-11,9.7217342e-11,2.8663431e-18,2.8663431e-18,-1.6442375e-09,-1.6442375e-09,-2.9015949e-10,-2.9015949e-10,-1.6442375e-09,-1.6442375e-09,-2.9015951e-10,-2.9015951e-10,-4.553443e-17,-4.553443e-17,2.1195949e-17,2.1195949e-17,-1.934397e-09,-1.934397e-09,-2.4155938e-17,-2.4155938e-17,2.6104236e-11,2.6104236e-11,-6.8252621e-18,-6.8252621e-18,1.2490318e-05,1.2490318e-05,2.9016032e-10,2.9016032e-10,1.2490318e-05,1.2490318e-05,2.9016032e-10,2.9016032e-10,1.2490608e-05,1.2490608e-05,8.0781098e-16,8.0781098e-16,1.2488674e-05,1.2488674e-05,1.2488674e-05,1.2488674e-05,-2.9015951e-10,-2.9015951e-10,1.1999168e-14,1.1999168e-14,2.053536e-18,2.053536e-18,1.5283556e-11,1.5283556e-11,-1.5271554e-11,-1.5271554e-11,1.249061e-05,1.249061e-05,8.1245803e-16,8.1245803e-16,0.013367876,0.013367876,5.1139112e-14,5.1139112e-14,0.0066839377,0.0066839377,2.5514921e-14,2.5514921e-14,1.2488674e-05,1.2488674e-05,1.9343976e-09,1.9343976e-09,2.4977348e-06,2.4977348e-06,1.5453744e-16,1.5453744e-16,-2.1892745e-14,-2.1892745e-14,2.1892472e-14,2.1892472e-14,-1.0502964e-19,-1.0502964e-19,-6.6863634e-19,-6.6863634e-19,-1.9605026e-09,-1.9605026e-09,-2.1145176e-19,-2.1145176e-19,8.6958258e-19,8.6958258e-19,-2.5071157e-18,-2.5071157e-18,-1.9605026e-09,-1.9605026e-09,7.6712748e-11,7.6712748e-11,2.7831756e-34,2.7831756e-34
1.2488771e-05,1.2488771e-05,-1.2488771e-05,-1.2488771e-05,-5.0605814e-16,-5.0605814e-16,-8.3578695e-16,-8.3578695e-16,-1.2488771e-05,-1.2488771e-05,-1.6352955e-09,-1.6352955e-09,-2.7565149e-10,-2.7565149e-10,-1.5800623e-09,-1.5800623e-09,-2.7565149e-10,-2.7565149e-10,0,0,1.2490608e-05,1.2490608e-05,8.1078403e-16,8.1078403e-16,9.235648e-11,9.235648e-11,9.2356475e-11,9.2356475e-11,2.8663516e-18,2.8663516e-18,-1.5620257e-09,-1.5620257e-09,-2.7565151e-10,-2.7565151e-10,-1.5620256e-09,-1.5620256e-09,-2.7565153e-10,-2.7565153e-10,-4.5832956e-17,-4.5832956e-17,2.1333117e-17,2.1333117e-17,-1.8376772e-09,-1.8376772e-09,-2.4317295e-17,-2.4317295e-17,2.4798956e-11,2.4798956e-11,-6.9866166e-18,-6.9866166e-18,1.2490333e-05,1.2490333e-05,2.7565234e-10,2.7565234e-10,1.2490333e-05,1.2490333e-05,2.7565234e-10,2.7565234e-10,1.2490608e-05,1.2490608e-05,8.0922011e-16,8.0922011e-16,1.2488771e-05,1.2488771e-05,1.2488771e-05,1.2488771e-05,-2.7565153e-10,-2.7565153e-10,1.1399135e-14,1.1399135e-14,2.0535417e-18,2.0535417e-18,1.4519378e-11,1.4519378e-11,-1.4507976e-11,-1.4507976e-11,1.249061e-05,1.249061e-05,8.1386719e-16,8.1386719e-16,0.013367876,0.013367876,5.122704e-14,5.122704e-14,0.0066839377,0.0066839377,2.555833e-14,2.555833e-14,1.2488771e-05,1.2488771e-05,1.8376777e-09,1.8376777e-09,2.4977542e-06,2.4977542e-06,1.54787e-16,1.54787e-16,-2.1957013e-14,-2.1957013e-14,2.1956739e-14,2.1956739e-14,-1.0507053e-19,-1.0507053e-19,-6.6863632e-19,-6.6863632e-19,-1.8624775e-09,-1.8624775e-09,-2.1145499e-19,-2.1145499e-19,8.6958262e-19,8.6958262e-19,-2.5071159e-18,-2.5071159e-18,-1.8624775e-09,-1.8624775e-09,7.5945621e-11,7.5945621e-11,2.7831923e-34,2.7831923e-34
1.2488863e-05,1.2488863e-05,-1.2488863e-05,-1.2488863e-05,-5.0547708e-16,-5.0547708e-16,-8.3735747e-16,-8.3735747e-16,-1.2488863e-05,-1.2488863e-05,-1.55574e-09,-1.55574e-09,-2.6186891e-10,-2.6186891e-10,-1.5010592e-09,-1.5010592e-09,-2.6186891e-10,-2.6186891e-10,0,0,1.2490608e-05,1.2490608e-05,8.1219317e-16,8.1219317e-16,8.7738657e-11,8.7738657e-11,8.7738652e-11,8.7738652e-11,2.8663599e-18,2.8663599e-18,-1.4839244e-09,-1.4839244e-09,-2.6186893e-10,-2.6186893e-10,-1.4839243e-09,-1.4839243e-09,-2.6186895e-10,-2.6186895e-10,-4.6131488e-17,-4.6131488e-17,2.1470288e-17,2.1470288e-17,-1.7457933e-09,-1.7457933e-09,-2.4478656e-17,-2.4478656e-17,2.3558939e-11,2.3558939e-11,-7.1479745e-18,-7.1479745e-18,1.2490347e-05,1.2490347e-05,2.6186977e-10,2.6186977e-10,1.2490347e-05,1.2490347e-05,2.6186976e-10,2.6186976e-10,1.2490608e-05,1.2490608e-05,8.1062925e-16,8.1062925e-16,1.2488863e-05,1.2488863e-05,1.2488863e-05,1.2488863e-05,-2.6186895e-10,-2.6186895e-10,1.0829103e-14,1.0829103e-14,2.0535473e-18,2.0535473e-18,1.3793409e-11,1.3793409e-11,-1.3782578e-11,-1.3782578e-11,1.249061e-05,1.249061e-05,8.1527634e-16,8.1527634e-16,0.013367876,0.013367876,5.1314969e-14,5.1314969e-14,0.0066839377,0.0066839377,2.5601739e-14,2.5601739e-14,1.2488863e-05,1.2488863e-05,1.7457938e-09,1.7457938e-09,2.4977725e-06,2.4977725e-06,1.5503656e-16,1.5503656e-16,-2.2021281e-14,-2.2021281e-14,2.2021006e-14,2.2021006e-14,-1.0511048e-19,-1.0511048e-19,-6.6863631e-19,-6.6863631e-19,-1.7693536e-09,-1.7693536e-09,-2.1145807e-19,-2.1145807e-19,8.6958266e-19,8.6958266e-19,-2.5071161e-18,-2.5071161e-18,-1.7693536e-09,-1.7693536e-09,7.5186165e-11,7.5186165e-11,2.7832085e-34,2.7832085e-34
1.248895e-05,1.248895e-05,-1.248895e-05,-1.248895e-05,-5.0489601e-16,-5.0489601e-16,-8.38928e-16,-8.38928e-16,-1.248895e-05,-1.248895e-05,-1.4801403e-09,-1.4801403e-09,-2.4877546e-10,-2.4877546e-10,-1.4260062e-09,-1.4260062e-09,-2.4877546e-10,-2.4877546e-10,0,0,1.2490608e-05,1.2490608e-05,8.1360231e-16,8.1360231e-16,8.3351724e-11,8.3351724e-11,8.3351719e-11,8.3351719e-11,2.866368e-18,2.866368e-18,-1.4097282e-09,-1.4097282e-09,-2.4877548e-10,-2.4877548e-10,-1.4097281e-09,-1.4097281e-09,-2.487755e-10,-2.487755e-10,-4.6430025e-17,-4.6430025e-17,2.1607461e-17,2.1607461e-17,-1.6585036e-09,-1.6585036e-09,-2.464002e-17,-2.464002e-17,2.2380923e-11,2.2380923e-11,-7.3093357e-18,-7.3093357e-18,1.249036e-05,1.249036e-05,2.4877632e-10,2.4877632e-10,1.249036e-05,1.249036e-05,2.4877632e-10,2.4877632e-10,1.2490608e-05,1.2490608e-05,8.120384e-16,8.120384e-16,1.248895e-05,1.248895e-05,1.248895e-05,1.248895e-05,-2.487755e-10,-2.487755e-10,1.0287573e-14,1.0287573e-14,2.0535527e-18,2.0535527e-18,1.3103739e-11,1.3103739e-11,-1.3093449e-11,-1.3093449e-11,1.2490609e-05,1.2490609e-05,8.1668551e-16,8.1668551e-16,0.013367876,0.013367876,5.1402897e-14,5.1402897e-14,0.0066839377,0.0066839377,2.5645149e-14,2.5645149e-14,1.248895e-05,1.248895e-05,1.6585042e-09,1.6585042e-09,2.49779e-06,2.49779e-06,1.5528611e-16,1.5528611e-16,-2.2085549e-14,-2.2085549e-14,2.2085273e-14,2.2085273e-14,-1.0514951e-19,-1.0514951e-19,-6.6863629e-19,-6.6863629e-19,-1.6808859e-09,-1.6808859e-09,-2.11461e-19,-2.11461e-19,8.6958269e-19,8.6958269e-19,-2.5071163e-18,-2.5071163e-18,-1.6808859e-09,-1.6808859e-09,7.4434303e-11,7.4434303e-11,2.7832243e-34,2.7832243e-34
1.2489033e-05,1.2489033e-05,-1.2489033e-05,-1.2489033e-05,-5.0431664e-16,-5.0431664e-16,-8.4049853e-16,-8.4049853e-16,-1.2489033e-05,-1.2489033e-05,-1.4082986e-09,-1.4082986e-09,-2.3633668e-10,-2.3633668e-10,-1.3547059e-09,-1.3547059e-09,-2.3633668e-10,-2.3633668e-10,0,0,1.2490608e-05,1.2490608e-05,8.1501147e-16,8.1501147e-16,7.9184139e-11,7.9184139e-11,7.9184134e-11,7.9184134e-11,2.8663759e-18,2.8663759e-18,-1.3392418e-09,-1.3392418e-09,-2.363367e-10,-2.363367e-10,-1.3392417e-09,-1.3392417e-09,-2.3633672e-10,-2.3633672e-10,-4.6728568e-17,-4.6728568e-17,2.1744637e-17,2.1744637e-17,-1.5755784e-09,-1.5755784e-09,-2.4801388e-17,-2.4801388e-17,2.1261808e-11,2.1261808e-11,-7.4707e-18,-7.4707e-18,1.2490372e-05,1.2490372e-05,2.3633754e-10,2.3633754e-10,1.2490372e-05,1.2490372e-05,2.3633754e-10,2.3633754e-10,1.2490608e-05,1.2490608e-05,8.1344755e-16,8.1344755e-16,1.2489033e-05,1.2489033e-05,1.2489033e-05,1.2489033e-05,-2.3633673e-10,-2.3633673e-10,9.7731197e-15,9.7731197e-15,2.053558e-18,2.053558e-18,1.2448552e-11,1.2448552e-11,-1.2438776e-11,-1.2438776e-11,1.2490609e-05,1.2490609e-05,8.1809468e-16,8.1809468e-16,0.013367876,0.013367876,5.1490826e-14,5.1490826e-14,0.0066839377,0.0066839377,2.5688558e-14,2.5688558e-14,1.2489033e-05,1.2489033e-05,1.575579e-09,1.575579e-09,2.4978066e-06,2.4978066e-06,1.5553567e-16,1.5553567e-16,-2.2149817e-14,-2.2149817e-14,2.2149541e-14,2.2149541e-14,-1.0518764e-19,-1.0518764e-19,-6.6863628e-19,-6.6863628e-19,-1.5968416e-09,-1.5968416e-09,-2.114638e-19,-2.114638e-19,8.6958273e-19,8.6958273e-19,-2.5071164e-18,-2.5071164e-18,-1.5968416e-09,-1.5968416e-09,7.368996e-11,7.368996e-11,2.7832398e-34,2.7832398e-34
1.2489112e-05,1.2489112e-05,-1.2489112e-05,-1.2489112e-05,-5.0373558e-16,-5.0373558e-16,-8.4206908e-16,-8.4206908e-16,-1.2489112e-05,-1.2489112e-05,-1.3400274e-09,-1.3400274e-09,-2.2451984e-10,-2.2451984e-10,-1.2869706e-09,-1.2869706e-09,-2.2451984e-10,-2.2451984e-10,0,0,1.2490608e-05,1.2490608e-05,8.1642062e-16,8.1642062e-16,7.5224932e-11,7.5224932e-11,7.5224927e-11,7.5224927e-11,2.8663836e-18,2.8663836e-18,-1.2722797e-09,-1.2722797e-09,-2.2451986e-10,-2.2451986e-10,-1.2722796e-09,-1.2722796e-09,-2.2451989e-10,-2.2451989e-10,-4.7027116e-17,-4.7027116e-17,2.1881815e-17,2.1881815e-17,-1.4967995e-09,-1.4967995e-09,-2.4962758e-17,-2.4962758e-17,2.0198649e-11,2.0198649e-11,-7.6320676e-18,-7.6320676e-18,1.2490384e-05,1.2490384e-05,2.245207e-10,2.245207e-10,1.2490384e-05,1.2490384e-05,2.245207e-10,2.245207e-10,1.2490608e-05,1.2490608e-05,8.1485671e-16,8.1485671e-16,1.2489112e-05,1.2489112e-05,1.2489112e-05,1.2489112e-05,-2.2451989e-10,-2.2451989e-10,9.2843888e-15,9.2843888e-15,2.0535631e-18,2.0535631e-18,1.1826124e-11,1.1826124e-11,-1.1816837e-11,-1.1816837e-11,1.2490609e-05,1.2490609e-05,8.1950385e-16,8.1950385e-16,0.013367876,0.013367876,5.1578755e-14,5.1578755e-14,0.0066839377,0.0066839377,2.5731967e-14,2.5731967e-14,1.2489112e-05,1.2489112e-05,1.4968001e-09,1.4968001e-09,2.4978223e-06,2.4978223e-06,1.5578523e-16,1.5578523e-16,-2.2214086e-14,-2.2214086e-14,2.2213808e-14,2.2213808e-14,-1.052249e-19,-1.052249e-19,-6.6863627e-19,-6.6863627e-19,-1.5169996e-09,-1.5169996e-09,-2.1146646e-19,-2.1146646e-19,8.6958276e-19,8.6958276e-19,-2.5071166e-18,-2.5071166e-18,-1.5169996e-09,-1.5169996e-09,7.295306e-11,7.295306e-11,2.7832549e-34,2.7832549e-34
1.2489187e-05,1.2489187e-05,-1.2489187e-05,-1.2489187e-05,-5.0315621e-16,-5.0315621e-16,-8.4363963e-16,-8.4363963e-16,-1.2489187e-05,-1.2489187e-05,-1.2751483e-09,-1.2751483e-09,-2.1329385e-10,-2.1329385e-10,-1.2226221e-09,-1.2226221e-09,-2.1329385e-10,-2.1329385e-10,0,0,1.2490608e-05,1.2490608e-05,8.1782979e-16,8.1782979e-16,7.1463686e-11,7.1463686e-11,7.1463681e-11,7.1463681e-11,2.8663912e-18,2.8663912e-18,-1.2086657e-09,-1.2086657e-09,-2.1329387e-10,-2.1329387e-10,-1.2086657e-09,-1.2086657e-09,-2.1329389e-10,-2.1329389e-10,-4.732567e-17,-4.732567e-17,2.2018995e-17,2.2018995e-17,-1.4219595e-09,-1.4219595e-09,-2.5124131e-17,-2.5124131e-17,1.9188648e-11,1.9188648e-11,-7.7934382e-18,-7.7934382e-18,1.2490395e-05,1.2490395e-05,2.1329471e-10,2.1329471e-10,1.2490395e-05,1.2490395e-05,2.1329471e-10,2.1329471e-10,1.2490608e-05,1.2490608e-05,8.1626587e-16,8.1626587e-16,1.2489187e-05,1.2489187e-05,1.2489187e-05,1.2489187e-05,-2.1329389e-10,-2.1329389e-10,8.8200943e-15,8.8200943e-15,2.0535682e-18,2.0535682e-18,1.1234818e-11,1.1234818e-11,-1.1225995e-11,-1.1225995e-11,1.2490609e-05,1.2490609e-05,8.2091303e-16,8.2091303e-16,0.013367876,0.013367876,5.1666684e-14,5.1666684e-14,0.0066839377,0.0066839377,2.5775377e-14,2.5775377e-14,1.2489187e-05,1.2489187e-05,1.4219601e-09,1.4219601e-09,2.4978373e-06,2.4978373e-06,1.5603478e-16,1.5603478e-16,-2.2278355e-14,-2.2278355e-14,2.2278076e-14,2.2278076e-14,-1.052613e-19,-1.052613e-19,-6.6863625e-19,-6.6863625e-19,-1.4411496e-09,-1.4411496e-09,-2.11469e-19,-2.11469e-19,8.6958279e-19,8.6958279e-19,-2.5071167e-18,-2.5071167e-18,-1.4411496e-09,-1.4411496e-09,7.222353e-11,7.222353e-11,2.7832696e-34,2.7832696e-34
1.2489258e-05,1.2489258e-05,-1.2489258e-05,-1.2489258e-05,-5.0257345e-16,-5.0257345e-16,-8.4521018e-16,-8.4521018e-16,-1.2489258e-05,-1.2489258e-05,-1.2134919e-09,-1.2134919e-09,-2.0262915e-10,-2.0262915e-10,-1.161491e-09,-1.161491e-09,-2.0262915e-10,-2.0262915e-10,0,0,1.2490608e-05,1.2490608e-05,8.1923895e-16,8.1923895e-16,6.7890502e-11,6.7890502e-11,6.7890497e-11,6.7890497e-11,2.8663985e-18,2.8663985e-18,-1.1482324e-09,-1.1482324e-09,-2.0262917e-10,-2.0262917e-10,-1.1482324e-09,-1.1482324e-09,-2.0262919e-10,-2.0262919e-10,-4.7624228e-17,-4.7624228e-17,2.2156178e-17,2.2156178e-17,-1.3508616e-09,-1.3508616e-09,-2.5285507e-17,-2.5285507e-17,1.8229147e-11,1.8229147e-11,-7.9548117e-18,-7.9548117e-18,1.2490406e-05,1.2490406e-05,2.0263001e-10,2.0263001e-10,1.2490406e-05,1.2490406e-05,2.0263001e-10,2.0263001e-10,1.2490608e-05,1.2490608e-05,8.1767504e-16,8.1767504e-16,1.2489258e-05,1.2489258e-05,1.2489258e-05,1.2489258e-05,-2.0262919e-10,-2.0262919e-10,8.3790146e-15,8.3790146e-15,2.0535731e-18,2.0535731e-18,1.0673077e-11,1.0673077e-11,-1.0664696e-11,-1.0664696e-11,1.2490609e-05,1.2490609e-05,8.2232221e-16,8.2232221e-16,0.013367876,0.013367876,5.1754614e-14,5.1754614e-14,0.0066839377,0.0066839377,2.5818787e-14,2.5818787e-14,1.2489258e-05,1.2489258e-05,1.3508621e-09,1.3508621e-09,2.4978515e-06,2.4978515e-06,1.5628434e-16,1.5628434e-16,-2.2342624e-14,-2.2342624e-14,2.2342345e-14,2.2342345e-14,-1.0529687e-19,-1.0529687e-19,-6.6863624e-19,-6.6863624e-19,-1.3690921e-09,-1.3690921e-09,-2.1147142e-19,-2.1147142e-19,8.6958282e-19,8.6958282e-19,-2.5071169e-18,-2.5071169e-18,-1.3690921e-09,-1.3690921e-09,7.1501294e-11,7.1501294e-11,2.783284e-34,2.783284e-34
1.2489325e-05,1.2489325e-05,-1.2489325e-05,-1.2489325e-05,-5.0199069e-16,-5.0199069e-16,-8.4678075e-16,-8.4678075e-16,-1.2489325e-05,-1.2489325e-05,-1.1548974e-09,-1.1548974e-09,-1.9249769e-10,-1.9249769e-10,-1.1034164e-09,-1.1034164e-09,-1.9249769e-10,-1.9249769e-10,0,0,1.2490608e-05,1.2490608e-05,8.2064813e-16,8.2064813e-16,6.4495977e-11,6.4495977e-11,6.4495973e-11,6.4495973e-11,2.8664057e-18,2.8664057e-18,-1.0908208e-09,-1.0908208e-09,-1.9249771e-10,-1.9249771e-10,-1.0908208e-09,-1.0908208e-09,-1.9249773e-10,-1.9249773e-10,-4.7922792e-17,-4.7922792e-17,2.2293362e-17,2.2293362e-17,-1.2833185e-09,-1.2833185e-09,-2.5446886e-17,-2.5446886e-17,1.7317621e-11,1.7317621e-11,-8.1161883e-18,-8.1161883e-18,1.2490416e-05,1.2490416e-05,1.9249855e-10,1.9249855e-10,1.2490416e-05,1.2490416e-05,1.9249855e-10,1.9249855e-10,1.2490608e-05,1.2490608e-05,8.1908421e-16,8.1908421e-16,1.2489325e-05,1.2489325e-05,1.2489325e-05,1.2489325e-05,-1.9249773e-10,-1.9249773e-10,7.9599888e-15,7.9599888e-15,2.0535779e-18,2.0535779e-18,1.0139423e-11,1.0139423e-11,-1.0131461e-11,-1.0131461e-11,1.2490609e-05,1.2490609e-05,8.2373139e-16,8.2373139e-16,0.013367876,0.013367876,5.1842544e-14,5.1842544e-14,0.0066839377,0.0066839377,2.5862197e-14,2.5862197e-14,1.2489325e-05,1.2489325e-05,1.283319e-09,1.283319e-09,2.497865e-06,2.497865e-06,1.565339e-16,1.565339e-16,-2.2406893e-14,-2.2406893e-14,2.2406613e-14,2.2406613e-14,-1.0533161e-19,-1.0533161e-19,-6.6863623e-19,-6.6863623e-19,-1.3006375e-09,-1.3006375e-09,-2.1147372e-19,-2.1147372e-19,8.6958285e-19,8.6958285e-19,-2.507117e-18,-2.507117e-18,-1.3006375e-09,-1.3006375e-09,7.0786281e-11,7.0786281e-11,2.7832981e-34,2.7832981e-34
1.2489389e-05,1.2489389e-05,-1.2489389e-05,-1.2489389e-05,-5.0141132e-16,-5.0141132e-16,-8.4835132e-16,-8.4835132e-16,-1.2489389e-05,-1.2489389e-05,-1.0992118e-09,-1.0992118e-09,-1.828728e-10,-1.828728e-10,-1.0482456e-09,-1.0482456e-09,-1.828728e-10,-1.828728e-10,0,0,1.2490609e-05,1.2490609e-05,8.220573e-16,8.220573e-16,6.1271179e-11,6.1271179e-11,6.1271174e-11,6.1271174e-11,2.8664128e-18,2.8664128e-18,-1.0362798e-09,-1.0362798e-09,-1.8287282e-10,-1.8287282e-10,-1.0362797e-09,-1.0362797e-09,-1.8287284e-10,-1.8287284e-10,-4.822136e-17,-4.822136e-17,2.2430549e-17,2.2430549e-17,-1.2191526e-09,-1.2191526e-09,-2.5608267e-17,-2.5608267e-17,1.6451671e-11,1.6451671e-11,-8.2775676e-18,-8.2775676e-18,1.2490426e-05,1.2490426e-05,1.8287367e-10,1.8287367e-10,1.2490426e-05,1.2490426e-05,1.8287366e-10,1.8287366e-10,1.2490609e-05,1.2490609e-05,8.2049339e-16,8.2049339e-16,1.2489389e-05,1.2489389e-05,1.2489389e-05,1.2489389e-05,-1.8287284e-10,-1.8287284e-10,7.5619142e-15,7.5619142e-15,2.0535826e-18,2.0535826e-18,9.6324522e-12,9.6324522e-12,-9.6248876e-12,-9.6248876e-12,1.2490609e-05,1.2490609e-05,8.2514059e-16,8.2514059e-16,0.013367876,0.013367876,5.1930474e-14,5.1930474e-14,0.0066839377,0.0066839377,2.5905607e-14,2.5905607e-14,1.2489389e-05,1.2489389e-05,1.2191531e-09,1.2191531e-09,2.4978779e-06,2.4978779e-06,1.5678346e-16,1.5678346e-16,-2.2471162e-14,-2.2471162e-14,2.2470881e-14,2.2470881e-14,-1.0536556e-19,-1.0536556e-19,-6.6863622e-19,-6.6863622e-19,-1.2356056e-09,-1.2356056e-09,-2.1147592e-19,-2.1147592e-19,8.6958287e-19,8.6958287e-19,-2.5071171e-18,-2.5071171e-18,-1.2356056e-09,-1.2356056e-09,7.0078419e-11,7.0078419e-11,2.7833118e-34,2.7833118e-34
1.248945e-05,1.248945e-05,-1.248945e-05,-1.248945e-05,-5.0082856e-16,-5.0082856e-16,-8.499219e-16,-8.499219e-16,-1.248945e-05,-1.248945e-05,-1.0462898e-09,-1.0462898e-09,-1.7372915e-10,-1.7372915e-10,-9.9583335e-10,-9.9583335e-10,-1.7372915e-10,-1.7372915e-10,0,0,1.2490609e-05,1.2490609e-05,8.2346648e-16,8.2346648e-16,5.8207621e-11,5.8207621e-11,5.8207616e-11,5.8207616e-11,2.8664196e-18,2.8664196e-18,-9.8446579e-10,-9.8446579e-10,-1.7372917e-10,-1.7372917e-10,-9.8446574e-10,-9.8446574e-10,-1.737292e-10,-1.737292e-10,-4.8519933e-17,-4.8519933e-17,2.2567738e-17,2.2567738e-17,-1.1581949e-09,-1.1581949e-09,-2.5769651e-17,-2.5769651e-17,1.5629018e-11,1.5629018e-11,-8.4389498e-18,-8.4389498e-18,1.2490435e-05,1.2490435e-05,1.7373002e-10,1.7373002e-10,1.2490435e-05,1.2490435e-05,1.7373002e-10,1.7373002e-10,1.2490609e-05,1.2490609e-05,8.2190257e-16,8.2190257e-16,1.248945e-05,1.248945e-05,1.248945e-05,1.248945e-05,-1.737292e-10,-1.737292e-10,7.1837434e-15,7.1837434e-15,2.0535872e-18,2.0535872e-18,9.1508296e-12,9.1508296e-12,-9.1436431e-12,-9.1436431e-12,1.2490609e-05,1.2490609e-05,8.2654978e-16,8.2654978e-16,0.013367876,0.013367876,5.2018405e-14,5.2018405e-14,0.0066839377,0.0066839377,2.5949017e-14,2.5949017e-14,1.248945e-05,1.248945e-05,1.1581955e-09,1.1581955e-09,2.4978901e-06,2.4978901e-06,1.5703302e-16,1.5703302e-16,-2.2535432e-14,-2.2535432e-14,2.253515e-14,2.253515e-14,-1.0539873e-19,-1.0539873e-19,-6.6863621e-19,-6.6863621e-19,-1.1738253e-09,-1.1738253e-09,-2.1147801e-19,-2.1147801e-19,8.695829e-19,8.695829e-19,-2.5071172e-18,-2.5071172e-18,-1.1738253e-09,-1.1738253e-09,6.9377634e-11,6.9377634e-11,2.7833252e-34,2.7833252e-34
1.2489508e-05,1.2489508e-05,-1.2489508e-05,-1.2489508e-05,-5.0024749e-16,-5.0024749e-16,-8.5149249e-16,-8.5149249e-16,-1.2489508e-05,-1.2489508e-05,-9.9599359e-10,-9.9599359e-10,-1.6504269e-10,-1.6504269e-10,-9.4604169e-10,-9.4604169e-10,-1.6504269e-10,-1.6504269e-10,0,0,1.2490609e-05,1.2490609e-05,8.2487567e-16,8.2487567e-16,5.529724e-11,5.529724e-11,5.5297235e-11,5.5297235e-11,2.8664263e-18,2.8664263e-18,-9.352425e-10,-9.352425e-10,-1.6504271e-10,-1.6504271e-10,-9.3524245e-10,-9.3524245e-10,-1.6504273e-10,-1.6504273e-10,-4.8818511e-17,-4.8818511e-17,2.2704929e-17,2.2704929e-17,-1.1002852e-09,-1.1002852e-09,-2.5931038e-17,-2.5931038e-17,1.4847499e-11,1.4847499e-11,-8.6003347e-18,-8.6003347e-18,1.2490443e-05,1.2490443e-05,1.6504356e-10,1.6504356e-10,1.2490443e-05,1.2490443e-05,1.6504356e-10,1.6504356e-10,1.2490609e-05,1.2490609e-05,8.2331176e-16,8.2331176e-16,1.2489508e-05,1.2489508e-05,1.2489508e-05,1.2489508e-05,-1.6504274e-10,-1.6504274e-10,6.824481e-15,6.824481e-15,2.0535916e-18,2.0535916e-18,8.6932881e-12,8.6932881e-12,-8.6864609e-12,-8.6864609e-12,1.2490609e-05,1.2490609e-05,8.2795898e-16,8.2795898e-16,0.013367876,0.013367876,5.2106335e-14,5.2106335e-14,0.0066839377,0.0066839377,2.5992427e-14,2.5992427e-14,1.2489508e-05,1.2489508e-05,1.1002857e-09,1.1002857e-09,2.4979016e-06,2.4979016e-06,1.5728258e-16,1.5728258e-16,-2.2599701e-14,-2.2599701e-14,2.2599419e-14,2.2599419e-14,-1.0543113e-19,-1.0543113e-19,-6.686362e-19,-6.686362e-19,-1.1151341e-09,-1.1151341e-09,-2.1148e-19,-2.1148e-19,8.6958292e-19,8.6958292e-19,-2.5071174e-18,-2.5071174e-18,-1.1151341e-09,-1.1151341e-09,6.8683858e-11,6.8683858e-11,2.7833383e-34,2.7833383e-34
1.2489563e-05,1.2489563e-05,-1.2489563e-05,-1.2489563e-05,-4.9966474e-16,-4.9966474e-16,-8.5306308e-16,-8.5306308e-16,-1.2489563e-05,-1.2489563e-05,-9.4819199e-10,-9.4819199e-10,-1.5679055e-10,-1.5679055e-10,-8.9873961e-10,-8.9873961e-10,-1.5679055e-10,-1.5679055e-10,0,0,1.2490609e-05,1.2490609e-05,8.2628486e-16,8.2628486e-16,5.2532378e-11,5.2532378e-11,5.2532374e-11,5.2532374e-11,2.8664329e-18,2.8664329e-18,-8.8848038e-10,-8.8848038e-10,-1.5679057e-10,-1.5679057e-10,-8.8848033e-10,-8.8848033e-10,-1.5679059e-10,-1.5679059e-10,-4.9117093e-17,-4.9117093e-17,2.2842122e-17,2.2842122e-17,-1.0452709e-09,-1.0452709e-09,-2.6092428e-17,-2.6092428e-17,1.4105055e-11,1.4105055e-11,-8.7617222e-18,-8.7617222e-18,1.2490452e-05,1.2490452e-05,1.5679142e-10,1.5679142e-10,1.2490452e-05,1.2490452e-05,1.5679142e-10,1.5679142e-10,1.2490609e-05,1.2490609e-05,8.2472095e-16,8.2472095e-16,1.2489563e-05,1.2489563e-05,1.2489563e-05,1.2489563e-05,-1.567906e-10,-1.567906e-10,6.4831817e-15,6.4831817e-15,2.053596e-18,2.053596e-18,8.2586237e-12,8.2586237e-12,-8.2521378e-12,-8.2521378e-12,1.2490609e-05,1.2490609e-05,8.2936818e-16,8.2936818e-16,0.013367876,0.013367876,5.2194266e-14,5.2194266e-14,0.0066839377,0.0066839377,2.6035837e-14,2.6035837e-14,1.2489563e-05,1.2489563e-05,1.0452715e-09,1.0452715e-09,2.4979126e-06,2.4979126e-06,1.5753214e-16,1.5753214e-16,-2.2663971e-14,-2.2663971e-14,2.2663688e-14,2.2663688e-14,-1.0546279e-19,-1.0546279e-19,-6.6863619e-19,-6.6863619e-19,-1.0593774e-09,-1.0593774e-09,-2.114819e-19,-2.114819e-19,8.6958294e-19,8.6958294e-19,-2.5071175e-18,-2.5071175e-18,-1.0593774e-09,-1.0593774e-09,6.799702e-11,6.799702e-11,2.783351e-34,2.783351e-34
1.2489616e-05,1.2489616e-05,-1.2489616e-05,-1.2489616e-05,-4.9908367e-16,-4.9908367e-16,-8.5463368e-16,-8.5463368e-16,-1.2489616e-05,-1.2489616e-05,-9.0276049e-10,-9.0276049e-10,-1.4895102e-10,-1.4895102e-10,-8.5380263e-10,-8.5380263e-10,-1.4895102e-10,-1.4895102e-10,0,0,1.2490609e-05,1.2490609e-05,8.2769406e-16,8.2769406e-16,4.990576e-11,4.990576e-11,4.9905755e-11,4.9905755e-11,2.8664392e-18,2.8664392e-18,-8.4405637e-10,-8.4405637e-10,-1.4895104e-10,-1.4895104e-10,-8.4405632e-10,-8.4405632e-10,-1.4895106e-10,-1.4895106e-10,-4.941568e-17,-4.941568e-17,2.2979317e-17,2.2979317e-17,-9.9300738e-10,-9.9300738e-10,-2.625382e-17,-2.625382e-17,1.3399734e-11,1.3399734e-11,-8.9231124e-18,-8.9231124e-18,1.249046e-05,1.249046e-05,1.4895189e-10,1.4895189e-10,1.249046e-05,1.249046e-05,1.4895189e-10,1.4895189e-10,1.2490609e-05,1.2490609e-05,8.2613014e-16,8.2613014e-16,1.2489616e-05,1.2489616e-05,1.2489616e-05,1.2489616e-05,-1.4895107e-10,-1.4895107e-10,6.1589474e-15,6.1589474e-15,2.0536003e-18,2.0536003e-18,7.8456925e-12,7.8456925e-12,-7.8395309e-12,-7.8395309e-12,1.2490609e-05,1.2490609e-05,8.3077739e-16,8.3077739e-16,0.013367876,0.013367876,5.2282197e-14,5.2282197e-14,0.0066839377,0.0066839377,2.6079248e-14,2.6079248e-14,1.2489616e-05,1.2489616e-05,9.9300793e-10,9.9300793e-10,2.4979231e-06,2.4979231e-06,1.577817e-16,1.577817e-16,-2.2728241e-14,-2.2728241e-14,2.2727957e-14,2.2727957e-14,-1.0549372e-19,-1.0549372e-19,-6.6863618e-19,-6.6863618e-19,-1.0064085e-09,-1.0064085e-09,-2.1148371e-19,-2.1148371e-19,8.6958296e-19,8.6958296e-19,-2.5071176e-18,-2.5071176e-18,-1.0064085e-09,-1.0064085e-09,6.7317049e-11,6.7317049e-11,2.7833635e-34,2.7833635e-34
1.2489665e-05,1.2489665e-05,-1.2489665e-05,-1.2489665e-05,-4.985043e-16,-4.985043e-16,-8.5620429e-16,-8.5620429e-16,-1.2489665e-05,-1.2489665e-05,-8.5958078e-10,-8.5958078e-10,-1.4150346e-10,-1.4150346e-10,-8.1111251e-10,-8.1111251e-10,-1.4150346e-10,-1.4150346e-10,0,0,1.2490609e-05,1.2490609e-05,8.2910325e-16,8.2910325e-16,4.7410472e-11,4.7410472e-11,4.7410468e-11,4.7410468e-11,2.8664455e-18,2.8664455e-18,-8.0185355e-10,-8.0185355e-10,-1.4150348e-10,-1.4150348e-10,-8.0185351e-10,-8.0185351e-10,-1.4150351e-10,-1.4150351e-10,-4.9714271e-17,-4.9714271e-17,2.3116513e-17,2.3116513e-17,-9.4335701e-10,-9.4335701e-10,-2.6415214e-17,-2.6415214e-17,1.2729678e-11,1.2729678e-11,-9.084505e-18,-9.084505e-18,1.2490467e-05,1.2490467e-05,1.4150434e-10,1.4150434e-10,1.2490467e-05,1.2490467e-05,1.4150434e-10,1.4150434e-10,1.2490609e-05,1.2490609e-05,8.2753934e-16,8.2753934e-16,1.2489665e-05,1.2489665e-05,1.2489665e-05,1.2489665e-05,-1.4150351e-10,-1.4150351e-10,5.8509247e-15,5.8509247e-15,2.0536044e-18,2.0536044e-18,7.4534079e-12,7.4534079e-12,-7.4475543e-12,-7.4475543e-12,1.2490609e-05,1.2490609e-05,8.321866e-16,8.321866e-16,0.013367876,0.013367876,5.2370129e-14,5.2370129e-14,0.0066839377,0.0066839377,2.6122658e-14,2.6122658e-14,1.2489665e-05,1.2489665e-05,9.4335756e-10,9.4335756e-10,2.497933e-06,2.497933e-06,1.5803126e-16,1.5803126e-16,-2.2792511e-14,-2.2792511e-14,2.2792227e-14,2.2792227e-14,-1.0552394e-19,-1.0552394e-19,-6.6863617e-19,-6.6863617e-19,-9.5608807e-10,-9.5608807e-10,-2.1148544e-19,-2.1148544e-19,8.6958298e-19,8.6958298e-19,-2.5071177e-18,-2.5071177e-18,-9.5608808e-10,-9.5608808e-10,6.6643879e-11,6.6643879e-11,2.7833757e-34,2.7833757e-34
1.2489712e-05,1.2489712e-05,-1.2489712e-05,-1.2489712e-05,-4.9792154e-16,-4.9792154e-16,-8.577749e-16,-8.577749e-16,-1.2489712e-05,-1.2489712e-05,-8.1854048e-10,-8.1854048e-10,-1.3442829e-10,-1.3442829e-10,-7.7055689e-10,-7.7055689e-10,-1.3442829e-10,-1.3442829e-10,0,0,1.2490609e-05,1.2490609e-05,8.3051246e-16,8.3051246e-16,4.5039949e-11,4.5039949e-11,4.5039944e-11,4.5039944e-11,2.8664516e-18,2.8664516e-18,-7.6176088e-10,-7.6176088e-10,-1.344283e-10,-1.344283e-10,-7.6176083e-10,-7.6176083e-10,-1.3442833e-10,-1.3442833e-10,-5.0012866e-17,-5.0012866e-17,2.3253712e-17,2.3253712e-17,-8.9618916e-10,-8.9618916e-10,-2.6576611e-17,-2.6576611e-17,1.2093126e-11,1.2093126e-11,-9.2459002e-18,-9.2459002e-18,1.2490474e-05,1.2490474e-05,1.3442916e-10,1.3442916e-10,1.2490474e-05,1.2490474e-05,1.3442916e-10,1.3442916e-10,1.2490609e-05,1.2490609e-05,8.2894854e-16,8.2894854e-16,1.2489712e-05,1.2489712e-05,1.2489712e-05,1.2489712e-05,-1.3442833e-10,-1.3442833e-10,5.5583031e-15,5.5583031e-15,2.0536085e-18,2.0536085e-18,7.0807375e-12,7.0807375e-12,-7.0751765e-12,-7.0751765e-12,1.2490609e-05,1.2490609e-05,8.3359582e-16,8.3359582e-16,0.013367876,0.013367876,5.245806e-14,5.245806e-14,0.0066839377,0.0066839377,2.6166069e-14,2.6166069e-14,1.2489712e-05,1.2489712e-05,8.9618971e-10,8.9618971e-10,2.4979425e-06,2.4979425e-06,1.5828082e-16,1.5828082e-16,-2.2856782e-14,-2.2856782e-14,2.2856496e-14,2.2856496e-14,-1.0555346e-19,-1.0555346e-19,-6.6863616e-19,-6.6863616e-19,-9.0828367e-10,-9.0828367e-10,-2.1148708e-19,-2.1148708e-19,8.69583e-19,8.69583e-19,-2.5071178e-18,-2.5071178e-18,-9.0828367e-10,-9.0828367e-10,6.597744e-11,6.597744e-11,2.7833875e-34,2.7833875e-34
1.2489757e-05,1.2489757e-05,-1.2489757e-05,-1.2489757e-05,-4.9734048e-16,-4.9734048e-16,-8.5934552e-16,-8.5934552e-16,-1.2489757e-05,-1.2489757e-05,-7.795328e-10,-7.795328e-10,-1.2770687e-10,-1.2770687e-10,-7.3202905e-10,-7.3202905e-10,-1.2770687e-10,-1.2770687e-10,0,0,1.2490609e-05,1.2490609e-05,8.3192166e-16,8.3192166e-16,4.2787952e-11,4.2787952e-11,4.2787947e-11,4.2787947e-11,2.8664575e-18,2.8664575e-18,-7.2367284e-10,-7.2367284e-10,-1.2770689e-10,-1.2770689e-10,-7.2367279e-10,-7.2367279e-10,-1.2770691e-10,-1.2770691e-10,-5.0311466e-17,-5.0311466e-17,2.3390912e-17,2.3390912e-17,-8.513797e-10,-8.513797e-10,-2.673801e-17,-2.673801e-17,1.1488401e-11,1.1488401e-11,-9.4072978e-18,-9.4072978e-18,1.2490481e-05,1.2490481e-05,1.2770774e-10,1.2770774e-10,1.2490481e-05,1.2490481e-05,1.2770774e-10,1.2770774e-10,1.2490609e-05,1.2490609e-05,8.3035775e-16,8.3035775e-16,1.2489757e-05,1.2489757e-05,1.2489757e-05,1.2489757e-05,-1.2770691e-10,-1.2770691e-10,5.2803126e-15,5.2803126e-15,2.0536125e-18,2.0536125e-18,6.7267006e-12,6.7267006e-12,-6.7214176e-12,-6.7214176e-12,1.2490609e-05,1.2490609e-05,8.3500503e-16,8.3500503e-16,0.013367876,0.013367876,5.2545992e-14,5.2545992e-14,0.0066839377,0.0066839377,2.620948e-14,2.620948e-14,1.2489757e-05,1.2489757e-05,8.5138025e-10,8.5138025e-10,2.4979514e-06,2.4979514e-06,1.5853038e-16,1.5853038e-16,-2.2921052e-14,-2.2921052e-14,2.2920766e-14,2.2920766e-14,-1.0558231e-19,-1.0558231e-19,-6.6863616e-19,-6.6863616e-19,-8.6286949e-10,-8.6286949e-10,-2.1148864e-19,-2.1148864e-19,8.6958302e-19,8.6958302e-19,-2.5071178e-18,-2.5071178e-18,-8.6286949e-10,-8.6286949e-10,6.5317666e-11,6.5317666e-11,2.7833991e-34,2.7833991e-34
1.24898e-05,1.24898e-05,-1.24898e-05,-1.24898e-05,-4.9675772e-16,-4.9675772e-16,-8.6091615e-16,-8.6091615e-16,-1.24898e-05,-1.24898e-05,-7.4245632e-10,-7.4245632e-10,-1.2132152e-10,-1.2132152e-10,-6.954276e-10,-6.954276e-10,-1.2132152e-10,-1.2132152e-10,0,0,1.2490609e-05,1.2490609e-05,8.3333087e-16,8.3333087e-16,4.0648555e-11,4.0648555e-11,4.064855e-11,4.064855e-11,2.8664633e-18,2.8664633e-18,-6.874892e-10,-6.874892e-10,-1.2132154e-10,-1.2132154e-10,-6.8748915e-10,-6.8748915e-10,-1.2132156e-10,-1.2132156e-10,-5.0610069e-17,-5.0610069e-17,2.3528114e-17,2.3528114e-17,-8.0881072e-10,-8.0881072e-10,-2.6899411e-17,-2.6899411e-17,1.0913912e-11,1.0913912e-11,-9.5686978e-18,-9.5686978e-18,1.2490487e-05,1.2490487e-05,1.213224e-10,1.213224e-10,1.2490487e-05,1.2490487e-05,1.213224e-10,1.213224e-10,1.2490609e-05,1.2490609e-05,8.3176696e-16,8.3176696e-16,1.24898e-05,1.24898e-05,1.24898e-05,1.24898e-05,-1.2132156e-10,-1.2132156e-10,5.0162215e-15,5.0162215e-15,2.0536163e-18,2.0536163e-18,6.3903656e-12,6.3903656e-12,-6.3853467e-12,-6.3853467e-12,1.2490609e-05,1.2490609e-05,8.3641426e-16,8.3641426e-16,0.013367876,0.013367876,5.2633924e-14,5.2633924e-14,0.0066839377,0.0066839377,2.625289e-14,2.625289e-14,1.24898e-05,1.24898e-05,8.0881127e-10,8.0881127e-10,2.4979599e-06,2.4979599e-06,1.5877994e-16,1.5877994e-16,-2.2985323e-14,-2.2985323e-14,2.2985036e-14,2.2985036e-14,-1.0561049e-19,-1.0561049e-19,-6.6863615e-19,-6.6863615e-19,-8.1972601e-10,-8.1972601e-10,-2.1149014e-19,-2.1149014e-19,8.6958304e-19,8.6958304e-19,-2.5071179e-18,-2.5071179e-18,-8.1972602e-10,-8.1972602e-10,6.4664489e-11,6.4664489e-11,2.7834105e-34,2.7834105e-34
1.248984e-05,1.248984e-05,-1.248984e-05,-1.248984e-05,-4.9617665e-16,-4.9617665e-16,-8.6248678e-16,-8.6248678e-16,-1.248984e-05,-1.248984e-05,-7.0721466e-10,-7.0721466e-10,-1.1525544e-10,-1.1525544e-10,-6.6065622e-10,-6.6065622e-10,-1.1525544e-10,-1.1525544e-10,0,0,1.2490609e-05,1.2490609e-05,8.3474009e-16,8.3474009e-16,3.8616128e-11,3.8616128e-11,3.8616123e-11,3.8616123e-11,2.866469e-18,2.866469e-18,-6.5311475e-10,-6.5311475e-10,-1.1525546e-10,-1.1525546e-10,-6.531147e-10,-6.531147e-10,-1.1525548e-10,-1.1525548e-10,-5.0908677e-17,-5.0908677e-17,2.3665318e-17,2.3665318e-17,-7.6837018e-10,-7.6837018e-10,-2.7060815e-17,-2.7060815e-17,1.0368148e-11,1.0368148e-11,-9.7301e-18,-9.7301e-18,1.2490493e-05,1.2490493e-05,1.1525632e-10,1.1525632e-10,1.2490493e-05,1.2490493e-05,1.1525632e-10,1.1525632e-10,1.2490609e-05,1.2490609e-05,8.3317617e-16,8.3317617e-16,1.248984e-05,1.248984e-05,1.248984e-05,1.248984e-05,-1.1525548e-10,-1.1525548e-10,4.7653349e-15,4.7653349e-15,2.0536201e-18,2.0536201e-18,6.0708473e-12,6.0708473e-12,-6.0660793e-12,-6.0660793e-12,1.2490609e-05,1.2490609e-05,8.3782348e-16,8.3782348e-16,0.013367876,0.013367876,5.2721857e-14,5.2721857e-14,0.0066839377,0.0066839377,2.6296301e-14,2.6296301e-14,1.248984e-05,1.248984e-05,7.6837073e-10,7.6837073e-10,2.497968e-06,2.497968e-06,1.5902951e-16,1.5902951e-16,-2.3049593e-14,-2.3049593e-14,2.3049305e-14,2.3049305e-14,-1.0563802e-19,-1.0563802e-19,-6.6863614e-19,-6.6863614e-19,-7.7873971e-10,-7.7873971e-10,-2.1149156e-19,-2.1149156e-19,8.6958305e-19,8.6958305e-19,-2.507118e-18,-2.507118e-18,-7.7873971e-10,-7.7873971e-10,6.4017844e-11,6.4017844e-11,2.7834215e-34,2.7834215e-34
1.2489879e-05,1.2489879e-05,-1.2489879e-05,-1.2489879e-05,-4.955939e-16,-4.955939e-16,-8.6405741e-16,-8.6405741e-16,-1.2489879e-05,-1.2489879e-05,-6.7371627e-10,-6.7371627e-10,-1.0949266e-10,-1.0949266e-10,-6.2762342e-10,-6.2762342e-10,-1.0949266e-10,-1.0949266e-10,0,0,1.2490609e-05,1.2490609e-05,8.3614931e-16,8.3614931e-16,3.6685322e-11,3.6685322e-11,3.6685317e-11,3.6685317e-11,2.8664745e-18,2.8664745e-18,-6.2045902e-10,-6.2045902e-10,-1.0949268e-10,-1.0949268e-10,-6.2045897e-10,-6.2045897e-10,-1.094927e-10,-1.094927e-10,-5.1207288e-17,-5.1207288e-17,2.3802523e-17,2.3802523e-17,-7.2995167e-10,-7.2995167e-10,-2.7222221e-17,-2.7222221e-17,9.8496719e-12,9.8496719e-12,-9.8915046e-18,-9.8915046e-18,1.2490499e-05,1.2490499e-05,1.0949354e-10,1.0949354e-10,1.2490499e-05,1.2490499e-05,1.0949354e-10,1.0949354e-10,1.2490609e-05,1.2490609e-05,8.3458539e-16,8.3458539e-16,1.2489879e-05,1.2489879e-05,1.2489879e-05,1.2489879e-05,-1.0949271e-10,-1.0949271e-10,4.5269927e-15,4.5269927e-15,2.0536238e-18,2.0536238e-18,5.767305e-12,5.767305e-12,-5.7627753e-12,-5.7627753e-12,1.2490609e-05,1.2490609e-05,8.3923271e-16,8.3923271e-16,0.013367876,0.013367876,5.2809789e-14,5.2809789e-14,0.0066839377,0.0066839377,2.6339712e-14,2.6339712e-14,1.2489879e-05,1.2489879e-05,7.2995222e-10,7.2995222e-10,2.4979757e-06,2.4979757e-06,1.5927907e-16,1.5927907e-16,-2.3113864e-14,-2.3113864e-14,2.3113576e-14,2.3113576e-14,-1.0566492e-19,-1.0566492e-19,-6.6863614e-19,-6.6863614e-19,-7.3980273e-10,-7.3980273e-10,-2.1149291e-19,-2.1149291e-19,8.6958307e-19,8.6958307e-19,-2.5071181e-18,-2.5071181e-18,-7.3980273e-10,-7.3980273e-10,6.3377666e-11,6.3377666e-11,2.7834323e-34,2.7834323e-34
1.2489915e-05,1.2489915e-05,-1.2489915e-05,-1.2489915e-05,-4.9501283e-16,-4.9501283e-16,-8.6562806e-16,-8.6562806e-16,-1.2489915e-05,-1.2489915e-05,-6.4187417e-10,-6.4187417e-10,-1.0401802e-10,-1.0401802e-10,-5.9624225e-10,-5.9624225e-10,-1.0401802e-10,-1.0401802e-10,0,0,1.2490609e-05,1.2490609e-05,8.3755853e-16,8.3755853e-16,3.4851056e-11,3.4851056e-11,3.4851051e-11,3.4851051e-11,2.8664799e-18,2.8664799e-18,-5.8943607e-10,-5.8943607e-10,-1.0401804e-10,-1.0401804e-10,-5.8943602e-10,-5.8943602e-10,-1.0401807e-10,-1.0401807e-10,-5.1505903e-17,-5.1505903e-17,2.393973e-17,2.393973e-17,-6.9345409e-10,-6.9345409e-10,-2.7383629e-17,-2.7383629e-17,9.3571197e-12,9.3571197e-12,-1.0052911e-17,-1.0052911e-17,1.2490505e-05,1.2490505e-05,1.0401891e-10,1.0401891e-10,1.2490505e-05,1.2490505e-05,1.040189e-10,1.040189e-10,1.2490609e-05,1.2490609e-05,8.3599461e-16,8.3599461e-16,1.2489915e-05,1.2489915e-05,1.2489915e-05,1.2489915e-05,-1.0401807e-10,-1.0401807e-10,4.3005675e-15,4.3005675e-15,2.0536274e-18,2.0536274e-18,5.4789397e-12,5.4789397e-12,-5.4746364e-12,-5.4746364e-12,1.2490609e-05,1.2490609e-05,8.4064194e-16,8.4064194e-16,0.013367876,0.013367876,5.2897722e-14,5.2897722e-14,0.0066839377,0.0066839377,2.6383124e-14,2.6383124e-14,1.2489915e-05,1.2489915e-05,6.9345463e-10,6.9345463e-10,2.497983e-06,2.497983e-06,1.5952863e-16,1.5952863e-16,-2.3178135e-14,-2.3178135e-14,2.3177846e-14,2.3177846e-14,-1.056912e-19,-1.056912e-19,-6.6863613e-19,-6.6863613e-19,-7.0281259e-10,-7.0281259e-10,-2.114942e-19,-2.114942e-19,8.6958308e-19,8.6958308e-19,-2.5071181e-18,-2.5071181e-18,-7.0281259e-10,-7.0281259e-10,6.2743889e-11,6.2743889e-11,2.7834429e-34,2.7834429e-34
1.248995e-05,1.248995e-05,-1.248995e-05,-1.248995e-05,-4.9443007e-16,-4.9443007e-16,-8.671987e-16,-8.671987e-16,-1.248995e-05,-1.248995e-05,-6.1160575e-10,-6.1160575e-10,-9.8817115e-11,-9.8817115e-11,-5.6643015e-10,-5.6643015e-10,-9.8817115e-11,-9.8817115e-11,0,0,1.2490609e-05,1.2490609e-05,8.3896775e-16,8.3896775e-16,3.3108504e-11,3.3108504e-11,3.3108499e-11,3.3108499e-11,2.8664852e-18,2.8664852e-18,-5.5996427e-10,-5.5996427e-10,-9.8817135e-11,-9.8817135e-11,-5.5996422e-10,-5.5996422e-10,-9.881716e-11,-9.881716e-11,-5.1804522e-17,-5.1804522e-17,2.4076939e-17,2.4076939e-17,-6.5878138e-10,-6.5878138e-10,-2.7545039e-17,-2.7545039e-17,8.8891952e-12,8.8891952e-12,-1.021432e-17,-1.021432e-17,1.249051e-05,1.249051e-05,9.8818002e-11,9.8818002e-11,1.249051e-05,1.249051e-05,9.8818e-11,9.8818e-11,1.2490609e-05,1.2490609e-05,8.3740384e-16,8.3740384e-16,1.248995e-05,1.248995e-05,1.248995e-05,1.248995e-05,-9.8817163e-11,-9.8817163e-11,4.0854635e-15,4.0854635e-15,2.0536309e-18,2.0536309e-18,5.2049927e-12,5.2049927e-12,-5.2009046e-12,-5.2009046e-12,1.2490609e-05,1.2490609e-05,8.4205118e-16,8.4205118e-16,0.013367876,0.013367876,5.2985655e-14,5.2985655e-14,0.0066839377,0.0066839377,2.6426535e-14,2.6426535e-14,1.248995e-05,1.248995e-05,6.5878193e-10,6.5878193e-10,2.49799e-06,2.49799e-06,1.5977819e-16,1.5977819e-16,-2.3242407e-14,-2.3242407e-14,2.3242116e-14,2.3242116e-14,-1.0571688e-19,-1.0571688e-19,-6.6863612e-19,-6.6863612e-19,-6.6767196e-10,-6.6767196e-10,-2.1149543e-19,-2.1149543e-19,8.695831e-19,8.695831e-19,-2.5071182e-18,-2.5071182e-18,-6.6767196e-10,-6.6767196e-10,6.211645e-11,6.211645e-11,2.7834532e-34,2.7834532e-34
1.2489983e-05,1.2489983e-05,-1.2489983e-05,-1.2489983e-05,-4.938507e-16,-4.938507e-16,-8.6876935e-16,-8.6876935e-16,-1.2489983e-05,-1.2489983e-05,-5.8283249e-10,-5.8283249e-10,-9.3876254e-11,-9.3876254e-11,-5.3810864e-10,-5.3810864e-10,-9.3876254e-11,-9.3876254e-11,0,0,1.2490609e-05,1.2490609e-05,8.4037698e-16,8.4037698e-16,3.1453079e-11,3.1453079e-11,3.1453074e-11,3.1453074e-11,2.8664903e-18,2.8664903e-18,-5.3196606e-10,-5.3196606e-10,-9.3876274e-11,-9.3876274e-11,-5.3196601e-10,-5.3196601e-10,-9.38763e-11,-9.38763e-11,-5.2103144e-17,-5.2103144e-17,2.4214149e-17,2.4214149e-17,-6.2584231e-10,-6.2584231e-10,-2.7706451e-17,-2.7706451e-17,8.4446669e-12,8.4446669e-12,-1.0375731e-17,-1.0375731e-17,1.2490515e-05,1.2490515e-05,9.3877143e-11,9.3877143e-11,1.2490515e-05,1.2490515e-05,9.3877141e-11,9.3877141e-11,1.2490609e-05,1.2490609e-05,8.3881307e-16,8.3881307e-16,1.2489983e-05,1.2489983e-05,1.2489983e-05,1.2489983e-05,-9.3876302e-11,-9.3876302e-11,3.8811147e-15,3.8811147e-15,2.0536344e-18,2.0536344e-18,4.9447431e-12,4.9447431e-12,-4.9408593e-12,-4.9408593e-12,1.2490609e-05,1.2490609e-05,8.4346042e-16,8.4346042e-16,0.013367876,0.013367876,5.3073588e-14,5.3073588e-14,0.0066839377,0.0066839377,2.6469946e-14,2.6469946e-14,1.2489983e-05,1.2489983e-05,6.2584286e-10,6.2584286e-10,2.4979965e-06,2.4979965e-06,1.6002776e-16,1.6002776e-16,-2.3306678e-14,-2.3306678e-14,2.3306387e-14,2.3306387e-14,-1.0574197e-19,-1.0574197e-19,-6.6863612e-19,-6.6863612e-19,-6.3428836e-10,-6.3428836e-10,-2.114966e-19,-2.114966e-19,8.6958311e-19,8.6958311e-19,-2.5071183e-18,-2.5071183e-18,-6.3428836e-10,-6.3428836e-10,6.1495286e-11,6.1495286e-11,2.7834632e-34,2.7834632e-34
1.2490014e-05,1.2490014e-05,-1.2490014e-05,-1.2490014e-05,-4.9326964e-16,-4.9326964e-16,-8.7034001e-16,-8.7034001e-16,-1.2490014e-05,-1.2490014e-05,-5.5547982e-10,-5.5547982e-10,-8.9182436e-11,-8.9182436e-11,-5.1120322e-10,-5.1120322e-10,-8.9182436e-11,-8.9182436e-11,0,0,1.2490609e-05,1.2490609e-05,8.4178621e-16,8.4178621e-16,2.9880426e-11,2.9880426e-11,2.9880421e-11,2.9880421e-11,2.8664954e-18,2.8664954e-18,-5.0536777e-10,-5.0536777e-10,-8.9182456e-11,-8.9182456e-11,-5.0536771e-10,-5.0536771e-10,-8.9182482e-11,-8.9182482e-11,-5.240177e-17,-5.240177e-17,2.4351361e-17,2.4351361e-17,-5.945502e-10,-5.945502e-10,-2.7867865e-17,-2.7867865e-17,8.022365e-12,8.022365e-12,-1.0537144e-17,-1.0537144e-17,1.2490519e-05,1.2490519e-05,8.9183327e-11,8.9183327e-11,1.2490519e-05,1.2490519e-05,8.9183325e-11,8.9183325e-11,1.2490609e-05,1.2490609e-05,8.402223e-16,8.402223e-16,1.2490014e-05,1.2490014e-05,1.2490014e-05,1.2490014e-05,-8.9182485e-11,-8.9182485e-11,3.6869833e-15,3.6869833e-15,2.0536377e-18,2.0536377e-18,4.697506e-12,4.697506e-12,-4.6938163e-12,-4.6938163e-12,1.2490609e-05,1.2490609e-05,8.4486966e-16,8.4486966e-16,0.013367876,0.013367876,5.3161521e-14,5.3161521e-14,0.0066839377,0.0066839377,2.6513358e-14,2.6513358e-14,1.2490014e-05,1.2490014e-05,5.9455074e-10,5.9455074e-10,2.4980028e-06,2.4980028e-06,1.6027732e-16,1.6027732e-16,-2.3370949e-14,-2.3370949e-14,2.3370657e-14,2.3370657e-14,-1.0576648e-19,-1.0576648e-19,-6.6863611e-19,-6.6863611e-19,-6.0257394e-10,-6.0257394e-10,-2.1149772e-19,-2.1149772e-19,8.6958312e-19,8.6958312e-19,-2.5071183e-18,-2.5071183e-18,-6.0257395e-10,-6.0257395e-10,6.0880333e-11,6.0880333e-11,2.783473e-34,2.783473e-34
1.2490044e-05,1.2490044e-05,-1.2490044e-05,-1.2490044e-05,-4.9268857e-16,-4.9268857e-16,-8.7191067e-16,-8.7191067e-16,-1.2490044e-05,-1.2490044e-05,-5.294769e-10,-5.294769e-10,-8.4723309e-11,-8.4723309e-11,-4.8564306e-10,-4.8564306e-10,-8.4723309e-11,-8.4723309e-11,0,0,1.2490609e-05,1.2490609e-05,8.4319545e-16,8.4319545e-16,2.8386405e-11,2.8386405e-11,2.83864e-11,2.83864e-11,2.8665003e-18,2.8665003e-18,-4.8009938e-10,-4.8009938e-10,-8.4723329e-11,-8.4723329e-11,-4.8009933e-10,-4.8009933e-10,-8.4723355e-11,-8.4723355e-11,-5.2700399e-17,-5.2700399e-17,2.4488574e-17,2.4488574e-17,-5.6482269e-10,-5.6482269e-10,-2.8029281e-17,-2.8029281e-17,7.6211782e-12,7.6211782e-12,-1.0698559e-17,-1.0698559e-17,1.2490524e-05,1.2490524e-05,8.4724201e-11,8.4724201e-11,1.2490524e-05,1.2490524e-05,8.4724199e-11,8.4724199e-11,1.2490609e-05,1.2490609e-05,8.4163153e-16,8.4163153e-16,1.2490044e-05,1.2490044e-05,1.2490044e-05,1.2490044e-05,-8.4723358e-11,-8.4723358e-11,3.5025584e-15,3.5025584e-15,2.053641e-18,2.053641e-18,4.4626307e-12,4.4626307e-12,-4.4591254e-12,-4.4591254e-12,1.2490609e-05,1.2490609e-05,8.4627891e-16,8.4627891e-16,0.013367876,0.013367876,5.3249454e-14,5.3249454e-14,0.0066839377,0.0066839377,2.6556769e-14,2.6556769e-14,1.2490044e-05,1.2490044e-05,5.6482323e-10,5.6482323e-10,2.4980088e-06,2.4980088e-06,1.6052688e-16,1.6052688e-16,-2.3435221e-14,-2.3435221e-14,2.3434928e-14,2.3434928e-14,-1.0579042e-19,-1.0579042e-19,-6.6863611e-19,-6.6863611e-19,-5.7244525e-10,-5.7244525e-10,-2.1149878e-19,-2.1149878e-19,8.6958314e-19,8.6958314e-19,-2.5071184e-18,-2.5071184e-18,-5.7244525e-10,-5.7244525e-10,6.0271529e-11,6.0271529e-11,2.7834826e-34,2.7834826e-34
1.2490072e-05,1.2490072e-05,-1.2490072e-05,-1.2490072e-05,-4.9210751e-16,-4.9210751e-16,-8.7348134e-16,-8.7348134e-16,-1.2490072e-05,-1.2490072e-05,-5.0475641e-10,-5.0475641e-10,-8.0487138e-11,-8.0487138e-11,-4.6136091e-10,-4.6136091e-10,-8.0487138e-11,-8.0487138e-11,0,0,1.2490609e-05,1.2490609e-05,8.4460469e-16,8.4460469e-16,2.6967085e-11,2.6967085e-11,2.696708e-11,2.696708e-11,2.8665051e-18,2.8665051e-18,-4.5609442e-10,-4.5609442e-10,-8.0487159e-11,-8.0487159e-11,-4.5609437e-10,-4.5609437e-10,-8.0487185e-11,-8.0487185e-11,-5.2999032e-17,-5.2999032e-17,2.4625788e-17,2.4625788e-17,-5.3658155e-10,-5.3658155e-10,-2.81907e-17,-2.81907e-17,7.2400507e-12,7.2400507e-12,-1.0859976e-17,-1.0859976e-17,1.2490528e-05,1.2490528e-05,8.0488032e-11,8.0488032e-11,1.2490528e-05,1.2490528e-05,8.048803e-11,8.048803e-11,1.2490609e-05,1.2490609e-05,8.4304077e-16,8.4304077e-16,1.2490072e-05,1.2490072e-05,1.2490072e-05,1.2490072e-05,-8.0487188e-11,-8.0487188e-11,3.3273547e-15,3.3273547e-15,2.0536442e-18,2.0536442e-18,4.2394991e-12,4.2394991e-12,-4.2361691e-12,-4.2361691e-12,1.2490609e-05,1.2490609e-05,8.4768815e-16,8.4768815e-16,0.013367876,0.013367876,5.3337388e-14,5.3337388e-14,0.0066839377,0.0066839377,2.6600181e-14,2.6600181e-14,1.2490072e-05,1.2490072e-05,5.365821e-10,5.365821e-10,2.4980144e-06,2.4980144e-06,1.6077645e-16,1.6077645e-16,-2.3499493e-14,-2.3499493e-14,2.3499199e-14,2.3499199e-14,-1.0581382e-19,-1.0581382e-19,-6.686361e-19,-6.686361e-19,-5.4382298e-10,-5.4382298e-10,-2.1149979e-19,-2.1149979e-19,8.6958315e-19,8.6958315e-19,-2.5071184e-18,-2.5071184e-18,-5.4382299e-10,-5.4382299e-10,5.9668814e-11,5.9668814e-11,2.783492e-34,2.783492e-34
1.2490099e-05,1.2490099e-05,-1.2490099e-05,-1.2490099e-05,-4.9152136e-16,-4.9152136e-16,-8.7505201e-16,-8.7505201e-16,-1.2490099e-05,-1.2490099e-05,-4.8125442e-10,-4.8125442e-10,-7.6462776e-11,-7.6462776e-11,-4.3829287e-10,-4.3829287e-10,-7.6462776e-11,-7.6462776e-11,0,0,1.2490609e-05,1.2490609e-05,8.4601393e-16,8.4601393e-16,2.5618731e-11,2.5618731e-11,2.5618726e-11,2.5618726e-11,2.8665098e-18,2.8665098e-18,-4.332897e-10,-4.332897e-10,-7.6462797e-11,-7.6462797e-11,-4.3328965e-10,-4.3328965e-10,-7.6462823e-11,-7.6462823e-11,-5.3297668e-17,-5.3297668e-17,2.4763004e-17,2.4763004e-17,-5.0975247e-10,-5.0975247e-10,-2.8352119e-17,-2.8352119e-17,6.8779797e-12,6.8779797e-12,-1.1021395e-17,-1.1021395e-17,1.2490532e-05,1.2490532e-05,7.6463672e-11,7.6463672e-11,1.2490532e-05,1.2490532e-05,7.646367e-11,7.646367e-11,1.2490609e-05,1.2490609e-05,8.4445001e-16,8.4445001e-16,1.2490099e-05,1.2490099e-05,1.2490099e-05,1.2490099e-05,-7.6462826e-11,-7.6462826e-11,3.1609112e-15,3.1609112e-15,2.0536474e-18,2.0536474e-18,4.0275242e-12,4.0275242e-12,-4.0243605e-12,-4.0243605e-12,1.2490609e-05,1.2490609e-05,8.490974e-16,8.490974e-16,0.013367876,0.013367876,5.3425322e-14,5.3425322e-14,0.0066839377,0.0066839377,2.6643592e-14,2.6643592e-14,1.2490099e-05,1.2490099e-05,5.0975302e-10,5.0975302e-10,2.4980198e-06,2.4980198e-06,1.6102601e-16,1.6102601e-16,-2.3563765e-14,-2.3563765e-14,2.356347e-14,2.356347e-14,-1.0583667e-19,-1.0583667e-19,-6.686361e-19,-6.686361e-19,-5.1663183e-10,-5.1663183e-10,-2.1150075e-19,-2.1150075e-19,8.6958316e-19,8.6958316e-19,-2.5071185e-18,-2.5071185e-18,-5.1663184e-10,-5.1663184e-10,5.9072126e-11,5.9072126e-11,2.7835011e-34,2.7835011e-34
1.2490124e-05,1.2490124e-05,-1.2490124e-05,-1.2490124e-05,-4.909403e-16,-4.909403e-16,-8.7662269e-16,-8.7662269e-16,-1.2490124e-05,-1.2490124e-05,-4.5891016e-10,-4.5891016e-10,-7.2639632e-11,-7.2639632e-11,-4.1637823e-10,-4.1637823e-10,-7.2639632e-11,-7.2639632e-11,0,0,1.2490609e-05,1.2490609e-05,8.4742317e-16,8.4742317e-16,2.4337795e-11,2.4337795e-11,2.433779e-11,2.433779e-11,2.8665144e-18,2.8665144e-18,-4.1162522e-10,-4.1162522e-10,-7.2639653e-11,-7.2639653e-11,-4.1162517e-10,-4.1162517e-10,-7.2639679e-11,-7.2639679e-11,-5.3596307e-17,-5.3596307e-17,2.4900222e-17,2.4900222e-17,-4.8426485e-10,-4.8426485e-10,-2.8513541e-17,-2.8513541e-17,6.5340122e-12,6.5340122e-12,-1.1182816e-17,-1.1182816e-17,1.2490536e-05,1.2490536e-05,7.2640529e-11,7.2640529e-11,1.2490536e-05,1.2490536e-05,7.2640527e-11,7.2640527e-11,1.2490609e-05,1.2490609e-05,8.4585926e-16,8.4585926e-16,1.2490124e-05,1.2490124e-05,1.2490124e-05,1.2490124e-05,-7.2639682e-11,-7.2639682e-11,3.0027898e-15,3.0027898e-15,2.0536504e-18,2.0536504e-18,3.826148e-12,3.826148e-12,-3.8231425e-12,-3.8231425e-12,1.2490609e-05,1.2490609e-05,8.5050666e-16,8.5050666e-16,0.013367876,0.013367876,5.3513256e-14,5.3513256e-14,0.0066839377,0.0066839377,2.6687004e-14,2.6687004e-14,1.2490124e-05,1.2490124e-05,4.842654e-10,4.842654e-10,2.4980249e-06,2.4980249e-06,1.6127558e-16,1.6127558e-16,-2.3628036e-14,-2.3628036e-14,2.3627741e-14,2.3627741e-14,-1.0585901e-19,-1.0585901e-19,-6.6863609e-19,-6.6863609e-19,-4.9080024e-10,-4.9080024e-10,-2.1150167e-19,-2.1150167e-19,8.6958317e-19,8.6958317e-19,-2.5071185e-18,-2.5071185e-18,-4.9080024e-10,-4.9080024e-10,5.8481405e-11,5.8481405e-11,2.78351e-34,2.78351e-34
1.2490149e-05,1.2490149e-05,-1.2490149e-05,-1.2490149e-05,-4.9036093e-16,-4.9036093e-16,-8.7819337e-16,-8.7819337e-16,-1.2490149e-05,-1.2490149e-05,-4.3766594e-10,-4.3766594e-10,-6.9007645e-11,-6.9007645e-11,-3.9555933e-10,-3.9555933e-10,-6.9007645e-11,-6.9007645e-11,0,0,1.2490609e-05,1.2490609e-05,8.4883242e-16,8.4883242e-16,2.3120906e-11,2.3120906e-11,2.3120901e-11,2.3120901e-11,2.8665188e-18,2.8665188e-18,-3.9104397e-10,-3.9104397e-10,-6.9007666e-11,-6.9007666e-11,-3.9104391e-10,-3.9104391e-10,-6.9007692e-11,-6.9007692e-11,-5.3894949e-17,-5.3894949e-17,2.503744e-17,2.503744e-17,-4.6005161e-10,-4.6005161e-10,-2.8674965e-17,-2.8674965e-17,6.2072431e-12,6.2072431e-12,-1.1344239e-17,-1.1344239e-17,1.249054e-05,1.249054e-05,6.9008544e-11,6.9008544e-11,1.249054e-05,1.249054e-05,6.9008542e-11,6.9008542e-11,1.2490609e-05,1.2490609e-05,8.4726851e-16,8.4726851e-16,1.2490149e-05,1.2490149e-05,1.2490149e-05,1.2490149e-05,-6.9007695e-11,-6.9007695e-11,2.8525744e-15,2.8525744e-15,2.0536534e-18,2.0536534e-18,3.6348406e-12,3.6348406e-12,-3.6319853e-12,-3.6319853e-12,1.2490609e-05,1.2490609e-05,8.5191591e-16,8.5191591e-16,0.013367876,0.013367876,5.360119e-14,5.360119e-14,0.0066839377,0.0066839377,2.6730416e-14,2.6730416e-14,1.2490149e-05,1.2490149e-05,4.6005215e-10,4.6005215e-10,2.4980297e-06,2.4980297e-06,1.6152514e-16,1.6152514e-16,-2.3692309e-14,-2.3692309e-14,2.3692013e-14,2.3692013e-14,-1.0588082e-19,-1.0588082e-19,-6.6863609e-19,-6.6863609e-19,-4.6626023e-10,-4.6626023e-10,-2.1150255e-19,-2.1150255e-19,8.6958318e-19,8.6958318e-19,-2.5071186e-18,-2.5071186e-18,-4.6626023e-10,-4.6626023e-10,5.7896591e-11,5.7896591e-11,2.7835187e-34,2.7835187e-34
1.2490172e-05,1.2490172e-05,-1.2490172e-05,-1.2490172e-05,-4.8977817e-16,-4.8977817e-16,-8.7976406e-16,-8.7976406e-16,-1.2490172e-05,-1.2490172e-05,-4.1746691e-10,-4.1746691e-10,-6.5557257e-11,-6.5557257e-11,-3.7578137e-10,-3.7578137e-10,-6.5557257e-11,-6.5557257e-11,0,0,1.2490609e-05,1.2490609e-05,8.5024167e-16,8.5024167e-16,2.1964861e-11,2.1964861e-11,2.1964856e-11,2.1964856e-11,2.8665232e-18,2.8665232e-18,-3.7149177e-10,-3.7149177e-10,-6.5557278e-11,-6.5557278e-11,-3.7149172e-10,-3.7149172e-10,-6.5557305e-11,-6.5557305e-11,-5.4193594e-17,-5.4193594e-17,2.5174661e-17,2.5174661e-17,-4.3704903e-10,-4.3704903e-10,-2.883639e-17,-2.883639e-17,5.8968125e-12,5.8968125e-12,-1.1505663e-17,-1.1505663e-17,1.2490543e-05,1.2490543e-05,6.5558158e-11,6.5558158e-11,1.2490543e-05,1.2490543e-05,6.5558156e-11,6.5558156e-11,1.2490609e-05,1.2490609e-05,8.4867776e-16,8.4867776e-16,1.2490172e-05,1.2490172e-05,1.2490172e-05,1.2490172e-05,-6.5557308e-11,-6.5557308e-11,2.7098698e-15,2.7098698e-15,2.0536563e-18,2.0536563e-18,3.4530985e-12,3.4530985e-12,-3.450386e-12,-3.450386e-12,1.2490609e-05,1.2490609e-05,8.5332517e-16,8.5332517e-16,0.013367876,0.013367876,5.3689124e-14,5.3689124e-14,0.0066839377,0.0066839377,2.6773828e-14,2.6773828e-14,1.2490172e-05,1.2490172e-05,4.3704957e-10,4.3704957e-10,2.4980343e-06,2.4980343e-06,1.6177471e-16,1.6177471e-16,-2.3756581e-14,-2.3756581e-14,2.3756284e-14,2.3756284e-14,-1.0590214e-19,-1.0590214e-19,-6.6863609e-19,-6.6863609e-19,-4.4294722e-10,-4.4294722e-10,-2.1150338e-19,-2.1150338e-19,8.6958319e-19,8.6958319e-19,-2.5071186e-18,-2.5071186e-18,-4.4294722e-10,-4.4294722e-10,5.7317625e-11,5.7317625e-11,2.7835273e-34,2.7835273e-34
1.2490193e-05,1.2490193e-05,-1.2490193e-05,-1.2490193e-05,-4.891971e-16,-4.891971e-16,-8.8133475e-16,-8.8133475e-16,-1.2490193e-05,-1.2490193e-05,-3.9826099e-10,-3.9826099e-10,-6.2279389e-11,-6.2279389e-11,-3.569923e-10,-3.569923e-10,-6.2279389e-11,-6.2279389e-11,0,0,1.2490609e-05,1.2490609e-05,8.5165092e-16,8.5165092e-16,2.0866618e-11,2.0866618e-11,2.0866614e-11,2.0866614e-11,2.8665275e-18,2.8665275e-18,-3.5291719e-10,-3.5291719e-10,-6.227941e-11,-6.227941e-11,-3.5291714e-10,-3.5291714e-10,-6.2279437e-11,-6.2279437e-11,-5.4492243e-17,-5.4492243e-17,2.5311882e-17,2.5311882e-17,-4.1519658e-10,-4.1519658e-10,-2.8997817e-17,-2.8997817e-17,5.6019034e-12,5.6019034e-12,-1.1667089e-17,-1.1667089e-17,1.2490546e-05,1.2490546e-05,6.2280291e-11,6.2280291e-11,1.2490546e-05,1.2490546e-05,6.2280289e-11,6.2280289e-11,1.2490609e-05,1.2490609e-05,8.5008701e-16,8.5008701e-16,1.2490193e-05,1.2490193e-05,1.2490193e-05,1.2490193e-05,-6.227944e-11,-6.227944e-11,2.5743003e-15,2.5743003e-15,2.0536592e-18,2.0536592e-18,3.2804436e-12,3.2804436e-12,-3.2778666e-12,-3.2778666e-12,1.2490609e-05,1.2490609e-05,8.5473444e-16,8.5473444e-16,0.013367876,0.013367876,5.3777059e-14,5.3777059e-14,0.0066839377,0.0066839377,2.681724e-14,2.681724e-14,1.2490193e-05,1.2490193e-05,4.1519712e-10,4.1519712e-10,2.4980387e-06,2.4980387e-06,1.6202427e-16,1.6202427e-16,-2.3820853e-14,-2.3820853e-14,2.3820556e-14,2.3820556e-14,-1.0592297e-19,-1.0592297e-19,-6.6863608e-19,-6.6863608e-19,-4.2079986e-10,-4.2079986e-10,-2.1150418e-19,-2.1150418e-19,8.695832e-19,8.695832e-19,-2.5071187e-18,-2.5071187e-18,-4.2079986e-10,-4.2079986e-10,5.6744449e-11,5.6744449e-11,2.7835356e-34,2.7835356e-34
1.2490214e-05,1.2490214e-05,-1.2490214e-05,-1.2490214e-05,-4.8861604e-16,-4.8861604e-16,-8.8290544e-16,-8.8290544e-16,-1.2490214e-05,-1.2490214e-05,-3.799987e-10,-3.799987e-10,-5.9165414e-11,-5.9165414e-11,-3.3914269e-10,-3.3914269e-10,-5.9165414e-11,-5.9165414e-11,0,0,1.2490609e-05,1.2490609e-05,8.5306018e-16,8.5306018e-16,1.9823288e-11,1.9823288e-11,1.9823283e-11,1.9823283e-11,2.8665316e-18,2.8665316e-18,-3.3527134e-10,-3.3527134e-10,-5.9165435e-11,-5.9165435e-11,-3.3527128e-10,-3.3527128e-10,-5.9165462e-11,-5.9165462e-11,-5.4790894e-17,-5.4790894e-17,2.5449104e-17,2.5449104e-17,-3.9443675e-10,-3.9443675e-10,-2.9159246e-17,-2.9159246e-17,5.3217398e-12,5.3217398e-12,-1.1828517e-17,-1.1828517e-17,1.2490549e-05,1.2490549e-05,5.9166318e-11,5.9166318e-11,1.2490549e-05,1.2490549e-05,5.9166316e-11,5.9166316e-11,1.2490609e-05,1.2490609e-05,8.5149627e-16,8.5149627e-16,1.2490214e-05,1.2490214e-05,1.2490214e-05,1.2490214e-05,-5.9165465e-11,-5.9165465e-11,2.4455093e-15,2.4455093e-15,2.0536619e-18,2.0536619e-18,3.1164214e-12,3.1164214e-12,-3.1139732e-12,-3.1139732e-12,1.2490609e-05,1.2490609e-05,8.561437e-16,8.561437e-16,0.013367876,0.013367876,5.3864993e-14,5.3864993e-14,0.0066839377,0.0066839377,2.6860652e-14,2.6860652e-14,1.2490214e-05,1.2490214e-05,3.9443729e-10,3.9443729e-10,2.4980428e-06,2.4980428e-06,1.6227384e-16,1.6227384e-16,-2.3885125e-14,-2.3885125e-14,2.3884827e-14,2.3884827e-14,-1.0594331e-19,-1.0594331e-19,-6.6863608e-19,-6.6863608e-19,-3.9975986e-10,-3.9975986e-10,-2.1150493e-19,-2.1150493e-19,8.6958321e-19,8.6958321e-19,-2.5071187e-18,-2.5071187e-18,-3.9975987e-10,-3.9975987e-10,5.6177004e-11,5.6177004e-11,2.7835437e-34,2.7835437e-34
1.2490234e-05,1.2490234e-05,-1.2490234e-05,-1.2490234e-05,-4.8803497e-16,-4.8803497e-16,-8.8447614e-16,-8.8447614e-16,-1.2490234e-05,-1.2490234e-05,-3.6263301e-10,-3.6263301e-10,-5.6207138e-11,-5.6207138e-11,-3.2218556e-10,-3.2218556e-10,-5.6207138e-11,-5.6207138e-11,0,0,1.2490609e-05,1.2490609e-05,8.5446944e-16,8.5446944e-16,1.8832124e-11,1.8832124e-11,1.8832119e-11,1.8832119e-11,2.8665357e-18,2.8665357e-18,-3.1850777e-10,-3.1850777e-10,-5.6207159e-11,-5.6207159e-11,-3.1850772e-10,-3.1850772e-10,-5.6207186e-11,-5.6207186e-11,-5.5089548e-17,-5.5089548e-17,2.5586328e-17,2.5586328e-17,-3.7471491e-10,-3.7471491e-10,-2.9320676e-17,-2.9320676e-17,5.0555843e-12,5.0555843e-12,-1.1989947e-17,-1.1989947e-17,1.2490552e-05,1.2490552e-05,5.6208044e-11,5.6208044e-11,1.2490552e-05,1.2490552e-05,5.6208042e-11,5.6208042e-11,1.2490609e-05,1.2490609e-05,8.5290552e-16,8.5290552e-16,1.2490234e-05,1.2490234e-05,1.2490234e-05,1.2490234e-05,-5.6207189e-11,-5.6207189e-11,2.3231578e-15,2.3231578e-15,2.0536646e-18,2.0536646e-18,2.9606004e-12,2.9606004e-12,-2.9582745e-12,-2.9582745e-12,1.2490609e-05,1.2490609e-05,8.5755297e-16,8.5755297e-16,0.013367876,0.013367876,5.3952928e-14,5.3952928e-14,0.0066839377,0.0066839377,2.6904064e-14,2.6904064e-14,1.2490234e-05,1.2490234e-05,3.7471545e-10,3.7471545e-10,2.4980468e-06,2.4980468e-06,1.625234e-16,1.625234e-16,-2.3949398e-14,-2.3949398e-14,2.3949099e-14,2.3949099e-14,-1.0596319e-19,-1.0596319e-19,-6.6863608e-19,-6.6863608e-19,-3.7977187e-10,-3.7977187e-10,-2.1150566e-19,-2.1150566e-19,8.6958321e-19,8.6958321e-19,-2.5071188e-18,-2.5071188e-18,-3.7977187e-10,-3.7977187e-10,5.5615234e-11,5.5615234e-11,2.7835516e-34,2.7835516e-34
1.2490253e-05,1.2490253e-05,-1.2490253e-05,-1.2490253e-05,-4.8745391e-16,-4.8745391e-16,-8.8604684e-16,-8.8604684e-16,-1.2490253e-05,-1.2490253e-05,-3.4611926e-10,-3.4611926e-10,-5.3396776e-11,-5.3396776e-11,-3.0607629e-10,-3.0607629e-10,-5.3396776e-11,-5.3396776e-11,0,0,1.2490609e-05,1.2490609e-05,8.558787e-16,8.558787e-16,1.7890518e-11,1.7890518e-11,1.7890514e-11,1.7890514e-11,2.8665397e-18,2.8665397e-18,-3.0258239e-10,-3.0258239e-10,-5.3396797e-11,-5.3396797e-11,-3.0258234e-10,-3.0258234e-10,-5.3396824e-11,-5.3396824e-11,-5.5388205e-17,-5.5388205e-17,2.5723553e-17,2.5723553e-17,-3.5597916e-10,-3.5597916e-10,-2.9482108e-17,-2.9482108e-17,4.8027367e-12,4.8027367e-12,-1.2151378e-17,-1.2151378e-17,1.2490555e-05,1.2490555e-05,5.3397683e-11,5.3397683e-11,1.2490555e-05,1.2490555e-05,5.3397681e-11,5.3397681e-11,1.2490609e-05,1.2490609e-05,8.5431479e-16,8.5431479e-16,1.2490253e-05,1.2490253e-05,1.2490253e-05,1.2490253e-05,-5.3396827e-11,-5.3396827e-11,2.2069238e-15,2.2069238e-15,2.0536673e-18,2.0536673e-18,2.8125704e-12,2.8125704e-12,-2.8103607e-12,-2.8103607e-12,1.2490609e-05,1.2490609e-05,8.5896224e-16,8.5896224e-16,0.013367876,0.013367876,5.4040863e-14,5.4040863e-14,0.0066839377,0.0066839377,2.6947476e-14,2.6947476e-14,1.2490253e-05,1.2490253e-05,3.5597971e-10,3.5597971e-10,2.4980505e-06,2.4980505e-06,1.6277297e-16,1.6277297e-16,-2.4013671e-14,-2.4013671e-14,2.4013371e-14,2.4013371e-14,-1.0598261e-19,-1.0598261e-19,-6.6863607e-19,-6.6863607e-19,-3.6078328e-10,-3.6078328e-10,-2.1150634e-19,-2.1150634e-19,8.6958322e-19,8.6958322e-19,-2.5071188e-18,-2.5071188e-18,-3.6078328e-10,-3.6078328e-10,5.5059082e-11,5.5059082e-11,2.7835594e-34,2.7835594e-34
1.249027e-05,1.249027e-05,-1.249027e-05,-1.249027e-05,-4.8686776e-16,-4.8686776e-16,-8.8761755e-16,-8.8761755e-16,-1.249027e-05,-1.249027e-05,-3.3041502e-10,-3.3041502e-10,-5.0726931e-11,-5.0726931e-11,-2.9077248e-10,-2.9077248e-10,-5.0726931e-11,-5.0726931e-11,0,0,1.2490609e-05,1.2490609e-05,8.5728796e-16,8.5728796e-16,1.6995993e-11,1.6995993e-11,1.6995988e-11,1.6995988e-11,2.8665435e-18,2.8665435e-18,-2.8745328e-10,-2.8745328e-10,-5.0726953e-11,-5.0726953e-11,-2.8745322e-10,-2.8745322e-10,-5.072698e-11,-5.072698e-11,-5.5686864e-17,-5.5686864e-17,2.5860779e-17,2.5860779e-17,-3.381802e-10,-3.381802e-10,-2.9643541e-17,-2.9643541e-17,4.5625314e-12,4.5625314e-12,-1.2312811e-17,-1.2312811e-17,1.2490558e-05,1.2490558e-05,5.072784e-11,5.072784e-11,1.2490558e-05,1.2490558e-05,5.0727838e-11,5.0727838e-11,1.2490609e-05,1.2490609e-05,8.5572405e-16,8.5572405e-16,1.249027e-05,1.249027e-05,1.249027e-05,1.249027e-05,-5.0726983e-11,-5.0726983e-11,2.0965015e-15,2.0965015e-15,2.0536699e-18,2.0536699e-18,2.6719418e-12,2.6719418e-12,-2.6698426e-12,-2.6698426e-12,1.2490609e-05,1.2490609e-05,8.6037151e-16,8.6037151e-16,0.013367876,0.013367876,5.4128798e-14,5.4128798e-14,0.0066839377,0.0066839377,2.6990888e-14,2.6990888e-14,1.249027e-05,1.249027e-05,3.3818075e-10,3.3818075e-10,2.4980541e-06,2.4980541e-06,1.6302254e-16,1.6302254e-16,-2.4077943e-14,-2.4077943e-14,2.4077643e-14,2.4077643e-14,-1.0600159e-19,-1.0600159e-19,-6.6863607e-19,-6.6863607e-19,-3.4274411e-10,-3.4274411e-10,-2.11507e-19,-2.11507e-19,8.6958323e-19,8.6958323e-19,-2.5071188e-18,-2.5071188e-18,-3.4274412e-10,-3.4274412e-10,5.4508491e-11,5.4508491e-11,2.7835669e-34,2.7835669e-34
1.2490287e-05,1.2490287e-05,-1.2490287e-05,-1.2490287e-05,-4.8628839e-16,-4.8628839e-16,-8.8918826e-16,-8.8918826e-16,-1.2490287e-05,-1.2490287e-05,-3.1547998e-10,-3.1547998e-10,-4.8190579e-11,-4.8190579e-11,-2.7623386e-10,-2.7623386e-10,-4.8190579e-11,-4.8190579e-11,0,0,1.2490609e-05,1.2490609e-05,8.5869723e-16,8.5869723e-16,1.6146194e-11,1.6146194e-11,1.6146189e-11,1.6146189e-11,2.8665473e-18,2.8665473e-18,-2.7308062e-10,-2.7308062e-10,-4.8190601e-11,-4.8190601e-11,-2.7308056e-10,-2.7308056e-10,-4.8190628e-11,-4.8190628e-11,-5.5985527e-17,-5.5985527e-17,2.5998007e-17,2.5998007e-17,-3.2127119e-10,-3.2127119e-10,-2.9804976e-17,-2.9804976e-17,4.3343365e-12,4.3343365e-12,-1.2474245e-17,-1.2474245e-17,1.249056e-05,1.249056e-05,4.819149e-11,4.819149e-11,1.249056e-05,1.249056e-05,4.8191488e-11,4.8191488e-11,1.2490609e-05,1.2490609e-05,8.5713332e-16,8.5713332e-16,1.2490287e-05,1.2490287e-05,1.2490287e-05,1.2490287e-05,-4.8190631e-11,-4.8190631e-11,1.9916002e-15,1.9916002e-15,2.0536724e-18,2.0536724e-18,2.5383447e-12,2.5383447e-12,-2.5363504e-12,-2.5363504e-12,1.2490609e-05,1.2490609e-05,8.6178078e-16,8.6178078e-16,0.013367876,0.013367876,5.4216733e-14,5.4216733e-14,0.0066839377,0.0066839377,2.7034301e-14,2.7034301e-14,1.2490287e-05,1.2490287e-05,3.2127174e-10,3.2127174e-10,2.4980575e-06,2.4980575e-06,1.632721e-16,1.632721e-16,-2.4142216e-14,-2.4142216e-14,2.4141915e-14,2.4141915e-14,-1.0602013e-19,-1.0602013e-19,-6.6863607e-19,-6.6863607e-19,-3.2560691e-10,-3.2560691e-10,-2.1150762e-19,-2.1150762e-19,8.6958323e-19,8.6958323e-19,-2.5071189e-18,-2.5071189e-18,-3.2560691e-10,-3.2560691e-10,5.3963406e-11,5.3963406e-11,2.7835743e-34,2.7835743e-34
1.2490303e-05,1.2490303e-05,-1.2490303e-05,-1.2490303e-05,-4.8570563e-16,-4.8570563e-16,-8.9075897e-16,-8.9075897e-16,-1.2490303e-05,-1.2490303e-05,-3.0127583e-10,-3.0127583e-10,-4.5781045e-11,-4.5781045e-11,-2.6242218e-10,-2.6242218e-10,-4.5781045e-11,-4.5781045e-11,0,0,1.2490609e-05,1.2490609e-05,8.601065e-16,8.601065e-16,1.5338884e-11,1.5338884e-11,1.533888e-11,1.533888e-11,2.866551e-18,2.866551e-18,-2.5942659e-10,-2.5942659e-10,-4.5781066e-11,-4.5781066e-11,-2.5942654e-10,-2.5942654e-10,-4.5781094e-11,-4.5781094e-11,-5.6284191e-17,-5.6284191e-17,2.6135235e-17,2.6135235e-17,-3.0520763e-10,-3.0520763e-10,-2.9966413e-17,-2.9966413e-17,4.1175513e-12,4.1175513e-12,-1.2635681e-17,-1.2635681e-17,1.2490563e-05,1.2490563e-05,4.5781957e-11,4.5781957e-11,1.2490563e-05,1.2490563e-05,4.5781955e-11,4.5781955e-11,1.2490609e-05,1.2490609e-05,8.5854259e-16,8.5854259e-16,1.2490303e-05,1.2490303e-05,1.2490303e-05,1.2490303e-05,-4.5781097e-11,-4.5781097e-11,1.891944e-15,1.891944e-15,2.0536749e-18,2.0536749e-18,2.4114275e-12,2.4114275e-12,-2.4095329e-12,-2.4095329e-12,1.2490609e-05,1.2490609e-05,8.6319006e-16,8.6319006e-16,0.013367876,0.013367876,5.4304669e-14,5.4304669e-14,0.0066839377,0.0066839377,2.7077713e-14,2.7077713e-14,1.2490303e-05,1.2490303e-05,3.0520818e-10,3.0520818e-10,2.4980607e-06,2.4980607e-06,1.6352167e-16,1.6352167e-16,-2.4206489e-14,-2.4206489e-14,2.4206187e-14,2.4206187e-14,-1.0603824e-19,-1.0603824e-19,-6.6863606e-19,-6.6863606e-19,-3.0932656e-10,-3.0932656e-10,-2.1150821e-19,-2.1150821e-19,8.6958324e-19,8.6958324e-19,-2.5071189e-18,-2.5071189e-18,-3.0932656e-10,-3.0932656e-10,5.3423772e-11,5.3423772e-11,2.7835815e-34,2.7835815e-34
1.2490319e-05,1.2490319e-05,-1.2490319e-05,-1.2490319e-05,-4.8512457e-16,-4.8512457e-16,-8.9232969e-16,-8.9232969e-16,-1.2490319e-05,-1.2490319e-05,-2.8776619e-10,-2.8776619e-10,-4.3491987e-11,-4.3491987e-11,-2.4930107e-10,-2.4930107e-10,-4.3491987e-11,-4.3491987e-11,0,0,1.2490609e-05,1.2490609e-05,8.6151577e-16,8.6151577e-16,1.4571941e-11,1.4571941e-11,1.4571936e-11,1.4571936e-11,2.8665546e-18,2.8665546e-18,-2.4645527e-10,-2.4645527e-10,-4.3492009e-11,-4.3492009e-11,-2.4645521e-10,-2.4645521e-10,-4.3492036e-11,-4.3492036e-11,-5.6582859e-17,-5.6582859e-17,2.6272464e-17,2.6272464e-17,-2.8994725e-10,-2.8994725e-10,-3.012785e-17,-3.012785e-17,3.9116053e-12,3.9116053e-12,-1.2797118e-17,-1.2797118e-17,1.2490565e-05,1.2490565e-05,4.3492901e-11,4.3492901e-11,1.2490565e-05,1.2490565e-05,4.3492899e-11,4.3492899e-11,1.2490609e-05,1.2490609e-05,8.5995186e-16,8.5995186e-16,1.2490319e-05,1.2490319e-05,1.2490319e-05,1.2490319e-05,-4.3492039e-11,-4.3492039e-11,1.7972706e-15,1.7972706e-15,2.0536773e-18,2.0536773e-18,2.2908561e-12,2.2908561e-12,-2.2890562e-12,-2.2890562e-12,1.2490609e-05,1.2490609e-05,8.6459934e-16,8.6459934e-16,0.013367876,0.013367876,5.4392604e-14,5.4392604e-14,0.0066839377,0.0066839377,2.7121126e-14,2.7121126e-14,1.2490319e-05,1.2490319e-05,2.8994779e-10,2.8994779e-10,2.4980637e-06,2.4980637e-06,1.6377123e-16,1.6377123e-16,-2.4270762e-14,-2.4270762e-14,2.4270459e-14,2.4270459e-14,-1.0605594e-19,-1.0605594e-19,-6.6863606e-19,-6.6863606e-19,-2.9386023e-10,-2.9386023e-10,-2.1150878e-19,-2.1150878e-19,8.6958325e-19,8.6958325e-19,-2.5071189e-18,-2.5071189e-18,-2.9386024e-10,-2.9386024e-10,5.2889534e-11,5.2889534e-11,2.7835886e-34,2.7835886e-34
1.2490333e-05,1.2490333e-05,-1.2490333e-05,-1.2490333e-05,-4.845435e-16,-4.845435e-16,-8.9390041e-16,-8.9390041e-16,-1.2490333e-05,-1.2490333e-05,-2.7491649e-10,-2.7491649e-10,-4.1317382e-11,-4.1317382e-11,-2.3683602e-10,-2.3683602e-10,-4.1317382e-11,-4.1317382e-11,0,0,1.2490609e-05,1.2490609e-05,8.6292505e-16,8.6292505e-16,1.3843344e-11,1.3843344e-11,1.3843339e-11,1.3843339e-11,2.8665582e-18,2.8665582e-18,-2.3413251e-10,-2.3413251e-10,-4.1317404e-11,-4.1317404e-11,-2.3413246e-10,-2.3413246e-10,-4.1317431e-11,-4.1317431e-11,-5.6881529e-17,-5.6881529e-17,2.6409695e-17,2.6409695e-17,-2.7544989e-10,-2.7544989e-10,-3.028929e-17,-3.028929e-17,3.7159567e-12,3.7159567e-12,-1.2958557e-17,-1.2958557e-17,1.2490567e-05,1.2490567e-05,4.1318298e-11,4.1318298e-11,1.2490567e-05,1.2490567e-05,4.1318296e-11,4.1318296e-11,1.2490609e-05,1.2490609e-05,8.6136113e-16,8.6136113e-16,1.2490333e-05,1.2490333e-05,1.2490333e-05,1.2490333e-05,-4.1317435e-11,-4.1317435e-11,1.7073308e-15,1.7073308e-15,2.0536797e-18,2.0536797e-18,2.1763133e-12,2.1763133e-12,-2.1746033e-12,-2.1746033e-12,1.2490609e-05,1.2490609e-05,8.6600862e-16,8.6600862e-16,0.013367876,0.013367876,5.448054e-14,5.448054e-14,0.0066839377,0.0066839377,2.7164538e-14,2.7164538e-14,1.2490333e-05,1.2490333e-05,2.7545043e-10,2.7545043e-10,2.4980666e-06,2.4980666e-06,1.640208e-16,1.640208e-16,-2.4335035e-14,-2.4335035e-14,2.4334731e-14,2.4334731e-14,-1.0607322e-19,-1.0607322e-19,-6.6863606e-19,-6.6863606e-19,-2.7916722e-10,-2.7916722e-10,-2.1150932e-19,-2.1150932e-19,8.6958325e-19,8.6958325e-19,-2.507119e-18,-2.507119e-18,-2.7916722e-10,-2.7916722e-10,5.2360639e-11,5.2360639e-11,2.7835954e-34,2.7835954e-34
1.2490347e-05,1.2490347e-05,-1.2490347e-05,-1.2490347e-05,-4.8396074e-16,-4.8396074e-16,-8.9547114e-16,-8.9547114e-16,-1.2490347e-05,-1.2490347e-05,-2.6269389e-10,-2.6269389e-10,-3.9251507e-11,-3.9251507e-11,-2.2499423e-10,-2.2499423e-10,-3.9251507e-11,-3.9251507e-11,0,0,1.2490609e-05,1.2490609e-05,8.6433432e-16,8.6433432e-16,1.3151177e-11,1.3151177e-11,1.3151173e-11,1.3151173e-11,2.8665616e-18,2.8665616e-18,-2.2242589e-10,-2.2242589e-10,-3.9251529e-11,-3.9251529e-11,-2.2242583e-10,-2.2242583e-10,-3.9251557e-11,-3.9251557e-11,-5.7180201e-17,-5.7180201e-17,2.6546927e-17,2.6546927e-17,-2.6167739e-10,-2.6167739e-10,-3.045073e-17,-3.045073e-17,3.5300905e-12,3.5300905e-12,-1.3119997e-17,-1.3119997e-17,1.2490569e-05,1.2490569e-05,3.9252424e-11,3.9252424e-11,1.2490569e-05,1.2490569e-05,3.9252423e-11,3.9252423e-11,1.2490609e-05,1.2490609e-05,8.6277041e-16,8.6277041e-16,1.2490347e-05,1.2490347e-05,1.2490347e-05,1.2490347e-05,-3.925156e-11,-3.925156e-11,1.6218879e-15,1.6218879e-15,2.053682e-18,2.053682e-18,2.0674977e-12,2.0674977e-12,-2.0658731e-12,-2.0658731e-12,1.2490609e-05,1.2490609e-05,8.674179e-16,8.674179e-16,0.013367876,0.013367876,5.4568475e-14,5.4568475e-14,0.0066839377,0.0066839377,2.7207951e-14,2.7207951e-14,1.2490347e-05,1.2490347e-05,2.6167793e-10,2.6167793e-10,2.4980694e-06,2.4980694e-06,1.6427037e-16,1.6427037e-16,-2.4399308e-14,-2.4399308e-14,2.4399004e-14,2.4399004e-14,-1.0609012e-19,-1.0609012e-19,-6.6863606e-19,-6.6863606e-19,-2.6520886e-10,-2.6520886e-10,-2.1150983e-19,-2.1150983e-19,8.6958326e-19,8.6958326e-19,-2.507119e-18,-2.507119e-18,-2.6520886e-10,-2.6520886e-10,5.1837032e-11,5.1837032e-11,2.7836022e-34,2.7836022e-34
1.249036e-05,1.249036e-05,-1.249036e-05,-1.249036e-05,-4.8337968e-16,-4.8337968e-16,-8.9704187e-16,-8.9704187e-16,-1.249036e-05,-1.249036e-05,-2.5106719e-10,-2.5106719e-10,-3.7288926e-11,-3.7288926e-11,-2.1374452e-10,-2.1374452e-10,-3.7288926e-11,-3.7288926e-11,0,0,1.2490609e-05,1.2490609e-05,8.657436e-16,8.657436e-16,1.2493619e-11,1.2493619e-11,1.2493614e-11,1.2493614e-11,2.866565e-18,2.866565e-18,-2.113046e-10,-2.113046e-10,-3.7288948e-11,-3.7288948e-11,-2.1130455e-10,-2.1130455e-10,-3.7288976e-11,-3.7288976e-11,-5.7478876e-17,-5.7478876e-17,2.6684159e-17,2.6684159e-17,-2.4859352e-10,-2.4859352e-10,-3.0612172e-17,-3.0612172e-17,3.3535176e-12,3.3535176e-12,-1.3281439e-17,-1.3281439e-17,1.2490571e-05,1.2490571e-05,3.7289845e-11,3.7289845e-11,1.2490571e-05,1.2490571e-05,3.7289843e-11,3.7289843e-11,1.2490609e-05,1.2490609e-05,8.6417968e-16,8.6417968e-16,1.249036e-05,1.249036e-05,1.249036e-05,1.249036e-05,-3.7288979e-11,-3.7288979e-11,1.5407171e-15,1.5407171e-15,2.0536842e-18,2.0536842e-18,1.9641228e-12,1.9641228e-12,-1.9625794e-12,-1.9625794e-12,1.2490609e-05,1.2490609e-05,8.6882719e-16,8.6882719e-16,0.013367876,0.013367876,5.4656411e-14,5.4656411e-14,0.0066839377,0.0066839377,2.7251363e-14,2.7251363e-14,1.249036e-05,1.249036e-05,2.4859406e-10,2.4859406e-10,2.498072e-06,2.498072e-06,1.6451994e-16,1.6451994e-16,-2.4463582e-14,-2.4463582e-14,2.4463276e-14,2.4463276e-14,-1.0610662e-19,-1.0610662e-19,-6.6863605e-19,-6.6863605e-19,-2.5194842e-10,-2.5194842e-10,-2.1151032e-19,-2.1151032e-19,8.6958326e-19,8.6958326e-19,-2.507119e-18,-2.507119e-18,-2.5194842e-10,-2.5194842e-10,5.1318662e-11,5.1318662e-11,2.7836087e-34,2.7836087e-34
1.2490372e-05,1.2490372e-05,-1.2490372e-05,-1.2490372e-05,-4.8279692e-16,-4.8279692e-16,-8.986126e-16,-8.986126e-16,-1.2490372e-05,-1.2490372e-05,-2.4000674e-10,-2.4000674e-10,-3.5424474e-11,-3.5424474e-11,-2.030573e-10,-2.030573e-10,-3.5424474e-11,-3.5424474e-11,0,0,1.2490609e-05,1.2490609e-05,8.6715288e-16,8.6715288e-16,1.1868938e-11,1.1868938e-11,1.1868934e-11,1.1868934e-11,2.8665683e-18,2.8665683e-18,-2.0073938e-10,-2.0073938e-10,-3.5424496e-11,-3.5424496e-11,-2.0073932e-10,-2.0073932e-10,-3.5424524e-11,-3.5424524e-11,-5.7777552e-17,-5.7777552e-17,2.6821393e-17,2.6821393e-17,-2.3616385e-10,-2.3616385e-10,-3.0773616e-17,-3.0773616e-17,3.1857734e-12,3.1857734e-12,-1.3442882e-17,-1.3442882e-17,1.2490573e-05,1.2490573e-05,3.5425395e-11,3.5425395e-11,1.2490573e-05,1.2490573e-05,3.5425393e-11,3.5425393e-11,1.2490609e-05,1.2490609e-05,8.6558897e-16,8.6558897e-16,1.2490372e-05,1.2490372e-05,1.2490372e-05,1.2490372e-05,-3.5424528e-11,-3.5424528e-11,1.4636049e-15,1.4636049e-15,2.0536864e-18,2.0536864e-18,1.8659166e-12,1.8659166e-12,-1.8644503e-12,-1.8644503e-12,1.2490609e-05,1.2490609e-05,8.7023647e-16,8.7023647e-16,0.013367876,0.013367876,5.4744347e-14,5.4744347e-14,0.0066839377,0.0066839377,2.7294776e-14,2.7294776e-14,1.2490372e-05,1.2490372e-05,2.3616439e-10,2.3616439e-10,2.4980745e-06,2.4980745e-06,1.647695e-16,1.647695e-16,-2.4527855e-14,-2.4527855e-14,2.4527549e-14,2.4527549e-14,-1.0612274e-19,-1.0612274e-19,-6.6863605e-19,-6.6863605e-19,-2.3935099e-10,-2.3935099e-10,-2.1151079e-19,-2.1151079e-19,8.6958327e-19,8.6958327e-19,-2.507119e-18,-2.507119e-18,-2.39351e-10,-2.39351e-10,5.0805476e-11,5.0805476e-11,2.7836151e-34,2.7836151e-34
1.2490384e-05,1.2490384e-05,-1.2490384e-05,-1.2490384e-05,-4.8221586e-16,-4.8221586e-16,-9.0018333e-16,-9.0018333e-16,-1.2490384e-05,-1.2490384e-05,-2.2948439e-10,-2.2948439e-10,-3.3653245e-11,-3.3653245e-11,-1.9290444e-10,-1.9290444e-10,-3.3653245e-11,-3.3653245e-11,0,0,1.2490609e-05,1.2490609e-05,8.6856216e-16,8.6856216e-16,1.1275492e-11,1.1275492e-11,1.1275487e-11,1.1275487e-11,2.8665715e-18,2.8665715e-18,-1.9070241e-10,-1.9070241e-10,-3.3653267e-11,-3.3653267e-11,-1.9070236e-10,-1.9070236e-10,-3.3653295e-11,-3.3653295e-11,-5.8076232e-17,-5.8076232e-17,2.6958627e-17,2.6958627e-17,-2.2435565e-10,-2.2435565e-10,-3.0935061e-17,-3.0935061e-17,3.0264164e-12,3.0264164e-12,-1.3604326e-17,-1.3604326e-17,1.2490575e-05,1.2490575e-05,3.3654167e-11,3.3654167e-11,1.2490575e-05,1.2490575e-05,3.3654165e-11,3.3654165e-11,1.2490609e-05,1.2490609e-05,8.6699825e-16,8.6699825e-16,1.2490384e-05,1.2490384e-05,1.2490384e-05,1.2490384e-05,-3.3653298e-11,-3.3653298e-11,1.3903482e-15,1.3903482e-15,2.0536885e-18,2.0536885e-18,1.7726208e-12,1.7726208e-12,-1.7712278e-12,-1.7712278e-12,1.2490609e-05,1.2490609e-05,8.7164576e-16,8.7164576e-16,0.013367876,0.013367876,5.4832283e-14,5.4832283e-14,0.0066839377,0.0066839377,2.7338189e-14,2.7338189e-14,1.2490384e-05,1.2490384e-05,2.2435619e-10,2.2435619e-10,2.4980769e-06,2.4980769e-06,1.6501907e-16,1.6501907e-16,-2.4592129e-14,-2.4592129e-14,2.4591821e-14,2.4591821e-14,-1.0613849e-19,-1.0613849e-19,-6.6863605e-19,-6.6863605e-19,-2.2738344e-10,-2.2738344e-10,-2.1151123e-19,-2.1151123e-19,8.6958327e-19,8.6958327e-19,-2.5071191e-18,-2.5071191e-18,-2.2738345e-10,-2.2738345e-10,5.0297421e-11,5.0297421e-11,2.7836214e-34,2.7836214e-34
1.2490395e-05,1.2490395e-05,-1.2490395e-05,-1.2490395e-05,-4.816331e-16,-4.816331e-16,-9.0175407e-16,-9.0175407e-16,-1.2490395e-05,-1.2490395e-05,-2.1947337e-10,-2.1947337e-10,-3.1970577e-11,-3.1970577e-11,-1.8325923e-10,-1.8325923e-10,-3.1970577e-11,-3.1970577e-11,0,0,1.2490609e-05,1.2490609e-05,8.6997145e-16,8.6997145e-16,1.0711718e-11,1.0711718e-11,1.0711713e-11,1.0711713e-11,2.8665746e-18,2.8665746e-18,-1.811673e-10,-1.811673e-10,-3.1970599e-11,-3.1970599e-11,-1.8116724e-10,-1.8116724e-10,-3.1970627e-11,-3.1970627e-11,-5.8374913e-17,-5.8374913e-17,2.7095863e-17,2.7095863e-17,-2.1313787e-10,-2.1313787e-10,-3.1096507e-17,-3.1096507e-17,2.8750273e-12,2.8750273e-12,-1.3765772e-17,-1.3765772e-17,1.2490577e-05,1.2490577e-05,3.1971501e-11,3.1971501e-11,1.2490577e-05,1.2490577e-05,3.1971499e-11,3.1971499e-11,1.2490609e-05,1.2490609e-05,8.6840753e-16,8.6840753e-16,1.2490395e-05,1.2490395e-05,1.2490395e-05,1.2490395e-05,-3.1970631e-11,-3.1970631e-11,1.3207543e-15,1.3207543e-15,2.0536906e-18,2.0536906e-18,1.6839898e-12,1.6839898e-12,-1.6826663e-12,-1.6826663e-12,1.2490609e-05,1.2490609e-05,8.7305505e-16,8.7305505e-16,0.013367876,0.013367876,5.4920219e-14,5.4920219e-14,0.0066839377,0.0066839377,2.7381602e-14,2.7381602e-14,1.2490395e-05,1.2490395e-05,2.1313841e-10,2.1313841e-10,2.4980791e-06,2.4980791e-06,1.6526864e-16,1.6526864e-16,-2.4656402e-14,-2.4656402e-14,2.4656094e-14,2.4656094e-14,-1.0615388e-19,-1.0615388e-19,-6.6863605e-19,-6.6863605e-19,-2.1601427e-10,-2.1601427e-10,-2.1151165e-19,-2.1151165e-19,8.6958328e-19,8.6958328e-19,-2.5071191e-18,-2.5071191e-18,-2.1601428e-10,-2.1601428e-10,4.9794447e-11,4.9794447e-11,2.7836275e-34,2.7836275e-34
1.2490406e-05,1.2490406e-05,-1.2490406e-05,-1.2490406e-05,-4.8105034e-16,-4.8105034e-16,-9.0332481e-16,-9.0332481e-16,-1.2490406e-05,-1.2490406e-05,-2.0994827e-10,-2.0994827e-10,-3.0372042e-11,-3.0372042e-11,-1.7409627e-10,-1.7409627e-10,-3.0372042e-11,-3.0372042e-11,0,0,1.2490609e-05,1.2490609e-05,8.7138073e-16,8.7138073e-16,1.0176132e-11,1.0176132e-11,1.0176128e-11,1.0176128e-11,2.8665777e-18,2.8665777e-18,-1.7210894e-10,-1.7210894e-10,-3.0372065e-11,-3.0372065e-11,-1.7210888e-10,-1.7210888e-10,-3.0372093e-11,-3.0372093e-11,-5.8673597e-17,-5.8673597e-17,2.7233099e-17,2.7233099e-17,-2.0248098e-10,-2.0248098e-10,-3.1257954e-17,-3.1257954e-17,2.7312076e-12,2.7312076e-12,-1.3927218e-17,-1.3927218e-17,1.2490578e-05,1.2490578e-05,3.0372968e-11,3.0372968e-11,1.2490578e-05,1.2490578e-05,3.0372966e-11,3.0372966e-11,1.2490609e-05,1.2490609e-05,8.6981682e-16,8.6981682e-16,1.2490406e-05,1.2490406e-05,1.2490406e-05,1.2490406e-05,-3.0372096e-11,-3.0372096e-11,1.25464e-15,1.25464e-15,2.0536927e-18,2.0536927e-18,1.5997903e-12,1.5997903e-12,-1.5985329e-12,-1.5985329e-12,1.2490609e-05,1.2490609e-05,8.7446435e-16,8.7446435e-16,0.013367876,0.013367876,5.5008156e-14,5.5008156e-14,0.0066839377,0.0066839377,2.7425014e-14,2.7425014e-14,1.2490406e-05,1.2490406e-05,2.0248152e-10,2.0248152e-10,2.4980812e-06,2.4980812e-06,1.6551821e-16,1.6551821e-16,-2.4720676e-14,-2.4720676e-14,2.4720367e-14,2.4720367e-14,-1.0616892e-19,-1.0616892e-19,-6.6863605e-19,-6.6863605e-19,-2.0521356e-10,-2.0521356e-10,-2.1151206e-19,-2.1151206e-19,8.6958328e-19,8.6958328e-19,-2.5071191e-18,-2.5071191e-18,-2.0521356e-10,-2.0521356e-10,4.9296502e-11,4.9296502e-11,2.7836335e-34,2.7836335e-34
1.2490416e-05,1.2490416e-05,-1.2490416e-05,-1.2490416e-05,-4.8047097e-16,-4.8047097e-16,-9.0489556e-16,-9.0489556e-16,-1.2490416e-05,-1.2490416e-05,-2.0088494e-10,-2.0088494e-10,-2.8853434e-11,-2.8853434e-11,-1.6539146e-10,-1.6539146e-10,-2.8853434e-11,-2.8853434e-11,0,0,1.2490609e-05,1.2490609e-05,8.7279002e-16,8.7279002e-16,9.6673263e-12,9.6673263e-12,9.6673215e-12,9.6673215e-12,2.8665807e-18,2.8665807e-18,-1.635035e-10,-1.635035e-10,-2.8853457e-11,-2.8853457e-11,-1.6350344e-10,-1.6350344e-10,-2.8853485e-11,-2.8853485e-11,-5.8972282e-17,-5.8972282e-17,2.7370336e-17,2.7370336e-17,-1.9235693e-10,-1.9235693e-10,-3.1419402e-17,-3.1419402e-17,2.594579e-12,2.594579e-12,-1.4088666e-17,-1.4088666e-17,1.249058e-05,1.249058e-05,2.8854362e-11,2.8854362e-11,1.249058e-05,1.249058e-05,2.885436e-11,2.885436e-11,1.2490609e-05,1.2490609e-05,8.7122611e-16,8.7122611e-16,1.2490416e-05,1.2490416e-05,1.2490416e-05,1.2490416e-05,-2.8853489e-11,-2.8853489e-11,1.1918314e-15,1.1918314e-15,2.0536947e-18,2.0536947e-18,1.5198008e-12,1.5198008e-12,-1.5186062e-12,-1.5186062e-12,1.2490609e-05,1.2490609e-05,8.7587364e-16,8.7587364e-16,0.013367876,0.013367876,5.5096092e-14,5.5096092e-14,0.0066839377,0.0066839377,2.7468427e-14,2.7468427e-14,1.2490416e-05,1.2490416e-05,1.9235747e-10,1.9235747e-10,2.4980833e-06,2.4980833e-06,1.6576777e-16,1.6576777e-16,-2.4784949e-14,-2.4784949e-14,2.478464e-14,2.478464e-14,-1.0618361e-19,-1.0618361e-19,-6.6863605e-19,-6.6863605e-19,-1.9495288e-10,-1.9495288e-10,-2.1151244e-19,-2.1151244e-19,8.6958329e-19,8.6958329e-19,-2.5071191e-18,-2.5071191e-18,-1.9495288e-10,-1.9495288e-10,4.8803537e-11,4.8803537e-11,2.7836393e-34,2.7836393e-34
1.2490426e-05,1.2490426e-05,-1.2490426e-05,-1.2490426e-05,-4.7988821e-16,-4.7988821e-16,-9.0646631e-16,-9.0646631e-16,-1.2490426e-05,-1.2490426e-05,-1.9226044e-10,-1.9226044e-10,-2.7410756e-11,-2.7410756e-11,-1.571219e-10,-1.571219e-10,-2.7410756e-11,-2.7410756e-11,0,0,1.2490609e-05,1.2490609e-05,8.7419931e-16,8.7419931e-16,9.1839604e-12,9.1839604e-12,9.1839556e-12,9.1839556e-12,2.8665836e-18,2.8665836e-18,-1.5532833e-10,-1.5532833e-10,-2.7410779e-11,-2.7410779e-11,-1.5532827e-10,-1.5532827e-10,-2.7410808e-11,-2.7410808e-11,-5.927097e-17,-5.927097e-17,2.7507575e-17,2.7507575e-17,-1.8273908e-10,-1.8273908e-10,-3.1580852e-17,-3.1580852e-17,2.4647817e-12,2.4647817e-12,-1.4250116e-17,-1.4250116e-17,1.2490581e-05,1.2490581e-05,2.7411686e-11,2.7411686e-11,1.2490581e-05,1.2490581e-05,2.7411684e-11,2.7411684e-11,1.2490609e-05,1.2490609e-05,8.726354e-16,8.726354e-16,1.2490426e-05,1.2490426e-05,1.2490426e-05,1.2490426e-05,-2.7410812e-11,-2.7410812e-11,1.1321632e-15,1.1321632e-15,2.0536966e-18,2.0536966e-18,1.4438107e-12,1.4438107e-12,-1.4426759e-12,-1.4426759e-12,1.2490609e-05,1.2490609e-05,8.7728294e-16,8.7728294e-16,0.013367876,0.013367876,5.5184029e-14,5.5184029e-14,0.0066839377,0.0066839377,2.751184e-14,2.751184e-14,1.2490426e-05,1.2490426e-05,1.8273962e-10,1.8273962e-10,2.4980852e-06,2.4980852e-06,1.6601734e-16,1.6601734e-16,-2.4849223e-14,-2.4849223e-14,2.4848913e-14,2.4848913e-14,-1.0619796e-19,-1.0619796e-19,-6.6863604e-19,-6.6863604e-19,-1.8520524e-10,-1.8520524e-10,-2.1151281e-19,-2.1151281e-19,8.6958329e-19,8.6958329e-19,-2.5071191e-18,-2.5071191e-18,-1.8520524e-10,-1.8520524e-10,4.8315502e-11,4.8315502e-11,2.783645e-34,2.783645e-34
1.2490435e-05,1.2490435e-05,-1.2490435e-05,-1.2490435e-05,-4.7930545e-16,-4.7930545e-16,-9.0803706e-16,-9.0803706e-16,-1.2490435e-05,-1.2490435e-05,-1.8405297e-10,-1.8405297e-10,-2.6040213e-11,-2.6040213e-11,-1.4926581e-10,-1.4926581e-10,-2.6040213e-11,-2.6040213e-11,0,0,1.2490609e-05,1.2490609e-05,8.7560861e-16,8.7560861e-16,8.7247629e-12,8.7247629e-12,8.7247581e-12,8.7247581e-12,2.8665865e-18,2.8665865e-18,-1.4756192e-10,-1.4756192e-10,-2.6040236e-11,-2.6040236e-11,-1.4756186e-10,-1.4756186e-10,-2.6040265e-11,-2.6040265e-11,-5.956966e-17,-5.956966e-17,2.7644814e-17,2.7644814e-17,-1.7360213e-10,-1.7360213e-10,-3.1742302e-17,-3.1742302e-17,2.3414744e-12,2.3414744e-12,-1.4411566e-17,-1.4411566e-17,1.2490583e-05,1.2490583e-05,2.6041144e-11,2.6041144e-11,1.2490583e-05,1.2490583e-05,2.6041142e-11,2.6041142e-11,1.2490609e-05,1.2490609e-05,8.7404469e-16,8.7404469e-16,1.2490435e-05,1.2490435e-05,1.2490435e-05,1.2490435e-05,-2.6040268e-11,-2.6040268e-11,1.0754784e-15,1.0754784e-15,2.0536985e-18,2.0536985e-18,1.3716202e-12,1.3716202e-12,-1.370542e-12,-1.370542e-12,1.2490609e-05,1.2490609e-05,8.7869224e-16,8.7869224e-16,0.013367876,0.013367876,5.5271965e-14,5.5271965e-14,0.0066839377,0.0066839377,2.7555253e-14,2.7555253e-14,1.2490435e-05,1.2490435e-05,1.7360267e-10,1.7360267e-10,2.498087e-06,2.498087e-06,1.6626691e-16,1.6626691e-16,-2.4913497e-14,-2.4913497e-14,2.4913186e-14,2.4913186e-14,-1.0621199e-19,-1.0621199e-19,-6.6863604e-19,-6.6863604e-19,-1.7594497e-10,-1.7594497e-10,-2.1151315e-19,-2.1151315e-19,8.6958329e-19,8.6958329e-19,-2.5071191e-18,-2.5071191e-18,-1.7594498e-10,-1.7594498e-10,4.7832347e-11,4.7832347e-11,2.7836505e-34,2.7836505e-34
1.2490444e-05,1.2490444e-05,-1.2490444e-05,-1.2490444e-05,-4.7872269e-16,-4.7872269e-16,-9.0960781e-16,-9.0960781e-16,-1.2490444e-05,-1.2490444e-05,-1.7624181e-10,-1.7624181e-10,-2.4738196e-11,-2.4738196e-11,-1.4180252e-10,-1.4180252e-10,-2.4738196e-11,-2.4738196e-11,0,0,1.2490609e-05,1.2490609e-05,8.770179e-16,8.770179e-16,8.2885252e-12,8.2885252e-12,8.2885204e-12,8.2885204e-12,2.8665893e-18,2.8665893e-18,-1.4018383e-10,-1.4018383e-10,-2.4738219e-11,-2.4738219e-11,-1.4018377e-10,-1.4018377e-10,-2.4738248e-11,-2.4738248e-11,-5.9868352e-17,-5.9868352e-17,2.7782053e-17,2.7782053e-17,-1.6492202e-10,-1.6492202e-10,-3.1903754e-17,-3.1903754e-17,2.2243324e-12,2.2243324e-12,-1.4573018e-17,-1.4573018e-17,1.2490584e-05,1.2490584e-05,2.4739129e-11,2.4739129e-11,1.2490584e-05,1.2490584e-05,2.4739127e-11,2.4739127e-11,1.2490609e-05,1.2490609e-05,8.7545399e-16,8.7545399e-16,1.2490444e-05,1.2490444e-05,1.2490444e-05,1.2490444e-05,-2.4738252e-11,-2.4738252e-11,1.0216278e-15,1.0216278e-15,2.0537004e-18,2.0537004e-18,1.3030392e-12,1.3030392e-12,-1.3020149e-12,-1.3020149e-12,1.2490609e-05,1.2490609e-05,8.8010154e-16,8.8010154e-16,0.013367876,0.013367876,5.5359902e-14,5.5359902e-14,0.0066839377,0.0066839377,2.7598666e-14,2.7598666e-14,1.2490444e-05,1.2490444e-05,1.6492256e-10,1.6492256e-10,2.4980887e-06,2.4980887e-06,1.6651648e-16,1.6651648e-16,-2.4977771e-14,-2.4977771e-14,2.4977459e-14,2.4977459e-14,-1.0622569e-19,-1.0622569e-19,-6.6863604e-19,-6.6863604e-19,-1.6714772e-10,-1.6714772e-10,-2.1151349e-19,-2.1151349e-19,8.695833e-19,8.695833e-19,-2.5071192e-18,-2.5071192e-18,-1.6714773e-10,-1.6714773e-10,4.7354023e-11,4.7354023e-11,2.783656e-34,2.783656e-34
1.2490452e-05,1.2490452e-05,-1.2490452e-05,-1.2490452e-05,-4.7814163e-16,-4.7814163e-16,-9.1117856e-16,-9.1117856e-16,-1.2490452e-05,-1.2490452e-05,-1.688073e-10,-1.688073e-10,-2.3501281e-11,-2.3501281e-11,-1.347124e-10,-1.347124e-10,-2.3501281e-11,-2.3501281e-11,0,0,1.2490609e-05,1.2490609e-05,8.784272e-16,8.784272e-16,7.8740994e-12,7.8740994e-12,7.8740946e-12,7.8740946e-12,2.866592e-18,2.866592e-18,-1.3317464e-10,-1.3317464e-10,-2.3501304e-11,-2.3501304e-11,-1.3317458e-10,-1.3317458e-10,-2.3501333e-11,-2.3501333e-11,-6.0167045e-17,-6.0167045e-17,2.7919294e-17,2.7919294e-17,-1.5667592e-10,-1.5667592e-10,-3.2065207e-17,-3.2065207e-17,2.1130475e-12,2.1130475e-12,-1.473447e-17,-1.473447e-17,1.2490585e-05,1.2490585e-05,2.3502215e-11,2.3502215e-11,1.2490585e-05,1.2490585e-05,2.3502213e-11,2.3502213e-11,1.2490609e-05,1.2490609e-05,8.7686328e-16,8.7686328e-16,1.2490452e-05,1.2490452e-05,1.2490452e-05,1.2490452e-05,-2.3501336e-11,-2.3501336e-11,9.7046968e-16,9.7046968e-16,2.0537022e-18,2.0537022e-18,1.2378872e-12,1.2378872e-12,-1.2369141e-12,-1.2369141e-12,1.2490609e-05,1.2490609e-05,8.8151084e-16,8.8151084e-16,0.013367876,0.013367876,5.5447839e-14,5.5447839e-14,0.0066839377,0.0066839377,2.7642079e-14,2.7642079e-14,1.2490452e-05,1.2490452e-05,1.5667646e-10,1.5667646e-10,2.4980904e-06,2.4980904e-06,1.6676605e-16,1.6676605e-16,-2.5042045e-14,-2.5042045e-14,2.5041732e-14,2.5041732e-14,-1.0623907e-19,-1.0623907e-19,-6.6863604e-19,-6.6863604e-19,-1.5879034e-10,-1.5879034e-10,-2.115138e-19,-2.115138e-19,8.695833e-19,8.695833e-19,-2.5071192e-18,-2.5071192e-18,-1.5879034e-10,-1.5879034e-10,4.6880483e-11,4.6880483e-11,2.7836613e-34,2.7836613e-34
1.249046e-05,1.249046e-05,-1.249046e-05,-1.249046e-05,-4.7755887e-16,-4.7755887e-16,-9.1274932e-16,-9.1274932e-16,-1.249046e-05,-1.249046e-05,-1.6173074e-10,-1.6173074e-10,-2.2326211e-11,-2.2326211e-11,-1.2797679e-10,-1.2797679e-10,-2.2326211e-11,-2.2326211e-11,0,0,1.2490609e-05,1.2490609e-05,8.798365e-16,8.798365e-16,7.4803949e-12,7.4803949e-12,7.4803901e-12,7.4803901e-12,2.8665946e-18,2.8665946e-18,-1.2651592e-10,-1.2651592e-10,-2.2326234e-11,-2.2326234e-11,-1.2651586e-10,-1.2651586e-10,-2.2326263e-11,-2.2326263e-11,-6.0465741e-17,-6.0465741e-17,2.8056536e-17,2.8056536e-17,-1.4884212e-10,-1.4884212e-10,-3.2226661e-17,-3.2226661e-17,2.0073269e-12,2.0073269e-12,-1.4895924e-17,-1.4895924e-17,1.2490586e-05,1.2490586e-05,2.2327146e-11,2.2327146e-11,1.2490586e-05,1.2490586e-05,2.2327145e-11,2.2327145e-11,1.2490609e-05,1.2490609e-05,8.7827258e-16,8.7827258e-16,1.249046e-05,1.249046e-05,1.249046e-05,1.249046e-05,-2.2326267e-11,-2.2326267e-11,9.2186942e-16,9.2186942e-16,2.053704e-18,2.053704e-18,1.1759929e-12,1.1759929e-12,-1.1750683e-12,-1.1750683e-12,1.2490609e-05,1.2490609e-05,8.8292014e-16,8.8292014e-16,0.013367876,0.013367876,5.5535776e-14,5.5535776e-14,0.0066839377,0.0066839377,2.7685493e-14,2.7685493e-14,1.249046e-05,1.249046e-05,1.4884266e-10,1.4884266e-10,2.498092e-06,2.498092e-06,1.6701562e-16,1.6701562e-16,-2.5106319e-14,-2.5106319e-14,2.5106006e-14,2.5106006e-14,-1.0625215e-19,-1.0625215e-19,-6.6863604e-19,-6.6863604e-19,-1.5085082e-10,-1.5085082e-10,-2.115141e-19,-2.115141e-19,8.695833e-19,8.695833e-19,-2.5071192e-18,-2.5071192e-18,-1.5085082e-10,-1.5085082e-10,4.6411678e-11,4.6411678e-11,2.7836665e-34,2.7836665e-34
1.2490467e-05,1.2490467e-05,-1.2490467e-05,-1.2490467e-05,-4.769795e-16,-4.769795e-16,-9.1432008e-16,-9.1432008e-16,-1.2490467e-05,-1.2490467e-05,-1.5499436e-10,-1.5499436e-10,-2.1209894e-11,-2.1209894e-11,-1.2157795e-10,-1.2157795e-10,-2.1209894e-11,-2.1209894e-11,0,0,1.2490609e-05,1.2490609e-05,8.812458e-16,8.812458e-16,7.1063756e-12,7.1063756e-12,7.1063708e-12,7.1063708e-12,2.8665972e-18,2.8665972e-18,-1.2019013e-10,-1.2019013e-10,-2.1209917e-11,-2.1209917e-11,-1.2019007e-10,-1.2019007e-10,-2.1209947e-11,-2.1209947e-11,-6.0764438e-17,-6.0764438e-17,2.8193778e-17,2.8193778e-17,-1.4140002e-10,-1.4140002e-10,-3.2388116e-17,-3.2388116e-17,1.9068923e-12,1.9068923e-12,-1.5057379e-17,-1.5057379e-17,1.2490587e-05,1.2490587e-05,2.1210832e-11,2.1210832e-11,1.2490587e-05,1.2490587e-05,2.121083e-11,2.121083e-11,1.2490609e-05,1.2490609e-05,8.7968188e-16,8.7968188e-16,1.2490467e-05,1.2490467e-05,1.2490467e-05,1.2490467e-05,-2.120995e-11,-2.120995e-11,8.7569913e-16,8.7569913e-16,2.0537057e-18,2.0537057e-18,1.1171932e-12,1.1171932e-12,-1.1163148e-12,-1.1163148e-12,1.2490609e-05,1.2490609e-05,8.8432945e-16,8.8432945e-16,0.013367876,0.013367876,5.5623713e-14,5.5623713e-14,0.0066839377,0.0066839377,2.7728906e-14,2.7728906e-14,1.2490467e-05,1.2490467e-05,1.4140055e-10,1.4140055e-10,2.4980934e-06,2.4980934e-06,1.6726519e-16,1.6726519e-16,-2.5170593e-14,-2.5170593e-14,2.5170279e-14,2.5170279e-14,-1.0626492e-19,-1.0626492e-19,-6.6863604e-19,-6.6863604e-19,-1.4330828e-10,-1.4330828e-10,-2.1151439e-19,-2.1151439e-19,8.6958331e-19,8.6958331e-19,-2.5071192e-18,-2.5071192e-18,-1.4330828e-10,-1.4330828e-10,4.5947561e-11,4.5947561e-11,2.7836715e-34,2.7836715e-34
1.2490474e-05,1.2490474e-05,-1.2490474e-05,-1.2490474e-05,-4.7639505e-16,-4.7639505e-16,-9.1589085e-16,-9.1589085e-16,-1.2490474e-05,-1.2490474e-05,-1.4858131e-10,-1.4858131e-10,-2.0149393e-11,-2.0149393e-11,-1.1549906e-10,-1.1549906e-10,-2.0149393e-11,-2.0149393e-11,0,0,1.2490609e-05,1.2490609e-05,8.826551e-16,8.826551e-16,6.7510573e-12,6.7510573e-12,6.7510525e-12,6.7510525e-12,2.8665998e-18,2.8665998e-18,-1.1418063e-10,-1.1418063e-10,-2.0149417e-11,-2.0149417e-11,-1.1418057e-10,-1.1418057e-10,-2.0149446e-11,-2.0149446e-11,-6.1063137e-17,-6.1063137e-17,2.8331021e-17,2.8331021e-17,-1.3433001e-10,-1.3433001e-10,-3.2549573e-17,-3.2549573e-17,1.8114795e-12,1.8114795e-12,-1.5218835e-17,-1.5218835e-17,1.2490588e-05,1.2490588e-05,2.0150333e-11,2.0150333e-11,1.2490588e-05,1.2490588e-05,2.0150331e-11,2.0150331e-11,1.2490609e-05,1.2490609e-05,8.8109118e-16,8.8109118e-16,1.2490474e-05,1.2490474e-05,1.2490474e-05,1.2490474e-05,-2.014945e-11,-2.014945e-11,8.3183731e-16,8.3183731e-16,2.0537074e-18,2.0537074e-18,1.0613336e-12,1.0613336e-12,-1.060499e-12,-1.060499e-12,1.2490609e-05,1.2490609e-05,8.8573875e-16,8.8573875e-16,0.013367876,0.013367876,5.571165e-14,5.571165e-14,0.0066839377,0.0066839377,2.7772319e-14,2.7772319e-14,1.2490474e-05,1.2490474e-05,1.3433055e-10,1.3433055e-10,2.4980949e-06,2.4980949e-06,1.6751476e-16,1.6751476e-16,-2.5234868e-14,-2.5234868e-14,2.5234552e-14,2.5234552e-14,-1.0627741e-19,-1.0627741e-19,-6.6863604e-19,-6.6863604e-19,-1.3614287e-10,-1.3614287e-10,-2.1151466e-19,-2.1151466e-19,8.6958331e-19,8.6958331e-19,-2.5071192e-18,-2.5071192e-18,-1.3614287e-10,-1.3614287e-10,4.5488086e-11,4.5488086e-11,2.7836765e-34,2.7836765e-34
1.2490481e-05,1.2490481e-05,-1.2490481e-05,-1.2490481e-05,-4.7581059e-16,-4.7581059e-16,-9.1746162e-16,-9.1746162e-16,-1.2490481e-05,-1.2490481e-05,-1.4247554e-10,-1.4247554e-10,-1.9141918e-11,-1.9141918e-11,-1.0972412e-10,-1.0972412e-10,-1.9141918e-11,-1.9141918e-11,0,0,1.2490609e-05,1.2490609e-05,8.840644e-16,8.840644e-16,6.4135049e-12,6.4135049e-12,6.4135001e-12,6.4135001e-12,2.8666023e-18,2.8666023e-18,-1.084716e-10,-1.084716e-10,-1.9141941e-11,-1.9141941e-11,-1.0847154e-10,-1.0847154e-10,-1.9141971e-11,-1.9141971e-11,-6.1361838e-17,-6.1361838e-17,2.8468265e-17,2.8468265e-17,-1.2761351e-10,-1.2761351e-10,-3.271103e-17,-3.271103e-17,1.7208373e-12,1.7208373e-12,-1.5380292e-17,-1.5380292e-17,1.2490589e-05,1.2490589e-05,1.9142859e-11,1.9142859e-11,1.2490589e-05,1.2490589e-05,1.9142857e-11,1.9142857e-11,1.2490609e-05,1.2490609e-05,8.8250048e-16,8.8250048e-16,1.2490481e-05,1.2490481e-05,1.2490481e-05,1.2490481e-05,-1.9141975e-11,-1.9141975e-11,7.9016855e-16,7.9016855e-16,2.0537091e-18,2.0537091e-18,1.0082669e-12,1.0082669e-12,-1.007474e-12,-1.007474e-12,1.2490609e-05,1.2490609e-05,8.8714806e-16,8.8714806e-16,0.013367876,0.013367876,5.5799587e-14,5.5799587e-14,0.0066839377,0.0066839377,2.7815732e-14,2.7815732e-14,1.2490481e-05,1.2490481e-05,1.2761405e-10,1.2761405e-10,2.4980962e-06,2.4980962e-06,1.6776432e-16,1.6776432e-16,-2.5299142e-14,-2.5299142e-14,2.5298826e-14,2.5298826e-14,-1.062896e-19,-1.062896e-19,-6.6863603e-19,-6.6863603e-19,-1.2933572e-10,-1.2933572e-10,-2.1151492e-19,-2.1151492e-19,8.6958331e-19,8.6958331e-19,-2.5071192e-18,-2.5071192e-18,-1.2933573e-10,-1.2933573e-10,4.5033205e-11,4.5033205e-11,2.7836813e-34,2.7836813e-34
